
<---侠客行: MudOs v22pre11 (by wwj,Jan  1 1999) startup on Microsoft Windows 98 at Sun Dec 31 08:53:21 2000

using config file: D:\xkx\xkx\config.xkx
Can't find "mudos", ignoring old binaries.
Try invoking the driver using the full pathname.
System Error: init_addr_server: connect: WSAECONNREFUSED
]simul_efun loaded successfully.

Loading preloaded files ...
Initializations complete.

Accepting connections on port 5555.
Initializing internal tables....

<---侠客行: MudOs v22pre11 (by wwj,Jan  1 1999) startup on Microsoft Windows 98 at Sun Dec 31 09:00:26 2000

using config file: D:\xkx\xkx\config.xkx
Can't find "mudos", ignoring old binaries.
Try invoking the driver using the full pathname.
System Error: init_addr_server: connect: WSAECONNREFUSED
]simul_efun loaded successfully.

Loading preloaded files ...
Initializations complete.

Accepting connections on port 5555.

执行时段错误：*Denied write permission in save_object().

程式：feature/save.c 第 10 行
物件: clone/user/login#0
呼叫来自：adm/daemons/logind.c 的 get_gender() 第 485 行，物件： adm/daemons/logind
呼叫来自：adm/daemons/logind.c 的 enter_world() 第 553 行，物件： adm/daemons/logind
呼叫来自：feature/save.c 的 save() 第 10 行，物件： clone/user/login#0

执行时段错误：*Inherited file '/std/room' does not exist!

程式：feature/move.c 第 62 行
物件: clone/user/user#1 ("玫儿")
呼叫来自：adm/daemons/natured.c 的 update_day_phase() 第 75 行，物件： adm/daemons/natured
呼叫来自：adm/daemons/natured.c 的 event_common() 第 119 行，物件： adm/daemons/natured
呼叫来自：feature/move.c 的 move() 第 62 行，物件： clone/user/user#1 ("玫儿")
Initializing internal tables....

<---侠客行: MudOs v22pre11 (by wwj,Jan  1 1999) startup on Microsoft Windows 98 at Sun Dec 31 09:01:26 2000

using config file: D:\xkx\xkx\config.xkx
Can't find "mudos", ignoring old binaries.
Try invoking the driver using the full pathname.
System Error: init_addr_server: connect: WSAECONNREFUSED
]simul_efun loaded successfully.

Loading preloaded files ...
Initializations complete.

Accepting connections on port 5555.
Initializing internal tables....

<---侠客行: MudOs v22pre11 (by wwj,Jan  1 1999) startup on Microsoft Windows 98 at Sun Dec 31 09:01:46 2000

using config file: D:\xkx\xkx\config.xkx
Can't find "mudos", ignoring old binaries.
Try invoking the driver using the full pathname.
System Error: init_addr_server: connect: WSAECONNREFUSED
]simul_efun loaded successfully.

Loading preloaded files ...
Initializations complete.

Accepting connections on port 5555.
Initializing internal tables....

<---侠客行: MudOs v22pre11 (by wwj,Jan  1 1999) startup on Microsoft Windows 98 at Sun Dec 31 09:02:27 2000

using config file: D:\xkx\xkx\config.xkx
Can't find "mudos", ignoring old binaries.
Try invoking the driver using the full pathname.
System Error: init_addr_server: connect: WSAECONNREFUSED
]simul_efun loaded successfully.

Loading preloaded files ...
Initializations complete.

Accepting connections on port 5555.
Initializing internal tables....

<---侠客行: MudOs v22pre11 (by wwj,Jan  1 1999) startup on Microsoft Windows 98 at Sun Dec 31 09:07:34 2000

using config file: D:\xkx\xkx\config.xkx
Can't find "mudos", ignoring old binaries.
Try invoking the driver using the full pathname.
System Error: init_addr_server: connect: WSAECONNREFUSED
]simul_efun loaded successfully.

Loading preloaded files ...
错误讯息被拦截: 
执行时段错误：*Error in loading object '/adm/daemons/network/dns_master'

程式：adm/single/master.c 第 103 行
物件: adm/single/master
呼叫来自：adm/single/master.c 的 preload() 第 103 行，物件： adm/single/master
呼叫来自：adm/single/master.c 的 CATCH() 第 103 行，物件： adm/single/master
Initializations complete.

Accepting connections on port 5555.
Initializing internal tables....

<---侠客行: MudOs v22pre11 (by wwj,Jan  1 1999) startup on Microsoft Windows 98 at Sun Dec 31 09:09:30 2000

using config file: D:\xkx\xkx\config.xkx
Can't find "mudos", ignoring old binaries.
Try invoking the driver using the full pathname.
System Error: init_addr_server: connect: WSAECONNREFUSED
]simul_efun loaded successfully.

Loading preloaded files ...
错误讯息被拦截: 
执行时段错误：*Error in loading object '/adm/daemons/network/dns_master'

程式：adm/single/master.c 第 103 行
物件: adm/single/master
呼叫来自：adm/single/master.c 的 preload() 第 103 行，物件： adm/single/master
呼叫来自：adm/single/master.c 的 CATCH() 第 103 行，物件： adm/single/master
Initializations complete.

Accepting connections on port 5555.

执行时段错误：*Denied write permission in save_object().

程式：feature/save.c 第 10 行
物件: clone/user/login#0
呼叫来自：adm/daemons/logind.c 的 get_gender() 第 485 行，物件： adm/daemons/logind
呼叫来自：adm/daemons/logind.c 的 enter_world() 第 553 行，物件： adm/daemons/logind
呼叫来自：feature/save.c 的 save() 第 10 行，物件： clone/user/login#0

执行时段错误：*Inherited file '/std/room' does not exist!

程式：feature/move.c 第 62 行
物件: clone/user/user#1 ("礤轵")
呼叫来自：adm/daemons/natured.c 的 update_day_phase() 第 75 行，物件： adm/daemons/natured
呼叫来自：adm/daemons/natured.c 的 event_common() 第 119 行，物件： adm/daemons/natured
呼叫来自：feature/move.c 的 move() 第 62 行，物件： clone/user/user#1 ("礤轵")

执行时段错误：*Inherited file '/std/room' does not exist!

程式：feature/move.c 第 62 行
物件: clone/user/user#1 ("礤轵")
呼叫来自：adm/daemons/natured.c 的 update_day_phase() 第 75 行，物件： adm/daemons/natured
呼叫来自：adm/daemons/natured.c 的 event_common() 第 119 行，物件： adm/daemons/natured
呼叫来自：feature/move.c 的 move() 第 62 行，物件： clone/user/user#1 ("礤轵")
Initializing internal tables....

<---侠客行: MudOs v22pre11 (by wwj,Jan  1 1999) startup on Microsoft Windows 98 at Sun Dec 31 09:14:56 2000

using config file: D:\xkx\xkx\config.xkx
Can't find "mudos", ignoring old binaries.
Try invoking the driver using the full pathname.
System Error: init_addr_server: connect: WSAECONNREFUSED
]simul_efun loaded successfully.

Loading preloaded files ...
错误讯息被拦截: 
执行时段错误：*Error in loading object '/adm/daemons/network/dns_master'

程式：adm/single/master.c 第 103 行
物件: adm/single/master
呼叫来自：adm/single/master.c 的 preload() 第 103 行，物件： adm/single/master
呼叫来自：adm/single/master.c 的 CATCH() 第 103 行，物件： adm/single/master
Initializations complete.

Accepting connections on port 5555.
Initializing internal tables....

<---侠客行: MudOs v22pre11 (by wwj,Jan  1 1999) startup on Microsoft Windows 98 at Sun Dec 31 09:16:32 2000

using config file: D:\xkx\xkx\config.xkx
Can't find "mudos", ignoring old binaries.
Try invoking the driver using the full pathname.
System Error: init_addr_server: connect: WSAECONNREFUSED
]simul_efun loaded successfully.

Loading preloaded files ...
错误讯息被拦截: 
执行时段错误：*Value being indexed is zero.

程式：adm/daemons/network/dns_master.c 第 290 行
物件: adm/daemons/network/dns_master
呼叫来自：adm/single/master.c 的 preload() 第 103 行，物件： adm/single/master
呼叫来自：adm/single/master.c 的 CATCH() 第 103 行，物件： adm/single/master
呼叫来自：adm/daemons/network/dns_master.c 的 create() 第 862 行，物件： adm/daemons/network/dns_master
呼叫来自：adm/daemons/network/dns_master.c 的 init_database() 第 290 行，物件： adm/daemons/network/dns_master
Initializations complete.

Accepting connections on port 5555.

执行时段错误：*Denied write permission in save_object().

程式：feature/save.c 第 10 行
物件: clone/user/login#0
呼叫来自：adm/daemons/logind.c 的 get_gender() 第 485 行，物件： adm/daemons/logind
呼叫来自：adm/daemons/logind.c 的 enter_world() 第 553 行，物件： adm/daemons/logind
呼叫来自：feature/save.c 的 save() 第 10 行，物件： clone/user/login#0

执行时段错误：*Inherited file '/std/room' does not exist!

程式：feature/move.c 第 62 行
物件: clone/user/user#1 ("玫儿")
呼叫来自：adm/daemons/natured.c 的 update_day_phase() 第 75 行，物件： adm/daemons/natured
呼叫来自：adm/daemons/natured.c 的 event_common() 第 119 行，物件： adm/daemons/natured
呼叫来自：feature/move.c 的 move() 第 62 行，物件： clone/user/user#1 ("玫儿")

执行时段错误：*Denied write permission in save_object().

程式：feature/save.c 第 10 行
物件: clone/user/login#2
呼叫来自：adm/daemons/logind.c 的 get_gender() 第 485 行，物件： adm/daemons/logind
呼叫来自：adm/daemons/logind.c 的 enter_world() 第 553 行，物件： adm/daemons/logind
呼叫来自：feature/save.c 的 save() 第 10 行，物件： clone/user/login#2

执行时段错误：*Bad argument 1 to call_other()
Expected: string or array or object Got: 0.

程式：cmds/usr/save.c 第 15 行
物件: cmds/usr/save
呼叫来自：feature/command.c 的 command_hook() 第 57 行，物件： clone/user/user#3 ("令狐冲")
呼叫来自：cmds/usr/save.c 的 main() 第 15 行，物件： cmds/usr/save

执行时段错误：*Inherited file '/std/room' does not exist!

程式：feature/move.c 第 62 行
物件: clone/user/user#1 ("玫儿")
呼叫来自：adm/daemons/natured.c 的 update_day_phase() 第 75 行，物件： adm/daemons/natured
呼叫来自：adm/daemons/natured.c 的 event_common() 第 119 行，物件： adm/daemons/natured
呼叫来自：feature/move.c 的 move() 第 62 行，物件： clone/user/user#1 ("玫儿")
Initializing internal tables....

<---侠客行: MudOs v22pre11 (by wwj,Jan  1 1999) startup on Microsoft Windows 98 at Sun Dec 31 09:26:33 2000

using config file: D:\xkx\xkx\config.xkx
Can't find "mudos", ignoring old binaries.
Try invoking the driver using the full pathname.
System Error: init_addr_server: connect: WSAECONNREFUSED
]simul_efun loaded successfully.

Loading preloaded files ...
错误讯息被拦截: 
执行时段错误：*Value being indexed is zero.

程式：adm/daemons/network/dns_master.c 第 290 行
物件: adm/daemons/network/dns_master
呼叫来自：adm/single/master.c 的 preload() 第 103 行，物件： adm/single/master
呼叫来自：adm/single/master.c 的 CATCH() 第 103 行，物件： adm/single/master
呼叫来自：adm/daemons/network/dns_master.c 的 create() 第 862 行，物件： adm/daemons/network/dns_master
呼叫来自：adm/daemons/network/dns_master.c 的 init_database() 第 290 行，物件： adm/daemons/network/dns_master
Initializations complete.

Accepting connections on port 5555.

执行时段错误：*Denied write permission in save_object().

程式：feature/save.c 第 10 行
物件: clone/user/login#0
呼叫来自：adm/daemons/logind.c 的 get_gender() 第 485 行，物件： adm/daemons/logind
呼叫来自：adm/daemons/logind.c 的 enter_world() 第 553 行，物件： adm/daemons/logind
呼叫来自：feature/save.c 的 save() 第 10 行，物件： clone/user/login#0

执行时段错误：*Denied write permission in save_object().

程式：feature/save.c 第 10 行
物件: clone/user/login#1
呼叫来自：adm/daemons/logind.c 的 get_gender() 第 485 行，物件： adm/daemons/logind
呼叫来自：adm/daemons/logind.c 的 enter_world() 第 553 行，物件： adm/daemons/logind
呼叫来自：feature/save.c 的 save() 第 10 行，物件： clone/user/login#1

执行时段错误：*Inherited file '/std/room' does not exist!

程式：feature/move.c 第 62 行
物件: clone/user/user#2 ("玫儿")
呼叫来自：adm/daemons/natured.c 的 update_day_phase() 第 75 行，物件： adm/daemons/natured
呼叫来自：adm/daemons/natured.c 的 event_common() 第 119 行，物件： adm/daemons/natured
呼叫来自：feature/move.c 的 move() 第 62 行，物件： clone/user/user#2 ("玫儿")
Initializing internal tables....

<---侠客行: MudOs v22pre11 (by wwj,Jan  1 1999) startup on Microsoft Windows 98 at Sun Dec 31 09:30:14 2000

using config file: D:\xkx\xkx\config.xkx
Can't find "mudos", ignoring old binaries.
Try invoking the driver using the full pathname.
System Error: init_addr_server: connect: WSAECONNREFUSED
]simul_efun loaded successfully.

Loading preloaded files ...
错误讯息被拦截: 
执行时段错误：*Value being indexed is zero.

程式：adm/daemons/network/dns_master.c 第 290 行
物件: adm/daemons/network/dns_master
呼叫来自：adm/single/master.c 的 preload() 第 103 行，物件： adm/single/master
呼叫来自：adm/single/master.c 的 CATCH() 第 103 行，物件： adm/single/master
呼叫来自：adm/daemons/network/dns_master.c 的 create() 第 862 行，物件： adm/daemons/network/dns_master
呼叫来自：adm/daemons/network/dns_master.c 的 init_database() 第 290 行，物件： adm/daemons/network/dns_master
Initializations complete.

Accepting connections on port 5555.

执行时段错误：*Denied write permission in save_object().

程式：feature/save.c 第 9 行
物件: clone/user/login#0
呼叫来自：adm/daemons/logind.c 的 get_gender() 第 485 行，物件： adm/daemons/logind
呼叫来自：adm/daemons/logind.c 的 enter_world() 第 553 行，物件： adm/daemons/logind
呼叫来自：feature/save.c 的 save() 第 9 行，物件： clone/user/login#0

执行时段错误：*Denied write permission in save_object().

程式：feature/save.c 第 9 行
物件: clone/user/login#1
呼叫来自：adm/daemons/logind.c 的 get_gender() 第 485 行，物件： adm/daemons/logind
呼叫来自：adm/daemons/logind.c 的 enter_world() 第 553 行，物件： adm/daemons/logind
呼叫来自：feature/save.c 的 save() 第 9 行，物件： clone/user/login#1

执行时段错误：*Inherited file '/std/room' does not exist!

程式：feature/move.c 第 62 行
物件: clone/user/user#2 ("玫")
呼叫来自：adm/daemons/natured.c 的 update_day_phase() 第 75 行，物件： adm/daemons/natured
呼叫来自：adm/daemons/natured.c 的 event_common() 第 119 行，物件： adm/daemons/natured
呼叫来自：feature/move.c 的 move() 第 62 行，物件： clone/user/user#2 ("玫")

执行时段错误：*Inherited file '/std/room' does not exist!

程式：feature/move.c 第 62 行
物件: clone/user/user#2 ("玫")
呼叫来自：adm/daemons/natured.c 的 update_day_phase() 第 75 行，物件： adm/daemons/natured
呼叫来自：adm/daemons/natured.c 的 event_common() 第 119 行，物件： adm/daemons/natured
呼叫来自：feature/move.c 的 move() 第 62 行，物件： clone/user/user#2 ("玫")
Initializing internal tables....

<---侠客行: MudOs v22pre11 (by wwj,Jan  1 1999) startup on Microsoft Windows 98 at Sun Dec 31 09:35:50 2000

using config file: D:\xkx\xkx\config.xkx
Can't find "mudos", ignoring old binaries.
Try invoking the driver using the full pathname.
System Error: init_addr_server: connect: WSAECONNREFUSED
]simul_efun loaded successfully.

Loading preloaded files ...
错误讯息被拦截: 
执行时段错误：*Value being indexed is zero.

程式：adm/daemons/network/dns_master.c 第 290 行
物件: adm/daemons/network/dns_master
呼叫来自：adm/single/master.c 的 preload() 第 103 行，物件： adm/single/master
呼叫来自：adm/single/master.c 的 CATCH() 第 103 行，物件： adm/single/master
呼叫来自：adm/daemons/network/dns_master.c 的 create() 第 862 行，物件： adm/daemons/network/dns_master
呼叫来自：adm/daemons/network/dns_master.c 的 init_database() 第 290 行，物件： adm/daemons/network/dns_master
Initializations complete.

Accepting connections on port 5555.

执行时段错误：*Denied write permission in save_object().

程式：feature/save.c 第 9 行
物件: clone/user/login#0
呼叫来自：adm/daemons/logind.c 的 get_gender() 第 485 行，物件： adm/daemons/logind
呼叫来自：adm/daemons/logind.c 的 enter_world() 第 553 行，物件： adm/daemons/logind
呼叫来自：feature/save.c 的 save() 第 9 行，物件： clone/user/login#0

执行时段错误：*Inherited file '/std/room' does not exist!

程式：feature/move.c 第 62 行
物件: clone/user/user#2 ("玫儿")
呼叫来自：adm/daemons/natured.c 的 update_day_phase() 第 75 行，物件： adm/daemons/natured
呼叫来自：adm/daemons/natured.c 的 event_common() 第 119 行，物件： adm/daemons/natured
呼叫来自：feature/move.c 的 move() 第 62 行，物件： clone/user/user#2 ("玫儿")
Initializing internal tables....

<---侠客行: MudOs v22pre11 (by wwj,Jan  1 1999) startup on Microsoft Windows 98 at Sun Dec 31 09:39:51 2000

using config file: D:\xkx\xkx\config.xkx
Can't find "mudos", ignoring old binaries.
Try invoking the driver using the full pathname.
System Error: init_addr_server: connect: WSAECONNREFUSED
]simul_efun loaded successfully.

Loading preloaded files ...
错误讯息被拦截: 
执行时段错误：*Value being indexed is zero.

程式：adm/daemons/network/dns_master.c 第 290 行
物件: adm/daemons/network/dns_master
呼叫来自：adm/single/master.c 的 preload() 第 103 行，物件： adm/single/master
呼叫来自：adm/single/master.c 的 CATCH() 第 103 行，物件： adm/single/master
呼叫来自：adm/daemons/network/dns_master.c 的 create() 第 862 行，物件： adm/daemons/network/dns_master
呼叫来自：adm/daemons/network/dns_master.c 的 init_database() 第 290 行，物件： adm/daemons/network/dns_master
Initializations complete.

Accepting connections on port 5555.

执行时段错误：*Denied write permission in save_object().

程式：feature/save.c 第 9 行
物件: clone/user/login#0
呼叫来自：adm/daemons/logind.c 的 get_gender() 第 485 行，物件： adm/daemons/logind
呼叫来自：adm/daemons/logind.c 的 enter_world() 第 553 行，物件： adm/daemons/logind
呼叫来自：feature/save.c 的 save() 第 9 行，物件： clone/user/login#0

执行时段错误：*Denied write permission in save_object().

程式：feature/save.c 第 9 行
物件: clone/user/login#1
呼叫来自：adm/daemons/logind.c 的 get_gender() 第 485 行，物件： adm/daemons/logind
呼叫来自：adm/daemons/logind.c 的 enter_world() 第 553 行，物件： adm/daemons/logind
呼叫来自：feature/save.c 的 save() 第 9 行，物件： clone/user/login#1

执行时段错误：*Inherited file '/std/room' does not exist!

程式：feature/move.c 第 62 行
物件: clone/user/user#2 ("玫儿")
呼叫来自：adm/daemons/natured.c 的 update_day_phase() 第 75 行，物件： adm/daemons/natured
呼叫来自：adm/daemons/natured.c 的 event_common() 第 119 行，物件： adm/daemons/natured
呼叫来自：feature/move.c 的 move() 第 62 行，物件： clone/user/user#2 ("玫儿")

执行时段错误：*Inherited file '/std/room' does not exist!

程式：feature/move.c 第 62 行
物件: clone/user/user#2 ("玫儿")
呼叫来自：adm/daemons/natured.c 的 update_day_phase() 第 75 行，物件： adm/daemons/natured
呼叫来自：adm/daemons/natured.c 的 event_common() 第 119 行，物件： adm/daemons/natured
呼叫来自：feature/move.c 的 move() 第 62 行，物件： clone/user/user#2 ("玫儿")
Initializing internal tables....

<---侠客行: MudOs v22pre11 (by wwj,Jan  1 1999) startup on Microsoft Windows 98 at Sun Dec 31 09:48:00 2000

using config file: D:\xkx\xkx\config.xkx
Can't find "mudos", ignoring old binaries.
Try invoking the driver using the full pathname.
System Error: init_addr_server: connect: WSAECONNREFUSED
]simul_efun loaded successfully.

Loading preloaded files ...
错误讯息被拦截: 
执行时段错误：*Value being indexed is zero.

程式：adm/daemons/network/dns_master.c 第 290 行
物件: adm/daemons/network/dns_master
呼叫来自：adm/single/master.c 的 preload() 第 103 行，物件： adm/single/master
呼叫来自：adm/single/master.c 的 CATCH() 第 103 行，物件： adm/single/master
呼叫来自：adm/daemons/network/dns_master.c 的 create() 第 862 行，物件： adm/daemons/network/dns_master
呼叫来自：adm/daemons/network/dns_master.c 的 init_database() 第 290 行，物件： adm/daemons/network/dns_master
Initializations complete.

Accepting connections on port 5555.
错误讯息被拦截: 
执行时段错误：*Inherited file '/std/room' does not exist!

程式：adm/daemons/logind.c 第 668 行
物件: adm/daemons/logind
呼叫来自：adm/daemons/logind.c 的 get_gender() 第 485 行，物件： adm/daemons/logind
呼叫来自：adm/daemons/logind.c 的 enter_world() 第 668 行，物件： adm/daemons/logind
呼叫来自：adm/daemons/logind.c 的 CATCH() 第 668 行，物件： adm/daemons/logind

执行时段错误：*Inherited file '/std/room' does not exist!

程式：feature/move.c 第 62 行
物件: clone/user/user#2 ("玫儿")
呼叫来自：adm/daemons/logind.c 的 get_gender() 第 485 行，物件： adm/daemons/logind
呼叫来自：adm/daemons/logind.c 的 enter_world() 第 671 行，物件： adm/daemons/logind
呼叫来自：feature/move.c 的 move() 第 62 行，物件： clone/user/user#2 ("玫儿")

执行时段错误：*Inherited file '/std/room' does not exist!

程式：feature/move.c 第 62 行
物件: clone/user/user#2 ("玫儿")
呼叫来自：feature/command.c 的 command_hook() 第 57 行，物件： clone/user/user#2 ("玫儿")
呼叫来自：cmds/imm/goto.c 的 main() 第 27 行，物件： cmds/imm/goto
呼叫来自：feature/move.c 的 move() 第 62 行，物件： clone/user/user#2 ("玫儿")

执行时段错误：*Inherited file '/std/room' does not exist!

程式：feature/move.c 第 62 行
物件: clone/user/user#2 ("玫儿")
呼叫来自：feature/command.c 的 command_hook() 第 57 行，物件： clone/user/user#2 ("玫儿")
呼叫来自：cmds/imm/goto.c 的 main() 第 27 行，物件： cmds/imm/goto
呼叫来自：feature/move.c 的 move() 第 62 行，物件： clone/user/user#2 ("玫儿")

执行时段错误：*Inherited file '/std/room' does not exist!

程式：feature/move.c 第 62 行
物件: clone/user/user#2 ("玫儿")
呼叫来自：adm/daemons/natured.c 的 update_day_phase() 第 75 行，物件： adm/daemons/natured
呼叫来自：adm/daemons/natured.c 的 event_common() 第 119 行，物件： adm/daemons/natured
呼叫来自：feature/move.c 的 move() 第 62 行，物件： clone/user/user#2 ("玫儿")
Initializing internal tables....

<---侠客行: MudOs v22pre11 (by wwj,Jan  1 1999) startup on Microsoft Windows 98 at Sun Dec 31 09:50:55 2000

using config file: D:\xkx\xkx\config.xkx
Can't find "mudos", ignoring old binaries.
Try invoking the driver using the full pathname.
System Error: init_addr_server: connect: WSAECONNREFUSED
]simul_efun loaded successfully.

Loading preloaded files ...
错误讯息被拦截: 
执行时段错误：*Value being indexed is zero.

程式：adm/daemons/network/dns_master.c 第 290 行
物件: adm/daemons/network/dns_master
呼叫来自：adm/single/master.c 的 preload() 第 103 行，物件： adm/single/master
呼叫来自：adm/single/master.c 的 CATCH() 第 103 行，物件： adm/single/master
呼叫来自：adm/daemons/network/dns_master.c 的 create() 第 862 行，物件： adm/daemons/network/dns_master
呼叫来自：adm/daemons/network/dns_master.c 的 init_database() 第 290 行，物件： adm/daemons/network/dns_master
Initializations complete.

Accepting connections on port 5555.
错误讯息被拦截: 
执行时段错误：*Inherited file '/std/room' does not exist!

程式：adm/daemons/logind.c 第 668 行
物件: adm/daemons/logind
呼叫来自：adm/daemons/logind.c 的 get_passwd() 第 288 行，物件： adm/daemons/logind
呼叫来自：adm/daemons/logind.c 的 enter_world() 第 668 行，物件： adm/daemons/logind
呼叫来自：adm/daemons/logind.c 的 CATCH() 第 668 行，物件： adm/daemons/logind

执行时段错误：*Inherited file '/std/room' does not exist!

程式：feature/move.c 第 62 行
物件: clone/user/user#2 ("玫儿")
呼叫来自：adm/daemons/logind.c 的 get_passwd() 第 288 行，物件： adm/daemons/logind
呼叫来自：adm/daemons/logind.c 的 enter_world() 第 671 行，物件： adm/daemons/logind
呼叫来自：feature/move.c 的 move() 第 62 行，物件： clone/user/user#2 ("玫儿")
错误讯息被拦截: 
执行时段错误：*Inherited file '/std/room' does not exist!

程式：adm/daemons/logind.c 第 668 行
物件: adm/daemons/logind
呼叫来自：adm/daemons/logind.c 的 get_gender() 第 485 行，物件： adm/daemons/logind
呼叫来自：adm/daemons/logind.c 的 enter_world() 第 668 行，物件： adm/daemons/logind
呼叫来自：adm/daemons/logind.c 的 CATCH() 第 668 行，物件： adm/daemons/logind

执行时段错误：*Inherited file '/std/room' does not exist!

程式：feature/move.c 第 62 行
物件: clone/user/user#4 ("令狐冲")
呼叫来自：adm/daemons/logind.c 的 get_gender() 第 485 行，物件： adm/daemons/logind
呼叫来自：adm/daemons/logind.c 的 enter_world() 第 671 行，物件： adm/daemons/logind
呼叫来自：feature/move.c 的 move() 第 62 行，物件： clone/user/user#4 ("令狐冲")

执行时段错误：*Inherited file '/std/room' does not exist!

程式：feature/move.c 第 62 行
物件: clone/user/user#4 ("令狐冲")
呼叫来自：feature/command.c 的 command_hook() 第 57 行，物件： clone/user/user#4 ("令狐冲")
呼叫来自：cmds/imm/goto.c 的 main() 第 27 行，物件： cmds/imm/goto
呼叫来自：feature/move.c 的 move() 第 62 行，物件： clone/user/user#4 ("令狐冲")

执行时段错误：*Inherited file '/std/room' does not exist!

程式：feature/move.c 第 62 行
物件: clone/user/user#2 ("玫儿")
呼叫来自：adm/daemons/natured.c 的 update_day_phase() 第 75 行，物件： adm/daemons/natured
呼叫来自：adm/daemons/natured.c 的 event_common() 第 119 行，物件： adm/daemons/natured
呼叫来自：feature/move.c 的 move() 第 62 行，物件： clone/user/user#2 ("玫儿")
Initializing internal tables....

<---侠客行: MudOs v22pre11 (by wwj,Jan  1 1999) startup on Microsoft Windows 98 at Sun Dec 31 09:52:56 2000

using config file: D:\xkx\xkx\config.xkx
Can't find "mudos", ignoring old binaries.
Try invoking the driver using the full pathname.
System Error: init_addr_server: connect: WSAECONNREFUSED
]simul_efun loaded successfully.

Loading preloaded files ...
错误讯息被拦截: 
执行时段错误：*Value being indexed is zero.

程式：adm/daemons/network/dns_master.c 第 290 行
物件: adm/daemons/network/dns_master
呼叫来自：adm/single/master.c 的 preload() 第 103 行，物件： adm/single/master
呼叫来自：adm/single/master.c 的 CATCH() 第 103 行，物件： adm/single/master
呼叫来自：adm/daemons/network/dns_master.c 的 create() 第 862 行，物件： adm/daemons/network/dns_master
呼叫来自：adm/daemons/network/dns_master.c 的 init_database() 第 290 行，物件： adm/daemons/network/dns_master
Initializations complete.

Accepting connections on port 5555.

执行时段错误：*Error in loading object '/cmds/usr/wizlist'

程式：feature/command.c 第 57 行
物件: clone/user/user#5 ("令狐冲")
呼叫来自：feature/command.c 的 command_hook() 第 57 行，物件： clone/user/user#5 ("令狐冲")

执行时段错误：*Error in loading object '/cmds/usr/wizlist'

程式：feature/command.c 第 57 行
物件: clone/user/user#5 ("令狐冲")
呼叫来自：feature/command.c 的 command_hook() 第 57 行，物件： clone/user/user#5 ("令狐冲")

执行时段错误：*Illegal to move or destruct an object defining actions from a verb function which returns zero.

程式：0 第 0 行
物件: 0

执行时段错误：*Error in loading object '/cmds/usr/wizlist'

程式：feature/command.c 第 57 行
物件: clone/user/user#5 ("土豆")
呼叫来自：feature/command.c 的 command_hook() 第 57 行，物件： clone/user/user#5 ("土豆")

执行时段错误：*Bad argument 1 to sprintf()
Expected: string Got: 0.

程式：adm/daemons/channeld.c 第 204 行
物件: adm/daemons/channeld
呼叫来自：feature/command.c 的 command_hook() 第 63 行，物件： clone/user/user#5 ("土豆")
呼叫来自：adm/daemons/channeld.c 的 do_channel() 第 204 行，物件： adm/daemons/channeld

执行时段错误：*Bad argument 1 to call_other()
Expected: string or array or object Got: 0.

程式：kungfu/skill/taiji-shengong/taiji.c 第 65 行
物件: kungfu/skill/taiji-shengong/taiji
呼叫来自：kungfu/skill/taiji-shengong/taiji.c 的 checking() 第 65 行，物件： kungfu/skill/taiji-shengong/taiji

执行时段错误：*call_other() couldn't find object

程式：adm/daemons/natured.c 第 96 行
物件: adm/daemons/natured
呼叫来自：adm/daemons/natured.c 的 update_day_phase() 第 73 行，物件： adm/daemons/natured
呼叫来自：adm/daemons/natured.c 的 event_sunrise() 第 96 行，物件： adm/daemons/natured
][1;31m【系统】流氓(Meir)：断线了。
[37;0m
执行时段错误：*call_other() couldn't find object

程式：adm/daemons/natured.c 第 96 行
物件: adm/daemons/natured
呼叫来自：adm/daemons/natured.c 的 update_day_phase() 第 73 行，物件： adm/daemons/natured
呼叫来自：adm/daemons/natured.c 的 event_sunrise() 第 96 行，物件： adm/daemons/natured
Initializing internal tables....

<---侠客行: MudOs v22pre11 (by wwj,Jan  1 1999) startup on Microsoft Windows 98 at Sun Dec 31 13:00:43 2000

using config file: D:\xkx\xkx\config.xkx
Can't find "mudos", ignoring old binaries.
Try invoking the driver using the full pathname.
System Error: init_addr_server: connect: WSAECONNREFUSED
]simul_efun loaded successfully.

Loading preloaded files ...
错误讯息被拦截: 
执行时段错误：*Value being indexed is zero.

程式：adm/daemons/network/dns_master.c 第 290 行
物件: adm/daemons/network/dns_master
呼叫来自：adm/single/master.c 的 preload() 第 103 行，物件： adm/single/master
呼叫来自：adm/single/master.c 的 CATCH() 第 103 行，物件： adm/single/master
呼叫来自：adm/daemons/network/dns_master.c 的 create() 第 862 行，物件： adm/daemons/network/dns_master
呼叫来自：adm/daemons/network/dns_master.c 的 init_database() 第 290 行，物件： adm/daemons/network/dns_master
Initializations complete.

Accepting connections on port 5555.

执行时段错误：*call_other() couldn't find object

程式：adm/daemons/natured.c 第 96 行
物件: adm/daemons/natured
呼叫来自：adm/daemons/natured.c 的 update_day_phase() 第 73 行，物件： adm/daemons/natured
呼叫来自：adm/daemons/natured.c 的 event_sunrise() 第 96 行，物件： adm/daemons/natured
get_user_data: read on fd 196
System Error: get_user_data: read: 操作已成功完成。

][1;31m【系统】洋洋(Yangy)：断线了。
[37;0m
执行时段错误：*call_other() couldn't find object

程式：adm/daemons/natured.c 第 96 行
物件: adm/daemons/natured
呼叫来自：adm/daemons/natured.c 的 update_day_phase() 第 73 行，物件： adm/daemons/natured
呼叫来自：adm/daemons/natured.c 的 event_sunrise() 第 96 行，物件： adm/daemons/natured
get_user_data: read on fd 188
System Error: get_user_data: read: 操作已成功完成。

get_user_data: read on fd 188
System Error: get_user_data: read: 操作已成功完成。

get_user_data: read on fd 180
System Error: get_user_data: read: 操作已成功完成。

][1;31m【系统】泡泡(Pop)：断线了。
[37;0mget_user_data: read on fd 184
System Error: get_user_data: read: 操作已成功完成。

get_user_data: read on fd 176
System Error: get_user_data: read: 操作已成功完成。

Initializing internal tables....
][1;31m【系统】美丽(Lengyue)：断线了。
[37;0m][1;31m【系统】玫儿(Meir)：断线了。
[37;0m
<---侠客行: MudOs v22pre11 (by wwj,Jan  1 1999) startup on Microsoft Windows 98 at Mon Jan 01 12:24:47 2001

using config file: D:\xkx\xkx\config.xkx
Can't find "mudos", ignoring old binaries.
Try invoking the driver using the full pathname.
System Error: init_addr_server: connect: WSAECONNREFUSED
]simul_efun loaded successfully.

Loading preloaded files ...
Initializing internal tables....

<---侠客行: MudOs v22pre11 (by wwj,Jan  1 1999) startup on Microsoft Windows 98 at Mon Jan 01 12:24:52 2001

using config file: D:\xkx\xkx\config.xkx
Can't find "mudos", ignoring old binaries.
Try invoking the driver using the full pathname.
System Error: init_addr_server: connect: WSAECONNREFUSED
]simul_efun loaded successfully.

Loading preloaded files ...
错误讯息被拦截: 
执行时段错误：*Value being indexed is zero.

程式：adm/daemons/network/dns_master.c 第 290 行
物件: adm/daemons/network/dns_master
呼叫来自：adm/single/master.c 的 preload() 第 103 行，物件： adm/single/master
呼叫来自：adm/single/master.c 的 CATCH() 第 103 行，物件： adm/single/master
呼叫来自：adm/daemons/network/dns_master.c 的 create() 第 862 行，物件： adm/daemons/network/dns_master
呼叫来自：adm/daemons/network/dns_master.c 的 init_database() 第 290 行，物件： adm/daemons/network/dns_master
Initializations complete.

Accepting connections on port 5555.
Initializing internal tables....

<---侠客行: MudOs v22pre11 (by wwj,Jan  1 1999) startup on Microsoft Windows 98 at Mon Jan 01 12:32:38 2001

using config file: D:\xkx\xkx\config.xkx
Can't find "mudos", ignoring old binaries.
Try invoking the driver using the full pathname.
System Error: init_addr_server: connect: WSAECONNREFUSED
]simul_efun loaded successfully.

Loading preloaded files ...
错误讯息被拦截: 
执行时段错误：*Value being indexed is zero.

程式：adm/daemons/network/dns_master.c 第 290 行
物件: adm/daemons/network/dns_master
呼叫来自：adm/single/master.c 的 preload() 第 103 行，物件： adm/single/master
呼叫来自：adm/single/master.c 的 CATCH() 第 103 行，物件： adm/single/master
呼叫来自：adm/daemons/network/dns_master.c 的 create() 第 862 行，物件： adm/daemons/network/dns_master
呼叫来自：adm/daemons/network/dns_master.c 的 init_database() 第 290 行，物件： adm/daemons/network/dns_master
Initializations complete.

Accepting connections on port 5555.
Initializing internal tables....

<---侠客行: MudOs v22pre11 (by wwj,Jan  1 1999) startup on Microsoft Windows 98 at Mon Jan 01 12:33:40 2001

using config file: D:\xkx\xkx\config.xkx
Can't find "mudos", ignoring old binaries.
Try invoking the driver using the full pathname.
System Error: init_addr_server: connect: WSAECONNREFUSED
]simul_efun loaded successfully.

Loading preloaded files ...
错误讯息被拦截: 
执行时段错误：*Value being indexed is zero.

程式：adm/daemons/network/dns_master.c 第 290 行
物件: adm/daemons/network/dns_master
呼叫来自：adm/single/master.c 的 preload() 第 103 行，物件： adm/single/master
呼叫来自：adm/single/master.c 的 CATCH() 第 103 行，物件： adm/single/master
呼叫来自：adm/daemons/network/dns_master.c 的 create() 第 862 行，物件： adm/daemons/network/dns_master
呼叫来自：adm/daemons/network/dns_master.c 的 init_database() 第 290 行，物件： adm/daemons/network/dns_master
Initializations complete.

Accepting connections on port 5555.
Initializing internal tables....

<---侠客行: MudOs v22pre11 (by wwj,Jan  1 1999) startup on Microsoft Windows 98 at Mon Jan 01 12:39:00 2001

using config file: D:\xkx\xkx\config.xkx
Can't find "mudos", ignoring old binaries.
Try invoking the driver using the full pathname.
System Error: init_addr_server: connect: WSAECONNREFUSED
]simul_efun loaded successfully.

Loading preloaded files ...
错误讯息被拦截: 
执行时段错误：*Value being indexed is zero.

程式：adm/daemons/network/dns_master.c 第 290 行
物件: adm/daemons/network/dns_master
呼叫来自：adm/single/master.c 的 preload() 第 103 行，物件： adm/single/master
呼叫来自：adm/single/master.c 的 CATCH() 第 103 行，物件： adm/single/master
呼叫来自：adm/daemons/network/dns_master.c 的 create() 第 862 行，物件： adm/daemons/network/dns_master
呼叫来自：adm/daemons/network/dns_master.c 的 init_database() 第 290 行，物件： adm/daemons/network/dns_master
Initializations complete.

Accepting connections on port 5555.
Initializing internal tables....

<---侠客行: MudOs v22pre11 (by wwj,Jan  1 1999) startup on Microsoft Windows 98 at Mon Jan 01 12:47:41 2001

using config file: D:\xkx\xkx\config.xkx
Can't find "mudos", ignoring old binaries.
Try invoking the driver using the full pathname.
System Error: init_addr_server: connect: WSAECONNREFUSED
]simul_efun loaded successfully.

Loading preloaded files ...
错误讯息被拦截: 
执行时段错误：*Value being indexed is zero.

程式：adm/daemons/network/dns_master.c 第 290 行
物件: adm/daemons/network/dns_master
呼叫来自：adm/single/master.c 的 preload() 第 103 行，物件： adm/single/master
呼叫来自：adm/single/master.c 的 CATCH() 第 103 行，物件： adm/single/master
呼叫来自：adm/daemons/network/dns_master.c 的 create() 第 862 行，物件： adm/daemons/network/dns_master
呼叫来自：adm/daemons/network/dns_master.c 的 init_database() 第 290 行，物件： adm/daemons/network/dns_master
Initializations complete.

Accepting connections on port 5555.
Initializing internal tables....

<---侠客行: MudOs v22pre11 (by wwj,Jan  1 1999) startup on Microsoft Windows 98 at Mon Jan 01 13:15:43 2001

using config file: D:\xkx\xkx\config.xkx
Can't find "mudos", ignoring old binaries.
Try invoking the driver using the full pathname.
System Error: init_addr_server: connect: WSAECONNREFUSED
]simul_efun loaded successfully.

Loading preloaded files ...
错误讯息被拦截: 
执行时段错误：*Value being indexed is zero.

程式：adm/daemons/network/dns_master.c 第 290 行
物件: adm/daemons/network/dns_master
呼叫来自：adm/single/master.c 的 preload() 第 103 行，物件： adm/single/master
呼叫来自：adm/single/master.c 的 CATCH() 第 103 行，物件： adm/single/master
呼叫来自：adm/daemons/network/dns_master.c 的 create() 第 862 行，物件： adm/daemons/network/dns_master
呼叫来自：adm/daemons/network/dns_master.c 的 init_database() 第 290 行，物件： adm/daemons/network/dns_master
Initializations complete.

Accepting connections on port 5555.
closed external ports
Initializing internal tables....

<---侠客行: MudOs v22pre11 (by wwj,Jan  1 1999) shutdown at Mon Jan 01 13:17:12 2001




<---侠客行: MudOs v22pre11 (by wwj,Jan  1 1999) startup on Microsoft Windows 98 at Mon Jan 01 13:17:13 2001

using config file: D:\xkx\xkx\config.xkx
Can't find "mudos", ignoring old binaries.
Try invoking the driver using the full pathname.
System Error: init_addr_server: connect: WSAECONNREFUSED
]simul_efun loaded successfully.

Loading preloaded files ...
错误讯息被拦截: 
执行时段错误：*Value being indexed is zero.

程式：adm/daemons/network/dns_master.c 第 290 行
物件: adm/daemons/network/dns_master
呼叫来自：adm/single/master.c 的 preload() 第 103 行，物件： adm/single/master
呼叫来自：adm/single/master.c 的 CATCH() 第 103 行，物件： adm/single/master
呼叫来自：adm/daemons/network/dns_master.c 的 create() 第 862 行，物件： adm/daemons/network/dns_master
呼叫来自：adm/daemons/network/dns_master.c 的 init_database() 第 290 行，物件： adm/daemons/network/dns_master
Initializations complete.

Accepting connections on port 5555.

执行时段错误：*call_other() couldn't find object

程式：adm/daemons/natured.c 第 96 行
物件: adm/daemons/natured
呼叫来自：adm/daemons/natured.c 的 update_day_phase() 第 73 行，物件： adm/daemons/natured
呼叫来自：adm/daemons/natured.c 的 event_sunrise() 第 96 行，物件： adm/daemons/natured
Initializing internal tables....

<---侠客行: MudOs v22pre11 (by wwj,Jan  1 1999) startup on Microsoft Windows 98 at Mon Jan 01 13:49:45 2001

using config file: D:\xkx\xkx\config.xkx
Can't find "mudos", ignoring old binaries.
Try invoking the driver using the full pathname.
System Error: init_addr_server: connect: WSAECONNREFUSED
]simul_efun loaded successfully.

Loading preloaded files ...
错误讯息被拦截: 
执行时段错误：*Value being indexed is zero.

程式：adm/daemons/network/dns_master.c 第 290 行
物件: adm/daemons/network/dns_master
呼叫来自：adm/single/master.c 的 preload() 第 103 行，物件： adm/single/master
呼叫来自：adm/single/master.c 的 CATCH() 第 103 行，物件： adm/single/master
呼叫来自：adm/daemons/network/dns_master.c 的 create() 第 862 行，物件： adm/daemons/network/dns_master
呼叫来自：adm/daemons/network/dns_master.c 的 init_database() 第 290 行，物件： adm/daemons/network/dns_master
Initializations complete.

Accepting connections on port 5555.
Initializing internal tables....

<---侠客行: MudOs v22pre11 (by wwj,Jan  1 1999) startup on Microsoft Windows 98 at Mon Jan 01 13:55:28 2001

using config file: D:\xkx\xkx\config.xkx
Can't find "mudos", ignoring old binaries.
Try invoking the driver using the full pathname.
System Error: init_addr_server: connect: WSAECONNREFUSED
]simul_efun loaded successfully.

Loading preloaded files ...
错误讯息被拦截: 
执行时段错误：*Value being indexed is zero.

程式：adm/daemons/network/dns_master.c 第 290 行
物件: adm/daemons/network/dns_master
呼叫来自：adm/single/master.c 的 preload() 第 103 行，物件： adm/single/master
呼叫来自：adm/single/master.c 的 CATCH() 第 103 行，物件： adm/single/master
呼叫来自：adm/daemons/network/dns_master.c 的 create() 第 862 行，物件： adm/daemons/network/dns_master
呼叫来自：adm/daemons/network/dns_master.c 的 init_database() 第 290 行，物件： adm/daemons/network/dns_master
Initializations complete.

Accepting connections on port 5555.
Initializing internal tables....

<---侠客行: MudOs v22pre11 (by wwj,Jan  1 1999) startup on Microsoft Windows 98 at Mon Jan 01 13:59:00 2001

using config file: D:\xkx\xkx\config.xkx
Can't find "mudos", ignoring old binaries.
Try invoking the driver using the full pathname.
System Error: init_addr_server: connect: WSAECONNREFUSED
]simul_efun loaded successfully.

Loading preloaded files ...
错误讯息被拦截: 
执行时段错误：*Value being indexed is zero.

程式：adm/daemons/network/dns_master.c 第 290 行
物件: adm/daemons/network/dns_master
呼叫来自：adm/single/master.c 的 preload() 第 103 行，物件： adm/single/master
呼叫来自：adm/single/master.c 的 CATCH() 第 103 行，物件： adm/single/master
呼叫来自：adm/daemons/network/dns_master.c 的 create() 第 862 行，物件： adm/daemons/network/dns_master
呼叫来自：adm/daemons/network/dns_master.c 的 init_database() 第 290 行，物件： adm/daemons/network/dns_master
Initializations complete.

Accepting connections on port 5555.

执行时段错误：*Error in loading object '/u/face/workroom'

程式：feature/move.c 第 62 行
物件: clone/user/user#1 ("玫儿")
呼叫来自：feature/command.c 的 command_hook() 第 57 行，物件： clone/user/user#1 ("玫儿")
呼叫来自：cmds/imm/goto.c 的 main() 第 27 行，物件： cmds/imm/goto
呼叫来自：feature/move.c 的 move() 第 62 行，物件： clone/user/user#1 ("玫儿")
Initializing internal tables....

<---侠客行: MudOs v22pre11 (by wwj,Jan  1 1999) startup on Microsoft Windows 98 at Mon Jan 01 14:04:00 2001

using config file: D:\xkx\xkx\config.xkx
Can't find "mudos", ignoring old binaries.
Try invoking the driver using the full pathname.
System Error: init_addr_server: connect: WSAECONNREFUSED
]simul_efun loaded successfully.

Loading preloaded files ...
错误讯息被拦截: 
执行时段错误：*Value being indexed is zero.

程式：adm/daemons/network/dns_master.c 第 290 行
物件: adm/daemons/network/dns_master
呼叫来自：adm/single/master.c 的 preload() 第 103 行，物件： adm/single/master
呼叫来自：adm/single/master.c 的 CATCH() 第 103 行，物件： adm/single/master
呼叫来自：adm/daemons/network/dns_master.c 的 create() 第 862 行，物件： adm/daemons/network/dns_master
呼叫来自：adm/daemons/network/dns_master.c 的 init_database() 第 290 行，物件： adm/daemons/network/dns_master
Initializations complete.

Accepting connections on port 5555.
Initializing internal tables....

<---侠客行: MudOs v22pre11 (by wwj,Jan  1 1999) startup on Microsoft Windows 98 at Mon Jan 01 14:05:29 2001

using config file: D:\xkx\xkx\config.xkx
Can't find "mudos", ignoring old binaries.
Try invoking the driver using the full pathname.
System Error: init_addr_server: connect: WSAECONNREFUSED
]simul_efun loaded successfully.

Loading preloaded files ...
错误讯息被拦截: 
执行时段错误：*Value being indexed is zero.

程式：adm/daemons/network/dns_master.c 第 290 行
物件: adm/daemons/network/dns_master
呼叫来自：adm/single/master.c 的 preload() 第 103 行，物件： adm/single/master
呼叫来自：adm/single/master.c 的 CATCH() 第 103 行，物件： adm/single/master
呼叫来自：adm/daemons/network/dns_master.c 的 create() 第 862 行，物件： adm/daemons/network/dns_master
呼叫来自：adm/daemons/network/dns_master.c 的 init_database() 第 290 行，物件： adm/daemons/network/dns_master
Initializations complete.

Accepting connections on port 5555.
Initializing internal tables....

<---侠客行: MudOs v22pre11 (by wwj,Jan  1 1999) startup on Microsoft Windows 98 at Mon Jan 01 14:06:13 2001

using config file: D:\xkx\xkx\config.xkx
Can't find "mudos", ignoring old binaries.
Try invoking the driver using the full pathname.
System Error: init_addr_server: connect: WSAECONNREFUSED
]simul_efun loaded successfully.

Loading preloaded files ...
错误讯息被拦截: 
执行时段错误：*Value being indexed is zero.

程式：adm/daemons/network/dns_master.c 第 290 行
物件: adm/daemons/network/dns_master
呼叫来自：adm/single/master.c 的 preload() 第 103 行，物件： adm/single/master
呼叫来自：adm/single/master.c 的 CATCH() 第 103 行，物件： adm/single/master
呼叫来自：adm/daemons/network/dns_master.c 的 create() 第 862 行，物件： adm/daemons/network/dns_master
呼叫来自：adm/daemons/network/dns_master.c 的 init_database() 第 290 行，物件： adm/daemons/network/dns_master
Initializations complete.

Accepting connections on port 5555.
Initializing internal tables....

<---侠客行: MudOs v22pre11 (by wwj,Jan  1 1999) startup on Microsoft Windows 98 at Mon Jan 01 14:17:34 2001

using config file: D:\xkx\xkx\config.xkx
Can't find "mudos", ignoring old binaries.
Try invoking the driver using the full pathname.
System Error: init_addr_server: connect: WSAECONNREFUSED
]simul_efun loaded successfully.

Loading preloaded files ...
错误讯息被拦截: 
执行时段错误：*Value being indexed is zero.

程式：adm/daemons/network/dns_master.c 第 290 行
物件: adm/daemons/network/dns_master
呼叫来自：adm/single/master.c 的 preload() 第 103 行，物件： adm/single/master
呼叫来自：adm/single/master.c 的 CATCH() 第 103 行，物件： adm/single/master
呼叫来自：adm/daemons/network/dns_master.c 的 create() 第 862 行，物件： adm/daemons/network/dns_master
呼叫来自：adm/daemons/network/dns_master.c 的 init_database() 第 290 行，物件： adm/daemons/network/dns_master
Initializations complete.

Accepting connections on port 5555.

执行时段错误：*Error in loading object '/u/face/workroom'

程式：feature/move.c 第 62 行
物件: clone/user/user#1 ("玫儿")
呼叫来自：feature/command.c 的 command_hook() 第 57 行，物件： clone/user/user#1 ("玫儿")
呼叫来自：cmds/imm/goto.c 的 main() 第 27 行，物件： cmds/imm/goto
呼叫来自：feature/move.c 的 move() 第 62 行，物件： clone/user/user#1 ("玫儿")

执行时段错误：*Error in loading object '/u/face/workroom'

程式：feature/move.c 第 62 行
物件: clone/user/user#1 ("玫儿")
呼叫来自：feature/command.c 的 command_hook() 第 57 行，物件： clone/user/user#1 ("玫儿")
呼叫来自：cmds/imm/goto.c 的 main() 第 27 行，物件： cmds/imm/goto
呼叫来自：feature/move.c 的 move() 第 62 行，物件： clone/user/user#1 ("玫儿")
Initializing internal tables....

<---侠客行: MudOs v22pre11 (by wwj,Jan  1 1999) startup on Microsoft Windows 98 at Mon Jan 01 14:19:37 2001

using config file: D:\xkx\xkx\config.xkx
Can't find "mudos", ignoring old binaries.
Try invoking the driver using the full pathname.
System Error: init_addr_server: connect: WSAECONNREFUSED
]simul_efun loaded successfully.

Loading preloaded files ...
错误讯息被拦截: 
执行时段错误：*Value being indexed is zero.

程式：adm/daemons/network/dns_master.c 第 290 行
物件: adm/daemons/network/dns_master
呼叫来自：adm/single/master.c 的 preload() 第 103 行，物件： adm/single/master
呼叫来自：adm/single/master.c 的 CATCH() 第 103 行，物件： adm/single/master
呼叫来自：adm/daemons/network/dns_master.c 的 create() 第 862 行，物件： adm/daemons/network/dns_master
呼叫来自：adm/daemons/network/dns_master.c 的 init_database() 第 290 行，物件： adm/daemons/network/dns_master
Initializations complete.

Accepting connections on port 5555.

执行时段错误：*Error in loading object '/u/face/workroom'

程式：feature/move.c 第 62 行
物件: clone/user/user#1 ("玫儿")
呼叫来自：feature/command.c 的 command_hook() 第 57 行，物件： clone/user/user#1 ("玫儿")
呼叫来自：cmds/imm/goto.c 的 main() 第 27 行，物件： cmds/imm/goto
呼叫来自：feature/move.c 的 move() 第 62 行，物件： clone/user/user#1 ("玫儿")

执行时段错误：*Error in loading object '/u/face/workroom'

程式：feature/move.c 第 62 行
物件: clone/user/user#1 ("玫儿")
呼叫来自：feature/command.c 的 command_hook() 第 57 行，物件： clone/user/user#1 ("玫儿")
呼叫来自：cmds/imm/goto.c 的 main() 第 27 行，物件： cmds/imm/goto
呼叫来自：feature/move.c 的 move() 第 62 行，物件： clone/user/user#1 ("玫儿")
Initializing internal tables....

<---侠客行: MudOs v22pre11 (by wwj,Jan  1 1999) startup on Microsoft Windows 98 at Mon Jan 01 14:24:11 2001

using config file: D:\xkx\xkx\config.xkx
Can't find "mudos", ignoring old binaries.
Try invoking the driver using the full pathname.
System Error: init_addr_server: connect: WSAECONNREFUSED
]simul_efun loaded successfully.

Loading preloaded files ...
错误讯息被拦截: 
执行时段错误：*Value being indexed is zero.

程式：adm/daemons/network/dns_master.c 第 290 行
物件: adm/daemons/network/dns_master
呼叫来自：adm/single/master.c 的 preload() 第 103 行，物件： adm/single/master
呼叫来自：adm/single/master.c 的 CATCH() 第 103 行，物件： adm/single/master
呼叫来自：adm/daemons/network/dns_master.c 的 create() 第 862 行，物件： adm/daemons/network/dns_master
呼叫来自：adm/daemons/network/dns_master.c 的 init_database() 第 290 行，物件： adm/daemons/network/dns_master
Initializations complete.

Accepting connections on port 5555.

执行时段错误：*Error in loading object '/u/face/workroom'

程式：feature/move.c 第 62 行
物件: clone/user/user#1 ("玫儿")
呼叫来自：feature/command.c 的 command_hook() 第 57 行，物件： clone/user/user#1 ("玫儿")
呼叫来自：cmds/imm/goto.c 的 main() 第 27 行，物件： cmds/imm/goto
呼叫来自：feature/move.c 的 move() 第 62 行，物件： clone/user/user#1 ("玫儿")
Initializing internal tables....

<---侠客行: MudOs v22pre11 (by wwj,Jan  1 1999) startup on Microsoft Windows 98 at Mon Jan 01 14:27:01 2001

using config file: D:\xkx\xkx\config.xkx
Can't find "mudos", ignoring old binaries.
Try invoking the driver using the full pathname.
System Error: init_addr_server: connect: WSAECONNREFUSED
]simul_efun loaded successfully.

Loading preloaded files ...
错误讯息被拦截: 
执行时段错误：*Value being indexed is zero.

程式：adm/daemons/network/dns_master.c 第 290 行
物件: adm/daemons/network/dns_master
呼叫来自：adm/single/master.c 的 preload() 第 103 行，物件： adm/single/master
呼叫来自：adm/single/master.c 的 CATCH() 第 103 行，物件： adm/single/master
呼叫来自：adm/daemons/network/dns_master.c 的 create() 第 862 行，物件： adm/daemons/network/dns_master
呼叫来自：adm/daemons/network/dns_master.c 的 init_database() 第 290 行，物件： adm/daemons/network/dns_master
Initializations complete.

Accepting connections on port 5555.

执行时段错误：*Error in loading object '/u/face/workroom'

程式：feature/move.c 第 62 行
物件: clone/user/user#1 ("玫儿")
呼叫来自：feature/command.c 的 command_hook() 第 57 行，物件： clone/user/user#1 ("玫儿")
呼叫来自：cmds/imm/goto.c 的 main() 第 27 行，物件： cmds/imm/goto
呼叫来自：feature/move.c 的 move() 第 62 行，物件： clone/user/user#1 ("玫儿")

执行时段错误：*Error in loading object '/u/face/workroom'

程式：feature/move.c 第 62 行
物件: clone/user/user#1 ("玫儿")
呼叫来自：feature/command.c 的 command_hook() 第 57 行，物件： clone/user/user#1 ("玫儿")
呼叫来自：cmds/imm/goto.c 的 main() 第 27 行，物件： cmds/imm/goto
呼叫来自：feature/move.c 的 move() 第 62 行，物件： clone/user/user#1 ("玫儿")
Initializing internal tables....

<---侠客行: MudOs v22pre11 (by wwj,Jan  1 1999) startup on Microsoft Windows 98 at Mon Jan 01 14:31:34 2001

using config file: D:\xkx\xkx\config.xkx
Can't find "mudos", ignoring old binaries.
Try invoking the driver using the full pathname.
System Error: init_addr_server: connect: WSAECONNREFUSED
]simul_efun loaded successfully.

Loading preloaded files ...
错误讯息被拦截: 
执行时段错误：*Value being indexed is zero.

程式：adm/daemons/network/dns_master.c 第 290 行
物件: adm/daemons/network/dns_master
呼叫来自：adm/single/master.c 的 preload() 第 103 行，物件： adm/single/master
呼叫来自：adm/single/master.c 的 CATCH() 第 103 行，物件： adm/single/master
呼叫来自：adm/daemons/network/dns_master.c 的 create() 第 862 行，物件： adm/daemons/network/dns_master
呼叫来自：adm/daemons/network/dns_master.c 的 init_database() 第 290 行，物件： adm/daemons/network/dns_master
Initializations complete.

Accepting connections on port 5555.

执行时段错误：*Error in loading object '/u/face/workroom'

程式：feature/move.c 第 62 行
物件: clone/user/user#1 ("玫儿")
呼叫来自：feature/command.c 的 command_hook() 第 57 行，物件： clone/user/user#1 ("玫儿")
呼叫来自：cmds/imm/goto.c 的 main() 第 27 行，物件： cmds/imm/goto
呼叫来自：feature/move.c 的 move() 第 62 行，物件： clone/user/user#1 ("玫儿")

执行时段错误：*Error in loading object '/u/face/workroom'

程式：feature/move.c 第 62 行
物件: clone/user/user#1 ("玫儿")
呼叫来自：feature/command.c 的 command_hook() 第 57 行，物件： clone/user/user#1 ("玫儿")
呼叫来自：cmds/imm/goto.c 的 main() 第 27 行，物件： cmds/imm/goto
呼叫来自：feature/move.c 的 move() 第 62 行，物件： clone/user/user#1 ("玫儿")
][1;31m【系统】玫儿(Meir)：断线了。
[37;0m
执行时段错误：*Error in loading object '/u/face/workroom'

程式：feature/move.c 第 62 行
物件: clone/user/user#1 ("玫儿")
呼叫来自：feature/command.c 的 command_hook() 第 57 行，物件： clone/user/user#1 ("玫儿")
呼叫来自：cmds/imm/goto.c 的 main() 第 27 行，物件： cmds/imm/goto
呼叫来自：feature/move.c 的 move() 第 62 行，物件： clone/user/user#1 ("玫儿")
Initializing internal tables....

<---侠客行: MudOs v22pre11 (by wwj,Jan  1 1999) startup on Microsoft Windows 98 at Mon Jan 01 14:34:09 2001

using config file: D:\xkx\xkx\config.xkx
Can't find "mudos", ignoring old binaries.
Try invoking the driver using the full pathname.
System Error: init_addr_server: connect: WSAECONNREFUSED
]simul_efun loaded successfully.

Loading preloaded files ...
错误讯息被拦截: 
执行时段错误：*Value being indexed is zero.

程式：adm/daemons/network/dns_master.c 第 290 行
物件: adm/daemons/network/dns_master
呼叫来自：adm/single/master.c 的 preload() 第 103 行，物件： adm/single/master
呼叫来自：adm/single/master.c 的 CATCH() 第 103 行，物件： adm/single/master
呼叫来自：adm/daemons/network/dns_master.c 的 create() 第 862 行，物件： adm/daemons/network/dns_master
呼叫来自：adm/daemons/network/dns_master.c 的 init_database() 第 290 行，物件： adm/daemons/network/dns_master
Initializations complete.

Accepting connections on port 5555.

执行时段错误：*Error in loading object '/u/face/workroom'

程式：feature/move.c 第 62 行
物件: clone/user/user#1 ("玫儿")
呼叫来自：feature/command.c 的 command_hook() 第 57 行，物件： clone/user/user#1 ("玫儿")
呼叫来自：cmds/imm/goto.c 的 main() 第 27 行，物件： cmds/imm/goto
呼叫来自：feature/move.c 的 move() 第 62 行，物件： clone/user/user#1 ("玫儿")
Initializing internal tables....

<---侠客行: MudOs v22pre11 (by wwj,Jan  1 1999) startup on Microsoft Windows 98 at Mon Jan 01 14:36:36 2001

using config file: D:\xkx\xkx\config.xkx
Can't find "mudos", ignoring old binaries.
Try invoking the driver using the full pathname.
System Error: init_addr_server: connect: WSAECONNREFUSED
]simul_efun loaded successfully.

Loading preloaded files ...
错误讯息被拦截: 
执行时段错误：*Value being indexed is zero.

程式：adm/daemons/network/dns_master.c 第 290 行
物件: adm/daemons/network/dns_master
呼叫来自：adm/single/master.c 的 preload() 第 103 行，物件： adm/single/master
呼叫来自：adm/single/master.c 的 CATCH() 第 103 行，物件： adm/single/master
呼叫来自：adm/daemons/network/dns_master.c 的 create() 第 862 行，物件： adm/daemons/network/dns_master
呼叫来自：adm/daemons/network/dns_master.c 的 init_database() 第 290 行，物件： adm/daemons/network/dns_master
Initializations complete.

Accepting connections on port 5555.
Initializing internal tables....

<---侠客行: MudOs v22pre11 (by wwj,Jan  1 1999) startup on Microsoft Windows 98 at Mon Jan 01 14:37:37 2001

using config file: D:\xkx\xkx\config.xkx
Can't find "mudos", ignoring old binaries.
Try invoking the driver using the full pathname.
System Error: init_addr_server: connect: WSAECONNREFUSED
]simul_efun loaded successfully.

Loading preloaded files ...
错误讯息被拦截: 
执行时段错误：*Value being indexed is zero.

程式：adm/daemons/network/dns_master.c 第 290 行
物件: adm/daemons/network/dns_master
呼叫来自：adm/single/master.c 的 preload() 第 103 行，物件： adm/single/master
呼叫来自：adm/single/master.c 的 CATCH() 第 103 行，物件： adm/single/master
呼叫来自：adm/daemons/network/dns_master.c 的 create() 第 862 行，物件： adm/daemons/network/dns_master
呼叫来自：adm/daemons/network/dns_master.c 的 init_database() 第 290 行，物件： adm/daemons/network/dns_master
Initializations complete.

Accepting connections on port 5555.
Initializing internal tables....

<---侠客行: MudOs v22pre11 (by wwj,Jan  1 1999) startup on Microsoft Windows 98 at Mon Jan 01 14:40:44 2001

using config file: D:\xkx\xkx\config.xkx
Can't find "mudos", ignoring old binaries.
Try invoking the driver using the full pathname.
System Error: init_addr_server: connect: WSAECONNREFUSED
]simul_efun loaded successfully.

Loading preloaded files ...
错误讯息被拦截: 
执行时段错误：*Value being indexed is zero.

程式：adm/daemons/network/dns_master.c 第 290 行
物件: adm/daemons/network/dns_master
呼叫来自：adm/single/master.c 的 preload() 第 103 行，物件： adm/single/master
呼叫来自：adm/single/master.c 的 CATCH() 第 103 行，物件： adm/single/master
呼叫来自：adm/daemons/network/dns_master.c 的 create() 第 862 行，物件： adm/daemons/network/dns_master
呼叫来自：adm/daemons/network/dns_master.c 的 init_database() 第 290 行，物件： adm/daemons/network/dns_master
Initializations complete.

Accepting connections on port 5555.
Initializing internal tables....

<---侠客行: MudOs v22pre11 (by wwj,Jan  1 1999) startup on Microsoft Windows 98 at Mon Jan 01 14:43:38 2001

using config file: D:\xkx\xkx\config.xkx
Can't find "mudos", ignoring old binaries.
Try invoking the driver using the full pathname.
System Error: init_addr_server: connect: WSAECONNREFUSED
]simul_efun loaded successfully.

Loading preloaded files ...
错误讯息被拦截: 
执行时段错误：*Value being indexed is zero.

程式：adm/daemons/network/dns_master.c 第 290 行
物件: adm/daemons/network/dns_master
呼叫来自：adm/single/master.c 的 preload() 第 103 行，物件： adm/single/master
呼叫来自：adm/single/master.c 的 CATCH() 第 103 行，物件： adm/single/master
呼叫来自：adm/daemons/network/dns_master.c 的 create() 第 862 行，物件： adm/daemons/network/dns_master
呼叫来自：adm/daemons/network/dns_master.c 的 init_database() 第 290 行，物件： adm/daemons/network/dns_master
Initializations complete.

Accepting connections on port 5555.

执行时段错误：*Error in loading object '/u/face/workroom'

程式：feature/move.c 第 62 行
物件: clone/user/user#1 ("玫儿")
呼叫来自：feature/command.c 的 command_hook() 第 57 行，物件： clone/user/user#1 ("玫儿")
呼叫来自：cmds/imm/goto.c 的 main() 第 27 行，物件： cmds/imm/goto
呼叫来自：feature/move.c 的 move() 第 62 行，物件： clone/user/user#1 ("玫儿")
Initializing internal tables....

<---侠客行: MudOs v22pre11 (by wwj,Jan  1 1999) startup on Microsoft Windows 98 at Mon Jan 01 14:44:09 2001

using config file: D:\xkx\xkx\config.xkx
Can't find "mudos", ignoring old binaries.
Try invoking the driver using the full pathname.
System Error: init_addr_server: connect: WSAECONNREFUSED
]simul_efun loaded successfully.

Loading preloaded files ...
错误讯息被拦截: 
执行时段错误：*Value being indexed is zero.

程式：adm/daemons/network/dns_master.c 第 290 行
物件: adm/daemons/network/dns_master
呼叫来自：adm/single/master.c 的 preload() 第 103 行，物件： adm/single/master
呼叫来自：adm/single/master.c 的 CATCH() 第 103 行，物件： adm/single/master
呼叫来自：adm/daemons/network/dns_master.c 的 create() 第 862 行，物件： adm/daemons/network/dns_master
呼叫来自：adm/daemons/network/dns_master.c 的 init_database() 第 290 行，物件： adm/daemons/network/dns_master
Initializations complete.

Accepting connections on port 5555.
Initializing internal tables....

<---侠客行: MudOs v22pre11 (by wwj,Jan  1 1999) startup on Microsoft Windows 98 at Mon Jan 01 14:45:01 2001

using config file: D:\xkx\xkx\config.xkx
Can't find "mudos", ignoring old binaries.
Try invoking the driver using the full pathname.
System Error: init_addr_server: connect: WSAECONNREFUSED
]simul_efun loaded successfully.

Loading preloaded files ...
错误讯息被拦截: 
执行时段错误：*Value being indexed is zero.

程式：adm/daemons/network/dns_master.c 第 290 行
物件: adm/daemons/network/dns_master
呼叫来自：adm/single/master.c 的 preload() 第 103 行，物件： adm/single/master
呼叫来自：adm/single/master.c 的 CATCH() 第 103 行，物件： adm/single/master
呼叫来自：adm/daemons/network/dns_master.c 的 create() 第 862 行，物件： adm/daemons/network/dns_master
呼叫来自：adm/daemons/network/dns_master.c 的 init_database() 第 290 行，物件： adm/daemons/network/dns_master
Initializations complete.

Accepting connections on port 5555.

执行时段错误：*Error in loading object '/u/face/workroom'

程式：feature/move.c 第 62 行
物件: clone/user/user#1 ("玫儿")
呼叫来自：feature/command.c 的 command_hook() 第 57 行，物件： clone/user/user#1 ("玫儿")
呼叫来自：cmds/imm/goto.c 的 main() 第 27 行，物件： cmds/imm/goto
呼叫来自：feature/move.c 的 move() 第 62 行，物件： clone/user/user#1 ("玫儿")
][1;31m【系统】玫儿(Meir)：断线了。
[37;0m
执行时段错误：*call_other() couldn't find object

程式：adm/daemons/natured.c 第 96 行
物件: adm/daemons/natured
呼叫来自：adm/daemons/natured.c 的 update_day_phase() 第 73 行，物件： adm/daemons/natured
呼叫来自：adm/daemons/natured.c 的 event_sunrise() 第 96 行，物件： adm/daemons/natured

执行时段错误：*call_other() couldn't find object

程式：adm/daemons/natured.c 第 96 行
物件: adm/daemons/natured
呼叫来自：adm/daemons/natured.c 的 update_day_phase() 第 73 行，物件： adm/daemons/natured
呼叫来自：adm/daemons/natured.c 的 event_sunrise() 第 96 行，物件： adm/daemons/natured

执行时段错误：*call_other() couldn't find object

程式：adm/daemons/natured.c 第 96 行
物件: adm/daemons/natured
呼叫来自：adm/daemons/natured.c 的 update_day_phase() 第 73 行，物件： adm/daemons/natured
呼叫来自：adm/daemons/natured.c 的 event_sunrise() 第 96 行，物件： adm/daemons/natured

执行时段错误：*F_SKILL: No such skill (shiba-mo)

程式：feature/skill.c 第 21 行
物件: clone/user/user#309 ("血刹子")
呼叫来自：feature/command.c 的 command_hook() 第 57 行，物件： clone/user/user#309 ("血刹子")
呼叫来自：cmds/wiz/call.c 的 main() 第 63 行，物件： cmds/wiz/call
呼叫来自：feature/skill.c 的 set_skill() 第 21 行，物件： clone/user/user#309 ("血刹子")

执行时段错误：*F_SKILL: No such skill (shibamo)

程式：feature/skill.c 第 21 行
物件: clone/user/user#309 ("血刹子")
呼叫来自：feature/command.c 的 command_hook() 第 57 行，物件： clone/user/user#309 ("血刹子")
呼叫来自：cmds/wiz/call.c 的 main() 第 63 行，物件： cmds/wiz/call
呼叫来自：feature/skill.c 的 set_skill() 第 21 行，物件： clone/user/user#309 ("血刹子")

执行时段错误：*call_other() couldn't find object

程式：adm/daemons/natured.c 第 96 行
物件: adm/daemons/natured
呼叫来自：adm/daemons/natured.c 的 update_day_phase() 第 73 行，物件： adm/daemons/natured
呼叫来自：adm/daemons/natured.c 的 event_sunrise() 第 96 行，物件： adm/daemons/natured

执行时段错误：*call_other() couldn't find object

程式：adm/daemons/natured.c 第 96 行
物件: adm/daemons/natured
呼叫来自：adm/daemons/natured.c 的 update_day_phase() 第 73 行，物件： adm/daemons/natured
呼叫来自：adm/daemons/natured.c 的 event_sunrise() 第 96 行，物件： adm/daemons/natured
get_user_data: read on fd 176
System Error: get_user_data: read: 操作已成功完成。

][1;31m【系统】小翠(Face)：断线了。
[37;0mget_user_data: read on fd 180
System Error: get_user_data: read: 操作已成功完成。

get_user_data: read on fd 184
System Error: get_user_data: read: 操作已成功完成。

][1;31m【系统】雪星(Snowstar)：断线了。
[37;0mget_user_data: read on fd 188
System Error: get_user_data: read: 操作已成功完成。

][1;31m【系统】摇头(Shake)：断线了。
[37;0m
执行时段错误：*Illegal to move or destruct an object defining actions from a verb function which returns zero.

程式：0 第 0 行
物件: 0

执行时段错误：*Illegal to move or destruct an object defining actions from a verb function which returns zero.

程式：0 第 0 行
物件: 0

执行时段错误：*F_SKILL: No such skill (jiuyin-zhua)

程式：feature/skill.c 第 21 行
物件: clone/user/user#309 ("meir是个大变态")
呼叫来自：feature/command.c 的 command_hook() 第 57 行，物件： clone/user/user#309 ("meir是个大变态")
呼叫来自：cmds/wiz/call.c 的 main() 第 63 行，物件： cmds/wiz/call
呼叫来自：feature/skill.c 的 set_skill() 第 21 行，物件： clone/user/user#309 ("meir是个大变态")

执行时段错误：*call_other() couldn't find object

程式：adm/daemons/natured.c 第 96 行
物件: adm/daemons/natured
呼叫来自：adm/daemons/natured.c 的 update_day_phase() 第 73 行，物件： adm/daemons/natured
呼叫来自：adm/daemons/natured.c 的 event_sunrise() 第 96 行，物件： adm/daemons/natured

执行时段错误：*F_SKILL: No such skill (literate 1000)

程式：feature/skill.c 第 21 行
物件: clone/user/user#309 ("meir是个大变态")
呼叫来自：feature/command.c 的 command_hook() 第 57 行，物件： clone/user/user#309 ("meir是个大变态")
呼叫来自：cmds/wiz/call.c 的 main() 第 63 行，物件： cmds/wiz/call
呼叫来自：feature/skill.c 的 set_skill() 第 21 行，物件： clone/user/user#309 ("meir是个大变态")
get_user_data: read on fd 180
System Error: get_user_data: read: 操作已成功完成。

][1;31m【系统】meir是个大变态(Xxx)：断线了。
[37;0mget_user_data: read on fd 184
System Error: get_user_data: read: 操作已成功完成。

][1;31m【系统】傲雪(Snow)：断线了。
[37;0m
执行时段错误：*Illegal to move or destruct an object defining actions from a verb function which returns zero.

程式：0 第 0 行
物件: 0

执行时段错误：*Illegal to move or destruct an object defining actions from a verb function which returns zero.

程式：0 第 0 行
物件: 0

执行时段错误：*call_other() couldn't find object

程式：d/wizard/station_room.c 第 25 行
物件: d/wizard/station_room
呼叫来自：feature/command.c 的 command_hook() 第 57 行，物件： clone/user/user#1301 ("傲雪")
呼叫来自：cmds/std/go.c 的 main() 第 90 行，物件： cmds/std/go
呼叫来自：d/wizard/station_room.c 的 create() 第 25 行，物件： d/wizard/station_room

执行时段错误：*Illegal to move or destruct an object defining actions from a verb function which returns zero.

程式：0 第 0 行
物件: 0

执行时段错误：*Illegal to move or destruct an object defining actions from a verb function which returns zero.

程式：0 第 0 行
物件: 0

执行时段错误：*Illegal to move or destruct an object defining actions from a verb function which returns zero.

程式：0 第 0 行
物件: 0

执行时段错误：*call_other() couldn't find object

程式：adm/daemons/natured.c 第 96 行
物件: adm/daemons/natured
呼叫来自：adm/daemons/natured.c 的 update_day_phase() 第 73 行，物件： adm/daemons/natured
呼叫来自：adm/daemons/natured.c 的 event_sunrise() 第 96 行，物件： adm/daemons/natured
get_user_data: read on fd 180
System Error: get_user_data: read: 操作已成功完成。

][1;31m【系统】小旋风(Wkz)：断线了。
[37;0mget_user_data: read on fd 176
System Error: get_user_data: read: 操作已成功完成。

][1;31m【系统】傲雪(Snow)：断线了。
[37;0mget_user_data: read on fd 188
System Error: get_user_data: read: 操作已成功完成。

get_user_data: read on fd 184
System Error: get_user_data: read: 操作已成功完成。


执行时段错误：*Wrong permissions for opening file /log/test/job_system_set.c for overwrite.
"No such file or directory"

程式：adm/single/simul_efun.c 第 126 行
物件: adm/single/simul_efun
呼叫来自：d/wizard/center.c 的 do_start_system() 第 659 行，物件： d/wizard/center
呼叫来自：adm/single/simul_efun.c 的 log_file() 第 126 行，物件： adm/single/simul_efun

执行时段错误：*F_SKILL: No such skill (cutt)

程式：feature/skill.c 第 21 行
物件: clone/user/user#2631 ("小旋风")
呼叫来自：feature/command.c 的 command_hook() 第 57 行，物件： clone/user/user#2631 ("小旋风")
呼叫来自：cmds/wiz/call.c 的 main() 第 63 行，物件： cmds/wiz/call
呼叫来自：feature/skill.c 的 set_skill() 第 21 行，物件： clone/user/user#2631 ("小旋风")

执行时段错误：*call_other() couldn't find object

程式：adm/daemons/natured.c 第 96 行
物件: adm/daemons/natured
呼叫来自：adm/daemons/natured.c 的 update_day_phase() 第 73 行，物件： adm/daemons/natured
呼叫来自：adm/daemons/natured.c 的 event_sunrise() 第 96 行，物件： adm/daemons/natured
get_user_data: read on fd 184
System Error: get_user_data: read: 操作已成功完成。

][1;31m【系统】小旋风(Wkz)：断线了。
[37;0mget_user_data: read on fd 176
System Error: get_user_data: read: 操作已成功完成。

][1;31m【系统】惊云(Rider)：断线了。
[37;0mget_user_data: read on fd 180
System Error: get_user_data: read: 操作已成功完成。

Initializing internal tables....
][1;31m【系统】傲雪(Snow)：断线了。
[37;0m][1;31m【系统】小树(Meir)：断线了。
[37;0m
<---侠客行: MudOs v22pre11 (by wwj,Jan  1 1999) startup on Microsoft Windows 98 at Tue Jan 02 00:28:39 2001

using config file: D:\xkx\xkx\config.xkx
Can't find "mudos", ignoring old binaries.
Try invoking the driver using the full pathname.
System Error: init_addr_server: connect: WSAECONNREFUSED
]simul_efun loaded successfully.

Loading preloaded files ...
错误讯息被拦截: 
执行时段错误：*Value being indexed is zero.

程式：adm/daemons/network/dns_master.c 第 290 行
物件: adm/daemons/network/dns_master
呼叫来自：adm/single/master.c 的 preload() 第 103 行，物件： adm/single/master
呼叫来自：adm/single/master.c 的 CATCH() 第 103 行，物件： adm/single/master
呼叫来自：adm/daemons/network/dns_master.c 的 create() 第 862 行，物件： adm/daemons/network/dns_master
呼叫来自：adm/daemons/network/dns_master.c 的 init_database() 第 290 行，物件： adm/daemons/network/dns_master
Initializations complete.

Accepting connections on port 5555.
get_user_data: read on fd 184
System Error: get_user_data: read: 操作已成功完成。

][1;31m【系统】洋洋(Yangy)：断线了。
[37;0m
执行时段错误：*call_other() couldn't find object

程式：adm/daemons/natured.c 第 96 行
物件: adm/daemons/natured
呼叫来自：adm/daemons/natured.c 的 update_day_phase() 第 73 行，物件： adm/daemons/natured
呼叫来自：adm/daemons/natured.c 的 event_sunrise() 第 96 行，物件： adm/daemons/natured
get_user_data: read on fd 176
System Error: get_user_data: read: 操作已成功完成。

][1;31m【系统】洋洋(Yangy)：断线了。
[37;0m
执行时段错误：*F_SKILL: No such skill (bashi-shentong)

程式：feature/skill.c 第 21 行
物件: clone/user/user#809 ("小地痞")
呼叫来自：feature/command.c 的 command_hook() 第 57 行，物件： clone/user/user#809 ("小地痞")
呼叫来自：cmds/wiz/call.c 的 main() 第 63 行，物件： cmds/wiz/call
呼叫来自：feature/skill.c 的 set_skill() 第 21 行，物件： clone/user/user#809 ("小地痞")

执行时段错误：*call_other() couldn't find object

程式：d/wizard/station_room.c 第 25 行
物件: d/wizard/station_room
呼叫来自：feature/command.c 的 command_hook() 第 57 行，物件： clone/user/user#787 ("冰淇淋")
呼叫来自：cmds/std/go.c 的 main() 第 90 行，物件： cmds/std/go
呼叫来自：d/wizard/station_room.c 的 create() 第 25 行，物件： d/wizard/station_room

执行时段错误：*call_other() couldn't find object

程式：adm/daemons/natured.c 第 96 行
物件: adm/daemons/natured
呼叫来自：adm/daemons/natured.c 的 update_day_phase() 第 73 行，物件： adm/daemons/natured
呼叫来自：adm/daemons/natured.c 的 event_sunrise() 第 96 行，物件： adm/daemons/natured
][1;31m【系统】小恶霸(Yangy)：断线了。
[37;0m][1;31m【系统】小树(Vice)：断线了。
[37;0m
执行时段错误：*F_SKILL: No such skill (linji-zhuang 500)

程式：feature/skill.c 第 21 行
物件: clone/user/user#1207 ("小地痞")
呼叫来自：feature/command.c 的 command_hook() 第 57 行，物件： clone/user/user#1207 ("小地痞")
呼叫来自：cmds/wiz/call.c 的 main() 第 63 行，物件： cmds/wiz/call
呼叫来自：feature/skill.c 的 set_skill() 第 21 行，物件： clone/user/user#1207 ("小地痞")
get_user_data: read on fd 180
System Error: get_user_data: read: 操作已成功完成。

][1;31m【系统】小桃红(Iceice)：断线了。
[37;0mget_user_data: read on fd 184
System Error: get_user_data: read: 操作已成功完成。

get_user_data: read on fd 176
System Error: get_user_data: read: 操作已成功完成。

Initializing internal tables....
][1;31m【系统】小翠(Yangy)：断线了。
[37;0m][1;31m【系统】地主(Meir)：断线了。
[37;0m
<---侠客行: MudOs v22pre11 (by wwj,Jan  1 1999) startup on Microsoft Windows 98 at Tue Jan 02 01:43:58 2001

using config file: D:\xkx\xkx\config.xkx
Can't find "mudos", ignoring old binaries.
Try invoking the driver using the full pathname.
System Error: init_addr_server: connect: WSAECONNREFUSED
]simul_efun loaded successfully.

Loading preloaded files ...
错误讯息被拦截: 
执行时段错误：*Value being indexed is zero.

程式：adm/daemons/network/dns_master.c 第 290 行
物件: adm/daemons/network/dns_master
呼叫来自：adm/single/master.c 的 preload() 第 103 行，物件： adm/single/master
呼叫来自：adm/single/master.c 的 CATCH() 第 103 行，物件： adm/single/master
呼叫来自：adm/daemons/network/dns_master.c 的 create() 第 862 行，物件： adm/daemons/network/dns_master
呼叫来自：adm/daemons/network/dns_master.c 的 init_database() 第 290 行，物件： adm/daemons/network/dns_master
Initializations complete.

Accepting connections on port 5555.
Initializing internal tables....

<---侠客行: MudOs v22pre11 (by wwj,Jan  1 1999) startup on Microsoft Windows 98 at Tue Jan 02 01:47:53 2001


<---侠客行: MudOs v22pre11 (by wwj,Jan  1 1999) startup on Microsoft Windows 98 at Wed Oct 31 06:02:07 2001

Initializing internal tables....
using config file: D:\xkx\config.xkx
Bad mudlib directory: d:/xkx/xkx

<---侠客行: MudOs v22pre11 (by wwj,Jan  1 1999) shutdown at Wed Oct 31 06:02:07 2001




<---侠客行: MudOs v22pre11 (by wwj,Jan  1 1999) startup on Microsoft Windows 98 at Wed Oct 31 06:02:33 2001

using config file: D:\xkx\config.xkx
Can't find "mudos", ignoring old binaries.
Try invoking the driver using the full pathname.
System Error: init_addr_server: connect: WSAECONNREFUSED
]simul_efun loaded successfully.

Loading preloaded files ...
错误讯息被拦截: 
执行时段错误：*Value being indexed is zero.

程式：adm/daemons/network/dns_master.c 第 290 行
物件: adm/daemons/network/dns_master
呼叫来自：adm/single/master.c 的 preload() 第 103 行，物件： adm/single/master
呼叫来自：adm/single/master.c 的 CATCH() 第 103 行，物件： adm/single/master
呼叫来自：adm/daemons/network/dns_master.c 的 create() 第 862 行，物件： adm/daemons/network/dns_master
呼叫来自：adm/daemons/network/dns_master.c 的 init_database() 第 290 行，物件： adm/daemons/network/dns_master
Initializations complete.

Accepting connections on port 5555.
Initializing internal tables....

<---侠客行: MudOs v22pre11 (by wwj,Jan  1 1999) startup on Microsoft Windows 98 at Wed Oct 31 06:06:30 2001

using config file: D:\xkx\config.xkx
Can't find "mudos", ignoring old binaries.
Try invoking the driver using the full pathname.
System Error: init_addr_server: connect: WSAECONNREFUSED
]simul_efun loaded successfully.

Loading preloaded files ...
错误讯息被拦截: 
执行时段错误：*Value being indexed is zero.

程式：adm/daemons/network/dns_master.c 第 290 行
物件: adm/daemons/network/dns_master
呼叫来自：adm/single/master.c 的 preload() 第 103 行，物件： adm/single/master
呼叫来自：adm/single/master.c 的 CATCH() 第 103 行，物件： adm/single/master
呼叫来自：adm/daemons/network/dns_master.c 的 create() 第 862 行，物件： adm/daemons/network/dns_master
呼叫来自：adm/daemons/network/dns_master.c 的 init_database() 第 290 行，物件： adm/daemons/network/dns_master
Initializations complete.

Accepting connections on port 5555.

执行时段错误：*call_other() couldn't find object

程式：adm/daemons/natured.c 第 96 行
物件: adm/daemons/natured
呼叫来自：adm/daemons/natured.c 的 update_day_phase() 第 73 行，物件： adm/daemons/natured
呼叫来自：adm/daemons/natured.c 的 event_sunrise() 第 96 行，物件： adm/daemons/natured

执行时段错误：*call_other() couldn't find object

程式：adm/daemons/natured.c 第 96 行
物件: adm/daemons/natured
呼叫来自：adm/daemons/natured.c 的 update_day_phase() 第 73 行，物件： adm/daemons/natured
呼叫来自：adm/daemons/natured.c 的 event_sunrise() 第 96 行，物件： adm/daemons/natured

执行时段错误：*call_other() couldn't find object

程式：adm/daemons/natured.c 第 96 行
物件: adm/daemons/natured
呼叫来自：adm/daemons/natured.c 的 update_day_phase() 第 73 行，物件： adm/daemons/natured
呼叫来自：adm/daemons/natured.c 的 event_sunrise() 第 96 行，物件： adm/daemons/natured
Initializing internal tables....

<---侠客行: MudOs v22pre11 (by wwj,Jan  1 1999) startup on Microsoft Windows 98 at Thu Apr 10 16:52:08 2003

using config file: F:\hell\config.xkx
Can't find "mudos", ignoring old binaries.
Try invoking the driver using the full pathname.
System Error: init_addr_server: connect: WSAECONNREFUSED
]simul_efun loaded successfully.

Loading preloaded files ...
Initializations complete.

Accepting connections on port 5555.
Error in error handler: *Too deep recursion.
program: /adm/single/master.c, object: /adm/single/master, file: /adm/single/master.c:424
'     heart_beat' in 'adm/daemons/quest/judge.c' ('adm/daemons/quest/judge') /adm/daemons/quest/judge.c:35
arguments were ()
'    start_quest' in 'adm/daemons/quest/judge.c' ('adm/daemons/quest/judge') /adm/daemons/quest/judge.c:23
arguments were ()
locals were: clone/quest/judge#48
'     init_quest' in ' clone/quest/judge.c' ('clone/quest/judge#48') /clone/quest/judge.c:40
arguments were ()
locals were: 0,"灵州",0,0,0
' compile_object' in ' adm/single/master.c' ('   adm/single/master') /adm/single/master.c:41
arguments were ("/kungfu/class/generate/questnpc")
locals were: adm/daemons/virtuald
' compile_object' in 'adm/daemons/virtuald.c' ('adm/daemons/virtuald') /adm/daemons/virtuald.c:35
arguments were ("/kungfu/class/generate/questnpc")
locals were: ({ /* sizeof() == 4 */
  "kungfu",
  "class",
  "generate",
  "questnpc"
}),"/kungfu/class/generate/questnpc",3,0
' compile_object' in ' adm/single/master.c' ('   adm/single/master') /adm/single/master.c:41
arguments were ("/kungfu/class/generate/questnpc")
locals were: adm/daemons/virtuald
' compile_object' in 'adm/daemons/virtuald.c' ('adm/daemons/virtuald') /adm/daemons/virtuald.c:35
arguments were ("/kungfu/class/generate/questnpc")
locals were: ({ /* sizeof() == 4 */
  "kungfu",
  "class",
  "generate",
  "questnpc"
}),"/kungfu/class/generate/questnpc",3,0
' compile_object' in ' adm/single/master.c' ('   adm/single/master') /adm/single/master.c:41
arguments were ("/kungfu/class/generate/questnpc")
locals were: adm/daemons/virtuald
' compile_object' in 'adm/daemons/virtuald.c' ('adm/daemons/virtuald') /adm/daemons/virtuald.c:35
arguments were ("/kungfu/class/generate/questnpc")
locals were: ({ /* sizeof() == 4 */
  "kungfu",
  "class",
  "generate",
  "questnpc"
}),"/kungfu/class/generate/questnpc",3,0
' compile_object' in ' adm/single/master.c' ('   adm/single/master') /adm/single/master.c:41
arguments were ("/kungfu/class/generate/questnpc")
locals were: adm/daemons/virtuald
' compile_object' in 'adm/daemons/virtuald.c' ('adm/daemons/virtuald') /adm/daemons/virtuald.c:35
arguments were ("/kungfu/class/generate/questnpc")
locals were: ({ /* sizeof() == 4 */
  "kungfu",
  "class",
  "generate",
  "questnpc"
}),"/kungfu/class/generate/questnpc",3,0
' compile_object' in ' adm/single/master.c' ('   adm/single/master') /adm/single/master.c:41
arguments were ("/kungfu/class/generate/questnpc")
locals were: adm/daemons/virtuald
' compile_object' in 'adm/daemons/virtuald.c' ('adm/daemons/virtuald') /adm/daemons/virtuald.c:35
arguments were ("/kungfu/class/generate/questnpc")
locals were: ({ /* sizeof() == 4 */
  "kungfu",
  "class",
  "generate",
  "questnpc"
}),"/kungfu/class/generate/questnpc",3,0
' compile_object' in ' adm/single/master.c' ('   adm/single/master') /adm/single/master.c:41
arguments were ("/kungfu/class/generate/questnpc")
locals were: adm/daemons/virtuald
' compile_object' in 'adm/daemons/virtuald.c' ('adm/daemons/virtuald') /adm/daemons/virtuald.c:35
arguments were ("/kungfu/class/generate/questnpc")
locals were: ({ /* sizeof() == 4 */
  "kungfu",
  "class",
  "generate",
  "questnpc"
}),"/kungfu/class/generate/questnpc",3,0
' compile_object' in ' adm/single/master.c' ('   adm/single/master') /adm/single/master.c:41
arguments were ("/kungfu/class/generate/questnpc")
locals were: adm/daemons/virtuald
' compile_object' in 'adm/daemons/virtuald.c' ('adm/daemons/virtuald') /adm/daemons/virtuald.c:35
arguments were ("/kungfu/class/generate/questnpc")
locals were: ({ /* sizeof() == 4 */
  "kungfu",
  "class",
  "generate",
  "questnpc"
}),"/kungfu/class/generate/questnpc",3,0
' compile_object' in ' adm/single/master.c' ('   adm/single/master') /adm/single/master.c:41
arguments were ("/kungfu/class/generate/questnpc")
locals were: adm/daemons/virtuald
' compile_object' in 'adm/daemons/virtuald.c' ('adm/daemons/virtuald') /adm/daemons/virtuald.c:35
arguments were ("/kungfu/class/generate/questnpc")
locals were: ({ /* sizeof() == 4 */
  "kungfu",
  "class",
  "generate",
  "questnpc"
}),"/kungfu/class/generate/questnpc",3,0
' compile_object' in ' adm/single/master.c' ('   adm/single/master') /adm/single/master.c:41
arguments were ("/kungfu/class/generate/questnpc")
locals were: adm/daemons/virtuald
' compile_object' in 'adm/daemons/virtuald.c' ('adm/daemons/virtuald') /adm/daemons/virtuald.c:35
arguments were ("/kungfu/class/generate/questnpc")
locals were: ({ /* sizeof() == 4 */
  "kungfu",
  "class",
  "generate",
  "questnpc"
}),"/kungfu/class/generate/questnpc",3,0
' compile_object' in ' adm/single/master.c' ('   adm/single/master') /adm/single/master.c:41
arguments were ("/kungfu/class/generate/questnpc")
locals were: adm/daemons/virtuald
' compile_object' in 'adm/daemons/virtuald.c' ('adm/daemons/virtuald') /adm/daemons/virtuald.c:35
arguments were ("/kungfu/class/generate/questnpc")
locals were: ({ /* sizeof() == 4 */
  "kungfu",
  "class",
  "generate",
  "questnpc"
}),"/kungfu/class/generate/questnpc",3,0
' compile_object' in ' adm/single/master.c' ('   adm/single/master') /adm/single/master.c:41
arguments were ("/kungfu/class/generate/questnpc")
locals were: adm/daemons/virtuald
' compile_object' in 'adm/daemons/virtuald.c' ('adm/daemons/virtuald') /adm/daemons/virtuald.c:35
arguments were ("/kungfu/class/generate/questnpc")
locals were: ({ /* sizeof() == 4 */
  "kungfu",
  "class",
  "generate",
  "questnpc"
}),"/kungfu/class/generate/questnpc",3,0
' compile_object' in ' adm/single/master.c' ('   adm/single/master') /adm/single/master.c:41
arguments were ("/kungfu/class/generate/questnpc")
locals were: adm/daemons/virtuald
' compile_object' in 'adm/daemons/virtuald.c' ('adm/daemons/virtuald') /adm/daemons/virtuald.c:35
arguments were ("/kungfu/class/generate/questnpc")
locals were: ({ /* sizeof() == 4 */
  "kungfu",
  "class",
  "generate",
  "questnpc"
}),"/kungfu/class/generate/questnpc",3,0
' compile_object' in ' adm/single/master.c' ('   adm/single/master') /adm/single/master.c:41
arguments were ("/kungfu/class/generate/questnpc")
locals were: adm/daemons/virtuald
' compile_object' in 'adm/daemons/virtuald.c' ('adm/daemons/virtuald') /adm/daemons/virtuald.c:35
arguments were ("/kungfu/class/generate/questnpc")
locals were: ({ /* sizeof() == 4 */
  "kungfu",
  "class",
  "generate",
  "questnpc"
}),"/kungfu/class/generate/questnpc",3,0
' compile_object' in ' adm/single/master.c' ('   adm/single/master') /adm/single/master.c:41
arguments were ("/kungfu/class/generate/questnpc")
locals were: adm/daemons/virtuald
' compile_object' in 'adm/daemons/virtuald.c' ('adm/daemons/virtuald') /adm/daemons/virtuald.c:35
arguments were ("/kungfu/class/generate/questnpc")
locals were: ({ /* sizeof() == 4 */
  "kungfu",
  "class",
  "generate",
  "questnpc"
}),"/kungfu/class/generate/questnpc",3,0
' compile_object' in ' adm/single/master.c' ('   adm/single/master') /adm/single/master.c:41
arguments were ("/kungfu/class/generate/questnpc")
locals were: adm/daemons/virtuald
' compile_object' in 'adm/daemons/virtuald.c' ('adm/daemons/virtuald') /adm/daemons/virtuald.c:35
arguments were ("/kungfu/class/generate/questnpc")
locals were: ({ /* sizeof() == 4 */
  "kungfu",
  "class",
  "generate",
  "questnpc"
}),"/kungfu/class/generate/questnpc",3,0
' compile_object' in ' adm/single/master.c' ('   adm/single/master') /adm/single/master.c:41
arguments were ("/kungfu/class/generate/questnpc")
locals were: adm/daemons/virtuald
' compile_object' in 'adm/daemons/virtuald.c' ('adm/daemons/virtuald') /adm/daemons/virtuald.c:35
arguments were ("/kungfu/class/generate/questnpc")
locals were: ({ /* sizeof() == 4 */
  "kungfu",
  "class",
  "generate",
  "questnpc"
}),"/kungfu/class/generate/questnpc",3,0
' compile_object' in ' adm/single/master.c' ('   adm/single/master') /adm/single/master.c:41
arguments were ("/kungfu/class/generate/questnpc")
locals were: adm/daemons/virtuald
' compile_object' in 'adm/daemons/virtuald.c' ('adm/daemons/virtuald') /adm/daemons/virtuald.c:35
arguments were ("/kungfu/class/generate/questnpc")
locals were: ({ /* sizeof() == 4 */
  "kungfu",
  "class",
  "generate",
  "questnpc"
}),"/kungfu/class/generate/questnpc",3,0
' compile_object' in ' adm/single/master.c' ('   adm/single/master') /adm/single/master.c:41
arguments were ("/kungfu/class/generate/questnpc")
locals were: adm/daemons/virtuald
' compile_object' in 'adm/daemons/virtuald.c' ('adm/daemons/virtuald') /adm/daemons/virtuald.c:35
arguments were ("/kungfu/class/generate/questnpc")
locals were: ({ /* sizeof() == 4 */
  "kungfu",
  "class",
  "generate",
  "questnpc"
}),"/kungfu/class/generate/questnpc",3,0
' compile_object' in ' adm/single/master.c' ('   adm/single/master') /adm/single/master.c:41
arguments were ("/kungfu/class/generate/questnpc")
locals were: adm/daemons/virtuald
' compile_object' in 'adm/daemons/virtuald.c' ('adm/daemons/virtuald') /adm/daemons/virtuald.c:35
arguments were ("/kungfu/class/generate/questnpc")
locals were: ({ /* sizeof() == 4 */
  "kungfu",
  "class",
  "generate",
  "questnpc"
}),"/kungfu/class/generate/questnpc",3,0
' compile_object' in ' adm/single/master.c' ('   adm/single/master') /adm/single/master.c:41
arguments were ("/kungfu/class/generate/questnpc")
locals were: adm/daemons/virtuald
' compile_object' in 'adm/daemons/virtuald.c' ('adm/daemons/virtuald') /adm/daemons/virtuald.c:35
arguments were ("/kungfu/class/generate/questnpc")
locals were: ({ /* sizeof() == 4 */
  "kungfu",
  "class",
  "generate",
  "questnpc"
}),"/kungfu/class/generate/questnpc",3,0
' compile_object' in ' adm/single/master.c' ('   adm/single/master') /adm/single/master.c:41
arguments were ("/kungfu/class/generate/questnpc")
locals were: adm/daemons/virtuald
' compile_object' in 'adm/daemons/virtuald.c' ('adm/daemons/virtuald') /adm/daemons/virtuald.c:35
arguments were ("/kungfu/class/generate/questnpc")
locals were: ({ /* sizeof() == 4 */
  "kungfu",
  "class",
  "generate",
  "questnpc"
}),"/kungfu/class/generate/questnpc",3,0
' compile_object' in ' adm/single/master.c' ('   adm/single/master') /adm/single/master.c:41
arguments were ("/kungfu/class/generate/questnpc")
locals were: adm/daemons/virtuald
' compile_object' in 'adm/daemons/virtuald.c' ('adm/daemons/virtuald') /adm/daemons/virtuald.c:35
arguments were ("/kungfu/class/generate/questnpc")
locals were: ({ /* sizeof() == 4 */
  "kungfu",
  "class",
  "generate",
  "questnpc"
}),"/kungfu/class/generate/questnpc",3,0
' compile_object' in ' adm/single/master.c' ('   adm/single/master') /adm/single/master.c:41
arguments were ("/kungfu/class/generate/questnpc")
locals were: adm/daemons/virtuald
' compile_object' in 'adm/daemons/virtuald.c' ('adm/daemons/virtuald') /adm/daemons/virtuald.c:25
arguments were ("/kungfu/class/generate/questnpc")
locals were: ({ /* sizeof() == 4 */
  "kungfu",
  "class",
  "generate",
  "questnpc"
}),"/kungfu",0,0
'     valid_read' in ' adm/single/master.c' ('   adm/single/master') /adm/single/master.c:424
arguments were ("/kungfu",adm/daemons/virtuald,"file_size")
locals were: adm/daemons/securityd
Heart beat in adm/daemons/quest/judge turned off.
Error in error handler: *Too deep recursion.
program: /adm/single/master.c, object: /adm/single/master, file: /adm/single/master.c:424
'     heart_beat' in 'adm/daemons/quest/search.c' ('adm/daemons/quest/search') /adm/daemons/quest/search.c:66
arguments were ()
'    start_quest' in 'adm/daemons/quest/search.c' ('adm/daemons/quest/search') /adm/daemons/quest/search.c:53
arguments were ()
locals were: clone/quest/search#49,"/clone/questob/qtding",({ /* sizeof() == 19 */
  "/clone/questob/baijinhe",
  "/clone/questob/baiyubi",
  "/clone/questob/jingua",
  "/clone/questob/jinhulu",
  "/clone/questob/jlhua",
  "/clone/questob/jxshi",
  "/clone/questob/qkmao",
  "/clone/questob/qtding",
  "/clone/questob/sjping",
  "/clone/questob/tiegy",
  "/clone/questob/tieruyi",
  "/clone/questob/tongxq",
  "/clone/questob/ygbei",
  "/clone/questob/ylhua",
  "/clone/questob/yudai",
  "/clone/questob/yuhulu",
  "/clone/questob/yuping",
  "/clone/questob/zijinchui",
  "/clone/questob/zysha"
})
'     init_quest' in 'clone/quest/search.c' ('clone/quest/search#49') /clone/quest/search.c:64
arguments were ("/clone/questob/qtding")
locals were: "寻找青铜鼎",clone/questob/qtding,"泉州城","扬州城",0,0,0
' compile_object' in ' adm/single/master.c' ('   adm/single/master') /adm/single/master.c:41
arguments were ("/kungfu/class/generate/questnpc")
locals were: adm/daemons/virtuald
' compile_object' in 'adm/daemons/virtuald.c' ('adm/daemons/virtuald') /adm/daemons/virtuald.c:35
arguments were ("/kungfu/class/generate/questnpc")
locals were: ({ /* sizeof() == 4 */
  "kungfu",
  "class",
  "generate",
  "questnpc"
}),"/kungfu/class/generate/questnpc",3,0
' compile_object' in ' adm/single/master.c' ('   adm/single/master') /adm/single/master.c:41
arguments were ("/kungfu/class/generate/questnpc")
locals were: adm/daemons/virtuald
' compile_object' in 'adm/daemons/virtuald.c' ('adm/daemons/virtuald') /adm/daemons/virtuald.c:35
arguments were ("/kungfu/class/generate/questnpc")
locals were: ({ /* sizeof() == 4 */
  "kungfu",
  "class",
  "generate",
  "questnpc"
}),"/kungfu/class/generate/questnpc",3,0
' compile_object' in ' adm/single/master.c' ('   adm/single/master') /adm/single/master.c:41
arguments were ("/kungfu/class/generate/questnpc")
locals were: adm/daemons/virtuald
' compile_object' in 'adm/daemons/virtuald.c' ('adm/daemons/virtuald') /adm/daemons/virtuald.c:35
arguments were ("/kungfu/class/generate/questnpc")
locals were: ({ /* sizeof() == 4 */
  "kungfu",
  "class",
  "generate",
  "questnpc"
}),"/kungfu/class/generate/questnpc",3,0
' compile_object' in ' adm/single/master.c' ('   adm/single/master') /adm/single/master.c:41
arguments were ("/kungfu/class/generate/questnpc")
locals were: adm/daemons/virtuald
' compile_object' in 'adm/daemons/virtuald.c' ('adm/daemons/virtuald') /adm/daemons/virtuald.c:35
arguments were ("/kungfu/class/generate/questnpc")
locals were: ({ /* sizeof() == 4 */
  "kungfu",
  "class",
  "generate",
  "questnpc"
}),"/kungfu/class/generate/questnpc",3,0
' compile_object' in ' adm/single/master.c' ('   adm/single/master') /adm/single/master.c:41
arguments were ("/kungfu/class/generate/questnpc")
locals were: adm/daemons/virtuald
' compile_object' in 'adm/daemons/virtuald.c' ('adm/daemons/virtuald') /adm/daemons/virtuald.c:35
arguments were ("/kungfu/class/generate/questnpc")
locals were: ({ /* sizeof() == 4 */
  "kungfu",
  "class",
  "generate",
  "questnpc"
}),"/kungfu/class/generate/questnpc",3,0
' compile_object' in ' adm/single/master.c' ('   adm/single/master') /adm/single/master.c:41
arguments were ("/kungfu/class/generate/questnpc")
locals were: adm/daemons/virtuald
' compile_object' in 'adm/daemons/virtuald.c' ('adm/daemons/virtuald') /adm/daemons/virtuald.c:35
arguments were ("/kungfu/class/generate/questnpc")
locals were: ({ /* sizeof() == 4 */
  "kungfu",
  "class",
  "generate",
  "questnpc"
}),"/kungfu/class/generate/questnpc",3,0
' compile_object' in ' adm/single/master.c' ('   adm/single/master') /adm/single/master.c:41
arguments were ("/kungfu/class/generate/questnpc")
locals were: adm/daemons/virtuald
' compile_object' in 'adm/daemons/virtuald.c' ('adm/daemons/virtuald') /adm/daemons/virtuald.c:35
arguments were ("/kungfu/class/generate/questnpc")
locals were: ({ /* sizeof() == 4 */
  "kungfu",
  "class",
  "generate",
  "questnpc"
}),"/kungfu/class/generate/questnpc",3,0
' compile_object' in ' adm/single/master.c' ('   adm/single/master') /adm/single/master.c:41
arguments were ("/kungfu/class/generate/questnpc")
locals were: adm/daemons/virtuald
' compile_object' in 'adm/daemons/virtuald.c' ('adm/daemons/virtuald') /adm/daemons/virtuald.c:35
arguments were ("/kungfu/class/generate/questnpc")
locals were: ({ /* sizeof() == 4 */
  "kungfu",
  "class",
  "generate",
  "questnpc"
}),"/kungfu/class/generate/questnpc",3,0
' compile_object' in ' adm/single/master.c' ('   adm/single/master') /adm/single/master.c:41
arguments were ("/kungfu/class/generate/questnpc")
locals were: adm/daemons/virtuald
' compile_object' in 'adm/daemons/virtuald.c' ('adm/daemons/virtuald') /adm/daemons/virtuald.c:35
arguments were ("/kungfu/class/generate/questnpc")
locals were: ({ /* sizeof() == 4 */
  "kungfu",
  "class",
  "generate",
  "questnpc"
}),"/kungfu/class/generate/questnpc",3,0
' compile_object' in ' adm/single/master.c' ('   adm/single/master') /adm/single/master.c:41
arguments were ("/kungfu/class/generate/questnpc")
locals were: adm/daemons/virtuald
' compile_object' in 'adm/daemons/virtuald.c' ('adm/daemons/virtuald') /adm/daemons/virtuald.c:35
arguments were ("/kungfu/class/generate/questnpc")
locals were: ({ /* sizeof() == 4 */
  "kungfu",
  "class",
  "generate",
  "questnpc"
}),"/kungfu/class/generate/questnpc",3,0
' compile_object' in ' adm/single/master.c' ('   adm/single/master') /adm/single/master.c:41
arguments were ("/kungfu/class/generate/questnpc")
locals were: adm/daemons/virtuald
' compile_object' in 'adm/daemons/virtuald.c' ('adm/daemons/virtuald') /adm/daemons/virtuald.c:35
arguments were ("/kungfu/class/generate/questnpc")
locals were: ({ /* sizeof() == 4 */
  "kungfu",
  "class",
  "generate",
  "questnpc"
}),"/kungfu/class/generate/questnpc",3,0
' compile_object' in ' adm/single/master.c' ('   adm/single/master') /adm/single/master.c:41
arguments were ("/kungfu/class/generate/questnpc")
locals were: adm/daemons/virtuald
' compile_object' in 'adm/daemons/virtuald.c' ('adm/daemons/virtuald') /adm/daemons/virtuald.c:35
arguments were ("/kungfu/class/generate/questnpc")
locals were: ({ /* sizeof() == 4 */
  "kungfu",
  "class",
  "generate",
  "questnpc"
}),"/kungfu/class/generate/questnpc",3,0
' compile_object' in ' adm/single/master.c' ('   adm/single/master') /adm/single/master.c:41
arguments were ("/kungfu/class/generate/questnpc")
locals were: adm/daemons/virtuald
' compile_object' in 'adm/daemons/virtuald.c' ('adm/daemons/virtuald') /adm/daemons/virtuald.c:35
arguments were ("/kungfu/class/generate/questnpc")
locals were: ({ /* sizeof() == 4 */
  "kungfu",
  "class",
  "generate",
  "questnpc"
}),"/kungfu/class/generate/questnpc",3,0
' compile_object' in ' adm/single/master.c' ('   adm/single/master') /adm/single/master.c:41
arguments were ("/kungfu/class/generate/questnpc")
locals were: adm/daemons/virtuald
' compile_object' in 'adm/daemons/virtuald.c' ('adm/daemons/virtuald') /adm/daemons/virtuald.c:35
arguments were ("/kungfu/class/generate/questnpc")
locals were: ({ /* sizeof() == 4 */
  "kungfu",
  "class",
  "generate",
  "questnpc"
}),"/kungfu/class/generate/questnpc",3,0
' compile_object' in ' adm/single/master.c' ('   adm/single/master') /adm/single/master.c:41
arguments were ("/kungfu/class/generate/questnpc")
locals were: adm/daemons/virtuald
' compile_object' in 'adm/daemons/virtuald.c' ('adm/daemons/virtuald') /adm/daemons/virtuald.c:35
arguments were ("/kungfu/class/generate/questnpc")
locals were: ({ /* sizeof() == 4 */
  "kungfu",
  "class",
  "generate",
  "questnpc"
}),"/kungfu/class/generate/questnpc",3,0
' compile_object' in ' adm/single/master.c' ('   adm/single/master') /adm/single/master.c:41
arguments were ("/kungfu/class/generate/questnpc")
locals were: adm/daemons/virtuald
' compile_object' in 'adm/daemons/virtuald.c' ('adm/daemons/virtuald') /adm/daemons/virtuald.c:35
arguments were ("/kungfu/class/generate/questnpc")
locals were: ({ /* sizeof() == 4 */
  "kungfu",
  "class",
  "generate",
  "questnpc"
}),"/kungfu/class/generate/questnpc",3,0
' compile_object' in ' adm/single/master.c' ('   adm/single/master') /adm/single/master.c:41
arguments were ("/kungfu/class/generate/questnpc")
locals were: adm/daemons/virtuald
' compile_object' in 'adm/daemons/virtuald.c' ('adm/daemons/virtuald') /adm/daemons/virtuald.c:35
arguments were ("/kungfu/class/generate/questnpc")
locals were: ({ /* sizeof() == 4 */
  "kungfu",
  "class",
  "generate",
  "questnpc"
}),"/kungfu/class/generate/questnpc",3,0
' compile_object' in ' adm/single/master.c' ('   adm/single/master') /adm/single/master.c:41
arguments were ("/kungfu/class/generate/questnpc")
locals were: adm/daemons/virtuald
' compile_object' in 'adm/daemons/virtuald.c' ('adm/daemons/virtuald') /adm/daemons/virtuald.c:35
arguments were ("/kungfu/class/generate/questnpc")
locals were: ({ /* sizeof() == 4 */
  "kungfu",
  "class",
  "generate",
  "questnpc"
}),"/kungfu/class/generate/questnpc",3,0
' compile_object' in ' adm/single/master.c' ('   adm/single/master') /adm/single/master.c:41
arguments were ("/kungfu/class/generate/questnpc")
locals were: adm/daemons/virtuald
' compile_object' in 'adm/daemons/virtuald.c' ('adm/daemons/virtuald') /adm/daemons/virtuald.c:35
arguments were ("/kungfu/class/generate/questnpc")
locals were: ({ /* sizeof() == 4 */
  "kungfu",
  "class",
  "generate",
  "questnpc"
}),"/kungfu/class/generate/questnpc",3,0
' compile_object' in ' adm/single/master.c' ('   adm/single/master') /adm/single/master.c:41
arguments were ("/kungfu/class/generate/questnpc")
locals were: adm/daemons/virtuald
' compile_object' in 'adm/daemons/virtuald.c' ('adm/daemons/virtuald') /adm/daemons/virtuald.c:35
arguments were ("/kungfu/class/generate/questnpc")
locals were: ({ /* sizeof() == 4 */
  "kungfu",
  "class",
  "generate",
  "questnpc"
}),"/kungfu/class/generate/questnpc",3,0
' compile_object' in ' adm/single/master.c' ('   adm/single/master') /adm/single/master.c:41
arguments were ("/kungfu/class/generate/questnpc")
locals were: adm/daemons/virtuald
' compile_object' in 'adm/daemons/virtuald.c' ('adm/daemons/virtuald') /adm/daemons/virtuald.c:35
arguments were ("/kungfu/class/generate/questnpc")
locals were: ({ /* sizeof() == 4 */
  "kungfu",
  "class",
  "generate",
  "questnpc"
}),"/kungfu/class/generate/questnpc",3,0
' compile_object' in ' adm/single/master.c' ('   adm/single/master') /adm/single/master.c:41
arguments were ("/kungfu/class/generate/questnpc")
locals were: adm/daemons/virtuald
' compile_object' in 'adm/daemons/virtuald.c' ('adm/daemons/virtuald') /adm/daemons/virtuald.c:35
arguments were ("/kungfu/class/generate/questnpc")
locals were: ({ /* sizeof() == 4 */
  "kungfu",
  "class",
  "generate",
  "questnpc"
}),"/kungfu/class/generate/questnpc",3,0
' compile_object' in ' adm/single/master.c' ('   adm/single/master') /adm/single/master.c:41
arguments were ("/kungfu/class/generate/questnpc")
locals were: adm/daemons/virtuald
' compile_object' in 'adm/daemons/virtuald.c' ('adm/daemons/virtuald') /adm/daemons/virtuald.c:25
arguments were ("/kungfu/class/generate/questnpc")
locals were: ({ /* sizeof() == 4 */
  "kungfu",
  "class",
  "generate",
  "questnpc"
}),"/kungfu",0,0
'     valid_read' in ' adm/single/master.c' ('   adm/single/master') /adm/single/master.c:424
arguments were ("/kungfu",adm/daemons/virtuald,"file_size")
locals were: adm/daemons/securityd
Heart beat in adm/daemons/quest/search turned off.
Error in error handler: *Too deep recursion.
program: /adm/single/master.c, object: /adm/single/master, file: /adm/single/master.c:424
'     heart_beat' in 'adm/daemons/quest/shen.c' ('adm/daemons/quest/shen') /adm/daemons/quest/shen.c:37
arguments were ()
'    start_quest' in 'adm/daemons/quest/shen.c' ('adm/daemons/quest/shen') /adm/daemons/quest/shen.c:25
arguments were ()
locals were: clone/quest/shen#50,0,0
'     init_quest' in '  clone/quest/shen.c' (' clone/quest/shen#50') /clone/quest/shen.c:39
arguments were ()
locals were: 0,0,"扬州城",0,0,0
' compile_object' in ' adm/single/master.c' ('   adm/single/master') /adm/single/master.c:41
arguments were ("/kungfu/class/generate/shennpc")
locals were: adm/daemons/virtuald
' compile_object' in 'adm/daemons/virtuald.c' ('adm/daemons/virtuald') /adm/daemons/virtuald.c:35
arguments were ("/kungfu/class/generate/shennpc")
locals were: ({ /* sizeof() == 4 */
  "kungfu",
  "class",
  "generate",
  "shennpc"
}),"/kungfu/class/generate/shennpc",3,0
' compile_object' in ' adm/single/master.c' ('   adm/single/master') /adm/single/master.c:41
arguments were ("/kungfu/class/generate/shennpc")
locals were: adm/daemons/virtuald
' compile_object' in 'adm/daemons/virtuald.c' ('adm/daemons/virtuald') /adm/daemons/virtuald.c:35
arguments were ("/kungfu/class/generate/shennpc")
locals were: ({ /* sizeof() == 4 */
  "kungfu",
  "class",
  "generate",
  "shennpc"
}),"/kungfu/class/generate/shennpc",3,0
' compile_object' in ' adm/single/master.c' ('   adm/single/master') /adm/single/master.c:41
arguments were ("/kungfu/class/generate/shennpc")
locals were: adm/daemons/virtuald
' compile_object' in 'adm/daemons/virtuald.c' ('adm/daemons/virtuald') /adm/daemons/virtuald.c:35
arguments were ("/kungfu/class/generate/shennpc")
locals were: ({ /* sizeof() == 4 */
  "kungfu",
  "class",
  "generate",
  "shennpc"
}),"/kungfu/class/generate/shennpc",3,0
' compile_object' in ' adm/single/master.c' ('   adm/single/master') /adm/single/master.c:41
arguments were ("/kungfu/class/generate/shennpc")
locals were: adm/daemons/virtuald
' compile_object' in 'adm/daemons/virtuald.c' ('adm/daemons/virtuald') /adm/daemons/virtuald.c:35
arguments were ("/kungfu/class/generate/shennpc")
locals were: ({ /* sizeof() == 4 */
  "kungfu",
  "class",
  "generate",
  "shennpc"
}),"/kungfu/class/generate/shennpc",3,0
' compile_object' in ' adm/single/master.c' ('   adm/single/master') /adm/single/master.c:41
arguments were ("/kungfu/class/generate/shennpc")
locals were: adm/daemons/virtuald
' compile_object' in 'adm/daemons/virtuald.c' ('adm/daemons/virtuald') /adm/daemons/virtuald.c:35
arguments were ("/kungfu/class/generate/shennpc")
locals were: ({ /* sizeof() == 4 */
  "kungfu",
  "class",
  "generate",
  "shennpc"
}),"/kungfu/class/generate/shennpc",3,0
' compile_object' in ' adm/single/master.c' ('   adm/single/master') /adm/single/master.c:41
arguments were ("/kungfu/class/generate/shennpc")
locals were: adm/daemons/virtuald
' compile_object' in 'adm/daemons/virtuald.c' ('adm/daemons/virtuald') /adm/daemons/virtuald.c:35
arguments were ("/kungfu/class/generate/shennpc")
locals were: ({ /* sizeof() == 4 */
  "kungfu",
  "class",
  "generate",
  "shennpc"
}),"/kungfu/class/generate/shennpc",3,0
' compile_object' in ' adm/single/master.c' ('   adm/single/master') /adm/single/master.c:41
arguments were ("/kungfu/class/generate/shennpc")
locals were: adm/daemons/virtuald
' compile_object' in 'adm/daemons/virtuald.c' ('adm/daemons/virtuald') /adm/daemons/virtuald.c:35
arguments were ("/kungfu/class/generate/shennpc")
locals were: ({ /* sizeof() == 4 */
  "kungfu",
  "class",
  "generate",
  "shennpc"
}),"/kungfu/class/generate/shennpc",3,0
' compile_object' in ' adm/single/master.c' ('   adm/single/master') /adm/single/master.c:41
arguments were ("/kungfu/class/generate/shennpc")
locals were: adm/daemons/virtuald
' compile_object' in 'adm/daemons/virtuald.c' ('adm/daemons/virtuald') /adm/daemons/virtuald.c:35
arguments were ("/kungfu/class/generate/shennpc")
locals were: ({ /* sizeof() == 4 */
  "kungfu",
  "class",
  "generate",
  "shennpc"
}),"/kungfu/class/generate/shennpc",3,0
' compile_object' in ' adm/single/master.c' ('   adm/single/master') /adm/single/master.c:41
arguments were ("/kungfu/class/generate/shennpc")
locals were: adm/daemons/virtuald
' compile_object' in 'adm/daemons/virtuald.c' ('adm/daemons/virtuald') /adm/daemons/virtuald.c:35
arguments were ("/kungfu/class/generate/shennpc")
locals were: ({ /* sizeof() == 4 */
  "kungfu",
  "class",
  "generate",
  "shennpc"
}),"/kungfu/class/generate/shennpc",3,0
' compile_object' in ' adm/single/master.c' ('   adm/single/master') /adm/single/master.c:41
arguments were ("/kungfu/class/generate/shennpc")
locals were: adm/daemons/virtuald
' compile_object' in 'adm/daemons/virtuald.c' ('adm/daemons/virtuald') /adm/daemons/virtuald.c:35
arguments were ("/kungfu/class/generate/shennpc")
locals were: ({ /* sizeof() == 4 */
  "kungfu",
  "class",
  "generate",
  "shennpc"
}),"/kungfu/class/generate/shennpc",3,0
' compile_object' in ' adm/single/master.c' ('   adm/single/master') /adm/single/master.c:41
arguments were ("/kungfu/class/generate/shennpc")
locals were: adm/daemons/virtuald
' compile_object' in 'adm/daemons/virtuald.c' ('adm/daemons/virtuald') /adm/daemons/virtuald.c:35
arguments were ("/kungfu/class/generate/shennpc")
locals were: ({ /* sizeof() == 4 */
  "kungfu",
  "class",
  "generate",
  "shennpc"
}),"/kungfu/class/generate/shennpc",3,0
' compile_object' in ' adm/single/master.c' ('   adm/single/master') /adm/single/master.c:41
arguments were ("/kungfu/class/generate/shennpc")
locals were: adm/daemons/virtuald
' compile_object' in 'adm/daemons/virtuald.c' ('adm/daemons/virtuald') /adm/daemons/virtuald.c:35
arguments were ("/kungfu/class/generate/shennpc")
locals were: ({ /* sizeof() == 4 */
  "kungfu",
  "class",
  "generate",
  "shennpc"
}),"/kungfu/class/generate/shennpc",3,0
' compile_object' in ' adm/single/master.c' ('   adm/single/master') /adm/single/master.c:41
arguments were ("/kungfu/class/generate/shennpc")
locals were: adm/daemons/virtuald
' compile_object' in 'adm/daemons/virtuald.c' ('adm/daemons/virtuald') /adm/daemons/virtuald.c:35
arguments were ("/kungfu/class/generate/shennpc")
locals were: ({ /* sizeof() == 4 */
  "kungfu",
  "class",
  "generate",
  "shennpc"
}),"/kungfu/class/generate/shennpc",3,0
' compile_object' in ' adm/single/master.c' ('   adm/single/master') /adm/single/master.c:41
arguments were ("/kungfu/class/generate/shennpc")
locals were: adm/daemons/virtuald
' compile_object' in 'adm/daemons/virtuald.c' ('adm/daemons/virtuald') /adm/daemons/virtuald.c:35
arguments were ("/kungfu/class/generate/shennpc")
locals were: ({ /* sizeof() == 4 */
  "kungfu",
  "class",
  "generate",
  "shennpc"
}),"/kungfu/class/generate/shennpc",3,0
' compile_object' in ' adm/single/master.c' ('   adm/single/master') /adm/single/master.c:41
arguments were ("/kungfu/class/generate/shennpc")
locals were: adm/daemons/virtuald
' compile_object' in 'adm/daemons/virtuald.c' ('adm/daemons/virtuald') /adm/daemons/virtuald.c:35
arguments were ("/kungfu/class/generate/shennpc")
locals were: ({ /* sizeof() == 4 */
  "kungfu",
  "class",
  "generate",
  "shennpc"
}),"/kungfu/class/generate/shennpc",3,0
' compile_object' in ' adm/single/master.c' ('   adm/single/master') /adm/single/master.c:41
arguments were ("/kungfu/class/generate/shennpc")
locals were: adm/daemons/virtuald
' compile_object' in 'adm/daemons/virtuald.c' ('adm/daemons/virtuald') /adm/daemons/virtuald.c:35
arguments were ("/kungfu/class/generate/shennpc")
locals were: ({ /* sizeof() == 4 */
  "kungfu",
  "class",
  "generate",
  "shennpc"
}),"/kungfu/class/generate/shennpc",3,0
' compile_object' in ' adm/single/master.c' ('   adm/single/master') /adm/single/master.c:41
arguments were ("/kungfu/class/generate/shennpc")
locals were: adm/daemons/virtuald
' compile_object' in 'adm/daemons/virtuald.c' ('adm/daemons/virtuald') /adm/daemons/virtuald.c:35
arguments were ("/kungfu/class/generate/shennpc")
locals were: ({ /* sizeof() == 4 */
  "kungfu",
  "class",
  "generate",
  "shennpc"
}),"/kungfu/class/generate/shennpc",3,0
' compile_object' in ' adm/single/master.c' ('   adm/single/master') /adm/single/master.c:41
arguments were ("/kungfu/class/generate/shennpc")
locals were: adm/daemons/virtuald
' compile_object' in 'adm/daemons/virtuald.c' ('adm/daemons/virtuald') /adm/daemons/virtuald.c:35
arguments were ("/kungfu/class/generate/shennpc")
locals were: ({ /* sizeof() == 4 */
  "kungfu",
  "class",
  "generate",
  "shennpc"
}),"/kungfu/class/generate/shennpc",3,0
' compile_object' in ' adm/single/master.c' ('   adm/single/master') /adm/single/master.c:41
arguments were ("/kungfu/class/generate/shennpc")
locals were: adm/daemons/virtuald
' compile_object' in 'adm/daemons/virtuald.c' ('adm/daemons/virtuald') /adm/daemons/virtuald.c:35
arguments were ("/kungfu/class/generate/shennpc")
locals were: ({ /* sizeof() == 4 */
  "kungfu",
  "class",
  "generate",
  "shennpc"
}),"/kungfu/class/generate/shennpc",3,0
' compile_object' in ' adm/single/master.c' ('   adm/single/master') /adm/single/master.c:41
arguments were ("/kungfu/class/generate/shennpc")
locals were: adm/daemons/virtuald
' compile_object' in 'adm/daemons/virtuald.c' ('adm/daemons/virtuald') /adm/daemons/virtuald.c:35
arguments were ("/kungfu/class/generate/shennpc")
locals were: ({ /* sizeof() == 4 */
  "kungfu",
  "class",
  "generate",
  "shennpc"
}),"/kungfu/class/generate/shennpc",3,0
' compile_object' in ' adm/single/master.c' ('   adm/single/master') /adm/single/master.c:41
arguments were ("/kungfu/class/generate/shennpc")
locals were: adm/daemons/virtuald
' compile_object' in 'adm/daemons/virtuald.c' ('adm/daemons/virtuald') /adm/daemons/virtuald.c:35
arguments were ("/kungfu/class/generate/shennpc")
locals were: ({ /* sizeof() == 4 */
  "kungfu",
  "class",
  "generate",
  "shennpc"
}),"/kungfu/class/generate/shennpc",3,0
' compile_object' in ' adm/single/master.c' ('   adm/single/master') /adm/single/master.c:41
arguments were ("/kungfu/class/generate/shennpc")
locals were: adm/daemons/virtuald
' compile_object' in 'adm/daemons/virtuald.c' ('adm/daemons/virtuald') /adm/daemons/virtuald.c:35
arguments were ("/kungfu/class/generate/shennpc")
locals were: ({ /* sizeof() == 4 */
  "kungfu",
  "class",
  "generate",
  "shennpc"
}),"/kungfu/class/generate/shennpc",3,0
' compile_object' in ' adm/single/master.c' ('   adm/single/master') /adm/single/master.c:41
arguments were ("/kungfu/class/generate/shennpc")
locals were: adm/daemons/virtuald
' compile_object' in 'adm/daemons/virtuald.c' ('adm/daemons/virtuald') /adm/daemons/virtuald.c:25
arguments were ("/kungfu/class/generate/shennpc")
locals were: ({ /* sizeof() == 4 */
  "kungfu",
  "class",
  "generate",
  "shennpc"
}),"/kungfu",0,0
'     valid_read' in ' adm/single/master.c' ('   adm/single/master') /adm/single/master.c:424
arguments were ("/kungfu",adm/daemons/virtuald,"file_size")
locals were: adm/daemons/securityd
Heart beat in adm/daemons/quest/shen turned off.
Error in error handler: *Too deep recursion.
program: /adm/single/master.c, object: /adm/single/master, file: /adm/single/master.c:424
'     heart_beat' in 'adm/daemons/quest/explore.c' ('adm/daemons/quest/explore') /adm/daemons/quest/explore.c:130
arguments were ()
'    start_quest' in 'adm/daemons/quest/explore.c' ('adm/daemons/quest/explore') /adm/daemons/quest/explore.c:83
arguments were ()
locals were: 0,0,"/d/lingzhou/neizai",0,0,0,({ /* sizeof() == 17 */
  "/d/suzhou/jubaozhai",
  "/d/changan/fangzhangshi",
  "/d/city/duchang",
  "/d/hangzhou/road12",
  "/d/city/houyuan",
  "/d/city3/jiudian",
  "/d/hangzhou/lingyinsi",
  "/d/city3/tidufu",
  "/d/city/ymzhengting",
  "/d/fuzhou/yamen",
  "/d/dali/qiandian",
  "/d/lingzhou/neizai",
  "/d/dali/wangfugate",
  "/d/beijing/dangpu",
  "/d/lingzhou/yipindayuan",
  "/d/suzhou/yamen",
  "/d/changan/yamen-datang"
}),({ /* sizeof() == 2 */
  clone/quest/explore#22,
  clone/quest/explore
}),0,0
'     get_object' in 'adm/single/simul_efun.c' ('adm/single/simul_efun') /adm/simul_efun/util.c:151
arguments were ("/d/lingzhou/neizai")
locals were: 0
' compile_object' in ' adm/single/master.c' ('   adm/single/master') /adm/single/master.c:41
arguments were ("/d/lingzhou/neizai")
locals were: adm/daemons/virtuald
' compile_object' in 'adm/daemons/virtuald.c' ('adm/daemons/virtuald') /adm/daemons/virtuald.c:35
arguments were ("/d/lingzhou/neizai")
locals were: ({ /* sizeof() == 3 */
  "d",
  "lingzhou",
  "neizai"
}),"/d/lingzhou/neizai",2,0
' compile_object' in ' adm/single/master.c' ('   adm/single/master') /adm/single/master.c:41
arguments were ("/d/lingzhou/neizai")
locals were: adm/daemons/virtuald
' compile_object' in 'adm/daemons/virtuald.c' ('adm/daemons/virtuald') /adm/daemons/virtuald.c:35
arguments were ("/d/lingzhou/neizai")
locals were: ({ /* sizeof() == 3 */
  "d",
  "lingzhou",
  "neizai"
}),"/d/lingzhou/neizai",2,0
' compile_object' in ' adm/single/master.c' ('   adm/single/master') /adm/single/master.c:41
arguments were ("/d/lingzhou/neizai")
locals were: adm/daemons/virtuald
' compile_object' in 'adm/daemons/virtuald.c' ('adm/daemons/virtuald') /adm/daemons/virtuald.c:35
arguments were ("/d/lingzhou/neizai")
locals were: ({ /* sizeof() == 3 */
  "d",
  "lingzhou",
  "neizai"
}),"/d/lingzhou/neizai",2,0
' compile_object' in ' adm/single/master.c' ('   adm/single/master') /adm/single/master.c:41
arguments were ("/d/lingzhou/neizai")
locals were: adm/daemons/virtuald
' compile_object' in 'adm/daemons/virtuald.c' ('adm/daemons/virtuald') /adm/daemons/virtuald.c:35
arguments were ("/d/lingzhou/neizai")
locals were: ({ /* sizeof() == 3 */
  "d",
  "lingzhou",
  "neizai"
}),"/d/lingzhou/neizai",2,0
' compile_object' in ' adm/single/master.c' ('   adm/single/master') /adm/single/master.c:41
arguments were ("/d/lingzhou/neizai")
locals were: adm/daemons/virtuald
' compile_object' in 'adm/daemons/virtuald.c' ('adm/daemons/virtuald') /adm/daemons/virtuald.c:35
arguments were ("/d/lingzhou/neizai")
locals were: ({ /* sizeof() == 3 */
  "d",
  "lingzhou",
  "neizai"
}),"/d/lingzhou/neizai",2,0
' compile_object' in ' adm/single/master.c' ('   adm/single/master') /adm/single/master.c:41
arguments were ("/d/lingzhou/neizai")
locals were: adm/daemons/virtuald
' compile_object' in 'adm/daemons/virtuald.c' ('adm/daemons/virtuald') /adm/daemons/virtuald.c:35
arguments were ("/d/lingzhou/neizai")
locals were: ({ /* sizeof() == 3 */
  "d",
  "lingzhou",
  "neizai"
}),"/d/lingzhou/neizai",2,0
' compile_object' in ' adm/single/master.c' ('   adm/single/master') /adm/single/master.c:41
arguments were ("/d/lingzhou/neizai")
locals were: adm/daemons/virtuald
' compile_object' in 'adm/daemons/virtuald.c' ('adm/daemons/virtuald') /adm/daemons/virtuald.c:35
arguments were ("/d/lingzhou/neizai")
locals were: ({ /* sizeof() == 3 */
  "d",
  "lingzhou",
  "neizai"
}),"/d/lingzhou/neizai",2,0
' compile_object' in ' adm/single/master.c' ('   adm/single/master') /adm/single/master.c:41
arguments were ("/d/lingzhou/neizai")
locals were: adm/daemons/virtuald
' compile_object' in 'adm/daemons/virtuald.c' ('adm/daemons/virtuald') /adm/daemons/virtuald.c:35
arguments were ("/d/lingzhou/neizai")
locals were: ({ /* sizeof() == 3 */
  "d",
  "lingzhou",
  "neizai"
}),"/d/lingzhou/neizai",2,0
' compile_object' in ' adm/single/master.c' ('   adm/single/master') /adm/single/master.c:41
arguments were ("/d/lingzhou/neizai")
locals were: adm/daemons/virtuald
' compile_object' in 'adm/daemons/virtuald.c' ('adm/daemons/virtuald') /adm/daemons/virtuald.c:35
arguments were ("/d/lingzhou/neizai")
locals were: ({ /* sizeof() == 3 */
  "d",
  "lingzhou",
  "neizai"
}),"/d/lingzhou/neizai",2,0
' compile_object' in ' adm/single/master.c' ('   adm/single/master') /adm/single/master.c:41
arguments were ("/d/lingzhou/neizai")
locals were: adm/daemons/virtuald
' compile_object' in 'adm/daemons/virtuald.c' ('adm/daemons/virtuald') /adm/daemons/virtuald.c:35
arguments were ("/d/lingzhou/neizai")
locals were: ({ /* sizeof() == 3 */
  "d",
  "lingzhou",
  "neizai"
}),"/d/lingzhou/neizai",2,0
' compile_object' in ' adm/single/master.c' ('   adm/single/master') /adm/single/master.c:41
arguments were ("/d/lingzhou/neizai")
locals were: adm/daemons/virtuald
' compile_object' in 'adm/daemons/virtuald.c' ('adm/daemons/virtuald') /adm/daemons/virtuald.c:35
arguments were ("/d/lingzhou/neizai")
locals were: ({ /* sizeof() == 3 */
  "d",
  "lingzhou",
  "neizai"
}),"/d/lingzhou/neizai",2,0
' compile_object' in ' adm/single/master.c' ('   adm/single/master') /adm/single/master.c:41
arguments were ("/d/lingzhou/neizai")
locals were: adm/daemons/virtuald
' compile_object' in 'adm/daemons/virtuald.c' ('adm/daemons/virtuald') /adm/daemons/virtuald.c:35
arguments were ("/d/lingzhou/neizai")
locals were: ({ /* sizeof() == 3 */
  "d",
  "lingzhou",
  "neizai"
}),"/d/lingzhou/neizai",2,0
' compile_object' in ' adm/single/master.c' ('   adm/single/master') /adm/single/master.c:41
arguments were ("/d/lingzhou/neizai")
locals were: adm/daemons/virtuald
' compile_object' in 'adm/daemons/virtuald.c' ('adm/daemons/virtuald') /adm/daemons/virtuald.c:35
arguments were ("/d/lingzhou/neizai")
locals were: ({ /* sizeof() == 3 */
  "d",
  "lingzhou",
  "neizai"
}),"/d/lingzhou/neizai",2,0
' compile_object' in ' adm/single/master.c' ('   adm/single/master') /adm/single/master.c:41
arguments were ("/d/lingzhou/neizai")
locals were: adm/daemons/virtuald
' compile_object' in 'adm/daemons/virtuald.c' ('adm/daemons/virtuald') /adm/daemons/virtuald.c:35
arguments were ("/d/lingzhou/neizai")
locals were: ({ /* sizeof() == 3 */
  "d",
  "lingzhou",
  "neizai"
}),"/d/lingzhou/neizai",2,0
' compile_object' in ' adm/single/master.c' ('   adm/single/master') /adm/single/master.c:41
arguments were ("/d/lingzhou/neizai")
locals were: adm/daemons/virtuald
' compile_object' in 'adm/daemons/virtuald.c' ('adm/daemons/virtuald') /adm/daemons/virtuald.c:35
arguments were ("/d/lingzhou/neizai")
locals were: ({ /* sizeof() == 3 */
  "d",
  "lingzhou",
  "neizai"
}),"/d/lingzhou/neizai",2,0
' compile_object' in ' adm/single/master.c' ('   adm/single/master') /adm/single/master.c:41
arguments were ("/d/lingzhou/neizai")
locals were: adm/daemons/virtuald
' compile_object' in 'adm/daemons/virtuald.c' ('adm/daemons/virtuald') /adm/daemons/virtuald.c:35
arguments were ("/d/lingzhou/neizai")
locals were: ({ /* sizeof() == 3 */
  "d",
  "lingzhou",
  "neizai"
}),"/d/lingzhou/neizai",2,0
' compile_object' in ' adm/single/master.c' ('   adm/single/master') /adm/single/master.c:41
arguments were ("/d/lingzhou/neizai")
locals were: adm/daemons/virtuald
' compile_object' in 'adm/daemons/virtuald.c' ('adm/daemons/virtuald') /adm/daemons/virtuald.c:35
arguments were ("/d/lingzhou/neizai")
locals were: ({ /* sizeof() == 3 */
  "d",
  "lingzhou",
  "neizai"
}),"/d/lingzhou/neizai",2,0
' compile_object' in ' adm/single/master.c' ('   adm/single/master') /adm/single/master.c:41
arguments were ("/d/lingzhou/neizai")
locals were: adm/daemons/virtuald
' compile_object' in 'adm/daemons/virtuald.c' ('adm/daemons/virtuald') /adm/daemons/virtuald.c:35
arguments were ("/d/lingzhou/neizai")
locals were: ({ /* sizeof() == 3 */
  "d",
  "lingzhou",
  "neizai"
}),"/d/lingzhou/neizai",2,0
' compile_object' in ' adm/single/master.c' ('   adm/single/master') /adm/single/master.c:41
arguments were ("/d/lingzhou/neizai")
locals were: adm/daemons/virtuald
' compile_object' in 'adm/daemons/virtuald.c' ('adm/daemons/virtuald') /adm/daemons/virtuald.c:35
arguments were ("/d/lingzhou/neizai")
locals were: ({ /* sizeof() == 3 */
  "d",
  "lingzhou",
  "neizai"
}),"/d/lingzhou/neizai",2,0
' compile_object' in ' adm/single/master.c' ('   adm/single/master') /adm/single/master.c:41
arguments were ("/d/lingzhou/neizai")
locals were: adm/daemons/virtuald
' compile_object' in 'adm/daemons/virtuald.c' ('adm/daemons/virtuald') /adm/daemons/virtuald.c:35
arguments were ("/d/lingzhou/neizai")
locals were: ({ /* sizeof() == 3 */
  "d",
  "lingzhou",
  "neizai"
}),"/d/lingzhou/neizai",2,0
' compile_object' in ' adm/single/master.c' ('   adm/single/master') /adm/single/master.c:41
arguments were ("/d/lingzhou/neizai")
locals were: adm/daemons/virtuald
' compile_object' in 'adm/daemons/virtuald.c' ('adm/daemons/virtuald') /adm/daemons/virtuald.c:35
arguments were ("/d/lingzhou/neizai")
locals were: ({ /* sizeof() == 3 */
  "d",
  "lingzhou",
  "neizai"
}),"/d/lingzhou/neizai",2,0
' compile_object' in ' adm/single/master.c' ('   adm/single/master') /adm/single/master.c:41
arguments were ("/d/lingzhou/neizai")
locals were: adm/daemons/virtuald
' compile_object' in 'adm/daemons/virtuald.c' ('adm/daemons/virtuald') /adm/daemons/virtuald.c:35
arguments were ("/d/lingzhou/neizai")
locals were: ({ /* sizeof() == 3 */
  "d",
  "lingzhou",
  "neizai"
}),"/d/lingzhou/neizai",2,0
' compile_object' in ' adm/single/master.c' ('   adm/single/master') /adm/single/master.c:41
arguments were ("/d/lingzhou/neizai")
locals were: adm/daemons/virtuald
' compile_object' in 'adm/daemons/virtuald.c' ('adm/daemons/virtuald') /adm/daemons/virtuald.c:25
arguments were ("/d/lingzhou/neizai")
locals were: ({ /* sizeof() == 3 */
  "d",
  "lingzhou",
  "neizai"
}),"/d",0,0
'     valid_read' in ' adm/single/master.c' ('   adm/single/master') /adm/single/master.c:424
arguments were ("/d",adm/daemons/virtuald,"file_size")
locals were: adm/daemons/securityd
Heart beat in adm/daemons/quest/explore turned off.
Error in error handler: *Too deep recursion.
program: /adm/single/master.c, object: /adm/single/master, file: /adm/single/master.c:424
'     heart_beat' in 'adm/daemons/quest/supply.c' ('adm/daemons/quest/supply') /adm/daemons/quest/supply.c:119
arguments were ()
'    start_quest' in 'adm/daemons/quest/supply.c' ('adm/daemons/quest/supply') /adm/daemons/quest/supply.c:88
arguments were ()
locals were: 0,0,({ /* sizeof() == 5 */
  clone/quest/supply#83,
  clone/quest/supply#74,
  clone/quest/supply#70,
  clone/quest/supply#47,
  clone/quest/supply
}),({ /* sizeof() == 17 */
  "/d/shaolin/shanmen",
  "/d/lingzhou/xiaoxiaochang",
  "/d/changan/biaoju-damen",
  "/d/suzhou/toumenshan",
  "/d/city/wuguan",
  "/d/hangzhou/liuzhuang",
  "/d/city3/wuguan",
  "/d/city/dongmen",
  "/d/hangzhou/yuhuangsd",
  "/d/dali/bingying",
  "/d/beijing/xichang",
  "/d/dali/tusifu",
  "/d/fuzhou/biaoju",
  "/d/beijing/xichengmen",
  "/d/changan/xunbufang",
  "/d/quanzhou/jiaxinggang",
  "/d/shaolin/ruzhou"
}),"/d/quanzhou/jiaxinggang",0,0
'     get_object' in 'adm/single/simul_efun.c' ('adm/single/simul_efun') /adm/simul_efun/util.c:151
arguments were ("/d/quanzhou/jiaxinggang")
locals were: 0
' compile_object' in ' adm/single/master.c' ('   adm/single/master') /adm/single/master.c:41
arguments were ("/d/quanzhou/jiaxinggang")
locals were: adm/daemons/virtuald
' compile_object' in 'adm/daemons/virtuald.c' ('adm/daemons/virtuald') /adm/daemons/virtuald.c:35
arguments were ("/d/quanzhou/jiaxinggang")
locals were: ({ /* sizeof() == 3 */
  "d",
  "quanzhou",
  "jiaxinggang"
}),"/d/quanzhou",1,0
' compile_object' in ' adm/single/master.c' ('   adm/single/master') /adm/single/master.c:41
arguments were ("/d/quanzhou")
locals were: adm/daemons/virtuald
' compile_object' in 'adm/daemons/virtuald.c' ('adm/daemons/virtuald') /adm/daemons/virtuald.c:35
arguments were ("/d/quanzhou")
locals were: ({ /* sizeof() == 2 */
  "d",
  "quanzhou"
}),"/d/quanzhou",1,0
' compile_object' in ' adm/single/master.c' ('   adm/single/master') /adm/single/master.c:41
arguments were ("/d/quanzhou")
locals were: adm/daemons/virtuald
' compile_object' in 'adm/daemons/virtuald.c' ('adm/daemons/virtuald') /adm/daemons/virtuald.c:35
arguments were ("/d/quanzhou")
locals were: ({ /* sizeof() == 2 */
  "d",
  "quanzhou"
}),"/d/quanzhou",1,0
' compile_object' in ' adm/single/master.c' ('   adm/single/master') /adm/single/master.c:41
arguments were ("/d/quanzhou")
locals were: adm/daemons/virtuald
' compile_object' in 'adm/daemons/virtuald.c' ('adm/daemons/virtuald') /adm/daemons/virtuald.c:35
arguments were ("/d/quanzhou")
locals were: ({ /* sizeof() == 2 */
  "d",
  "quanzhou"
}),"/d/quanzhou",1,0
' compile_object' in ' adm/single/master.c' ('   adm/single/master') /adm/single/master.c:41
arguments were ("/d/quanzhou")
locals were: adm/daemons/virtuald
' compile_object' in 'adm/daemons/virtuald.c' ('adm/daemons/virtuald') /adm/daemons/virtuald.c:35
arguments were ("/d/quanzhou")
locals were: ({ /* sizeof() == 2 */
  "d",
  "quanzhou"
}),"/d/quanzhou",1,0
' compile_object' in ' adm/single/master.c' ('   adm/single/master') /adm/single/master.c:41
arguments were ("/d/quanzhou")
locals were: adm/daemons/virtuald
' compile_object' in 'adm/daemons/virtuald.c' ('adm/daemons/virtuald') /adm/daemons/virtuald.c:35
arguments were ("/d/quanzhou")
locals were: ({ /* sizeof() == 2 */
  "d",
  "quanzhou"
}),"/d/quanzhou",1,0
' compile_object' in ' adm/single/master.c' ('   adm/single/master') /adm/single/master.c:41
arguments were ("/d/quanzhou")
locals were: adm/daemons/virtuald
' compile_object' in 'adm/daemons/virtuald.c' ('adm/daemons/virtuald') /adm/daemons/virtuald.c:35
arguments were ("/d/quanzhou")
locals were: ({ /* sizeof() == 2 */
  "d",
  "quanzhou"
}),"/d/quanzhou",1,0
' compile_object' in ' adm/single/master.c' ('   adm/single/master') /adm/single/master.c:41
arguments were ("/d/quanzhou")
locals were: adm/daemons/virtuald
' compile_object' in 'adm/daemons/virtuald.c' ('adm/daemons/virtuald') /adm/daemons/virtuald.c:35
arguments were ("/d/quanzhou")
locals were: ({ /* sizeof() == 2 */
  "d",
  "quanzhou"
}),"/d/quanzhou",1,0
' compile_object' in ' adm/single/master.c' ('   adm/single/master') /adm/single/master.c:41
arguments were ("/d/quanzhou")
locals were: adm/daemons/virtuald
' compile_object' in 'adm/daemons/virtuald.c' ('adm/daemons/virtuald') /adm/daemons/virtuald.c:35
arguments were ("/d/quanzhou")
locals were: ({ /* sizeof() == 2 */
  "d",
  "quanzhou"
}),"/d/quanzhou",1,0
' compile_object' in ' adm/single/master.c' ('   adm/single/master') /adm/single/master.c:41
arguments were ("/d/quanzhou")
locals were: adm/daemons/virtuald
' compile_object' in 'adm/daemons/virtuald.c' ('adm/daemons/virtuald') /adm/daemons/virtuald.c:35
arguments were ("/d/quanzhou")
locals were: ({ /* sizeof() == 2 */
  "d",
  "quanzhou"
}),"/d/quanzhou",1,0
' compile_object' in ' adm/single/master.c' ('   adm/single/master') /adm/single/master.c:41
arguments were ("/d/quanzhou")
locals were: adm/daemons/virtuald
' compile_object' in 'adm/daemons/virtuald.c' ('adm/daemons/virtuald') /adm/daemons/virtuald.c:35
arguments were ("/d/quanzhou")
locals were: ({ /* sizeof() == 2 */
  "d",
  "quanzhou"
}),"/d/quanzhou",1,0
' compile_object' in ' adm/single/master.c' ('   adm/single/master') /adm/single/master.c:41
arguments were ("/d/quanzhou")
locals were: adm/daemons/virtuald
' compile_object' in 'adm/daemons/virtuald.c' ('adm/daemons/virtuald') /adm/daemons/virtuald.c:35
arguments were ("/d/quanzhou")
locals were: ({ /* sizeof() == 2 */
  "d",
  "quanzhou"
}),"/d/quanzhou",1,0
' compile_object' in ' adm/single/master.c' ('   adm/single/master') /adm/single/master.c:41
arguments were ("/d/quanzhou")
locals were: adm/daemons/virtuald
' compile_object' in 'adm/daemons/virtuald.c' ('adm/daemons/virtuald') /adm/daemons/virtuald.c:35
arguments were ("/d/quanzhou")
locals were: ({ /* sizeof() == 2 */
  "d",
  "quanzhou"
}),"/d/quanzhou",1,0
' compile_object' in ' adm/single/master.c' ('   adm/single/master') /adm/single/master.c:41
arguments were ("/d/quanzhou")
locals were: adm/daemons/virtuald
' compile_object' in 'adm/daemons/virtuald.c' ('adm/daemons/virtuald') /adm/daemons/virtuald.c:35
arguments were ("/d/quanzhou")
locals were: ({ /* sizeof() == 2 */
  "d",
  "quanzhou"
}),"/d/quanzhou",1,0
' compile_object' in ' adm/single/master.c' ('   adm/single/master') /adm/single/master.c:41
arguments were ("/d/quanzhou")
locals were: adm/daemons/virtuald
' compile_object' in 'adm/daemons/virtuald.c' ('adm/daemons/virtuald') /adm/daemons/virtuald.c:35
arguments were ("/d/quanzhou")
locals were: ({ /* sizeof() == 2 */
  "d",
  "quanzhou"
}),"/d/quanzhou",1,0
' compile_object' in ' adm/single/master.c' ('   adm/single/master') /adm/single/master.c:41
arguments were ("/d/quanzhou")
locals were: adm/daemons/virtuald
' compile_object' in 'adm/daemons/virtuald.c' ('adm/daemons/virtuald') /adm/daemons/virtuald.c:35
arguments were ("/d/quanzhou")
locals were: ({ /* sizeof() == 2 */
  "d",
  "quanzhou"
}),"/d/quanzhou",1,0
' compile_object' in ' adm/single/master.c' ('   adm/single/master') /adm/single/master.c:41
arguments were ("/d/quanzhou")
locals were: adm/daemons/virtuald
' compile_object' in 'adm/daemons/virtuald.c' ('adm/daemons/virtuald') /adm/daemons/virtuald.c:35
arguments were ("/d/quanzhou")
locals were: ({ /* sizeof() == 2 */
  "d",
  "quanzhou"
}),"/d/quanzhou",1,0
' compile_object' in ' adm/single/master.c' ('   adm/single/master') /adm/single/master.c:41
arguments were ("/d/quanzhou")
locals were: adm/daemons/virtuald
' compile_object' in 'adm/daemons/virtuald.c' ('adm/daemons/virtuald') /adm/daemons/virtuald.c:35
arguments were ("/d/quanzhou")
locals were: ({ /* sizeof() == 2 */
  "d",
  "quanzhou"
}),"/d/quanzhou",1,0
' compile_object' in ' adm/single/master.c' ('   adm/single/master') /adm/single/master.c:41
arguments were ("/d/quanzhou")
locals were: adm/daemons/virtuald
' compile_object' in 'adm/daemons/virtuald.c' ('adm/daemons/virtuald') /adm/daemons/virtuald.c:35
arguments were ("/d/quanzhou")
locals were: ({ /* sizeof() == 2 */
  "d",
  "quanzhou"
}),"/d/quanzhou",1,0
' compile_object' in ' adm/single/master.c' ('   adm/single/master') /adm/single/master.c:41
arguments were ("/d/quanzhou")
locals were: adm/daemons/virtuald
' compile_object' in 'adm/daemons/virtuald.c' ('adm/daemons/virtuald') /adm/daemons/virtuald.c:35
arguments were ("/d/quanzhou")
locals were: ({ /* sizeof() == 2 */
  "d",
  "quanzhou"
}),"/d/quanzhou",1,0
' compile_object' in ' adm/single/master.c' ('   adm/single/master') /adm/single/master.c:41
arguments were ("/d/quanzhou")
locals were: adm/daemons/virtuald
' compile_object' in 'adm/daemons/virtuald.c' ('adm/daemons/virtuald') /adm/daemons/virtuald.c:35
arguments were ("/d/quanzhou")
locals were: ({ /* sizeof() == 2 */
  "d",
  "quanzhou"
}),"/d/quanzhou",1,0
' compile_object' in ' adm/single/master.c' ('   adm/single/master') /adm/single/master.c:41
arguments were ("/d/quanzhou")
locals were: adm/daemons/virtuald
' compile_object' in 'adm/daemons/virtuald.c' ('adm/daemons/virtuald') /adm/daemons/virtuald.c:35
arguments were ("/d/quanzhou")
locals were: ({ /* sizeof() == 2 */
  "d",
  "quanzhou"
}),"/d/quanzhou",1,0
' compile_object' in ' adm/single/master.c' ('   adm/single/master') /adm/single/master.c:41
arguments were ("/d/quanzhou")
locals were: adm/daemons/virtuald
' compile_object' in 'adm/daemons/virtuald.c' ('adm/daemons/virtuald') /adm/daemons/virtuald.c:25
arguments were ("/d/quanzhou")
locals were: ({ /* sizeof() == 2 */
  "d",
  "quanzhou"
}),"/d",0,0
'     valid_read' in ' adm/single/master.c' ('   adm/single/master') /adm/single/master.c:424
arguments were ("/d",adm/daemons/virtuald,"file_size")
locals were: adm/daemons/securityd
Heart beat in adm/daemons/quest/supply turned off.

执行时段错误：*Error in loading object '/cmds/wiz/look2'

程式：feature/command.c 第 77 行
物件：/clone/user/user#2
呼叫来自：feature/command.c 的 command_hook() 第 77 行，物件： clone/user/user#2 ("没头脑")
Error in error handler: *Too deep recursion.
program: /adm/single/master.c, object: /adm/single/master, file: /adm/single/master.c:424
'     heart_beat' in 'adm/daemons/quest/shen.c' ('adm/daemons/quest/shen') /adm/daemons/quest/shen.c:37
arguments were ()
'    start_quest' in 'adm/daemons/quest/shen.c' ('adm/daemons/quest/shen') /adm/daemons/quest/shen.c:25
arguments were ()
locals were: clone/quest/shen#84,0,0
'     init_quest' in '  clone/quest/shen.c' (' clone/quest/shen#84') /clone/quest/shen.c:39
arguments were ()
locals were: 0,0,"泉州城",0,0,0
' compile_object' in ' adm/single/master.c' ('   adm/single/master') /adm/single/master.c:41
arguments were ("/kungfu/class/generate/shennpc")
locals were: adm/daemons/virtuald
' compile_object' in 'adm/daemons/virtuald.c' ('adm/daemons/virtuald') /adm/daemons/virtuald.c:35
arguments were ("/kungfu/class/generate/shennpc")
locals were: ({ /* sizeof() == 4 */
  "kungfu",
  "class",
  "generate",
  "shennpc"
}),"/kungfu/class/generate/shennpc",3,0
' compile_object' in ' adm/single/master.c' ('   adm/single/master') /adm/single/master.c:41
arguments were ("/kungfu/class/generate/shennpc")
locals were: adm/daemons/virtuald
' compile_object' in 'adm/daemons/virtuald.c' ('adm/daemons/virtuald') /adm/daemons/virtuald.c:35
arguments were ("/kungfu/class/generate/shennpc")
locals were: ({ /* sizeof() == 4 */
  "kungfu",
  "class",
  "generate",
  "shennpc"
}),"/kungfu/class/generate/shennpc",3,0
' compile_object' in ' adm/single/master.c' ('   adm/single/master') /adm/single/master.c:41
arguments were ("/kungfu/class/generate/shennpc")
locals were: adm/daemons/virtuald
' compile_object' in 'adm/daemons/virtuald.c' ('adm/daemons/virtuald') /adm/daemons/virtuald.c:35
arguments were ("/kungfu/class/generate/shennpc")
locals were: ({ /* sizeof() == 4 */
  "kungfu",
  "class",
  "generate",
  "shennpc"
}),"/kungfu/class/generate/shennpc",3,0
' compile_object' in ' adm/single/master.c' ('   adm/single/master') /adm/single/master.c:41
arguments were ("/kungfu/class/generate/shennpc")
locals were: adm/daemons/virtuald
' compile_object' in 'adm/daemons/virtuald.c' ('adm/daemons/virtuald') /adm/daemons/virtuald.c:35
arguments were ("/kungfu/class/generate/shennpc")
locals were: ({ /* sizeof() == 4 */
  "kungfu",
  "class",
  "generate",
  "shennpc"
}),"/kungfu/class/generate/shennpc",3,0
' compile_object' in ' adm/single/master.c' ('   adm/single/master') /adm/single/master.c:41
arguments were ("/kungfu/class/generate/shennpc")
locals were: adm/daemons/virtuald
' compile_object' in 'adm/daemons/virtuald.c' ('adm/daemons/virtuald') /adm/daemons/virtuald.c:35
arguments were ("/kungfu/class/generate/shennpc")
locals were: ({ /* sizeof() == 4 */
  "kungfu",
  "class",
  "generate",
  "shennpc"
}),"/kungfu/class/generate/shennpc",3,0
' compile_object' in ' adm/single/master.c' ('   adm/single/master') /adm/single/master.c:41
arguments were ("/kungfu/class/generate/shennpc")
locals were: adm/daemons/virtuald
' compile_object' in 'adm/daemons/virtuald.c' ('adm/daemons/virtuald') /adm/daemons/virtuald.c:35
arguments were ("/kungfu/class/generate/shennpc")
locals were: ({ /* sizeof() == 4 */
  "kungfu",
  "class",
  "generate",
  "shennpc"
}),"/kungfu/class/generate/shennpc",3,0
' compile_object' in ' adm/single/master.c' ('   adm/single/master') /adm/single/master.c:41
arguments were ("/kungfu/class/generate/shennpc")
locals were: adm/daemons/virtuald
' compile_object' in 'adm/daemons/virtuald.c' ('adm/daemons/virtuald') /adm/daemons/virtuald.c:35
arguments were ("/kungfu/class/generate/shennpc")
locals were: ({ /* sizeof() == 4 */
  "kungfu",
  "class",
  "generate",
  "shennpc"
}),"/kungfu/class/generate/shennpc",3,0
' compile_object' in ' adm/single/master.c' ('   adm/single/master') /adm/single/master.c:41
arguments were ("/kungfu/class/generate/shennpc")
locals were: adm/daemons/virtuald
' compile_object' in 'adm/daemons/virtuald.c' ('adm/daemons/virtuald') /adm/daemons/virtuald.c:35
arguments were ("/kungfu/class/generate/shennpc")
locals were: ({ /* sizeof() == 4 */
  "kungfu",
  "class",
  "generate",
  "shennpc"
}),"/kungfu/class/generate/shennpc",3,0
' compile_object' in ' adm/single/master.c' ('   adm/single/master') /adm/single/master.c:41
arguments were ("/kungfu/class/generate/shennpc")
locals were: adm/daemons/virtuald
' compile_object' in 'adm/daemons/virtuald.c' ('adm/daemons/virtuald') /adm/daemons/virtuald.c:35
arguments were ("/kungfu/class/generate/shennpc")
locals were: ({ /* sizeof() == 4 */
  "kungfu",
  "class",
  "generate",
  "shennpc"
}),"/kungfu/class/generate/shennpc",3,0
' compile_object' in ' adm/single/master.c' ('   adm/single/master') /adm/single/master.c:41
arguments were ("/kungfu/class/generate/shennpc")
locals were: adm/daemons/virtuald
' compile_object' in 'adm/daemons/virtuald.c' ('adm/daemons/virtuald') /adm/daemons/virtuald.c:35
arguments were ("/kungfu/class/generate/shennpc")
locals were: ({ /* sizeof() == 4 */
  "kungfu",
  "class",
  "generate",
  "shennpc"
}),"/kungfu/class/generate/shennpc",3,0
' compile_object' in ' adm/single/master.c' ('   adm/single/master') /adm/single/master.c:41
arguments were ("/kungfu/class/generate/shennpc")
locals were: adm/daemons/virtuald
' compile_object' in 'adm/daemons/virtuald.c' ('adm/daemons/virtuald') /adm/daemons/virtuald.c:35
arguments were ("/kungfu/class/generate/shennpc")
locals were: ({ /* sizeof() == 4 */
  "kungfu",
  "class",
  "generate",
  "shennpc"
}),"/kungfu/class/generate/shennpc",3,0
' compile_object' in ' adm/single/master.c' ('   adm/single/master') /adm/single/master.c:41
arguments were ("/kungfu/class/generate/shennpc")
locals were: adm/daemons/virtuald
' compile_object' in 'adm/daemons/virtuald.c' ('adm/daemons/virtuald') /adm/daemons/virtuald.c:35
arguments were ("/kungfu/class/generate/shennpc")
locals were: ({ /* sizeof() == 4 */
  "kungfu",
  "class",
  "generate",
  "shennpc"
}),"/kungfu/class/generate/shennpc",3,0
' compile_object' in ' adm/single/master.c' ('   adm/single/master') /adm/single/master.c:41
arguments were ("/kungfu/class/generate/shennpc")
locals were: adm/daemons/virtuald
' compile_object' in 'adm/daemons/virtuald.c' ('adm/daemons/virtuald') /adm/daemons/virtuald.c:35
arguments were ("/kungfu/class/generate/shennpc")
locals were: ({ /* sizeof() == 4 */
  "kungfu",
  "class",
  "generate",
  "shennpc"
}),"/kungfu/class/generate/shennpc",3,0
' compile_object' in ' adm/single/master.c' ('   adm/single/master') /adm/single/master.c:41
arguments were ("/kungfu/class/generate/shennpc")
locals were: adm/daemons/virtuald
' compile_object' in 'adm/daemons/virtuald.c' ('adm/daemons/virtuald') /adm/daemons/virtuald.c:35
arguments were ("/kungfu/class/generate/shennpc")
locals were: ({ /* sizeof() == 4 */
  "kungfu",
  "class",
  "generate",
  "shennpc"
}),"/kungfu/class/generate/shennpc",3,0
' compile_object' in ' adm/single/master.c' ('   adm/single/master') /adm/single/master.c:41
arguments were ("/kungfu/class/generate/shennpc")
locals were: adm/daemons/virtuald
' compile_object' in 'adm/daemons/virtuald.c' ('adm/daemons/virtuald') /adm/daemons/virtuald.c:35
arguments were ("/kungfu/class/generate/shennpc")
locals were: ({ /* sizeof() == 4 */
  "kungfu",
  "class",
  "generate",
  "shennpc"
}),"/kungfu/class/generate/shennpc",3,0
' compile_object' in ' adm/single/master.c' ('   adm/single/master') /adm/single/master.c:41
arguments were ("/kungfu/class/generate/shennpc")
locals were: adm/daemons/virtuald
' compile_object' in 'adm/daemons/virtuald.c' ('adm/daemons/virtuald') /adm/daemons/virtuald.c:35
arguments were ("/kungfu/class/generate/shennpc")
locals were: ({ /* sizeof() == 4 */
  "kungfu",
  "class",
  "generate",
  "shennpc"
}),"/kungfu/class/generate/shennpc",3,0
' compile_object' in ' adm/single/master.c' ('   adm/single/master') /adm/single/master.c:41
arguments were ("/kungfu/class/generate/shennpc")
locals were: adm/daemons/virtuald
' compile_object' in 'adm/daemons/virtuald.c' ('adm/daemons/virtuald') /adm/daemons/virtuald.c:35
arguments were ("/kungfu/class/generate/shennpc")
locals were: ({ /* sizeof() == 4 */
  "kungfu",
  "class",
  "generate",
  "shennpc"
}),"/kungfu/class/generate/shennpc",3,0
' compile_object' in ' adm/single/master.c' ('   adm/single/master') /adm/single/master.c:41
arguments were ("/kungfu/class/generate/shennpc")
locals were: adm/daemons/virtuald
' compile_object' in 'adm/daemons/virtuald.c' ('adm/daemons/virtuald') /adm/daemons/virtuald.c:35
arguments were ("/kungfu/class/generate/shennpc")
locals were: ({ /* sizeof() == 4 */
  "kungfu",
  "class",
  "generate",
  "shennpc"
}),"/kungfu/class/generate/shennpc",3,0
' compile_object' in ' adm/single/master.c' ('   adm/single/master') /adm/single/master.c:41
arguments were ("/kungfu/class/generate/shennpc")
locals were: adm/daemons/virtuald
' compile_object' in 'adm/daemons/virtuald.c' ('adm/daemons/virtuald') /adm/daemons/virtuald.c:35
arguments were ("/kungfu/class/generate/shennpc")
locals were: ({ /* sizeof() == 4 */
  "kungfu",
  "class",
  "generate",
  "shennpc"
}),"/kungfu/class/generate/shennpc",3,0
' compile_object' in ' adm/single/master.c' ('   adm/single/master') /adm/single/master.c:41
arguments were ("/kungfu/class/generate/shennpc")
locals were: adm/daemons/virtuald
' compile_object' in 'adm/daemons/virtuald.c' ('adm/daemons/virtuald') /adm/daemons/virtuald.c:35
arguments were ("/kungfu/class/generate/shennpc")
locals were: ({ /* sizeof() == 4 */
  "kungfu",
  "class",
  "generate",
  "shennpc"
}),"/kungfu/class/generate/shennpc",3,0
' compile_object' in ' adm/single/master.c' ('   adm/single/master') /adm/single/master.c:41
arguments were ("/kungfu/class/generate/shennpc")
locals were: adm/daemons/virtuald
' compile_object' in 'adm/daemons/virtuald.c' ('adm/daemons/virtuald') /adm/daemons/virtuald.c:35
arguments were ("/kungfu/class/generate/shennpc")
locals were: ({ /* sizeof() == 4 */
  "kungfu",
  "class",
  "generate",
  "shennpc"
}),"/kungfu/class/generate/shennpc",3,0
' compile_object' in ' adm/single/master.c' ('   adm/single/master') /adm/single/master.c:41
arguments were ("/kungfu/class/generate/shennpc")
locals were: adm/daemons/virtuald
' compile_object' in 'adm/daemons/virtuald.c' ('adm/daemons/virtuald') /adm/daemons/virtuald.c:35
arguments were ("/kungfu/class/generate/shennpc")
locals were: ({ /* sizeof() == 4 */
  "kungfu",
  "class",
  "generate",
  "shennpc"
}),"/kungfu/class/generate/shennpc",3,0
' compile_object' in ' adm/single/master.c' ('   adm/single/master') /adm/single/master.c:41
arguments were ("/kungfu/class/generate/shennpc")
locals were: adm/daemons/virtuald
' compile_object' in 'adm/daemons/virtuald.c' ('adm/daemons/virtuald') /adm/daemons/virtuald.c:25
arguments were ("/kungfu/class/generate/shennpc")
locals were: ({ /* sizeof() == 4 */
  "kungfu",
  "class",
  "generate",
  "shennpc"
}),"/kungfu",0,0
'     valid_read' in ' adm/single/master.c' ('   adm/single/master') /adm/single/master.c:424
arguments were ("/kungfu",adm/daemons/virtuald,"file_size")
locals were: adm/daemons/securityd
Heart beat in adm/daemons/quest/shen turned off.
Error in error handler: *Too deep recursion.
program: /adm/single/master.c, object: /adm/single/master, file: /adm/single/master.c:424
'     heart_beat' in 'adm/daemons/quest/judge.c' ('adm/daemons/quest/judge') /adm/daemons/quest/judge.c:35
arguments were ()
'    start_quest' in 'adm/daemons/quest/judge.c' ('adm/daemons/quest/judge') /adm/daemons/quest/judge.c:23
arguments were ()
locals were: clone/quest/judge#94
'     init_quest' in ' clone/quest/judge.c' ('clone/quest/judge#94') /clone/quest/judge.c:40
arguments were ()
locals were: 0,"汝州一带",0,0,0
' compile_object' in ' adm/single/master.c' ('   adm/single/master') /adm/single/master.c:41
arguments were ("/kungfu/class/generate/questnpc")
locals were: adm/daemons/virtuald
' compile_object' in 'adm/daemons/virtuald.c' ('adm/daemons/virtuald') /adm/daemons/virtuald.c:35
arguments were ("/kungfu/class/generate/questnpc")
locals were: ({ /* sizeof() == 4 */
  "kungfu",
  "class",
  "generate",
  "questnpc"
}),"/kungfu/class/generate/questnpc",3,0
' compile_object' in ' adm/single/master.c' ('   adm/single/master') /adm/single/master.c:41
arguments were ("/kungfu/class/generate/questnpc")
locals were: adm/daemons/virtuald
' compile_object' in 'adm/daemons/virtuald.c' ('adm/daemons/virtuald') /adm/daemons/virtuald.c:35
arguments were ("/kungfu/class/generate/questnpc")
locals were: ({ /* sizeof() == 4 */
  "kungfu",
  "class",
  "generate",
  "questnpc"
}),"/kungfu/class/generate/questnpc",3,0
' compile_object' in ' adm/single/master.c' ('   adm/single/master') /adm/single/master.c:41
arguments were ("/kungfu/class/generate/questnpc")
locals were: adm/daemons/virtuald
' compile_object' in 'adm/daemons/virtuald.c' ('adm/daemons/virtuald') /adm/daemons/virtuald.c:35
arguments were ("/kungfu/class/generate/questnpc")
locals were: ({ /* sizeof() == 4 */
  "kungfu",
  "class",
  "generate",
  "questnpc"
}),"/kungfu/class/generate/questnpc",3,0
' compile_object' in ' adm/single/master.c' ('   adm/single/master') /adm/single/master.c:41
arguments were ("/kungfu/class/generate/questnpc")
locals were: adm/daemons/virtuald
' compile_object' in 'adm/daemons/virtuald.c' ('adm/daemons/virtuald') /adm/daemons/virtuald.c:35
arguments were ("/kungfu/class/generate/questnpc")
locals were: ({ /* sizeof() == 4 */
  "kungfu",
  "class",
  "generate",
  "questnpc"
}),"/kungfu/class/generate/questnpc",3,0
' compile_object' in ' adm/single/master.c' ('   adm/single/master') /adm/single/master.c:41
arguments were ("/kungfu/class/generate/questnpc")
locals were: adm/daemons/virtuald
' compile_object' in 'adm/daemons/virtuald.c' ('adm/daemons/virtuald') /adm/daemons/virtuald.c:35
arguments were ("/kungfu/class/generate/questnpc")
locals were: ({ /* sizeof() == 4 */
  "kungfu",
  "class",
  "generate",
  "questnpc"
}),"/kungfu/class/generate/questnpc",3,0
' compile_object' in ' adm/single/master.c' ('   adm/single/master') /adm/single/master.c:41
arguments were ("/kungfu/class/generate/questnpc")
locals were: adm/daemons/virtuald
' compile_object' in 'adm/daemons/virtuald.c' ('adm/daemons/virtuald') /adm/daemons/virtuald.c:35
arguments were ("/kungfu/class/generate/questnpc")
locals were: ({ /* sizeof() == 4 */
  "kungfu",
  "class",
  "generate",
  "questnpc"
}),"/kungfu/class/generate/questnpc",3,0
' compile_object' in ' adm/single/master.c' ('   adm/single/master') /adm/single/master.c:41
arguments were ("/kungfu/class/generate/questnpc")
locals were: adm/daemons/virtuald
' compile_object' in 'adm/daemons/virtuald.c' ('adm/daemons/virtuald') /adm/daemons/virtuald.c:35
arguments were ("/kungfu/class/generate/questnpc")
locals were: ({ /* sizeof() == 4 */
  "kungfu",
  "class",
  "generate",
  "questnpc"
}),"/kungfu/class/generate/questnpc",3,0
' compile_object' in ' adm/single/master.c' ('   adm/single/master') /adm/single/master.c:41
arguments were ("/kungfu/class/generate/questnpc")
locals were: adm/daemons/virtuald
' compile_object' in 'adm/daemons/virtuald.c' ('adm/daemons/virtuald') /adm/daemons/virtuald.c:35
arguments were ("/kungfu/class/generate/questnpc")
locals were: ({ /* sizeof() == 4 */
  "kungfu",
  "class",
  "generate",
  "questnpc"
}),"/kungfu/class/generate/questnpc",3,0
' compile_object' in ' adm/single/master.c' ('   adm/single/master') /adm/single/master.c:41
arguments were ("/kungfu/class/generate/questnpc")
locals were: adm/daemons/virtuald
' compile_object' in 'adm/daemons/virtuald.c' ('adm/daemons/virtuald') /adm/daemons/virtuald.c:35
arguments were ("/kungfu/class/generate/questnpc")
locals were: ({ /* sizeof() == 4 */
  "kungfu",
  "class",
  "generate",
  "questnpc"
}),"/kungfu/class/generate/questnpc",3,0
' compile_object' in ' adm/single/master.c' ('   adm/single/master') /adm/single/master.c:41
arguments were ("/kungfu/class/generate/questnpc")
locals were: adm/daemons/virtuald
' compile_object' in 'adm/daemons/virtuald.c' ('adm/daemons/virtuald') /adm/daemons/virtuald.c:35
arguments were ("/kungfu/class/generate/questnpc")
locals were: ({ /* sizeof() == 4 */
  "kungfu",
  "class",
  "generate",
  "questnpc"
}),"/kungfu/class/generate/questnpc",3,0
' compile_object' in ' adm/single/master.c' ('   adm/single/master') /adm/single/master.c:41
arguments were ("/kungfu/class/generate/questnpc")
locals were: adm/daemons/virtuald
' compile_object' in 'adm/daemons/virtuald.c' ('adm/daemons/virtuald') /adm/daemons/virtuald.c:35
arguments were ("/kungfu/class/generate/questnpc")
locals were: ({ /* sizeof() == 4 */
  "kungfu",
  "class",
  "generate",
  "questnpc"
}),"/kungfu/class/generate/questnpc",3,0
' compile_object' in ' adm/single/master.c' ('   adm/single/master') /adm/single/master.c:41
arguments were ("/kungfu/class/generate/questnpc")
locals were: adm/daemons/virtuald
' compile_object' in 'adm/daemons/virtuald.c' ('adm/daemons/virtuald') /adm/daemons/virtuald.c:35
arguments were ("/kungfu/class/generate/questnpc")
locals were: ({ /* sizeof() == 4 */
  "kungfu",
  "class",
  "generate",
  "questnpc"
}),"/kungfu/class/generate/questnpc",3,0
' compile_object' in ' adm/single/master.c' ('   adm/single/master') /adm/single/master.c:41
arguments were ("/kungfu/class/generate/questnpc")
locals were: adm/daemons/virtuald
' compile_object' in 'adm/daemons/virtuald.c' ('adm/daemons/virtuald') /adm/daemons/virtuald.c:35
arguments were ("/kungfu/class/generate/questnpc")
locals were: ({ /* sizeof() == 4 */
  "kungfu",
  "class",
  "generate",
  "questnpc"
}),"/kungfu/class/generate/questnpc",3,0
' compile_object' in ' adm/single/master.c' ('   adm/single/master') /adm/single/master.c:41
arguments were ("/kungfu/class/generate/questnpc")
locals were: adm/daemons/virtuald
' compile_object' in 'adm/daemons/virtuald.c' ('adm/daemons/virtuald') /adm/daemons/virtuald.c:35
arguments were ("/kungfu/class/generate/questnpc")
locals were: ({ /* sizeof() == 4 */
  "kungfu",
  "class",
  "generate",
  "questnpc"
}),"/kungfu/class/generate/questnpc",3,0
' compile_object' in ' adm/single/master.c' ('   adm/single/master') /adm/single/master.c:41
arguments were ("/kungfu/class/generate/questnpc")
locals were: adm/daemons/virtuald
' compile_object' in 'adm/daemons/virtuald.c' ('adm/daemons/virtuald') /adm/daemons/virtuald.c:35
arguments were ("/kungfu/class/generate/questnpc")
locals were: ({ /* sizeof() == 4 */
  "kungfu",
  "class",
  "generate",
  "questnpc"
}),"/kungfu/class/generate/questnpc",3,0
' compile_object' in ' adm/single/master.c' ('   adm/single/master') /adm/single/master.c:41
arguments were ("/kungfu/class/generate/questnpc")
locals were: adm/daemons/virtuald
' compile_object' in 'adm/daemons/virtuald.c' ('adm/daemons/virtuald') /adm/daemons/virtuald.c:35
arguments were ("/kungfu/class/generate/questnpc")
locals were: ({ /* sizeof() == 4 */
  "kungfu",
  "class",
  "generate",
  "questnpc"
}),"/kungfu/class/generate/questnpc",3,0
' compile_object' in ' adm/single/master.c' ('   adm/single/master') /adm/single/master.c:41
arguments were ("/kungfu/class/generate/questnpc")
locals were: adm/daemons/virtuald
' compile_object' in 'adm/daemons/virtuald.c' ('adm/daemons/virtuald') /adm/daemons/virtuald.c:35
arguments were ("/kungfu/class/generate/questnpc")
locals were: ({ /* sizeof() == 4 */
  "kungfu",
  "class",
  "generate",
  "questnpc"
}),"/kungfu/class/generate/questnpc",3,0
' compile_object' in ' adm/single/master.c' ('   adm/single/master') /adm/single/master.c:41
arguments were ("/kungfu/class/generate/questnpc")
locals were: adm/daemons/virtuald
' compile_object' in 'adm/daemons/virtuald.c' ('adm/daemons/virtuald') /adm/daemons/virtuald.c:35
arguments were ("/kungfu/class/generate/questnpc")
locals were: ({ /* sizeof() == 4 */
  "kungfu",
  "class",
  "generate",
  "questnpc"
}),"/kungfu/class/generate/questnpc",3,0
' compile_object' in ' adm/single/master.c' ('   adm/single/master') /adm/single/master.c:41
arguments were ("/kungfu/class/generate/questnpc")
locals were: adm/daemons/virtuald
' compile_object' in 'adm/daemons/virtuald.c' ('adm/daemons/virtuald') /adm/daemons/virtuald.c:35
arguments were ("/kungfu/class/generate/questnpc")
locals were: ({ /* sizeof() == 4 */
  "kungfu",
  "class",
  "generate",
  "questnpc"
}),"/kungfu/class/generate/questnpc",3,0
' compile_object' in ' adm/single/master.c' ('   adm/single/master') /adm/single/master.c:41
arguments were ("/kungfu/class/generate/questnpc")
locals were: adm/daemons/virtuald
' compile_object' in 'adm/daemons/virtuald.c' ('adm/daemons/virtuald') /adm/daemons/virtuald.c:35
arguments were ("/kungfu/class/generate/questnpc")
locals were: ({ /* sizeof() == 4 */
  "kungfu",
  "class",
  "generate",
  "questnpc"
}),"/kungfu/class/generate/questnpc",3,0
' compile_object' in ' adm/single/master.c' ('   adm/single/master') /adm/single/master.c:41
arguments were ("/kungfu/class/generate/questnpc")
locals were: adm/daemons/virtuald
' compile_object' in 'adm/daemons/virtuald.c' ('adm/daemons/virtuald') /adm/daemons/virtuald.c:35
arguments were ("/kungfu/class/generate/questnpc")
locals were: ({ /* sizeof() == 4 */
  "kungfu",
  "class",
  "generate",
  "questnpc"
}),"/kungfu/class/generate/questnpc",3,0
' compile_object' in ' adm/single/master.c' ('   adm/single/master') /adm/single/master.c:41
arguments were ("/kungfu/class/generate/questnpc")
locals were: adm/daemons/virtuald
' compile_object' in 'adm/daemons/virtuald.c' ('adm/daemons/virtuald') /adm/daemons/virtuald.c:35
arguments were ("/kungfu/class/generate/questnpc")
locals were: ({ /* sizeof() == 4 */
  "kungfu",
  "class",
  "generate",
  "questnpc"
}),"/kungfu/class/generate/questnpc",3,0
' compile_object' in ' adm/single/master.c' ('   adm/single/master') /adm/single/master.c:41
arguments were ("/kungfu/class/generate/questnpc")
locals were: adm/daemons/virtuald
' compile_object' in 'adm/daemons/virtuald.c' ('adm/daemons/virtuald') /adm/daemons/virtuald.c:25
arguments were ("/kungfu/class/generate/questnpc")
locals were: ({ /* sizeof() == 4 */
  "kungfu",
  "class",
  "generate",
  "questnpc"
}),"/kungfu",0,0
'     valid_read' in ' adm/single/master.c' ('   adm/single/master') /adm/single/master.c:424
arguments were ("/kungfu",adm/daemons/virtuald,"file_size")
locals were: adm/daemons/securityd
Heart beat in adm/daemons/quest/judge turned off.
Error in error handler: *Too deep recursion.
program: /adm/single/master.c, object: /adm/single/master, file: /adm/single/master.c:424
'     heart_beat' in 'adm/daemons/quest/search.c' ('adm/daemons/quest/search') /adm/daemons/quest/search.c:66
arguments were ()
'    start_quest' in 'adm/daemons/quest/search.c' ('adm/daemons/quest/search') /adm/daemons/quest/search.c:53
arguments were ()
locals were: clone/quest/search#109,"/clone/questob/yudai",({ /* sizeof() == 19 */
  "/clone/questob/baijinhe",
  "/clone/questob/baiyubi",
  "/clone/questob/jingua",
  "/clone/questob/jinhulu",
  "/clone/questob/jlhua",
  "/clone/questob/jxshi",
  "/clone/questob/qkmao",
  "/clone/questob/qtding",
  "/clone/questob/sjping",
  "/clone/questob/tiegy",
  "/clone/questob/tieruyi",
  "/clone/questob/tongxq",
  "/clone/questob/ygbei",
  "/clone/questob/ylhua",
  "/clone/questob/yudai",
  "/clone/questob/yuhulu",
  "/clone/questob/yuping",
  "/clone/questob/zijinchui",
  "/clone/questob/zysha"
})
'     init_quest' in 'clone/quest/search.c' ('clone/quest/search#109') /clone/quest/search.c:64
arguments were ("/clone/questob/yudai")
locals were: "寻找玉带",clone/questob/yudai,"南海一带","成都城",0,0,0
' compile_object' in ' adm/single/master.c' ('   adm/single/master') /adm/single/master.c:41
arguments were ("/kungfu/class/generate/questnpc")
locals were: adm/daemons/virtuald
' compile_object' in 'adm/daemons/virtuald.c' ('adm/daemons/virtuald') /adm/daemons/virtuald.c:35
arguments were ("/kungfu/class/generate/questnpc")
locals were: ({ /* sizeof() == 4 */
  "kungfu",
  "class",
  "generate",
  "questnpc"
}),"/kungfu/class/generate/questnpc",3,0
' compile_object' in ' adm/single/master.c' ('   adm/single/master') /adm/single/master.c:41
arguments were ("/kungfu/class/generate/questnpc")
locals were: adm/daemons/virtuald
' compile_object' in 'adm/daemons/virtuald.c' ('adm/daemons/virtuald') /adm/daemons/virtuald.c:35
arguments were ("/kungfu/class/generate/questnpc")
locals were: ({ /* sizeof() == 4 */
  "kungfu",
  "class",
  "generate",
  "questnpc"
}),"/kungfu/class/generate/questnpc",3,0
' compile_object' in ' adm/single/master.c' ('   adm/single/master') /adm/single/master.c:41
arguments were ("/kungfu/class/generate/questnpc")
locals were: adm/daemons/virtuald
' compile_object' in 'adm/daemons/virtuald.c' ('adm/daemons/virtuald') /adm/daemons/virtuald.c:35
arguments were ("/kungfu/class/generate/questnpc")
locals were: ({ /* sizeof() == 4 */
  "kungfu",
  "class",
  "generate",
  "questnpc"
}),"/kungfu/class/generate/questnpc",3,0
' compile_object' in ' adm/single/master.c' ('   adm/single/master') /adm/single/master.c:41
arguments were ("/kungfu/class/generate/questnpc")
locals were: adm/daemons/virtuald
' compile_object' in 'adm/daemons/virtuald.c' ('adm/daemons/virtuald') /adm/daemons/virtuald.c:35
arguments were ("/kungfu/class/generate/questnpc")
locals were: ({ /* sizeof() == 4 */
  "kungfu",
  "class",
  "generate",
  "questnpc"
}),"/kungfu/class/generate/questnpc",3,0
' compile_object' in ' adm/single/master.c' ('   adm/single/master') /adm/single/master.c:41
arguments were ("/kungfu/class/generate/questnpc")
locals were: adm/daemons/virtuald
' compile_object' in 'adm/daemons/virtuald.c' ('adm/daemons/virtuald') /adm/daemons/virtuald.c:35
arguments were ("/kungfu/class/generate/questnpc")
locals were: ({ /* sizeof() == 4 */
  "kungfu",
  "class",
  "generate",
  "questnpc"
}),"/kungfu/class/generate/questnpc",3,0
' compile_object' in ' adm/single/master.c' ('   adm/single/master') /adm/single/master.c:41
arguments were ("/kungfu/class/generate/questnpc")
locals were: adm/daemons/virtuald
' compile_object' in 'adm/daemons/virtuald.c' ('adm/daemons/virtuald') /adm/daemons/virtuald.c:35
arguments were ("/kungfu/class/generate/questnpc")
locals were: ({ /* sizeof() == 4 */
  "kungfu",
  "class",
  "generate",
  "questnpc"
}),"/kungfu/class/generate/questnpc",3,0
' compile_object' in ' adm/single/master.c' ('   adm/single/master') /adm/single/master.c:41
arguments were ("/kungfu/class/generate/questnpc")
locals were: adm/daemons/virtuald
' compile_object' in 'adm/daemons/virtuald.c' ('adm/daemons/virtuald') /adm/daemons/virtuald.c:35
arguments were ("/kungfu/class/generate/questnpc")
locals were: ({ /* sizeof() == 4 */
  "kungfu",
  "class",
  "generate",
  "questnpc"
}),"/kungfu/class/generate/questnpc",3,0
' compile_object' in ' adm/single/master.c' ('   adm/single/master') /adm/single/master.c:41
arguments were ("/kungfu/class/generate/questnpc")
locals were: adm/daemons/virtuald
' compile_object' in 'adm/daemons/virtuald.c' ('adm/daemons/virtuald') /adm/daemons/virtuald.c:35
arguments were ("/kungfu/class/generate/questnpc")
locals were: ({ /* sizeof() == 4 */
  "kungfu",
  "class",
  "generate",
  "questnpc"
}),"/kungfu/class/generate/questnpc",3,0
' compile_object' in ' adm/single/master.c' ('   adm/single/master') /adm/single/master.c:41
arguments were ("/kungfu/class/generate/questnpc")
locals were: adm/daemons/virtuald
' compile_object' in 'adm/daemons/virtuald.c' ('adm/daemons/virtuald') /adm/daemons/virtuald.c:35
arguments were ("/kungfu/class/generate/questnpc")
locals were: ({ /* sizeof() == 4 */
  "kungfu",
  "class",
  "generate",
  "questnpc"
}),"/kungfu/class/generate/questnpc",3,0
' compile_object' in ' adm/single/master.c' ('   adm/single/master') /adm/single/master.c:41
arguments were ("/kungfu/class/generate/questnpc")
locals were: adm/daemons/virtuald
' compile_object' in 'adm/daemons/virtuald.c' ('adm/daemons/virtuald') /adm/daemons/virtuald.c:35
arguments were ("/kungfu/class/generate/questnpc")
locals were: ({ /* sizeof() == 4 */
  "kungfu",
  "class",
  "generate",
  "questnpc"
}),"/kungfu/class/generate/questnpc",3,0
' compile_object' in ' adm/single/master.c' ('   adm/single/master') /adm/single/master.c:41
arguments were ("/kungfu/class/generate/questnpc")
locals were: adm/daemons/virtuald
' compile_object' in 'adm/daemons/virtuald.c' ('adm/daemons/virtuald') /adm/daemons/virtuald.c:35
arguments were ("/kungfu/class/generate/questnpc")
locals were: ({ /* sizeof() == 4 */
  "kungfu",
  "class",
  "generate",
  "questnpc"
}),"/kungfu/class/generate/questnpc",3,0
' compile_object' in ' adm/single/master.c' ('   adm/single/master') /adm/single/master.c:41
arguments were ("/kungfu/class/generate/questnpc")
locals were: adm/daemons/virtuald
' compile_object' in 'adm/daemons/virtuald.c' ('adm/daemons/virtuald') /adm/daemons/virtuald.c:35
arguments were ("/kungfu/class/generate/questnpc")
locals were: ({ /* sizeof() == 4 */
  "kungfu",
  "class",
  "generate",
  "questnpc"
}),"/kungfu/class/generate/questnpc",3,0
' compile_object' in ' adm/single/master.c' ('   adm/single/master') /adm/single/master.c:41
arguments were ("/kungfu/class/generate/questnpc")
locals were: adm/daemons/virtuald
' compile_object' in 'adm/daemons/virtuald.c' ('adm/daemons/virtuald') /adm/daemons/virtuald.c:35
arguments were ("/kungfu/class/generate/questnpc")
locals were: ({ /* sizeof() == 4 */
  "kungfu",
  "class",
  "generate",
  "questnpc"
}),"/kungfu/class/generate/questnpc",3,0
' compile_object' in ' adm/single/master.c' ('   adm/single/master') /adm/single/master.c:41
arguments were ("/kungfu/class/generate/questnpc")
locals were: adm/daemons/virtuald
' compile_object' in 'adm/daemons/virtuald.c' ('adm/daemons/virtuald') /adm/daemons/virtuald.c:35
arguments were ("/kungfu/class/generate/questnpc")
locals were: ({ /* sizeof() == 4 */
  "kungfu",
  "class",
  "generate",
  "questnpc"
}),"/kungfu/class/generate/questnpc",3,0
' compile_object' in ' adm/single/master.c' ('   adm/single/master') /adm/single/master.c:41
arguments were ("/kungfu/class/generate/questnpc")
locals were: adm/daemons/virtuald
' compile_object' in 'adm/daemons/virtuald.c' ('adm/daemons/virtuald') /adm/daemons/virtuald.c:35
arguments were ("/kungfu/class/generate/questnpc")
locals were: ({ /* sizeof() == 4 */
  "kungfu",
  "class",
  "generate",
  "questnpc"
}),"/kungfu/class/generate/questnpc",3,0
' compile_object' in ' adm/single/master.c' ('   adm/single/master') /adm/single/master.c:41
arguments were ("/kungfu/class/generate/questnpc")
locals were: adm/daemons/virtuald
' compile_object' in 'adm/daemons/virtuald.c' ('adm/daemons/virtuald') /adm/daemons/virtuald.c:35
arguments were ("/kungfu/class/generate/questnpc")
locals were: ({ /* sizeof() == 4 */
  "kungfu",
  "class",
  "generate",
  "questnpc"
}),"/kungfu/class/generate/questnpc",3,0
' compile_object' in ' adm/single/master.c' ('   adm/single/master') /adm/single/master.c:41
arguments were ("/kungfu/class/generate/questnpc")
locals were: adm/daemons/virtuald
' compile_object' in 'adm/daemons/virtuald.c' ('adm/daemons/virtuald') /adm/daemons/virtuald.c:35
arguments were ("/kungfu/class/generate/questnpc")
locals were: ({ /* sizeof() == 4 */
  "kungfu",
  "class",
  "generate",
  "questnpc"
}),"/kungfu/class/generate/questnpc",3,0
' compile_object' in ' adm/single/master.c' ('   adm/single/master') /adm/single/master.c:41
arguments were ("/kungfu/class/generate/questnpc")
locals were: adm/daemons/virtuald
' compile_object' in 'adm/daemons/virtuald.c' ('adm/daemons/virtuald') /adm/daemons/virtuald.c:35
arguments were ("/kungfu/class/generate/questnpc")
locals were: ({ /* sizeof() == 4 */
  "kungfu",
  "class",
  "generate",
  "questnpc"
}),"/kungfu/class/generate/questnpc",3,0
' compile_object' in ' adm/single/master.c' ('   adm/single/master') /adm/single/master.c:41
arguments were ("/kungfu/class/generate/questnpc")
locals were: adm/daemons/virtuald
' compile_object' in 'adm/daemons/virtuald.c' ('adm/daemons/virtuald') /adm/daemons/virtuald.c:35
arguments were ("/kungfu/class/generate/questnpc")
locals were: ({ /* sizeof() == 4 */
  "kungfu",
  "class",
  "generate",
  "questnpc"
}),"/kungfu/class/generate/questnpc",3,0
' compile_object' in ' adm/single/master.c' ('   adm/single/master') /adm/single/master.c:41
arguments were ("/kungfu/class/generate/questnpc")
locals were: adm/daemons/virtuald
' compile_object' in 'adm/daemons/virtuald.c' ('adm/daemons/virtuald') /adm/daemons/virtuald.c:35
arguments were ("/kungfu/class/generate/questnpc")
locals were: ({ /* sizeof() == 4 */
  "kungfu",
  "class",
  "generate",
  "questnpc"
}),"/kungfu/class/generate/questnpc",3,0
' compile_object' in ' adm/single/master.c' ('   adm/single/master') /adm/single/master.c:41
arguments were ("/kungfu/class/generate/questnpc")
locals were: adm/daemons/virtuald
' compile_object' in 'adm/daemons/virtuald.c' ('adm/daemons/virtuald') /adm/daemons/virtuald.c:35
arguments were ("/kungfu/class/generate/questnpc")
locals were: ({ /* sizeof() == 4 */
  "kungfu",
  "class",
  "generate",
  "questnpc"
}),"/kungfu/class/generate/questnpc",3,0
' compile_object' in ' adm/single/master.c' ('   adm/single/master') /adm/single/master.c:41
arguments were ("/kungfu/class/generate/questnpc")
locals were: adm/daemons/virtuald
' compile_object' in 'adm/daemons/virtuald.c' ('adm/daemons/virtuald') /adm/daemons/virtuald.c:35
arguments were ("/kungfu/class/generate/questnpc")
locals were: ({ /* sizeof() == 4 */
  "kungfu",
  "class",
  "generate",
  "questnpc"
}),"/kungfu/class/generate/questnpc",3,0
' compile_object' in ' adm/single/master.c' ('   adm/single/master') /adm/single/master.c:41
arguments were ("/kungfu/class/generate/questnpc")
locals were: adm/daemons/virtuald
' compile_object' in 'adm/daemons/virtuald.c' ('adm/daemons/virtuald') /adm/daemons/virtuald.c:25
arguments were ("/kungfu/class/generate/questnpc")
locals were: ({ /* sizeof() == 4 */
  "kungfu",
  "class",
  "generate",
  "questnpc"
}),"/kungfu",0,0
'     valid_read' in ' adm/single/master.c' ('   adm/single/master') /adm/single/master.c:424
arguments were ("/kungfu",adm/daemons/virtuald,"file_size")
locals were: adm/daemons/securityd
Heart beat in adm/daemons/quest/search turned off.
Error in error handler: *Too deep recursion.
program: /adm/single/master.c, object: /adm/single/master, file: /adm/single/master.c:424
'     heart_beat' in 'adm/daemons/quest/explore.c' ('adm/daemons/quest/explore') /adm/daemons/quest/explore.c:130
arguments were ()
'    start_quest' in 'adm/daemons/quest/explore.c' ('adm/daemons/quest/explore') /adm/daemons/quest/explore.c:83
arguments were ()
locals were: 0,0,"/d/lingzhou/neizai",0,0,0,({ /* sizeof() == 13 */
  "/d/changan/fangzhangshi",
  "/d/city/duchang",
  "/d/city/houyuan",
  "/d/city3/jiudian",
  "/d/hangzhou/lingyinsi",
  "/d/city3/tidufu",
  "/d/city/ymzhengting",
  "/d/fuzhou/yamen",
  "/d/lingzhou/neizai",
  "/d/dali/wangfugate",
  "/d/beijing/dangpu",
  "/d/lingzhou/yipindayuan",
  "/d/suzhou/yamen"
}),({ /* sizeof() == 6 */
  clone/quest/explore#177,
  clone/quest/explore#170,
  clone/quest/explore#115,
  clone/quest/explore#93,
  clone/quest/explore#22,
  clone/quest/explore
}),0,0
'     get_object' in 'adm/single/simul_efun.c' ('adm/single/simul_efun') /adm/simul_efun/util.c:151
arguments were ("/d/lingzhou/neizai")
locals were: 0
' compile_object' in ' adm/single/master.c' ('   adm/single/master') /adm/single/master.c:41
arguments were ("/d/lingzhou/neizai")
locals were: adm/daemons/virtuald
' compile_object' in 'adm/daemons/virtuald.c' ('adm/daemons/virtuald') /adm/daemons/virtuald.c:35
arguments were ("/d/lingzhou/neizai")
locals were: ({ /* sizeof() == 3 */
  "d",
  "lingzhou",
  "neizai"
}),"/d/lingzhou/neizai",2,0
' compile_object' in ' adm/single/master.c' ('   adm/single/master') /adm/single/master.c:41
arguments were ("/d/lingzhou/neizai")
locals were: adm/daemons/virtuald
' compile_object' in 'adm/daemons/virtuald.c' ('adm/daemons/virtuald') /adm/daemons/virtuald.c:35
arguments were ("/d/lingzhou/neizai")
locals were: ({ /* sizeof() == 3 */
  "d",
  "lingzhou",
  "neizai"
}),"/d/lingzhou/neizai",2,0
' compile_object' in ' adm/single/master.c' ('   adm/single/master') /adm/single/master.c:41
arguments were ("/d/lingzhou/neizai")
locals were: adm/daemons/virtuald
' compile_object' in 'adm/daemons/virtuald.c' ('adm/daemons/virtuald') /adm/daemons/virtuald.c:35
arguments were ("/d/lingzhou/neizai")
locals were: ({ /* sizeof() == 3 */
  "d",
  "lingzhou",
  "neizai"
}),"/d/lingzhou/neizai",2,0
' compile_object' in ' adm/single/master.c' ('   adm/single/master') /adm/single/master.c:41
arguments were ("/d/lingzhou/neizai")
locals were: adm/daemons/virtuald
' compile_object' in 'adm/daemons/virtuald.c' ('adm/daemons/virtuald') /adm/daemons/virtuald.c:35
arguments were ("/d/lingzhou/neizai")
locals were: ({ /* sizeof() == 3 */
  "d",
  "lingzhou",
  "neizai"
}),"/d/lingzhou/neizai",2,0
' compile_object' in ' adm/single/master.c' ('   adm/single/master') /adm/single/master.c:41
arguments were ("/d/lingzhou/neizai")
locals were: adm/daemons/virtuald
' compile_object' in 'adm/daemons/virtuald.c' ('adm/daemons/virtuald') /adm/daemons/virtuald.c:35
arguments were ("/d/lingzhou/neizai")
locals were: ({ /* sizeof() == 3 */
  "d",
  "lingzhou",
  "neizai"
}),"/d/lingzhou/neizai",2,0
' compile_object' in ' adm/single/master.c' ('   adm/single/master') /adm/single/master.c:41
arguments were ("/d/lingzhou/neizai")
locals were: adm/daemons/virtuald
' compile_object' in 'adm/daemons/virtuald.c' ('adm/daemons/virtuald') /adm/daemons/virtuald.c:35
arguments were ("/d/lingzhou/neizai")
locals were: ({ /* sizeof() == 3 */
  "d",
  "lingzhou",
  "neizai"
}),"/d/lingzhou/neizai",2,0
' compile_object' in ' adm/single/master.c' ('   adm/single/master') /adm/single/master.c:41
arguments were ("/d/lingzhou/neizai")
locals were: adm/daemons/virtuald
' compile_object' in 'adm/daemons/virtuald.c' ('adm/daemons/virtuald') /adm/daemons/virtuald.c:35
arguments were ("/d/lingzhou/neizai")
locals were: ({ /* sizeof() == 3 */
  "d",
  "lingzhou",
  "neizai"
}),"/d/lingzhou/neizai",2,0
' compile_object' in ' adm/single/master.c' ('   adm/single/master') /adm/single/master.c:41
arguments were ("/d/lingzhou/neizai")
locals were: adm/daemons/virtuald
' compile_object' in 'adm/daemons/virtuald.c' ('adm/daemons/virtuald') /adm/daemons/virtuald.c:35
arguments were ("/d/lingzhou/neizai")
locals were: ({ /* sizeof() == 3 */
  "d",
  "lingzhou",
  "neizai"
}),"/d/lingzhou/neizai",2,0
' compile_object' in ' adm/single/master.c' ('   adm/single/master') /adm/single/master.c:41
arguments were ("/d/lingzhou/neizai")
locals were: adm/daemons/virtuald
' compile_object' in 'adm/daemons/virtuald.c' ('adm/daemons/virtuald') /adm/daemons/virtuald.c:35
arguments were ("/d/lingzhou/neizai")
locals were: ({ /* sizeof() == 3 */
  "d",
  "lingzhou",
  "neizai"
}),"/d/lingzhou/neizai",2,0
' compile_object' in ' adm/single/master.c' ('   adm/single/master') /adm/single/master.c:41
arguments were ("/d/lingzhou/neizai")
locals were: adm/daemons/virtuald
' compile_object' in 'adm/daemons/virtuald.c' ('adm/daemons/virtuald') /adm/daemons/virtuald.c:35
arguments were ("/d/lingzhou/neizai")
locals were: ({ /* sizeof() == 3 */
  "d",
  "lingzhou",
  "neizai"
}),"/d/lingzhou/neizai",2,0
' compile_object' in ' adm/single/master.c' ('   adm/single/master') /adm/single/master.c:41
arguments were ("/d/lingzhou/neizai")
locals were: adm/daemons/virtuald
' compile_object' in 'adm/daemons/virtuald.c' ('adm/daemons/virtuald') /adm/daemons/virtuald.c:35
arguments were ("/d/lingzhou/neizai")
locals were: ({ /* sizeof() == 3 */
  "d",
  "lingzhou",
  "neizai"
}),"/d/lingzhou/neizai",2,0
' compile_object' in ' adm/single/master.c' ('   adm/single/master') /adm/single/master.c:41
arguments were ("/d/lingzhou/neizai")
locals were: adm/daemons/virtuald
' compile_object' in 'adm/daemons/virtuald.c' ('adm/daemons/virtuald') /adm/daemons/virtuald.c:35
arguments were ("/d/lingzhou/neizai")
locals were: ({ /* sizeof() == 3 */
  "d",
  "lingzhou",
  "neizai"
}),"/d/lingzhou/neizai",2,0
' compile_object' in ' adm/single/master.c' ('   adm/single/master') /adm/single/master.c:41
arguments were ("/d/lingzhou/neizai")
locals were: adm/daemons/virtuald
' compile_object' in 'adm/daemons/virtuald.c' ('adm/daemons/virtuald') /adm/daemons/virtuald.c:35
arguments were ("/d/lingzhou/neizai")
locals were: ({ /* sizeof() == 3 */
  "d",
  "lingzhou",
  "neizai"
}),"/d/lingzhou/neizai",2,0
' compile_object' in ' adm/single/master.c' ('   adm/single/master') /adm/single/master.c:41
arguments were ("/d/lingzhou/neizai")
locals were: adm/daemons/virtuald
' compile_object' in 'adm/daemons/virtuald.c' ('adm/daemons/virtuald') /adm/daemons/virtuald.c:35
arguments were ("/d/lingzhou/neizai")
locals were: ({ /* sizeof() == 3 */
  "d",
  "lingzhou",
  "neizai"
}),"/d/lingzhou/neizai",2,0
' compile_object' in ' adm/single/master.c' ('   adm/single/master') /adm/single/master.c:41
arguments were ("/d/lingzhou/neizai")
locals were: adm/daemons/virtuald
' compile_object' in 'adm/daemons/virtuald.c' ('adm/daemons/virtuald') /adm/daemons/virtuald.c:35
arguments were ("/d/lingzhou/neizai")
locals were: ({ /* sizeof() == 3 */
  "d",
  "lingzhou",
  "neizai"
}),"/d/lingzhou/neizai",2,0
' compile_object' in ' adm/single/master.c' ('   adm/single/master') /adm/single/master.c:41
arguments were ("/d/lingzhou/neizai")
locals were: adm/daemons/virtuald
' compile_object' in 'adm/daemons/virtuald.c' ('adm/daemons/virtuald') /adm/daemons/virtuald.c:35
arguments were ("/d/lingzhou/neizai")
locals were: ({ /* sizeof() == 3 */
  "d",
  "lingzhou",
  "neizai"
}),"/d/lingzhou/neizai",2,0
' compile_object' in ' adm/single/master.c' ('   adm/single/master') /adm/single/master.c:41
arguments were ("/d/lingzhou/neizai")
locals were: adm/daemons/virtuald
' compile_object' in 'adm/daemons/virtuald.c' ('adm/daemons/virtuald') /adm/daemons/virtuald.c:35
arguments were ("/d/lingzhou/neizai")
locals were: ({ /* sizeof() == 3 */
  "d",
  "lingzhou",
  "neizai"
}),"/d/lingzhou/neizai",2,0
' compile_object' in ' adm/single/master.c' ('   adm/single/master') /adm/single/master.c:41
arguments were ("/d/lingzhou/neizai")
locals were: adm/daemons/virtuald
' compile_object' in 'adm/daemons/virtuald.c' ('adm/daemons/virtuald') /adm/daemons/virtuald.c:35
arguments were ("/d/lingzhou/neizai")
locals were: ({ /* sizeof() == 3 */
  "d",
  "lingzhou",
  "neizai"
}),"/d/lingzhou/neizai",2,0
' compile_object' in ' adm/single/master.c' ('   adm/single/master') /adm/single/master.c:41
arguments were ("/d/lingzhou/neizai")
locals were: adm/daemons/virtuald
' compile_object' in 'adm/daemons/virtuald.c' ('adm/daemons/virtuald') /adm/daemons/virtuald.c:35
arguments were ("/d/lingzhou/neizai")
locals were: ({ /* sizeof() == 3 */
  "d",
  "lingzhou",
  "neizai"
}),"/d/lingzhou/neizai",2,0
' compile_object' in ' adm/single/master.c' ('   adm/single/master') /adm/single/master.c:41
arguments were ("/d/lingzhou/neizai")
locals were: adm/daemons/virtuald
' compile_object' in 'adm/daemons/virtuald.c' ('adm/daemons/virtuald') /adm/daemons/virtuald.c:35
arguments were ("/d/lingzhou/neizai")
locals were: ({ /* sizeof() == 3 */
  "d",
  "lingzhou",
  "neizai"
}),"/d/lingzhou/neizai",2,0
' compile_object' in ' adm/single/master.c' ('   adm/single/master') /adm/single/master.c:41
arguments were ("/d/lingzhou/neizai")
locals were: adm/daemons/virtuald
' compile_object' in 'adm/daemons/virtuald.c' ('adm/daemons/virtuald') /adm/daemons/virtuald.c:35
arguments were ("/d/lingzhou/neizai")
locals were: ({ /* sizeof() == 3 */
  "d",
  "lingzhou",
  "neizai"
}),"/d/lingzhou/neizai",2,0
' compile_object' in ' adm/single/master.c' ('   adm/single/master') /adm/single/master.c:41
arguments were ("/d/lingzhou/neizai")
locals were: adm/daemons/virtuald
' compile_object' in 'adm/daemons/virtuald.c' ('adm/daemons/virtuald') /adm/daemons/virtuald.c:35
arguments were ("/d/lingzhou/neizai")
locals were: ({ /* sizeof() == 3 */
  "d",
  "lingzhou",
  "neizai"
}),"/d/lingzhou/neizai",2,0
' compile_object' in ' adm/single/master.c' ('   adm/single/master') /adm/single/master.c:41
arguments were ("/d/lingzhou/neizai")
locals were: adm/daemons/virtuald
' compile_object' in 'adm/daemons/virtuald.c' ('adm/daemons/virtuald') /adm/daemons/virtuald.c:25
arguments were ("/d/lingzhou/neizai")
locals were: ({ /* sizeof() == 3 */
  "d",
  "lingzhou",
  "neizai"
}),"/d",0,0
'     valid_read' in ' adm/single/master.c' ('   adm/single/master') /adm/single/master.c:424
arguments were ("/d",adm/daemons/virtuald,"file_size")
locals were: adm/daemons/securityd
Heart beat in adm/daemons/quest/explore turned off.
Error in error handler: *Too deep recursion.
program: /adm/daemons/virtuald.c, object: /adm/daemons/virtuald, file: /adm/daemons/virtuald.c:25
'select_day_phase' in 'adm/daemons/natured.c' (' adm/daemons/natured') /adm/daemons/natured.c:87
arguments were ()
locals were: ({ /* sizeof() == 10 */
  30,
  5,
  21,
  22,
  12,
  913,
  2,
  355,
  -28800,
  "中国标准时间"
}),0,21,29
'update_day_phase' in 'adm/daemons/natured.c' (' adm/daemons/natured') /adm/daemons/natured.c:51
arguments were ()
locals were: "[34m冬夜的星空，璀璨夺目，寒风里的枯枝摇曳着星海无限灿烂的辉煌。
[2;37;0m"
' event_midnight' in 'adm/daemons/natured.c' (' adm/daemons/natured') /adm/daemons/natured.c:118
arguments were ()
locals were: "[1;37m来自北方的寒流扫过大地，万物又开始了寂静的休眠。
[2;37;0m",12,22
'        message' in 'adm/single/simul_efun.c' ('adm/single/simul_efun') /adm/simul_efun/message.c:322
arguments were ("vision","[1;36m【季节天时】[1;37m来自北方的寒流扫过大地，万物又开始了寂静的休眠。
[2;37;0m","[1;37m来自北方的寒流扫过大地，万物又开始了寂静的休眠。
[2;37;0m",({ /* sizeof() == 1 */
  clone/user/user#2
}))
' compile_object' in ' adm/single/master.c' ('   adm/single/master') /adm/single/master.c:41
arguments were ("/[1;37m来自北方的寒流扫过大地，万物又开始了寂静的休眠。
[2;37;0m")
locals were: adm/daemons/virtuald
' compile_object' in 'adm/daemons/virtuald.c' ('adm/daemons/virtuald') /adm/daemons/virtuald.c:35
arguments were ("/[1;37m来自北方的寒流扫过大地，万物又开始了寂静的休眠。
[2;37;0m")
locals were: ({ /* sizeof() == 1 */
  "[1;37m来自北方的寒流扫过大地，万物又开始了寂静的休眠。
[2;37;0m"
}),"/[1;37m来自北方的寒流扫过大地，万物又开始了寂静的休眠。
[2;37;0m",0,0
' compile_object' in ' adm/single/master.c' ('   adm/single/master') /adm/single/master.c:41
arguments were ("/[1;37m来自北方的寒流扫过大地，万物又开始了寂静的休眠。
[2;37;0m")
locals were: adm/daemons/virtuald
' compile_object' in 'adm/daemons/virtuald.c' ('adm/daemons/virtuald') /adm/daemons/virtuald.c:35
arguments were ("/[1;37m来自北方的寒流扫过大地，万物又开始了寂静的休眠。
[2;37;0m")
locals were: ({ /* sizeof() == 1 */
  "[1;37m来自北方的寒流扫过大地，万物又开始了寂静的休眠。
[2;37;0m"
}),"/[1;37m来自北方的寒流扫过大地，万物又开始了寂静的休眠。
[2;37;0m",0,0
' compile_object' in ' adm/single/master.c' ('   adm/single/master') /adm/single/master.c:41
arguments were ("/[1;37m来自北方的寒流扫过大地，万物又开始了寂静的休眠。
[2;37;0m")
locals were: adm/daemons/virtuald
' compile_object' in 'adm/daemons/virtuald.c' ('adm/daemons/virtuald') /adm/daemons/virtuald.c:35
arguments were ("/[1;37m来自北方的寒流扫过大地，万物又开始了寂静的休眠。
[2;37;0m")
locals were: ({ /* sizeof() == 1 */
  "[1;37m来自北方的寒流扫过大地，万物又开始了寂静的休眠。
[2;37;0m"
}),"/[1;37m来自北方的寒流扫过大地，万物又开始了寂静的休眠。
[2;37;0m",0,0
' compile_object' in ' adm/single/master.c' ('   adm/single/master') /adm/single/master.c:41
arguments were ("/[1;37m来自北方的寒流扫过大地，万物又开始了寂静的休眠。
[2;37;0m")
locals were: adm/daemons/virtuald
' compile_object' in 'adm/daemons/virtuald.c' ('adm/daemons/virtuald') /adm/daemons/virtuald.c:35
arguments were ("/[1;37m来自北方的寒流扫过大地，万物又开始了寂静的休眠。
[2;37;0m")
locals were: ({ /* sizeof() == 1 */
  "[1;37m来自北方的寒流扫过大地，万物又开始了寂静的休眠。
[2;37;0m"
}),"/[1;37m来自北方的寒流扫过大地，万物又开始了寂静的休眠。
[2;37;0m",0,0
' compile_object' in ' adm/single/master.c' ('   adm/single/master') /adm/single/master.c:41
arguments were ("/[1;37m来自北方的寒流扫过大地，万物又开始了寂静的休眠。
[2;37;0m")
locals were: adm/daemons/virtuald
' compile_object' in 'adm/daemons/virtuald.c' ('adm/daemons/virtuald') /adm/daemons/virtuald.c:35
arguments were ("/[1;37m来自北方的寒流扫过大地，万物又开始了寂静的休眠。
[2;37;0m")
locals were: ({ /* sizeof() == 1 */
  "[1;37m来自北方的寒流扫过大地，万物又开始了寂静的休眠。
[2;37;0m"
}),"/[1;37m来自北方的寒流扫过大地，万物又开始了寂静的休眠。
[2;37;0m",0,0
' compile_object' in ' adm/single/master.c' ('   adm/single/master') /adm/single/master.c:41
arguments were ("/[1;37m来自北方的寒流扫过大地，万物又开始了寂静的休眠。
[2;37;0m")
locals were: adm/daemons/virtuald
' compile_object' in 'adm/daemons/virtuald.c' ('adm/daemons/virtuald') /adm/daemons/virtuald.c:35
arguments were ("/[1;37m来自北方的寒流扫过大地，万物又开始了寂静的休眠。
[2;37;0m")
locals were: ({ /* sizeof() == 1 */
  "[1;37m来自北方的寒流扫过大地，万物又开始了寂静的休眠。
[2;37;0m"
}),"/[1;37m来自北方的寒流扫过大地，万物又开始了寂静的休眠。
[2;37;0m",0,0
' compile_object' in ' adm/single/master.c' ('   adm/single/master') /adm/single/master.c:41
arguments were ("/[1;37m来自北方的寒流扫过大地，万物又开始了寂静的休眠。
[2;37;0m")
locals were: adm/daemons/virtuald
' compile_object' in 'adm/daemons/virtuald.c' ('adm/daemons/virtuald') /adm/daemons/virtuald.c:35
arguments were ("/[1;37m来自北方的寒流扫过大地，万物又开始了寂静的休眠。
[2;37;0m")
locals were: ({ /* sizeof() == 1 */
  "[1;37m来自北方的寒流扫过大地，万物又开始了寂静的休眠。
[2;37;0m"
}),"/[1;37m来自北方的寒流扫过大地，万物又开始了寂静的休眠。
[2;37;0m",0,0
' compile_object' in ' adm/single/master.c' ('   adm/single/master') /adm/single/master.c:41
arguments were ("/[1;37m来自北方的寒流扫过大地，万物又开始了寂静的休眠。
[2;37;0m")
locals were: adm/daemons/virtuald
' compile_object' in 'adm/daemons/virtuald.c' ('adm/daemons/virtuald') /adm/daemons/virtuald.c:35
arguments were ("/[1;37m来自北方的寒流扫过大地，万物又开始了寂静的休眠。
[2;37;0m")
locals were: ({ /* sizeof() == 1 */
  "[1;37m来自北方的寒流扫过大地，万物又开始了寂静的休眠。
[2;37;0m"
}),"/[1;37m来自北方的寒流扫过大地，万物又开始了寂静的休眠。
[2;37;0m",0,0
' compile_object' in ' adm/single/master.c' ('   adm/single/master') /adm/single/master.c:41
arguments were ("/[1;37m来自北方的寒流扫过大地，万物又开始了寂静的休眠。
[2;37;0m")
locals were: adm/daemons/virtuald
' compile_object' in 'adm/daemons/virtuald.c' ('adm/daemons/virtuald') /adm/daemons/virtuald.c:35
arguments were ("/[1;37m来自北方的寒流扫过大地，万物又开始了寂静的休眠。
[2;37;0m")
locals were: ({ /* sizeof() == 1 */
  "[1;37m来自北方的寒流扫过大地，万物又开始了寂静的休眠。
[2;37;0m"
}),"/[1;37m来自北方的寒流扫过大地，万物又开始了寂静的休眠。
[2;37;0m",0,0
' compile_object' in ' adm/single/master.c' ('   adm/single/master') /adm/single/master.c:41
arguments were ("/[1;37m来自北方的寒流扫过大地，万物又开始了寂静的休眠。
[2;37;0m")
locals were: adm/daemons/virtuald
' compile_object' in 'adm/daemons/virtuald.c' ('adm/daemons/virtuald') /adm/daemons/virtuald.c:35
arguments were ("/[1;37m来自北方的寒流扫过大地，万物又开始了寂静的休眠。
[2;37;0m")
locals were: ({ /* sizeof() == 1 */
  "[1;37m来自北方的寒流扫过大地，万物又开始了寂静的休眠。
[2;37;0m"
}),"/[1;37m来自北方的寒流扫过大地，万物又开始了寂静的休眠。
[2;37;0m",0,0
' compile_object' in ' adm/single/master.c' ('   adm/single/master') /adm/single/master.c:41
arguments were ("/[1;37m来自北方的寒流扫过大地，万物又开始了寂静的休眠。
[2;37;0m")
locals were: adm/daemons/virtuald
' compile_object' in 'adm/daemons/virtuald.c' ('adm/daemons/virtuald') /adm/daemons/virtuald.c:35
arguments were ("/[1;37m来自北方的寒流扫过大地，万物又开始了寂静的休眠。
[2;37;0m")
locals were: ({ /* sizeof() == 1 */
  "[1;37m来自北方的寒流扫过大地，万物又开始了寂静的休眠。
[2;37;0m"
}),"/[1;37m来自北方的寒流扫过大地，万物又开始了寂静的休眠。
[2;37;0m",0,0
' compile_object' in ' adm/single/master.c' ('   adm/single/master') /adm/single/master.c:41
arguments were ("/[1;37m来自北方的寒流扫过大地，万物又开始了寂静的休眠。
[2;37;0m")
locals were: adm/daemons/virtuald
' compile_object' in 'adm/daemons/virtuald.c' ('adm/daemons/virtuald') /adm/daemons/virtuald.c:35
arguments were ("/[1;37m来自北方的寒流扫过大地，万物又开始了寂静的休眠。
[2;37;0m")
locals were: ({ /* sizeof() == 1 */
  "[1;37m来自北方的寒流扫过大地，万物又开始了寂静的休眠。
[2;37;0m"
}),"/[1;37m来自北方的寒流扫过大地，万物又开始了寂静的休眠。
[2;37;0m",0,0
' compile_object' in ' adm/single/master.c' ('   adm/single/master') /adm/single/master.c:41
arguments were ("/[1;37m来自北方的寒流扫过大地，万物又开始了寂静的休眠。
[2;37;0m")
locals were: adm/daemons/virtuald
' compile_object' in 'adm/daemons/virtuald.c' ('adm/daemons/virtuald') /adm/daemons/virtuald.c:35
arguments were ("/[1;37m来自北方的寒流扫过大地，万物又开始了寂静的休眠。
[2;37;0m")
locals were: ({ /* sizeof() == 1 */
  "[1;37m来自北方的寒流扫过大地，万物又开始了寂静的休眠。
[2;37;0m"
}),"/[1;37m来自北方的寒流扫过大地，万物又开始了寂静的休眠。
[2;37;0m",0,0
' compile_object' in ' adm/single/master.c' ('   adm/single/master') /adm/single/master.c:41
arguments were ("/[1;37m来自北方的寒流扫过大地，万物又开始了寂静的休眠。
[2;37;0m")
locals were: adm/daemons/virtuald
' compile_object' in 'adm/daemons/virtuald.c' ('adm/daemons/virtuald') /adm/daemons/virtuald.c:35
arguments were ("/[1;37m来自北方的寒流扫过大地，万物又开始了寂静的休眠。
[2;37;0m")
locals were: ({ /* sizeof() == 1 */
  "[1;37m来自北方的寒流扫过大地，万物又开始了寂静的休眠。
[2;37;0m"
}),"/[1;37m来自北方的寒流扫过大地，万物又开始了寂静的休眠。
[2;37;0m",0,0
' compile_object' in ' adm/single/master.c' ('   adm/single/master') /adm/single/master.c:41
arguments were ("/[1;37m来自北方的寒流扫过大地，万物又开始了寂静的休眠。
[2;37;0m")
locals were: adm/daemons/virtuald
' compile_object' in 'adm/daemons/virtuald.c' ('adm/daemons/virtuald') /adm/daemons/virtuald.c:35
arguments were ("/[1;37m来自北方的寒流扫过大地，万物又开始了寂静的休眠。
[2;37;0m")
locals were: ({ /* sizeof() == 1 */
  "[1;37m来自北方的寒流扫过大地，万物又开始了寂静的休眠。
[2;37;0m"
}),"/[1;37m来自北方的寒流扫过大地，万物又开始了寂静的休眠。
[2;37;0m",0,0
' compile_object' in ' adm/single/master.c' ('   adm/single/master') /adm/single/master.c:41
arguments were ("/[1;37m来自北方的寒流扫过大地，万物又开始了寂静的休眠。
[2;37;0m")
locals were: adm/daemons/virtuald
' compile_object' in 'adm/daemons/virtuald.c' ('adm/daemons/virtuald') /adm/daemons/virtuald.c:35
arguments were ("/[1;37m来自北方的寒流扫过大地，万物又开始了寂静的休眠。
[2;37;0m")
locals were: ({ /* sizeof() == 1 */
  "[1;37m来自北方的寒流扫过大地，万物又开始了寂静的休眠。
[2;37;0m"
}),"/[1;37m来自北方的寒流扫过大地，万物又开始了寂静的休眠。
[2;37;0m",0,0
' compile_object' in ' adm/single/master.c' ('   adm/single/master') /adm/single/master.c:41
arguments were ("/[1;37m来自北方的寒流扫过大地，万物又开始了寂静的休眠。
[2;37;0m")
locals were: adm/daemons/virtuald
' compile_object' in 'adm/daemons/virtuald.c' ('adm/daemons/virtuald') /adm/daemons/virtuald.c:35
arguments were ("/[1;37m来自北方的寒流扫过大地，万物又开始了寂静的休眠。
[2;37;0m")
locals were: ({ /* sizeof() == 1 */
  "[1;37m来自北方的寒流扫过大地，万物又开始了寂静的休眠。
[2;37;0m"
}),"/[1;37m来自北方的寒流扫过大地，万物又开始了寂静的休眠。
[2;37;0m",0,0
' compile_object' in ' adm/single/master.c' ('   adm/single/master') /adm/single/master.c:41
arguments were ("/[1;37m来自北方的寒流扫过大地，万物又开始了寂静的休眠。
[2;37;0m")
locals were: adm/daemons/virtuald
' compile_object' in 'adm/daemons/virtuald.c' ('adm/daemons/virtuald') /adm/daemons/virtuald.c:35
arguments were ("/[1;37m来自北方的寒流扫过大地，万物又开始了寂静的休眠。
[2;37;0m")
locals were: ({ /* sizeof() == 1 */
  "[1;37m来自北方的寒流扫过大地，万物又开始了寂静的休眠。
[2;37;0m"
}),"/[1;37m来自北方的寒流扫过大地，万物又开始了寂静的休眠。
[2;37;0m",0,0
' compile_object' in ' adm/single/master.c' ('   adm/single/master') /adm/single/master.c:41
arguments were ("/[1;37m来自北方的寒流扫过大地，万物又开始了寂静的休眠。
[2;37;0m")
locals were: adm/daemons/virtuald
' compile_object' in 'adm/daemons/virtuald.c' ('adm/daemons/virtuald') /adm/daemons/virtuald.c:35
arguments were ("/[1;37m来自北方的寒流扫过大地，万物又开始了寂静的休眠。
[2;37;0m")
locals were: ({ /* sizeof() == 1 */
  "[1;37m来自北方的寒流扫过大地，万物又开始了寂静的休眠。
[2;37;0m"
}),"/[1;37m来自北方的寒流扫过大地，万物又开始了寂静的休眠。
[2;37;0m",0,0
' compile_object' in ' adm/single/master.c' ('   adm/single/master') /adm/single/master.c:41
arguments were ("/[1;37m来自北方的寒流扫过大地，万物又开始了寂静的休眠。
[2;37;0m")
locals were: adm/daemons/virtuald
' compile_object' in 'adm/daemons/virtuald.c' ('adm/daemons/virtuald') /adm/daemons/virtuald.c:35
arguments were ("/[1;37m来自北方的寒流扫过大地，万物又开始了寂静的休眠。
[2;37;0m")
locals were: ({ /* sizeof() == 1 */
  "[1;37m来自北方的寒流扫过大地，万物又开始了寂静的休眠。
[2;37;0m"
}),"/[1;37m来自北方的寒流扫过大地，万物又开始了寂静的休眠。
[2;37;0m",0,0
' compile_object' in ' adm/single/master.c' ('   adm/single/master') /adm/single/master.c:41
arguments were ("/[1;37m来自北方的寒流扫过大地，万物又开始了寂静的休眠。
[2;37;0m")
locals were: adm/daemons/virtuald
' compile_object' in 'adm/daemons/virtuald.c' ('adm/daemons/virtuald') /adm/daemons/virtuald.c:35
arguments were ("/[1;37m来自北方的寒流扫过大地，万物又开始了寂静的休眠。
[2;37;0m")
locals were: ({ /* sizeof() == 1 */
  "[1;37m来自北方的寒流扫过大地，万物又开始了寂静的休眠。
[2;37;0m"
}),"/[1;37m来自北方的寒流扫过大地，万物又开始了寂静的休眠。
[2;37;0m",0,0
' compile_object' in ' adm/single/master.c' ('   adm/single/master') /adm/single/master.c:41
arguments were ("/[1;37m来自北方的寒流扫过大地，万物又开始了寂静的休眠。
[2;37;0m")
locals were: adm/daemons/virtuald
' compile_object' in 'adm/daemons/virtuald.c' ('adm/daemons/virtuald') /adm/daemons/virtuald.c:35
arguments were ("/[1;37m来自北方的寒流扫过大地，万物又开始了寂静的休眠。
[2;37;0m")
locals were: ({ /* sizeof() == 1 */
  "[1;37m来自北方的寒流扫过大地，万物又开始了寂静的休眠。
[2;37;0m"
}),"/[1;37m来自北方的寒流扫过大地，万物又开始了寂静的休眠。
[2;37;0m",0,0
' compile_object' in ' adm/single/master.c' ('   adm/single/master') /adm/single/master.c:41
arguments were ("/[1;37m来自北方的寒流扫过大地，万物又开始了寂静的休眠。
[2;37;0m")
locals were: adm/daemons/virtuald
' compile_object' in 'adm/daemons/virtuald.c' ('adm/daemons/virtuald') /adm/daemons/virtuald.c:25
arguments were ("/[1;37m来自北方的寒流扫过大地，万物又开始了寂静的休眠。
[2;37;0m")
locals were: ({ /* sizeof() == 1 */
  "[1;37m来自北方的寒流扫过大地，万物又开始了寂静的休眠。
[2;37;0m"
}),"/[1;37m来自北方的寒流扫过大地，万物又开始了寂静的休眠。
[2;37;0m",0,0
Error in error handler: *Too deep recursion.
program: /adm/single/master.c, object: /adm/single/master, file: /adm/single/master.c:424
'     heart_beat' in 'adm/daemons/quest/search.c' ('adm/daemons/quest/search') /adm/daemons/quest/search.c:66
arguments were ()
'    start_quest' in 'adm/daemons/quest/search.c' ('adm/daemons/quest/search') /adm/daemons/quest/search.c:53
arguments were ()
locals were: clone/quest/search#216,"/clone/questob/yuping",({ /* sizeof() == 19 */
  "/clone/questob/baijinhe",
  "/clone/questob/baiyubi",
  "/clone/questob/jingua",
  "/clone/questob/jinhulu",
  "/clone/questob/jlhua",
  "/clone/questob/jxshi",
  "/clone/questob/qkmao",
  "/clone/questob/qtding",
  "/clone/questob/sjping",
  "/clone/questob/tiegy",
  "/clone/questob/tieruyi",
  "/clone/questob/tongxq",
  "/clone/questob/ygbei",
  "/clone/questob/ylhua",
  "/clone/questob/yudai",
  "/clone/questob/yuhulu",
  "/clone/questob/yuping",
  "/clone/questob/zijinchui",
  "/clone/questob/zysha"
})
'     init_quest' in 'clone/quest/search.c' ('clone/quest/search#216') /clone/quest/search.c:64
arguments were ("/clone/questob/yuping")
locals were: "寻找玉瓶",clone/questob/yuping,"佛山一带","灵州",0,0,0
' compile_object' in ' adm/single/master.c' ('   adm/single/master') /adm/single/master.c:41
arguments were ("/kungfu/class/generate/questnpc")
locals were: adm/daemons/virtuald
' compile_object' in 'adm/daemons/virtuald.c' ('adm/daemons/virtuald') /adm/daemons/virtuald.c:35
arguments were ("/kungfu/class/generate/questnpc")
locals were: ({ /* sizeof() == 4 */
  "kungfu",
  "class",
  "generate",
  "questnpc"
}),"/kungfu/class/generate/questnpc",3,0
' compile_object' in ' adm/single/master.c' ('   adm/single/master') /adm/single/master.c:41
arguments were ("/kungfu/class/generate/questnpc")
locals were: adm/daemons/virtuald
' compile_object' in 'adm/daemons/virtuald.c' ('adm/daemons/virtuald') /adm/daemons/virtuald.c:35
arguments were ("/kungfu/class/generate/questnpc")
locals were: ({ /* sizeof() == 4 */
  "kungfu",
  "class",
  "generate",
  "questnpc"
}),"/kungfu/class/generate/questnpc",3,0
' compile_object' in ' adm/single/master.c' ('   adm/single/master') /adm/single/master.c:41
arguments were ("/kungfu/class/generate/questnpc")
locals were: adm/daemons/virtuald
' compile_object' in 'adm/daemons/virtuald.c' ('adm/daemons/virtuald') /adm/daemons/virtuald.c:35
arguments were ("/kungfu/class/generate/questnpc")
locals were: ({ /* sizeof() == 4 */
  "kungfu",
  "class",
  "generate",
  "questnpc"
}),"/kungfu/class/generate/questnpc",3,0
' compile_object' in ' adm/single/master.c' ('   adm/single/master') /adm/single/master.c:41
arguments were ("/kungfu/class/generate/questnpc")
locals were: adm/daemons/virtuald
' compile_object' in 'adm/daemons/virtuald.c' ('adm/daemons/virtuald') /adm/daemons/virtuald.c:35
arguments were ("/kungfu/class/generate/questnpc")
locals were: ({ /* sizeof() == 4 */
  "kungfu",
  "class",
  "generate",
  "questnpc"
}),"/kungfu/class/generate/questnpc",3,0
' compile_object' in ' adm/single/master.c' ('   adm/single/master') /adm/single/master.c:41
arguments were ("/kungfu/class/generate/questnpc")
locals were: adm/daemons/virtuald
' compile_object' in 'adm/daemons/virtuald.c' ('adm/daemons/virtuald') /adm/daemons/virtuald.c:35
arguments were ("/kungfu/class/generate/questnpc")
locals were: ({ /* sizeof() == 4 */
  "kungfu",
  "class",
  "generate",
  "questnpc"
}),"/kungfu/class/generate/questnpc",3,0
' compile_object' in ' adm/single/master.c' ('   adm/single/master') /adm/single/master.c:41
arguments were ("/kungfu/class/generate/questnpc")
locals were: adm/daemons/virtuald
' compile_object' in 'adm/daemons/virtuald.c' ('adm/daemons/virtuald') /adm/daemons/virtuald.c:35
arguments were ("/kungfu/class/generate/questnpc")
locals were: ({ /* sizeof() == 4 */
  "kungfu",
  "class",
  "generate",
  "questnpc"
}),"/kungfu/class/generate/questnpc",3,0
' compile_object' in ' adm/single/master.c' ('   adm/single/master') /adm/single/master.c:41
arguments were ("/kungfu/class/generate/questnpc")
locals were: adm/daemons/virtuald
' compile_object' in 'adm/daemons/virtuald.c' ('adm/daemons/virtuald') /adm/daemons/virtuald.c:35
arguments were ("/kungfu/class/generate/questnpc")
locals were: ({ /* sizeof() == 4 */
  "kungfu",
  "class",
  "generate",
  "questnpc"
}),"/kungfu/class/generate/questnpc",3,0
' compile_object' in ' adm/single/master.c' ('   adm/single/master') /adm/single/master.c:41
arguments were ("/kungfu/class/generate/questnpc")
locals were: adm/daemons/virtuald
' compile_object' in 'adm/daemons/virtuald.c' ('adm/daemons/virtuald') /adm/daemons/virtuald.c:35
arguments were ("/kungfu/class/generate/questnpc")
locals were: ({ /* sizeof() == 4 */
  "kungfu",
  "class",
  "generate",
  "questnpc"
}),"/kungfu/class/generate/questnpc",3,0
' compile_object' in ' adm/single/master.c' ('   adm/single/master') /adm/single/master.c:41
arguments were ("/kungfu/class/generate/questnpc")
locals were: adm/daemons/virtuald
' compile_object' in 'adm/daemons/virtuald.c' ('adm/daemons/virtuald') /adm/daemons/virtuald.c:35
arguments were ("/kungfu/class/generate/questnpc")
locals were: ({ /* sizeof() == 4 */
  "kungfu",
  "class",
  "generate",
  "questnpc"
}),"/kungfu/class/generate/questnpc",3,0
' compile_object' in ' adm/single/master.c' ('   adm/single/master') /adm/single/master.c:41
arguments were ("/kungfu/class/generate/questnpc")
locals were: adm/daemons/virtuald
' compile_object' in 'adm/daemons/virtuald.c' ('adm/daemons/virtuald') /adm/daemons/virtuald.c:35
arguments were ("/kungfu/class/generate/questnpc")
locals were: ({ /* sizeof() == 4 */
  "kungfu",
  "class",
  "generate",
  "questnpc"
}),"/kungfu/class/generate/questnpc",3,0
' compile_object' in ' adm/single/master.c' ('   adm/single/master') /adm/single/master.c:41
arguments were ("/kungfu/class/generate/questnpc")
locals were: adm/daemons/virtuald
' compile_object' in 'adm/daemons/virtuald.c' ('adm/daemons/virtuald') /adm/daemons/virtuald.c:35
arguments were ("/kungfu/class/generate/questnpc")
locals were: ({ /* sizeof() == 4 */
  "kungfu",
  "class",
  "generate",
  "questnpc"
}),"/kungfu/class/generate/questnpc",3,0
' compile_object' in ' adm/single/master.c' ('   adm/single/master') /adm/single/master.c:41
arguments were ("/kungfu/class/generate/questnpc")
locals were: adm/daemons/virtuald
' compile_object' in 'adm/daemons/virtuald.c' ('adm/daemons/virtuald') /adm/daemons/virtuald.c:35
arguments were ("/kungfu/class/generate/questnpc")
locals were: ({ /* sizeof() == 4 */
  "kungfu",
  "class",
  "generate",
  "questnpc"
}),"/kungfu/class/generate/questnpc",3,0
' compile_object' in ' adm/single/master.c' ('   adm/single/master') /adm/single/master.c:41
arguments were ("/kungfu/class/generate/questnpc")
locals were: adm/daemons/virtuald
' compile_object' in 'adm/daemons/virtuald.c' ('adm/daemons/virtuald') /adm/daemons/virtuald.c:35
arguments were ("/kungfu/class/generate/questnpc")
locals were: ({ /* sizeof() == 4 */
  "kungfu",
  "class",
  "generate",
  "questnpc"
}),"/kungfu/class/generate/questnpc",3,0
' compile_object' in ' adm/single/master.c' ('   adm/single/master') /adm/single/master.c:41
arguments were ("/kungfu/class/generate/questnpc")
locals were: adm/daemons/virtuald
' compile_object' in 'adm/daemons/virtuald.c' ('adm/daemons/virtuald') /adm/daemons/virtuald.c:35
arguments were ("/kungfu/class/generate/questnpc")
locals were: ({ /* sizeof() == 4 */
  "kungfu",
  "class",
  "generate",
  "questnpc"
}),"/kungfu/class/generate/questnpc",3,0
' compile_object' in ' adm/single/master.c' ('   adm/single/master') /adm/single/master.c:41
arguments were ("/kungfu/class/generate/questnpc")
locals were: adm/daemons/virtuald
' compile_object' in 'adm/daemons/virtuald.c' ('adm/daemons/virtuald') /adm/daemons/virtuald.c:35
arguments were ("/kungfu/class/generate/questnpc")
locals were: ({ /* sizeof() == 4 */
  "kungfu",
  "class",
  "generate",
  "questnpc"
}),"/kungfu/class/generate/questnpc",3,0
' compile_object' in ' adm/single/master.c' ('   adm/single/master') /adm/single/master.c:41
arguments were ("/kungfu/class/generate/questnpc")
locals were: adm/daemons/virtuald
' compile_object' in 'adm/daemons/virtuald.c' ('adm/daemons/virtuald') /adm/daemons/virtuald.c:35
arguments were ("/kungfu/class/generate/questnpc")
locals were: ({ /* sizeof() == 4 */
  "kungfu",
  "class",
  "generate",
  "questnpc"
}),"/kungfu/class/generate/questnpc",3,0
' compile_object' in ' adm/single/master.c' ('   adm/single/master') /adm/single/master.c:41
arguments were ("/kungfu/class/generate/questnpc")
locals were: adm/daemons/virtuald
' compile_object' in 'adm/daemons/virtuald.c' ('adm/daemons/virtuald') /adm/daemons/virtuald.c:35
arguments were ("/kungfu/class/generate/questnpc")
locals were: ({ /* sizeof() == 4 */
  "kungfu",
  "class",
  "generate",
  "questnpc"
}),"/kungfu/class/generate/questnpc",3,0
' compile_object' in ' adm/single/master.c' ('   adm/single/master') /adm/single/master.c:41
arguments were ("/kungfu/class/generate/questnpc")
locals were: adm/daemons/virtuald
' compile_object' in 'adm/daemons/virtuald.c' ('adm/daemons/virtuald') /adm/daemons/virtuald.c:35
arguments were ("/kungfu/class/generate/questnpc")
locals were: ({ /* sizeof() == 4 */
  "kungfu",
  "class",
  "generate",
  "questnpc"
}),"/kungfu/class/generate/questnpc",3,0
' compile_object' in ' adm/single/master.c' ('   adm/single/master') /adm/single/master.c:41
arguments were ("/kungfu/class/generate/questnpc")
locals were: adm/daemons/virtuald
' compile_object' in 'adm/daemons/virtuald.c' ('adm/daemons/virtuald') /adm/daemons/virtuald.c:35
arguments were ("/kungfu/class/generate/questnpc")
locals were: ({ /* sizeof() == 4 */
  "kungfu",
  "class",
  "generate",
  "questnpc"
}),"/kungfu/class/generate/questnpc",3,0
' compile_object' in ' adm/single/master.c' ('   adm/single/master') /adm/single/master.c:41
arguments were ("/kungfu/class/generate/questnpc")
locals were: adm/daemons/virtuald
' compile_object' in 'adm/daemons/virtuald.c' ('adm/daemons/virtuald') /adm/daemons/virtuald.c:35
arguments were ("/kungfu/class/generate/questnpc")
locals were: ({ /* sizeof() == 4 */
  "kungfu",
  "class",
  "generate",
  "questnpc"
}),"/kungfu/class/generate/questnpc",3,0
' compile_object' in ' adm/single/master.c' ('   adm/single/master') /adm/single/master.c:41
arguments were ("/kungfu/class/generate/questnpc")
locals were: adm/daemons/virtuald
' compile_object' in 'adm/daemons/virtuald.c' ('adm/daemons/virtuald') /adm/daemons/virtuald.c:35
arguments were ("/kungfu/class/generate/questnpc")
locals were: ({ /* sizeof() == 4 */
  "kungfu",
  "class",
  "generate",
  "questnpc"
}),"/kungfu/class/generate/questnpc",3,0
' compile_object' in ' adm/single/master.c' ('   adm/single/master') /adm/single/master.c:41
arguments were ("/kungfu/class/generate/questnpc")
locals were: adm/daemons/virtuald
' compile_object' in 'adm/daemons/virtuald.c' ('adm/daemons/virtuald') /adm/daemons/virtuald.c:35
arguments were ("/kungfu/class/generate/questnpc")
locals were: ({ /* sizeof() == 4 */
  "kungfu",
  "class",
  "generate",
  "questnpc"
}),"/kungfu/class/generate/questnpc",3,0
' compile_object' in ' adm/single/master.c' ('   adm/single/master') /adm/single/master.c:41
arguments were ("/kungfu/class/generate/questnpc")
locals were: adm/daemons/virtuald
' compile_object' in 'adm/daemons/virtuald.c' ('adm/daemons/virtuald') /adm/daemons/virtuald.c:25
arguments were ("/kungfu/class/generate/questnpc")
locals were: ({ /* sizeof() == 4 */
  "kungfu",
  "class",
  "generate",
  "questnpc"
}),"/kungfu",0,0
'     valid_read' in ' adm/single/master.c' ('   adm/single/master') /adm/single/master.c:424
arguments were ("/kungfu",adm/daemons/virtuald,"file_size")
locals were: adm/daemons/securityd
Heart beat in adm/daemons/quest/search turned off.
Error in error handler: *Too deep recursion.
program: /adm/single/master.c, object: /adm/single/master, file: /adm/single/master.c:424
'     heart_beat' in 'adm/daemons/quest/shen.c' ('adm/daemons/quest/shen') /adm/daemons/quest/shen.c:37
arguments were ()
'    start_quest' in 'adm/daemons/quest/shen.c' ('adm/daemons/quest/shen') /adm/daemons/quest/shen.c:25
arguments were ()
locals were: clone/quest/shen#225,0,0
'     init_quest' in '  clone/quest/shen.c' ('clone/quest/shen#225') /clone/quest/shen.c:39
arguments were ()
locals were: 0,0,"灵州",0,0,0
' compile_object' in ' adm/single/master.c' ('   adm/single/master') /adm/single/master.c:41
arguments were ("/kungfu/class/generate/shennpc")
locals were: adm/daemons/virtuald
' compile_object' in 'adm/daemons/virtuald.c' ('adm/daemons/virtuald') /adm/daemons/virtuald.c:35
arguments were ("/kungfu/class/generate/shennpc")
locals were: ({ /* sizeof() == 4 */
  "kungfu",
  "class",
  "generate",
  "shennpc"
}),"/kungfu/class/generate/shennpc",3,0
' compile_object' in ' adm/single/master.c' ('   adm/single/master') /adm/single/master.c:41
arguments were ("/kungfu/class/generate/shennpc")
locals were: adm/daemons/virtuald
' compile_object' in 'adm/daemons/virtuald.c' ('adm/daemons/virtuald') /adm/daemons/virtuald.c:35
arguments were ("/kungfu/class/generate/shennpc")
locals were: ({ /* sizeof() == 4 */
  "kungfu",
  "class",
  "generate",
  "shennpc"
}),"/kungfu/class/generate/shennpc",3,0
' compile_object' in ' adm/single/master.c' ('   adm/single/master') /adm/single/master.c:41
arguments were ("/kungfu/class/generate/shennpc")
locals were: adm/daemons/virtuald
' compile_object' in 'adm/daemons/virtuald.c' ('adm/daemons/virtuald') /adm/daemons/virtuald.c:35
arguments were ("/kungfu/class/generate/shennpc")
locals were: ({ /* sizeof() == 4 */
  "kungfu",
  "class",
  "generate",
  "shennpc"
}),"/kungfu/class/generate/shennpc",3,0
' compile_object' in ' adm/single/master.c' ('   adm/single/master') /adm/single/master.c:41
arguments were ("/kungfu/class/generate/shennpc")
locals were: adm/daemons/virtuald
' compile_object' in 'adm/daemons/virtuald.c' ('adm/daemons/virtuald') /adm/daemons/virtuald.c:35
arguments were ("/kungfu/class/generate/shennpc")
locals were: ({ /* sizeof() == 4 */
  "kungfu",
  "class",
  "generate",
  "shennpc"
}),"/kungfu/class/generate/shennpc",3,0
' compile_object' in ' adm/single/master.c' ('   adm/single/master') /adm/single/master.c:41
arguments were ("/kungfu/class/generate/shennpc")
locals were: adm/daemons/virtuald
' compile_object' in 'adm/daemons/virtuald.c' ('adm/daemons/virtuald') /adm/daemons/virtuald.c:35
arguments were ("/kungfu/class/generate/shennpc")
locals were: ({ /* sizeof() == 4 */
  "kungfu",
  "class",
  "generate",
  "shennpc"
}),"/kungfu/class/generate/shennpc",3,0
' compile_object' in ' adm/single/master.c' ('   adm/single/master') /adm/single/master.c:41
arguments were ("/kungfu/class/generate/shennpc")
locals were: adm/daemons/virtuald
' compile_object' in 'adm/daemons/virtuald.c' ('adm/daemons/virtuald') /adm/daemons/virtuald.c:35
arguments were ("/kungfu/class/generate/shennpc")
locals were: ({ /* sizeof() == 4 */
  "kungfu",
  "class",
  "generate",
  "shennpc"
}),"/kungfu/class/generate/shennpc",3,0
' compile_object' in ' adm/single/master.c' ('   adm/single/master') /adm/single/master.c:41
arguments were ("/kungfu/class/generate/shennpc")
locals were: adm/daemons/virtuald
' compile_object' in 'adm/daemons/virtuald.c' ('adm/daemons/virtuald') /adm/daemons/virtuald.c:35
arguments were ("/kungfu/class/generate/shennpc")
locals were: ({ /* sizeof() == 4 */
  "kungfu",
  "class",
  "generate",
  "shennpc"
}),"/kungfu/class/generate/shennpc",3,0
' compile_object' in ' adm/single/master.c' ('   adm/single/master') /adm/single/master.c:41
arguments were ("/kungfu/class/generate/shennpc")
locals were: adm/daemons/virtuald
' compile_object' in 'adm/daemons/virtuald.c' ('adm/daemons/virtuald') /adm/daemons/virtuald.c:35
arguments were ("/kungfu/class/generate/shennpc")
locals were: ({ /* sizeof() == 4 */
  "kungfu",
  "class",
  "generate",
  "shennpc"
}),"/kungfu/class/generate/shennpc",3,0
' compile_object' in ' adm/single/master.c' ('   adm/single/master') /adm/single/master.c:41
arguments were ("/kungfu/class/generate/shennpc")
locals were: adm/daemons/virtuald
' compile_object' in 'adm/daemons/virtuald.c' ('adm/daemons/virtuald') /adm/daemons/virtuald.c:35
arguments were ("/kungfu/class/generate/shennpc")
locals were: ({ /* sizeof() == 4 */
  "kungfu",
  "class",
  "generate",
  "shennpc"
}),"/kungfu/class/generate/shennpc",3,0
' compile_object' in ' adm/single/master.c' ('   adm/single/master') /adm/single/master.c:41
arguments were ("/kungfu/class/generate/shennpc")
locals were: adm/daemons/virtuald
' compile_object' in 'adm/daemons/virtuald.c' ('adm/daemons/virtuald') /adm/daemons/virtuald.c:35
arguments were ("/kungfu/class/generate/shennpc")
locals were: ({ /* sizeof() == 4 */
  "kungfu",
  "class",
  "generate",
  "shennpc"
}),"/kungfu/class/generate/shennpc",3,0
' compile_object' in ' adm/single/master.c' ('   adm/single/master') /adm/single/master.c:41
arguments were ("/kungfu/class/generate/shennpc")
locals were: adm/daemons/virtuald
' compile_object' in 'adm/daemons/virtuald.c' ('adm/daemons/virtuald') /adm/daemons/virtuald.c:35
arguments were ("/kungfu/class/generate/shennpc")
locals were: ({ /* sizeof() == 4 */
  "kungfu",
  "class",
  "generate",
  "shennpc"
}),"/kungfu/class/generate/shennpc",3,0
' compile_object' in ' adm/single/master.c' ('   adm/single/master') /adm/single/master.c:41
arguments were ("/kungfu/class/generate/shennpc")
locals were: adm/daemons/virtuald
' compile_object' in 'adm/daemons/virtuald.c' ('adm/daemons/virtuald') /adm/daemons/virtuald.c:35
arguments were ("/kungfu/class/generate/shennpc")
locals were: ({ /* sizeof() == 4 */
  "kungfu",
  "class",
  "generate",
  "shennpc"
}),"/kungfu/class/generate/shennpc",3,0
' compile_object' in ' adm/single/master.c' ('   adm/single/master') /adm/single/master.c:41
arguments were ("/kungfu/class/generate/shennpc")
locals were: adm/daemons/virtuald
' compile_object' in 'adm/daemons/virtuald.c' ('adm/daemons/virtuald') /adm/daemons/virtuald.c:35
arguments were ("/kungfu/class/generate/shennpc")
locals were: ({ /* sizeof() == 4 */
  "kungfu",
  "class",
  "generate",
  "shennpc"
}),"/kungfu/class/generate/shennpc",3,0
' compile_object' in ' adm/single/master.c' ('   adm/single/master') /adm/single/master.c:41
arguments were ("/kungfu/class/generate/shennpc")
locals were: adm/daemons/virtuald
' compile_object' in 'adm/daemons/virtuald.c' ('adm/daemons/virtuald') /adm/daemons/virtuald.c:35
arguments were ("/kungfu/class/generate/shennpc")
locals were: ({ /* sizeof() == 4 */
  "kungfu",
  "class",
  "generate",
  "shennpc"
}),"/kungfu/class/generate/shennpc",3,0
' compile_object' in ' adm/single/master.c' ('   adm/single/master') /adm/single/master.c:41
arguments were ("/kungfu/class/generate/shennpc")
locals were: adm/daemons/virtuald
' compile_object' in 'adm/daemons/virtuald.c' ('adm/daemons/virtuald') /adm/daemons/virtuald.c:35
arguments were ("/kungfu/class/generate/shennpc")
locals were: ({ /* sizeof() == 4 */
  "kungfu",
  "class",
  "generate",
  "shennpc"
}),"/kungfu/class/generate/shennpc",3,0
' compile_object' in ' adm/single/master.c' ('   adm/single/master') /adm/single/master.c:41
arguments were ("/kungfu/class/generate/shennpc")
locals were: adm/daemons/virtuald
' compile_object' in 'adm/daemons/virtuald.c' ('adm/daemons/virtuald') /adm/daemons/virtuald.c:35
arguments were ("/kungfu/class/generate/shennpc")
locals were: ({ /* sizeof() == 4 */
  "kungfu",
  "class",
  "generate",
  "shennpc"
}),"/kungfu/class/generate/shennpc",3,0
' compile_object' in ' adm/single/master.c' ('   adm/single/master') /adm/single/master.c:41
arguments were ("/kungfu/class/generate/shennpc")
locals were: adm/daemons/virtuald
' compile_object' in 'adm/daemons/virtuald.c' ('adm/daemons/virtuald') /adm/daemons/virtuald.c:35
arguments were ("/kungfu/class/generate/shennpc")
locals were: ({ /* sizeof() == 4 */
  "kungfu",
  "class",
  "generate",
  "shennpc"
}),"/kungfu/class/generate/shennpc",3,0
' compile_object' in ' adm/single/master.c' ('   adm/single/master') /adm/single/master.c:41
arguments were ("/kungfu/class/generate/shennpc")
locals were: adm/daemons/virtuald
' compile_object' in 'adm/daemons/virtuald.c' ('adm/daemons/virtuald') /adm/daemons/virtuald.c:35
arguments were ("/kungfu/class/generate/shennpc")
locals were: ({ /* sizeof() == 4 */
  "kungfu",
  "class",
  "generate",
  "shennpc"
}),"/kungfu/class/generate/shennpc",3,0
' compile_object' in ' adm/single/master.c' ('   adm/single/master') /adm/single/master.c:41
arguments were ("/kungfu/class/generate/shennpc")
locals were: adm/daemons/virtuald
' compile_object' in 'adm/daemons/virtuald.c' ('adm/daemons/virtuald') /adm/daemons/virtuald.c:35
arguments were ("/kungfu/class/generate/shennpc")
locals were: ({ /* sizeof() == 4 */
  "kungfu",
  "class",
  "generate",
  "shennpc"
}),"/kungfu/class/generate/shennpc",3,0
' compile_object' in ' adm/single/master.c' ('   adm/single/master') /adm/single/master.c:41
arguments were ("/kungfu/class/generate/shennpc")
locals were: adm/daemons/virtuald
' compile_object' in 'adm/daemons/virtuald.c' ('adm/daemons/virtuald') /adm/daemons/virtuald.c:35
arguments were ("/kungfu/class/generate/shennpc")
locals were: ({ /* sizeof() == 4 */
  "kungfu",
  "class",
  "generate",
  "shennpc"
}),"/kungfu/class/generate/shennpc",3,0
' compile_object' in ' adm/single/master.c' ('   adm/single/master') /adm/single/master.c:41
arguments were ("/kungfu/class/generate/shennpc")
locals were: adm/daemons/virtuald
' compile_object' in 'adm/daemons/virtuald.c' ('adm/daemons/virtuald') /adm/daemons/virtuald.c:35
arguments were ("/kungfu/class/generate/shennpc")
locals were: ({ /* sizeof() == 4 */
  "kungfu",
  "class",
  "generate",
  "shennpc"
}),"/kungfu/class/generate/shennpc",3,0
' compile_object' in ' adm/single/master.c' ('   adm/single/master') /adm/single/master.c:41
arguments were ("/kungfu/class/generate/shennpc")
locals were: adm/daemons/virtuald
' compile_object' in 'adm/daemons/virtuald.c' ('adm/daemons/virtuald') /adm/daemons/virtuald.c:35
arguments were ("/kungfu/class/generate/shennpc")
locals were: ({ /* sizeof() == 4 */
  "kungfu",
  "class",
  "generate",
  "shennpc"
}),"/kungfu/class/generate/shennpc",3,0
' compile_object' in ' adm/single/master.c' ('   adm/single/master') /adm/single/master.c:41
arguments were ("/kungfu/class/generate/shennpc")
locals were: adm/daemons/virtuald
' compile_object' in 'adm/daemons/virtuald.c' ('adm/daemons/virtuald') /adm/daemons/virtuald.c:25
arguments were ("/kungfu/class/generate/shennpc")
locals were: ({ /* sizeof() == 4 */
  "kungfu",
  "class",
  "generate",
  "shennpc"
}),"/kungfu",0,0
'     valid_read' in ' adm/single/master.c' ('   adm/single/master') /adm/single/master.c:424
arguments were ("/kungfu",adm/daemons/virtuald,"file_size")
locals were: adm/daemons/securityd
Heart beat in adm/daemons/quest/shen turned off.
Error in error handler: *Too deep recursion.
program: /adm/single/master.c, object: /adm/single/master, file: /adm/single/master.c:424
'     heart_beat' in 'adm/daemons/quest/judge.c' ('adm/daemons/quest/judge') /adm/daemons/quest/judge.c:35
arguments were ()
'    start_quest' in 'adm/daemons/quest/judge.c' ('adm/daemons/quest/judge') /adm/daemons/quest/judge.c:23
arguments were ()
locals were: clone/quest/judge#226
'     init_quest' in ' clone/quest/judge.c' ('clone/quest/judge#226') /clone/quest/judge.c:40
arguments were ()
locals were: 0,"襄阳城",0,0,0
' compile_object' in ' adm/single/master.c' ('   adm/single/master') /adm/single/master.c:41
arguments were ("/kungfu/class/generate/questnpc")
locals were: adm/daemons/virtuald
' compile_object' in 'adm/daemons/virtuald.c' ('adm/daemons/virtuald') /adm/daemons/virtuald.c:35
arguments were ("/kungfu/class/generate/questnpc")
locals were: ({ /* sizeof() == 4 */
  "kungfu",
  "class",
  "generate",
  "questnpc"
}),"/kungfu/class/generate/questnpc",3,0
' compile_object' in ' adm/single/master.c' ('   adm/single/master') /adm/single/master.c:41
arguments were ("/kungfu/class/generate/questnpc")
locals were: adm/daemons/virtuald
' compile_object' in 'adm/daemons/virtuald.c' ('adm/daemons/virtuald') /adm/daemons/virtuald.c:35
arguments were ("/kungfu/class/generate/questnpc")
locals were: ({ /* sizeof() == 4 */
  "kungfu",
  "class",
  "generate",
  "questnpc"
}),"/kungfu/class/generate/questnpc",3,0
' compile_object' in ' adm/single/master.c' ('   adm/single/master') /adm/single/master.c:41
arguments were ("/kungfu/class/generate/questnpc")
locals were: adm/daemons/virtuald
' compile_object' in 'adm/daemons/virtuald.c' ('adm/daemons/virtuald') /adm/daemons/virtuald.c:35
arguments were ("/kungfu/class/generate/questnpc")
locals were: ({ /* sizeof() == 4 */
  "kungfu",
  "class",
  "generate",
  "questnpc"
}),"/kungfu/class/generate/questnpc",3,0
' compile_object' in ' adm/single/master.c' ('   adm/single/master') /adm/single/master.c:41
arguments were ("/kungfu/class/generate/questnpc")
locals were: adm/daemons/virtuald
' compile_object' in 'adm/daemons/virtuald.c' ('adm/daemons/virtuald') /adm/daemons/virtuald.c:35
arguments were ("/kungfu/class/generate/questnpc")
locals were: ({ /* sizeof() == 4 */
  "kungfu",
  "class",
  "generate",
  "questnpc"
}),"/kungfu/class/generate/questnpc",3,0
' compile_object' in ' adm/single/master.c' ('   adm/single/master') /adm/single/master.c:41
arguments were ("/kungfu/class/generate/questnpc")
locals were: adm/daemons/virtuald
' compile_object' in 'adm/daemons/virtuald.c' ('adm/daemons/virtuald') /adm/daemons/virtuald.c:35
arguments were ("/kungfu/class/generate/questnpc")
locals were: ({ /* sizeof() == 4 */
  "kungfu",
  "class",
  "generate",
  "questnpc"
}),"/kungfu/class/generate/questnpc",3,0
' compile_object' in ' adm/single/master.c' ('   adm/single/master') /adm/single/master.c:41
arguments were ("/kungfu/class/generate/questnpc")
locals were: adm/daemons/virtuald
' compile_object' in 'adm/daemons/virtuald.c' ('adm/daemons/virtuald') /adm/daemons/virtuald.c:35
arguments were ("/kungfu/class/generate/questnpc")
locals were: ({ /* sizeof() == 4 */
  "kungfu",
  "class",
  "generate",
  "questnpc"
}),"/kungfu/class/generate/questnpc",3,0
' compile_object' in ' adm/single/master.c' ('   adm/single/master') /adm/single/master.c:41
arguments were ("/kungfu/class/generate/questnpc")
locals were: adm/daemons/virtuald
' compile_object' in 'adm/daemons/virtuald.c' ('adm/daemons/virtuald') /adm/daemons/virtuald.c:35
arguments were ("/kungfu/class/generate/questnpc")
locals were: ({ /* sizeof() == 4 */
  "kungfu",
  "class",
  "generate",
  "questnpc"
}),"/kungfu/class/generate/questnpc",3,0
' compile_object' in ' adm/single/master.c' ('   adm/single/master') /adm/single/master.c:41
arguments were ("/kungfu/class/generate/questnpc")
locals were: adm/daemons/virtuald
' compile_object' in 'adm/daemons/virtuald.c' ('adm/daemons/virtuald') /adm/daemons/virtuald.c:35
arguments were ("/kungfu/class/generate/questnpc")
locals were: ({ /* sizeof() == 4 */
  "kungfu",
  "class",
  "generate",
  "questnpc"
}),"/kungfu/class/generate/questnpc",3,0
' compile_object' in ' adm/single/master.c' ('   adm/single/master') /adm/single/master.c:41
arguments were ("/kungfu/class/generate/questnpc")
locals were: adm/daemons/virtuald
' compile_object' in 'adm/daemons/virtuald.c' ('adm/daemons/virtuald') /adm/daemons/virtuald.c:35
arguments were ("/kungfu/class/generate/questnpc")
locals were: ({ /* sizeof() == 4 */
  "kungfu",
  "class",
  "generate",
  "questnpc"
}),"/kungfu/class/generate/questnpc",3,0
' compile_object' in ' adm/single/master.c' ('   adm/single/master') /adm/single/master.c:41
arguments were ("/kungfu/class/generate/questnpc")
locals were: adm/daemons/virtuald
' compile_object' in 'adm/daemons/virtuald.c' ('adm/daemons/virtuald') /adm/daemons/virtuald.c:35
arguments were ("/kungfu/class/generate/questnpc")
locals were: ({ /* sizeof() == 4 */
  "kungfu",
  "class",
  "generate",
  "questnpc"
}),"/kungfu/class/generate/questnpc",3,0
' compile_object' in ' adm/single/master.c' ('   adm/single/master') /adm/single/master.c:41
arguments were ("/kungfu/class/generate/questnpc")
locals were: adm/daemons/virtuald
' compile_object' in 'adm/daemons/virtuald.c' ('adm/daemons/virtuald') /adm/daemons/virtuald.c:35
arguments were ("/kungfu/class/generate/questnpc")
locals were: ({ /* sizeof() == 4 */
  "kungfu",
  "class",
  "generate",
  "questnpc"
}),"/kungfu/class/generate/questnpc",3,0
' compile_object' in ' adm/single/master.c' ('   adm/single/master') /adm/single/master.c:41
arguments were ("/kungfu/class/generate/questnpc")
locals were: adm/daemons/virtuald
' compile_object' in 'adm/daemons/virtuald.c' ('adm/daemons/virtuald') /adm/daemons/virtuald.c:35
arguments were ("/kungfu/class/generate/questnpc")
locals were: ({ /* sizeof() == 4 */
  "kungfu",
  "class",
  "generate",
  "questnpc"
}),"/kungfu/class/generate/questnpc",3,0
' compile_object' in ' adm/single/master.c' ('   adm/single/master') /adm/single/master.c:41
arguments were ("/kungfu/class/generate/questnpc")
locals were: adm/daemons/virtuald
' compile_object' in 'adm/daemons/virtuald.c' ('adm/daemons/virtuald') /adm/daemons/virtuald.c:35
arguments were ("/kungfu/class/generate/questnpc")
locals were: ({ /* sizeof() == 4 */
  "kungfu",
  "class",
  "generate",
  "questnpc"
}),"/kungfu/class/generate/questnpc",3,0
' compile_object' in ' adm/single/master.c' ('   adm/single/master') /adm/single/master.c:41
arguments were ("/kungfu/class/generate/questnpc")
locals were: adm/daemons/virtuald
' compile_object' in 'adm/daemons/virtuald.c' ('adm/daemons/virtuald') /adm/daemons/virtuald.c:35
arguments were ("/kungfu/class/generate/questnpc")
locals were: ({ /* sizeof() == 4 */
  "kungfu",
  "class",
  "generate",
  "questnpc"
}),"/kungfu/class/generate/questnpc",3,0
' compile_object' in ' adm/single/master.c' ('   adm/single/master') /adm/single/master.c:41
arguments were ("/kungfu/class/generate/questnpc")
locals were: adm/daemons/virtuald
' compile_object' in 'adm/daemons/virtuald.c' ('adm/daemons/virtuald') /adm/daemons/virtuald.c:35
arguments were ("/kungfu/class/generate/questnpc")
locals were: ({ /* sizeof() == 4 */
  "kungfu",
  "class",
  "generate",
  "questnpc"
}),"/kungfu/class/generate/questnpc",3,0
' compile_object' in ' adm/single/master.c' ('   adm/single/master') /adm/single/master.c:41
arguments were ("/kungfu/class/generate/questnpc")
locals were: adm/daemons/virtuald
' compile_object' in 'adm/daemons/virtuald.c' ('adm/daemons/virtuald') /adm/daemons/virtuald.c:35
arguments were ("/kungfu/class/generate/questnpc")
locals were: ({ /* sizeof() == 4 */
  "kungfu",
  "class",
  "generate",
  "questnpc"
}),"/kungfu/class/generate/questnpc",3,0
' compile_object' in ' adm/single/master.c' ('   adm/single/master') /adm/single/master.c:41
arguments were ("/kungfu/class/generate/questnpc")
locals were: adm/daemons/virtuald
' compile_object' in 'adm/daemons/virtuald.c' ('adm/daemons/virtuald') /adm/daemons/virtuald.c:35
arguments were ("/kungfu/class/generate/questnpc")
locals were: ({ /* sizeof() == 4 */
  "kungfu",
  "class",
  "generate",
  "questnpc"
}),"/kungfu/class/generate/questnpc",3,0
' compile_object' in ' adm/single/master.c' ('   adm/single/master') /adm/single/master.c:41
arguments were ("/kungfu/class/generate/questnpc")
locals were: adm/daemons/virtuald
' compile_object' in 'adm/daemons/virtuald.c' ('adm/daemons/virtuald') /adm/daemons/virtuald.c:35
arguments were ("/kungfu/class/generate/questnpc")
locals were: ({ /* sizeof() == 4 */
  "kungfu",
  "class",
  "generate",
  "questnpc"
}),"/kungfu/class/generate/questnpc",3,0
' compile_object' in ' adm/single/master.c' ('   adm/single/master') /adm/single/master.c:41
arguments were ("/kungfu/class/generate/questnpc")
locals were: adm/daemons/virtuald
' compile_object' in 'adm/daemons/virtuald.c' ('adm/daemons/virtuald') /adm/daemons/virtuald.c:35
arguments were ("/kungfu/class/generate/questnpc")
locals were: ({ /* sizeof() == 4 */
  "kungfu",
  "class",
  "generate",
  "questnpc"
}),"/kungfu/class/generate/questnpc",3,0
' compile_object' in ' adm/single/master.c' ('   adm/single/master') /adm/single/master.c:41
arguments were ("/kungfu/class/generate/questnpc")
locals were: adm/daemons/virtuald
' compile_object' in 'adm/daemons/virtuald.c' ('adm/daemons/virtuald') /adm/daemons/virtuald.c:35
arguments were ("/kungfu/class/generate/questnpc")
locals were: ({ /* sizeof() == 4 */
  "kungfu",
  "class",
  "generate",
  "questnpc"
}),"/kungfu/class/generate/questnpc",3,0
' compile_object' in ' adm/single/master.c' ('   adm/single/master') /adm/single/master.c:41
arguments were ("/kungfu/class/generate/questnpc")
locals were: adm/daemons/virtuald
' compile_object' in 'adm/daemons/virtuald.c' ('adm/daemons/virtuald') /adm/daemons/virtuald.c:35
arguments were ("/kungfu/class/generate/questnpc")
locals were: ({ /* sizeof() == 4 */
  "kungfu",
  "class",
  "generate",
  "questnpc"
}),"/kungfu/class/generate/questnpc",3,0
' compile_object' in ' adm/single/master.c' ('   adm/single/master') /adm/single/master.c:41
arguments were ("/kungfu/class/generate/questnpc")
locals were: adm/daemons/virtuald
' compile_object' in 'adm/daemons/virtuald.c' ('adm/daemons/virtuald') /adm/daemons/virtuald.c:35
arguments were ("/kungfu/class/generate/questnpc")
locals were: ({ /* sizeof() == 4 */
  "kungfu",
  "class",
  "generate",
  "questnpc"
}),"/kungfu/class/generate/questnpc",3,0
' compile_object' in ' adm/single/master.c' ('   adm/single/master') /adm/single/master.c:41
arguments were ("/kungfu/class/generate/questnpc")
locals were: adm/daemons/virtuald
' compile_object' in 'adm/daemons/virtuald.c' ('adm/daemons/virtuald') /adm/daemons/virtuald.c:25
arguments were ("/kungfu/class/generate/questnpc")
locals were: ({ /* sizeof() == 4 */
  "kungfu",
  "class",
  "generate",
  "questnpc"
}),"/kungfu",0,0
'     valid_read' in ' adm/single/master.c' ('   adm/single/master') /adm/single/master.c:424
arguments were ("/kungfu",adm/daemons/virtuald,"file_size")
locals were: adm/daemons/securityd
Heart beat in adm/daemons/quest/judge turned off.
Error in error handler: *Too deep recursion.
program: /adm/daemons/virtuald.c, object: /adm/daemons/virtuald, file: /adm/daemons/virtuald.c:25
'     heart_beat' in 'adm/daemons/quest/explore.c' ('adm/daemons/quest/explore') /adm/daemons/quest/explore.c:130
arguments were ()
'    start_quest' in 'adm/daemons/quest/explore.c' ('adm/daemons/quest/explore') /adm/daemons/quest/explore.c:83
arguments were ()
locals were: 0,0,"/d/lingzhou/yipindayuan",0,0,0,({ /* sizeof() == 13 */
  "/d/changan/fangzhangshi",
  "/d/city/duchang",
  "/d/city/houyuan",
  "/d/city3/jiudian",
  "/d/hangzhou/lingyinsi",
  "/d/city3/tidufu",
  "/d/city/ymzhengting",
  "/d/fuzhou/yamen",
  "/d/beijing/kangfu_dating",
  "/d/lingzhou/neizai",
  "/d/dali/wangfugate",
  "/d/lingzhou/yipindayuan",
  "/d/suzhou/yamen"
}),({ /* sizeof() == 6 */
  clone/quest/explore#230,
  clone/quest/explore#177,
  clone/quest/explore#170,
  clone/quest/explore#115,
  clone/quest/explore#93,
  clone/quest/explore
}),0,0
'     get_object' in 'adm/single/simul_efun.c' ('adm/single/simul_efun') /adm/simul_efun/util.c:151
arguments were ("/d/lingzhou/yipindayuan")
locals were: 0
'         create' in 'd/lingzhou/yipindayuan.c' ('d/lingzhou/yipindayuan') /d/lingzhou/yipindayuan.c:30
arguments were ()
' compile_object' in ' adm/single/master.c' ('   adm/single/master') /adm/single/master.c:41
arguments were ("/clone/board/yipin_b")
locals were: adm/daemons/virtuald
' compile_object' in 'adm/daemons/virtuald.c' ('adm/daemons/virtuald') /adm/daemons/virtuald.c:35
arguments were ("/clone/board/yipin_b")
locals were: ({ /* sizeof() == 3 */
  "clone",
  "board",
  "yipin_b"
}),"/clone/board/yipin_b",2,0
' compile_object' in ' adm/single/master.c' ('   adm/single/master') /adm/single/master.c:41
arguments were ("/clone/board/yipin_b")
locals were: adm/daemons/virtuald
' compile_object' in 'adm/daemons/virtuald.c' ('adm/daemons/virtuald') /adm/daemons/virtuald.c:35
arguments were ("/clone/board/yipin_b")
locals were: ({ /* sizeof() == 3 */
  "clone",
  "board",
  "yipin_b"
}),"/clone/board/yipin_b",2,0
' compile_object' in ' adm/single/master.c' ('   adm/single/master') /adm/single/master.c:41
arguments were ("/clone/board/yipin_b")
locals were: adm/daemons/virtuald
' compile_object' in 'adm/daemons/virtuald.c' ('adm/daemons/virtuald') /adm/daemons/virtuald.c:35
arguments were ("/clone/board/yipin_b")
locals were: ({ /* sizeof() == 3 */
  "clone",
  "board",
  "yipin_b"
}),"/clone/board/yipin_b",2,0
' compile_object' in ' adm/single/master.c' ('   adm/single/master') /adm/single/master.c:41
arguments were ("/clone/board/yipin_b")
locals were: adm/daemons/virtuald
' compile_object' in 'adm/daemons/virtuald.c' ('adm/daemons/virtuald') /adm/daemons/virtuald.c:35
arguments were ("/clone/board/yipin_b")
locals were: ({ /* sizeof() == 3 */
  "clone",
  "board",
  "yipin_b"
}),"/clone/board/yipin_b",2,0
' compile_object' in ' adm/single/master.c' ('   adm/single/master') /adm/single/master.c:41
arguments were ("/clone/board/yipin_b")
locals were: adm/daemons/virtuald
' compile_object' in 'adm/daemons/virtuald.c' ('adm/daemons/virtuald') /adm/daemons/virtuald.c:35
arguments were ("/clone/board/yipin_b")
locals were: ({ /* sizeof() == 3 */
  "clone",
  "board",
  "yipin_b"
}),"/clone/board/yipin_b",2,0
' compile_object' in ' adm/single/master.c' ('   adm/single/master') /adm/single/master.c:41
arguments were ("/clone/board/yipin_b")
locals were: adm/daemons/virtuald
' compile_object' in 'adm/daemons/virtuald.c' ('adm/daemons/virtuald') /adm/daemons/virtuald.c:35
arguments were ("/clone/board/yipin_b")
locals were: ({ /* sizeof() == 3 */
  "clone",
  "board",
  "yipin_b"
}),"/clone/board/yipin_b",2,0
' compile_object' in ' adm/single/master.c' ('   adm/single/master') /adm/single/master.c:41
arguments were ("/clone/board/yipin_b")
locals were: adm/daemons/virtuald
' compile_object' in 'adm/daemons/virtuald.c' ('adm/daemons/virtuald') /adm/daemons/virtuald.c:35
arguments were ("/clone/board/yipin_b")
locals were: ({ /* sizeof() == 3 */
  "clone",
  "board",
  "yipin_b"
}),"/clone/board/yipin_b",2,0
' compile_object' in ' adm/single/master.c' ('   adm/single/master') /adm/single/master.c:41
arguments were ("/clone/board/yipin_b")
locals were: adm/daemons/virtuald
' compile_object' in 'adm/daemons/virtuald.c' ('adm/daemons/virtuald') /adm/daemons/virtuald.c:35
arguments were ("/clone/board/yipin_b")
locals were: ({ /* sizeof() == 3 */
  "clone",
  "board",
  "yipin_b"
}),"/clone/board/yipin_b",2,0
' compile_object' in ' adm/single/master.c' ('   adm/single/master') /adm/single/master.c:41
arguments were ("/clone/board/yipin_b")
locals were: adm/daemons/virtuald
' compile_object' in 'adm/daemons/virtuald.c' ('adm/daemons/virtuald') /adm/daemons/virtuald.c:35
arguments were ("/clone/board/yipin_b")
locals were: ({ /* sizeof() == 3 */
  "clone",
  "board",
  "yipin_b"
}),"/clone/board/yipin_b",2,0
' compile_object' in ' adm/single/master.c' ('   adm/single/master') /adm/single/master.c:41
arguments were ("/clone/board/yipin_b")
locals were: adm/daemons/virtuald
' compile_object' in 'adm/daemons/virtuald.c' ('adm/daemons/virtuald') /adm/daemons/virtuald.c:35
arguments were ("/clone/board/yipin_b")
locals were: ({ /* sizeof() == 3 */
  "clone",
  "board",
  "yipin_b"
}),"/clone/board/yipin_b",2,0
' compile_object' in ' adm/single/master.c' ('   adm/single/master') /adm/single/master.c:41
arguments were ("/clone/board/yipin_b")
locals were: adm/daemons/virtuald
' compile_object' in 'adm/daemons/virtuald.c' ('adm/daemons/virtuald') /adm/daemons/virtuald.c:35
arguments were ("/clone/board/yipin_b")
locals were: ({ /* sizeof() == 3 */
  "clone",
  "board",
  "yipin_b"
}),"/clone/board/yipin_b",2,0
' compile_object' in ' adm/single/master.c' ('   adm/single/master') /adm/single/master.c:41
arguments were ("/clone/board/yipin_b")
locals were: adm/daemons/virtuald
' compile_object' in 'adm/daemons/virtuald.c' ('adm/daemons/virtuald') /adm/daemons/virtuald.c:35
arguments were ("/clone/board/yipin_b")
locals were: ({ /* sizeof() == 3 */
  "clone",
  "board",
  "yipin_b"
}),"/clone/board/yipin_b",2,0
' compile_object' in ' adm/single/master.c' ('   adm/single/master') /adm/single/master.c:41
arguments were ("/clone/board/yipin_b")
locals were: adm/daemons/virtuald
' compile_object' in 'adm/daemons/virtuald.c' ('adm/daemons/virtuald') /adm/daemons/virtuald.c:35
arguments were ("/clone/board/yipin_b")
locals were: ({ /* sizeof() == 3 */
  "clone",
  "board",
  "yipin_b"
}),"/clone/board/yipin_b",2,0
' compile_object' in ' adm/single/master.c' ('   adm/single/master') /adm/single/master.c:41
arguments were ("/clone/board/yipin_b")
locals were: adm/daemons/virtuald
' compile_object' in 'adm/daemons/virtuald.c' ('adm/daemons/virtuald') /adm/daemons/virtuald.c:35
arguments were ("/clone/board/yipin_b")
locals were: ({ /* sizeof() == 3 */
  "clone",
  "board",
  "yipin_b"
}),"/clone/board/yipin_b",2,0
' compile_object' in ' adm/single/master.c' ('   adm/single/master') /adm/single/master.c:41
arguments were ("/clone/board/yipin_b")
locals were: adm/daemons/virtuald
' compile_object' in 'adm/daemons/virtuald.c' ('adm/daemons/virtuald') /adm/daemons/virtuald.c:35
arguments were ("/clone/board/yipin_b")
locals were: ({ /* sizeof() == 3 */
  "clone",
  "board",
  "yipin_b"
}),"/clone/board/yipin_b",2,0
' compile_object' in ' adm/single/master.c' ('   adm/single/master') /adm/single/master.c:41
arguments were ("/clone/board/yipin_b")
locals were: adm/daemons/virtuald
' compile_object' in 'adm/daemons/virtuald.c' ('adm/daemons/virtuald') /adm/daemons/virtuald.c:35
arguments were ("/clone/board/yipin_b")
locals were: ({ /* sizeof() == 3 */
  "clone",
  "board",
  "yipin_b"
}),"/clone/board/yipin_b",2,0
' compile_object' in ' adm/single/master.c' ('   adm/single/master') /adm/single/master.c:41
arguments were ("/clone/board/yipin_b")
locals were: adm/daemons/virtuald
' compile_object' in 'adm/daemons/virtuald.c' ('adm/daemons/virtuald') /adm/daemons/virtuald.c:35
arguments were ("/clone/board/yipin_b")
locals were: ({ /* sizeof() == 3 */
  "clone",
  "board",
  "yipin_b"
}),"/clone/board/yipin_b",2,0
' compile_object' in ' adm/single/master.c' ('   adm/single/master') /adm/single/master.c:41
arguments were ("/clone/board/yipin_b")
locals were: adm/daemons/virtuald
' compile_object' in 'adm/daemons/virtuald.c' ('adm/daemons/virtuald') /adm/daemons/virtuald.c:35
arguments were ("/clone/board/yipin_b")
locals were: ({ /* sizeof() == 3 */
  "clone",
  "board",
  "yipin_b"
}),"/clone/board/yipin_b",2,0
' compile_object' in ' adm/single/master.c' ('   adm/single/master') /adm/single/master.c:41
arguments were ("/clone/board/yipin_b")
locals were: adm/daemons/virtuald
' compile_object' in 'adm/daemons/virtuald.c' ('adm/daemons/virtuald') /adm/daemons/virtuald.c:35
arguments were ("/clone/board/yipin_b")
locals were: ({ /* sizeof() == 3 */
  "clone",
  "board",
  "yipin_b"
}),"/clone/board/yipin_b",2,0
' compile_object' in ' adm/single/master.c' ('   adm/single/master') /adm/single/master.c:41
arguments were ("/clone/board/yipin_b")
locals were: adm/daemons/virtuald
' compile_object' in 'adm/daemons/virtuald.c' ('adm/daemons/virtuald') /adm/daemons/virtuald.c:35
arguments were ("/clone/board/yipin_b")
locals were: ({ /* sizeof() == 3 */
  "clone",
  "board",
  "yipin_b"
}),"/clone/board/yipin_b",2,0
' compile_object' in ' adm/single/master.c' ('   adm/single/master') /adm/single/master.c:41
arguments were ("/clone/board/yipin_b")
locals were: adm/daemons/virtuald
' compile_object' in 'adm/daemons/virtuald.c' ('adm/daemons/virtuald') /adm/daemons/virtuald.c:35
arguments were ("/clone/board/yipin_b")
locals were: ({ /* sizeof() == 3 */
  "clone",
  "board",
  "yipin_b"
}),"/clone/board/yipin_b",2,0
' compile_object' in ' adm/single/master.c' ('   adm/single/master') /adm/single/master.c:41
arguments were ("/clone/board/yipin_b")
locals were: adm/daemons/virtuald
' compile_object' in 'adm/daemons/virtuald.c' ('adm/daemons/virtuald') /adm/daemons/virtuald.c:35
arguments were ("/clone/board/yipin_b")
locals were: ({ /* sizeof() == 3 */
  "clone",
  "board",
  "yipin_b"
}),"/clone/board/yipin_b",2,0
' compile_object' in ' adm/single/master.c' ('   adm/single/master') /adm/single/master.c:41
arguments were ("/clone/board/yipin_b")
locals were: adm/daemons/virtuald
' compile_object' in 'adm/daemons/virtuald.c' ('adm/daemons/virtuald') /adm/daemons/virtuald.c:25
arguments were ("/clone/board/yipin_b")
locals were: ({ /* sizeof() == 3 */
  "clone",
  "board",
  "yipin_b"
}),"/clone",0,0
Heart beat in adm/daemons/quest/explore turned off.
Error in error handler: *Too deep recursion.
program: /adm/single/master.c, object: /adm/single/master, file: /adm/single/master.c:424
'     heart_beat' in 'adm/daemons/quest/shen.c' ('adm/daemons/quest/shen') /adm/daemons/quest/shen.c:37
arguments were ()
'    start_quest' in 'adm/daemons/quest/shen.c' ('adm/daemons/quest/shen') /adm/daemons/quest/shen.c:25
arguments were ()
locals were: clone/quest/shen#359,0,0
'     init_quest' in '  clone/quest/shen.c' ('clone/quest/shen#359') /clone/quest/shen.c:39
arguments were ()
locals were: 0,0,"天山",0,0,0
' compile_object' in ' adm/single/master.c' ('   adm/single/master') /adm/single/master.c:41
arguments were ("/kungfu/class/generate/shennpc")
locals were: adm/daemons/virtuald
' compile_object' in 'adm/daemons/virtuald.c' ('adm/daemons/virtuald') /adm/daemons/virtuald.c:35
arguments were ("/kungfu/class/generate/shennpc")
locals were: ({ /* sizeof() == 4 */
  "kungfu",
  "class",
  "generate",
  "shennpc"
}),"/kungfu/class/generate/shennpc",3,0
' compile_object' in ' adm/single/master.c' ('   adm/single/master') /adm/single/master.c:41
arguments were ("/kungfu/class/generate/shennpc")
locals were: adm/daemons/virtuald
' compile_object' in 'adm/daemons/virtuald.c' ('adm/daemons/virtuald') /adm/daemons/virtuald.c:35
arguments were ("/kungfu/class/generate/shennpc")
locals were: ({ /* sizeof() == 4 */
  "kungfu",
  "class",
  "generate",
  "shennpc"
}),"/kungfu/class/generate/shennpc",3,0
' compile_object' in ' adm/single/master.c' ('   adm/single/master') /adm/single/master.c:41
arguments were ("/kungfu/class/generate/shennpc")
locals were: adm/daemons/virtuald
' compile_object' in 'adm/daemons/virtuald.c' ('adm/daemons/virtuald') /adm/daemons/virtuald.c:35
arguments were ("/kungfu/class/generate/shennpc")
locals were: ({ /* sizeof() == 4 */
  "kungfu",
  "class",
  "generate",
  "shennpc"
}),"/kungfu/class/generate/shennpc",3,0
' compile_object' in ' adm/single/master.c' ('   adm/single/master') /adm/single/master.c:41
arguments were ("/kungfu/class/generate/shennpc")
locals were: adm/daemons/virtuald
' compile_object' in 'adm/daemons/virtuald.c' ('adm/daemons/virtuald') /adm/daemons/virtuald.c:35
arguments were ("/kungfu/class/generate/shennpc")
locals were: ({ /* sizeof() == 4 */
  "kungfu",
  "class",
  "generate",
  "shennpc"
}),"/kungfu/class/generate/shennpc",3,0
' compile_object' in ' adm/single/master.c' ('   adm/single/master') /adm/single/master.c:41
arguments were ("/kungfu/class/generate/shennpc")
locals were: adm/daemons/virtuald
' compile_object' in 'adm/daemons/virtuald.c' ('adm/daemons/virtuald') /adm/daemons/virtuald.c:35
arguments were ("/kungfu/class/generate/shennpc")
locals were: ({ /* sizeof() == 4 */
  "kungfu",
  "class",
  "generate",
  "shennpc"
}),"/kungfu/class/generate/shennpc",3,0
' compile_object' in ' adm/single/master.c' ('   adm/single/master') /adm/single/master.c:41
arguments were ("/kungfu/class/generate/shennpc")
locals were: adm/daemons/virtuald
' compile_object' in 'adm/daemons/virtuald.c' ('adm/daemons/virtuald') /adm/daemons/virtuald.c:35
arguments were ("/kungfu/class/generate/shennpc")
locals were: ({ /* sizeof() == 4 */
  "kungfu",
  "class",
  "generate",
  "shennpc"
}),"/kungfu/class/generate/shennpc",3,0
' compile_object' in ' adm/single/master.c' ('   adm/single/master') /adm/single/master.c:41
arguments were ("/kungfu/class/generate/shennpc")
locals were: adm/daemons/virtuald
' compile_object' in 'adm/daemons/virtuald.c' ('adm/daemons/virtuald') /adm/daemons/virtuald.c:35
arguments were ("/kungfu/class/generate/shennpc")
locals were: ({ /* sizeof() == 4 */
  "kungfu",
  "class",
  "generate",
  "shennpc"
}),"/kungfu/class/generate/shennpc",3,0
' compile_object' in ' adm/single/master.c' ('   adm/single/master') /adm/single/master.c:41
arguments were ("/kungfu/class/generate/shennpc")
locals were: adm/daemons/virtuald
' compile_object' in 'adm/daemons/virtuald.c' ('adm/daemons/virtuald') /adm/daemons/virtuald.c:35
arguments were ("/kungfu/class/generate/shennpc")
locals were: ({ /* sizeof() == 4 */
  "kungfu",
  "class",
  "generate",
  "shennpc"
}),"/kungfu/class/generate/shennpc",3,0
' compile_object' in ' adm/single/master.c' ('   adm/single/master') /adm/single/master.c:41
arguments were ("/kungfu/class/generate/shennpc")
locals were: adm/daemons/virtuald
' compile_object' in 'adm/daemons/virtuald.c' ('adm/daemons/virtuald') /adm/daemons/virtuald.c:35
arguments were ("/kungfu/class/generate/shennpc")
locals were: ({ /* sizeof() == 4 */
  "kungfu",
  "class",
  "generate",
  "shennpc"
}),"/kungfu/class/generate/shennpc",3,0
' compile_object' in ' adm/single/master.c' ('   adm/single/master') /adm/single/master.c:41
arguments were ("/kungfu/class/generate/shennpc")
locals were: adm/daemons/virtuald
' compile_object' in 'adm/daemons/virtuald.c' ('adm/daemons/virtuald') /adm/daemons/virtuald.c:35
arguments were ("/kungfu/class/generate/shennpc")
locals were: ({ /* sizeof() == 4 */
  "kungfu",
  "class",
  "generate",
  "shennpc"
}),"/kungfu/class/generate/shennpc",3,0
' compile_object' in ' adm/single/master.c' ('   adm/single/master') /adm/single/master.c:41
arguments were ("/kungfu/class/generate/shennpc")
locals were: adm/daemons/virtuald
' compile_object' in 'adm/daemons/virtuald.c' ('adm/daemons/virtuald') /adm/daemons/virtuald.c:35
arguments were ("/kungfu/class/generate/shennpc")
locals were: ({ /* sizeof() == 4 */
  "kungfu",
  "class",
  "generate",
  "shennpc"
}),"/kungfu/class/generate/shennpc",3,0
' compile_object' in ' adm/single/master.c' ('   adm/single/master') /adm/single/master.c:41
arguments were ("/kungfu/class/generate/shennpc")
locals were: adm/daemons/virtuald
' compile_object' in 'adm/daemons/virtuald.c' ('adm/daemons/virtuald') /adm/daemons/virtuald.c:35
arguments were ("/kungfu/class/generate/shennpc")
locals were: ({ /* sizeof() == 4 */
  "kungfu",
  "class",
  "generate",
  "shennpc"
}),"/kungfu/class/generate/shennpc",3,0
' compile_object' in ' adm/single/master.c' ('   adm/single/master') /adm/single/master.c:41
arguments were ("/kungfu/class/generate/shennpc")
locals were: adm/daemons/virtuald
' compile_object' in 'adm/daemons/virtuald.c' ('adm/daemons/virtuald') /adm/daemons/virtuald.c:35
arguments were ("/kungfu/class/generate/shennpc")
locals were: ({ /* sizeof() == 4 */
  "kungfu",
  "class",
  "generate",
  "shennpc"
}),"/kungfu/class/generate/shennpc",3,0
' compile_object' in ' adm/single/master.c' ('   adm/single/master') /adm/single/master.c:41
arguments were ("/kungfu/class/generate/shennpc")
locals were: adm/daemons/virtuald
' compile_object' in 'adm/daemons/virtuald.c' ('adm/daemons/virtuald') /adm/daemons/virtuald.c:35
arguments were ("/kungfu/class/generate/shennpc")
locals were: ({ /* sizeof() == 4 */
  "kungfu",
  "class",
  "generate",
  "shennpc"
}),"/kungfu/class/generate/shennpc",3,0
' compile_object' in ' adm/single/master.c' ('   adm/single/master') /adm/single/master.c:41
arguments were ("/kungfu/class/generate/shennpc")
locals were: adm/daemons/virtuald
' compile_object' in 'adm/daemons/virtuald.c' ('adm/daemons/virtuald') /adm/daemons/virtuald.c:35
arguments were ("/kungfu/class/generate/shennpc")
locals were: ({ /* sizeof() == 4 */
  "kungfu",
  "class",
  "generate",
  "shennpc"
}),"/kungfu/class/generate/shennpc",3,0
' compile_object' in ' adm/single/master.c' ('   adm/single/master') /adm/single/master.c:41
arguments were ("/kungfu/class/generate/shennpc")
locals were: adm/daemons/virtuald
' compile_object' in 'adm/daemons/virtuald.c' ('adm/daemons/virtuald') /adm/daemons/virtuald.c:35
arguments were ("/kungfu/class/generate/shennpc")
locals were: ({ /* sizeof() == 4 */
  "kungfu",
  "class",
  "generate",
  "shennpc"
}),"/kungfu/class/generate/shennpc",3,0
' compile_object' in ' adm/single/master.c' ('   adm/single/master') /adm/single/master.c:41
arguments were ("/kungfu/class/generate/shennpc")
locals were: adm/daemons/virtuald
' compile_object' in 'adm/daemons/virtuald.c' ('adm/daemons/virtuald') /adm/daemons/virtuald.c:35
arguments were ("/kungfu/class/generate/shennpc")
locals were: ({ /* sizeof() == 4 */
  "kungfu",
  "class",
  "generate",
  "shennpc"
}),"/kungfu/class/generate/shennpc",3,0
' compile_object' in ' adm/single/master.c' ('   adm/single/master') /adm/single/master.c:41
arguments were ("/kungfu/class/generate/shennpc")
locals were: adm/daemons/virtuald
' compile_object' in 'adm/daemons/virtuald.c' ('adm/daemons/virtuald') /adm/daemons/virtuald.c:35
arguments were ("/kungfu/class/generate/shennpc")
locals were: ({ /* sizeof() == 4 */
  "kungfu",
  "class",
  "generate",
  "shennpc"
}),"/kungfu/class/generate/shennpc",3,0
' compile_object' in ' adm/single/master.c' ('   adm/single/master') /adm/single/master.c:41
arguments were ("/kungfu/class/generate/shennpc")
locals were: adm/daemons/virtuald
' compile_object' in 'adm/daemons/virtuald.c' ('adm/daemons/virtuald') /adm/daemons/virtuald.c:35
arguments were ("/kungfu/class/generate/shennpc")
locals were: ({ /* sizeof() == 4 */
  "kungfu",
  "class",
  "generate",
  "shennpc"
}),"/kungfu/class/generate/shennpc",3,0
' compile_object' in ' adm/single/master.c' ('   adm/single/master') /adm/single/master.c:41
arguments were ("/kungfu/class/generate/shennpc")
locals were: adm/daemons/virtuald
' compile_object' in 'adm/daemons/virtuald.c' ('adm/daemons/virtuald') /adm/daemons/virtuald.c:35
arguments were ("/kungfu/class/generate/shennpc")
locals were: ({ /* sizeof() == 4 */
  "kungfu",
  "class",
  "generate",
  "shennpc"
}),"/kungfu/class/generate/shennpc",3,0
' compile_object' in ' adm/single/master.c' ('   adm/single/master') /adm/single/master.c:41
arguments were ("/kungfu/class/generate/shennpc")
locals were: adm/daemons/virtuald
' compile_object' in 'adm/daemons/virtuald.c' ('adm/daemons/virtuald') /adm/daemons/virtuald.c:35
arguments were ("/kungfu/class/generate/shennpc")
locals were: ({ /* sizeof() == 4 */
  "kungfu",
  "class",
  "generate",
  "shennpc"
}),"/kungfu/class/generate/shennpc",3,0
' compile_object' in ' adm/single/master.c' ('   adm/single/master') /adm/single/master.c:41
arguments were ("/kungfu/class/generate/shennpc")
locals were: adm/daemons/virtuald
' compile_object' in 'adm/daemons/virtuald.c' ('adm/daemons/virtuald') /adm/daemons/virtuald.c:35
arguments were ("/kungfu/class/generate/shennpc")
locals were: ({ /* sizeof() == 4 */
  "kungfu",
  "class",
  "generate",
  "shennpc"
}),"/kungfu/class/generate/shennpc",3,0
' compile_object' in ' adm/single/master.c' ('   adm/single/master') /adm/single/master.c:41
arguments were ("/kungfu/class/generate/shennpc")
locals were: adm/daemons/virtuald
' compile_object' in 'adm/daemons/virtuald.c' ('adm/daemons/virtuald') /adm/daemons/virtuald.c:25
arguments were ("/kungfu/class/generate/shennpc")
locals were: ({ /* sizeof() == 4 */
  "kungfu",
  "class",
  "generate",
  "shennpc"
}),"/kungfu",0,0
'     valid_read' in ' adm/single/master.c' ('   adm/single/master') /adm/single/master.c:424
arguments were ("/kungfu",adm/daemons/virtuald,"file_size")
locals were: adm/daemons/securityd
Heart beat in adm/daemons/quest/shen turned off.
Error in error handler: *Too deep recursion.
program: /adm/single/master.c, object: /adm/single/master, file: /adm/single/master.c:424
'     heart_beat' in 'adm/daemons/quest/judge.c' ('adm/daemons/quest/judge') /adm/daemons/quest/judge.c:35
arguments were ()
'    start_quest' in 'adm/daemons/quest/judge.c' ('adm/daemons/quest/judge') /adm/daemons/quest/judge.c:23
arguments were ()
locals were: clone/quest/judge#360
'     init_quest' in ' clone/quest/judge.c' ('clone/quest/judge#360') /clone/quest/judge.c:40
arguments were ()
locals were: 0,"南海一带",0,0,0
' compile_object' in ' adm/single/master.c' ('   adm/single/master') /adm/single/master.c:41
arguments were ("/kungfu/class/generate/questnpc")
locals were: adm/daemons/virtuald
' compile_object' in 'adm/daemons/virtuald.c' ('adm/daemons/virtuald') /adm/daemons/virtuald.c:35
arguments were ("/kungfu/class/generate/questnpc")
locals were: ({ /* sizeof() == 4 */
  "kungfu",
  "class",
  "generate",
  "questnpc"
}),"/kungfu/class/generate/questnpc",3,0
' compile_object' in ' adm/single/master.c' ('   adm/single/master') /adm/single/master.c:41
arguments were ("/kungfu/class/generate/questnpc")
locals were: adm/daemons/virtuald
' compile_object' in 'adm/daemons/virtuald.c' ('adm/daemons/virtuald') /adm/daemons/virtuald.c:35
arguments were ("/kungfu/class/generate/questnpc")
locals were: ({ /* sizeof() == 4 */
  "kungfu",
  "class",
  "generate",
  "questnpc"
}),"/kungfu/class/generate/questnpc",3,0
' compile_object' in ' adm/single/master.c' ('   adm/single/master') /adm/single/master.c:41
arguments were ("/kungfu/class/generate/questnpc")
locals were: adm/daemons/virtuald
' compile_object' in 'adm/daemons/virtuald.c' ('adm/daemons/virtuald') /adm/daemons/virtuald.c:35
arguments were ("/kungfu/class/generate/questnpc")
locals were: ({ /* sizeof() == 4 */
  "kungfu",
  "class",
  "generate",
  "questnpc"
}),"/kungfu/class/generate/questnpc",3,0
' compile_object' in ' adm/single/master.c' ('   adm/single/master') /adm/single/master.c:41
arguments were ("/kungfu/class/generate/questnpc")
locals were: adm/daemons/virtuald
' compile_object' in 'adm/daemons/virtuald.c' ('adm/daemons/virtuald') /adm/daemons/virtuald.c:35
arguments were ("/kungfu/class/generate/questnpc")
locals were: ({ /* sizeof() == 4 */
  "kungfu",
  "class",
  "generate",
  "questnpc"
}),"/kungfu/class/generate/questnpc",3,0
' compile_object' in ' adm/single/master.c' ('   adm/single/master') /adm/single/master.c:41
arguments were ("/kungfu/class/generate/questnpc")
locals were: adm/daemons/virtuald
' compile_object' in 'adm/daemons/virtuald.c' ('adm/daemons/virtuald') /adm/daemons/virtuald.c:35
arguments were ("/kungfu/class/generate/questnpc")
locals were: ({ /* sizeof() == 4 */
  "kungfu",
  "class",
  "generate",
  "questnpc"
}),"/kungfu/class/generate/questnpc",3,0
' compile_object' in ' adm/single/master.c' ('   adm/single/master') /adm/single/master.c:41
arguments were ("/kungfu/class/generate/questnpc")
locals were: adm/daemons/virtuald
' compile_object' in 'adm/daemons/virtuald.c' ('adm/daemons/virtuald') /adm/daemons/virtuald.c:35
arguments were ("/kungfu/class/generate/questnpc")
locals were: ({ /* sizeof() == 4 */
  "kungfu",
  "class",
  "generate",
  "questnpc"
}),"/kungfu/class/generate/questnpc",3,0
' compile_object' in ' adm/single/master.c' ('   adm/single/master') /adm/single/master.c:41
arguments were ("/kungfu/class/generate/questnpc")
locals were: adm/daemons/virtuald
' compile_object' in 'adm/daemons/virtuald.c' ('adm/daemons/virtuald') /adm/daemons/virtuald.c:35
arguments were ("/kungfu/class/generate/questnpc")
locals were: ({ /* sizeof() == 4 */
  "kungfu",
  "class",
  "generate",
  "questnpc"
}),"/kungfu/class/generate/questnpc",3,0
' compile_object' in ' adm/single/master.c' ('   adm/single/master') /adm/single/master.c:41
arguments were ("/kungfu/class/generate/questnpc")
locals were: adm/daemons/virtuald
' compile_object' in 'adm/daemons/virtuald.c' ('adm/daemons/virtuald') /adm/daemons/virtuald.c:35
arguments were ("/kungfu/class/generate/questnpc")
locals were: ({ /* sizeof() == 4 */
  "kungfu",
  "class",
  "generate",
  "questnpc"
}),"/kungfu/class/generate/questnpc",3,0
' compile_object' in ' adm/single/master.c' ('   adm/single/master') /adm/single/master.c:41
arguments were ("/kungfu/class/generate/questnpc")
locals were: adm/daemons/virtuald
' compile_object' in 'adm/daemons/virtuald.c' ('adm/daemons/virtuald') /adm/daemons/virtuald.c:35
arguments were ("/kungfu/class/generate/questnpc")
locals were: ({ /* sizeof() == 4 */
  "kungfu",
  "class",
  "generate",
  "questnpc"
}),"/kungfu/class/generate/questnpc",3,0
' compile_object' in ' adm/single/master.c' ('   adm/single/master') /adm/single/master.c:41
arguments were ("/kungfu/class/generate/questnpc")
locals were: adm/daemons/virtuald
' compile_object' in 'adm/daemons/virtuald.c' ('adm/daemons/virtuald') /adm/daemons/virtuald.c:35
arguments were ("/kungfu/class/generate/questnpc")
locals were: ({ /* sizeof() == 4 */
  "kungfu",
  "class",
  "generate",
  "questnpc"
}),"/kungfu/class/generate/questnpc",3,0
' compile_object' in ' adm/single/master.c' ('   adm/single/master') /adm/single/master.c:41
arguments were ("/kungfu/class/generate/questnpc")
locals were: adm/daemons/virtuald
' compile_object' in 'adm/daemons/virtuald.c' ('adm/daemons/virtuald') /adm/daemons/virtuald.c:35
arguments were ("/kungfu/class/generate/questnpc")
locals were: ({ /* sizeof() == 4 */
  "kungfu",
  "class",
  "generate",
  "questnpc"
}),"/kungfu/class/generate/questnpc",3,0
' compile_object' in ' adm/single/master.c' ('   adm/single/master') /adm/single/master.c:41
arguments were ("/kungfu/class/generate/questnpc")
locals were: adm/daemons/virtuald
' compile_object' in 'adm/daemons/virtuald.c' ('adm/daemons/virtuald') /adm/daemons/virtuald.c:35
arguments were ("/kungfu/class/generate/questnpc")
locals were: ({ /* sizeof() == 4 */
  "kungfu",
  "class",
  "generate",
  "questnpc"
}),"/kungfu/class/generate/questnpc",3,0
' compile_object' in ' adm/single/master.c' ('   adm/single/master') /adm/single/master.c:41
arguments were ("/kungfu/class/generate/questnpc")
locals were: adm/daemons/virtuald
' compile_object' in 'adm/daemons/virtuald.c' ('adm/daemons/virtuald') /adm/daemons/virtuald.c:35
arguments were ("/kungfu/class/generate/questnpc")
locals were: ({ /* sizeof() == 4 */
  "kungfu",
  "class",
  "generate",
  "questnpc"
}),"/kungfu/class/generate/questnpc",3,0
' compile_object' in ' adm/single/master.c' ('   adm/single/master') /adm/single/master.c:41
arguments were ("/kungfu/class/generate/questnpc")
locals were: adm/daemons/virtuald
' compile_object' in 'adm/daemons/virtuald.c' ('adm/daemons/virtuald') /adm/daemons/virtuald.c:35
arguments were ("/kungfu/class/generate/questnpc")
locals were: ({ /* sizeof() == 4 */
  "kungfu",
  "class",
  "generate",
  "questnpc"
}),"/kungfu/class/generate/questnpc",3,0
' compile_object' in ' adm/single/master.c' ('   adm/single/master') /adm/single/master.c:41
arguments were ("/kungfu/class/generate/questnpc")
locals were: adm/daemons/virtuald
' compile_object' in 'adm/daemons/virtuald.c' ('adm/daemons/virtuald') /adm/daemons/virtuald.c:35
arguments were ("/kungfu/class/generate/questnpc")
locals were: ({ /* sizeof() == 4 */
  "kungfu",
  "class",
  "generate",
  "questnpc"
}),"/kungfu/class/generate/questnpc",3,0
' compile_object' in ' adm/single/master.c' ('   adm/single/master') /adm/single/master.c:41
arguments were ("/kungfu/class/generate/questnpc")
locals were: adm/daemons/virtuald
' compile_object' in 'adm/daemons/virtuald.c' ('adm/daemons/virtuald') /adm/daemons/virtuald.c:35
arguments were ("/kungfu/class/generate/questnpc")
locals were: ({ /* sizeof() == 4 */
  "kungfu",
  "class",
  "generate",
  "questnpc"
}),"/kungfu/class/generate/questnpc",3,0
' compile_object' in ' adm/single/master.c' ('   adm/single/master') /adm/single/master.c:41
arguments were ("/kungfu/class/generate/questnpc")
locals were: adm/daemons/virtuald
' compile_object' in 'adm/daemons/virtuald.c' ('adm/daemons/virtuald') /adm/daemons/virtuald.c:35
arguments were ("/kungfu/class/generate/questnpc")
locals were: ({ /* sizeof() == 4 */
  "kungfu",
  "class",
  "generate",
  "questnpc"
}),"/kungfu/class/generate/questnpc",3,0
' compile_object' in ' adm/single/master.c' ('   adm/single/master') /adm/single/master.c:41
arguments were ("/kungfu/class/generate/questnpc")
locals were: adm/daemons/virtuald
' compile_object' in 'adm/daemons/virtuald.c' ('adm/daemons/virtuald') /adm/daemons/virtuald.c:35
arguments were ("/kungfu/class/generate/questnpc")
locals were: ({ /* sizeof() == 4 */
  "kungfu",
  "class",
  "generate",
  "questnpc"
}),"/kungfu/class/generate/questnpc",3,0
' compile_object' in ' adm/single/master.c' ('   adm/single/master') /adm/single/master.c:41
arguments were ("/kungfu/class/generate/questnpc")
locals were: adm/daemons/virtuald
' compile_object' in 'adm/daemons/virtuald.c' ('adm/daemons/virtuald') /adm/daemons/virtuald.c:35
arguments were ("/kungfu/class/generate/questnpc")
locals were: ({ /* sizeof() == 4 */
  "kungfu",
  "class",
  "generate",
  "questnpc"
}),"/kungfu/class/generate/questnpc",3,0
' compile_object' in ' adm/single/master.c' ('   adm/single/master') /adm/single/master.c:41
arguments were ("/kungfu/class/generate/questnpc")
locals were: adm/daemons/virtuald
' compile_object' in 'adm/daemons/virtuald.c' ('adm/daemons/virtuald') /adm/daemons/virtuald.c:35
arguments were ("/kungfu/class/generate/questnpc")
locals were: ({ /* sizeof() == 4 */
  "kungfu",
  "class",
  "generate",
  "questnpc"
}),"/kungfu/class/generate/questnpc",3,0
' compile_object' in ' adm/single/master.c' ('   adm/single/master') /adm/single/master.c:41
arguments were ("/kungfu/class/generate/questnpc")
locals were: adm/daemons/virtuald
' compile_object' in 'adm/daemons/virtuald.c' ('adm/daemons/virtuald') /adm/daemons/virtuald.c:35
arguments were ("/kungfu/class/generate/questnpc")
locals were: ({ /* sizeof() == 4 */
  "kungfu",
  "class",
  "generate",
  "questnpc"
}),"/kungfu/class/generate/questnpc",3,0
' compile_object' in ' adm/single/master.c' ('   adm/single/master') /adm/single/master.c:41
arguments were ("/kungfu/class/generate/questnpc")
locals were: adm/daemons/virtuald
' compile_object' in 'adm/daemons/virtuald.c' ('adm/daemons/virtuald') /adm/daemons/virtuald.c:35
arguments were ("/kungfu/class/generate/questnpc")
locals were: ({ /* sizeof() == 4 */
  "kungfu",
  "class",
  "generate",
  "questnpc"
}),"/kungfu/class/generate/questnpc",3,0
' compile_object' in ' adm/single/master.c' ('   adm/single/master') /adm/single/master.c:41
arguments were ("/kungfu/class/generate/questnpc")
locals were: adm/daemons/virtuald
' compile_object' in 'adm/daemons/virtuald.c' ('adm/daemons/virtuald') /adm/daemons/virtuald.c:25
arguments were ("/kungfu/class/generate/questnpc")
locals were: ({ /* sizeof() == 4 */
  "kungfu",
  "class",
  "generate",
  "questnpc"
}),"/kungfu",0,0
'     valid_read' in ' adm/single/master.c' ('   adm/single/master') /adm/single/master.c:424
arguments were ("/kungfu",adm/daemons/virtuald,"file_size")
locals were: adm/daemons/securityd
Heart beat in adm/daemons/quest/judge turned off.
Error in error handler: *Too deep recursion.
program: /adm/single/master.c, object: /adm/single/master, file: /adm/single/master.c:424
'     heart_beat' in 'adm/daemons/quest/search.c' ('adm/daemons/quest/search') /adm/daemons/quest/search.c:66
arguments were ()
'    start_quest' in 'adm/daemons/quest/search.c' ('adm/daemons/quest/search') /adm/daemons/quest/search.c:53
arguments were ()
locals were: clone/quest/search#361,"/clone/questob/zysha",({ /* sizeof() == 19 */
  "/clone/questob/baijinhe",
  "/clone/questob/baiyubi",
  "/clone/questob/jingua",
  "/clone/questob/jinhulu",
  "/clone/questob/jlhua",
  "/clone/questob/jxshi",
  "/clone/questob/qkmao",
  "/clone/questob/qtding",
  "/clone/questob/sjping",
  "/clone/questob/tiegy",
  "/clone/questob/tieruyi",
  "/clone/questob/tongxq",
  "/clone/questob/ygbei",
  "/clone/questob/ylhua",
  "/clone/questob/yudai",
  "/clone/questob/yuhulu",
  "/clone/questob/yuping",
  "/clone/questob/zijinchui",
  "/clone/questob/zysha"
})
'     init_quest' in 'clone/quest/search.c' ('clone/quest/search#361') /clone/quest/search.c:64
arguments were ("/clone/questob/zysha")
locals were: "寻找紫云纱",clone/questob/zysha,"苏州城","灵州",0,0,0
' compile_object' in ' adm/single/master.c' ('   adm/single/master') /adm/single/master.c:41
arguments were ("/kungfu/class/generate/questnpc")
locals were: adm/daemons/virtuald
' compile_object' in 'adm/daemons/virtuald.c' ('adm/daemons/virtuald') /adm/daemons/virtuald.c:35
arguments were ("/kungfu/class/generate/questnpc")
locals were: ({ /* sizeof() == 4 */
  "kungfu",
  "class",
  "generate",
  "questnpc"
}),"/kungfu/class/generate/questnpc",3,0
' compile_object' in ' adm/single/master.c' ('   adm/single/master') /adm/single/master.c:41
arguments were ("/kungfu/class/generate/questnpc")
locals were: adm/daemons/virtuald
' compile_object' in 'adm/daemons/virtuald.c' ('adm/daemons/virtuald') /adm/daemons/virtuald.c:35
arguments were ("/kungfu/class/generate/questnpc")
locals were: ({ /* sizeof() == 4 */
  "kungfu",
  "class",
  "generate",
  "questnpc"
}),"/kungfu/class/generate/questnpc",3,0
' compile_object' in ' adm/single/master.c' ('   adm/single/master') /adm/single/master.c:41
arguments were ("/kungfu/class/generate/questnpc")
locals were: adm/daemons/virtuald
' compile_object' in 'adm/daemons/virtuald.c' ('adm/daemons/virtuald') /adm/daemons/virtuald.c:35
arguments were ("/kungfu/class/generate/questnpc")
locals were: ({ /* sizeof() == 4 */
  "kungfu",
  "class",
  "generate",
  "questnpc"
}),"/kungfu/class/generate/questnpc",3,0
' compile_object' in ' adm/single/master.c' ('   adm/single/master') /adm/single/master.c:41
arguments were ("/kungfu/class/generate/questnpc")
locals were: adm/daemons/virtuald
' compile_object' in 'adm/daemons/virtuald.c' ('adm/daemons/virtuald') /adm/daemons/virtuald.c:35
arguments were ("/kungfu/class/generate/questnpc")
locals were: ({ /* sizeof() == 4 */
  "kungfu",
  "class",
  "generate",
  "questnpc"
}),"/kungfu/class/generate/questnpc",3,0
' compile_object' in ' adm/single/master.c' ('   adm/single/master') /adm/single/master.c:41
arguments were ("/kungfu/class/generate/questnpc")
locals were: adm/daemons/virtuald
' compile_object' in 'adm/daemons/virtuald.c' ('adm/daemons/virtuald') /adm/daemons/virtuald.c:35
arguments were ("/kungfu/class/generate/questnpc")
locals were: ({ /* sizeof() == 4 */
  "kungfu",
  "class",
  "generate",
  "questnpc"
}),"/kungfu/class/generate/questnpc",3,0
' compile_object' in ' adm/single/master.c' ('   adm/single/master') /adm/single/master.c:41
arguments were ("/kungfu/class/generate/questnpc")
locals were: adm/daemons/virtuald
' compile_object' in 'adm/daemons/virtuald.c' ('adm/daemons/virtuald') /adm/daemons/virtuald.c:35
arguments were ("/kungfu/class/generate/questnpc")
locals were: ({ /* sizeof() == 4 */
  "kungfu",
  "class",
  "generate",
  "questnpc"
}),"/kungfu/class/generate/questnpc",3,0
' compile_object' in ' adm/single/master.c' ('   adm/single/master') /adm/single/master.c:41
arguments were ("/kungfu/class/generate/questnpc")
locals were: adm/daemons/virtuald
' compile_object' in 'adm/daemons/virtuald.c' ('adm/daemons/virtuald') /adm/daemons/virtuald.c:35
arguments were ("/kungfu/class/generate/questnpc")
locals were: ({ /* sizeof() == 4 */
  "kungfu",
  "class",
  "generate",
  "questnpc"
}),"/kungfu/class/generate/questnpc",3,0
' compile_object' in ' adm/single/master.c' ('   adm/single/master') /adm/single/master.c:41
arguments were ("/kungfu/class/generate/questnpc")
locals were: adm/daemons/virtuald
' compile_object' in 'adm/daemons/virtuald.c' ('adm/daemons/virtuald') /adm/daemons/virtuald.c:35
arguments were ("/kungfu/class/generate/questnpc")
locals were: ({ /* sizeof() == 4 */
  "kungfu",
  "class",
  "generate",
  "questnpc"
}),"/kungfu/class/generate/questnpc",3,0
' compile_object' in ' adm/single/master.c' ('   adm/single/master') /adm/single/master.c:41
arguments were ("/kungfu/class/generate/questnpc")
locals were: adm/daemons/virtuald
' compile_object' in 'adm/daemons/virtuald.c' ('adm/daemons/virtuald') /adm/daemons/virtuald.c:35
arguments were ("/kungfu/class/generate/questnpc")
locals were: ({ /* sizeof() == 4 */
  "kungfu",
  "class",
  "generate",
  "questnpc"
}),"/kungfu/class/generate/questnpc",3,0
' compile_object' in ' adm/single/master.c' ('   adm/single/master') /adm/single/master.c:41
arguments were ("/kungfu/class/generate/questnpc")
locals were: adm/daemons/virtuald
' compile_object' in 'adm/daemons/virtuald.c' ('adm/daemons/virtuald') /adm/daemons/virtuald.c:35
arguments were ("/kungfu/class/generate/questnpc")
locals were: ({ /* sizeof() == 4 */
  "kungfu",
  "class",
  "generate",
  "questnpc"
}),"/kungfu/class/generate/questnpc",3,0
' compile_object' in ' adm/single/master.c' ('   adm/single/master') /adm/single/master.c:41
arguments were ("/kungfu/class/generate/questnpc")
locals were: adm/daemons/virtuald
' compile_object' in 'adm/daemons/virtuald.c' ('adm/daemons/virtuald') /adm/daemons/virtuald.c:35
arguments were ("/kungfu/class/generate/questnpc")
locals were: ({ /* sizeof() == 4 */
  "kungfu",
  "class",
  "generate",
  "questnpc"
}),"/kungfu/class/generate/questnpc",3,0
' compile_object' in ' adm/single/master.c' ('   adm/single/master') /adm/single/master.c:41
arguments were ("/kungfu/class/generate/questnpc")
locals were: adm/daemons/virtuald
' compile_object' in 'adm/daemons/virtuald.c' ('adm/daemons/virtuald') /adm/daemons/virtuald.c:35
arguments were ("/kungfu/class/generate/questnpc")
locals were: ({ /* sizeof() == 4 */
  "kungfu",
  "class",
  "generate",
  "questnpc"
}),"/kungfu/class/generate/questnpc",3,0
' compile_object' in ' adm/single/master.c' ('   adm/single/master') /adm/single/master.c:41
arguments were ("/kungfu/class/generate/questnpc")
locals were: adm/daemons/virtuald
' compile_object' in 'adm/daemons/virtuald.c' ('adm/daemons/virtuald') /adm/daemons/virtuald.c:35
arguments were ("/kungfu/class/generate/questnpc")
locals were: ({ /* sizeof() == 4 */
  "kungfu",
  "class",
  "generate",
  "questnpc"
}),"/kungfu/class/generate/questnpc",3,0
' compile_object' in ' adm/single/master.c' ('   adm/single/master') /adm/single/master.c:41
arguments were ("/kungfu/class/generate/questnpc")
locals were: adm/daemons/virtuald
' compile_object' in 'adm/daemons/virtuald.c' ('adm/daemons/virtuald') /adm/daemons/virtuald.c:35
arguments were ("/kungfu/class/generate/questnpc")
locals were: ({ /* sizeof() == 4 */
  "kungfu",
  "class",
  "generate",
  "questnpc"
}),"/kungfu/class/generate/questnpc",3,0
' compile_object' in ' adm/single/master.c' ('   adm/single/master') /adm/single/master.c:41
arguments were ("/kungfu/class/generate/questnpc")
locals were: adm/daemons/virtuald
' compile_object' in 'adm/daemons/virtuald.c' ('adm/daemons/virtuald') /adm/daemons/virtuald.c:35
arguments were ("/kungfu/class/generate/questnpc")
locals were: ({ /* sizeof() == 4 */
  "kungfu",
  "class",
  "generate",
  "questnpc"
}),"/kungfu/class/generate/questnpc",3,0
' compile_object' in ' adm/single/master.c' ('   adm/single/master') /adm/single/master.c:41
arguments were ("/kungfu/class/generate/questnpc")
locals were: adm/daemons/virtuald
' compile_object' in 'adm/daemons/virtuald.c' ('adm/daemons/virtuald') /adm/daemons/virtuald.c:35
arguments were ("/kungfu/class/generate/questnpc")
locals were: ({ /* sizeof() == 4 */
  "kungfu",
  "class",
  "generate",
  "questnpc"
}),"/kungfu/class/generate/questnpc",3,0
' compile_object' in ' adm/single/master.c' ('   adm/single/master') /adm/single/master.c:41
arguments were ("/kungfu/class/generate/questnpc")
locals were: adm/daemons/virtuald
' compile_object' in 'adm/daemons/virtuald.c' ('adm/daemons/virtuald') /adm/daemons/virtuald.c:35
arguments were ("/kungfu/class/generate/questnpc")
locals were: ({ /* sizeof() == 4 */
  "kungfu",
  "class",
  "generate",
  "questnpc"
}),"/kungfu/class/generate/questnpc",3,0
' compile_object' in ' adm/single/master.c' ('   adm/single/master') /adm/single/master.c:41
arguments were ("/kungfu/class/generate/questnpc")
locals were: adm/daemons/virtuald
' compile_object' in 'adm/daemons/virtuald.c' ('adm/daemons/virtuald') /adm/daemons/virtuald.c:35
arguments were ("/kungfu/class/generate/questnpc")
locals were: ({ /* sizeof() == 4 */
  "kungfu",
  "class",
  "generate",
  "questnpc"
}),"/kungfu/class/generate/questnpc",3,0
' compile_object' in ' adm/single/master.c' ('   adm/single/master') /adm/single/master.c:41
arguments were ("/kungfu/class/generate/questnpc")
locals were: adm/daemons/virtuald
' compile_object' in 'adm/daemons/virtuald.c' ('adm/daemons/virtuald') /adm/daemons/virtuald.c:35
arguments were ("/kungfu/class/generate/questnpc")
locals were: ({ /* sizeof() == 4 */
  "kungfu",
  "class",
  "generate",
  "questnpc"
}),"/kungfu/class/generate/questnpc",3,0
' compile_object' in ' adm/single/master.c' ('   adm/single/master') /adm/single/master.c:41
arguments were ("/kungfu/class/generate/questnpc")
locals were: adm/daemons/virtuald
' compile_object' in 'adm/daemons/virtuald.c' ('adm/daemons/virtuald') /adm/daemons/virtuald.c:35
arguments were ("/kungfu/class/generate/questnpc")
locals were: ({ /* sizeof() == 4 */
  "kungfu",
  "class",
  "generate",
  "questnpc"
}),"/kungfu/class/generate/questnpc",3,0
' compile_object' in ' adm/single/master.c' ('   adm/single/master') /adm/single/master.c:41
arguments were ("/kungfu/class/generate/questnpc")
locals were: adm/daemons/virtuald
' compile_object' in 'adm/daemons/virtuald.c' ('adm/daemons/virtuald') /adm/daemons/virtuald.c:35
arguments were ("/kungfu/class/generate/questnpc")
locals were: ({ /* sizeof() == 4 */
  "kungfu",
  "class",
  "generate",
  "questnpc"
}),"/kungfu/class/generate/questnpc",3,0
' compile_object' in ' adm/single/master.c' ('   adm/single/master') /adm/single/master.c:41
arguments were ("/kungfu/class/generate/questnpc")
locals were: adm/daemons/virtuald
' compile_object' in 'adm/daemons/virtuald.c' ('adm/daemons/virtuald') /adm/daemons/virtuald.c:35
arguments were ("/kungfu/class/generate/questnpc")
locals were: ({ /* sizeof() == 4 */
  "kungfu",
  "class",
  "generate",
  "questnpc"
}),"/kungfu/class/generate/questnpc",3,0
' compile_object' in ' adm/single/master.c' ('   adm/single/master') /adm/single/master.c:41
arguments were ("/kungfu/class/generate/questnpc")
locals were: adm/daemons/virtuald
' compile_object' in 'adm/daemons/virtuald.c' ('adm/daemons/virtuald') /adm/daemons/virtuald.c:25
arguments were ("/kungfu/class/generate/questnpc")
locals were: ({ /* sizeof() == 4 */
  "kungfu",
  "class",
  "generate",
  "questnpc"
}),"/kungfu",0,0
'     valid_read' in ' adm/single/master.c' ('   adm/single/master') /adm/single/master.c:424
arguments were ("/kungfu",adm/daemons/virtuald,"file_size")
locals were: adm/daemons/securityd
Heart beat in adm/daemons/quest/search turned off.
Error in error handler: *Too deep recursion.
program: /adm/single/master.c, object: /adm/single/master, file: /adm/single/master.c:424
'     heart_beat' in 'adm/daemons/quest/supply.c' ('adm/daemons/quest/supply') /adm/daemons/quest/supply.c:119
arguments were ()
'    start_quest' in 'adm/daemons/quest/supply.c' ('adm/daemons/quest/supply') /adm/daemons/quest/supply.c:88
arguments were ()
locals were: 0,0,({ /* sizeof() == 8 */
  clone/quest/supply#377,
  clone/quest/supply#362,
  clone/quest/supply#358,
  clone/quest/supply#330,
  clone/quest/supply#323,
  clone/quest/supply#303,
  clone/quest/supply#281,
  clone/quest/supply
}),({ /* sizeof() == 14 */
  "/d/shaolin/shanmen",
  "/d/lingzhou/xiaoxiaochang",
  "/d/suzhou/bingying",
  "/d/lingzhou/jiangjungate",
  "/d/changan/qunyulou",
  "/d/city/wuguan",
  "/d/city3/wuguan",
  "/d/city/dongmen",
  "/d/dali/bingying",
  "/d/beijing/xichang",
  "/d/dali/tusifu",
  "/d/fuzhou/biaoju",
  "/d/beijing/xichengmen",
  "/d/quanzhou/jiaxinggang"
}),"/d/quanzhou/jiaxinggang",0,0
'     get_object' in 'adm/single/simul_efun.c' ('adm/single/simul_efun') /adm/simul_efun/util.c:151
arguments were ("/d/quanzhou/jiaxinggang")
locals were: 0
' compile_object' in ' adm/single/master.c' ('   adm/single/master') /adm/single/master.c:41
arguments were ("/d/quanzhou/jiaxinggang")
locals were: adm/daemons/virtuald
' compile_object' in 'adm/daemons/virtuald.c' ('adm/daemons/virtuald') /adm/daemons/virtuald.c:35
arguments were ("/d/quanzhou/jiaxinggang")
locals were: ({ /* sizeof() == 3 */
  "d",
  "quanzhou",
  "jiaxinggang"
}),"/d/quanzhou",1,0
' compile_object' in ' adm/single/master.c' ('   adm/single/master') /adm/single/master.c:41
arguments were ("/d/quanzhou")
locals were: adm/daemons/virtuald
' compile_object' in 'adm/daemons/virtuald.c' ('adm/daemons/virtuald') /adm/daemons/virtuald.c:35
arguments were ("/d/quanzhou")
locals were: ({ /* sizeof() == 2 */
  "d",
  "quanzhou"
}),"/d/quanzhou",1,0
' compile_object' in ' adm/single/master.c' ('   adm/single/master') /adm/single/master.c:41
arguments were ("/d/quanzhou")
locals were: adm/daemons/virtuald
' compile_object' in 'adm/daemons/virtuald.c' ('adm/daemons/virtuald') /adm/daemons/virtuald.c:35
arguments were ("/d/quanzhou")
locals were: ({ /* sizeof() == 2 */
  "d",
  "quanzhou"
}),"/d/quanzhou",1,0
' compile_object' in ' adm/single/master.c' ('   adm/single/master') /adm/single/master.c:41
arguments were ("/d/quanzhou")
locals were: adm/daemons/virtuald
' compile_object' in 'adm/daemons/virtuald.c' ('adm/daemons/virtuald') /adm/daemons/virtuald.c:35
arguments were ("/d/quanzhou")
locals were: ({ /* sizeof() == 2 */
  "d",
  "quanzhou"
}),"/d/quanzhou",1,0
' compile_object' in ' adm/single/master.c' ('   adm/single/master') /adm/single/master.c:41
arguments were ("/d/quanzhou")
locals were: adm/daemons/virtuald
' compile_object' in 'adm/daemons/virtuald.c' ('adm/daemons/virtuald') /adm/daemons/virtuald.c:35
arguments were ("/d/quanzhou")
locals were: ({ /* sizeof() == 2 */
  "d",
  "quanzhou"
}),"/d/quanzhou",1,0
' compile_object' in ' adm/single/master.c' ('   adm/single/master') /adm/single/master.c:41
arguments were ("/d/quanzhou")
locals were: adm/daemons/virtuald
' compile_object' in 'adm/daemons/virtuald.c' ('adm/daemons/virtuald') /adm/daemons/virtuald.c:35
arguments were ("/d/quanzhou")
locals were: ({ /* sizeof() == 2 */
  "d",
  "quanzhou"
}),"/d/quanzhou",1,0
' compile_object' in ' adm/single/master.c' ('   adm/single/master') /adm/single/master.c:41
arguments were ("/d/quanzhou")
locals were: adm/daemons/virtuald
' compile_object' in 'adm/daemons/virtuald.c' ('adm/daemons/virtuald') /adm/daemons/virtuald.c:35
arguments were ("/d/quanzhou")
locals were: ({ /* sizeof() == 2 */
  "d",
  "quanzhou"
}),"/d/quanzhou",1,0
' compile_object' in ' adm/single/master.c' ('   adm/single/master') /adm/single/master.c:41
arguments were ("/d/quanzhou")
locals were: adm/daemons/virtuald
' compile_object' in 'adm/daemons/virtuald.c' ('adm/daemons/virtuald') /adm/daemons/virtuald.c:35
arguments were ("/d/quanzhou")
locals were: ({ /* sizeof() == 2 */
  "d",
  "quanzhou"
}),"/d/quanzhou",1,0
' compile_object' in ' adm/single/master.c' ('   adm/single/master') /adm/single/master.c:41
arguments were ("/d/quanzhou")
locals were: adm/daemons/virtuald
' compile_object' in 'adm/daemons/virtuald.c' ('adm/daemons/virtuald') /adm/daemons/virtuald.c:35
arguments were ("/d/quanzhou")
locals were: ({ /* sizeof() == 2 */
  "d",
  "quanzhou"
}),"/d/quanzhou",1,0
' compile_object' in ' adm/single/master.c' ('   adm/single/master') /adm/single/master.c:41
arguments were ("/d/quanzhou")
locals were: adm/daemons/virtuald
' compile_object' in 'adm/daemons/virtuald.c' ('adm/daemons/virtuald') /adm/daemons/virtuald.c:35
arguments were ("/d/quanzhou")
locals were: ({ /* sizeof() == 2 */
  "d",
  "quanzhou"
}),"/d/quanzhou",1,0
' compile_object' in ' adm/single/master.c' ('   adm/single/master') /adm/single/master.c:41
arguments were ("/d/quanzhou")
locals were: adm/daemons/virtuald
' compile_object' in 'adm/daemons/virtuald.c' ('adm/daemons/virtuald') /adm/daemons/virtuald.c:35
arguments were ("/d/quanzhou")
locals were: ({ /* sizeof() == 2 */
  "d",
  "quanzhou"
}),"/d/quanzhou",1,0
' compile_object' in ' adm/single/master.c' ('   adm/single/master') /adm/single/master.c:41
arguments were ("/d/quanzhou")
locals were: adm/daemons/virtuald
' compile_object' in 'adm/daemons/virtuald.c' ('adm/daemons/virtuald') /adm/daemons/virtuald.c:35
arguments were ("/d/quanzhou")
locals were: ({ /* sizeof() == 2 */
  "d",
  "quanzhou"
}),"/d/quanzhou",1,0
' compile_object' in ' adm/single/master.c' ('   adm/single/master') /adm/single/master.c:41
arguments were ("/d/quanzhou")
locals were: adm/daemons/virtuald
' compile_object' in 'adm/daemons/virtuald.c' ('adm/daemons/virtuald') /adm/daemons/virtuald.c:35
arguments were ("/d/quanzhou")
locals were: ({ /* sizeof() == 2 */
  "d",
  "quanzhou"
}),"/d/quanzhou",1,0
' compile_object' in ' adm/single/master.c' ('   adm/single/master') /adm/single/master.c:41
arguments were ("/d/quanzhou")
locals were: adm/daemons/virtuald
' compile_object' in 'adm/daemons/virtuald.c' ('adm/daemons/virtuald') /adm/daemons/virtuald.c:35
arguments were ("/d/quanzhou")
locals were: ({ /* sizeof() == 2 */
  "d",
  "quanzhou"
}),"/d/quanzhou",1,0
' compile_object' in ' adm/single/master.c' ('   adm/single/master') /adm/single/master.c:41
arguments were ("/d/quanzhou")
locals were: adm/daemons/virtuald
' compile_object' in 'adm/daemons/virtuald.c' ('adm/daemons/virtuald') /adm/daemons/virtuald.c:35
arguments were ("/d/quanzhou")
locals were: ({ /* sizeof() == 2 */
  "d",
  "quanzhou"
}),"/d/quanzhou",1,0
' compile_object' in ' adm/single/master.c' ('   adm/single/master') /adm/single/master.c:41
arguments were ("/d/quanzhou")
locals were: adm/daemons/virtuald
' compile_object' in 'adm/daemons/virtuald.c' ('adm/daemons/virtuald') /adm/daemons/virtuald.c:35
arguments were ("/d/quanzhou")
locals were: ({ /* sizeof() == 2 */
  "d",
  "quanzhou"
}),"/d/quanzhou",1,0
' compile_object' in ' adm/single/master.c' ('   adm/single/master') /adm/single/master.c:41
arguments were ("/d/quanzhou")
locals were: adm/daemons/virtuald
' compile_object' in 'adm/daemons/virtuald.c' ('adm/daemons/virtuald') /adm/daemons/virtuald.c:35
arguments were ("/d/quanzhou")
locals were: ({ /* sizeof() == 2 */
  "d",
  "quanzhou"
}),"/d/quanzhou",1,0
' compile_object' in ' adm/single/master.c' ('   adm/single/master') /adm/single/master.c:41
arguments were ("/d/quanzhou")
locals were: adm/daemons/virtuald
' compile_object' in 'adm/daemons/virtuald.c' ('adm/daemons/virtuald') /adm/daemons/virtuald.c:35
arguments were ("/d/quanzhou")
locals were: ({ /* sizeof() == 2 */
  "d",
  "quanzhou"
}),"/d/quanzhou",1,0
' compile_object' in ' adm/single/master.c' ('   adm/single/master') /adm/single/master.c:41
arguments were ("/d/quanzhou")
locals were: adm/daemons/virtuald
' compile_object' in 'adm/daemons/virtuald.c' ('adm/daemons/virtuald') /adm/daemons/virtuald.c:35
arguments were ("/d/quanzhou")
locals were: ({ /* sizeof() == 2 */
  "d",
  "quanzhou"
}),"/d/quanzhou",1,0
' compile_object' in ' adm/single/master.c' ('   adm/single/master') /adm/single/master.c:41
arguments were ("/d/quanzhou")
locals were: adm/daemons/virtuald
' compile_object' in 'adm/daemons/virtuald.c' ('adm/daemons/virtuald') /adm/daemons/virtuald.c:35
arguments were ("/d/quanzhou")
locals were: ({ /* sizeof() == 2 */
  "d",
  "quanzhou"
}),"/d/quanzhou",1,0
' compile_object' in ' adm/single/master.c' ('   adm/single/master') /adm/single/master.c:41
arguments were ("/d/quanzhou")
locals were: adm/daemons/virtuald
' compile_object' in 'adm/daemons/virtuald.c' ('adm/daemons/virtuald') /adm/daemons/virtuald.c:35
arguments were ("/d/quanzhou")
locals were: ({ /* sizeof() == 2 */
  "d",
  "quanzhou"
}),"/d/quanzhou",1,0
' compile_object' in ' adm/single/master.c' ('   adm/single/master') /adm/single/master.c:41
arguments were ("/d/quanzhou")
locals were: adm/daemons/virtuald
' compile_object' in 'adm/daemons/virtuald.c' ('adm/daemons/virtuald') /adm/daemons/virtuald.c:35
arguments were ("/d/quanzhou")
locals were: ({ /* sizeof() == 2 */
  "d",
  "quanzhou"
}),"/d/quanzhou",1,0
' compile_object' in ' adm/single/master.c' ('   adm/single/master') /adm/single/master.c:41
arguments were ("/d/quanzhou")
locals were: adm/daemons/virtuald
' compile_object' in 'adm/daemons/virtuald.c' ('adm/daemons/virtuald') /adm/daemons/virtuald.c:25
arguments were ("/d/quanzhou")
locals were: ({ /* sizeof() == 2 */
  "d",
  "quanzhou"
}),"/d",0,0
'     valid_read' in ' adm/single/master.c' ('   adm/single/master') /adm/single/master.c:424
arguments were ("/d",adm/daemons/virtuald,"file_size")
locals were: adm/daemons/securityd
Heart beat in adm/daemons/quest/supply turned off.
Error in error handler: *Too deep recursion.
program: /adm/single/master.c, object: /adm/single/master, file: /adm/single/master.c:424
'     heart_beat' in 'adm/daemons/quest/search.c' ('adm/daemons/quest/search') /adm/daemons/quest/search.c:66
arguments were ()
'    start_quest' in 'adm/daemons/quest/search.c' ('adm/daemons/quest/search') /adm/daemons/quest/search.c:53
arguments were ()
locals were: clone/quest/search#464,"/clone/questob/jingua",({ /* sizeof() == 19 */
  "/clone/questob/baijinhe",
  "/clone/questob/baiyubi",
  "/clone/questob/jingua",
  "/clone/questob/jinhulu",
  "/clone/questob/jlhua",
  "/clone/questob/jxshi",
  "/clone/questob/qkmao",
  "/clone/questob/qtding",
  "/clone/questob/sjping",
  "/clone/questob/tiegy",
  "/clone/questob/tieruyi",
  "/clone/questob/tongxq",
  "/clone/questob/ygbei",
  "/clone/questob/ylhua",
  "/clone/questob/yudai",
  "/clone/questob/yuhulu",
  "/clone/questob/yuping",
  "/clone/questob/zijinchui",
  "/clone/questob/zysha"
})
'     init_quest' in 'clone/quest/search.c' ('clone/quest/search#464') /clone/quest/search.c:64
arguments were ("/clone/questob/jingua")
locals were: "寻找金瓜",clone/questob/jingua,"长安城","福州城",0,0,0
' compile_object' in ' adm/single/master.c' ('   adm/single/master') /adm/single/master.c:41
arguments were ("/kungfu/class/generate/questnpc")
locals were: adm/daemons/virtuald
' compile_object' in 'adm/daemons/virtuald.c' ('adm/daemons/virtuald') /adm/daemons/virtuald.c:35
arguments were ("/kungfu/class/generate/questnpc")
locals were: ({ /* sizeof() == 4 */
  "kungfu",
  "class",
  "generate",
  "questnpc"
}),"/kungfu/class/generate/questnpc",3,0
' compile_object' in ' adm/single/master.c' ('   adm/single/master') /adm/single/master.c:41
arguments were ("/kungfu/class/generate/questnpc")
locals were: adm/daemons/virtuald
' compile_object' in 'adm/daemons/virtuald.c' ('adm/daemons/virtuald') /adm/daemons/virtuald.c:35
arguments were ("/kungfu/class/generate/questnpc")
locals were: ({ /* sizeof() == 4 */
  "kungfu",
  "class",
  "generate",
  "questnpc"
}),"/kungfu/class/generate/questnpc",3,0
' compile_object' in ' adm/single/master.c' ('   adm/single/master') /adm/single/master.c:41
arguments were ("/kungfu/class/generate/questnpc")
locals were: adm/daemons/virtuald
' compile_object' in 'adm/daemons/virtuald.c' ('adm/daemons/virtuald') /adm/daemons/virtuald.c:35
arguments were ("/kungfu/class/generate/questnpc")
locals were: ({ /* sizeof() == 4 */
  "kungfu",
  "class",
  "generate",
  "questnpc"
}),"/kungfu/class/generate/questnpc",3,0
' compile_object' in ' adm/single/master.c' ('   adm/single/master') /adm/single/master.c:41
arguments were ("/kungfu/class/generate/questnpc")
locals were: adm/daemons/virtuald
' compile_object' in 'adm/daemons/virtuald.c' ('adm/daemons/virtuald') /adm/daemons/virtuald.c:35
arguments were ("/kungfu/class/generate/questnpc")
locals were: ({ /* sizeof() == 4 */
  "kungfu",
  "class",
  "generate",
  "questnpc"
}),"/kungfu/class/generate/questnpc",3,0
' compile_object' in ' adm/single/master.c' ('   adm/single/master') /adm/single/master.c:41
arguments were ("/kungfu/class/generate/questnpc")
locals were: adm/daemons/virtuald
' compile_object' in 'adm/daemons/virtuald.c' ('adm/daemons/virtuald') /adm/daemons/virtuald.c:35
arguments were ("/kungfu/class/generate/questnpc")
locals were: ({ /* sizeof() == 4 */
  "kungfu",
  "class",
  "generate",
  "questnpc"
}),"/kungfu/class/generate/questnpc",3,0
' compile_object' in ' adm/single/master.c' ('   adm/single/master') /adm/single/master.c:41
arguments were ("/kungfu/class/generate/questnpc")
locals were: adm/daemons/virtuald
' compile_object' in 'adm/daemons/virtuald.c' ('adm/daemons/virtuald') /adm/daemons/virtuald.c:35
arguments were ("/kungfu/class/generate/questnpc")
locals were: ({ /* sizeof() == 4 */
  "kungfu",
  "class",
  "generate",
  "questnpc"
}),"/kungfu/class/generate/questnpc",3,0
' compile_object' in ' adm/single/master.c' ('   adm/single/master') /adm/single/master.c:41
arguments were ("/kungfu/class/generate/questnpc")
locals were: adm/daemons/virtuald
' compile_object' in 'adm/daemons/virtuald.c' ('adm/daemons/virtuald') /adm/daemons/virtuald.c:35
arguments were ("/kungfu/class/generate/questnpc")
locals were: ({ /* sizeof() == 4 */
  "kungfu",
  "class",
  "generate",
  "questnpc"
}),"/kungfu/class/generate/questnpc",3,0
' compile_object' in ' adm/single/master.c' ('   adm/single/master') /adm/single/master.c:41
arguments were ("/kungfu/class/generate/questnpc")
locals were: adm/daemons/virtuald
' compile_object' in 'adm/daemons/virtuald.c' ('adm/daemons/virtuald') /adm/daemons/virtuald.c:35
arguments were ("/kungfu/class/generate/questnpc")
locals were: ({ /* sizeof() == 4 */
  "kungfu",
  "class",
  "generate",
  "questnpc"
}),"/kungfu/class/generate/questnpc",3,0
' compile_object' in ' adm/single/master.c' ('   adm/single/master') /adm/single/master.c:41
arguments were ("/kungfu/class/generate/questnpc")
locals were: adm/daemons/virtuald
' compile_object' in 'adm/daemons/virtuald.c' ('adm/daemons/virtuald') /adm/daemons/virtuald.c:35
arguments were ("/kungfu/class/generate/questnpc")
locals were: ({ /* sizeof() == 4 */
  "kungfu",
  "class",
  "generate",
  "questnpc"
}),"/kungfu/class/generate/questnpc",3,0
' compile_object' in ' adm/single/master.c' ('   adm/single/master') /adm/single/master.c:41
arguments were ("/kungfu/class/generate/questnpc")
locals were: adm/daemons/virtuald
' compile_object' in 'adm/daemons/virtuald.c' ('adm/daemons/virtuald') /adm/daemons/virtuald.c:35
arguments were ("/kungfu/class/generate/questnpc")
locals were: ({ /* sizeof() == 4 */
  "kungfu",
  "class",
  "generate",
  "questnpc"
}),"/kungfu/class/generate/questnpc",3,0
' compile_object' in ' adm/single/master.c' ('   adm/single/master') /adm/single/master.c:41
arguments were ("/kungfu/class/generate/questnpc")
locals were: adm/daemons/virtuald
' compile_object' in 'adm/daemons/virtuald.c' ('adm/daemons/virtuald') /adm/daemons/virtuald.c:35
arguments were ("/kungfu/class/generate/questnpc")
locals were: ({ /* sizeof() == 4 */
  "kungfu",
  "class",
  "generate",
  "questnpc"
}),"/kungfu/class/generate/questnpc",3,0
' compile_object' in ' adm/single/master.c' ('   adm/single/master') /adm/single/master.c:41
arguments were ("/kungfu/class/generate/questnpc")
locals were: adm/daemons/virtuald
' compile_object' in 'adm/daemons/virtuald.c' ('adm/daemons/virtuald') /adm/daemons/virtuald.c:35
arguments were ("/kungfu/class/generate/questnpc")
locals were: ({ /* sizeof() == 4 */
  "kungfu",
  "class",
  "generate",
  "questnpc"
}),"/kungfu/class/generate/questnpc",3,0
' compile_object' in ' adm/single/master.c' ('   adm/single/master') /adm/single/master.c:41
arguments were ("/kungfu/class/generate/questnpc")
locals were: adm/daemons/virtuald
' compile_object' in 'adm/daemons/virtuald.c' ('adm/daemons/virtuald') /adm/daemons/virtuald.c:35
arguments were ("/kungfu/class/generate/questnpc")
locals were: ({ /* sizeof() == 4 */
  "kungfu",
  "class",
  "generate",
  "questnpc"
}),"/kungfu/class/generate/questnpc",3,0
' compile_object' in ' adm/single/master.c' ('   adm/single/master') /adm/single/master.c:41
arguments were ("/kungfu/class/generate/questnpc")
locals were: adm/daemons/virtuald
' compile_object' in 'adm/daemons/virtuald.c' ('adm/daemons/virtuald') /adm/daemons/virtuald.c:35
arguments were ("/kungfu/class/generate/questnpc")
locals were: ({ /* sizeof() == 4 */
  "kungfu",
  "class",
  "generate",
  "questnpc"
}),"/kungfu/class/generate/questnpc",3,0
' compile_object' in ' adm/single/master.c' ('   adm/single/master') /adm/single/master.c:41
arguments were ("/kungfu/class/generate/questnpc")
locals were: adm/daemons/virtuald
' compile_object' in 'adm/daemons/virtuald.c' ('adm/daemons/virtuald') /adm/daemons/virtuald.c:35
arguments were ("/kungfu/class/generate/questnpc")
locals were: ({ /* sizeof() == 4 */
  "kungfu",
  "class",
  "generate",
  "questnpc"
}),"/kungfu/class/generate/questnpc",3,0
' compile_object' in ' adm/single/master.c' ('   adm/single/master') /adm/single/master.c:41
arguments were ("/kungfu/class/generate/questnpc")
locals were: adm/daemons/virtuald
' compile_object' in 'adm/daemons/virtuald.c' ('adm/daemons/virtuald') /adm/daemons/virtuald.c:35
arguments were ("/kungfu/class/generate/questnpc")
locals were: ({ /* sizeof() == 4 */
  "kungfu",
  "class",
  "generate",
  "questnpc"
}),"/kungfu/class/generate/questnpc",3,0
' compile_object' in ' adm/single/master.c' ('   adm/single/master') /adm/single/master.c:41
arguments were ("/kungfu/class/generate/questnpc")
locals were: adm/daemons/virtuald
' compile_object' in 'adm/daemons/virtuald.c' ('adm/daemons/virtuald') /adm/daemons/virtuald.c:35
arguments were ("/kungfu/class/generate/questnpc")
locals were: ({ /* sizeof() == 4 */
  "kungfu",
  "class",
  "generate",
  "questnpc"
}),"/kungfu/class/generate/questnpc",3,0
' compile_object' in ' adm/single/master.c' ('   adm/single/master') /adm/single/master.c:41
arguments were ("/kungfu/class/generate/questnpc")
locals were: adm/daemons/virtuald
' compile_object' in 'adm/daemons/virtuald.c' ('adm/daemons/virtuald') /adm/daemons/virtuald.c:35
arguments were ("/kungfu/class/generate/questnpc")
locals were: ({ /* sizeof() == 4 */
  "kungfu",
  "class",
  "generate",
  "questnpc"
}),"/kungfu/class/generate/questnpc",3,0
' compile_object' in ' adm/single/master.c' ('   adm/single/master') /adm/single/master.c:41
arguments were ("/kungfu/class/generate/questnpc")
locals were: adm/daemons/virtuald
' compile_object' in 'adm/daemons/virtuald.c' ('adm/daemons/virtuald') /adm/daemons/virtuald.c:35
arguments were ("/kungfu/class/generate/questnpc")
locals were: ({ /* sizeof() == 4 */
  "kungfu",
  "class",
  "generate",
  "questnpc"
}),"/kungfu/class/generate/questnpc",3,0
' compile_object' in ' adm/single/master.c' ('   adm/single/master') /adm/single/master.c:41
arguments were ("/kungfu/class/generate/questnpc")
locals were: adm/daemons/virtuald
' compile_object' in 'adm/daemons/virtuald.c' ('adm/daemons/virtuald') /adm/daemons/virtuald.c:35
arguments were ("/kungfu/class/generate/questnpc")
locals were: ({ /* sizeof() == 4 */
  "kungfu",
  "class",
  "generate",
  "questnpc"
}),"/kungfu/class/generate/questnpc",3,0
' compile_object' in ' adm/single/master.c' ('   adm/single/master') /adm/single/master.c:41
arguments were ("/kungfu/class/generate/questnpc")
locals were: adm/daemons/virtuald
' compile_object' in 'adm/daemons/virtuald.c' ('adm/daemons/virtuald') /adm/daemons/virtuald.c:35
arguments were ("/kungfu/class/generate/questnpc")
locals were: ({ /* sizeof() == 4 */
  "kungfu",
  "class",
  "generate",
  "questnpc"
}),"/kungfu/class/generate/questnpc",3,0
' compile_object' in ' adm/single/master.c' ('   adm/single/master') /adm/single/master.c:41
arguments were ("/kungfu/class/generate/questnpc")
locals were: adm/daemons/virtuald
' compile_object' in 'adm/daemons/virtuald.c' ('adm/daemons/virtuald') /adm/daemons/virtuald.c:35
arguments were ("/kungfu/class/generate/questnpc")
locals were: ({ /* sizeof() == 4 */
  "kungfu",
  "class",
  "generate",
  "questnpc"
}),"/kungfu/class/generate/questnpc",3,0
' compile_object' in ' adm/single/master.c' ('   adm/single/master') /adm/single/master.c:41
arguments were ("/kungfu/class/generate/questnpc")
locals were: adm/daemons/virtuald
' compile_object' in 'adm/daemons/virtuald.c' ('adm/daemons/virtuald') /adm/daemons/virtuald.c:25
arguments were ("/kungfu/class/generate/questnpc")
locals were: ({ /* sizeof() == 4 */
  "kungfu",
  "class",
  "generate",
  "questnpc"
}),"/kungfu",0,0
'     valid_read' in ' adm/single/master.c' ('   adm/single/master') /adm/single/master.c:424
arguments were ("/kungfu",adm/daemons/virtuald,"file_size")
locals were: adm/daemons/securityd
Heart beat in adm/daemons/quest/search turned off.
Error in error handler: *Too deep recursion.
program: /adm/single/master.c, object: /adm/single/master, file: /adm/single/master.c:424
'     heart_beat' in 'adm/daemons/quest/judge.c' ('adm/daemons/quest/judge') /adm/daemons/quest/judge.c:35
arguments were ()
'    start_quest' in 'adm/daemons/quest/judge.c' ('adm/daemons/quest/judge') /adm/daemons/quest/judge.c:23
arguments were ()
locals were: clone/quest/judge#465
'     init_quest' in ' clone/quest/judge.c' ('clone/quest/judge#465') /clone/quest/judge.c:40
arguments were ()
locals were: 0,"南海一带",0,0,0
' compile_object' in ' adm/single/master.c' ('   adm/single/master') /adm/single/master.c:41
arguments were ("/kungfu/class/generate/questnpc")
locals were: adm/daemons/virtuald
' compile_object' in 'adm/daemons/virtuald.c' ('adm/daemons/virtuald') /adm/daemons/virtuald.c:35
arguments were ("/kungfu/class/generate/questnpc")
locals were: ({ /* sizeof() == 4 */
  "kungfu",
  "class",
  "generate",
  "questnpc"
}),"/kungfu/class/generate/questnpc",3,0
' compile_object' in ' adm/single/master.c' ('   adm/single/master') /adm/single/master.c:41
arguments were ("/kungfu/class/generate/questnpc")
locals were: adm/daemons/virtuald
' compile_object' in 'adm/daemons/virtuald.c' ('adm/daemons/virtuald') /adm/daemons/virtuald.c:35
arguments were ("/kungfu/class/generate/questnpc")
locals were: ({ /* sizeof() == 4 */
  "kungfu",
  "class",
  "generate",
  "questnpc"
}),"/kungfu/class/generate/questnpc",3,0
' compile_object' in ' adm/single/master.c' ('   adm/single/master') /adm/single/master.c:41
arguments were ("/kungfu/class/generate/questnpc")
locals were: adm/daemons/virtuald
' compile_object' in 'adm/daemons/virtuald.c' ('adm/daemons/virtuald') /adm/daemons/virtuald.c:35
arguments were ("/kungfu/class/generate/questnpc")
locals were: ({ /* sizeof() == 4 */
  "kungfu",
  "class",
  "generate",
  "questnpc"
}),"/kungfu/class/generate/questnpc",3,0
' compile_object' in ' adm/single/master.c' ('   adm/single/master') /adm/single/master.c:41
arguments were ("/kungfu/class/generate/questnpc")
locals were: adm/daemons/virtuald
' compile_object' in 'adm/daemons/virtuald.c' ('adm/daemons/virtuald') /adm/daemons/virtuald.c:35
arguments were ("/kungfu/class/generate/questnpc")
locals were: ({ /* sizeof() == 4 */
  "kungfu",
  "class",
  "generate",
  "questnpc"
}),"/kungfu/class/generate/questnpc",3,0
' compile_object' in ' adm/single/master.c' ('   adm/single/master') /adm/single/master.c:41
arguments were ("/kungfu/class/generate/questnpc")
locals were: adm/daemons/virtuald
' compile_object' in 'adm/daemons/virtuald.c' ('adm/daemons/virtuald') /adm/daemons/virtuald.c:35
arguments were ("/kungfu/class/generate/questnpc")
locals were: ({ /* sizeof() == 4 */
  "kungfu",
  "class",
  "generate",
  "questnpc"
}),"/kungfu/class/generate/questnpc",3,0
' compile_object' in ' adm/single/master.c' ('   adm/single/master') /adm/single/master.c:41
arguments were ("/kungfu/class/generate/questnpc")
locals were: adm/daemons/virtuald
' compile_object' in 'adm/daemons/virtuald.c' ('adm/daemons/virtuald') /adm/daemons/virtuald.c:35
arguments were ("/kungfu/class/generate/questnpc")
locals were: ({ /* sizeof() == 4 */
  "kungfu",
  "class",
  "generate",
  "questnpc"
}),"/kungfu/class/generate/questnpc",3,0
' compile_object' in ' adm/single/master.c' ('   adm/single/master') /adm/single/master.c:41
arguments were ("/kungfu/class/generate/questnpc")
locals were: adm/daemons/virtuald
' compile_object' in 'adm/daemons/virtuald.c' ('adm/daemons/virtuald') /adm/daemons/virtuald.c:35
arguments were ("/kungfu/class/generate/questnpc")
locals were: ({ /* sizeof() == 4 */
  "kungfu",
  "class",
  "generate",
  "questnpc"
}),"/kungfu/class/generate/questnpc",3,0
' compile_object' in ' adm/single/master.c' ('   adm/single/master') /adm/single/master.c:41
arguments were ("/kungfu/class/generate/questnpc")
locals were: adm/daemons/virtuald
' compile_object' in 'adm/daemons/virtuald.c' ('adm/daemons/virtuald') /adm/daemons/virtuald.c:35
arguments were ("/kungfu/class/generate/questnpc")
locals were: ({ /* sizeof() == 4 */
  "kungfu",
  "class",
  "generate",
  "questnpc"
}),"/kungfu/class/generate/questnpc",3,0
' compile_object' in ' adm/single/master.c' ('   adm/single/master') /adm/single/master.c:41
arguments were ("/kungfu/class/generate/questnpc")
locals were: adm/daemons/virtuald
' compile_object' in 'adm/daemons/virtuald.c' ('adm/daemons/virtuald') /adm/daemons/virtuald.c:35
arguments were ("/kungfu/class/generate/questnpc")
locals were: ({ /* sizeof() == 4 */
  "kungfu",
  "class",
  "generate",
  "questnpc"
}),"/kungfu/class/generate/questnpc",3,0
' compile_object' in ' adm/single/master.c' ('   adm/single/master') /adm/single/master.c:41
arguments were ("/kungfu/class/generate/questnpc")
locals were: adm/daemons/virtuald
' compile_object' in 'adm/daemons/virtuald.c' ('adm/daemons/virtuald') /adm/daemons/virtuald.c:35
arguments were ("/kungfu/class/generate/questnpc")
locals were: ({ /* sizeof() == 4 */
  "kungfu",
  "class",
  "generate",
  "questnpc"
}),"/kungfu/class/generate/questnpc",3,0
' compile_object' in ' adm/single/master.c' ('   adm/single/master') /adm/single/master.c:41
arguments were ("/kungfu/class/generate/questnpc")
locals were: adm/daemons/virtuald
' compile_object' in 'adm/daemons/virtuald.c' ('adm/daemons/virtuald') /adm/daemons/virtuald.c:35
arguments were ("/kungfu/class/generate/questnpc")
locals were: ({ /* sizeof() == 4 */
  "kungfu",
  "class",
  "generate",
  "questnpc"
}),"/kungfu/class/generate/questnpc",3,0
' compile_object' in ' adm/single/master.c' ('   adm/single/master') /adm/single/master.c:41
arguments were ("/kungfu/class/generate/questnpc")
locals were: adm/daemons/virtuald
' compile_object' in 'adm/daemons/virtuald.c' ('adm/daemons/virtuald') /adm/daemons/virtuald.c:35
arguments were ("/kungfu/class/generate/questnpc")
locals were: ({ /* sizeof() == 4 */
  "kungfu",
  "class",
  "generate",
  "questnpc"
}),"/kungfu/class/generate/questnpc",3,0
' compile_object' in ' adm/single/master.c' ('   adm/single/master') /adm/single/master.c:41
arguments were ("/kungfu/class/generate/questnpc")
locals were: adm/daemons/virtuald
' compile_object' in 'adm/daemons/virtuald.c' ('adm/daemons/virtuald') /adm/daemons/virtuald.c:35
arguments were ("/kungfu/class/generate/questnpc")
locals were: ({ /* sizeof() == 4 */
  "kungfu",
  "class",
  "generate",
  "questnpc"
}),"/kungfu/class/generate/questnpc",3,0
' compile_object' in ' adm/single/master.c' ('   adm/single/master') /adm/single/master.c:41
arguments were ("/kungfu/class/generate/questnpc")
locals were: adm/daemons/virtuald
' compile_object' in 'adm/daemons/virtuald.c' ('adm/daemons/virtuald') /adm/daemons/virtuald.c:35
arguments were ("/kungfu/class/generate/questnpc")
locals were: ({ /* sizeof() == 4 */
  "kungfu",
  "class",
  "generate",
  "questnpc"
}),"/kungfu/class/generate/questnpc",3,0
' compile_object' in ' adm/single/master.c' ('   adm/single/master') /adm/single/master.c:41
arguments were ("/kungfu/class/generate/questnpc")
locals were: adm/daemons/virtuald
' compile_object' in 'adm/daemons/virtuald.c' ('adm/daemons/virtuald') /adm/daemons/virtuald.c:35
arguments were ("/kungfu/class/generate/questnpc")
locals were: ({ /* sizeof() == 4 */
  "kungfu",
  "class",
  "generate",
  "questnpc"
}),"/kungfu/class/generate/questnpc",3,0
' compile_object' in ' adm/single/master.c' ('   adm/single/master') /adm/single/master.c:41
arguments were ("/kungfu/class/generate/questnpc")
locals were: adm/daemons/virtuald
' compile_object' in 'adm/daemons/virtuald.c' ('adm/daemons/virtuald') /adm/daemons/virtuald.c:35
arguments were ("/kungfu/class/generate/questnpc")
locals were: ({ /* sizeof() == 4 */
  "kungfu",
  "class",
  "generate",
  "questnpc"
}),"/kungfu/class/generate/questnpc",3,0
' compile_object' in ' adm/single/master.c' ('   adm/single/master') /adm/single/master.c:41
arguments were ("/kungfu/class/generate/questnpc")
locals were: adm/daemons/virtuald
' compile_object' in 'adm/daemons/virtuald.c' ('adm/daemons/virtuald') /adm/daemons/virtuald.c:35
arguments were ("/kungfu/class/generate/questnpc")
locals were: ({ /* sizeof() == 4 */
  "kungfu",
  "class",
  "generate",
  "questnpc"
}),"/kungfu/class/generate/questnpc",3,0
' compile_object' in ' adm/single/master.c' ('   adm/single/master') /adm/single/master.c:41
arguments were ("/kungfu/class/generate/questnpc")
locals were: adm/daemons/virtuald
' compile_object' in 'adm/daemons/virtuald.c' ('adm/daemons/virtuald') /adm/daemons/virtuald.c:35
arguments were ("/kungfu/class/generate/questnpc")
locals were: ({ /* sizeof() == 4 */
  "kungfu",
  "class",
  "generate",
  "questnpc"
}),"/kungfu/class/generate/questnpc",3,0
' compile_object' in ' adm/single/master.c' ('   adm/single/master') /adm/single/master.c:41
arguments were ("/kungfu/class/generate/questnpc")
locals were: adm/daemons/virtuald
' compile_object' in 'adm/daemons/virtuald.c' ('adm/daemons/virtuald') /adm/daemons/virtuald.c:35
arguments were ("/kungfu/class/generate/questnpc")
locals were: ({ /* sizeof() == 4 */
  "kungfu",
  "class",
  "generate",
  "questnpc"
}),"/kungfu/class/generate/questnpc",3,0
' compile_object' in ' adm/single/master.c' ('   adm/single/master') /adm/single/master.c:41
arguments were ("/kungfu/class/generate/questnpc")
locals were: adm/daemons/virtuald
' compile_object' in 'adm/daemons/virtuald.c' ('adm/daemons/virtuald') /adm/daemons/virtuald.c:35
arguments were ("/kungfu/class/generate/questnpc")
locals were: ({ /* sizeof() == 4 */
  "kungfu",
  "class",
  "generate",
  "questnpc"
}),"/kungfu/class/generate/questnpc",3,0
' compile_object' in ' adm/single/master.c' ('   adm/single/master') /adm/single/master.c:41
arguments were ("/kungfu/class/generate/questnpc")
locals were: adm/daemons/virtuald
' compile_object' in 'adm/daemons/virtuald.c' ('adm/daemons/virtuald') /adm/daemons/virtuald.c:35
arguments were ("/kungfu/class/generate/questnpc")
locals were: ({ /* sizeof() == 4 */
  "kungfu",
  "class",
  "generate",
  "questnpc"
}),"/kungfu/class/generate/questnpc",3,0
' compile_object' in ' adm/single/master.c' ('   adm/single/master') /adm/single/master.c:41
arguments were ("/kungfu/class/generate/questnpc")
locals were: adm/daemons/virtuald
' compile_object' in 'adm/daemons/virtuald.c' ('adm/daemons/virtuald') /adm/daemons/virtuald.c:35
arguments were ("/kungfu/class/generate/questnpc")
locals were: ({ /* sizeof() == 4 */
  "kungfu",
  "class",
  "generate",
  "questnpc"
}),"/kungfu/class/generate/questnpc",3,0
' compile_object' in ' adm/single/master.c' ('   adm/single/master') /adm/single/master.c:41
arguments were ("/kungfu/class/generate/questnpc")
locals were: adm/daemons/virtuald
' compile_object' in 'adm/daemons/virtuald.c' ('adm/daemons/virtuald') /adm/daemons/virtuald.c:25
arguments were ("/kungfu/class/generate/questnpc")
locals were: ({ /* sizeof() == 4 */
  "kungfu",
  "class",
  "generate",
  "questnpc"
}),"/kungfu",0,0
'     valid_read' in ' adm/single/master.c' ('   adm/single/master') /adm/single/master.c:424
arguments were ("/kungfu",adm/daemons/virtuald,"file_size")
locals were: adm/daemons/securityd
Heart beat in adm/daemons/quest/judge turned off.
Error in error handler: *Too deep recursion.
program: /adm/single/master.c, object: /adm/single/master, file: /adm/single/master.c:424
'     heart_beat' in 'adm/daemons/quest/shen.c' ('adm/daemons/quest/shen') /adm/daemons/quest/shen.c:37
arguments were ()
'    start_quest' in 'adm/daemons/quest/shen.c' ('adm/daemons/quest/shen') /adm/daemons/quest/shen.c:25
arguments were ()
locals were: clone/quest/shen#466,0,0
'     init_quest' in '  clone/quest/shen.c' ('clone/quest/shen#466') /clone/quest/shen.c:39
arguments were ()
locals were: 0,0,"武功镇",0,0,0
' compile_object' in ' adm/single/master.c' ('   adm/single/master') /adm/single/master.c:41
arguments were ("/kungfu/class/generate/shennpc")
locals were: adm/daemons/virtuald
' compile_object' in 'adm/daemons/virtuald.c' ('adm/daemons/virtuald') /adm/daemons/virtuald.c:35
arguments were ("/kungfu/class/generate/shennpc")
locals were: ({ /* sizeof() == 4 */
  "kungfu",
  "class",
  "generate",
  "shennpc"
}),"/kungfu/class/generate/shennpc",3,0
' compile_object' in ' adm/single/master.c' ('   adm/single/master') /adm/single/master.c:41
arguments were ("/kungfu/class/generate/shennpc")
locals were: adm/daemons/virtuald
' compile_object' in 'adm/daemons/virtuald.c' ('adm/daemons/virtuald') /adm/daemons/virtuald.c:35
arguments were ("/kungfu/class/generate/shennpc")
locals were: ({ /* sizeof() == 4 */
  "kungfu",
  "class",
  "generate",
  "shennpc"
}),"/kungfu/class/generate/shennpc",3,0
' compile_object' in ' adm/single/master.c' ('   adm/single/master') /adm/single/master.c:41
arguments were ("/kungfu/class/generate/shennpc")
locals were: adm/daemons/virtuald
' compile_object' in 'adm/daemons/virtuald.c' ('adm/daemons/virtuald') /adm/daemons/virtuald.c:35
arguments were ("/kungfu/class/generate/shennpc")
locals were: ({ /* sizeof() == 4 */
  "kungfu",
  "class",
  "generate",
  "shennpc"
}),"/kungfu/class/generate/shennpc",3,0
' compile_object' in ' adm/single/master.c' ('   adm/single/master') /adm/single/master.c:41
arguments were ("/kungfu/class/generate/shennpc")
locals were: adm/daemons/virtuald
' compile_object' in 'adm/daemons/virtuald.c' ('adm/daemons/virtuald') /adm/daemons/virtuald.c:35
arguments were ("/kungfu/class/generate/shennpc")
locals were: ({ /* sizeof() == 4 */
  "kungfu",
  "class",
  "generate",
  "shennpc"
}),"/kungfu/class/generate/shennpc",3,0
' compile_object' in ' adm/single/master.c' ('   adm/single/master') /adm/single/master.c:41
arguments were ("/kungfu/class/generate/shennpc")
locals were: adm/daemons/virtuald
' compile_object' in 'adm/daemons/virtuald.c' ('adm/daemons/virtuald') /adm/daemons/virtuald.c:35
arguments were ("/kungfu/class/generate/shennpc")
locals were: ({ /* sizeof() == 4 */
  "kungfu",
  "class",
  "generate",
  "shennpc"
}),"/kungfu/class/generate/shennpc",3,0
' compile_object' in ' adm/single/master.c' ('   adm/single/master') /adm/single/master.c:41
arguments were ("/kungfu/class/generate/shennpc")
locals were: adm/daemons/virtuald
' compile_object' in 'adm/daemons/virtuald.c' ('adm/daemons/virtuald') /adm/daemons/virtuald.c:35
arguments were ("/kungfu/class/generate/shennpc")
locals were: ({ /* sizeof() == 4 */
  "kungfu",
  "class",
  "generate",
  "shennpc"
}),"/kungfu/class/generate/shennpc",3,0
' compile_object' in ' adm/single/master.c' ('   adm/single/master') /adm/single/master.c:41
arguments were ("/kungfu/class/generate/shennpc")
locals were: adm/daemons/virtuald
' compile_object' in 'adm/daemons/virtuald.c' ('adm/daemons/virtuald') /adm/daemons/virtuald.c:35
arguments were ("/kungfu/class/generate/shennpc")
locals were: ({ /* sizeof() == 4 */
  "kungfu",
  "class",
  "generate",
  "shennpc"
}),"/kungfu/class/generate/shennpc",3,0
' compile_object' in ' adm/single/master.c' ('   adm/single/master') /adm/single/master.c:41
arguments were ("/kungfu/class/generate/shennpc")
locals were: adm/daemons/virtuald
' compile_object' in 'adm/daemons/virtuald.c' ('adm/daemons/virtuald') /adm/daemons/virtuald.c:35
arguments were ("/kungfu/class/generate/shennpc")
locals were: ({ /* sizeof() == 4 */
  "kungfu",
  "class",
  "generate",
  "shennpc"
}),"/kungfu/class/generate/shennpc",3,0
' compile_object' in ' adm/single/master.c' ('   adm/single/master') /adm/single/master.c:41
arguments were ("/kungfu/class/generate/shennpc")
locals were: adm/daemons/virtuald
' compile_object' in 'adm/daemons/virtuald.c' ('adm/daemons/virtuald') /adm/daemons/virtuald.c:35
arguments were ("/kungfu/class/generate/shennpc")
locals were: ({ /* sizeof() == 4 */
  "kungfu",
  "class",
  "generate",
  "shennpc"
}),"/kungfu/class/generate/shennpc",3,0
' compile_object' in ' adm/single/master.c' ('   adm/single/master') /adm/single/master.c:41
arguments were ("/kungfu/class/generate/shennpc")
locals were: adm/daemons/virtuald
' compile_object' in 'adm/daemons/virtuald.c' ('adm/daemons/virtuald') /adm/daemons/virtuald.c:35
arguments were ("/kungfu/class/generate/shennpc")
locals were: ({ /* sizeof() == 4 */
  "kungfu",
  "class",
  "generate",
  "shennpc"
}),"/kungfu/class/generate/shennpc",3,0
' compile_object' in ' adm/single/master.c' ('   adm/single/master') /adm/single/master.c:41
arguments were ("/kungfu/class/generate/shennpc")
locals were: adm/daemons/virtuald
' compile_object' in 'adm/daemons/virtuald.c' ('adm/daemons/virtuald') /adm/daemons/virtuald.c:35
arguments were ("/kungfu/class/generate/shennpc")
locals were: ({ /* sizeof() == 4 */
  "kungfu",
  "class",
  "generate",
  "shennpc"
}),"/kungfu/class/generate/shennpc",3,0
' compile_object' in ' adm/single/master.c' ('   adm/single/master') /adm/single/master.c:41
arguments were ("/kungfu/class/generate/shennpc")
locals were: adm/daemons/virtuald
' compile_object' in 'adm/daemons/virtuald.c' ('adm/daemons/virtuald') /adm/daemons/virtuald.c:35
arguments were ("/kungfu/class/generate/shennpc")
locals were: ({ /* sizeof() == 4 */
  "kungfu",
  "class",
  "generate",
  "shennpc"
}),"/kungfu/class/generate/shennpc",3,0
' compile_object' in ' adm/single/master.c' ('   adm/single/master') /adm/single/master.c:41
arguments were ("/kungfu/class/generate/shennpc")
locals were: adm/daemons/virtuald
' compile_object' in 'adm/daemons/virtuald.c' ('adm/daemons/virtuald') /adm/daemons/virtuald.c:35
arguments were ("/kungfu/class/generate/shennpc")
locals were: ({ /* sizeof() == 4 */
  "kungfu",
  "class",
  "generate",
  "shennpc"
}),"/kungfu/class/generate/shennpc",3,0
' compile_object' in ' adm/single/master.c' ('   adm/single/master') /adm/single/master.c:41
arguments were ("/kungfu/class/generate/shennpc")
locals were: adm/daemons/virtuald
' compile_object' in 'adm/daemons/virtuald.c' ('adm/daemons/virtuald') /adm/daemons/virtuald.c:35
arguments were ("/kungfu/class/generate/shennpc")
locals were: ({ /* sizeof() == 4 */
  "kungfu",
  "class",
  "generate",
  "shennpc"
}),"/kungfu/class/generate/shennpc",3,0
' compile_object' in ' adm/single/master.c' ('   adm/single/master') /adm/single/master.c:41
arguments were ("/kungfu/class/generate/shennpc")
locals were: adm/daemons/virtuald
' compile_object' in 'adm/daemons/virtuald.c' ('adm/daemons/virtuald') /adm/daemons/virtuald.c:35
arguments were ("/kungfu/class/generate/shennpc")
locals were: ({ /* sizeof() == 4 */
  "kungfu",
  "class",
  "generate",
  "shennpc"
}),"/kungfu/class/generate/shennpc",3,0
' compile_object' in ' adm/single/master.c' ('   adm/single/master') /adm/single/master.c:41
arguments were ("/kungfu/class/generate/shennpc")
locals were: adm/daemons/virtuald
' compile_object' in 'adm/daemons/virtuald.c' ('adm/daemons/virtuald') /adm/daemons/virtuald.c:35
arguments were ("/kungfu/class/generate/shennpc")
locals were: ({ /* sizeof() == 4 */
  "kungfu",
  "class",
  "generate",
  "shennpc"
}),"/kungfu/class/generate/shennpc",3,0
' compile_object' in ' adm/single/master.c' ('   adm/single/master') /adm/single/master.c:41
arguments were ("/kungfu/class/generate/shennpc")
locals were: adm/daemons/virtuald
' compile_object' in 'adm/daemons/virtuald.c' ('adm/daemons/virtuald') /adm/daemons/virtuald.c:35
arguments were ("/kungfu/class/generate/shennpc")
locals were: ({ /* sizeof() == 4 */
  "kungfu",
  "class",
  "generate",
  "shennpc"
}),"/kungfu/class/generate/shennpc",3,0
' compile_object' in ' adm/single/master.c' ('   adm/single/master') /adm/single/master.c:41
arguments were ("/kungfu/class/generate/shennpc")
locals were: adm/daemons/virtuald
' compile_object' in 'adm/daemons/virtuald.c' ('adm/daemons/virtuald') /adm/daemons/virtuald.c:35
arguments were ("/kungfu/class/generate/shennpc")
locals were: ({ /* sizeof() == 4 */
  "kungfu",
  "class",
  "generate",
  "shennpc"
}),"/kungfu/class/generate/shennpc",3,0
' compile_object' in ' adm/single/master.c' ('   adm/single/master') /adm/single/master.c:41
arguments were ("/kungfu/class/generate/shennpc")
locals were: adm/daemons/virtuald
' compile_object' in 'adm/daemons/virtuald.c' ('adm/daemons/virtuald') /adm/daemons/virtuald.c:35
arguments were ("/kungfu/class/generate/shennpc")
locals were: ({ /* sizeof() == 4 */
  "kungfu",
  "class",
  "generate",
  "shennpc"
}),"/kungfu/class/generate/shennpc",3,0
' compile_object' in ' adm/single/master.c' ('   adm/single/master') /adm/single/master.c:41
arguments were ("/kungfu/class/generate/shennpc")
locals were: adm/daemons/virtuald
' compile_object' in 'adm/daemons/virtuald.c' ('adm/daemons/virtuald') /adm/daemons/virtuald.c:35
arguments were ("/kungfu/class/generate/shennpc")
locals were: ({ /* sizeof() == 4 */
  "kungfu",
  "class",
  "generate",
  "shennpc"
}),"/kungfu/class/generate/shennpc",3,0
' compile_object' in ' adm/single/master.c' ('   adm/single/master') /adm/single/master.c:41
arguments were ("/kungfu/class/generate/shennpc")
locals were: adm/daemons/virtuald
' compile_object' in 'adm/daemons/virtuald.c' ('adm/daemons/virtuald') /adm/daemons/virtuald.c:35
arguments were ("/kungfu/class/generate/shennpc")
locals were: ({ /* sizeof() == 4 */
  "kungfu",
  "class",
  "generate",
  "shennpc"
}),"/kungfu/class/generate/shennpc",3,0
' compile_object' in ' adm/single/master.c' ('   adm/single/master') /adm/single/master.c:41
arguments were ("/kungfu/class/generate/shennpc")
locals were: adm/daemons/virtuald
' compile_object' in 'adm/daemons/virtuald.c' ('adm/daemons/virtuald') /adm/daemons/virtuald.c:35
arguments were ("/kungfu/class/generate/shennpc")
locals were: ({ /* sizeof() == 4 */
  "kungfu",
  "class",
  "generate",
  "shennpc"
}),"/kungfu/class/generate/shennpc",3,0
' compile_object' in ' adm/single/master.c' ('   adm/single/master') /adm/single/master.c:41
arguments were ("/kungfu/class/generate/shennpc")
locals were: adm/daemons/virtuald
' compile_object' in 'adm/daemons/virtuald.c' ('adm/daemons/virtuald') /adm/daemons/virtuald.c:25
arguments were ("/kungfu/class/generate/shennpc")
locals were: ({ /* sizeof() == 4 */
  "kungfu",
  "class",
  "generate",
  "shennpc"
}),"/kungfu",0,0
'     valid_read' in ' adm/single/master.c' ('   adm/single/master') /adm/single/master.c:424
arguments were ("/kungfu",adm/daemons/virtuald,"file_size")
locals were: adm/daemons/securityd
Heart beat in adm/daemons/quest/shen turned off.
Error in error handler: *Too deep recursion.
program: /adm/single/master.c, object: /adm/single/master, file: /adm/single/master.c:424
'     heart_beat' in 'adm/daemons/quest/supply.c' ('adm/daemons/quest/supply') /adm/daemons/quest/supply.c:119
arguments were ()
'    start_quest' in 'adm/daemons/quest/supply.c' ('adm/daemons/quest/supply') /adm/daemons/quest/supply.c:88
arguments were ()
locals were: 0,0,({ /* sizeof() == 3 */
  clone/quest/supply#487,
  clone/quest/supply#463,
  clone/quest/supply
}),({ /* sizeof() == 19 */
  "/d/shaolin/shanmen",
  "/d/lingzhou/xiaoxiaochang",
  "/d/changan/biaoju-damen",
  "/d/suzhou/bingying",
  "/d/lingzhou/jiangjungate",
  "/d/changan/qunyulou",
  "/d/suzhou/toumenshan",
  "/d/city3/bingqidian",
  "/d/city/wuguan",
  "/d/hangzhou/liuzhuang",
  "/d/hangzhou/yuhuangsd",
  "/d/dali/bingying",
  "/d/beijing/xichang",
  "/d/dali/tusifu",
  "/d/fuzhou/biaoju",
  "/d/beijing/xichengmen",
  "/d/changan/xunbufang",
  "/d/quanzhou/jiaxinggang",
  "/d/shaolin/ruzhou"
}),"/d/quanzhou/jiaxinggang",0,0
'     get_object' in 'adm/single/simul_efun.c' ('adm/single/simul_efun') /adm/simul_efun/util.c:151
arguments were ("/d/quanzhou/jiaxinggang")
locals were: 0
' compile_object' in ' adm/single/master.c' ('   adm/single/master') /adm/single/master.c:41
arguments were ("/d/quanzhou/jiaxinggang")
locals were: adm/daemons/virtuald
' compile_object' in 'adm/daemons/virtuald.c' ('adm/daemons/virtuald') /adm/daemons/virtuald.c:35
arguments were ("/d/quanzhou/jiaxinggang")
locals were: ({ /* sizeof() == 3 */
  "d",
  "quanzhou",
  "jiaxinggang"
}),"/d/quanzhou",1,0
' compile_object' in ' adm/single/master.c' ('   adm/single/master') /adm/single/master.c:41
arguments were ("/d/quanzhou")
locals were: adm/daemons/virtuald
' compile_object' in 'adm/daemons/virtuald.c' ('adm/daemons/virtuald') /adm/daemons/virtuald.c:35
arguments were ("/d/quanzhou")
locals were: ({ /* sizeof() == 2 */
  "d",
  "quanzhou"
}),"/d/quanzhou",1,0
' compile_object' in ' adm/single/master.c' ('   adm/single/master') /adm/single/master.c:41
arguments were ("/d/quanzhou")
locals were: adm/daemons/virtuald
' compile_object' in 'adm/daemons/virtuald.c' ('adm/daemons/virtuald') /adm/daemons/virtuald.c:35
arguments were ("/d/quanzhou")
locals were: ({ /* sizeof() == 2 */
  "d",
  "quanzhou"
}),"/d/quanzhou",1,0
' compile_object' in ' adm/single/master.c' ('   adm/single/master') /adm/single/master.c:41
arguments were ("/d/quanzhou")
locals were: adm/daemons/virtuald
' compile_object' in 'adm/daemons/virtuald.c' ('adm/daemons/virtuald') /adm/daemons/virtuald.c:35
arguments were ("/d/quanzhou")
locals were: ({ /* sizeof() == 2 */
  "d",
  "quanzhou"
}),"/d/quanzhou",1,0
' compile_object' in ' adm/single/master.c' ('   adm/single/master') /adm/single/master.c:41
arguments were ("/d/quanzhou")
locals were: adm/daemons/virtuald
' compile_object' in 'adm/daemons/virtuald.c' ('adm/daemons/virtuald') /adm/daemons/virtuald.c:35
arguments were ("/d/quanzhou")
locals were: ({ /* sizeof() == 2 */
  "d",
  "quanzhou"
}),"/d/quanzhou",1,0
' compile_object' in ' adm/single/master.c' ('   adm/single/master') /adm/single/master.c:41
arguments were ("/d/quanzhou")
locals were: adm/daemons/virtuald
' compile_object' in 'adm/daemons/virtuald.c' ('adm/daemons/virtuald') /adm/daemons/virtuald.c:35
arguments were ("/d/quanzhou")
locals were: ({ /* sizeof() == 2 */
  "d",
  "quanzhou"
}),"/d/quanzhou",1,0
' compile_object' in ' adm/single/master.c' ('   adm/single/master') /adm/single/master.c:41
arguments were ("/d/quanzhou")
locals were: adm/daemons/virtuald
' compile_object' in 'adm/daemons/virtuald.c' ('adm/daemons/virtuald') /adm/daemons/virtuald.c:35
arguments were ("/d/quanzhou")
locals were: ({ /* sizeof() == 2 */
  "d",
  "quanzhou"
}),"/d/quanzhou",1,0
' compile_object' in ' adm/single/master.c' ('   adm/single/master') /adm/single/master.c:41
arguments were ("/d/quanzhou")
locals were: adm/daemons/virtuald
' compile_object' in 'adm/daemons/virtuald.c' ('adm/daemons/virtuald') /adm/daemons/virtuald.c:35
arguments were ("/d/quanzhou")
locals were: ({ /* sizeof() == 2 */
  "d",
  "quanzhou"
}),"/d/quanzhou",1,0
' compile_object' in ' adm/single/master.c' ('   adm/single/master') /adm/single/master.c:41
arguments were ("/d/quanzhou")
locals were: adm/daemons/virtuald
' compile_object' in 'adm/daemons/virtuald.c' ('adm/daemons/virtuald') /adm/daemons/virtuald.c:35
arguments were ("/d/quanzhou")
locals were: ({ /* sizeof() == 2 */
  "d",
  "quanzhou"
}),"/d/quanzhou",1,0
' compile_object' in ' adm/single/master.c' ('   adm/single/master') /adm/single/master.c:41
arguments were ("/d/quanzhou")
locals were: adm/daemons/virtuald
' compile_object' in 'adm/daemons/virtuald.c' ('adm/daemons/virtuald') /adm/daemons/virtuald.c:35
arguments were ("/d/quanzhou")
locals were: ({ /* sizeof() == 2 */
  "d",
  "quanzhou"
}),"/d/quanzhou",1,0
' compile_object' in ' adm/single/master.c' ('   adm/single/master') /adm/single/master.c:41
arguments were ("/d/quanzhou")
locals were: adm/daemons/virtuald
' compile_object' in 'adm/daemons/virtuald.c' ('adm/daemons/virtuald') /adm/daemons/virtuald.c:35
arguments were ("/d/quanzhou")
locals were: ({ /* sizeof() == 2 */
  "d",
  "quanzhou"
}),"/d/quanzhou",1,0
' compile_object' in ' adm/single/master.c' ('   adm/single/master') /adm/single/master.c:41
arguments were ("/d/quanzhou")
locals were: adm/daemons/virtuald
' compile_object' in 'adm/daemons/virtuald.c' ('adm/daemons/virtuald') /adm/daemons/virtuald.c:35
arguments were ("/d/quanzhou")
locals were: ({ /* sizeof() == 2 */
  "d",
  "quanzhou"
}),"/d/quanzhou",1,0
' compile_object' in ' adm/single/master.c' ('   adm/single/master') /adm/single/master.c:41
arguments were ("/d/quanzhou")
locals were: adm/daemons/virtuald
' compile_object' in 'adm/daemons/virtuald.c' ('adm/daemons/virtuald') /adm/daemons/virtuald.c:35
arguments were ("/d/quanzhou")
locals were: ({ /* sizeof() == 2 */
  "d",
  "quanzhou"
}),"/d/quanzhou",1,0
' compile_object' in ' adm/single/master.c' ('   adm/single/master') /adm/single/master.c:41
arguments were ("/d/quanzhou")
locals were: adm/daemons/virtuald
' compile_object' in 'adm/daemons/virtuald.c' ('adm/daemons/virtuald') /adm/daemons/virtuald.c:35
arguments were ("/d/quanzhou")
locals were: ({ /* sizeof() == 2 */
  "d",
  "quanzhou"
}),"/d/quanzhou",1,0
' compile_object' in ' adm/single/master.c' ('   adm/single/master') /adm/single/master.c:41
arguments were ("/d/quanzhou")
locals were: adm/daemons/virtuald
' compile_object' in 'adm/daemons/virtuald.c' ('adm/daemons/virtuald') /adm/daemons/virtuald.c:35
arguments were ("/d/quanzhou")
locals were: ({ /* sizeof() == 2 */
  "d",
  "quanzhou"
}),"/d/quanzhou",1,0
' compile_object' in ' adm/single/master.c' ('   adm/single/master') /adm/single/master.c:41
arguments were ("/d/quanzhou")
locals were: adm/daemons/virtuald
' compile_object' in 'adm/daemons/virtuald.c' ('adm/daemons/virtuald') /adm/daemons/virtuald.c:35
arguments were ("/d/quanzhou")
locals were: ({ /* sizeof() == 2 */
  "d",
  "quanzhou"
}),"/d/quanzhou",1,0
' compile_object' in ' adm/single/master.c' ('   adm/single/master') /adm/single/master.c:41
arguments were ("/d/quanzhou")
locals were: adm/daemons/virtuald
' compile_object' in 'adm/daemons/virtuald.c' ('adm/daemons/virtuald') /adm/daemons/virtuald.c:35
arguments were ("/d/quanzhou")
locals were: ({ /* sizeof() == 2 */
  "d",
  "quanzhou"
}),"/d/quanzhou",1,0
' compile_object' in ' adm/single/master.c' ('   adm/single/master') /adm/single/master.c:41
arguments were ("/d/quanzhou")
locals were: adm/daemons/virtuald
' compile_object' in 'adm/daemons/virtuald.c' ('adm/daemons/virtuald') /adm/daemons/virtuald.c:35
arguments were ("/d/quanzhou")
locals were: ({ /* sizeof() == 2 */
  "d",
  "quanzhou"
}),"/d/quanzhou",1,0
' compile_object' in ' adm/single/master.c' ('   adm/single/master') /adm/single/master.c:41
arguments were ("/d/quanzhou")
locals were: adm/daemons/virtuald
' compile_object' in 'adm/daemons/virtuald.c' ('adm/daemons/virtuald') /adm/daemons/virtuald.c:35
arguments were ("/d/quanzhou")
locals were: ({ /* sizeof() == 2 */
  "d",
  "quanzhou"
}),"/d/quanzhou",1,0
' compile_object' in ' adm/single/master.c' ('   adm/single/master') /adm/single/master.c:41
arguments were ("/d/quanzhou")
locals were: adm/daemons/virtuald
' compile_object' in 'adm/daemons/virtuald.c' ('adm/daemons/virtuald') /adm/daemons/virtuald.c:35
arguments were ("/d/quanzhou")
locals were: ({ /* sizeof() == 2 */
  "d",
  "quanzhou"
}),"/d/quanzhou",1,0
' compile_object' in ' adm/single/master.c' ('   adm/single/master') /adm/single/master.c:41
arguments were ("/d/quanzhou")
locals were: adm/daemons/virtuald
' compile_object' in 'adm/daemons/virtuald.c' ('adm/daemons/virtuald') /adm/daemons/virtuald.c:35
arguments were ("/d/quanzhou")
locals were: ({ /* sizeof() == 2 */
  "d",
  "quanzhou"
}),"/d/quanzhou",1,0
' compile_object' in ' adm/single/master.c' ('   adm/single/master') /adm/single/master.c:41
arguments were ("/d/quanzhou")
locals were: adm/daemons/virtuald
' compile_object' in 'adm/daemons/virtuald.c' ('adm/daemons/virtuald') /adm/daemons/virtuald.c:35
arguments were ("/d/quanzhou")
locals were: ({ /* sizeof() == 2 */
  "d",
  "quanzhou"
}),"/d/quanzhou",1,0
' compile_object' in ' adm/single/master.c' ('   adm/single/master') /adm/single/master.c:41
arguments were ("/d/quanzhou")
locals were: adm/daemons/virtuald
' compile_object' in 'adm/daemons/virtuald.c' ('adm/daemons/virtuald') /adm/daemons/virtuald.c:25
arguments were ("/d/quanzhou")
locals were: ({ /* sizeof() == 2 */
  "d",
  "quanzhou"
}),"/d",0,0
'     valid_read' in ' adm/single/master.c' ('   adm/single/master') /adm/single/master.c:424
arguments were ("/d",adm/daemons/virtuald,"file_size")
locals were: adm/daemons/securityd
Heart beat in adm/daemons/quest/supply turned off.
Error in error handler: *Too deep recursion.
program: /adm/daemons/virtuald.c, object: /adm/daemons/virtuald, file: /adm/daemons/virtuald.c:25
'  process_story' in 'adm/daemons/storyd.c' ('  adm/daemons/storyd') /adm/daemons/storyd.c:169
arguments were (adm/daemons/story/dabei)
locals were: (: give_gift :),0,"[1;31m【武林传闻】[2;37;0m"
'          CATCH' in 'adm/daemons/storyd.c' ('  adm/daemons/storyd') /adm/daemons/storyd.c:169
'     <function>' in '          <function>' ('adm/daemons/story/dabei') 
'      give_gift' in 'adm/daemons/story/dabei.c' ('adm/daemons/story/dabei') /adm/daemons/story/dabei.c:115
arguments were ()
locals were: 0,0,0,0
' compile_object' in ' adm/single/master.c' ('   adm/single/master') /adm/single/master.c:41
arguments were ("/d/city/npc/dabei")
locals were: adm/daemons/virtuald
' compile_object' in 'adm/daemons/virtuald.c' ('adm/daemons/virtuald') /adm/daemons/virtuald.c:35
arguments were ("/d/city/npc/dabei")
locals were: ({ /* sizeof() == 4 */
  "d",
  "city",
  "npc",
  "dabei"
}),"/d/city/npc/dabei",3,0
' compile_object' in ' adm/single/master.c' ('   adm/single/master') /adm/single/master.c:41
arguments were ("/d/city/npc/dabei")
locals were: adm/daemons/virtuald
' compile_object' in 'adm/daemons/virtuald.c' ('adm/daemons/virtuald') /adm/daemons/virtuald.c:35
arguments were ("/d/city/npc/dabei")
locals were: ({ /* sizeof() == 4 */
  "d",
  "city",
  "npc",
  "dabei"
}),"/d/city/npc/dabei",3,0
' compile_object' in ' adm/single/master.c' ('   adm/single/master') /adm/single/master.c:41
arguments were ("/d/city/npc/dabei")
locals were: adm/daemons/virtuald
' compile_object' in 'adm/daemons/virtuald.c' ('adm/daemons/virtuald') /adm/daemons/virtuald.c:35
arguments were ("/d/city/npc/dabei")
locals were: ({ /* sizeof() == 4 */
  "d",
  "city",
  "npc",
  "dabei"
}),"/d/city/npc/dabei",3,0
' compile_object' in ' adm/single/master.c' ('   adm/single/master') /adm/single/master.c:41
arguments were ("/d/city/npc/dabei")
locals were: adm/daemons/virtuald
' compile_object' in 'adm/daemons/virtuald.c' ('adm/daemons/virtuald') /adm/daemons/virtuald.c:35
arguments were ("/d/city/npc/dabei")
locals were: ({ /* sizeof() == 4 */
  "d",
  "city",
  "npc",
  "dabei"
}),"/d/city/npc/dabei",3,0
' compile_object' in ' adm/single/master.c' ('   adm/single/master') /adm/single/master.c:41
arguments were ("/d/city/npc/dabei")
locals were: adm/daemons/virtuald
' compile_object' in 'adm/daemons/virtuald.c' ('adm/daemons/virtuald') /adm/daemons/virtuald.c:35
arguments were ("/d/city/npc/dabei")
locals were: ({ /* sizeof() == 4 */
  "d",
  "city",
  "npc",
  "dabei"
}),"/d/city/npc/dabei",3,0
' compile_object' in ' adm/single/master.c' ('   adm/single/master') /adm/single/master.c:41
arguments were ("/d/city/npc/dabei")
locals were: adm/daemons/virtuald
' compile_object' in 'adm/daemons/virtuald.c' ('adm/daemons/virtuald') /adm/daemons/virtuald.c:35
arguments were ("/d/city/npc/dabei")
locals were: ({ /* sizeof() == 4 */
  "d",
  "city",
  "npc",
  "dabei"
}),"/d/city/npc/dabei",3,0
' compile_object' in ' adm/single/master.c' ('   adm/single/master') /adm/single/master.c:41
arguments were ("/d/city/npc/dabei")
locals were: adm/daemons/virtuald
' compile_object' in 'adm/daemons/virtuald.c' ('adm/daemons/virtuald') /adm/daemons/virtuald.c:35
arguments were ("/d/city/npc/dabei")
locals were: ({ /* sizeof() == 4 */
  "d",
  "city",
  "npc",
  "dabei"
}),"/d/city/npc/dabei",3,0
' compile_object' in ' adm/single/master.c' ('   adm/single/master') /adm/single/master.c:41
arguments were ("/d/city/npc/dabei")
locals were: adm/daemons/virtuald
' compile_object' in 'adm/daemons/virtuald.c' ('adm/daemons/virtuald') /adm/daemons/virtuald.c:35
arguments were ("/d/city/npc/dabei")
locals were: ({ /* sizeof() == 4 */
  "d",
  "city",
  "npc",
  "dabei"
}),"/d/city/npc/dabei",3,0
' compile_object' in ' adm/single/master.c' ('   adm/single/master') /adm/single/master.c:41
arguments were ("/d/city/npc/dabei")
locals were: adm/daemons/virtuald
' compile_object' in 'adm/daemons/virtuald.c' ('adm/daemons/virtuald') /adm/daemons/virtuald.c:35
arguments were ("/d/city/npc/dabei")
locals were: ({ /* sizeof() == 4 */
  "d",
  "city",
  "npc",
  "dabei"
}),"/d/city/npc/dabei",3,0
' compile_object' in ' adm/single/master.c' ('   adm/single/master') /adm/single/master.c:41
arguments were ("/d/city/npc/dabei")
locals were: adm/daemons/virtuald
' compile_object' in 'adm/daemons/virtuald.c' ('adm/daemons/virtuald') /adm/daemons/virtuald.c:35
arguments were ("/d/city/npc/dabei")
locals were: ({ /* sizeof() == 4 */
  "d",
  "city",
  "npc",
  "dabei"
}),"/d/city/npc/dabei",3,0
' compile_object' in ' adm/single/master.c' ('   adm/single/master') /adm/single/master.c:41
arguments were ("/d/city/npc/dabei")
locals were: adm/daemons/virtuald
' compile_object' in 'adm/daemons/virtuald.c' ('adm/daemons/virtuald') /adm/daemons/virtuald.c:35
arguments were ("/d/city/npc/dabei")
locals were: ({ /* sizeof() == 4 */
  "d",
  "city",
  "npc",
  "dabei"
}),"/d/city/npc/dabei",3,0
' compile_object' in ' adm/single/master.c' ('   adm/single/master') /adm/single/master.c:41
arguments were ("/d/city/npc/dabei")
locals were: adm/daemons/virtuald
' compile_object' in 'adm/daemons/virtuald.c' ('adm/daemons/virtuald') /adm/daemons/virtuald.c:35
arguments were ("/d/city/npc/dabei")
locals were: ({ /* sizeof() == 4 */
  "d",
  "city",
  "npc",
  "dabei"
}),"/d/city/npc/dabei",3,0
' compile_object' in ' adm/single/master.c' ('   adm/single/master') /adm/single/master.c:41
arguments were ("/d/city/npc/dabei")
locals were: adm/daemons/virtuald
' compile_object' in 'adm/daemons/virtuald.c' ('adm/daemons/virtuald') /adm/daemons/virtuald.c:35
arguments were ("/d/city/npc/dabei")
locals were: ({ /* sizeof() == 4 */
  "d",
  "city",
  "npc",
  "dabei"
}),"/d/city/npc/dabei",3,0
' compile_object' in ' adm/single/master.c' ('   adm/single/master') /adm/single/master.c:41
arguments were ("/d/city/npc/dabei")
locals were: adm/daemons/virtuald
' compile_object' in 'adm/daemons/virtuald.c' ('adm/daemons/virtuald') /adm/daemons/virtuald.c:35
arguments were ("/d/city/npc/dabei")
locals were: ({ /* sizeof() == 4 */
  "d",
  "city",
  "npc",
  "dabei"
}),"/d/city/npc/dabei",3,0
' compile_object' in ' adm/single/master.c' ('   adm/single/master') /adm/single/master.c:41
arguments were ("/d/city/npc/dabei")
locals were: adm/daemons/virtuald
' compile_object' in 'adm/daemons/virtuald.c' ('adm/daemons/virtuald') /adm/daemons/virtuald.c:35
arguments were ("/d/city/npc/dabei")
locals were: ({ /* sizeof() == 4 */
  "d",
  "city",
  "npc",
  "dabei"
}),"/d/city/npc/dabei",3,0
' compile_object' in ' adm/single/master.c' ('   adm/single/master') /adm/single/master.c:41
arguments were ("/d/city/npc/dabei")
locals were: adm/daemons/virtuald
' compile_object' in 'adm/daemons/virtuald.c' ('adm/daemons/virtuald') /adm/daemons/virtuald.c:35
arguments were ("/d/city/npc/dabei")
locals were: ({ /* sizeof() == 4 */
  "d",
  "city",
  "npc",
  "dabei"
}),"/d/city/npc/dabei",3,0
' compile_object' in ' adm/single/master.c' ('   adm/single/master') /adm/single/master.c:41
arguments were ("/d/city/npc/dabei")
locals were: adm/daemons/virtuald
' compile_object' in 'adm/daemons/virtuald.c' ('adm/daemons/virtuald') /adm/daemons/virtuald.c:35
arguments were ("/d/city/npc/dabei")
locals were: ({ /* sizeof() == 4 */
  "d",
  "city",
  "npc",
  "dabei"
}),"/d/city/npc/dabei",3,0
' compile_object' in ' adm/single/master.c' ('   adm/single/master') /adm/single/master.c:41
arguments were ("/d/city/npc/dabei")
locals were: adm/daemons/virtuald
' compile_object' in 'adm/daemons/virtuald.c' ('adm/daemons/virtuald') /adm/daemons/virtuald.c:35
arguments were ("/d/city/npc/dabei")
locals were: ({ /* sizeof() == 4 */
  "d",
  "city",
  "npc",
  "dabei"
}),"/d/city/npc/dabei",3,0
' compile_object' in ' adm/single/master.c' ('   adm/single/master') /adm/single/master.c:41
arguments were ("/d/city/npc/dabei")
locals were: adm/daemons/virtuald
' compile_object' in 'adm/daemons/virtuald.c' ('adm/daemons/virtuald') /adm/daemons/virtuald.c:35
arguments were ("/d/city/npc/dabei")
locals were: ({ /* sizeof() == 4 */
  "d",
  "city",
  "npc",
  "dabei"
}),"/d/city/npc/dabei",3,0
' compile_object' in ' adm/single/master.c' ('   adm/single/master') /adm/single/master.c:41
arguments were ("/d/city/npc/dabei")
locals were: adm/daemons/virtuald
' compile_object' in 'adm/daemons/virtuald.c' ('adm/daemons/virtuald') /adm/daemons/virtuald.c:35
arguments were ("/d/city/npc/dabei")
locals were: ({ /* sizeof() == 4 */
  "d",
  "city",
  "npc",
  "dabei"
}),"/d/city/npc/dabei",3,0
' compile_object' in ' adm/single/master.c' ('   adm/single/master') /adm/single/master.c:41
arguments were ("/d/city/npc/dabei")
locals were: adm/daemons/virtuald
' compile_object' in 'adm/daemons/virtuald.c' ('adm/daemons/virtuald') /adm/daemons/virtuald.c:35
arguments were ("/d/city/npc/dabei")
locals were: ({ /* sizeof() == 4 */
  "d",
  "city",
  "npc",
  "dabei"
}),"/d/city/npc/dabei",3,0
' compile_object' in ' adm/single/master.c' ('   adm/single/master') /adm/single/master.c:41
arguments were ("/d/city/npc/dabei")
locals were: adm/daemons/virtuald
' compile_object' in 'adm/daemons/virtuald.c' ('adm/daemons/virtuald') /adm/daemons/virtuald.c:35
arguments were ("/d/city/npc/dabei")
locals were: ({ /* sizeof() == 4 */
  "d",
  "city",
  "npc",
  "dabei"
}),"/d/city/npc/dabei",3,0
' compile_object' in ' adm/single/master.c' ('   adm/single/master') /adm/single/master.c:41
arguments were ("/d/city/npc/dabei")
locals were: adm/daemons/virtuald
' compile_object' in 'adm/daemons/virtuald.c' ('adm/daemons/virtuald') /adm/daemons/virtuald.c:25
arguments were ("/d/city/npc/dabei")
locals were: ({ /* sizeof() == 4 */
  "d",
  "city",
  "npc",
  "dabei"
}),"/d",0,0

执行时段错误：*Can't catch too deep recursion error.

程式：adm/daemons/storyd.c 第 169 行
物件：/adm/daemons/storyd
呼叫来自：adm/daemons/storyd.c 的 process_story() 第 169 行，物件： adm/daemons/storyd
Error in error handler: *Too deep recursion.
program: /adm/single/master.c, object: /adm/single/master, file: /adm/single/master.c:424
'     heart_beat' in 'adm/daemons/quest/explore.c' ('adm/daemons/quest/explore') /adm/daemons/quest/explore.c:130
arguments were ()
'    start_quest' in 'adm/daemons/quest/explore.c' ('adm/daemons/quest/explore') /adm/daemons/quest/explore.c:83
arguments were ()
locals were: 0,0,"/d/lingzhou/neizai",0,0,0,({ /* sizeof() == 13 */
  "/d/city/duchang",
  "/d/city/houyuan",
  "/d/city3/jiudian",
  "/d/city3/tidufu",
  "/d/city/ymzhengting",
  "/d/fuzhou/yamen",
  "/d/dali/qiandian",
  "/d/beijing/kangfu_dating",
  "/d/lingzhou/neizai",
  "/d/dali/wangfugate",
  "/d/beijing/dangpu",
  "/d/suzhou/yamen",
  "/d/changan/yamen-datang"
}),({ /* sizeof() == 6 */
  clone/quest/explore#472,
  clone/quest/explore#427,
  clone/quest/explore#413,
  clone/quest/explore#409,
  clone/quest/explore#363,
  clone/quest/explore
}),0,0
'     get_object' in 'adm/single/simul_efun.c' ('adm/single/simul_efun') /adm/simul_efun/util.c:151
arguments were ("/d/lingzhou/neizai")
locals were: 0
' compile_object' in ' adm/single/master.c' ('   adm/single/master') /adm/single/master.c:41
arguments were ("/d/lingzhou/neizai")
locals were: adm/daemons/virtuald
' compile_object' in 'adm/daemons/virtuald.c' ('adm/daemons/virtuald') /adm/daemons/virtuald.c:35
arguments were ("/d/lingzhou/neizai")
locals were: ({ /* sizeof() == 3 */
  "d",
  "lingzhou",
  "neizai"
}),"/d/lingzhou/neizai",2,0
' compile_object' in ' adm/single/master.c' ('   adm/single/master') /adm/single/master.c:41
arguments were ("/d/lingzhou/neizai")
locals were: adm/daemons/virtuald
' compile_object' in 'adm/daemons/virtuald.c' ('adm/daemons/virtuald') /adm/daemons/virtuald.c:35
arguments were ("/d/lingzhou/neizai")
locals were: ({ /* sizeof() == 3 */
  "d",
  "lingzhou",
  "neizai"
}),"/d/lingzhou/neizai",2,0
' compile_object' in ' adm/single/master.c' ('   adm/single/master') /adm/single/master.c:41
arguments were ("/d/lingzhou/neizai")
locals were: adm/daemons/virtuald
' compile_object' in 'adm/daemons/virtuald.c' ('adm/daemons/virtuald') /adm/daemons/virtuald.c:35
arguments were ("/d/lingzhou/neizai")
locals were: ({ /* sizeof() == 3 */
  "d",
  "lingzhou",
  "neizai"
}),"/d/lingzhou/neizai",2,0
' compile_object' in ' adm/single/master.c' ('   adm/single/master') /adm/single/master.c:41
arguments were ("/d/lingzhou/neizai")
locals were: adm/daemons/virtuald
' compile_object' in 'adm/daemons/virtuald.c' ('adm/daemons/virtuald') /adm/daemons/virtuald.c:35
arguments were ("/d/lingzhou/neizai")
locals were: ({ /* sizeof() == 3 */
  "d",
  "lingzhou",
  "neizai"
}),"/d/lingzhou/neizai",2,0
' compile_object' in ' adm/single/master.c' ('   adm/single/master') /adm/single/master.c:41
arguments were ("/d/lingzhou/neizai")
locals were: adm/daemons/virtuald
' compile_object' in 'adm/daemons/virtuald.c' ('adm/daemons/virtuald') /adm/daemons/virtuald.c:35
arguments were ("/d/lingzhou/neizai")
locals were: ({ /* sizeof() == 3 */
  "d",
  "lingzhou",
  "neizai"
}),"/d/lingzhou/neizai",2,0
' compile_object' in ' adm/single/master.c' ('   adm/single/master') /adm/single/master.c:41
arguments were ("/d/lingzhou/neizai")
locals were: adm/daemons/virtuald
' compile_object' in 'adm/daemons/virtuald.c' ('adm/daemons/virtuald') /adm/daemons/virtuald.c:35
arguments were ("/d/lingzhou/neizai")
locals were: ({ /* sizeof() == 3 */
  "d",
  "lingzhou",
  "neizai"
}),"/d/lingzhou/neizai",2,0
' compile_object' in ' adm/single/master.c' ('   adm/single/master') /adm/single/master.c:41
arguments were ("/d/lingzhou/neizai")
locals were: adm/daemons/virtuald
' compile_object' in 'adm/daemons/virtuald.c' ('adm/daemons/virtuald') /adm/daemons/virtuald.c:35
arguments were ("/d/lingzhou/neizai")
locals were: ({ /* sizeof() == 3 */
  "d",
  "lingzhou",
  "neizai"
}),"/d/lingzhou/neizai",2,0
' compile_object' in ' adm/single/master.c' ('   adm/single/master') /adm/single/master.c:41
arguments were ("/d/lingzhou/neizai")
locals were: adm/daemons/virtuald
' compile_object' in 'adm/daemons/virtuald.c' ('adm/daemons/virtuald') /adm/daemons/virtuald.c:35
arguments were ("/d/lingzhou/neizai")
locals were: ({ /* sizeof() == 3 */
  "d",
  "lingzhou",
  "neizai"
}),"/d/lingzhou/neizai",2,0
' compile_object' in ' adm/single/master.c' ('   adm/single/master') /adm/single/master.c:41
arguments were ("/d/lingzhou/neizai")
locals were: adm/daemons/virtuald
' compile_object' in 'adm/daemons/virtuald.c' ('adm/daemons/virtuald') /adm/daemons/virtuald.c:35
arguments were ("/d/lingzhou/neizai")
locals were: ({ /* sizeof() == 3 */
  "d",
  "lingzhou",
  "neizai"
}),"/d/lingzhou/neizai",2,0
' compile_object' in ' adm/single/master.c' ('   adm/single/master') /adm/single/master.c:41
arguments were ("/d/lingzhou/neizai")
locals were: adm/daemons/virtuald
' compile_object' in 'adm/daemons/virtuald.c' ('adm/daemons/virtuald') /adm/daemons/virtuald.c:35
arguments were ("/d/lingzhou/neizai")
locals were: ({ /* sizeof() == 3 */
  "d",
  "lingzhou",
  "neizai"
}),"/d/lingzhou/neizai",2,0
' compile_object' in ' adm/single/master.c' ('   adm/single/master') /adm/single/master.c:41
arguments were ("/d/lingzhou/neizai")
locals were: adm/daemons/virtuald
' compile_object' in 'adm/daemons/virtuald.c' ('adm/daemons/virtuald') /adm/daemons/virtuald.c:35
arguments were ("/d/lingzhou/neizai")
locals were: ({ /* sizeof() == 3 */
  "d",
  "lingzhou",
  "neizai"
}),"/d/lingzhou/neizai",2,0
' compile_object' in ' adm/single/master.c' ('   adm/single/master') /adm/single/master.c:41
arguments were ("/d/lingzhou/neizai")
locals were: adm/daemons/virtuald
' compile_object' in 'adm/daemons/virtuald.c' ('adm/daemons/virtuald') /adm/daemons/virtuald.c:35
arguments were ("/d/lingzhou/neizai")
locals were: ({ /* sizeof() == 3 */
  "d",
  "lingzhou",
  "neizai"
}),"/d/lingzhou/neizai",2,0
' compile_object' in ' adm/single/master.c' ('   adm/single/master') /adm/single/master.c:41
arguments were ("/d/lingzhou/neizai")
locals were: adm/daemons/virtuald
' compile_object' in 'adm/daemons/virtuald.c' ('adm/daemons/virtuald') /adm/daemons/virtuald.c:35
arguments were ("/d/lingzhou/neizai")
locals were: ({ /* sizeof() == 3 */
  "d",
  "lingzhou",
  "neizai"
}),"/d/lingzhou/neizai",2,0
' compile_object' in ' adm/single/master.c' ('   adm/single/master') /adm/single/master.c:41
arguments were ("/d/lingzhou/neizai")
locals were: adm/daemons/virtuald
' compile_object' in 'adm/daemons/virtuald.c' ('adm/daemons/virtuald') /adm/daemons/virtuald.c:35
arguments were ("/d/lingzhou/neizai")
locals were: ({ /* sizeof() == 3 */
  "d",
  "lingzhou",
  "neizai"
}),"/d/lingzhou/neizai",2,0
' compile_object' in ' adm/single/master.c' ('   adm/single/master') /adm/single/master.c:41
arguments were ("/d/lingzhou/neizai")
locals were: adm/daemons/virtuald
' compile_object' in 'adm/daemons/virtuald.c' ('adm/daemons/virtuald') /adm/daemons/virtuald.c:35
arguments were ("/d/lingzhou/neizai")
locals were: ({ /* sizeof() == 3 */
  "d",
  "lingzhou",
  "neizai"
}),"/d/lingzhou/neizai",2,0
' compile_object' in ' adm/single/master.c' ('   adm/single/master') /adm/single/master.c:41
arguments were ("/d/lingzhou/neizai")
locals were: adm/daemons/virtuald
' compile_object' in 'adm/daemons/virtuald.c' ('adm/daemons/virtuald') /adm/daemons/virtuald.c:35
arguments were ("/d/lingzhou/neizai")
locals were: ({ /* sizeof() == 3 */
  "d",
  "lingzhou",
  "neizai"
}),"/d/lingzhou/neizai",2,0
' compile_object' in ' adm/single/master.c' ('   adm/single/master') /adm/single/master.c:41
arguments were ("/d/lingzhou/neizai")
locals were: adm/daemons/virtuald
' compile_object' in 'adm/daemons/virtuald.c' ('adm/daemons/virtuald') /adm/daemons/virtuald.c:35
arguments were ("/d/lingzhou/neizai")
locals were: ({ /* sizeof() == 3 */
  "d",
  "lingzhou",
  "neizai"
}),"/d/lingzhou/neizai",2,0
' compile_object' in ' adm/single/master.c' ('   adm/single/master') /adm/single/master.c:41
arguments were ("/d/lingzhou/neizai")
locals were: adm/daemons/virtuald
' compile_object' in 'adm/daemons/virtuald.c' ('adm/daemons/virtuald') /adm/daemons/virtuald.c:35
arguments were ("/d/lingzhou/neizai")
locals were: ({ /* sizeof() == 3 */
  "d",
  "lingzhou",
  "neizai"
}),"/d/lingzhou/neizai",2,0
' compile_object' in ' adm/single/master.c' ('   adm/single/master') /adm/single/master.c:41
arguments were ("/d/lingzhou/neizai")
locals were: adm/daemons/virtuald
' compile_object' in 'adm/daemons/virtuald.c' ('adm/daemons/virtuald') /adm/daemons/virtuald.c:35
arguments were ("/d/lingzhou/neizai")
locals were: ({ /* sizeof() == 3 */
  "d",
  "lingzhou",
  "neizai"
}),"/d/lingzhou/neizai",2,0
' compile_object' in ' adm/single/master.c' ('   adm/single/master') /adm/single/master.c:41
arguments were ("/d/lingzhou/neizai")
locals were: adm/daemons/virtuald
' compile_object' in 'adm/daemons/virtuald.c' ('adm/daemons/virtuald') /adm/daemons/virtuald.c:35
arguments were ("/d/lingzhou/neizai")
locals were: ({ /* sizeof() == 3 */
  "d",
  "lingzhou",
  "neizai"
}),"/d/lingzhou/neizai",2,0
' compile_object' in ' adm/single/master.c' ('   adm/single/master') /adm/single/master.c:41
arguments were ("/d/lingzhou/neizai")
locals were: adm/daemons/virtuald
' compile_object' in 'adm/daemons/virtuald.c' ('adm/daemons/virtuald') /adm/daemons/virtuald.c:35
arguments were ("/d/lingzhou/neizai")
locals were: ({ /* sizeof() == 3 */
  "d",
  "lingzhou",
  "neizai"
}),"/d/lingzhou/neizai",2,0
' compile_object' in ' adm/single/master.c' ('   adm/single/master') /adm/single/master.c:41
arguments were ("/d/lingzhou/neizai")
locals were: adm/daemons/virtuald
' compile_object' in 'adm/daemons/virtuald.c' ('adm/daemons/virtuald') /adm/daemons/virtuald.c:35
arguments were ("/d/lingzhou/neizai")
locals were: ({ /* sizeof() == 3 */
  "d",
  "lingzhou",
  "neizai"
}),"/d/lingzhou/neizai",2,0
' compile_object' in ' adm/single/master.c' ('   adm/single/master') /adm/single/master.c:41
arguments were ("/d/lingzhou/neizai")
locals were: adm/daemons/virtuald
' compile_object' in 'adm/daemons/virtuald.c' ('adm/daemons/virtuald') /adm/daemons/virtuald.c:25
arguments were ("/d/lingzhou/neizai")
locals were: ({ /* sizeof() == 3 */
  "d",
  "lingzhou",
  "neizai"
}),"/d",0,0
'     valid_read' in ' adm/single/master.c' ('   adm/single/master') /adm/single/master.c:424
arguments were ("/d",adm/daemons/virtuald,"file_size")
locals were: adm/daemons/securityd
Heart beat in adm/daemons/quest/explore turned off.
Error in error handler: *Too deep recursion.
program: /adm/single/master.c, object: /adm/single/master, file: /adm/single/master.c:424
'     heart_beat' in 'adm/daemons/quest/judge.c' ('adm/daemons/quest/judge') /adm/daemons/quest/judge.c:35
arguments were ()
'    start_quest' in 'adm/daemons/quest/judge.c' ('adm/daemons/quest/judge') /adm/daemons/quest/judge.c:23
arguments were ()
locals were: clone/quest/judge#509
'     init_quest' in ' clone/quest/judge.c' ('clone/quest/judge#509') /clone/quest/judge.c:40
arguments were ()
locals were: 0,"襄阳城",0,0,0
' compile_object' in ' adm/single/master.c' ('   adm/single/master') /adm/single/master.c:41
arguments were ("/kungfu/class/generate/questnpc")
locals were: adm/daemons/virtuald
' compile_object' in 'adm/daemons/virtuald.c' ('adm/daemons/virtuald') /adm/daemons/virtuald.c:35
arguments were ("/kungfu/class/generate/questnpc")
locals were: ({ /* sizeof() == 4 */
  "kungfu",
  "class",
  "generate",
  "questnpc"
}),"/kungfu/class/generate/questnpc",3,0
' compile_object' in ' adm/single/master.c' ('   adm/single/master') /adm/single/master.c:41
arguments were ("/kungfu/class/generate/questnpc")
locals were: adm/daemons/virtuald
' compile_object' in 'adm/daemons/virtuald.c' ('adm/daemons/virtuald') /adm/daemons/virtuald.c:35
arguments were ("/kungfu/class/generate/questnpc")
locals were: ({ /* sizeof() == 4 */
  "kungfu",
  "class",
  "generate",
  "questnpc"
}),"/kungfu/class/generate/questnpc",3,0
' compile_object' in ' adm/single/master.c' ('   adm/single/master') /adm/single/master.c:41
arguments were ("/kungfu/class/generate/questnpc")
locals were: adm/daemons/virtuald
' compile_object' in 'adm/daemons/virtuald.c' ('adm/daemons/virtuald') /adm/daemons/virtuald.c:35
arguments were ("/kungfu/class/generate/questnpc")
locals were: ({ /* sizeof() == 4 */
  "kungfu",
  "class",
  "generate",
  "questnpc"
}),"/kungfu/class/generate/questnpc",3,0
' compile_object' in ' adm/single/master.c' ('   adm/single/master') /adm/single/master.c:41
arguments were ("/kungfu/class/generate/questnpc")
locals were: adm/daemons/virtuald
' compile_object' in 'adm/daemons/virtuald.c' ('adm/daemons/virtuald') /adm/daemons/virtuald.c:35
arguments were ("/kungfu/class/generate/questnpc")
locals were: ({ /* sizeof() == 4 */
  "kungfu",
  "class",
  "generate",
  "questnpc"
}),"/kungfu/class/generate/questnpc",3,0
' compile_object' in ' adm/single/master.c' ('   adm/single/master') /adm/single/master.c:41
arguments were ("/kungfu/class/generate/questnpc")
locals were: adm/daemons/virtuald
' compile_object' in 'adm/daemons/virtuald.c' ('adm/daemons/virtuald') /adm/daemons/virtuald.c:35
arguments were ("/kungfu/class/generate/questnpc")
locals were: ({ /* sizeof() == 4 */
  "kungfu",
  "class",
  "generate",
  "questnpc"
}),"/kungfu/class/generate/questnpc",3,0
' compile_object' in ' adm/single/master.c' ('   adm/single/master') /adm/single/master.c:41
arguments were ("/kungfu/class/generate/questnpc")
locals were: adm/daemons/virtuald
' compile_object' in 'adm/daemons/virtuald.c' ('adm/daemons/virtuald') /adm/daemons/virtuald.c:35
arguments were ("/kungfu/class/generate/questnpc")
locals were: ({ /* sizeof() == 4 */
  "kungfu",
  "class",
  "generate",
  "questnpc"
}),"/kungfu/class/generate/questnpc",3,0
' compile_object' in ' adm/single/master.c' ('   adm/single/master') /adm/single/master.c:41
arguments were ("/kungfu/class/generate/questnpc")
locals were: adm/daemons/virtuald
' compile_object' in 'adm/daemons/virtuald.c' ('adm/daemons/virtuald') /adm/daemons/virtuald.c:35
arguments were ("/kungfu/class/generate/questnpc")
locals were: ({ /* sizeof() == 4 */
  "kungfu",
  "class",
  "generate",
  "questnpc"
}),"/kungfu/class/generate/questnpc",3,0
' compile_object' in ' adm/single/master.c' ('   adm/single/master') /adm/single/master.c:41
arguments were ("/kungfu/class/generate/questnpc")
locals were: adm/daemons/virtuald
' compile_object' in 'adm/daemons/virtuald.c' ('adm/daemons/virtuald') /adm/daemons/virtuald.c:35
arguments were ("/kungfu/class/generate/questnpc")
locals were: ({ /* sizeof() == 4 */
  "kungfu",
  "class",
  "generate",
  "questnpc"
}),"/kungfu/class/generate/questnpc",3,0
' compile_object' in ' adm/single/master.c' ('   adm/single/master') /adm/single/master.c:41
arguments were ("/kungfu/class/generate/questnpc")
locals were: adm/daemons/virtuald
' compile_object' in 'adm/daemons/virtuald.c' ('adm/daemons/virtuald') /adm/daemons/virtuald.c:35
arguments were ("/kungfu/class/generate/questnpc")
locals were: ({ /* sizeof() == 4 */
  "kungfu",
  "class",
  "generate",
  "questnpc"
}),"/kungfu/class/generate/questnpc",3,0
' compile_object' in ' adm/single/master.c' ('   adm/single/master') /adm/single/master.c:41
arguments were ("/kungfu/class/generate/questnpc")
locals were: adm/daemons/virtuald
' compile_object' in 'adm/daemons/virtuald.c' ('adm/daemons/virtuald') /adm/daemons/virtuald.c:35
arguments were ("/kungfu/class/generate/questnpc")
locals were: ({ /* sizeof() == 4 */
  "kungfu",
  "class",
  "generate",
  "questnpc"
}),"/kungfu/class/generate/questnpc",3,0
' compile_object' in ' adm/single/master.c' ('   adm/single/master') /adm/single/master.c:41
arguments were ("/kungfu/class/generate/questnpc")
locals were: adm/daemons/virtuald
' compile_object' in 'adm/daemons/virtuald.c' ('adm/daemons/virtuald') /adm/daemons/virtuald.c:35
arguments were ("/kungfu/class/generate/questnpc")
locals were: ({ /* sizeof() == 4 */
  "kungfu",
  "class",
  "generate",
  "questnpc"
}),"/kungfu/class/generate/questnpc",3,0
' compile_object' in ' adm/single/master.c' ('   adm/single/master') /adm/single/master.c:41
arguments were ("/kungfu/class/generate/questnpc")
locals were: adm/daemons/virtuald
' compile_object' in 'adm/daemons/virtuald.c' ('adm/daemons/virtuald') /adm/daemons/virtuald.c:35
arguments were ("/kungfu/class/generate/questnpc")
locals were: ({ /* sizeof() == 4 */
  "kungfu",
  "class",
  "generate",
  "questnpc"
}),"/kungfu/class/generate/questnpc",3,0
' compile_object' in ' adm/single/master.c' ('   adm/single/master') /adm/single/master.c:41
arguments were ("/kungfu/class/generate/questnpc")
locals were: adm/daemons/virtuald
' compile_object' in 'adm/daemons/virtuald.c' ('adm/daemons/virtuald') /adm/daemons/virtuald.c:35
arguments were ("/kungfu/class/generate/questnpc")
locals were: ({ /* sizeof() == 4 */
  "kungfu",
  "class",
  "generate",
  "questnpc"
}),"/kungfu/class/generate/questnpc",3,0
' compile_object' in ' adm/single/master.c' ('   adm/single/master') /adm/single/master.c:41
arguments were ("/kungfu/class/generate/questnpc")
locals were: adm/daemons/virtuald
' compile_object' in 'adm/daemons/virtuald.c' ('adm/daemons/virtuald') /adm/daemons/virtuald.c:35
arguments were ("/kungfu/class/generate/questnpc")
locals were: ({ /* sizeof() == 4 */
  "kungfu",
  "class",
  "generate",
  "questnpc"
}),"/kungfu/class/generate/questnpc",3,0
' compile_object' in ' adm/single/master.c' ('   adm/single/master') /adm/single/master.c:41
arguments were ("/kungfu/class/generate/questnpc")
locals were: adm/daemons/virtuald
' compile_object' in 'adm/daemons/virtuald.c' ('adm/daemons/virtuald') /adm/daemons/virtuald.c:35
arguments were ("/kungfu/class/generate/questnpc")
locals were: ({ /* sizeof() == 4 */
  "kungfu",
  "class",
  "generate",
  "questnpc"
}),"/kungfu/class/generate/questnpc",3,0
' compile_object' in ' adm/single/master.c' ('   adm/single/master') /adm/single/master.c:41
arguments were ("/kungfu/class/generate/questnpc")
locals were: adm/daemons/virtuald
' compile_object' in 'adm/daemons/virtuald.c' ('adm/daemons/virtuald') /adm/daemons/virtuald.c:35
arguments were ("/kungfu/class/generate/questnpc")
locals were: ({ /* sizeof() == 4 */
  "kungfu",
  "class",
  "generate",
  "questnpc"
}),"/kungfu/class/generate/questnpc",3,0
' compile_object' in ' adm/single/master.c' ('   adm/single/master') /adm/single/master.c:41
arguments were ("/kungfu/class/generate/questnpc")
locals were: adm/daemons/virtuald
' compile_object' in 'adm/daemons/virtuald.c' ('adm/daemons/virtuald') /adm/daemons/virtuald.c:35
arguments were ("/kungfu/class/generate/questnpc")
locals were: ({ /* sizeof() == 4 */
  "kungfu",
  "class",
  "generate",
  "questnpc"
}),"/kungfu/class/generate/questnpc",3,0
' compile_object' in ' adm/single/master.c' ('   adm/single/master') /adm/single/master.c:41
arguments were ("/kungfu/class/generate/questnpc")
locals were: adm/daemons/virtuald
' compile_object' in 'adm/daemons/virtuald.c' ('adm/daemons/virtuald') /adm/daemons/virtuald.c:35
arguments were ("/kungfu/class/generate/questnpc")
locals were: ({ /* sizeof() == 4 */
  "kungfu",
  "class",
  "generate",
  "questnpc"
}),"/kungfu/class/generate/questnpc",3,0
' compile_object' in ' adm/single/master.c' ('   adm/single/master') /adm/single/master.c:41
arguments were ("/kungfu/class/generate/questnpc")
locals were: adm/daemons/virtuald
' compile_object' in 'adm/daemons/virtuald.c' ('adm/daemons/virtuald') /adm/daemons/virtuald.c:35
arguments were ("/kungfu/class/generate/questnpc")
locals were: ({ /* sizeof() == 4 */
  "kungfu",
  "class",
  "generate",
  "questnpc"
}),"/kungfu/class/generate/questnpc",3,0
' compile_object' in ' adm/single/master.c' ('   adm/single/master') /adm/single/master.c:41
arguments were ("/kungfu/class/generate/questnpc")
locals were: adm/daemons/virtuald
' compile_object' in 'adm/daemons/virtuald.c' ('adm/daemons/virtuald') /adm/daemons/virtuald.c:35
arguments were ("/kungfu/class/generate/questnpc")
locals were: ({ /* sizeof() == 4 */
  "kungfu",
  "class",
  "generate",
  "questnpc"
}),"/kungfu/class/generate/questnpc",3,0
' compile_object' in ' adm/single/master.c' ('   adm/single/master') /adm/single/master.c:41
arguments were ("/kungfu/class/generate/questnpc")
locals were: adm/daemons/virtuald
' compile_object' in 'adm/daemons/virtuald.c' ('adm/daemons/virtuald') /adm/daemons/virtuald.c:35
arguments were ("/kungfu/class/generate/questnpc")
locals were: ({ /* sizeof() == 4 */
  "kungfu",
  "class",
  "generate",
  "questnpc"
}),"/kungfu/class/generate/questnpc",3,0
' compile_object' in ' adm/single/master.c' ('   adm/single/master') /adm/single/master.c:41
arguments were ("/kungfu/class/generate/questnpc")
locals were: adm/daemons/virtuald
' compile_object' in 'adm/daemons/virtuald.c' ('adm/daemons/virtuald') /adm/daemons/virtuald.c:35
arguments were ("/kungfu/class/generate/questnpc")
locals were: ({ /* sizeof() == 4 */
  "kungfu",
  "class",
  "generate",
  "questnpc"
}),"/kungfu/class/generate/questnpc",3,0
' compile_object' in ' adm/single/master.c' ('   adm/single/master') /adm/single/master.c:41
arguments were ("/kungfu/class/generate/questnpc")
locals were: adm/daemons/virtuald
' compile_object' in 'adm/daemons/virtuald.c' ('adm/daemons/virtuald') /adm/daemons/virtuald.c:25
arguments were ("/kungfu/class/generate/questnpc")
locals were: ({ /* sizeof() == 4 */
  "kungfu",
  "class",
  "generate",
  "questnpc"
}),"/kungfu",0,0
'     valid_read' in ' adm/single/master.c' ('   adm/single/master') /adm/single/master.c:424
arguments were ("/kungfu",adm/daemons/virtuald,"file_size")
locals were: adm/daemons/securityd
Heart beat in adm/daemons/quest/judge turned off.
Error in error handler: *Too deep recursion.
program: /adm/single/master.c, object: /adm/single/master, file: /adm/single/master.c:424
'     heart_beat' in 'adm/daemons/quest/search.c' ('adm/daemons/quest/search') /adm/daemons/quest/search.c:66
arguments were ()
'    start_quest' in 'adm/daemons/quest/search.c' ('adm/daemons/quest/search') /adm/daemons/quest/search.c:53
arguments were ()
locals were: clone/quest/search#528,"/clone/questob/yuping",({ /* sizeof() == 19 */
  "/clone/questob/baijinhe",
  "/clone/questob/baiyubi",
  "/clone/questob/jingua",
  "/clone/questob/jinhulu",
  "/clone/questob/jlhua",
  "/clone/questob/jxshi",
  "/clone/questob/qkmao",
  "/clone/questob/qtding",
  "/clone/questob/sjping",
  "/clone/questob/tiegy",
  "/clone/questob/tieruyi",
  "/clone/questob/tongxq",
  "/clone/questob/ygbei",
  "/clone/questob/ylhua",
  "/clone/questob/yudai",
  "/clone/questob/yuhulu",
  "/clone/questob/yuping",
  "/clone/questob/zijinchui",
  "/clone/questob/zysha"
})
'     init_quest' in 'clone/quest/search.c' ('clone/quest/search#528') /clone/quest/search.c:64
arguments were ("/clone/questob/yuping")
locals were: "寻找玉瓶",clone/questob/yuping,"福州城","成都城",0,0,0
' compile_object' in ' adm/single/master.c' ('   adm/single/master') /adm/single/master.c:41
arguments were ("/kungfu/class/generate/questnpc")
locals were: adm/daemons/virtuald
' compile_object' in 'adm/daemons/virtuald.c' ('adm/daemons/virtuald') /adm/daemons/virtuald.c:35
arguments were ("/kungfu/class/generate/questnpc")
locals were: ({ /* sizeof() == 4 */
  "kungfu",
  "class",
  "generate",
  "questnpc"
}),"/kungfu/class/generate/questnpc",3,0
' compile_object' in ' adm/single/master.c' ('   adm/single/master') /adm/single/master.c:41
arguments were ("/kungfu/class/generate/questnpc")
locals were: adm/daemons/virtuald
' compile_object' in 'adm/daemons/virtuald.c' ('adm/daemons/virtuald') /adm/daemons/virtuald.c:35
arguments were ("/kungfu/class/generate/questnpc")
locals were: ({ /* sizeof() == 4 */
  "kungfu",
  "class",
  "generate",
  "questnpc"
}),"/kungfu/class/generate/questnpc",3,0
' compile_object' in ' adm/single/master.c' ('   adm/single/master') /adm/single/master.c:41
arguments were ("/kungfu/class/generate/questnpc")
locals were: adm/daemons/virtuald
' compile_object' in 'adm/daemons/virtuald.c' ('adm/daemons/virtuald') /adm/daemons/virtuald.c:35
arguments were ("/kungfu/class/generate/questnpc")
locals were: ({ /* sizeof() == 4 */
  "kungfu",
  "class",
  "generate",
  "questnpc"
}),"/kungfu/class/generate/questnpc",3,0
' compile_object' in ' adm/single/master.c' ('   adm/single/master') /adm/single/master.c:41
arguments were ("/kungfu/class/generate/questnpc")
locals were: adm/daemons/virtuald
' compile_object' in 'adm/daemons/virtuald.c' ('adm/daemons/virtuald') /adm/daemons/virtuald.c:35
arguments were ("/kungfu/class/generate/questnpc")
locals were: ({ /* sizeof() == 4 */
  "kungfu",
  "class",
  "generate",
  "questnpc"
}),"/kungfu/class/generate/questnpc",3,0
' compile_object' in ' adm/single/master.c' ('   adm/single/master') /adm/single/master.c:41
arguments were ("/kungfu/class/generate/questnpc")
locals were: adm/daemons/virtuald
' compile_object' in 'adm/daemons/virtuald.c' ('adm/daemons/virtuald') /adm/daemons/virtuald.c:35
arguments were ("/kungfu/class/generate/questnpc")
locals were: ({ /* sizeof() == 4 */
  "kungfu",
  "class",
  "generate",
  "questnpc"
}),"/kungfu/class/generate/questnpc",3,0
' compile_object' in ' adm/single/master.c' ('   adm/single/master') /adm/single/master.c:41
arguments were ("/kungfu/class/generate/questnpc")
locals were: adm/daemons/virtuald
' compile_object' in 'adm/daemons/virtuald.c' ('adm/daemons/virtuald') /adm/daemons/virtuald.c:35
arguments were ("/kungfu/class/generate/questnpc")
locals were: ({ /* sizeof() == 4 */
  "kungfu",
  "class",
  "generate",
  "questnpc"
}),"/kungfu/class/generate/questnpc",3,0
' compile_object' in ' adm/single/master.c' ('   adm/single/master') /adm/single/master.c:41
arguments were ("/kungfu/class/generate/questnpc")
locals were: adm/daemons/virtuald
' compile_object' in 'adm/daemons/virtuald.c' ('adm/daemons/virtuald') /adm/daemons/virtuald.c:35
arguments were ("/kungfu/class/generate/questnpc")
locals were: ({ /* sizeof() == 4 */
  "kungfu",
  "class",
  "generate",
  "questnpc"
}),"/kungfu/class/generate/questnpc",3,0
' compile_object' in ' adm/single/master.c' ('   adm/single/master') /adm/single/master.c:41
arguments were ("/kungfu/class/generate/questnpc")
locals were: adm/daemons/virtuald
' compile_object' in 'adm/daemons/virtuald.c' ('adm/daemons/virtuald') /adm/daemons/virtuald.c:35
arguments were ("/kungfu/class/generate/questnpc")
locals were: ({ /* sizeof() == 4 */
  "kungfu",
  "class",
  "generate",
  "questnpc"
}),"/kungfu/class/generate/questnpc",3,0
' compile_object' in ' adm/single/master.c' ('   adm/single/master') /adm/single/master.c:41
arguments were ("/kungfu/class/generate/questnpc")
locals were: adm/daemons/virtuald
' compile_object' in 'adm/daemons/virtuald.c' ('adm/daemons/virtuald') /adm/daemons/virtuald.c:35
arguments were ("/kungfu/class/generate/questnpc")
locals were: ({ /* sizeof() == 4 */
  "kungfu",
  "class",
  "generate",
  "questnpc"
}),"/kungfu/class/generate/questnpc",3,0
' compile_object' in ' adm/single/master.c' ('   adm/single/master') /adm/single/master.c:41
arguments were ("/kungfu/class/generate/questnpc")
locals were: adm/daemons/virtuald
' compile_object' in 'adm/daemons/virtuald.c' ('adm/daemons/virtuald') /adm/daemons/virtuald.c:35
arguments were ("/kungfu/class/generate/questnpc")
locals were: ({ /* sizeof() == 4 */
  "kungfu",
  "class",
  "generate",
  "questnpc"
}),"/kungfu/class/generate/questnpc",3,0
' compile_object' in ' adm/single/master.c' ('   adm/single/master') /adm/single/master.c:41
arguments were ("/kungfu/class/generate/questnpc")
locals were: adm/daemons/virtuald
' compile_object' in 'adm/daemons/virtuald.c' ('adm/daemons/virtuald') /adm/daemons/virtuald.c:35
arguments were ("/kungfu/class/generate/questnpc")
locals were: ({ /* sizeof() == 4 */
  "kungfu",
  "class",
  "generate",
  "questnpc"
}),"/kungfu/class/generate/questnpc",3,0
' compile_object' in ' adm/single/master.c' ('   adm/single/master') /adm/single/master.c:41
arguments were ("/kungfu/class/generate/questnpc")
locals were: adm/daemons/virtuald
' compile_object' in 'adm/daemons/virtuald.c' ('adm/daemons/virtuald') /adm/daemons/virtuald.c:35
arguments were ("/kungfu/class/generate/questnpc")
locals were: ({ /* sizeof() == 4 */
  "kungfu",
  "class",
  "generate",
  "questnpc"
}),"/kungfu/class/generate/questnpc",3,0
' compile_object' in ' adm/single/master.c' ('   adm/single/master') /adm/single/master.c:41
arguments were ("/kungfu/class/generate/questnpc")
locals were: adm/daemons/virtuald
' compile_object' in 'adm/daemons/virtuald.c' ('adm/daemons/virtuald') /adm/daemons/virtuald.c:35
arguments were ("/kungfu/class/generate/questnpc")
locals were: ({ /* sizeof() == 4 */
  "kungfu",
  "class",
  "generate",
  "questnpc"
}),"/kungfu/class/generate/questnpc",3,0
' compile_object' in ' adm/single/master.c' ('   adm/single/master') /adm/single/master.c:41
arguments were ("/kungfu/class/generate/questnpc")
locals were: adm/daemons/virtuald
' compile_object' in 'adm/daemons/virtuald.c' ('adm/daemons/virtuald') /adm/daemons/virtuald.c:35
arguments were ("/kungfu/class/generate/questnpc")
locals were: ({ /* sizeof() == 4 */
  "kungfu",
  "class",
  "generate",
  "questnpc"
}),"/kungfu/class/generate/questnpc",3,0
' compile_object' in ' adm/single/master.c' ('   adm/single/master') /adm/single/master.c:41
arguments were ("/kungfu/class/generate/questnpc")
locals were: adm/daemons/virtuald
' compile_object' in 'adm/daemons/virtuald.c' ('adm/daemons/virtuald') /adm/daemons/virtuald.c:35
arguments were ("/kungfu/class/generate/questnpc")
locals were: ({ /* sizeof() == 4 */
  "kungfu",
  "class",
  "generate",
  "questnpc"
}),"/kungfu/class/generate/questnpc",3,0
' compile_object' in ' adm/single/master.c' ('   adm/single/master') /adm/single/master.c:41
arguments were ("/kungfu/class/generate/questnpc")
locals were: adm/daemons/virtuald
' compile_object' in 'adm/daemons/virtuald.c' ('adm/daemons/virtuald') /adm/daemons/virtuald.c:35
arguments were ("/kungfu/class/generate/questnpc")
locals were: ({ /* sizeof() == 4 */
  "kungfu",
  "class",
  "generate",
  "questnpc"
}),"/kungfu/class/generate/questnpc",3,0
' compile_object' in ' adm/single/master.c' ('   adm/single/master') /adm/single/master.c:41
arguments were ("/kungfu/class/generate/questnpc")
locals were: adm/daemons/virtuald
' compile_object' in 'adm/daemons/virtuald.c' ('adm/daemons/virtuald') /adm/daemons/virtuald.c:35
arguments were ("/kungfu/class/generate/questnpc")
locals were: ({ /* sizeof() == 4 */
  "kungfu",
  "class",
  "generate",
  "questnpc"
}),"/kungfu/class/generate/questnpc",3,0
' compile_object' in ' adm/single/master.c' ('   adm/single/master') /adm/single/master.c:41
arguments were ("/kungfu/class/generate/questnpc")
locals were: adm/daemons/virtuald
' compile_object' in 'adm/daemons/virtuald.c' ('adm/daemons/virtuald') /adm/daemons/virtuald.c:35
arguments were ("/kungfu/class/generate/questnpc")
locals were: ({ /* sizeof() == 4 */
  "kungfu",
  "class",
  "generate",
  "questnpc"
}),"/kungfu/class/generate/questnpc",3,0
' compile_object' in ' adm/single/master.c' ('   adm/single/master') /adm/single/master.c:41
arguments were ("/kungfu/class/generate/questnpc")
locals were: adm/daemons/virtuald
' compile_object' in 'adm/daemons/virtuald.c' ('adm/daemons/virtuald') /adm/daemons/virtuald.c:35
arguments were ("/kungfu/class/generate/questnpc")
locals were: ({ /* sizeof() == 4 */
  "kungfu",
  "class",
  "generate",
  "questnpc"
}),"/kungfu/class/generate/questnpc",3,0
' compile_object' in ' adm/single/master.c' ('   adm/single/master') /adm/single/master.c:41
arguments were ("/kungfu/class/generate/questnpc")
locals were: adm/daemons/virtuald
' compile_object' in 'adm/daemons/virtuald.c' ('adm/daemons/virtuald') /adm/daemons/virtuald.c:35
arguments were ("/kungfu/class/generate/questnpc")
locals were: ({ /* sizeof() == 4 */
  "kungfu",
  "class",
  "generate",
  "questnpc"
}),"/kungfu/class/generate/questnpc",3,0
' compile_object' in ' adm/single/master.c' ('   adm/single/master') /adm/single/master.c:41
arguments were ("/kungfu/class/generate/questnpc")
locals were: adm/daemons/virtuald
' compile_object' in 'adm/daemons/virtuald.c' ('adm/daemons/virtuald') /adm/daemons/virtuald.c:35
arguments were ("/kungfu/class/generate/questnpc")
locals were: ({ /* sizeof() == 4 */
  "kungfu",
  "class",
  "generate",
  "questnpc"
}),"/kungfu/class/generate/questnpc",3,0
' compile_object' in ' adm/single/master.c' ('   adm/single/master') /adm/single/master.c:41
arguments were ("/kungfu/class/generate/questnpc")
locals were: adm/daemons/virtuald
' compile_object' in 'adm/daemons/virtuald.c' ('adm/daemons/virtuald') /adm/daemons/virtuald.c:35
arguments were ("/kungfu/class/generate/questnpc")
locals were: ({ /* sizeof() == 4 */
  "kungfu",
  "class",
  "generate",
  "questnpc"
}),"/kungfu/class/generate/questnpc",3,0
' compile_object' in ' adm/single/master.c' ('   adm/single/master') /adm/single/master.c:41
arguments were ("/kungfu/class/generate/questnpc")
locals were: adm/daemons/virtuald
' compile_object' in 'adm/daemons/virtuald.c' ('adm/daemons/virtuald') /adm/daemons/virtuald.c:25
arguments were ("/kungfu/class/generate/questnpc")
locals were: ({ /* sizeof() == 4 */
  "kungfu",
  "class",
  "generate",
  "questnpc"
}),"/kungfu",0,0
'     valid_read' in ' adm/single/master.c' ('   adm/single/master') /adm/single/master.c:424
arguments were ("/kungfu",adm/daemons/virtuald,"file_size")
locals were: adm/daemons/securityd
Heart beat in adm/daemons/quest/search turned off.
Error in error handler: *Too deep recursion.
program: /adm/single/master.c, object: /adm/single/master, file: /adm/single/master.c:424
'     heart_beat' in 'adm/daemons/quest/shen.c' ('adm/daemons/quest/shen') /adm/daemons/quest/shen.c:37
arguments were ()
'    start_quest' in 'adm/daemons/quest/shen.c' ('adm/daemons/quest/shen') /adm/daemons/quest/shen.c:25
arguments were ()
locals were: clone/quest/shen#529,0,0
'     init_quest' in '  clone/quest/shen.c' ('clone/quest/shen#529') /clone/quest/shen.c:39
arguments were ()
locals were: 0,0,"襄阳城",0,0,0
' compile_object' in ' adm/single/master.c' ('   adm/single/master') /adm/single/master.c:41
arguments were ("/kungfu/class/generate/shennpc")
locals were: adm/daemons/virtuald
' compile_object' in 'adm/daemons/virtuald.c' ('adm/daemons/virtuald') /adm/daemons/virtuald.c:35
arguments were ("/kungfu/class/generate/shennpc")
locals were: ({ /* sizeof() == 4 */
  "kungfu",
  "class",
  "generate",
  "shennpc"
}),"/kungfu/class/generate/shennpc",3,0
' compile_object' in ' adm/single/master.c' ('   adm/single/master') /adm/single/master.c:41
arguments were ("/kungfu/class/generate/shennpc")
locals were: adm/daemons/virtuald
' compile_object' in 'adm/daemons/virtuald.c' ('adm/daemons/virtuald') /adm/daemons/virtuald.c:35
arguments were ("/kungfu/class/generate/shennpc")
locals were: ({ /* sizeof() == 4 */
  "kungfu",
  "class",
  "generate",
  "shennpc"
}),"/kungfu/class/generate/shennpc",3,0
' compile_object' in ' adm/single/master.c' ('   adm/single/master') /adm/single/master.c:41
arguments were ("/kungfu/class/generate/shennpc")
locals were: adm/daemons/virtuald
' compile_object' in 'adm/daemons/virtuald.c' ('adm/daemons/virtuald') /adm/daemons/virtuald.c:35
arguments were ("/kungfu/class/generate/shennpc")
locals were: ({ /* sizeof() == 4 */
  "kungfu",
  "class",
  "generate",
  "shennpc"
}),"/kungfu/class/generate/shennpc",3,0
' compile_object' in ' adm/single/master.c' ('   adm/single/master') /adm/single/master.c:41
arguments were ("/kungfu/class/generate/shennpc")
locals were: adm/daemons/virtuald
' compile_object' in 'adm/daemons/virtuald.c' ('adm/daemons/virtuald') /adm/daemons/virtuald.c:35
arguments were ("/kungfu/class/generate/shennpc")
locals were: ({ /* sizeof() == 4 */
  "kungfu",
  "class",
  "generate",
  "shennpc"
}),"/kungfu/class/generate/shennpc",3,0
' compile_object' in ' adm/single/master.c' ('   adm/single/master') /adm/single/master.c:41
arguments were ("/kungfu/class/generate/shennpc")
locals were: adm/daemons/virtuald
' compile_object' in 'adm/daemons/virtuald.c' ('adm/daemons/virtuald') /adm/daemons/virtuald.c:35
arguments were ("/kungfu/class/generate/shennpc")
locals were: ({ /* sizeof() == 4 */
  "kungfu",
  "class",
  "generate",
  "shennpc"
}),"/kungfu/class/generate/shennpc",3,0
' compile_object' in ' adm/single/master.c' ('   adm/single/master') /adm/single/master.c:41
arguments were ("/kungfu/class/generate/shennpc")
locals were: adm/daemons/virtuald
' compile_object' in 'adm/daemons/virtuald.c' ('adm/daemons/virtuald') /adm/daemons/virtuald.c:35
arguments were ("/kungfu/class/generate/shennpc")
locals were: ({ /* sizeof() == 4 */
  "kungfu",
  "class",
  "generate",
  "shennpc"
}),"/kungfu/class/generate/shennpc",3,0
' compile_object' in ' adm/single/master.c' ('   adm/single/master') /adm/single/master.c:41
arguments were ("/kungfu/class/generate/shennpc")
locals were: adm/daemons/virtuald
' compile_object' in 'adm/daemons/virtuald.c' ('adm/daemons/virtuald') /adm/daemons/virtuald.c:35
arguments were ("/kungfu/class/generate/shennpc")
locals were: ({ /* sizeof() == 4 */
  "kungfu",
  "class",
  "generate",
  "shennpc"
}),"/kungfu/class/generate/shennpc",3,0
' compile_object' in ' adm/single/master.c' ('   adm/single/master') /adm/single/master.c:41
arguments were ("/kungfu/class/generate/shennpc")
locals were: adm/daemons/virtuald
' compile_object' in 'adm/daemons/virtuald.c' ('adm/daemons/virtuald') /adm/daemons/virtuald.c:35
arguments were ("/kungfu/class/generate/shennpc")
locals were: ({ /* sizeof() == 4 */
  "kungfu",
  "class",
  "generate",
  "shennpc"
}),"/kungfu/class/generate/shennpc",3,0
' compile_object' in ' adm/single/master.c' ('   adm/single/master') /adm/single/master.c:41
arguments were ("/kungfu/class/generate/shennpc")
locals were: adm/daemons/virtuald
' compile_object' in 'adm/daemons/virtuald.c' ('adm/daemons/virtuald') /adm/daemons/virtuald.c:35
arguments were ("/kungfu/class/generate/shennpc")
locals were: ({ /* sizeof() == 4 */
  "kungfu",
  "class",
  "generate",
  "shennpc"
}),"/kungfu/class/generate/shennpc",3,0
' compile_object' in ' adm/single/master.c' ('   adm/single/master') /adm/single/master.c:41
arguments were ("/kungfu/class/generate/shennpc")
locals were: adm/daemons/virtuald
' compile_object' in 'adm/daemons/virtuald.c' ('adm/daemons/virtuald') /adm/daemons/virtuald.c:35
arguments were ("/kungfu/class/generate/shennpc")
locals were: ({ /* sizeof() == 4 */
  "kungfu",
  "class",
  "generate",
  "shennpc"
}),"/kungfu/class/generate/shennpc",3,0
' compile_object' in ' adm/single/master.c' ('   adm/single/master') /adm/single/master.c:41
arguments were ("/kungfu/class/generate/shennpc")
locals were: adm/daemons/virtuald
' compile_object' in 'adm/daemons/virtuald.c' ('adm/daemons/virtuald') /adm/daemons/virtuald.c:35
arguments were ("/kungfu/class/generate/shennpc")
locals were: ({ /* sizeof() == 4 */
  "kungfu",
  "class",
  "generate",
  "shennpc"
}),"/kungfu/class/generate/shennpc",3,0
' compile_object' in ' adm/single/master.c' ('   adm/single/master') /adm/single/master.c:41
arguments were ("/kungfu/class/generate/shennpc")
locals were: adm/daemons/virtuald
' compile_object' in 'adm/daemons/virtuald.c' ('adm/daemons/virtuald') /adm/daemons/virtuald.c:35
arguments were ("/kungfu/class/generate/shennpc")
locals were: ({ /* sizeof() == 4 */
  "kungfu",
  "class",
  "generate",
  "shennpc"
}),"/kungfu/class/generate/shennpc",3,0
' compile_object' in ' adm/single/master.c' ('   adm/single/master') /adm/single/master.c:41
arguments were ("/kungfu/class/generate/shennpc")
locals were: adm/daemons/virtuald
' compile_object' in 'adm/daemons/virtuald.c' ('adm/daemons/virtuald') /adm/daemons/virtuald.c:35
arguments were ("/kungfu/class/generate/shennpc")
locals were: ({ /* sizeof() == 4 */
  "kungfu",
  "class",
  "generate",
  "shennpc"
}),"/kungfu/class/generate/shennpc",3,0
' compile_object' in ' adm/single/master.c' ('   adm/single/master') /adm/single/master.c:41
arguments were ("/kungfu/class/generate/shennpc")
locals were: adm/daemons/virtuald
' compile_object' in 'adm/daemons/virtuald.c' ('adm/daemons/virtuald') /adm/daemons/virtuald.c:35
arguments were ("/kungfu/class/generate/shennpc")
locals were: ({ /* sizeof() == 4 */
  "kungfu",
  "class",
  "generate",
  "shennpc"
}),"/kungfu/class/generate/shennpc",3,0
' compile_object' in ' adm/single/master.c' ('   adm/single/master') /adm/single/master.c:41
arguments were ("/kungfu/class/generate/shennpc")
locals were: adm/daemons/virtuald
' compile_object' in 'adm/daemons/virtuald.c' ('adm/daemons/virtuald') /adm/daemons/virtuald.c:35
arguments were ("/kungfu/class/generate/shennpc")
locals were: ({ /* sizeof() == 4 */
  "kungfu",
  "class",
  "generate",
  "shennpc"
}),"/kungfu/class/generate/shennpc",3,0
' compile_object' in ' adm/single/master.c' ('   adm/single/master') /adm/single/master.c:41
arguments were ("/kungfu/class/generate/shennpc")
locals were: adm/daemons/virtuald
' compile_object' in 'adm/daemons/virtuald.c' ('adm/daemons/virtuald') /adm/daemons/virtuald.c:35
arguments were ("/kungfu/class/generate/shennpc")
locals were: ({ /* sizeof() == 4 */
  "kungfu",
  "class",
  "generate",
  "shennpc"
}),"/kungfu/class/generate/shennpc",3,0
' compile_object' in ' adm/single/master.c' ('   adm/single/master') /adm/single/master.c:41
arguments were ("/kungfu/class/generate/shennpc")
locals were: adm/daemons/virtuald
' compile_object' in 'adm/daemons/virtuald.c' ('adm/daemons/virtuald') /adm/daemons/virtuald.c:35
arguments were ("/kungfu/class/generate/shennpc")
locals were: ({ /* sizeof() == 4 */
  "kungfu",
  "class",
  "generate",
  "shennpc"
}),"/kungfu/class/generate/shennpc",3,0
' compile_object' in ' adm/single/master.c' ('   adm/single/master') /adm/single/master.c:41
arguments were ("/kungfu/class/generate/shennpc")
locals were: adm/daemons/virtuald
' compile_object' in 'adm/daemons/virtuald.c' ('adm/daemons/virtuald') /adm/daemons/virtuald.c:35
arguments were ("/kungfu/class/generate/shennpc")
locals were: ({ /* sizeof() == 4 */
  "kungfu",
  "class",
  "generate",
  "shennpc"
}),"/kungfu/class/generate/shennpc",3,0
' compile_object' in ' adm/single/master.c' ('   adm/single/master') /adm/single/master.c:41
arguments were ("/kungfu/class/generate/shennpc")
locals were: adm/daemons/virtuald
' compile_object' in 'adm/daemons/virtuald.c' ('adm/daemons/virtuald') /adm/daemons/virtuald.c:35
arguments were ("/kungfu/class/generate/shennpc")
locals were: ({ /* sizeof() == 4 */
  "kungfu",
  "class",
  "generate",
  "shennpc"
}),"/kungfu/class/generate/shennpc",3,0
' compile_object' in ' adm/single/master.c' ('   adm/single/master') /adm/single/master.c:41
arguments were ("/kungfu/class/generate/shennpc")
locals were: adm/daemons/virtuald
' compile_object' in 'adm/daemons/virtuald.c' ('adm/daemons/virtuald') /adm/daemons/virtuald.c:35
arguments were ("/kungfu/class/generate/shennpc")
locals were: ({ /* sizeof() == 4 */
  "kungfu",
  "class",
  "generate",
  "shennpc"
}),"/kungfu/class/generate/shennpc",3,0
' compile_object' in ' adm/single/master.c' ('   adm/single/master') /adm/single/master.c:41
arguments were ("/kungfu/class/generate/shennpc")
locals were: adm/daemons/virtuald
' compile_object' in 'adm/daemons/virtuald.c' ('adm/daemons/virtuald') /adm/daemons/virtuald.c:35
arguments were ("/kungfu/class/generate/shennpc")
locals were: ({ /* sizeof() == 4 */
  "kungfu",
  "class",
  "generate",
  "shennpc"
}),"/kungfu/class/generate/shennpc",3,0
' compile_object' in ' adm/single/master.c' ('   adm/single/master') /adm/single/master.c:41
arguments were ("/kungfu/class/generate/shennpc")
locals were: adm/daemons/virtuald
' compile_object' in 'adm/daemons/virtuald.c' ('adm/daemons/virtuald') /adm/daemons/virtuald.c:35
arguments were ("/kungfu/class/generate/shennpc")
locals were: ({ /* sizeof() == 4 */
  "kungfu",
  "class",
  "generate",
  "shennpc"
}),"/kungfu/class/generate/shennpc",3,0
' compile_object' in ' adm/single/master.c' ('   adm/single/master') /adm/single/master.c:41
arguments were ("/kungfu/class/generate/shennpc")
locals were: adm/daemons/virtuald
' compile_object' in 'adm/daemons/virtuald.c' ('adm/daemons/virtuald') /adm/daemons/virtuald.c:25
arguments were ("/kungfu/class/generate/shennpc")
locals were: ({ /* sizeof() == 4 */
  "kungfu",
  "class",
  "generate",
  "shennpc"
}),"/kungfu",0,0
'     valid_read' in ' adm/single/master.c' ('   adm/single/master') /adm/single/master.c:424
arguments were ("/kungfu",adm/daemons/virtuald,"file_size")
locals were: adm/daemons/securityd
Heart beat in adm/daemons/quest/shen turned off.
Error in error handler: *Too deep recursion.
program: /adm/single/master.c, object: /adm/single/master, file: /adm/single/master.c:424
'     heart_beat' in 'adm/daemons/quest/search.c' ('adm/daemons/quest/search') /adm/daemons/quest/search.c:66
arguments were ()
'    start_quest' in 'adm/daemons/quest/search.c' ('adm/daemons/quest/search') /adm/daemons/quest/search.c:53
arguments were ()
locals were: clone/quest/search#722,"/clone/questob/sjping",({ /* sizeof() == 19 */
  "/clone/questob/baijinhe",
  "/clone/questob/baiyubi",
  "/clone/questob/jingua",
  "/clone/questob/jinhulu",
  "/clone/questob/jlhua",
  "/clone/questob/jxshi",
  "/clone/questob/qkmao",
  "/clone/questob/qtding",
  "/clone/questob/sjping",
  "/clone/questob/tiegy",
  "/clone/questob/tieruyi",
  "/clone/questob/tongxq",
  "/clone/questob/ygbei",
  "/clone/questob/ylhua",
  "/clone/questob/yudai",
  "/clone/questob/yuhulu",
  "/clone/questob/yuping",
  "/clone/questob/zijinchui",
  "/clone/questob/zysha"
})
'     init_quest' in 'clone/quest/search.c' ('clone/quest/search#722') /clone/quest/search.c:64
arguments were ("/clone/questob/sjping")
locals were: "寻找四剪瓶",clone/questob/sjping,"华山附近","武功镇",0,0,0
' compile_object' in ' adm/single/master.c' ('   adm/single/master') /adm/single/master.c:41
arguments were ("/kungfu/class/generate/questnpc")
locals were: adm/daemons/virtuald
' compile_object' in 'adm/daemons/virtuald.c' ('adm/daemons/virtuald') /adm/daemons/virtuald.c:35
arguments were ("/kungfu/class/generate/questnpc")
locals were: ({ /* sizeof() == 4 */
  "kungfu",
  "class",
  "generate",
  "questnpc"
}),"/kungfu/class/generate/questnpc",3,0
' compile_object' in ' adm/single/master.c' ('   adm/single/master') /adm/single/master.c:41
arguments were ("/kungfu/class/generate/questnpc")
locals were: adm/daemons/virtuald
' compile_object' in 'adm/daemons/virtuald.c' ('adm/daemons/virtuald') /adm/daemons/virtuald.c:35
arguments were ("/kungfu/class/generate/questnpc")
locals were: ({ /* sizeof() == 4 */
  "kungfu",
  "class",
  "generate",
  "questnpc"
}),"/kungfu/class/generate/questnpc",3,0
' compile_object' in ' adm/single/master.c' ('   adm/single/master') /adm/single/master.c:41
arguments were ("/kungfu/class/generate/questnpc")
locals were: adm/daemons/virtuald
' compile_object' in 'adm/daemons/virtuald.c' ('adm/daemons/virtuald') /adm/daemons/virtuald.c:35
arguments were ("/kungfu/class/generate/questnpc")
locals were: ({ /* sizeof() == 4 */
  "kungfu",
  "class",
  "generate",
  "questnpc"
}),"/kungfu/class/generate/questnpc",3,0
' compile_object' in ' adm/single/master.c' ('   adm/single/master') /adm/single/master.c:41
arguments were ("/kungfu/class/generate/questnpc")
locals were: adm/daemons/virtuald
' compile_object' in 'adm/daemons/virtuald.c' ('adm/daemons/virtuald') /adm/daemons/virtuald.c:35
arguments were ("/kungfu/class/generate/questnpc")
locals were: ({ /* sizeof() == 4 */
  "kungfu",
  "class",
  "generate",
  "questnpc"
}),"/kungfu/class/generate/questnpc",3,0
' compile_object' in ' adm/single/master.c' ('   adm/single/master') /adm/single/master.c:41
arguments were ("/kungfu/class/generate/questnpc")
locals were: adm/daemons/virtuald
' compile_object' in 'adm/daemons/virtuald.c' ('adm/daemons/virtuald') /adm/daemons/virtuald.c:35
arguments were ("/kungfu/class/generate/questnpc")
locals were: ({ /* sizeof() == 4 */
  "kungfu",
  "class",
  "generate",
  "questnpc"
}),"/kungfu/class/generate/questnpc",3,0
' compile_object' in ' adm/single/master.c' ('   adm/single/master') /adm/single/master.c:41
arguments were ("/kungfu/class/generate/questnpc")
locals were: adm/daemons/virtuald
' compile_object' in 'adm/daemons/virtuald.c' ('adm/daemons/virtuald') /adm/daemons/virtuald.c:35
arguments were ("/kungfu/class/generate/questnpc")
locals were: ({ /* sizeof() == 4 */
  "kungfu",
  "class",
  "generate",
  "questnpc"
}),"/kungfu/class/generate/questnpc",3,0
' compile_object' in ' adm/single/master.c' ('   adm/single/master') /adm/single/master.c:41
arguments were ("/kungfu/class/generate/questnpc")
locals were: adm/daemons/virtuald
' compile_object' in 'adm/daemons/virtuald.c' ('adm/daemons/virtuald') /adm/daemons/virtuald.c:35
arguments were ("/kungfu/class/generate/questnpc")
locals were: ({ /* sizeof() == 4 */
  "kungfu",
  "class",
  "generate",
  "questnpc"
}),"/kungfu/class/generate/questnpc",3,0
' compile_object' in ' adm/single/master.c' ('   adm/single/master') /adm/single/master.c:41
arguments were ("/kungfu/class/generate/questnpc")
locals were: adm/daemons/virtuald
' compile_object' in 'adm/daemons/virtuald.c' ('adm/daemons/virtuald') /adm/daemons/virtuald.c:35
arguments were ("/kungfu/class/generate/questnpc")
locals were: ({ /* sizeof() == 4 */
  "kungfu",
  "class",
  "generate",
  "questnpc"
}),"/kungfu/class/generate/questnpc",3,0
' compile_object' in ' adm/single/master.c' ('   adm/single/master') /adm/single/master.c:41
arguments were ("/kungfu/class/generate/questnpc")
locals were: adm/daemons/virtuald
' compile_object' in 'adm/daemons/virtuald.c' ('adm/daemons/virtuald') /adm/daemons/virtuald.c:35
arguments were ("/kungfu/class/generate/questnpc")
locals were: ({ /* sizeof() == 4 */
  "kungfu",
  "class",
  "generate",
  "questnpc"
}),"/kungfu/class/generate/questnpc",3,0
' compile_object' in ' adm/single/master.c' ('   adm/single/master') /adm/single/master.c:41
arguments were ("/kungfu/class/generate/questnpc")
locals were: adm/daemons/virtuald
' compile_object' in 'adm/daemons/virtuald.c' ('adm/daemons/virtuald') /adm/daemons/virtuald.c:35
arguments were ("/kungfu/class/generate/questnpc")
locals were: ({ /* sizeof() == 4 */
  "kungfu",
  "class",
  "generate",
  "questnpc"
}),"/kungfu/class/generate/questnpc",3,0
' compile_object' in ' adm/single/master.c' ('   adm/single/master') /adm/single/master.c:41
arguments were ("/kungfu/class/generate/questnpc")
locals were: adm/daemons/virtuald
' compile_object' in 'adm/daemons/virtuald.c' ('adm/daemons/virtuald') /adm/daemons/virtuald.c:35
arguments were ("/kungfu/class/generate/questnpc")
locals were: ({ /* sizeof() == 4 */
  "kungfu",
  "class",
  "generate",
  "questnpc"
}),"/kungfu/class/generate/questnpc",3,0
' compile_object' in ' adm/single/master.c' ('   adm/single/master') /adm/single/master.c:41
arguments were ("/kungfu/class/generate/questnpc")
locals were: adm/daemons/virtuald
' compile_object' in 'adm/daemons/virtuald.c' ('adm/daemons/virtuald') /adm/daemons/virtuald.c:35
arguments were ("/kungfu/class/generate/questnpc")
locals were: ({ /* sizeof() == 4 */
  "kungfu",
  "class",
  "generate",
  "questnpc"
}),"/kungfu/class/generate/questnpc",3,0
' compile_object' in ' adm/single/master.c' ('   adm/single/master') /adm/single/master.c:41
arguments were ("/kungfu/class/generate/questnpc")
locals were: adm/daemons/virtuald
' compile_object' in 'adm/daemons/virtuald.c' ('adm/daemons/virtuald') /adm/daemons/virtuald.c:35
arguments were ("/kungfu/class/generate/questnpc")
locals were: ({ /* sizeof() == 4 */
  "kungfu",
  "class",
  "generate",
  "questnpc"
}),"/kungfu/class/generate/questnpc",3,0
' compile_object' in ' adm/single/master.c' ('   adm/single/master') /adm/single/master.c:41
arguments were ("/kungfu/class/generate/questnpc")
locals were: adm/daemons/virtuald
' compile_object' in 'adm/daemons/virtuald.c' ('adm/daemons/virtuald') /adm/daemons/virtuald.c:35
arguments were ("/kungfu/class/generate/questnpc")
locals were: ({ /* sizeof() == 4 */
  "kungfu",
  "class",
  "generate",
  "questnpc"
}),"/kungfu/class/generate/questnpc",3,0
' compile_object' in ' adm/single/master.c' ('   adm/single/master') /adm/single/master.c:41
arguments were ("/kungfu/class/generate/questnpc")
locals were: adm/daemons/virtuald
' compile_object' in 'adm/daemons/virtuald.c' ('adm/daemons/virtuald') /adm/daemons/virtuald.c:35
arguments were ("/kungfu/class/generate/questnpc")
locals were: ({ /* sizeof() == 4 */
  "kungfu",
  "class",
  "generate",
  "questnpc"
}),"/kungfu/class/generate/questnpc",3,0
' compile_object' in ' adm/single/master.c' ('   adm/single/master') /adm/single/master.c:41
arguments were ("/kungfu/class/generate/questnpc")
locals were: adm/daemons/virtuald
' compile_object' in 'adm/daemons/virtuald.c' ('adm/daemons/virtuald') /adm/daemons/virtuald.c:35
arguments were ("/kungfu/class/generate/questnpc")
locals were: ({ /* sizeof() == 4 */
  "kungfu",
  "class",
  "generate",
  "questnpc"
}),"/kungfu/class/generate/questnpc",3,0
' compile_object' in ' adm/single/master.c' ('   adm/single/master') /adm/single/master.c:41
arguments were ("/kungfu/class/generate/questnpc")
locals were: adm/daemons/virtuald
' compile_object' in 'adm/daemons/virtuald.c' ('adm/daemons/virtuald') /adm/daemons/virtuald.c:35
arguments were ("/kungfu/class/generate/questnpc")
locals were: ({ /* sizeof() == 4 */
  "kungfu",
  "class",
  "generate",
  "questnpc"
}),"/kungfu/class/generate/questnpc",3,0
' compile_object' in ' adm/single/master.c' ('   adm/single/master') /adm/single/master.c:41
arguments were ("/kungfu/class/generate/questnpc")
locals were: adm/daemons/virtuald
' compile_object' in 'adm/daemons/virtuald.c' ('adm/daemons/virtuald') /adm/daemons/virtuald.c:35
arguments were ("/kungfu/class/generate/questnpc")
locals were: ({ /* sizeof() == 4 */
  "kungfu",
  "class",
  "generate",
  "questnpc"
}),"/kungfu/class/generate/questnpc",3,0
' compile_object' in ' adm/single/master.c' ('   adm/single/master') /adm/single/master.c:41
arguments were ("/kungfu/class/generate/questnpc")
locals were: adm/daemons/virtuald
' compile_object' in 'adm/daemons/virtuald.c' ('adm/daemons/virtuald') /adm/daemons/virtuald.c:35
arguments were ("/kungfu/class/generate/questnpc")
locals were: ({ /* sizeof() == 4 */
  "kungfu",
  "class",
  "generate",
  "questnpc"
}),"/kungfu/class/generate/questnpc",3,0
' compile_object' in ' adm/single/master.c' ('   adm/single/master') /adm/single/master.c:41
arguments were ("/kungfu/class/generate/questnpc")
locals were: adm/daemons/virtuald
' compile_object' in 'adm/daemons/virtuald.c' ('adm/daemons/virtuald') /adm/daemons/virtuald.c:35
arguments were ("/kungfu/class/generate/questnpc")
locals were: ({ /* sizeof() == 4 */
  "kungfu",
  "class",
  "generate",
  "questnpc"
}),"/kungfu/class/generate/questnpc",3,0
' compile_object' in ' adm/single/master.c' ('   adm/single/master') /adm/single/master.c:41
arguments were ("/kungfu/class/generate/questnpc")
locals were: adm/daemons/virtuald
' compile_object' in 'adm/daemons/virtuald.c' ('adm/daemons/virtuald') /adm/daemons/virtuald.c:35
arguments were ("/kungfu/class/generate/questnpc")
locals were: ({ /* sizeof() == 4 */
  "kungfu",
  "class",
  "generate",
  "questnpc"
}),"/kungfu/class/generate/questnpc",3,0
' compile_object' in ' adm/single/master.c' ('   adm/single/master') /adm/single/master.c:41
arguments were ("/kungfu/class/generate/questnpc")
locals were: adm/daemons/virtuald
' compile_object' in 'adm/daemons/virtuald.c' ('adm/daemons/virtuald') /adm/daemons/virtuald.c:35
arguments were ("/kungfu/class/generate/questnpc")
locals were: ({ /* sizeof() == 4 */
  "kungfu",
  "class",
  "generate",
  "questnpc"
}),"/kungfu/class/generate/questnpc",3,0
' compile_object' in ' adm/single/master.c' ('   adm/single/master') /adm/single/master.c:41
arguments were ("/kungfu/class/generate/questnpc")
locals were: adm/daemons/virtuald
' compile_object' in 'adm/daemons/virtuald.c' ('adm/daemons/virtuald') /adm/daemons/virtuald.c:25
arguments were ("/kungfu/class/generate/questnpc")
locals were: ({ /* sizeof() == 4 */
  "kungfu",
  "class",
  "generate",
  "questnpc"
}),"/kungfu",0,0
'     valid_read' in ' adm/single/master.c' ('   adm/single/master') /adm/single/master.c:424
arguments were ("/kungfu",adm/daemons/virtuald,"file_size")
locals were: adm/daemons/securityd
Heart beat in adm/daemons/quest/search turned off.
Error in error handler: *Too deep recursion.
program: /adm/single/master.c, object: /adm/single/master, file: /adm/single/master.c:424
'     heart_beat' in 'adm/daemons/quest/explore.c' ('adm/daemons/quest/explore') /adm/daemons/quest/explore.c:130
arguments were ()
'    start_quest' in 'adm/daemons/quest/explore.c' ('adm/daemons/quest/explore') /adm/daemons/quest/explore.c:83
arguments were ()
locals were: 0,0,"/d/lingzhou/neizai",0,0,0,({ /* sizeof() == 15 */
  "/d/suzhou/jubaozhai",
  "/d/changan/fangzhangshi",
  "/d/city/duchang",
  "/d/hangzhou/road12",
  "/d/city/houyuan",
  "/d/city3/jiudian",
  "/d/hangzhou/lingyinsi",
  "/d/city/ymzhengting",
  "/d/fuzhou/yamen",
  "/d/dali/qiandian",
  "/d/beijing/kangfu_dating",
  "/d/lingzhou/neizai",
  "/d/dali/wangfugate",
  "/d/beijing/dangpu",
  "/d/lingzhou/yipindayuan"
}),({ /* sizeof() == 4 */
  clone/quest/explore#602,
  clone/quest/explore#557,
  clone/quest/explore#547,
  clone/quest/explore
}),0,0
'     get_object' in 'adm/single/simul_efun.c' ('adm/single/simul_efun') /adm/simul_efun/util.c:151
arguments were ("/d/lingzhou/neizai")
locals were: 0
' compile_object' in ' adm/single/master.c' ('   adm/single/master') /adm/single/master.c:41
arguments were ("/d/lingzhou/neizai")
locals were: adm/daemons/virtuald
' compile_object' in 'adm/daemons/virtuald.c' ('adm/daemons/virtuald') /adm/daemons/virtuald.c:35
arguments were ("/d/lingzhou/neizai")
locals were: ({ /* sizeof() == 3 */
  "d",
  "lingzhou",
  "neizai"
}),"/d/lingzhou/neizai",2,0
' compile_object' in ' adm/single/master.c' ('   adm/single/master') /adm/single/master.c:41
arguments were ("/d/lingzhou/neizai")
locals were: adm/daemons/virtuald
' compile_object' in 'adm/daemons/virtuald.c' ('adm/daemons/virtuald') /adm/daemons/virtuald.c:35
arguments were ("/d/lingzhou/neizai")
locals were: ({ /* sizeof() == 3 */
  "d",
  "lingzhou",
  "neizai"
}),"/d/lingzhou/neizai",2,0
' compile_object' in ' adm/single/master.c' ('   adm/single/master') /adm/single/master.c:41
arguments were ("/d/lingzhou/neizai")
locals were: adm/daemons/virtuald
' compile_object' in 'adm/daemons/virtuald.c' ('adm/daemons/virtuald') /adm/daemons/virtuald.c:35
arguments were ("/d/lingzhou/neizai")
locals were: ({ /* sizeof() == 3 */
  "d",
  "lingzhou",
  "neizai"
}),"/d/lingzhou/neizai",2,0
' compile_object' in ' adm/single/master.c' ('   adm/single/master') /adm/single/master.c:41
arguments were ("/d/lingzhou/neizai")
locals were: adm/daemons/virtuald
' compile_object' in 'adm/daemons/virtuald.c' ('adm/daemons/virtuald') /adm/daemons/virtuald.c:35
arguments were ("/d/lingzhou/neizai")
locals were: ({ /* sizeof() == 3 */
  "d",
  "lingzhou",
  "neizai"
}),"/d/lingzhou/neizai",2,0
' compile_object' in ' adm/single/master.c' ('   adm/single/master') /adm/single/master.c:41
arguments were ("/d/lingzhou/neizai")
locals were: adm/daemons/virtuald
' compile_object' in 'adm/daemons/virtuald.c' ('adm/daemons/virtuald') /adm/daemons/virtuald.c:35
arguments were ("/d/lingzhou/neizai")
locals were: ({ /* sizeof() == 3 */
  "d",
  "lingzhou",
  "neizai"
}),"/d/lingzhou/neizai",2,0
' compile_object' in ' adm/single/master.c' ('   adm/single/master') /adm/single/master.c:41
arguments were ("/d/lingzhou/neizai")
locals were: adm/daemons/virtuald
' compile_object' in 'adm/daemons/virtuald.c' ('adm/daemons/virtuald') /adm/daemons/virtuald.c:35
arguments were ("/d/lingzhou/neizai")
locals were: ({ /* sizeof() == 3 */
  "d",
  "lingzhou",
  "neizai"
}),"/d/lingzhou/neizai",2,0
' compile_object' in ' adm/single/master.c' ('   adm/single/master') /adm/single/master.c:41
arguments were ("/d/lingzhou/neizai")
locals were: adm/daemons/virtuald
' compile_object' in 'adm/daemons/virtuald.c' ('adm/daemons/virtuald') /adm/daemons/virtuald.c:35
arguments were ("/d/lingzhou/neizai")
locals were: ({ /* sizeof() == 3 */
  "d",
  "lingzhou",
  "neizai"
}),"/d/lingzhou/neizai",2,0
' compile_object' in ' adm/single/master.c' ('   adm/single/master') /adm/single/master.c:41
arguments were ("/d/lingzhou/neizai")
locals were: adm/daemons/virtuald
' compile_object' in 'adm/daemons/virtuald.c' ('adm/daemons/virtuald') /adm/daemons/virtuald.c:35
arguments were ("/d/lingzhou/neizai")
locals were: ({ /* sizeof() == 3 */
  "d",
  "lingzhou",
  "neizai"
}),"/d/lingzhou/neizai",2,0
' compile_object' in ' adm/single/master.c' ('   adm/single/master') /adm/single/master.c:41
arguments were ("/d/lingzhou/neizai")
locals were: adm/daemons/virtuald
' compile_object' in 'adm/daemons/virtuald.c' ('adm/daemons/virtuald') /adm/daemons/virtuald.c:35
arguments were ("/d/lingzhou/neizai")
locals were: ({ /* sizeof() == 3 */
  "d",
  "lingzhou",
  "neizai"
}),"/d/lingzhou/neizai",2,0
' compile_object' in ' adm/single/master.c' ('   adm/single/master') /adm/single/master.c:41
arguments were ("/d/lingzhou/neizai")
locals were: adm/daemons/virtuald
' compile_object' in 'adm/daemons/virtuald.c' ('adm/daemons/virtuald') /adm/daemons/virtuald.c:35
arguments were ("/d/lingzhou/neizai")
locals were: ({ /* sizeof() == 3 */
  "d",
  "lingzhou",
  "neizai"
}),"/d/lingzhou/neizai",2,0
' compile_object' in ' adm/single/master.c' ('   adm/single/master') /adm/single/master.c:41
arguments were ("/d/lingzhou/neizai")
locals were: adm/daemons/virtuald
' compile_object' in 'adm/daemons/virtuald.c' ('adm/daemons/virtuald') /adm/daemons/virtuald.c:35
arguments were ("/d/lingzhou/neizai")
locals were: ({ /* sizeof() == 3 */
  "d",
  "lingzhou",
  "neizai"
}),"/d/lingzhou/neizai",2,0
' compile_object' in ' adm/single/master.c' ('   adm/single/master') /adm/single/master.c:41
arguments were ("/d/lingzhou/neizai")
locals were: adm/daemons/virtuald
' compile_object' in 'adm/daemons/virtuald.c' ('adm/daemons/virtuald') /adm/daemons/virtuald.c:35
arguments were ("/d/lingzhou/neizai")
locals were: ({ /* sizeof() == 3 */
  "d",
  "lingzhou",
  "neizai"
}),"/d/lingzhou/neizai",2,0
' compile_object' in ' adm/single/master.c' ('   adm/single/master') /adm/single/master.c:41
arguments were ("/d/lingzhou/neizai")
locals were: adm/daemons/virtuald
' compile_object' in 'adm/daemons/virtuald.c' ('adm/daemons/virtuald') /adm/daemons/virtuald.c:35
arguments were ("/d/lingzhou/neizai")
locals were: ({ /* sizeof() == 3 */
  "d",
  "lingzhou",
  "neizai"
}),"/d/lingzhou/neizai",2,0
' compile_object' in ' adm/single/master.c' ('   adm/single/master') /adm/single/master.c:41
arguments were ("/d/lingzhou/neizai")
locals were: adm/daemons/virtuald
' compile_object' in 'adm/daemons/virtuald.c' ('adm/daemons/virtuald') /adm/daemons/virtuald.c:35
arguments were ("/d/lingzhou/neizai")
locals were: ({ /* sizeof() == 3 */
  "d",
  "lingzhou",
  "neizai"
}),"/d/lingzhou/neizai",2,0
' compile_object' in ' adm/single/master.c' ('   adm/single/master') /adm/single/master.c:41
arguments were ("/d/lingzhou/neizai")
locals were: adm/daemons/virtuald
' compile_object' in 'adm/daemons/virtuald.c' ('adm/daemons/virtuald') /adm/daemons/virtuald.c:35
arguments were ("/d/lingzhou/neizai")
locals were: ({ /* sizeof() == 3 */
  "d",
  "lingzhou",
  "neizai"
}),"/d/lingzhou/neizai",2,0
' compile_object' in ' adm/single/master.c' ('   adm/single/master') /adm/single/master.c:41
arguments were ("/d/lingzhou/neizai")
locals were: adm/daemons/virtuald
' compile_object' in 'adm/daemons/virtuald.c' ('adm/daemons/virtuald') /adm/daemons/virtuald.c:35
arguments were ("/d/lingzhou/neizai")
locals were: ({ /* sizeof() == 3 */
  "d",
  "lingzhou",
  "neizai"
}),"/d/lingzhou/neizai",2,0
' compile_object' in ' adm/single/master.c' ('   adm/single/master') /adm/single/master.c:41
arguments were ("/d/lingzhou/neizai")
locals were: adm/daemons/virtuald
' compile_object' in 'adm/daemons/virtuald.c' ('adm/daemons/virtuald') /adm/daemons/virtuald.c:35
arguments were ("/d/lingzhou/neizai")
locals were: ({ /* sizeof() == 3 */
  "d",
  "lingzhou",
  "neizai"
}),"/d/lingzhou/neizai",2,0
' compile_object' in ' adm/single/master.c' ('   adm/single/master') /adm/single/master.c:41
arguments were ("/d/lingzhou/neizai")
locals were: adm/daemons/virtuald
' compile_object' in 'adm/daemons/virtuald.c' ('adm/daemons/virtuald') /adm/daemons/virtuald.c:35
arguments were ("/d/lingzhou/neizai")
locals were: ({ /* sizeof() == 3 */
  "d",
  "lingzhou",
  "neizai"
}),"/d/lingzhou/neizai",2,0
' compile_object' in ' adm/single/master.c' ('   adm/single/master') /adm/single/master.c:41
arguments were ("/d/lingzhou/neizai")
locals were: adm/daemons/virtuald
' compile_object' in 'adm/daemons/virtuald.c' ('adm/daemons/virtuald') /adm/daemons/virtuald.c:35
arguments were ("/d/lingzhou/neizai")
locals were: ({ /* sizeof() == 3 */
  "d",
  "lingzhou",
  "neizai"
}),"/d/lingzhou/neizai",2,0
' compile_object' in ' adm/single/master.c' ('   adm/single/master') /adm/single/master.c:41
arguments were ("/d/lingzhou/neizai")
locals were: adm/daemons/virtuald
' compile_object' in 'adm/daemons/virtuald.c' ('adm/daemons/virtuald') /adm/daemons/virtuald.c:35
arguments were ("/d/lingzhou/neizai")
locals were: ({ /* sizeof() == 3 */
  "d",
  "lingzhou",
  "neizai"
}),"/d/lingzhou/neizai",2,0
' compile_object' in ' adm/single/master.c' ('   adm/single/master') /adm/single/master.c:41
arguments were ("/d/lingzhou/neizai")
locals were: adm/daemons/virtuald
' compile_object' in 'adm/daemons/virtuald.c' ('adm/daemons/virtuald') /adm/daemons/virtuald.c:35
arguments were ("/d/lingzhou/neizai")
locals were: ({ /* sizeof() == 3 */
  "d",
  "lingzhou",
  "neizai"
}),"/d/lingzhou/neizai",2,0
' compile_object' in ' adm/single/master.c' ('   adm/single/master') /adm/single/master.c:41
arguments were ("/d/lingzhou/neizai")
locals were: adm/daemons/virtuald
' compile_object' in 'adm/daemons/virtuald.c' ('adm/daemons/virtuald') /adm/daemons/virtuald.c:35
arguments were ("/d/lingzhou/neizai")
locals were: ({ /* sizeof() == 3 */
  "d",
  "lingzhou",
  "neizai"
}),"/d/lingzhou/neizai",2,0
' compile_object' in ' adm/single/master.c' ('   adm/single/master') /adm/single/master.c:41
arguments were ("/d/lingzhou/neizai")
locals were: adm/daemons/virtuald
' compile_object' in 'adm/daemons/virtuald.c' ('adm/daemons/virtuald') /adm/daemons/virtuald.c:25
arguments were ("/d/lingzhou/neizai")
locals were: ({ /* sizeof() == 3 */
  "d",
  "lingzhou",
  "neizai"
}),"/d",0,0
'     valid_read' in ' adm/single/master.c' ('   adm/single/master') /adm/single/master.c:424
arguments were ("/d",adm/daemons/virtuald,"file_size")
locals were: adm/daemons/securityd
Heart beat in adm/daemons/quest/explore turned off.
Error in error handler: *Too deep recursion.
program: /adm/single/master.c, object: /adm/single/master, file: /adm/single/master.c:424
'     heart_beat' in 'adm/daemons/quest/shen.c' ('adm/daemons/quest/shen') /adm/daemons/quest/shen.c:37
arguments were ()
'    start_quest' in 'adm/daemons/quest/shen.c' ('adm/daemons/quest/shen') /adm/daemons/quest/shen.c:25
arguments were ()
locals were: clone/quest/shen#723,0,0
'     init_quest' in '  clone/quest/shen.c' ('clone/quest/shen#723') /clone/quest/shen.c:39
arguments were ()
locals were: 0,0,"星宿海",0,0,0
' compile_object' in ' adm/single/master.c' ('   adm/single/master') /adm/single/master.c:41
arguments were ("/kungfu/class/generate/shennpc")
locals were: adm/daemons/virtuald
' compile_object' in 'adm/daemons/virtuald.c' ('adm/daemons/virtuald') /adm/daemons/virtuald.c:35
arguments were ("/kungfu/class/generate/shennpc")
locals were: ({ /* sizeof() == 4 */
  "kungfu",
  "class",
  "generate",
  "shennpc"
}),"/kungfu/class/generate/shennpc",3,0
' compile_object' in ' adm/single/master.c' ('   adm/single/master') /adm/single/master.c:41
arguments were ("/kungfu/class/generate/shennpc")
locals were: adm/daemons/virtuald
' compile_object' in 'adm/daemons/virtuald.c' ('adm/daemons/virtuald') /adm/daemons/virtuald.c:35
arguments were ("/kungfu/class/generate/shennpc")
locals were: ({ /* sizeof() == 4 */
  "kungfu",
  "class",
  "generate",
  "shennpc"
}),"/kungfu/class/generate/shennpc",3,0
' compile_object' in ' adm/single/master.c' ('   adm/single/master') /adm/single/master.c:41
arguments were ("/kungfu/class/generate/shennpc")
locals were: adm/daemons/virtuald
' compile_object' in 'adm/daemons/virtuald.c' ('adm/daemons/virtuald') /adm/daemons/virtuald.c:35
arguments were ("/kungfu/class/generate/shennpc")
locals were: ({ /* sizeof() == 4 */
  "kungfu",
  "class",
  "generate",
  "shennpc"
}),"/kungfu/class/generate/shennpc",3,0
' compile_object' in ' adm/single/master.c' ('   adm/single/master') /adm/single/master.c:41
arguments were ("/kungfu/class/generate/shennpc")
locals were: adm/daemons/virtuald
' compile_object' in 'adm/daemons/virtuald.c' ('adm/daemons/virtuald') /adm/daemons/virtuald.c:35
arguments were ("/kungfu/class/generate/shennpc")
locals were: ({ /* sizeof() == 4 */
  "kungfu",
  "class",
  "generate",
  "shennpc"
}),"/kungfu/class/generate/shennpc",3,0
' compile_object' in ' adm/single/master.c' ('   adm/single/master') /adm/single/master.c:41
arguments were ("/kungfu/class/generate/shennpc")
locals were: adm/daemons/virtuald
' compile_object' in 'adm/daemons/virtuald.c' ('adm/daemons/virtuald') /adm/daemons/virtuald.c:35
arguments were ("/kungfu/class/generate/shennpc")
locals were: ({ /* sizeof() == 4 */
  "kungfu",
  "class",
  "generate",
  "shennpc"
}),"/kungfu/class/generate/shennpc",3,0
' compile_object' in ' adm/single/master.c' ('   adm/single/master') /adm/single/master.c:41
arguments were ("/kungfu/class/generate/shennpc")
locals were: adm/daemons/virtuald
' compile_object' in 'adm/daemons/virtuald.c' ('adm/daemons/virtuald') /adm/daemons/virtuald.c:35
arguments were ("/kungfu/class/generate/shennpc")
locals were: ({ /* sizeof() == 4 */
  "kungfu",
  "class",
  "generate",
  "shennpc"
}),"/kungfu/class/generate/shennpc",3,0
' compile_object' in ' adm/single/master.c' ('   adm/single/master') /adm/single/master.c:41
arguments were ("/kungfu/class/generate/shennpc")
locals were: adm/daemons/virtuald
' compile_object' in 'adm/daemons/virtuald.c' ('adm/daemons/virtuald') /adm/daemons/virtuald.c:35
arguments were ("/kungfu/class/generate/shennpc")
locals were: ({ /* sizeof() == 4 */
  "kungfu",
  "class",
  "generate",
  "shennpc"
}),"/kungfu/class/generate/shennpc",3,0
' compile_object' in ' adm/single/master.c' ('   adm/single/master') /adm/single/master.c:41
arguments were ("/kungfu/class/generate/shennpc")
locals were: adm/daemons/virtuald
' compile_object' in 'adm/daemons/virtuald.c' ('adm/daemons/virtuald') /adm/daemons/virtuald.c:35
arguments were ("/kungfu/class/generate/shennpc")
locals were: ({ /* sizeof() == 4 */
  "kungfu",
  "class",
  "generate",
  "shennpc"
}),"/kungfu/class/generate/shennpc",3,0
' compile_object' in ' adm/single/master.c' ('   adm/single/master') /adm/single/master.c:41
arguments were ("/kungfu/class/generate/shennpc")
locals were: adm/daemons/virtuald
' compile_object' in 'adm/daemons/virtuald.c' ('adm/daemons/virtuald') /adm/daemons/virtuald.c:35
arguments were ("/kungfu/class/generate/shennpc")
locals were: ({ /* sizeof() == 4 */
  "kungfu",
  "class",
  "generate",
  "shennpc"
}),"/kungfu/class/generate/shennpc",3,0
' compile_object' in ' adm/single/master.c' ('   adm/single/master') /adm/single/master.c:41
arguments were ("/kungfu/class/generate/shennpc")
locals were: adm/daemons/virtuald
' compile_object' in 'adm/daemons/virtuald.c' ('adm/daemons/virtuald') /adm/daemons/virtuald.c:35
arguments were ("/kungfu/class/generate/shennpc")
locals were: ({ /* sizeof() == 4 */
  "kungfu",
  "class",
  "generate",
  "shennpc"
}),"/kungfu/class/generate/shennpc",3,0
' compile_object' in ' adm/single/master.c' ('   adm/single/master') /adm/single/master.c:41
arguments were ("/kungfu/class/generate/shennpc")
locals were: adm/daemons/virtuald
' compile_object' in 'adm/daemons/virtuald.c' ('adm/daemons/virtuald') /adm/daemons/virtuald.c:35
arguments were ("/kungfu/class/generate/shennpc")
locals were: ({ /* sizeof() == 4 */
  "kungfu",
  "class",
  "generate",
  "shennpc"
}),"/kungfu/class/generate/shennpc",3,0
' compile_object' in ' adm/single/master.c' ('   adm/single/master') /adm/single/master.c:41
arguments were ("/kungfu/class/generate/shennpc")
locals were: adm/daemons/virtuald
' compile_object' in 'adm/daemons/virtuald.c' ('adm/daemons/virtuald') /adm/daemons/virtuald.c:35
arguments were ("/kungfu/class/generate/shennpc")
locals were: ({ /* sizeof() == 4 */
  "kungfu",
  "class",
  "generate",
  "shennpc"
}),"/kungfu/class/generate/shennpc",3,0
' compile_object' in ' adm/single/master.c' ('   adm/single/master') /adm/single/master.c:41
arguments were ("/kungfu/class/generate/shennpc")
locals were: adm/daemons/virtuald
' compile_object' in 'adm/daemons/virtuald.c' ('adm/daemons/virtuald') /adm/daemons/virtuald.c:35
arguments were ("/kungfu/class/generate/shennpc")
locals were: ({ /* sizeof() == 4 */
  "kungfu",
  "class",
  "generate",
  "shennpc"
}),"/kungfu/class/generate/shennpc",3,0
' compile_object' in ' adm/single/master.c' ('   adm/single/master') /adm/single/master.c:41
arguments were ("/kungfu/class/generate/shennpc")
locals were: adm/daemons/virtuald
' compile_object' in 'adm/daemons/virtuald.c' ('adm/daemons/virtuald') /adm/daemons/virtuald.c:35
arguments were ("/kungfu/class/generate/shennpc")
locals were: ({ /* sizeof() == 4 */
  "kungfu",
  "class",
  "generate",
  "shennpc"
}),"/kungfu/class/generate/shennpc",3,0
' compile_object' in ' adm/single/master.c' ('   adm/single/master') /adm/single/master.c:41
arguments were ("/kungfu/class/generate/shennpc")
locals were: adm/daemons/virtuald
' compile_object' in 'adm/daemons/virtuald.c' ('adm/daemons/virtuald') /adm/daemons/virtuald.c:35
arguments were ("/kungfu/class/generate/shennpc")
locals were: ({ /* sizeof() == 4 */
  "kungfu",
  "class",
  "generate",
  "shennpc"
}),"/kungfu/class/generate/shennpc",3,0
' compile_object' in ' adm/single/master.c' ('   adm/single/master') /adm/single/master.c:41
arguments were ("/kungfu/class/generate/shennpc")
locals were: adm/daemons/virtuald
' compile_object' in 'adm/daemons/virtuald.c' ('adm/daemons/virtuald') /adm/daemons/virtuald.c:35
arguments were ("/kungfu/class/generate/shennpc")
locals were: ({ /* sizeof() == 4 */
  "kungfu",
  "class",
  "generate",
  "shennpc"
}),"/kungfu/class/generate/shennpc",3,0
' compile_object' in ' adm/single/master.c' ('   adm/single/master') /adm/single/master.c:41
arguments were ("/kungfu/class/generate/shennpc")
locals were: adm/daemons/virtuald
' compile_object' in 'adm/daemons/virtuald.c' ('adm/daemons/virtuald') /adm/daemons/virtuald.c:35
arguments were ("/kungfu/class/generate/shennpc")
locals were: ({ /* sizeof() == 4 */
  "kungfu",
  "class",
  "generate",
  "shennpc"
}),"/kungfu/class/generate/shennpc",3,0
' compile_object' in ' adm/single/master.c' ('   adm/single/master') /adm/single/master.c:41
arguments were ("/kungfu/class/generate/shennpc")
locals were: adm/daemons/virtuald
' compile_object' in 'adm/daemons/virtuald.c' ('adm/daemons/virtuald') /adm/daemons/virtuald.c:35
arguments were ("/kungfu/class/generate/shennpc")
locals were: ({ /* sizeof() == 4 */
  "kungfu",
  "class",
  "generate",
  "shennpc"
}),"/kungfu/class/generate/shennpc",3,0
' compile_object' in ' adm/single/master.c' ('   adm/single/master') /adm/single/master.c:41
arguments were ("/kungfu/class/generate/shennpc")
locals were: adm/daemons/virtuald
' compile_object' in 'adm/daemons/virtuald.c' ('adm/daemons/virtuald') /adm/daemons/virtuald.c:35
arguments were ("/kungfu/class/generate/shennpc")
locals were: ({ /* sizeof() == 4 */
  "kungfu",
  "class",
  "generate",
  "shennpc"
}),"/kungfu/class/generate/shennpc",3,0
' compile_object' in ' adm/single/master.c' ('   adm/single/master') /adm/single/master.c:41
arguments were ("/kungfu/class/generate/shennpc")
locals were: adm/daemons/virtuald
' compile_object' in 'adm/daemons/virtuald.c' ('adm/daemons/virtuald') /adm/daemons/virtuald.c:35
arguments were ("/kungfu/class/generate/shennpc")
locals were: ({ /* sizeof() == 4 */
  "kungfu",
  "class",
  "generate",
  "shennpc"
}),"/kungfu/class/generate/shennpc",3,0
' compile_object' in ' adm/single/master.c' ('   adm/single/master') /adm/single/master.c:41
arguments were ("/kungfu/class/generate/shennpc")
locals were: adm/daemons/virtuald
' compile_object' in 'adm/daemons/virtuald.c' ('adm/daemons/virtuald') /adm/daemons/virtuald.c:35
arguments were ("/kungfu/class/generate/shennpc")
locals were: ({ /* sizeof() == 4 */
  "kungfu",
  "class",
  "generate",
  "shennpc"
}),"/kungfu/class/generate/shennpc",3,0
' compile_object' in ' adm/single/master.c' ('   adm/single/master') /adm/single/master.c:41
arguments were ("/kungfu/class/generate/shennpc")
locals were: adm/daemons/virtuald
' compile_object' in 'adm/daemons/virtuald.c' ('adm/daemons/virtuald') /adm/daemons/virtuald.c:35
arguments were ("/kungfu/class/generate/shennpc")
locals were: ({ /* sizeof() == 4 */
  "kungfu",
  "class",
  "generate",
  "shennpc"
}),"/kungfu/class/generate/shennpc",3,0
' compile_object' in ' adm/single/master.c' ('   adm/single/master') /adm/single/master.c:41
arguments were ("/kungfu/class/generate/shennpc")
locals were: adm/daemons/virtuald
' compile_object' in 'adm/daemons/virtuald.c' ('adm/daemons/virtuald') /adm/daemons/virtuald.c:25
arguments were ("/kungfu/class/generate/shennpc")
locals were: ({ /* sizeof() == 4 */
  "kungfu",
  "class",
  "generate",
  "shennpc"
}),"/kungfu",0,0
'     valid_read' in ' adm/single/master.c' ('   adm/single/master') /adm/single/master.c:424
arguments were ("/kungfu",adm/daemons/virtuald,"file_size")
locals were: adm/daemons/securityd
Heart beat in adm/daemons/quest/shen turned off.
Error in error handler: *Too deep recursion.
program: /adm/single/master.c, object: /adm/single/master, file: /adm/single/master.c:424
'     heart_beat' in 'adm/daemons/quest/judge.c' ('adm/daemons/quest/judge') /adm/daemons/quest/judge.c:35
arguments were ()
'    start_quest' in 'adm/daemons/quest/judge.c' ('adm/daemons/quest/judge') /adm/daemons/quest/judge.c:23
arguments were ()
locals were: clone/quest/judge#724
'     init_quest' in ' clone/quest/judge.c' ('clone/quest/judge#724') /clone/quest/judge.c:40
arguments were ()
locals were: 0,"成都城",0,0,0
' compile_object' in ' adm/single/master.c' ('   adm/single/master') /adm/single/master.c:41
arguments were ("/kungfu/class/generate/questnpc")
locals were: adm/daemons/virtuald
' compile_object' in 'adm/daemons/virtuald.c' ('adm/daemons/virtuald') /adm/daemons/virtuald.c:35
arguments were ("/kungfu/class/generate/questnpc")
locals were: ({ /* sizeof() == 4 */
  "kungfu",
  "class",
  "generate",
  "questnpc"
}),"/kungfu/class/generate/questnpc",3,0
' compile_object' in ' adm/single/master.c' ('   adm/single/master') /adm/single/master.c:41
arguments were ("/kungfu/class/generate/questnpc")
locals were: adm/daemons/virtuald
' compile_object' in 'adm/daemons/virtuald.c' ('adm/daemons/virtuald') /adm/daemons/virtuald.c:35
arguments were ("/kungfu/class/generate/questnpc")
locals were: ({ /* sizeof() == 4 */
  "kungfu",
  "class",
  "generate",
  "questnpc"
}),"/kungfu/class/generate/questnpc",3,0
' compile_object' in ' adm/single/master.c' ('   adm/single/master') /adm/single/master.c:41
arguments were ("/kungfu/class/generate/questnpc")
locals were: adm/daemons/virtuald
' compile_object' in 'adm/daemons/virtuald.c' ('adm/daemons/virtuald') /adm/daemons/virtuald.c:35
arguments were ("/kungfu/class/generate/questnpc")
locals were: ({ /* sizeof() == 4 */
  "kungfu",
  "class",
  "generate",
  "questnpc"
}),"/kungfu/class/generate/questnpc",3,0
' compile_object' in ' adm/single/master.c' ('   adm/single/master') /adm/single/master.c:41
arguments were ("/kungfu/class/generate/questnpc")
locals were: adm/daemons/virtuald
' compile_object' in 'adm/daemons/virtuald.c' ('adm/daemons/virtuald') /adm/daemons/virtuald.c:35
arguments were ("/kungfu/class/generate/questnpc")
locals were: ({ /* sizeof() == 4 */
  "kungfu",
  "class",
  "generate",
  "questnpc"
}),"/kungfu/class/generate/questnpc",3,0
' compile_object' in ' adm/single/master.c' ('   adm/single/master') /adm/single/master.c:41
arguments were ("/kungfu/class/generate/questnpc")
locals were: adm/daemons/virtuald
' compile_object' in 'adm/daemons/virtuald.c' ('adm/daemons/virtuald') /adm/daemons/virtuald.c:35
arguments were ("/kungfu/class/generate/questnpc")
locals were: ({ /* sizeof() == 4 */
  "kungfu",
  "class",
  "generate",
  "questnpc"
}),"/kungfu/class/generate/questnpc",3,0
' compile_object' in ' adm/single/master.c' ('   adm/single/master') /adm/single/master.c:41
arguments were ("/kungfu/class/generate/questnpc")
locals were: adm/daemons/virtuald
' compile_object' in 'adm/daemons/virtuald.c' ('adm/daemons/virtuald') /adm/daemons/virtuald.c:35
arguments were ("/kungfu/class/generate/questnpc")
locals were: ({ /* sizeof() == 4 */
  "kungfu",
  "class",
  "generate",
  "questnpc"
}),"/kungfu/class/generate/questnpc",3,0
' compile_object' in ' adm/single/master.c' ('   adm/single/master') /adm/single/master.c:41
arguments were ("/kungfu/class/generate/questnpc")
locals were: adm/daemons/virtuald
' compile_object' in 'adm/daemons/virtuald.c' ('adm/daemons/virtuald') /adm/daemons/virtuald.c:35
arguments were ("/kungfu/class/generate/questnpc")
locals were: ({ /* sizeof() == 4 */
  "kungfu",
  "class",
  "generate",
  "questnpc"
}),"/kungfu/class/generate/questnpc",3,0
' compile_object' in ' adm/single/master.c' ('   adm/single/master') /adm/single/master.c:41
arguments were ("/kungfu/class/generate/questnpc")
locals were: adm/daemons/virtuald
' compile_object' in 'adm/daemons/virtuald.c' ('adm/daemons/virtuald') /adm/daemons/virtuald.c:35
arguments were ("/kungfu/class/generate/questnpc")
locals were: ({ /* sizeof() == 4 */
  "kungfu",
  "class",
  "generate",
  "questnpc"
}),"/kungfu/class/generate/questnpc",3,0
' compile_object' in ' adm/single/master.c' ('   adm/single/master') /adm/single/master.c:41
arguments were ("/kungfu/class/generate/questnpc")
locals were: adm/daemons/virtuald
' compile_object' in 'adm/daemons/virtuald.c' ('adm/daemons/virtuald') /adm/daemons/virtuald.c:35
arguments were ("/kungfu/class/generate/questnpc")
locals were: ({ /* sizeof() == 4 */
  "kungfu",
  "class",
  "generate",
  "questnpc"
}),"/kungfu/class/generate/questnpc",3,0
' compile_object' in ' adm/single/master.c' ('   adm/single/master') /adm/single/master.c:41
arguments were ("/kungfu/class/generate/questnpc")
locals were: adm/daemons/virtuald
' compile_object' in 'adm/daemons/virtuald.c' ('adm/daemons/virtuald') /adm/daemons/virtuald.c:35
arguments were ("/kungfu/class/generate/questnpc")
locals were: ({ /* sizeof() == 4 */
  "kungfu",
  "class",
  "generate",
  "questnpc"
}),"/kungfu/class/generate/questnpc",3,0
' compile_object' in ' adm/single/master.c' ('   adm/single/master') /adm/single/master.c:41
arguments were ("/kungfu/class/generate/questnpc")
locals were: adm/daemons/virtuald
' compile_object' in 'adm/daemons/virtuald.c' ('adm/daemons/virtuald') /adm/daemons/virtuald.c:35
arguments were ("/kungfu/class/generate/questnpc")
locals were: ({ /* sizeof() == 4 */
  "kungfu",
  "class",
  "generate",
  "questnpc"
}),"/kungfu/class/generate/questnpc",3,0
' compile_object' in ' adm/single/master.c' ('   adm/single/master') /adm/single/master.c:41
arguments were ("/kungfu/class/generate/questnpc")
locals were: adm/daemons/virtuald
' compile_object' in 'adm/daemons/virtuald.c' ('adm/daemons/virtuald') /adm/daemons/virtuald.c:35
arguments were ("/kungfu/class/generate/questnpc")
locals were: ({ /* sizeof() == 4 */
  "kungfu",
  "class",
  "generate",
  "questnpc"
}),"/kungfu/class/generate/questnpc",3,0
' compile_object' in ' adm/single/master.c' ('   adm/single/master') /adm/single/master.c:41
arguments were ("/kungfu/class/generate/questnpc")
locals were: adm/daemons/virtuald
' compile_object' in 'adm/daemons/virtuald.c' ('adm/daemons/virtuald') /adm/daemons/virtuald.c:35
arguments were ("/kungfu/class/generate/questnpc")
locals were: ({ /* sizeof() == 4 */
  "kungfu",
  "class",
  "generate",
  "questnpc"
}),"/kungfu/class/generate/questnpc",3,0
' compile_object' in ' adm/single/master.c' ('   adm/single/master') /adm/single/master.c:41
arguments were ("/kungfu/class/generate/questnpc")
locals were: adm/daemons/virtuald
' compile_object' in 'adm/daemons/virtuald.c' ('adm/daemons/virtuald') /adm/daemons/virtuald.c:35
arguments were ("/kungfu/class/generate/questnpc")
locals were: ({ /* sizeof() == 4 */
  "kungfu",
  "class",
  "generate",
  "questnpc"
}),"/kungfu/class/generate/questnpc",3,0
' compile_object' in ' adm/single/master.c' ('   adm/single/master') /adm/single/master.c:41
arguments were ("/kungfu/class/generate/questnpc")
locals were: adm/daemons/virtuald
' compile_object' in 'adm/daemons/virtuald.c' ('adm/daemons/virtuald') /adm/daemons/virtuald.c:35
arguments were ("/kungfu/class/generate/questnpc")
locals were: ({ /* sizeof() == 4 */
  "kungfu",
  "class",
  "generate",
  "questnpc"
}),"/kungfu/class/generate/questnpc",3,0
' compile_object' in ' adm/single/master.c' ('   adm/single/master') /adm/single/master.c:41
arguments were ("/kungfu/class/generate/questnpc")
locals were: adm/daemons/virtuald
' compile_object' in 'adm/daemons/virtuald.c' ('adm/daemons/virtuald') /adm/daemons/virtuald.c:35
arguments were ("/kungfu/class/generate/questnpc")
locals were: ({ /* sizeof() == 4 */
  "kungfu",
  "class",
  "generate",
  "questnpc"
}),"/kungfu/class/generate/questnpc",3,0
' compile_object' in ' adm/single/master.c' ('   adm/single/master') /adm/single/master.c:41
arguments were ("/kungfu/class/generate/questnpc")
locals were: adm/daemons/virtuald
' compile_object' in 'adm/daemons/virtuald.c' ('adm/daemons/virtuald') /adm/daemons/virtuald.c:35
arguments were ("/kungfu/class/generate/questnpc")
locals were: ({ /* sizeof() == 4 */
  "kungfu",
  "class",
  "generate",
  "questnpc"
}),"/kungfu/class/generate/questnpc",3,0
' compile_object' in ' adm/single/master.c' ('   adm/single/master') /adm/single/master.c:41
arguments were ("/kungfu/class/generate/questnpc")
locals were: adm/daemons/virtuald
' compile_object' in 'adm/daemons/virtuald.c' ('adm/daemons/virtuald') /adm/daemons/virtuald.c:35
arguments were ("/kungfu/class/generate/questnpc")
locals were: ({ /* sizeof() == 4 */
  "kungfu",
  "class",
  "generate",
  "questnpc"
}),"/kungfu/class/generate/questnpc",3,0
' compile_object' in ' adm/single/master.c' ('   adm/single/master') /adm/single/master.c:41
arguments were ("/kungfu/class/generate/questnpc")
locals were: adm/daemons/virtuald
' compile_object' in 'adm/daemons/virtuald.c' ('adm/daemons/virtuald') /adm/daemons/virtuald.c:35
arguments were ("/kungfu/class/generate/questnpc")
locals were: ({ /* sizeof() == 4 */
  "kungfu",
  "class",
  "generate",
  "questnpc"
}),"/kungfu/class/generate/questnpc",3,0
' compile_object' in ' adm/single/master.c' ('   adm/single/master') /adm/single/master.c:41
arguments were ("/kungfu/class/generate/questnpc")
locals were: adm/daemons/virtuald
' compile_object' in 'adm/daemons/virtuald.c' ('adm/daemons/virtuald') /adm/daemons/virtuald.c:35
arguments were ("/kungfu/class/generate/questnpc")
locals were: ({ /* sizeof() == 4 */
  "kungfu",
  "class",
  "generate",
  "questnpc"
}),"/kungfu/class/generate/questnpc",3,0
' compile_object' in ' adm/single/master.c' ('   adm/single/master') /adm/single/master.c:41
arguments were ("/kungfu/class/generate/questnpc")
locals were: adm/daemons/virtuald
' compile_object' in 'adm/daemons/virtuald.c' ('adm/daemons/virtuald') /adm/daemons/virtuald.c:35
arguments were ("/kungfu/class/generate/questnpc")
locals were: ({ /* sizeof() == 4 */
  "kungfu",
  "class",
  "generate",
  "questnpc"
}),"/kungfu/class/generate/questnpc",3,0
' compile_object' in ' adm/single/master.c' ('   adm/single/master') /adm/single/master.c:41
arguments were ("/kungfu/class/generate/questnpc")
locals were: adm/daemons/virtuald
' compile_object' in 'adm/daemons/virtuald.c' ('adm/daemons/virtuald') /adm/daemons/virtuald.c:35
arguments were ("/kungfu/class/generate/questnpc")
locals were: ({ /* sizeof() == 4 */
  "kungfu",
  "class",
  "generate",
  "questnpc"
}),"/kungfu/class/generate/questnpc",3,0
' compile_object' in ' adm/single/master.c' ('   adm/single/master') /adm/single/master.c:41
arguments were ("/kungfu/class/generate/questnpc")
locals were: adm/daemons/virtuald
' compile_object' in 'adm/daemons/virtuald.c' ('adm/daemons/virtuald') /adm/daemons/virtuald.c:25
arguments were ("/kungfu/class/generate/questnpc")
locals were: ({ /* sizeof() == 4 */
  "kungfu",
  "class",
  "generate",
  "questnpc"
}),"/kungfu",0,0
'     valid_read' in ' adm/single/master.c' ('   adm/single/master') /adm/single/master.c:424
arguments were ("/kungfu",adm/daemons/virtuald,"file_size")
locals were: adm/daemons/securityd
Heart beat in adm/daemons/quest/judge turned off.
Error in error handler: *Too deep recursion.
program: /adm/single/master.c, object: /adm/single/master, file: /adm/single/master.c:424
'     heart_beat' in 'adm/daemons/quest/supply.c' ('adm/daemons/quest/supply') /adm/daemons/quest/supply.c:119
arguments were ()
'    start_quest' in 'adm/daemons/quest/supply.c' ('adm/daemons/quest/supply') /adm/daemons/quest/supply.c:88
arguments were ()
locals were: 0,0,({ /* sizeof() == 7 */
  clone/quest/supply#721,
  clone/quest/supply#701,
  clone/quest/supply#658,
  clone/quest/supply#647,
  clone/quest/supply#614,
  clone/quest/supply#576,
  clone/quest/supply
}),({ /* sizeof() == 15 */
  "/d/shaolin/shanmen",
  "/d/lingzhou/xiaoxiaochang",
  "/d/changan/biaoju-damen",
  "/d/lingzhou/jiangjungate",
  "/d/suzhou/toumenshan",
  "/d/city3/bingqidian",
  "/d/city/wuguan",
  "/d/city3/wuguan",
  "/d/city/dongmen",
  "/d/dali/bingying",
  "/d/beijing/xichang",
  "/d/dali/tusifu",
  "/d/changan/xunbufang",
  "/d/quanzhou/jiaxinggang",
  "/d/shaolin/ruzhou"
}),"/d/quanzhou/jiaxinggang",0,0
'     get_object' in 'adm/single/simul_efun.c' ('adm/single/simul_efun') /adm/simul_efun/util.c:151
arguments were ("/d/quanzhou/jiaxinggang")
locals were: 0
' compile_object' in ' adm/single/master.c' ('   adm/single/master') /adm/single/master.c:41
arguments were ("/d/quanzhou/jiaxinggang")
locals were: adm/daemons/virtuald
' compile_object' in 'adm/daemons/virtuald.c' ('adm/daemons/virtuald') /adm/daemons/virtuald.c:35
arguments were ("/d/quanzhou/jiaxinggang")
locals were: ({ /* sizeof() == 3 */
  "d",
  "quanzhou",
  "jiaxinggang"
}),"/d/quanzhou",1,0
' compile_object' in ' adm/single/master.c' ('   adm/single/master') /adm/single/master.c:41
arguments were ("/d/quanzhou")
locals were: adm/daemons/virtuald
' compile_object' in 'adm/daemons/virtuald.c' ('adm/daemons/virtuald') /adm/daemons/virtuald.c:35
arguments were ("/d/quanzhou")
locals were: ({ /* sizeof() == 2 */
  "d",
  "quanzhou"
}),"/d/quanzhou",1,0
' compile_object' in ' adm/single/master.c' ('   adm/single/master') /adm/single/master.c:41
arguments were ("/d/quanzhou")
locals were: adm/daemons/virtuald
' compile_object' in 'adm/daemons/virtuald.c' ('adm/daemons/virtuald') /adm/daemons/virtuald.c:35
arguments were ("/d/quanzhou")
locals were: ({ /* sizeof() == 2 */
  "d",
  "quanzhou"
}),"/d/quanzhou",1,0
' compile_object' in ' adm/single/master.c' ('   adm/single/master') /adm/single/master.c:41
arguments were ("/d/quanzhou")
locals were: adm/daemons/virtuald
' compile_object' in 'adm/daemons/virtuald.c' ('adm/daemons/virtuald') /adm/daemons/virtuald.c:35
arguments were ("/d/quanzhou")
locals were: ({ /* sizeof() == 2 */
  "d",
  "quanzhou"
}),"/d/quanzhou",1,0
' compile_object' in ' adm/single/master.c' ('   adm/single/master') /adm/single/master.c:41
arguments were ("/d/quanzhou")
locals were: adm/daemons/virtuald
' compile_object' in 'adm/daemons/virtuald.c' ('adm/daemons/virtuald') /adm/daemons/virtuald.c:35
arguments were ("/d/quanzhou")
locals were: ({ /* sizeof() == 2 */
  "d",
  "quanzhou"
}),"/d/quanzhou",1,0
' compile_object' in ' adm/single/master.c' ('   adm/single/master') /adm/single/master.c:41
arguments were ("/d/quanzhou")
locals were: adm/daemons/virtuald
' compile_object' in 'adm/daemons/virtuald.c' ('adm/daemons/virtuald') /adm/daemons/virtuald.c:35
arguments were ("/d/quanzhou")
locals were: ({ /* sizeof() == 2 */
  "d",
  "quanzhou"
}),"/d/quanzhou",1,0
' compile_object' in ' adm/single/master.c' ('   adm/single/master') /adm/single/master.c:41
arguments were ("/d/quanzhou")
locals were: adm/daemons/virtuald
' compile_object' in 'adm/daemons/virtuald.c' ('adm/daemons/virtuald') /adm/daemons/virtuald.c:35
arguments were ("/d/quanzhou")
locals were: ({ /* sizeof() == 2 */
  "d",
  "quanzhou"
}),"/d/quanzhou",1,0
' compile_object' in ' adm/single/master.c' ('   adm/single/master') /adm/single/master.c:41
arguments were ("/d/quanzhou")
locals were: adm/daemons/virtuald
' compile_object' in 'adm/daemons/virtuald.c' ('adm/daemons/virtuald') /adm/daemons/virtuald.c:35
arguments were ("/d/quanzhou")
locals were: ({ /* sizeof() == 2 */
  "d",
  "quanzhou"
}),"/d/quanzhou",1,0
' compile_object' in ' adm/single/master.c' ('   adm/single/master') /adm/single/master.c:41
arguments were ("/d/quanzhou")
locals were: adm/daemons/virtuald
' compile_object' in 'adm/daemons/virtuald.c' ('adm/daemons/virtuald') /adm/daemons/virtuald.c:35
arguments were ("/d/quanzhou")
locals were: ({ /* sizeof() == 2 */
  "d",
  "quanzhou"
}),"/d/quanzhou",1,0
' compile_object' in ' adm/single/master.c' ('   adm/single/master') /adm/single/master.c:41
arguments were ("/d/quanzhou")
locals were: adm/daemons/virtuald
' compile_object' in 'adm/daemons/virtuald.c' ('adm/daemons/virtuald') /adm/daemons/virtuald.c:35
arguments were ("/d/quanzhou")
locals were: ({ /* sizeof() == 2 */
  "d",
  "quanzhou"
}),"/d/quanzhou",1,0
' compile_object' in ' adm/single/master.c' ('   adm/single/master') /adm/single/master.c:41
arguments were ("/d/quanzhou")
locals were: adm/daemons/virtuald
' compile_object' in 'adm/daemons/virtuald.c' ('adm/daemons/virtuald') /adm/daemons/virtuald.c:35
arguments were ("/d/quanzhou")
locals were: ({ /* sizeof() == 2 */
  "d",
  "quanzhou"
}),"/d/quanzhou",1,0
' compile_object' in ' adm/single/master.c' ('   adm/single/master') /adm/single/master.c:41
arguments were ("/d/quanzhou")
locals were: adm/daemons/virtuald
' compile_object' in 'adm/daemons/virtuald.c' ('adm/daemons/virtuald') /adm/daemons/virtuald.c:35
arguments were ("/d/quanzhou")
locals were: ({ /* sizeof() == 2 */
  "d",
  "quanzhou"
}),"/d/quanzhou",1,0
' compile_object' in ' adm/single/master.c' ('   adm/single/master') /adm/single/master.c:41
arguments were ("/d/quanzhou")
locals were: adm/daemons/virtuald
' compile_object' in 'adm/daemons/virtuald.c' ('adm/daemons/virtuald') /adm/daemons/virtuald.c:35
arguments were ("/d/quanzhou")
locals were: ({ /* sizeof() == 2 */
  "d",
  "quanzhou"
}),"/d/quanzhou",1,0
' compile_object' in ' adm/single/master.c' ('   adm/single/master') /adm/single/master.c:41
arguments were ("/d/quanzhou")
locals were: adm/daemons/virtuald
' compile_object' in 'adm/daemons/virtuald.c' ('adm/daemons/virtuald') /adm/daemons/virtuald.c:35
arguments were ("/d/quanzhou")
locals were: ({ /* sizeof() == 2 */
  "d",
  "quanzhou"
}),"/d/quanzhou",1,0
' compile_object' in ' adm/single/master.c' ('   adm/single/master') /adm/single/master.c:41
arguments were ("/d/quanzhou")
locals were: adm/daemons/virtuald
' compile_object' in 'adm/daemons/virtuald.c' ('adm/daemons/virtuald') /adm/daemons/virtuald.c:35
arguments were ("/d/quanzhou")
locals were: ({ /* sizeof() == 2 */
  "d",
  "quanzhou"
}),"/d/quanzhou",1,0
' compile_object' in ' adm/single/master.c' ('   adm/single/master') /adm/single/master.c:41
arguments were ("/d/quanzhou")
locals were: adm/daemons/virtuald
' compile_object' in 'adm/daemons/virtuald.c' ('adm/daemons/virtuald') /adm/daemons/virtuald.c:35
arguments were ("/d/quanzhou")
locals were: ({ /* sizeof() == 2 */
  "d",
  "quanzhou"
}),"/d/quanzhou",1,0
' compile_object' in ' adm/single/master.c' ('   adm/single/master') /adm/single/master.c:41
arguments were ("/d/quanzhou")
locals were: adm/daemons/virtuald
' compile_object' in 'adm/daemons/virtuald.c' ('adm/daemons/virtuald') /adm/daemons/virtuald.c:35
arguments were ("/d/quanzhou")
locals were: ({ /* sizeof() == 2 */
  "d",
  "quanzhou"
}),"/d/quanzhou",1,0
' compile_object' in ' adm/single/master.c' ('   adm/single/master') /adm/single/master.c:41
arguments were ("/d/quanzhou")
locals were: adm/daemons/virtuald
' compile_object' in 'adm/daemons/virtuald.c' ('adm/daemons/virtuald') /adm/daemons/virtuald.c:35
arguments were ("/d/quanzhou")
locals were: ({ /* sizeof() == 2 */
  "d",
  "quanzhou"
}),"/d/quanzhou",1,0
' compile_object' in ' adm/single/master.c' ('   adm/single/master') /adm/single/master.c:41
arguments were ("/d/quanzhou")
locals were: adm/daemons/virtuald
' compile_object' in 'adm/daemons/virtuald.c' ('adm/daemons/virtuald') /adm/daemons/virtuald.c:35
arguments were ("/d/quanzhou")
locals were: ({ /* sizeof() == 2 */
  "d",
  "quanzhou"
}),"/d/quanzhou",1,0
' compile_object' in ' adm/single/master.c' ('   adm/single/master') /adm/single/master.c:41
arguments were ("/d/quanzhou")
locals were: adm/daemons/virtuald
' compile_object' in 'adm/daemons/virtuald.c' ('adm/daemons/virtuald') /adm/daemons/virtuald.c:35
arguments were ("/d/quanzhou")
locals were: ({ /* sizeof() == 2 */
  "d",
  "quanzhou"
}),"/d/quanzhou",1,0
' compile_object' in ' adm/single/master.c' ('   adm/single/master') /adm/single/master.c:41
arguments were ("/d/quanzhou")
locals were: adm/daemons/virtuald
' compile_object' in 'adm/daemons/virtuald.c' ('adm/daemons/virtuald') /adm/daemons/virtuald.c:35
arguments were ("/d/quanzhou")
locals were: ({ /* sizeof() == 2 */
  "d",
  "quanzhou"
}),"/d/quanzhou",1,0
' compile_object' in ' adm/single/master.c' ('   adm/single/master') /adm/single/master.c:41
arguments were ("/d/quanzhou")
locals were: adm/daemons/virtuald
' compile_object' in 'adm/daemons/virtuald.c' ('adm/daemons/virtuald') /adm/daemons/virtuald.c:35
arguments were ("/d/quanzhou")
locals were: ({ /* sizeof() == 2 */
  "d",
  "quanzhou"
}),"/d/quanzhou",1,0
' compile_object' in ' adm/single/master.c' ('   adm/single/master') /adm/single/master.c:41
arguments were ("/d/quanzhou")
locals were: adm/daemons/virtuald
' compile_object' in 'adm/daemons/virtuald.c' ('adm/daemons/virtuald') /adm/daemons/virtuald.c:25
arguments were ("/d/quanzhou")
locals were: ({ /* sizeof() == 2 */
  "d",
  "quanzhou"
}),"/d",0,0
'     valid_read' in ' adm/single/master.c' ('   adm/single/master') /adm/single/master.c:424
arguments were ("/d",adm/daemons/virtuald,"file_size")
locals were: adm/daemons/securityd
Heart beat in adm/daemons/quest/supply turned off.
Initializing internal tables....

<---侠客行: MudOs v22pre11 (by wwj,Jan  1 1999) startup on Microsoft Windows 98 at Thu Apr 10 20:51:55 2003

using config file: F:\hell\config.xkx
Can't find "mudos", ignoring old binaries.
Try invoking the driver using the full pathname.
System Error: init_addr_server: connect: WSAECONNREFUSED
]simul_efun loaded successfully.

Loading preloaded files ...
Initializations complete.

Accepting connections on port 5555.
Error in error handler: *Too deep recursion.
program: /adm/single/master.c, object: /adm/single/master, file: /adm/single/master.c:424
'     heart_beat' in 'adm/daemons/quest/search.c' ('adm/daemons/quest/search') /adm/daemons/quest/search.c:66
arguments were ()
'    start_quest' in 'adm/daemons/quest/search.c' ('adm/daemons/quest/search') /adm/daemons/quest/search.c:53
arguments were ()
locals were: clone/quest/search#34,"/clone/questob/tieruyi",({ /* sizeof() == 19 */
  "/clone/questob/baijinhe",
  "/clone/questob/baiyubi",
  "/clone/questob/jingua",
  "/clone/questob/jinhulu",
  "/clone/questob/jlhua",
  "/clone/questob/jxshi",
  "/clone/questob/qkmao",
  "/clone/questob/qtding",
  "/clone/questob/sjping",
  "/clone/questob/tiegy",
  "/clone/questob/tieruyi",
  "/clone/questob/tongxq",
  "/clone/questob/ygbei",
  "/clone/questob/ylhua",
  "/clone/questob/yudai",
  "/clone/questob/yuhulu",
  "/clone/questob/yuping",
  "/clone/questob/zijinchui",
  "/clone/questob/zysha"
})
'     init_quest' in 'clone/quest/search.c' ('clone/quest/search#34') /clone/quest/search.c:64
arguments were ("/clone/questob/tieruyi")
locals were: "寻找铁如意",clone/questob/tieruyi,"灵州","关外",0,0,0
' compile_object' in ' adm/single/master.c' ('   adm/single/master') /adm/single/master.c:41
arguments were ("/kungfu/class/generate/questnpc")
locals were: adm/daemons/virtuald
' compile_object' in 'adm/daemons/virtuald.c' ('adm/daemons/virtuald') /adm/daemons/virtuald.c:35
arguments were ("/kungfu/class/generate/questnpc")
locals were: ({ /* sizeof() == 4 */
  "kungfu",
  "class",
  "generate",
  "questnpc"
}),"/kungfu/class/generate/questnpc",3,0
' compile_object' in ' adm/single/master.c' ('   adm/single/master') /adm/single/master.c:41
arguments were ("/kungfu/class/generate/questnpc")
locals were: adm/daemons/virtuald
' compile_object' in 'adm/daemons/virtuald.c' ('adm/daemons/virtuald') /adm/daemons/virtuald.c:35
arguments were ("/kungfu/class/generate/questnpc")
locals were: ({ /* sizeof() == 4 */
  "kungfu",
  "class",
  "generate",
  "questnpc"
}),"/kungfu/class/generate/questnpc",3,0
' compile_object' in ' adm/single/master.c' ('   adm/single/master') /adm/single/master.c:41
arguments were ("/kungfu/class/generate/questnpc")
locals were: adm/daemons/virtuald
' compile_object' in 'adm/daemons/virtuald.c' ('adm/daemons/virtuald') /adm/daemons/virtuald.c:35
arguments were ("/kungfu/class/generate/questnpc")
locals were: ({ /* sizeof() == 4 */
  "kungfu",
  "class",
  "generate",
  "questnpc"
}),"/kungfu/class/generate/questnpc",3,0
' compile_object' in ' adm/single/master.c' ('   adm/single/master') /adm/single/master.c:41
arguments were ("/kungfu/class/generate/questnpc")
locals were: adm/daemons/virtuald
' compile_object' in 'adm/daemons/virtuald.c' ('adm/daemons/virtuald') /adm/daemons/virtuald.c:35
arguments were ("/kungfu/class/generate/questnpc")
locals were: ({ /* sizeof() == 4 */
  "kungfu",
  "class",
  "generate",
  "questnpc"
}),"/kungfu/class/generate/questnpc",3,0
' compile_object' in ' adm/single/master.c' ('   adm/single/master') /adm/single/master.c:41
arguments were ("/kungfu/class/generate/questnpc")
locals were: adm/daemons/virtuald
' compile_object' in 'adm/daemons/virtuald.c' ('adm/daemons/virtuald') /adm/daemons/virtuald.c:35
arguments were ("/kungfu/class/generate/questnpc")
locals were: ({ /* sizeof() == 4 */
  "kungfu",
  "class",
  "generate",
  "questnpc"
}),"/kungfu/class/generate/questnpc",3,0
' compile_object' in ' adm/single/master.c' ('   adm/single/master') /adm/single/master.c:41
arguments were ("/kungfu/class/generate/questnpc")
locals were: adm/daemons/virtuald
' compile_object' in 'adm/daemons/virtuald.c' ('adm/daemons/virtuald') /adm/daemons/virtuald.c:35
arguments were ("/kungfu/class/generate/questnpc")
locals were: ({ /* sizeof() == 4 */
  "kungfu",
  "class",
  "generate",
  "questnpc"
}),"/kungfu/class/generate/questnpc",3,0
' compile_object' in ' adm/single/master.c' ('   adm/single/master') /adm/single/master.c:41
arguments were ("/kungfu/class/generate/questnpc")
locals were: adm/daemons/virtuald
' compile_object' in 'adm/daemons/virtuald.c' ('adm/daemons/virtuald') /adm/daemons/virtuald.c:35
arguments were ("/kungfu/class/generate/questnpc")
locals were: ({ /* sizeof() == 4 */
  "kungfu",
  "class",
  "generate",
  "questnpc"
}),"/kungfu/class/generate/questnpc",3,0
' compile_object' in ' adm/single/master.c' ('   adm/single/master') /adm/single/master.c:41
arguments were ("/kungfu/class/generate/questnpc")
locals were: adm/daemons/virtuald
' compile_object' in 'adm/daemons/virtuald.c' ('adm/daemons/virtuald') /adm/daemons/virtuald.c:35
arguments were ("/kungfu/class/generate/questnpc")
locals were: ({ /* sizeof() == 4 */
  "kungfu",
  "class",
  "generate",
  "questnpc"
}),"/kungfu/class/generate/questnpc",3,0
' compile_object' in ' adm/single/master.c' ('   adm/single/master') /adm/single/master.c:41
arguments were ("/kungfu/class/generate/questnpc")
locals were: adm/daemons/virtuald
' compile_object' in 'adm/daemons/virtuald.c' ('adm/daemons/virtuald') /adm/daemons/virtuald.c:35
arguments were ("/kungfu/class/generate/questnpc")
locals were: ({ /* sizeof() == 4 */
  "kungfu",
  "class",
  "generate",
  "questnpc"
}),"/kungfu/class/generate/questnpc",3,0
' compile_object' in ' adm/single/master.c' ('   adm/single/master') /adm/single/master.c:41
arguments were ("/kungfu/class/generate/questnpc")
locals were: adm/daemons/virtuald
' compile_object' in 'adm/daemons/virtuald.c' ('adm/daemons/virtuald') /adm/daemons/virtuald.c:35
arguments were ("/kungfu/class/generate/questnpc")
locals were: ({ /* sizeof() == 4 */
  "kungfu",
  "class",
  "generate",
  "questnpc"
}),"/kungfu/class/generate/questnpc",3,0
' compile_object' in ' adm/single/master.c' ('   adm/single/master') /adm/single/master.c:41
arguments were ("/kungfu/class/generate/questnpc")
locals were: adm/daemons/virtuald
' compile_object' in 'adm/daemons/virtuald.c' ('adm/daemons/virtuald') /adm/daemons/virtuald.c:35
arguments were ("/kungfu/class/generate/questnpc")
locals were: ({ /* sizeof() == 4 */
  "kungfu",
  "class",
  "generate",
  "questnpc"
}),"/kungfu/class/generate/questnpc",3,0
' compile_object' in ' adm/single/master.c' ('   adm/single/master') /adm/single/master.c:41
arguments were ("/kungfu/class/generate/questnpc")
locals were: adm/daemons/virtuald
' compile_object' in 'adm/daemons/virtuald.c' ('adm/daemons/virtuald') /adm/daemons/virtuald.c:35
arguments were ("/kungfu/class/generate/questnpc")
locals were: ({ /* sizeof() == 4 */
  "kungfu",
  "class",
  "generate",
  "questnpc"
}),"/kungfu/class/generate/questnpc",3,0
' compile_object' in ' adm/single/master.c' ('   adm/single/master') /adm/single/master.c:41
arguments were ("/kungfu/class/generate/questnpc")
locals were: adm/daemons/virtuald
' compile_object' in 'adm/daemons/virtuald.c' ('adm/daemons/virtuald') /adm/daemons/virtuald.c:35
arguments were ("/kungfu/class/generate/questnpc")
locals were: ({ /* sizeof() == 4 */
  "kungfu",
  "class",
  "generate",
  "questnpc"
}),"/kungfu/class/generate/questnpc",3,0
' compile_object' in ' adm/single/master.c' ('   adm/single/master') /adm/single/master.c:41
arguments were ("/kungfu/class/generate/questnpc")
locals were: adm/daemons/virtuald
' compile_object' in 'adm/daemons/virtuald.c' ('adm/daemons/virtuald') /adm/daemons/virtuald.c:35
arguments were ("/kungfu/class/generate/questnpc")
locals were: ({ /* sizeof() == 4 */
  "kungfu",
  "class",
  "generate",
  "questnpc"
}),"/kungfu/class/generate/questnpc",3,0
' compile_object' in ' adm/single/master.c' ('   adm/single/master') /adm/single/master.c:41
arguments were ("/kungfu/class/generate/questnpc")
locals were: adm/daemons/virtuald
' compile_object' in 'adm/daemons/virtuald.c' ('adm/daemons/virtuald') /adm/daemons/virtuald.c:35
arguments were ("/kungfu/class/generate/questnpc")
locals were: ({ /* sizeof() == 4 */
  "kungfu",
  "class",
  "generate",
  "questnpc"
}),"/kungfu/class/generate/questnpc",3,0
' compile_object' in ' adm/single/master.c' ('   adm/single/master') /adm/single/master.c:41
arguments were ("/kungfu/class/generate/questnpc")
locals were: adm/daemons/virtuald
' compile_object' in 'adm/daemons/virtuald.c' ('adm/daemons/virtuald') /adm/daemons/virtuald.c:35
arguments were ("/kungfu/class/generate/questnpc")
locals were: ({ /* sizeof() == 4 */
  "kungfu",
  "class",
  "generate",
  "questnpc"
}),"/kungfu/class/generate/questnpc",3,0
' compile_object' in ' adm/single/master.c' ('   adm/single/master') /adm/single/master.c:41
arguments were ("/kungfu/class/generate/questnpc")
locals were: adm/daemons/virtuald
' compile_object' in 'adm/daemons/virtuald.c' ('adm/daemons/virtuald') /adm/daemons/virtuald.c:35
arguments were ("/kungfu/class/generate/questnpc")
locals were: ({ /* sizeof() == 4 */
  "kungfu",
  "class",
  "generate",
  "questnpc"
}),"/kungfu/class/generate/questnpc",3,0
' compile_object' in ' adm/single/master.c' ('   adm/single/master') /adm/single/master.c:41
arguments were ("/kungfu/class/generate/questnpc")
locals were: adm/daemons/virtuald
' compile_object' in 'adm/daemons/virtuald.c' ('adm/daemons/virtuald') /adm/daemons/virtuald.c:35
arguments were ("/kungfu/class/generate/questnpc")
locals were: ({ /* sizeof() == 4 */
  "kungfu",
  "class",
  "generate",
  "questnpc"
}),"/kungfu/class/generate/questnpc",3,0
' compile_object' in ' adm/single/master.c' ('   adm/single/master') /adm/single/master.c:41
arguments were ("/kungfu/class/generate/questnpc")
locals were: adm/daemons/virtuald
' compile_object' in 'adm/daemons/virtuald.c' ('adm/daemons/virtuald') /adm/daemons/virtuald.c:35
arguments were ("/kungfu/class/generate/questnpc")
locals were: ({ /* sizeof() == 4 */
  "kungfu",
  "class",
  "generate",
  "questnpc"
}),"/kungfu/class/generate/questnpc",3,0
' compile_object' in ' adm/single/master.c' ('   adm/single/master') /adm/single/master.c:41
arguments were ("/kungfu/class/generate/questnpc")
locals were: adm/daemons/virtuald
' compile_object' in 'adm/daemons/virtuald.c' ('adm/daemons/virtuald') /adm/daemons/virtuald.c:35
arguments were ("/kungfu/class/generate/questnpc")
locals were: ({ /* sizeof() == 4 */
  "kungfu",
  "class",
  "generate",
  "questnpc"
}),"/kungfu/class/generate/questnpc",3,0
' compile_object' in ' adm/single/master.c' ('   adm/single/master') /adm/single/master.c:41
arguments were ("/kungfu/class/generate/questnpc")
locals were: adm/daemons/virtuald
' compile_object' in 'adm/daemons/virtuald.c' ('adm/daemons/virtuald') /adm/daemons/virtuald.c:35
arguments were ("/kungfu/class/generate/questnpc")
locals were: ({ /* sizeof() == 4 */
  "kungfu",
  "class",
  "generate",
  "questnpc"
}),"/kungfu/class/generate/questnpc",3,0
' compile_object' in ' adm/single/master.c' ('   adm/single/master') /adm/single/master.c:41
arguments were ("/kungfu/class/generate/questnpc")
locals were: adm/daemons/virtuald
' compile_object' in 'adm/daemons/virtuald.c' ('adm/daemons/virtuald') /adm/daemons/virtuald.c:35
arguments were ("/kungfu/class/generate/questnpc")
locals were: ({ /* sizeof() == 4 */
  "kungfu",
  "class",
  "generate",
  "questnpc"
}),"/kungfu/class/generate/questnpc",3,0
' compile_object' in ' adm/single/master.c' ('   adm/single/master') /adm/single/master.c:41
arguments were ("/kungfu/class/generate/questnpc")
locals were: adm/daemons/virtuald
' compile_object' in 'adm/daemons/virtuald.c' ('adm/daemons/virtuald') /adm/daemons/virtuald.c:25
arguments were ("/kungfu/class/generate/questnpc")
locals were: ({ /* sizeof() == 4 */
  "kungfu",
  "class",
  "generate",
  "questnpc"
}),"/kungfu",0,0
'     valid_read' in ' adm/single/master.c' ('   adm/single/master') /adm/single/master.c:424
arguments were ("/kungfu",adm/daemons/virtuald,"file_size")
locals were: adm/daemons/securityd
Heart beat in adm/daemons/quest/search turned off.
Error in error handler: *Too deep recursion.
program: /adm/single/master.c, object: /adm/single/master, file: /adm/single/master.c:424
'     heart_beat' in 'adm/daemons/quest/judge.c' ('adm/daemons/quest/judge') /adm/daemons/quest/judge.c:35
arguments were ()
'    start_quest' in 'adm/daemons/quest/judge.c' ('adm/daemons/quest/judge') /adm/daemons/quest/judge.c:23
arguments were ()
locals were: clone/quest/judge#35
'     init_quest' in ' clone/quest/judge.c' ('clone/quest/judge#35') /clone/quest/judge.c:40
arguments were ()
locals were: 0,"南海一带",0,0,0
' compile_object' in ' adm/single/master.c' ('   adm/single/master') /adm/single/master.c:41
arguments were ("/kungfu/class/generate/questnpc")
locals were: adm/daemons/virtuald
' compile_object' in 'adm/daemons/virtuald.c' ('adm/daemons/virtuald') /adm/daemons/virtuald.c:35
arguments were ("/kungfu/class/generate/questnpc")
locals were: ({ /* sizeof() == 4 */
  "kungfu",
  "class",
  "generate",
  "questnpc"
}),"/kungfu/class/generate/questnpc",3,0
' compile_object' in ' adm/single/master.c' ('   adm/single/master') /adm/single/master.c:41
arguments were ("/kungfu/class/generate/questnpc")
locals were: adm/daemons/virtuald
' compile_object' in 'adm/daemons/virtuald.c' ('adm/daemons/virtuald') /adm/daemons/virtuald.c:35
arguments were ("/kungfu/class/generate/questnpc")
locals were: ({ /* sizeof() == 4 */
  "kungfu",
  "class",
  "generate",
  "questnpc"
}),"/kungfu/class/generate/questnpc",3,0
' compile_object' in ' adm/single/master.c' ('   adm/single/master') /adm/single/master.c:41
arguments were ("/kungfu/class/generate/questnpc")
locals were: adm/daemons/virtuald
' compile_object' in 'adm/daemons/virtuald.c' ('adm/daemons/virtuald') /adm/daemons/virtuald.c:35
arguments were ("/kungfu/class/generate/questnpc")
locals were: ({ /* sizeof() == 4 */
  "kungfu",
  "class",
  "generate",
  "questnpc"
}),"/kungfu/class/generate/questnpc",3,0
' compile_object' in ' adm/single/master.c' ('   adm/single/master') /adm/single/master.c:41
arguments were ("/kungfu/class/generate/questnpc")
locals were: adm/daemons/virtuald
' compile_object' in 'adm/daemons/virtuald.c' ('adm/daemons/virtuald') /adm/daemons/virtuald.c:35
arguments were ("/kungfu/class/generate/questnpc")
locals were: ({ /* sizeof() == 4 */
  "kungfu",
  "class",
  "generate",
  "questnpc"
}),"/kungfu/class/generate/questnpc",3,0
' compile_object' in ' adm/single/master.c' ('   adm/single/master') /adm/single/master.c:41
arguments were ("/kungfu/class/generate/questnpc")
locals were: adm/daemons/virtuald
' compile_object' in 'adm/daemons/virtuald.c' ('adm/daemons/virtuald') /adm/daemons/virtuald.c:35
arguments were ("/kungfu/class/generate/questnpc")
locals were: ({ /* sizeof() == 4 */
  "kungfu",
  "class",
  "generate",
  "questnpc"
}),"/kungfu/class/generate/questnpc",3,0
' compile_object' in ' adm/single/master.c' ('   adm/single/master') /adm/single/master.c:41
arguments were ("/kungfu/class/generate/questnpc")
locals were: adm/daemons/virtuald
' compile_object' in 'adm/daemons/virtuald.c' ('adm/daemons/virtuald') /adm/daemons/virtuald.c:35
arguments were ("/kungfu/class/generate/questnpc")
locals were: ({ /* sizeof() == 4 */
  "kungfu",
  "class",
  "generate",
  "questnpc"
}),"/kungfu/class/generate/questnpc",3,0
' compile_object' in ' adm/single/master.c' ('   adm/single/master') /adm/single/master.c:41
arguments were ("/kungfu/class/generate/questnpc")
locals were: adm/daemons/virtuald
' compile_object' in 'adm/daemons/virtuald.c' ('adm/daemons/virtuald') /adm/daemons/virtuald.c:35
arguments were ("/kungfu/class/generate/questnpc")
locals were: ({ /* sizeof() == 4 */
  "kungfu",
  "class",
  "generate",
  "questnpc"
}),"/kungfu/class/generate/questnpc",3,0
' compile_object' in ' adm/single/master.c' ('   adm/single/master') /adm/single/master.c:41
arguments were ("/kungfu/class/generate/questnpc")
locals were: adm/daemons/virtuald
' compile_object' in 'adm/daemons/virtuald.c' ('adm/daemons/virtuald') /adm/daemons/virtuald.c:35
arguments were ("/kungfu/class/generate/questnpc")
locals were: ({ /* sizeof() == 4 */
  "kungfu",
  "class",
  "generate",
  "questnpc"
}),"/kungfu/class/generate/questnpc",3,0
' compile_object' in ' adm/single/master.c' ('   adm/single/master') /adm/single/master.c:41
arguments were ("/kungfu/class/generate/questnpc")
locals were: adm/daemons/virtuald
' compile_object' in 'adm/daemons/virtuald.c' ('adm/daemons/virtuald') /adm/daemons/virtuald.c:35
arguments were ("/kungfu/class/generate/questnpc")
locals were: ({ /* sizeof() == 4 */
  "kungfu",
  "class",
  "generate",
  "questnpc"
}),"/kungfu/class/generate/questnpc",3,0
' compile_object' in ' adm/single/master.c' ('   adm/single/master') /adm/single/master.c:41
arguments were ("/kungfu/class/generate/questnpc")
locals were: adm/daemons/virtuald
' compile_object' in 'adm/daemons/virtuald.c' ('adm/daemons/virtuald') /adm/daemons/virtuald.c:35
arguments were ("/kungfu/class/generate/questnpc")
locals were: ({ /* sizeof() == 4 */
  "kungfu",
  "class",
  "generate",
  "questnpc"
}),"/kungfu/class/generate/questnpc",3,0
' compile_object' in ' adm/single/master.c' ('   adm/single/master') /adm/single/master.c:41
arguments were ("/kungfu/class/generate/questnpc")
locals were: adm/daemons/virtuald
' compile_object' in 'adm/daemons/virtuald.c' ('adm/daemons/virtuald') /adm/daemons/virtuald.c:35
arguments were ("/kungfu/class/generate/questnpc")
locals were: ({ /* sizeof() == 4 */
  "kungfu",
  "class",
  "generate",
  "questnpc"
}),"/kungfu/class/generate/questnpc",3,0
' compile_object' in ' adm/single/master.c' ('   adm/single/master') /adm/single/master.c:41
arguments were ("/kungfu/class/generate/questnpc")
locals were: adm/daemons/virtuald
' compile_object' in 'adm/daemons/virtuald.c' ('adm/daemons/virtuald') /adm/daemons/virtuald.c:35
arguments were ("/kungfu/class/generate/questnpc")
locals were: ({ /* sizeof() == 4 */
  "kungfu",
  "class",
  "generate",
  "questnpc"
}),"/kungfu/class/generate/questnpc",3,0
' compile_object' in ' adm/single/master.c' ('   adm/single/master') /adm/single/master.c:41
arguments were ("/kungfu/class/generate/questnpc")
locals were: adm/daemons/virtuald
' compile_object' in 'adm/daemons/virtuald.c' ('adm/daemons/virtuald') /adm/daemons/virtuald.c:35
arguments were ("/kungfu/class/generate/questnpc")
locals were: ({ /* sizeof() == 4 */
  "kungfu",
  "class",
  "generate",
  "questnpc"
}),"/kungfu/class/generate/questnpc",3,0
' compile_object' in ' adm/single/master.c' ('   adm/single/master') /adm/single/master.c:41
arguments were ("/kungfu/class/generate/questnpc")
locals were: adm/daemons/virtuald
' compile_object' in 'adm/daemons/virtuald.c' ('adm/daemons/virtuald') /adm/daemons/virtuald.c:35
arguments were ("/kungfu/class/generate/questnpc")
locals were: ({ /* sizeof() == 4 */
  "kungfu",
  "class",
  "generate",
  "questnpc"
}),"/kungfu/class/generate/questnpc",3,0
' compile_object' in ' adm/single/master.c' ('   adm/single/master') /adm/single/master.c:41
arguments were ("/kungfu/class/generate/questnpc")
locals were: adm/daemons/virtuald
' compile_object' in 'adm/daemons/virtuald.c' ('adm/daemons/virtuald') /adm/daemons/virtuald.c:35
arguments were ("/kungfu/class/generate/questnpc")
locals were: ({ /* sizeof() == 4 */
  "kungfu",
  "class",
  "generate",
  "questnpc"
}),"/kungfu/class/generate/questnpc",3,0
' compile_object' in ' adm/single/master.c' ('   adm/single/master') /adm/single/master.c:41
arguments were ("/kungfu/class/generate/questnpc")
locals were: adm/daemons/virtuald
' compile_object' in 'adm/daemons/virtuald.c' ('adm/daemons/virtuald') /adm/daemons/virtuald.c:35
arguments were ("/kungfu/class/generate/questnpc")
locals were: ({ /* sizeof() == 4 */
  "kungfu",
  "class",
  "generate",
  "questnpc"
}),"/kungfu/class/generate/questnpc",3,0
' compile_object' in ' adm/single/master.c' ('   adm/single/master') /adm/single/master.c:41
arguments were ("/kungfu/class/generate/questnpc")
locals were: adm/daemons/virtuald
' compile_object' in 'adm/daemons/virtuald.c' ('adm/daemons/virtuald') /adm/daemons/virtuald.c:35
arguments were ("/kungfu/class/generate/questnpc")
locals were: ({ /* sizeof() == 4 */
  "kungfu",
  "class",
  "generate",
  "questnpc"
}),"/kungfu/class/generate/questnpc",3,0
' compile_object' in ' adm/single/master.c' ('   adm/single/master') /adm/single/master.c:41
arguments were ("/kungfu/class/generate/questnpc")
locals were: adm/daemons/virtuald
' compile_object' in 'adm/daemons/virtuald.c' ('adm/daemons/virtuald') /adm/daemons/virtuald.c:35
arguments were ("/kungfu/class/generate/questnpc")
locals were: ({ /* sizeof() == 4 */
  "kungfu",
  "class",
  "generate",
  "questnpc"
}),"/kungfu/class/generate/questnpc",3,0
' compile_object' in ' adm/single/master.c' ('   adm/single/master') /adm/single/master.c:41
arguments were ("/kungfu/class/generate/questnpc")
locals were: adm/daemons/virtuald
' compile_object' in 'adm/daemons/virtuald.c' ('adm/daemons/virtuald') /adm/daemons/virtuald.c:35
arguments were ("/kungfu/class/generate/questnpc")
locals were: ({ /* sizeof() == 4 */
  "kungfu",
  "class",
  "generate",
  "questnpc"
}),"/kungfu/class/generate/questnpc",3,0
' compile_object' in ' adm/single/master.c' ('   adm/single/master') /adm/single/master.c:41
arguments were ("/kungfu/class/generate/questnpc")
locals were: adm/daemons/virtuald
' compile_object' in 'adm/daemons/virtuald.c' ('adm/daemons/virtuald') /adm/daemons/virtuald.c:35
arguments were ("/kungfu/class/generate/questnpc")
locals were: ({ /* sizeof() == 4 */
  "kungfu",
  "class",
  "generate",
  "questnpc"
}),"/kungfu/class/generate/questnpc",3,0
' compile_object' in ' adm/single/master.c' ('   adm/single/master') /adm/single/master.c:41
arguments were ("/kungfu/class/generate/questnpc")
locals were: adm/daemons/virtuald
' compile_object' in 'adm/daemons/virtuald.c' ('adm/daemons/virtuald') /adm/daemons/virtuald.c:35
arguments were ("/kungfu/class/generate/questnpc")
locals were: ({ /* sizeof() == 4 */
  "kungfu",
  "class",
  "generate",
  "questnpc"
}),"/kungfu/class/generate/questnpc",3,0
' compile_object' in ' adm/single/master.c' ('   adm/single/master') /adm/single/master.c:41
arguments were ("/kungfu/class/generate/questnpc")
locals were: adm/daemons/virtuald
' compile_object' in 'adm/daemons/virtuald.c' ('adm/daemons/virtuald') /adm/daemons/virtuald.c:35
arguments were ("/kungfu/class/generate/questnpc")
locals were: ({ /* sizeof() == 4 */
  "kungfu",
  "class",
  "generate",
  "questnpc"
}),"/kungfu/class/generate/questnpc",3,0
' compile_object' in ' adm/single/master.c' ('   adm/single/master') /adm/single/master.c:41
arguments were ("/kungfu/class/generate/questnpc")
locals were: adm/daemons/virtuald
' compile_object' in 'adm/daemons/virtuald.c' ('adm/daemons/virtuald') /adm/daemons/virtuald.c:25
arguments were ("/kungfu/class/generate/questnpc")
locals were: ({ /* sizeof() == 4 */
  "kungfu",
  "class",
  "generate",
  "questnpc"
}),"/kungfu",0,0
'     valid_read' in ' adm/single/master.c' ('   adm/single/master') /adm/single/master.c:424
arguments were ("/kungfu",adm/daemons/virtuald,"file_size")
locals were: adm/daemons/securityd
Heart beat in adm/daemons/quest/judge turned off.
Error in error handler: *Too deep recursion.
program: /adm/single/master.c, object: /adm/single/master, file: /adm/single/master.c:424
'     heart_beat' in 'adm/daemons/quest/shen.c' ('adm/daemons/quest/shen') /adm/daemons/quest/shen.c:37
arguments were ()
'    start_quest' in 'adm/daemons/quest/shen.c' ('adm/daemons/quest/shen') /adm/daemons/quest/shen.c:25
arguments were ()
locals were: clone/quest/shen#36,0,0
'     init_quest' in '  clone/quest/shen.c' (' clone/quest/shen#36') /clone/quest/shen.c:39
arguments were ()
locals were: 0,0,"星宿海",0,0,0
' compile_object' in ' adm/single/master.c' ('   adm/single/master') /adm/single/master.c:41
arguments were ("/kungfu/class/generate/shennpc")
locals were: adm/daemons/virtuald
' compile_object' in 'adm/daemons/virtuald.c' ('adm/daemons/virtuald') /adm/daemons/virtuald.c:35
arguments were ("/kungfu/class/generate/shennpc")
locals were: ({ /* sizeof() == 4 */
  "kungfu",
  "class",
  "generate",
  "shennpc"
}),"/kungfu/class/generate/shennpc",3,0
' compile_object' in ' adm/single/master.c' ('   adm/single/master') /adm/single/master.c:41
arguments were ("/kungfu/class/generate/shennpc")
locals were: adm/daemons/virtuald
' compile_object' in 'adm/daemons/virtuald.c' ('adm/daemons/virtuald') /adm/daemons/virtuald.c:35
arguments were ("/kungfu/class/generate/shennpc")
locals were: ({ /* sizeof() == 4 */
  "kungfu",
  "class",
  "generate",
  "shennpc"
}),"/kungfu/class/generate/shennpc",3,0
' compile_object' in ' adm/single/master.c' ('   adm/single/master') /adm/single/master.c:41
arguments were ("/kungfu/class/generate/shennpc")
locals were: adm/daemons/virtuald
' compile_object' in 'adm/daemons/virtuald.c' ('adm/daemons/virtuald') /adm/daemons/virtuald.c:35
arguments were ("/kungfu/class/generate/shennpc")
locals were: ({ /* sizeof() == 4 */
  "kungfu",
  "class",
  "generate",
  "shennpc"
}),"/kungfu/class/generate/shennpc",3,0
' compile_object' in ' adm/single/master.c' ('   adm/single/master') /adm/single/master.c:41
arguments were ("/kungfu/class/generate/shennpc")
locals were: adm/daemons/virtuald
' compile_object' in 'adm/daemons/virtuald.c' ('adm/daemons/virtuald') /adm/daemons/virtuald.c:35
arguments were ("/kungfu/class/generate/shennpc")
locals were: ({ /* sizeof() == 4 */
  "kungfu",
  "class",
  "generate",
  "shennpc"
}),"/kungfu/class/generate/shennpc",3,0
' compile_object' in ' adm/single/master.c' ('   adm/single/master') /adm/single/master.c:41
arguments were ("/kungfu/class/generate/shennpc")
locals were: adm/daemons/virtuald
' compile_object' in 'adm/daemons/virtuald.c' ('adm/daemons/virtuald') /adm/daemons/virtuald.c:35
arguments were ("/kungfu/class/generate/shennpc")
locals were: ({ /* sizeof() == 4 */
  "kungfu",
  "class",
  "generate",
  "shennpc"
}),"/kungfu/class/generate/shennpc",3,0
' compile_object' in ' adm/single/master.c' ('   adm/single/master') /adm/single/master.c:41
arguments were ("/kungfu/class/generate/shennpc")
locals were: adm/daemons/virtuald
' compile_object' in 'adm/daemons/virtuald.c' ('adm/daemons/virtuald') /adm/daemons/virtuald.c:35
arguments were ("/kungfu/class/generate/shennpc")
locals were: ({ /* sizeof() == 4 */
  "kungfu",
  "class",
  "generate",
  "shennpc"
}),"/kungfu/class/generate/shennpc",3,0
' compile_object' in ' adm/single/master.c' ('   adm/single/master') /adm/single/master.c:41
arguments were ("/kungfu/class/generate/shennpc")
locals were: adm/daemons/virtuald
' compile_object' in 'adm/daemons/virtuald.c' ('adm/daemons/virtuald') /adm/daemons/virtuald.c:35
arguments were ("/kungfu/class/generate/shennpc")
locals were: ({ /* sizeof() == 4 */
  "kungfu",
  "class",
  "generate",
  "shennpc"
}),"/kungfu/class/generate/shennpc",3,0
' compile_object' in ' adm/single/master.c' ('   adm/single/master') /adm/single/master.c:41
arguments were ("/kungfu/class/generate/shennpc")
locals were: adm/daemons/virtuald
' compile_object' in 'adm/daemons/virtuald.c' ('adm/daemons/virtuald') /adm/daemons/virtuald.c:35
arguments were ("/kungfu/class/generate/shennpc")
locals were: ({ /* sizeof() == 4 */
  "kungfu",
  "class",
  "generate",
  "shennpc"
}),"/kungfu/class/generate/shennpc",3,0
' compile_object' in ' adm/single/master.c' ('   adm/single/master') /adm/single/master.c:41
arguments were ("/kungfu/class/generate/shennpc")
locals were: adm/daemons/virtuald
' compile_object' in 'adm/daemons/virtuald.c' ('adm/daemons/virtuald') /adm/daemons/virtuald.c:35
arguments were ("/kungfu/class/generate/shennpc")
locals were: ({ /* sizeof() == 4 */
  "kungfu",
  "class",
  "generate",
  "shennpc"
}),"/kungfu/class/generate/shennpc",3,0
' compile_object' in ' adm/single/master.c' ('   adm/single/master') /adm/single/master.c:41
arguments were ("/kungfu/class/generate/shennpc")
locals were: adm/daemons/virtuald
' compile_object' in 'adm/daemons/virtuald.c' ('adm/daemons/virtuald') /adm/daemons/virtuald.c:35
arguments were ("/kungfu/class/generate/shennpc")
locals were: ({ /* sizeof() == 4 */
  "kungfu",
  "class",
  "generate",
  "shennpc"
}),"/kungfu/class/generate/shennpc",3,0
' compile_object' in ' adm/single/master.c' ('   adm/single/master') /adm/single/master.c:41
arguments were ("/kungfu/class/generate/shennpc")
locals were: adm/daemons/virtuald
' compile_object' in 'adm/daemons/virtuald.c' ('adm/daemons/virtuald') /adm/daemons/virtuald.c:35
arguments were ("/kungfu/class/generate/shennpc")
locals were: ({ /* sizeof() == 4 */
  "kungfu",
  "class",
  "generate",
  "shennpc"
}),"/kungfu/class/generate/shennpc",3,0
' compile_object' in ' adm/single/master.c' ('   adm/single/master') /adm/single/master.c:41
arguments were ("/kungfu/class/generate/shennpc")
locals were: adm/daemons/virtuald
' compile_object' in 'adm/daemons/virtuald.c' ('adm/daemons/virtuald') /adm/daemons/virtuald.c:35
arguments were ("/kungfu/class/generate/shennpc")
locals were: ({ /* sizeof() == 4 */
  "kungfu",
  "class",
  "generate",
  "shennpc"
}),"/kungfu/class/generate/shennpc",3,0
' compile_object' in ' adm/single/master.c' ('   adm/single/master') /adm/single/master.c:41
arguments were ("/kungfu/class/generate/shennpc")
locals were: adm/daemons/virtuald
' compile_object' in 'adm/daemons/virtuald.c' ('adm/daemons/virtuald') /adm/daemons/virtuald.c:35
arguments were ("/kungfu/class/generate/shennpc")
locals were: ({ /* sizeof() == 4 */
  "kungfu",
  "class",
  "generate",
  "shennpc"
}),"/kungfu/class/generate/shennpc",3,0
' compile_object' in ' adm/single/master.c' ('   adm/single/master') /adm/single/master.c:41
arguments were ("/kungfu/class/generate/shennpc")
locals were: adm/daemons/virtuald
' compile_object' in 'adm/daemons/virtuald.c' ('adm/daemons/virtuald') /adm/daemons/virtuald.c:35
arguments were ("/kungfu/class/generate/shennpc")
locals were: ({ /* sizeof() == 4 */
  "kungfu",
  "class",
  "generate",
  "shennpc"
}),"/kungfu/class/generate/shennpc",3,0
' compile_object' in ' adm/single/master.c' ('   adm/single/master') /adm/single/master.c:41
arguments were ("/kungfu/class/generate/shennpc")
locals were: adm/daemons/virtuald
' compile_object' in 'adm/daemons/virtuald.c' ('adm/daemons/virtuald') /adm/daemons/virtuald.c:35
arguments were ("/kungfu/class/generate/shennpc")
locals were: ({ /* sizeof() == 4 */
  "kungfu",
  "class",
  "generate",
  "shennpc"
}),"/kungfu/class/generate/shennpc",3,0
' compile_object' in ' adm/single/master.c' ('   adm/single/master') /adm/single/master.c:41
arguments were ("/kungfu/class/generate/shennpc")
locals were: adm/daemons/virtuald
' compile_object' in 'adm/daemons/virtuald.c' ('adm/daemons/virtuald') /adm/daemons/virtuald.c:35
arguments were ("/kungfu/class/generate/shennpc")
locals were: ({ /* sizeof() == 4 */
  "kungfu",
  "class",
  "generate",
  "shennpc"
}),"/kungfu/class/generate/shennpc",3,0
' compile_object' in ' adm/single/master.c' ('   adm/single/master') /adm/single/master.c:41
arguments were ("/kungfu/class/generate/shennpc")
locals were: adm/daemons/virtuald
' compile_object' in 'adm/daemons/virtuald.c' ('adm/daemons/virtuald') /adm/daemons/virtuald.c:35
arguments were ("/kungfu/class/generate/shennpc")
locals were: ({ /* sizeof() == 4 */
  "kungfu",
  "class",
  "generate",
  "shennpc"
}),"/kungfu/class/generate/shennpc",3,0
' compile_object' in ' adm/single/master.c' ('   adm/single/master') /adm/single/master.c:41
arguments were ("/kungfu/class/generate/shennpc")
locals were: adm/daemons/virtuald
' compile_object' in 'adm/daemons/virtuald.c' ('adm/daemons/virtuald') /adm/daemons/virtuald.c:35
arguments were ("/kungfu/class/generate/shennpc")
locals were: ({ /* sizeof() == 4 */
  "kungfu",
  "class",
  "generate",
  "shennpc"
}),"/kungfu/class/generate/shennpc",3,0
' compile_object' in ' adm/single/master.c' ('   adm/single/master') /adm/single/master.c:41
arguments were ("/kungfu/class/generate/shennpc")
locals were: adm/daemons/virtuald
' compile_object' in 'adm/daemons/virtuald.c' ('adm/daemons/virtuald') /adm/daemons/virtuald.c:35
arguments were ("/kungfu/class/generate/shennpc")
locals were: ({ /* sizeof() == 4 */
  "kungfu",
  "class",
  "generate",
  "shennpc"
}),"/kungfu/class/generate/shennpc",3,0
' compile_object' in ' adm/single/master.c' ('   adm/single/master') /adm/single/master.c:41
arguments were ("/kungfu/class/generate/shennpc")
locals were: adm/daemons/virtuald
' compile_object' in 'adm/daemons/virtuald.c' ('adm/daemons/virtuald') /adm/daemons/virtuald.c:35
arguments were ("/kungfu/class/generate/shennpc")
locals were: ({ /* sizeof() == 4 */
  "kungfu",
  "class",
  "generate",
  "shennpc"
}),"/kungfu/class/generate/shennpc",3,0
' compile_object' in ' adm/single/master.c' ('   adm/single/master') /adm/single/master.c:41
arguments were ("/kungfu/class/generate/shennpc")
locals were: adm/daemons/virtuald
' compile_object' in 'adm/daemons/virtuald.c' ('adm/daemons/virtuald') /adm/daemons/virtuald.c:35
arguments were ("/kungfu/class/generate/shennpc")
locals were: ({ /* sizeof() == 4 */
  "kungfu",
  "class",
  "generate",
  "shennpc"
}),"/kungfu/class/generate/shennpc",3,0
' compile_object' in ' adm/single/master.c' ('   adm/single/master') /adm/single/master.c:41
arguments were ("/kungfu/class/generate/shennpc")
locals were: adm/daemons/virtuald
' compile_object' in 'adm/daemons/virtuald.c' ('adm/daemons/virtuald') /adm/daemons/virtuald.c:35
arguments were ("/kungfu/class/generate/shennpc")
locals were: ({ /* sizeof() == 4 */
  "kungfu",
  "class",
  "generate",
  "shennpc"
}),"/kungfu/class/generate/shennpc",3,0
' compile_object' in ' adm/single/master.c' ('   adm/single/master') /adm/single/master.c:41
arguments were ("/kungfu/class/generate/shennpc")
locals were: adm/daemons/virtuald
' compile_object' in 'adm/daemons/virtuald.c' ('adm/daemons/virtuald') /adm/daemons/virtuald.c:25
arguments were ("/kungfu/class/generate/shennpc")
locals were: ({ /* sizeof() == 4 */
  "kungfu",
  "class",
  "generate",
  "shennpc"
}),"/kungfu",0,0
'     valid_read' in ' adm/single/master.c' ('   adm/single/master') /adm/single/master.c:424
arguments were ("/kungfu",adm/daemons/virtuald,"file_size")
locals were: adm/daemons/securityd
Heart beat in adm/daemons/quest/shen turned off.
Error in error handler: *Too deep recursion.
program: /adm/single/master.c, object: /adm/single/master, file: /adm/single/master.c:424
'     heart_beat' in 'adm/daemons/quest/explore.c' ('adm/daemons/quest/explore') /adm/daemons/quest/explore.c:130
arguments were ()
'    start_quest' in 'adm/daemons/quest/explore.c' ('adm/daemons/quest/explore') /adm/daemons/quest/explore.c:83
arguments were ()
locals were: 0,0,"/d/lingzhou/neizai",0,0,0,({ /* sizeof() == 15 */
  "/d/city3/jiudian",
  "/d/hangzhou/lingyinsi",
  "/d/city/ymzhengting",
  "/d/fuzhou/yamen",
  "/d/dali/qiandian",
  "/d/beijing/kangfu_dating",
  "/d/lingzhou/neizai",
  "/d/dali/wangfugate",
  "/d/lingzhou/yipindayuan",
  "/d/suzhou/yamen",
  "/d/changan/yamen-datang",
  "/d/suzhou/jubaozhai",
  "/d/changan/fangzhangshi",
  "/d/city/duchang",
  "/d/hangzhou/road12"
}),({ /* sizeof() == 4 */
  clone/quest/explore#87,
  clone/quest/explore#42,
  clone/quest/explore#30,
  clone/quest/explore
}),0,0
'     get_object' in 'adm/single/simul_efun.c' ('adm/single/simul_efun') /adm/simul_efun/util.c:151
arguments were ("/d/lingzhou/neizai")
locals were: 0
' compile_object' in ' adm/single/master.c' ('   adm/single/master') /adm/single/master.c:41
arguments were ("/d/lingzhou/neizai")
locals were: adm/daemons/virtuald
' compile_object' in 'adm/daemons/virtuald.c' ('adm/daemons/virtuald') /adm/daemons/virtuald.c:35
arguments were ("/d/lingzhou/neizai")
locals were: ({ /* sizeof() == 3 */
  "d",
  "lingzhou",
  "neizai"
}),"/d/lingzhou/neizai",2,0
' compile_object' in ' adm/single/master.c' ('   adm/single/master') /adm/single/master.c:41
arguments were ("/d/lingzhou/neizai")
locals were: adm/daemons/virtuald
' compile_object' in 'adm/daemons/virtuald.c' ('adm/daemons/virtuald') /adm/daemons/virtuald.c:35
arguments were ("/d/lingzhou/neizai")
locals were: ({ /* sizeof() == 3 */
  "d",
  "lingzhou",
  "neizai"
}),"/d/lingzhou/neizai",2,0
' compile_object' in ' adm/single/master.c' ('   adm/single/master') /adm/single/master.c:41
arguments were ("/d/lingzhou/neizai")
locals were: adm/daemons/virtuald
' compile_object' in 'adm/daemons/virtuald.c' ('adm/daemons/virtuald') /adm/daemons/virtuald.c:35
arguments were ("/d/lingzhou/neizai")
locals were: ({ /* sizeof() == 3 */
  "d",
  "lingzhou",
  "neizai"
}),"/d/lingzhou/neizai",2,0
' compile_object' in ' adm/single/master.c' ('   adm/single/master') /adm/single/master.c:41
arguments were ("/d/lingzhou/neizai")
locals were: adm/daemons/virtuald
' compile_object' in 'adm/daemons/virtuald.c' ('adm/daemons/virtuald') /adm/daemons/virtuald.c:35
arguments were ("/d/lingzhou/neizai")
locals were: ({ /* sizeof() == 3 */
  "d",
  "lingzhou",
  "neizai"
}),"/d/lingzhou/neizai",2,0
' compile_object' in ' adm/single/master.c' ('   adm/single/master') /adm/single/master.c:41
arguments were ("/d/lingzhou/neizai")
locals were: adm/daemons/virtuald
' compile_object' in 'adm/daemons/virtuald.c' ('adm/daemons/virtuald') /adm/daemons/virtuald.c:35
arguments were ("/d/lingzhou/neizai")
locals were: ({ /* sizeof() == 3 */
  "d",
  "lingzhou",
  "neizai"
}),"/d/lingzhou/neizai",2,0
' compile_object' in ' adm/single/master.c' ('   adm/single/master') /adm/single/master.c:41
arguments were ("/d/lingzhou/neizai")
locals were: adm/daemons/virtuald
' compile_object' in 'adm/daemons/virtuald.c' ('adm/daemons/virtuald') /adm/daemons/virtuald.c:35
arguments were ("/d/lingzhou/neizai")
locals were: ({ /* sizeof() == 3 */
  "d",
  "lingzhou",
  "neizai"
}),"/d/lingzhou/neizai",2,0
' compile_object' in ' adm/single/master.c' ('   adm/single/master') /adm/single/master.c:41
arguments were ("/d/lingzhou/neizai")
locals were: adm/daemons/virtuald
' compile_object' in 'adm/daemons/virtuald.c' ('adm/daemons/virtuald') /adm/daemons/virtuald.c:35
arguments were ("/d/lingzhou/neizai")
locals were: ({ /* sizeof() == 3 */
  "d",
  "lingzhou",
  "neizai"
}),"/d/lingzhou/neizai",2,0
' compile_object' in ' adm/single/master.c' ('   adm/single/master') /adm/single/master.c:41
arguments were ("/d/lingzhou/neizai")
locals were: adm/daemons/virtuald
' compile_object' in 'adm/daemons/virtuald.c' ('adm/daemons/virtuald') /adm/daemons/virtuald.c:35
arguments were ("/d/lingzhou/neizai")
locals were: ({ /* sizeof() == 3 */
  "d",
  "lingzhou",
  "neizai"
}),"/d/lingzhou/neizai",2,0
' compile_object' in ' adm/single/master.c' ('   adm/single/master') /adm/single/master.c:41
arguments were ("/d/lingzhou/neizai")
locals were: adm/daemons/virtuald
' compile_object' in 'adm/daemons/virtuald.c' ('adm/daemons/virtuald') /adm/daemons/virtuald.c:35
arguments were ("/d/lingzhou/neizai")
locals were: ({ /* sizeof() == 3 */
  "d",
  "lingzhou",
  "neizai"
}),"/d/lingzhou/neizai",2,0
' compile_object' in ' adm/single/master.c' ('   adm/single/master') /adm/single/master.c:41
arguments were ("/d/lingzhou/neizai")
locals were: adm/daemons/virtuald
' compile_object' in 'adm/daemons/virtuald.c' ('adm/daemons/virtuald') /adm/daemons/virtuald.c:35
arguments were ("/d/lingzhou/neizai")
locals were: ({ /* sizeof() == 3 */
  "d",
  "lingzhou",
  "neizai"
}),"/d/lingzhou/neizai",2,0
' compile_object' in ' adm/single/master.c' ('   adm/single/master') /adm/single/master.c:41
arguments were ("/d/lingzhou/neizai")
locals were: adm/daemons/virtuald
' compile_object' in 'adm/daemons/virtuald.c' ('adm/daemons/virtuald') /adm/daemons/virtuald.c:35
arguments were ("/d/lingzhou/neizai")
locals were: ({ /* sizeof() == 3 */
  "d",
  "lingzhou",
  "neizai"
}),"/d/lingzhou/neizai",2,0
' compile_object' in ' adm/single/master.c' ('   adm/single/master') /adm/single/master.c:41
arguments were ("/d/lingzhou/neizai")
locals were: adm/daemons/virtuald
' compile_object' in 'adm/daemons/virtuald.c' ('adm/daemons/virtuald') /adm/daemons/virtuald.c:35
arguments were ("/d/lingzhou/neizai")
locals were: ({ /* sizeof() == 3 */
  "d",
  "lingzhou",
  "neizai"
}),"/d/lingzhou/neizai",2,0
' compile_object' in ' adm/single/master.c' ('   adm/single/master') /adm/single/master.c:41
arguments were ("/d/lingzhou/neizai")
locals were: adm/daemons/virtuald
' compile_object' in 'adm/daemons/virtuald.c' ('adm/daemons/virtuald') /adm/daemons/virtuald.c:35
arguments were ("/d/lingzhou/neizai")
locals were: ({ /* sizeof() == 3 */
  "d",
  "lingzhou",
  "neizai"
}),"/d/lingzhou/neizai",2,0
' compile_object' in ' adm/single/master.c' ('   adm/single/master') /adm/single/master.c:41
arguments were ("/d/lingzhou/neizai")
locals were: adm/daemons/virtuald
' compile_object' in 'adm/daemons/virtuald.c' ('adm/daemons/virtuald') /adm/daemons/virtuald.c:35
arguments were ("/d/lingzhou/neizai")
locals were: ({ /* sizeof() == 3 */
  "d",
  "lingzhou",
  "neizai"
}),"/d/lingzhou/neizai",2,0
' compile_object' in ' adm/single/master.c' ('   adm/single/master') /adm/single/master.c:41
arguments were ("/d/lingzhou/neizai")
locals were: adm/daemons/virtuald
' compile_object' in 'adm/daemons/virtuald.c' ('adm/daemons/virtuald') /adm/daemons/virtuald.c:35
arguments were ("/d/lingzhou/neizai")
locals were: ({ /* sizeof() == 3 */
  "d",
  "lingzhou",
  "neizai"
}),"/d/lingzhou/neizai",2,0
' compile_object' in ' adm/single/master.c' ('   adm/single/master') /adm/single/master.c:41
arguments were ("/d/lingzhou/neizai")
locals were: adm/daemons/virtuald
' compile_object' in 'adm/daemons/virtuald.c' ('adm/daemons/virtuald') /adm/daemons/virtuald.c:35
arguments were ("/d/lingzhou/neizai")
locals were: ({ /* sizeof() == 3 */
  "d",
  "lingzhou",
  "neizai"
}),"/d/lingzhou/neizai",2,0
' compile_object' in ' adm/single/master.c' ('   adm/single/master') /adm/single/master.c:41
arguments were ("/d/lingzhou/neizai")
locals were: adm/daemons/virtuald
' compile_object' in 'adm/daemons/virtuald.c' ('adm/daemons/virtuald') /adm/daemons/virtuald.c:35
arguments were ("/d/lingzhou/neizai")
locals were: ({ /* sizeof() == 3 */
  "d",
  "lingzhou",
  "neizai"
}),"/d/lingzhou/neizai",2,0
' compile_object' in ' adm/single/master.c' ('   adm/single/master') /adm/single/master.c:41
arguments were ("/d/lingzhou/neizai")
locals were: adm/daemons/virtuald
' compile_object' in 'adm/daemons/virtuald.c' ('adm/daemons/virtuald') /adm/daemons/virtuald.c:35
arguments were ("/d/lingzhou/neizai")
locals were: ({ /* sizeof() == 3 */
  "d",
  "lingzhou",
  "neizai"
}),"/d/lingzhou/neizai",2,0
' compile_object' in ' adm/single/master.c' ('   adm/single/master') /adm/single/master.c:41
arguments were ("/d/lingzhou/neizai")
locals were: adm/daemons/virtuald
' compile_object' in 'adm/daemons/virtuald.c' ('adm/daemons/virtuald') /adm/daemons/virtuald.c:35
arguments were ("/d/lingzhou/neizai")
locals were: ({ /* sizeof() == 3 */
  "d",
  "lingzhou",
  "neizai"
}),"/d/lingzhou/neizai",2,0
' compile_object' in ' adm/single/master.c' ('   adm/single/master') /adm/single/master.c:41
arguments were ("/d/lingzhou/neizai")
locals were: adm/daemons/virtuald
' compile_object' in 'adm/daemons/virtuald.c' ('adm/daemons/virtuald') /adm/daemons/virtuald.c:35
arguments were ("/d/lingzhou/neizai")
locals were: ({ /* sizeof() == 3 */
  "d",
  "lingzhou",
  "neizai"
}),"/d/lingzhou/neizai",2,0
' compile_object' in ' adm/single/master.c' ('   adm/single/master') /adm/single/master.c:41
arguments were ("/d/lingzhou/neizai")
locals were: adm/daemons/virtuald
' compile_object' in 'adm/daemons/virtuald.c' ('adm/daemons/virtuald') /adm/daemons/virtuald.c:35
arguments were ("/d/lingzhou/neizai")
locals were: ({ /* sizeof() == 3 */
  "d",
  "lingzhou",
  "neizai"
}),"/d/lingzhou/neizai",2,0
' compile_object' in ' adm/single/master.c' ('   adm/single/master') /adm/single/master.c:41
arguments were ("/d/lingzhou/neizai")
locals were: adm/daemons/virtuald
' compile_object' in 'adm/daemons/virtuald.c' ('adm/daemons/virtuald') /adm/daemons/virtuald.c:35
arguments were ("/d/lingzhou/neizai")
locals were: ({ /* sizeof() == 3 */
  "d",
  "lingzhou",
  "neizai"
}),"/d/lingzhou/neizai",2,0
' compile_object' in ' adm/single/master.c' ('   adm/single/master') /adm/single/master.c:41
arguments were ("/d/lingzhou/neizai")
locals were: adm/daemons/virtuald
' compile_object' in 'adm/daemons/virtuald.c' ('adm/daemons/virtuald') /adm/daemons/virtuald.c:25
arguments were ("/d/lingzhou/neizai")
locals were: ({ /* sizeof() == 3 */
  "d",
  "lingzhou",
  "neizai"
}),"/d",0,0
'     valid_read' in ' adm/single/master.c' ('   adm/single/master') /adm/single/master.c:424
arguments were ("/d",adm/daemons/virtuald,"file_size")
locals were: adm/daemons/securityd
Heart beat in adm/daemons/quest/explore turned off.
Error in error handler: *Too deep recursion.
program: /adm/single/master.c, object: /adm/single/master, file: /adm/single/master.c:424
'     heart_beat' in 'adm/daemons/quest/supply.c' ('adm/daemons/quest/supply') /adm/daemons/quest/supply.c:119
arguments were ()
'    start_quest' in 'adm/daemons/quest/supply.c' ('adm/daemons/quest/supply') /adm/daemons/quest/supply.c:88
arguments were ()
locals were: 0,0,({ /* sizeof() == 8 */
  clone/quest/supply#131,
  clone/quest/supply#122,
  clone/quest/supply#113,
  clone/quest/supply#101,
  clone/quest/supply#61,
  clone/quest/supply#38,
  clone/quest/supply#22,
  clone/quest/supply
}),({ /* sizeof() == 14 */
  "/d/suzhou/toumenshan",
  "/d/city3/bingqidian",
  "/d/city3/wuguan",
  "/d/dali/bingying",
  "/d/beijing/xichang",
  "/d/dali/tusifu",
  "/d/fuzhou/biaoju",
  "/d/beijing/xichengmen",
  "/d/changan/xunbufang",
  "/d/quanzhou/jiaxinggang",
  "/d/shaolin/ruzhou",
  "/d/lingzhou/xiaoxiaochang",
  "/d/suzhou/bingying",
  "/d/changan/qunyulou"
}),"/d/quanzhou/jiaxinggang",0,0
'     get_object' in 'adm/single/simul_efun.c' ('adm/single/simul_efun') /adm/simul_efun/util.c:151
arguments were ("/d/quanzhou/jiaxinggang")
locals were: 0
' compile_object' in ' adm/single/master.c' ('   adm/single/master') /adm/single/master.c:41
arguments were ("/d/quanzhou/jiaxinggang")
locals were: adm/daemons/virtuald
' compile_object' in 'adm/daemons/virtuald.c' ('adm/daemons/virtuald') /adm/daemons/virtuald.c:35
arguments were ("/d/quanzhou/jiaxinggang")
locals were: ({ /* sizeof() == 3 */
  "d",
  "quanzhou",
  "jiaxinggang"
}),"/d/quanzhou",1,0
' compile_object' in ' adm/single/master.c' ('   adm/single/master') /adm/single/master.c:41
arguments were ("/d/quanzhou")
locals were: adm/daemons/virtuald
' compile_object' in 'adm/daemons/virtuald.c' ('adm/daemons/virtuald') /adm/daemons/virtuald.c:35
arguments were ("/d/quanzhou")
locals were: ({ /* sizeof() == 2 */
  "d",
  "quanzhou"
}),"/d/quanzhou",1,0
' compile_object' in ' adm/single/master.c' ('   adm/single/master') /adm/single/master.c:41
arguments were ("/d/quanzhou")
locals were: adm/daemons/virtuald
' compile_object' in 'adm/daemons/virtuald.c' ('adm/daemons/virtuald') /adm/daemons/virtuald.c:35
arguments were ("/d/quanzhou")
locals were: ({ /* sizeof() == 2 */
  "d",
  "quanzhou"
}),"/d/quanzhou",1,0
' compile_object' in ' adm/single/master.c' ('   adm/single/master') /adm/single/master.c:41
arguments were ("/d/quanzhou")
locals were: adm/daemons/virtuald
' compile_object' in 'adm/daemons/virtuald.c' ('adm/daemons/virtuald') /adm/daemons/virtuald.c:35
arguments were ("/d/quanzhou")
locals were: ({ /* sizeof() == 2 */
  "d",
  "quanzhou"
}),"/d/quanzhou",1,0
' compile_object' in ' adm/single/master.c' ('   adm/single/master') /adm/single/master.c:41
arguments were ("/d/quanzhou")
locals were: adm/daemons/virtuald
' compile_object' in 'adm/daemons/virtuald.c' ('adm/daemons/virtuald') /adm/daemons/virtuald.c:35
arguments were ("/d/quanzhou")
locals were: ({ /* sizeof() == 2 */
  "d",
  "quanzhou"
}),"/d/quanzhou",1,0
' compile_object' in ' adm/single/master.c' ('   adm/single/master') /adm/single/master.c:41
arguments were ("/d/quanzhou")
locals were: adm/daemons/virtuald
' compile_object' in 'adm/daemons/virtuald.c' ('adm/daemons/virtuald') /adm/daemons/virtuald.c:35
arguments were ("/d/quanzhou")
locals were: ({ /* sizeof() == 2 */
  "d",
  "quanzhou"
}),"/d/quanzhou",1,0
' compile_object' in ' adm/single/master.c' ('   adm/single/master') /adm/single/master.c:41
arguments were ("/d/quanzhou")
locals were: adm/daemons/virtuald
' compile_object' in 'adm/daemons/virtuald.c' ('adm/daemons/virtuald') /adm/daemons/virtuald.c:35
arguments were ("/d/quanzhou")
locals were: ({ /* sizeof() == 2 */
  "d",
  "quanzhou"
}),"/d/quanzhou",1,0
' compile_object' in ' adm/single/master.c' ('   adm/single/master') /adm/single/master.c:41
arguments were ("/d/quanzhou")
locals were: adm/daemons/virtuald
' compile_object' in 'adm/daemons/virtuald.c' ('adm/daemons/virtuald') /adm/daemons/virtuald.c:35
arguments were ("/d/quanzhou")
locals were: ({ /* sizeof() == 2 */
  "d",
  "quanzhou"
}),"/d/quanzhou",1,0
' compile_object' in ' adm/single/master.c' ('   adm/single/master') /adm/single/master.c:41
arguments were ("/d/quanzhou")
locals were: adm/daemons/virtuald
' compile_object' in 'adm/daemons/virtuald.c' ('adm/daemons/virtuald') /adm/daemons/virtuald.c:35
arguments were ("/d/quanzhou")
locals were: ({ /* sizeof() == 2 */
  "d",
  "quanzhou"
}),"/d/quanzhou",1,0
' compile_object' in ' adm/single/master.c' ('   adm/single/master') /adm/single/master.c:41
arguments were ("/d/quanzhou")
locals were: adm/daemons/virtuald
' compile_object' in 'adm/daemons/virtuald.c' ('adm/daemons/virtuald') /adm/daemons/virtuald.c:35
arguments were ("/d/quanzhou")
locals were: ({ /* sizeof() == 2 */
  "d",
  "quanzhou"
}),"/d/quanzhou",1,0
' compile_object' in ' adm/single/master.c' ('   adm/single/master') /adm/single/master.c:41
arguments were ("/d/quanzhou")
locals were: adm/daemons/virtuald
' compile_object' in 'adm/daemons/virtuald.c' ('adm/daemons/virtuald') /adm/daemons/virtuald.c:35
arguments were ("/d/quanzhou")
locals were: ({ /* sizeof() == 2 */
  "d",
  "quanzhou"
}),"/d/quanzhou",1,0
' compile_object' in ' adm/single/master.c' ('   adm/single/master') /adm/single/master.c:41
arguments were ("/d/quanzhou")
locals were: adm/daemons/virtuald
' compile_object' in 'adm/daemons/virtuald.c' ('adm/daemons/virtuald') /adm/daemons/virtuald.c:35
arguments were ("/d/quanzhou")
locals were: ({ /* sizeof() == 2 */
  "d",
  "quanzhou"
}),"/d/quanzhou",1,0
' compile_object' in ' adm/single/master.c' ('   adm/single/master') /adm/single/master.c:41
arguments were ("/d/quanzhou")
locals were: adm/daemons/virtuald
' compile_object' in 'adm/daemons/virtuald.c' ('adm/daemons/virtuald') /adm/daemons/virtuald.c:35
arguments were ("/d/quanzhou")
locals were: ({ /* sizeof() == 2 */
  "d",
  "quanzhou"
}),"/d/quanzhou",1,0
' compile_object' in ' adm/single/master.c' ('   adm/single/master') /adm/single/master.c:41
arguments were ("/d/quanzhou")
locals were: adm/daemons/virtuald
' compile_object' in 'adm/daemons/virtuald.c' ('adm/daemons/virtuald') /adm/daemons/virtuald.c:35
arguments were ("/d/quanzhou")
locals were: ({ /* sizeof() == 2 */
  "d",
  "quanzhou"
}),"/d/quanzhou",1,0
' compile_object' in ' adm/single/master.c' ('   adm/single/master') /adm/single/master.c:41
arguments were ("/d/quanzhou")
locals were: adm/daemons/virtuald
' compile_object' in 'adm/daemons/virtuald.c' ('adm/daemons/virtuald') /adm/daemons/virtuald.c:35
arguments were ("/d/quanzhou")
locals were: ({ /* sizeof() == 2 */
  "d",
  "quanzhou"
}),"/d/quanzhou",1,0
' compile_object' in ' adm/single/master.c' ('   adm/single/master') /adm/single/master.c:41
arguments were ("/d/quanzhou")
locals were: adm/daemons/virtuald
' compile_object' in 'adm/daemons/virtuald.c' ('adm/daemons/virtuald') /adm/daemons/virtuald.c:35
arguments were ("/d/quanzhou")
locals were: ({ /* sizeof() == 2 */
  "d",
  "quanzhou"
}),"/d/quanzhou",1,0
' compile_object' in ' adm/single/master.c' ('   adm/single/master') /adm/single/master.c:41
arguments were ("/d/quanzhou")
locals were: adm/daemons/virtuald
' compile_object' in 'adm/daemons/virtuald.c' ('adm/daemons/virtuald') /adm/daemons/virtuald.c:35
arguments were ("/d/quanzhou")
locals were: ({ /* sizeof() == 2 */
  "d",
  "quanzhou"
}),"/d/quanzhou",1,0
' compile_object' in ' adm/single/master.c' ('   adm/single/master') /adm/single/master.c:41
arguments were ("/d/quanzhou")
locals were: adm/daemons/virtuald
' compile_object' in 'adm/daemons/virtuald.c' ('adm/daemons/virtuald') /adm/daemons/virtuald.c:35
arguments were ("/d/quanzhou")
locals were: ({ /* sizeof() == 2 */
  "d",
  "quanzhou"
}),"/d/quanzhou",1,0
' compile_object' in ' adm/single/master.c' ('   adm/single/master') /adm/single/master.c:41
arguments were ("/d/quanzhou")
locals were: adm/daemons/virtuald
' compile_object' in 'adm/daemons/virtuald.c' ('adm/daemons/virtuald') /adm/daemons/virtuald.c:35
arguments were ("/d/quanzhou")
locals were: ({ /* sizeof() == 2 */
  "d",
  "quanzhou"
}),"/d/quanzhou",1,0
' compile_object' in ' adm/single/master.c' ('   adm/single/master') /adm/single/master.c:41
arguments were ("/d/quanzhou")
locals were: adm/daemons/virtuald
' compile_object' in 'adm/daemons/virtuald.c' ('adm/daemons/virtuald') /adm/daemons/virtuald.c:35
arguments were ("/d/quanzhou")
locals were: ({ /* sizeof() == 2 */
  "d",
  "quanzhou"
}),"/d/quanzhou",1,0
' compile_object' in ' adm/single/master.c' ('   adm/single/master') /adm/single/master.c:41
arguments were ("/d/quanzhou")
locals were: adm/daemons/virtuald
' compile_object' in 'adm/daemons/virtuald.c' ('adm/daemons/virtuald') /adm/daemons/virtuald.c:35
arguments were ("/d/quanzhou")
locals were: ({ /* sizeof() == 2 */
  "d",
  "quanzhou"
}),"/d/quanzhou",1,0
' compile_object' in ' adm/single/master.c' ('   adm/single/master') /adm/single/master.c:41
arguments were ("/d/quanzhou")
locals were: adm/daemons/virtuald
' compile_object' in 'adm/daemons/virtuald.c' ('adm/daemons/virtuald') /adm/daemons/virtuald.c:35
arguments were ("/d/quanzhou")
locals were: ({ /* sizeof() == 2 */
  "d",
  "quanzhou"
}),"/d/quanzhou",1,0
' compile_object' in ' adm/single/master.c' ('   adm/single/master') /adm/single/master.c:41
arguments were ("/d/quanzhou")
locals were: adm/daemons/virtuald
' compile_object' in 'adm/daemons/virtuald.c' ('adm/daemons/virtuald') /adm/daemons/virtuald.c:25
arguments were ("/d/quanzhou")
locals were: ({ /* sizeof() == 2 */
  "d",
  "quanzhou"
}),"/d",0,0
'     valid_read' in ' adm/single/master.c' ('   adm/single/master') /adm/single/master.c:424
arguments were ("/d",adm/daemons/virtuald,"file_size")
locals were: adm/daemons/securityd
Heart beat in adm/daemons/quest/supply turned off.
Error in error handler: *Too deep recursion.
program: /adm/single/master.c, object: /adm/single/master, file: /adm/single/master.c:424
'     heart_beat' in 'adm/daemons/quest/shen.c' ('adm/daemons/quest/shen') /adm/daemons/quest/shen.c:37
arguments were ()
'    start_quest' in 'adm/daemons/quest/shen.c' ('adm/daemons/quest/shen') /adm/daemons/quest/shen.c:25
arguments were ()
locals were: clone/quest/shen#141,0,0
'     init_quest' in '  clone/quest/shen.c' ('clone/quest/shen#141') /clone/quest/shen.c:39
arguments were ()
locals were: 0,0,"襄阳城",0,0,0
' compile_object' in ' adm/single/master.c' ('   adm/single/master') /adm/single/master.c:41
arguments were ("/kungfu/class/generate/shennpc")
locals were: adm/daemons/virtuald
' compile_object' in 'adm/daemons/virtuald.c' ('adm/daemons/virtuald') /adm/daemons/virtuald.c:35
arguments were ("/kungfu/class/generate/shennpc")
locals were: ({ /* sizeof() == 4 */
  "kungfu",
  "class",
  "generate",
  "shennpc"
}),"/kungfu/class/generate/shennpc",3,0
' compile_object' in ' adm/single/master.c' ('   adm/single/master') /adm/single/master.c:41
arguments were ("/kungfu/class/generate/shennpc")
locals were: adm/daemons/virtuald
' compile_object' in 'adm/daemons/virtuald.c' ('adm/daemons/virtuald') /adm/daemons/virtuald.c:35
arguments were ("/kungfu/class/generate/shennpc")
locals were: ({ /* sizeof() == 4 */
  "kungfu",
  "class",
  "generate",
  "shennpc"
}),"/kungfu/class/generate/shennpc",3,0
' compile_object' in ' adm/single/master.c' ('   adm/single/master') /adm/single/master.c:41
arguments were ("/kungfu/class/generate/shennpc")
locals were: adm/daemons/virtuald
' compile_object' in 'adm/daemons/virtuald.c' ('adm/daemons/virtuald') /adm/daemons/virtuald.c:35
arguments were ("/kungfu/class/generate/shennpc")
locals were: ({ /* sizeof() == 4 */
  "kungfu",
  "class",
  "generate",
  "shennpc"
}),"/kungfu/class/generate/shennpc",3,0
' compile_object' in ' adm/single/master.c' ('   adm/single/master') /adm/single/master.c:41
arguments were ("/kungfu/class/generate/shennpc")
locals were: adm/daemons/virtuald
' compile_object' in 'adm/daemons/virtuald.c' ('adm/daemons/virtuald') /adm/daemons/virtuald.c:35
arguments were ("/kungfu/class/generate/shennpc")
locals were: ({ /* sizeof() == 4 */
  "kungfu",
  "class",
  "generate",
  "shennpc"
}),"/kungfu/class/generate/shennpc",3,0
' compile_object' in ' adm/single/master.c' ('   adm/single/master') /adm/single/master.c:41
arguments were ("/kungfu/class/generate/shennpc")
locals were: adm/daemons/virtuald
' compile_object' in 'adm/daemons/virtuald.c' ('adm/daemons/virtuald') /adm/daemons/virtuald.c:35
arguments were ("/kungfu/class/generate/shennpc")
locals were: ({ /* sizeof() == 4 */
  "kungfu",
  "class",
  "generate",
  "shennpc"
}),"/kungfu/class/generate/shennpc",3,0
' compile_object' in ' adm/single/master.c' ('   adm/single/master') /adm/single/master.c:41
arguments were ("/kungfu/class/generate/shennpc")
locals were: adm/daemons/virtuald
' compile_object' in 'adm/daemons/virtuald.c' ('adm/daemons/virtuald') /adm/daemons/virtuald.c:35
arguments were ("/kungfu/class/generate/shennpc")
locals were: ({ /* sizeof() == 4 */
  "kungfu",
  "class",
  "generate",
  "shennpc"
}),"/kungfu/class/generate/shennpc",3,0
' compile_object' in ' adm/single/master.c' ('   adm/single/master') /adm/single/master.c:41
arguments were ("/kungfu/class/generate/shennpc")
locals were: adm/daemons/virtuald
' compile_object' in 'adm/daemons/virtuald.c' ('adm/daemons/virtuald') /adm/daemons/virtuald.c:35
arguments were ("/kungfu/class/generate/shennpc")
locals were: ({ /* sizeof() == 4 */
  "kungfu",
  "class",
  "generate",
  "shennpc"
}),"/kungfu/class/generate/shennpc",3,0
' compile_object' in ' adm/single/master.c' ('   adm/single/master') /adm/single/master.c:41
arguments were ("/kungfu/class/generate/shennpc")
locals were: adm/daemons/virtuald
' compile_object' in 'adm/daemons/virtuald.c' ('adm/daemons/virtuald') /adm/daemons/virtuald.c:35
arguments were ("/kungfu/class/generate/shennpc")
locals were: ({ /* sizeof() == 4 */
  "kungfu",
  "class",
  "generate",
  "shennpc"
}),"/kungfu/class/generate/shennpc",3,0
' compile_object' in ' adm/single/master.c' ('   adm/single/master') /adm/single/master.c:41
arguments were ("/kungfu/class/generate/shennpc")
locals were: adm/daemons/virtuald
' compile_object' in 'adm/daemons/virtuald.c' ('adm/daemons/virtuald') /adm/daemons/virtuald.c:35
arguments were ("/kungfu/class/generate/shennpc")
locals were: ({ /* sizeof() == 4 */
  "kungfu",
  "class",
  "generate",
  "shennpc"
}),"/kungfu/class/generate/shennpc",3,0
' compile_object' in ' adm/single/master.c' ('   adm/single/master') /adm/single/master.c:41
arguments were ("/kungfu/class/generate/shennpc")
locals were: adm/daemons/virtuald
' compile_object' in 'adm/daemons/virtuald.c' ('adm/daemons/virtuald') /adm/daemons/virtuald.c:35
arguments were ("/kungfu/class/generate/shennpc")
locals were: ({ /* sizeof() == 4 */
  "kungfu",
  "class",
  "generate",
  "shennpc"
}),"/kungfu/class/generate/shennpc",3,0
' compile_object' in ' adm/single/master.c' ('   adm/single/master') /adm/single/master.c:41
arguments were ("/kungfu/class/generate/shennpc")
locals were: adm/daemons/virtuald
' compile_object' in 'adm/daemons/virtuald.c' ('adm/daemons/virtuald') /adm/daemons/virtuald.c:35
arguments were ("/kungfu/class/generate/shennpc")
locals were: ({ /* sizeof() == 4 */
  "kungfu",
  "class",
  "generate",
  "shennpc"
}),"/kungfu/class/generate/shennpc",3,0
' compile_object' in ' adm/single/master.c' ('   adm/single/master') /adm/single/master.c:41
arguments were ("/kungfu/class/generate/shennpc")
locals were: adm/daemons/virtuald
' compile_object' in 'adm/daemons/virtuald.c' ('adm/daemons/virtuald') /adm/daemons/virtuald.c:35
arguments were ("/kungfu/class/generate/shennpc")
locals were: ({ /* sizeof() == 4 */
  "kungfu",
  "class",
  "generate",
  "shennpc"
}),"/kungfu/class/generate/shennpc",3,0
' compile_object' in ' adm/single/master.c' ('   adm/single/master') /adm/single/master.c:41
arguments were ("/kungfu/class/generate/shennpc")
locals were: adm/daemons/virtuald
' compile_object' in 'adm/daemons/virtuald.c' ('adm/daemons/virtuald') /adm/daemons/virtuald.c:35
arguments were ("/kungfu/class/generate/shennpc")
locals were: ({ /* sizeof() == 4 */
  "kungfu",
  "class",
  "generate",
  "shennpc"
}),"/kungfu/class/generate/shennpc",3,0
' compile_object' in ' adm/single/master.c' ('   adm/single/master') /adm/single/master.c:41
arguments were ("/kungfu/class/generate/shennpc")
locals were: adm/daemons/virtuald
' compile_object' in 'adm/daemons/virtuald.c' ('adm/daemons/virtuald') /adm/daemons/virtuald.c:35
arguments were ("/kungfu/class/generate/shennpc")
locals were: ({ /* sizeof() == 4 */
  "kungfu",
  "class",
  "generate",
  "shennpc"
}),"/kungfu/class/generate/shennpc",3,0
' compile_object' in ' adm/single/master.c' ('   adm/single/master') /adm/single/master.c:41
arguments were ("/kungfu/class/generate/shennpc")
locals were: adm/daemons/virtuald
' compile_object' in 'adm/daemons/virtuald.c' ('adm/daemons/virtuald') /adm/daemons/virtuald.c:35
arguments were ("/kungfu/class/generate/shennpc")
locals were: ({ /* sizeof() == 4 */
  "kungfu",
  "class",
  "generate",
  "shennpc"
}),"/kungfu/class/generate/shennpc",3,0
' compile_object' in ' adm/single/master.c' ('   adm/single/master') /adm/single/master.c:41
arguments were ("/kungfu/class/generate/shennpc")
locals were: adm/daemons/virtuald
' compile_object' in 'adm/daemons/virtuald.c' ('adm/daemons/virtuald') /adm/daemons/virtuald.c:35
arguments were ("/kungfu/class/generate/shennpc")
locals were: ({ /* sizeof() == 4 */
  "kungfu",
  "class",
  "generate",
  "shennpc"
}),"/kungfu/class/generate/shennpc",3,0
' compile_object' in ' adm/single/master.c' ('   adm/single/master') /adm/single/master.c:41
arguments were ("/kungfu/class/generate/shennpc")
locals were: adm/daemons/virtuald
' compile_object' in 'adm/daemons/virtuald.c' ('adm/daemons/virtuald') /adm/daemons/virtuald.c:35
arguments were ("/kungfu/class/generate/shennpc")
locals were: ({ /* sizeof() == 4 */
  "kungfu",
  "class",
  "generate",
  "shennpc"
}),"/kungfu/class/generate/shennpc",3,0
' compile_object' in ' adm/single/master.c' ('   adm/single/master') /adm/single/master.c:41
arguments were ("/kungfu/class/generate/shennpc")
locals were: adm/daemons/virtuald
' compile_object' in 'adm/daemons/virtuald.c' ('adm/daemons/virtuald') /adm/daemons/virtuald.c:35
arguments were ("/kungfu/class/generate/shennpc")
locals were: ({ /* sizeof() == 4 */
  "kungfu",
  "class",
  "generate",
  "shennpc"
}),"/kungfu/class/generate/shennpc",3,0
' compile_object' in ' adm/single/master.c' ('   adm/single/master') /adm/single/master.c:41
arguments were ("/kungfu/class/generate/shennpc")
locals were: adm/daemons/virtuald
' compile_object' in 'adm/daemons/virtuald.c' ('adm/daemons/virtuald') /adm/daemons/virtuald.c:35
arguments were ("/kungfu/class/generate/shennpc")
locals were: ({ /* sizeof() == 4 */
  "kungfu",
  "class",
  "generate",
  "shennpc"
}),"/kungfu/class/generate/shennpc",3,0
' compile_object' in ' adm/single/master.c' ('   adm/single/master') /adm/single/master.c:41
arguments were ("/kungfu/class/generate/shennpc")
locals were: adm/daemons/virtuald
' compile_object' in 'adm/daemons/virtuald.c' ('adm/daemons/virtuald') /adm/daemons/virtuald.c:35
arguments were ("/kungfu/class/generate/shennpc")
locals were: ({ /* sizeof() == 4 */
  "kungfu",
  "class",
  "generate",
  "shennpc"
}),"/kungfu/class/generate/shennpc",3,0
' compile_object' in ' adm/single/master.c' ('   adm/single/master') /adm/single/master.c:41
arguments were ("/kungfu/class/generate/shennpc")
locals were: adm/daemons/virtuald
' compile_object' in 'adm/daemons/virtuald.c' ('adm/daemons/virtuald') /adm/daemons/virtuald.c:35
arguments were ("/kungfu/class/generate/shennpc")
locals were: ({ /* sizeof() == 4 */
  "kungfu",
  "class",
  "generate",
  "shennpc"
}),"/kungfu/class/generate/shennpc",3,0
' compile_object' in ' adm/single/master.c' ('   adm/single/master') /adm/single/master.c:41
arguments were ("/kungfu/class/generate/shennpc")
locals were: adm/daemons/virtuald
' compile_object' in 'adm/daemons/virtuald.c' ('adm/daemons/virtuald') /adm/daemons/virtuald.c:35
arguments were ("/kungfu/class/generate/shennpc")
locals were: ({ /* sizeof() == 4 */
  "kungfu",
  "class",
  "generate",
  "shennpc"
}),"/kungfu/class/generate/shennpc",3,0
' compile_object' in ' adm/single/master.c' ('   adm/single/master') /adm/single/master.c:41
arguments were ("/kungfu/class/generate/shennpc")
locals were: adm/daemons/virtuald
' compile_object' in 'adm/daemons/virtuald.c' ('adm/daemons/virtuald') /adm/daemons/virtuald.c:25
arguments were ("/kungfu/class/generate/shennpc")
locals were: ({ /* sizeof() == 4 */
  "kungfu",
  "class",
  "generate",
  "shennpc"
}),"/kungfu",0,0
'     valid_read' in ' adm/single/master.c' ('   adm/single/master') /adm/single/master.c:424
arguments were ("/kungfu",adm/daemons/virtuald,"file_size")
locals were: adm/daemons/securityd
Heart beat in adm/daemons/quest/shen turned off.
Error in error handler: *Too deep recursion.
program: /adm/single/master.c, object: /adm/single/master, file: /adm/single/master.c:424
'     heart_beat' in 'adm/daemons/quest/judge.c' ('adm/daemons/quest/judge') /adm/daemons/quest/judge.c:35
arguments were ()
'    start_quest' in 'adm/daemons/quest/judge.c' ('adm/daemons/quest/judge') /adm/daemons/quest/judge.c:23
arguments were ()
locals were: clone/quest/judge#142
'     init_quest' in ' clone/quest/judge.c' ('clone/quest/judge#142') /clone/quest/judge.c:40
arguments were ()
locals were: 0,"嵩山一带",0,0,0
' compile_object' in ' adm/single/master.c' ('   adm/single/master') /adm/single/master.c:41
arguments were ("/kungfu/class/generate/questnpc")
locals were: adm/daemons/virtuald
' compile_object' in 'adm/daemons/virtuald.c' ('adm/daemons/virtuald') /adm/daemons/virtuald.c:35
arguments were ("/kungfu/class/generate/questnpc")
locals were: ({ /* sizeof() == 4 */
  "kungfu",
  "class",
  "generate",
  "questnpc"
}),"/kungfu/class/generate/questnpc",3,0
' compile_object' in ' adm/single/master.c' ('   adm/single/master') /adm/single/master.c:41
arguments were ("/kungfu/class/generate/questnpc")
locals were: adm/daemons/virtuald
' compile_object' in 'adm/daemons/virtuald.c' ('adm/daemons/virtuald') /adm/daemons/virtuald.c:35
arguments were ("/kungfu/class/generate/questnpc")
locals were: ({ /* sizeof() == 4 */
  "kungfu",
  "class",
  "generate",
  "questnpc"
}),"/kungfu/class/generate/questnpc",3,0
' compile_object' in ' adm/single/master.c' ('   adm/single/master') /adm/single/master.c:41
arguments were ("/kungfu/class/generate/questnpc")
locals were: adm/daemons/virtuald
' compile_object' in 'adm/daemons/virtuald.c' ('adm/daemons/virtuald') /adm/daemons/virtuald.c:35
arguments were ("/kungfu/class/generate/questnpc")
locals were: ({ /* sizeof() == 4 */
  "kungfu",
  "class",
  "generate",
  "questnpc"
}),"/kungfu/class/generate/questnpc",3,0
' compile_object' in ' adm/single/master.c' ('   adm/single/master') /adm/single/master.c:41
arguments were ("/kungfu/class/generate/questnpc")
locals were: adm/daemons/virtuald
' compile_object' in 'adm/daemons/virtuald.c' ('adm/daemons/virtuald') /adm/daemons/virtuald.c:35
arguments were ("/kungfu/class/generate/questnpc")
locals were: ({ /* sizeof() == 4 */
  "kungfu",
  "class",
  "generate",
  "questnpc"
}),"/kungfu/class/generate/questnpc",3,0
' compile_object' in ' adm/single/master.c' ('   adm/single/master') /adm/single/master.c:41
arguments were ("/kungfu/class/generate/questnpc")
locals were: adm/daemons/virtuald
' compile_object' in 'adm/daemons/virtuald.c' ('adm/daemons/virtuald') /adm/daemons/virtuald.c:35
arguments were ("/kungfu/class/generate/questnpc")
locals were: ({ /* sizeof() == 4 */
  "kungfu",
  "class",
  "generate",
  "questnpc"
}),"/kungfu/class/generate/questnpc",3,0
' compile_object' in ' adm/single/master.c' ('   adm/single/master') /adm/single/master.c:41
arguments were ("/kungfu/class/generate/questnpc")
locals were: adm/daemons/virtuald
' compile_object' in 'adm/daemons/virtuald.c' ('adm/daemons/virtuald') /adm/daemons/virtuald.c:35
arguments were ("/kungfu/class/generate/questnpc")
locals were: ({ /* sizeof() == 4 */
  "kungfu",
  "class",
  "generate",
  "questnpc"
}),"/kungfu/class/generate/questnpc",3,0
' compile_object' in ' adm/single/master.c' ('   adm/single/master') /adm/single/master.c:41
arguments were ("/kungfu/class/generate/questnpc")
locals were: adm/daemons/virtuald
' compile_object' in 'adm/daemons/virtuald.c' ('adm/daemons/virtuald') /adm/daemons/virtuald.c:35
arguments were ("/kungfu/class/generate/questnpc")
locals were: ({ /* sizeof() == 4 */
  "kungfu",
  "class",
  "generate",
  "questnpc"
}),"/kungfu/class/generate/questnpc",3,0
' compile_object' in ' adm/single/master.c' ('   adm/single/master') /adm/single/master.c:41
arguments were ("/kungfu/class/generate/questnpc")
locals were: adm/daemons/virtuald
' compile_object' in 'adm/daemons/virtuald.c' ('adm/daemons/virtuald') /adm/daemons/virtuald.c:35
arguments were ("/kungfu/class/generate/questnpc")
locals were: ({ /* sizeof() == 4 */
  "kungfu",
  "class",
  "generate",
  "questnpc"
}),"/kungfu/class/generate/questnpc",3,0
' compile_object' in ' adm/single/master.c' ('   adm/single/master') /adm/single/master.c:41
arguments were ("/kungfu/class/generate/questnpc")
locals were: adm/daemons/virtuald
' compile_object' in 'adm/daemons/virtuald.c' ('adm/daemons/virtuald') /adm/daemons/virtuald.c:35
arguments were ("/kungfu/class/generate/questnpc")
locals were: ({ /* sizeof() == 4 */
  "kungfu",
  "class",
  "generate",
  "questnpc"
}),"/kungfu/class/generate/questnpc",3,0
' compile_object' in ' adm/single/master.c' ('   adm/single/master') /adm/single/master.c:41
arguments were ("/kungfu/class/generate/questnpc")
locals were: adm/daemons/virtuald
' compile_object' in 'adm/daemons/virtuald.c' ('adm/daemons/virtuald') /adm/daemons/virtuald.c:35
arguments were ("/kungfu/class/generate/questnpc")
locals were: ({ /* sizeof() == 4 */
  "kungfu",
  "class",
  "generate",
  "questnpc"
}),"/kungfu/class/generate/questnpc",3,0
' compile_object' in ' adm/single/master.c' ('   adm/single/master') /adm/single/master.c:41
arguments were ("/kungfu/class/generate/questnpc")
locals were: adm/daemons/virtuald
' compile_object' in 'adm/daemons/virtuald.c' ('adm/daemons/virtuald') /adm/daemons/virtuald.c:35
arguments were ("/kungfu/class/generate/questnpc")
locals were: ({ /* sizeof() == 4 */
  "kungfu",
  "class",
  "generate",
  "questnpc"
}),"/kungfu/class/generate/questnpc",3,0
' compile_object' in ' adm/single/master.c' ('   adm/single/master') /adm/single/master.c:41
arguments were ("/kungfu/class/generate/questnpc")
locals were: adm/daemons/virtuald
' compile_object' in 'adm/daemons/virtuald.c' ('adm/daemons/virtuald') /adm/daemons/virtuald.c:35
arguments were ("/kungfu/class/generate/questnpc")
locals were: ({ /* sizeof() == 4 */
  "kungfu",
  "class",
  "generate",
  "questnpc"
}),"/kungfu/class/generate/questnpc",3,0
' compile_object' in ' adm/single/master.c' ('   adm/single/master') /adm/single/master.c:41
arguments were ("/kungfu/class/generate/questnpc")
locals were: adm/daemons/virtuald
' compile_object' in 'adm/daemons/virtuald.c' ('adm/daemons/virtuald') /adm/daemons/virtuald.c:35
arguments were ("/kungfu/class/generate/questnpc")
locals were: ({ /* sizeof() == 4 */
  "kungfu",
  "class",
  "generate",
  "questnpc"
}),"/kungfu/class/generate/questnpc",3,0
' compile_object' in ' adm/single/master.c' ('   adm/single/master') /adm/single/master.c:41
arguments were ("/kungfu/class/generate/questnpc")
locals were: adm/daemons/virtuald
' compile_object' in 'adm/daemons/virtuald.c' ('adm/daemons/virtuald') /adm/daemons/virtuald.c:35
arguments were ("/kungfu/class/generate/questnpc")
locals were: ({ /* sizeof() == 4 */
  "kungfu",
  "class",
  "generate",
  "questnpc"
}),"/kungfu/class/generate/questnpc",3,0
' compile_object' in ' adm/single/master.c' ('   adm/single/master') /adm/single/master.c:41
arguments were ("/kungfu/class/generate/questnpc")
locals were: adm/daemons/virtuald
' compile_object' in 'adm/daemons/virtuald.c' ('adm/daemons/virtuald') /adm/daemons/virtuald.c:35
arguments were ("/kungfu/class/generate/questnpc")
locals were: ({ /* sizeof() == 4 */
  "kungfu",
  "class",
  "generate",
  "questnpc"
}),"/kungfu/class/generate/questnpc",3,0
' compile_object' in ' adm/single/master.c' ('   adm/single/master') /adm/single/master.c:41
arguments were ("/kungfu/class/generate/questnpc")
locals were: adm/daemons/virtuald
' compile_object' in 'adm/daemons/virtuald.c' ('adm/daemons/virtuald') /adm/daemons/virtuald.c:35
arguments were ("/kungfu/class/generate/questnpc")
locals were: ({ /* sizeof() == 4 */
  "kungfu",
  "class",
  "generate",
  "questnpc"
}),"/kungfu/class/generate/questnpc",3,0
' compile_object' in ' adm/single/master.c' ('   adm/single/master') /adm/single/master.c:41
arguments were ("/kungfu/class/generate/questnpc")
locals were: adm/daemons/virtuald
' compile_object' in 'adm/daemons/virtuald.c' ('adm/daemons/virtuald') /adm/daemons/virtuald.c:35
arguments were ("/kungfu/class/generate/questnpc")
locals were: ({ /* sizeof() == 4 */
  "kungfu",
  "class",
  "generate",
  "questnpc"
}),"/kungfu/class/generate/questnpc",3,0
' compile_object' in ' adm/single/master.c' ('   adm/single/master') /adm/single/master.c:41
arguments were ("/kungfu/class/generate/questnpc")
locals were: adm/daemons/virtuald
' compile_object' in 'adm/daemons/virtuald.c' ('adm/daemons/virtuald') /adm/daemons/virtuald.c:35
arguments were ("/kungfu/class/generate/questnpc")
locals were: ({ /* sizeof() == 4 */
  "kungfu",
  "class",
  "generate",
  "questnpc"
}),"/kungfu/class/generate/questnpc",3,0
' compile_object' in ' adm/single/master.c' ('   adm/single/master') /adm/single/master.c:41
arguments were ("/kungfu/class/generate/questnpc")
locals were: adm/daemons/virtuald
' compile_object' in 'adm/daemons/virtuald.c' ('adm/daemons/virtuald') /adm/daemons/virtuald.c:35
arguments were ("/kungfu/class/generate/questnpc")
locals were: ({ /* sizeof() == 4 */
  "kungfu",
  "class",
  "generate",
  "questnpc"
}),"/kungfu/class/generate/questnpc",3,0
' compile_object' in ' adm/single/master.c' ('   adm/single/master') /adm/single/master.c:41
arguments were ("/kungfu/class/generate/questnpc")
locals were: adm/daemons/virtuald
' compile_object' in 'adm/daemons/virtuald.c' ('adm/daemons/virtuald') /adm/daemons/virtuald.c:35
arguments were ("/kungfu/class/generate/questnpc")
locals were: ({ /* sizeof() == 4 */
  "kungfu",
  "class",
  "generate",
  "questnpc"
}),"/kungfu/class/generate/questnpc",3,0
' compile_object' in ' adm/single/master.c' ('   adm/single/master') /adm/single/master.c:41
arguments were ("/kungfu/class/generate/questnpc")
locals were: adm/daemons/virtuald
' compile_object' in 'adm/daemons/virtuald.c' ('adm/daemons/virtuald') /adm/daemons/virtuald.c:35
arguments were ("/kungfu/class/generate/questnpc")
locals were: ({ /* sizeof() == 4 */
  "kungfu",
  "class",
  "generate",
  "questnpc"
}),"/kungfu/class/generate/questnpc",3,0
' compile_object' in ' adm/single/master.c' ('   adm/single/master') /adm/single/master.c:41
arguments were ("/kungfu/class/generate/questnpc")
locals were: adm/daemons/virtuald
' compile_object' in 'adm/daemons/virtuald.c' ('adm/daemons/virtuald') /adm/daemons/virtuald.c:35
arguments were ("/kungfu/class/generate/questnpc")
locals were: ({ /* sizeof() == 4 */
  "kungfu",
  "class",
  "generate",
  "questnpc"
}),"/kungfu/class/generate/questnpc",3,0
' compile_object' in ' adm/single/master.c' ('   adm/single/master') /adm/single/master.c:41
arguments were ("/kungfu/class/generate/questnpc")
locals were: adm/daemons/virtuald
' compile_object' in 'adm/daemons/virtuald.c' ('adm/daemons/virtuald') /adm/daemons/virtuald.c:25
arguments were ("/kungfu/class/generate/questnpc")
locals were: ({ /* sizeof() == 4 */
  "kungfu",
  "class",
  "generate",
  "questnpc"
}),"/kungfu",0,0
'     valid_read' in ' adm/single/master.c' ('   adm/single/master') /adm/single/master.c:424
arguments were ("/kungfu",adm/daemons/virtuald,"file_size")
locals were: adm/daemons/securityd
Heart beat in adm/daemons/quest/judge turned off.
Error in error handler: *Too deep recursion.
program: /adm/single/master.c, object: /adm/single/master, file: /adm/single/master.c:424
'     heart_beat' in 'adm/daemons/quest/search.c' ('adm/daemons/quest/search') /adm/daemons/quest/search.c:66
arguments were ()
'    start_quest' in 'adm/daemons/quest/search.c' ('adm/daemons/quest/search') /adm/daemons/quest/search.c:53
arguments were ()
locals were: clone/quest/search#162,"/clone/questob/jxshi",({ /* sizeof() == 19 */
  "/clone/questob/baijinhe",
  "/clone/questob/baiyubi",
  "/clone/questob/jingua",
  "/clone/questob/jinhulu",
  "/clone/questob/jlhua",
  "/clone/questob/jxshi",
  "/clone/questob/qkmao",
  "/clone/questob/qtding",
  "/clone/questob/sjping",
  "/clone/questob/tiegy",
  "/clone/questob/tieruyi",
  "/clone/questob/tongxq",
  "/clone/questob/ygbei",
  "/clone/questob/ylhua",
  "/clone/questob/yudai",
  "/clone/questob/yuhulu",
  "/clone/questob/yuping",
  "/clone/questob/zijinchui",
  "/clone/questob/zysha"
})
'     init_quest' in 'clone/quest/search.c' ('clone/quest/search#162') /clone/quest/search.c:64
arguments were ("/clone/questob/jxshi")
locals were: "寻找鸡血石",clone/questob/jxshi,"武功镇","华山附近",0,0,0
' compile_object' in ' adm/single/master.c' ('   adm/single/master') /adm/single/master.c:41
arguments were ("/kungfu/class/generate/questnpc")
locals were: adm/daemons/virtuald
' compile_object' in 'adm/daemons/virtuald.c' ('adm/daemons/virtuald') /adm/daemons/virtuald.c:35
arguments were ("/kungfu/class/generate/questnpc")
locals were: ({ /* sizeof() == 4 */
  "kungfu",
  "class",
  "generate",
  "questnpc"
}),"/kungfu/class/generate/questnpc",3,0
' compile_object' in ' adm/single/master.c' ('   adm/single/master') /adm/single/master.c:41
arguments were ("/kungfu/class/generate/questnpc")
locals were: adm/daemons/virtuald
' compile_object' in 'adm/daemons/virtuald.c' ('adm/daemons/virtuald') /adm/daemons/virtuald.c:35
arguments were ("/kungfu/class/generate/questnpc")
locals were: ({ /* sizeof() == 4 */
  "kungfu",
  "class",
  "generate",
  "questnpc"
}),"/kungfu/class/generate/questnpc",3,0
' compile_object' in ' adm/single/master.c' ('   adm/single/master') /adm/single/master.c:41
arguments were ("/kungfu/class/generate/questnpc")
locals were: adm/daemons/virtuald
' compile_object' in 'adm/daemons/virtuald.c' ('adm/daemons/virtuald') /adm/daemons/virtuald.c:35
arguments were ("/kungfu/class/generate/questnpc")
locals were: ({ /* sizeof() == 4 */
  "kungfu",
  "class",
  "generate",
  "questnpc"
}),"/kungfu/class/generate/questnpc",3,0
' compile_object' in ' adm/single/master.c' ('   adm/single/master') /adm/single/master.c:41
arguments were ("/kungfu/class/generate/questnpc")
locals were: adm/daemons/virtuald
' compile_object' in 'adm/daemons/virtuald.c' ('adm/daemons/virtuald') /adm/daemons/virtuald.c:35
arguments were ("/kungfu/class/generate/questnpc")
locals were: ({ /* sizeof() == 4 */
  "kungfu",
  "class",
  "generate",
  "questnpc"
}),"/kungfu/class/generate/questnpc",3,0
' compile_object' in ' adm/single/master.c' ('   adm/single/master') /adm/single/master.c:41
arguments were ("/kungfu/class/generate/questnpc")
locals were: adm/daemons/virtuald
' compile_object' in 'adm/daemons/virtuald.c' ('adm/daemons/virtuald') /adm/daemons/virtuald.c:35
arguments were ("/kungfu/class/generate/questnpc")
locals were: ({ /* sizeof() == 4 */
  "kungfu",
  "class",
  "generate",
  "questnpc"
}),"/kungfu/class/generate/questnpc",3,0
' compile_object' in ' adm/single/master.c' ('   adm/single/master') /adm/single/master.c:41
arguments were ("/kungfu/class/generate/questnpc")
locals were: adm/daemons/virtuald
' compile_object' in 'adm/daemons/virtuald.c' ('adm/daemons/virtuald') /adm/daemons/virtuald.c:35
arguments were ("/kungfu/class/generate/questnpc")
locals were: ({ /* sizeof() == 4 */
  "kungfu",
  "class",
  "generate",
  "questnpc"
}),"/kungfu/class/generate/questnpc",3,0
' compile_object' in ' adm/single/master.c' ('   adm/single/master') /adm/single/master.c:41
arguments were ("/kungfu/class/generate/questnpc")
locals were: adm/daemons/virtuald
' compile_object' in 'adm/daemons/virtuald.c' ('adm/daemons/virtuald') /adm/daemons/virtuald.c:35
arguments were ("/kungfu/class/generate/questnpc")
locals were: ({ /* sizeof() == 4 */
  "kungfu",
  "class",
  "generate",
  "questnpc"
}),"/kungfu/class/generate/questnpc",3,0
' compile_object' in ' adm/single/master.c' ('   adm/single/master') /adm/single/master.c:41
arguments were ("/kungfu/class/generate/questnpc")
locals were: adm/daemons/virtuald
' compile_object' in 'adm/daemons/virtuald.c' ('adm/daemons/virtuald') /adm/daemons/virtuald.c:35
arguments were ("/kungfu/class/generate/questnpc")
locals were: ({ /* sizeof() == 4 */
  "kungfu",
  "class",
  "generate",
  "questnpc"
}),"/kungfu/class/generate/questnpc",3,0
' compile_object' in ' adm/single/master.c' ('   adm/single/master') /adm/single/master.c:41
arguments were ("/kungfu/class/generate/questnpc")
locals were: adm/daemons/virtuald
' compile_object' in 'adm/daemons/virtuald.c' ('adm/daemons/virtuald') /adm/daemons/virtuald.c:35
arguments were ("/kungfu/class/generate/questnpc")
locals were: ({ /* sizeof() == 4 */
  "kungfu",
  "class",
  "generate",
  "questnpc"
}),"/kungfu/class/generate/questnpc",3,0
' compile_object' in ' adm/single/master.c' ('   adm/single/master') /adm/single/master.c:41
arguments were ("/kungfu/class/generate/questnpc")
locals were: adm/daemons/virtuald
' compile_object' in 'adm/daemons/virtuald.c' ('adm/daemons/virtuald') /adm/daemons/virtuald.c:35
arguments were ("/kungfu/class/generate/questnpc")
locals were: ({ /* sizeof() == 4 */
  "kungfu",
  "class",
  "generate",
  "questnpc"
}),"/kungfu/class/generate/questnpc",3,0
' compile_object' in ' adm/single/master.c' ('   adm/single/master') /adm/single/master.c:41
arguments were ("/kungfu/class/generate/questnpc")
locals were: adm/daemons/virtuald
' compile_object' in 'adm/daemons/virtuald.c' ('adm/daemons/virtuald') /adm/daemons/virtuald.c:35
arguments were ("/kungfu/class/generate/questnpc")
locals were: ({ /* sizeof() == 4 */
  "kungfu",
  "class",
  "generate",
  "questnpc"
}),"/kungfu/class/generate/questnpc",3,0
' compile_object' in ' adm/single/master.c' ('   adm/single/master') /adm/single/master.c:41
arguments were ("/kungfu/class/generate/questnpc")
locals were: adm/daemons/virtuald
' compile_object' in 'adm/daemons/virtuald.c' ('adm/daemons/virtuald') /adm/daemons/virtuald.c:35
arguments were ("/kungfu/class/generate/questnpc")
locals were: ({ /* sizeof() == 4 */
  "kungfu",
  "class",
  "generate",
  "questnpc"
}),"/kungfu/class/generate/questnpc",3,0
' compile_object' in ' adm/single/master.c' ('   adm/single/master') /adm/single/master.c:41
arguments were ("/kungfu/class/generate/questnpc")
locals were: adm/daemons/virtuald
' compile_object' in 'adm/daemons/virtuald.c' ('adm/daemons/virtuald') /adm/daemons/virtuald.c:35
arguments were ("/kungfu/class/generate/questnpc")
locals were: ({ /* sizeof() == 4 */
  "kungfu",
  "class",
  "generate",
  "questnpc"
}),"/kungfu/class/generate/questnpc",3,0
' compile_object' in ' adm/single/master.c' ('   adm/single/master') /adm/single/master.c:41
arguments were ("/kungfu/class/generate/questnpc")
locals were: adm/daemons/virtuald
' compile_object' in 'adm/daemons/virtuald.c' ('adm/daemons/virtuald') /adm/daemons/virtuald.c:35
arguments were ("/kungfu/class/generate/questnpc")
locals were: ({ /* sizeof() == 4 */
  "kungfu",
  "class",
  "generate",
  "questnpc"
}),"/kungfu/class/generate/questnpc",3,0
' compile_object' in ' adm/single/master.c' ('   adm/single/master') /adm/single/master.c:41
arguments were ("/kungfu/class/generate/questnpc")
locals were: adm/daemons/virtuald
' compile_object' in 'adm/daemons/virtuald.c' ('adm/daemons/virtuald') /adm/daemons/virtuald.c:35
arguments were ("/kungfu/class/generate/questnpc")
locals were: ({ /* sizeof() == 4 */
  "kungfu",
  "class",
  "generate",
  "questnpc"
}),"/kungfu/class/generate/questnpc",3,0
' compile_object' in ' adm/single/master.c' ('   adm/single/master') /adm/single/master.c:41
arguments were ("/kungfu/class/generate/questnpc")
locals were: adm/daemons/virtuald
' compile_object' in 'adm/daemons/virtuald.c' ('adm/daemons/virtuald') /adm/daemons/virtuald.c:35
arguments were ("/kungfu/class/generate/questnpc")
locals were: ({ /* sizeof() == 4 */
  "kungfu",
  "class",
  "generate",
  "questnpc"
}),"/kungfu/class/generate/questnpc",3,0
' compile_object' in ' adm/single/master.c' ('   adm/single/master') /adm/single/master.c:41
arguments were ("/kungfu/class/generate/questnpc")
locals were: adm/daemons/virtuald
' compile_object' in 'adm/daemons/virtuald.c' ('adm/daemons/virtuald') /adm/daemons/virtuald.c:35
arguments were ("/kungfu/class/generate/questnpc")
locals were: ({ /* sizeof() == 4 */
  "kungfu",
  "class",
  "generate",
  "questnpc"
}),"/kungfu/class/generate/questnpc",3,0
' compile_object' in ' adm/single/master.c' ('   adm/single/master') /adm/single/master.c:41
arguments were ("/kungfu/class/generate/questnpc")
locals were: adm/daemons/virtuald
' compile_object' in 'adm/daemons/virtuald.c' ('adm/daemons/virtuald') /adm/daemons/virtuald.c:35
arguments were ("/kungfu/class/generate/questnpc")
locals were: ({ /* sizeof() == 4 */
  "kungfu",
  "class",
  "generate",
  "questnpc"
}),"/kungfu/class/generate/questnpc",3,0
' compile_object' in ' adm/single/master.c' ('   adm/single/master') /adm/single/master.c:41
arguments were ("/kungfu/class/generate/questnpc")
locals were: adm/daemons/virtuald
' compile_object' in 'adm/daemons/virtuald.c' ('adm/daemons/virtuald') /adm/daemons/virtuald.c:35
arguments were ("/kungfu/class/generate/questnpc")
locals were: ({ /* sizeof() == 4 */
  "kungfu",
  "class",
  "generate",
  "questnpc"
}),"/kungfu/class/generate/questnpc",3,0
' compile_object' in ' adm/single/master.c' ('   adm/single/master') /adm/single/master.c:41
arguments were ("/kungfu/class/generate/questnpc")
locals were: adm/daemons/virtuald
' compile_object' in 'adm/daemons/virtuald.c' ('adm/daemons/virtuald') /adm/daemons/virtuald.c:35
arguments were ("/kungfu/class/generate/questnpc")
locals were: ({ /* sizeof() == 4 */
  "kungfu",
  "class",
  "generate",
  "questnpc"
}),"/kungfu/class/generate/questnpc",3,0
' compile_object' in ' adm/single/master.c' ('   adm/single/master') /adm/single/master.c:41
arguments were ("/kungfu/class/generate/questnpc")
locals were: adm/daemons/virtuald
' compile_object' in 'adm/daemons/virtuald.c' ('adm/daemons/virtuald') /adm/daemons/virtuald.c:35
arguments were ("/kungfu/class/generate/questnpc")
locals were: ({ /* sizeof() == 4 */
  "kungfu",
  "class",
  "generate",
  "questnpc"
}),"/kungfu/class/generate/questnpc",3,0
' compile_object' in ' adm/single/master.c' ('   adm/single/master') /adm/single/master.c:41
arguments were ("/kungfu/class/generate/questnpc")
locals were: adm/daemons/virtuald
' compile_object' in 'adm/daemons/virtuald.c' ('adm/daemons/virtuald') /adm/daemons/virtuald.c:35
arguments were ("/kungfu/class/generate/questnpc")
locals were: ({ /* sizeof() == 4 */
  "kungfu",
  "class",
  "generate",
  "questnpc"
}),"/kungfu/class/generate/questnpc",3,0
' compile_object' in ' adm/single/master.c' ('   adm/single/master') /adm/single/master.c:41
arguments were ("/kungfu/class/generate/questnpc")
locals were: adm/daemons/virtuald
' compile_object' in 'adm/daemons/virtuald.c' ('adm/daemons/virtuald') /adm/daemons/virtuald.c:25
arguments were ("/kungfu/class/generate/questnpc")
locals were: ({ /* sizeof() == 4 */
  "kungfu",
  "class",
  "generate",
  "questnpc"
}),"/kungfu",0,0
'     valid_read' in ' adm/single/master.c' ('   adm/single/master') /adm/single/master.c:424
arguments were ("/kungfu",adm/daemons/virtuald,"file_size")
locals were: adm/daemons/securityd
Heart beat in adm/daemons/quest/search turned off.
Error in error handler: *Too deep recursion.
program: /adm/daemons/virtuald.c, object: /adm/daemons/virtuald, file: /adm/daemons/virtuald.c:25
'     heart_beat' in 'adm/daemons/quest/explore.c' ('adm/daemons/quest/explore') /adm/daemons/quest/explore.c:130
arguments were ()
'    start_quest' in 'adm/daemons/quest/explore.c' ('adm/daemons/quest/explore') /adm/daemons/quest/explore.c:83
arguments were ()
locals were: 0,0,"/d/lingzhou/yipindayuan",0,0,0,({ /* sizeof() == 14 */
  "/d/city3/jiudian",
  "/d/hangzhou/lingyinsi",
  "/d/city/ymzhengting",
  "/d/fuzhou/yamen",
  "/d/dali/qiandian",
  "/d/beijing/kangfu_dating",
  "/d/lingzhou/neizai",
  "/d/dali/wangfugate",
  "/d/lingzhou/yipindayuan",
  "/d/suzhou/yamen",
  "/d/suzhou/jubaozhai",
  "/d/changan/fangzhangshi",
  "/d/city/duchang",
  "/d/hangzhou/road12"
}),({ /* sizeof() == 5 */
  clone/quest/explore#140,
  clone/quest/explore#87,
  clone/quest/explore#42,
  clone/quest/explore#30,
  clone/quest/explore
}),0,0
'     get_object' in 'adm/single/simul_efun.c' ('adm/single/simul_efun') /adm/simul_efun/util.c:151
arguments were ("/d/lingzhou/yipindayuan")
locals were: 0
'         create' in 'd/lingzhou/yipindayuan.c' ('d/lingzhou/yipindayuan') /d/lingzhou/yipindayuan.c:30
arguments were ()
' compile_object' in ' adm/single/master.c' ('   adm/single/master') /adm/single/master.c:41
arguments were ("/clone/board/yipin_b")
locals were: adm/daemons/virtuald
' compile_object' in 'adm/daemons/virtuald.c' ('adm/daemons/virtuald') /adm/daemons/virtuald.c:35
arguments were ("/clone/board/yipin_b")
locals were: ({ /* sizeof() == 3 */
  "clone",
  "board",
  "yipin_b"
}),"/clone/board/yipin_b",2,0
' compile_object' in ' adm/single/master.c' ('   adm/single/master') /adm/single/master.c:41
arguments were ("/clone/board/yipin_b")
locals were: adm/daemons/virtuald
' compile_object' in 'adm/daemons/virtuald.c' ('adm/daemons/virtuald') /adm/daemons/virtuald.c:35
arguments were ("/clone/board/yipin_b")
locals were: ({ /* sizeof() == 3 */
  "clone",
  "board",
  "yipin_b"
}),"/clone/board/yipin_b",2,0
' compile_object' in ' adm/single/master.c' ('   adm/single/master') /adm/single/master.c:41
arguments were ("/clone/board/yipin_b")
locals were: adm/daemons/virtuald
' compile_object' in 'adm/daemons/virtuald.c' ('adm/daemons/virtuald') /adm/daemons/virtuald.c:35
arguments were ("/clone/board/yipin_b")
locals were: ({ /* sizeof() == 3 */
  "clone",
  "board",
  "yipin_b"
}),"/clone/board/yipin_b",2,0
' compile_object' in ' adm/single/master.c' ('   adm/single/master') /adm/single/master.c:41
arguments were ("/clone/board/yipin_b")
locals were: adm/daemons/virtuald
' compile_object' in 'adm/daemons/virtuald.c' ('adm/daemons/virtuald') /adm/daemons/virtuald.c:35
arguments were ("/clone/board/yipin_b")
locals were: ({ /* sizeof() == 3 */
  "clone",
  "board",
  "yipin_b"
}),"/clone/board/yipin_b",2,0
' compile_object' in ' adm/single/master.c' ('   adm/single/master') /adm/single/master.c:41
arguments were ("/clone/board/yipin_b")
locals were: adm/daemons/virtuald
' compile_object' in 'adm/daemons/virtuald.c' ('adm/daemons/virtuald') /adm/daemons/virtuald.c:35
arguments were ("/clone/board/yipin_b")
locals were: ({ /* sizeof() == 3 */
  "clone",
  "board",
  "yipin_b"
}),"/clone/board/yipin_b",2,0
' compile_object' in ' adm/single/master.c' ('   adm/single/master') /adm/single/master.c:41
arguments were ("/clone/board/yipin_b")
locals were: adm/daemons/virtuald
' compile_object' in 'adm/daemons/virtuald.c' ('adm/daemons/virtuald') /adm/daemons/virtuald.c:35
arguments were ("/clone/board/yipin_b")
locals were: ({ /* sizeof() == 3 */
  "clone",
  "board",
  "yipin_b"
}),"/clone/board/yipin_b",2,0
' compile_object' in ' adm/single/master.c' ('   adm/single/master') /adm/single/master.c:41
arguments were ("/clone/board/yipin_b")
locals were: adm/daemons/virtuald
' compile_object' in 'adm/daemons/virtuald.c' ('adm/daemons/virtuald') /adm/daemons/virtuald.c:35
arguments were ("/clone/board/yipin_b")
locals were: ({ /* sizeof() == 3 */
  "clone",
  "board",
  "yipin_b"
}),"/clone/board/yipin_b",2,0
' compile_object' in ' adm/single/master.c' ('   adm/single/master') /adm/single/master.c:41
arguments were ("/clone/board/yipin_b")
locals were: adm/daemons/virtuald
' compile_object' in 'adm/daemons/virtuald.c' ('adm/daemons/virtuald') /adm/daemons/virtuald.c:35
arguments were ("/clone/board/yipin_b")
locals were: ({ /* sizeof() == 3 */
  "clone",
  "board",
  "yipin_b"
}),"/clone/board/yipin_b",2,0
' compile_object' in ' adm/single/master.c' ('   adm/single/master') /adm/single/master.c:41
arguments were ("/clone/board/yipin_b")
locals were: adm/daemons/virtuald
' compile_object' in 'adm/daemons/virtuald.c' ('adm/daemons/virtuald') /adm/daemons/virtuald.c:35
arguments were ("/clone/board/yipin_b")
locals were: ({ /* sizeof() == 3 */
  "clone",
  "board",
  "yipin_b"
}),"/clone/board/yipin_b",2,0
' compile_object' in ' adm/single/master.c' ('   adm/single/master') /adm/single/master.c:41
arguments were ("/clone/board/yipin_b")
locals were: adm/daemons/virtuald
' compile_object' in 'adm/daemons/virtuald.c' ('adm/daemons/virtuald') /adm/daemons/virtuald.c:35
arguments were ("/clone/board/yipin_b")
locals were: ({ /* sizeof() == 3 */
  "clone",
  "board",
  "yipin_b"
}),"/clone/board/yipin_b",2,0
' compile_object' in ' adm/single/master.c' ('   adm/single/master') /adm/single/master.c:41
arguments were ("/clone/board/yipin_b")
locals were: adm/daemons/virtuald
' compile_object' in 'adm/daemons/virtuald.c' ('adm/daemons/virtuald') /adm/daemons/virtuald.c:35
arguments were ("/clone/board/yipin_b")
locals were: ({ /* sizeof() == 3 */
  "clone",
  "board",
  "yipin_b"
}),"/clone/board/yipin_b",2,0
' compile_object' in ' adm/single/master.c' ('   adm/single/master') /adm/single/master.c:41
arguments were ("/clone/board/yipin_b")
locals were: adm/daemons/virtuald
' compile_object' in 'adm/daemons/virtuald.c' ('adm/daemons/virtuald') /adm/daemons/virtuald.c:35
arguments were ("/clone/board/yipin_b")
locals were: ({ /* sizeof() == 3 */
  "clone",
  "board",
  "yipin_b"
}),"/clone/board/yipin_b",2,0
' compile_object' in ' adm/single/master.c' ('   adm/single/master') /adm/single/master.c:41
arguments were ("/clone/board/yipin_b")
locals were: adm/daemons/virtuald
' compile_object' in 'adm/daemons/virtuald.c' ('adm/daemons/virtuald') /adm/daemons/virtuald.c:35
arguments were ("/clone/board/yipin_b")
locals were: ({ /* sizeof() == 3 */
  "clone",
  "board",
  "yipin_b"
}),"/clone/board/yipin_b",2,0
' compile_object' in ' adm/single/master.c' ('   adm/single/master') /adm/single/master.c:41
arguments were ("/clone/board/yipin_b")
locals were: adm/daemons/virtuald
' compile_object' in 'adm/daemons/virtuald.c' ('adm/daemons/virtuald') /adm/daemons/virtuald.c:35
arguments were ("/clone/board/yipin_b")
locals were: ({ /* sizeof() == 3 */
  "clone",
  "board",
  "yipin_b"
}),"/clone/board/yipin_b",2,0
' compile_object' in ' adm/single/master.c' ('   adm/single/master') /adm/single/master.c:41
arguments were ("/clone/board/yipin_b")
locals were: adm/daemons/virtuald
' compile_object' in 'adm/daemons/virtuald.c' ('adm/daemons/virtuald') /adm/daemons/virtuald.c:35
arguments were ("/clone/board/yipin_b")
locals were: ({ /* sizeof() == 3 */
  "clone",
  "board",
  "yipin_b"
}),"/clone/board/yipin_b",2,0
' compile_object' in ' adm/single/master.c' ('   adm/single/master') /adm/single/master.c:41
arguments were ("/clone/board/yipin_b")
locals were: adm/daemons/virtuald
' compile_object' in 'adm/daemons/virtuald.c' ('adm/daemons/virtuald') /adm/daemons/virtuald.c:35
arguments were ("/clone/board/yipin_b")
locals were: ({ /* sizeof() == 3 */
  "clone",
  "board",
  "yipin_b"
}),"/clone/board/yipin_b",2,0
' compile_object' in ' adm/single/master.c' ('   adm/single/master') /adm/single/master.c:41
arguments were ("/clone/board/yipin_b")
locals were: adm/daemons/virtuald
' compile_object' in 'adm/daemons/virtuald.c' ('adm/daemons/virtuald') /adm/daemons/virtuald.c:35
arguments were ("/clone/board/yipin_b")
locals were: ({ /* sizeof() == 3 */
  "clone",
  "board",
  "yipin_b"
}),"/clone/board/yipin_b",2,0
' compile_object' in ' adm/single/master.c' ('   adm/single/master') /adm/single/master.c:41
arguments were ("/clone/board/yipin_b")
locals were: adm/daemons/virtuald
' compile_object' in 'adm/daemons/virtuald.c' ('adm/daemons/virtuald') /adm/daemons/virtuald.c:35
arguments were ("/clone/board/yipin_b")
locals were: ({ /* sizeof() == 3 */
  "clone",
  "board",
  "yipin_b"
}),"/clone/board/yipin_b",2,0
' compile_object' in ' adm/single/master.c' ('   adm/single/master') /adm/single/master.c:41
arguments were ("/clone/board/yipin_b")
locals were: adm/daemons/virtuald
' compile_object' in 'adm/daemons/virtuald.c' ('adm/daemons/virtuald') /adm/daemons/virtuald.c:35
arguments were ("/clone/board/yipin_b")
locals were: ({ /* sizeof() == 3 */
  "clone",
  "board",
  "yipin_b"
}),"/clone/board/yipin_b",2,0
' compile_object' in ' adm/single/master.c' ('   adm/single/master') /adm/single/master.c:41
arguments were ("/clone/board/yipin_b")
locals were: adm/daemons/virtuald
' compile_object' in 'adm/daemons/virtuald.c' ('adm/daemons/virtuald') /adm/daemons/virtuald.c:35
arguments were ("/clone/board/yipin_b")
locals were: ({ /* sizeof() == 3 */
  "clone",
  "board",
  "yipin_b"
}),"/clone/board/yipin_b",2,0
' compile_object' in ' adm/single/master.c' ('   adm/single/master') /adm/single/master.c:41
arguments were ("/clone/board/yipin_b")
locals were: adm/daemons/virtuald
' compile_object' in 'adm/daemons/virtuald.c' ('adm/daemons/virtuald') /adm/daemons/virtuald.c:35
arguments were ("/clone/board/yipin_b")
locals were: ({ /* sizeof() == 3 */
  "clone",
  "board",
  "yipin_b"
}),"/clone/board/yipin_b",2,0
' compile_object' in ' adm/single/master.c' ('   adm/single/master') /adm/single/master.c:41
arguments were ("/clone/board/yipin_b")
locals were: adm/daemons/virtuald
' compile_object' in 'adm/daemons/virtuald.c' ('adm/daemons/virtuald') /adm/daemons/virtuald.c:35
arguments were ("/clone/board/yipin_b")
locals were: ({ /* sizeof() == 3 */
  "clone",
  "board",
  "yipin_b"
}),"/clone/board/yipin_b",2,0
' compile_object' in ' adm/single/master.c' ('   adm/single/master') /adm/single/master.c:41
arguments were ("/clone/board/yipin_b")
locals were: adm/daemons/virtuald
' compile_object' in 'adm/daemons/virtuald.c' ('adm/daemons/virtuald') /adm/daemons/virtuald.c:25
arguments were ("/clone/board/yipin_b")
locals were: ({ /* sizeof() == 3 */
  "clone",
  "board",
  "yipin_b"
}),"/clone",0,0
Heart beat in adm/daemons/quest/explore turned off.
Error in error handler: *Too deep recursion.
program: /adm/single/master.c, object: /adm/single/master, file: /adm/single/master.c:424
'     heart_beat' in 'adm/daemons/quest/search.c' ('adm/daemons/quest/search') /adm/daemons/quest/search.c:66
arguments were ()
'    start_quest' in 'adm/daemons/quest/search.c' ('adm/daemons/quest/search') /adm/daemons/quest/search.c:53
arguments were ()
locals were: clone/quest/search#242,"/clone/questob/sjping",({ /* sizeof() == 19 */
  "/clone/questob/baijinhe",
  "/clone/questob/baiyubi",
  "/clone/questob/jingua",
  "/clone/questob/jinhulu",
  "/clone/questob/jlhua",
  "/clone/questob/jxshi",
  "/clone/questob/qkmao",
  "/clone/questob/qtding",
  "/clone/questob/sjping",
  "/clone/questob/tiegy",
  "/clone/questob/tieruyi",
  "/clone/questob/tongxq",
  "/clone/questob/ygbei",
  "/clone/questob/ylhua",
  "/clone/questob/yudai",
  "/clone/questob/yuhulu",
  "/clone/questob/yuping",
  "/clone/questob/zijinchui",
  "/clone/questob/zysha"
})
'     init_quest' in 'clone/quest/search.c' ('clone/quest/search#242') /clone/quest/search.c:64
arguments were ("/clone/questob/sjping")
locals were: "寻找四剪瓶",clone/questob/sjping,"泉州城","武功镇",0,0,0
' compile_object' in ' adm/single/master.c' ('   adm/single/master') /adm/single/master.c:41
arguments were ("/kungfu/class/generate/questnpc")
locals were: adm/daemons/virtuald
' compile_object' in 'adm/daemons/virtuald.c' ('adm/daemons/virtuald') /adm/daemons/virtuald.c:35
arguments were ("/kungfu/class/generate/questnpc")
locals were: ({ /* sizeof() == 4 */
  "kungfu",
  "class",
  "generate",
  "questnpc"
}),"/kungfu/class/generate/questnpc",3,0
' compile_object' in ' adm/single/master.c' ('   adm/single/master') /adm/single/master.c:41
arguments were ("/kungfu/class/generate/questnpc")
locals were: adm/daemons/virtuald
' compile_object' in 'adm/daemons/virtuald.c' ('adm/daemons/virtuald') /adm/daemons/virtuald.c:35
arguments were ("/kungfu/class/generate/questnpc")
locals were: ({ /* sizeof() == 4 */
  "kungfu",
  "class",
  "generate",
  "questnpc"
}),"/kungfu/class/generate/questnpc",3,0
' compile_object' in ' adm/single/master.c' ('   adm/single/master') /adm/single/master.c:41
arguments were ("/kungfu/class/generate/questnpc")
locals were: adm/daemons/virtuald
' compile_object' in 'adm/daemons/virtuald.c' ('adm/daemons/virtuald') /adm/daemons/virtuald.c:35
arguments were ("/kungfu/class/generate/questnpc")
locals were: ({ /* sizeof() == 4 */
  "kungfu",
  "class",
  "generate",
  "questnpc"
}),"/kungfu/class/generate/questnpc",3,0
' compile_object' in ' adm/single/master.c' ('   adm/single/master') /adm/single/master.c:41
arguments were ("/kungfu/class/generate/questnpc")
locals were: adm/daemons/virtuald
' compile_object' in 'adm/daemons/virtuald.c' ('adm/daemons/virtuald') /adm/daemons/virtuald.c:35
arguments were ("/kungfu/class/generate/questnpc")
locals were: ({ /* sizeof() == 4 */
  "kungfu",
  "class",
  "generate",
  "questnpc"
}),"/kungfu/class/generate/questnpc",3,0
' compile_object' in ' adm/single/master.c' ('   adm/single/master') /adm/single/master.c:41
arguments were ("/kungfu/class/generate/questnpc")
locals were: adm/daemons/virtuald
' compile_object' in 'adm/daemons/virtuald.c' ('adm/daemons/virtuald') /adm/daemons/virtuald.c:35
arguments were ("/kungfu/class/generate/questnpc")
locals were: ({ /* sizeof() == 4 */
  "kungfu",
  "class",
  "generate",
  "questnpc"
}),"/kungfu/class/generate/questnpc",3,0
' compile_object' in ' adm/single/master.c' ('   adm/single/master') /adm/single/master.c:41
arguments were ("/kungfu/class/generate/questnpc")
locals were: adm/daemons/virtuald
' compile_object' in 'adm/daemons/virtuald.c' ('adm/daemons/virtuald') /adm/daemons/virtuald.c:35
arguments were ("/kungfu/class/generate/questnpc")
locals were: ({ /* sizeof() == 4 */
  "kungfu",
  "class",
  "generate",
  "questnpc"
}),"/kungfu/class/generate/questnpc",3,0
' compile_object' in ' adm/single/master.c' ('   adm/single/master') /adm/single/master.c:41
arguments were ("/kungfu/class/generate/questnpc")
locals were: adm/daemons/virtuald
' compile_object' in 'adm/daemons/virtuald.c' ('adm/daemons/virtuald') /adm/daemons/virtuald.c:35
arguments were ("/kungfu/class/generate/questnpc")
locals were: ({ /* sizeof() == 4 */
  "kungfu",
  "class",
  "generate",
  "questnpc"
}),"/kungfu/class/generate/questnpc",3,0
' compile_object' in ' adm/single/master.c' ('   adm/single/master') /adm/single/master.c:41
arguments were ("/kungfu/class/generate/questnpc")
locals were: adm/daemons/virtuald
' compile_object' in 'adm/daemons/virtuald.c' ('adm/daemons/virtuald') /adm/daemons/virtuald.c:35
arguments were ("/kungfu/class/generate/questnpc")
locals were: ({ /* sizeof() == 4 */
  "kungfu",
  "class",
  "generate",
  "questnpc"
}),"/kungfu/class/generate/questnpc",3,0
' compile_object' in ' adm/single/master.c' ('   adm/single/master') /adm/single/master.c:41
arguments were ("/kungfu/class/generate/questnpc")
locals were: adm/daemons/virtuald
' compile_object' in 'adm/daemons/virtuald.c' ('adm/daemons/virtuald') /adm/daemons/virtuald.c:35
arguments were ("/kungfu/class/generate/questnpc")
locals were: ({ /* sizeof() == 4 */
  "kungfu",
  "class",
  "generate",
  "questnpc"
}),"/kungfu/class/generate/questnpc",3,0
' compile_object' in ' adm/single/master.c' ('   adm/single/master') /adm/single/master.c:41
arguments were ("/kungfu/class/generate/questnpc")
locals were: adm/daemons/virtuald
' compile_object' in 'adm/daemons/virtuald.c' ('adm/daemons/virtuald') /adm/daemons/virtuald.c:35
arguments were ("/kungfu/class/generate/questnpc")
locals were: ({ /* sizeof() == 4 */
  "kungfu",
  "class",
  "generate",
  "questnpc"
}),"/kungfu/class/generate/questnpc",3,0
' compile_object' in ' adm/single/master.c' ('   adm/single/master') /adm/single/master.c:41
arguments were ("/kungfu/class/generate/questnpc")
locals were: adm/daemons/virtuald
' compile_object' in 'adm/daemons/virtuald.c' ('adm/daemons/virtuald') /adm/daemons/virtuald.c:35
arguments were ("/kungfu/class/generate/questnpc")
locals were: ({ /* sizeof() == 4 */
  "kungfu",
  "class",
  "generate",
  "questnpc"
}),"/kungfu/class/generate/questnpc",3,0
' compile_object' in ' adm/single/master.c' ('   adm/single/master') /adm/single/master.c:41
arguments were ("/kungfu/class/generate/questnpc")
locals were: adm/daemons/virtuald
' compile_object' in 'adm/daemons/virtuald.c' ('adm/daemons/virtuald') /adm/daemons/virtuald.c:35
arguments were ("/kungfu/class/generate/questnpc")
locals were: ({ /* sizeof() == 4 */
  "kungfu",
  "class",
  "generate",
  "questnpc"
}),"/kungfu/class/generate/questnpc",3,0
' compile_object' in ' adm/single/master.c' ('   adm/single/master') /adm/single/master.c:41
arguments were ("/kungfu/class/generate/questnpc")
locals were: adm/daemons/virtuald
' compile_object' in 'adm/daemons/virtuald.c' ('adm/daemons/virtuald') /adm/daemons/virtuald.c:35
arguments were ("/kungfu/class/generate/questnpc")
locals were: ({ /* sizeof() == 4 */
  "kungfu",
  "class",
  "generate",
  "questnpc"
}),"/kungfu/class/generate/questnpc",3,0
' compile_object' in ' adm/single/master.c' ('   adm/single/master') /adm/single/master.c:41
arguments were ("/kungfu/class/generate/questnpc")
locals were: adm/daemons/virtuald
' compile_object' in 'adm/daemons/virtuald.c' ('adm/daemons/virtuald') /adm/daemons/virtuald.c:35
arguments were ("/kungfu/class/generate/questnpc")
locals were: ({ /* sizeof() == 4 */
  "kungfu",
  "class",
  "generate",
  "questnpc"
}),"/kungfu/class/generate/questnpc",3,0
' compile_object' in ' adm/single/master.c' ('   adm/single/master') /adm/single/master.c:41
arguments were ("/kungfu/class/generate/questnpc")
locals were: adm/daemons/virtuald
' compile_object' in 'adm/daemons/virtuald.c' ('adm/daemons/virtuald') /adm/daemons/virtuald.c:35
arguments were ("/kungfu/class/generate/questnpc")
locals were: ({ /* sizeof() == 4 */
  "kungfu",
  "class",
  "generate",
  "questnpc"
}),"/kungfu/class/generate/questnpc",3,0
' compile_object' in ' adm/single/master.c' ('   adm/single/master') /adm/single/master.c:41
arguments were ("/kungfu/class/generate/questnpc")
locals were: adm/daemons/virtuald
' compile_object' in 'adm/daemons/virtuald.c' ('adm/daemons/virtuald') /adm/daemons/virtuald.c:35
arguments were ("/kungfu/class/generate/questnpc")
locals were: ({ /* sizeof() == 4 */
  "kungfu",
  "class",
  "generate",
  "questnpc"
}),"/kungfu/class/generate/questnpc",3,0
' compile_object' in ' adm/single/master.c' ('   adm/single/master') /adm/single/master.c:41
arguments were ("/kungfu/class/generate/questnpc")
locals were: adm/daemons/virtuald
' compile_object' in 'adm/daemons/virtuald.c' ('adm/daemons/virtuald') /adm/daemons/virtuald.c:35
arguments were ("/kungfu/class/generate/questnpc")
locals were: ({ /* sizeof() == 4 */
  "kungfu",
  "class",
  "generate",
  "questnpc"
}),"/kungfu/class/generate/questnpc",3,0
' compile_object' in ' adm/single/master.c' ('   adm/single/master') /adm/single/master.c:41
arguments were ("/kungfu/class/generate/questnpc")
locals were: adm/daemons/virtuald
' compile_object' in 'adm/daemons/virtuald.c' ('adm/daemons/virtuald') /adm/daemons/virtuald.c:35
arguments were ("/kungfu/class/generate/questnpc")
locals were: ({ /* sizeof() == 4 */
  "kungfu",
  "class",
  "generate",
  "questnpc"
}),"/kungfu/class/generate/questnpc",3,0
' compile_object' in ' adm/single/master.c' ('   adm/single/master') /adm/single/master.c:41
arguments were ("/kungfu/class/generate/questnpc")
locals were: adm/daemons/virtuald
' compile_object' in 'adm/daemons/virtuald.c' ('adm/daemons/virtuald') /adm/daemons/virtuald.c:35
arguments were ("/kungfu/class/generate/questnpc")
locals were: ({ /* sizeof() == 4 */
  "kungfu",
  "class",
  "generate",
  "questnpc"
}),"/kungfu/class/generate/questnpc",3,0
' compile_object' in ' adm/single/master.c' ('   adm/single/master') /adm/single/master.c:41
arguments were ("/kungfu/class/generate/questnpc")
locals were: adm/daemons/virtuald
' compile_object' in 'adm/daemons/virtuald.c' ('adm/daemons/virtuald') /adm/daemons/virtuald.c:35
arguments were ("/kungfu/class/generate/questnpc")
locals were: ({ /* sizeof() == 4 */
  "kungfu",
  "class",
  "generate",
  "questnpc"
}),"/kungfu/class/generate/questnpc",3,0
' compile_object' in ' adm/single/master.c' ('   adm/single/master') /adm/single/master.c:41
arguments were ("/kungfu/class/generate/questnpc")
locals were: adm/daemons/virtuald
' compile_object' in 'adm/daemons/virtuald.c' ('adm/daemons/virtuald') /adm/daemons/virtuald.c:35
arguments were ("/kungfu/class/generate/questnpc")
locals were: ({ /* sizeof() == 4 */
  "kungfu",
  "class",
  "generate",
  "questnpc"
}),"/kungfu/class/generate/questnpc",3,0
' compile_object' in ' adm/single/master.c' ('   adm/single/master') /adm/single/master.c:41
arguments were ("/kungfu/class/generate/questnpc")
locals were: adm/daemons/virtuald
' compile_object' in 'adm/daemons/virtuald.c' ('adm/daemons/virtuald') /adm/daemons/virtuald.c:35
arguments were ("/kungfu/class/generate/questnpc")
locals were: ({ /* sizeof() == 4 */
  "kungfu",
  "class",
  "generate",
  "questnpc"
}),"/kungfu/class/generate/questnpc",3,0
' compile_object' in ' adm/single/master.c' ('   adm/single/master') /adm/single/master.c:41
arguments were ("/kungfu/class/generate/questnpc")
locals were: adm/daemons/virtuald
' compile_object' in 'adm/daemons/virtuald.c' ('adm/daemons/virtuald') /adm/daemons/virtuald.c:25
arguments were ("/kungfu/class/generate/questnpc")
locals were: ({ /* sizeof() == 4 */
  "kungfu",
  "class",
  "generate",
  "questnpc"
}),"/kungfu",0,0
'     valid_read' in ' adm/single/master.c' ('   adm/single/master') /adm/single/master.c:424
arguments were ("/kungfu",adm/daemons/virtuald,"file_size")
locals were: adm/daemons/securityd
Heart beat in adm/daemons/quest/search turned off.
Error in error handler: *Too deep recursion.
program: /adm/single/master.c, object: /adm/single/master, file: /adm/single/master.c:424
'     heart_beat' in 'adm/daemons/quest/shen.c' ('adm/daemons/quest/shen') /adm/daemons/quest/shen.c:37
arguments were ()
'    start_quest' in 'adm/daemons/quest/shen.c' ('adm/daemons/quest/shen') /adm/daemons/quest/shen.c:25
arguments were ()
locals were: clone/quest/shen#248,0,0
'     init_quest' in '  clone/quest/shen.c' ('clone/quest/shen#248') /clone/quest/shen.c:39
arguments were ()
locals were: 0,0,"汝州一带",0,0,0
' compile_object' in ' adm/single/master.c' ('   adm/single/master') /adm/single/master.c:41
arguments were ("/kungfu/class/generate/shennpc")
locals were: adm/daemons/virtuald
' compile_object' in 'adm/daemons/virtuald.c' ('adm/daemons/virtuald') /adm/daemons/virtuald.c:35
arguments were ("/kungfu/class/generate/shennpc")
locals were: ({ /* sizeof() == 4 */
  "kungfu",
  "class",
  "generate",
  "shennpc"
}),"/kungfu/class/generate/shennpc",3,0
' compile_object' in ' adm/single/master.c' ('   adm/single/master') /adm/single/master.c:41
arguments were ("/kungfu/class/generate/shennpc")
locals were: adm/daemons/virtuald
' compile_object' in 'adm/daemons/virtuald.c' ('adm/daemons/virtuald') /adm/daemons/virtuald.c:35
arguments were ("/kungfu/class/generate/shennpc")
locals were: ({ /* sizeof() == 4 */
  "kungfu",
  "class",
  "generate",
  "shennpc"
}),"/kungfu/class/generate/shennpc",3,0
' compile_object' in ' adm/single/master.c' ('   adm/single/master') /adm/single/master.c:41
arguments were ("/kungfu/class/generate/shennpc")
locals were: adm/daemons/virtuald
' compile_object' in 'adm/daemons/virtuald.c' ('adm/daemons/virtuald') /adm/daemons/virtuald.c:35
arguments were ("/kungfu/class/generate/shennpc")
locals were: ({ /* sizeof() == 4 */
  "kungfu",
  "class",
  "generate",
  "shennpc"
}),"/kungfu/class/generate/shennpc",3,0
' compile_object' in ' adm/single/master.c' ('   adm/single/master') /adm/single/master.c:41
arguments were ("/kungfu/class/generate/shennpc")
locals were: adm/daemons/virtuald
' compile_object' in 'adm/daemons/virtuald.c' ('adm/daemons/virtuald') /adm/daemons/virtuald.c:35
arguments were ("/kungfu/class/generate/shennpc")
locals were: ({ /* sizeof() == 4 */
  "kungfu",
  "class",
  "generate",
  "shennpc"
}),"/kungfu/class/generate/shennpc",3,0
' compile_object' in ' adm/single/master.c' ('   adm/single/master') /adm/single/master.c:41
arguments were ("/kungfu/class/generate/shennpc")
locals were: adm/daemons/virtuald
' compile_object' in 'adm/daemons/virtuald.c' ('adm/daemons/virtuald') /adm/daemons/virtuald.c:35
arguments were ("/kungfu/class/generate/shennpc")
locals were: ({ /* sizeof() == 4 */
  "kungfu",
  "class",
  "generate",
  "shennpc"
}),"/kungfu/class/generate/shennpc",3,0
' compile_object' in ' adm/single/master.c' ('   adm/single/master') /adm/single/master.c:41
arguments were ("/kungfu/class/generate/shennpc")
locals were: adm/daemons/virtuald
' compile_object' in 'adm/daemons/virtuald.c' ('adm/daemons/virtuald') /adm/daemons/virtuald.c:35
arguments were ("/kungfu/class/generate/shennpc")
locals were: ({ /* sizeof() == 4 */
  "kungfu",
  "class",
  "generate",
  "shennpc"
}),"/kungfu/class/generate/shennpc",3,0
' compile_object' in ' adm/single/master.c' ('   adm/single/master') /adm/single/master.c:41
arguments were ("/kungfu/class/generate/shennpc")
locals were: adm/daemons/virtuald
' compile_object' in 'adm/daemons/virtuald.c' ('adm/daemons/virtuald') /adm/daemons/virtuald.c:35
arguments were ("/kungfu/class/generate/shennpc")
locals were: ({ /* sizeof() == 4 */
  "kungfu",
  "class",
  "generate",
  "shennpc"
}),"/kungfu/class/generate/shennpc",3,0
' compile_object' in ' adm/single/master.c' ('   adm/single/master') /adm/single/master.c:41
arguments were ("/kungfu/class/generate/shennpc")
locals were: adm/daemons/virtuald
' compile_object' in 'adm/daemons/virtuald.c' ('adm/daemons/virtuald') /adm/daemons/virtuald.c:35
arguments were ("/kungfu/class/generate/shennpc")
locals were: ({ /* sizeof() == 4 */
  "kungfu",
  "class",
  "generate",
  "shennpc"
}),"/kungfu/class/generate/shennpc",3,0
' compile_object' in ' adm/single/master.c' ('   adm/single/master') /adm/single/master.c:41
arguments were ("/kungfu/class/generate/shennpc")
locals were: adm/daemons/virtuald
' compile_object' in 'adm/daemons/virtuald.c' ('adm/daemons/virtuald') /adm/daemons/virtuald.c:35
arguments were ("/kungfu/class/generate/shennpc")
locals were: ({ /* sizeof() == 4 */
  "kungfu",
  "class",
  "generate",
  "shennpc"
}),"/kungfu/class/generate/shennpc",3,0
' compile_object' in ' adm/single/master.c' ('   adm/single/master') /adm/single/master.c:41
arguments were ("/kungfu/class/generate/shennpc")
locals were: adm/daemons/virtuald
' compile_object' in 'adm/daemons/virtuald.c' ('adm/daemons/virtuald') /adm/daemons/virtuald.c:35
arguments were ("/kungfu/class/generate/shennpc")
locals were: ({ /* sizeof() == 4 */
  "kungfu",
  "class",
  "generate",
  "shennpc"
}),"/kungfu/class/generate/shennpc",3,0
' compile_object' in ' adm/single/master.c' ('   adm/single/master') /adm/single/master.c:41
arguments were ("/kungfu/class/generate/shennpc")
locals were: adm/daemons/virtuald
' compile_object' in 'adm/daemons/virtuald.c' ('adm/daemons/virtuald') /adm/daemons/virtuald.c:35
arguments were ("/kungfu/class/generate/shennpc")
locals were: ({ /* sizeof() == 4 */
  "kungfu",
  "class",
  "generate",
  "shennpc"
}),"/kungfu/class/generate/shennpc",3,0
' compile_object' in ' adm/single/master.c' ('   adm/single/master') /adm/single/master.c:41
arguments were ("/kungfu/class/generate/shennpc")
locals were: adm/daemons/virtuald
' compile_object' in 'adm/daemons/virtuald.c' ('adm/daemons/virtuald') /adm/daemons/virtuald.c:35
arguments were ("/kungfu/class/generate/shennpc")
locals were: ({ /* sizeof() == 4 */
  "kungfu",
  "class",
  "generate",
  "shennpc"
}),"/kungfu/class/generate/shennpc",3,0
' compile_object' in ' adm/single/master.c' ('   adm/single/master') /adm/single/master.c:41
arguments were ("/kungfu/class/generate/shennpc")
locals were: adm/daemons/virtuald
' compile_object' in 'adm/daemons/virtuald.c' ('adm/daemons/virtuald') /adm/daemons/virtuald.c:35
arguments were ("/kungfu/class/generate/shennpc")
locals were: ({ /* sizeof() == 4 */
  "kungfu",
  "class",
  "generate",
  "shennpc"
}),"/kungfu/class/generate/shennpc",3,0
' compile_object' in ' adm/single/master.c' ('   adm/single/master') /adm/single/master.c:41
arguments were ("/kungfu/class/generate/shennpc")
locals were: adm/daemons/virtuald
' compile_object' in 'adm/daemons/virtuald.c' ('adm/daemons/virtuald') /adm/daemons/virtuald.c:35
arguments were ("/kungfu/class/generate/shennpc")
locals were: ({ /* sizeof() == 4 */
  "kungfu",
  "class",
  "generate",
  "shennpc"
}),"/kungfu/class/generate/shennpc",3,0
' compile_object' in ' adm/single/master.c' ('   adm/single/master') /adm/single/master.c:41
arguments were ("/kungfu/class/generate/shennpc")
locals were: adm/daemons/virtuald
' compile_object' in 'adm/daemons/virtuald.c' ('adm/daemons/virtuald') /adm/daemons/virtuald.c:35
arguments were ("/kungfu/class/generate/shennpc")
locals were: ({ /* sizeof() == 4 */
  "kungfu",
  "class",
  "generate",
  "shennpc"
}),"/kungfu/class/generate/shennpc",3,0
' compile_object' in ' adm/single/master.c' ('   adm/single/master') /adm/single/master.c:41
arguments were ("/kungfu/class/generate/shennpc")
locals were: adm/daemons/virtuald
' compile_object' in 'adm/daemons/virtuald.c' ('adm/daemons/virtuald') /adm/daemons/virtuald.c:35
arguments were ("/kungfu/class/generate/shennpc")
locals were: ({ /* sizeof() == 4 */
  "kungfu",
  "class",
  "generate",
  "shennpc"
}),"/kungfu/class/generate/shennpc",3,0
' compile_object' in ' adm/single/master.c' ('   adm/single/master') /adm/single/master.c:41
arguments were ("/kungfu/class/generate/shennpc")
locals were: adm/daemons/virtuald
' compile_object' in 'adm/daemons/virtuald.c' ('adm/daemons/virtuald') /adm/daemons/virtuald.c:35
arguments were ("/kungfu/class/generate/shennpc")
locals were: ({ /* sizeof() == 4 */
  "kungfu",
  "class",
  "generate",
  "shennpc"
}),"/kungfu/class/generate/shennpc",3,0
' compile_object' in ' adm/single/master.c' ('   adm/single/master') /adm/single/master.c:41
arguments were ("/kungfu/class/generate/shennpc")
locals were: adm/daemons/virtuald
' compile_object' in 'adm/daemons/virtuald.c' ('adm/daemons/virtuald') /adm/daemons/virtuald.c:35
arguments were ("/kungfu/class/generate/shennpc")
locals were: ({ /* sizeof() == 4 */
  "kungfu",
  "class",
  "generate",
  "shennpc"
}),"/kungfu/class/generate/shennpc",3,0
' compile_object' in ' adm/single/master.c' ('   adm/single/master') /adm/single/master.c:41
arguments were ("/kungfu/class/generate/shennpc")
locals were: adm/daemons/virtuald
' compile_object' in 'adm/daemons/virtuald.c' ('adm/daemons/virtuald') /adm/daemons/virtuald.c:35
arguments were ("/kungfu/class/generate/shennpc")
locals were: ({ /* sizeof() == 4 */
  "kungfu",
  "class",
  "generate",
  "shennpc"
}),"/kungfu/class/generate/shennpc",3,0
' compile_object' in ' adm/single/master.c' ('   adm/single/master') /adm/single/master.c:41
arguments were ("/kungfu/class/generate/shennpc")
locals were: adm/daemons/virtuald
' compile_object' in 'adm/daemons/virtuald.c' ('adm/daemons/virtuald') /adm/daemons/virtuald.c:35
arguments were ("/kungfu/class/generate/shennpc")
locals were: ({ /* sizeof() == 4 */
  "kungfu",
  "class",
  "generate",
  "shennpc"
}),"/kungfu/class/generate/shennpc",3,0
' compile_object' in ' adm/single/master.c' ('   adm/single/master') /adm/single/master.c:41
arguments were ("/kungfu/class/generate/shennpc")
locals were: adm/daemons/virtuald
' compile_object' in 'adm/daemons/virtuald.c' ('adm/daemons/virtuald') /adm/daemons/virtuald.c:35
arguments were ("/kungfu/class/generate/shennpc")
locals were: ({ /* sizeof() == 4 */
  "kungfu",
  "class",
  "generate",
  "shennpc"
}),"/kungfu/class/generate/shennpc",3,0
' compile_object' in ' adm/single/master.c' ('   adm/single/master') /adm/single/master.c:41
arguments were ("/kungfu/class/generate/shennpc")
locals were: adm/daemons/virtuald
' compile_object' in 'adm/daemons/virtuald.c' ('adm/daemons/virtuald') /adm/daemons/virtuald.c:35
arguments were ("/kungfu/class/generate/shennpc")
locals were: ({ /* sizeof() == 4 */
  "kungfu",
  "class",
  "generate",
  "shennpc"
}),"/kungfu/class/generate/shennpc",3,0
' compile_object' in ' adm/single/master.c' ('   adm/single/master') /adm/single/master.c:41
arguments were ("/kungfu/class/generate/shennpc")
locals were: adm/daemons/virtuald
' compile_object' in 'adm/daemons/virtuald.c' ('adm/daemons/virtuald') /adm/daemons/virtuald.c:25
arguments were ("/kungfu/class/generate/shennpc")
locals were: ({ /* sizeof() == 4 */
  "kungfu",
  "class",
  "generate",
  "shennpc"
}),"/kungfu",0,0
'     valid_read' in ' adm/single/master.c' ('   adm/single/master') /adm/single/master.c:424
arguments were ("/kungfu",adm/daemons/virtuald,"file_size")
locals were: adm/daemons/securityd
Heart beat in adm/daemons/quest/shen turned off.
Error in error handler: *Too deep recursion.
program: /adm/single/master.c, object: /adm/single/master, file: /adm/single/master.c:424
'     heart_beat' in 'adm/daemons/quest/judge.c' ('adm/daemons/quest/judge') /adm/daemons/quest/judge.c:35
arguments were ()
'    start_quest' in 'adm/daemons/quest/judge.c' ('adm/daemons/quest/judge') /adm/daemons/quest/judge.c:23
arguments were ()
locals were: clone/quest/judge#250
'     init_quest' in ' clone/quest/judge.c' ('clone/quest/judge#250') /clone/quest/judge.c:40
arguments were ()
locals were: 0,"扬州城",0,0,0
' compile_object' in ' adm/single/master.c' ('   adm/single/master') /adm/single/master.c:41
arguments were ("/kungfu/class/generate/questnpc")
locals were: adm/daemons/virtuald
' compile_object' in 'adm/daemons/virtuald.c' ('adm/daemons/virtuald') /adm/daemons/virtuald.c:35
arguments were ("/kungfu/class/generate/questnpc")
locals were: ({ /* sizeof() == 4 */
  "kungfu",
  "class",
  "generate",
  "questnpc"
}),"/kungfu/class/generate/questnpc",3,0
' compile_object' in ' adm/single/master.c' ('   adm/single/master') /adm/single/master.c:41
arguments were ("/kungfu/class/generate/questnpc")
locals were: adm/daemons/virtuald
' compile_object' in 'adm/daemons/virtuald.c' ('adm/daemons/virtuald') /adm/daemons/virtuald.c:35
arguments were ("/kungfu/class/generate/questnpc")
locals were: ({ /* sizeof() == 4 */
  "kungfu",
  "class",
  "generate",
  "questnpc"
}),"/kungfu/class/generate/questnpc",3,0
' compile_object' in ' adm/single/master.c' ('   adm/single/master') /adm/single/master.c:41
arguments were ("/kungfu/class/generate/questnpc")
locals were: adm/daemons/virtuald
' compile_object' in 'adm/daemons/virtuald.c' ('adm/daemons/virtuald') /adm/daemons/virtuald.c:35
arguments were ("/kungfu/class/generate/questnpc")
locals were: ({ /* sizeof() == 4 */
  "kungfu",
  "class",
  "generate",
  "questnpc"
}),"/kungfu/class/generate/questnpc",3,0
' compile_object' in ' adm/single/master.c' ('   adm/single/master') /adm/single/master.c:41
arguments were ("/kungfu/class/generate/questnpc")
locals were: adm/daemons/virtuald
' compile_object' in 'adm/daemons/virtuald.c' ('adm/daemons/virtuald') /adm/daemons/virtuald.c:35
arguments were ("/kungfu/class/generate/questnpc")
locals were: ({ /* sizeof() == 4 */
  "kungfu",
  "class",
  "generate",
  "questnpc"
}),"/kungfu/class/generate/questnpc",3,0
' compile_object' in ' adm/single/master.c' ('   adm/single/master') /adm/single/master.c:41
arguments were ("/kungfu/class/generate/questnpc")
locals were: adm/daemons/virtuald
' compile_object' in 'adm/daemons/virtuald.c' ('adm/daemons/virtuald') /adm/daemons/virtuald.c:35
arguments were ("/kungfu/class/generate/questnpc")
locals were: ({ /* sizeof() == 4 */
  "kungfu",
  "class",
  "generate",
  "questnpc"
}),"/kungfu/class/generate/questnpc",3,0
' compile_object' in ' adm/single/master.c' ('   adm/single/master') /adm/single/master.c:41
arguments were ("/kungfu/class/generate/questnpc")
locals were: adm/daemons/virtuald
' compile_object' in 'adm/daemons/virtuald.c' ('adm/daemons/virtuald') /adm/daemons/virtuald.c:35
arguments were ("/kungfu/class/generate/questnpc")
locals were: ({ /* sizeof() == 4 */
  "kungfu",
  "class",
  "generate",
  "questnpc"
}),"/kungfu/class/generate/questnpc",3,0
' compile_object' in ' adm/single/master.c' ('   adm/single/master') /adm/single/master.c:41
arguments were ("/kungfu/class/generate/questnpc")
locals were: adm/daemons/virtuald
' compile_object' in 'adm/daemons/virtuald.c' ('adm/daemons/virtuald') /adm/daemons/virtuald.c:35
arguments were ("/kungfu/class/generate/questnpc")
locals were: ({ /* sizeof() == 4 */
  "kungfu",
  "class",
  "generate",
  "questnpc"
}),"/kungfu/class/generate/questnpc",3,0
' compile_object' in ' adm/single/master.c' ('   adm/single/master') /adm/single/master.c:41
arguments were ("/kungfu/class/generate/questnpc")
locals were: adm/daemons/virtuald
' compile_object' in 'adm/daemons/virtuald.c' ('adm/daemons/virtuald') /adm/daemons/virtuald.c:35
arguments were ("/kungfu/class/generate/questnpc")
locals were: ({ /* sizeof() == 4 */
  "kungfu",
  "class",
  "generate",
  "questnpc"
}),"/kungfu/class/generate/questnpc",3,0
' compile_object' in ' adm/single/master.c' ('   adm/single/master') /adm/single/master.c:41
arguments were ("/kungfu/class/generate/questnpc")
locals were: adm/daemons/virtuald
' compile_object' in 'adm/daemons/virtuald.c' ('adm/daemons/virtuald') /adm/daemons/virtuald.c:35
arguments were ("/kungfu/class/generate/questnpc")
locals were: ({ /* sizeof() == 4 */
  "kungfu",
  "class",
  "generate",
  "questnpc"
}),"/kungfu/class/generate/questnpc",3,0
' compile_object' in ' adm/single/master.c' ('   adm/single/master') /adm/single/master.c:41
arguments were ("/kungfu/class/generate/questnpc")
locals were: adm/daemons/virtuald
' compile_object' in 'adm/daemons/virtuald.c' ('adm/daemons/virtuald') /adm/daemons/virtuald.c:35
arguments were ("/kungfu/class/generate/questnpc")
locals were: ({ /* sizeof() == 4 */
  "kungfu",
  "class",
  "generate",
  "questnpc"
}),"/kungfu/class/generate/questnpc",3,0
' compile_object' in ' adm/single/master.c' ('   adm/single/master') /adm/single/master.c:41
arguments were ("/kungfu/class/generate/questnpc")
locals were: adm/daemons/virtuald
' compile_object' in 'adm/daemons/virtuald.c' ('adm/daemons/virtuald') /adm/daemons/virtuald.c:35
arguments were ("/kungfu/class/generate/questnpc")
locals were: ({ /* sizeof() == 4 */
  "kungfu",
  "class",
  "generate",
  "questnpc"
}),"/kungfu/class/generate/questnpc",3,0
' compile_object' in ' adm/single/master.c' ('   adm/single/master') /adm/single/master.c:41
arguments were ("/kungfu/class/generate/questnpc")
locals were: adm/daemons/virtuald
' compile_object' in 'adm/daemons/virtuald.c' ('adm/daemons/virtuald') /adm/daemons/virtuald.c:35
arguments were ("/kungfu/class/generate/questnpc")
locals were: ({ /* sizeof() == 4 */
  "kungfu",
  "class",
  "generate",
  "questnpc"
}),"/kungfu/class/generate/questnpc",3,0
' compile_object' in ' adm/single/master.c' ('   adm/single/master') /adm/single/master.c:41
arguments were ("/kungfu/class/generate/questnpc")
locals were: adm/daemons/virtuald
' compile_object' in 'adm/daemons/virtuald.c' ('adm/daemons/virtuald') /adm/daemons/virtuald.c:35
arguments were ("/kungfu/class/generate/questnpc")
locals were: ({ /* sizeof() == 4 */
  "kungfu",
  "class",
  "generate",
  "questnpc"
}),"/kungfu/class/generate/questnpc",3,0
' compile_object' in ' adm/single/master.c' ('   adm/single/master') /adm/single/master.c:41
arguments were ("/kungfu/class/generate/questnpc")
locals were: adm/daemons/virtuald
' compile_object' in 'adm/daemons/virtuald.c' ('adm/daemons/virtuald') /adm/daemons/virtuald.c:35
arguments were ("/kungfu/class/generate/questnpc")
locals were: ({ /* sizeof() == 4 */
  "kungfu",
  "class",
  "generate",
  "questnpc"
}),"/kungfu/class/generate/questnpc",3,0
' compile_object' in ' adm/single/master.c' ('   adm/single/master') /adm/single/master.c:41
arguments were ("/kungfu/class/generate/questnpc")
locals were: adm/daemons/virtuald
' compile_object' in 'adm/daemons/virtuald.c' ('adm/daemons/virtuald') /adm/daemons/virtuald.c:35
arguments were ("/kungfu/class/generate/questnpc")
locals were: ({ /* sizeof() == 4 */
  "kungfu",
  "class",
  "generate",
  "questnpc"
}),"/kungfu/class/generate/questnpc",3,0
' compile_object' in ' adm/single/master.c' ('   adm/single/master') /adm/single/master.c:41
arguments were ("/kungfu/class/generate/questnpc")
locals were: adm/daemons/virtuald
' compile_object' in 'adm/daemons/virtuald.c' ('adm/daemons/virtuald') /adm/daemons/virtuald.c:35
arguments were ("/kungfu/class/generate/questnpc")
locals were: ({ /* sizeof() == 4 */
  "kungfu",
  "class",
  "generate",
  "questnpc"
}),"/kungfu/class/generate/questnpc",3,0
' compile_object' in ' adm/single/master.c' ('   adm/single/master') /adm/single/master.c:41
arguments were ("/kungfu/class/generate/questnpc")
locals were: adm/daemons/virtuald
' compile_object' in 'adm/daemons/virtuald.c' ('adm/daemons/virtuald') /adm/daemons/virtuald.c:35
arguments were ("/kungfu/class/generate/questnpc")
locals were: ({ /* sizeof() == 4 */
  "kungfu",
  "class",
  "generate",
  "questnpc"
}),"/kungfu/class/generate/questnpc",3,0
' compile_object' in ' adm/single/master.c' ('   adm/single/master') /adm/single/master.c:41
arguments were ("/kungfu/class/generate/questnpc")
locals were: adm/daemons/virtuald
' compile_object' in 'adm/daemons/virtuald.c' ('adm/daemons/virtuald') /adm/daemons/virtuald.c:35
arguments were ("/kungfu/class/generate/questnpc")
locals were: ({ /* sizeof() == 4 */
  "kungfu",
  "class",
  "generate",
  "questnpc"
}),"/kungfu/class/generate/questnpc",3,0
' compile_object' in ' adm/single/master.c' ('   adm/single/master') /adm/single/master.c:41
arguments were ("/kungfu/class/generate/questnpc")
locals were: adm/daemons/virtuald
' compile_object' in 'adm/daemons/virtuald.c' ('adm/daemons/virtuald') /adm/daemons/virtuald.c:35
arguments were ("/kungfu/class/generate/questnpc")
locals were: ({ /* sizeof() == 4 */
  "kungfu",
  "class",
  "generate",
  "questnpc"
}),"/kungfu/class/generate/questnpc",3,0
' compile_object' in ' adm/single/master.c' ('   adm/single/master') /adm/single/master.c:41
arguments were ("/kungfu/class/generate/questnpc")
locals were: adm/daemons/virtuald
' compile_object' in 'adm/daemons/virtuald.c' ('adm/daemons/virtuald') /adm/daemons/virtuald.c:35
arguments were ("/kungfu/class/generate/questnpc")
locals were: ({ /* sizeof() == 4 */
  "kungfu",
  "class",
  "generate",
  "questnpc"
}),"/kungfu/class/generate/questnpc",3,0
' compile_object' in ' adm/single/master.c' ('   adm/single/master') /adm/single/master.c:41
arguments were ("/kungfu/class/generate/questnpc")
locals were: adm/daemons/virtuald
' compile_object' in 'adm/daemons/virtuald.c' ('adm/daemons/virtuald') /adm/daemons/virtuald.c:35
arguments were ("/kungfu/class/generate/questnpc")
locals were: ({ /* sizeof() == 4 */
  "kungfu",
  "class",
  "generate",
  "questnpc"
}),"/kungfu/class/generate/questnpc",3,0
' compile_object' in ' adm/single/master.c' ('   adm/single/master') /adm/single/master.c:41
arguments were ("/kungfu/class/generate/questnpc")
locals were: adm/daemons/virtuald
' compile_object' in 'adm/daemons/virtuald.c' ('adm/daemons/virtuald') /adm/daemons/virtuald.c:35
arguments were ("/kungfu/class/generate/questnpc")
locals were: ({ /* sizeof() == 4 */
  "kungfu",
  "class",
  "generate",
  "questnpc"
}),"/kungfu/class/generate/questnpc",3,0
' compile_object' in ' adm/single/master.c' ('   adm/single/master') /adm/single/master.c:41
arguments were ("/kungfu/class/generate/questnpc")
locals were: adm/daemons/virtuald
' compile_object' in 'adm/daemons/virtuald.c' ('adm/daemons/virtuald') /adm/daemons/virtuald.c:25
arguments were ("/kungfu/class/generate/questnpc")
locals were: ({ /* sizeof() == 4 */
  "kungfu",
  "class",
  "generate",
  "questnpc"
}),"/kungfu",0,0
'     valid_read' in ' adm/single/master.c' ('   adm/single/master') /adm/single/master.c:424
arguments were ("/kungfu",adm/daemons/virtuald,"file_size")
locals were: adm/daemons/securityd
Heart beat in adm/daemons/quest/judge turned off.
Error in error handler: *Too deep recursion.
program: /adm/single/master.c, object: /adm/single/master, file: /adm/single/master.c:424
'     heart_beat' in 'adm/daemons/quest/search.c' ('adm/daemons/quest/search') /adm/daemons/quest/search.c:66
arguments were ()
'    start_quest' in 'adm/daemons/quest/search.c' ('adm/daemons/quest/search') /adm/daemons/quest/search.c:53
arguments were ()
locals were: clone/quest/search#411,"/clone/questob/jinhulu",({ /* sizeof() == 19 */
  "/clone/questob/baijinhe",
  "/clone/questob/baiyubi",
  "/clone/questob/jingua",
  "/clone/questob/jinhulu",
  "/clone/questob/jlhua",
  "/clone/questob/jxshi",
  "/clone/questob/qkmao",
  "/clone/questob/qtding",
  "/clone/questob/sjping",
  "/clone/questob/tiegy",
  "/clone/questob/tieruyi",
  "/clone/questob/tongxq",
  "/clone/questob/ygbei",
  "/clone/questob/ylhua",
  "/clone/questob/yudai",
  "/clone/questob/yuhulu",
  "/clone/questob/yuping",
  "/clone/questob/zijinchui",
  "/clone/questob/zysha"
})
'     init_quest' in 'clone/quest/search.c' ('clone/quest/search#411') /clone/quest/search.c:64
arguments were ("/clone/questob/jinhulu")
locals were: "寻找金葫芦",clone/questob/jinhulu,"汝州一带","成都城",0,0,0
' compile_object' in ' adm/single/master.c' ('   adm/single/master') /adm/single/master.c:41
arguments were ("/kungfu/class/generate/questnpc")
locals were: adm/daemons/virtuald
' compile_object' in 'adm/daemons/virtuald.c' ('adm/daemons/virtuald') /adm/daemons/virtuald.c:35
arguments were ("/kungfu/class/generate/questnpc")
locals were: ({ /* sizeof() == 4 */
  "kungfu",
  "class",
  "generate",
  "questnpc"
}),"/kungfu/class/generate/questnpc",3,0
' compile_object' in ' adm/single/master.c' ('   adm/single/master') /adm/single/master.c:41
arguments were ("/kungfu/class/generate/questnpc")
locals were: adm/daemons/virtuald
' compile_object' in 'adm/daemons/virtuald.c' ('adm/daemons/virtuald') /adm/daemons/virtuald.c:35
arguments were ("/kungfu/class/generate/questnpc")
locals were: ({ /* sizeof() == 4 */
  "kungfu",
  "class",
  "generate",
  "questnpc"
}),"/kungfu/class/generate/questnpc",3,0
' compile_object' in ' adm/single/master.c' ('   adm/single/master') /adm/single/master.c:41
arguments were ("/kungfu/class/generate/questnpc")
locals were: adm/daemons/virtuald
' compile_object' in 'adm/daemons/virtuald.c' ('adm/daemons/virtuald') /adm/daemons/virtuald.c:35
arguments were ("/kungfu/class/generate/questnpc")
locals were: ({ /* sizeof() == 4 */
  "kungfu",
  "class",
  "generate",
  "questnpc"
}),"/kungfu/class/generate/questnpc",3,0
' compile_object' in ' adm/single/master.c' ('   adm/single/master') /adm/single/master.c:41
arguments were ("/kungfu/class/generate/questnpc")
locals were: adm/daemons/virtuald
' compile_object' in 'adm/daemons/virtuald.c' ('adm/daemons/virtuald') /adm/daemons/virtuald.c:35
arguments were ("/kungfu/class/generate/questnpc")
locals were: ({ /* sizeof() == 4 */
  "kungfu",
  "class",
  "generate",
  "questnpc"
}),"/kungfu/class/generate/questnpc",3,0
' compile_object' in ' adm/single/master.c' ('   adm/single/master') /adm/single/master.c:41
arguments were ("/kungfu/class/generate/questnpc")
locals were: adm/daemons/virtuald
' compile_object' in 'adm/daemons/virtuald.c' ('adm/daemons/virtuald') /adm/daemons/virtuald.c:35
arguments were ("/kungfu/class/generate/questnpc")
locals were: ({ /* sizeof() == 4 */
  "kungfu",
  "class",
  "generate",
  "questnpc"
}),"/kungfu/class/generate/questnpc",3,0
' compile_object' in ' adm/single/master.c' ('   adm/single/master') /adm/single/master.c:41
arguments were ("/kungfu/class/generate/questnpc")
locals were: adm/daemons/virtuald
' compile_object' in 'adm/daemons/virtuald.c' ('adm/daemons/virtuald') /adm/daemons/virtuald.c:35
arguments were ("/kungfu/class/generate/questnpc")
locals were: ({ /* sizeof() == 4 */
  "kungfu",
  "class",
  "generate",
  "questnpc"
}),"/kungfu/class/generate/questnpc",3,0
' compile_object' in ' adm/single/master.c' ('   adm/single/master') /adm/single/master.c:41
arguments were ("/kungfu/class/generate/questnpc")
locals were: adm/daemons/virtuald
' compile_object' in 'adm/daemons/virtuald.c' ('adm/daemons/virtuald') /adm/daemons/virtuald.c:35
arguments were ("/kungfu/class/generate/questnpc")
locals were: ({ /* sizeof() == 4 */
  "kungfu",
  "class",
  "generate",
  "questnpc"
}),"/kungfu/class/generate/questnpc",3,0
' compile_object' in ' adm/single/master.c' ('   adm/single/master') /adm/single/master.c:41
arguments were ("/kungfu/class/generate/questnpc")
locals were: adm/daemons/virtuald
' compile_object' in 'adm/daemons/virtuald.c' ('adm/daemons/virtuald') /adm/daemons/virtuald.c:35
arguments were ("/kungfu/class/generate/questnpc")
locals were: ({ /* sizeof() == 4 */
  "kungfu",
  "class",
  "generate",
  "questnpc"
}),"/kungfu/class/generate/questnpc",3,0
' compile_object' in ' adm/single/master.c' ('   adm/single/master') /adm/single/master.c:41
arguments were ("/kungfu/class/generate/questnpc")
locals were: adm/daemons/virtuald
' compile_object' in 'adm/daemons/virtuald.c' ('adm/daemons/virtuald') /adm/daemons/virtuald.c:35
arguments were ("/kungfu/class/generate/questnpc")
locals were: ({ /* sizeof() == 4 */
  "kungfu",
  "class",
  "generate",
  "questnpc"
}),"/kungfu/class/generate/questnpc",3,0
' compile_object' in ' adm/single/master.c' ('   adm/single/master') /adm/single/master.c:41
arguments were ("/kungfu/class/generate/questnpc")
locals were: adm/daemons/virtuald
' compile_object' in 'adm/daemons/virtuald.c' ('adm/daemons/virtuald') /adm/daemons/virtuald.c:35
arguments were ("/kungfu/class/generate/questnpc")
locals were: ({ /* sizeof() == 4 */
  "kungfu",
  "class",
  "generate",
  "questnpc"
}),"/kungfu/class/generate/questnpc",3,0
' compile_object' in ' adm/single/master.c' ('   adm/single/master') /adm/single/master.c:41
arguments were ("/kungfu/class/generate/questnpc")
locals were: adm/daemons/virtuald
' compile_object' in 'adm/daemons/virtuald.c' ('adm/daemons/virtuald') /adm/daemons/virtuald.c:35
arguments were ("/kungfu/class/generate/questnpc")
locals were: ({ /* sizeof() == 4 */
  "kungfu",
  "class",
  "generate",
  "questnpc"
}),"/kungfu/class/generate/questnpc",3,0
' compile_object' in ' adm/single/master.c' ('   adm/single/master') /adm/single/master.c:41
arguments were ("/kungfu/class/generate/questnpc")
locals were: adm/daemons/virtuald
' compile_object' in 'adm/daemons/virtuald.c' ('adm/daemons/virtuald') /adm/daemons/virtuald.c:35
arguments were ("/kungfu/class/generate/questnpc")
locals were: ({ /* sizeof() == 4 */
  "kungfu",
  "class",
  "generate",
  "questnpc"
}),"/kungfu/class/generate/questnpc",3,0
' compile_object' in ' adm/single/master.c' ('   adm/single/master') /adm/single/master.c:41
arguments were ("/kungfu/class/generate/questnpc")
locals were: adm/daemons/virtuald
' compile_object' in 'adm/daemons/virtuald.c' ('adm/daemons/virtuald') /adm/daemons/virtuald.c:35
arguments were ("/kungfu/class/generate/questnpc")
locals were: ({ /* sizeof() == 4 */
  "kungfu",
  "class",
  "generate",
  "questnpc"
}),"/kungfu/class/generate/questnpc",3,0
' compile_object' in ' adm/single/master.c' ('   adm/single/master') /adm/single/master.c:41
arguments were ("/kungfu/class/generate/questnpc")
locals were: adm/daemons/virtuald
' compile_object' in 'adm/daemons/virtuald.c' ('adm/daemons/virtuald') /adm/daemons/virtuald.c:35
arguments were ("/kungfu/class/generate/questnpc")
locals were: ({ /* sizeof() == 4 */
  "kungfu",
  "class",
  "generate",
  "questnpc"
}),"/kungfu/class/generate/questnpc",3,0
' compile_object' in ' adm/single/master.c' ('   adm/single/master') /adm/single/master.c:41
arguments were ("/kungfu/class/generate/questnpc")
locals were: adm/daemons/virtuald
' compile_object' in 'adm/daemons/virtuald.c' ('adm/daemons/virtuald') /adm/daemons/virtuald.c:35
arguments were ("/kungfu/class/generate/questnpc")
locals were: ({ /* sizeof() == 4 */
  "kungfu",
  "class",
  "generate",
  "questnpc"
}),"/kungfu/class/generate/questnpc",3,0
' compile_object' in ' adm/single/master.c' ('   adm/single/master') /adm/single/master.c:41
arguments were ("/kungfu/class/generate/questnpc")
locals were: adm/daemons/virtuald
' compile_object' in 'adm/daemons/virtuald.c' ('adm/daemons/virtuald') /adm/daemons/virtuald.c:35
arguments were ("/kungfu/class/generate/questnpc")
locals were: ({ /* sizeof() == 4 */
  "kungfu",
  "class",
  "generate",
  "questnpc"
}),"/kungfu/class/generate/questnpc",3,0
' compile_object' in ' adm/single/master.c' ('   adm/single/master') /adm/single/master.c:41
arguments were ("/kungfu/class/generate/questnpc")
locals were: adm/daemons/virtuald
' compile_object' in 'adm/daemons/virtuald.c' ('adm/daemons/virtuald') /adm/daemons/virtuald.c:35
arguments were ("/kungfu/class/generate/questnpc")
locals were: ({ /* sizeof() == 4 */
  "kungfu",
  "class",
  "generate",
  "questnpc"
}),"/kungfu/class/generate/questnpc",3,0
' compile_object' in ' adm/single/master.c' ('   adm/single/master') /adm/single/master.c:41
arguments were ("/kungfu/class/generate/questnpc")
locals were: adm/daemons/virtuald
' compile_object' in 'adm/daemons/virtuald.c' ('adm/daemons/virtuald') /adm/daemons/virtuald.c:35
arguments were ("/kungfu/class/generate/questnpc")
locals were: ({ /* sizeof() == 4 */
  "kungfu",
  "class",
  "generate",
  "questnpc"
}),"/kungfu/class/generate/questnpc",3,0
' compile_object' in ' adm/single/master.c' ('   adm/single/master') /adm/single/master.c:41
arguments were ("/kungfu/class/generate/questnpc")
locals were: adm/daemons/virtuald
' compile_object' in 'adm/daemons/virtuald.c' ('adm/daemons/virtuald') /adm/daemons/virtuald.c:35
arguments were ("/kungfu/class/generate/questnpc")
locals were: ({ /* sizeof() == 4 */
  "kungfu",
  "class",
  "generate",
  "questnpc"
}),"/kungfu/class/generate/questnpc",3,0
' compile_object' in ' adm/single/master.c' ('   adm/single/master') /adm/single/master.c:41
arguments were ("/kungfu/class/generate/questnpc")
locals were: adm/daemons/virtuald
' compile_object' in 'adm/daemons/virtuald.c' ('adm/daemons/virtuald') /adm/daemons/virtuald.c:35
arguments were ("/kungfu/class/generate/questnpc")
locals were: ({ /* sizeof() == 4 */
  "kungfu",
  "class",
  "generate",
  "questnpc"
}),"/kungfu/class/generate/questnpc",3,0
' compile_object' in ' adm/single/master.c' ('   adm/single/master') /adm/single/master.c:41
arguments were ("/kungfu/class/generate/questnpc")
locals were: adm/daemons/virtuald
' compile_object' in 'adm/daemons/virtuald.c' ('adm/daemons/virtuald') /adm/daemons/virtuald.c:35
arguments were ("/kungfu/class/generate/questnpc")
locals were: ({ /* sizeof() == 4 */
  "kungfu",
  "class",
  "generate",
  "questnpc"
}),"/kungfu/class/generate/questnpc",3,0
' compile_object' in ' adm/single/master.c' ('   adm/single/master') /adm/single/master.c:41
arguments were ("/kungfu/class/generate/questnpc")
locals were: adm/daemons/virtuald
' compile_object' in 'adm/daemons/virtuald.c' ('adm/daemons/virtuald') /adm/daemons/virtuald.c:35
arguments were ("/kungfu/class/generate/questnpc")
locals were: ({ /* sizeof() == 4 */
  "kungfu",
  "class",
  "generate",
  "questnpc"
}),"/kungfu/class/generate/questnpc",3,0
' compile_object' in ' adm/single/master.c' ('   adm/single/master') /adm/single/master.c:41
arguments were ("/kungfu/class/generate/questnpc")
locals were: adm/daemons/virtuald
' compile_object' in 'adm/daemons/virtuald.c' ('adm/daemons/virtuald') /adm/daemons/virtuald.c:25
arguments were ("/kungfu/class/generate/questnpc")
locals were: ({ /* sizeof() == 4 */
  "kungfu",
  "class",
  "generate",
  "questnpc"
}),"/kungfu",0,0
'     valid_read' in ' adm/single/master.c' ('   adm/single/master') /adm/single/master.c:424
arguments were ("/kungfu",adm/daemons/virtuald,"file_size")
locals were: adm/daemons/securityd
Heart beat in adm/daemons/quest/search turned off.
Error in error handler: *Too deep recursion.
program: /adm/single/master.c, object: /adm/single/master, file: /adm/single/master.c:424
'     heart_beat' in 'adm/daemons/quest/shen.c' ('adm/daemons/quest/shen') /adm/daemons/quest/shen.c:37
arguments were ()
'    start_quest' in 'adm/daemons/quest/shen.c' ('adm/daemons/quest/shen') /adm/daemons/quest/shen.c:25
arguments were ()
locals were: clone/quest/shen#412,0,0
'     init_quest' in '  clone/quest/shen.c' ('clone/quest/shen#412') /clone/quest/shen.c:39
arguments were ()
locals were: 0,0,"佛山一带",0,0,0
' compile_object' in ' adm/single/master.c' ('   adm/single/master') /adm/single/master.c:41
arguments were ("/kungfu/class/generate/shennpc")
locals were: adm/daemons/virtuald
' compile_object' in 'adm/daemons/virtuald.c' ('adm/daemons/virtuald') /adm/daemons/virtuald.c:35
arguments were ("/kungfu/class/generate/shennpc")
locals were: ({ /* sizeof() == 4 */
  "kungfu",
  "class",
  "generate",
  "shennpc"
}),"/kungfu/class/generate/shennpc",3,0
' compile_object' in ' adm/single/master.c' ('   adm/single/master') /adm/single/master.c:41
arguments were ("/kungfu/class/generate/shennpc")
locals were: adm/daemons/virtuald
' compile_object' in 'adm/daemons/virtuald.c' ('adm/daemons/virtuald') /adm/daemons/virtuald.c:35
arguments were ("/kungfu/class/generate/shennpc")
locals were: ({ /* sizeof() == 4 */
  "kungfu",
  "class",
  "generate",
  "shennpc"
}),"/kungfu/class/generate/shennpc",3,0
' compile_object' in ' adm/single/master.c' ('   adm/single/master') /adm/single/master.c:41
arguments were ("/kungfu/class/generate/shennpc")
locals were: adm/daemons/virtuald
' compile_object' in 'adm/daemons/virtuald.c' ('adm/daemons/virtuald') /adm/daemons/virtuald.c:35
arguments were ("/kungfu/class/generate/shennpc")
locals were: ({ /* sizeof() == 4 */
  "kungfu",
  "class",
  "generate",
  "shennpc"
}),"/kungfu/class/generate/shennpc",3,0
' compile_object' in ' adm/single/master.c' ('   adm/single/master') /adm/single/master.c:41
arguments were ("/kungfu/class/generate/shennpc")
locals were: adm/daemons/virtuald
' compile_object' in 'adm/daemons/virtuald.c' ('adm/daemons/virtuald') /adm/daemons/virtuald.c:35
arguments were ("/kungfu/class/generate/shennpc")
locals were: ({ /* sizeof() == 4 */
  "kungfu",
  "class",
  "generate",
  "shennpc"
}),"/kungfu/class/generate/shennpc",3,0
' compile_object' in ' adm/single/master.c' ('   adm/single/master') /adm/single/master.c:41
arguments were ("/kungfu/class/generate/shennpc")
locals were: adm/daemons/virtuald
' compile_object' in 'adm/daemons/virtuald.c' ('adm/daemons/virtuald') /adm/daemons/virtuald.c:35
arguments were ("/kungfu/class/generate/shennpc")
locals were: ({ /* sizeof() == 4 */
  "kungfu",
  "class",
  "generate",
  "shennpc"
}),"/kungfu/class/generate/shennpc",3,0
' compile_object' in ' adm/single/master.c' ('   adm/single/master') /adm/single/master.c:41
arguments were ("/kungfu/class/generate/shennpc")
locals were: adm/daemons/virtuald
' compile_object' in 'adm/daemons/virtuald.c' ('adm/daemons/virtuald') /adm/daemons/virtuald.c:35
arguments were ("/kungfu/class/generate/shennpc")
locals were: ({ /* sizeof() == 4 */
  "kungfu",
  "class",
  "generate",
  "shennpc"
}),"/kungfu/class/generate/shennpc",3,0
' compile_object' in ' adm/single/master.c' ('   adm/single/master') /adm/single/master.c:41
arguments were ("/kungfu/class/generate/shennpc")
locals were: adm/daemons/virtuald
' compile_object' in 'adm/daemons/virtuald.c' ('adm/daemons/virtuald') /adm/daemons/virtuald.c:35
arguments were ("/kungfu/class/generate/shennpc")
locals were: ({ /* sizeof() == 4 */
  "kungfu",
  "class",
  "generate",
  "shennpc"
}),"/kungfu/class/generate/shennpc",3,0
' compile_object' in ' adm/single/master.c' ('   adm/single/master') /adm/single/master.c:41
arguments were ("/kungfu/class/generate/shennpc")
locals were: adm/daemons/virtuald
' compile_object' in 'adm/daemons/virtuald.c' ('adm/daemons/virtuald') /adm/daemons/virtuald.c:35
arguments were ("/kungfu/class/generate/shennpc")
locals were: ({ /* sizeof() == 4 */
  "kungfu",
  "class",
  "generate",
  "shennpc"
}),"/kungfu/class/generate/shennpc",3,0
' compile_object' in ' adm/single/master.c' ('   adm/single/master') /adm/single/master.c:41
arguments were ("/kungfu/class/generate/shennpc")
locals were: adm/daemons/virtuald
' compile_object' in 'adm/daemons/virtuald.c' ('adm/daemons/virtuald') /adm/daemons/virtuald.c:35
arguments were ("/kungfu/class/generate/shennpc")
locals were: ({ /* sizeof() == 4 */
  "kungfu",
  "class",
  "generate",
  "shennpc"
}),"/kungfu/class/generate/shennpc",3,0
' compile_object' in ' adm/single/master.c' ('   adm/single/master') /adm/single/master.c:41
arguments were ("/kungfu/class/generate/shennpc")
locals were: adm/daemons/virtuald
' compile_object' in 'adm/daemons/virtuald.c' ('adm/daemons/virtuald') /adm/daemons/virtuald.c:35
arguments were ("/kungfu/class/generate/shennpc")
locals were: ({ /* sizeof() == 4 */
  "kungfu",
  "class",
  "generate",
  "shennpc"
}),"/kungfu/class/generate/shennpc",3,0
' compile_object' in ' adm/single/master.c' ('   adm/single/master') /adm/single/master.c:41
arguments were ("/kungfu/class/generate/shennpc")
locals were: adm/daemons/virtuald
' compile_object' in 'adm/daemons/virtuald.c' ('adm/daemons/virtuald') /adm/daemons/virtuald.c:35
arguments were ("/kungfu/class/generate/shennpc")
locals were: ({ /* sizeof() == 4 */
  "kungfu",
  "class",
  "generate",
  "shennpc"
}),"/kungfu/class/generate/shennpc",3,0
' compile_object' in ' adm/single/master.c' ('   adm/single/master') /adm/single/master.c:41
arguments were ("/kungfu/class/generate/shennpc")
locals were: adm/daemons/virtuald
' compile_object' in 'adm/daemons/virtuald.c' ('adm/daemons/virtuald') /adm/daemons/virtuald.c:35
arguments were ("/kungfu/class/generate/shennpc")
locals were: ({ /* sizeof() == 4 */
  "kungfu",
  "class",
  "generate",
  "shennpc"
}),"/kungfu/class/generate/shennpc",3,0
' compile_object' in ' adm/single/master.c' ('   adm/single/master') /adm/single/master.c:41
arguments were ("/kungfu/class/generate/shennpc")
locals were: adm/daemons/virtuald
' compile_object' in 'adm/daemons/virtuald.c' ('adm/daemons/virtuald') /adm/daemons/virtuald.c:35
arguments were ("/kungfu/class/generate/shennpc")
locals were: ({ /* sizeof() == 4 */
  "kungfu",
  "class",
  "generate",
  "shennpc"
}),"/kungfu/class/generate/shennpc",3,0
' compile_object' in ' adm/single/master.c' ('   adm/single/master') /adm/single/master.c:41
arguments were ("/kungfu/class/generate/shennpc")
locals were: adm/daemons/virtuald
' compile_object' in 'adm/daemons/virtuald.c' ('adm/daemons/virtuald') /adm/daemons/virtuald.c:35
arguments were ("/kungfu/class/generate/shennpc")
locals were: ({ /* sizeof() == 4 */
  "kungfu",
  "class",
  "generate",
  "shennpc"
}),"/kungfu/class/generate/shennpc",3,0
' compile_object' in ' adm/single/master.c' ('   adm/single/master') /adm/single/master.c:41
arguments were ("/kungfu/class/generate/shennpc")
locals were: adm/daemons/virtuald
' compile_object' in 'adm/daemons/virtuald.c' ('adm/daemons/virtuald') /adm/daemons/virtuald.c:35
arguments were ("/kungfu/class/generate/shennpc")
locals were: ({ /* sizeof() == 4 */
  "kungfu",
  "class",
  "generate",
  "shennpc"
}),"/kungfu/class/generate/shennpc",3,0
' compile_object' in ' adm/single/master.c' ('   adm/single/master') /adm/single/master.c:41
arguments were ("/kungfu/class/generate/shennpc")
locals were: adm/daemons/virtuald
' compile_object' in 'adm/daemons/virtuald.c' ('adm/daemons/virtuald') /adm/daemons/virtuald.c:35
arguments were ("/kungfu/class/generate/shennpc")
locals were: ({ /* sizeof() == 4 */
  "kungfu",
  "class",
  "generate",
  "shennpc"
}),"/kungfu/class/generate/shennpc",3,0
' compile_object' in ' adm/single/master.c' ('   adm/single/master') /adm/single/master.c:41
arguments were ("/kungfu/class/generate/shennpc")
locals were: adm/daemons/virtuald
' compile_object' in 'adm/daemons/virtuald.c' ('adm/daemons/virtuald') /adm/daemons/virtuald.c:35
arguments were ("/kungfu/class/generate/shennpc")
locals were: ({ /* sizeof() == 4 */
  "kungfu",
  "class",
  "generate",
  "shennpc"
}),"/kungfu/class/generate/shennpc",3,0
' compile_object' in ' adm/single/master.c' ('   adm/single/master') /adm/single/master.c:41
arguments were ("/kungfu/class/generate/shennpc")
locals were: adm/daemons/virtuald
' compile_object' in 'adm/daemons/virtuald.c' ('adm/daemons/virtuald') /adm/daemons/virtuald.c:35
arguments were ("/kungfu/class/generate/shennpc")
locals were: ({ /* sizeof() == 4 */
  "kungfu",
  "class",
  "generate",
  "shennpc"
}),"/kungfu/class/generate/shennpc",3,0
' compile_object' in ' adm/single/master.c' ('   adm/single/master') /adm/single/master.c:41
arguments were ("/kungfu/class/generate/shennpc")
locals were: adm/daemons/virtuald
' compile_object' in 'adm/daemons/virtuald.c' ('adm/daemons/virtuald') /adm/daemons/virtuald.c:35
arguments were ("/kungfu/class/generate/shennpc")
locals were: ({ /* sizeof() == 4 */
  "kungfu",
  "class",
  "generate",
  "shennpc"
}),"/kungfu/class/generate/shennpc",3,0
' compile_object' in ' adm/single/master.c' ('   adm/single/master') /adm/single/master.c:41
arguments were ("/kungfu/class/generate/shennpc")
locals were: adm/daemons/virtuald
' compile_object' in 'adm/daemons/virtuald.c' ('adm/daemons/virtuald') /adm/daemons/virtuald.c:35
arguments were ("/kungfu/class/generate/shennpc")
locals were: ({ /* sizeof() == 4 */
  "kungfu",
  "class",
  "generate",
  "shennpc"
}),"/kungfu/class/generate/shennpc",3,0
' compile_object' in ' adm/single/master.c' ('   adm/single/master') /adm/single/master.c:41
arguments were ("/kungfu/class/generate/shennpc")
locals were: adm/daemons/virtuald
' compile_object' in 'adm/daemons/virtuald.c' ('adm/daemons/virtuald') /adm/daemons/virtuald.c:35
arguments were ("/kungfu/class/generate/shennpc")
locals were: ({ /* sizeof() == 4 */
  "kungfu",
  "class",
  "generate",
  "shennpc"
}),"/kungfu/class/generate/shennpc",3,0
' compile_object' in ' adm/single/master.c' ('   adm/single/master') /adm/single/master.c:41
arguments were ("/kungfu/class/generate/shennpc")
locals were: adm/daemons/virtuald
' compile_object' in 'adm/daemons/virtuald.c' ('adm/daemons/virtuald') /adm/daemons/virtuald.c:35
arguments were ("/kungfu/class/generate/shennpc")
locals were: ({ /* sizeof() == 4 */
  "kungfu",
  "class",
  "generate",
  "shennpc"
}),"/kungfu/class/generate/shennpc",3,0
' compile_object' in ' adm/single/master.c' ('   adm/single/master') /adm/single/master.c:41
arguments were ("/kungfu/class/generate/shennpc")
locals were: adm/daemons/virtuald
' compile_object' in 'adm/daemons/virtuald.c' ('adm/daemons/virtuald') /adm/daemons/virtuald.c:25
arguments were ("/kungfu/class/generate/shennpc")
locals were: ({ /* sizeof() == 4 */
  "kungfu",
  "class",
  "generate",
  "shennpc"
}),"/kungfu",0,0
'     valid_read' in ' adm/single/master.c' ('   adm/single/master') /adm/single/master.c:424
arguments were ("/kungfu",adm/daemons/virtuald,"file_size")
locals were: adm/daemons/securityd
Heart beat in adm/daemons/quest/shen turned off.
Error in error handler: *Too deep recursion.
program: /adm/single/master.c, object: /adm/single/master, file: /adm/single/master.c:424
'     heart_beat' in 'adm/daemons/quest/judge.c' ('adm/daemons/quest/judge') /adm/daemons/quest/judge.c:35
arguments were ()
'    start_quest' in 'adm/daemons/quest/judge.c' ('adm/daemons/quest/judge') /adm/daemons/quest/judge.c:23
arguments were ()
locals were: clone/quest/judge#413
'     init_quest' in ' clone/quest/judge.c' ('clone/quest/judge#413') /clone/quest/judge.c:40
arguments were ()
locals were: 0,"南海一带",0,0,0
' compile_object' in ' adm/single/master.c' ('   adm/single/master') /adm/single/master.c:41
arguments were ("/kungfu/class/generate/questnpc")
locals were: adm/daemons/virtuald
' compile_object' in 'adm/daemons/virtuald.c' ('adm/daemons/virtuald') /adm/daemons/virtuald.c:35
arguments were ("/kungfu/class/generate/questnpc")
locals were: ({ /* sizeof() == 4 */
  "kungfu",
  "class",
  "generate",
  "questnpc"
}),"/kungfu/class/generate/questnpc",3,0
' compile_object' in ' adm/single/master.c' ('   adm/single/master') /adm/single/master.c:41
arguments were ("/kungfu/class/generate/questnpc")
locals were: adm/daemons/virtuald
' compile_object' in 'adm/daemons/virtuald.c' ('adm/daemons/virtuald') /adm/daemons/virtuald.c:35
arguments were ("/kungfu/class/generate/questnpc")
locals were: ({ /* sizeof() == 4 */
  "kungfu",
  "class",
  "generate",
  "questnpc"
}),"/kungfu/class/generate/questnpc",3,0
' compile_object' in ' adm/single/master.c' ('   adm/single/master') /adm/single/master.c:41
arguments were ("/kungfu/class/generate/questnpc")
locals were: adm/daemons/virtuald
' compile_object' in 'adm/daemons/virtuald.c' ('adm/daemons/virtuald') /adm/daemons/virtuald.c:35
arguments were ("/kungfu/class/generate/questnpc")
locals were: ({ /* sizeof() == 4 */
  "kungfu",
  "class",
  "generate",
  "questnpc"
}),"/kungfu/class/generate/questnpc",3,0
' compile_object' in ' adm/single/master.c' ('   adm/single/master') /adm/single/master.c:41
arguments were ("/kungfu/class/generate/questnpc")
locals were: adm/daemons/virtuald
' compile_object' in 'adm/daemons/virtuald.c' ('adm/daemons/virtuald') /adm/daemons/virtuald.c:35
arguments were ("/kungfu/class/generate/questnpc")
locals were: ({ /* sizeof() == 4 */
  "kungfu",
  "class",
  "generate",
  "questnpc"
}),"/kungfu/class/generate/questnpc",3,0
' compile_object' in ' adm/single/master.c' ('   adm/single/master') /adm/single/master.c:41
arguments were ("/kungfu/class/generate/questnpc")
locals were: adm/daemons/virtuald
' compile_object' in 'adm/daemons/virtuald.c' ('adm/daemons/virtuald') /adm/daemons/virtuald.c:35
arguments were ("/kungfu/class/generate/questnpc")
locals were: ({ /* sizeof() == 4 */
  "kungfu",
  "class",
  "generate",
  "questnpc"
}),"/kungfu/class/generate/questnpc",3,0
' compile_object' in ' adm/single/master.c' ('   adm/single/master') /adm/single/master.c:41
arguments were ("/kungfu/class/generate/questnpc")
locals were: adm/daemons/virtuald
' compile_object' in 'adm/daemons/virtuald.c' ('adm/daemons/virtuald') /adm/daemons/virtuald.c:35
arguments were ("/kungfu/class/generate/questnpc")
locals were: ({ /* sizeof() == 4 */
  "kungfu",
  "class",
  "generate",
  "questnpc"
}),"/kungfu/class/generate/questnpc",3,0
' compile_object' in ' adm/single/master.c' ('   adm/single/master') /adm/single/master.c:41
arguments were ("/kungfu/class/generate/questnpc")
locals were: adm/daemons/virtuald
' compile_object' in 'adm/daemons/virtuald.c' ('adm/daemons/virtuald') /adm/daemons/virtuald.c:35
arguments were ("/kungfu/class/generate/questnpc")
locals were: ({ /* sizeof() == 4 */
  "kungfu",
  "class",
  "generate",
  "questnpc"
}),"/kungfu/class/generate/questnpc",3,0
' compile_object' in ' adm/single/master.c' ('   adm/single/master') /adm/single/master.c:41
arguments were ("/kungfu/class/generate/questnpc")
locals were: adm/daemons/virtuald
' compile_object' in 'adm/daemons/virtuald.c' ('adm/daemons/virtuald') /adm/daemons/virtuald.c:35
arguments were ("/kungfu/class/generate/questnpc")
locals were: ({ /* sizeof() == 4 */
  "kungfu",
  "class",
  "generate",
  "questnpc"
}),"/kungfu/class/generate/questnpc",3,0
' compile_object' in ' adm/single/master.c' ('   adm/single/master') /adm/single/master.c:41
arguments were ("/kungfu/class/generate/questnpc")
locals were: adm/daemons/virtuald
' compile_object' in 'adm/daemons/virtuald.c' ('adm/daemons/virtuald') /adm/daemons/virtuald.c:35
arguments were ("/kungfu/class/generate/questnpc")
locals were: ({ /* sizeof() == 4 */
  "kungfu",
  "class",
  "generate",
  "questnpc"
}),"/kungfu/class/generate/questnpc",3,0
' compile_object' in ' adm/single/master.c' ('   adm/single/master') /adm/single/master.c:41
arguments were ("/kungfu/class/generate/questnpc")
locals were: adm/daemons/virtuald
' compile_object' in 'adm/daemons/virtuald.c' ('adm/daemons/virtuald') /adm/daemons/virtuald.c:35
arguments were ("/kungfu/class/generate/questnpc")
locals were: ({ /* sizeof() == 4 */
  "kungfu",
  "class",
  "generate",
  "questnpc"
}),"/kungfu/class/generate/questnpc",3,0
' compile_object' in ' adm/single/master.c' ('   adm/single/master') /adm/single/master.c:41
arguments were ("/kungfu/class/generate/questnpc")
locals were: adm/daemons/virtuald
' compile_object' in 'adm/daemons/virtuald.c' ('adm/daemons/virtuald') /adm/daemons/virtuald.c:35
arguments were ("/kungfu/class/generate/questnpc")
locals were: ({ /* sizeof() == 4 */
  "kungfu",
  "class",
  "generate",
  "questnpc"
}),"/kungfu/class/generate/questnpc",3,0
' compile_object' in ' adm/single/master.c' ('   adm/single/master') /adm/single/master.c:41
arguments were ("/kungfu/class/generate/questnpc")
locals were: adm/daemons/virtuald
' compile_object' in 'adm/daemons/virtuald.c' ('adm/daemons/virtuald') /adm/daemons/virtuald.c:35
arguments were ("/kungfu/class/generate/questnpc")
locals were: ({ /* sizeof() == 4 */
  "kungfu",
  "class",
  "generate",
  "questnpc"
}),"/kungfu/class/generate/questnpc",3,0
' compile_object' in ' adm/single/master.c' ('   adm/single/master') /adm/single/master.c:41
arguments were ("/kungfu/class/generate/questnpc")
locals were: adm/daemons/virtuald
' compile_object' in 'adm/daemons/virtuald.c' ('adm/daemons/virtuald') /adm/daemons/virtuald.c:35
arguments were ("/kungfu/class/generate/questnpc")
locals were: ({ /* sizeof() == 4 */
  "kungfu",
  "class",
  "generate",
  "questnpc"
}),"/kungfu/class/generate/questnpc",3,0
' compile_object' in ' adm/single/master.c' ('   adm/single/master') /adm/single/master.c:41
arguments were ("/kungfu/class/generate/questnpc")
locals were: adm/daemons/virtuald
' compile_object' in 'adm/daemons/virtuald.c' ('adm/daemons/virtuald') /adm/daemons/virtuald.c:35
arguments were ("/kungfu/class/generate/questnpc")
locals were: ({ /* sizeof() == 4 */
  "kungfu",
  "class",
  "generate",
  "questnpc"
}),"/kungfu/class/generate/questnpc",3,0
' compile_object' in ' adm/single/master.c' ('   adm/single/master') /adm/single/master.c:41
arguments were ("/kungfu/class/generate/questnpc")
locals were: adm/daemons/virtuald
' compile_object' in 'adm/daemons/virtuald.c' ('adm/daemons/virtuald') /adm/daemons/virtuald.c:35
arguments were ("/kungfu/class/generate/questnpc")
locals were: ({ /* sizeof() == 4 */
  "kungfu",
  "class",
  "generate",
  "questnpc"
}),"/kungfu/class/generate/questnpc",3,0
' compile_object' in ' adm/single/master.c' ('   adm/single/master') /adm/single/master.c:41
arguments were ("/kungfu/class/generate/questnpc")
locals were: adm/daemons/virtuald
' compile_object' in 'adm/daemons/virtuald.c' ('adm/daemons/virtuald') /adm/daemons/virtuald.c:35
arguments were ("/kungfu/class/generate/questnpc")
locals were: ({ /* sizeof() == 4 */
  "kungfu",
  "class",
  "generate",
  "questnpc"
}),"/kungfu/class/generate/questnpc",3,0
' compile_object' in ' adm/single/master.c' ('   adm/single/master') /adm/single/master.c:41
arguments were ("/kungfu/class/generate/questnpc")
locals were: adm/daemons/virtuald
' compile_object' in 'adm/daemons/virtuald.c' ('adm/daemons/virtuald') /adm/daemons/virtuald.c:35
arguments were ("/kungfu/class/generate/questnpc")
locals were: ({ /* sizeof() == 4 */
  "kungfu",
  "class",
  "generate",
  "questnpc"
}),"/kungfu/class/generate/questnpc",3,0
' compile_object' in ' adm/single/master.c' ('   adm/single/master') /adm/single/master.c:41
arguments were ("/kungfu/class/generate/questnpc")
locals were: adm/daemons/virtuald
' compile_object' in 'adm/daemons/virtuald.c' ('adm/daemons/virtuald') /adm/daemons/virtuald.c:35
arguments were ("/kungfu/class/generate/questnpc")
locals were: ({ /* sizeof() == 4 */
  "kungfu",
  "class",
  "generate",
  "questnpc"
}),"/kungfu/class/generate/questnpc",3,0
' compile_object' in ' adm/single/master.c' ('   adm/single/master') /adm/single/master.c:41
arguments were ("/kungfu/class/generate/questnpc")
locals were: adm/daemons/virtuald
' compile_object' in 'adm/daemons/virtuald.c' ('adm/daemons/virtuald') /adm/daemons/virtuald.c:35
arguments were ("/kungfu/class/generate/questnpc")
locals were: ({ /* sizeof() == 4 */
  "kungfu",
  "class",
  "generate",
  "questnpc"
}),"/kungfu/class/generate/questnpc",3,0
' compile_object' in ' adm/single/master.c' ('   adm/single/master') /adm/single/master.c:41
arguments were ("/kungfu/class/generate/questnpc")
locals were: adm/daemons/virtuald
' compile_object' in 'adm/daemons/virtuald.c' ('adm/daemons/virtuald') /adm/daemons/virtuald.c:35
arguments were ("/kungfu/class/generate/questnpc")
locals were: ({ /* sizeof() == 4 */
  "kungfu",
  "class",
  "generate",
  "questnpc"
}),"/kungfu/class/generate/questnpc",3,0
' compile_object' in ' adm/single/master.c' ('   adm/single/master') /adm/single/master.c:41
arguments were ("/kungfu/class/generate/questnpc")
locals were: adm/daemons/virtuald
' compile_object' in 'adm/daemons/virtuald.c' ('adm/daemons/virtuald') /adm/daemons/virtuald.c:35
arguments were ("/kungfu/class/generate/questnpc")
locals were: ({ /* sizeof() == 4 */
  "kungfu",
  "class",
  "generate",
  "questnpc"
}),"/kungfu/class/generate/questnpc",3,0
' compile_object' in ' adm/single/master.c' ('   adm/single/master') /adm/single/master.c:41
arguments were ("/kungfu/class/generate/questnpc")
locals were: adm/daemons/virtuald
' compile_object' in 'adm/daemons/virtuald.c' ('adm/daemons/virtuald') /adm/daemons/virtuald.c:35
arguments were ("/kungfu/class/generate/questnpc")
locals were: ({ /* sizeof() == 4 */
  "kungfu",
  "class",
  "generate",
  "questnpc"
}),"/kungfu/class/generate/questnpc",3,0
' compile_object' in ' adm/single/master.c' ('   adm/single/master') /adm/single/master.c:41
arguments were ("/kungfu/class/generate/questnpc")
locals were: adm/daemons/virtuald
' compile_object' in 'adm/daemons/virtuald.c' ('adm/daemons/virtuald') /adm/daemons/virtuald.c:25
arguments were ("/kungfu/class/generate/questnpc")
locals were: ({ /* sizeof() == 4 */
  "kungfu",
  "class",
  "generate",
  "questnpc"
}),"/kungfu",0,0
'     valid_read' in ' adm/single/master.c' ('   adm/single/master') /adm/single/master.c:424
arguments were ("/kungfu",adm/daemons/virtuald,"file_size")
locals were: adm/daemons/securityd
Heart beat in adm/daemons/quest/judge turned off.
Error in error handler: *Too deep recursion.
program: /adm/single/master.c, object: /adm/single/master, file: /adm/single/master.c:424
'     heart_beat' in 'adm/daemons/quest/shen.c' ('adm/daemons/quest/shen') /adm/daemons/quest/shen.c:37
arguments were ()
'    start_quest' in 'adm/daemons/quest/shen.c' ('adm/daemons/quest/shen') /adm/daemons/quest/shen.c:25
arguments were ()
locals were: clone/quest/shen#531,0,0
'     init_quest' in '  clone/quest/shen.c' ('clone/quest/shen#531') /clone/quest/shen.c:39
arguments were ()
locals were: 0,0,"苏州城",0,0,0
' compile_object' in ' adm/single/master.c' ('   adm/single/master') /adm/single/master.c:41
arguments were ("/kungfu/class/generate/shennpc")
locals were: adm/daemons/virtuald
' compile_object' in 'adm/daemons/virtuald.c' ('adm/daemons/virtuald') /adm/daemons/virtuald.c:35
arguments were ("/kungfu/class/generate/shennpc")
locals were: ({ /* sizeof() == 4 */
  "kungfu",
  "class",
  "generate",
  "shennpc"
}),"/kungfu/class/generate/shennpc",3,0
' compile_object' in ' adm/single/master.c' ('   adm/single/master') /adm/single/master.c:41
arguments were ("/kungfu/class/generate/shennpc")
locals were: adm/daemons/virtuald
' compile_object' in 'adm/daemons/virtuald.c' ('adm/daemons/virtuald') /adm/daemons/virtuald.c:35
arguments were ("/kungfu/class/generate/shennpc")
locals were: ({ /* sizeof() == 4 */
  "kungfu",
  "class",
  "generate",
  "shennpc"
}),"/kungfu/class/generate/shennpc",3,0
' compile_object' in ' adm/single/master.c' ('   adm/single/master') /adm/single/master.c:41
arguments were ("/kungfu/class/generate/shennpc")
locals were: adm/daemons/virtuald
' compile_object' in 'adm/daemons/virtuald.c' ('adm/daemons/virtuald') /adm/daemons/virtuald.c:35
arguments were ("/kungfu/class/generate/shennpc")
locals were: ({ /* sizeof() == 4 */
  "kungfu",
  "class",
  "generate",
  "shennpc"
}),"/kungfu/class/generate/shennpc",3,0
' compile_object' in ' adm/single/master.c' ('   adm/single/master') /adm/single/master.c:41
arguments were ("/kungfu/class/generate/shennpc")
locals were: adm/daemons/virtuald
' compile_object' in 'adm/daemons/virtuald.c' ('adm/daemons/virtuald') /adm/daemons/virtuald.c:35
arguments were ("/kungfu/class/generate/shennpc")
locals were: ({ /* sizeof() == 4 */
  "kungfu",
  "class",
  "generate",
  "shennpc"
}),"/kungfu/class/generate/shennpc",3,0
' compile_object' in ' adm/single/master.c' ('   adm/single/master') /adm/single/master.c:41
arguments were ("/kungfu/class/generate/shennpc")
locals were: adm/daemons/virtuald
' compile_object' in 'adm/daemons/virtuald.c' ('adm/daemons/virtuald') /adm/daemons/virtuald.c:35
arguments were ("/kungfu/class/generate/shennpc")
locals were: ({ /* sizeof() == 4 */
  "kungfu",
  "class",
  "generate",
  "shennpc"
}),"/kungfu/class/generate/shennpc",3,0
' compile_object' in ' adm/single/master.c' ('   adm/single/master') /adm/single/master.c:41
arguments were ("/kungfu/class/generate/shennpc")
locals were: adm/daemons/virtuald
' compile_object' in 'adm/daemons/virtuald.c' ('adm/daemons/virtuald') /adm/daemons/virtuald.c:35
arguments were ("/kungfu/class/generate/shennpc")
locals were: ({ /* sizeof() == 4 */
  "kungfu",
  "class",
  "generate",
  "shennpc"
}),"/kungfu/class/generate/shennpc",3,0
' compile_object' in ' adm/single/master.c' ('   adm/single/master') /adm/single/master.c:41
arguments were ("/kungfu/class/generate/shennpc")
locals were: adm/daemons/virtuald
' compile_object' in 'adm/daemons/virtuald.c' ('adm/daemons/virtuald') /adm/daemons/virtuald.c:35
arguments were ("/kungfu/class/generate/shennpc")
locals were: ({ /* sizeof() == 4 */
  "kungfu",
  "class",
  "generate",
  "shennpc"
}),"/kungfu/class/generate/shennpc",3,0
' compile_object' in ' adm/single/master.c' ('   adm/single/master') /adm/single/master.c:41
arguments were ("/kungfu/class/generate/shennpc")
locals were: adm/daemons/virtuald
' compile_object' in 'adm/daemons/virtuald.c' ('adm/daemons/virtuald') /adm/daemons/virtuald.c:35
arguments were ("/kungfu/class/generate/shennpc")
locals were: ({ /* sizeof() == 4 */
  "kungfu",
  "class",
  "generate",
  "shennpc"
}),"/kungfu/class/generate/shennpc",3,0
' compile_object' in ' adm/single/master.c' ('   adm/single/master') /adm/single/master.c:41
arguments were ("/kungfu/class/generate/shennpc")
locals were: adm/daemons/virtuald
' compile_object' in 'adm/daemons/virtuald.c' ('adm/daemons/virtuald') /adm/daemons/virtuald.c:35
arguments were ("/kungfu/class/generate/shennpc")
locals were: ({ /* sizeof() == 4 */
  "kungfu",
  "class",
  "generate",
  "shennpc"
}),"/kungfu/class/generate/shennpc",3,0
' compile_object' in ' adm/single/master.c' ('   adm/single/master') /adm/single/master.c:41
arguments were ("/kungfu/class/generate/shennpc")
locals were: adm/daemons/virtuald
' compile_object' in 'adm/daemons/virtuald.c' ('adm/daemons/virtuald') /adm/daemons/virtuald.c:35
arguments were ("/kungfu/class/generate/shennpc")
locals were: ({ /* sizeof() == 4 */
  "kungfu",
  "class",
  "generate",
  "shennpc"
}),"/kungfu/class/generate/shennpc",3,0
' compile_object' in ' adm/single/master.c' ('   adm/single/master') /adm/single/master.c:41
arguments were ("/kungfu/class/generate/shennpc")
locals were: adm/daemons/virtuald
' compile_object' in 'adm/daemons/virtuald.c' ('adm/daemons/virtuald') /adm/daemons/virtuald.c:35
arguments were ("/kungfu/class/generate/shennpc")
locals were: ({ /* sizeof() == 4 */
  "kungfu",
  "class",
  "generate",
  "shennpc"
}),"/kungfu/class/generate/shennpc",3,0
' compile_object' in ' adm/single/master.c' ('   adm/single/master') /adm/single/master.c:41
arguments were ("/kungfu/class/generate/shennpc")
locals were: adm/daemons/virtuald
' compile_object' in 'adm/daemons/virtuald.c' ('adm/daemons/virtuald') /adm/daemons/virtuald.c:35
arguments were ("/kungfu/class/generate/shennpc")
locals were: ({ /* sizeof() == 4 */
  "kungfu",
  "class",
  "generate",
  "shennpc"
}),"/kungfu/class/generate/shennpc",3,0
' compile_object' in ' adm/single/master.c' ('   adm/single/master') /adm/single/master.c:41
arguments were ("/kungfu/class/generate/shennpc")
locals were: adm/daemons/virtuald
' compile_object' in 'adm/daemons/virtuald.c' ('adm/daemons/virtuald') /adm/daemons/virtuald.c:35
arguments were ("/kungfu/class/generate/shennpc")
locals were: ({ /* sizeof() == 4 */
  "kungfu",
  "class",
  "generate",
  "shennpc"
}),"/kungfu/class/generate/shennpc",3,0
' compile_object' in ' adm/single/master.c' ('   adm/single/master') /adm/single/master.c:41
arguments were ("/kungfu/class/generate/shennpc")
locals were: adm/daemons/virtuald
' compile_object' in 'adm/daemons/virtuald.c' ('adm/daemons/virtuald') /adm/daemons/virtuald.c:35
arguments were ("/kungfu/class/generate/shennpc")
locals were: ({ /* sizeof() == 4 */
  "kungfu",
  "class",
  "generate",
  "shennpc"
}),"/kungfu/class/generate/shennpc",3,0
' compile_object' in ' adm/single/master.c' ('   adm/single/master') /adm/single/master.c:41
arguments were ("/kungfu/class/generate/shennpc")
locals were: adm/daemons/virtuald
' compile_object' in 'adm/daemons/virtuald.c' ('adm/daemons/virtuald') /adm/daemons/virtuald.c:35
arguments were ("/kungfu/class/generate/shennpc")
locals were: ({ /* sizeof() == 4 */
  "kungfu",
  "class",
  "generate",
  "shennpc"
}),"/kungfu/class/generate/shennpc",3,0
' compile_object' in ' adm/single/master.c' ('   adm/single/master') /adm/single/master.c:41
arguments were ("/kungfu/class/generate/shennpc")
locals were: adm/daemons/virtuald
' compile_object' in 'adm/daemons/virtuald.c' ('adm/daemons/virtuald') /adm/daemons/virtuald.c:35
arguments were ("/kungfu/class/generate/shennpc")
locals were: ({ /* sizeof() == 4 */
  "kungfu",
  "class",
  "generate",
  "shennpc"
}),"/kungfu/class/generate/shennpc",3,0
' compile_object' in ' adm/single/master.c' ('   adm/single/master') /adm/single/master.c:41
arguments were ("/kungfu/class/generate/shennpc")
locals were: adm/daemons/virtuald
' compile_object' in 'adm/daemons/virtuald.c' ('adm/daemons/virtuald') /adm/daemons/virtuald.c:35
arguments were ("/kungfu/class/generate/shennpc")
locals were: ({ /* sizeof() == 4 */
  "kungfu",
  "class",
  "generate",
  "shennpc"
}),"/kungfu/class/generate/shennpc",3,0
' compile_object' in ' adm/single/master.c' ('   adm/single/master') /adm/single/master.c:41
arguments were ("/kungfu/class/generate/shennpc")
locals were: adm/daemons/virtuald
' compile_object' in 'adm/daemons/virtuald.c' ('adm/daemons/virtuald') /adm/daemons/virtuald.c:35
arguments were ("/kungfu/class/generate/shennpc")
locals were: ({ /* sizeof() == 4 */
  "kungfu",
  "class",
  "generate",
  "shennpc"
}),"/kungfu/class/generate/shennpc",3,0
' compile_object' in ' adm/single/master.c' ('   adm/single/master') /adm/single/master.c:41
arguments were ("/kungfu/class/generate/shennpc")
locals were: adm/daemons/virtuald
' compile_object' in 'adm/daemons/virtuald.c' ('adm/daemons/virtuald') /adm/daemons/virtuald.c:35
arguments were ("/kungfu/class/generate/shennpc")
locals were: ({ /* sizeof() == 4 */
  "kungfu",
  "class",
  "generate",
  "shennpc"
}),"/kungfu/class/generate/shennpc",3,0
' compile_object' in ' adm/single/master.c' ('   adm/single/master') /adm/single/master.c:41
arguments were ("/kungfu/class/generate/shennpc")
locals were: adm/daemons/virtuald
' compile_object' in 'adm/daemons/virtuald.c' ('adm/daemons/virtuald') /adm/daemons/virtuald.c:35
arguments were ("/kungfu/class/generate/shennpc")
locals were: ({ /* sizeof() == 4 */
  "kungfu",
  "class",
  "generate",
  "shennpc"
}),"/kungfu/class/generate/shennpc",3,0
' compile_object' in ' adm/single/master.c' ('   adm/single/master') /adm/single/master.c:41
arguments were ("/kungfu/class/generate/shennpc")
locals were: adm/daemons/virtuald
' compile_object' in 'adm/daemons/virtuald.c' ('adm/daemons/virtuald') /adm/daemons/virtuald.c:35
arguments were ("/kungfu/class/generate/shennpc")
locals were: ({ /* sizeof() == 4 */
  "kungfu",
  "class",
  "generate",
  "shennpc"
}),"/kungfu/class/generate/shennpc",3,0
' compile_object' in ' adm/single/master.c' ('   adm/single/master') /adm/single/master.c:41
arguments were ("/kungfu/class/generate/shennpc")
locals were: adm/daemons/virtuald
' compile_object' in 'adm/daemons/virtuald.c' ('adm/daemons/virtuald') /adm/daemons/virtuald.c:35
arguments were ("/kungfu/class/generate/shennpc")
locals were: ({ /* sizeof() == 4 */
  "kungfu",
  "class",
  "generate",
  "shennpc"
}),"/kungfu/class/generate/shennpc",3,0
' compile_object' in ' adm/single/master.c' ('   adm/single/master') /adm/single/master.c:41
arguments were ("/kungfu/class/generate/shennpc")
locals were: adm/daemons/virtuald
' compile_object' in 'adm/daemons/virtuald.c' ('adm/daemons/virtuald') /adm/daemons/virtuald.c:25
arguments were ("/kungfu/class/generate/shennpc")
locals were: ({ /* sizeof() == 4 */
  "kungfu",
  "class",
  "generate",
  "shennpc"
}),"/kungfu",0,0
'     valid_read' in ' adm/single/master.c' ('   adm/single/master') /adm/single/master.c:424
arguments were ("/kungfu",adm/daemons/virtuald,"file_size")
locals were: adm/daemons/securityd
Heart beat in adm/daemons/quest/shen turned off.
Error in error handler: *Too deep recursion.
program: /adm/single/master.c, object: /adm/single/master, file: /adm/single/master.c:424
'     heart_beat' in 'adm/daemons/quest/judge.c' ('adm/daemons/quest/judge') /adm/daemons/quest/judge.c:35
arguments were ()
'    start_quest' in 'adm/daemons/quest/judge.c' ('adm/daemons/quest/judge') /adm/daemons/quest/judge.c:23
arguments were ()
locals were: clone/quest/judge#532
'     init_quest' in ' clone/quest/judge.c' ('clone/quest/judge#532') /clone/quest/judge.c:40
arguments were ()
locals were: 0,"嵩山一带",0,0,0
' compile_object' in ' adm/single/master.c' ('   adm/single/master') /adm/single/master.c:41
arguments were ("/kungfu/class/generate/questnpc")
locals were: adm/daemons/virtuald
' compile_object' in 'adm/daemons/virtuald.c' ('adm/daemons/virtuald') /adm/daemons/virtuald.c:35
arguments were ("/kungfu/class/generate/questnpc")
locals were: ({ /* sizeof() == 4 */
  "kungfu",
  "class",
  "generate",
  "questnpc"
}),"/kungfu/class/generate/questnpc",3,0
' compile_object' in ' adm/single/master.c' ('   adm/single/master') /adm/single/master.c:41
arguments were ("/kungfu/class/generate/questnpc")
locals were: adm/daemons/virtuald
' compile_object' in 'adm/daemons/virtuald.c' ('adm/daemons/virtuald') /adm/daemons/virtuald.c:35
arguments were ("/kungfu/class/generate/questnpc")
locals were: ({ /* sizeof() == 4 */
  "kungfu",
  "class",
  "generate",
  "questnpc"
}),"/kungfu/class/generate/questnpc",3,0
' compile_object' in ' adm/single/master.c' ('   adm/single/master') /adm/single/master.c:41
arguments were ("/kungfu/class/generate/questnpc")
locals were: adm/daemons/virtuald
' compile_object' in 'adm/daemons/virtuald.c' ('adm/daemons/virtuald') /adm/daemons/virtuald.c:35
arguments were ("/kungfu/class/generate/questnpc")
locals were: ({ /* sizeof() == 4 */
  "kungfu",
  "class",
  "generate",
  "questnpc"
}),"/kungfu/class/generate/questnpc",3,0
' compile_object' in ' adm/single/master.c' ('   adm/single/master') /adm/single/master.c:41
arguments were ("/kungfu/class/generate/questnpc")
locals were: adm/daemons/virtuald
' compile_object' in 'adm/daemons/virtuald.c' ('adm/daemons/virtuald') /adm/daemons/virtuald.c:35
arguments were ("/kungfu/class/generate/questnpc")
locals were: ({ /* sizeof() == 4 */
  "kungfu",
  "class",
  "generate",
  "questnpc"
}),"/kungfu/class/generate/questnpc",3,0
' compile_object' in ' adm/single/master.c' ('   adm/single/master') /adm/single/master.c:41
arguments were ("/kungfu/class/generate/questnpc")
locals were: adm/daemons/virtuald
' compile_object' in 'adm/daemons/virtuald.c' ('adm/daemons/virtuald') /adm/daemons/virtuald.c:35
arguments were ("/kungfu/class/generate/questnpc")
locals were: ({ /* sizeof() == 4 */
  "kungfu",
  "class",
  "generate",
  "questnpc"
}),"/kungfu/class/generate/questnpc",3,0
' compile_object' in ' adm/single/master.c' ('   adm/single/master') /adm/single/master.c:41
arguments were ("/kungfu/class/generate/questnpc")
locals were: adm/daemons/virtuald
' compile_object' in 'adm/daemons/virtuald.c' ('adm/daemons/virtuald') /adm/daemons/virtuald.c:35
arguments were ("/kungfu/class/generate/questnpc")
locals were: ({ /* sizeof() == 4 */
  "kungfu",
  "class",
  "generate",
  "questnpc"
}),"/kungfu/class/generate/questnpc",3,0
' compile_object' in ' adm/single/master.c' ('   adm/single/master') /adm/single/master.c:41
arguments were ("/kungfu/class/generate/questnpc")
locals were: adm/daemons/virtuald
' compile_object' in 'adm/daemons/virtuald.c' ('adm/daemons/virtuald') /adm/daemons/virtuald.c:35
arguments were ("/kungfu/class/generate/questnpc")
locals were: ({ /* sizeof() == 4 */
  "kungfu",
  "class",
  "generate",
  "questnpc"
}),"/kungfu/class/generate/questnpc",3,0
' compile_object' in ' adm/single/master.c' ('   adm/single/master') /adm/single/master.c:41
arguments were ("/kungfu/class/generate/questnpc")
locals were: adm/daemons/virtuald
' compile_object' in 'adm/daemons/virtuald.c' ('adm/daemons/virtuald') /adm/daemons/virtuald.c:35
arguments were ("/kungfu/class/generate/questnpc")
locals were: ({ /* sizeof() == 4 */
  "kungfu",
  "class",
  "generate",
  "questnpc"
}),"/kungfu/class/generate/questnpc",3,0
' compile_object' in ' adm/single/master.c' ('   adm/single/master') /adm/single/master.c:41
arguments were ("/kungfu/class/generate/questnpc")
locals were: adm/daemons/virtuald
' compile_object' in 'adm/daemons/virtuald.c' ('adm/daemons/virtuald') /adm/daemons/virtuald.c:35
arguments were ("/kungfu/class/generate/questnpc")
locals were: ({ /* sizeof() == 4 */
  "kungfu",
  "class",
  "generate",
  "questnpc"
}),"/kungfu/class/generate/questnpc",3,0
' compile_object' in ' adm/single/master.c' ('   adm/single/master') /adm/single/master.c:41
arguments were ("/kungfu/class/generate/questnpc")
locals were: adm/daemons/virtuald
' compile_object' in 'adm/daemons/virtuald.c' ('adm/daemons/virtuald') /adm/daemons/virtuald.c:35
arguments were ("/kungfu/class/generate/questnpc")
locals were: ({ /* sizeof() == 4 */
  "kungfu",
  "class",
  "generate",
  "questnpc"
}),"/kungfu/class/generate/questnpc",3,0
' compile_object' in ' adm/single/master.c' ('   adm/single/master') /adm/single/master.c:41
arguments were ("/kungfu/class/generate/questnpc")
locals were: adm/daemons/virtuald
' compile_object' in 'adm/daemons/virtuald.c' ('adm/daemons/virtuald') /adm/daemons/virtuald.c:35
arguments were ("/kungfu/class/generate/questnpc")
locals were: ({ /* sizeof() == 4 */
  "kungfu",
  "class",
  "generate",
  "questnpc"
}),"/kungfu/class/generate/questnpc",3,0
' compile_object' in ' adm/single/master.c' ('   adm/single/master') /adm/single/master.c:41
arguments were ("/kungfu/class/generate/questnpc")
locals were: adm/daemons/virtuald
' compile_object' in 'adm/daemons/virtuald.c' ('adm/daemons/virtuald') /adm/daemons/virtuald.c:35
arguments were ("/kungfu/class/generate/questnpc")
locals were: ({ /* sizeof() == 4 */
  "kungfu",
  "class",
  "generate",
  "questnpc"
}),"/kungfu/class/generate/questnpc",3,0
' compile_object' in ' adm/single/master.c' ('   adm/single/master') /adm/single/master.c:41
arguments were ("/kungfu/class/generate/questnpc")
locals were: adm/daemons/virtuald
' compile_object' in 'adm/daemons/virtuald.c' ('adm/daemons/virtuald') /adm/daemons/virtuald.c:35
arguments were ("/kungfu/class/generate/questnpc")
locals were: ({ /* sizeof() == 4 */
  "kungfu",
  "class",
  "generate",
  "questnpc"
}),"/kungfu/class/generate/questnpc",3,0
' compile_object' in ' adm/single/master.c' ('   adm/single/master') /adm/single/master.c:41
arguments were ("/kungfu/class/generate/questnpc")
locals were: adm/daemons/virtuald
' compile_object' in 'adm/daemons/virtuald.c' ('adm/daemons/virtuald') /adm/daemons/virtuald.c:35
arguments were ("/kungfu/class/generate/questnpc")
locals were: ({ /* sizeof() == 4 */
  "kungfu",
  "class",
  "generate",
  "questnpc"
}),"/kungfu/class/generate/questnpc",3,0
' compile_object' in ' adm/single/master.c' ('   adm/single/master') /adm/single/master.c:41
arguments were ("/kungfu/class/generate/questnpc")
locals were: adm/daemons/virtuald
' compile_object' in 'adm/daemons/virtuald.c' ('adm/daemons/virtuald') /adm/daemons/virtuald.c:35
arguments were ("/kungfu/class/generate/questnpc")
locals were: ({ /* sizeof() == 4 */
  "kungfu",
  "class",
  "generate",
  "questnpc"
}),"/kungfu/class/generate/questnpc",3,0
' compile_object' in ' adm/single/master.c' ('   adm/single/master') /adm/single/master.c:41
arguments were ("/kungfu/class/generate/questnpc")
locals were: adm/daemons/virtuald
' compile_object' in 'adm/daemons/virtuald.c' ('adm/daemons/virtuald') /adm/daemons/virtuald.c:35
arguments were ("/kungfu/class/generate/questnpc")
locals were: ({ /* sizeof() == 4 */
  "kungfu",
  "class",
  "generate",
  "questnpc"
}),"/kungfu/class/generate/questnpc",3,0
' compile_object' in ' adm/single/master.c' ('   adm/single/master') /adm/single/master.c:41
arguments were ("/kungfu/class/generate/questnpc")
locals were: adm/daemons/virtuald
' compile_object' in 'adm/daemons/virtuald.c' ('adm/daemons/virtuald') /adm/daemons/virtuald.c:35
arguments were ("/kungfu/class/generate/questnpc")
locals were: ({ /* sizeof() == 4 */
  "kungfu",
  "class",
  "generate",
  "questnpc"
}),"/kungfu/class/generate/questnpc",3,0
' compile_object' in ' adm/single/master.c' ('   adm/single/master') /adm/single/master.c:41
arguments were ("/kungfu/class/generate/questnpc")
locals were: adm/daemons/virtuald
' compile_object' in 'adm/daemons/virtuald.c' ('adm/daemons/virtuald') /adm/daemons/virtuald.c:35
arguments were ("/kungfu/class/generate/questnpc")
locals were: ({ /* sizeof() == 4 */
  "kungfu",
  "class",
  "generate",
  "questnpc"
}),"/kungfu/class/generate/questnpc",3,0
' compile_object' in ' adm/single/master.c' ('   adm/single/master') /adm/single/master.c:41
arguments were ("/kungfu/class/generate/questnpc")
locals were: adm/daemons/virtuald
' compile_object' in 'adm/daemons/virtuald.c' ('adm/daemons/virtuald') /adm/daemons/virtuald.c:35
arguments were ("/kungfu/class/generate/questnpc")
locals were: ({ /* sizeof() == 4 */
  "kungfu",
  "class",
  "generate",
  "questnpc"
}),"/kungfu/class/generate/questnpc",3,0
' compile_object' in ' adm/single/master.c' ('   adm/single/master') /adm/single/master.c:41
arguments were ("/kungfu/class/generate/questnpc")
locals were: adm/daemons/virtuald
' compile_object' in 'adm/daemons/virtuald.c' ('adm/daemons/virtuald') /adm/daemons/virtuald.c:35
arguments were ("/kungfu/class/generate/questnpc")
locals were: ({ /* sizeof() == 4 */
  "kungfu",
  "class",
  "generate",
  "questnpc"
}),"/kungfu/class/generate/questnpc",3,0
' compile_object' in ' adm/single/master.c' ('   adm/single/master') /adm/single/master.c:41
arguments were ("/kungfu/class/generate/questnpc")
locals were: adm/daemons/virtuald
' compile_object' in 'adm/daemons/virtuald.c' ('adm/daemons/virtuald') /adm/daemons/virtuald.c:35
arguments were ("/kungfu/class/generate/questnpc")
locals were: ({ /* sizeof() == 4 */
  "kungfu",
  "class",
  "generate",
  "questnpc"
}),"/kungfu/class/generate/questnpc",3,0
' compile_object' in ' adm/single/master.c' ('   adm/single/master') /adm/single/master.c:41
arguments were ("/kungfu/class/generate/questnpc")
locals were: adm/daemons/virtuald
' compile_object' in 'adm/daemons/virtuald.c' ('adm/daemons/virtuald') /adm/daemons/virtuald.c:35
arguments were ("/kungfu/class/generate/questnpc")
locals were: ({ /* sizeof() == 4 */
  "kungfu",
  "class",
  "generate",
  "questnpc"
}),"/kungfu/class/generate/questnpc",3,0
' compile_object' in ' adm/single/master.c' ('   adm/single/master') /adm/single/master.c:41
arguments were ("/kungfu/class/generate/questnpc")
locals were: adm/daemons/virtuald
' compile_object' in 'adm/daemons/virtuald.c' ('adm/daemons/virtuald') /adm/daemons/virtuald.c:25
arguments were ("/kungfu/class/generate/questnpc")
locals were: ({ /* sizeof() == 4 */
  "kungfu",
  "class",
  "generate",
  "questnpc"
}),"/kungfu",0,0
'     valid_read' in ' adm/single/master.c' ('   adm/single/master') /adm/single/master.c:424
arguments were ("/kungfu",adm/daemons/virtuald,"file_size")
locals were: adm/daemons/securityd
Heart beat in adm/daemons/quest/judge turned off.
Error in error handler: *Too deep recursion.
program: /adm/single/master.c, object: /adm/single/master, file: /adm/single/master.c:424
'     heart_beat' in 'adm/daemons/quest/search.c' ('adm/daemons/quest/search') /adm/daemons/quest/search.c:66
arguments were ()
'    start_quest' in 'adm/daemons/quest/search.c' ('adm/daemons/quest/search') /adm/daemons/quest/search.c:53
arguments were ()
locals were: clone/quest/search#533,"/clone/questob/yuping",({ /* sizeof() == 19 */
  "/clone/questob/baijinhe",
  "/clone/questob/baiyubi",
  "/clone/questob/jingua",
  "/clone/questob/jinhulu",
  "/clone/questob/jlhua",
  "/clone/questob/jxshi",
  "/clone/questob/qkmao",
  "/clone/questob/qtding",
  "/clone/questob/sjping",
  "/clone/questob/tiegy",
  "/clone/questob/tieruyi",
  "/clone/questob/tongxq",
  "/clone/questob/ygbei",
  "/clone/questob/ylhua",
  "/clone/questob/yudai",
  "/clone/questob/yuhulu",
  "/clone/questob/yuping",
  "/clone/questob/zijinchui",
  "/clone/questob/zysha"
})
'     init_quest' in 'clone/quest/search.c' ('clone/quest/search#533') /clone/quest/search.c:64
arguments were ("/clone/questob/yuping")
locals were: "寻找玉瓶",clone/questob/yuping,"灵州","长安城",0,0,0
' compile_object' in ' adm/single/master.c' ('   adm/single/master') /adm/single/master.c:41
arguments were ("/kungfu/class/generate/questnpc")
locals were: adm/daemons/virtuald
' compile_object' in 'adm/daemons/virtuald.c' ('adm/daemons/virtuald') /adm/daemons/virtuald.c:35
arguments were ("/kungfu/class/generate/questnpc")
locals were: ({ /* sizeof() == 4 */
  "kungfu",
  "class",
  "generate",
  "questnpc"
}),"/kungfu/class/generate/questnpc",3,0
' compile_object' in ' adm/single/master.c' ('   adm/single/master') /adm/single/master.c:41
arguments were ("/kungfu/class/generate/questnpc")
locals were: adm/daemons/virtuald
' compile_object' in 'adm/daemons/virtuald.c' ('adm/daemons/virtuald') /adm/daemons/virtuald.c:35
arguments were ("/kungfu/class/generate/questnpc")
locals were: ({ /* sizeof() == 4 */
  "kungfu",
  "class",
  "generate",
  "questnpc"
}),"/kungfu/class/generate/questnpc",3,0
' compile_object' in ' adm/single/master.c' ('   adm/single/master') /adm/single/master.c:41
arguments were ("/kungfu/class/generate/questnpc")
locals were: adm/daemons/virtuald
' compile_object' in 'adm/daemons/virtuald.c' ('adm/daemons/virtuald') /adm/daemons/virtuald.c:35
arguments were ("/kungfu/class/generate/questnpc")
locals were: ({ /* sizeof() == 4 */
  "kungfu",
  "class",
  "generate",
  "questnpc"
}),"/kungfu/class/generate/questnpc",3,0
' compile_object' in ' adm/single/master.c' ('   adm/single/master') /adm/single/master.c:41
arguments were ("/kungfu/class/generate/questnpc")
locals were: adm/daemons/virtuald
' compile_object' in 'adm/daemons/virtuald.c' ('adm/daemons/virtuald') /adm/daemons/virtuald.c:35
arguments were ("/kungfu/class/generate/questnpc")
locals were: ({ /* sizeof() == 4 */
  "kungfu",
  "class",
  "generate",
  "questnpc"
}),"/kungfu/class/generate/questnpc",3,0
' compile_object' in ' adm/single/master.c' ('   adm/single/master') /adm/single/master.c:41
arguments were ("/kungfu/class/generate/questnpc")
locals were: adm/daemons/virtuald
' compile_object' in 'adm/daemons/virtuald.c' ('adm/daemons/virtuald') /adm/daemons/virtuald.c:35
arguments were ("/kungfu/class/generate/questnpc")
locals were: ({ /* sizeof() == 4 */
  "kungfu",
  "class",
  "generate",
  "questnpc"
}),"/kungfu/class/generate/questnpc",3,0
' compile_object' in ' adm/single/master.c' ('   adm/single/master') /adm/single/master.c:41
arguments were ("/kungfu/class/generate/questnpc")
locals were: adm/daemons/virtuald
' compile_object' in 'adm/daemons/virtuald.c' ('adm/daemons/virtuald') /adm/daemons/virtuald.c:35
arguments were ("/kungfu/class/generate/questnpc")
locals were: ({ /* sizeof() == 4 */
  "kungfu",
  "class",
  "generate",
  "questnpc"
}),"/kungfu/class/generate/questnpc",3,0
' compile_object' in ' adm/single/master.c' ('   adm/single/master') /adm/single/master.c:41
arguments were ("/kungfu/class/generate/questnpc")
locals were: adm/daemons/virtuald
' compile_object' in 'adm/daemons/virtuald.c' ('adm/daemons/virtuald') /adm/daemons/virtuald.c:35
arguments were ("/kungfu/class/generate/questnpc")
locals were: ({ /* sizeof() == 4 */
  "kungfu",
  "class",
  "generate",
  "questnpc"
}),"/kungfu/class/generate/questnpc",3,0
' compile_object' in ' adm/single/master.c' ('   adm/single/master') /adm/single/master.c:41
arguments were ("/kungfu/class/generate/questnpc")
locals were: adm/daemons/virtuald
' compile_object' in 'adm/daemons/virtuald.c' ('adm/daemons/virtuald') /adm/daemons/virtuald.c:35
arguments were ("/kungfu/class/generate/questnpc")
locals were: ({ /* sizeof() == 4 */
  "kungfu",
  "class",
  "generate",
  "questnpc"
}),"/kungfu/class/generate/questnpc",3,0
' compile_object' in ' adm/single/master.c' ('   adm/single/master') /adm/single/master.c:41
arguments were ("/kungfu/class/generate/questnpc")
locals were: adm/daemons/virtuald
' compile_object' in 'adm/daemons/virtuald.c' ('adm/daemons/virtuald') /adm/daemons/virtuald.c:35
arguments were ("/kungfu/class/generate/questnpc")
locals were: ({ /* sizeof() == 4 */
  "kungfu",
  "class",
  "generate",
  "questnpc"
}),"/kungfu/class/generate/questnpc",3,0
' compile_object' in ' adm/single/master.c' ('   adm/single/master') /adm/single/master.c:41
arguments were ("/kungfu/class/generate/questnpc")
locals were: adm/daemons/virtuald
' compile_object' in 'adm/daemons/virtuald.c' ('adm/daemons/virtuald') /adm/daemons/virtuald.c:35
arguments were ("/kungfu/class/generate/questnpc")
locals were: ({ /* sizeof() == 4 */
  "kungfu",
  "class",
  "generate",
  "questnpc"
}),"/kungfu/class/generate/questnpc",3,0
' compile_object' in ' adm/single/master.c' ('   adm/single/master') /adm/single/master.c:41
arguments were ("/kungfu/class/generate/questnpc")
locals were: adm/daemons/virtuald
' compile_object' in 'adm/daemons/virtuald.c' ('adm/daemons/virtuald') /adm/daemons/virtuald.c:35
arguments were ("/kungfu/class/generate/questnpc")
locals were: ({ /* sizeof() == 4 */
  "kungfu",
  "class",
  "generate",
  "questnpc"
}),"/kungfu/class/generate/questnpc",3,0
' compile_object' in ' adm/single/master.c' ('   adm/single/master') /adm/single/master.c:41
arguments were ("/kungfu/class/generate/questnpc")
locals were: adm/daemons/virtuald
' compile_object' in 'adm/daemons/virtuald.c' ('adm/daemons/virtuald') /adm/daemons/virtuald.c:35
arguments were ("/kungfu/class/generate/questnpc")
locals were: ({ /* sizeof() == 4 */
  "kungfu",
  "class",
  "generate",
  "questnpc"
}),"/kungfu/class/generate/questnpc",3,0
' compile_object' in ' adm/single/master.c' ('   adm/single/master') /adm/single/master.c:41
arguments were ("/kungfu/class/generate/questnpc")
locals were: adm/daemons/virtuald
' compile_object' in 'adm/daemons/virtuald.c' ('adm/daemons/virtuald') /adm/daemons/virtuald.c:35
arguments were ("/kungfu/class/generate/questnpc")
locals were: ({ /* sizeof() == 4 */
  "kungfu",
  "class",
  "generate",
  "questnpc"
}),"/kungfu/class/generate/questnpc",3,0
' compile_object' in ' adm/single/master.c' ('   adm/single/master') /adm/single/master.c:41
arguments were ("/kungfu/class/generate/questnpc")
locals were: adm/daemons/virtuald
' compile_object' in 'adm/daemons/virtuald.c' ('adm/daemons/virtuald') /adm/daemons/virtuald.c:35
arguments were ("/kungfu/class/generate/questnpc")
locals were: ({ /* sizeof() == 4 */
  "kungfu",
  "class",
  "generate",
  "questnpc"
}),"/kungfu/class/generate/questnpc",3,0
' compile_object' in ' adm/single/master.c' ('   adm/single/master') /adm/single/master.c:41
arguments were ("/kungfu/class/generate/questnpc")
locals were: adm/daemons/virtuald
' compile_object' in 'adm/daemons/virtuald.c' ('adm/daemons/virtuald') /adm/daemons/virtuald.c:35
arguments were ("/kungfu/class/generate/questnpc")
locals were: ({ /* sizeof() == 4 */
  "kungfu",
  "class",
  "generate",
  "questnpc"
}),"/kungfu/class/generate/questnpc",3,0
' compile_object' in ' adm/single/master.c' ('   adm/single/master') /adm/single/master.c:41
arguments were ("/kungfu/class/generate/questnpc")
locals were: adm/daemons/virtuald
' compile_object' in 'adm/daemons/virtuald.c' ('adm/daemons/virtuald') /adm/daemons/virtuald.c:35
arguments were ("/kungfu/class/generate/questnpc")
locals were: ({ /* sizeof() == 4 */
  "kungfu",
  "class",
  "generate",
  "questnpc"
}),"/kungfu/class/generate/questnpc",3,0
' compile_object' in ' adm/single/master.c' ('   adm/single/master') /adm/single/master.c:41
arguments were ("/kungfu/class/generate/questnpc")
locals were: adm/daemons/virtuald
' compile_object' in 'adm/daemons/virtuald.c' ('adm/daemons/virtuald') /adm/daemons/virtuald.c:35
arguments were ("/kungfu/class/generate/questnpc")
locals were: ({ /* sizeof() == 4 */
  "kungfu",
  "class",
  "generate",
  "questnpc"
}),"/kungfu/class/generate/questnpc",3,0
' compile_object' in ' adm/single/master.c' ('   adm/single/master') /adm/single/master.c:41
arguments were ("/kungfu/class/generate/questnpc")
locals were: adm/daemons/virtuald
' compile_object' in 'adm/daemons/virtuald.c' ('adm/daemons/virtuald') /adm/daemons/virtuald.c:35
arguments were ("/kungfu/class/generate/questnpc")
locals were: ({ /* sizeof() == 4 */
  "kungfu",
  "class",
  "generate",
  "questnpc"
}),"/kungfu/class/generate/questnpc",3,0
' compile_object' in ' adm/single/master.c' ('   adm/single/master') /adm/single/master.c:41
arguments were ("/kungfu/class/generate/questnpc")
locals were: adm/daemons/virtuald
' compile_object' in 'adm/daemons/virtuald.c' ('adm/daemons/virtuald') /adm/daemons/virtuald.c:35
arguments were ("/kungfu/class/generate/questnpc")
locals were: ({ /* sizeof() == 4 */
  "kungfu",
  "class",
  "generate",
  "questnpc"
}),"/kungfu/class/generate/questnpc",3,0
' compile_object' in ' adm/single/master.c' ('   adm/single/master') /adm/single/master.c:41
arguments were ("/kungfu/class/generate/questnpc")
locals were: adm/daemons/virtuald
' compile_object' in 'adm/daemons/virtuald.c' ('adm/daemons/virtuald') /adm/daemons/virtuald.c:35
arguments were ("/kungfu/class/generate/questnpc")
locals were: ({ /* sizeof() == 4 */
  "kungfu",
  "class",
  "generate",
  "questnpc"
}),"/kungfu/class/generate/questnpc",3,0
' compile_object' in ' adm/single/master.c' ('   adm/single/master') /adm/single/master.c:41
arguments were ("/kungfu/class/generate/questnpc")
locals were: adm/daemons/virtuald
' compile_object' in 'adm/daemons/virtuald.c' ('adm/daemons/virtuald') /adm/daemons/virtuald.c:35
arguments were ("/kungfu/class/generate/questnpc")
locals were: ({ /* sizeof() == 4 */
  "kungfu",
  "class",
  "generate",
  "questnpc"
}),"/kungfu/class/generate/questnpc",3,0
' compile_object' in ' adm/single/master.c' ('   adm/single/master') /adm/single/master.c:41
arguments were ("/kungfu/class/generate/questnpc")
locals were: adm/daemons/virtuald
' compile_object' in 'adm/daemons/virtuald.c' ('adm/daemons/virtuald') /adm/daemons/virtuald.c:35
arguments were ("/kungfu/class/generate/questnpc")
locals were: ({ /* sizeof() == 4 */
  "kungfu",
  "class",
  "generate",
  "questnpc"
}),"/kungfu/class/generate/questnpc",3,0
' compile_object' in ' adm/single/master.c' ('   adm/single/master') /adm/single/master.c:41
arguments were ("/kungfu/class/generate/questnpc")
locals were: adm/daemons/virtuald
' compile_object' in 'adm/daemons/virtuald.c' ('adm/daemons/virtuald') /adm/daemons/virtuald.c:25
arguments were ("/kungfu/class/generate/questnpc")
locals were: ({ /* sizeof() == 4 */
  "kungfu",
  "class",
  "generate",
  "questnpc"
}),"/kungfu",0,0
'     valid_read' in ' adm/single/master.c' ('   adm/single/master') /adm/single/master.c:424
arguments were ("/kungfu",adm/daemons/virtuald,"file_size")
locals were: adm/daemons/securityd
Heart beat in adm/daemons/quest/search turned off.
Error in error handler: *Too deep recursion.
program: /adm/single/master.c, object: /adm/single/master, file: /adm/single/master.c:424
'     heart_beat' in 'adm/daemons/quest/supply.c' ('adm/daemons/quest/supply') /adm/daemons/quest/supply.c:119
arguments were ()
'    start_quest' in 'adm/daemons/quest/supply.c' ('adm/daemons/quest/supply') /adm/daemons/quest/supply.c:88
arguments were ()
locals were: 0,0,({ /* sizeof() == 10 */
  clone/quest/supply#662,
  clone/quest/supply#642,
  clone/quest/supply#596,
  clone/quest/supply#534,
  clone/quest/supply#530,
  clone/quest/supply#509,
  clone/quest/supply#503,
  clone/quest/supply#483,
  clone/quest/supply#444,
  clone/quest/supply
}),({ /* sizeof() == 12 */
  "/d/suzhou/toumenshan",
  "/d/city3/bingqidian",
  "/d/hangzhou/liuzhuang",
  "/d/city3/wuguan",
  "/d/hangzhou/yuhuangsd",
  "/d/dali/bingying",
  "/d/dali/tusifu",
  "/d/beijing/xichengmen",
  "/d/quanzhou/jiaxinggang",
  "/d/shaolin/ruzhou",
  "/d/shaolin/shanmen",
  "/d/changan/biaoju-damen"
}),"/d/quanzhou/jiaxinggang",0,0
'     get_object' in 'adm/single/simul_efun.c' ('adm/single/simul_efun') /adm/simul_efun/util.c:151
arguments were ("/d/quanzhou/jiaxinggang")
locals were: 0
' compile_object' in ' adm/single/master.c' ('   adm/single/master') /adm/single/master.c:41
arguments were ("/d/quanzhou/jiaxinggang")
locals were: adm/daemons/virtuald
' compile_object' in 'adm/daemons/virtuald.c' ('adm/daemons/virtuald') /adm/daemons/virtuald.c:35
arguments were ("/d/quanzhou/jiaxinggang")
locals were: ({ /* sizeof() == 3 */
  "d",
  "quanzhou",
  "jiaxinggang"
}),"/d/quanzhou",1,0
' compile_object' in ' adm/single/master.c' ('   adm/single/master') /adm/single/master.c:41
arguments were ("/d/quanzhou")
locals were: adm/daemons/virtuald
' compile_object' in 'adm/daemons/virtuald.c' ('adm/daemons/virtuald') /adm/daemons/virtuald.c:35
arguments were ("/d/quanzhou")
locals were: ({ /* sizeof() == 2 */
  "d",
  "quanzhou"
}),"/d/quanzhou",1,0
' compile_object' in ' adm/single/master.c' ('   adm/single/master') /adm/single/master.c:41
arguments were ("/d/quanzhou")
locals were: adm/daemons/virtuald
' compile_object' in 'adm/daemons/virtuald.c' ('adm/daemons/virtuald') /adm/daemons/virtuald.c:35
arguments were ("/d/quanzhou")
locals were: ({ /* sizeof() == 2 */
  "d",
  "quanzhou"
}),"/d/quanzhou",1,0
' compile_object' in ' adm/single/master.c' ('   adm/single/master') /adm/single/master.c:41
arguments were ("/d/quanzhou")
locals were: adm/daemons/virtuald
' compile_object' in 'adm/daemons/virtuald.c' ('adm/daemons/virtuald') /adm/daemons/virtuald.c:35
arguments were ("/d/quanzhou")
locals were: ({ /* sizeof() == 2 */
  "d",
  "quanzhou"
}),"/d/quanzhou",1,0
' compile_object' in ' adm/single/master.c' ('   adm/single/master') /adm/single/master.c:41
arguments were ("/d/quanzhou")
locals were: adm/daemons/virtuald
' compile_object' in 'adm/daemons/virtuald.c' ('adm/daemons/virtuald') /adm/daemons/virtuald.c:35
arguments were ("/d/quanzhou")
locals were: ({ /* sizeof() == 2 */
  "d",
  "quanzhou"
}),"/d/quanzhou",1,0
' compile_object' in ' adm/single/master.c' ('   adm/single/master') /adm/single/master.c:41
arguments were ("/d/quanzhou")
locals were: adm/daemons/virtuald
' compile_object' in 'adm/daemons/virtuald.c' ('adm/daemons/virtuald') /adm/daemons/virtuald.c:35
arguments were ("/d/quanzhou")
locals were: ({ /* sizeof() == 2 */
  "d",
  "quanzhou"
}),"/d/quanzhou",1,0
' compile_object' in ' adm/single/master.c' ('   adm/single/master') /adm/single/master.c:41
arguments were ("/d/quanzhou")
locals were: adm/daemons/virtuald
' compile_object' in 'adm/daemons/virtuald.c' ('adm/daemons/virtuald') /adm/daemons/virtuald.c:35
arguments were ("/d/quanzhou")
locals were: ({ /* sizeof() == 2 */
  "d",
  "quanzhou"
}),"/d/quanzhou",1,0
' compile_object' in ' adm/single/master.c' ('   adm/single/master') /adm/single/master.c:41
arguments were ("/d/quanzhou")
locals were: adm/daemons/virtuald
' compile_object' in 'adm/daemons/virtuald.c' ('adm/daemons/virtuald') /adm/daemons/virtuald.c:35
arguments were ("/d/quanzhou")
locals were: ({ /* sizeof() == 2 */
  "d",
  "quanzhou"
}),"/d/quanzhou",1,0
' compile_object' in ' adm/single/master.c' ('   adm/single/master') /adm/single/master.c:41
arguments were ("/d/quanzhou")
locals were: adm/daemons/virtuald
' compile_object' in 'adm/daemons/virtuald.c' ('adm/daemons/virtuald') /adm/daemons/virtuald.c:35
arguments were ("/d/quanzhou")
locals were: ({ /* sizeof() == 2 */
  "d",
  "quanzhou"
}),"/d/quanzhou",1,0
' compile_object' in ' adm/single/master.c' ('   adm/single/master') /adm/single/master.c:41
arguments were ("/d/quanzhou")
locals were: adm/daemons/virtuald
' compile_object' in 'adm/daemons/virtuald.c' ('adm/daemons/virtuald') /adm/daemons/virtuald.c:35
arguments were ("/d/quanzhou")
locals were: ({ /* sizeof() == 2 */
  "d",
  "quanzhou"
}),"/d/quanzhou",1,0
' compile_object' in ' adm/single/master.c' ('   adm/single/master') /adm/single/master.c:41
arguments were ("/d/quanzhou")
locals were: adm/daemons/virtuald
' compile_object' in 'adm/daemons/virtuald.c' ('adm/daemons/virtuald') /adm/daemons/virtuald.c:35
arguments were ("/d/quanzhou")
locals were: ({ /* sizeof() == 2 */
  "d",
  "quanzhou"
}),"/d/quanzhou",1,0
' compile_object' in ' adm/single/master.c' ('   adm/single/master') /adm/single/master.c:41
arguments were ("/d/quanzhou")
locals were: adm/daemons/virtuald
' compile_object' in 'adm/daemons/virtuald.c' ('adm/daemons/virtuald') /adm/daemons/virtuald.c:35
arguments were ("/d/quanzhou")
locals were: ({ /* sizeof() == 2 */
  "d",
  "quanzhou"
}),"/d/quanzhou",1,0
' compile_object' in ' adm/single/master.c' ('   adm/single/master') /adm/single/master.c:41
arguments were ("/d/quanzhou")
locals were: adm/daemons/virtuald
' compile_object' in 'adm/daemons/virtuald.c' ('adm/daemons/virtuald') /adm/daemons/virtuald.c:35
arguments were ("/d/quanzhou")
locals were: ({ /* sizeof() == 2 */
  "d",
  "quanzhou"
}),"/d/quanzhou",1,0
' compile_object' in ' adm/single/master.c' ('   adm/single/master') /adm/single/master.c:41
arguments were ("/d/quanzhou")
locals were: adm/daemons/virtuald
' compile_object' in 'adm/daemons/virtuald.c' ('adm/daemons/virtuald') /adm/daemons/virtuald.c:35
arguments were ("/d/quanzhou")
locals were: ({ /* sizeof() == 2 */
  "d",
  "quanzhou"
}),"/d/quanzhou",1,0
' compile_object' in ' adm/single/master.c' ('   adm/single/master') /adm/single/master.c:41
arguments were ("/d/quanzhou")
locals were: adm/daemons/virtuald
' compile_object' in 'adm/daemons/virtuald.c' ('adm/daemons/virtuald') /adm/daemons/virtuald.c:35
arguments were ("/d/quanzhou")
locals were: ({ /* sizeof() == 2 */
  "d",
  "quanzhou"
}),"/d/quanzhou",1,0
' compile_object' in ' adm/single/master.c' ('   adm/single/master') /adm/single/master.c:41
arguments were ("/d/quanzhou")
locals were: adm/daemons/virtuald
' compile_object' in 'adm/daemons/virtuald.c' ('adm/daemons/virtuald') /adm/daemons/virtuald.c:35
arguments were ("/d/quanzhou")
locals were: ({ /* sizeof() == 2 */
  "d",
  "quanzhou"
}),"/d/quanzhou",1,0
' compile_object' in ' adm/single/master.c' ('   adm/single/master') /adm/single/master.c:41
arguments were ("/d/quanzhou")
locals were: adm/daemons/virtuald
' compile_object' in 'adm/daemons/virtuald.c' ('adm/daemons/virtuald') /adm/daemons/virtuald.c:35
arguments were ("/d/quanzhou")
locals were: ({ /* sizeof() == 2 */
  "d",
  "quanzhou"
}),"/d/quanzhou",1,0
' compile_object' in ' adm/single/master.c' ('   adm/single/master') /adm/single/master.c:41
arguments were ("/d/quanzhou")
locals were: adm/daemons/virtuald
' compile_object' in 'adm/daemons/virtuald.c' ('adm/daemons/virtuald') /adm/daemons/virtuald.c:35
arguments were ("/d/quanzhou")
locals were: ({ /* sizeof() == 2 */
  "d",
  "quanzhou"
}),"/d/quanzhou",1,0
' compile_object' in ' adm/single/master.c' ('   adm/single/master') /adm/single/master.c:41
arguments were ("/d/quanzhou")
locals were: adm/daemons/virtuald
' compile_object' in 'adm/daemons/virtuald.c' ('adm/daemons/virtuald') /adm/daemons/virtuald.c:35
arguments were ("/d/quanzhou")
locals were: ({ /* sizeof() == 2 */
  "d",
  "quanzhou"
}),"/d/quanzhou",1,0
' compile_object' in ' adm/single/master.c' ('   adm/single/master') /adm/single/master.c:41
arguments were ("/d/quanzhou")
locals were: adm/daemons/virtuald
' compile_object' in 'adm/daemons/virtuald.c' ('adm/daemons/virtuald') /adm/daemons/virtuald.c:35
arguments were ("/d/quanzhou")
locals were: ({ /* sizeof() == 2 */
  "d",
  "quanzhou"
}),"/d/quanzhou",1,0
' compile_object' in ' adm/single/master.c' ('   adm/single/master') /adm/single/master.c:41
arguments were ("/d/quanzhou")
locals were: adm/daemons/virtuald
' compile_object' in 'adm/daemons/virtuald.c' ('adm/daemons/virtuald') /adm/daemons/virtuald.c:35
arguments were ("/d/quanzhou")
locals were: ({ /* sizeof() == 2 */
  "d",
  "quanzhou"
}),"/d/quanzhou",1,0
' compile_object' in ' adm/single/master.c' ('   adm/single/master') /adm/single/master.c:41
arguments were ("/d/quanzhou")
locals were: adm/daemons/virtuald
' compile_object' in 'adm/daemons/virtuald.c' ('adm/daemons/virtuald') /adm/daemons/virtuald.c:35
arguments were ("/d/quanzhou")
locals were: ({ /* sizeof() == 2 */
  "d",
  "quanzhou"
}),"/d/quanzhou",1,0
' compile_object' in ' adm/single/master.c' ('   adm/single/master') /adm/single/master.c:41
arguments were ("/d/quanzhou")
locals were: adm/daemons/virtuald
' compile_object' in 'adm/daemons/virtuald.c' ('adm/daemons/virtuald') /adm/daemons/virtuald.c:25
arguments were ("/d/quanzhou")
locals were: ({ /* sizeof() == 2 */
  "d",
  "quanzhou"
}),"/d",0,0
'     valid_read' in ' adm/single/master.c' ('   adm/single/master') /adm/single/master.c:424
arguments were ("/d",adm/daemons/virtuald,"file_size")
locals were: adm/daemons/securityd
Heart beat in adm/daemons/quest/supply turned off.
Initializing internal tables....

<---侠客行: MudOs v22pre11 (by wwj,Jan  1 1999) startup on Microsoft Windows 98 at Sat Apr 12 17:51:12 2003

using config file: F:\hell\config.xkx
Can't find "mudos", ignoring old binaries.
Try invoking the driver using the full pathname.
System Error: init_addr_server: connect: WSAECONNREFUSED
]simul_efun loaded successfully.

Loading preloaded files ...
Initializations complete.

Accepting connections on port 5555.
Error in error handler: *Too deep recursion.
program: /adm/single/master.c, object: /adm/single/master, file: /adm/single/master.c:424
'     heart_beat' in 'adm/daemons/quest/shen.c' ('adm/daemons/quest/shen') /adm/daemons/quest/shen.c:37
arguments were ()
'    start_quest' in 'adm/daemons/quest/shen.c' ('adm/daemons/quest/shen') /adm/daemons/quest/shen.c:25
arguments were ()
locals were: clone/quest/shen#10,0,0
'     init_quest' in '  clone/quest/shen.c' (' clone/quest/shen#10') /clone/quest/shen.c:39
arguments were ()
locals were: 0,0,"苏州城",0,0,0
' compile_object' in ' adm/single/master.c' ('   adm/single/master') /adm/single/master.c:41
arguments were ("/kungfu/class/generate/shennpc")
locals were: adm/daemons/virtuald
' compile_object' in 'adm/daemons/virtuald.c' ('adm/daemons/virtuald') /adm/daemons/virtuald.c:35
arguments were ("/kungfu/class/generate/shennpc")
locals were: ({ /* sizeof() == 4 */
  "kungfu",
  "class",
  "generate",
  "shennpc"
}),"/kungfu/class/generate/shennpc",3,0
' compile_object' in ' adm/single/master.c' ('   adm/single/master') /adm/single/master.c:41
arguments were ("/kungfu/class/generate/shennpc")
locals were: adm/daemons/virtuald
' compile_object' in 'adm/daemons/virtuald.c' ('adm/daemons/virtuald') /adm/daemons/virtuald.c:35
arguments were ("/kungfu/class/generate/shennpc")
locals were: ({ /* sizeof() == 4 */
  "kungfu",
  "class",
  "generate",
  "shennpc"
}),"/kungfu/class/generate/shennpc",3,0
' compile_object' in ' adm/single/master.c' ('   adm/single/master') /adm/single/master.c:41
arguments were ("/kungfu/class/generate/shennpc")
locals were: adm/daemons/virtuald
' compile_object' in 'adm/daemons/virtuald.c' ('adm/daemons/virtuald') /adm/daemons/virtuald.c:35
arguments were ("/kungfu/class/generate/shennpc")
locals were: ({ /* sizeof() == 4 */
  "kungfu",
  "class",
  "generate",
  "shennpc"
}),"/kungfu/class/generate/shennpc",3,0
' compile_object' in ' adm/single/master.c' ('   adm/single/master') /adm/single/master.c:41
arguments were ("/kungfu/class/generate/shennpc")
locals were: adm/daemons/virtuald
' compile_object' in 'adm/daemons/virtuald.c' ('adm/daemons/virtuald') /adm/daemons/virtuald.c:35
arguments were ("/kungfu/class/generate/shennpc")
locals were: ({ /* sizeof() == 4 */
  "kungfu",
  "class",
  "generate",
  "shennpc"
}),"/kungfu/class/generate/shennpc",3,0
' compile_object' in ' adm/single/master.c' ('   adm/single/master') /adm/single/master.c:41
arguments were ("/kungfu/class/generate/shennpc")
locals were: adm/daemons/virtuald
' compile_object' in 'adm/daemons/virtuald.c' ('adm/daemons/virtuald') /adm/daemons/virtuald.c:35
arguments were ("/kungfu/class/generate/shennpc")
locals were: ({ /* sizeof() == 4 */
  "kungfu",
  "class",
  "generate",
  "shennpc"
}),"/kungfu/class/generate/shennpc",3,0
' compile_object' in ' adm/single/master.c' ('   adm/single/master') /adm/single/master.c:41
arguments were ("/kungfu/class/generate/shennpc")
locals were: adm/daemons/virtuald
' compile_object' in 'adm/daemons/virtuald.c' ('adm/daemons/virtuald') /adm/daemons/virtuald.c:35
arguments were ("/kungfu/class/generate/shennpc")
locals were: ({ /* sizeof() == 4 */
  "kungfu",
  "class",
  "generate",
  "shennpc"
}),"/kungfu/class/generate/shennpc",3,0
' compile_object' in ' adm/single/master.c' ('   adm/single/master') /adm/single/master.c:41
arguments were ("/kungfu/class/generate/shennpc")
locals were: adm/daemons/virtuald
' compile_object' in 'adm/daemons/virtuald.c' ('adm/daemons/virtuald') /adm/daemons/virtuald.c:35
arguments were ("/kungfu/class/generate/shennpc")
locals were: ({ /* sizeof() == 4 */
  "kungfu",
  "class",
  "generate",
  "shennpc"
}),"/kungfu/class/generate/shennpc",3,0
' compile_object' in ' adm/single/master.c' ('   adm/single/master') /adm/single/master.c:41
arguments were ("/kungfu/class/generate/shennpc")
locals were: adm/daemons/virtuald
' compile_object' in 'adm/daemons/virtuald.c' ('adm/daemons/virtuald') /adm/daemons/virtuald.c:35
arguments were ("/kungfu/class/generate/shennpc")
locals were: ({ /* sizeof() == 4 */
  "kungfu",
  "class",
  "generate",
  "shennpc"
}),"/kungfu/class/generate/shennpc",3,0
' compile_object' in ' adm/single/master.c' ('   adm/single/master') /adm/single/master.c:41
arguments were ("/kungfu/class/generate/shennpc")
locals were: adm/daemons/virtuald
' compile_object' in 'adm/daemons/virtuald.c' ('adm/daemons/virtuald') /adm/daemons/virtuald.c:35
arguments were ("/kungfu/class/generate/shennpc")
locals were: ({ /* sizeof() == 4 */
  "kungfu",
  "class",
  "generate",
  "shennpc"
}),"/kungfu/class/generate/shennpc",3,0
' compile_object' in ' adm/single/master.c' ('   adm/single/master') /adm/single/master.c:41
arguments were ("/kungfu/class/generate/shennpc")
locals were: adm/daemons/virtuald
' compile_object' in 'adm/daemons/virtuald.c' ('adm/daemons/virtuald') /adm/daemons/virtuald.c:35
arguments were ("/kungfu/class/generate/shennpc")
locals were: ({ /* sizeof() == 4 */
  "kungfu",
  "class",
  "generate",
  "shennpc"
}),"/kungfu/class/generate/shennpc",3,0
' compile_object' in ' adm/single/master.c' ('   adm/single/master') /adm/single/master.c:41
arguments were ("/kungfu/class/generate/shennpc")
locals were: adm/daemons/virtuald
' compile_object' in 'adm/daemons/virtuald.c' ('adm/daemons/virtuald') /adm/daemons/virtuald.c:35
arguments were ("/kungfu/class/generate/shennpc")
locals were: ({ /* sizeof() == 4 */
  "kungfu",
  "class",
  "generate",
  "shennpc"
}),"/kungfu/class/generate/shennpc",3,0
' compile_object' in ' adm/single/master.c' ('   adm/single/master') /adm/single/master.c:41
arguments were ("/kungfu/class/generate/shennpc")
locals were: adm/daemons/virtuald
' compile_object' in 'adm/daemons/virtuald.c' ('adm/daemons/virtuald') /adm/daemons/virtuald.c:35
arguments were ("/kungfu/class/generate/shennpc")
locals were: ({ /* sizeof() == 4 */
  "kungfu",
  "class",
  "generate",
  "shennpc"
}),"/kungfu/class/generate/shennpc",3,0
' compile_object' in ' adm/single/master.c' ('   adm/single/master') /adm/single/master.c:41
arguments were ("/kungfu/class/generate/shennpc")
locals were: adm/daemons/virtuald
' compile_object' in 'adm/daemons/virtuald.c' ('adm/daemons/virtuald') /adm/daemons/virtuald.c:35
arguments were ("/kungfu/class/generate/shennpc")
locals were: ({ /* sizeof() == 4 */
  "kungfu",
  "class",
  "generate",
  "shennpc"
}),"/kungfu/class/generate/shennpc",3,0
' compile_object' in ' adm/single/master.c' ('   adm/single/master') /adm/single/master.c:41
arguments were ("/kungfu/class/generate/shennpc")
locals were: adm/daemons/virtuald
' compile_object' in 'adm/daemons/virtuald.c' ('adm/daemons/virtuald') /adm/daemons/virtuald.c:35
arguments were ("/kungfu/class/generate/shennpc")
locals were: ({ /* sizeof() == 4 */
  "kungfu",
  "class",
  "generate",
  "shennpc"
}),"/kungfu/class/generate/shennpc",3,0
' compile_object' in ' adm/single/master.c' ('   adm/single/master') /adm/single/master.c:41
arguments were ("/kungfu/class/generate/shennpc")
locals were: adm/daemons/virtuald
' compile_object' in 'adm/daemons/virtuald.c' ('adm/daemons/virtuald') /adm/daemons/virtuald.c:35
arguments were ("/kungfu/class/generate/shennpc")
locals were: ({ /* sizeof() == 4 */
  "kungfu",
  "class",
  "generate",
  "shennpc"
}),"/kungfu/class/generate/shennpc",3,0
' compile_object' in ' adm/single/master.c' ('   adm/single/master') /adm/single/master.c:41
arguments were ("/kungfu/class/generate/shennpc")
locals were: adm/daemons/virtuald
' compile_object' in 'adm/daemons/virtuald.c' ('adm/daemons/virtuald') /adm/daemons/virtuald.c:35
arguments were ("/kungfu/class/generate/shennpc")
locals were: ({ /* sizeof() == 4 */
  "kungfu",
  "class",
  "generate",
  "shennpc"
}),"/kungfu/class/generate/shennpc",3,0
' compile_object' in ' adm/single/master.c' ('   adm/single/master') /adm/single/master.c:41
arguments were ("/kungfu/class/generate/shennpc")
locals were: adm/daemons/virtuald
' compile_object' in 'adm/daemons/virtuald.c' ('adm/daemons/virtuald') /adm/daemons/virtuald.c:35
arguments were ("/kungfu/class/generate/shennpc")
locals were: ({ /* sizeof() == 4 */
  "kungfu",
  "class",
  "generate",
  "shennpc"
}),"/kungfu/class/generate/shennpc",3,0
' compile_object' in ' adm/single/master.c' ('   adm/single/master') /adm/single/master.c:41
arguments were ("/kungfu/class/generate/shennpc")
locals were: adm/daemons/virtuald
' compile_object' in 'adm/daemons/virtuald.c' ('adm/daemons/virtuald') /adm/daemons/virtuald.c:35
arguments were ("/kungfu/class/generate/shennpc")
locals were: ({ /* sizeof() == 4 */
  "kungfu",
  "class",
  "generate",
  "shennpc"
}),"/kungfu/class/generate/shennpc",3,0
' compile_object' in ' adm/single/master.c' ('   adm/single/master') /adm/single/master.c:41
arguments were ("/kungfu/class/generate/shennpc")
locals were: adm/daemons/virtuald
' compile_object' in 'adm/daemons/virtuald.c' ('adm/daemons/virtuald') /adm/daemons/virtuald.c:35
arguments were ("/kungfu/class/generate/shennpc")
locals were: ({ /* sizeof() == 4 */
  "kungfu",
  "class",
  "generate",
  "shennpc"
}),"/kungfu/class/generate/shennpc",3,0
' compile_object' in ' adm/single/master.c' ('   adm/single/master') /adm/single/master.c:41
arguments were ("/kungfu/class/generate/shennpc")
locals were: adm/daemons/virtuald
' compile_object' in 'adm/daemons/virtuald.c' ('adm/daemons/virtuald') /adm/daemons/virtuald.c:35
arguments were ("/kungfu/class/generate/shennpc")
locals were: ({ /* sizeof() == 4 */
  "kungfu",
  "class",
  "generate",
  "shennpc"
}),"/kungfu/class/generate/shennpc",3,0
' compile_object' in ' adm/single/master.c' ('   adm/single/master') /adm/single/master.c:41
arguments were ("/kungfu/class/generate/shennpc")
locals were: adm/daemons/virtuald
' compile_object' in 'adm/daemons/virtuald.c' ('adm/daemons/virtuald') /adm/daemons/virtuald.c:35
arguments were ("/kungfu/class/generate/shennpc")
locals were: ({ /* sizeof() == 4 */
  "kungfu",
  "class",
  "generate",
  "shennpc"
}),"/kungfu/class/generate/shennpc",3,0
' compile_object' in ' adm/single/master.c' ('   adm/single/master') /adm/single/master.c:41
arguments were ("/kungfu/class/generate/shennpc")
locals were: adm/daemons/virtuald
' compile_object' in 'adm/daemons/virtuald.c' ('adm/daemons/virtuald') /adm/daemons/virtuald.c:35
arguments were ("/kungfu/class/generate/shennpc")
locals were: ({ /* sizeof() == 4 */
  "kungfu",
  "class",
  "generate",
  "shennpc"
}),"/kungfu/class/generate/shennpc",3,0
' compile_object' in ' adm/single/master.c' ('   adm/single/master') /adm/single/master.c:41
arguments were ("/kungfu/class/generate/shennpc")
locals were: adm/daemons/virtuald
' compile_object' in 'adm/daemons/virtuald.c' ('adm/daemons/virtuald') /adm/daemons/virtuald.c:25
arguments were ("/kungfu/class/generate/shennpc")
locals were: ({ /* sizeof() == 4 */
  "kungfu",
  "class",
  "generate",
  "shennpc"
}),"/kungfu",0,0
'     valid_read' in ' adm/single/master.c' ('   adm/single/master') /adm/single/master.c:424
arguments were ("/kungfu",adm/daemons/virtuald,"file_size")
locals were: adm/daemons/securityd
Heart beat in adm/daemons/quest/shen turned off.
Error in error handler: *Too deep recursion.
program: /adm/single/master.c, object: /adm/single/master, file: /adm/single/master.c:424
'     heart_beat' in 'adm/daemons/quest/judge.c' ('adm/daemons/quest/judge') /adm/daemons/quest/judge.c:35
arguments were ()
'    start_quest' in 'adm/daemons/quest/judge.c' ('adm/daemons/quest/judge') /adm/daemons/quest/judge.c:23
arguments were ()
locals were: clone/quest/judge#17
'     init_quest' in ' clone/quest/judge.c' ('clone/quest/judge#17') /clone/quest/judge.c:40
arguments were ()
locals were: 0,"南海一带",0,0,0
' compile_object' in ' adm/single/master.c' ('   adm/single/master') /adm/single/master.c:41
arguments were ("/kungfu/class/generate/questnpc")
locals were: adm/daemons/virtuald
' compile_object' in 'adm/daemons/virtuald.c' ('adm/daemons/virtuald') /adm/daemons/virtuald.c:35
arguments were ("/kungfu/class/generate/questnpc")
locals were: ({ /* sizeof() == 4 */
  "kungfu",
  "class",
  "generate",
  "questnpc"
}),"/kungfu/class/generate/questnpc",3,0
' compile_object' in ' adm/single/master.c' ('   adm/single/master') /adm/single/master.c:41
arguments were ("/kungfu/class/generate/questnpc")
locals were: adm/daemons/virtuald
' compile_object' in 'adm/daemons/virtuald.c' ('adm/daemons/virtuald') /adm/daemons/virtuald.c:35
arguments were ("/kungfu/class/generate/questnpc")
locals were: ({ /* sizeof() == 4 */
  "kungfu",
  "class",
  "generate",
  "questnpc"
}),"/kungfu/class/generate/questnpc",3,0
' compile_object' in ' adm/single/master.c' ('   adm/single/master') /adm/single/master.c:41
arguments were ("/kungfu/class/generate/questnpc")
locals were: adm/daemons/virtuald
' compile_object' in 'adm/daemons/virtuald.c' ('adm/daemons/virtuald') /adm/daemons/virtuald.c:35
arguments were ("/kungfu/class/generate/questnpc")
locals were: ({ /* sizeof() == 4 */
  "kungfu",
  "class",
  "generate",
  "questnpc"
}),"/kungfu/class/generate/questnpc",3,0
' compile_object' in ' adm/single/master.c' ('   adm/single/master') /adm/single/master.c:41
arguments were ("/kungfu/class/generate/questnpc")
locals were: adm/daemons/virtuald
' compile_object' in 'adm/daemons/virtuald.c' ('adm/daemons/virtuald') /adm/daemons/virtuald.c:35
arguments were ("/kungfu/class/generate/questnpc")
locals were: ({ /* sizeof() == 4 */
  "kungfu",
  "class",
  "generate",
  "questnpc"
}),"/kungfu/class/generate/questnpc",3,0
' compile_object' in ' adm/single/master.c' ('   adm/single/master') /adm/single/master.c:41
arguments were ("/kungfu/class/generate/questnpc")
locals were: adm/daemons/virtuald
' compile_object' in 'adm/daemons/virtuald.c' ('adm/daemons/virtuald') /adm/daemons/virtuald.c:35
arguments were ("/kungfu/class/generate/questnpc")
locals were: ({ /* sizeof() == 4 */
  "kungfu",
  "class",
  "generate",
  "questnpc"
}),"/kungfu/class/generate/questnpc",3,0
' compile_object' in ' adm/single/master.c' ('   adm/single/master') /adm/single/master.c:41
arguments were ("/kungfu/class/generate/questnpc")
locals were: adm/daemons/virtuald
' compile_object' in 'adm/daemons/virtuald.c' ('adm/daemons/virtuald') /adm/daemons/virtuald.c:35
arguments were ("/kungfu/class/generate/questnpc")
locals were: ({ /* sizeof() == 4 */
  "kungfu",
  "class",
  "generate",
  "questnpc"
}),"/kungfu/class/generate/questnpc",3,0
' compile_object' in ' adm/single/master.c' ('   adm/single/master') /adm/single/master.c:41
arguments were ("/kungfu/class/generate/questnpc")
locals were: adm/daemons/virtuald
' compile_object' in 'adm/daemons/virtuald.c' ('adm/daemons/virtuald') /adm/daemons/virtuald.c:35
arguments were ("/kungfu/class/generate/questnpc")
locals were: ({ /* sizeof() == 4 */
  "kungfu",
  "class",
  "generate",
  "questnpc"
}),"/kungfu/class/generate/questnpc",3,0
' compile_object' in ' adm/single/master.c' ('   adm/single/master') /adm/single/master.c:41
arguments were ("/kungfu/class/generate/questnpc")
locals were: adm/daemons/virtuald
' compile_object' in 'adm/daemons/virtuald.c' ('adm/daemons/virtuald') /adm/daemons/virtuald.c:35
arguments were ("/kungfu/class/generate/questnpc")
locals were: ({ /* sizeof() == 4 */
  "kungfu",
  "class",
  "generate",
  "questnpc"
}),"/kungfu/class/generate/questnpc",3,0
' compile_object' in ' adm/single/master.c' ('   adm/single/master') /adm/single/master.c:41
arguments were ("/kungfu/class/generate/questnpc")
locals were: adm/daemons/virtuald
' compile_object' in 'adm/daemons/virtuald.c' ('adm/daemons/virtuald') /adm/daemons/virtuald.c:35
arguments were ("/kungfu/class/generate/questnpc")
locals were: ({ /* sizeof() == 4 */
  "kungfu",
  "class",
  "generate",
  "questnpc"
}),"/kungfu/class/generate/questnpc",3,0
' compile_object' in ' adm/single/master.c' ('   adm/single/master') /adm/single/master.c:41
arguments were ("/kungfu/class/generate/questnpc")
locals were: adm/daemons/virtuald
' compile_object' in 'adm/daemons/virtuald.c' ('adm/daemons/virtuald') /adm/daemons/virtuald.c:35
arguments were ("/kungfu/class/generate/questnpc")
locals were: ({ /* sizeof() == 4 */
  "kungfu",
  "class",
  "generate",
  "questnpc"
}),"/kungfu/class/generate/questnpc",3,0
' compile_object' in ' adm/single/master.c' ('   adm/single/master') /adm/single/master.c:41
arguments were ("/kungfu/class/generate/questnpc")
locals were: adm/daemons/virtuald
' compile_object' in 'adm/daemons/virtuald.c' ('adm/daemons/virtuald') /adm/daemons/virtuald.c:35
arguments were ("/kungfu/class/generate/questnpc")
locals were: ({ /* sizeof() == 4 */
  "kungfu",
  "class",
  "generate",
  "questnpc"
}),"/kungfu/class/generate/questnpc",3,0
' compile_object' in ' adm/single/master.c' ('   adm/single/master') /adm/single/master.c:41
arguments were ("/kungfu/class/generate/questnpc")
locals were: adm/daemons/virtuald
' compile_object' in 'adm/daemons/virtuald.c' ('adm/daemons/virtuald') /adm/daemons/virtuald.c:35
arguments were ("/kungfu/class/generate/questnpc")
locals were: ({ /* sizeof() == 4 */
  "kungfu",
  "class",
  "generate",
  "questnpc"
}),"/kungfu/class/generate/questnpc",3,0
' compile_object' in ' adm/single/master.c' ('   adm/single/master') /adm/single/master.c:41
arguments were ("/kungfu/class/generate/questnpc")
locals were: adm/daemons/virtuald
' compile_object' in 'adm/daemons/virtuald.c' ('adm/daemons/virtuald') /adm/daemons/virtuald.c:35
arguments were ("/kungfu/class/generate/questnpc")
locals were: ({ /* sizeof() == 4 */
  "kungfu",
  "class",
  "generate",
  "questnpc"
}),"/kungfu/class/generate/questnpc",3,0
' compile_object' in ' adm/single/master.c' ('   adm/single/master') /adm/single/master.c:41
arguments were ("/kungfu/class/generate/questnpc")
locals were: adm/daemons/virtuald
' compile_object' in 'adm/daemons/virtuald.c' ('adm/daemons/virtuald') /adm/daemons/virtuald.c:35
arguments were ("/kungfu/class/generate/questnpc")
locals were: ({ /* sizeof() == 4 */
  "kungfu",
  "class",
  "generate",
  "questnpc"
}),"/kungfu/class/generate/questnpc",3,0
' compile_object' in ' adm/single/master.c' ('   adm/single/master') /adm/single/master.c:41
arguments were ("/kungfu/class/generate/questnpc")
locals were: adm/daemons/virtuald
' compile_object' in 'adm/daemons/virtuald.c' ('adm/daemons/virtuald') /adm/daemons/virtuald.c:35
arguments were ("/kungfu/class/generate/questnpc")
locals were: ({ /* sizeof() == 4 */
  "kungfu",
  "class",
  "generate",
  "questnpc"
}),"/kungfu/class/generate/questnpc",3,0
' compile_object' in ' adm/single/master.c' ('   adm/single/master') /adm/single/master.c:41
arguments were ("/kungfu/class/generate/questnpc")
locals were: adm/daemons/virtuald
' compile_object' in 'adm/daemons/virtuald.c' ('adm/daemons/virtuald') /adm/daemons/virtuald.c:35
arguments were ("/kungfu/class/generate/questnpc")
locals were: ({ /* sizeof() == 4 */
  "kungfu",
  "class",
  "generate",
  "questnpc"
}),"/kungfu/class/generate/questnpc",3,0
' compile_object' in ' adm/single/master.c' ('   adm/single/master') /adm/single/master.c:41
arguments were ("/kungfu/class/generate/questnpc")
locals were: adm/daemons/virtuald
' compile_object' in 'adm/daemons/virtuald.c' ('adm/daemons/virtuald') /adm/daemons/virtuald.c:35
arguments were ("/kungfu/class/generate/questnpc")
locals were: ({ /* sizeof() == 4 */
  "kungfu",
  "class",
  "generate",
  "questnpc"
}),"/kungfu/class/generate/questnpc",3,0
' compile_object' in ' adm/single/master.c' ('   adm/single/master') /adm/single/master.c:41
arguments were ("/kungfu/class/generate/questnpc")
locals were: adm/daemons/virtuald
' compile_object' in 'adm/daemons/virtuald.c' ('adm/daemons/virtuald') /adm/daemons/virtuald.c:35
arguments were ("/kungfu/class/generate/questnpc")
locals were: ({ /* sizeof() == 4 */
  "kungfu",
  "class",
  "generate",
  "questnpc"
}),"/kungfu/class/generate/questnpc",3,0
' compile_object' in ' adm/single/master.c' ('   adm/single/master') /adm/single/master.c:41
arguments were ("/kungfu/class/generate/questnpc")
locals were: adm/daemons/virtuald
' compile_object' in 'adm/daemons/virtuald.c' ('adm/daemons/virtuald') /adm/daemons/virtuald.c:35
arguments were ("/kungfu/class/generate/questnpc")
locals were: ({ /* sizeof() == 4 */
  "kungfu",
  "class",
  "generate",
  "questnpc"
}),"/kungfu/class/generate/questnpc",3,0
' compile_object' in ' adm/single/master.c' ('   adm/single/master') /adm/single/master.c:41
arguments were ("/kungfu/class/generate/questnpc")
locals were: adm/daemons/virtuald
' compile_object' in 'adm/daemons/virtuald.c' ('adm/daemons/virtuald') /adm/daemons/virtuald.c:35
arguments were ("/kungfu/class/generate/questnpc")
locals were: ({ /* sizeof() == 4 */
  "kungfu",
  "class",
  "generate",
  "questnpc"
}),"/kungfu/class/generate/questnpc",3,0
' compile_object' in ' adm/single/master.c' ('   adm/single/master') /adm/single/master.c:41
arguments were ("/kungfu/class/generate/questnpc")
locals were: adm/daemons/virtuald
' compile_object' in 'adm/daemons/virtuald.c' ('adm/daemons/virtuald') /adm/daemons/virtuald.c:35
arguments were ("/kungfu/class/generate/questnpc")
locals were: ({ /* sizeof() == 4 */
  "kungfu",
  "class",
  "generate",
  "questnpc"
}),"/kungfu/class/generate/questnpc",3,0
' compile_object' in ' adm/single/master.c' ('   adm/single/master') /adm/single/master.c:41
arguments were ("/kungfu/class/generate/questnpc")
locals were: adm/daemons/virtuald
' compile_object' in 'adm/daemons/virtuald.c' ('adm/daemons/virtuald') /adm/daemons/virtuald.c:35
arguments were ("/kungfu/class/generate/questnpc")
locals were: ({ /* sizeof() == 4 */
  "kungfu",
  "class",
  "generate",
  "questnpc"
}),"/kungfu/class/generate/questnpc",3,0
' compile_object' in ' adm/single/master.c' ('   adm/single/master') /adm/single/master.c:41
arguments were ("/kungfu/class/generate/questnpc")
locals were: adm/daemons/virtuald
' compile_object' in 'adm/daemons/virtuald.c' ('adm/daemons/virtuald') /adm/daemons/virtuald.c:25
arguments were ("/kungfu/class/generate/questnpc")
locals were: ({ /* sizeof() == 4 */
  "kungfu",
  "class",
  "generate",
  "questnpc"
}),"/kungfu",0,0
'     valid_read' in ' adm/single/master.c' ('   adm/single/master') /adm/single/master.c:424
arguments were ("/kungfu",adm/daemons/virtuald,"file_size")
locals were: adm/daemons/securityd
Heart beat in adm/daemons/quest/judge turned off.
Error in error handler: *Too deep recursion.
program: /adm/single/master.c, object: /adm/single/master, file: /adm/single/master.c:424
'     heart_beat' in 'adm/daemons/quest/search.c' ('adm/daemons/quest/search') /adm/daemons/quest/search.c:66
arguments were ()
'    start_quest' in 'adm/daemons/quest/search.c' ('adm/daemons/quest/search') /adm/daemons/quest/search.c:53
arguments were ()
locals were: clone/quest/search#30,"/clone/questob/tiegy",({ /* sizeof() == 19 */
  "/clone/questob/baijinhe",
  "/clone/questob/baiyubi",
  "/clone/questob/jingua",
  "/clone/questob/jinhulu",
  "/clone/questob/jlhua",
  "/clone/questob/jxshi",
  "/clone/questob/qkmao",
  "/clone/questob/qtding",
  "/clone/questob/sjping",
  "/clone/questob/tiegy",
  "/clone/questob/tieruyi",
  "/clone/questob/tongxq",
  "/clone/questob/ygbei",
  "/clone/questob/ylhua",
  "/clone/questob/yudai",
  "/clone/questob/yuhulu",
  "/clone/questob/yuping",
  "/clone/questob/zijinchui",
  "/clone/questob/zysha"
})
'     init_quest' in 'clone/quest/search.c' ('clone/quest/search#30') /clone/quest/search.c:64
arguments were ("/clone/questob/tiegy")
locals were: "寻找铁观音",clone/questob/tiegy,"佛山一带","终南山",0,0,0
' compile_object' in ' adm/single/master.c' ('   adm/single/master') /adm/single/master.c:41
arguments were ("/kungfu/class/generate/questnpc")
locals were: adm/daemons/virtuald
' compile_object' in 'adm/daemons/virtuald.c' ('adm/daemons/virtuald') /adm/daemons/virtuald.c:35
arguments were ("/kungfu/class/generate/questnpc")
locals were: ({ /* sizeof() == 4 */
  "kungfu",
  "class",
  "generate",
  "questnpc"
}),"/kungfu/class/generate/questnpc",3,0
' compile_object' in ' adm/single/master.c' ('   adm/single/master') /adm/single/master.c:41
arguments were ("/kungfu/class/generate/questnpc")
locals were: adm/daemons/virtuald
' compile_object' in 'adm/daemons/virtuald.c' ('adm/daemons/virtuald') /adm/daemons/virtuald.c:35
arguments were ("/kungfu/class/generate/questnpc")
locals were: ({ /* sizeof() == 4 */
  "kungfu",
  "class",
  "generate",
  "questnpc"
}),"/kungfu/class/generate/questnpc",3,0
' compile_object' in ' adm/single/master.c' ('   adm/single/master') /adm/single/master.c:41
arguments were ("/kungfu/class/generate/questnpc")
locals were: adm/daemons/virtuald
' compile_object' in 'adm/daemons/virtuald.c' ('adm/daemons/virtuald') /adm/daemons/virtuald.c:35
arguments were ("/kungfu/class/generate/questnpc")
locals were: ({ /* sizeof() == 4 */
  "kungfu",
  "class",
  "generate",
  "questnpc"
}),"/kungfu/class/generate/questnpc",3,0
' compile_object' in ' adm/single/master.c' ('   adm/single/master') /adm/single/master.c:41
arguments were ("/kungfu/class/generate/questnpc")
locals were: adm/daemons/virtuald
' compile_object' in 'adm/daemons/virtuald.c' ('adm/daemons/virtuald') /adm/daemons/virtuald.c:35
arguments were ("/kungfu/class/generate/questnpc")
locals were: ({ /* sizeof() == 4 */
  "kungfu",
  "class",
  "generate",
  "questnpc"
}),"/kungfu/class/generate/questnpc",3,0
' compile_object' in ' adm/single/master.c' ('   adm/single/master') /adm/single/master.c:41
arguments were ("/kungfu/class/generate/questnpc")
locals were: adm/daemons/virtuald
' compile_object' in 'adm/daemons/virtuald.c' ('adm/daemons/virtuald') /adm/daemons/virtuald.c:35
arguments were ("/kungfu/class/generate/questnpc")
locals were: ({ /* sizeof() == 4 */
  "kungfu",
  "class",
  "generate",
  "questnpc"
}),"/kungfu/class/generate/questnpc",3,0
' compile_object' in ' adm/single/master.c' ('   adm/single/master') /adm/single/master.c:41
arguments were ("/kungfu/class/generate/questnpc")
locals were: adm/daemons/virtuald
' compile_object' in 'adm/daemons/virtuald.c' ('adm/daemons/virtuald') /adm/daemons/virtuald.c:35
arguments were ("/kungfu/class/generate/questnpc")
locals were: ({ /* sizeof() == 4 */
  "kungfu",
  "class",
  "generate",
  "questnpc"
}),"/kungfu/class/generate/questnpc",3,0
' compile_object' in ' adm/single/master.c' ('   adm/single/master') /adm/single/master.c:41
arguments were ("/kungfu/class/generate/questnpc")
locals were: adm/daemons/virtuald
' compile_object' in 'adm/daemons/virtuald.c' ('adm/daemons/virtuald') /adm/daemons/virtuald.c:35
arguments were ("/kungfu/class/generate/questnpc")
locals were: ({ /* sizeof() == 4 */
  "kungfu",
  "class",
  "generate",
  "questnpc"
}),"/kungfu/class/generate/questnpc",3,0
' compile_object' in ' adm/single/master.c' ('   adm/single/master') /adm/single/master.c:41
arguments were ("/kungfu/class/generate/questnpc")
locals were: adm/daemons/virtuald
' compile_object' in 'adm/daemons/virtuald.c' ('adm/daemons/virtuald') /adm/daemons/virtuald.c:35
arguments were ("/kungfu/class/generate/questnpc")
locals were: ({ /* sizeof() == 4 */
  "kungfu",
  "class",
  "generate",
  "questnpc"
}),"/kungfu/class/generate/questnpc",3,0
' compile_object' in ' adm/single/master.c' ('   adm/single/master') /adm/single/master.c:41
arguments were ("/kungfu/class/generate/questnpc")
locals were: adm/daemons/virtuald
' compile_object' in 'adm/daemons/virtuald.c' ('adm/daemons/virtuald') /adm/daemons/virtuald.c:35
arguments were ("/kungfu/class/generate/questnpc")
locals were: ({ /* sizeof() == 4 */
  "kungfu",
  "class",
  "generate",
  "questnpc"
}),"/kungfu/class/generate/questnpc",3,0
' compile_object' in ' adm/single/master.c' ('   adm/single/master') /adm/single/master.c:41
arguments were ("/kungfu/class/generate/questnpc")
locals were: adm/daemons/virtuald
' compile_object' in 'adm/daemons/virtuald.c' ('adm/daemons/virtuald') /adm/daemons/virtuald.c:35
arguments were ("/kungfu/class/generate/questnpc")
locals were: ({ /* sizeof() == 4 */
  "kungfu",
  "class",
  "generate",
  "questnpc"
}),"/kungfu/class/generate/questnpc",3,0
' compile_object' in ' adm/single/master.c' ('   adm/single/master') /adm/single/master.c:41
arguments were ("/kungfu/class/generate/questnpc")
locals were: adm/daemons/virtuald
' compile_object' in 'adm/daemons/virtuald.c' ('adm/daemons/virtuald') /adm/daemons/virtuald.c:35
arguments were ("/kungfu/class/generate/questnpc")
locals were: ({ /* sizeof() == 4 */
  "kungfu",
  "class",
  "generate",
  "questnpc"
}),"/kungfu/class/generate/questnpc",3,0
' compile_object' in ' adm/single/master.c' ('   adm/single/master') /adm/single/master.c:41
arguments were ("/kungfu/class/generate/questnpc")
locals were: adm/daemons/virtuald
' compile_object' in 'adm/daemons/virtuald.c' ('adm/daemons/virtuald') /adm/daemons/virtuald.c:35
arguments were ("/kungfu/class/generate/questnpc")
locals were: ({ /* sizeof() == 4 */
  "kungfu",
  "class",
  "generate",
  "questnpc"
}),"/kungfu/class/generate/questnpc",3,0
' compile_object' in ' adm/single/master.c' ('   adm/single/master') /adm/single/master.c:41
arguments were ("/kungfu/class/generate/questnpc")
locals were: adm/daemons/virtuald
' compile_object' in 'adm/daemons/virtuald.c' ('adm/daemons/virtuald') /adm/daemons/virtuald.c:35
arguments were ("/kungfu/class/generate/questnpc")
locals were: ({ /* sizeof() == 4 */
  "kungfu",
  "class",
  "generate",
  "questnpc"
}),"/kungfu/class/generate/questnpc",3,0
' compile_object' in ' adm/single/master.c' ('   adm/single/master') /adm/single/master.c:41
arguments were ("/kungfu/class/generate/questnpc")
locals were: adm/daemons/virtuald
' compile_object' in 'adm/daemons/virtuald.c' ('adm/daemons/virtuald') /adm/daemons/virtuald.c:35
arguments were ("/kungfu/class/generate/questnpc")
locals were: ({ /* sizeof() == 4 */
  "kungfu",
  "class",
  "generate",
  "questnpc"
}),"/kungfu/class/generate/questnpc",3,0
' compile_object' in ' adm/single/master.c' ('   adm/single/master') /adm/single/master.c:41
arguments were ("/kungfu/class/generate/questnpc")
locals were: adm/daemons/virtuald
' compile_object' in 'adm/daemons/virtuald.c' ('adm/daemons/virtuald') /adm/daemons/virtuald.c:35
arguments were ("/kungfu/class/generate/questnpc")
locals were: ({ /* sizeof() == 4 */
  "kungfu",
  "class",
  "generate",
  "questnpc"
}),"/kungfu/class/generate/questnpc",3,0
' compile_object' in ' adm/single/master.c' ('   adm/single/master') /adm/single/master.c:41
arguments were ("/kungfu/class/generate/questnpc")
locals were: adm/daemons/virtuald
' compile_object' in 'adm/daemons/virtuald.c' ('adm/daemons/virtuald') /adm/daemons/virtuald.c:35
arguments were ("/kungfu/class/generate/questnpc")
locals were: ({ /* sizeof() == 4 */
  "kungfu",
  "class",
  "generate",
  "questnpc"
}),"/kungfu/class/generate/questnpc",3,0
' compile_object' in ' adm/single/master.c' ('   adm/single/master') /adm/single/master.c:41
arguments were ("/kungfu/class/generate/questnpc")
locals were: adm/daemons/virtuald
' compile_object' in 'adm/daemons/virtuald.c' ('adm/daemons/virtuald') /adm/daemons/virtuald.c:35
arguments were ("/kungfu/class/generate/questnpc")
locals were: ({ /* sizeof() == 4 */
  "kungfu",
  "class",
  "generate",
  "questnpc"
}),"/kungfu/class/generate/questnpc",3,0
' compile_object' in ' adm/single/master.c' ('   adm/single/master') /adm/single/master.c:41
arguments were ("/kungfu/class/generate/questnpc")
locals were: adm/daemons/virtuald
' compile_object' in 'adm/daemons/virtuald.c' ('adm/daemons/virtuald') /adm/daemons/virtuald.c:35
arguments were ("/kungfu/class/generate/questnpc")
locals were: ({ /* sizeof() == 4 */
  "kungfu",
  "class",
  "generate",
  "questnpc"
}),"/kungfu/class/generate/questnpc",3,0
' compile_object' in ' adm/single/master.c' ('   adm/single/master') /adm/single/master.c:41
arguments were ("/kungfu/class/generate/questnpc")
locals were: adm/daemons/virtuald
' compile_object' in 'adm/daemons/virtuald.c' ('adm/daemons/virtuald') /adm/daemons/virtuald.c:35
arguments were ("/kungfu/class/generate/questnpc")
locals were: ({ /* sizeof() == 4 */
  "kungfu",
  "class",
  "generate",
  "questnpc"
}),"/kungfu/class/generate/questnpc",3,0
' compile_object' in ' adm/single/master.c' ('   adm/single/master') /adm/single/master.c:41
arguments were ("/kungfu/class/generate/questnpc")
locals were: adm/daemons/virtuald
' compile_object' in 'adm/daemons/virtuald.c' ('adm/daemons/virtuald') /adm/daemons/virtuald.c:35
arguments were ("/kungfu/class/generate/questnpc")
locals were: ({ /* sizeof() == 4 */
  "kungfu",
  "class",
  "generate",
  "questnpc"
}),"/kungfu/class/generate/questnpc",3,0
' compile_object' in ' adm/single/master.c' ('   adm/single/master') /adm/single/master.c:41
arguments were ("/kungfu/class/generate/questnpc")
locals were: adm/daemons/virtuald
' compile_object' in 'adm/daemons/virtuald.c' ('adm/daemons/virtuald') /adm/daemons/virtuald.c:35
arguments were ("/kungfu/class/generate/questnpc")
locals were: ({ /* sizeof() == 4 */
  "kungfu",
  "class",
  "generate",
  "questnpc"
}),"/kungfu/class/generate/questnpc",3,0
' compile_object' in ' adm/single/master.c' ('   adm/single/master') /adm/single/master.c:41
arguments were ("/kungfu/class/generate/questnpc")
locals were: adm/daemons/virtuald
' compile_object' in 'adm/daemons/virtuald.c' ('adm/daemons/virtuald') /adm/daemons/virtuald.c:35
arguments were ("/kungfu/class/generate/questnpc")
locals were: ({ /* sizeof() == 4 */
  "kungfu",
  "class",
  "generate",
  "questnpc"
}),"/kungfu/class/generate/questnpc",3,0
' compile_object' in ' adm/single/master.c' ('   adm/single/master') /adm/single/master.c:41
arguments were ("/kungfu/class/generate/questnpc")
locals were: adm/daemons/virtuald
' compile_object' in 'adm/daemons/virtuald.c' ('adm/daemons/virtuald') /adm/daemons/virtuald.c:25
arguments were ("/kungfu/class/generate/questnpc")
locals were: ({ /* sizeof() == 4 */
  "kungfu",
  "class",
  "generate",
  "questnpc"
}),"/kungfu",0,0
'     valid_read' in ' adm/single/master.c' ('   adm/single/master') /adm/single/master.c:424
arguments were ("/kungfu",adm/daemons/virtuald,"file_size")
locals were: adm/daemons/securityd
Heart beat in adm/daemons/quest/search turned off.
Error in error handler: *Too deep recursion.
program: /adm/single/master.c, object: /adm/single/master, file: /adm/single/master.c:424
'     heart_beat' in 'adm/daemons/quest/search.c' ('adm/daemons/quest/search') /adm/daemons/quest/search.c:66
arguments were ()
'    start_quest' in 'adm/daemons/quest/search.c' ('adm/daemons/quest/search') /adm/daemons/quest/search.c:53
arguments were ()
locals were: clone/quest/search#173,"/clone/questob/baiyubi",({ /* sizeof() == 19 */
  "/clone/questob/baijinhe",
  "/clone/questob/baiyubi",
  "/clone/questob/jingua",
  "/clone/questob/jinhulu",
  "/clone/questob/jlhua",
  "/clone/questob/jxshi",
  "/clone/questob/qkmao",
  "/clone/questob/qtding",
  "/clone/questob/sjping",
  "/clone/questob/tiegy",
  "/clone/questob/tieruyi",
  "/clone/questob/tongxq",
  "/clone/questob/ygbei",
  "/clone/questob/ylhua",
  "/clone/questob/yudai",
  "/clone/questob/yuhulu",
  "/clone/questob/yuping",
  "/clone/questob/zijinchui",
  "/clone/questob/zysha"
})
'     init_quest' in 'clone/quest/search.c' ('clone/quest/search#173') /clone/quest/search.c:64
arguments were ("/clone/questob/baiyubi")
locals were: "寻找白玉笔",clone/questob/baiyubi,"终南山","扬州城",0,0,0
' compile_object' in ' adm/single/master.c' ('   adm/single/master') /adm/single/master.c:41
arguments were ("/kungfu/class/generate/questnpc")
locals were: adm/daemons/virtuald
' compile_object' in 'adm/daemons/virtuald.c' ('adm/daemons/virtuald') /adm/daemons/virtuald.c:35
arguments were ("/kungfu/class/generate/questnpc")
locals were: ({ /* sizeof() == 4 */
  "kungfu",
  "class",
  "generate",
  "questnpc"
}),"/kungfu/class/generate/questnpc",3,0
' compile_object' in ' adm/single/master.c' ('   adm/single/master') /adm/single/master.c:41
arguments were ("/kungfu/class/generate/questnpc")
locals were: adm/daemons/virtuald
' compile_object' in 'adm/daemons/virtuald.c' ('adm/daemons/virtuald') /adm/daemons/virtuald.c:35
arguments were ("/kungfu/class/generate/questnpc")
locals were: ({ /* sizeof() == 4 */
  "kungfu",
  "class",
  "generate",
  "questnpc"
}),"/kungfu/class/generate/questnpc",3,0
' compile_object' in ' adm/single/master.c' ('   adm/single/master') /adm/single/master.c:41
arguments were ("/kungfu/class/generate/questnpc")
locals were: adm/daemons/virtuald
' compile_object' in 'adm/daemons/virtuald.c' ('adm/daemons/virtuald') /adm/daemons/virtuald.c:35
arguments were ("/kungfu/class/generate/questnpc")
locals were: ({ /* sizeof() == 4 */
  "kungfu",
  "class",
  "generate",
  "questnpc"
}),"/kungfu/class/generate/questnpc",3,0
' compile_object' in ' adm/single/master.c' ('   adm/single/master') /adm/single/master.c:41
arguments were ("/kungfu/class/generate/questnpc")
locals were: adm/daemons/virtuald
' compile_object' in 'adm/daemons/virtuald.c' ('adm/daemons/virtuald') /adm/daemons/virtuald.c:35
arguments were ("/kungfu/class/generate/questnpc")
locals were: ({ /* sizeof() == 4 */
  "kungfu",
  "class",
  "generate",
  "questnpc"
}),"/kungfu/class/generate/questnpc",3,0
' compile_object' in ' adm/single/master.c' ('   adm/single/master') /adm/single/master.c:41
arguments were ("/kungfu/class/generate/questnpc")
locals were: adm/daemons/virtuald
' compile_object' in 'adm/daemons/virtuald.c' ('adm/daemons/virtuald') /adm/daemons/virtuald.c:35
arguments were ("/kungfu/class/generate/questnpc")
locals were: ({ /* sizeof() == 4 */
  "kungfu",
  "class",
  "generate",
  "questnpc"
}),"/kungfu/class/generate/questnpc",3,0
' compile_object' in ' adm/single/master.c' ('   adm/single/master') /adm/single/master.c:41
arguments were ("/kungfu/class/generate/questnpc")
locals were: adm/daemons/virtuald
' compile_object' in 'adm/daemons/virtuald.c' ('adm/daemons/virtuald') /adm/daemons/virtuald.c:35
arguments were ("/kungfu/class/generate/questnpc")
locals were: ({ /* sizeof() == 4 */
  "kungfu",
  "class",
  "generate",
  "questnpc"
}),"/kungfu/class/generate/questnpc",3,0
' compile_object' in ' adm/single/master.c' ('   adm/single/master') /adm/single/master.c:41
arguments were ("/kungfu/class/generate/questnpc")
locals were: adm/daemons/virtuald
' compile_object' in 'adm/daemons/virtuald.c' ('adm/daemons/virtuald') /adm/daemons/virtuald.c:35
arguments were ("/kungfu/class/generate/questnpc")
locals were: ({ /* sizeof() == 4 */
  "kungfu",
  "class",
  "generate",
  "questnpc"
}),"/kungfu/class/generate/questnpc",3,0
' compile_object' in ' adm/single/master.c' ('   adm/single/master') /adm/single/master.c:41
arguments were ("/kungfu/class/generate/questnpc")
locals were: adm/daemons/virtuald
' compile_object' in 'adm/daemons/virtuald.c' ('adm/daemons/virtuald') /adm/daemons/virtuald.c:35
arguments were ("/kungfu/class/generate/questnpc")
locals were: ({ /* sizeof() == 4 */
  "kungfu",
  "class",
  "generate",
  "questnpc"
}),"/kungfu/class/generate/questnpc",3,0
' compile_object' in ' adm/single/master.c' ('   adm/single/master') /adm/single/master.c:41
arguments were ("/kungfu/class/generate/questnpc")
locals were: adm/daemons/virtuald
' compile_object' in 'adm/daemons/virtuald.c' ('adm/daemons/virtuald') /adm/daemons/virtuald.c:35
arguments were ("/kungfu/class/generate/questnpc")
locals were: ({ /* sizeof() == 4 */
  "kungfu",
  "class",
  "generate",
  "questnpc"
}),"/kungfu/class/generate/questnpc",3,0
' compile_object' in ' adm/single/master.c' ('   adm/single/master') /adm/single/master.c:41
arguments were ("/kungfu/class/generate/questnpc")
locals were: adm/daemons/virtuald
' compile_object' in 'adm/daemons/virtuald.c' ('adm/daemons/virtuald') /adm/daemons/virtuald.c:35
arguments were ("/kungfu/class/generate/questnpc")
locals were: ({ /* sizeof() == 4 */
  "kungfu",
  "class",
  "generate",
  "questnpc"
}),"/kungfu/class/generate/questnpc",3,0
' compile_object' in ' adm/single/master.c' ('   adm/single/master') /adm/single/master.c:41
arguments were ("/kungfu/class/generate/questnpc")
locals were: adm/daemons/virtuald
' compile_object' in 'adm/daemons/virtuald.c' ('adm/daemons/virtuald') /adm/daemons/virtuald.c:35
arguments were ("/kungfu/class/generate/questnpc")
locals were: ({ /* sizeof() == 4 */
  "kungfu",
  "class",
  "generate",
  "questnpc"
}),"/kungfu/class/generate/questnpc",3,0
' compile_object' in ' adm/single/master.c' ('   adm/single/master') /adm/single/master.c:41
arguments were ("/kungfu/class/generate/questnpc")
locals were: adm/daemons/virtuald
' compile_object' in 'adm/daemons/virtuald.c' ('adm/daemons/virtuald') /adm/daemons/virtuald.c:35
arguments were ("/kungfu/class/generate/questnpc")
locals were: ({ /* sizeof() == 4 */
  "kungfu",
  "class",
  "generate",
  "questnpc"
}),"/kungfu/class/generate/questnpc",3,0
' compile_object' in ' adm/single/master.c' ('   adm/single/master') /adm/single/master.c:41
arguments were ("/kungfu/class/generate/questnpc")
locals were: adm/daemons/virtuald
' compile_object' in 'adm/daemons/virtuald.c' ('adm/daemons/virtuald') /adm/daemons/virtuald.c:35
arguments were ("/kungfu/class/generate/questnpc")
locals were: ({ /* sizeof() == 4 */
  "kungfu",
  "class",
  "generate",
  "questnpc"
}),"/kungfu/class/generate/questnpc",3,0
' compile_object' in ' adm/single/master.c' ('   adm/single/master') /adm/single/master.c:41
arguments were ("/kungfu/class/generate/questnpc")
locals were: adm/daemons/virtuald
' compile_object' in 'adm/daemons/virtuald.c' ('adm/daemons/virtuald') /adm/daemons/virtuald.c:35
arguments were ("/kungfu/class/generate/questnpc")
locals were: ({ /* sizeof() == 4 */
  "kungfu",
  "class",
  "generate",
  "questnpc"
}),"/kungfu/class/generate/questnpc",3,0
' compile_object' in ' adm/single/master.c' ('   adm/single/master') /adm/single/master.c:41
arguments were ("/kungfu/class/generate/questnpc")
locals were: adm/daemons/virtuald
' compile_object' in 'adm/daemons/virtuald.c' ('adm/daemons/virtuald') /adm/daemons/virtuald.c:35
arguments were ("/kungfu/class/generate/questnpc")
locals were: ({ /* sizeof() == 4 */
  "kungfu",
  "class",
  "generate",
  "questnpc"
}),"/kungfu/class/generate/questnpc",3,0
' compile_object' in ' adm/single/master.c' ('   adm/single/master') /adm/single/master.c:41
arguments were ("/kungfu/class/generate/questnpc")
locals were: adm/daemons/virtuald
' compile_object' in 'adm/daemons/virtuald.c' ('adm/daemons/virtuald') /adm/daemons/virtuald.c:35
arguments were ("/kungfu/class/generate/questnpc")
locals were: ({ /* sizeof() == 4 */
  "kungfu",
  "class",
  "generate",
  "questnpc"
}),"/kungfu/class/generate/questnpc",3,0
' compile_object' in ' adm/single/master.c' ('   adm/single/master') /adm/single/master.c:41
arguments were ("/kungfu/class/generate/questnpc")
locals were: adm/daemons/virtuald
' compile_object' in 'adm/daemons/virtuald.c' ('adm/daemons/virtuald') /adm/daemons/virtuald.c:35
arguments were ("/kungfu/class/generate/questnpc")
locals were: ({ /* sizeof() == 4 */
  "kungfu",
  "class",
  "generate",
  "questnpc"
}),"/kungfu/class/generate/questnpc",3,0
' compile_object' in ' adm/single/master.c' ('   adm/single/master') /adm/single/master.c:41
arguments were ("/kungfu/class/generate/questnpc")
locals were: adm/daemons/virtuald
' compile_object' in 'adm/daemons/virtuald.c' ('adm/daemons/virtuald') /adm/daemons/virtuald.c:35
arguments were ("/kungfu/class/generate/questnpc")
locals were: ({ /* sizeof() == 4 */
  "kungfu",
  "class",
  "generate",
  "questnpc"
}),"/kungfu/class/generate/questnpc",3,0
' compile_object' in ' adm/single/master.c' ('   adm/single/master') /adm/single/master.c:41
arguments were ("/kungfu/class/generate/questnpc")
locals were: adm/daemons/virtuald
' compile_object' in 'adm/daemons/virtuald.c' ('adm/daemons/virtuald') /adm/daemons/virtuald.c:35
arguments were ("/kungfu/class/generate/questnpc")
locals were: ({ /* sizeof() == 4 */
  "kungfu",
  "class",
  "generate",
  "questnpc"
}),"/kungfu/class/generate/questnpc",3,0
' compile_object' in ' adm/single/master.c' ('   adm/single/master') /adm/single/master.c:41
arguments were ("/kungfu/class/generate/questnpc")
locals were: adm/daemons/virtuald
' compile_object' in 'adm/daemons/virtuald.c' ('adm/daemons/virtuald') /adm/daemons/virtuald.c:35
arguments were ("/kungfu/class/generate/questnpc")
locals were: ({ /* sizeof() == 4 */
  "kungfu",
  "class",
  "generate",
  "questnpc"
}),"/kungfu/class/generate/questnpc",3,0
' compile_object' in ' adm/single/master.c' ('   adm/single/master') /adm/single/master.c:41
arguments were ("/kungfu/class/generate/questnpc")
locals were: adm/daemons/virtuald
' compile_object' in 'adm/daemons/virtuald.c' ('adm/daemons/virtuald') /adm/daemons/virtuald.c:35
arguments were ("/kungfu/class/generate/questnpc")
locals were: ({ /* sizeof() == 4 */
  "kungfu",
  "class",
  "generate",
  "questnpc"
}),"/kungfu/class/generate/questnpc",3,0
' compile_object' in ' adm/single/master.c' ('   adm/single/master') /adm/single/master.c:41
arguments were ("/kungfu/class/generate/questnpc")
locals were: adm/daemons/virtuald
' compile_object' in 'adm/daemons/virtuald.c' ('adm/daemons/virtuald') /adm/daemons/virtuald.c:35
arguments were ("/kungfu/class/generate/questnpc")
locals were: ({ /* sizeof() == 4 */
  "kungfu",
  "class",
  "generate",
  "questnpc"
}),"/kungfu/class/generate/questnpc",3,0
' compile_object' in ' adm/single/master.c' ('   adm/single/master') /adm/single/master.c:41
arguments were ("/kungfu/class/generate/questnpc")
locals were: adm/daemons/virtuald
' compile_object' in 'adm/daemons/virtuald.c' ('adm/daemons/virtuald') /adm/daemons/virtuald.c:25
arguments were ("/kungfu/class/generate/questnpc")
locals were: ({ /* sizeof() == 4 */
  "kungfu",
  "class",
  "generate",
  "questnpc"
}),"/kungfu",0,0
'     valid_read' in ' adm/single/master.c' ('   adm/single/master') /adm/single/master.c:424
arguments were ("/kungfu",adm/daemons/virtuald,"file_size")
locals were: adm/daemons/securityd
Heart beat in adm/daemons/quest/search turned off.
Error in error handler: *Too deep recursion.
program: /adm/single/master.c, object: /adm/single/master, file: /adm/single/master.c:424
'     heart_beat' in 'adm/daemons/quest/judge.c' ('adm/daemons/quest/judge') /adm/daemons/quest/judge.c:35
arguments were ()
'    start_quest' in 'adm/daemons/quest/judge.c' ('adm/daemons/quest/judge') /adm/daemons/quest/judge.c:23
arguments were ()
locals were: clone/quest/judge#183
'     init_quest' in ' clone/quest/judge.c' ('clone/quest/judge#183') /clone/quest/judge.c:40
arguments were ()
locals were: 0,"扬州城",0,0,0
' compile_object' in ' adm/single/master.c' ('   adm/single/master') /adm/single/master.c:41
arguments were ("/kungfu/class/generate/questnpc")
locals were: adm/daemons/virtuald
' compile_object' in 'adm/daemons/virtuald.c' ('adm/daemons/virtuald') /adm/daemons/virtuald.c:35
arguments were ("/kungfu/class/generate/questnpc")
locals were: ({ /* sizeof() == 4 */
  "kungfu",
  "class",
  "generate",
  "questnpc"
}),"/kungfu/class/generate/questnpc",3,0
' compile_object' in ' adm/single/master.c' ('   adm/single/master') /adm/single/master.c:41
arguments were ("/kungfu/class/generate/questnpc")
locals were: adm/daemons/virtuald
' compile_object' in 'adm/daemons/virtuald.c' ('adm/daemons/virtuald') /adm/daemons/virtuald.c:35
arguments were ("/kungfu/class/generate/questnpc")
locals were: ({ /* sizeof() == 4 */
  "kungfu",
  "class",
  "generate",
  "questnpc"
}),"/kungfu/class/generate/questnpc",3,0
' compile_object' in ' adm/single/master.c' ('   adm/single/master') /adm/single/master.c:41
arguments were ("/kungfu/class/generate/questnpc")
locals were: adm/daemons/virtuald
' compile_object' in 'adm/daemons/virtuald.c' ('adm/daemons/virtuald') /adm/daemons/virtuald.c:35
arguments were ("/kungfu/class/generate/questnpc")
locals were: ({ /* sizeof() == 4 */
  "kungfu",
  "class",
  "generate",
  "questnpc"
}),"/kungfu/class/generate/questnpc",3,0
' compile_object' in ' adm/single/master.c' ('   adm/single/master') /adm/single/master.c:41
arguments were ("/kungfu/class/generate/questnpc")
locals were: adm/daemons/virtuald
' compile_object' in 'adm/daemons/virtuald.c' ('adm/daemons/virtuald') /adm/daemons/virtuald.c:35
arguments were ("/kungfu/class/generate/questnpc")
locals were: ({ /* sizeof() == 4 */
  "kungfu",
  "class",
  "generate",
  "questnpc"
}),"/kungfu/class/generate/questnpc",3,0
' compile_object' in ' adm/single/master.c' ('   adm/single/master') /adm/single/master.c:41
arguments were ("/kungfu/class/generate/questnpc")
locals were: adm/daemons/virtuald
' compile_object' in 'adm/daemons/virtuald.c' ('adm/daemons/virtuald') /adm/daemons/virtuald.c:35
arguments were ("/kungfu/class/generate/questnpc")
locals were: ({ /* sizeof() == 4 */
  "kungfu",
  "class",
  "generate",
  "questnpc"
}),"/kungfu/class/generate/questnpc",3,0
' compile_object' in ' adm/single/master.c' ('   adm/single/master') /adm/single/master.c:41
arguments were ("/kungfu/class/generate/questnpc")
locals were: adm/daemons/virtuald
' compile_object' in 'adm/daemons/virtuald.c' ('adm/daemons/virtuald') /adm/daemons/virtuald.c:35
arguments were ("/kungfu/class/generate/questnpc")
locals were: ({ /* sizeof() == 4 */
  "kungfu",
  "class",
  "generate",
  "questnpc"
}),"/kungfu/class/generate/questnpc",3,0
' compile_object' in ' adm/single/master.c' ('   adm/single/master') /adm/single/master.c:41
arguments were ("/kungfu/class/generate/questnpc")
locals were: adm/daemons/virtuald
' compile_object' in 'adm/daemons/virtuald.c' ('adm/daemons/virtuald') /adm/daemons/virtuald.c:35
arguments were ("/kungfu/class/generate/questnpc")
locals were: ({ /* sizeof() == 4 */
  "kungfu",
  "class",
  "generate",
  "questnpc"
}),"/kungfu/class/generate/questnpc",3,0
' compile_object' in ' adm/single/master.c' ('   adm/single/master') /adm/single/master.c:41
arguments were ("/kungfu/class/generate/questnpc")
locals were: adm/daemons/virtuald
' compile_object' in 'adm/daemons/virtuald.c' ('adm/daemons/virtuald') /adm/daemons/virtuald.c:35
arguments were ("/kungfu/class/generate/questnpc")
locals were: ({ /* sizeof() == 4 */
  "kungfu",
  "class",
  "generate",
  "questnpc"
}),"/kungfu/class/generate/questnpc",3,0
' compile_object' in ' adm/single/master.c' ('   adm/single/master') /adm/single/master.c:41
arguments were ("/kungfu/class/generate/questnpc")
locals were: adm/daemons/virtuald
' compile_object' in 'adm/daemons/virtuald.c' ('adm/daemons/virtuald') /adm/daemons/virtuald.c:35
arguments were ("/kungfu/class/generate/questnpc")
locals were: ({ /* sizeof() == 4 */
  "kungfu",
  "class",
  "generate",
  "questnpc"
}),"/kungfu/class/generate/questnpc",3,0
' compile_object' in ' adm/single/master.c' ('   adm/single/master') /adm/single/master.c:41
arguments were ("/kungfu/class/generate/questnpc")
locals were: adm/daemons/virtuald
' compile_object' in 'adm/daemons/virtuald.c' ('adm/daemons/virtuald') /adm/daemons/virtuald.c:35
arguments were ("/kungfu/class/generate/questnpc")
locals were: ({ /* sizeof() == 4 */
  "kungfu",
  "class",
  "generate",
  "questnpc"
}),"/kungfu/class/generate/questnpc",3,0
' compile_object' in ' adm/single/master.c' ('   adm/single/master') /adm/single/master.c:41
arguments were ("/kungfu/class/generate/questnpc")
locals were: adm/daemons/virtuald
' compile_object' in 'adm/daemons/virtuald.c' ('adm/daemons/virtuald') /adm/daemons/virtuald.c:35
arguments were ("/kungfu/class/generate/questnpc")
locals were: ({ /* sizeof() == 4 */
  "kungfu",
  "class",
  "generate",
  "questnpc"
}),"/kungfu/class/generate/questnpc",3,0
' compile_object' in ' adm/single/master.c' ('   adm/single/master') /adm/single/master.c:41
arguments were ("/kungfu/class/generate/questnpc")
locals were: adm/daemons/virtuald
' compile_object' in 'adm/daemons/virtuald.c' ('adm/daemons/virtuald') /adm/daemons/virtuald.c:35
arguments were ("/kungfu/class/generate/questnpc")
locals were: ({ /* sizeof() == 4 */
  "kungfu",
  "class",
  "generate",
  "questnpc"
}),"/kungfu/class/generate/questnpc",3,0
' compile_object' in ' adm/single/master.c' ('   adm/single/master') /adm/single/master.c:41
arguments were ("/kungfu/class/generate/questnpc")
locals were: adm/daemons/virtuald
' compile_object' in 'adm/daemons/virtuald.c' ('adm/daemons/virtuald') /adm/daemons/virtuald.c:35
arguments were ("/kungfu/class/generate/questnpc")
locals were: ({ /* sizeof() == 4 */
  "kungfu",
  "class",
  "generate",
  "questnpc"
}),"/kungfu/class/generate/questnpc",3,0
' compile_object' in ' adm/single/master.c' ('   adm/single/master') /adm/single/master.c:41
arguments were ("/kungfu/class/generate/questnpc")
locals were: adm/daemons/virtuald
' compile_object' in 'adm/daemons/virtuald.c' ('adm/daemons/virtuald') /adm/daemons/virtuald.c:35
arguments were ("/kungfu/class/generate/questnpc")
locals were: ({ /* sizeof() == 4 */
  "kungfu",
  "class",
  "generate",
  "questnpc"
}),"/kungfu/class/generate/questnpc",3,0
' compile_object' in ' adm/single/master.c' ('   adm/single/master') /adm/single/master.c:41
arguments were ("/kungfu/class/generate/questnpc")
locals were: adm/daemons/virtuald
' compile_object' in 'adm/daemons/virtuald.c' ('adm/daemons/virtuald') /adm/daemons/virtuald.c:35
arguments were ("/kungfu/class/generate/questnpc")
locals were: ({ /* sizeof() == 4 */
  "kungfu",
  "class",
  "generate",
  "questnpc"
}),"/kungfu/class/generate/questnpc",3,0
' compile_object' in ' adm/single/master.c' ('   adm/single/master') /adm/single/master.c:41
arguments were ("/kungfu/class/generate/questnpc")
locals were: adm/daemons/virtuald
' compile_object' in 'adm/daemons/virtuald.c' ('adm/daemons/virtuald') /adm/daemons/virtuald.c:35
arguments were ("/kungfu/class/generate/questnpc")
locals were: ({ /* sizeof() == 4 */
  "kungfu",
  "class",
  "generate",
  "questnpc"
}),"/kungfu/class/generate/questnpc",3,0
' compile_object' in ' adm/single/master.c' ('   adm/single/master') /adm/single/master.c:41
arguments were ("/kungfu/class/generate/questnpc")
locals were: adm/daemons/virtuald
' compile_object' in 'adm/daemons/virtuald.c' ('adm/daemons/virtuald') /adm/daemons/virtuald.c:35
arguments were ("/kungfu/class/generate/questnpc")
locals were: ({ /* sizeof() == 4 */
  "kungfu",
  "class",
  "generate",
  "questnpc"
}),"/kungfu/class/generate/questnpc",3,0
' compile_object' in ' adm/single/master.c' ('   adm/single/master') /adm/single/master.c:41
arguments were ("/kungfu/class/generate/questnpc")
locals were: adm/daemons/virtuald
' compile_object' in 'adm/daemons/virtuald.c' ('adm/daemons/virtuald') /adm/daemons/virtuald.c:35
arguments were ("/kungfu/class/generate/questnpc")
locals were: ({ /* sizeof() == 4 */
  "kungfu",
  "class",
  "generate",
  "questnpc"
}),"/kungfu/class/generate/questnpc",3,0
' compile_object' in ' adm/single/master.c' ('   adm/single/master') /adm/single/master.c:41
arguments were ("/kungfu/class/generate/questnpc")
locals were: adm/daemons/virtuald
' compile_object' in 'adm/daemons/virtuald.c' ('adm/daemons/virtuald') /adm/daemons/virtuald.c:35
arguments were ("/kungfu/class/generate/questnpc")
locals were: ({ /* sizeof() == 4 */
  "kungfu",
  "class",
  "generate",
  "questnpc"
}),"/kungfu/class/generate/questnpc",3,0
' compile_object' in ' adm/single/master.c' ('   adm/single/master') /adm/single/master.c:41
arguments were ("/kungfu/class/generate/questnpc")
locals were: adm/daemons/virtuald
' compile_object' in 'adm/daemons/virtuald.c' ('adm/daemons/virtuald') /adm/daemons/virtuald.c:35
arguments were ("/kungfu/class/generate/questnpc")
locals were: ({ /* sizeof() == 4 */
  "kungfu",
  "class",
  "generate",
  "questnpc"
}),"/kungfu/class/generate/questnpc",3,0
' compile_object' in ' adm/single/master.c' ('   adm/single/master') /adm/single/master.c:41
arguments were ("/kungfu/class/generate/questnpc")
locals were: adm/daemons/virtuald
' compile_object' in 'adm/daemons/virtuald.c' ('adm/daemons/virtuald') /adm/daemons/virtuald.c:35
arguments were ("/kungfu/class/generate/questnpc")
locals were: ({ /* sizeof() == 4 */
  "kungfu",
  "class",
  "generate",
  "questnpc"
}),"/kungfu/class/generate/questnpc",3,0
' compile_object' in ' adm/single/master.c' ('   adm/single/master') /adm/single/master.c:41
arguments were ("/kungfu/class/generate/questnpc")
locals were: adm/daemons/virtuald
' compile_object' in 'adm/daemons/virtuald.c' ('adm/daemons/virtuald') /adm/daemons/virtuald.c:35
arguments were ("/kungfu/class/generate/questnpc")
locals were: ({ /* sizeof() == 4 */
  "kungfu",
  "class",
  "generate",
  "questnpc"
}),"/kungfu/class/generate/questnpc",3,0
' compile_object' in ' adm/single/master.c' ('   adm/single/master') /adm/single/master.c:41
arguments were ("/kungfu/class/generate/questnpc")
locals were: adm/daemons/virtuald
' compile_object' in 'adm/daemons/virtuald.c' ('adm/daemons/virtuald') /adm/daemons/virtuald.c:25
arguments were ("/kungfu/class/generate/questnpc")
locals were: ({ /* sizeof() == 4 */
  "kungfu",
  "class",
  "generate",
  "questnpc"
}),"/kungfu",0,0
'     valid_read' in ' adm/single/master.c' ('   adm/single/master') /adm/single/master.c:424
arguments were ("/kungfu",adm/daemons/virtuald,"file_size")
locals were: adm/daemons/securityd
Heart beat in adm/daemons/quest/judge turned off.
Error in error handler: *Too deep recursion.
program: /adm/single/master.c, object: /adm/single/master, file: /adm/single/master.c:424
'     heart_beat' in 'adm/daemons/quest/shen.c' ('adm/daemons/quest/shen') /adm/daemons/quest/shen.c:37
arguments were ()
'    start_quest' in 'adm/daemons/quest/shen.c' ('adm/daemons/quest/shen') /adm/daemons/quest/shen.c:25
arguments were ()
locals were: clone/quest/shen#184,0,0
'     init_quest' in '  clone/quest/shen.c' ('clone/quest/shen#184') /clone/quest/shen.c:39
arguments were ()
locals were: 0,0,"泉州城",0,0,0
' compile_object' in ' adm/single/master.c' ('   adm/single/master') /adm/single/master.c:41
arguments were ("/kungfu/class/generate/shennpc")
locals were: adm/daemons/virtuald
' compile_object' in 'adm/daemons/virtuald.c' ('adm/daemons/virtuald') /adm/daemons/virtuald.c:35
arguments were ("/kungfu/class/generate/shennpc")
locals were: ({ /* sizeof() == 4 */
  "kungfu",
  "class",
  "generate",
  "shennpc"
}),"/kungfu/class/generate/shennpc",3,0
' compile_object' in ' adm/single/master.c' ('   adm/single/master') /adm/single/master.c:41
arguments were ("/kungfu/class/generate/shennpc")
locals were: adm/daemons/virtuald
' compile_object' in 'adm/daemons/virtuald.c' ('adm/daemons/virtuald') /adm/daemons/virtuald.c:35
arguments were ("/kungfu/class/generate/shennpc")
locals were: ({ /* sizeof() == 4 */
  "kungfu",
  "class",
  "generate",
  "shennpc"
}),"/kungfu/class/generate/shennpc",3,0
' compile_object' in ' adm/single/master.c' ('   adm/single/master') /adm/single/master.c:41
arguments were ("/kungfu/class/generate/shennpc")
locals were: adm/daemons/virtuald
' compile_object' in 'adm/daemons/virtuald.c' ('adm/daemons/virtuald') /adm/daemons/virtuald.c:35
arguments were ("/kungfu/class/generate/shennpc")
locals were: ({ /* sizeof() == 4 */
  "kungfu",
  "class",
  "generate",
  "shennpc"
}),"/kungfu/class/generate/shennpc",3,0
' compile_object' in ' adm/single/master.c' ('   adm/single/master') /adm/single/master.c:41
arguments were ("/kungfu/class/generate/shennpc")
locals were: adm/daemons/virtuald
' compile_object' in 'adm/daemons/virtuald.c' ('adm/daemons/virtuald') /adm/daemons/virtuald.c:35
arguments were ("/kungfu/class/generate/shennpc")
locals were: ({ /* sizeof() == 4 */
  "kungfu",
  "class",
  "generate",
  "shennpc"
}),"/kungfu/class/generate/shennpc",3,0
' compile_object' in ' adm/single/master.c' ('   adm/single/master') /adm/single/master.c:41
arguments were ("/kungfu/class/generate/shennpc")
locals were: adm/daemons/virtuald
' compile_object' in 'adm/daemons/virtuald.c' ('adm/daemons/virtuald') /adm/daemons/virtuald.c:35
arguments were ("/kungfu/class/generate/shennpc")
locals were: ({ /* sizeof() == 4 */
  "kungfu",
  "class",
  "generate",
  "shennpc"
}),"/kungfu/class/generate/shennpc",3,0
' compile_object' in ' adm/single/master.c' ('   adm/single/master') /adm/single/master.c:41
arguments were ("/kungfu/class/generate/shennpc")
locals were: adm/daemons/virtuald
' compile_object' in 'adm/daemons/virtuald.c' ('adm/daemons/virtuald') /adm/daemons/virtuald.c:35
arguments were ("/kungfu/class/generate/shennpc")
locals were: ({ /* sizeof() == 4 */
  "kungfu",
  "class",
  "generate",
  "shennpc"
}),"/kungfu/class/generate/shennpc",3,0
' compile_object' in ' adm/single/master.c' ('   adm/single/master') /adm/single/master.c:41
arguments were ("/kungfu/class/generate/shennpc")
locals were: adm/daemons/virtuald
' compile_object' in 'adm/daemons/virtuald.c' ('adm/daemons/virtuald') /adm/daemons/virtuald.c:35
arguments were ("/kungfu/class/generate/shennpc")
locals were: ({ /* sizeof() == 4 */
  "kungfu",
  "class",
  "generate",
  "shennpc"
}),"/kungfu/class/generate/shennpc",3,0
' compile_object' in ' adm/single/master.c' ('   adm/single/master') /adm/single/master.c:41
arguments were ("/kungfu/class/generate/shennpc")
locals were: adm/daemons/virtuald
' compile_object' in 'adm/daemons/virtuald.c' ('adm/daemons/virtuald') /adm/daemons/virtuald.c:35
arguments were ("/kungfu/class/generate/shennpc")
locals were: ({ /* sizeof() == 4 */
  "kungfu",
  "class",
  "generate",
  "shennpc"
}),"/kungfu/class/generate/shennpc",3,0
' compile_object' in ' adm/single/master.c' ('   adm/single/master') /adm/single/master.c:41
arguments were ("/kungfu/class/generate/shennpc")
locals were: adm/daemons/virtuald
' compile_object' in 'adm/daemons/virtuald.c' ('adm/daemons/virtuald') /adm/daemons/virtuald.c:35
arguments were ("/kungfu/class/generate/shennpc")
locals were: ({ /* sizeof() == 4 */
  "kungfu",
  "class",
  "generate",
  "shennpc"
}),"/kungfu/class/generate/shennpc",3,0
' compile_object' in ' adm/single/master.c' ('   adm/single/master') /adm/single/master.c:41
arguments were ("/kungfu/class/generate/shennpc")
locals were: adm/daemons/virtuald
' compile_object' in 'adm/daemons/virtuald.c' ('adm/daemons/virtuald') /adm/daemons/virtuald.c:35
arguments were ("/kungfu/class/generate/shennpc")
locals were: ({ /* sizeof() == 4 */
  "kungfu",
  "class",
  "generate",
  "shennpc"
}),"/kungfu/class/generate/shennpc",3,0
' compile_object' in ' adm/single/master.c' ('   adm/single/master') /adm/single/master.c:41
arguments were ("/kungfu/class/generate/shennpc")
locals were: adm/daemons/virtuald
' compile_object' in 'adm/daemons/virtuald.c' ('adm/daemons/virtuald') /adm/daemons/virtuald.c:35
arguments were ("/kungfu/class/generate/shennpc")
locals were: ({ /* sizeof() == 4 */
  "kungfu",
  "class",
  "generate",
  "shennpc"
}),"/kungfu/class/generate/shennpc",3,0
' compile_object' in ' adm/single/master.c' ('   adm/single/master') /adm/single/master.c:41
arguments were ("/kungfu/class/generate/shennpc")
locals were: adm/daemons/virtuald
' compile_object' in 'adm/daemons/virtuald.c' ('adm/daemons/virtuald') /adm/daemons/virtuald.c:35
arguments were ("/kungfu/class/generate/shennpc")
locals were: ({ /* sizeof() == 4 */
  "kungfu",
  "class",
  "generate",
  "shennpc"
}),"/kungfu/class/generate/shennpc",3,0
' compile_object' in ' adm/single/master.c' ('   adm/single/master') /adm/single/master.c:41
arguments were ("/kungfu/class/generate/shennpc")
locals were: adm/daemons/virtuald
' compile_object' in 'adm/daemons/virtuald.c' ('adm/daemons/virtuald') /adm/daemons/virtuald.c:35
arguments were ("/kungfu/class/generate/shennpc")
locals were: ({ /* sizeof() == 4 */
  "kungfu",
  "class",
  "generate",
  "shennpc"
}),"/kungfu/class/generate/shennpc",3,0
' compile_object' in ' adm/single/master.c' ('   adm/single/master') /adm/single/master.c:41
arguments were ("/kungfu/class/generate/shennpc")
locals were: adm/daemons/virtuald
' compile_object' in 'adm/daemons/virtuald.c' ('adm/daemons/virtuald') /adm/daemons/virtuald.c:35
arguments were ("/kungfu/class/generate/shennpc")
locals were: ({ /* sizeof() == 4 */
  "kungfu",
  "class",
  "generate",
  "shennpc"
}),"/kungfu/class/generate/shennpc",3,0
' compile_object' in ' adm/single/master.c' ('   adm/single/master') /adm/single/master.c:41
arguments were ("/kungfu/class/generate/shennpc")
locals were: adm/daemons/virtuald
' compile_object' in 'adm/daemons/virtuald.c' ('adm/daemons/virtuald') /adm/daemons/virtuald.c:35
arguments were ("/kungfu/class/generate/shennpc")
locals were: ({ /* sizeof() == 4 */
  "kungfu",
  "class",
  "generate",
  "shennpc"
}),"/kungfu/class/generate/shennpc",3,0
' compile_object' in ' adm/single/master.c' ('   adm/single/master') /adm/single/master.c:41
arguments were ("/kungfu/class/generate/shennpc")
locals were: adm/daemons/virtuald
' compile_object' in 'adm/daemons/virtuald.c' ('adm/daemons/virtuald') /adm/daemons/virtuald.c:35
arguments were ("/kungfu/class/generate/shennpc")
locals were: ({ /* sizeof() == 4 */
  "kungfu",
  "class",
  "generate",
  "shennpc"
}),"/kungfu/class/generate/shennpc",3,0
' compile_object' in ' adm/single/master.c' ('   adm/single/master') /adm/single/master.c:41
arguments were ("/kungfu/class/generate/shennpc")
locals were: adm/daemons/virtuald
' compile_object' in 'adm/daemons/virtuald.c' ('adm/daemons/virtuald') /adm/daemons/virtuald.c:35
arguments were ("/kungfu/class/generate/shennpc")
locals were: ({ /* sizeof() == 4 */
  "kungfu",
  "class",
  "generate",
  "shennpc"
}),"/kungfu/class/generate/shennpc",3,0
' compile_object' in ' adm/single/master.c' ('   adm/single/master') /adm/single/master.c:41
arguments were ("/kungfu/class/generate/shennpc")
locals were: adm/daemons/virtuald
' compile_object' in 'adm/daemons/virtuald.c' ('adm/daemons/virtuald') /adm/daemons/virtuald.c:35
arguments were ("/kungfu/class/generate/shennpc")
locals were: ({ /* sizeof() == 4 */
  "kungfu",
  "class",
  "generate",
  "shennpc"
}),"/kungfu/class/generate/shennpc",3,0
' compile_object' in ' adm/single/master.c' ('   adm/single/master') /adm/single/master.c:41
arguments were ("/kungfu/class/generate/shennpc")
locals were: adm/daemons/virtuald
' compile_object' in 'adm/daemons/virtuald.c' ('adm/daemons/virtuald') /adm/daemons/virtuald.c:35
arguments were ("/kungfu/class/generate/shennpc")
locals were: ({ /* sizeof() == 4 */
  "kungfu",
  "class",
  "generate",
  "shennpc"
}),"/kungfu/class/generate/shennpc",3,0
' compile_object' in ' adm/single/master.c' ('   adm/single/master') /adm/single/master.c:41
arguments were ("/kungfu/class/generate/shennpc")
locals were: adm/daemons/virtuald
' compile_object' in 'adm/daemons/virtuald.c' ('adm/daemons/virtuald') /adm/daemons/virtuald.c:35
arguments were ("/kungfu/class/generate/shennpc")
locals were: ({ /* sizeof() == 4 */
  "kungfu",
  "class",
  "generate",
  "shennpc"
}),"/kungfu/class/generate/shennpc",3,0
' compile_object' in ' adm/single/master.c' ('   adm/single/master') /adm/single/master.c:41
arguments were ("/kungfu/class/generate/shennpc")
locals were: adm/daemons/virtuald
' compile_object' in 'adm/daemons/virtuald.c' ('adm/daemons/virtuald') /adm/daemons/virtuald.c:35
arguments were ("/kungfu/class/generate/shennpc")
locals were: ({ /* sizeof() == 4 */
  "kungfu",
  "class",
  "generate",
  "shennpc"
}),"/kungfu/class/generate/shennpc",3,0
' compile_object' in ' adm/single/master.c' ('   adm/single/master') /adm/single/master.c:41
arguments were ("/kungfu/class/generate/shennpc")
locals were: adm/daemons/virtuald
' compile_object' in 'adm/daemons/virtuald.c' ('adm/daemons/virtuald') /adm/daemons/virtuald.c:35
arguments were ("/kungfu/class/generate/shennpc")
locals were: ({ /* sizeof() == 4 */
  "kungfu",
  "class",
  "generate",
  "shennpc"
}),"/kungfu/class/generate/shennpc",3,0
' compile_object' in ' adm/single/master.c' ('   adm/single/master') /adm/single/master.c:41
arguments were ("/kungfu/class/generate/shennpc")
locals were: adm/daemons/virtuald
' compile_object' in 'adm/daemons/virtuald.c' ('adm/daemons/virtuald') /adm/daemons/virtuald.c:25
arguments were ("/kungfu/class/generate/shennpc")
locals were: ({ /* sizeof() == 4 */
  "kungfu",
  "class",
  "generate",
  "shennpc"
}),"/kungfu",0,0
'     valid_read' in ' adm/single/master.c' ('   adm/single/master') /adm/single/master.c:424
arguments were ("/kungfu",adm/daemons/virtuald,"file_size")
locals were: adm/daemons/securityd
Heart beat in adm/daemons/quest/shen turned off.
Error in error handler: *Too deep recursion.
program: /adm/single/master.c, object: /adm/single/master, file: /adm/single/master.c:424
'     heart_beat' in 'adm/daemons/quest/supply.c' ('adm/daemons/quest/supply') /adm/daemons/quest/supply.c:119
arguments were ()
'    start_quest' in 'adm/daemons/quest/supply.c' ('adm/daemons/quest/supply') /adm/daemons/quest/supply.c:88
arguments were ()
locals were: 0,0,({ /* sizeof() == 8 */
  clone/quest/supply#192,
  clone/quest/supply#182,
  clone/quest/supply#172,
  clone/quest/supply#135,
  clone/quest/supply#122,
  clone/quest/supply#103,
  clone/quest/supply#75,
  clone/quest/supply
}),({ /* sizeof() == 14 */
  "/d/hangzhou/yuhuangsd",
  "/d/beijing/xichang",
  "/d/dali/tusifu",
  "/d/fuzhou/biaoju",
  "/d/changan/xunbufang",
  "/d/quanzhou/jiaxinggang",
  "/d/shaolin/ruzhou",
  "/d/changan/biaoju-damen",
  "/d/lingzhou/xiaoxiaochang",
  "/d/suzhou/bingying",
  "/d/lingzhou/jiangjungate",
  "/d/suzhou/toumenshan",
  "/d/city/dongmen",
  "/d/hangzhou/liuzhuang"
}),"/d/quanzhou/jiaxinggang",0,0
'     get_object' in 'adm/single/simul_efun.c' ('adm/single/simul_efun') /adm/simul_efun/util.c:151
arguments were ("/d/quanzhou/jiaxinggang")
locals were: 0
' compile_object' in ' adm/single/master.c' ('   adm/single/master') /adm/single/master.c:41
arguments were ("/d/quanzhou/jiaxinggang")
locals were: adm/daemons/virtuald
' compile_object' in 'adm/daemons/virtuald.c' ('adm/daemons/virtuald') /adm/daemons/virtuald.c:35
arguments were ("/d/quanzhou/jiaxinggang")
locals were: ({ /* sizeof() == 3 */
  "d",
  "quanzhou",
  "jiaxinggang"
}),"/d/quanzhou",1,0
' compile_object' in ' adm/single/master.c' ('   adm/single/master') /adm/single/master.c:41
arguments were ("/d/quanzhou")
locals were: adm/daemons/virtuald
' compile_object' in 'adm/daemons/virtuald.c' ('adm/daemons/virtuald') /adm/daemons/virtuald.c:35
arguments were ("/d/quanzhou")
locals were: ({ /* sizeof() == 2 */
  "d",
  "quanzhou"
}),"/d/quanzhou",1,0
' compile_object' in ' adm/single/master.c' ('   adm/single/master') /adm/single/master.c:41
arguments were ("/d/quanzhou")
locals were: adm/daemons/virtuald
' compile_object' in 'adm/daemons/virtuald.c' ('adm/daemons/virtuald') /adm/daemons/virtuald.c:35
arguments were ("/d/quanzhou")
locals were: ({ /* sizeof() == 2 */
  "d",
  "quanzhou"
}),"/d/quanzhou",1,0
' compile_object' in ' adm/single/master.c' ('   adm/single/master') /adm/single/master.c:41
arguments were ("/d/quanzhou")
locals were: adm/daemons/virtuald
' compile_object' in 'adm/daemons/virtuald.c' ('adm/daemons/virtuald') /adm/daemons/virtuald.c:35
arguments were ("/d/quanzhou")
locals were: ({ /* sizeof() == 2 */
  "d",
  "quanzhou"
}),"/d/quanzhou",1,0
' compile_object' in ' adm/single/master.c' ('   adm/single/master') /adm/single/master.c:41
arguments were ("/d/quanzhou")
locals were: adm/daemons/virtuald
' compile_object' in 'adm/daemons/virtuald.c' ('adm/daemons/virtuald') /adm/daemons/virtuald.c:35
arguments were ("/d/quanzhou")
locals were: ({ /* sizeof() == 2 */
  "d",
  "quanzhou"
}),"/d/quanzhou",1,0
' compile_object' in ' adm/single/master.c' ('   adm/single/master') /adm/single/master.c:41
arguments were ("/d/quanzhou")
locals were: adm/daemons/virtuald
' compile_object' in 'adm/daemons/virtuald.c' ('adm/daemons/virtuald') /adm/daemons/virtuald.c:35
arguments were ("/d/quanzhou")
locals were: ({ /* sizeof() == 2 */
  "d",
  "quanzhou"
}),"/d/quanzhou",1,0
' compile_object' in ' adm/single/master.c' ('   adm/single/master') /adm/single/master.c:41
arguments were ("/d/quanzhou")
locals were: adm/daemons/virtuald
' compile_object' in 'adm/daemons/virtuald.c' ('adm/daemons/virtuald') /adm/daemons/virtuald.c:35
arguments were ("/d/quanzhou")
locals were: ({ /* sizeof() == 2 */
  "d",
  "quanzhou"
}),"/d/quanzhou",1,0
' compile_object' in ' adm/single/master.c' ('   adm/single/master') /adm/single/master.c:41
arguments were ("/d/quanzhou")
locals were: adm/daemons/virtuald
' compile_object' in 'adm/daemons/virtuald.c' ('adm/daemons/virtuald') /adm/daemons/virtuald.c:35
arguments were ("/d/quanzhou")
locals were: ({ /* sizeof() == 2 */
  "d",
  "quanzhou"
}),"/d/quanzhou",1,0
' compile_object' in ' adm/single/master.c' ('   adm/single/master') /adm/single/master.c:41
arguments were ("/d/quanzhou")
locals were: adm/daemons/virtuald
' compile_object' in 'adm/daemons/virtuald.c' ('adm/daemons/virtuald') /adm/daemons/virtuald.c:35
arguments were ("/d/quanzhou")
locals were: ({ /* sizeof() == 2 */
  "d",
  "quanzhou"
}),"/d/quanzhou",1,0
' compile_object' in ' adm/single/master.c' ('   adm/single/master') /adm/single/master.c:41
arguments were ("/d/quanzhou")
locals were: adm/daemons/virtuald
' compile_object' in 'adm/daemons/virtuald.c' ('adm/daemons/virtuald') /adm/daemons/virtuald.c:35
arguments were ("/d/quanzhou")
locals were: ({ /* sizeof() == 2 */
  "d",
  "quanzhou"
}),"/d/quanzhou",1,0
' compile_object' in ' adm/single/master.c' ('   adm/single/master') /adm/single/master.c:41
arguments were ("/d/quanzhou")
locals were: adm/daemons/virtuald
' compile_object' in 'adm/daemons/virtuald.c' ('adm/daemons/virtuald') /adm/daemons/virtuald.c:35
arguments were ("/d/quanzhou")
locals were: ({ /* sizeof() == 2 */
  "d",
  "quanzhou"
}),"/d/quanzhou",1,0
' compile_object' in ' adm/single/master.c' ('   adm/single/master') /adm/single/master.c:41
arguments were ("/d/quanzhou")
locals were: adm/daemons/virtuald
' compile_object' in 'adm/daemons/virtuald.c' ('adm/daemons/virtuald') /adm/daemons/virtuald.c:35
arguments were ("/d/quanzhou")
locals were: ({ /* sizeof() == 2 */
  "d",
  "quanzhou"
}),"/d/quanzhou",1,0
' compile_object' in ' adm/single/master.c' ('   adm/single/master') /adm/single/master.c:41
arguments were ("/d/quanzhou")
locals were: adm/daemons/virtuald
' compile_object' in 'adm/daemons/virtuald.c' ('adm/daemons/virtuald') /adm/daemons/virtuald.c:35
arguments were ("/d/quanzhou")
locals were: ({ /* sizeof() == 2 */
  "d",
  "quanzhou"
}),"/d/quanzhou",1,0
' compile_object' in ' adm/single/master.c' ('   adm/single/master') /adm/single/master.c:41
arguments were ("/d/quanzhou")
locals were: adm/daemons/virtuald
' compile_object' in 'adm/daemons/virtuald.c' ('adm/daemons/virtuald') /adm/daemons/virtuald.c:35
arguments were ("/d/quanzhou")
locals were: ({ /* sizeof() == 2 */
  "d",
  "quanzhou"
}),"/d/quanzhou",1,0
' compile_object' in ' adm/single/master.c' ('   adm/single/master') /adm/single/master.c:41
arguments were ("/d/quanzhou")
locals were: adm/daemons/virtuald
' compile_object' in 'adm/daemons/virtuald.c' ('adm/daemons/virtuald') /adm/daemons/virtuald.c:35
arguments were ("/d/quanzhou")
locals were: ({ /* sizeof() == 2 */
  "d",
  "quanzhou"
}),"/d/quanzhou",1,0
' compile_object' in ' adm/single/master.c' ('   adm/single/master') /adm/single/master.c:41
arguments were ("/d/quanzhou")
locals were: adm/daemons/virtuald
' compile_object' in 'adm/daemons/virtuald.c' ('adm/daemons/virtuald') /adm/daemons/virtuald.c:35
arguments were ("/d/quanzhou")
locals were: ({ /* sizeof() == 2 */
  "d",
  "quanzhou"
}),"/d/quanzhou",1,0
' compile_object' in ' adm/single/master.c' ('   adm/single/master') /adm/single/master.c:41
arguments were ("/d/quanzhou")
locals were: adm/daemons/virtuald
' compile_object' in 'adm/daemons/virtuald.c' ('adm/daemons/virtuald') /adm/daemons/virtuald.c:35
arguments were ("/d/quanzhou")
locals were: ({ /* sizeof() == 2 */
  "d",
  "quanzhou"
}),"/d/quanzhou",1,0
' compile_object' in ' adm/single/master.c' ('   adm/single/master') /adm/single/master.c:41
arguments were ("/d/quanzhou")
locals were: adm/daemons/virtuald
' compile_object' in 'adm/daemons/virtuald.c' ('adm/daemons/virtuald') /adm/daemons/virtuald.c:35
arguments were ("/d/quanzhou")
locals were: ({ /* sizeof() == 2 */
  "d",
  "quanzhou"
}),"/d/quanzhou",1,0
' compile_object' in ' adm/single/master.c' ('   adm/single/master') /adm/single/master.c:41
arguments were ("/d/quanzhou")
locals were: adm/daemons/virtuald
' compile_object' in 'adm/daemons/virtuald.c' ('adm/daemons/virtuald') /adm/daemons/virtuald.c:35
arguments were ("/d/quanzhou")
locals were: ({ /* sizeof() == 2 */
  "d",
  "quanzhou"
}),"/d/quanzhou",1,0
' compile_object' in ' adm/single/master.c' ('   adm/single/master') /adm/single/master.c:41
arguments were ("/d/quanzhou")
locals were: adm/daemons/virtuald
' compile_object' in 'adm/daemons/virtuald.c' ('adm/daemons/virtuald') /adm/daemons/virtuald.c:35
arguments were ("/d/quanzhou")
locals were: ({ /* sizeof() == 2 */
  "d",
  "quanzhou"
}),"/d/quanzhou",1,0
' compile_object' in ' adm/single/master.c' ('   adm/single/master') /adm/single/master.c:41
arguments were ("/d/quanzhou")
locals were: adm/daemons/virtuald
' compile_object' in 'adm/daemons/virtuald.c' ('adm/daemons/virtuald') /adm/daemons/virtuald.c:35
arguments were ("/d/quanzhou")
locals were: ({ /* sizeof() == 2 */
  "d",
  "quanzhou"
}),"/d/quanzhou",1,0
' compile_object' in ' adm/single/master.c' ('   adm/single/master') /adm/single/master.c:41
arguments were ("/d/quanzhou")
locals were: adm/daemons/virtuald
' compile_object' in 'adm/daemons/virtuald.c' ('adm/daemons/virtuald') /adm/daemons/virtuald.c:35
arguments were ("/d/quanzhou")
locals were: ({ /* sizeof() == 2 */
  "d",
  "quanzhou"
}),"/d/quanzhou",1,0
' compile_object' in ' adm/single/master.c' ('   adm/single/master') /adm/single/master.c:41
arguments were ("/d/quanzhou")
locals were: adm/daemons/virtuald
' compile_object' in 'adm/daemons/virtuald.c' ('adm/daemons/virtuald') /adm/daemons/virtuald.c:25
arguments were ("/d/quanzhou")
locals were: ({ /* sizeof() == 2 */
  "d",
  "quanzhou"
}),"/d",0,0
'     valid_read' in ' adm/single/master.c' ('   adm/single/master') /adm/single/master.c:424
arguments were ("/d",adm/daemons/virtuald,"file_size")
locals were: adm/daemons/securityd
Heart beat in adm/daemons/quest/supply turned off.
Error in error handler: *Too deep recursion.
program: /adm/daemons/virtuald.c, object: /adm/daemons/virtuald, file: /adm/daemons/virtuald.c:25
'     heart_beat' in ' inherit/char/char.c' ('kungfu/class/misc/donghai#215') /inherit/char/char.c:161
arguments were ()
locals were: 0,0,0,0,([ /* sizeof() == 35 */
  "qi" : 25000,
  "startroom" : "/d/fuzhou/nanmen",
  "shen" : 0,
  "long" : "这是一个神采奕奕的年轻人，风度翩翩，气宇轩昂。
",
  "chat_chance" : 30,
  "shen_type" : 0,
  "title" : "[1;32m龙族[2;37;0m",
  "unit" : "位",
  "born_time" : 1050143078,
  "place" : "福州城",
  "int" : 30,
  "chat_msg" : ({ /* sizeof() == 1 */
      (: random_move :)
    }),
  "attitude" : "heroism",
  "con" : 100,
  "dex" : 100,
  "id" : "prince of dragon",
  "max_jing" : 20000,
  "str" : 100,
  "eff_jing" : 20000,
  "race" : "人类",
  "jiali" : 200,
  "max_qi" : 25000,
  "limbs" : ({ /* sizeof() == 16 */
      "头部",
      "颈部",
      "胸口",
      "后心",
      "左肩",
      "右肩",
      "左臂",
      "右臂",
      "左手",
      "右手",
      "腰间",
      "小腹",
      "左腿",
      "右腿",
      "左脚",
      "右脚"
    }),
  "gender" : "男性",
  "age" : 23,
  "neili" : 20000,
  "eff_qi" : 25000,
  "combat_exp" : 10000000,
  "jingli" : 20000,
  "max_neili" : 20000,
  "max_jingli" : 20000,
  "per" : 13,
  "can_speak" : 1,
  "jing" : 20000,
  "name" : "东海三太子",
]),0,kungfu/class/misc/donghai#215,0,0,0,0,0
'           scan' in '  inherit/char/npc.c' ('kungfu/class/misc/donghai#215') /inherit/char/npc.c:297
arguments were ()
locals were: kungfu/class/misc/donghai#215
'           chat' in '  inherit/char/npc.c' ('kungfu/class/misc/donghai#215') /inherit/char/npc.c:378
arguments were ()
locals were: ({ /* sizeof() == 1 */
  (: random_move :)
}),30,0
'     <function>' in '          <function>' ('kungfu/class/misc/donghai#215') 
'    random_move' in 'kungfu/class/misc/donghai.c' ('kungfu/class/misc/donghai#215') /kungfu/class/misc/donghai.c:123
arguments were ()
'    random_move' in '  adm/daemons/npcd.c' ('    adm/daemons/npcd') /adm/daemons/npcd.c:316
arguments were (kungfu/class/misc/donghai#215)
locals were: ([ /* sizeof() == 2 */
  "north" : "/d/fuzhou/zhongzhou",
  "south" : "/d/quanzhou/beimen",
]),({ /* sizeof() == 2 */
  "south",
  "south"
}),"south",({ /* sizeof() == 2 */
  "south",
  "north"
}),0
' compile_object' in ' adm/single/master.c' ('   adm/single/master') /adm/single/master.c:41
arguments were ("/d/quanzhou/beimen")
locals were: adm/daemons/virtuald
' compile_object' in 'adm/daemons/virtuald.c' ('adm/daemons/virtuald') /adm/daemons/virtuald.c:35
arguments were ("/d/quanzhou/beimen")
locals were: ({ /* sizeof() == 3 */
  "d",
  "quanzhou",
  "beimen"
}),"/d/quanzhou",1,0
' compile_object' in ' adm/single/master.c' ('   adm/single/master') /adm/single/master.c:41
arguments were ("/d/quanzhou")
locals were: adm/daemons/virtuald
' compile_object' in 'adm/daemons/virtuald.c' ('adm/daemons/virtuald') /adm/daemons/virtuald.c:35
arguments were ("/d/quanzhou")
locals were: ({ /* sizeof() == 2 */
  "d",
  "quanzhou"
}),"/d/quanzhou",1,0
' compile_object' in ' adm/single/master.c' ('   adm/single/master') /adm/single/master.c:41
arguments were ("/d/quanzhou")
locals were: adm/daemons/virtuald
' compile_object' in 'adm/daemons/virtuald.c' ('adm/daemons/virtuald') /adm/daemons/virtuald.c:35
arguments were ("/d/quanzhou")
locals were: ({ /* sizeof() == 2 */
  "d",
  "quanzhou"
}),"/d/quanzhou",1,0
' compile_object' in ' adm/single/master.c' ('   adm/single/master') /adm/single/master.c:41
arguments were ("/d/quanzhou")
locals were: adm/daemons/virtuald
' compile_object' in 'adm/daemons/virtuald.c' ('adm/daemons/virtuald') /adm/daemons/virtuald.c:35
arguments were ("/d/quanzhou")
locals were: ({ /* sizeof() == 2 */
  "d",
  "quanzhou"
}),"/d/quanzhou",1,0
' compile_object' in ' adm/single/master.c' ('   adm/single/master') /adm/single/master.c:41
arguments were ("/d/quanzhou")
locals were: adm/daemons/virtuald
' compile_object' in 'adm/daemons/virtuald.c' ('adm/daemons/virtuald') /adm/daemons/virtuald.c:35
arguments were ("/d/quanzhou")
locals were: ({ /* sizeof() == 2 */
  "d",
  "quanzhou"
}),"/d/quanzhou",1,0
' compile_object' in ' adm/single/master.c' ('   adm/single/master') /adm/single/master.c:41
arguments were ("/d/quanzhou")
locals were: adm/daemons/virtuald
' compile_object' in 'adm/daemons/virtuald.c' ('adm/daemons/virtuald') /adm/daemons/virtuald.c:35
arguments were ("/d/quanzhou")
locals were: ({ /* sizeof() == 2 */
  "d",
  "quanzhou"
}),"/d/quanzhou",1,0
' compile_object' in ' adm/single/master.c' ('   adm/single/master') /adm/single/master.c:41
arguments were ("/d/quanzhou")
locals were: adm/daemons/virtuald
' compile_object' in 'adm/daemons/virtuald.c' ('adm/daemons/virtuald') /adm/daemons/virtuald.c:35
arguments were ("/d/quanzhou")
locals were: ({ /* sizeof() == 2 */
  "d",
  "quanzhou"
}),"/d/quanzhou",1,0
' compile_object' in ' adm/single/master.c' ('   adm/single/master') /adm/single/master.c:41
arguments were ("/d/quanzhou")
locals were: adm/daemons/virtuald
' compile_object' in 'adm/daemons/virtuald.c' ('adm/daemons/virtuald') /adm/daemons/virtuald.c:35
arguments were ("/d/quanzhou")
locals were: ({ /* sizeof() == 2 */
  "d",
  "quanzhou"
}),"/d/quanzhou",1,0
' compile_object' in ' adm/single/master.c' ('   adm/single/master') /adm/single/master.c:41
arguments were ("/d/quanzhou")
locals were: adm/daemons/virtuald
' compile_object' in 'adm/daemons/virtuald.c' ('adm/daemons/virtuald') /adm/daemons/virtuald.c:35
arguments were ("/d/quanzhou")
locals were: ({ /* sizeof() == 2 */
  "d",
  "quanzhou"
}),"/d/quanzhou",1,0
' compile_object' in ' adm/single/master.c' ('   adm/single/master') /adm/single/master.c:41
arguments were ("/d/quanzhou")
locals were: adm/daemons/virtuald
' compile_object' in 'adm/daemons/virtuald.c' ('adm/daemons/virtuald') /adm/daemons/virtuald.c:35
arguments were ("/d/quanzhou")
locals were: ({ /* sizeof() == 2 */
  "d",
  "quanzhou"
}),"/d/quanzhou",1,0
' compile_object' in ' adm/single/master.c' ('   adm/single/master') /adm/single/master.c:41
arguments were ("/d/quanzhou")
locals were: adm/daemons/virtuald
' compile_object' in 'adm/daemons/virtuald.c' ('adm/daemons/virtuald') /adm/daemons/virtuald.c:35
arguments were ("/d/quanzhou")
locals were: ({ /* sizeof() == 2 */
  "d",
  "quanzhou"
}),"/d/quanzhou",1,0
' compile_object' in ' adm/single/master.c' ('   adm/single/master') /adm/single/master.c:41
arguments were ("/d/quanzhou")
locals were: adm/daemons/virtuald
' compile_object' in 'adm/daemons/virtuald.c' ('adm/daemons/virtuald') /adm/daemons/virtuald.c:35
arguments were ("/d/quanzhou")
locals were: ({ /* sizeof() == 2 */
  "d",
  "quanzhou"
}),"/d/quanzhou",1,0
' compile_object' in ' adm/single/master.c' ('   adm/single/master') /adm/single/master.c:41
arguments were ("/d/quanzhou")
locals were: adm/daemons/virtuald
' compile_object' in 'adm/daemons/virtuald.c' ('adm/daemons/virtuald') /adm/daemons/virtuald.c:35
arguments were ("/d/quanzhou")
locals were: ({ /* sizeof() == 2 */
  "d",
  "quanzhou"
}),"/d/quanzhou",1,0
' compile_object' in ' adm/single/master.c' ('   adm/single/master') /adm/single/master.c:41
arguments were ("/d/quanzhou")
locals were: adm/daemons/virtuald
' compile_object' in 'adm/daemons/virtuald.c' ('adm/daemons/virtuald') /adm/daemons/virtuald.c:35
arguments were ("/d/quanzhou")
locals were: ({ /* sizeof() == 2 */
  "d",
  "quanzhou"
}),"/d/quanzhou",1,0
' compile_object' in ' adm/single/master.c' ('   adm/single/master') /adm/single/master.c:41
arguments were ("/d/quanzhou")
locals were: adm/daemons/virtuald
' compile_object' in 'adm/daemons/virtuald.c' ('adm/daemons/virtuald') /adm/daemons/virtuald.c:35
arguments were ("/d/quanzhou")
locals were: ({ /* sizeof() == 2 */
  "d",
  "quanzhou"
}),"/d/quanzhou",1,0
' compile_object' in ' adm/single/master.c' ('   adm/single/master') /adm/single/master.c:41
arguments were ("/d/quanzhou")
locals were: adm/daemons/virtuald
' compile_object' in 'adm/daemons/virtuald.c' ('adm/daemons/virtuald') /adm/daemons/virtuald.c:35
arguments were ("/d/quanzhou")
locals were: ({ /* sizeof() == 2 */
  "d",
  "quanzhou"
}),"/d/quanzhou",1,0
' compile_object' in ' adm/single/master.c' ('   adm/single/master') /adm/single/master.c:41
arguments were ("/d/quanzhou")
locals were: adm/daemons/virtuald
' compile_object' in 'adm/daemons/virtuald.c' ('adm/daemons/virtuald') /adm/daemons/virtuald.c:35
arguments were ("/d/quanzhou")
locals were: ({ /* sizeof() == 2 */
  "d",
  "quanzhou"
}),"/d/quanzhou",1,0
' compile_object' in ' adm/single/master.c' ('   adm/single/master') /adm/single/master.c:41
arguments were ("/d/quanzhou")
locals were: adm/daemons/virtuald
' compile_object' in 'adm/daemons/virtuald.c' ('adm/daemons/virtuald') /adm/daemons/virtuald.c:35
arguments were ("/d/quanzhou")
locals were: ({ /* sizeof() == 2 */
  "d",
  "quanzhou"
}),"/d/quanzhou",1,0
' compile_object' in ' adm/single/master.c' ('   adm/single/master') /adm/single/master.c:41
arguments were ("/d/quanzhou")
locals were: adm/daemons/virtuald
' compile_object' in 'adm/daemons/virtuald.c' ('adm/daemons/virtuald') /adm/daemons/virtuald.c:35
arguments were ("/d/quanzhou")
locals were: ({ /* sizeof() == 2 */
  "d",
  "quanzhou"
}),"/d/quanzhou",1,0
' compile_object' in ' adm/single/master.c' ('   adm/single/master') /adm/single/master.c:41
arguments were ("/d/quanzhou")
locals were: adm/daemons/virtuald
' compile_object' in 'adm/daemons/virtuald.c' ('adm/daemons/virtuald') /adm/daemons/virtuald.c:35
arguments were ("/d/quanzhou")
locals were: ({ /* sizeof() == 2 */
  "d",
  "quanzhou"
}),"/d/quanzhou",1,0
' compile_object' in ' adm/single/master.c' ('   adm/single/master') /adm/single/master.c:41
arguments were ("/d/quanzhou")
locals were: adm/daemons/virtuald
' compile_object' in 'adm/daemons/virtuald.c' ('adm/daemons/virtuald') /adm/daemons/virtuald.c:35
arguments were ("/d/quanzhou")
locals were: ({ /* sizeof() == 2 */
  "d",
  "quanzhou"
}),"/d/quanzhou",1,0
' compile_object' in ' adm/single/master.c' ('   adm/single/master') /adm/single/master.c:41
arguments were ("/d/quanzhou")
locals were: adm/daemons/virtuald
' compile_object' in 'adm/daemons/virtuald.c' ('adm/daemons/virtuald') /adm/daemons/virtuald.c:25
arguments were ("/d/quanzhou")
locals were: ({ /* sizeof() == 2 */
  "d",
  "quanzhou"
}),"/d",0,0
Heart beat in kungfu/class/misc/donghai#215 turned off.
Initializing internal tables....
