
<---狂想空间: MudOs v22pre11 (by wwj,Jan  1 1999) startup on Microsoft Windows 98 at Mon Dec 02 12:11:50 2002

using config file: D:\ofs\config.fs
Can't find "mudos", ignoring old binaries.
Try invoking the driver using the full pathname.
System Error: init_addr_server: connect: WSAECONNREFUSED
]simul_efun loaded successfully.

Loading preloaded files ...
错误讯息被拦截: 
执行时段错误：*Bad argument 1 to explode()
Expected: string Got: 0.

程式：adm/daemons/securityd.c 第 124 行
物件: /adm/daemons/securityd
呼叫来自：adm/obj/master.c 的 preload() 第 115 行，物件： adm/obj/master
呼叫来自：adm/obj/master.c 的 CATCH() 第 115 行，物件： adm/obj/master
呼叫来自：adm/daemons/securityd.c 的 create() 第 124 行，物件： adm/daemons/securityd
Initializations complete.

Accepting connections on port 6666.

执行时段错误：*Value being indexed is zero.

程式：adm/daemons/securityd.c 第 148 行
物件: /adm/daemons/securityd
呼叫来自：adm/daemons/logind.c 的 get_points() 第 502 行，物件： adm/daemons/logind
呼叫来自：adm/daemons/logind.c 的 enter_world() 第 608 行，物件： adm/daemons/logind
呼叫来自：obj/user.c 的 setup() 第 90 行，物件： obj/user#1 ("玩具熊")
呼叫来自：std/char.c 的 setup() 第 50 行，物件： obj/user#1 ("玩具熊")
呼叫来自：feature/command.c 的 enable_player() 第 132 行，物件： obj/user#1 ("玩具熊")
呼叫来自：adm/obj/simul_efun.c 的 wizhood() 第 5 行，物件： adm/obj/simul_efun
呼叫来自：adm/daemons/securityd.c 的 get_status() 第 148 行，物件： adm/daemons/securityd

执行时段错误：*Value being indexed is zero.

程式：adm/daemons/securityd.c 第 148 行
物件: /adm/daemons/securityd
呼叫来自：std/char.c 的 heart_beat() 第 188 行，物件： obj/user#1 ("玩具熊")
呼叫来自：obj/user.c 的 save() 第 51 行，物件： obj/user#1 ("玩具熊")
呼叫来自：feature/save.c 的 save() 第 8 行，物件： obj/user#1 ("玩具熊")
呼叫来自：adm/obj/simul_efun.c 的 assure_file() 第 34 行，物件： adm/obj/simul_efun
呼叫来自：adm/obj/master.c 的 valid_write() 第 337 行，物件： adm/obj/master
呼叫来自：adm/daemons/securityd.c 的 valid_write() 第 309 行，物件： adm/daemons/securityd
呼叫来自：adm/daemons/securityd.c 的 get_status() 第 148 行，物件： adm/daemons/securityd
Heart beat in obj/user#1 turned off.

执行时段错误：*Value being indexed is zero.

程式：adm/daemons/securityd.c 第 148 行
物件: /adm/daemons/securityd
呼叫来自：obj/user.c 的 net_dead() 第 123 行，物件： obj/user#1 ("玩具熊")
呼叫来自：feature/save.c 的 save() 第 8 行，物件： obj/login#0
呼叫来自：adm/obj/simul_efun.c 的 assure_file() 第 34 行，物件： adm/obj/simul_efun
呼叫来自：adm/obj/master.c 的 valid_write() 第 337 行，物件： adm/obj/master
呼叫来自：adm/daemons/securityd.c 的 valid_write() 第 309 行，物件： adm/daemons/securityd
呼叫来自：adm/daemons/securityd.c 的 get_status() 第 148 行，物件： adm/daemons/securityd

执行时段错误：*Value being indexed is zero.

程式：adm/daemons/securityd.c 第 148 行
物件: /adm/daemons/securityd
呼叫来自：adm/daemons/logind.c 的 get_points() 第 502 行，物件： adm/daemons/logind
呼叫来自：adm/daemons/logind.c 的 enter_world() 第 608 行，物件： adm/daemons/logind
呼叫来自：obj/user.c 的 setup() 第 90 行，物件： obj/user#3 ("玩具熊")
呼叫来自：std/char.c 的 setup() 第 50 行，物件： obj/user#3 ("玩具熊")
呼叫来自：feature/command.c 的 enable_player() 第 132 行，物件： obj/user#3 ("玩具熊")
呼叫来自：adm/obj/simul_efun.c 的 wizhood() 第 5 行，物件： adm/obj/simul_efun
呼叫来自：adm/daemons/securityd.c 的 get_status() 第 148 行，物件： adm/daemons/securityd

执行时段错误：*Value being indexed is zero.

程式：adm/daemons/securityd.c 第 148 行
物件: /adm/daemons/securityd
呼叫来自：std/char.c 的 heart_beat() 第 188 行，物件： obj/user#3 ("玩具熊")
呼叫来自：obj/user.c 的 save() 第 51 行，物件： obj/user#3 ("玩具熊")
呼叫来自：feature/save.c 的 save() 第 8 行，物件： obj/user#3 ("玩具熊")
呼叫来自：adm/obj/simul_efun.c 的 assure_file() 第 34 行，物件： adm/obj/simul_efun
呼叫来自：adm/obj/master.c 的 valid_write() 第 337 行，物件： adm/obj/master
呼叫来自：adm/daemons/securityd.c 的 valid_write() 第 309 行，物件： adm/daemons/securityd
呼叫来自：adm/daemons/securityd.c 的 get_status() 第 148 行，物件： adm/daemons/securityd
Heart beat in obj/user#3 turned off.

执行时段错误：*Value being indexed is zero.

程式：adm/daemons/securityd.c 第 148 行
物件: /adm/daemons/securityd
呼叫来自：obj/user.c 的 net_dead() 第 123 行，物件： obj/user#3 ("玩具熊")
呼叫来自：feature/save.c 的 save() 第 8 行，物件： obj/login#2
呼叫来自：adm/obj/simul_efun.c 的 assure_file() 第 34 行，物件： adm/obj/simul_efun
呼叫来自：adm/obj/master.c 的 valid_write() 第 337 行，物件： adm/obj/master
呼叫来自：adm/daemons/securityd.c 的 valid_write() 第 309 行，物件： adm/daemons/securityd
呼叫来自：adm/daemons/securityd.c 的 get_status() 第 148 行，物件： adm/daemons/securityd
Initializing internal tables....

<---狂想空间: MudOs v22pre11 (by wwj,Jan  1 1999) startup on Microsoft Windows 98 at Mon Dec 02 12:15:53 2002

using config file: D:\ofs\config.fs
Can't find "mudos", ignoring old binaries.
Try invoking the driver using the full pathname.
System Error: init_addr_server: connect: WSAECONNREFUSED
]simul_efun loaded successfully.

Loading preloaded files ...
错误讯息被拦截: 
执行时段错误：*Bad argument 1 to explode()
Expected: string Got: 0.

程式：adm/daemons/securityd.c 第 124 行
物件: /adm/daemons/securityd
呼叫来自：adm/obj/master.c 的 preload() 第 115 行，物件： adm/obj/master
呼叫来自：adm/obj/master.c 的 CATCH() 第 115 行，物件： adm/obj/master
呼叫来自：adm/daemons/securityd.c 的 create() 第 124 行，物件： adm/daemons/securityd
Initializations complete.

Accepting connections on port 6666.

执行时段错误：*Value being indexed is zero.

程式：adm/daemons/securityd.c 第 148 行
物件: /adm/daemons/securityd
呼叫来自：adm/daemons/logind.c 的 get_points() 第 502 行，物件： adm/daemons/logind
呼叫来自：adm/daemons/logind.c 的 enter_world() 第 608 行，物件： adm/daemons/logind
呼叫来自：obj/user.c 的 setup() 第 90 行，物件： obj/user#1 ("玩具熊")
呼叫来自：std/char.c 的 setup() 第 50 行，物件： obj/user#1 ("玩具熊")
呼叫来自：feature/command.c 的 enable_player() 第 132 行，物件： obj/user#1 ("玩具熊")
呼叫来自：adm/obj/simul_efun.c 的 wizhood() 第 5 行，物件： adm/obj/simul_efun
呼叫来自：adm/daemons/securityd.c 的 get_status() 第 148 行，物件： adm/daemons/securityd

执行时段错误：*Value being indexed is zero.

程式：adm/daemons/securityd.c 第 148 行
物件: /adm/daemons/securityd
呼叫来自：std/char.c 的 heart_beat() 第 188 行，物件： obj/user#1 ("玩具熊")
呼叫来自：obj/user.c 的 save() 第 51 行，物件： obj/user#1 ("玩具熊")
呼叫来自：feature/save.c 的 save() 第 8 行，物件： obj/user#1 ("玩具熊")
呼叫来自：adm/obj/simul_efun.c 的 assure_file() 第 34 行，物件： adm/obj/simul_efun
呼叫来自：adm/obj/master.c 的 valid_write() 第 337 行，物件： adm/obj/master
呼叫来自：adm/daemons/securityd.c 的 valid_write() 第 309 行，物件： adm/daemons/securityd
呼叫来自：adm/daemons/securityd.c 的 get_status() 第 148 行，物件： adm/daemons/securityd
Heart beat in obj/user#1 turned off.
Initializing internal tables....

<---狂想空间: MudOs v22pre11 (by wwj,Jan  1 1999) startup on Microsoft Windows 98 at Mon Dec 02 12:30:07 2002

using config file: D:\ofs\config.fs
Can't find "mudos", ignoring old binaries.
Try invoking the driver using the full pathname.
System Error: init_addr_server: connect: WSAECONNREFUSED
]simul_efun loaded successfully.

Loading preloaded files ...
错误讯息被拦截: 
执行时段错误：*Bad argument 1 to explode()
Expected: string Got: 0.

程式：adm/daemons/securityd.c 第 124 行
物件: /adm/daemons/securityd
呼叫来自：adm/obj/master.c 的 preload() 第 115 行，物件： adm/obj/master
呼叫来自：adm/obj/master.c 的 CATCH() 第 115 行，物件： adm/obj/master
呼叫来自：adm/daemons/securityd.c 的 create() 第 124 行，物件： adm/daemons/securityd
Initializations complete.

Accepting connections on port 6666.

执行时段错误：*Value being indexed is zero.

程式：adm/daemons/securityd.c 第 148 行
物件: /adm/daemons/securityd
呼叫来自：adm/daemons/logind.c 的 get_points() 第 502 行，物件： adm/daemons/logind
呼叫来自：adm/daemons/logind.c 的 enter_world() 第 608 行，物件： adm/daemons/logind
呼叫来自：obj/user.c 的 setup() 第 90 行，物件： obj/user#1 ("玩具熊")
呼叫来自：std/char.c 的 setup() 第 50 行，物件： obj/user#1 ("玩具熊")
呼叫来自：feature/command.c 的 enable_player() 第 132 行，物件： obj/user#1 ("玩具熊")
呼叫来自：adm/obj/simul_efun.c 的 wizhood() 第 5 行，物件： adm/obj/simul_efun
呼叫来自：adm/daemons/securityd.c 的 get_status() 第 148 行，物件： adm/daemons/securityd

执行时段错误：*Value being indexed is zero.

程式：adm/daemons/securityd.c 第 148 行
物件: /adm/daemons/securityd
呼叫来自：std/char.c 的 heart_beat() 第 188 行，物件： obj/user#1 ("玩具熊")
呼叫来自：obj/user.c 的 save() 第 51 行，物件： obj/user#1 ("玩具熊")
呼叫来自：feature/save.c 的 save() 第 8 行，物件： obj/user#1 ("玩具熊")
呼叫来自：adm/obj/simul_efun.c 的 assure_file() 第 34 行，物件： adm/obj/simul_efun
呼叫来自：adm/obj/master.c 的 valid_write() 第 337 行，物件： adm/obj/master
呼叫来自：adm/daemons/securityd.c 的 valid_write() 第 309 行，物件： adm/daemons/securityd
呼叫来自：adm/daemons/securityd.c 的 get_status() 第 148 行，物件： adm/daemons/securityd
Heart beat in obj/user#1 turned off.
Initializing internal tables....

<---狂想空间: MudOs v22pre11 (by wwj,Jan  1 1999) startup on Microsoft Windows 98 at Mon Dec 02 12:31:48 2002

using config file: D:\ofs\config.fs
Can't find "mudos", ignoring old binaries.
Try invoking the driver using the full pathname.
System Error: init_addr_server: connect: WSAECONNREFUSED
]simul_efun loaded successfully.

Loading preloaded files ...
错误讯息被拦截: 
执行时段错误：*Bad argument 1 to explode()
Expected: string Got: 0.

程式：adm/daemons/securityd.c 第 124 行
物件: /adm/daemons/securityd
呼叫来自：adm/obj/master.c 的 preload() 第 115 行，物件： adm/obj/master
呼叫来自：adm/obj/master.c 的 CATCH() 第 115 行，物件： adm/obj/master
呼叫来自：adm/daemons/securityd.c 的 create() 第 124 行，物件： adm/daemons/securityd
错误讯息被拦截: 
执行时段错误：*Error in loading object '/adm/daemons/logind'

程式：adm/obj/master.c 第 115 行
物件: /adm/obj/master
呼叫来自：adm/obj/master.c 的 preload() 第 115 行，物件： adm/obj/master
呼叫来自：adm/obj/master.c 的 CATCH() 第 115 行，物件： adm/obj/master
Initializations complete.

Accepting connections on port 6666.

执行时段错误：*Error in loading object '/adm/daemons/logind'

程式：obj/login.c 第 11 行
物件: /obj/login#0
呼叫来自：obj/login.c 的 logon() 第 11 行，物件： obj/login#0
Initializing internal tables....

<---狂想空间: MudOs v22pre11 (by wwj,Jan  1 1999) startup on Microsoft Windows 98 at Mon Dec 02 12:32:18 2002

using config file: D:\ofs\config.fs
Can't find "mudos", ignoring old binaries.
Try invoking the driver using the full pathname.
System Error: init_addr_server: connect: WSAECONNREFUSED
]simul_efun loaded successfully.

Loading preloaded files ...
错误讯息被拦截: 
执行时段错误：*Bad argument 1 to explode()
Expected: string Got: 0.

程式：adm/daemons/securityd.c 第 124 行
物件: /adm/daemons/securityd
呼叫来自：adm/obj/master.c 的 preload() 第 115 行，物件： adm/obj/master
呼叫来自：adm/obj/master.c 的 CATCH() 第 115 行，物件： adm/obj/master
呼叫来自：adm/daemons/securityd.c 的 create() 第 124 行，物件： adm/daemons/securityd
Initializations complete.

Accepting connections on port 6666.

执行时段错误：*Value being indexed is zero.

程式：adm/daemons/securityd.c 第 148 行
物件: /adm/daemons/securityd
呼叫来自：adm/daemons/logind.c 的 get_points() 第 502 行，物件： adm/daemons/logind
呼叫来自：adm/daemons/logind.c 的 enter_world() 第 608 行，物件： adm/daemons/logind
呼叫来自：obj/user.c 的 setup() 第 90 行，物件： obj/user#1 ("玩具熊")
呼叫来自：std/char.c 的 setup() 第 50 行，物件： obj/user#1 ("玩具熊")
呼叫来自：feature/command.c 的 enable_player() 第 132 行，物件： obj/user#1 ("玩具熊")
呼叫来自：adm/obj/simul_efun.c 的 wizhood() 第 5 行，物件： adm/obj/simul_efun
呼叫来自：adm/daemons/securityd.c 的 get_status() 第 148 行，物件： adm/daemons/securityd

执行时段错误：*Value being indexed is zero.

程式：adm/daemons/securityd.c 第 148 行
物件: /adm/daemons/securityd
呼叫来自：std/char.c 的 heart_beat() 第 188 行，物件： obj/user#1 ("玩具熊")
呼叫来自：obj/user.c 的 save() 第 51 行，物件： obj/user#1 ("玩具熊")
呼叫来自：feature/save.c 的 save() 第 8 行，物件： obj/user#1 ("玩具熊")
呼叫来自：adm/obj/simul_efun.c 的 assure_file() 第 34 行，物件： adm/obj/simul_efun
呼叫来自：adm/obj/master.c 的 valid_write() 第 337 行，物件： adm/obj/master
呼叫来自：adm/daemons/securityd.c 的 valid_write() 第 309 行，物件： adm/daemons/securityd
呼叫来自：adm/daemons/securityd.c 的 get_status() 第 148 行，物件： adm/daemons/securityd
Heart beat in obj/user#1 turned off.
Initializing internal tables....

<---狂想空间: MudOs v22pre11 (by wwj,Jan  1 1999) startup on Microsoft Windows 98 at Mon Dec 02 12:33:11 2002

using config file: D:\ofs\config.fs
Can't find "mudos", ignoring old binaries.
Try invoking the driver using the full pathname.
System Error: init_addr_server: connect: WSAECONNREFUSED
]simul_efun loaded successfully.

Loading preloaded files ...
错误讯息被拦截: 
执行时段错误：*Bad argument 1 to explode()
Expected: string Got: 0.

程式：adm/daemons/securityd.c 第 124 行
物件: /adm/daemons/securityd
呼叫来自：adm/obj/master.c 的 preload() 第 115 行，物件： adm/obj/master
呼叫来自：adm/obj/master.c 的 CATCH() 第 115 行，物件： adm/obj/master
呼叫来自：adm/daemons/securityd.c 的 create() 第 124 行，物件： adm/daemons/securityd
Initializations complete.

Accepting connections on port 6666.

执行时段错误：*Value being indexed is zero.

程式：adm/daemons/securityd.c 第 148 行
物件: /adm/daemons/securityd
呼叫来自：adm/daemons/logind.c 的 get_points() 第 502 行，物件： adm/daemons/logind
呼叫来自：adm/daemons/logind.c 的 enter_world() 第 607 行，物件： adm/daemons/logind
呼叫来自：obj/user.c 的 setup() 第 90 行，物件： obj/user#1 ("玩具熊")
呼叫来自：std/char.c 的 setup() 第 50 行，物件： obj/user#1 ("玩具熊")
呼叫来自：feature/command.c 的 enable_player() 第 132 行，物件： obj/user#1 ("玩具熊")
呼叫来自：adm/obj/simul_efun.c 的 wizhood() 第 5 行，物件： adm/obj/simul_efun
呼叫来自：adm/daemons/securityd.c 的 get_status() 第 148 行，物件： adm/daemons/securityd

执行时段错误：*Value being indexed is zero.

程式：adm/daemons/securityd.c 第 148 行
物件: /adm/daemons/securityd
呼叫来自：std/char.c 的 heart_beat() 第 188 行，物件： obj/user#1 ("玩具熊")
呼叫来自：obj/user.c 的 save() 第 51 行，物件： obj/user#1 ("玩具熊")
呼叫来自：feature/save.c 的 save() 第 8 行，物件： obj/user#1 ("玩具熊")
呼叫来自：adm/obj/simul_efun.c 的 assure_file() 第 34 行，物件： adm/obj/simul_efun
呼叫来自：adm/obj/master.c 的 valid_write() 第 337 行，物件： adm/obj/master
呼叫来自：adm/daemons/securityd.c 的 valid_write() 第 309 行，物件： adm/daemons/securityd
呼叫来自：adm/daemons/securityd.c 的 get_status() 第 148 行，物件： adm/daemons/securityd
Heart beat in obj/user#1 turned off.

执行时段错误：*Value being indexed is zero.

程式：adm/daemons/securityd.c 第 148 行
物件: /adm/daemons/securityd
呼叫来自：obj/user.c 的 net_dead() 第 123 行，物件： obj/user#1 ("玩具熊")
呼叫来自：feature/save.c 的 save() 第 8 行，物件： obj/login#0
呼叫来自：adm/obj/simul_efun.c 的 assure_file() 第 34 行，物件： adm/obj/simul_efun
呼叫来自：adm/obj/master.c 的 valid_write() 第 337 行，物件： adm/obj/master
呼叫来自：adm/daemons/securityd.c 的 valid_write() 第 309 行，物件： adm/daemons/securityd
呼叫来自：adm/daemons/securityd.c 的 get_status() 第 148 行，物件： adm/daemons/securityd

执行时段错误：*Value being indexed is zero.

程式：adm/daemons/securityd.c 第 148 行
物件: /adm/daemons/securityd
呼叫来自：adm/daemons/logind.c 的 get_points() 第 502 行，物件： adm/daemons/logind
呼叫来自：adm/daemons/logind.c 的 enter_world() 第 607 行，物件： adm/daemons/logind
呼叫来自：obj/user.c 的 setup() 第 90 行，物件： obj/user#3 ("玩具熊")
呼叫来自：std/char.c 的 setup() 第 50 行，物件： obj/user#3 ("玩具熊")
呼叫来自：feature/command.c 的 enable_player() 第 132 行，物件： obj/user#3 ("玩具熊")
呼叫来自：adm/obj/simul_efun.c 的 wizhood() 第 5 行，物件： adm/obj/simul_efun
呼叫来自：adm/daemons/securityd.c 的 get_status() 第 148 行，物件： adm/daemons/securityd

执行时段错误：*Value being indexed is zero.

程式：adm/daemons/securityd.c 第 148 行
物件: /adm/daemons/securityd
呼叫来自：std/char.c 的 heart_beat() 第 188 行，物件： obj/user#3 ("玩具熊")
呼叫来自：obj/user.c 的 save() 第 51 行，物件： obj/user#3 ("玩具熊")
呼叫来自：feature/save.c 的 save() 第 8 行，物件： obj/user#3 ("玩具熊")
呼叫来自：adm/obj/simul_efun.c 的 assure_file() 第 34 行，物件： adm/obj/simul_efun
呼叫来自：adm/obj/master.c 的 valid_write() 第 337 行，物件： adm/obj/master
呼叫来自：adm/daemons/securityd.c 的 valid_write() 第 309 行，物件： adm/daemons/securityd
呼叫来自：adm/daemons/securityd.c 的 get_status() 第 148 行，物件： adm/daemons/securityd
Heart beat in obj/user#3 turned off.

执行时段错误：*Value being indexed is zero.

程式：adm/daemons/securityd.c 第 148 行
物件: /adm/daemons/securityd
呼叫来自：obj/user.c 的 net_dead() 第 123 行，物件： obj/user#3 ("玩具熊")
呼叫来自：feature/save.c 的 save() 第 8 行，物件： obj/login#2
呼叫来自：adm/obj/simul_efun.c 的 assure_file() 第 34 行，物件： adm/obj/simul_efun
呼叫来自：adm/obj/master.c 的 valid_write() 第 337 行，物件： adm/obj/master
呼叫来自：adm/daemons/securityd.c 的 valid_write() 第 309 行，物件： adm/daemons/securityd
呼叫来自：adm/daemons/securityd.c 的 get_status() 第 148 行，物件： adm/daemons/securityd

执行时段错误：*Value being indexed is zero.

程式：adm/daemons/securityd.c 第 148 行
物件: /adm/daemons/securityd
呼叫来自：adm/daemons/logind.c 的 get_points() 第 502 行，物件： adm/daemons/logind
呼叫来自：adm/daemons/logind.c 的 enter_world() 第 607 行，物件： adm/daemons/logind
呼叫来自：obj/user.c 的 setup() 第 90 行，物件： obj/user#5 ("玩具熊")
呼叫来自：std/char.c 的 setup() 第 50 行，物件： obj/user#5 ("玩具熊")
呼叫来自：feature/command.c 的 enable_player() 第 132 行，物件： obj/user#5 ("玩具熊")
呼叫来自：adm/obj/simul_efun.c 的 wizhood() 第 5 行，物件： adm/obj/simul_efun
呼叫来自：adm/daemons/securityd.c 的 get_status() 第 148 行，物件： adm/daemons/securityd

执行时段错误：*Value being indexed is zero.

程式：adm/daemons/securityd.c 第 148 行
物件: /adm/daemons/securityd
呼叫来自：std/char.c 的 heart_beat() 第 188 行，物件： obj/user#5 ("玩具熊")
呼叫来自：obj/user.c 的 save() 第 51 行，物件： obj/user#5 ("玩具熊")
呼叫来自：feature/save.c 的 save() 第 8 行，物件： obj/user#5 ("玩具熊")
呼叫来自：adm/obj/simul_efun.c 的 assure_file() 第 34 行，物件： adm/obj/simul_efun
呼叫来自：adm/obj/master.c 的 valid_write() 第 337 行，物件： adm/obj/master
呼叫来自：adm/daemons/securityd.c 的 valid_write() 第 309 行，物件： adm/daemons/securityd
呼叫来自：adm/daemons/securityd.c 的 get_status() 第 148 行，物件： adm/daemons/securityd
Heart beat in obj/user#5 turned off.
Initializing internal tables....

<---狂想空间: MudOs v22pre11 (by wwj,Jan  1 1999) startup on Microsoft Windows 98 at Mon Dec 02 12:36:50 2002

using config file: D:\ofs\config.fs
Can't find "mudos", ignoring old binaries.
Try invoking the driver using the full pathname.
System Error: init_addr_server: connect: WSAECONNREFUSED
]simul_efun loaded successfully.

Loading preloaded files ...
错误讯息被拦截: 
执行时段错误：*Bad argument 1 to explode()
Expected: string Got: 0.

程式：adm/daemons/securityd.c 第 63 行
物件: /adm/daemons/securityd
呼叫来自：adm/obj/master.c 的 preload() 第 115 行，物件： adm/obj/master
呼叫来自：adm/obj/master.c 的 CATCH() 第 115 行，物件： adm/obj/master
呼叫来自：adm/daemons/securityd.c 的 create() 第 63 行，物件： adm/daemons/securityd
Initializations complete.

Accepting connections on port 6666.

执行时段错误：*Bad argument 1 to keys()
Expected: mapping Got: 0.

程式：adm/daemons/securityd.c 第 83 行
物件: /adm/daemons/securityd
呼叫来自：feature/command.c 的 command_hook() 第 101 行，物件： obj/user#1 ("玩具熊")
呼叫来自：feature/command.c 的 do_command() 第 70 行，物件： obj/user#1 ("玩具熊")
呼叫来自：cmds/std/wizlist.c 的 main() 第 12 行，物件： cmds/std/wizlist
呼叫来自：adm/daemons/securityd.c 的 query_wizlist() 第 83 行，物件： adm/daemons/securityd

执行时段错误：*Bad argument 1 to keys()
Expected: mapping Got: 0.

程式：adm/daemons/securityd.c 第 83 行
物件: /adm/daemons/securityd
呼叫来自：feature/command.c 的 command_hook() 第 101 行，物件： obj/user#1 ("玩具熊")
呼叫来自：feature/command.c 的 do_command() 第 70 行，物件： obj/user#1 ("玩具熊")
呼叫来自：cmds/std/wizlist.c 的 main() 第 12 行，物件： cmds/std/wizlist
呼叫来自：adm/daemons/securityd.c 的 query_wizlist() 第 83 行，物件： adm/daemons/securityd

执行时段错误：*Bad argument 1 to keys()
Expected: mapping Got: 0.

程式：adm/daemons/securityd.c 第 83 行
物件: /adm/daemons/securityd
呼叫来自：feature/command.c 的 command_hook() 第 101 行，物件： obj/user#1 ("玩具熊")
呼叫来自：feature/command.c 的 do_command() 第 70 行，物件： obj/user#1 ("玩具熊")
呼叫来自：cmds/std/wizlist.c 的 main() 第 12 行，物件： cmds/std/wizlist
呼叫来自：adm/daemons/securityd.c 的 query_wizlist() 第 83 行，物件： adm/daemons/securityd

执行时段错误：*Bad argument 1 to keys()
Expected: mapping Got: 0.

程式：adm/daemons/securityd.c 第 83 行
物件: /adm/daemons/securityd
呼叫来自：feature/command.c 的 command_hook() 第 101 行，物件： obj/user#1 ("玩具熊")
呼叫来自：feature/command.c 的 do_command() 第 70 行，物件： obj/user#1 ("玩具熊")
呼叫来自：cmds/std/wizlist.c 的 main() 第 12 行，物件： cmds/std/wizlist
呼叫来自：adm/daemons/securityd.c 的 query_wizlist() 第 83 行，物件： adm/daemons/securityd
Initializing internal tables....

<---狂想空间: MudOs v22pre11 (by wwj,Jan  1 1999) startup on Microsoft Windows 98 at Mon Dec 02 12:37:48 2002

using config file: D:\ofs\config.fs
Can't find "mudos", ignoring old binaries.
Try invoking the driver using the full pathname.
System Error: init_addr_server: connect: WSAECONNREFUSED
]simul_efun loaded successfully.

Loading preloaded files ...
Initializations complete.

Accepting connections on port 6666.

执行时段错误：*Wrong permissions for opening file /log/static/CALL_WIZARD for append.
"No such file or directory"

程式：adm/obj/simul_efun.c 第 18 行
物件: /adm/obj/simul_efun
呼叫来自：feature/command.c 的 command_hook() 第 100 行，物件： obj/user#1 ("玩具熊")
呼叫来自：feature/command.c 的 do_command() 第 70 行，物件： obj/user#1 ("玩具熊")
呼叫来自：cmds/wiz/call.c 的 main() 第 70 行，物件： cmds/wiz/call
呼叫来自：adm/obj/simul_efun.c 的 log_file() 第 18 行，物件： adm/obj/simul_efun

执行时段错误：*Wrong permissions for opening file /log/static/CALL_WIZARD for append.
"No such file or directory"

程式：adm/obj/simul_efun.c 第 18 行
物件: /adm/obj/simul_efun
呼叫来自：feature/command.c 的 command_hook() 第 100 行，物件： obj/user#1 ("玩具熊")
呼叫来自：feature/command.c 的 do_command() 第 70 行，物件： obj/user#1 ("玩具熊")
呼叫来自：cmds/wiz/call.c 的 main() 第 70 行，物件： cmds/wiz/call
呼叫来自：adm/obj/simul_efun.c 的 log_file() 第 18 行，物件： adm/obj/simul_efun

执行时段错误：*Wrong permissions for opening file /log/static/CALL_WIZARD for append.
"No such file or directory"

程式：adm/obj/simul_efun.c 第 18 行
物件: /adm/obj/simul_efun
呼叫来自：feature/command.c 的 command_hook() 第 100 行，物件： obj/user#1 ("玩具熊")
呼叫来自：feature/command.c 的 do_command() 第 70 行，物件： obj/user#1 ("玩具熊")
呼叫来自：cmds/wiz/call.c 的 main() 第 70 行，物件： cmds/wiz/call
呼叫来自：adm/obj/simul_efun.c 的 log_file() 第 18 行，物件： adm/obj/simul_efun

执行时段错误：*Wrong permissions for opening file /log/static/CALL_WIZARD for append.
"No such file or directory"

程式：adm/obj/simul_efun.c 第 18 行
物件: /adm/obj/simul_efun
呼叫来自：feature/command.c 的 command_hook() 第 100 行，物件： obj/user#1 ("玩具熊")
呼叫来自：feature/command.c 的 do_command() 第 70 行，物件： obj/user#1 ("玩具熊")
呼叫来自：cmds/wiz/call.c 的 main() 第 70 行，物件： cmds/wiz/call
呼叫来自：adm/obj/simul_efun.c 的 log_file() 第 18 行，物件： adm/obj/simul_efun

执行时段错误：*Strings cannot contain 0 bytes.

程式：cmds/apr/cp.c 第 28 行
物件: /cmds/apr/cp
呼叫来自：feature/command.c 的 command_hook() 第 100 行，物件： obj/user#1 ("玩具熊")
呼叫来自：feature/command.c 的 do_command() 第 70 行，物件： obj/user#1 ("玩具熊")
呼叫来自：cmds/apr/cp.c 的 main() 第 28 行，物件： cmds/apr/cp

执行时段错误：*Strings cannot contain 0 bytes.

程式：cmds/apr/cp.c 第 28 行
物件: /cmds/apr/cp
呼叫来自：feature/command.c 的 command_hook() 第 100 行，物件： obj/user#1 ("玩具熊")
呼叫来自：feature/command.c 的 do_command() 第 70 行，物件： obj/user#1 ("玩具熊")
呼叫来自：cmds/apr/cp.c 的 main() 第 28 行，物件： cmds/apr/cp

执行时段错误：*Error in loading object '/u/a/alus/workroom'

程式：feature/move.c 第 58 行
物件: /obj/user#50
呼叫来自：feature/command.c 的 command_hook() 第 100 行，物件： obj/user#50 ("玩具熊")
呼叫来自：feature/command.c 的 do_command() 第 70 行，物件： obj/user#50 ("玩具熊")
呼叫来自：cmds/imm/goto.c 的 main() 第 27 行，物件： cmds/imm/goto
呼叫来自：feature/move.c 的 move() 第 58 行，物件： obj/user#50 ("玩具熊")

执行时段错误：*Strings cannot contain 0 bytes.

程式：cmds/apr/cp.c 第 28 行
物件: /cmds/apr/cp
呼叫来自：feature/command.c 的 command_hook() 第 100 行，物件： obj/user#50 ("玩具熊")
呼叫来自：feature/command.c 的 do_command() 第 70 行，物件： obj/user#50 ("玩具熊")
呼叫来自：cmds/apr/cp.c 的 main() 第 28 行，物件： cmds/apr/cp

执行时段错误：*Strings cannot contain 0 bytes.

程式：cmds/apr/cp.c 第 28 行
物件: /cmds/apr/cp
呼叫来自：feature/command.c 的 command_hook() 第 100 行，物件： obj/user#50 ("玩具熊")
呼叫来自：feature/command.c 的 do_command() 第 70 行，物件： obj/user#50 ("玩具熊")
呼叫来自：cmds/apr/cp.c 的 main() 第 28 行，物件： cmds/apr/cp
错误讯息被拦截: 
执行时段错误：*Error in loading object '/u/bear/wiz_cloak'

程式：cmds/apr/clone.c 第 26 行
物件: /cmds/apr/clone
呼叫来自：feature/command.c 的 command_hook() 第 100 行，物件： obj/user#54 ("玩具熊")
呼叫来自：feature/command.c 的 do_command() 第 70 行，物件： obj/user#54 ("玩具熊")
呼叫来自：cmds/apr/clone.c 的 main() 第 26 行，物件： cmds/apr/clone
呼叫来自：cmds/apr/clone.c 的 CATCH() 第 26 行，物件： cmds/apr/clone
错误讯息被拦截: 
执行时段错误：*Error in loading object '/u/bear/wiz_cloak'

程式：cmds/apr/update.c 第 50 行
物件: /cmds/apr/update
呼叫来自：feature/command.c 的 command_hook() 第 100 行，物件： obj/user#54 ("玩具熊")
呼叫来自：feature/command.c 的 do_command() 第 70 行，物件： obj/user#54 ("玩具熊")
呼叫来自：cmds/apr/update.c 的 main() 第 50 行，物件： cmds/apr/update
呼叫来自：cmds/apr/update.c 的 CATCH() 第 50 行，物件： cmds/apr/update

执行时段错误：*Error in loading object '/cmds/std/enable'

程式：feature/command.c 第 70 行
物件: /obj/user#54
呼叫来自：feature/command.c 的 command_hook() 第 100 行，物件： obj/user#54 ("玩具熊")
呼叫来自：feature/command.c 的 do_command() 第 70 行，物件： obj/user#54 ("玩具熊")
错误讯息被拦截: 
执行时段错误：*Error in loading object '/cmds/std/enable'

程式：cmds/apr/update.c 第 50 行
物件: /cmds/apr/update
呼叫来自：feature/command.c 的 command_hook() 第 100 行，物件： obj/user#54 ("玩具熊")
呼叫来自：feature/command.c 的 do_command() 第 70 行，物件： obj/user#54 ("玩具熊")
呼叫来自：cmds/apr/update.c 的 main() 第 50 行，物件： cmds/apr/update
呼叫来自：cmds/apr/update.c 的 CATCH() 第 50 行，物件： cmds/apr/update
错误讯息被拦截: 
执行时段错误：*Error in loading object '/cmds/std/enable'

程式：cmds/apr/update.c 第 50 行
物件: /cmds/apr/update
呼叫来自：feature/command.c 的 command_hook() 第 100 行，物件： obj/user#54 ("玩具熊")
呼叫来自：feature/command.c 的 do_command() 第 70 行，物件： obj/user#54 ("玩具熊")
呼叫来自：cmds/apr/update.c 的 main() 第 50 行，物件： cmds/apr/update
呼叫来自：cmds/apr/update.c 的 CATCH() 第 50 行，物件： cmds/apr/update

执行时段错误：*F_SKILL: No such skill ("spells.120)

程式：feature/skill.c 第 24 行
物件: /obj/user#54
呼叫来自：feature/command.c 的 command_hook() 第 100 行，物件： obj/user#54 ("玩具熊")
呼叫来自：feature/command.c 的 do_command() 第 70 行，物件： obj/user#54 ("玩具熊")
呼叫来自：cmds/wiz/call.c 的 main() 第 86 行，物件： cmds/wiz/call
呼叫来自：feature/skill.c 的 set_skill() 第 24 行，物件： obj/user#54 ("玩具熊")

执行时段错误：*F_SKILL: No such skill (dreamagic)

程式：feature/skill.c 第 24 行
物件: /obj/user#54
呼叫来自：feature/command.c 的 command_hook() 第 100 行，物件： obj/user#54 ("玩具熊")
呼叫来自：feature/command.c 的 do_command() 第 70 行，物件： obj/user#54 ("玩具熊")
呼叫来自：cmds/wiz/call.c 的 main() 第 86 行，物件： cmds/wiz/call
呼叫来自：feature/skill.c 的 set_skill() 第 24 行，物件： obj/user#54 ("玩具熊")

执行时段错误：*Error in loading object '/cmds/std/help'

程式：feature/command.c 第 70 行
物件: /obj/user#59
呼叫来自：feature/command.c 的 command_hook() 第 101 行，物件： obj/user#59 ("玩具熊")
呼叫来自：feature/command.c 的 do_command() 第 70 行，物件： obj/user#59 ("玩具熊")
错误讯息被拦截: 
执行时段错误：*Error in loading object '/cmds/std/help'

程式：cmds/apr/update.c 第 50 行
物件: /cmds/apr/update
呼叫来自：feature/command.c 的 command_hook() 第 100 行，物件： obj/user#59 ("玩具熊")
呼叫来自：feature/command.c 的 do_command() 第 70 行，物件： obj/user#59 ("玩具熊")
呼叫来自：cmds/apr/update.c 的 main() 第 50 行，物件： cmds/apr/update
呼叫来自：cmds/apr/update.c 的 CATCH() 第 50 行，物件： cmds/apr/update

执行时段错误：*Error in loading object '/cmds/std/help'

程式：feature/command.c 第 70 行
物件: /obj/user#59
呼叫来自：feature/command.c 的 command_hook() 第 101 行，物件： obj/user#59 ("玩具熊")
呼叫来自：feature/command.c 的 do_command() 第 70 行，物件： obj/user#59 ("玩具熊")
错误讯息被拦截: 
执行时段错误：*Error in loading object '/cmds/std/help'

程式：cmds/apr/update.c 第 50 行
物件: /cmds/apr/update
呼叫来自：feature/command.c 的 command_hook() 第 100 行，物件： obj/user#59 ("玩具熊")
呼叫来自：feature/command.c 的 do_command() 第 70 行，物件： obj/user#59 ("玩具熊")
呼叫来自：cmds/apr/update.c 的 main() 第 50 行，物件： cmds/apr/update
呼叫来自：cmds/apr/update.c 的 CATCH() 第 50 行，物件： cmds/apr/update
错误讯息被拦截: 
执行时段错误：*Error in loading object '/cmds/std/help'

程式：cmds/apr/update.c 第 50 行
物件: /cmds/apr/update
呼叫来自：feature/command.c 的 command_hook() 第 101 行，物件： obj/user#59 ("玩具熊")
呼叫来自：feature/command.c 的 do_command() 第 70 行，物件： obj/user#59 ("玩具熊")
呼叫来自：cmds/apr/update.c 的 main() 第 50 行，物件： cmds/apr/update
呼叫来自：cmds/apr/update.c 的 CATCH() 第 50 行，物件： cmds/apr/update
错误讯息被拦截: 
执行时段错误：*Error in loading object '/cmds/std/help'

程式：cmds/apr/update.c 第 50 行
物件: /cmds/apr/update
呼叫来自：feature/command.c 的 command_hook() 第 101 行，物件： obj/user#59 ("玩具熊")
呼叫来自：feature/command.c 的 do_command() 第 70 行，物件： obj/user#59 ("玩具熊")
呼叫来自：cmds/apr/update.c 的 main() 第 50 行，物件： cmds/apr/update
呼叫来自：cmds/apr/update.c 的 CATCH() 第 50 行，物件： cmds/apr/update
错误讯息被拦截: 
执行时段错误：*Error in loading object '/cmds/std/help'

程式：cmds/apr/update.c 第 50 行
物件: /cmds/apr/update
呼叫来自：feature/command.c 的 command_hook() 第 101 行，物件： obj/user#59 ("玩具熊")
呼叫来自：feature/command.c 的 do_command() 第 70 行，物件： obj/user#59 ("玩具熊")
呼叫来自：cmds/apr/update.c 的 main() 第 50 行，物件： cmds/apr/update
呼叫来自：cmds/apr/update.c 的 CATCH() 第 50 行，物件： cmds/apr/update
错误讯息被拦截: 
执行时段错误：*Error in loading object '/cmds/std/help'

程式：cmds/apr/update.c 第 50 行
物件: /cmds/apr/update
呼叫来自：feature/command.c 的 command_hook() 第 101 行，物件： obj/user#59 ("玩具熊")
呼叫来自：feature/command.c 的 do_command() 第 70 行，物件： obj/user#59 ("玩具熊")
呼叫来自：cmds/apr/update.c 的 main() 第 50 行，物件： cmds/apr/update
呼叫来自：cmds/apr/update.c 的 CATCH() 第 50 行，物件： cmds/apr/update
错误讯息被拦截: 
执行时段错误：*Error in loading object '/cmds/std/help'

程式：cmds/apr/update.c 第 50 行
物件: /cmds/apr/update
呼叫来自：feature/command.c 的 command_hook() 第 101 行，物件： obj/user#59 ("玩具熊")
呼叫来自：feature/command.c 的 do_command() 第 70 行，物件： obj/user#59 ("玩具熊")
呼叫来自：cmds/apr/update.c 的 main() 第 50 行，物件： cmds/apr/update
呼叫来自：cmds/apr/update.c 的 CATCH() 第 50 行，物件： cmds/apr/update
错误讯息被拦截: 
执行时段错误：*Error in loading object '/cmds/std/help'

程式：cmds/apr/update.c 第 50 行
物件: /cmds/apr/update
呼叫来自：feature/command.c 的 command_hook() 第 101 行，物件： obj/user#59 ("玩具熊")
呼叫来自：feature/command.c 的 do_command() 第 70 行，物件： obj/user#59 ("玩具熊")
呼叫来自：cmds/apr/update.c 的 main() 第 50 行，物件： cmds/apr/update
呼叫来自：cmds/apr/update.c 的 CATCH() 第 50 行，物件： cmds/apr/update

执行时段错误：*call_other() couldn't find object

程式：cmds/std/perform.c 第 38 行
物件: /cmds/std/perform
呼叫来自：feature/command.c 的 command_hook() 第 100 行，物件： obj/user#59 ("玩具熊")
呼叫来自：feature/command.c 的 do_command() 第 70 行，物件： obj/user#59 ("玩具熊")
呼叫来自：cmds/std/perform.c 的 main() 第 38 行，物件： cmds/std/perform

执行时段错误：*Left hand side of += is a number (or zero); right side is not a number.

程式：feature/damage.c 第 212 行
物件: /daemon/class/swordsman/fanson#93
呼叫来自：std/char.c 的 heart_beat() 第 95 行，物件： daemon/class/swordsman/fanson#93 ("范松")
呼叫来自：feature/damage.c 的 die() 第 212 行，物件： daemon/class/swordsman/fanson#93 ("范松")
Heart beat in daemon/class/swordsman/fanson#93 turned off.

执行时段错误：*Left hand side of += is a number (or zero); right side is not a number.

程式：feature/damage.c 第 212 行
物件: /daemon/class/swordsman/fanson#93
呼叫来自：std/char.c 的 heart_beat() 第 95 行，物件： daemon/class/swordsman/fanson#93 ("范松")
呼叫来自：feature/damage.c 的 die() 第 212 行，物件： daemon/class/swordsman/fanson#93 ("范松")
Heart beat in daemon/class/swordsman/fanson#93 turned off.

执行时段错误：*Left hand side of += is a number (or zero); right side is not a number.

程式：feature/damage.c 第 212 行
物件: /daemon/class/swordsman/fanson#93
呼叫来自：std/char.c 的 heart_beat() 第 95 行，物件： daemon/class/swordsman/fanson#93 ("范松")
呼叫来自：feature/damage.c 的 die() 第 212 行，物件： daemon/class/swordsman/fanson#93 ("范松")
Heart beat in daemon/class/swordsman/fanson#93 turned off.

执行时段错误：*Left hand side of += is a number (or zero); right side is not a number.

程式：feature/damage.c 第 212 行
物件: /daemon/class/swordsman/fanson#93
呼叫来自：std/char.c 的 heart_beat() 第 95 行，物件： daemon/class/swordsman/fanson#93 ("范松")
呼叫来自：feature/damage.c 的 die() 第 212 行，物件： daemon/class/swordsman/fanson#93 ("范松")
Heart beat in daemon/class/swordsman/fanson#93 turned off.

执行时段错误：*Left hand side of += is a number (or zero); right side is not a number.

程式：feature/damage.c 第 212 行
物件: /daemon/class/swordsman/fanson#102
呼叫来自：std/char.c 的 heart_beat() 第 95 行，物件： daemon/class/swordsman/fanson#102 ("范松")
呼叫来自：feature/damage.c 的 die() 第 212 行，物件： daemon/class/swordsman/fanson#102 ("范松")
Heart beat in daemon/class/swordsman/fanson#102 turned off.

执行时段错误：*Left hand side of += is a number (or zero); right side is not a number.

程式：feature/damage.c 第 212 行
物件: /daemon/class/swordsman/fanson#102
呼叫来自：std/char.c 的 heart_beat() 第 95 行，物件： daemon/class/swordsman/fanson#102 ("范松")
呼叫来自：feature/damage.c 的 die() 第 212 行，物件： daemon/class/swordsman/fanson#102 ("范松")
Heart beat in daemon/class/swordsman/fanson#102 turned off.

执行时段错误：*Left hand side of += is a number (or zero); right side is not a number.

程式：feature/damage.c 第 212 行
物件: /daemon/class/swordsman/chenfon#118
呼叫来自：std/char.c 的 heart_beat() 第 95 行，物件： daemon/class/swordsman/chenfon#118 ("张乘风")
呼叫来自：feature/damage.c 的 die() 第 212 行，物件： daemon/class/swordsman/chenfon#118 ("张乘风")
Heart beat in daemon/class/swordsman/chenfon#118 turned off.

执行时段错误：*Left hand side of += is a number (or zero); right side is not a number.

程式：feature/damage.c 第 212 行
物件: /daemon/class/swordsman/chenfon#118
呼叫来自：std/char.c 的 heart_beat() 第 95 行，物件： daemon/class/swordsman/chenfon#118 ("张乘风")
呼叫来自：feature/damage.c 的 die() 第 212 行，物件： daemon/class/swordsman/chenfon#118 ("张乘风")
Heart beat in daemon/class/swordsman/chenfon#118 turned off.

执行时段错误：*Left hand side of += is a number (or zero); right side is not a number.

程式：feature/damage.c 第 212 行
物件: /daemon/class/swordsman/chenfon#118
呼叫来自：std/char.c 的 heart_beat() 第 95 行，物件： daemon/class/swordsman/chenfon#118 ("张乘风")
呼叫来自：feature/damage.c 的 die() 第 212 行，物件： daemon/class/swordsman/chenfon#118 ("张乘风")
Heart beat in daemon/class/swordsman/chenfon#118 turned off.

执行时段错误：*Left hand side of += is a number (or zero); right side is not a number.

程式：feature/damage.c 第 212 行
物件: /daemon/class/swordsman/chenfon#118
呼叫来自：std/char.c 的 heart_beat() 第 95 行，物件： daemon/class/swordsman/chenfon#118 ("张乘风")
呼叫来自：feature/damage.c 的 die() 第 212 行，物件： daemon/class/swordsman/chenfon#118 ("张乘风")
Heart beat in daemon/class/swordsman/chenfon#118 turned off.

执行时段错误：*Left hand side of += is a number (or zero); right side is not a number.

程式：feature/damage.c 第 212 行
物件: /daemon/class/swordsman/chenfon#129
呼叫来自：feature/command.c 的 command_hook() 第 100 行，物件： obj/user#59 ("玩具熊")
呼叫来自：feature/command.c 的 do_command() 第 70 行，物件： obj/user#59 ("玩具熊")
呼叫来自：cmds/wiz/smash.c 的 main() 第 22 行，物件： cmds/wiz/smash
呼叫来自：feature/damage.c 的 die() 第 212 行，物件： daemon/class/swordsman/chenfon#129 ("张乘风")

执行时段错误：*Left hand side of += is a number (or zero); right side is not a number.

程式：feature/damage.c 第 212 行
物件: /daemon/class/swordsman/chenfon#129
呼叫来自：std/char.c 的 heart_beat() 第 95 行，物件： daemon/class/swordsman/chenfon#129 ("张乘风")
呼叫来自：feature/damage.c 的 die() 第 212 行，物件： daemon/class/swordsman/chenfon#129 ("张乘风")
Heart beat in daemon/class/swordsman/chenfon#129 turned off.

执行时段错误：*Left hand side of += is a number (or zero); right side is not a number.

程式：feature/damage.c 第 212 行
物件: /daemon/class/swordsman/chenfon#129
呼叫来自：feature/command.c 的 command_hook() 第 100 行，物件： obj/user#59 ("玩具熊")
呼叫来自：feature/command.c 的 do_command() 第 70 行，物件： obj/user#59 ("玩具熊")
呼叫来自：cmds/wiz/smash.c 的 main() 第 22 行，物件： cmds/wiz/smash
呼叫来自：feature/damage.c 的 die() 第 212 行，物件： daemon/class/swordsman/chenfon#129 ("张乘风")

执行时段错误：*Left hand side of += is a number (or zero); right side is not a number.

程式：feature/damage.c 第 212 行
物件: /daemon/class/swordsman/chenfon#147
呼叫来自：std/char.c 的 heart_beat() 第 95 行，物件： daemon/class/swordsman/chenfon#147 ("张乘风")
呼叫来自：feature/damage.c 的 die() 第 212 行，物件： daemon/class/swordsman/chenfon#147 ("张乘风")
Heart beat in daemon/class/swordsman/chenfon#147 turned off.

执行时段错误：*Left hand side of += is a number (or zero); right side is not a number.

程式：feature/damage.c 第 212 行
物件: /daemon/class/swordsman/chenfon#147
呼叫来自：std/char.c 的 heart_beat() 第 95 行，物件： daemon/class/swordsman/chenfon#147 ("张乘风")
呼叫来自：feature/damage.c 的 die() 第 212 行，物件： daemon/class/swordsman/chenfon#147 ("张乘风")
Heart beat in daemon/class/swordsman/chenfon#147 turned off.

执行时段错误：*Left hand side of += is a number (or zero); right side is not a number.

程式：feature/damage.c 第 212 行
物件: /daemon/class/swordsman/chenfon#147
呼叫来自：feature/command.c 的 command_hook() 第 100 行，物件： obj/user#59 ("玩具熊")
呼叫来自：feature/command.c 的 do_command() 第 70 行，物件： obj/user#59 ("玩具熊")
呼叫来自：cmds/wiz/smash.c 的 main() 第 22 行，物件： cmds/wiz/smash
呼叫来自：feature/damage.c 的 die() 第 212 行，物件： daemon/class/swordsman/chenfon#147 ("张乘风")

执行时段错误：*Left hand side of += is a number (or zero); right side is not a number.

程式：feature/damage.c 第 212 行
物件: /daemon/class/swordsman/chenfon#147
呼叫来自：std/char.c 的 heart_beat() 第 95 行，物件： daemon/class/swordsman/chenfon#147 ("张乘风")
呼叫来自：feature/damage.c 的 die() 第 212 行，物件： daemon/class/swordsman/chenfon#147 ("张乘风")
Heart beat in daemon/class/swordsman/chenfon#147 turned off.

执行时段错误：*Left hand side of += is a number (or zero); right side is not a number.

程式：feature/damage.c 第 212 行
物件: /daemon/class/swordsman/chenfon#147
呼叫来自：feature/command.c 的 command_hook() 第 100 行，物件： obj/user#59 ("玩具熊")
呼叫来自：feature/command.c 的 do_command() 第 70 行，物件： obj/user#59 ("玩具熊")
呼叫来自：cmds/wiz/smash.c 的 main() 第 22 行，物件： cmds/wiz/smash
呼叫来自：feature/damage.c 的 die() 第 212 行，物件： daemon/class/swordsman/chenfon#147 ("张乘风")

执行时段错误：*Left hand side of += is a number (or zero); right side is not a number.

程式：feature/damage.c 第 212 行
物件: /daemon/class/swordsman/chenfon#147
呼叫来自：std/char.c 的 heart_beat() 第 95 行，物件： daemon/class/swordsman/chenfon#147 ("张乘风")
呼叫来自：feature/damage.c 的 die() 第 212 行，物件： daemon/class/swordsman/chenfon#147 ("张乘风")
Heart beat in daemon/class/swordsman/chenfon#147 turned off.

执行时段错误：*Left hand side of += is a number (or zero); right side is not a number.

程式：feature/damage.c 第 212 行
物件: /daemon/class/swordsman/chenfon#160
呼叫来自：std/char.c 的 heart_beat() 第 95 行，物件： daemon/class/swordsman/chenfon#160 ("张乘风")
呼叫来自：feature/damage.c 的 die() 第 212 行，物件： daemon/class/swordsman/chenfon#160 ("张乘风")
Heart beat in daemon/class/swordsman/chenfon#160 turned off.

执行时段错误：*Left hand side of += is a number (or zero); right side is not a number.

程式：feature/damage.c 第 212 行
物件: /daemon/class/swordsman/chenfon#160
呼叫来自：std/char.c 的 heart_beat() 第 95 行，物件： daemon/class/swordsman/chenfon#160 ("张乘风")
呼叫来自：feature/damage.c 的 die() 第 212 行，物件： daemon/class/swordsman/chenfon#160 ("张乘风")
Heart beat in daemon/class/swordsman/chenfon#160 turned off.

执行时段错误：*Left hand side of += is a number (or zero); right side is not a number.

程式：feature/damage.c 第 212 行
物件: /daemon/class/swordsman/chenfon#160
呼叫来自：std/char.c 的 heart_beat() 第 95 行，物件： daemon/class/swordsman/chenfon#160 ("张乘风")
呼叫来自：feature/damage.c 的 die() 第 212 行，物件： daemon/class/swordsman/chenfon#160 ("张乘风")
Heart beat in daemon/class/swordsman/chenfon#160 turned off.

执行时段错误：*Left hand side of += is a number (or zero); right side is not a number.

程式：feature/damage.c 第 212 行
物件: /daemon/class/swordsman/chenfon#160
呼叫来自：feature/command.c 的 command_hook() 第 100 行，物件： obj/user#59 ("玩具熊")
呼叫来自：feature/command.c 的 do_command() 第 70 行，物件： obj/user#59 ("玩具熊")
呼叫来自：cmds/wiz/smash.c 的 main() 第 22 行，物件： cmds/wiz/smash
呼叫来自：feature/damage.c 的 die() 第 212 行，物件： daemon/class/swordsman/chenfon#160 ("张乘风")
Initializing internal tables....

<---狂想空间: MudOs v22pre11 (by wwj,Jan  1 1999) startup on Microsoft Windows 98 at Mon Dec 02 13:55:59 2002

using config file: D:\ofs\config.fs
Can't find "mudos", ignoring old binaries.
Try invoking the driver using the full pathname.
System Error: init_addr_server: connect: WSAECONNREFUSED
]simul_efun loaded successfully.

Loading preloaded files ...
Initializations complete.

Accepting connections on port 6666.
Initializing internal tables....

<---狂想空间: MudOs v22pre11 (by wwj,Jan  1 1999) startup on Microsoft Windows 98 at Mon Dec 02 13:57:45 2002

using config file: D:\ofs\config.fs
Can't find "mudos", ignoring old binaries.
Try invoking the driver using the full pathname.
System Error: init_addr_server: connect: WSAECONNREFUSED
]simul_efun loaded successfully.

Loading preloaded files ...
Initializations complete.

Accepting connections on port 6666.
Initializing internal tables....

<---狂想空间: MudOs v22pre11 (by wwj,Jan  1 1999) startup on Microsoft Windows 98 at Mon Dec 02 13:57:55 2002

using config file: D:\ofs\config.fs
Can't find "mudos", ignoring old binaries.
Try invoking the driver using the full pathname.
System Error: init_addr_server: connect: WSAECONNREFUSED
]simul_efun loaded successfully.

Loading preloaded files ...
Initializations complete.

Accepting connections on port 6666.
Initializing internal tables....

<---狂想空间: MudOs v22pre11 (by wwj,Jan  1 1999) startup on Microsoft Windows 98 at Tue Dec 03 11:45:30 2002

using config file: D:\ofs\config.fs
Can't find "mudos", ignoring old binaries.
Try invoking the driver using the full pathname.
System Error: init_addr_server: connect: WSAECONNREFUSED
]simul_efun loaded successfully.

Loading preloaded files ...
Initializations complete.

Accepting connections on port 6666.

执行时段错误：*Left hand side of += is a number (or zero); right side is not a number.

程式：feature/damage.c 第 212 行
物件: /open/dancer/npc/rgirl#17
呼叫来自：std/char.c 的 heart_beat() 第 95 行，物件： open/dancer/npc/rgirl#17 ("红衣少女")
呼叫来自：feature/damage.c 的 die() 第 212 行，物件： open/dancer/npc/rgirl#17 ("红衣少女")
Heart beat in open/dancer/npc/rgirl#17 turned off.

执行时段错误：*Left hand side of += is a number (or zero); right side is not a number.

程式：feature/damage.c 第 212 行
物件: /open/dancer/npc/rgirl#17
呼叫来自：std/char.c 的 heart_beat() 第 95 行，物件： open/dancer/npc/rgirl#17 ("红衣少女")
呼叫来自：feature/damage.c 的 die() 第 212 行，物件： open/dancer/npc/rgirl#17 ("红衣少女")
Heart beat in open/dancer/npc/rgirl#17 turned off.

执行时段错误：*Left hand side of += is a number (or zero); right side is not a number.

程式：feature/damage.c 第 212 行
物件: /open/dancer/npc/rgirl#17
呼叫来自：std/char.c 的 heart_beat() 第 95 行，物件： open/dancer/npc/rgirl#17 ("红衣少女")
呼叫来自：feature/damage.c 的 die() 第 212 行，物件： open/dancer/npc/rgirl#17 ("红衣少女")
Heart beat in open/dancer/npc/rgirl#17 turned off.

执行时段错误：*Left hand side of += is a number (or zero); right side is not a number.

程式：feature/damage.c 第 212 行
物件: /open/dancer/npc/rgirl#28
呼叫来自：std/char.c 的 heart_beat() 第 95 行，物件： open/dancer/npc/rgirl#28 ("红衣少女")
呼叫来自：feature/damage.c 的 die() 第 212 行，物件： open/dancer/npc/rgirl#28 ("红衣少女")
Heart beat in open/dancer/npc/rgirl#28 turned off.

执行时段错误：*Left hand side of += is a number (or zero); right side is not a number.

程式：feature/damage.c 第 212 行
物件: /open/dancer/npc/rgirl#28
呼叫来自：std/char.c 的 heart_beat() 第 95 行，物件： open/dancer/npc/rgirl#28 ("红衣少女")
呼叫来自：feature/damage.c 的 die() 第 212 行，物件： open/dancer/npc/rgirl#28 ("红衣少女")
Heart beat in open/dancer/npc/rgirl#28 turned off.

执行时段错误：*Left hand side of += is a number (or zero); right side is not a number.

程式：feature/damage.c 第 212 行
物件: /open/dancer/npc/rgirl#28
呼叫来自：std/char.c 的 heart_beat() 第 95 行，物件： open/dancer/npc/rgirl#28 ("红衣少女")
呼叫来自：feature/damage.c 的 die() 第 212 行，物件： open/dancer/npc/rgirl#28 ("红衣少女")
Heart beat in open/dancer/npc/rgirl#28 turned off.

执行时段错误：*Left hand side of += is a number (or zero); right side is not a number.

程式：feature/damage.c 第 212 行
物件: /open/dancer/npc/rgirl#39
呼叫来自：std/char.c 的 heart_beat() 第 95 行，物件： open/dancer/npc/rgirl#39 ("红衣少女")
呼叫来自：feature/damage.c 的 die() 第 212 行，物件： open/dancer/npc/rgirl#39 ("红衣少女")
Heart beat in open/dancer/npc/rgirl#39 turned off.

执行时段错误：*Left hand side of += is a number (or zero); right side is not a number.

程式：feature/damage.c 第 212 行
物件: /open/dancer/npc/rgirl#39
呼叫来自：std/char.c 的 heart_beat() 第 95 行，物件： open/dancer/npc/rgirl#39 ("红衣少女")
呼叫来自：feature/damage.c 的 die() 第 212 行，物件： open/dancer/npc/rgirl#39 ("红衣少女")
Heart beat in open/dancer/npc/rgirl#39 turned off.

执行时段错误：*Left hand side of += is a number (or zero); right side is not a number.

程式：feature/damage.c 第 212 行
物件: /open/dancer/npc/rgirl#39
呼叫来自：std/char.c 的 heart_beat() 第 95 行，物件： open/dancer/npc/rgirl#39 ("红衣少女")
呼叫来自：feature/damage.c 的 die() 第 212 行，物件： open/dancer/npc/rgirl#39 ("红衣少女")
Heart beat in open/dancer/npc/rgirl#39 turned off.

执行时段错误：*Left hand side of += is a number (or zero); right side is not a number.

程式：feature/damage.c 第 212 行
物件: /open/dancer/npc/rgirl#39
呼叫来自：std/char.c 的 heart_beat() 第 95 行，物件： open/dancer/npc/rgirl#39 ("红衣少女")
呼叫来自：feature/damage.c 的 die() 第 212 行，物件： open/dancer/npc/rgirl#39 ("红衣少女")
Heart beat in open/dancer/npc/rgirl#39 turned off.

执行时段错误：*Left hand side of += is a number (or zero); right side is not a number.

程式：feature/damage.c 第 212 行
物件: /open/dancer/npc/rgirl#39
呼叫来自：std/char.c 的 heart_beat() 第 95 行，物件： open/dancer/npc/rgirl#39 ("红衣少女")
呼叫来自：feature/damage.c 的 die() 第 212 行，物件： open/dancer/npc/rgirl#39 ("红衣少女")
Heart beat in open/dancer/npc/rgirl#39 turned off.

执行时段错误：*Left hand side of += is a number (or zero); right side is not a number.

程式：feature/damage.c 第 212 行
物件: /open/dancer/npc/rgirl#39
呼叫来自：std/char.c 的 heart_beat() 第 95 行，物件： open/dancer/npc/rgirl#39 ("红衣少女")
呼叫来自：feature/damage.c 的 die() 第 212 行，物件： open/dancer/npc/rgirl#39 ("红衣少女")
Heart beat in open/dancer/npc/rgirl#39 turned off.

执行时段错误：*Left hand side of += is a number (or zero); right side is not a number.

程式：feature/damage.c 第 212 行
物件: /open/dancer/npc/rgirl#39
呼叫来自：std/char.c 的 heart_beat() 第 95 行，物件： open/dancer/npc/rgirl#39 ("红衣少女")
呼叫来自：feature/damage.c 的 die() 第 212 行，物件： open/dancer/npc/rgirl#39 ("红衣少女")
Heart beat in open/dancer/npc/rgirl#39 turned off.

执行时段错误：*Left hand side of += is a number (or zero); right side is not a number.

程式：feature/damage.c 第 212 行
物件: /open/dancer/npc/rgirl#39
呼叫来自：std/char.c 的 heart_beat() 第 95 行，物件： open/dancer/npc/rgirl#39 ("红衣少女")
呼叫来自：feature/damage.c 的 die() 第 212 行，物件： open/dancer/npc/rgirl#39 ("红衣少女")
Heart beat in open/dancer/npc/rgirl#39 turned off.

执行时段错误：*Left hand side of += is a number (or zero); right side is not a number.

程式：feature/damage.c 第 212 行
物件: /open/dancer/npc/rgirl#39
呼叫来自：std/char.c 的 heart_beat() 第 95 行，物件： open/dancer/npc/rgirl#39 ("红衣少女")
呼叫来自：feature/damage.c 的 die() 第 212 行，物件： open/dancer/npc/rgirl#39 ("红衣少女")
Heart beat in open/dancer/npc/rgirl#39 turned off.

执行时段错误：*Left hand side of += is a number (or zero); right side is not a number.

程式：feature/damage.c 第 212 行
物件: /open/dancer/npc/rgirl#39
呼叫来自：std/char.c 的 heart_beat() 第 95 行，物件： open/dancer/npc/rgirl#39 ("红衣少女")
呼叫来自：feature/damage.c 的 die() 第 212 行，物件： open/dancer/npc/rgirl#39 ("红衣少女")
Heart beat in open/dancer/npc/rgirl#39 turned off.

执行时段错误：*Left hand side of += is a number (or zero); right side is not a number.

程式：feature/damage.c 第 212 行
物件: /open/dancer/npc/rgirl#39
呼叫来自：std/char.c 的 heart_beat() 第 95 行，物件： open/dancer/npc/rgirl#39 ("红衣少女")
呼叫来自：feature/damage.c 的 die() 第 212 行，物件： open/dancer/npc/rgirl#39 ("红衣少女")
Heart beat in open/dancer/npc/rgirl#39 turned off.

执行时段错误：*Left hand side of += is a number (or zero); right side is not a number.

程式：feature/damage.c 第 212 行
物件: /open/dancer/npc/rgirl#39
呼叫来自：std/char.c 的 heart_beat() 第 95 行，物件： open/dancer/npc/rgirl#39 ("红衣少女")
呼叫来自：feature/damage.c 的 die() 第 212 行，物件： open/dancer/npc/rgirl#39 ("红衣少女")
Heart beat in open/dancer/npc/rgirl#39 turned off.

执行时段错误：*Left hand side of += is a number (or zero); right side is not a number.

程式：feature/damage.c 第 212 行
物件: /open/dancer/npc/rgirl#39
呼叫来自：std/char.c 的 heart_beat() 第 95 行，物件： open/dancer/npc/rgirl#39 ("红衣少女")
呼叫来自：feature/damage.c 的 die() 第 212 行，物件： open/dancer/npc/rgirl#39 ("红衣少女")
Heart beat in open/dancer/npc/rgirl#39 turned off.

执行时段错误：*Left hand side of += is a number (or zero); right side is not a number.

程式：feature/damage.c 第 212 行
物件: /open/dancer/npc/rgirl#39
呼叫来自：std/char.c 的 heart_beat() 第 95 行，物件： open/dancer/npc/rgirl#39 ("红衣少女")
呼叫来自：feature/damage.c 的 die() 第 212 行，物件： open/dancer/npc/rgirl#39 ("红衣少女")
Heart beat in open/dancer/npc/rgirl#39 turned off.

执行时段错误：*Left hand side of += is a number (or zero); right side is not a number.

程式：feature/damage.c 第 212 行
物件: /open/dancer/npc/rgirl#39
呼叫来自：std/char.c 的 heart_beat() 第 95 行，物件： open/dancer/npc/rgirl#39 ("红衣少女")
呼叫来自：feature/damage.c 的 die() 第 212 行，物件： open/dancer/npc/rgirl#39 ("红衣少女")
Heart beat in open/dancer/npc/rgirl#39 turned off.

执行时段错误：*Left hand side of += is a number (or zero); right side is not a number.

程式：feature/damage.c 第 212 行
物件: /open/dancer/npc/rgirl#39
呼叫来自：std/char.c 的 heart_beat() 第 95 行，物件： open/dancer/npc/rgirl#39 ("红衣少女")
呼叫来自：feature/damage.c 的 die() 第 212 行，物件： open/dancer/npc/rgirl#39 ("红衣少女")
Heart beat in open/dancer/npc/rgirl#39 turned off.

执行时段错误：*Left hand side of += is a number (or zero); right side is not a number.

程式：feature/damage.c 第 212 行
物件: /open/dancer/npc/rgirl#39
呼叫来自：std/char.c 的 heart_beat() 第 95 行，物件： open/dancer/npc/rgirl#39 ("红衣少女")
呼叫来自：feature/damage.c 的 die() 第 212 行，物件： open/dancer/npc/rgirl#39 ("红衣少女")
Heart beat in open/dancer/npc/rgirl#39 turned off.

执行时段错误：*Left hand side of += is a number (or zero); right side is not a number.

程式：feature/damage.c 第 212 行
物件: /open/dancer/npc/rgirl#39
呼叫来自：std/char.c 的 heart_beat() 第 95 行，物件： open/dancer/npc/rgirl#39 ("红衣少女")
呼叫来自：feature/damage.c 的 die() 第 212 行，物件： open/dancer/npc/rgirl#39 ("红衣少女")
Heart beat in open/dancer/npc/rgirl#39 turned off.

执行时段错误：*Left hand side of += is a number (or zero); right side is not a number.

程式：feature/damage.c 第 212 行
物件: /open/dancer/npc/master_yua#7
呼叫来自：open/dancer/npc/master_yua.c 的 heart_beat() 第 86 行，物件： open/dancer/npc/master_yua#7 ("月牙儿")
呼叫来自：std/char.c 的 heart_beat() 第 95 行，物件： open/dancer/npc/master_yua#7 ("月牙儿")
呼叫来自：feature/damage.c 的 die() 第 212 行，物件： open/dancer/npc/master_yua#7 ("月牙儿")
Heart beat in open/dancer/npc/master_yua#7 turned off.

执行时段错误：*Left hand side of += is a number (or zero); right side is not a number.

程式：feature/damage.c 第 212 行
物件: /open/dancer/npc/master_yua#7
呼叫来自：open/dancer/npc/master_yua.c 的 heart_beat() 第 86 行，物件： open/dancer/npc/master_yua#7 ("月牙儿")
呼叫来自：std/char.c 的 heart_beat() 第 95 行，物件： open/dancer/npc/master_yua#7 ("月牙儿")
呼叫来自：feature/damage.c 的 die() 第 212 行，物件： open/dancer/npc/master_yua#7 ("月牙儿")
Heart beat in open/dancer/npc/master_yua#7 turned off.

执行时段错误：*Left hand side of += is a number (or zero); right side is not a number.

程式：feature/damage.c 第 212 行
物件: /open/dancer/npc/master_yua#7
呼叫来自：open/dancer/npc/master_yua.c 的 heart_beat() 第 86 行，物件： open/dancer/npc/master_yua#7 ("月牙儿")
呼叫来自：std/char.c 的 heart_beat() 第 95 行，物件： open/dancer/npc/master_yua#7 ("月牙儿")
呼叫来自：feature/damage.c 的 die() 第 212 行，物件： open/dancer/npc/master_yua#7 ("月牙儿")
Heart beat in open/dancer/npc/master_yua#7 turned off.
]【系统】玩具熊(bear)断线了。

执行时段错误：*Bad argument 1 to wizardp()
Expected: object Got: 0.

程式：u/bear/wiz_cloak.c 第 324 行
物件: /u/bear/wiz_cloak#2
呼叫来自：obj/user.c 的 net_dead() 第 146 行，物件： obj/user#1 ("玩具熊")
呼叫来自：obj/user.c 的 save() 第 50 行，物件： obj/user#1 ("玩具熊")
呼叫来自：feature/autoload.c 的 save_autoload() 第 16 行，物件： obj/user#1 ("玩具熊")
呼叫来自：u/bear/wiz_cloak.c 的 query_autoload() 第 324 行，物件： u/bear/wiz_cloak#2 ("玩具熊的魔法师披风")

执行时段错误：*Left hand side of += is a number (or zero); right side is not a number.

程式：feature/damage.c 第 212 行
物件: /open/dancer/npc/rgirl#65
呼叫来自：std/char.c 的 heart_beat() 第 95 行，物件： open/dancer/npc/rgirl#65 ("红衣少女")
呼叫来自：feature/damage.c 的 die() 第 212 行，物件： open/dancer/npc/rgirl#65 ("红衣少女")
Heart beat in open/dancer/npc/rgirl#65 turned off.
Initializing internal tables....

<---狂想空间: MudOs v22pre11 (by wwj,Jan  1 1999) startup on Microsoft Windows 98 at Tue Dec 03 12:03:12 2002

using config file: D:\ofs\config.fs
Can't find "mudos", ignoring old binaries.
Try invoking the driver using the full pathname.
System Error: init_addr_server: connect: WSAECONNREFUSED
]simul_efun loaded successfully.

Loading preloaded files ...
Initializations complete.

Accepting connections on port 6666.

执行时段错误：*Left hand side of += is a number (or zero); right side is not a number.

程式：feature/damage.c 第 212 行
物件: /open/dancer/npc/rgirl#17
呼叫来自：std/char.c 的 heart_beat() 第 95 行，物件： open/dancer/npc/rgirl#17 ("红衣少女")
呼叫来自：feature/damage.c 的 die() 第 212 行，物件： open/dancer/npc/rgirl#17 ("红衣少女")
Heart beat in open/dancer/npc/rgirl#17 turned off.

执行时段错误：*Left hand side of += is a number (or zero); right side is not a number.

程式：feature/damage.c 第 212 行
物件: /open/dancer/npc/rgirl#17
呼叫来自：std/char.c 的 heart_beat() 第 95 行，物件： open/dancer/npc/rgirl#17 ("红衣少女")
呼叫来自：feature/damage.c 的 die() 第 212 行，物件： open/dancer/npc/rgirl#17 ("红衣少女")
Heart beat in open/dancer/npc/rgirl#17 turned off.

执行时段错误：*Left hand side of += is a number (or zero); right side is not a number.

程式：feature/damage.c 第 212 行
物件: /open/dancer/npc/rgirl#27
呼叫来自：std/char.c 的 heart_beat() 第 95 行，物件： open/dancer/npc/rgirl#27 ("红衣少女")
呼叫来自：feature/damage.c 的 die() 第 212 行，物件： open/dancer/npc/rgirl#27 ("红衣少女")
Heart beat in open/dancer/npc/rgirl#27 turned off.

执行时段错误：*Left hand side of += is a number (or zero); right side is not a number.

程式：feature/damage.c 第 212 行
物件: /open/dancer/npc/rgirl#27
呼叫来自：std/char.c 的 heart_beat() 第 95 行，物件： open/dancer/npc/rgirl#27 ("红衣少女")
呼叫来自：feature/damage.c 的 die() 第 212 行，物件： open/dancer/npc/rgirl#27 ("红衣少女")
Heart beat in open/dancer/npc/rgirl#27 turned off.

执行时段错误：*Left hand side of += is a number (or zero); right side is not a number.

程式：feature/damage.c 第 212 行
物件: /open/dancer/npc/rgirl#27
呼叫来自：std/char.c 的 heart_beat() 第 95 行，物件： open/dancer/npc/rgirl#27 ("红衣少女")
呼叫来自：feature/damage.c 的 die() 第 212 行，物件： open/dancer/npc/rgirl#27 ("红衣少女")
Heart beat in open/dancer/npc/rgirl#27 turned off.

执行时段错误：*Error in loading object '/u/a/alus/workroom'

程式：feature/move.c 第 58 行
物件: /obj/user#1
呼叫来自：feature/command.c 的 command_hook() 第 100 行，物件： obj/user#1 ("玩具熊")
呼叫来自：feature/command.c 的 do_command() 第 70 行，物件： obj/user#1 ("玩具熊")
呼叫来自：cmds/imm/goto.c 的 main() 第 27 行，物件： cmds/imm/goto
呼叫来自：feature/move.c 的 move() 第 58 行，物件： obj/user#1 ("玩具熊")
Initializing internal tables....

<---狂想空间: MudOs v22pre11 (by wwj,Jan  1 1999) startup on Microsoft Windows 98 at Tue Dec 03 12:20:41 2002

using config file: D:\ofs\config.fs
Can't find "mudos", ignoring old binaries.
Try invoking the driver using the full pathname.
System Error: init_addr_server: connect: WSAECONNREFUSED
]simul_efun loaded successfully.

Loading preloaded files ...
Initializations complete.

Accepting connections on port 6666.

执行时段错误：*Left hand side of += is a number (or zero); right side is not a number.

程式：feature/damage.c 第 164 行
物件: /open/dancer/npc/rgirl#17
呼叫来自：std/char.c 的 heart_beat() 第 95 行，物件： open/dancer/npc/rgirl#17 ("红衣少女")
呼叫来自：feature/damage.c 的 die() 第 164 行，物件： open/dancer/npc/rgirl#17 ("红衣少女")
Heart beat in open/dancer/npc/rgirl#17 turned off.

执行时段错误：*Left hand side of += is a number (or zero); right side is not a number.

程式：feature/damage.c 第 164 行
物件: /open/dancer/npc/rgirl#17
呼叫来自：std/char.c 的 heart_beat() 第 95 行，物件： open/dancer/npc/rgirl#17 ("红衣少女")
呼叫来自：feature/damage.c 的 die() 第 164 行，物件： open/dancer/npc/rgirl#17 ("红衣少女")
Heart beat in open/dancer/npc/rgirl#17 turned off.

执行时段错误：*Left hand side of += is a number (or zero); right side is not a number.

程式：feature/damage.c 第 164 行
物件: /open/dancer/npc/rgirl#17
呼叫来自：std/char.c 的 heart_beat() 第 95 行，物件： open/dancer/npc/rgirl#17 ("红衣少女")
呼叫来自：feature/damage.c 的 die() 第 164 行，物件： open/dancer/npc/rgirl#17 ("红衣少女")
Heart beat in open/dancer/npc/rgirl#17 turned off.

执行时段错误：*Left hand side of += is a number (or zero); right side is not a number.

程式：feature/damage.c 第 164 行
物件: /open/dancer/npc/rgirl#17
呼叫来自：std/char.c 的 heart_beat() 第 95 行，物件： open/dancer/npc/rgirl#17 ("红衣少女")
呼叫来自：feature/damage.c 的 die() 第 164 行，物件： open/dancer/npc/rgirl#17 ("红衣少女")
Heart beat in open/dancer/npc/rgirl#17 turned off.

执行时段错误：*Left hand side of += is a number (or zero); right side is not a number.

程式：feature/damage.c 第 164 行
物件: /open/dancer/npc/rgirl#17
呼叫来自：std/char.c 的 heart_beat() 第 95 行，物件： open/dancer/npc/rgirl#17 ("红衣少女")
呼叫来自：feature/damage.c 的 die() 第 164 行，物件： open/dancer/npc/rgirl#17 ("红衣少女")
Heart beat in open/dancer/npc/rgirl#17 turned off.
Initializing internal tables....

<---狂想空间: MudOs v22pre11 (by wwj,Jan  1 1999) startup on Microsoft Windows 98 at Tue Dec 03 12:22:15 2002

using config file: D:\ofs\config.fs
Can't find "mudos", ignoring old binaries.
Try invoking the driver using the full pathname.
System Error: init_addr_server: connect: WSAECONNREFUSED
]simul_efun loaded successfully.

Loading preloaded files ...
Initializations complete.

Accepting connections on port 6666.

执行时段错误：*Left hand side of += is a number (or zero); right side is not a number.

程式：feature/damage.c 第 179 行
物件: /open/dancer/npc/rgirl#17
呼叫来自：std/char.c 的 heart_beat() 第 95 行，物件： open/dancer/npc/rgirl#17 ("红衣少女")
呼叫来自：feature/damage.c 的 die() 第 179 行，物件： open/dancer/npc/rgirl#17 ("红衣少女")
Heart beat in open/dancer/npc/rgirl#17 turned off.

执行时段错误：*Left hand side of += is a number (or zero); right side is not a number.

程式：feature/damage.c 第 179 行
物件: /open/dancer/npc/rgirl#17
呼叫来自：std/char.c 的 heart_beat() 第 95 行，物件： open/dancer/npc/rgirl#17 ("红衣少女")
呼叫来自：feature/damage.c 的 die() 第 179 行，物件： open/dancer/npc/rgirl#17 ("红衣少女")
Heart beat in open/dancer/npc/rgirl#17 turned off.
Initializing internal tables....

<---狂想空间: MudOs v22pre11 (by wwj,Jan  1 1999) startup on Microsoft Windows 98 at Tue Dec 03 12:23:22 2002

using config file: D:\ofs\config.fs
Can't find "mudos", ignoring old binaries.
Try invoking the driver using the full pathname.
System Error: init_addr_server: connect: WSAECONNREFUSED
]simul_efun loaded successfully.

Loading preloaded files ...
Initializations complete.

Accepting connections on port 6666.

执行时段错误：*Left hand side of += is a number (or zero); right side is not a number.

程式：feature/damage.c 第 173 行
物件: /open/dancer/npc/rgirl#17
呼叫来自：std/char.c 的 heart_beat() 第 95 行，物件： open/dancer/npc/rgirl#17 ("红衣少女")
呼叫来自：feature/damage.c 的 die() 第 173 行，物件： open/dancer/npc/rgirl#17 ("红衣少女")
Heart beat in open/dancer/npc/rgirl#17 turned off.

执行时段错误：*Left hand side of += is a number (or zero); right side is not a number.

程式：feature/damage.c 第 173 行
物件: /open/dancer/npc/rgirl#17
呼叫来自：std/char.c 的 heart_beat() 第 95 行，物件： open/dancer/npc/rgirl#17 ("红衣少女")
呼叫来自：feature/damage.c 的 die() 第 173 行，物件： open/dancer/npc/rgirl#17 ("红衣少女")
Heart beat in open/dancer/npc/rgirl#17 turned off.
错误讯息被拦截: 
执行时段错误：*Error in loading object '/feature/damage'

程式：cmds/apr/update.c 第 50 行
物件: /cmds/apr/update
呼叫来自：feature/command.c 的 command_hook() 第 100 行，物件： obj/user#1 ("玩具熊")
呼叫来自：feature/command.c 的 do_command() 第 70 行，物件： obj/user#1 ("玩具熊")
呼叫来自：cmds/apr/update.c 的 main() 第 50 行，物件： cmds/apr/update
呼叫来自：cmds/apr/update.c 的 CATCH() 第 50 行，物件： cmds/apr/update
Initializing internal tables....

<---狂想空间: MudOs v22pre11 (by wwj,Jan  1 1999) startup on Microsoft Windows 98 at Tue Dec 03 12:36:04 2002

using config file: D:\ofs\config.fs
Can't find "mudos", ignoring old binaries.
Try invoking the driver using the full pathname.
System Error: init_addr_server: connect: WSAECONNREFUSED
]simul_efun loaded successfully.

Loading preloaded files ...
Initializations complete.

Accepting connections on port 6666.

执行时段错误：*Bad argument 1 to call_other()
Expected: string or array or object Got: 0.

程式：feature/damage.c 第 212 行
物件: /open/dancer/npc/rgirl#17
呼叫来自：std/char.c 的 heart_beat() 第 95 行，物件： open/dancer/npc/rgirl#17 ("红衣少女")
呼叫来自：feature/damage.c 的 die() 第 212 行，物件： open/dancer/npc/rgirl#17 ("红衣少女")
Heart beat in open/dancer/npc/rgirl#17 turned off.

执行时段错误：*Bad argument 1 to call_other()
Expected: string or array or object Got: 0.

程式：feature/damage.c 第 212 行
物件: /open/dancer/npc/rgirl#17
呼叫来自：std/char.c 的 heart_beat() 第 95 行，物件： open/dancer/npc/rgirl#17 ("红衣少女")
呼叫来自：feature/damage.c 的 die() 第 212 行，物件： open/dancer/npc/rgirl#17 ("红衣少女")
Heart beat in open/dancer/npc/rgirl#17 turned off.

执行时段错误：*Error in loading object '/adm/daemons/guildd'

程式：cmds/std/apprentice.c 第 18 行
物件: /cmds/std/apprentice
呼叫来自：feature/command.c 的 command_hook() 第 100 行，物件： obj/user#1 ("玩具熊")
呼叫来自：feature/command.c 的 do_command() 第 70 行，物件： obj/user#1 ("玩具熊")
呼叫来自：cmds/std/apprentice.c 的 main() 第 18 行，物件： cmds/std/apprentice

执行时段错误：*Error in loading object '/adm/daemons/guildd'

程式：cmds/std/apprentice.c 第 18 行
物件: /cmds/std/apprentice
呼叫来自：feature/command.c 的 command_hook() 第 100 行，物件： obj/user#1 ("玩具熊")
呼叫来自：feature/command.c 的 do_command() 第 70 行，物件： obj/user#1 ("玩具熊")
呼叫来自：cmds/std/apprentice.c 的 main() 第 18 行，物件： cmds/std/apprentice

执行时段错误：*Error in loading object '/adm/daemons/guildd'

程式：cmds/std/apprentice.c 第 18 行
物件: /cmds/std/apprentice
呼叫来自：feature/command.c 的 command_hook() 第 100 行，物件： obj/user#1 ("玩具熊")
呼叫来自：feature/command.c 的 do_command() 第 70 行，物件： obj/user#1 ("玩具熊")
呼叫来自：cmds/std/apprentice.c 的 main() 第 18 行，物件： cmds/std/apprentice

执行时段错误：*Error in loading object '/adm/daemons/guildd'

程式：cmds/std/apprentice.c 第 18 行
物件: /cmds/std/apprentice
呼叫来自：feature/command.c 的 command_hook() 第 100 行，物件： obj/user#1 ("玩具熊")
呼叫来自：feature/command.c 的 do_command() 第 70 行，物件： obj/user#1 ("玩具熊")
呼叫来自：cmds/std/apprentice.c 的 main() 第 18 行，物件： cmds/std/apprentice

执行时段错误：*Error in loading object '/adm/daemons/guildd'

程式：cmds/std/apprentice.c 第 18 行
物件: /cmds/std/apprentice
呼叫来自：feature/command.c 的 command_hook() 第 100 行，物件： obj/user#1 ("玩具熊")
呼叫来自：feature/command.c 的 do_command() 第 70 行，物件： obj/user#1 ("玩具熊")
呼叫来自：cmds/std/apprentice.c 的 main() 第 18 行，物件： cmds/std/apprentice

执行时段错误：*Error in loading object '/adm/daemons/guildd'

程式：cmds/std/apprentice.c 第 18 行
物件: /cmds/std/apprentice
呼叫来自：feature/command.c 的 command_hook() 第 100 行，物件： obj/user#1 ("玩具熊")
呼叫来自：feature/command.c 的 do_command() 第 70 行，物件： obj/user#1 ("玩具熊")
呼叫来自：cmds/std/apprentice.c 的 main() 第 18 行，物件： cmds/std/apprentice
Initializing internal tables....

<---狂想空间: MudOs v22pre11 (by wwj,Jan  1 1999) startup on Microsoft Windows 98 at Tue Dec 03 12:43:13 2002

using config file: D:\ofs\config.fs
Can't find "mudos", ignoring old binaries.
Try invoking the driver using the full pathname.
System Error: init_addr_server: connect: WSAECONNREFUSED
]simul_efun loaded successfully.

Loading preloaded files ...
Initializations complete.

Accepting connections on port 6666.

执行时段错误：*Left hand side of += is a number (or zero); right side is not a number.

程式：feature/damage.c 第 164 行
物件: /open/dancer/npc/rgirl#17
呼叫来自：std/char.c 的 heart_beat() 第 95 行，物件： open/dancer/npc/rgirl#17 ("红衣少女")
呼叫来自：feature/damage.c 的 die() 第 164 行，物件： open/dancer/npc/rgirl#17 ("红衣少女")
Heart beat in open/dancer/npc/rgirl#17 turned off.

执行时段错误：*Left hand side of += is a number (or zero); right side is not a number.

程式：feature/damage.c 第 164 行
物件: /open/dancer/npc/rgirl#17
呼叫来自：std/char.c 的 heart_beat() 第 95 行，物件： open/dancer/npc/rgirl#17 ("红衣少女")
呼叫来自：feature/damage.c 的 die() 第 164 行，物件： open/dancer/npc/rgirl#17 ("红衣少女")
Heart beat in open/dancer/npc/rgirl#17 turned off.

执行时段错误：*Error in loading object '/daemon/skill/sha-array'

程式：cmds/std/skills.c 第 99 行
物件: /cmds/std/skills
呼叫来自：feature/command.c 的 command_hook() 第 100 行，物件： obj/user#49 ("玩具熊")
呼叫来自：feature/command.c 的 do_command() 第 70 行，物件： obj/user#49 ("玩具熊")
呼叫来自：cmds/std/skills.c 的 main() 第 99 行，物件： cmds/std/skills
错误讯息被拦截: 
执行时段错误：*Error in loading object '/daemon/skill/sha-array'

程式：cmds/apr/update.c 第 50 行
物件: /cmds/apr/update
呼叫来自：feature/command.c 的 command_hook() 第 100 行，物件： obj/user#49 ("玩具熊")
呼叫来自：feature/command.c 的 do_command() 第 70 行，物件： obj/user#49 ("玩具熊")
呼叫来自：cmds/apr/update.c 的 main() 第 50 行，物件： cmds/apr/update
呼叫来自：cmds/apr/update.c 的 CATCH() 第 50 行，物件： cmds/apr/update
错误讯息被拦截: 
执行时段错误：*Error in loading object '/daemon/skill/sha-array'

程式：cmds/apr/update.c 第 50 行
物件: /cmds/apr/update
呼叫来自：feature/command.c 的 command_hook() 第 100 行，物件： obj/user#49 ("玩具熊")
呼叫来自：feature/command.c 的 do_command() 第 70 行，物件： obj/user#49 ("玩具熊")
呼叫来自：cmds/apr/update.c 的 main() 第 50 行，物件： cmds/apr/update
呼叫来自：cmds/apr/update.c 的 CATCH() 第 50 行，物件： cmds/apr/update
错误讯息被拦截: 
执行时段错误：*Error in loading object '/cmds/std/help'

程式：cmds/apr/update.c 第 50 行
物件: /cmds/apr/update
呼叫来自：feature/command.c 的 command_hook() 第 100 行，物件： obj/user#49 ("玩具熊")
呼叫来自：feature/command.c 的 do_command() 第 70 行，物件： obj/user#49 ("玩具熊")
呼叫来自：cmds/apr/update.c 的 main() 第 50 行，物件： cmds/apr/update
呼叫来自：cmds/apr/update.c 的 CATCH() 第 50 行，物件： cmds/apr/update
Initializing internal tables....

<---狂想空间: MudOs v22pre11 (by wwj,Jan  1 1999) startup on Microsoft Windows 98 at Tue Dec 03 13:07:42 2002

using config file: D:\ofs\config.fs
Can't find "mudos", ignoring old binaries.
Try invoking the driver using the full pathname.
System Error: init_addr_server: connect: WSAECONNREFUSED
]simul_efun loaded successfully.

Loading preloaded files ...
Initializations complete.

Accepting connections on port 6666.

执行时段错误：*Error in loading object '/cmds/std/song'

程式：cmds/std/help.c 第 48 行
物件: /cmds/std/help
呼叫来自：feature/command.c 的 command_hook() 第 100 行，物件： obj/user#3 ("玩具熊")
呼叫来自：feature/command.c 的 do_command() 第 70 行，物件： obj/user#3 ("玩具熊")
呼叫来自：cmds/std/help.c 的 main() 第 48 行，物件： cmds/std/help
错误讯息被拦截: 
执行时段错误：*Error in loading object '/cmds/std/song'

程式：cmds/apr/update.c 第 50 行
物件: /cmds/apr/update
呼叫来自：feature/command.c 的 command_hook() 第 100 行，物件： obj/user#3 ("玩具熊")
呼叫来自：feature/command.c 的 do_command() 第 70 行，物件： obj/user#3 ("玩具熊")
呼叫来自：cmds/apr/update.c 的 main() 第 50 行，物件： cmds/apr/update
呼叫来自：cmds/apr/update.c 的 CATCH() 第 50 行，物件： cmds/apr/update
错误讯息被拦截: 
执行时段错误：*Error in loading object '/adm/daemons/network/services/mudlist_a'

程式：adm/daemons/network/dns_master.c 第 820 行
物件: /adm/daemons/network/dns_master
呼叫来自：feature/command.c 的 command_hook() 第 100 行，物件： obj/user#3 ("玩具熊")
呼叫来自：feature/command.c 的 do_command() 第 70 行，物件： obj/user#3 ("玩具熊")
呼叫来自：cmds/apr/update.c 的 main() 第 50 行，物件： cmds/apr/update
呼叫来自：cmds/apr/update.c 的 CATCH() 第 50 行，物件： cmds/apr/update
呼叫来自：adm/daemons/network/dns_master.c 的 create() 第 820 行，物件： adm/daemons/network/dns_master

执行时段错误：*Bad type argument to +. Had int and mapping

程式：adm/daemons/network/dns_master.c 第 626 行
物件: /adm/daemons/network/dns_master
呼叫来自：feature/command.c 的 command_hook() 第 101 行，物件： obj/user#3 ("玩具熊")
呼叫来自：feature/command.c 的 do_command() 第 70 行，物件： obj/user#3 ("玩具熊")
呼叫来自：cmds/wiz/mudlist.c 的 main() 第 22 行，物件： cmds/wiz/mudlist
呼叫来自：adm/daemons/network/dns_master.c 的 query_muds() 第 626 行，物件： adm/daemons/network/dns_master

执行时段错误：*Bad type argument to +. Had int and mapping

程式：adm/daemons/network/dns_master.c 第 626 行
物件: /adm/daemons/network/dns_master
呼叫来自：feature/command.c 的 command_hook() 第 101 行，物件： obj/user#3 ("玩具熊")
呼叫来自：feature/command.c 的 do_command() 第 70 行，物件： obj/user#3 ("玩具熊")
呼叫来自：cmds/wiz/mudlist.c 的 main() 第 22 行，物件： cmds/wiz/mudlist
呼叫来自：adm/daemons/network/dns_master.c 的 query_muds() 第 626 行，物件： adm/daemons/network/dns_master

执行时段错误：*Left hand side of += is a number (or zero); right side is not a number.

程式：feature/damage.c 第 164 行
物件: /open/center/npc/sparrow#13
呼叫来自：std/char.c 的 heart_beat() 第 95 行，物件： open/center/npc/sparrow#13 ("小麻雀")
呼叫来自：feature/damage.c 的 die() 第 164 行，物件： open/center/npc/sparrow#13 ("小麻雀")
Heart beat in open/center/npc/sparrow#13 turned off.

执行时段错误：*Left hand side of += is a number (or zero); right side is not a number.

程式：feature/damage.c 第 164 行
物件: /open/soulin/npc/konwun#33
呼叫来自：std/char.c 的 heart_beat() 第 95 行，物件： open/soulin/npc/konwun#33 ("空闻")
呼叫来自：feature/damage.c 的 die() 第 164 行，物件： open/soulin/npc/konwun#33 ("空闻")
Heart beat in open/soulin/npc/konwun#33 turned off.

执行时段错误：*Left hand side of += is a number (or zero); right side is not a number.

程式：feature/damage.c 第 164 行
物件: /open/soulin/npc/konwun#33
呼叫来自：std/char.c 的 heart_beat() 第 95 行，物件： open/soulin/npc/konwun#33 ("空闻")
呼叫来自：feature/damage.c 的 die() 第 164 行，物件： open/soulin/npc/konwun#33 ("空闻")
Heart beat in open/soulin/npc/konwun#33 turned off.

执行时段错误：*Left hand side of += is a number (or zero); right side is not a number.

程式：feature/damage.c 第 164 行
物件: /open/soulin/npc/konwun#33
呼叫来自：std/char.c 的 heart_beat() 第 95 行，物件： open/soulin/npc/konwun#33 ("空闻")
呼叫来自：feature/damage.c 的 die() 第 164 行，物件： open/soulin/npc/konwun#33 ("空闻")
Heart beat in open/soulin/npc/konwun#33 turned off.

执行时段错误：*Left hand side of += is a number (or zero); right side is not a number.

程式：feature/damage.c 第 164 行
物件: /open/soulin/npc/konwun#33
呼叫来自：std/char.c 的 heart_beat() 第 95 行，物件： open/soulin/npc/konwun#33 ("空闻")
呼叫来自：feature/damage.c 的 die() 第 164 行，物件： open/soulin/npc/konwun#33 ("空闻")
Heart beat in open/soulin/npc/konwun#33 turned off.

执行时段错误：*Left hand side of += is a number (or zero); right side is not a number.

程式：feature/damage.c 第 164 行
物件: /open/soulin/npc/konwun#33
呼叫来自：std/char.c 的 heart_beat() 第 95 行，物件： open/soulin/npc/konwun#33 ("空闻")
呼叫来自：feature/damage.c 的 die() 第 164 行，物件： open/soulin/npc/konwun#33 ("空闻")
Heart beat in open/soulin/npc/konwun#33 turned off.
Initializing internal tables....

<---狂想空间: MudOs v22pre11 (by wwj,Jan  1 1999) startup on Microsoft Windows 98 at Tue Dec 03 13:32:06 2002

using config file: D:\ofs\config.fs
Can't find "mudos", ignoring old binaries.
Try invoking the driver using the full pathname.
System Error: init_addr_server: connect: WSAECONNREFUSED
]simul_efun loaded successfully.

Loading preloaded files ...
Initializations complete.

Accepting connections on port 6666.
Initializing internal tables....

<---狂想空间: MudOs v22pre11 (by wwj,Jan  1 1999) startup on Microsoft Windows 98 at Tue Dec 03 13:37:52 2002

using config file: D:\ofs\config.fs
Can't find "mudos", ignoring old binaries.
Try invoking the driver using the full pathname.
System Error: init_addr_server: connect: WSAECONNREFUSED
]simul_efun loaded successfully.

Loading preloaded files ...
Initializations complete.

Accepting connections on port 6666.

执行时段错误：*Left hand side of += is a number (or zero); right side is not a number.

程式：feature/damage.c 第 212 行
物件: /open/gsword/mob/squirt#10
呼叫来自：std/char.c 的 heart_beat() 第 95 行，物件： open/gsword/mob/squirt#10 ("松鼠")
呼叫来自：feature/damage.c 的 die() 第 212 行，物件： open/gsword/mob/squirt#10 ("松鼠")
Heart beat in open/gsword/mob/squirt#10 turned off.

执行时段错误：*Left hand side of += is a number (or zero); right side is not a number.

程式：feature/damage.c 第 212 行
物件: /open/gsword/mob/squirt#10
呼叫来自：std/char.c 的 heart_beat() 第 95 行，物件： open/gsword/mob/squirt#10 ("松鼠")
呼叫来自：feature/damage.c 的 die() 第 212 行，物件： open/gsword/mob/squirt#10 ("松鼠")
Heart beat in open/gsword/mob/squirt#10 turned off.

执行时段错误：*Left hand side of += is a number (or zero); right side is not a number.

程式：feature/damage.c 第 212 行
物件: /open/gsword/mob/squirt#10
呼叫来自：std/char.c 的 heart_beat() 第 95 行，物件： open/gsword/mob/squirt#10 ("松鼠")
呼叫来自：feature/damage.c 的 die() 第 212 行，物件： open/gsword/mob/squirt#10 ("松鼠")
Heart beat in open/gsword/mob/squirt#10 turned off.
Initializing internal tables....

<---狂想空间: MudOs v22pre11 (by wwj,Jan  1 1999) startup on Microsoft Windows 98 at Wed Dec 04 15:01:14 2002

using config file: D:\ofs\config.fs
Can't find "mudos", ignoring old binaries.
Try invoking the driver using the full pathname.
System Error: init_addr_server: gethostbyname: unknown error 11004
]simul_efun loaded successfully.

Loading preloaded files ...
Initializations complete.

Accepting connections on port 6666.
Initializing internal tables....

<---狂想空间: MudOs v22pre11 (by wwj,Jan  1 1999) startup on Microsoft Windows 98 at Wed Dec 04 15:01:54 2002

using config file: D:\ofs\config.fs
Can't find "mudos", ignoring old binaries.
Try invoking the driver using the full pathname.
System Error: init_addr_server: connect: WSAECONNREFUSED
]simul_efun loaded successfully.

Loading preloaded files ...
Initializations complete.

Accepting connections on port 6666.

执行时段错误：*Error in loading object '/cmds/std/suicide'

程式：feature/command.c 第 70 行
物件: /obj/user#1
呼叫来自：feature/command.c 的 command_hook() 第 100 行，物件： obj/user#1 ("玩具熊")
呼叫来自：feature/command.c 的 do_command() 第 70 行，物件： obj/user#1 ("玩具熊")
错误讯息被拦截: 
执行时段错误：*Error in loading object '/cmds/std/suicide'

程式：cmds/apr/update.c 第 50 行
物件: /cmds/apr/update
呼叫来自：feature/command.c 的 command_hook() 第 100 行，物件： obj/user#1 ("玩具熊")
呼叫来自：feature/command.c 的 do_command() 第 70 行，物件： obj/user#1 ("玩具熊")
呼叫来自：cmds/apr/update.c 的 main() 第 50 行，物件： cmds/apr/update
呼叫来自：cmds/apr/update.c 的 CATCH() 第 50 行，物件： cmds/apr/update
错误讯息被拦截: 
执行时段错误：*Error in loading object '/cmds/std/suicide'

程式：cmds/apr/update.c 第 50 行
物件: /cmds/apr/update
呼叫来自：feature/command.c 的 command_hook() 第 100 行，物件： obj/user#1 ("玩具熊")
呼叫来自：feature/command.c 的 do_command() 第 70 行，物件： obj/user#1 ("玩具熊")
呼叫来自：cmds/apr/update.c 的 main() 第 50 行，物件： cmds/apr/update
呼叫来自：cmds/apr/update.c 的 CATCH() 第 50 行，物件： cmds/apr/update
错误讯息被拦截: 
执行时段错误：*Error in loading object '/cmds/std/suicide'

程式：cmds/apr/update.c 第 50 行
物件: /cmds/apr/update
呼叫来自：feature/command.c 的 command_hook() 第 100 行，物件： obj/user#1 ("玩具熊")
呼叫来自：feature/command.c 的 do_command() 第 70 行，物件： obj/user#1 ("玩具熊")
呼叫来自：cmds/apr/update.c 的 main() 第 50 行，物件： cmds/apr/update
呼叫来自：cmds/apr/update.c 的 CATCH() 第 50 行，物件： cmds/apr/update
错误讯息被拦截: 
执行时段错误：*Error in loading object '/cmds/std/suicide'

程式：cmds/apr/update.c 第 50 行
物件: /cmds/apr/update
呼叫来自：feature/command.c 的 command_hook() 第 101 行，物件： obj/user#1 ("玩具熊")
呼叫来自：feature/command.c 的 do_command() 第 70 行，物件： obj/user#1 ("玩具熊")
呼叫来自：cmds/apr/update.c 的 main() 第 50 行，物件： cmds/apr/update
呼叫来自：cmds/apr/update.c 的 CATCH() 第 50 行，物件： cmds/apr/update

执行时段错误：*String index out of bounds.

程式：cmds/std/passwd.c 第 71 行
物件: /cmds/std/passwd
呼叫来自：cmds/std/passwd.c 的 get_new_pass() 第 38 行，物件： cmds/std/passwd
呼叫来自：cmds/std/passwd.c 的 check_passwd() 第 71 行，物件： cmds/std/passwd

执行时段错误：*String index out of bounds.

程式：cmds/std/passwd.c 第 71 行
物件: /cmds/std/passwd
呼叫来自：cmds/std/passwd.c 的 get_new_pass() 第 38 行，物件： cmds/std/passwd
呼叫来自：cmds/std/passwd.c 的 check_passwd() 第 71 行，物件： cmds/std/passwd
Initializing internal tables....

<---狂想空间: MudOs v22pre11 (by wwj,Jan  1 1999) startup on Microsoft Windows 98 at Thu Dec 05 07:46:14 2002

using config file: D:\ofs\config.fs
Can't find "mudos", ignoring old binaries.
Try invoking the driver using the full pathname.
System Error: init_addr_server: connect: WSAECONNREFUSED
]simul_efun loaded successfully.

Loading preloaded files ...
Initializations complete.

Accepting connections on port 6666.
Initializing internal tables....

<---狂想空间: MudOs v22pre11 (by wwj,Jan  1 1999) startup on Microsoft Windows 98 at Thu Dec 05 18:06:12 2002

using config file: D:\ofs\config.fs
Can't find "mudos", ignoring old binaries.
Try invoking the driver using the full pathname.
System Error: init_addr_server: connect: WSAECONNREFUSED
]simul_efun loaded successfully.

Loading preloaded files ...
Initializations complete.

Accepting connections on port 6666.
Initializing internal tables....

<---狂想空间: MudOs v22pre11 (by wwj,Jan  1 1999) startup on Microsoft Windows 98 at Fri Dec 06 21:51:11 2002

using config file: D:\ofs\config.fs
Can't find "mudos", ignoring old binaries.
Try invoking the driver using the full pathname.
System Error: init_addr_server: connect: WSAECONNREFUSED
]simul_efun loaded successfully.

Loading preloaded files ...
Initializations complete.

Accepting connections on port 6666.

执行时段错误：*Left hand side of += is a number (or zero); right side is not a number.

程式：feature/damage.c 第 212 行
物件: /obj/user#18
呼叫来自：std/char.c 的 heart_beat() 第 95 行，物件： obj/user#18 ("玩具熊")
呼叫来自：feature/damage.c 的 die() 第 212 行，物件： obj/user#18 ("玩具熊")
Heart beat in obj/user#18 turned off.

执行时段错误：*Left hand side of += is a number (or zero); right side is not a number.

程式：feature/damage.c 第 212 行
物件: /obj/user#18
呼叫来自：std/char.c 的 heart_beat() 第 95 行，物件： obj/user#18 ("玩具熊")
呼叫来自：feature/damage.c 的 die() 第 212 行，物件： obj/user#18 ("玩具熊")
Heart beat in obj/user#18 turned off.

执行时段错误：*Left hand side of += is a number (or zero); right side is not a number.

程式：feature/damage.c 第 212 行
物件: /obj/user#18
呼叫来自：std/char.c 的 heart_beat() 第 95 行，物件： obj/user#18 ("玩具熊")
呼叫来自：feature/damage.c 的 die() 第 212 行，物件： obj/user#18 ("玩具熊")
Heart beat in obj/user#18 turned off.

执行时段错误：*Left hand side of += is a number (or zero); right side is not a number.

程式：feature/damage.c 第 212 行
物件: /obj/user#18
呼叫来自：std/char.c 的 heart_beat() 第 95 行，物件： obj/user#18 ("玩具熊")
呼叫来自：feature/damage.c 的 die() 第 212 行，物件： obj/user#18 ("玩具熊")
Heart beat in obj/user#18 turned off.

执行时段错误：*Left hand side of += is a number (or zero); right side is not a number.

程式：feature/damage.c 第 212 行
物件: /obj/user#18
呼叫来自：std/char.c 的 heart_beat() 第 95 行，物件： obj/user#18 ("玩具熊")
呼叫来自：feature/damage.c 的 die() 第 212 行，物件： obj/user#18 ("玩具熊")
Heart beat in obj/user#18 turned off.

执行时段错误：*Left hand side of += is a number (or zero); right side is not a number.

程式：feature/damage.c 第 212 行
物件: /obj/user#18
呼叫来自：std/char.c 的 heart_beat() 第 95 行，物件： obj/user#18 ("玩具熊")
呼叫来自：feature/damage.c 的 die() 第 212 行，物件： obj/user#18 ("玩具熊")
Heart beat in obj/user#18 turned off.

执行时段错误：*Left hand side of += is a number (or zero); right side is not a number.

程式：feature/damage.c 第 212 行
物件: /obj/user#18
呼叫来自：std/char.c 的 heart_beat() 第 95 行，物件： obj/user#18 ("玩具熊")
呼叫来自：feature/damage.c 的 die() 第 212 行，物件： obj/user#18 ("玩具熊")
Heart beat in obj/user#18 turned off.

执行时段错误：*Left hand side of += is a number (or zero); right side is not a number.

程式：feature/damage.c 第 212 行
物件: /obj/user#18
呼叫来自：std/char.c 的 heart_beat() 第 95 行，物件： obj/user#18 ("玩具熊")
呼叫来自：feature/damage.c 的 die() 第 212 行，物件： obj/user#18 ("玩具熊")
Heart beat in obj/user#18 turned off.

执行时段错误：*Left hand side of += is a number (or zero); right side is not a number.

程式：feature/damage.c 第 212 行
物件: /obj/user#18
呼叫来自：std/char.c 的 heart_beat() 第 95 行，物件： obj/user#18 ("玩具熊")
呼叫来自：feature/damage.c 的 die() 第 212 行，物件： obj/user#18 ("玩具熊")
Heart beat in obj/user#18 turned off.

执行时段错误：*Left hand side of += is a number (or zero); right side is not a number.

程式：feature/damage.c 第 212 行
物件: /obj/user#18
呼叫来自：std/char.c 的 heart_beat() 第 95 行，物件： obj/user#18 ("玩具熊")
呼叫来自：feature/damage.c 的 die() 第 212 行，物件： obj/user#18 ("玩具熊")
Heart beat in obj/user#18 turned off.

执行时段错误：*Left hand side of += is a number (or zero); right side is not a number.

程式：feature/damage.c 第 212 行
物件: /obj/user#18
呼叫来自：std/char.c 的 heart_beat() 第 95 行，物件： obj/user#18 ("玩具熊")
呼叫来自：feature/damage.c 的 die() 第 212 行，物件： obj/user#18 ("玩具熊")
Heart beat in obj/user#18 turned off.

执行时段错误：*Left hand side of += is a number (or zero); right side is not a number.

程式：feature/damage.c 第 212 行
物件: /obj/user#18
呼叫来自：std/char.c 的 heart_beat() 第 95 行，物件： obj/user#18 ("玩具熊")
呼叫来自：feature/damage.c 的 die() 第 212 行，物件： obj/user#18 ("玩具熊")
Heart beat in obj/user#18 turned off.

执行时段错误：*Left hand side of += is a number (or zero); right side is not a number.

程式：feature/damage.c 第 212 行
物件: /obj/user#18
呼叫来自：std/char.c 的 heart_beat() 第 95 行，物件： obj/user#18 ("玩具熊")
呼叫来自：feature/damage.c 的 die() 第 212 行，物件： obj/user#18 ("玩具熊")
Heart beat in obj/user#18 turned off.

执行时段错误：*Left hand side of += is a number (or zero); right side is not a number.

程式：feature/damage.c 第 212 行
物件: /obj/user#18
呼叫来自：std/char.c 的 heart_beat() 第 95 行，物件： obj/user#18 ("玩具熊")
呼叫来自：feature/damage.c 的 die() 第 212 行，物件： obj/user#18 ("玩具熊")
Heart beat in obj/user#18 turned off.

执行时段错误：*Left hand side of += is a number (or zero); right side is not a number.

程式：feature/damage.c 第 212 行
物件: /obj/user#18
呼叫来自：std/char.c 的 heart_beat() 第 95 行，物件： obj/user#18 ("玩具熊")
呼叫来自：feature/damage.c 的 die() 第 212 行，物件： obj/user#18 ("玩具熊")
Heart beat in obj/user#18 turned off.

执行时段错误：*Left hand side of += is a number (or zero); right side is not a number.

程式：feature/damage.c 第 212 行
物件: /obj/user#18
呼叫来自：std/char.c 的 heart_beat() 第 95 行，物件： obj/user#18 ("玩具熊")
呼叫来自：feature/damage.c 的 die() 第 212 行，物件： obj/user#18 ("玩具熊")
Heart beat in obj/user#18 turned off.

执行时段错误：*Left hand side of += is a number (or zero); right side is not a number.

程式：feature/damage.c 第 212 行
物件: /obj/user#18
呼叫来自：std/char.c 的 heart_beat() 第 95 行，物件： obj/user#18 ("玩具熊")
呼叫来自：feature/damage.c 的 die() 第 212 行，物件： obj/user#18 ("玩具熊")
Heart beat in obj/user#18 turned off.

执行时段错误：*Left hand side of += is a number (or zero); right side is not a number.

程式：feature/damage.c 第 212 行
物件: /obj/user#18
呼叫来自：std/char.c 的 heart_beat() 第 95 行，物件： obj/user#18 ("玩具熊")
呼叫来自：feature/damage.c 的 die() 第 212 行，物件： obj/user#18 ("玩具熊")
Heart beat in obj/user#18 turned off.

执行时段错误：*Left hand side of += is a number (or zero); right side is not a number.

程式：feature/damage.c 第 212 行
物件: /obj/user#18
呼叫来自：std/char.c 的 heart_beat() 第 95 行，物件： obj/user#18 ("玩具熊")
呼叫来自：feature/damage.c 的 die() 第 212 行，物件： obj/user#18 ("玩具熊")
Heart beat in obj/user#18 turned off.

执行时段错误：*Left hand side of += is a number (or zero); right side is not a number.

程式：feature/damage.c 第 212 行
物件: /obj/user#18
呼叫来自：std/char.c 的 heart_beat() 第 95 行，物件： obj/user#18 ("玩具熊")
呼叫来自：feature/damage.c 的 die() 第 212 行，物件： obj/user#18 ("玩具熊")
Heart beat in obj/user#18 turned off.

执行时段错误：*Left hand side of += is a number (or zero); right side is not a number.

程式：feature/damage.c 第 212 行
物件: /obj/user#18
呼叫来自：std/char.c 的 heart_beat() 第 95 行，物件： obj/user#18 ("玩具熊")
呼叫来自：feature/damage.c 的 die() 第 212 行，物件： obj/user#18 ("玩具熊")
Heart beat in obj/user#18 turned off.

执行时段错误：*Left hand side of += is a number (or zero); right side is not a number.

程式：feature/damage.c 第 212 行
物件: /obj/user#18
呼叫来自：std/char.c 的 heart_beat() 第 95 行，物件： obj/user#18 ("玩具熊")
呼叫来自：feature/damage.c 的 die() 第 212 行，物件： obj/user#18 ("玩具熊")
Heart beat in obj/user#18 turned off.

执行时段错误：*Left hand side of += is a number (or zero); right side is not a number.

程式：feature/damage.c 第 212 行
物件: /obj/user#18
呼叫来自：std/char.c 的 heart_beat() 第 95 行，物件： obj/user#18 ("玩具熊")
呼叫来自：feature/damage.c 的 die() 第 212 行，物件： obj/user#18 ("玩具熊")
Heart beat in obj/user#18 turned off.

执行时段错误：*Left hand side of += is a number (or zero); right side is not a number.

程式：feature/damage.c 第 212 行
物件: /obj/user#18
呼叫来自：std/char.c 的 heart_beat() 第 95 行，物件： obj/user#18 ("玩具熊")
呼叫来自：feature/damage.c 的 die() 第 212 行，物件： obj/user#18 ("玩具熊")
Heart beat in obj/user#18 turned off.

执行时段错误：*Left hand side of += is a number (or zero); right side is not a number.

程式：feature/damage.c 第 212 行
物件: /obj/user#18
呼叫来自：std/char.c 的 heart_beat() 第 95 行，物件： obj/user#18 ("玩具熊")
呼叫来自：feature/damage.c 的 die() 第 212 行，物件： obj/user#18 ("玩具熊")
Heart beat in obj/user#18 turned off.

执行时段错误：*Left hand side of += is a number (or zero); right side is not a number.

程式：feature/damage.c 第 212 行
物件: /obj/user#18
呼叫来自：std/char.c 的 heart_beat() 第 95 行，物件： obj/user#18 ("玩具熊")
呼叫来自：feature/damage.c 的 die() 第 212 行，物件： obj/user#18 ("玩具熊")
Heart beat in obj/user#18 turned off.

执行时段错误：*Left hand side of += is a number (or zero); right side is not a number.

程式：feature/damage.c 第 212 行
物件: /obj/user#18
呼叫来自：std/char.c 的 heart_beat() 第 95 行，物件： obj/user#18 ("玩具熊")
呼叫来自：feature/damage.c 的 die() 第 212 行，物件： obj/user#18 ("玩具熊")
Heart beat in obj/user#18 turned off.

执行时段错误：*Left hand side of += is a number (or zero); right side is not a number.

程式：feature/damage.c 第 212 行
物件: /obj/user#18
呼叫来自：std/char.c 的 heart_beat() 第 95 行，物件： obj/user#18 ("玩具熊")
呼叫来自：feature/damage.c 的 die() 第 212 行，物件： obj/user#18 ("玩具熊")
Heart beat in obj/user#18 turned off.

执行时段错误：*Left hand side of += is a number (or zero); right side is not a number.

程式：feature/damage.c 第 212 行
物件: /obj/user#18
呼叫来自：std/char.c 的 heart_beat() 第 95 行，物件： obj/user#18 ("玩具熊")
呼叫来自：feature/damage.c 的 die() 第 212 行，物件： obj/user#18 ("玩具熊")
Heart beat in obj/user#18 turned off.

执行时段错误：*Left hand side of += is a number (or zero); right side is not a number.

程式：feature/damage.c 第 212 行
物件: /obj/user#18
呼叫来自：std/char.c 的 heart_beat() 第 95 行，物件： obj/user#18 ("玩具熊")
呼叫来自：feature/damage.c 的 die() 第 212 行，物件： obj/user#18 ("玩具熊")
Heart beat in obj/user#18 turned off.

执行时段错误：*Left hand side of += is a number (or zero); right side is not a number.

程式：feature/damage.c 第 212 行
物件: /obj/user#18
呼叫来自：std/char.c 的 heart_beat() 第 95 行，物件： obj/user#18 ("玩具熊")
呼叫来自：feature/damage.c 的 die() 第 212 行，物件： obj/user#18 ("玩具熊")
Heart beat in obj/user#18 turned off.

执行时段错误：*Left hand side of += is a number (or zero); right side is not a number.

程式：feature/damage.c 第 212 行
物件: /obj/user#18
呼叫来自：std/char.c 的 heart_beat() 第 95 行，物件： obj/user#18 ("玩具熊")
呼叫来自：feature/damage.c 的 die() 第 212 行，物件： obj/user#18 ("玩具熊")
Heart beat in obj/user#18 turned off.

执行时段错误：*Left hand side of += is a number (or zero); right side is not a number.

程式：feature/damage.c 第 212 行
物件: /obj/user#18
呼叫来自：std/char.c 的 heart_beat() 第 95 行，物件： obj/user#18 ("玩具熊")
呼叫来自：feature/damage.c 的 die() 第 212 行，物件： obj/user#18 ("玩具熊")
Heart beat in obj/user#18 turned off.

执行时段错误：*Left hand side of += is a number (or zero); right side is not a number.

程式：feature/damage.c 第 212 行
物件: /obj/user#18
呼叫来自：std/char.c 的 heart_beat() 第 95 行，物件： obj/user#18 ("玩具熊")
呼叫来自：feature/damage.c 的 die() 第 212 行，物件： obj/user#18 ("玩具熊")
Heart beat in obj/user#18 turned off.

执行时段错误：*Left hand side of += is a number (or zero); right side is not a number.

程式：feature/damage.c 第 212 行
物件: /obj/user#18
呼叫来自：std/char.c 的 heart_beat() 第 95 行，物件： obj/user#18 ("玩具熊")
呼叫来自：feature/damage.c 的 die() 第 212 行，物件： obj/user#18 ("玩具熊")
Heart beat in obj/user#18 turned off.

执行时段错误：*Left hand side of += is a number (or zero); right side is not a number.

程式：feature/damage.c 第 212 行
物件: /obj/user#18
呼叫来自：std/char.c 的 heart_beat() 第 95 行，物件： obj/user#18 ("玩具熊")
呼叫来自：feature/damage.c 的 die() 第 212 行，物件： obj/user#18 ("玩具熊")
Heart beat in obj/user#18 turned off.

执行时段错误：*Left hand side of += is a number (or zero); right side is not a number.

程式：feature/damage.c 第 212 行
物件: /obj/user#18
呼叫来自：std/char.c 的 heart_beat() 第 95 行，物件： obj/user#18 ("玩具熊")
呼叫来自：feature/damage.c 的 die() 第 212 行，物件： obj/user#18 ("玩具熊")
Heart beat in obj/user#18 turned off.

执行时段错误：*Left hand side of += is a number (or zero); right side is not a number.

程式：feature/damage.c 第 212 行
物件: /obj/user#18
呼叫来自：std/char.c 的 heart_beat() 第 95 行，物件： obj/user#18 ("玩具熊")
呼叫来自：feature/damage.c 的 die() 第 212 行，物件： obj/user#18 ("玩具熊")
Heart beat in obj/user#18 turned off.

执行时段错误：*Left hand side of += is a number (or zero); right side is not a number.

程式：feature/damage.c 第 212 行
物件: /obj/user#18
呼叫来自：std/char.c 的 heart_beat() 第 95 行，物件： obj/user#18 ("玩具熊")
呼叫来自：feature/damage.c 的 die() 第 212 行，物件： obj/user#18 ("玩具熊")
Heart beat in obj/user#18 turned off.

执行时段错误：*Left hand side of += is a number (or zero); right side is not a number.

程式：feature/damage.c 第 212 行
物件: /obj/user#18
呼叫来自：std/char.c 的 heart_beat() 第 95 行，物件： obj/user#18 ("玩具熊")
呼叫来自：feature/damage.c 的 die() 第 212 行，物件： obj/user#18 ("玩具熊")
Heart beat in obj/user#18 turned off.

执行时段错误：*Left hand side of += is a number (or zero); right side is not a number.

程式：feature/damage.c 第 212 行
物件: /obj/user#18
呼叫来自：std/char.c 的 heart_beat() 第 95 行，物件： obj/user#18 ("玩具熊")
呼叫来自：feature/damage.c 的 die() 第 212 行，物件： obj/user#18 ("玩具熊")
Heart beat in obj/user#18 turned off.

执行时段错误：*Left hand side of += is a number (or zero); right side is not a number.

程式：feature/damage.c 第 212 行
物件: /obj/user#18
呼叫来自：std/char.c 的 heart_beat() 第 95 行，物件： obj/user#18 ("玩具熊")
呼叫来自：feature/damage.c 的 die() 第 212 行，物件： obj/user#18 ("玩具熊")
Heart beat in obj/user#18 turned off.

执行时段错误：*Left hand side of += is a number (or zero); right side is not a number.

程式：feature/damage.c 第 212 行
物件: /obj/user#18
呼叫来自：std/char.c 的 heart_beat() 第 95 行，物件： obj/user#18 ("玩具熊")
呼叫来自：feature/damage.c 的 die() 第 212 行，物件： obj/user#18 ("玩具熊")
Heart beat in obj/user#18 turned off.

执行时段错误：*Left hand side of += is a number (or zero); right side is not a number.

程式：feature/damage.c 第 212 行
物件: /obj/user#18
呼叫来自：std/char.c 的 heart_beat() 第 95 行，物件： obj/user#18 ("玩具熊")
呼叫来自：feature/damage.c 的 die() 第 212 行，物件： obj/user#18 ("玩具熊")
Heart beat in obj/user#18 turned off.

执行时段错误：*Left hand side of += is a number (or zero); right side is not a number.

程式：feature/damage.c 第 212 行
物件: /obj/user#18
呼叫来自：std/char.c 的 heart_beat() 第 95 行，物件： obj/user#18 ("玩具熊")
呼叫来自：feature/damage.c 的 die() 第 212 行，物件： obj/user#18 ("玩具熊")
Heart beat in obj/user#18 turned off.

执行时段错误：*Left hand side of += is a number (or zero); right side is not a number.

程式：feature/damage.c 第 212 行
物件: /obj/user#18
呼叫来自：std/char.c 的 heart_beat() 第 95 行，物件： obj/user#18 ("玩具熊")
呼叫来自：feature/damage.c 的 die() 第 212 行，物件： obj/user#18 ("玩具熊")
Heart beat in obj/user#18 turned off.

执行时段错误：*Left hand side of += is a number (or zero); right side is not a number.

程式：feature/damage.c 第 212 行
物件: /obj/user#18
呼叫来自：std/char.c 的 heart_beat() 第 95 行，物件： obj/user#18 ("玩具熊")
呼叫来自：feature/damage.c 的 die() 第 212 行，物件： obj/user#18 ("玩具熊")
Heart beat in obj/user#18 turned off.

执行时段错误：*Left hand side of += is a number (or zero); right side is not a number.

程式：feature/damage.c 第 212 行
物件: /obj/user#18
呼叫来自：std/char.c 的 heart_beat() 第 95 行，物件： obj/user#18 ("玩具熊")
呼叫来自：feature/damage.c 的 die() 第 212 行，物件： obj/user#18 ("玩具熊")
Heart beat in obj/user#18 turned off.

执行时段错误：*Left hand side of += is a number (or zero); right side is not a number.

程式：feature/damage.c 第 212 行
物件: /obj/user#18
呼叫来自：std/char.c 的 heart_beat() 第 95 行，物件： obj/user#18 ("玩具熊")
呼叫来自：feature/damage.c 的 die() 第 212 行，物件： obj/user#18 ("玩具熊")
Heart beat in obj/user#18 turned off.

执行时段错误：*Left hand side of += is a number (or zero); right side is not a number.

程式：feature/damage.c 第 212 行
物件: /obj/user#18
呼叫来自：std/char.c 的 heart_beat() 第 95 行，物件： obj/user#18 ("玩具熊")
呼叫来自：feature/damage.c 的 die() 第 212 行，物件： obj/user#18 ("玩具熊")
Heart beat in obj/user#18 turned off.

执行时段错误：*Left hand side of += is a number (or zero); right side is not a number.

程式：feature/damage.c 第 212 行
物件: /obj/user#18
呼叫来自：std/char.c 的 heart_beat() 第 95 行，物件： obj/user#18 ("玩具熊")
呼叫来自：feature/damage.c 的 die() 第 212 行，物件： obj/user#18 ("玩具熊")
Heart beat in obj/user#18 turned off.

执行时段错误：*Left hand side of += is a number (or zero); right side is not a number.

程式：feature/damage.c 第 212 行
物件: /obj/user#18
呼叫来自：std/char.c 的 heart_beat() 第 95 行，物件： obj/user#18 ("玩具熊")
呼叫来自：feature/damage.c 的 die() 第 212 行，物件： obj/user#18 ("玩具熊")
Heart beat in obj/user#18 turned off.

执行时段错误：*Left hand side of += is a number (or zero); right side is not a number.

程式：feature/damage.c 第 212 行
物件: /obj/user#18
呼叫来自：std/char.c 的 heart_beat() 第 95 行，物件： obj/user#18 ("玩具熊")
呼叫来自：feature/damage.c 的 die() 第 212 行，物件： obj/user#18 ("玩具熊")
Heart beat in obj/user#18 turned off.

执行时段错误：*Left hand side of += is a number (or zero); right side is not a number.

程式：feature/damage.c 第 212 行
物件: /obj/user#18
呼叫来自：std/char.c 的 heart_beat() 第 95 行，物件： obj/user#18 ("玩具熊")
呼叫来自：feature/damage.c 的 die() 第 212 行，物件： obj/user#18 ("玩具熊")
Heart beat in obj/user#18 turned off.

执行时段错误：*Left hand side of += is a number (or zero); right side is not a number.

程式：feature/damage.c 第 212 行
物件: /obj/user#18
呼叫来自：std/char.c 的 heart_beat() 第 95 行，物件： obj/user#18 ("玩具熊")
呼叫来自：feature/damage.c 的 die() 第 212 行，物件： obj/user#18 ("玩具熊")
Heart beat in obj/user#18 turned off.

执行时段错误：*Left hand side of += is a number (or zero); right side is not a number.

程式：feature/damage.c 第 212 行
物件: /obj/user#18
呼叫来自：std/char.c 的 heart_beat() 第 95 行，物件： obj/user#18 ("玩具熊")
呼叫来自：feature/damage.c 的 die() 第 212 行，物件： obj/user#18 ("玩具熊")
Heart beat in obj/user#18 turned off.

执行时段错误：*Left hand side of += is a number (or zero); right side is not a number.

程式：feature/damage.c 第 212 行
物件: /obj/user#18
呼叫来自：std/char.c 的 heart_beat() 第 95 行，物件： obj/user#18 ("玩具熊")
呼叫来自：feature/damage.c 的 die() 第 212 行，物件： obj/user#18 ("玩具熊")
Heart beat in obj/user#18 turned off.

执行时段错误：*Left hand side of += is a number (or zero); right side is not a number.

程式：feature/damage.c 第 212 行
物件: /obj/user#18
呼叫来自：std/char.c 的 heart_beat() 第 95 行，物件： obj/user#18 ("玩具熊")
呼叫来自：feature/damage.c 的 die() 第 212 行，物件： obj/user#18 ("玩具熊")
Heart beat in obj/user#18 turned off.

执行时段错误：*Left hand side of += is a number (or zero); right side is not a number.

程式：feature/damage.c 第 212 行
物件: /obj/user#18
呼叫来自：std/char.c 的 heart_beat() 第 95 行，物件： obj/user#18 ("玩具熊")
呼叫来自：feature/damage.c 的 die() 第 212 行，物件： obj/user#18 ("玩具熊")
Heart beat in obj/user#18 turned off.

执行时段错误：*Left hand side of += is a number (or zero); right side is not a number.

程式：feature/damage.c 第 212 行
物件: /obj/user#18
呼叫来自：std/char.c 的 heart_beat() 第 95 行，物件： obj/user#18 ("玩具熊")
呼叫来自：feature/damage.c 的 die() 第 212 行，物件： obj/user#18 ("玩具熊")
Heart beat in obj/user#18 turned off.

执行时段错误：*Left hand side of += is a number (or zero); right side is not a number.

程式：feature/damage.c 第 212 行
物件: /obj/user#18
呼叫来自：std/char.c 的 heart_beat() 第 95 行，物件： obj/user#18 ("玩具熊")
呼叫来自：feature/damage.c 的 die() 第 212 行，物件： obj/user#18 ("玩具熊")
Heart beat in obj/user#18 turned off.

执行时段错误：*Left hand side of += is a number (or zero); right side is not a number.

程式：feature/damage.c 第 212 行
物件: /obj/user#18
呼叫来自：std/char.c 的 heart_beat() 第 95 行，物件： obj/user#18 ("玩具熊")
呼叫来自：feature/damage.c 的 die() 第 212 行，物件： obj/user#18 ("玩具熊")
Heart beat in obj/user#18 turned off.
错误讯息被拦截: 
执行时段错误：*Error in loading object '/open/death/start'

程式：cmds/apr/update.c 第 50 行
物件: /cmds/apr/update
呼叫来自：feature/command.c 的 command_hook() 第 100 行，物件： obj/user#1 ("玩具熊")
呼叫来自：feature/command.c 的 do_command() 第 70 行，物件： obj/user#1 ("玩具熊")
呼叫来自：cmds/apr/update.c 的 main() 第 50 行，物件： cmds/apr/update
呼叫来自：cmds/apr/update.c 的 CATCH() 第 50 行，物件： cmds/apr/update
Initializing internal tables....

<---狂想空间: MudOs v22pre11 (by wwj,Jan  1 1999) startup on Microsoft Windows 98 at Fri Dec 06 22:15:14 2002

using config file: D:\ofs\config.fs
Can't find "mudos", ignoring old binaries.
Try invoking the driver using the full pathname.
System Error: init_addr_server: connect: WSAECONNREFUSED
]simul_efun loaded successfully.

Loading preloaded files ...
Initializations complete.

Accepting connections on port 6666.
错误讯息被拦截: 
执行时段错误：*Error in loading object '/open/death/start'

程式：cmds/apr/update.c 第 50 行
物件: /cmds/apr/update
呼叫来自：feature/command.c 的 command_hook() 第 100 行，物件： obj/user#3 ("玩具熊")
呼叫来自：feature/command.c 的 do_command() 第 70 行，物件： obj/user#3 ("玩具熊")
呼叫来自：cmds/apr/update.c 的 main() 第 50 行，物件： cmds/apr/update
呼叫来自：cmds/apr/update.c 的 CATCH() 第 50 行，物件： cmds/apr/update
错误讯息被拦截: 
执行时段错误：*Error in loading object '/open/death/start'

程式：cmds/apr/update.c 第 50 行
物件: /cmds/apr/update
呼叫来自：feature/command.c 的 command_hook() 第 101 行，物件： obj/user#3 ("玩具熊")
呼叫来自：feature/command.c 的 do_command() 第 70 行，物件： obj/user#3 ("玩具熊")
呼叫来自：cmds/apr/update.c 的 main() 第 50 行，物件： cmds/apr/update
呼叫来自：cmds/apr/update.c 的 CATCH() 第 50 行，物件： cmds/apr/update
错误讯息被拦截: 
执行时段错误：*Error in loading object '/open/death/start'

程式：cmds/apr/update.c 第 50 行
物件: /cmds/apr/update
呼叫来自：feature/command.c 的 command_hook() 第 100 行，物件： obj/user#3 ("玩具熊")
呼叫来自：feature/command.c 的 do_command() 第 70 行，物件： obj/user#3 ("玩具熊")
呼叫来自：cmds/apr/update.c 的 main() 第 50 行，物件： cmds/apr/update
呼叫来自：cmds/apr/update.c 的 CATCH() 第 50 行，物件： cmds/apr/update
Initializing internal tables....

<---狂想空间: MudOs v22pre11 (by wwj,Jan  1 1999) startup on Microsoft Windows 98 at Fri Dec 06 22:17:26 2002

using config file: D:\ofs\config.fs
Can't find "mudos", ignoring old binaries.
Try invoking the driver using the full pathname.
System Error: init_addr_server: connect: WSAECONNREFUSED
]simul_efun loaded successfully.

Loading preloaded files ...
Initializations complete.

Accepting connections on port 6666.

执行时段错误：*Left hand side of += is a number (or zero); right side is not a number.

程式：feature/damage.c 第 212 行
物件: /obj/user#1
呼叫来自：std/char.c 的 heart_beat() 第 95 行，物件： obj/user#1 ("玩具熊")
呼叫来自：feature/damage.c 的 die() 第 212 行，物件： obj/user#1 ("玩具熊")
Heart beat in obj/user#1 turned off.

执行时段错误：*Left hand side of += is a number (or zero); right side is not a number.

程式：feature/damage.c 第 212 行
物件: /obj/user#1
呼叫来自：std/char.c 的 heart_beat() 第 95 行，物件： obj/user#1 ("玩具熊")
呼叫来自：feature/damage.c 的 die() 第 212 行，物件： obj/user#1 ("玩具熊")
Heart beat in obj/user#1 turned off.

执行时段错误：*Left hand side of += is a number (or zero); right side is not a number.

程式：feature/damage.c 第 212 行
物件: /obj/user#1
呼叫来自：std/char.c 的 heart_beat() 第 95 行，物件： obj/user#1 ("玩具熊")
呼叫来自：feature/damage.c 的 die() 第 212 行，物件： obj/user#1 ("玩具熊")
Heart beat in obj/user#1 turned off.

执行时段错误：*Left hand side of += is a number (or zero); right side is not a number.

程式：feature/damage.c 第 212 行
物件: /obj/user#1
呼叫来自：std/char.c 的 heart_beat() 第 95 行，物件： obj/user#1 ("玩具熊")
呼叫来自：feature/damage.c 的 die() 第 212 行，物件： obj/user#1 ("玩具熊")
Heart beat in obj/user#1 turned off.

执行时段错误：*Left hand side of += is a number (or zero); right side is not a number.

程式：feature/damage.c 第 212 行
物件: /obj/user#1
呼叫来自：std/char.c 的 heart_beat() 第 95 行，物件： obj/user#1 ("玩具熊")
呼叫来自：feature/damage.c 的 die() 第 212 行，物件： obj/user#1 ("玩具熊")
Heart beat in obj/user#1 turned off.

执行时段错误：*Left hand side of += is a number (or zero); right side is not a number.

程式：feature/damage.c 第 212 行
物件: /obj/user#1
呼叫来自：std/char.c 的 heart_beat() 第 95 行，物件： obj/user#1 ("玩具熊")
呼叫来自：feature/damage.c 的 die() 第 212 行，物件： obj/user#1 ("玩具熊")
Heart beat in obj/user#1 turned off.

执行时段错误：*F_SKILL: No such skill (bad_strike)

程式：feature/skill.c 第 24 行
物件: /obj/user#1
呼叫来自：feature/command.c 的 command_hook() 第 100 行，物件： obj/user#1 ("玩具熊")
呼叫来自：feature/command.c 的 do_command() 第 70 行，物件： obj/user#1 ("玩具熊")
呼叫来自：cmds/wiz/call.c 的 main() 第 86 行，物件： cmds/wiz/call
呼叫来自：feature/skill.c 的 set_skill() 第 24 行，物件： obj/user#1 ("玩具熊")

执行时段错误：*F_SKILL: No such skill (paull-step)

程式：feature/skill.c 第 24 行
物件: /obj/user#1
呼叫来自：feature/command.c 的 command_hook() 第 100 行，物件： obj/user#1 ("玩具熊")
呼叫来自：feature/command.c 的 do_command() 第 70 行，物件： obj/user#1 ("玩具熊")
呼叫来自：cmds/wiz/call.c 的 main() 第 86 行，物件： cmds/wiz/call
呼叫来自：feature/skill.c 的 set_skill() 第 24 行，物件： obj/user#1 ("玩具熊")

执行时段错误：*F_SKILL: No such skill (lingpo-steps)

程式：feature/skill.c 第 24 行
物件: /obj/user#1
呼叫来自：feature/command.c 的 command_hook() 第 100 行，物件： obj/user#1 ("玩具熊")
呼叫来自：feature/command.c 的 do_command() 第 70 行，物件： obj/user#1 ("玩具熊")
呼叫来自：cmds/wiz/call.c 的 main() 第 86 行，物件： cmds/wiz/call
呼叫来自：feature/skill.c 的 set_skill() 第 24 行，物件： obj/user#1 ("玩具熊")

执行时段错误：*F_SKILL: No such skill (finger)

程式：feature/skill.c 第 24 行
物件: /obj/user#1
呼叫来自：feature/command.c 的 command_hook() 第 100 行，物件： obj/user#1 ("玩具熊")
呼叫来自：feature/command.c 的 do_command() 第 70 行，物件： obj/user#1 ("玩具熊")
呼叫来自：cmds/wiz/call.c 的 main() 第 86 行，物件： cmds/wiz/call
呼叫来自：feature/skill.c 的 set_skill() 第 24 行，物件： obj/user#1 ("玩具熊")

执行时段错误：*F_SKILL: No such skill (strike)

程式：feature/skill.c 第 24 行
物件: /obj/user#1
呼叫来自：feature/command.c 的 command_hook() 第 100 行，物件： obj/user#1 ("玩具熊")
呼叫来自：feature/command.c 的 do_command() 第 70 行，物件： obj/user#1 ("玩具熊")
呼叫来自：cmds/wiz/call.c 的 main() 第 86 行，物件： cmds/wiz/call
呼叫来自：feature/skill.c 的 set_skill() 第 24 行，物件： obj/user#1 ("玩具熊")

执行时段错误：*F_SKILL: No such skill (mana)

程式：feature/skill.c 第 24 行
物件: /obj/user#1
呼叫来自：feature/command.c 的 command_hook() 第 100 行，物件： obj/user#1 ("玩具熊")
呼叫来自：feature/command.c 的 do_command() 第 70 行，物件： obj/user#1 ("玩具熊")
呼叫来自：cmds/wiz/call.c 的 main() 第 86 行，物件： cmds/wiz/call
呼叫来自：feature/skill.c 的 set_skill() 第 24 行，物件： obj/user#1 ("玩具熊")

执行时段错误：*Left hand side of += is a number (or zero); right side is not a number.

程式：feature/damage.c 第 212 行
物件: /open/center/npc/sparrow#141
呼叫来自：std/char.c 的 heart_beat() 第 95 行，物件： open/center/npc/sparrow#141 ("小麻雀")
呼叫来自：feature/damage.c 的 die() 第 212 行，物件： open/center/npc/sparrow#141 ("小麻雀")
Heart beat in open/center/npc/sparrow#141 turned off.

执行时段错误：*Left hand side of += is a number (or zero); right side is not a number.

程式：feature/damage.c 第 212 行
物件: /open/center/npc/sparrow#141
呼叫来自：std/char.c 的 heart_beat() 第 95 行，物件： open/center/npc/sparrow#141 ("小麻雀")
呼叫来自：feature/damage.c 的 die() 第 212 行，物件： open/center/npc/sparrow#141 ("小麻雀")
Heart beat in open/center/npc/sparrow#141 turned off.

执行时段错误：*Left hand side of += is a number (or zero); right side is not a number.

程式：feature/damage.c 第 212 行
物件: /open/main/npc/lion#162
呼叫来自：std/char.c 的 heart_beat() 第 95 行，物件： open/main/npc/lion#162 ("狮子")
呼叫来自：feature/damage.c 的 die() 第 212 行，物件： open/main/npc/lion#162 ("狮子")
Heart beat in open/main/npc/lion#162 turned off.

执行时段错误：*Left hand side of += is a number (or zero); right side is not a number.

程式：feature/damage.c 第 212 行
物件: /open/main/npc/lion#170
呼叫来自：std/char.c 的 heart_beat() 第 95 行，物件： open/main/npc/lion#170 ("狮子")
呼叫来自：feature/damage.c 的 die() 第 212 行，物件： open/main/npc/lion#170 ("狮子")
Heart beat in open/main/npc/lion#170 turned off.
Initializing internal tables....

<---狂想空间: MudOs v22pre11 (by wwj,Jan  1 1999) startup on Microsoft Windows 98 at Fri Dec 06 22:50:04 2002

using config file: D:\ofs\config.fs
Can't find "mudos", ignoring old binaries.
Try invoking the driver using the full pathname.
System Error: init_addr_server: connect: WSAECONNREFUSED
]simul_efun loaded successfully.

Loading preloaded files ...
Initializations complete.

Accepting connections on port 6666.

执行时段错误：*Bad argument 1 to call_other()
Expected: string or array or object Got: 0.

程式：feature/damage.c 第 212 行
物件: /open/center/npc/sparrow#10
呼叫来自：std/char.c 的 heart_beat() 第 95 行，物件： open/center/npc/sparrow#10 ("小麻雀")
呼叫来自：feature/damage.c 的 die() 第 212 行，物件： open/center/npc/sparrow#10 ("小麻雀")
Heart beat in open/center/npc/sparrow#10 turned off.

执行时段错误：*Bad argument 1 to call_other()
Expected: string or array or object Got: 0.

程式：feature/damage.c 第 212 行
物件: /open/center/npc/sparrow#10
呼叫来自：std/char.c 的 heart_beat() 第 95 行，物件： open/center/npc/sparrow#10 ("小麻雀")
呼叫来自：feature/damage.c 的 die() 第 212 行，物件： open/center/npc/sparrow#10 ("小麻雀")
Heart beat in open/center/npc/sparrow#10 turned off.
Initializing internal tables....

<---狂想空间: MudOs v22pre11 (by wwj,Jan  1 1999) startup on Microsoft Windows 98 at Fri Dec 06 22:51:44 2002

using config file: D:\ofs\config.fs
Can't find "mudos", ignoring old binaries.
Try invoking the driver using the full pathname.
System Error: init_addr_server: connect: WSAECONNREFUSED
]simul_efun loaded successfully.

Loading preloaded files ...
Initializations complete.

Accepting connections on port 6666.

执行时段错误：*Division by 0.0

程式：feature/damage.c 第 223 行
物件: /open/gblade/npc/yuan#62
呼叫来自：std/char.c 的 heart_beat() 第 95 行，物件： open/gblade/npc/yuan#62 ("陈元贵")
呼叫来自：feature/damage.c 的 die() 第 223 行，物件： open/gblade/npc/yuan#62 ("陈元贵")
Heart beat in open/gblade/npc/yuan#62 turned off.

执行时段错误：*Division by 0.0

程式：feature/damage.c 第 223 行
物件: /open/gblade/npc/yuan#62
呼叫来自：std/char.c 的 heart_beat() 第 95 行，物件： open/gblade/npc/yuan#62 ("陈元贵")
呼叫来自：feature/damage.c 的 die() 第 223 行，物件： open/gblade/npc/yuan#62 ("陈元贵")
Heart beat in open/gblade/npc/yuan#62 turned off.

执行时段错误：*Division by 0.0

程式：feature/damage.c 第 223 行
物件: /open/gblade/npc/yuan#62
呼叫来自：std/char.c 的 heart_beat() 第 95 行，物件： open/gblade/npc/yuan#62 ("陈元贵")
呼叫来自：feature/damage.c 的 die() 第 223 行，物件： open/gblade/npc/yuan#62 ("陈元贵")
Heart beat in open/gblade/npc/yuan#62 turned off.

执行时段错误：*Bad argument 1 to call_other()
Expected: string or array or object Got: 0.

程式：cmds/std/perform.c 第 52 行
物件: /cmds/std/perform
呼叫来自：cmds/std/perform.c 的 del_busy() 第 52 行，物件： cmds/std/perform

执行时段错误：*Division by 0.0

程式：feature/damage.c 第 223 行
物件: /open/gblade/npc/s-guardian#148
呼叫来自：std/char.c 的 heart_beat() 第 95 行，物件： open/gblade/npc/s-guardian#148 ("银刀护院")
呼叫来自：feature/damage.c 的 die() 第 223 行，物件： open/gblade/npc/s-guardian#148 ("银刀护院")
Heart beat in open/gblade/npc/s-guardian#148 turned off.

执行时段错误：*Division by 0.0

程式：feature/damage.c 第 223 行
物件: /open/gblade/npc/s-guardian#148
呼叫来自：std/char.c 的 heart_beat() 第 95 行，物件： open/gblade/npc/s-guardian#148 ("银刀护院")
呼叫来自：feature/damage.c 的 die() 第 223 行，物件： open/gblade/npc/s-guardian#148 ("银刀护院")
Heart beat in open/gblade/npc/s-guardian#148 turned off.
Initializing internal tables....

<---狂想空间: MudOs v22pre11 (by wwj,Jan  1 1999) startup on Microsoft Windows 98 at Fri Dec 06 23:12:15 2002

using config file: D:\ofs\config.fs
Can't find "mudos", ignoring old binaries.
Try invoking the driver using the full pathname.
System Error: init_addr_server: connect: WSAECONNREFUSED
]simul_efun loaded successfully.

Loading preloaded files ...
Initializations complete.

Accepting connections on port 6666.

执行时段错误：*Left hand side of += is a number (or zero); right side is not a number.

程式：feature/damage.c 第 212 行
物件: /open/center/npc/sparrow#10
呼叫来自：std/char.c 的 heart_beat() 第 95 行，物件： open/center/npc/sparrow#10 ("小麻雀")
呼叫来自：feature/damage.c 的 die() 第 212 行，物件： open/center/npc/sparrow#10 ("小麻雀")
Heart beat in open/center/npc/sparrow#10 turned off.

执行时段错误：*Left hand side of += is a number (or zero); right side is not a number.

程式：feature/damage.c 第 212 行
物件: /open/center/npc/sparrow#10
呼叫来自：std/char.c 的 heart_beat() 第 95 行，物件： open/center/npc/sparrow#10 ("小麻雀")
呼叫来自：feature/damage.c 的 die() 第 212 行，物件： open/center/npc/sparrow#10 ("小麻雀")
Heart beat in open/center/npc/sparrow#10 turned off.
Initializing internal tables....

<---狂想空间: MudOs v22pre11 (by wwj,Jan  1 1999) startup on Microsoft Windows 98 at Fri Dec 06 23:20:38 2002

using config file: D:\ofs\config.fs
Can't find "mudos", ignoring old binaries.
Try invoking the driver using the full pathname.
System Error: init_addr_server: connect: WSAECONNREFUSED
]simul_efun loaded successfully.

Loading preloaded files ...
Initializations complete.

Accepting connections on port 6666.

执行时段错误：*Division by 0.0

程式：feature/damage.c 第 223 行
物件: /open/gsword/npc/swordsman#24
呼叫来自：std/char.c 的 heart_beat() 第 95 行，物件： open/gsword/npc/swordsman#24 ("守殿剑士")
呼叫来自：feature/damage.c 的 die() 第 223 行，物件： open/gsword/npc/swordsman#24 ("守殿剑士")
Heart beat in open/gsword/npc/swordsman#24 turned off.

执行时段错误：*Division by 0.0

程式：feature/damage.c 第 223 行
物件: /open/gsword/npc/swordsman#24
呼叫来自：std/char.c 的 heart_beat() 第 95 行，物件： open/gsword/npc/swordsman#24 ("守殿剑士")
呼叫来自：feature/damage.c 的 die() 第 223 行，物件： open/gsword/npc/swordsman#24 ("守殿剑士")
Heart beat in open/gsword/npc/swordsman#24 turned off.

执行时段错误：*Division by 0.0

程式：feature/damage.c 第 223 行
物件: /open/gsword/npc/swordsman#24
呼叫来自：std/char.c 的 heart_beat() 第 95 行，物件： open/gsword/npc/swordsman#24 ("守殿剑士")
呼叫来自：feature/damage.c 的 die() 第 223 行，物件： open/gsword/npc/swordsman#24 ("守殿剑士")
Heart beat in open/gsword/npc/swordsman#24 turned off.

执行时段错误：*Division by 0.0

程式：feature/damage.c 第 223 行
物件: /open/gsword/npc/swordsman#24
呼叫来自：std/char.c 的 heart_beat() 第 95 行，物件： open/gsword/npc/swordsman#24 ("守殿剑士")
呼叫来自：feature/damage.c 的 die() 第 223 行，物件： open/gsword/npc/swordsman#24 ("守殿剑士")
Heart beat in open/gsword/npc/swordsman#24 turned off.
Initializing internal tables....

<---狂想空间: MudOs v22pre11 (by wwj,Jan  1 1999) startup on Microsoft Windows 98 at Fri Dec 06 23:24:15 2002

using config file: D:\ofs\config.fs
Can't find "mudos", ignoring old binaries.
Try invoking the driver using the full pathname.
System Error: init_addr_server: connect: WSAECONNREFUSED
]simul_efun loaded successfully.

Loading preloaded files ...
Initializations complete.

Accepting connections on port 6666.
]【系统】玩具熊(bear)断线了。

执行时段错误：*Bad argument 1 to wizardp()
Expected: object Got: 0.

程式：u/bear/wiz_cloak.c 第 324 行
物件: /u/bear/wiz_cloak#2
呼叫来自：obj/user.c 的 net_dead() 第 146 行，物件： obj/user#1 ("玩具熊")
呼叫来自：obj/user.c 的 save() 第 50 行，物件： obj/user#1 ("玩具熊")
呼叫来自：feature/autoload.c 的 save_autoload() 第 16 行，物件： obj/user#1 ("玩具熊")
呼叫来自：u/bear/wiz_cloak.c 的 query_autoload() 第 324 行，物件： u/bear/wiz_cloak#2 ("玩具熊的魔法师披风")
Initializing internal tables....

<---狂想空间: MudOs v22pre11 (by wwj,Jan  1 1999) startup on Microsoft Windows 98 at Sat Dec 07 09:41:56 2002

using config file: D:\ofs\config.fs
Can't find "mudos", ignoring old binaries.
Try invoking the driver using the full pathname.
System Error: init_addr_server: connect: WSAECONNREFUSED
]simul_efun loaded successfully.

Loading preloaded files ...
Initializations complete.

Accepting connections on port 6666.
Initializing internal tables....

<---狂想空间: MudOs v22pre11 (by wwj,Jan  1 1999) startup on Microsoft Windows 98 at Sat Dec 07 09:43:00 2002

using config file: D:\ofs\config.fs
Can't find "mudos", ignoring old binaries.
Try invoking the driver using the full pathname.
System Error: init_addr_server: connect: WSAECONNREFUSED
]simul_efun loaded successfully.

Loading preloaded files ...
Initializations complete.

Accepting connections on port 6666.
错误讯息被拦截: 
执行时段错误：*Error in loading object '/open/main/npc/bee'

程式：cmds/apr/update.c 第 50 行
物件: /cmds/apr/update
呼叫来自：feature/command.c 的 command_hook() 第 100 行，物件： obj/user#82 ("玩具熊")
呼叫来自：feature/command.c 的 do_command() 第 70 行，物件： obj/user#82 ("玩具熊")
呼叫来自：cmds/apr/update.c 的 main() 第 50 行，物件： cmds/apr/update
呼叫来自：cmds/apr/update.c 的 CATCH() 第 50 行，物件： cmds/apr/update
Initializing internal tables....

<---狂想空间: MudOs v22pre11 (by wwj,Jan  1 1999) startup on Microsoft Windows 98 at Sat Dec 07 10:08:20 2002

using config file: D:\ofs\config.fs
Can't find "mudos", ignoring old binaries.
Try invoking the driver using the full pathname.
System Error: init_addr_server: connect: WSAECONNREFUSED
]simul_efun loaded successfully.

Loading preloaded files ...
Initializations complete.

Accepting connections on port 6666.

执行时段错误：*F_SKILL: No such skill (dodoge)

程式：feature/skill.c 第 24 行
物件: /obj/user#4
呼叫来自：feature/command.c 的 command_hook() 第 100 行，物件： obj/user#2 ("寒羽")
呼叫来自：feature/command.c 的 do_command() 第 70 行，物件： obj/user#2 ("寒羽")
呼叫来自：cmds/wiz/call.c 的 main() 第 86 行，物件： cmds/wiz/call
呼叫来自：feature/skill.c 的 set_skill() 第 24 行，物件： obj/user#4 ("玩具熊")

执行时段错误：*F_SKILL: No such skill (dodoge)

程式：feature/skill.c 第 24 行
物件: /obj/user#2
呼叫来自：feature/command.c 的 command_hook() 第 100 行，物件： obj/user#2 ("寒羽")
呼叫来自：feature/command.c 的 do_command() 第 70 行，物件： obj/user#2 ("寒羽")
呼叫来自：cmds/wiz/call.c 的 main() 第 86 行，物件： cmds/wiz/call
呼叫来自：feature/skill.c 的 set_skill() 第 24 行，物件： obj/user#2 ("寒羽")
Initializing internal tables....

<---狂想空间: MudOs v22pre11 (by wwj,Jan  1 1999) startup on Microsoft Windows 98 at Sat Dec 07 10:24:52 2002

using config file: D:\ofs\config.fs
Can't find "mudos", ignoring old binaries.
Try invoking the driver using the full pathname.
System Error: init_addr_server: connect: WSAECONNREFUSED
]simul_efun loaded successfully.

Loading preloaded files ...
Initializations complete.

Accepting connections on port 6666.

执行时段错误：*Bad argument 1 to call_other()
Expected: string or array or object Got: 0.

程式：adm/daemons/fingerd.c 第 85 行
物件: /adm/daemons/fingerd
呼叫来自：feature/command.c 的 command_hook() 第 100 行，物件： obj/user#8 ("天狼星")
呼叫来自：feature/command.c 的 do_command() 第 70 行，物件： obj/user#8 ("天狼星")
呼叫来自：cmds/std/finger.c 的 main() 第 38 行，物件： cmds/std/finger
呼叫来自：adm/daemons/fingerd.c 的 finger_user() 第 85 行，物件： adm/daemons/fingerd

执行时段错误：*Bad argument 1 to call_other()
Expected: string or array or object Got: 0.

程式：adm/daemons/fingerd.c 第 85 行
物件: /adm/daemons/fingerd
呼叫来自：feature/command.c 的 command_hook() 第 100 行，物件： obj/user#8 ("天狼星")
呼叫来自：feature/command.c 的 do_command() 第 70 行，物件： obj/user#8 ("天狼星")
呼叫来自：cmds/std/finger.c 的 main() 第 38 行，物件： cmds/std/finger
呼叫来自：adm/daemons/fingerd.c 的 finger_user() 第 85 行，物件： adm/daemons/fingerd

执行时段错误：*Error in loading object '/cmds/std/song'

程式：feature/command.c 第 70 行
物件: /obj/user#23
呼叫来自：feature/command.c 的 command_hook() 第 101 行，物件： obj/user#23 ("小无底洞")
呼叫来自：feature/command.c 的 do_command() 第 70 行，物件： obj/user#23 ("小无底洞")
Initializing internal tables....

<---狂想空间: MudOs v22pre11 (by wwj,Jan  1 1999) startup on Microsoft Windows 98 at Sat Dec 07 10:27:39 2002

using config file: D:\ofs\config.fs
Can't find "mudos", ignoring old binaries.
Try invoking the driver using the full pathname.
System Error: init_addr_server: connect: WSAECONNREFUSED
]simul_efun loaded successfully.

Loading preloaded files ...
Initializations complete.

Accepting connections on port 6666.
Initializing internal tables....

<---狂想空间: MudOs v22pre11 (by wwj,Jan  1 1999) startup on Microsoft Windows 98 at Sat Dec 07 10:29:25 2002

using config file: D:\ofs\config.fs
Can't find "mudos", ignoring old binaries.
Try invoking the driver using the full pathname.
System Error: init_addr_server: connect: WSAECONNREFUSED
]simul_efun loaded successfully.

Loading preloaded files ...
Initializations complete.

Accepting connections on port 6666.

执行时段错误：*Error in loading object '/cmds/std/ident'

程式：feature/command.c 第 70 行
物件: /obj/user#10
呼叫来自：feature/command.c 的 command_hook() 第 100 行，物件： obj/user#10 ("寒羽")
呼叫来自：feature/command.c 的 do_command() 第 70 行，物件： obj/user#10 ("寒羽")

执行时段错误：*Bad argument 1 to capitalize()
Expected: string Got: 0.

程式：feature/name.c 第 68 行
物件: /obj/book#139
呼叫来自：feature/command.c 的 command_hook() 第 101 行，物件： obj/user#5 ("玩具熊")
呼叫来自：feature/command.c 的 do_command() 第 70 行，物件： obj/user#5 ("玩具熊")
呼叫来自：cmds/std/inventory.c 的 main() 第 65 行，物件： cmds/std/inventory
呼叫来自：feature/name.c 的 short() 第 68 行，物件： obj/book#139 ("/obj/book#139")

执行时段错误：*F_SKILL: No such skill (sha-sword)

程式：feature/skill.c 第 24 行
物件: /obj/user#10
呼叫来自：feature/command.c 的 command_hook() 第 100 行，物件： obj/user#10 ("寒羽")
呼叫来自：feature/command.c 的 do_command() 第 70 行，物件： obj/user#10 ("寒羽")
呼叫来自：cmds/wiz/call.c 的 main() 第 86 行，物件： cmds/wiz/call
呼叫来自：feature/skill.c 的 set_skill() 第 24 行，物件： obj/user#10 ("寒羽")

执行时段错误：*F_SKILL: No such skill (sha_sword)

程式：feature/skill.c 第 24 行
物件: /obj/user#10
呼叫来自：feature/command.c 的 command_hook() 第 100 行，物件： obj/user#10 ("寒羽")
呼叫来自：feature/command.c 的 do_command() 第 70 行，物件： obj/user#10 ("寒羽")
呼叫来自：cmds/wiz/call.c 的 main() 第 86 行，物件： cmds/wiz/call
呼叫来自：feature/skill.c 的 set_skill() 第 24 行，物件： obj/user#10 ("寒羽")

执行时段错误：*F_SKILL: No such skill (puall-steps)

程式：feature/skill.c 第 24 行
物件: /obj/user#10
呼叫来自：feature/command.c 的 command_hook() 第 100 行，物件： obj/user#10 ("寒羽")
呼叫来自：feature/command.c 的 do_command() 第 70 行，物件： obj/user#10 ("寒羽")
呼叫来自：cmds/wiz/call.c 的 main() 第 86 行，物件： cmds/wiz/call
呼叫来自：feature/skill.c 的 set_skill() 第 24 行，物件： obj/user#10 ("寒羽")

执行时段错误：*Bad argument 1 to find_player()
Expected: string Got: 0.

程式：adm/daemons/logind.c 第 737 行
物件: /adm/daemons/logind
呼叫来自：feature/command.c 的 command_hook() 第 101 行，物件： obj/user#130 ("神气小小猪")
呼叫来自：feature/command.c 的 do_command() 第 70 行，物件： obj/user#130 ("神气小小猪")
呼叫来自：cmds/wiz/summon.c 的 main() 第 12 行，物件： cmds/wiz/summon
呼叫来自：adm/daemons/logind.c 的 find_body() 第 737 行，物件： adm/daemons/logind

执行时段错误：*Bad argument 1 to find_player()
Expected: string Got: 0.

程式：adm/daemons/logind.c 第 737 行
物件: /adm/daemons/logind
呼叫来自：feature/command.c 的 command_hook() 第 101 行，物件： obj/user#137 ("天狼星")
呼叫来自：feature/command.c 的 do_command() 第 70 行，物件： obj/user#137 ("天狼星")
呼叫来自：cmds/wiz/summon.c 的 main() 第 12 行，物件： cmds/wiz/summon
呼叫来自：adm/daemons/logind.c 的 find_body() 第 737 行，物件： adm/daemons/logind

执行时段错误：*combine:set_amount less than 1.

程式：std/item/combined.c 第 26 行
物件: /open/gsword/obj/f_item#338
呼叫来自：open/gsword/obj/f_item.c 的 check_item() 第 36 行，物件： open/gsword/obj/f_item#338 ("仙山灵芝")
呼叫来自：std/item/combined.c 的 add_amount() 第 35 行，物件： open/gsword/obj/f_item#338 ("仙山灵芝")
呼叫来自：std/item/combined.c 的 set_amount() 第 26 行，物件： open/gsword/obj/f_item#338 ("仙山灵芝")

执行时段错误：*combine:set_amount less than 1.

程式：std/item/combined.c 第 26 行
物件: /open/gsword/obj/f_item#338
呼叫来自：open/gsword/obj/f_item.c 的 check_item() 第 36 行，物件： open/gsword/obj/f_item#338 ("仙山灵芝")
呼叫来自：std/item/combined.c 的 add_amount() 第 35 行，物件： open/gsword/obj/f_item#338 ("仙山灵芝")
呼叫来自：std/item/combined.c 的 set_amount() 第 26 行，物件： open/gsword/obj/f_item#338 ("仙山灵芝")
错误讯息被拦截: 
执行时段错误：*Error in loading object '/daemon/skill/badstrike'

程式：cmds/apr/update.c 第 50 行
物件: /cmds/apr/update
呼叫来自：feature/command.c 的 command_hook() 第 100 行，物件： obj/user#142 ("玩具熊")
呼叫来自：feature/command.c 的 do_command() 第 70 行，物件： obj/user#142 ("玩具熊")
呼叫来自：cmds/apr/update.c 的 main() 第 50 行，物件： cmds/apr/update
呼叫来自：cmds/apr/update.c 的 CATCH() 第 50 行，物件： cmds/apr/update
错误讯息被拦截: 
执行时段错误：*Error in loading object '/daemon/skill/badstrike'

程式：cmds/apr/update.c 第 50 行
物件: /cmds/apr/update
呼叫来自：feature/command.c 的 command_hook() 第 101 行，物件： obj/user#142 ("玩具熊")
呼叫来自：feature/command.c 的 do_command() 第 70 行，物件： obj/user#142 ("玩具熊")
呼叫来自：cmds/apr/update.c 的 main() 第 50 行，物件： cmds/apr/update
呼叫来自：cmds/apr/update.c 的 CATCH() 第 50 行，物件： cmds/apr/update
错误讯息被拦截: 
执行时段错误：*Error in loading object '/daemon/skill/badstrike'

程式：cmds/apr/update.c 第 50 行
物件: /cmds/apr/update
呼叫来自：feature/command.c 的 command_hook() 第 101 行，物件： obj/user#142 ("玩具熊")
呼叫来自：feature/command.c 的 do_command() 第 70 行，物件： obj/user#142 ("玩具熊")
呼叫来自：cmds/apr/update.c 的 main() 第 50 行，物件： cmds/apr/update
呼叫来自：cmds/apr/update.c 的 CATCH() 第 50 行，物件： cmds/apr/update

执行时段错误：*F_SKILL: No such skill (magics)

程式：feature/skill.c 第 24 行
物件: /obj/user#137
呼叫来自：feature/command.c 的 command_hook() 第 100 行，物件： obj/user#137 ("天狼星")
呼叫来自：feature/command.c 的 do_command() 第 70 行，物件： obj/user#137 ("天狼星")
呼叫来自：cmds/wiz/call.c 的 main() 第 86 行，物件： cmds/wiz/call
呼叫来自：feature/skill.c 的 set_skill() 第 24 行，物件： obj/user#137 ("天狼星")
错误讯息被拦截: 
执行时段错误：*Error in loading object '/daemon/skill/badstrike'

程式：cmds/apr/update.c 第 50 行
物件: /cmds/apr/update
呼叫来自：feature/command.c 的 command_hook() 第 101 行，物件： obj/user#142 ("玩具熊")
呼叫来自：feature/command.c 的 do_command() 第 70 行，物件： obj/user#142 ("玩具熊")
呼叫来自：cmds/apr/update.c 的 main() 第 50 行，物件： cmds/apr/update
呼叫来自：cmds/apr/update.c 的 CATCH() 第 50 行，物件： cmds/apr/update

执行时段错误：*F_SKILL: No such skill (strike)

程式：feature/skill.c 第 24 行
物件: /obj/user#142
呼叫来自：feature/command.c 的 command_hook() 第 100 行，物件： obj/user#142 ("玩具熊")
呼叫来自：feature/command.c 的 do_command() 第 70 行，物件： obj/user#142 ("玩具熊")
呼叫来自：cmds/wiz/call.c 的 main() 第 86 行，物件： cmds/wiz/call
呼叫来自：feature/skill.c 的 set_skill() 第 24 行，物件： obj/user#142 ("玩具熊")
]【系统】神气小小猪(banyan)断线了。

执行时段错误：*Bad argument 1 to wizardp()
Expected: object Got: 0.

程式：obj/wiz_cloak.c 第 324 行
物件: /obj/wiz_cloak#141
呼叫来自：obj/user.c 的 net_dead() 第 146 行，物件： obj/user#130 ("神气小小猪")
呼叫来自：obj/user.c 的 save() 第 50 行，物件： obj/user#130 ("神气小小猪")
呼叫来自：feature/autoload.c 的 save_autoload() 第 16 行，物件： obj/user#130 ("神气小小猪")
呼叫来自：obj/wiz_cloak.c 的 query_autoload() 第 324 行，物件： obj/wiz_cloak#141 ("神气小小猪的面包师披风")
get_user_data: read on fd 144
System Error: get_user_data: read: 操作已成功完成。

]【系统】天狼星(huarong)断线了。

执行时段错误：*Error in loading object '/cmds/std/ident'

程式：feature/command.c 第 70 行
物件: /obj/user#130
呼叫来自：feature/command.c 的 command_hook() 第 100 行，物件： obj/user#130 ("神气小小猪")
呼叫来自：feature/command.c 的 do_command() 第 70 行，物件： obj/user#130 ("神气小小猪")

执行时段错误：*Error in loading object '/cmds/std/ident'

程式：cmds/std/help.c 第 48 行
物件: /cmds/std/help
呼叫来自：feature/command.c 的 command_hook() 第 100 行，物件： obj/user#130 ("神气小小猪")
呼叫来自：feature/command.c 的 do_command() 第 70 行，物件： obj/user#130 ("神气小小猪")
呼叫来自：cmds/std/help.c 的 main() 第 48 行，物件： cmds/std/help

执行时段错误：*Error in loading object '/cmds/std/ident'

程式：feature/command.c 第 70 行
物件: /obj/user#142
呼叫来自：feature/command.c 的 command_hook() 第 101 行，物件： obj/user#142 ("玩具熊")
呼叫来自：feature/command.c 的 do_command() 第 70 行，物件： obj/user#142 ("玩具熊")

执行时段错误：*Error in loading object '/cmds/std/ident'

程式：feature/command.c 第 70 行
物件: /obj/user#142
呼叫来自：feature/command.c 的 command_hook() 第 101 行，物件： obj/user#142 ("玩具熊")
呼叫来自：feature/command.c 的 do_command() 第 70 行，物件： obj/user#142 ("玩具熊")
错误讯息被拦截: 
执行时段错误：*Error in loading object '/cmds/std/ident'

程式：cmds/apr/update.c 第 50 行
物件: /cmds/apr/update
呼叫来自：feature/command.c 的 command_hook() 第 100 行，物件： obj/user#142 ("玩具熊")
呼叫来自：feature/command.c 的 do_command() 第 70 行，物件： obj/user#142 ("玩具熊")
呼叫来自：cmds/apr/update.c 的 main() 第 50 行，物件： cmds/apr/update
呼叫来自：cmds/apr/update.c 的 CATCH() 第 50 行，物件： cmds/apr/update
错误讯息被拦截: 
执行时段错误：*Error in loading object '/cmds/std/ident'

程式：cmds/apr/update.c 第 50 行
物件: /cmds/apr/update
呼叫来自：feature/command.c 的 command_hook() 第 101 行，物件： obj/user#142 ("玩具熊")
呼叫来自：feature/command.c 的 do_command() 第 70 行，物件： obj/user#142 ("玩具熊")
呼叫来自：cmds/apr/update.c 的 main() 第 50 行，物件： cmds/apr/update
呼叫来自：cmds/apr/update.c 的 CATCH() 第 50 行，物件： cmds/apr/update
错误讯息被拦截: 
执行时段错误：*Bad argument 1 to call_other()
Expected: string or array or object Got: 0.

程式：std/room.c 第 20 行
物件: /open/capital/room/king/kr4-4-5
呼叫来自：feature/command.c 的 command_hook() 第 100 行，物件： obj/user#10 ("寒羽")
呼叫来自：feature/command.c 的 do_command() 第 70 行，物件： obj/user#10 ("寒羽")
呼叫来自：cmds/std/go.c 的 main() 第 38 行，物件： cmds/std/go
呼叫来自：cmds/std/go.c 的 CATCH() 第 38 行，物件： cmds/std/go
呼叫来自：open/capital/room/king/kr4-4-5.c 的 create() 第 19 行，物件： open/capital/room/king/kr4-4-5
呼叫来自：std/room.c 的 setup() 第 279 行，物件： open/capital/room/king/kr4-4-5
呼叫来自：std/room.c 的 reset() 第 55 行，物件： open/capital/room/king/kr4-4-5
呼叫来自：std/room.c 的 make_inventory() 第 20 行，物件： open/capital/room/king/kr4-4-5

执行时段错误：*你要去的房间出问题, 请找巫师解决或 post 帮忙一下.

程式：cmds/std/go.c 第 39 行
物件: /cmds/std/go
呼叫来自：feature/command.c 的 command_hook() 第 100 行，物件： obj/user#10 ("寒羽")
呼叫来自：feature/command.c 的 do_command() 第 70 行，物件： obj/user#10 ("寒羽")
呼叫来自：cmds/std/go.c 的 main() 第 39 行，物件： cmds/std/go
错误讯息被拦截: 
执行时段错误：*Error in loading object '/cmds/std/ident'

程式：cmds/apr/update.c 第 50 行
物件: /cmds/apr/update
呼叫来自：feature/command.c 的 command_hook() 第 101 行，物件： obj/user#142 ("玩具熊")
呼叫来自：feature/command.c 的 do_command() 第 70 行，物件： obj/user#142 ("玩具熊")
呼叫来自：cmds/apr/update.c 的 main() 第 50 行，物件： cmds/apr/update
呼叫来自：cmds/apr/update.c 的 CATCH() 第 50 行，物件： cmds/apr/update
错误讯息被拦截: 
执行时段错误：*Error in loading object '/cmds/std/ident'

程式：cmds/apr/update.c 第 50 行
物件: /cmds/apr/update
呼叫来自：feature/command.c 的 command_hook() 第 101 行，物件： obj/user#142 ("玩具熊")
呼叫来自：feature/command.c 的 do_command() 第 70 行，物件： obj/user#142 ("玩具熊")
呼叫来自：cmds/apr/update.c 的 main() 第 50 行，物件： cmds/apr/update
呼叫来自：cmds/apr/update.c 的 CATCH() 第 50 行，物件： cmds/apr/update
]【系统】神气小小猪(banyan)断线了。

执行时段错误：*Bad argument 1 to wizardp()
Expected: object Got: 0.

程式：obj/wiz_cloak.c 第 324 行
物件: /obj/wiz_cloak#497
呼叫来自：obj/user.c 的 net_dead() 第 146 行，物件： obj/user#493 ("神气小小猪")
呼叫来自：obj/user.c 的 save() 第 50 行，物件： obj/user#493 ("神气小小猪")
呼叫来自：feature/autoload.c 的 save_autoload() 第 16 行，物件： obj/user#493 ("神气小小猪")
呼叫来自：obj/wiz_cloak.c 的 query_autoload() 第 324 行，物件： obj/wiz_cloak#497 ("神气小小猪的面包师披风")
错误讯息被拦截: 
执行时段错误：*Error in loading object '/open/start/npc/papa'

程式：std/room.c 第 19 行
物件: /open/start/room/startroom
呼叫来自：feature/command.c 的 command_hook() 第 100 行，物件： obj/user#142 ("玩具熊")
呼叫来自：feature/command.c 的 do_command() 第 70 行，物件： obj/user#142 ("玩具熊")
呼叫来自：cmds/std/go.c 的 main() 第 38 行，物件： cmds/std/go
呼叫来自：cmds/std/go.c 的 CATCH() 第 38 行，物件： cmds/std/go
呼叫来自：open/start/room/startroom.c 的 create() 第 31 行，物件： open/start/room/startroom
呼叫来自：std/room.c 的 setup() 第 279 行，物件： open/start/room/startroom
呼叫来自：std/room.c 的 reset() 第 55 行，物件： open/start/room/startroom
呼叫来自：std/room.c 的 make_inventory() 第 19 行，物件： open/start/room/startroom

执行时段错误：*你要去的房间出问题, 请找巫师解决或 post 帮忙一下.

程式：cmds/std/go.c 第 39 行
物件: /cmds/std/go
呼叫来自：feature/command.c 的 command_hook() 第 100 行，物件： obj/user#142 ("玩具熊")
呼叫来自：feature/command.c 的 do_command() 第 70 行，物件： obj/user#142 ("玩具熊")
呼叫来自：cmds/std/go.c 的 main() 第 39 行，物件： cmds/std/go
错误讯息被拦截: 
执行时段错误：*Error in loading object '/open/start/npc/papa'

程式：cmds/apr/update.c 第 50 行
物件: /cmds/apr/update
呼叫来自：feature/command.c 的 command_hook() 第 100 行，物件： obj/user#142 ("玩具熊")
呼叫来自：feature/command.c 的 do_command() 第 70 行，物件： obj/user#142 ("玩具熊")
呼叫来自：cmds/apr/update.c 的 main() 第 50 行，物件： cmds/apr/update
呼叫来自：cmds/apr/update.c 的 CATCH() 第 50 行，物件： cmds/apr/update

执行时段错误：*F_SKILL: No such skill ("spells.120)

程式：feature/skill.c 第 24 行
物件: /obj/user#637
呼叫来自：feature/command.c 的 command_hook() 第 100 行，物件： obj/user#637 ("燕阳天")
呼叫来自：feature/command.c 的 do_command() 第 70 行，物件： obj/user#637 ("燕阳天")
呼叫来自：cmds/wiz/call.c 的 main() 第 86 行，物件： cmds/wiz/call
呼叫来自：feature/skill.c 的 set_skill() 第 24 行，物件： obj/user#637 ("燕阳天")

执行时段错误：*F_SKILL: No such skill (dreamagic)

程式：feature/skill.c 第 24 行
物件: /obj/user#637
呼叫来自：feature/command.c 的 command_hook() 第 100 行，物件： obj/user#637 ("燕阳天")
呼叫来自：feature/command.c 的 do_command() 第 70 行，物件： obj/user#637 ("燕阳天")
呼叫来自：cmds/wiz/call.c 的 main() 第 86 行，物件： cmds/wiz/call
呼叫来自：feature/skill.c 的 set_skill() 第 24 行，物件： obj/user#637 ("燕阳天")

执行时段错误：*F_SKILL: No such skill (combat_exp)

程式：feature/skill.c 第 24 行
物件: /obj/user#493
呼叫来自：feature/command.c 的 command_hook() 第 100 行，物件： obj/user#493 ("神气小小猪")
呼叫来自：feature/command.c 的 do_command() 第 70 行，物件： obj/user#493 ("神气小小猪")
呼叫来自：cmds/wiz/call.c 的 main() 第 86 行，物件： cmds/wiz/call
呼叫来自：feature/skill.c 的 set_skill() 第 24 行，物件： obj/user#493 ("神气小小猪")

执行时段错误：*F_SKILL: No such skill (dreamagic)

程式：feature/skill.c 第 24 行
物件: /obj/user#637
呼叫来自：feature/command.c 的 command_hook() 第 100 行，物件： obj/user#637 ("燕阳天")
呼叫来自：feature/command.c 的 do_command() 第 70 行，物件： obj/user#637 ("燕阳天")
呼叫来自：cmds/wiz/call.c 的 main() 第 86 行，物件： cmds/wiz/call
呼叫来自：feature/skill.c 的 set_skill() 第 24 行，物件： obj/user#637 ("燕阳天")

执行时段错误：*F_SKILL: No such skill (combat_exp)

程式：feature/skill.c 第 24 行
物件: /obj/user#493
呼叫来自：feature/command.c 的 command_hook() 第 100 行，物件： obj/user#493 ("神气小小猪")
呼叫来自：feature/command.c 的 do_command() 第 70 行，物件： obj/user#493 ("神气小小猪")
呼叫来自：cmds/wiz/call.c 的 main() 第 86 行，物件： cmds/wiz/call
呼叫来自：feature/skill.c 的 set_skill() 第 24 行，物件： obj/user#493 ("神气小小猪")

执行时段错误：*Bad argument 1 to sscanf
Expected: string Got: 0.

程式：obj/wiz_cloak.c 第 286 行
物件: /obj/wiz_cloak#358
呼叫来自：obj/wiz_cloak.c 的 do_give() 第 286 行，物件： obj/wiz_cloak#358 ("寒羽的面包师披风")

执行时段错误：*F_SKILL: No such skill (umarmed)

程式：feature/skill.c 第 24 行
物件: /obj/user#637
呼叫来自：feature/command.c 的 command_hook() 第 100 行，物件： obj/user#637 ("燕阳天")
呼叫来自：feature/command.c 的 do_command() 第 70 行，物件： obj/user#637 ("燕阳天")
呼叫来自：cmds/wiz/call.c 的 main() 第 86 行，物件： cmds/wiz/call
呼叫来自：feature/skill.c 的 set_skill() 第 24 行，物件： obj/user#637 ("燕阳天")

执行时段错误：*F_SKILL: No such skill (be_officer)

程式：feature/skill.c 第 24 行
物件: /obj/user#493
呼叫来自：feature/command.c 的 command_hook() 第 100 行，物件： obj/user#493 ("神气小小猪")
呼叫来自：feature/command.c 的 do_command() 第 70 行，物件： obj/user#493 ("神气小小猪")
呼叫来自：cmds/wiz/call.c 的 main() 第 86 行，物件： cmds/wiz/call
呼叫来自：feature/skill.c 的 set_skill() 第 24 行，物件： obj/user#493 ("神气小小猪")

执行时段错误：*F_SKILL: No such skill (be_office)

程式：feature/skill.c 第 24 行
物件: /obj/user#493
呼叫来自：feature/command.c 的 command_hook() 第 100 行，物件： obj/user#493 ("神气小小猪")
呼叫来自：feature/command.c 的 do_command() 第 70 行，物件： obj/user#493 ("神气小小猪")
呼叫来自：cmds/wiz/call.c 的 main() 第 86 行，物件： cmds/wiz/call
呼叫来自：feature/skill.c 的 set_skill() 第 24 行，物件： obj/user#493 ("神气小小猪")

执行时段错误：*F_SKILL: No such skill (be_officer)

程式：feature/skill.c 第 24 行
物件: /obj/user#493
呼叫来自：feature/command.c 的 command_hook() 第 100 行，物件： obj/user#493 ("神气小小猪")
呼叫来自：feature/command.c 的 do_command() 第 70 行，物件： obj/user#493 ("神气小小猪")
呼叫来自：cmds/wiz/call.c 的 main() 第 86 行，物件： cmds/wiz/call
呼叫来自：feature/skill.c 的 set_skill() 第 24 行，物件： obj/user#493 ("神气小小猪")

执行时段错误：*Bad argument 1 to call_other()
Expected: string or array or object Got: 0.

程式：cmds/std/perform.c 第 52 行
物件: /cmds/std/perform
呼叫来自：cmds/std/perform.c 的 del_busy() 第 52 行，物件： cmds/std/perform

执行时段错误：*Bad argument 1 to call_other()
Expected: string or array or object Got: 0.

程式：std/room.c 第 20 行
物件: /open/capital/room/king/kr4-4-5
呼叫来自：std/room.c 的 reset() 第 55 行，物件： open/capital/room/king/kr4-4-5
呼叫来自：std/room.c 的 make_inventory() 第 20 行，物件： open/capital/room/king/kr4-4-5
错误讯息被拦截: 
执行时段错误：*Error in loading object '/daemon/class/officer/master_chen'

程式：std/room.c 第 19 行
物件: /open/capital/room/chen_home
呼叫来自：feature/command.c 的 command_hook() 第 100 行，物件： obj/user#821 ("可可")
呼叫来自：feature/command.c 的 do_command() 第 70 行，物件： obj/user#821 ("可可")
呼叫来自：cmds/std/go.c 的 main() 第 38 行，物件： cmds/std/go
呼叫来自：cmds/std/go.c 的 CATCH() 第 38 行，物件： cmds/std/go
呼叫来自：open/capital/room/chen_home.c 的 create() 第 31 行，物件： open/capital/room/chen_home
呼叫来自：std/room.c 的 setup() 第 279 行，物件： open/capital/room/chen_home
呼叫来自：std/room.c 的 reset() 第 55 行，物件： open/capital/room/chen_home
呼叫来自：std/room.c 的 make_inventory() 第 19 行，物件： open/capital/room/chen_home

执行时段错误：*你要去的房间出问题, 请找巫师解决或 post 帮忙一下.

程式：cmds/std/go.c 第 39 行
物件: /cmds/std/go
呼叫来自：feature/command.c 的 command_hook() 第 100 行，物件： obj/user#821 ("可可")
呼叫来自：feature/command.c 的 do_command() 第 70 行，物件： obj/user#821 ("可可")
呼叫来自：cmds/std/go.c 的 main() 第 39 行，物件： cmds/std/go

执行时段错误：*Bad argument 1 to call_other()
Expected: string or array or object Got: 0.

程式：cmds/std/perform.c 第 52 行
物件: /cmds/std/perform
呼叫来自：cmds/std/perform.c 的 del_busy() 第 52 行，物件： cmds/std/perform

执行时段错误：*Bad argument 1 to call_other()
Expected: string or array or object Got: 0.

程式：cmds/std/perform.c 第 52 行
物件: /cmds/std/perform
呼叫来自：cmds/std/perform.c 的 del_busy() 第 52 行，物件： cmds/std/perform
错误讯息被拦截: 
执行时段错误：*Error in loading object '/daemon/class/officer/master_chen'

程式：cmds/apr/clone.c 第 26 行
物件: /cmds/apr/clone
呼叫来自：feature/command.c 的 command_hook() 第 100 行，物件： obj/user#10 ("寒羽")
呼叫来自：feature/command.c 的 do_command() 第 70 行，物件： obj/user#10 ("寒羽")
呼叫来自：cmds/apr/clone.c 的 main() 第 26 行，物件： cmds/apr/clone
呼叫来自：cmds/apr/clone.c 的 CATCH() 第 26 行，物件： cmds/apr/clone
错误讯息被拦截: 
执行时段错误：*Error in loading object '/daemon/class/officer/master_chen'

程式：cmds/apr/clone.c 第 26 行
物件: /cmds/apr/clone
呼叫来自：feature/command.c 的 command_hook() 第 100 行，物件： obj/user#10 ("寒羽")
呼叫来自：feature/command.c 的 do_command() 第 70 行，物件： obj/user#10 ("寒羽")
呼叫来自：cmds/apr/clone.c 的 main() 第 26 行，物件： cmds/apr/clone
呼叫来自：cmds/apr/clone.c 的 CATCH() 第 26 行，物件： cmds/apr/clone
object /adm/daemons/combatd: eval_cost too big 300000

执行时段错误：*Too long evaluation. Execution aborted.

程式：adm/daemons/combatd.c 第 419 行
物件: /adm/daemons/combatd
呼叫来自：std/char.c 的 heart_beat() 第 121 行，物件： obj/user#10 ("寒羽")
呼叫来自：feature/attack.c 的 attack() 第 171 行，物件： obj/user#10 ("寒羽")
呼叫来自：adm/daemons/combatd.c 的 fight() 第 554 行，物件： adm/daemons/combatd
呼叫来自：adm/daemons/combatd.c 的 do_attack() 第 419 行，物件： adm/daemons/combatd
Heart beat in obj/user#10 turned off.
object /adm/daemons/combatd: eval_cost too big 300000

执行时段错误：*Too long evaluation. Execution aborted.

程式：adm/daemons/combatd.c 第 419 行
物件: /adm/daemons/combatd
呼叫来自：std/char.c 的 heart_beat() 第 122 行，物件： obj/user#10 ("寒羽")
呼叫来自：feature/attack.c 的 attack() 第 171 行，物件： obj/user#10 ("寒羽")
呼叫来自：adm/daemons/combatd.c 的 fight() 第 554 行，物件： adm/daemons/combatd
呼叫来自：adm/daemons/combatd.c 的 do_attack() 第 419 行，物件： adm/daemons/combatd
Heart beat in obj/user#10 turned off.
object /adm/daemons/combatd: eval_cost too big 300000

执行时段错误：*Too long evaluation. Execution aborted.

程式：adm/daemons/combatd.c 第 419 行
物件: /adm/daemons/combatd
呼叫来自：std/char.c 的 heart_beat() 第 122 行，物件： obj/user#10 ("寒羽")
呼叫来自：feature/attack.c 的 attack() 第 171 行，物件： obj/user#10 ("寒羽")
呼叫来自：adm/daemons/combatd.c 的 fight() 第 554 行，物件： adm/daemons/combatd
呼叫来自：adm/daemons/combatd.c 的 do_attack() 第 419 行，物件： adm/daemons/combatd
Heart beat in obj/user#10 turned off.
错误讯息被拦截: 
执行时段错误：*Error in loading object '/daemon/class/officer/master_chen'

程式：std/room.c 第 19 行
物件: /open/capital/room/chen_home
呼叫来自：feature/command.c 的 command_hook() 第 100 行，物件： obj/user#1087 ("寒羽")
呼叫来自：feature/command.c 的 do_command() 第 70 行，物件： obj/user#1087 ("寒羽")
呼叫来自：cmds/apr/update.c 的 main() 第 50 行，物件： cmds/apr/update
呼叫来自：cmds/apr/update.c 的 CATCH() 第 50 行，物件： cmds/apr/update
呼叫来自：open/capital/room/chen_home.c 的 create() 第 31 行，物件： open/capital/room/chen_home
呼叫来自：std/room.c 的 setup() 第 279 行，物件： open/capital/room/chen_home
呼叫来自：std/room.c 的 reset() 第 55 行，物件： open/capital/room/chen_home
呼叫来自：std/room.c 的 make_inventory() 第 19 行，物件： open/capital/room/chen_home
get_user_data: read on fd 148
System Error: get_user_data: read: 操作已成功完成。

]【系统】玩具熊(bear)断线了。

执行时段错误：*Bad argument 1 to wizardp()
Expected: object Got: 0.

程式：u/bear/wiz_cloak.c 第 324 行
物件: /u/bear/wiz_cloak#245
呼叫来自：obj/user.c 的 net_dead() 第 146 行，物件： obj/user#142 ("玩具熊")
呼叫来自：obj/user.c 的 save() 第 50 行，物件： obj/user#142 ("玩具熊")
呼叫来自：feature/autoload.c 的 save_autoload() 第 16 行，物件： obj/user#142 ("玩具熊")
呼叫来自：u/bear/wiz_cloak.c 的 query_autoload() 第 324 行，物件： u/bear/wiz_cloak#245 ("玩具熊的魔法师披风")
错误讯息被拦截: 
执行时段错误：*Error in loading object '/daemon/class/officer/master_chen'

程式：std/room.c 第 19 行
物件: /open/capital/room/chen_home
呼叫来自：feature/command.c 的 command_hook() 第 101 行，物件： obj/user#1087 ("寒羽")
呼叫来自：feature/command.c 的 do_command() 第 70 行，物件： obj/user#1087 ("寒羽")
呼叫来自：cmds/apr/update.c 的 main() 第 50 行，物件： cmds/apr/update
呼叫来自：cmds/apr/update.c 的 CATCH() 第 50 行，物件： cmds/apr/update
呼叫来自：open/capital/room/chen_home.c 的 create() 第 31 行，物件： open/capital/room/chen_home
呼叫来自：std/room.c 的 setup() 第 279 行，物件： open/capital/room/chen_home
呼叫来自：std/room.c 的 reset() 第 55 行，物件： open/capital/room/chen_home
呼叫来自：std/room.c 的 make_inventory() 第 19 行，物件： open/capital/room/chen_home

执行时段错误：*Bad argument 1 to find_player()
Expected: string Got: 0.

程式：adm/daemons/logind.c 第 737 行
物件: /adm/daemons/logind
呼叫来自：feature/command.c 的 command_hook() 第 101 行，物件： obj/user#1087 ("寒羽")
呼叫来自：feature/command.c 的 do_command() 第 70 行，物件： obj/user#1087 ("寒羽")
呼叫来自：cmds/wiz/summon.c 的 main() 第 12 行，物件： cmds/wiz/summon
呼叫来自：adm/daemons/logind.c 的 find_body() 第 737 行，物件： adm/daemons/logind

执行时段错误：*Error in loading object '/cmds/std/song'

程式：cmds/std/help.c 第 48 行
物件: /cmds/std/help
呼叫来自：feature/command.c 的 command_hook() 第 100 行，物件： obj/user#1198 ("天狼星")
呼叫来自：feature/command.c 的 do_command() 第 70 行，物件： obj/user#1198 ("天狼星")
呼叫来自：cmds/std/help.c 的 main() 第 48 行，物件： cmds/std/help
错误讯息被拦截: 
执行时段错误：*Error in loading object '/daemon/class/officer/master_chen'

程式：cmds/apr/update.c 第 50 行
物件: /cmds/apr/update
呼叫来自：feature/command.c 的 command_hook() 第 100 行，物件： obj/user#142 ("玩具熊")
呼叫来自：feature/command.c 的 do_command() 第 70 行，物件： obj/user#142 ("玩具熊")
呼叫来自：cmds/apr/update.c 的 main() 第 50 行，物件： cmds/apr/update
呼叫来自：cmds/apr/update.c 的 CATCH() 第 50 行，物件： cmds/apr/update

执行时段错误：*Error in loading object '/cmds/std/song'

程式：feature/command.c 第 70 行
物件: /obj/user#1198
呼叫来自：feature/command.c 的 command_hook() 第 101 行，物件： obj/user#1198 ("天狼星")
呼叫来自：feature/command.c 的 do_command() 第 70 行，物件： obj/user#1198 ("天狼星")

执行时段错误：*Undefined function: do_steal

程式：<function> 第 0 行
物件: /open/badman/npc/hood1#1304
呼叫来自：std/char.c 的 heart_beat() 第 127 行，物件： open/badman/npc/hood1#1304 ("小泼皮")
呼叫来自：std/char/new_npc.c 的 chat() 第 96 行，物件： open/badman/npc/hood1#1304 ("小泼皮")
呼叫来自：<function> 的 <function>() 第 0 行，物件： open/badman/npc/hood1#1304 ("小泼皮")
Heart beat in open/badman/npc/hood1#1304 turned off.

执行时段错误：*Error in loading object '/open/badman/obj/meal'

程式：feature/vendor.c 第 84 行
物件: /open/badman/npc/ha#1351
呼叫来自：feature/vendor.c 的 do_vendor_list() 第 84 行，物件： open/badman/npc/ha#1351 ("哈哈儿")
Initializing internal tables....

<---狂想空间: MudOs v22pre11 (by wwj,Jan  1 1999) startup on Microsoft Windows 98 at Sat Dec 07 11:51:20 2002

using config file: D:\ofs\config.fs
Can't find "mudos", ignoring old binaries.
Try invoking the driver using the full pathname.
System Error: init_addr_server: connect: WSAECONNREFUSED
]simul_efun loaded successfully.

Loading preloaded files ...
Initializations complete.

Accepting connections on port 6666.
get_user_data: read on fd 160
System Error: get_user_data: read: 操作已成功完成。

]【系统】燕阳天(huangzd)断线了。

执行时段错误：*Bad argument 1 to wizardp()
Expected: object Got: 0.

程式：obj/wiz_cloak.c 第 324 行
物件: /obj/wiz_cloak#14
呼叫来自：obj/user.c 的 net_dead() 第 146 行，物件： obj/user#11 ("燕阳天")
呼叫来自：obj/user.c 的 save() 第 50 行，物件： obj/user#11 ("燕阳天")
呼叫来自：feature/autoload.c 的 save_autoload() 第 16 行，物件： obj/user#11 ("燕阳天")
呼叫来自：obj/wiz_cloak.c 的 query_autoload() 第 324 行，物件： obj/wiz_cloak#14 ("燕阳天的面包师披风")
object /adm/daemons/combatd: eval_cost too big 300000

执行时段错误：*Too long evaluation. Execution aborted.

程式：adm/daemons/combatd.c 第 419 行
物件: /adm/daemons/combatd
呼叫来自：std/char.c 的 heart_beat() 第 122 行，物件： obj/user#29 ("寒羽")
呼叫来自：feature/attack.c 的 attack() 第 171 行，物件： obj/user#29 ("寒羽")
呼叫来自：adm/daemons/combatd.c 的 fight() 第 554 行，物件： adm/daemons/combatd
呼叫来自：adm/daemons/combatd.c 的 do_attack() 第 419 行，物件： adm/daemons/combatd
Heart beat in obj/user#29 turned off.
closed external ports
Initializing internal tables....

<---狂想空间: MudOs v22pre11 (by wwj,Jan  1 1999) shutdown at Sat Dec 07 11:58:57 2002




<---狂想空间: MudOs v22pre11 (by wwj,Jan  1 1999) startup on Microsoft Windows 98 at Sat Dec 07 11:58:58 2002

using config file: D:\ofs\config.fs
Can't find "mudos", ignoring old binaries.
Try invoking the driver using the full pathname.
System Error: init_addr_server: connect: WSAECONNREFUSED
]simul_efun loaded successfully.

Loading preloaded files ...
Initializations complete.

Accepting connections on port 6666.
错误讯息被拦截: 
执行时段错误：*F_SKILL: No such skill (six-chaos-sword)

程式：feature/skill.c 第 24 行
物件: /daemon/class/bandit/master
呼叫来自：feature/command.c 的 command_hook() 第 100 行，物件： obj/user#11 ("玩具熊")
呼叫来自：feature/command.c 的 do_command() 第 70 行，物件： obj/user#11 ("玩具熊")
呼叫来自：cmds/apr/clone.c 的 main() 第 26 行，物件： cmds/apr/clone
呼叫来自：cmds/apr/clone.c 的 CATCH() 第 26 行，物件： cmds/apr/clone
呼叫来自：daemon/class/bandit/master.c 的 create() 第 46 行，物件： daemon/class/bandit/master ("萧辟尘")
呼叫来自：feature/skill.c 的 set_skill() 第 24 行，物件： daemon/class/bandit/master ("萧辟尘")
错误讯息被拦截: 
执行时段错误：*F_SKILL: No such skill (six-chaos-sword)

程式：feature/skill.c 第 24 行
物件: /daemon/class/bandit/master
呼叫来自：feature/command.c 的 command_hook() 第 100 行，物件： obj/user#11 ("玩具熊")
呼叫来自：feature/command.c 的 do_command() 第 70 行，物件： obj/user#11 ("玩具熊")
呼叫来自：cmds/apr/update.c 的 main() 第 50 行，物件： cmds/apr/update
呼叫来自：cmds/apr/update.c 的 CATCH() 第 50 行，物件： cmds/apr/update
呼叫来自：daemon/class/bandit/master.c 的 create() 第 46 行，物件： daemon/class/bandit/master ("萧辟尘")
呼叫来自：feature/skill.c 的 set_skill() 第 24 行，物件： daemon/class/bandit/master ("萧辟尘")
错误讯息被拦截: 
执行时段错误：*F_SKILL: No such skill (celestial)

程式：feature/skill.c 第 24 行
物件: /daemon/class/bandit/master
呼叫来自：feature/command.c 的 command_hook() 第 100 行，物件： obj/user#11 ("玩具熊")
呼叫来自：feature/command.c 的 do_command() 第 70 行，物件： obj/user#11 ("玩具熊")
呼叫来自：cmds/apr/update.c 的 main() 第 50 行，物件： cmds/apr/update
呼叫来自：cmds/apr/update.c 的 CATCH() 第 50 行，物件： cmds/apr/update
呼叫来自：daemon/class/bandit/master.c 的 create() 第 47 行，物件： daemon/class/bandit/master ("萧辟尘")
呼叫来自：feature/skill.c 的 set_skill() 第 24 行，物件： daemon/class/bandit/master ("萧辟尘")
错误讯息被拦截: 
执行时段错误：*F_SKILL: No such skill (spring-blade)

程式：feature/skill.c 第 24 行
物件: /daemon/class/bandit/master
呼叫来自：feature/command.c 的 command_hook() 第 101 行，物件： obj/user#11 ("玩具熊")
呼叫来自：feature/command.c 的 do_command() 第 70 行，物件： obj/user#11 ("玩具熊")
呼叫来自：cmds/apr/update.c 的 main() 第 50 行，物件： cmds/apr/update
呼叫来自：cmds/apr/update.c 的 CATCH() 第 50 行，物件： cmds/apr/update
呼叫来自：daemon/class/bandit/master.c 的 create() 第 48 行，物件： daemon/class/bandit/master ("萧辟尘")
呼叫来自：feature/skill.c 的 set_skill() 第 24 行，物件： daemon/class/bandit/master ("萧辟尘")
错误讯息被拦截: 
执行时段错误：*F_SKILL: No such skill (celestrike)

程式：feature/skill.c 第 24 行
物件: /daemon/class/bandit/master
呼叫来自：feature/command.c 的 command_hook() 第 101 行，物件： obj/user#11 ("玩具熊")
呼叫来自：feature/command.c 的 do_command() 第 70 行，物件： obj/user#11 ("玩具熊")
呼叫来自：cmds/apr/update.c 的 main() 第 50 行，物件： cmds/apr/update
呼叫来自：cmds/apr/update.c 的 CATCH() 第 50 行，物件： cmds/apr/update
呼叫来自：daemon/class/bandit/master.c 的 create() 第 49 行，物件： daemon/class/bandit/master ("萧辟尘")
呼叫来自：feature/skill.c 的 set_skill() 第 24 行，物件： daemon/class/bandit/master ("萧辟尘")
错误讯息被拦截: 
执行时段错误：*F_SKILL: No such skill (stormdance)

程式：feature/skill.c 第 24 行
物件: /daemon/class/bandit/master
呼叫来自：feature/command.c 的 command_hook() 第 101 行，物件： obj/user#11 ("玩具熊")
呼叫来自：feature/command.c 的 do_command() 第 70 行，物件： obj/user#11 ("玩具熊")
呼叫来自：cmds/apr/update.c 的 main() 第 50 行，物件： cmds/apr/update
呼叫来自：cmds/apr/update.c 的 CATCH() 第 50 行，物件： cmds/apr/update
呼叫来自：daemon/class/bandit/master.c 的 create() 第 50 行，物件： daemon/class/bandit/master ("萧辟尘")
呼叫来自：feature/skill.c 的 set_skill() 第 24 行，物件： daemon/class/bandit/master ("萧辟尘")
错误讯息被拦截: 
执行时段错误：*F_SKILL: No such skill (pyrobat-steps)

程式：feature/skill.c 第 24 行
物件: /daemon/class/bandit/master
呼叫来自：feature/command.c 的 command_hook() 第 101 行，物件： obj/user#11 ("玩具熊")
呼叫来自：feature/command.c 的 do_command() 第 70 行，物件： obj/user#11 ("玩具熊")
呼叫来自：cmds/apr/update.c 的 main() 第 50 行，物件： cmds/apr/update
呼叫来自：cmds/apr/update.c 的 CATCH() 第 50 行，物件： cmds/apr/update
呼叫来自：daemon/class/bandit/master.c 的 create() 第 51 行，物件： daemon/class/bandit/master ("萧辟尘")
呼叫来自：feature/skill.c 的 set_skill() 第 24 行，物件： daemon/class/bandit/master ("萧辟尘")
错误讯息被拦截: 
执行时段错误：*Bad argument 1 to call_other()
Expected: string or array or object Got: 0.

程式：daemon/class/bandit/master.c 第 66 行
物件: /daemon/class/bandit/master
呼叫来自：feature/command.c 的 command_hook() 第 101 行，物件： obj/user#11 ("玩具熊")
呼叫来自：feature/command.c 的 do_command() 第 70 行，物件： obj/user#11 ("玩具熊")
呼叫来自：cmds/apr/update.c 的 main() 第 50 行，物件： cmds/apr/update
呼叫来自：cmds/apr/update.c 的 CATCH() 第 50 行，物件： cmds/apr/update
呼叫来自：daemon/class/bandit/master.c 的 create() 第 66 行，物件： daemon/class/bandit/master ("萧辟尘")
错误讯息被拦截: 
执行时段错误：*Bad argument 1 to call_other()
Expected: string or array or object Got: 0.

程式：daemon/class/bandit/master.c 第 66 行
物件: /daemon/class/bandit/master
呼叫来自：feature/command.c 的 command_hook() 第 101 行，物件： obj/user#11 ("玩具熊")
呼叫来自：feature/command.c 的 do_command() 第 70 行，物件： obj/user#11 ("玩具熊")
呼叫来自：cmds/apr/update.c 的 main() 第 50 行，物件： cmds/apr/update
呼叫来自：cmds/apr/update.c 的 CATCH() 第 50 行，物件： cmds/apr/update
呼叫来自：daemon/class/bandit/master.c 的 create() 第 66 行，物件： daemon/class/bandit/master ("萧辟尘")
错误讯息被拦截: 
执行时段错误：*Error in loading object '/open/center/npc/goufu'

程式：std/room.c 第 19 行
物件: /open/center/room/men
呼叫来自：feature/command.c 的 command_hook() 第 100 行，物件： obj/user#34 ("燕阳天")
呼叫来自：feature/command.c 的 do_command() 第 70 行，物件： obj/user#34 ("燕阳天")
呼叫来自：cmds/std/go.c 的 main() 第 38 行，物件： cmds/std/go
呼叫来自：cmds/std/go.c 的 CATCH() 第 38 行，物件： cmds/std/go
呼叫来自：open/center/room/men.c 的 create() 第 80 行，物件： open/center/room/men
呼叫来自：std/room.c 的 setup() 第 279 行，物件： open/center/room/men
呼叫来自：std/room.c 的 reset() 第 55 行，物件： open/center/room/men
呼叫来自：std/room.c 的 make_inventory() 第 19 行，物件： open/center/room/men

执行时段错误：*你要去的房间出问题, 请找巫师解决或 post 帮忙一下.

程式：cmds/std/go.c 第 39 行
物件: /cmds/std/go
呼叫来自：feature/command.c 的 command_hook() 第 100 行，物件： obj/user#34 ("燕阳天")
呼叫来自：feature/command.c 的 do_command() 第 70 行，物件： obj/user#34 ("燕阳天")
呼叫来自：cmds/std/go.c 的 main() 第 39 行，物件： cmds/std/go

执行时段错误：*Error in loading object '/cmds/std/do'

程式：feature/command.c 第 70 行
物件: /obj/user#1
呼叫来自：feature/command.c 的 command_hook() 第 100 行，物件： obj/user#1 ("寒羽")
呼叫来自：feature/command.c 的 do_command() 第 70 行，物件： obj/user#1 ("寒羽")

执行时段错误：*Bad argument 1 to wizardp()
Expected: object Got: 0.

程式：obj/wiz_cloak.c 第 324 行
物件: /obj/wiz_cloak#2
呼叫来自：std/char.c 的 heart_beat() 第 188 行，物件： obj/user#1 ("寒羽")
呼叫来自：obj/user.c 的 save() 第 50 行，物件： obj/user#1 ("寒羽")
呼叫来自：feature/autoload.c 的 save_autoload() 第 16 行，物件： obj/user#1 ("寒羽")
呼叫来自：obj/wiz_cloak.c 的 query_autoload() 第 324 行，物件： obj/wiz_cloak#2 ("寒羽的面包师披风")
Heart beat in obj/user#1 turned off.

执行时段错误：*Bad argument 1 to wizardp()
Expected: object Got: 0.

程式：obj/wiz_cloak.c 第 324 行
物件: /obj/wiz_cloak#2
呼叫来自：std/char.c 的 heart_beat() 第 188 行，物件： obj/user#1 ("寒羽")
呼叫来自：obj/user.c 的 save() 第 50 行，物件： obj/user#1 ("寒羽")
呼叫来自：feature/autoload.c 的 save_autoload() 第 16 行，物件： obj/user#1 ("寒羽")
呼叫来自：obj/wiz_cloak.c 的 query_autoload() 第 324 行，物件： obj/wiz_cloak#2 ("寒羽的面包师披风")
Heart beat in obj/user#1 turned off.

执行时段错误：*Bad argument 1 to wizardp()
Expected: object Got: 0.

程式：obj/wiz_cloak.c 第 324 行
物件: /obj/wiz_cloak#2
呼叫来自：std/char.c 的 heart_beat() 第 188 行，物件： obj/user#1 ("寒羽")
呼叫来自：obj/user.c 的 save() 第 50 行，物件： obj/user#1 ("寒羽")
呼叫来自：feature/autoload.c 的 save_autoload() 第 16 行，物件： obj/user#1 ("寒羽")
呼叫来自：obj/wiz_cloak.c 的 query_autoload() 第 324 行，物件： obj/wiz_cloak#2 ("寒羽的面包师披风")
Heart beat in obj/user#1 turned off.

执行时段错误：*Bad argument 1 to wizardp()
Expected: object Got: 0.

程式：obj/wiz_cloak.c 第 324 行
物件: /obj/wiz_cloak#2
呼叫来自：std/char.c 的 heart_beat() 第 188 行，物件： obj/user#1 ("寒羽")
呼叫来自：obj/user.c 的 save() 第 50 行，物件： obj/user#1 ("寒羽")
呼叫来自：feature/autoload.c 的 save_autoload() 第 16 行，物件： obj/user#1 ("寒羽")
呼叫来自：obj/wiz_cloak.c 的 query_autoload() 第 324 行，物件： obj/wiz_cloak#2 ("寒羽的面包师披风")
Heart beat in obj/user#1 turned off.

执行时段错误：*Error in loading object '/open/cold/in2'

程式：feature/move.c 第 58 行
物件: /obj/user#11
呼叫来自：feature/command.c 的 command_hook() 第 100 行，物件： obj/user#11 ("玩具熊")
呼叫来自：feature/command.c 的 do_command() 第 70 行，物件： obj/user#11 ("玩具熊")
呼叫来自：cmds/imm/goto.c 的 main() 第 27 行，物件： cmds/imm/goto
呼叫来自：feature/move.c 的 move() 第 58 行，物件： obj/user#11 ("玩具熊")

执行时段错误：*Error in loading object '/open/center/npc/goufu'

程式：std/room.c 第 19 行
物件: /open/center/room/men
呼叫来自：std/room.c 的 reset() 第 55 行，物件： open/center/room/men
呼叫来自：std/room.c 的 make_inventory() 第 19 行，物件： open/center/room/men

执行时段错误：*Illegal type of index

程式：feature/equip.c 第 146 行
物件: /obj/cloth#39
呼叫来自：feature/command.c 的 command_hook() 第 100 行，物件： obj/user#34 ("燕阳天")
呼叫来自：feature/command.c 的 do_command() 第 70 行，物件： obj/user#34 ("燕阳天")
呼叫来自：cmds/std/drop.c 的 main() 第 49 行，物件： cmds/std/drop
呼叫来自：cmds/std/drop.c 的 do_drop() 第 82 行，物件： cmds/std/drop
呼叫来自：adm/obj/simul_efun.c 的 destruct() 第 76 行，物件： adm/obj/simul_efun
呼叫来自：feature/move.c 的 remove() 第 105 行，物件： obj/cloth#39 ("布衣")
呼叫来自：feature/equip.c 的 unequip() 第 146 行，物件： obj/cloth#39 ("布衣")

执行时段错误：*Illegal type of index

程式：feature/equip.c 第 146 行
物件: /obj/cloth#39
呼叫来自：feature/command.c 的 command_hook() 第 100 行，物件： obj/user#34 ("燕阳天")
呼叫来自：feature/command.c 的 do_command() 第 70 行，物件： obj/user#34 ("燕阳天")
呼叫来自：cmds/std/drop.c 的 main() 第 49 行，物件： cmds/std/drop
呼叫来自：cmds/std/drop.c 的 do_drop() 第 82 行，物件： cmds/std/drop
呼叫来自：adm/obj/simul_efun.c 的 destruct() 第 76 行，物件： adm/obj/simul_efun
呼叫来自：feature/move.c 的 remove() 第 105 行，物件： obj/cloth#39 ("布衣")
呼叫来自：feature/equip.c 的 unequip() 第 146 行，物件： obj/cloth#39 ("布衣")

执行时段错误：*Illegal type of index

程式：feature/equip.c 第 146 行
物件: /obj/cloth#39
呼叫来自：feature/command.c 的 command_hook() 第 100 行，物件： obj/user#34 ("燕阳天")
呼叫来自：feature/command.c 的 do_command() 第 70 行，物件： obj/user#34 ("燕阳天")
呼叫来自：cmds/std/drop.c 的 main() 第 49 行，物件： cmds/std/drop
呼叫来自：cmds/std/drop.c 的 do_drop() 第 82 行，物件： cmds/std/drop
呼叫来自：adm/obj/simul_efun.c 的 destruct() 第 76 行，物件： adm/obj/simul_efun
呼叫来自：feature/move.c 的 remove() 第 105 行，物件： obj/cloth#39 ("布衣")
呼叫来自：feature/equip.c 的 unequip() 第 146 行，物件： obj/cloth#39 ("布衣")
错误讯息被拦截: 
执行时段错误：*Error in loading object '/open/snow/npc/2_banditking'

程式：cmds/apr/update.c 第 50 行
物件: /cmds/apr/update
呼叫来自：feature/command.c 的 command_hook() 第 100 行，物件： obj/user#11 ("玩具熊")
呼叫来自：feature/command.c 的 do_command() 第 70 行，物件： obj/user#11 ("玩具熊")
呼叫来自：cmds/apr/update.c 的 main() 第 50 行，物件： cmds/apr/update
呼叫来自：cmds/apr/update.c 的 CATCH() 第 50 行，物件： cmds/apr/update

执行时段错误：*Error in loading object '/open/center/npc/goufu'

程式：std/room.c 第 19 行
物件: /open/center/room/men
呼叫来自：std/room.c 的 reset() 第 55 行，物件： open/center/room/men
呼叫来自：std/room.c 的 make_inventory() 第 19 行，物件： open/center/room/men
Initializing internal tables....

<---狂想空间: MudOs v22pre11 (by wwj,Jan  1 1999) startup on Microsoft Windows 98 at Sat Dec 07 17:07:43 2002

using config file: D:\ofs\config.fs
Can't find "mudos", ignoring old binaries.
Try invoking the driver using the full pathname.
System Error: init_addr_server: gethostbyname: unknown error 11004
]simul_efun loaded successfully.

Loading preloaded files ...
Initializations complete.

Accepting connections on port 6666.
Initializing internal tables....
