
<---仙侣情缘: MudOs v22pre11 (by wwj,Jan  1 1999) startup on Microsoft Windows NT at Tue Sep 26 10:14:52 2006

using config file: E:\mud\xlqy_new\config.xiyou
Can't find "mudos", ignoring old binaries.
Try invoking the driver using the full pathname.
System Error: init_addr_server: connect: 不能做任何连接，因为目标机器积极地拒绝它。

]simul_efun loaded successfully.

Loading preloaded files ...
Initializations complete.

Accepting connections on port 7777.
conn_data_handler: unknown message type 6e0a0d67
conn_data_handler: unknown message type 206e0a0d
conn_data_handler: unknown message type 64206e0a
conn_data_handler: unknown message type 6564206e
conn_data_handler: unknown message type 61656420
conn_data_handler: unknown message type 64616564
conn_data_handler: unknown message type 20646165
conn_data_handler: unknown message type 0d206461
new_conn_handler: no available connection slots.
new_conn_handler: no available connection slots.
new_conn_handler: no available connection slots.
new_conn_handler: no available connection slots.
new_conn_handler: no available connection slots.
new_conn_handler: no available connection slots.
conn_data_handler: unknown message type 6e0a0d67
conn_data_handler: unknown message type 206e0a0d
conn_data_handler: unknown message type 72206e0a
conn_data_handler: unknown message type 7572206e
conn_data_handler: unknown message type 6f757220
conn_data_handler: unknown message type 736f7572
conn_data_handler: unknown message type 6e736f75
conn_data_handler: unknown message type 6f6e736f
conn_data_handler: unknown message type 776f6e73
conn_data_handler: unknown message type 20776f6e
conn_data_handler: unknown message type 0d20776f
new_conn_handler: no available connection slots.
new_conn_handler: no available connection slots.
new_conn_handler: no available connection slots.
new_conn_handler: no available connection slots.
new_conn_handler: no available connection slots.
new_conn_handler: no available connection slots.
new_conn_handler: no available connection slots.
new_conn_handler: no available connection slots.
new_conn_handler: no available connection slots.
conn_data_handler: unknown message type 0a0d2064
conn_data_handler: unknown message type 640a0d20
conn_data_handler: unknown message type 65640a0d
conn_data_handler: unknown message type 7065640a
conn_data_handler: unknown message type 6f706564
conn_data_handler: unknown message type 736f7065
conn_data_handler: unknown message type 69736f70
conn_data_handler: unknown message type 7469736f
conn_data_handler: unknown message type 20746973
conn_data_handler: unknown message type 32207469
conn_data_handler: unknown message type 30322074
conn_data_handler: unknown message type 20303220
conn_data_handler: unknown message type 67203032
conn_data_handler: unknown message type 6f672030
conn_data_handler: unknown message type 6c6f6720
conn_data_handler: unknown message type 646c6f67
conn_data_handler: unknown message type 0d646c6f
new_conn_handler: no available connection slots.
new_conn_handler: no available connection slots.
new_conn_handler: no available connection slots.
conn_data_handler: unknown message type 74736163
conn_data_handler: unknown message type 20747361
conn_data_handler: unknown message type 6c207473
conn_data_handler: unknown message type 696c2074
conn_data_handler: unknown message type 67696c20
conn_data_handler: unknown message type 6867696c
conn_data_handler: unknown message type 74686769
conn_data_handler: unknown message type 20746867
conn_data_handler: unknown message type 6f207468
conn_data_handler: unknown message type 6e6f2074
conn_data_handler: unknown message type 206e6f20
conn_data_handler: unknown message type 6a206e6f
conn_data_handler: unknown message type 696a206e
conn_data_handler: unknown message type 61696a20
conn_data_handler: unknown message type 6f61696a
conn_data_handler: unknown message type 666f6169
conn_data_handler: unknown message type 75666f61
conn_data_handler: unknown message type 0d75666f
new_conn_handler: no available connection slots.
new_conn_handler: no available connection slots.
new_conn_handler: no available connection slots.
new_conn_handler: no available connection slots.
new_conn_handler: no available connection slots.
conn_data_handler: unknown message type 0a0d646c
conn_data_handler: unknown message type 770a0d64
conn_data_handler: unknown message type 69770a0d
conn_data_handler: unknown message type 7469770a
conn_data_handler: unknown message type 68746977
conn_data_handler: unknown message type 64687469
conn_data_handler: unknown message type 72646874
conn_data_handler: unknown message type 61726468
conn_data_handler: unknown message type 77617264
conn_data_handler: unknown message type 20776172
conn_data_handler: unknown message type 35207761
conn_data_handler: unknown message type 20352077
conn_data_handler: unknown message type 67203520
conn_data_handler: unknown message type 6f672035
conn_data_handler: unknown message type 6c6f6720
conn_data_handler: unknown message type 646c6f67
conn_data_handler: unknown message type 0d646c6f
conn_data_handler: unknown message type 0a0d7566
conn_data_handler: unknown message type 630a0d75
conn_data_handler: unknown message type 61630a0d
conn_data_handler: unknown message type 7361630a
conn_data_handler: unknown message type 74736163
conn_data_handler: unknown message type 20747361
conn_data_handler: unknown message type 6c207473
conn_data_handler: unknown message type 696c2074
conn_data_handler: unknown message type 67696c20
conn_data_handler: unknown message type 6867696c
conn_data_handler: unknown message type 74686769
conn_data_handler: unknown message type 20746867
conn_data_handler: unknown message type 6f207468
conn_data_handler: unknown message type 6e6f2074
conn_data_handler: unknown message type 206e6f20
conn_data_handler: unknown message type 6a206e6f
conn_data_handler: unknown message type 696a206e
conn_data_handler: unknown message type 61696a20
conn_data_handler: unknown message type 6f61696a
conn_data_handler: unknown message type 666f6169
conn_data_handler: unknown message type 75666f61
conn_data_handler: unknown message type 0d75666f
new_conn_handler: no available connection slots.
new_conn_handler: no available connection slots.
new_conn_handler: no available connection slots.
new_conn_handler: no available connection slots.
new_conn_handler: no available connection slots.
new_conn_handler: no available connection slots.
new_conn_handler: no available connection slots.
new_conn_handler: no available connection slots.
new_conn_handler: no available connection slots.
new_conn_handler: no available connection slots.
new_conn_handler: no available connection slots.
new_conn_handler: no available connection slots.
new_conn_handler: no available connection slots.
new_conn_handler: no available connection slots.
new_conn_handler: no available connection slots.
conn_data_handler: unknown message type 656d6974
conn_data_handler: unknown message type 0d656d69
new_conn_handler: no available connection slots.
new_conn_handler: no available connection slots.
new_conn_handler: no available connection slots.
new_conn_handler: no available connection slots.
new_conn_handler: no available connection slots.
conn_data_handler: unknown message type 0a0d7566
conn_data_handler: unknown message type 630a0d75
conn_data_handler: unknown message type 61630a0d
conn_data_handler: unknown message type 7361630a
conn_data_handler: unknown message type 74736163
conn_data_handler: unknown message type 20747361
conn_data_handler: unknown message type 6c207473
conn_data_handler: unknown message type 696c2074
conn_data_handler: unknown message type 67696c20
conn_data_handler: unknown message type 6867696c
conn_data_handler: unknown message type 74686769
conn_data_handler: unknown message type 20746867
conn_data_handler: unknown message type 6f207468
conn_data_handler: unknown message type 6e6f2074
conn_data_handler: unknown message type 206e6f20
conn_data_handler: unknown message type 6a206e6f
conn_data_handler: unknown message type 696a206e
conn_data_handler: unknown message type 61696a20
conn_data_handler: unknown message type 6f61696a
conn_data_handler: unknown message type 666f6169
conn_data_handler: unknown message type 75666f61
conn_data_handler: unknown message type 0d75666f
new_conn_handler: no available connection slots.
conn_data_handler: unknown message type 6b636162
conn_data_handler: unknown message type 756b6361
conn_data_handler: unknown message type 70756b63
conn_data_handler: unknown message type 0d70756b
conn_data_handler: unknown message type 0a0d7075
conn_data_handler: unknown message type 740a0d70
conn_data_handler: unknown message type 69740a0d
conn_data_handler: unknown message type 6d69740a
conn_data_handler: unknown message type 656d6974
conn_data_handler: unknown message type 0d656d69
conn_data_handler: unknown message type 0a0d646c
conn_data_handler: unknown message type 6e0a0d64
conn_data_handler: unknown message type 0d6e0a0d
conn_data_handler: unknown message type 0a0d6e0a
conn_data_handler: unknown message type 650a0d6e
conn_data_handler: unknown message type 0d650a0d
conn_data_handler: unknown message type 0a0d650a
conn_data_handler: unknown message type 650a0d65
conn_data_handler: unknown message type 0d650a0d
conn_data_handler: unknown message type 0a0d650a
conn_data_handler: unknown message type 730a0d65
conn_data_handler: unknown message type 0d730a0d
conn_data_handler: unknown message type 0a0d730a
conn_data_handler: unknown message type 730a0d73
conn_data_handler: unknown message type 0d730a0d
conn_data_handler: unknown message type 0a0d730a
conn_data_handler: unknown message type 670a0d73
conn_data_handler: unknown message type 69670a0d
conn_data_handler: unknown message type 7669670a
conn_data_handler: unknown message type 65766967
conn_data_handler: unknown message type 20657669
conn_data_handler: unknown message type 72206576
conn_data_handler: unknown message type 65722065
conn_data_handler: unknown message type 63657220
conn_data_handler: unknown message type 65636572
conn_data_handler: unknown message type 69656365
conn_data_handler: unknown message type 70696563
conn_data_handler: unknown message type 74706965
conn_data_handler: unknown message type 20747069
conn_data_handler: unknown message type 74207470
conn_data_handler: unknown message type 6f742074
conn_data_handler: unknown message type 206f7420
conn_data_handler: unknown message type 78206f74
conn_data_handler: unknown message type 6978206f
conn_data_handler: unknown message type 61697820
conn_data_handler: unknown message type 6f616978
conn_data_handler: unknown message type 0d6f6169
conn_data_handler: unknown message type 6c6c696b
conn_data_handler: unknown message type 206c6c69
conn_data_handler: unknown message type 63206c6c
conn_data_handler: unknown message type 6163206c
conn_data_handler: unknown message type 6f616320
conn_data_handler: unknown message type 746f6163
conn_data_handler: unknown message type 6f746f61
conn_data_handler: unknown message type 756f746f
conn_data_handler: unknown message type 20756f74
conn_data_handler: unknown message type 7320756f
conn_data_handler: unknown message type 68732075
conn_data_handler: unknown message type 65687320
conn_data_handler: unknown message type 6e656873
conn_data_handler: unknown message type 0d6e6568
conn_data_handler: unknown message type 0a0d6e65
conn_data_handler: unknown message type 700a0d6e
conn_data_handler: unknown message type 65700a0d
conn_data_handler: unknown message type 7265700a
conn_data_handler: unknown message type 66726570
conn_data_handler: unknown message type 6f667265
conn_data_handler: unknown message type 726f6672
conn_data_handler: unknown message type 6d726f66
conn_data_handler: unknown message type 206d726f
conn_data_handler: unknown message type 68206d72
conn_data_handler: unknown message type 6f68206d
conn_data_handler: unknown message type 6e6f6820
conn_data_handler: unknown message type 676e6f68
conn_data_handler: unknown message type 79676e6f
conn_data_handler: unknown message type 6179676e
conn_data_handler: unknown message type 6e617967
conn_data_handler: unknown message type 0d6e6179
new_conn_handler: no available connection slots.
new_conn_handler: no available connection slots.
new_conn_handler: no available connection slots.
new_conn_handler: no available connection slots.
new_conn_handler: no available connection slots.
new_conn_handler: no available connection slots.
new_conn_handler: no available connection slots.
new_conn_handler: no available connection slots.
conn_data_handler: unknown message type 0a0d7566
conn_data_handler: unknown message type 630a0d75
conn_data_handler: unknown message type 61630a0d
conn_data_handler: unknown message type 7361630a
conn_data_handler: unknown message type 74736163
conn_data_handler: unknown message type 20747361
conn_data_handler: unknown message type 6c207473
conn_data_handler: unknown message type 696c2074
conn_data_handler: unknown message type 67696c20
conn_data_handler: unknown message type 6867696c
conn_data_handler: unknown message type 74686769
conn_data_handler: unknown message type 20746867
conn_data_handler: unknown message type 6f207468
conn_data_handler: unknown message type 6e6f2074
conn_data_handler: unknown message type 206e6f20
conn_data_handler: unknown message type 6a206e6f
conn_data_handler: unknown message type 696a206e
conn_data_handler: unknown message type 61696a20
conn_data_handler: unknown message type 6f61696a
conn_data_handler: unknown message type 666f6169
new_conn_handler: no available connection slots.
conn_data_handler: unknown message type 75666f61
conn_data_handler: unknown message type 0d75666f
new_conn_handler: no available connection slots.
new_conn_handler: no available connection slots.
new_conn_handler: no available connection slots.
new_conn_handler: no available connection slots.
new_conn_handler: no available connection slots.
new_conn_handler: no available connection slots.
new_conn_handler: no available connection slots.
new_conn_handler: no available connection slots.
new_conn_handler: no available connection slots.
new_conn_handler: no available connection slots.
new_conn_handler: no available connection slots.
new_conn_handler: no available connection slots.
new_conn_handler: no available connection slots.
new_conn_handler: no available connection slots.
conn_data_handler: unknown message type 0a0d7566
conn_data_handler: unknown message type 630a0d75
conn_data_handler: unknown message type 61630a0d
conn_data_handler: unknown message type 7361630a
conn_data_handler: unknown message type 74736163
conn_data_handler: unknown message type 20747361
conn_data_handler: unknown message type 6c207473
conn_data_handler: unknown message type 696c2074
conn_data_handler: unknown message type 67696c20
conn_data_handler: unknown message type 6867696c
conn_data_handler: unknown message type 74686769
conn_data_handler: unknown message type 20746867
conn_data_handler: unknown message type 6f207468
conn_data_handler: unknown message type 6e6f2074
conn_data_handler: unknown message type 206e6f20
conn_data_handler: unknown message type 6a206e6f
conn_data_handler: unknown message type 696a206e
conn_data_handler: unknown message type 61696a20
conn_data_handler: unknown message type 6f61696a
conn_data_handler: unknown message type 666f6169
conn_data_handler: unknown message type 75666f61
conn_data_handler: unknown message type 0d75666f
new_conn_handler: no available connection slots.
new_conn_handler: no available connection slots.
new_conn_handler: no available connection slots.
new_conn_handler: no available connection slots.
new_conn_handler: no available connection slots.
new_conn_handler: no available connection slots.
new_conn_handler: no available connection slots.
new_conn_handler: no available connection slots.
new_conn_handler: no available connection slots.
conn_data_handler: unknown message type 0a0d7566
conn_data_handler: unknown message type 630a0d75
conn_data_handler: unknown message type 61630a0d
conn_data_handler: unknown message type 7361630a
conn_data_handler: unknown message type 74736163
conn_data_handler: unknown message type 20747361
conn_data_handler: unknown message type 6c207473
conn_data_handler: unknown message type 696c2074
conn_data_handler: unknown message type 67696c20
conn_data_handler: unknown message type 6867696c
conn_data_handler: unknown message type 74686769
conn_data_handler: unknown message type 20746867
conn_data_handler: unknown message type 6f207468
conn_data_handler: unknown message type 6e6f2074
conn_data_handler: unknown message type 206e6f20
conn_data_handler: unknown message type 6a206e6f
conn_data_handler: unknown message type 696a206e
conn_data_handler: unknown message type 61696a20
conn_data_handler: unknown message type 6f61696a
conn_data_handler: unknown message type 666f6169
conn_data_handler: unknown message type 75666f61
conn_data_handler: unknown message type 0d75666f
new_conn_handler: no available connection slots.
new_conn_handler: no available connection slots.
new_conn_handler: no available connection slots.
new_conn_handler: no available connection slots.
new_conn_handler: no available connection slots.
new_conn_handler: no available connection slots.
new_conn_handler: no available connection slots.
new_conn_handler: no available connection slots.
new_conn_handler: no available connection slots.
new_conn_handler: no available connection slots.
new_conn_handler: no available connection slots.
new_conn_handler: no available connection slots.
conn_data_handler: unknown message type 0a0d7566
conn_data_handler: unknown message type 630a0d75
conn_data_handler: unknown message type 61630a0d
conn_data_handler: unknown message type 7361630a
conn_data_handler: unknown message type 74736163
conn_data_handler: unknown message type 20747361
conn_data_handler: unknown message type 6c207473
conn_data_handler: unknown message type 696c2074
conn_data_handler: unknown message type 67696c20
conn_data_handler: unknown message type 6867696c
conn_data_handler: unknown message type 74686769
conn_data_handler: unknown message type 20746867
conn_data_handler: unknown message type 6f207468
conn_data_handler: unknown message type 6e6f2074
conn_data_handler: unknown message type 206e6f20
conn_data_handler: unknown message type 6a206e6f
conn_data_handler: unknown message type 696a206e
conn_data_handler: unknown message type 61696a20
conn_data_handler: unknown message type 6f61696a
conn_data_handler: unknown message type 666f6169
conn_data_handler: unknown message type 75666f61
conn_data_handler: unknown message type 0d75666f
new_conn_handler: no available connection slots.
new_conn_handler: no available connection slots.
new_conn_handler: no available connection slots.
new_conn_handler: no available connection slots.
new_conn_handler: no available connection slots.
new_conn_handler: no available connection slots.
new_conn_handler: no available connection slots.
new_conn_handler: no available connection slots.
new_conn_handler: no available connection slots.
new_conn_handler: no available connection slots.
new_conn_handler: no available connection slots.
new_conn_handler: no available connection slots.
new_conn_handler: no available connection slots.
conn_data_handler: unknown message type 0a0d7566
conn_data_handler: unknown message type 630a0d75
conn_data_handler: unknown message type 61630a0d
conn_data_handler: unknown message type 7361630a
conn_data_handler: unknown message type 74736163
conn_data_handler: unknown message type 20747361
conn_data_handler: unknown message type 6c207473
conn_data_handler: unknown message type 696c2074
conn_data_handler: unknown message type 67696c20
conn_data_handler: unknown message type 6867696c
conn_data_handler: unknown message type 74686769
conn_data_handler: unknown message type 20746867
conn_data_handler: unknown message type 6f207468
conn_data_handler: unknown message type 6e6f2074
conn_data_handler: unknown message type 206e6f20
conn_data_handler: unknown message type 6a206e6f
conn_data_handler: unknown message type 696a206e
conn_data_handler: unknown message type 61696a20
conn_data_handler: unknown message type 6f61696a
conn_data_handler: unknown message type 666f6169
new_conn_handler: no available connection slots.
new_conn_handler: no available connection slots.
conn_data_handler: unknown message type 75666f61
conn_data_handler: unknown message type 0d75666f
new_conn_handler: no available connection slots.
new_conn_handler: no available connection slots.
new_conn_handler: no available connection slots.
new_conn_handler: no available connection slots.
new_conn_handler: no available connection slots.
new_conn_handler: no available connection slots.
new_conn_handler: no available connection slots.
conn_data_handler: unknown message type 0a0d7566
conn_data_handler: unknown message type 630a0d75
conn_data_handler: unknown message type 61630a0d
conn_data_handler: unknown message type 7361630a
conn_data_handler: unknown message type 74736163
conn_data_handler: unknown message type 20747361
conn_data_handler: unknown message type 6c207473
conn_data_handler: unknown message type 696c2074
conn_data_handler: unknown message type 67696c20
conn_data_handler: unknown message type 6867696c
conn_data_handler: unknown message type 74686769
conn_data_handler: unknown message type 20746867
conn_data_handler: unknown message type 6f207468
conn_data_handler: unknown message type 6e6f2074
conn_data_handler: unknown message type 206e6f20
conn_data_handler: unknown message type 6a206e6f
conn_data_handler: unknown message type 696a206e
conn_data_handler: unknown message type 61696a20
conn_data_handler: unknown message type 6f61696a
conn_data_handler: unknown message type 666f6169
new_conn_handler: no available connection slots.
conn_data_handler: unknown message type 75666f61
conn_data_handler: unknown message type 0d75666f
new_conn_handler: no available connection slots.
new_conn_handler: no available connection slots.
new_conn_handler: no available connection slots.
new_conn_handler: no available connection slots.
new_conn_handler: no available connection slots.
new_conn_handler: no available connection slots.
new_conn_handler: no available connection slots.
new_conn_handler: no available connection slots.
new_conn_handler: no available connection slots.
new_conn_handler: no available connection slots.
new_conn_handler: no available connection slots.
new_conn_handler: no available connection slots.
new_conn_handler: no available connection slots.
new_conn_handler: no available connection slots.
conn_data_handler: unknown message type 0a0d7566
conn_data_handler: unknown message type 630a0d75
conn_data_handler: unknown message type 61630a0d
conn_data_handler: unknown message type 7361630a
conn_data_handler: unknown message type 74736163
conn_data_handler: unknown message type 20747361
conn_data_handler: unknown message type 6c207473
conn_data_handler: unknown message type 696c2074
conn_data_handler: unknown message type 67696c20
conn_data_handler: unknown message type 6867696c
conn_data_handler: unknown message type 74686769
conn_data_handler: unknown message type 20746867
conn_data_handler: unknown message type 6f207468
conn_data_handler: unknown message type 6e6f2074
conn_data_handler: unknown message type 206e6f20
conn_data_handler: unknown message type 6a206e6f
conn_data_handler: unknown message type 696a206e
conn_data_handler: unknown message type 61696a20
conn_data_handler: unknown message type 6f61696a
conn_data_handler: unknown message type 666f6169
new_conn_handler: no available connection slots.
conn_data_handler: unknown message type 75666f61
conn_data_handler: unknown message type 0d75666f
new_conn_handler: no available connection slots.
new_conn_handler: no available connection slots.
new_conn_handler: no available connection slots.
new_conn_handler: no available connection slots.
conn_data_handler: unknown message type 0a0d2077
conn_data_handler: unknown message type 680a0d20
conn_data_handler: unknown message type 6c696d73
conn_data_handler: unknown message type 70680a0d
conn_data_handler: unknown message type 0d70680a
conn_data_handler: unknown message type 0a0d7068
conn_data_handler: unknown message type 730a0d70
conn_data_handler: unknown message type 63730a0d
conn_data_handler: unknown message type 6f63730a
conn_data_handler: unknown message type 726f6373
conn_data_handler: unknown message type 65726f63
conn_data_handler: unknown message type 0d65726f
conn_data_handler: unknown message type 0a0d6572
conn_data_handler: unknown message type 6e0a0d65
conn_data_handler: unknown message type 0d6e0a0d
conn_data_handler: unknown message type 0a0d6e0a
conn_data_handler: unknown message type 6e0a0d6e
conn_data_handler: unknown message type 0d6e0a0d
conn_data_handler: unknown message type 0a0d6e0a
conn_data_handler: unknown message type 730a0d6e
conn_data_handler: unknown message type 75730a0d
conn_data_handler: unknown message type 7275730a
conn_data_handler: unknown message type 72727573
conn_data_handler: unknown message type 65727275
conn_data_handler: unknown message type 6e657272
conn_data_handler: unknown message type 646e6572
conn_data_handler: unknown message type 65646e65
conn_data_handler: unknown message type 7265646e
conn_data_handler: unknown message type 0d726564
conn_data_handler: unknown message type 0a0d7265
conn_data_handler: unknown message type 740a0d72
conn_data_handler: unknown message type 6f740a0d
conn_data_handler: unknown message type 756f740a
conn_data_handler: unknown message type 78756f74
conn_data_handler: unknown message type 6978756f
conn_data_handler: unknown message type 61697875
conn_data_handler: unknown message type 6e616978
conn_data_handler: unknown message type 676e6169
conn_data_handler: unknown message type 0d676e61
conn_data_handler: unknown message type 0a0d676e
conn_data_handler: unknown message type 630a0d67
conn_data_handler: unknown message type 61630a0d
conn_data_handler: unknown message type 7361630a
conn_data_handler: unknown message type 74736163
conn_data_handler: unknown message type 20747361
conn_data_handler: unknown message type 74207473
conn_data_handler: unknown message type 75742074
conn_data_handler: unknown message type 6f757420
conn_data_handler: unknown message type 716f7574
conn_data_handler: unknown message type 69716f75
conn_data_handler: unknown message type 6169716f
conn_data_handler: unknown message type 6f616971
conn_data_handler: unknown message type 0d6f6169
conn_data_handler: unknown message type 0a0d6f61
conn_data_handler: unknown message type 650a0d6f
conn_data_handler: unknown message type 78650a0d
conn_data_handler: unknown message type 6578650a
conn_data_handler: unknown message type 72657865
conn_data_handler: unknown message type 74726578
conn_data_handler: unknown message type 20747265
conn_data_handler: unknown message type 72207472
conn_data_handler: unknown message type 65722074
conn_data_handler: unknown message type 66657220
conn_data_handler: unknown message type 72666572
conn_data_handler: unknown message type 65726665
conn_data_handler: unknown message type 73657266
conn_data_handler: unknown message type 68736572
conn_data_handler: unknown message type 0d687365
conn_data_handler: unknown message type 0a0d6873
conn_data_handler: unknown message type 730a0d68
conn_data_handler: unknown message type 0d730a0d
conn_data_handler: unknown message type 0a0d730a
conn_data_handler: unknown message type 730a0d73
conn_data_handler: unknown message type 0d730a0d
conn_data_handler: unknown message type 0a0d730a
conn_data_handler: unknown message type 660a0d73
conn_data_handler: unknown message type 6c660a0d
conn_data_handler: unknown message type 796c660a
conn_data_handler: unknown message type 20796c66
conn_data_handler: unknown message type 6320796c
conn_data_handler: unknown message type 68632079
conn_data_handler: unknown message type 61686320
conn_data_handler: unknown message type 6e616863
conn_data_handler: unknown message type 676e6168
conn_data_handler: unknown message type 61676e61
conn_data_handler: unknown message type 6e61676e
conn_data_handler: unknown message type 0d6e6167
conn_data_handler: unknown message type 656c696d
conn_data_handler: unknown message type 0d656c69
new_conn_handler: no available connection slots.
conn_data_handler: unknown message type 0a0d7566
conn_data_handler: unknown message type 630a0d75
conn_data_handler: unknown message type 61630a0d
conn_data_handler: unknown message type 7361630a
conn_data_handler: unknown message type 74736163
conn_data_handler: unknown message type 20747361
conn_data_handler: unknown message type 6c207473
conn_data_handler: unknown message type 696c2074
conn_data_handler: unknown message type 67696c20
conn_data_handler: unknown message type 6867696c
conn_data_handler: unknown message type 74686769
conn_data_handler: unknown message type 20746867
conn_data_handler: unknown message type 6f207468
conn_data_handler: unknown message type 6e6f2074
conn_data_handler: unknown message type 206e6f20
conn_data_handler: unknown message type 6a206e6f
conn_data_handler: unknown message type 696a206e
conn_data_handler: unknown message type 61696a20
conn_data_handler: unknown message type 6f61696a
conn_data_handler: unknown message type 666f6169
conn_data_handler: unknown message type 75666f61
conn_data_handler: unknown message type 0d75666f
new_conn_handler: no available connection slots.
new_conn_handler: no available connection slots.
new_conn_handler: no available connection slots.
new_conn_handler: no available connection slots.
new_conn_handler: no available connection slots.
new_conn_handler: no available connection slots.
new_conn_handler: no available connection slots.
new_conn_handler: no available connection slots.
new_conn_handler: no available connection slots.
new_conn_handler: no available connection slots.
conn_data_handler: unknown message type 0a0d6968
conn_data_handler: unknown message type 620a0d69
conn_data_handler: unknown message type 61620a0d
conn_data_handler: unknown message type 6361620a
conn_data_handler: unknown message type 6b636162
conn_data_handler: unknown message type 756b6361
conn_data_handler: unknown message type 70756b63
conn_data_handler: unknown message type 0d70756b
new_conn_handler: no available connection slots.
new_conn_handler: no available connection slots.
new_conn_handler: no available connection slots.
new_conn_handler: no available connection slots.
new_conn_handler: no available connection slots.
new_conn_handler: no available connection slots.
conn_data_handler: unknown message type 0a0d7566
conn_data_handler: unknown message type 630a0d75
conn_data_handler: unknown message type 61630a0d
conn_data_handler: unknown message type 7361630a
conn_data_handler: unknown message type 74736163
conn_data_handler: unknown message type 20747361
conn_data_handler: unknown message type 6c207473
conn_data_handler: unknown message type 696c2074
conn_data_handler: unknown message type 67696c20
conn_data_handler: unknown message type 6867696c
conn_data_handler: unknown message type 74686769
conn_data_handler: unknown message type 20746867
conn_data_handler: unknown message type 6f207468
conn_data_handler: unknown message type 6e6f2074
conn_data_handler: unknown message type 206e6f20
conn_data_handler: unknown message type 6a206e6f
conn_data_handler: unknown message type 696a206e
conn_data_handler: unknown message type 61696a20
conn_data_handler: unknown message type 6f61696a
conn_data_handler: unknown message type 666f6169
new_conn_handler: no available connection slots.
conn_data_handler: unknown message type 75666f61
conn_data_handler: unknown message type 0d75666f
new_conn_handler: no available connection slots.
new_conn_handler: no available connection slots.
new_conn_handler: no available connection slots.
conn_data_handler: unknown message type 0a0d7566
conn_data_handler: unknown message type 630a0d75
conn_data_handler: unknown message type 61630a0d
conn_data_handler: unknown message type 7361630a
conn_data_handler: unknown message type 74736163
conn_data_handler: unknown message type 20747361
conn_data_handler: unknown message type 6c207473
conn_data_handler: unknown message type 696c2074
conn_data_handler: unknown message type 67696c20
conn_data_handler: unknown message type 6867696c
conn_data_handler: unknown message type 74686769
conn_data_handler: unknown message type 20746867
conn_data_handler: unknown message type 6f207468
conn_data_handler: unknown message type 6e6f2074
conn_data_handler: unknown message type 206e6f20
conn_data_handler: unknown message type 6a206e6f
conn_data_handler: unknown message type 696a206e
conn_data_handler: unknown message type 61696a20
conn_data_handler: unknown message type 6f61696a
conn_data_handler: unknown message type 666f6169
conn_data_handler: unknown message type 75666f61
conn_data_handler: unknown message type 0d75666f
new_conn_handler: no available connection slots.
new_conn_handler: no available connection slots.
new_conn_handler: no available connection slots.
new_conn_handler: no available connection slots.
new_conn_handler: no available connection slots.
new_conn_handler: no available conneInitializing internal tables....
ction slots.
new_conn_handler: no available connection slots.
new_conn_handler: no available connection slots.
new_conn_handler: no available connection slots.
new_conn_handler: no available connection slots.
new_conn_handler: no available connection slots.
new_conn_handler: no available connection slots.
new_conn_handler: no available connection slots.
new_conn_handler: no available connection slots.
conn_data_handler: unknown message type 656d6974
conn_data_handler: unknown message type 0d656d69
new_conn_handler: no available connection slots.
conn_data_handler: unknown message type 0a0d7566
conn_data_handler: unknown message type 630a0d75
conn_data_handler: unknown message type 61630a0d
conn_data_handler: unknown message type 7361630a
conn_data_handler: unknown message type 74736163
conn_data_handler: unknown message type 20747361
conn_data_handler: unknown message type 6c207473
conn_data_handler: unknown message type 696c2074
conn_data_handler: unknown message type 67696c20
conn_data_handler: unknown message type 6867696c
conn_data_handler: unknown message type 74686769
conn_data_handler: unknown message type 20746867
conn_data_handler: unknown message type 6f207468
conn_data_handler: unknown message type 6e6f2074
conn_data_handler: unknown message type 206e6f20
conn_data_handler: unknown message type 6a206e6f
conn_data_handler: unknown message type 696a206e
conn_data_handler: unknown message type 61696a20
conn_data_handler: unknown message type 6f61696a
conn_data_handler: unknown message type 666f6169
conn_data_handler: unknown message type 75666f61
conn_data_handler: unknown message type 0d75666f
new_conn_handler: no available connection slots.
new_conn_handler: no available connection slots.
new_conn_handler: no available connection slots.
new_conn_handler: no available connection slots.
new_conn_handler: no available connection slots.
new_conn_handler: no available connection slots.
new_conn_handler: no available connection slots.
new_conn_handler: no available connection slots.
conn_data_handler: unknown message type 0a0d7566
conn_data_handler: unknown message type 630a0d75
conn_data_handler: unknown message type 61630a0d
conn_data_handler: unknown message type 7361630a
conn_data_handler: unknown message type 74736163
conn_data_handler: unknown message type 20747361
conn_data_handler: unknown message type 6c207473
conn_data_handler: unknown message type 696c2074
conn_data_handler: unknown message type 67696c20
conn_data_handler: unknown message type 6867696c
conn_data_handler: unknown message type 74686769
conn_data_handler: unknown message type 20746867
conn_data_handler: unknown message type 6f207468
conn_data_handler: unknown message type 6e6f2074
conn_data_handler: unknown message type 206e6f20
conn_data_handler: unknown message type 6a206e6f
conn_data_handler: unknown message type 696a206e
conn_data_handler: unknown message type 61696a20
conn_data_handler: unknown message type 6f61696a
conn_data_handler: unknown message type 666f6169
conn_data_handler: unknown message type 75666f61
conn_data_handler: unknown message type 0d75666f
new_conn_handler: no available connection slots.
new_conn_handler: no available connection slots.
new_conn_handler: no available connection slots.
new_conn_handler: no available connection slots.
new_conn_handler: no available connection slots.
new_conn_handler: no available connection slots.
new_conn_handler: no available connection slots.
new_conn_handler: no available connection slots.
new_conn_handler: no available connection slots.
new_conn_handler: no available connection slots.
new_conn_handler: no available connection slots.
new_conn_handler: no available connection slots.
new_conn_handler: no available connection slots.
new_conn_handler: no available connection slots.
new_conn_handler: no available connection slots.

<---仙侣情缘: MudOs v22pre11 (by wwj,Jan  1 1999) startup on Microsoft Windows NT at Tue Sep 26 10:17:36 2006

using config file: E:\mud\xlqy_new\config.xiyou
Can't find "mudos", ignoring old binaries.
Try invoking the driver using the full pathname.
System Error: init_addr_server: connect: 不能做任何连接，因为目标机器积极地拒绝它。

]simul_efun loaded successfully.

Loading preloaded files ...
Initializations complete.

Accepting connections on port 7777.
Initializing internal tables....
conn_data_handler: unknown message type 6e0a0d67
conn_data_handler: unknown message type 206e0a0d
conn_data_handler: unknown message type 64206e0a
conn_data_handler: unknown message type 6564206e
conn_data_handler: unknown message type 61656420
conn_data_handler: unknown message type 64616564
conn_data_handler: unknown message type 20646165
conn_data_handler: unknown message type 0d206461
conn_data_handler: unknown message type 6e0a0d67
conn_data_handler: unknown message type 0d6e0a0d

<---仙侣情缘: MudOs v22pre11 (by wwj,Jan  1 1999) startup on Microsoft Windows NT at Tue Sep 26 10:17:42 2006

using config file: E:\mud\xlqy_new\config.xiyou
Can't find "mudos", ignoring old binaries.
Try invoking the driver using the full pathname.
System Error: init_addr_server: connect: 不能做任何连接，因为目标机器积极地拒绝它。

]simul_efun loaded successfully.

Loading preloaded files ...
Initializations complete.

Accepting connections on port 7777.
conn_data_handler: unknown message type 0a0d6968
conn_data_handler: unknown message type 680a0d69
conn_data_handler: unknown message type 69680a0d
conn_data_handler: unknown message type 0d69680a
conn_data_handler: unknown message type 0a0d6968
conn_data_handler: unknown message type 680a0d69
conn_data_handler: unknown message type 69680a0d
conn_data_handler: unknown message type 0d69680a
conn_data_handler: unknown message type 0a0d6968
conn_data_handler: unknown message type 680a0d69
conn_data_handler: unknown message type 69680a0d
conn_data_handler: unknown message type 0d69680a
conn_data_handler: unknown message type 0a0d6968
conn_data_handler: unknown message type 680a0d69
conn_data_handler: unknown message type 69680a0d
conn_data_handler: unknown message type 0d69680a
conn_data_handler: unknown message type 0a0d6968
conn_data_handler: unknown message type 680a0d69
conn_data_handler: unknown message type 69680a0d
conn_data_handler: unknown message type 0d69680a
conn_data_handler: unknown message type 0a0d6968
conn_data_handler: unknown message type 680a0d69
conn_data_handler: unknown message type 69680a0d
conn_data_handler: unknown message type 0d69680a
conn_data_handler: unknown message type 6c696d73
conn_data_handler: unknown message type 656c696d
conn_data_handler: unknown message type 0d656c69
conn_data_handler: unknown message type 0a0d6968
conn_data_handler: unknown message type 680a0d69
conn_data_handler: unknown message type 69680a0d
conn_data_handler: unknown message type 0d69680a
get_user_data: read on fd 548
System Error: get_user_data: read: 当文件已存在时，无法创建该文件。

conn_data_handler: unknown message type 0a0d6968
conn_data_handler: unknown message type 680a0d69
conn_data_handler: unknown message type 69680a0d
conn_data_handler: unknown message type 0d69680a
conn_data_handler: unknown message type 0a0d6968
conn_data_handler: unknown message type 680a0d69
conn_data_handler: unknown message type 69680a0d
conn_data_handler: unknown message type 0d69680a
conn_data_handler: unknown message type 0a0d6968
conn_data_handler: unknown message type 680a0d69
conn_data_handler: unknown message type 69680a0d
conn_data_handler: unknown message type 0d69680a
conn_data_handler: unknown message type 0a0d6968
conn_data_handler: unknown message type 680a0d69
conn_data_handler: unknown message type 69680a0d
conn_data_handler: unknown message type 0d69680a
get_user_data: read on fd 740
System Error: get_user_data: read: 当文件已存在时，无法创建该文件。

get_user_data: read on fd 508
System Error: get_user_data: read: 当文件已存在时，无法创建该文件。

conn_data_handler: unknown message type 0a0d6968
conn_data_handler: unknown message type 680a0d69
conn_data_handler: unknown message type 69680a0d
conn_data_handler: unknown message type 0d69680a
conn_data_handler: unknown message type 0a0d6968
conn_data_handler: unknown message type 680a0d69
conn_data_handler: unknown message type 69680a0d
conn_data_handler: unknown message type 0d69680a
conn_data_handler: unknown message type 0a0d656c
conn_data_handler: unknown message type 670a0d65
conn_data_handler: unknown message type 65670a0d
conn_data_handler: unknown message type 7465670a
conn_data_handler: unknown message type 20746567
conn_data_handler: unknown message type 61207465
conn_data_handler: unknown message type 6c612074
conn_data_handler: unknown message type 6c6c6120
conn_data_handler: unknown message type 206c6c61
conn_data_handler: unknown message type 66206c6c
conn_data_handler: unknown message type 7266206c
conn_data_handler: unknown message type 6f726620
conn_data_handler: unknown message type 6d6f7266
conn_data_handler: unknown message type 206d6f72
conn_data_handler: unknown message type 63206d6f
conn_data_handler: unknown message type 6f63206d
conn_data_handler: unknown message type 726f6320
conn_data_handler: unknown message type 70726f63
conn_data_handler: unknown message type 7370726f
conn_data_handler: unknown message type 65737072
conn_data_handler: unknown message type 0d657370
conn_data_handler: unknown message type 0a0d6573
conn_data_handler: unknown message type 6e0a0d65
conn_data_handler: unknown message type 0d6e0a0d
conn_data_handler: unknown message type 0a0d6968
conn_data_handler: unknown message type 680a0d69
conn_data_handler: unknown message type 69680a0d
conn_data_handler: unknown message type 0d69680a
conn_data_handler: unknown message type 0a0d6968
conn_data_handler: unknown message type 680a0d69
conn_data_handler: unknown message type 69680a0d
conn_data_handler: unknown message type 0d69680a
conn_data_handler: unknown message type 0a0d6968
conn_data_handler: unknown message type 680a0d69
conn_data_handler: unknown message type 69680a0d
conn_data_handler: unknown message type 0d69680a
get_user_data: read on fd 564
System Error: get_user_data: read: 当文件已存在时，无法创建该文件。

conn_data_handler: unknown message type 0a0d6968
conn_data_handler: unknown message type 680a0d69
conn_data_handler: unknown message type 69680a0d
conn_data_handler: unknown message type 0d69680a
conn_data_handler: unknown message type 0a0d6968
conn_data_handler: unknown message type 680a0d69
conn_data_handler: unknown message type 69680a0d
conn_data_handler: unknown message type 0d69680a
conn_data_handler: unknown message type 0a0d6968
conn_data_handler: unknown message type 680a0d69
conn_data_handler: unknown message type 69680a0d
conn_data_handler: unknown message type 0d69680a
conn_data_handler: unknown message type 0a0d6968
conn_data_handler: unknown message type 680a0d69
conn_data_handler: unknown message type 69680a0d
conn_data_handler: unknown message type 0d69680a
conn_data_handler: unknown message type 0a0d6968
conn_data_handler: unknown message type 680a0d69
conn_data_handler: unknown message type 69680a0d
conn_data_handler: unknown message type 0d69680a
conn_data_handler: unknown message type 0a0d6968
conn_data_handler: unknown message type 680a0d69
conn_data_handler: unknown message type 69680a0d
conn_data_handler: unknown message type 0d69680a
conn_data_handler: unknown message type 0a0d6968
conn_data_handler: unknown message type 680a0d69
conn_data_handler: unknown message type 69680a0d
conn_data_handler: unknown message type 0d69680a
get_user_data: read on fd 568
System Error: get_user_data: read: 当文件已存在时，无法创建该文件。

conn_data_handler: unknown message type 0a0d6968
conn_data_handler: unknown message type 680a0d69
conn_data_handler: unknown message type 69680a0d
conn_data_handler: unknown message type 0d69680a
conn_data_handler: unknown message type 0a0d6968
conn_data_handler: unknown message type 680a0d69
conn_data_handler: unknown message type 69680a0d
conn_data_handler: unknown message type 0d69680a
conn_data_handler: unknown message type 0a0d6968
conn_data_handler: unknown message type 680a0d69
conn_data_handler: unknown message type 69680a0d
conn_data_handler: unknown message type 0d69680a
conn_data_handler: unknown message type 0a0d6968
conn_data_handler: unknown message type 680a0d69
conn_data_handler: unknown message type 69680a0d
conn_data_handler: unknown message type 0d69680a
conn_data_handler: unknown message type 0a0d6968
conn_data_handler: unknown message type 680a0d69
conn_data_handler: unknown message type 69680a0d
conn_data_handler: unknown message type 0d69680a
conn_data_handler: unknown message type 0a0d6968
conn_data_handler: unknown message type 680a0d69
conn_data_handler: unknown message type 69680a0d
conn_data_handler: unknown message type 0d69680a
conn_data_handler: unknown message type 0a0d6968
conn_data_handler: unknown message type 680a0d69
conn_data_handler: unknown message type 69680a0d
conn_data_handler: unknown message type 0d69680a
conn_data_handler: unknown message type 0a0d6968
conn_data_handler: unknown message type 680a0d69
conn_data_handler: unknown message type 69680a0d
conn_data_handler: unknown message type 0d69680a
conn_data_handler: unknown message type 0a0d6968
conn_data_handler: unknown message type 680a0d69
conn_data_handler: unknown message type 69680a0d
conn_data_handler: unknown message type 0d69680a
conn_data_handler: unknown message type 0a0d6968
conn_data_handler: unknown message type 680a0d69
conn_data_handler: unknown message type 69680a0d
conn_data_handler: unknown message type 0d69680a
conn_data_handler: unknown message type 0a0d6968
conn_data_handler: unknown message type 680a0d69
conn_data_handler: unknown message type 69680a0d
conn_data_handler: unknown message type 0d69680a
conn_data_handler: unknown message type 0a0d6968
conn_data_handler: unknown message type 680a0d69
conn_data_handler: unknown message type 69680a0d
conn_data_handler: unknown message type 0d69680a
conn_data_handler: unknown message type 0a0d6968
conn_data_handler: unknown message type 680a0d69
conn_data_handler: unknown message type 69680a0d
conn_data_handler: unknown message type 0d69680a
get_user_data: read on fd 740
System Error: get_user_data: read: 当文件已存在时，无法创建该文件。

conn_data_handler: unknown message type 0a0d6968
conn_data_handler: unknown message type 680a0d69
conn_data_handler: unknown message type 69680a0d
conn_data_handler: unknown message type 0d69680a
conn_data_handler: unknown message type 0a0d6968
conn_data_handler: unknown message type 680a0d69
conn_data_handler: unknown message type 69680a0d
conn_data_handler: unknown message type 0d69680a
conn_data_handler: unknown message type 0a0d6968
conn_data_handler: unknown message type 680a0d69
conn_data_handler: unknown message type 69680a0d
conn_data_handler: unknown message type 0d69680a
conn_data_handler: unknown message type 0a0d6968
conn_data_handler: unknown message type 680a0d69
conn_data_handler: unknown message type 69680a0d
conn_data_handler: unknown message type 0d69680a
conn_data_handler: unknown message type 0a0d6968
conn_data_handler: unknown message type 680a0d69
conn_data_handler: unknown message type 69680a0d
conn_data_handler: unknown message type 0d69680a
conn_data_handler: unknown message type 0a0d6968
conn_data_handler: unknown message type 680a0d69
conn_data_handler: unknown message type 69680a0d
conn_data_handler: unknown message type 0d69680a
conn_data_handler: unknown message type 0a0d6968
conn_data_handler: unknown message type 680a0d69
conn_data_handler: unknown message type 69680a0d
conn_data_handler: unknown message type 0d69680a
get_user_data: read on fd 780
System Error: get_user_data: read: 当文件已存在时，无法创建该文件。

conn_data_handler: unknown message type 0a0d6968
conn_data_handler: unknown message type 680a0d69
conn_data_handler: unknown message type 69680a0d
conn_data_handler: unknown message type 0d69680a
conn_data_handler: unknown message type 0a0d6968
conn_data_handler: unknown message type 680a0d69
conn_data_handler: unknown message type 69680a0d
conn_data_handler: unknown message type 0d69680a
conn_data_handler: unknown message type 0a0d6968
conn_data_handler: unknown message type 680a0d69
conn_data_handler: unknown message type 69680a0d
conn_data_handler: unknown message type 0d69680a
conn_data_handler: unknown message type 0a0d6968
conn_data_handler: unknown message type 680a0d69
conn_data_handler: unknown message type 69680a0d
conn_data_handler: unknown message type 0d69680a
conn_data_handler: unknown message type 0a0d6968
conn_data_handler: unknown message type 680a0d69
conn_data_handler: unknown message type 69680a0d
conn_data_handler: unknown message type 0d69680a
conn_data_handler: unknown message type 0a0d6968
conn_data_handler: unknown message type 680a0d69
conn_data_handler: unknown message type 69680a0d
conn_data_handler: unknown message type 0d69680a
conn_data_handler: unknown message type 0a0d6968
conn_data_handler: unknown message type 680a0d69
conn_data_handler: unknown message type 69680a0d
conn_data_handler: unknown message type 0d69680a
get_user_data: read on fd 784
System Error: get_user_data: read: 当文件已存在时，无法创建该文件。

get_user_data: read on fd 784
System Error: get_user_data: read: 当文件已存在时，无法创建该文件。

conn_data_handler: unknown message type 0a0d6968
conn_data_handler: unknown message type 680a0d69
conn_data_handler: unknown message type 69680a0d
conn_data_handler: unknown message type 0d69680a
get_user_data: read on fd 784
System Error: get_user_data: read: 当文件已存在时，无法创建该文件。

conn_data_handler: unknown message type 0a0d6968
conn_data_handler: unknown message type 680a0d69
conn_data_handler: unknown message type 69680a0d
conn_data_handler: unknown message type 0d69680a
conn_data_handler: unknown message type 0a0d6968
conn_data_handler: unknown message type 680a0d69
conn_data_handler: unknown message type 69680a0d
conn_data_handler: unknown message type 0d69680a
conn_data_handler: unknown message type 0a0d6968
conn_data_handler: unknown message type 680a0d69
conn_data_handler: unknown message type 69680a0d
conn_data_handler: unknown message type 0d69680a
conn_data_handler: unknown message type 0a0d6968
conn_data_handler: unknown message type 680a0d69
conn_data_handler: unknown message type 69680a0d
conn_data_handler: unknown message type 0d69680a
conn_data_handler: unknown message type 0a0d6968
conn_data_handler: unknown message type 680a0d69
conn_data_handler: unknown message type 69680a0d
conn_data_handler: unknown message type 0d69680a
conn_data_handler: unknown message type 0a0d6968
conn_data_handler: unknown message type 680a0d69
conn_data_handler: unknown message type 69680a0d
conn_data_handler: unknown message type 0d69680a
conn_data_handler: unknown message type 0a0d6968
conn_data_handler: unknown message type 680a0d69
conn_data_handler: unknown message type 69680a0d
conn_data_handler: unknown message type 0d69680a
get_user_data: read on fd 784
System Error: get_user_data: read: 当文件已存在时，无法创建该文件。

conn_data_handler: unknown message type 0a0d6968
conn_data_handler: unknown message type 680a0d69
conn_data_handler: unknown message type 69680a0d
conn_data_handler: unknown message type 0d69680a
conn_data_handler: unknown message type 0a0d6968
conn_data_handler: unknown message type 680a0d69
conn_data_handler: unknown message type 69680a0d
conn_data_handler: unknown message type 0d69680a
conn_data_handler: unknown message type 0a0d6968
conn_data_handler: unknown message type 680a0d69
conn_data_handler: unknown message type 69680a0d
conn_data_handler: unknown message type 0d69680a
conn_data_handler: unknown message type 0a0d6968
conn_data_handler: unknown message type 680a0d69
conn_data_handler: unknown message type 69680a0d
conn_data_handler: unknown message type 0d69680a
conn_data_handler: unknown message type 0a0d6968
conn_data_handler: unknown message type 680a0d69
conn_data_handler: unknown message type 69680a0d
conn_data_handler: unknown message type 0d69680a
get_user_data: read on fd 544
System Error: get_user_data: read: 当文件已存在时，无法创建该文件。

conn_data_handler: unknown message type 0a0d6968
conn_data_handler: unknown message type 680a0d69
conn_data_handler: unknown message type 69680a0d
conn_data_handler: unknown message type 0d69680a
conn_data_handler: unknown message type 0a0d6968
conn_data_handler: unknown message type 680a0d69
conn_data_handler: unknown message type 69680a0d
conn_data_handler: unknown message type 0d69680a
conn_data_handler: unknown message type 0a0d6968
conn_data_handler: unknown message type 680a0d69
conn_data_handler: unknown message type 69680a0d
conn_data_handler: unknown message type 0d69680a
conn_data_handler: unknown message type 0a0d6968
conn_data_handler: unknown message type 680a0d69
conn_data_handler: unknown message type 69680a0d
conn_data_handler: unknown message type 0d69680a
conn_data_handler: unknown message type 0a0d6968
conn_data_handler: unknown message type 680a0d69
conn_data_handler: unknown message type 69680a0d
conn_data_handler: unknown message type 0d69680a
conn_data_handler: unknown message type 0a0d6968
conn_data_handler: unknown message type 680a0d69
conn_data_handler: unknown message type 69680a0d
conn_data_handler: unknown message type 0d69680a
conn_data_handler: unknown message type 0a0d6968
conn_data_handler: unknown message type 680a0d69
conn_data_handler: unknown message type 69680a0d
conn_data_handler: unknown message type 0d69680a
conn_data_handler: unknown message type 0a0d6968
conn_data_handler: unknown message type 680a0d69
conn_data_handler: unknown message type 69680a0d
conn_data_handler: unknown message type 0d69680a
conn_data_handler: unknown message type 0a0d6968
conn_data_handler: unknown message type 680a0d69
conn_data_handler: unknown message type 69680a0d
conn_data_handler: unknown message type 0d69680a
conn_data_handler: unknown message type 0a0d6968
conn_data_handler: unknown message type 680a0d69
conn_data_handler: unknown message type 69680a0d
conn_data_handler: unknown message type 0d69680a
conn_data_handler: unknown message type 0a0d6968
conn_data_handler: unknown message type 680a0d69
conn_data_handler: unknown message type 69680a0d
conn_data_handler: unknown message type 0d69680a
conn_data_handler: unknown message type 0a0d6968
conn_data_handler: unknown message type 680a0d69
conn_data_handler: unknown message type 69680a0d
conn_data_handler: unknown message type 0d69680a
conn_data_handler: unknown message type 0a0d6968
conn_data_handler: unknown message type 680a0d69
conn_data_handler: unknown message type 69680a0d
conn_data_handler: unknown message type 0d69680a
conn_data_handler: unknown message type 0a0d6968
conn_data_handler: unknown message type 680a0d69
conn_data_handler: unknown message type 69680a0d
conn_data_handler: unknown message type 0d69680a
conn_data_handler: unknown message type 0a0d6968
conn_data_handler: unknown message type 680a0d69
conn_data_handler: unknown message type 69680a0d
conn_data_handler: unknown message type 0d69680a
get_user_data: read on fd 412
System Error: get_user_data: read: 当文件已存在时，无法创建该文件。

conn_data_handler: unknown message type 0a0d6968
conn_data_handler: unknown message type 680a0d69
conn_data_handler: unknown message type 69680a0d
conn_data_handler: unknown message type 0d69680a
conn_data_handler: unknown message type 0a0d6968
conn_data_handler: unknown message type 680a0d69
conn_data_handler: unknown message type 69680a0d
conn_data_handler: unknown message type 0d69680a
conn_data_handler: unknown message type 0a0d6968
conn_data_handler: unknown message type 680a0d69
conn_data_handler: unknown message type 69680a0d
conn_data_handler: unknown message type 0d69680a
conn_data_handler: unknown message type 0a0d6968
conn_data_handler: unknown message type 680a0d69
conn_data_handler: unknown message type 69680a0d
conn_data_handler: unknown message type 0d69680a
conn_data_handler: unknown message type 0a0d6968
conn_data_handler: unknown message type 680a0d69
conn_data_handler: unknown message type 69680a0d
conn_data_handler: unknown message type 0d69680a
conn_data_handler: unknown message type 0a0d6968
conn_data_handler: unknown message type 680a0d69
conn_data_handler: unknown message type 69680a0d
conn_data_handler: unknown message type 0d69680a
conn_data_handler: unknown message type 0a0d6968
conn_data_handler: unknown message type 680a0d69
conn_data_handler: unknown message type 69680a0d
conn_data_handler: unknown message type 0d69680a
conn_data_handler: unknown message type 0a0d6968
conn_data_handler: unknown message type 680a0d69
conn_data_handler: unknown message type 69680a0d
conn_data_handler: unknown message type 0d69680a
conn_data_handler: unknown message type 0a0d6968
conn_data_handler: unknown message type 680a0d69
conn_data_handler: unknown message type 69680a0d
conn_data_handler: unknown message type 0d69680a
conn_data_handler: unknown message type 0a0d6968
conn_data_handler: unknown message type 680a0d69
conn_data_handler: unknown message type 69680a0d
conn_data_handler: unknown message type 0d69680a
conn_data_handler: unknown message type 0a0d6968
conn_data_handler: unknown message type 680a0d69
conn_data_handler: unknown message type 69680a0d
conn_data_handler: unknown message type 0d69680a
conn_data_handler: unknown message type 0a0d6968
conn_data_handler: unknown message type 680a0d69
conn_data_handler: unknown message type 69680a0d
conn_data_handler: unknown message type 0d69680a
conn_data_handler: unknown message type 0a0d6968
conn_data_handler: unknown message type 680a0d69
conn_data_handler: unknown message type 69680a0d
conn_data_handler: unknown message type 0d69680a
conn_data_handler: unknown message type 0a0d6968
conn_data_handler: unknown message type 680a0d69
conn_data_handler: unknown message type 69680a0d
conn_data_handler: unknown message type 0d69680a
get_user_data: read on fd 780
System Error: get_user_data: read: 当文件已存在时，无法创建该文件。

conn_data_handler: unknown message type 0a0d6968
conn_data_handler: unknown message type 680a0d69
conn_data_handler: unknown message type 69680a0d
conn_data_handler: unknown message type 0d69680a
conn_data_handler: unknown message type 0a0d6968
conn_data_handler: unknown message type 680a0d69
conn_data_handler: unknown message type 69680a0d
conn_data_handler: unknown message type 0d69680a
get_user_data: read on fd 660
System Error: get_user_data: read: 当文件已存在时，无法创建该文件。

get_user_data: read on fd 556
System Error: get_user_data: read: 当文件已存在时，无法创建该文件。

get_user_data: read on fd 588
System Error: get_user_data: read: 当文件已存在时，无法创建该文件。

get_user_data: read on fd 676
System Error: get_user_data: read: 当文件已存在时，无法创建该文件。

get_user_data: read on fd 748
System Error: get_user_data: read: 当文件已存在时，无法创建该文件。

conn_data_handler: unknown message type 0a0d6968
conn_data_handler: unknown message type 680a0d69
conn_data_handler: unknown message type 69680a0d
conn_data_handler: unknown message type 0d69680a
conn_data_handler: unknown message type 0a0d6968
conn_data_handler: unknown message type 680a0d69
conn_data_handler: unknown message type 69680a0d
conn_data_handler: unknown message type 0d69680a
conn_data_handler: unknown message type 0a0d6968
conn_data_handler: unknown message type 680a0d69
conn_data_handler: unknown message type 69680a0d
conn_data_handler: unknown message type 0d69680a
conn_data_handler: unknown message type 0a0d6968
conn_data_handler: unknown message type 680a0d69
conn_data_handler: unknown message type 69680a0d
conn_data_handler: unknown message type 0d69680a
conn_data_handler: unknown message type 0a0d6968
conn_data_handler: unknown message type 680a0d69
conn_data_handler: unknown message type 69680a0d
conn_data_handler: unknown message type 0d69680a
conn_data_handler: unknown message type 0a0d6968
conn_data_handler: unknown message type 680a0d69
conn_data_handler: unknown message type 69680a0d
conn_data_handler: unknown message type 0d69680a
conn_data_handler: unknown message type 0a0d6968
conn_data_handler: unknown message type 680a0d69
conn_data_handler: unknown message type 69680a0d
conn_data_handler: unknown message type 0d69680a
conn_data_handler: unknown message type 0a0d6968
conn_data_handler: unknown message type 680a0d69
conn_data_handler: unknown message type 69680a0d
conn_data_handler: unknown message type 0d69680a
conn_data_handler: unknown message type 0a0d6968
conn_data_handler: unknown message type 680a0d69
conn_data_handler: unknown message type 69680a0d
conn_data_handler: unknown message type 0d69680a
conn_data_handler: unknown message type 0a0d6968
conn_data_handler: unknown message type 680a0d69
conn_data_handler: unknown message type 69680a0d
conn_data_handler: unknown message type 0d69680a
conn_data_handler: unknown message type 0a0d6968
conn_data_handler: unknown message type 680a0d69
conn_data_handler: unknown message type 69680a0d
conn_data_handler: unknown message type 0d69680a
conn_data_handler: unknown message type 0a0d6968
conn_data_handler: unknown message type 680a0d69
conn_data_handler: unknown message type 69680a0d
conn_data_handler: unknown message type 0d69680a
get_user_data: read on fd 784
System Error: get_user_data: read: 当文件已存在时，无法创建该文件。

conn_data_handler: unknown message type 0a0d6968
conn_data_handler: unknown message type 680a0d69
conn_data_handler: unknown message type 69680a0d
conn_data_handler: unknown message type 0d69680a
conn_data_handler: unknown message type 0a0d6968
conn_data_handler: unknown message type 680a0d69
conn_data_handler: unknown message type 69680a0d
conn_data_handler: unknown message type 0d69680a
conn_data_handler: unknown message type 0a0d6968
conn_data_handler: unknown message type 680a0d69
conn_data_handler: unknown message type 69680a0d
conn_data_handler: unknown message type 0d69680a
conn_data_handler: unknown message type 0a0d6968
conn_data_handler: unknown message type 680a0d69
conn_data_handler: unknown message type 69680a0d
conn_data_handler: unknown message type 0d69680a
conn_data_handler: unknown message type 0a0d6968
conn_data_handler: unknown message type 680a0d69
conn_data_handler: unknown message type 69680a0d
conn_data_handler: unknown message type 0d69680a
conn_data_handler: unknown message type 0a0d6968
conn_data_handler: unknown message type 680a0d69
conn_data_handler: unknown message type 69680a0d
conn_data_handler: unknown message type 0d69680a
conn_data_handler: unknown message type 0a0d6968
conn_data_handler: unknown message type 680a0d69
conn_data_handler: unknown message type 69680a0d
conn_data_handler: unknown message type 0d69680a
conn_data_handler: unknown message type 0a0d6968
conn_data_handler: unknown message type 680a0d69
conn_data_handler: unknown message type 69680a0d
conn_data_handler: unknown message type 0d69680a
conn_data_handler: unknown message type 0a0d6968
conn_data_handler: unknown message type 680a0d69
conn_data_handler: unknown message type 69680a0d
conn_data_handler: unknown message type 0d69680a
conn_data_handler: unknown message type 0a0d6968
conn_data_handler: unknown message type 680a0d69
conn_data_handler: unknown message type 69680a0d
conn_data_handler: unknown message type 0d69680a
conn_data_handler: unknown message type 0a0d6968
conn_data_handler: unknown message type 680a0d69
conn_data_handler: unknown message type 69680a0d
conn_data_handler: unknown message type 0d69680a
conn_data_handler: unknown message type 0a0d6968
conn_data_handler: unknown message type 680a0d69
conn_data_handler: unknown message type 69680a0d
conn_data_handler: unknown message type 0d69680a
conn_data_handler: unknown message type 0a0d6968
conn_data_handler: unknown message type 680a0d69
conn_data_handler: unknown message type 69680a0d
conn_data_handler: unknown message type 0d69680a

执行时段错误：*Bad argument 1 to call_other()
Expected: string or array or object Got: 0.

程序：daemon/class/moon/moonshentong/qingwang.c 第 99 行
物件：/daemon/class/moon/moonshentong/qingwang
呼叫来自：daemon/class/moon/moonshentong/qingwang.c 的 remove_effect() 第 99 行，物件： daemon/class/moon/moonshentong/qingwang
调用参数：remove_effect(0, 0)
局部变量：
previous_object(0): daemon/class/moon/moonshentong/qingwang
+----------------------------------------------------------------------+

conn_data_handler: unknown message type 0a0d6968
conn_data_handler: unknown message type 680a0d69
conn_data_handler: unknown message type 69680a0d
conn_data_handler: unknown message type 0d69680a
conn_data_handler: unknown message type 0a0d6968
conn_data_handler: unknown message type 680a0d69
conn_data_handler: unknown message type 69680a0d
conn_data_handler: unknown message type 0d69680a
conn_data_handler: unknown message type 0a0d6968
conn_data_handler: unknown message type 680a0d69
conn_data_handler: unknown message type 69680a0d
conn_data_handler: unknown message type 0d69680a
conn_data_handler: unknown message type 0a0d6968
conn_data_handler: unknown message type 680a0d69
conn_data_handler: unknown message type 69680a0d
conn_data_handler: unknown message type 0d69680a
conn_data_handler: unknown message type 0a0d6968
conn_data_handler: unknown message type 680a0d69
conn_data_handler: unknown message type 69680a0d
conn_data_handler: unknown message type 0d69680a
conn_data_handler: unknown message type 0a0d6968
conn_data_handler: unknown message type 680a0d69
conn_data_handler: unknown message type 69680a0d
conn_data_handler: unknown message type 0d69680a
conn_data_handler: unknown message type 0a0d6968
conn_data_handler: unknown message type 680a0d69
conn_data_handler: unknown message type 69680a0d
conn_data_handler: unknown message type 0d69680a
conn_data_handler: unknown message type 0a0d6968
conn_data_handler: unknown message type 680a0d69
conn_data_handler: unknown message type 69680a0d
conn_data_handler: unknown message type 0d69680a
conn_data_handler: unknown message type 0a0d6968
conn_data_handler: unknown message type 680a0d69
conn_data_handler: unknown message type 69680a0d
conn_data_handler: unknown message type 0d69680a
conn_data_handler: unknown message type 0a0d6968
conn_data_handler: unknown message type 680a0d69
conn_data_handler: unknown message type 69680a0d
conn_data_handler: unknown message type 0d69680a
conn_data_handler: unknown message type 0a0d6968
conn_data_handler: unknown message type 680a0d69
conn_data_handler: unknown message type 69680a0d
conn_data_handler: unknown message type 0d69680a
conn_data_handler: unknown message type 0a0d6968
conn_data_handler: unknown message type 680a0d69
conn_data_handler: unknown message type 69680a0d
conn_data_handler: unknown message type 0d69680a
conn_data_handler: unknown message type 0a0d6968
conn_data_handler: unknown message type 680a0d69
conn_data_handler: unknown message type 69680a0d
conn_data_handler: unknown message type 0d69680a
conn_data_handler: unknown message type 0a0d6968
conn_data_handler: unknown message type 680a0d69
conn_data_handler: unknown message type 69680a0d
conn_data_handler: unknown message type 0d69680a
conn_data_handler: unknown message type 0a0d6968
conn_data_handler: unknown message type 680a0d69
conn_data_handler: unknown message type 69680a0d
conn_data_handler: unknown message type 0d69680a
conn_data_handler: unknown message type 0a0d6968
conn_data_handler: unknown message type 680a0d69
conn_data_handler: unknown message type 69680a0d
conn_data_handler: unknown message type 0d69680a
conn_data_handler: unknown message type 0a0d6968
conn_data_handler: unknown message type 680a0d69
conn_data_handler: unknown message type 69680a0d
conn_data_handler: unknown message type 0d69680a
conn_data_handler: unknown message type 0a0d6968
conn_data_handler: unknown message type 680a0d69
conn_data_handler: unknown message type 69680a0d
conn_data_handler: unknown message type 0d69680a
conn_data_handler: unknown message type 0a0d6968
conn_data_handler: unknown message type 680a0d69
conn_data_handler: unknown message type 69680a0d
conn_data_handler: unknown message type 0d69680a
get_user_data: read on fd 556
System Error: get_user_data: read: 当文件已存在时，无法创建该文件。

conn_data_handler: unknown message type 0a0d6968
conn_data_handler: unknown message type 680a0d69
conn_data_handler: unknown message type 69680a0d
conn_data_handler: unknown message type 0d69680a
get_user_data: read on fd 780
System Error: get_user_data: read: 当文件已存在时，无法创建该文件。

conn_data_handler: unknown message type 0a0d6968
conn_data_handler: unknown message type 680a0d69
conn_data_handler: unknown message type 69680a0d
conn_data_handler: unknown message type 0d69680a
conn_data_handler: unknown message type 0a0d6968
conn_data_handler: unknown message type 680a0d69
conn_data_handler: unknown message type 69680a0d
conn_data_handler: unknown message type 0d69680a
conn_data_handler: unknown message type 0a0d6968
conn_data_handler: unknown message type 680a0d69
conn_data_handler: unknown message type 69680a0d
conn_data_handler: unknown message type 0d69680a
conn_data_handler: unknown message type 0a0d6968
conn_data_handler: unknown message type 680a0d69
conn_data_handler: unknown message type 69680a0d
conn_data_handler: unknown message type 0d69680a
conn_data_handler: unknown message type 0a0d6968
conn_data_handler: unknown message type 680a0d69
conn_data_handler: unknown message type 69680a0d
conn_data_handler: unknown message type 0d69680a
conn_data_handler: unknown message type 0a0d6968
conn_data_handler: unknown message type 680a0d69
conn_data_handler: unknown message type 69680a0d
conn_data_handler: unknown message type 0d69680a
conn_data_handler: unknown message type 0a0d6968
conn_data_handler: unknown message type 680a0d69
conn_data_handler: unknown message type 69680a0d
conn_data_handler: unknown message type 0d69680a
conn_data_handler: unknown message type 0a0d6968
conn_data_handler: unknown message type 680a0d69
conn_data_handler: unknown message type 69680a0d
conn_data_handler: unknown message type 0d69680a
conn_data_handler: unknown message type 0a0d6968
conn_data_handler: unknown message type 680a0d69
conn_data_handler: unknown message type 69680a0d
conn_data_handler: unknown message type 0d69680a
conn_data_handler: unknown message type 0a0d6968
conn_data_handler: unknown message type 680a0d69
conn_data_handler: unknown message type 69680a0d
conn_data_handler: unknown message type 0d69680a
conn_data_handler: unknown message type 0a0d6968
conn_data_handler: unknown message type 680a0d69
conn_data_handler: unknown message type 69680a0d
conn_data_handler: unknown message type 0d69680a
conn_data_handler: unknown message type 0a0d6968
conn_data_handler: unknown message type 680a0d69
conn_data_handler: unknown message type 69680a0d
conn_data_handler: unknown message type 0d69680a
conn_data_handler: unknown message type 0a0d6968
conn_data_handler: unknown message type 680a0d69
conn_data_handler: unknown message type 69680a0d
conn_data_handler: unknown message type 0d69680a
conn_data_handler: unknown message type 0a0d6968
conn_data_handler: unknown message type 680a0d69
conn_data_handler: unknown message type 69680a0d
conn_data_handler: unknown message type 0d69680a
get_user_data: read on fd 780
System Error: get_user_data: read: 当文件已存在时，无法创建该文件。

conn_data_handler: unknown message type 0a0d6968
conn_data_handler: unknown message type 680a0d69
conn_data_handler: unknown message type 69680a0d
conn_data_handler: unknown message type 0d69680a
conn_data_handler: unknown message type 0a0d6968
conn_data_handler: unknown message type 680a0d69
conn_data_handler: unknown message type 69680a0d
conn_data_handler: unknown message type 0d69680a
conn_data_handler: unknown message type 0a0d6968
conn_data_handler: unknown message type 680a0d69
conn_data_handler: unknown message type 69680a0d
conn_data_handler: unknown message type 0d69680a
conn_data_handler: unknown message type 0a0d6968
conn_data_handler: unknown message type 680a0d69
conn_data_handler: unknown message type 69680a0d
conn_data_handler: unknown message type 0d69680a
conn_data_handler: unknown message type 0a0d6968
conn_data_handler: unknown message type 680a0d69
conn_data_handler: unknown message type 69680a0d
conn_data_handler: unknown message type 0d69680a
conn_data_handler: unknown message type 0a0d6968
conn_data_handler: unknown message type 680a0d69
conn_data_handler: unknown message type 69680a0d
conn_data_handler: unknown message type 0d69680a
conn_data_handler: unknown message type 0a0d6968
conn_data_handler: unknown message type 680a0d69
conn_data_handler: unknown message type 69680a0d
conn_data_handler: unknown message type 0d69680a
conn_data_handler: unknown message type 0a0d6968
conn_data_handler: unknown message type 680a0d69
conn_data_handler: unknown message type 69680a0d
conn_data_handler: unknown message type 0d69680a
conn_data_handler: unknown message type 0a0d6968
conn_data_handler: unknown message type 680a0d69
conn_data_handler: unknown message type 69680a0d
conn_data_handler: unknown message type 0d69680a
conn_data_handler: unknown message type 0a0d6968
conn_data_handler: unknown message type 680a0d69
conn_data_handler: unknown message type 69680a0d
conn_data_handler: unknown message type 0d69680a
get_user_data: read on fd 544
System Error: get_user_data: read: 当文件已存在时，无法创建该文件。

conn_data_handler: unknown message type 0a0d6968
conn_data_handler: unknown message type 680a0d69
conn_data_handler: unknown message type 69680a0d
conn_data_handler: unknown message type 0d69680a
conn_data_handler: unknown message type 0a0d6968
conn_data_handler: unknown message type 680a0d69
conn_data_handler: unknown message type 69680a0d
conn_data_handler: unknown message type 0d69680a
conn_data_handler: unknown message type 0a0d6968
conn_data_handler: unknown message type 680a0d69
conn_data_handler: unknown message type 69680a0d
conn_data_handler: unknown message type 0d69680a
conn_data_handler: unknown message type 0a0d6968
conn_data_handler: unknown message type 680a0d69
conn_data_handler: unknown message type 69680a0d
conn_data_handler: unknown message type 0d69680a
conn_data_handler: unknown message type 0a0d6968
conn_data_handler: unknown message type 680a0d69
conn_data_handler: unknown message type 69680a0d
conn_data_handler: unknown message type 0d69680a
conn_data_handler: unknown message type 0a0d6968
conn_data_handler: unknown message type 680a0d69
conn_data_handler: unknown message type 69680a0d
conn_data_handler: unknown message type 0d69680a
conn_data_handler: unknown message type 0a0d6968
conn_data_handler: unknown message type 680a0d69
conn_data_handler: unknown message type 69680a0d
conn_data_handler: unknown message type 0d69680a
conn_data_handler: unknown message type 0a0d6968
conn_data_handler: unknown message type 680a0d69
conn_data_handler: unknown message type 69680a0d
conn_data_handler: unknown message type 0d69680a
conn_data_handler: unknown message type 0a0d6968
conn_data_handler: unknown message type 680a0d69
conn_data_handler: unknown message type 69680a0d
conn_data_handler: unknown message type 0d69680a
conn_data_handler: unknown message type 0a0d6968
conn_data_handler: unknown message type 680a0d69
conn_data_handler: unknown message type 69680a0d
conn_data_handler: unknown message type 0d69680a
conn_data_handler: unknown message type 0a0d6968
conn_data_handler: unknown message type 680a0d69
conn_data_handler: unknown message type 69680a0d
conn_data_handler: unknown message type 0d69680a
get_user_data: read on fd 784
System Error: get_user_data: read: 当文件已存在时，无法创建该文件。

conn_data_handler: unknown message type 0a0d6968
conn_data_handler: unknown message type 680a0d69
conn_data_handler: unknown message type 69680a0d
conn_data_handler: unknown message type 0d69680a
conn_data_handler: unknown message type 0a0d6968
conn_data_handler: unknown message type 680a0d69
conn_data_handler: unknown message type 69680a0d
conn_data_handler: unknown message type 0d69680a
conn_data_handler: unknown message type 0a0d6968
conn_data_handler: unknown message type 680a0d69
conn_data_handler: unknown message type 69680a0d
conn_data_handler: unknown message type 0d69680a
conn_data_handler: unknown message type 0a0d6968
conn_data_handler: unknown message type 680a0d69
conn_data_handler: unknown message type 69680a0d
conn_data_handler: unknown message type 0d69680a
conn_data_handler: unknown message type 0a0d6968
conn_data_handler: unknown message type 680a0d69
conn_data_handler: unknown message type 69680a0d
conn_data_handler: unknown message type 0d69680a
conn_data_handler: unknown message type 0a0d6968
conn_data_handler: unknown message type 680a0d69
conn_data_handler: unknown message type 69680a0d
conn_data_handler: unknown message type 0d69680a

执行时段错误：*Bad argument 1 to call_other()
Expected: string or array or object Got: 0.

程序：daemon/class/ghost/hellfire-whip/lunhui.c 第 81 行
物件：/daemon/class/ghost/hellfire-whip/lunhui
呼叫来自：feature/action.c 的 eval_function() 第 74 行，物件： d/quest/dajiu/npc/yg-ldlh#84862 ("猩猩老精")
调用参数：eval_function((: ... :))
局部变量：
呼叫来自：<function> 的 <function>() 第 0 行，物件： daemon/class/ghost/hellfire-whip/lunhui
调用参数：<function>()
局部变量：
呼叫来自：daemon/class/ghost/hellfire-whip/lunhui.c 的 delay_effect() 第 81 行，物件： daemon/class/ghost/hellfire-whip/lunhui
调用参数：delay_effect(0, 2)
局部变量：NULL, ([ ... ]), NULL, NULL, "expert", NULL
this_player: d/quest/dajiu/npc/yg-ldlh#84862 ("猩猩老精")
          <- d/city/club
previous_object(0): daemon/class/ghost/hellfire-whip/lunhui
previous_object(1): daemon/class/ghost/hellfire-whip/lunhui
previous_object(2): d/quest/dajiu/npc/yg-ldlh#84862 ("猩猩老精")
+----------------------------------------------------------------------+

conn_data_handler: unknown message type 0a0d6968
conn_data_handler: unknown message type 680a0d69
conn_data_handler: unknown message type 69680a0d
conn_data_handler: unknown message type 0d69680a
conn_data_handler: unknown message type 0a0d6968
conn_data_handler: unknown message type 680a0d69
conn_data_handler: unknown message type 69680a0d
conn_data_handler: unknown message type 0d69680a
conn_data_handler: unknown message type 0a0d6968
conn_data_handler: unknown message type 680a0d69
conn_data_handler: unknown message type 69680a0d
conn_data_handler: unknown message type 0d69680a
conn_data_handler: unknown message type 0a0d6968
conn_data_handler: unknown message type 680a0d69
conn_data_handler: unknown message type 69680a0d
conn_data_handler: unknown message type 0d69680a
conn_data_handler: unknown message type 0a0d6968
conn_data_handler: unknown message type 680a0d69
conn_data_handler: unknown message type 69680a0d
conn_data_handler: unknown message type 0d69680a
conn_data_handler: unknown message type 0a0d6968
conn_data_handler: unknown message type 680a0d69
conn_data_handler: unknown message type 69680a0d
conn_data_handler: unknown message type 0d69680a
conn_data_handler: unknown message type 0a0d6968
conn_data_handler: unknown message type 680a0d69
conn_data_handler: unknown message type 69680a0d
conn_data_handler: unknown message type 0d69680a
get_user_data: read on fd 780
System Error: get_user_data: read: 当文件已存在时，无法创建该文件。

conn_data_handler: unknown message type 0a0d6968
conn_data_handler: unknown message type 680a0d69
conn_data_handler: unknown message type 69680a0d
conn_data_handler: unknown message type 0d69680a
conn_data_handler: unknown message type 0a0d6968
conn_data_handler: unknown message type 680a0d69
conn_data_handler: unknown message type 69680a0d
conn_data_handler: unknown message type 0d69680a
conn_data_handler: unknown message type 0a0d6968
conn_data_handler: unknown message type 680a0d69
conn_data_handler: unknown message type 69680a0d
conn_data_handler: unknown message type 0d69680a
conn_data_handler: unknown message type 0a0d6968
conn_data_handler: unknown message type 680a0d69
conn_data_handler: unknown message type 69680a0d
conn_data_handler: unknown message type 0d69680a
conn_data_handler: unknown message type 0a0d6968
conn_data_handler: unknown message type 680a0d69
conn_data_handler: unknown message type 69680a0d
conn_data_handler: unknown message type 0d69680a
conn_data_handler: unknown message type 0a0d6968
conn_data_handler: unknown message type 680a0d69
conn_data_handler: unknown message type 69680a0d
conn_data_handler: unknown message type 0d69680a
conn_data_handler: unknown message type 0a0d6968
conn_data_handler: unknown message type 680a0d69
conn_data_handler: unknown message type 69680a0d
conn_data_handler: unknown message type 0d69680a
conn_data_handler: unknown message type 0a0d6968
conn_data_handler: unknown message type 680a0d69
conn_data_handler: unknown message type 69680a0d
conn_data_handler: unknown message type 0d69680a
conn_data_handler: unknown message type 0a0d6968
conn_data_handler: unknown message type 680a0d69
conn_data_handler: unknown message type 69680a0d
conn_data_handler: unknown message type 0d69680a
conn_data_handler: unknown message type 0a0d6968
conn_data_handler: unknown message type 680a0d69
conn_data_handler: unknown message type 69680a0d
conn_data_handler: unknown message type 0d69680a
conn_data_handler: unknown message type 0a0d6968
conn_data_handler: unknown message type 680a0d69
conn_data_handler: unknown message type 69680a0d
conn_data_handler: unknown message type 0d69680a
conn_data_handler: unknown message type 0a0d6968
conn_data_handler: unknown message type 680a0d69
conn_data_handler: unknown message type 69680a0d
conn_data_handler: unknown message type 0d69680a
conn_data_handler: unknown message type 0a0d6968
conn_data_handler: unknown message type 680a0d69
conn_data_handler: unknown message type 69680a0d
conn_data_handler: unknown message type 0d69680a
conn_data_handler: unknown message type 0a0d6968
conn_data_handler: unknown message type 680a0d69
conn_data_handler: unknown message type 69680a0d
conn_data_handler: unknown message type 0d69680a
conn_data_handler: unknown message type 0a0d6968
conn_data_handler: unknown message type 680a0d69
conn_data_handler: unknown message type 69680a0d
conn_data_handler: unknown message type 0d69680a
conn_data_handler: unknown message type 0a0d6968
conn_data_handler: unknown message type 680a0d69
conn_data_handler: unknown message type 69680a0d
conn_data_handler: unknown message type 0d69680a
conn_data_handler: unknown message type 0a0d6968
conn_data_handler: unknown message type 680a0d69
conn_data_handler: unknown message type 69680a0d
conn_data_handler: unknown message type 0d69680a
conn_data_handler: unknown message type 0a0d6968
conn_data_handler: unknown message type 680a0d69
conn_data_handler: unknown message type 69680a0d
conn_data_handler: unknown message type 0d69680a
conn_data_handler: unknown message type 0a0d6968
conn_data_handler: unknown message type 680a0d69
conn_data_handler: unknown message type 69680a0d
conn_data_handler: unknown message type 0d69680a
conn_data_handler: unknown message type 0a0d6968
conn_data_handler: unknown message type 680a0d69
conn_data_handler: unknown message type 69680a0d
conn_data_handler: unknown message type 0d69680a

执行时段错误：*Bad argument 1 to call_other()
Expected: string or array or object Got: 0.

程序：daemon/class/moon/moonshentong/qingwang.c 第 99 行
物件：/daemon/class/moon/moonshentong/qingwang
呼叫来自：daemon/class/moon/moonshentong/qingwang.c 的 remove_effect() 第 99 行，物件： daemon/class/moon/moonshentong/qingwang
调用参数：remove_effect(0)
局部变量：
previous_object(0): daemon/class/moon/moonshentong/qingwang
+----------------------------------------------------------------------+

get_user_data: read on fd 784
System Error: get_user_data: read: 当文件已存在时，无法创建该文件。

conn_data_handler: unknown message type 0a0d6968
conn_data_handler: unknown message type 680a0d69
conn_data_handler: unknown message type 69680a0d
conn_data_handler: unknown message type 0d69680a
conn_data_handler: unknown message type 0a0d6968
conn_data_handler: unknown message type 680a0d69
conn_data_handler: unknown message type 69680a0d
conn_data_handler: unknown message type 0d69680a
conn_data_handler: unknown message type 0a0d6968
conn_data_handler: unknown message type 680a0d69
conn_data_handler: unknown message type 69680a0d
conn_data_handler: unknown message type 0d69680a
conn_data_handler: unknown message type 0a0d6968
conn_data_handler: unknown message type 680a0d69
conn_data_handler: unknown message type 69680a0d
conn_data_handler: unknown message type 0d69680a
conn_data_handler: unknown message type 0a0d6968
conn_data_handler: unknown message type 680a0d69
conn_data_handler: unknown message type 69680a0d
conn_data_handler: unknown message type 0d69680a
conn_data_handler: unknown message type 0a0d6968
conn_data_handler: unknown message type 680a0d69
conn_data_handler: unknown message type 69680a0d
conn_data_handler: unknown message type 0d69680a
conn_data_handler: unknown message type 0a0d6968
conn_data_handler: unknown message type 680a0d69
conn_data_handler: unknown message type 69680a0d
conn_data_handler: unknown message type 0d69680a
conn_data_handler: unknown message type 0a0d6968
conn_data_handler: unknown message type 680a0d69
conn_data_handler: unknown message type 69680a0d
conn_data_handler: unknown message type 0d69680a
get_user_data: read on fd 680
System Error: get_user_data: read: 当文件已存在时，无法创建该文件。

conn_data_handler: unknown message type 0a0d6968
conn_data_handler: unknown message type 680a0d69
conn_data_handler: unknown message type 69680a0d
conn_data_handler: unknown message type 0d69680a
conn_data_handler: unknown message type 0a0d6968
conn_data_handler: unknown message type 680a0d69
conn_data_handler: unknown message type 69680a0d
conn_data_handler: unknown message type 0d69680a
conn_data_handler: unknown message type 0a0d6968
conn_data_handler: unknown message type 680a0d69
conn_data_handler: unknown message type 69680a0d
conn_data_handler: unknown message type 0d69680a
conn_data_handler: unknown message type 0a0d6968
conn_data_handler: unknown message type 680a0d69
conn_data_handler: unknown message type 69680a0d
conn_data_handler: unknown message type 0d69680a
conn_data_handler: unknown message type 0a0d6968
conn_data_handler: unknown message type 680a0d69
conn_data_handler: unknown message type 69680a0d
conn_data_handler: unknown message type 0d69680a
conn_data_handler: unknown message type 0a0d6968
conn_data_handler: unknown message type 680a0d69
conn_data_handler: unknown message type 69680a0d
conn_data_handler: unknown message type 0d69680a
conn_data_handler: unknown message type 0a0d6968
conn_data_handler: unknown message type 680a0d69
conn_data_handler: unknown message type 69680a0d
conn_data_handler: unknown message type 0d69680a
conn_data_handler: unknown message type 0a0d6968
conn_data_handler: unknown message type 680a0d69
conn_data_handler: unknown message type 69680a0d
conn_data_handler: unknown message type 0d69680a
conn_data_handler: unknown message type 0a0d6968
conn_data_handler: unknown message type 680a0d69
conn_data_handler: unknown message type 69680a0d
conn_data_handler: unknown message type 0d69680a
conn_data_handler: unknown message type 0a0d6968
conn_data_handler: unknown message type 680a0d69
conn_data_handler: unknown message type 69680a0d
conn_data_handler: unknown message type 0d69680a
conn_data_handler: unknown message type 0a0d6968
conn_data_handler: unknown message type 680a0d69
conn_data_handler: unknown message type 69680a0d
conn_data_handler: unknown message type 0d69680a
conn_data_handler: unknown message type 0a0d6968
conn_data_handler: unknown message type 680a0d69
conn_data_handler: unknown message type 69680a0d
conn_data_handler: unknown message type 0d69680a
conn_data_handler: unknown message type 0a0d6968
conn_data_handler: unknown message type 680a0d69
conn_data_handler: unknown message type 69680a0d
conn_data_handler: unknown message type 0d69680a
get_user_data: read on fd 556
System Error: get_user_data: read: 当文件已存在时，无法创建该文件。

conn_data_handler: unknown message type 0a0d6968
conn_data_handler: unknown message type 680a0d69
conn_data_handler: unknown message type 69680a0d
conn_data_handler: unknown message type 0d69680a
conn_data_handler: unknown message type 0a0d6968
conn_data_handler: unknown message type 680a0d69
conn_data_handler: unknown message type 69680a0d
conn_data_handler: unknown message type 0d69680a
conn_data_handler: unknown message type 0a0d6968
conn_data_handler: unknown message type 680a0d69
conn_data_handler: unknown message type 69680a0d
conn_data_handler: unknown message type 0d69680a
get_user_data: read on fd 796
System Error: get_user_data: read: 当文件已存在时，无法创建该文件。

get_user_data: read on fd 564
System Error: get_user_data: read: 当文件已存在时，无法创建该文件。

conn_data_handler: unknown message type 0a0d6968
conn_data_handler: unknown message type 680a0d69
conn_data_handler: unknown message type 69680a0d
conn_data_handler: unknown message type 0d69680a
conn_data_handler: unknown message type 0a0d6968
conn_data_handler: unknown message type 680a0d69
conn_data_handler: unknown message type 69680a0d
conn_data_handler: unknown message type 0d69680a
conn_data_handler: unknown message type 0a0d6968
conn_data_handler: unknown message type 680a0d69
conn_data_handler: unknown message type 69680a0d
conn_data_handler: unknown message type 0d69680a
conn_data_handler: unknown message type 0a0d6968
conn_data_handler: unknown message type 680a0d69
conn_data_handler: unknown message type 69680a0d
conn_data_handler: unknown message type 0d69680a
get_user_data: read on fd 452
System Error: get_user_data: read: 当文件已存在时，无法创建该文件。

conn_data_handler: unknown message type 0a0d6968
conn_data_handler: unknown message type 680a0d69
conn_data_handler: unknown message type 69680a0d
conn_data_handler: unknown message type 0d69680a
conn_data_handler: unknown message type 0a0d6968
conn_data_handler: unknown message type 680a0d69
conn_data_handler: unknown message type 69680a0d
conn_data_handler: unknown message type 0d69680a
conn_data_handler: unknown message type 0a0d6968
conn_data_handler: unknown message type 680a0d69
conn_data_handler: unknown message type 69680a0d
conn_data_handler: unknown message type 0d69680a
conn_data_handler: unknown message type 0a0d6968
conn_data_handler: unknown message type 680a0d69
conn_data_handler: unknown message type 69680a0d
conn_data_handler: unknown message type 0d69680a
conn_data_handler: unknown message type 0a0d6968
conn_data_handler: unknown message type 680a0d69
conn_data_handler: unknown message type 69680a0d
conn_data_handler: unknown message type 0d69680a

执行时段错误：*Illegal to move or destruct an object defining actions from a verb function which returns zero.

程序：(none) 第 0 行
物件：(none)
this_player: obj/user#24414 ("令狐雪")
          <- d/changan/pinqiting
+----------------------------------------------------------------------+

conn_data_handler: unknown message type 0a0d6968
conn_data_handler: unknown message type 680a0d69
conn_data_handler: unknown message type 69680a0d
conn_data_handler: unknown message type 0d69680a
get_user_data: read on fd 780
System Error: get_user_data: read: 当文件已存在时，无法创建该文件。

conn_data_handler: unknown message type 0a0d6968
conn_data_handler: unknown message type 680a0d69
conn_data_handler: unknown message type 69680a0d
conn_data_handler: unknown message type 0d69680a
get_user_data: read on fd 556
System Error: get_user_data: read: 当文件已存在时，无法创建该文件。

conn_data_handler: unknown message type 0a0d6968
conn_data_handler: unknown message type 680a0d69
conn_data_handler: unknown message type 69680a0d
conn_data_handler: unknown message type 0d69680a
get_user_data: read on fd 800
System Error: get_user_data: read: 当文件已存在时，无法创建该文件。

conn_data_handler: unknown message type 0a0d6968
conn_data_handler: unknown message type 680a0d69
conn_data_handler: unknown message type 69680a0d
conn_data_handler: unknown message type 0d69680a
conn_data_handler: unknown message type 0a0d6968
conn_data_handler: unknown message type 680a0d69
conn_data_handler: unknown message type 69680a0d
conn_data_handler: unknown message type 0d69680a
conn_data_handler: unknown message type 0a0d6968
conn_data_handler: unknown message type 680a0d69
conn_data_handler: unknown message type 69680a0d
conn_data_handler: unknown message type 0d69680a
conn_data_handler: unknown message type 0a0d6968
conn_data_handler: unknown message type 680a0d69
conn_data_handler: unknown message type 69680a0d
conn_data_handler: unknown message type 0d69680a
conn_data_handler: unknown message type 0a0d6968
conn_data_handler: unknown message type 680a0d69
conn_data_handler: unknown message type 69680a0d
conn_data_handler: unknown message type 0d69680a
conn_data_handler: unknown message type 0a0d6968
conn_data_handler: unknown message type 680a0d69
conn_data_handler: unknown message type 69680a0d
conn_data_handler: unknown message type 0d69680a
get_user_data: read on fd 676
System Error: get_user_data: read: 当文件已存在时，无法创建该文件。

conn_data_handler: unknown message type 0a0d6968
conn_data_handler: unknown message type 680a0d69
conn_data_handler: unknown message type 69680a0d
conn_data_handler: unknown message type 0d69680a
conn_data_handler: unknown message type 0a0d6968
conn_data_handler: unknown message type 680a0d69
conn_data_handler: unknown message type 69680a0d
conn_data_handler: unknown message type 0d69680a
conn_data_handler: unknown message type 0a0d6968
conn_data_handler: unknown message type 680a0d69
conn_data_handler: unknown message type 69680a0d
conn_data_handler: unknown message type 0d69680a
conn_data_handler: unknown message type 0a0d6968
conn_data_handler: unknown message type 680a0d69
conn_data_handler: unknown message type 69680a0d
conn_data_handler: unknown message type 0d69680a
conn_data_handler: unknown message type 0a0d6968
conn_data_handler: unknown message type 680a0d69
conn_data_handler: unknown message type 69680a0d
conn_data_handler: unknown message type 0d69680a

执行时段错误：*Illegal to move or destruct an object defining actions from a verb function which returns zero.

程序：(none) 第 0 行
物件：(none)
this_player: obj/user#111892 ("胖丁")
          <- d/qujing/kusong/yongdao1
+----------------------------------------------------------------------+

conn_data_handler: unknown message type 0a0d6968
conn_data_handler: unknown message type 680a0d69
conn_data_handler: unknown message type 69680a0d
conn_data_handler: unknown message type 0d69680a
conn_data_handler: unknown message type 0a0d6968
conn_data_handler: unknown message type 680a0d69
conn_data_handler: unknown message type 69680a0d
conn_data_handler: unknown message type 0d69680a
get_user_data: read on fd 676
System Error: get_user_data: read: 当文件已存在时，无法创建该文件。

conn_data_handler: unknown message type 0a0d6968
conn_data_handler: unknown message type 680a0d69
conn_data_handler: unknown message type 69680a0d
conn_data_handler: unknown message type 0d69680a

执行时段错误：*Illegal to move or destruct an object defining actions from a verb function which returns zero.

程序：(none) 第 0 行
物件：(none)
this_player: obj/user#9294 ("梦幻西游")
          <- d/gao/bed_yashi
+----------------------------------------------------------------------+

conn_data_handler: unknown message type 0a0d6968
conn_data_handler: unknown message type 680a0d69
conn_data_handler: unknown message type 69680a0d
conn_data_handler: unknown message type 0d69680a
conn_data_handler: unknown message type 0a0d6968
conn_data_handler: unknown message type 680a0d69
conn_data_handler: unknown message type 69680a0d
conn_data_handler: unknown message type 0d69680a
conn_data_handler: unknown message type 0a0d6968
conn_data_handler: unknown message type 680a0d69
conn_data_handler: unknown message type 69680a0d
conn_data_handler: unknown message type 0d69680a
conn_data_handler: unknown message type 0a0d6968
conn_data_handler: unknown message type 680a0d69
conn_data_handler: unknown message type 69680a0d
conn_data_handler: unknown message type 0d69680a
conn_data_handler: unknown message type 0a0d6968
conn_data_handler: unknown message type 680a0d69
conn_data_handler: unknown message type 69680a0d
conn_data_handler: unknown message type 0d69680a
get_user_data: read on fd 764
System Error: get_user_data: read: 当文件已存在时，无法创建该文件。

conn_data_handler: unknown message type 0a0d6968
conn_data_handler: unknown message type 680a0d69
conn_data_handler: unknown message type 69680a0d
conn_data_handler: unknown message type 0d69680a
conn_data_handler: unknown message type 0a0d6968
conn_data_handler: unknown message type 680a0d69
conn_data_handler: unknown message type 69680a0d
conn_data_handler: unknown message type 0d69680a
conn_data_handler: unknown message type 0a0d6968
conn_data_handler: unknown message type 680a0d69
conn_data_handler: unknown message type 69680a0d
conn_data_handler: unknown message type 0d69680a
conn_data_handler: unknown message type 0a0d6968
conn_data_handler: unknown message type 680a0d69
conn_data_handler: unknown message type 69680a0d
conn_data_handler: unknown message type 0d69680a
conn_data_handler: unknown message type 0a0d6968
conn_data_handler: unknown message type 680a0d69
conn_data_handler: unknown message type 69680a0d
conn_data_handler: unknown message type 0d69680a
get_user_data: read on fd 788
System Error: get_user_data: read: 当文件已存在时，无法创建该文件。

Broken connection during add_message.
Broken connection during add_message.
conn_data_handler: unknown message type 0a0d6968
conn_data_handler: unknown message type 680a0d69
conn_data_handler: unknown message type 69680a0d
conn_data_handler: unknown message type 0d69680a

执行时段错误：*Bad argument 1 to call_other()
Expected: string or array or object Got: 0.

程序：daemon/class/moon/moonshentong/qingwang.c 第 99 行
物件：/daemon/class/moon/moonshentong/qingwang
呼叫来自：daemon/class/moon/moonshentong/qingwang.c 的 remove_effect() 第 99 行，物件： daemon/class/moon/moonshentong/qingwang
调用参数：remove_effect(0, 0)
局部变量：
previous_object(0): daemon/class/moon/moonshentong/qingwang
+----------------------------------------------------------------------+

conn_data_handler: unknown message type 0a0d6968
conn_data_handler: unknown message type 680a0d69
conn_data_handler: unknown message type 69680a0d
conn_data_handler: unknown message type 0d69680a
conn_data_handler: unknown message type 0a0d6968
conn_data_handler: unknown message type 680a0d69
conn_data_handler: unknown message type 69680a0d
conn_data_handler: unknown message type 0d69680a
conn_data_handler: unknown message type 0a0d6968
conn_data_handler: unknown message type 680a0d69
conn_data_handler: unknown message type 69680a0d
conn_data_handler: unknown message type 0d69680a
conn_data_handler: unknown message type 0a0d6968
conn_data_handler: unknown message type 680a0d69
conn_data_handler: unknown message type 69680a0d
conn_data_handler: unknown message type 0d69680a
conn_data_handler: unknown message type 0a0d6968
conn_data_handler: unknown message type 680a0d69
conn_data_handler: unknown message type 69680a0d
conn_data_handler: unknown message type 0d69680a
conn_data_handler: unknown message type 0a0d6968
conn_data_handler: unknown message type 680a0d69
conn_data_handler: unknown message type 69680a0d
conn_data_handler: unknown message type 0d69680a
conn_data_handler: unknown message type 0a0d6968
conn_data_handler: unknown message type 680a0d69
conn_data_handler: unknown message type 69680a0d
conn_data_handler: unknown message type 0d69680a
conn_data_handler: unknown message type 0a0d6968
conn_data_handler: unknown message type 680a0d69
conn_data_handler: unknown message type 69680a0d
conn_data_handler: unknown message type 0d69680a
conn_data_handler: unknown message type 0a0d6968
conn_data_handler: unknown message type 680a0d69
conn_data_handler: unknown message type 69680a0d
conn_data_handler: unknown message type 0d69680a
conn_data_handler: unknown message type 0a0d6968
conn_data_handler: unknown message type 680a0d69
conn_data_handler: unknown message type 69680a0d
conn_data_handler: unknown message type 0d69680a
conn_data_handler: unknown message type 0a0d6968
conn_data_handler: unknown message type 680a0d69
conn_data_handler: unknown message type 69680a0d
conn_data_handler: unknown message type 0d69680a
conn_data_handler: unknown message type 0a0d6968
conn_data_handler: unknown message type 680a0d69
conn_data_handler: unknown message type 69680a0d
conn_data_handler: unknown message type 0d69680a
conn_data_handler: unknown message type 0a0d6968
conn_data_handler: unknown message type 680a0d69
conn_data_handler: unknown message type 69680a0d
conn_data_handler: unknown message type 0d69680a
conn_data_handler: unknown message type 0a0d6968
conn_data_handler: unknown message type 680a0d69
conn_data_handler: unknown message type 69680a0d
conn_data_handler: unknown message type 0d69680a
conn_data_handler: unknown message type 0a0d6968
conn_data_handler: unknown message type 680a0d69
conn_data_handler: unknown message type 69680a0d
conn_data_handler: unknown message type 0d69680a
conn_data_handler: unknown message type 0a0d6968
conn_data_handler: unknown message type 680a0d69
conn_data_handler: unknown message type 69680a0d
conn_data_handler: unknown message type 0d69680a
conn_data_handler: unknown message type 0a0d6968
conn_data_handler: unknown message type 680a0d69
conn_data_handler: unknown message type 69680a0d
conn_data_handler: unknown message type 0d69680a
conn_data_handler: unknown message type 0a0d6968
conn_data_handler: unknown message type 680a0d69
conn_data_handler: unknown message type 69680a0d
conn_data_handler: unknown message type 0d69680a
conn_data_handler: unknown message type 0a0d6968
conn_data_handler: unknown message type 680a0d69
conn_data_handler: unknown message type 69680a0d
conn_data_handler: unknown message type 0d69680a
conn_data_handler: unknown message type 0a0d6968
conn_data_handler: unknown message type 680a0d69
conn_data_handler: unknown message type 69680a0d
conn_data_handler: unknown message type 0d69680a
conn_data_handler: unknown message type 0a0d6968
conn_data_handler: unknown message type 680a0d69
conn_data_handler: unknown message type 69680a0d
conn_data_handler: unknown message type 0d69680a
conn_data_handler: unknown message type 0a0d6968
conn_data_handler: unknown message type 680a0d69
conn_data_handler: unknown message type 69680a0d
conn_data_handler: unknown message type 0d69680a
get_user_data: read on fd 452
System Error: get_user_data: read: 当文件已存在时，无法创建该文件。

conn_data_handler: unknown message type 0a0d6968
conn_data_handler: unknown message type 680a0d69
conn_data_handler: unknown message type 69680a0d
conn_data_handler: unknown message type 0d69680a
conn_data_handler: unknown message type 0a0d6968
conn_data_handler: unknown message type 680a0d69
conn_data_handler: unknown message type 69680a0d
conn_data_handler: unknown message type 0d69680a
conn_data_handler: unknown message type 0a0d6968
conn_data_handler: unknown message type 680a0d69
conn_data_handler: unknown message type 69680a0d
conn_data_handler: unknown message type 0d69680a
conn_data_handler: unknown message type 0a0d6968
conn_data_handler: unknown message type 680a0d69
conn_data_handler: unknown message type 69680a0d
conn_data_handler: unknown message type 0d69680a
get_user_data: read on fd 676
System Error: get_user_data: read: 当文件已存在时，无法创建该文件。

conn_data_handler: unknown message type 0a0d6968
conn_data_handler: unknown message type 680a0d69
conn_data_handler: unknown message type 69680a0d
conn_data_handler: unknown message type 0d69680a
conn_data_handler: unknown message type 0a0d6968
conn_data_handler: unknown message type 680a0d69
conn_data_handler: unknown message type 69680a0d
conn_data_handler: unknown message type 0d69680a
conn_data_handler: unknown message type 0a0d6968
conn_data_handler: unknown message type 680a0d69
conn_data_handler: unknown message type 69680a0d
conn_data_handler: unknown message type 0d69680a
get_user_data: read on fd 560
System Error: get_user_data: read: 当文件已存在时，无法创建该文件。

conn_data_handler: unknown message type 0a0d6968
conn_data_handler: unknown message type 680a0d69
conn_data_handler: unknown message type 69680a0d
conn_data_handler: unknown message type 0d69680a
conn_data_handler: unknown message type 0a0d6968
conn_data_handler: unknown message type 680a0d69
conn_data_handler: unknown message type 69680a0d
conn_data_handler: unknown message type 0d69680a
conn_data_handler: unknown message type 0a0d6968
conn_data_handler: unknown message type 680a0d69
conn_data_handler: unknown message type 69680a0d
conn_data_handler: unknown message type 0d69680a
conn_data_handler: unknown message type 0a0d6968
conn_data_handler: unknown message type 680a0d69
conn_data_handler: unknown message type 69680a0d
conn_data_handler: unknown message type 0d69680a
conn_data_handler: unknown message type 0a0d6968
conn_data_handler: unknown message type 680a0d69
conn_data_handler: unknown message type 69680a0d
conn_data_handler: unknown message type 0d69680a
conn_data_handler: unknown message type 0a0d6968
conn_data_handler: unknown message type 680a0d69
conn_data_handler: unknown message type 69680a0d
conn_data_handler: unknown message type 0d69680a
conn_data_handler: unknown message type 0a0d6968
conn_data_handler: unknown message type 680a0d69
conn_data_handler: unknown message type 69680a0d
conn_data_handler: unknown message type 0d69680a
conn_data_handler: unknown message type 0a0d6968
conn_data_handler: unknown message type 680a0d69
conn_data_handler: unknown message type 69680a0d
conn_data_handler: unknown message type 0d69680a
conn_data_handler: unknown message type 0a0d6968
conn_data_handler: unknown message type 680a0d69
conn_data_handler: unknown message type 69680a0d
conn_data_handler: unknown message type 0d69680a
conn_data_handler: unknown message type 0a0d6968
conn_data_handler: unknown message type 680a0d69
conn_data_handler: unknown message type 69680a0d
conn_data_handler: unknown message type 0d69680a
conn_data_handler: unknown message type 0a0d6968
conn_data_handler: unknown message type 680a0d69
conn_data_handler: unknown message type 69680a0d
conn_data_handler: unknown message type 0d69680a
][37m〖系统〗有一天(Dianel)：断线了。
[2;37;0mconn_data_handler: unknown message type 0a0d6968
conn_data_handler: unknown message type 680a0d69
conn_data_handler: unknown message type 69680a0d
conn_data_handler: unknown message type 0d69680a
conn_data_handler: unknown message type 0a0d6968
conn_data_handler: unknown message type 680a0d69
conn_data_handler: unknown message type 69680a0d
conn_data_handler: unknown message type 0d69680a
conn_data_handler: unknown message type 0a0d6968
conn_data_handler: unknown message type 680a0d69
conn_data_handler: unknown message type 69680a0d
conn_data_handler: unknown message type 0d69680a
conn_data_handler: unknown message type 0a0d6968
conn_data_handler: unknown message type 680a0d69
conn_data_handler: unknown message type 69680a0d
conn_data_handler: unknown message type 0d69680a
conn_data_handler: unknown message type 0a0d6968
conn_data_handler: unknown message type 680a0d69
conn_data_handler: unknown message type 69680a0d
conn_data_handler: unknown message type 0d69680a
conn_data_handler: unknown message type 0a0d6968
conn_data_handler: unknown message type 680a0d69
conn_data_handler: unknown message type 69680a0d
conn_data_handler: unknown message type 0d69680a
conn_data_handler: unknown message type 0a0d6968
conn_data_handler: unknown message type 680a0d69
conn_data_handler: unknown message type 69680a0d
conn_data_handler: unknown message type 0d69680a
conn_data_handler: unknown message type 0a0d6968
conn_data_handler: unknown message type 680a0d69
conn_data_handler: unknown message type 69680a0d
conn_data_handler: unknown message type 0d69680a
conn_data_handler: unknown message type 0a0d6968
conn_data_handler: unknown message type 680a0d69
conn_data_handler: unknown message type 69680a0d
conn_data_handler: unknown message type 0d69680a
conn_data_handler: unknown message type 0a0d6968
conn_data_handler: unknown message type 680a0d69
conn_data_handler: unknown message type 69680a0d
conn_data_handler: unknown message type 0d69680a
conn_data_handler: unknown message type 0a0d6968
conn_data_handler: unknown message type 680a0d69
conn_data_handler: unknown message type 69680a0d
conn_data_handler: unknown message type 0d69680a
conn_data_handler: unknown message type 0a0d6968
conn_data_handler: unknown message type 680a0d69
conn_data_handler: unknown message type 69680a0d
conn_data_handler: unknown message type 0d69680a
conn_data_handler: unknown message type 0a0d6968
conn_data_handler: unknown message type 680a0d69
conn_data_handler: unknown message type 69680a0d
conn_data_handler: unknown message type 0d69680a
conn_data_handler: unknown message type 0a0d6968
conn_data_handler: unknown message type 680a0d69
conn_data_handler: unknown message type 69680a0d
conn_data_handler: unknown message type 0d69680a
conn_data_handler: unknown message type 0a0d6968
conn_data_handler: unknown message type 680a0d69
conn_data_handler: unknown message type 69680a0d
conn_data_handler: unknown message type 0d69680a
conn_data_handler: unknown message type 0a0d6968
conn_data_handler: unknown message type 680a0d69
conn_data_handler: unknown message type 69680a0d
conn_data_handler: unknown message type 0d69680a
conn_data_handler: unknown message type 0a0d6968
conn_data_handler: unknown message type 680a0d69
conn_data_handler: unknown message type 69680a0d
conn_data_handler: unknown message type 0d69680a
conn_data_handler: unknown message type 0a0d6968
conn_data_handler: unknown message type 680a0d69
conn_data_handler: unknown message type 69680a0d
conn_data_handler: unknown message type 0d69680a
conn_data_handler: unknown message type 0a0d6968
conn_data_handler: unknown message type 680a0d69
conn_data_handler: unknown message type 69680a0d
conn_data_handler: unknown message type 0d69680a
get_user_data: read on fd 524
System Error: get_user_data: read: 当文件已存在时，无法创建该文件。

get_user_data: read on fd 596
System Error: get_user_data: read: 当文件已存在时，无法创建该文件。

conn_data_handler: unknown message type 0a0d6968
conn_data_handler: unknown message type 680a0d69
conn_data_handler: unknown message type 69680a0d
conn_data_handler: unknown message type 0d69680a
conn_data_handler: unknown message type 0a0d6968
conn_data_handler: unknown message type 680a0d69
conn_data_handler: unknown message type 69680a0d
conn_data_handler: unknown message type 0d69680a
conn_data_handler: unknown message type 0a0d6968
conn_data_handler: unknown message type 680a0d69
conn_data_handler: unknown message type 69680a0d
conn_data_handler: unknown message type 0d69680a
conn_data_handler: unknown message type 0a0d6968
conn_data_handler: unknown message type 680a0d69
conn_data_handler: unknown message type 69680a0d
conn_data_handler: unknown message type 0d69680a
conn_data_handler: unknown message type 0a0d6968
conn_data_handler: unknown message type 680a0d69
conn_data_handler: unknown message type 69680a0d
conn_data_handler: unknown message type 0d69680a
conn_data_handler: unknown message type 0a0d6968
conn_data_handler: unknown message type 680a0d69
conn_data_handler: unknown message type 69680a0d
conn_data_handler: unknown message type 0d69680a
conn_data_handler: unknown message type 0a0d6968
conn_data_handler: unknown message type 680a0d69
conn_data_handler: unknown message type 69680a0d
conn_data_handler: unknown message type 0d69680a
conn_data_handler: unknown message type 0a0d6968
conn_data_handler: unknown message type 680a0d69
conn_data_handler: unknown message type 69680a0d
conn_data_handler: unknown message type 0d69680a
conn_data_handler: unknown message type 0a0d6968
conn_data_handler: unknown message type 680a0d69
conn_data_handler: unknown message type 69680a0d
conn_data_handler: unknown message type 0d69680a
conn_data_handler: unknown message type 0a0d6968
conn_data_handler: unknown message type 680a0d69
conn_data_handler: unknown message type 69680a0d
conn_data_handler: unknown message type 0d69680a
conn_data_handler: unknown message type 0a0d6968
conn_data_handler: unknown message type 680a0d69
conn_data_handler: unknown message type 69680a0d
conn_data_handler: unknown message type 0d69680a
conn_data_handler: unknown message type 0a0d6968
conn_data_handler: unknown message type 680a0d69
conn_data_handler: unknown message type 69680a0d
conn_data_handler: unknown message type 0d69680a
conn_data_handler: unknown message type 0a0d6968
conn_data_handler: unknown message type 680a0d69
conn_data_handler: unknown message type 69680a0d
conn_data_handler: unknown message type 0d69680a
conn_data_handler: unknown message type 0a0d6968
conn_data_handler: unknown message type 680a0d69
conn_data_handler: unknown message type 69680a0d
conn_data_handler: unknown message type 0d69680a
conn_data_handler: unknown message type 0a0d6968
conn_data_handler: unknown message type 680a0d69
conn_data_handler: unknown message type 69680a0d
conn_data_handler: unknown message type 0d69680a
conn_data_handler: unknown message type 0a0d6968
conn_data_handler: unknown message type 680a0d69
conn_data_handler: unknown message type 69680a0d
conn_data_handler: unknown message type 0d69680a
conn_data_handler: unknown message type 0a0d6968
conn_data_handler: unknown message type 680a0d69
conn_data_handler: unknown message type 69680a0d
conn_data_handler: unknown message type 0d69680a
conn_data_handler: unknown message type 0a0d6968
conn_data_handler: unknown message type 680a0d69
conn_data_handler: unknown message type 69680a0d
conn_data_handler: unknown message type 0d69680a
conn_data_handler: unknown message type 0a0d6968
conn_data_handler: unknown message type 680a0d69
conn_data_handler: unknown message type 69680a0d
conn_data_handler: unknown message type 0d69680a
conn_data_handler: unknown message type 0a0d6968
conn_data_handler: unknown message type 680a0d69
conn_data_handler: unknown message type 69680a0d
conn_data_handler: unknown message type 0d69680a
conn_data_handler: unknown message type 0a0d6968
conn_data_handler: unknown message type 680a0d69
conn_data_handler: unknown message type 69680a0d
conn_data_handler: unknown message type 0d69680a
conn_data_handler: unknown message type 0a0d6968
conn_data_handler: unknown message type 680a0d69
conn_data_handler: unknown message type 69680a0d
conn_data_handler: unknown message type 0d69680a
conn_data_handler: unknown message type 0a0d6968
conn_data_handler: unknown message type 680a0d69
conn_data_handler: unknown message type 69680a0d
conn_data_handler: unknown message type 0d69680a
conn_data_handler: unknown message type 0a0d6968
conn_data_handler: unknown message type 680a0d69
conn_data_handler: unknown message type 69680a0d
conn_data_handler: unknown message type 0d69680a
conn_data_handler: unknown message type 0a0d6968
conn_data_handler: unknown message type 680a0d69
conn_data_handler: unknown message type 69680a0d
conn_data_handler: unknown message type 0d69680a
conn_data_handler: unknown message type 0a0d6968
conn_data_handler: unknown message type 680a0d69
conn_data_handler: unknown message type 69680a0d
conn_data_handler: unknown message type 0d69680a
get_user_data: read on fd 680
System Error: get_user_data: read: 当文件已存在时，无法创建该文件。

conn_data_handler: unknown message type 0a0d6968
conn_data_handler: unknown message type 680a0d69
conn_data_handler: unknown message type 69680a0d
conn_data_handler: unknown message type 0d69680a
conn_data_handler: unknown message type 0a0d6968
conn_data_handler: unknown message type 680a0d69
conn_data_handler: unknown message type 69680a0d
conn_data_handler: unknown message type 0d69680a
conn_data_handler: unknown message type 0a0d6968
conn_data_handler: unknown message type 680a0d69
conn_data_handler: unknown message type 69680a0d
conn_data_handler: unknown message type 0d69680a
conn_data_handler: unknown message type 0a0d6968
conn_data_handler: unknown message type 680a0d69
conn_data_handler: unknown message type 69680a0d
conn_data_handler: unknown message type 0d69680a
conn_data_handler: unknown message type 0a0d6968
conn_data_handler: unknown message type 680a0d69
conn_data_handler: unknown message type 69680a0d
conn_data_handler: unknown message type 0d69680a
conn_data_handler: unknown message type 0a0d6968
conn_data_handler: unknown message type 680a0d69
conn_data_handler: unknown message type 69680a0d
conn_data_handler: unknown message type 0d69680a
conn_data_handler: unknown message type 0a0d6968
conn_data_handler: unknown message type 680a0d69
conn_data_handler: unknown message type 69680a0d
conn_data_handler: unknown message type 0d69680a
conn_data_handler: unknown message type 0a0d6968
conn_data_handler: unknown message type 680a0d69
conn_data_handler: unknown message type 69680a0d
conn_data_handler: unknown message type 0d69680a
conn_data_handler: unknown message type 0a0d6968
conn_data_handler: unknown message type 680a0d69
conn_data_handler: unknown message type 69680a0d
conn_data_handler: unknown message type 0d69680a
conn_data_handler: unknown message type 0a0d6968
conn_data_handler: unknown message type 680a0d69
conn_data_handler: unknown message type 69680a0d
conn_data_handler: unknown message type 0d69680a
conn_data_handler: unknown message type 0a0d6968
conn_data_handler: unknown message type 680a0d69
conn_data_handler: unknown message type 69680a0d
conn_data_handler: unknown message type 0d69680a
conn_data_handler: unknown message type 0a0d6968
conn_data_handler: unknown message type 680a0d69
conn_data_handler: unknown message type 69680a0d
conn_data_handler: unknown message type 0d69680a
conn_data_handler: unknown message type 0a0d6968
conn_data_handler: unknown message type 680a0d69
conn_data_handler: unknown message type 69680a0d
conn_data_handler: unknown message type 0d69680a
conn_data_handler: unknown message type 0a0d6968
conn_data_handler: unknown message type 680a0d69
conn_data_handler: unknown message type 69680a0d
conn_data_handler: unknown message type 0d69680a
conn_data_handler: unknown message type 0a0d6968
conn_data_handler: unknown message type 680a0d69
conn_data_handler: unknown message type 69680a0d
conn_data_handler: unknown message type 0d69680a
conn_data_handler: unknown message type 0a0d6968
conn_data_handler: unknown message type 680a0d69
conn_data_handler: unknown message type 69680a0d
conn_data_handler: unknown message type 0d69680a
conn_data_handler: unknown message type 0a0d6968
conn_data_handler: unknown message type 680a0d69
conn_data_handler: unknown message type 69680a0d
conn_data_handler: unknown message type 0d69680a
conn_data_handler: unknown message type 0a0d6968
conn_data_handler: unknown message type 680a0d69
conn_data_handler: unknown message type 69680a0d
conn_data_handler: unknown message type 0d69680a
conn_data_handler: unknown message type 0a0d6968
conn_data_handler: unknown message type 680a0d69
conn_data_handler: unknown message type 69680a0d
conn_data_handler: unknown message type 0d69680a
conn_data_handler: unknown message type 0a0d6968
conn_data_handler: unknown message type 680a0d69
conn_data_handler: unknown message type 69680a0d
conn_data_handler: unknown message type 0d69680a
conn_data_handler: unknown message type 0a0d6968
conn_data_handler: unknown message type 680a0d69
conn_data_handler: unknown message type 69680a0d
conn_data_handler: unknown message type 0d69680a
conn_data_handler: unknown message type 0a0d6968
conn_data_handler: unknown message type 680a0d69
conn_data_handler: unknown message type 69680a0d
conn_data_handler: unknown message type 0d69680a
conn_data_handler: unknown message type 0a0d6968
conn_data_handler: unknown message type 680a0d69
conn_data_handler: unknown message type 69680a0d
conn_data_handler: unknown message type 0d69680a
conn_data_handler: unknown message type 0a0d6968
conn_data_handler: unknown message type 680a0d69
conn_data_handler: unknown message type 69680a0d
conn_data_handler: unknown message type 0d69680a
conn_data_handler: unknown message type 0a0d6968
conn_data_handler: unknown message type 680a0d69
conn_data_handler: unknown message type 69680a0d
conn_data_handler: unknown message type 0d69680a
conn_data_handler: unknown message type 0a0d6968
conn_data_handler: unknown message type 680a0d69
conn_data_handler: unknown message type 69680a0d
conn_data_handler: unknown message type 0d69680a
conn_data_handler: unknown message type 0a0d6968
conn_data_handler: unknown message type 680a0d69
conn_data_handler: unknown message type 69680a0d
conn_data_handler: unknown message type 0d69680a
conn_data_handler: unknown message type 0a0d6968
conn_data_handler: unknown message type 680a0d69
conn_data_handler: unknown message type 69680a0d
conn_data_handler: unknown message type 0d69680a
conn_data_handler: unknown message type 0a0d6968
conn_data_handler: unknown message type 680a0d69
conn_data_handler: unknown message type 69680a0d
conn_data_handler: unknown message type 0d69680a
conn_data_handler: unknown message type 0a0d6968
conn_data_handler: unknown message type 680a0d69
conn_data_handler: unknown message type 69680a0d
conn_data_handler: unknown message type 0d69680a
conn_data_handler: unknown message type 0a0d6968
conn_data_handler: unknown message type 680a0d69
conn_data_handler: unknown message type 69680a0d
conn_data_handler: unknown message type 0d69680a
conn_data_handler: unknown message type 0a0d6968
conn_data_handler: unknown message type 680a0d69
conn_data_handler: unknown message type 69680a0d
conn_data_handler: unknown message type 0d69680a
conn_data_handler: unknown message type 0a0d6968
conn_data_handler: unknown message type 680a0d69
conn_data_handler: unknown message type 69680a0d
conn_data_handler: unknown message type 0d69680a
conn_data_handler: unknown message type 0a0d6968
conn_data_handler: unknown message type 680a0d69
conn_data_handler: unknown message type 69680a0d
conn_data_handler: unknown message type 0d69680a
conn_data_handler: unknown message type 0a0d6968
conn_data_handler: unknown message type 680a0d69
conn_data_handler: unknown message type 69680a0d
conn_data_handler: unknown message type 0d69680a
conn_data_handler: unknown message type 0a0d6968
conn_data_handler: unknown message type 680a0d69
conn_data_handler: unknown message type 69680a0d
conn_data_handler: unknown message type 0d69680a
conn_data_handler: unknown message type 0a0d6968
conn_data_handler: unknown message type 680a0d69
conn_data_handler: unknown message type 69680a0d
conn_data_handler: unknown message type 0d69680a
conn_data_handler: unknown message type 0a0d6968
conn_data_handler: unknown message type 680a0d69
conn_data_handler: unknown message type 69680a0d
conn_data_handler: unknown message type 0d69680a
conn_data_handler: unknown message type 0a0d6968
conn_data_handler: unknown message type 680a0d69
conn_data_handler: unknown message type 69680a0d
conn_data_handler: unknown message type 0d69680a
get_user_data: read on fd 828
System Error: get_user_data: read: 当文件已存在时，无法创建该文件。

conn_data_handler: unknown message type 0a0d6968
conn_data_handler: unknown message type 680a0d69
conn_data_handler: unknown message type 69680a0d
conn_data_handler: unknown message type 0d69680a
conn_data_handler: unknown message type 0a0d6968
conn_data_handler: unknown message type 680a0d69
conn_data_handler: unknown message type 69680a0d
conn_data_handler: unknown message type 0d69680a
conn_data_handler: unknown message type 0a0d6968
conn_data_handler: unknown message type 680a0d69
conn_data_handler: unknown message type 69680a0d
conn_data_handler: unknown message type 0d69680a
conn_data_handler: unknown message type 0a0d6968
conn_data_handler: unknown message type 680a0d69
conn_data_handler: unknown message type 69680a0d
conn_data_handler: unknown message type 0d69680a
conn_data_handler: unknown message type 0a0d6968
conn_data_handler: unknown message type 680a0d69
conn_data_handler: unknown message type 69680a0d
conn_data_handler: unknown message type 0d69680a
conn_data_handler: unknown message type 0a0d6968
conn_data_handler: unknown message type 680a0d69
conn_data_handler: unknown message type 69680a0d
conn_data_handler: unknown message type 0d69680a
conn_data_handler: unknown message type 0a0d6968
conn_data_handler: unknown message type 680a0d69
conn_data_handler: unknown message type 69680a0d
conn_data_handler: unknown message type 0d69680a
conn_data_handler: unknown message type 0a0d6968
conn_data_handler: unknown message type 680a0d69
conn_data_handler: unknown message type 69680a0d
conn_data_handler: unknown message type 0d69680a
conn_data_handler: unknown message type 0a0d6968
conn_data_handler: unknown message type 680a0d69
conn_data_handler: unknown message type 69680a0d
conn_data_handler: unknown message type 0d69680a
conn_data_handler: unknown message type 0a0d6968
conn_data_handler: unknown message type 680a0d69
conn_data_handler: unknown message type 69680a0d
conn_data_handler: unknown message type 0d69680a
conn_data_handler: unknown message type 0a0d6968
conn_data_handler: unknown message type 680a0d69
conn_data_handler: unknown message type 69680a0d
conn_data_handler: unknown message type 0d69680a
conn_data_handler: unknown message type 0a0d6968
conn_data_handler: unknown message type 680a0d69
conn_data_handler: unknown message type 69680a0d
conn_data_handler: unknown message type 0d69680a
conn_data_handler: unknown message type 0a0d6968
conn_data_handler: unknown message type 680a0d69
conn_data_handler: unknown message type 69680a0d
conn_data_handler: unknown message type 0d69680a
get_user_data: read on fd 800
System Error: get_user_data: read: 当文件已存在时，无法创建该文件。

get_user_data: read on fd 704
System Error: get_user_data: read: 当文件已存在时，无法创建该文件。

conn_data_handler: unknown message type 0a0d6968
conn_data_handler: unknown message type 680a0d69
conn_data_handler: unknown message type 69680a0d
conn_data_handler: unknown message type 0d69680a
conn_data_handler: unknown message type 0a0d6968
conn_data_handler: unknown message type 680a0d69
conn_data_handler: unknown message type 69680a0d
conn_data_handler: unknown message type 0d69680a
conn_data_handler: unknown message type 0a0d6968
conn_data_handler: unknown message type 680a0d69
conn_data_handler: unknown message type 69680a0d
conn_data_handler: unknown message type 0d69680a
conn_data_handler: unknown message type 0a0d6968
conn_data_handler: unknown message type 680a0d69
conn_data_handler: unknown message type 69680a0d
conn_data_handler: unknown message type 0d69680a
conn_data_handler: unknown message type 0a0d6968
conn_data_handler: unknown message type 680a0d69
conn_data_handler: unknown message type 69680a0d
conn_data_handler: unknown message type 0d69680a
get_user_data: read on fd 796
System Error: get_user_data: read: 当文件已存在时，无法创建该文件。

conn_data_handler: unknown message type 0a0d6968
conn_data_handler: unknown message type 680a0d69
conn_data_handler: unknown message type 69680a0d
conn_data_handler: unknown message type 0d69680a
conn_data_handler: unknown message type 0a0d6968
conn_data_handler: unknown message type 680a0d69
conn_data_handler: unknown message type 69680a0d
conn_data_handler: unknown message type 0d69680a
conn_data_handler: unknown message type 0a0d6968
conn_data_handler: unknown message type 680a0d69
conn_data_handler: unknown message type 69680a0d
conn_data_handler: unknown message type 0d69680a
conn_data_handler: unknown message type 0a0d6968
conn_data_handler: unknown message type 680a0d69
conn_data_handler: unknown message type 69680a0d
conn_data_handler: unknown message type 0d69680a
conn_data_handler: unknown message type 0a0d6968
conn_data_handler: unknown message type 680a0d69
conn_data_handler: unknown message type 69680a0d
conn_data_handler: unknown message type 0d69680a
conn_data_handler: unknown message type 0a0d6968
conn_data_handler: unknown message type 680a0d69
conn_data_handler: unknown message type 69680a0d
conn_data_handler: unknown message type 0d69680a
conn_data_handler: unknown message type 0a0d6968
conn_data_handler: unknown message type 680a0d69
conn_data_handler: unknown message type 69680a0d
conn_data_handler: unknown message type 0d69680a
conn_data_handler: unknown message type 0a0d6968
conn_data_handler: unknown message type 680a0d69
conn_data_handler: unknown message type 69680a0d
conn_data_handler: unknown message type 0d69680a
conn_data_handler: unknown message type 0a0d6968
conn_data_handler: unknown message type 680a0d69
conn_data_handler: unknown message type 69680a0d
conn_data_handler: unknown message type 0d69680a
conn_data_handler: unknown message type 0a0d6968
conn_data_handler: unknown message type 680a0d69
conn_data_handler: unknown message type 69680a0d
conn_data_handler: unknown message type 0d69680a
conn_data_handler: unknown message type 0a0d6968
conn_data_handler: unknown message type 680a0d69
conn_data_handler: unknown message type 69680a0d
conn_data_handler: unknown message type 0d69680a
conn_data_handler: unknown message type 0a0d6968
conn_data_handler: unknown message type 680a0d69
conn_data_handler: unknown message type 69680a0d
conn_data_handler: unknown message type 0d69680a
get_user_data: read on fd 832
System Error: get_user_data: read: 当文件已存在时，无法创建该文件。

conn_data_handler: unknown message type 0a0d6968
conn_data_handler: unknown message type 680a0d69
conn_data_handler: unknown message type 69680a0d
conn_data_handler: unknown message type 0d69680a
conn_data_handler: unknown message type 0a0d6968
conn_data_handler: unknown message type 680a0d69
conn_data_handler: unknown message type 69680a0d
conn_data_handler: unknown message type 0d69680a
conn_data_handler: unknown message type 0a0d6968
conn_data_handler: unknown message type 680a0d69
conn_data_handler: unknown message type 69680a0d
conn_data_handler: unknown message type 0d69680a
conn_data_handler: unknown message type 0a0d6968
conn_data_handler: unknown message type 680a0d69
conn_data_handler: unknown message type 69680a0d
conn_data_handler: unknown message type 0d69680a
conn_data_handler: unknown message type 0a0d6968
conn_data_handler: unknown message type 680a0d69
conn_data_handler: unknown message type 69680a0d
conn_data_handler: unknown message type 0d69680a
conn_data_handler: unknown message type 0a0d6968
conn_data_handler: unknown message type 680a0d69
conn_data_handler: unknown message type 69680a0d
conn_data_handler: unknown message type 0d69680a
conn_data_handler: unknown message type 0a0d6968
conn_data_handler: unknown message type 680a0d69
conn_data_handler: unknown message type 69680a0d
conn_data_handler: unknown message type 0d69680a
conn_data_handler: unknown message type 0a0d6968
conn_data_handler: unknown message type 680a0d69
conn_data_handler: unknown message type 69680a0d
conn_data_handler: unknown message type 0d69680a
conn_data_handler: unknown message type 0a0d6968
conn_data_handler: unknown message type 680a0d69
conn_data_handler: unknown message type 69680a0d
conn_data_handler: unknown message type 0d69680a
conn_data_handler: unknown message type 0a0d6968
conn_data_handler: unknown message type 680a0d69
conn_data_handler: unknown message type 69680a0d
conn_data_handler: unknown message type 0d69680a
conn_data_handler: unknown message type 0a0d6968
conn_data_handler: unknown message type 680a0d69
conn_data_handler: unknown message type 69680a0d
conn_data_handler: unknown message type 0d69680a
conn_data_handler: unknown message type 0a0d6968
conn_data_handler: unknown message type 680a0d69
conn_data_handler: unknown message type 69680a0d
conn_data_handler: unknown message type 0d69680a
get_user_data: read on fd 476
System Error: get_user_data: read: 当文件已存在时，无法创建该文件。

get_user_data: read on fd 620
System Error: get_user_data: read: 当文件已存在时，无法创建该文件。

get_user_data: read on fd 488
System Error: get_user_data: read: 当文件已存在时，无法创建该文件。


<---仙侣情缘: MudOs v22pre11 (by wwj,Jan  1 1999) startup on Microsoft Windows NT at Thu Oct 12 22:14:41 2006

using config file: E:\复件 xlqy_new\config.xiyou
Can't find "mudos", ignoring old binaries.
Try invoking the driver using the full pathname.
System Error: init_addr_server: gethostbyname: 请求的名称有效并且在数据库中找到，但是它没有相关的正确的数据来被解析。

]simul_efun loaded successfully.

Loading preloaded files ...
Initializations complete.

Accepting connections on port 7777.
Initializing internal tables....
