
<---武道大世界: MudOs v22pre11 (by wwj,Jan  1 1999) startup on Microsoft Windows NT at Sat Jan 12 19:26:44 2019

using config file: C:\hell\config.hell
Can't find "mudos", ignoring old binaries.
Try invoking the driver using the full pathname.
System Error: init_addr_server: connect: 由于目标计算机积极拒绝，无法连接。

]simul_efun loaded successfully.

Loading preloaded files ...
Initializations complete.

Accepting connections on port 3000.
get_user_data: read on fd 580
System Error: get_user_data: read: 当文件已存在时，无法创建该文件。


执行时段错误：*Bad argument 1 to environment()
Expected: object Got: 0.

程式：inherit/char/boss.c 第 37 行
物件：0
呼叫来自：inherit/char/char.c 的 heart_beat() 第 94 行，物件： 0
呼叫来自：quest/tulong/npc/dragon.c 的 unconcious() 第 178 行，物件： 0
呼叫来自：quest/tulong/npc/dragon.c 的 die() 第 164 行，物件： 0
呼叫来自：inherit/char/boss.c 的 die() 第 37 行，物件： 0
Heart beat in quest/tulong/npc/dragon#1525 turned off.

执行时段错误：*Value being indexed is zero.

程式：clone/quest/search.c 第 91 行
物件：/clone/quest/search#1806
呼叫来自：adm/daemons/quest/search.c 的 heart_beat() 第 66 行，物件： adm/daemons/quest/search
呼叫来自：adm/daemons/quest/search.c 的 start_quest() 第 53 行，物件： adm/daemons/quest/search
呼叫来自：clone/quest/search.c 的 init_quest() 第 91 行，物件： clone/quest/search#1806 ("围攻0")
Heart beat in adm/daemons/quest/search turned off.

执行时段错误：*Bad argument 1 to call_other()
Expected: string or array or object Got: 0.

程式：inherit/room/room.c 第 25 行
物件：/data/room/hubert/qianting
呼叫来自：inherit/char/char.c 的 heart_beat() 第 133 行，物件： clone/npc/walker#271 ("羊同昌")
呼叫来自：inherit/char/npc.c 的 scan() 第 299 行，物件： clone/npc/walker#271 ("羊同昌")
呼叫来自：inherit/char/npc.c 的 chat() 第 377 行，物件： clone/npc/walker#271 ("羊同昌")
呼叫来自：<function> 的 <function>() 第 0 行，物件： clone/npc/walker#271 ("羊同昌")
呼叫来自：clone/npc/walker.c 的 do_walk() 第 83 行，物件： clone/npc/walker#271 ("羊同昌")
呼叫来自：inherit/char/npc.c 的 random_move() 第 393 行，物件： clone/npc/walker#271 ("羊同昌")
呼叫来自：feature/command.c 的 command_hook() 第 77 行，物件： clone/npc/walker#271 ("羊同昌")
呼叫来自：cmds/std/go.c 的 main() 第 200 行，物件： cmds/std/go
呼叫来自：data/room/hubert/qianting.c 的 create() 第 28 行，物件： data/room/hubert/qianting
呼叫来自：inherit/room/privateroom.c 的 setup() 第 74 行，物件： data/room/hubert/qianting
呼叫来自：inherit/room/room.c 的 setup() 第 252 行，物件： data/room/hubert/qianting
呼叫来自：inherit/room/room.c 的 reset() 第 86 行，物件： data/room/hubert/qianting
呼叫来自：inherit/room/room.c 的 make_inventory() 第 25 行，物件： data/room/hubert/qianting
Heart beat in clone/npc/walker#271 turned off.

执行时段错误：*call_other() couldn't find object

程式：adm/daemons/npcd.c 第 421 行
物件：/adm/daemons/npcd
呼叫来自：inherit/char/char.c 的 heart_beat() 第 133 行，物件： clone/npc/walker#1034 ("黄彪")
呼叫来自：inherit/char/npc.c 的 scan() 第 299 行，物件： clone/npc/walker#1034 ("黄彪")
呼叫来自：inherit/char/npc.c 的 chat() 第 377 行，物件： clone/npc/walker#1034 ("黄彪")
呼叫来自：<function> 的 <function>() 第 0 行，物件： clone/npc/walker#1034 ("黄彪")
呼叫来自：clone/npc/walker.c 的 <function>() 第 27 行，物件： clone/npc/walker#1034 ("黄彪")
呼叫来自：adm/daemons/npcd.c 的 random_move() 第 421 行，物件： adm/daemons/npcd
Heart beat in clone/npc/walker#1034 turned off.

执行时段错误：*Bad argument 1 to call_other()
Expected: string or array or object Got: 0.

程式：inherit/room/room.c 第 25 行
物件：/d/luoyang/shuoshu
呼叫来自：inherit/char/char.c 的 heart_beat() 第 133 行，物件： clone/npc/walker#2928 ("公治敖")
呼叫来自：inherit/char/npc.c 的 scan() 第 299 行，物件： clone/npc/walker#2928 ("公治敖")
呼叫来自：inherit/char/npc.c 的 chat() 第 377 行，物件： clone/npc/walker#2928 ("公治敖")
呼叫来自：<function> 的 <function>() 第 0 行，物件： clone/npc/walker#2928 ("公治敖")
呼叫来自：clone/npc/walker.c 的 do_walk() 第 83 行，物件： clone/npc/walker#2928 ("公治敖")
呼叫来自：inherit/char/npc.c 的 random_move() 第 393 行，物件： clone/npc/walker#2928 ("公治敖")
呼叫来自：feature/command.c 的 command_hook() 第 77 行，物件： clone/npc/walker#2928 ("公治敖")
呼叫来自：cmds/std/go.c 的 main() 第 200 行，物件： cmds/std/go
呼叫来自：d/luoyang/shuoshu.c 的 create() 第 24 行，物件： d/luoyang/shuoshu
呼叫来自：inherit/room/room.c 的 setup() 第 252 行，物件： d/luoyang/shuoshu
呼叫来自：inherit/room/room.c 的 reset() 第 86 行，物件： d/luoyang/shuoshu
呼叫来自：inherit/room/room.c 的 make_inventory() 第 25 行，物件： d/luoyang/shuoshu
Heart beat in clone/npc/walker#2928 turned off.

执行时段错误：*Bad argument 1 to call_other()
Expected: string or array or object Got: 0.

程式：inherit/room/room.c 第 25 行
物件：/data/room/pxdaye/qianting
呼叫来自：inherit/char/char.c 的 heart_beat() 第 133 行，物件： clone/npc/walker#4129 ("淳于昌盎")
呼叫来自：inherit/char/npc.c 的 scan() 第 299 行，物件： clone/npc/walker#4129 ("淳于昌盎")
呼叫来自：inherit/char/npc.c 的 chat() 第 377 行，物件： clone/npc/walker#4129 ("淳于昌盎")
呼叫来自：<function> 的 <function>() 第 0 行，物件： clone/npc/walker#4129 ("淳于昌盎")
呼叫来自：clone/npc/walker.c 的 do_walk() 第 83 行，物件： clone/npc/walker#4129 ("淳于昌盎")
呼叫来自：inherit/char/npc.c 的 random_move() 第 393 行，物件： clone/npc/walker#4129 ("淳于昌盎")
呼叫来自：feature/command.c 的 command_hook() 第 77 行，物件： clone/npc/walker#4129 ("淳于昌盎")
呼叫来自：cmds/std/go.c 的 main() 第 200 行，物件： cmds/std/go
呼叫来自：data/room/pxdaye/qianting.c 的 create() 第 28 行，物件： data/room/pxdaye/qianting
呼叫来自：inherit/room/privateroom.c 的 setup() 第 74 行，物件： data/room/pxdaye/qianting
呼叫来自：inherit/room/room.c 的 setup() 第 252 行，物件： data/room/pxdaye/qianting
呼叫来自：inherit/room/room.c 的 reset() 第 86 行，物件： data/room/pxdaye/qianting
呼叫来自：inherit/room/room.c 的 make_inventory() 第 25 行，物件： data/room/pxdaye/qianting
Heart beat in clone/npc/walker#4129 turned off.

执行时段错误：*Bad argument 1 to call_other()
Expected: string or array or object Got: 0.

程式：inherit/room/room.c 第 25 行
物件：/data/room/pxhaha/qianting
呼叫来自：inherit/char/char.c 的 heart_beat() 第 133 行，物件： clone/npc/walker#1973 ("夏侯曹天")
呼叫来自：inherit/char/npc.c 的 scan() 第 299 行，物件： clone/npc/walker#1973 ("夏侯曹天")
呼叫来自：inherit/char/npc.c 的 chat() 第 377 行，物件： clone/npc/walker#1973 ("夏侯曹天")
呼叫来自：<function> 的 <function>() 第 0 行，物件： clone/npc/walker#1973 ("夏侯曹天")
呼叫来自：clone/npc/walker.c 的 do_walk() 第 83 行，物件： clone/npc/walker#1973 ("夏侯曹天")
呼叫来自：inherit/char/npc.c 的 random_move() 第 393 行，物件： clone/npc/walker#1973 ("夏侯曹天")
呼叫来自：feature/command.c 的 command_hook() 第 77 行，物件： clone/npc/walker#1973 ("夏侯曹天")
呼叫来自：cmds/std/go.c 的 main() 第 200 行，物件： cmds/std/go
呼叫来自：data/room/pxhaha/qianting.c 的 create() 第 28 行，物件： data/room/pxhaha/qianting
呼叫来自：inherit/room/privateroom.c 的 setup() 第 74 行，物件： data/room/pxhaha/qianting
呼叫来自：inherit/room/room.c 的 setup() 第 252 行，物件： data/room/pxhaha/qianting
呼叫来自：inherit/room/room.c 的 reset() 第 86 行，物件： data/room/pxhaha/qianting
呼叫来自：inherit/room/room.c 的 make_inventory() 第 25 行，物件： data/room/pxhaha/qianting
Heart beat in clone/npc/walker#1973 turned off.

执行时段错误：*Bad argument 1 to call_other()
Expected: string or array or object Got: 0.

程式：inherit/room/room.c 第 25 行
物件：/data/room/adawong/qianting
呼叫来自：inherit/char/char.c 的 heart_beat() 第 133 行，物件： clone/npc/walker#1316 ("仲孙染时")
呼叫来自：inherit/char/npc.c 的 scan() 第 299 行，物件： clone/npc/walker#1316 ("仲孙染时")
呼叫来自：inherit/char/npc.c 的 chat() 第 377 行，物件： clone/npc/walker#1316 ("仲孙染时")
呼叫来自：<function> 的 <function>() 第 0 行，物件： clone/npc/walker#1316 ("仲孙染时")
呼叫来自：clone/npc/walker.c 的 do_walk() 第 83 行，物件： clone/npc/walker#1316 ("仲孙染时")
呼叫来自：inherit/char/npc.c 的 random_move() 第 393 行，物件： clone/npc/walker#1316 ("仲孙染时")
呼叫来自：feature/command.c 的 command_hook() 第 77 行，物件： clone/npc/walker#1316 ("仲孙染时")
呼叫来自：cmds/std/go.c 的 main() 第 200 行，物件： cmds/std/go
呼叫来自：data/room/adawong/qianting.c 的 create() 第 28 行，物件： data/room/adawong/qianting
呼叫来自：inherit/room/privateroom.c 的 setup() 第 74 行，物件： data/room/adawong/qianting
呼叫来自：inherit/room/room.c 的 setup() 第 252 行，物件： data/room/adawong/qianting
呼叫来自：inherit/room/room.c 的 reset() 第 86 行，物件： data/room/adawong/qianting
呼叫来自：inherit/room/room.c 的 make_inventory() 第 25 行，物件： data/room/adawong/qianting
Heart beat in clone/npc/walker#1316 turned off.

执行时段错误：*Bad argument 1 to call_other()
Expected: string or array or object Got: 0.

程式：feature/dbase.c 第 93 行
物件：/clone/user/user
呼叫来自：clone/user/user.c 的 reset() 第 86 行，物件： clone/user/user ("使用者物件")
呼叫来自：feature/dbase.c 的 add() 第 93 行，物件： clone/user/user ("使用者物件")

执行时段错误：*Bad argument 1 to call_other()
Expected: string or array or object Got: 0.

程式：inherit/room/room.c 第 25 行
物件：/data/room/qazzaq/qianting
呼叫来自：inherit/char/char.c 的 heart_beat() 第 133 行，物件： clone/npc/walker#269 ("毛珐")
呼叫来自：inherit/char/npc.c 的 scan() 第 299 行，物件： clone/npc/walker#269 ("毛珐")
呼叫来自：inherit/char/npc.c 的 chat() 第 377 行，物件： clone/npc/walker#269 ("毛珐")
呼叫来自：<function> 的 <function>() 第 0 行，物件： clone/npc/walker#269 ("毛珐")
呼叫来自：clone/npc/walker.c 的 do_walk() 第 83 行，物件： clone/npc/walker#269 ("毛珐")
呼叫来自：inherit/char/npc.c 的 random_move() 第 393 行，物件： clone/npc/walker#269 ("毛珐")
呼叫来自：feature/command.c 的 command_hook() 第 77 行，物件： clone/npc/walker#269 ("毛珐")
呼叫来自：cmds/std/go.c 的 main() 第 200 行，物件： cmds/std/go
呼叫来自：data/room/qazzaq/qianting.c 的 create() 第 28 行，物件： data/room/qazzaq/qianting
呼叫来自：inherit/room/privateroom.c 的 setup() 第 74 行，物件： data/room/qazzaq/qianting
呼叫来自：inherit/room/room.c 的 setup() 第 252 行，物件： data/room/qazzaq/qianting
呼叫来自：inherit/room/room.c 的 reset() 第 86 行，物件： data/room/qazzaq/qianting
呼叫来自：inherit/room/room.c 的 make_inventory() 第 25 行，物件： data/room/qazzaq/qianting
Heart beat in clone/npc/walker#269 turned off.

执行时段错误：*call_other() couldn't find object

程式：adm/daemons/npcd.c 第 421 行
物件：/adm/daemons/npcd
呼叫来自：inherit/char/char.c 的 heart_beat() 第 133 行，物件： clone/npc/walker#2072 ("廖上")
呼叫来自：inherit/char/npc.c 的 scan() 第 299 行，物件： clone/npc/walker#2072 ("廖上")
呼叫来自：inherit/char/npc.c 的 chat() 第 377 行，物件： clone/npc/walker#2072 ("廖上")
呼叫来自：<function> 的 <function>() 第 0 行，物件： clone/npc/walker#2072 ("廖上")
呼叫来自：clone/npc/walker.c 的 <function>() 第 27 行，物件： clone/npc/walker#2072 ("廖上")
呼叫来自：adm/daemons/npcd.c 的 random_move() 第 421 行，物件： adm/daemons/npcd
Heart beat in clone/npc/walker#2072 turned off.

执行时段错误：*Bad argument 1 to call_other()
Expected: string or array or object Got: 0.

程式：inherit/room/room.c 第 25 行
物件：/data/room/yixingbu/qianting
呼叫来自：inherit/char/char.c 的 heart_beat() 第 133 行，物件： clone/npc/walker#6137 ("段昂")
呼叫来自：inherit/char/npc.c 的 scan() 第 299 行，物件： clone/npc/walker#6137 ("段昂")
呼叫来自：inherit/char/npc.c 的 chat() 第 377 行，物件： clone/npc/walker#6137 ("段昂")
呼叫来自：<function> 的 <function>() 第 0 行，物件： clone/npc/walker#6137 ("段昂")
呼叫来自：clone/npc/walker.c 的 <function>() 第 27 行，物件： clone/npc/walker#6137 ("段昂")
呼叫来自：adm/daemons/npcd.c 的 random_move() 第 421 行，物件： adm/daemons/npcd
呼叫来自：data/room/yixingbu/qianting.c 的 create() 第 28 行，物件： data/room/yixingbu/qianting
呼叫来自：inherit/room/privateroom.c 的 setup() 第 74 行，物件： data/room/yixingbu/qianting
呼叫来自：inherit/room/room.c 的 setup() 第 252 行，物件： data/room/yixingbu/qianting
呼叫来自：inherit/room/room.c 的 reset() 第 86 行，物件： data/room/yixingbu/qianting
呼叫来自：inherit/room/room.c 的 make_inventory() 第 25 行，物件： data/room/yixingbu/qianting
Heart beat in clone/npc/walker#6137 turned off.

执行时段错误：*Bad argument 1 to call_other()
Expected: string or array or object Got: 0.

程式：inherit/room/room.c 第 25 行
物件：/data/room/w2544460429/qianting
呼叫来自：inherit/char/char.c 的 heart_beat() 第 133 行，物件： clone/npc/walker#3175 ("乔霸")
呼叫来自：inherit/char/npc.c 的 scan() 第 299 行，物件： clone/npc/walker#3175 ("乔霸")
呼叫来自：inherit/char/npc.c 的 chat() 第 377 行，物件： clone/npc/walker#3175 ("乔霸")
呼叫来自：<function> 的 <function>() 第 0 行，物件： clone/npc/walker#3175 ("乔霸")
呼叫来自：clone/npc/walker.c 的 do_walk() 第 83 行，物件： clone/npc/walker#3175 ("乔霸")
呼叫来自：inherit/char/npc.c 的 random_move() 第 393 行，物件： clone/npc/walker#3175 ("乔霸")
呼叫来自：feature/command.c 的 command_hook() 第 77 行，物件： clone/npc/walker#3175 ("乔霸")
呼叫来自：cmds/std/go.c 的 main() 第 200 行，物件： cmds/std/go
呼叫来自：data/room/w2544460429/qianting.c 的 create() 第 28 行，物件： data/room/w2544460429/qianting
呼叫来自：inherit/room/privateroom.c 的 setup() 第 74 行，物件： data/room/w2544460429/qianting
呼叫来自：inherit/room/room.c 的 setup() 第 252 行，物件： data/room/w2544460429/qianting
呼叫来自：inherit/room/room.c 的 reset() 第 86 行，物件： data/room/w2544460429/qianting
呼叫来自：inherit/room/room.c 的 make_inventory() 第 25 行，物件： data/room/w2544460429/qianting
Heart beat in clone/npc/walker#3175 turned off.

执行时段错误：*Bad argument 1 to environment()
Expected: object Got: 0.

程式：inherit/char/boss.c 第 37 行
物件：0
呼叫来自：inherit/char/char.c 的 heart_beat() 第 94 行，物件： 0
呼叫来自：quest/tulong/npc/dragon.c 的 unconcious() 第 178 行，物件： 0
呼叫来自：quest/tulong/npc/dragon.c 的 die() 第 164 行，物件： 0
呼叫来自：inherit/char/boss.c 的 die() 第 37 行，物件： 0
Heart beat in quest/tulong/npc/dragon#6923 turned off.

执行时段错误：*call_other() couldn't find object

程式：adm/daemons/npcd.c 第 421 行
物件：/adm/daemons/npcd
呼叫来自：inherit/char/char.c 的 heart_beat() 第 133 行，物件： clone/npc/walker#3061 ("令狐高焯")
呼叫来自：inherit/char/npc.c 的 scan() 第 299 行，物件： clone/npc/walker#3061 ("令狐高焯")
呼叫来自：inherit/char/npc.c 的 chat() 第 377 行，物件： clone/npc/walker#3061 ("令狐高焯")
呼叫来自：<function> 的 <function>() 第 0 行，物件： clone/npc/walker#3061 ("令狐高焯")
呼叫来自：clone/npc/walker.c 的 <function>() 第 27 行，物件： clone/npc/walker#3061 ("令狐高焯")
呼叫来自：adm/daemons/npcd.c 的 random_move() 第 421 行，物件： adm/daemons/npcd
Heart beat in clone/npc/walker#3061 turned off.

执行时段错误：*Error in loading object '/kungfu/class/sky/obj/shenjiu'

程式：inherit/char/npc.c 第 17 行
物件：/d/luoyang/npc/libai
呼叫来自：inherit/char/char.c 的 heart_beat() 第 133 行，物件： clone/npc/walker#5912 ("西门挚")
呼叫来自：inherit/char/npc.c 的 scan() 第 299 行，物件： clone/npc/walker#5912 ("西门挚")
呼叫来自：inherit/char/npc.c 的 chat() 第 377 行，物件： clone/npc/walker#5912 ("西门挚")
呼叫来自：<function> 的 <function>() 第 0 行，物件： clone/npc/walker#5912 ("西门挚")
呼叫来自：clone/npc/walker.c 的 do_walk() 第 83 行，物件： clone/npc/walker#5912 ("西门挚")
呼叫来自：inherit/char/npc.c 的 random_move() 第 393 行，物件： clone/npc/walker#5912 ("西门挚")
呼叫来自：feature/command.c 的 command_hook() 第 77 行，物件： clone/npc/walker#5912 ("西门挚")
呼叫来自：cmds/std/go.c 的 main() 第 200 行，物件： cmds/std/go
呼叫来自：d/luoyang/zuixianlou4.c 的 create() 第 24 行，物件： d/luoyang/zuixianlou4
呼叫来自：inherit/room/room.c 的 setup() 第 252 行，物件： d/luoyang/zuixianlou4
呼叫来自：inherit/room/room.c 的 reset() 第 86 行，物件： d/luoyang/zuixianlou4
呼叫来自：inherit/room/room.c 的 make_inventory() 第 24 行，物件： d/luoyang/zuixianlou4
呼叫来自：d/luoyang/npc/libai.c 的 create() 第 64 行，物件： d/luoyang/npc/libai ("李白")
呼叫来自：inherit/char/npc.c 的 carry_object() 第 17 行，物件： d/luoyang/npc/libai ("李白")
Heart beat in clone/npc/walker#5912 turned off.

执行时段错误：*Value being indexed is zero.

程式：clone/quest/search.c 第 91 行
物件：/clone/quest/search#7600
呼叫来自：adm/daemons/quest/search.c 的 heart_beat() 第 66 行，物件： adm/daemons/quest/search
呼叫来自：adm/daemons/quest/search.c 的 start_quest() 第 53 行，物件： adm/daemons/quest/search
呼叫来自：clone/quest/search.c 的 init_quest() 第 91 行，物件： clone/quest/search#7600 ("围攻0")
Heart beat in adm/daemons/quest/search turned off.

执行时段错误：*call_other() couldn't find object

程式：adm/daemons/npcd.c 第 421 行
物件：/adm/daemons/npcd
呼叫来自：inherit/char/char.c 的 heart_beat() 第 133 行，物件： clone/npc/walker#3231 ("诸葛邡")
呼叫来自：inherit/char/npc.c 的 scan() 第 299 行，物件： clone/npc/walker#3231 ("诸葛邡")
呼叫来自：inherit/char/npc.c 的 chat() 第 377 行，物件： clone/npc/walker#3231 ("诸葛邡")
呼叫来自：<function> 的 <function>() 第 0 行，物件： clone/npc/walker#3231 ("诸葛邡")
呼叫来自：clone/npc/walker.c 的 <function>() 第 27 行，物件： clone/npc/walker#3231 ("诸葛邡")
呼叫来自：adm/daemons/npcd.c 的 random_move() 第 421 行，物件： adm/daemons/npcd
Heart beat in clone/npc/walker#3231 turned off.

执行时段错误：*Bad argument 1 to call_other()
Expected: string or array or object Got: 0.

程式：inherit/room/room.c 第 25 行
物件：/data/room/tyz000/qianting
呼叫来自：inherit/char/char.c 的 heart_beat() 第 133 行，物件： clone/npc/walker#267 ("邵东")
呼叫来自：inherit/char/npc.c 的 scan() 第 299 行，物件： clone/npc/walker#267 ("邵东")
呼叫来自：inherit/char/npc.c 的 chat() 第 377 行，物件： clone/npc/walker#267 ("邵东")
呼叫来自：<function> 的 <function>() 第 0 行，物件： clone/npc/walker#267 ("邵东")
呼叫来自：clone/npc/walker.c 的 do_walk() 第 83 行，物件： clone/npc/walker#267 ("邵东")
呼叫来自：inherit/char/npc.c 的 random_move() 第 393 行，物件： clone/npc/walker#267 ("邵东")
呼叫来自：feature/command.c 的 command_hook() 第 77 行，物件： clone/npc/walker#267 ("邵东")
呼叫来自：cmds/std/go.c 的 main() 第 200 行，物件： cmds/std/go
呼叫来自：data/room/tyz000/qianting.c 的 create() 第 28 行，物件： data/room/tyz000/qianting
呼叫来自：inherit/room/privateroom.c 的 setup() 第 74 行，物件： data/room/tyz000/qianting
呼叫来自：inherit/room/room.c 的 setup() 第 252 行，物件： data/room/tyz000/qianting
呼叫来自：inherit/room/room.c 的 reset() 第 86 行，物件： data/room/tyz000/qianting
呼叫来自：inherit/room/room.c 的 make_inventory() 第 25 行，物件： data/room/tyz000/qianting
Heart beat in clone/npc/walker#267 turned off.

执行时段错误：*Error in loading object '/d/mingjiao/npc/tangyang'

程式：inherit/room/room.c 第 24 行
物件：/d/mingjiao/hsqdating
呼叫来自：inherit/char/char.c 的 heart_beat() 第 133 行，物件： clone/npc/walker#1458 ("韩庆钟")
呼叫来自：inherit/char/npc.c 的 scan() 第 299 行，物件： clone/npc/walker#1458 ("韩庆钟")
呼叫来自：inherit/char/npc.c 的 chat() 第 377 行，物件： clone/npc/walker#1458 ("韩庆钟")
呼叫来自：<function> 的 <function>() 第 0 行，物件： clone/npc/walker#1458 ("韩庆钟")
呼叫来自：clone/npc/walker.c 的 <function>() 第 27 行，物件： clone/npc/walker#1458 ("韩庆钟")
呼叫来自：adm/daemons/npcd.c 的 random_move() 第 421 行，物件： adm/daemons/npcd
呼叫来自：d/mingjiao/hsqdating.c 的 create() 第 20 行，物件： d/mingjiao/hsqdating
呼叫来自：inherit/room/room.c 的 setup() 第 252 行，物件： d/mingjiao/hsqdating
呼叫来自：inherit/room/room.c 的 reset() 第 86 行，物件： d/mingjiao/hsqdating
呼叫来自：inherit/room/room.c 的 make_inventory() 第 24 行，物件： d/mingjiao/hsqdating
Heart beat in clone/npc/walker#1458 turned off.
object /adm/daemons/securityd: eval_cost too big 2000000

执行时段错误：*Too long evaluation. Execution aborted.

程式：adm/daemons/securityd.c 第 353 行
物件：/adm/daemons/securityd
呼叫来自：feature/command.c 的 command_hook() 第 77 行，物件： clone/user/user#3397 ("慕容秋荻")
呼叫来自：cmds/std/give.c 的 main() 第 60 行，物件： cmds/std/give
呼叫来自：adm/single/simul_efun.c 的 wiz_level() 第 10 行，物件： adm/single/simul_efun
呼叫来自：adm/daemons/securityd.c 的 get_wiz_level() 第 361 行，物件： adm/daemons/securityd
呼叫来自：adm/daemons/securityd.c 的 get_status() 第 353 行，物件： adm/daemons/securityd

执行时段错误：*Bad argument 1 to call_other()
Expected: string or array or object Got: 0.

程式：inherit/room/room.c 第 25 行
物件：/data/room/qazzaq/qianting
呼叫来自：inherit/room/room.c 的 reset() 第 86 行，物件： data/room/qazzaq/qianting
呼叫来自：inherit/room/room.c 的 make_inventory() 第 25 行，物件： data/room/qazzaq/qianting

执行时段错误：*Bad argument 1 to call_other()
Expected: string or array or object Got: 0.

程式：inherit/room/room.c 第 25 行
物件：/data/room/pxhaha/qianting
呼叫来自：inherit/room/room.c 的 reset() 第 86 行，物件： data/room/pxhaha/qianting
呼叫来自：inherit/room/room.c 的 make_inventory() 第 25 行，物件： data/room/pxhaha/qianting

执行时段错误：*Bad argument 1 to call_other()
Expected: string or array or object Got: 0.

程式：inherit/room/room.c 第 25 行
物件：/d/luoyang/shuoshu
呼叫来自：inherit/room/room.c 的 reset() 第 86 行，物件： d/luoyang/shuoshu
呼叫来自：inherit/room/room.c 的 make_inventory() 第 25 行，物件： d/luoyang/shuoshu

执行时段错误：*Bad argument 1 to call_other()
Expected: string or array or object Got: 0.

程式：feature/dbase.c 第 93 行
物件：/clone/user/user#3397
呼叫来自：clone/user/user.c 的 reset() 第 86 行，物件： clone/user/user#3397 ("慕容秋荻")
呼叫来自：feature/dbase.c 的 add() 第 93 行，物件： clone/user/user#3397 ("慕容秋荻")

执行时段错误：*Bad argument 1 to call_other()
Expected: string or array or object Got: 0.

程式：inherit/room/room.c 第 25 行
物件：/data/room/hubert/qianting
呼叫来自：inherit/room/room.c 的 reset() 第 86 行，物件： data/room/hubert/qianting
呼叫来自：inherit/room/room.c 的 make_inventory() 第 25 行，物件： data/room/hubert/qianting

执行时段错误：*Bad argument 1 to call_other()
Expected: string or array or object Got: 0.

程式：feature/dbase.c 第 93 行
物件：/clone/user/user
呼叫来自：clone/user/user.c 的 reset() 第 86 行，物件： clone/user/user ("使用者物件")
呼叫来自：feature/dbase.c 的 add() 第 93 行，物件： clone/user/user ("使用者物件")
错误讯息被拦截：
执行时段错误：*Bad argument 1 to call_other()
Expected: string or array or object Got: 0.

程式：quest/job/cheng.c 第 200 行
物件：/quest/job/cheng#948
呼叫来自：adm/daemons/questd.c 的 heart_beat() 第 1745 行，物件： adm/daemons/questd
呼叫来自：adm/daemons/questd.c 的 CATCH() 第 1745 行，物件： adm/daemons/questd
呼叫来自：inherit/misc/quest.c 的 change_status() 第 119 行，物件： clone/quest/explore#5942 ("程药发悬赏")
呼叫来自：adm/single/simul_efun.c 的 destruct() 第 102 行，物件： adm/single/simul_efun
呼叫来自：inherit/misc/quest.c 的 remove() 第 80 行，物件： clone/quest/explore#5942 ("程药发悬赏")
呼叫来自：clone/quest/explore.c 的 cancel_quest() 第 159 行，物件： clone/quest/explore#5942 ("程药发悬赏")
呼叫来自：clone/quest/explore.c 的 restore_npc() 第 131 行，物件： clone/quest/explore#5942 ("程药发悬赏")
呼叫来自：quest/job/cheng.c 的 delete() 第 200 行，物件： quest/job/cheng#948 ("程药发")

执行时段错误：*call_other() couldn't find object

程式：adm/daemons/npcd.c 第 421 行
物件：/adm/daemons/npcd
呼叫来自：feature/command.c 的 command_hook() 第 77 行，物件： clone/user/user#134 ("八云")
呼叫来自：cmds/usr/quest.c 的 main() 第 53 行，物件： cmds/usr/quest
呼叫来自：feature/quester.c 的 ask_quest() 第 14 行，物件： kungfu/class/shushan/jiansheng#1547 ("蜀山剑圣")
呼叫来自：adm/daemons/questd.c 的 ask_quest() 第 472 行，物件： adm/daemons/questd
呼叫来自：adm/daemons/npcd.c 的 random_move() 第 421 行，物件： adm/daemons/npcd

执行时段错误：*call_other() couldn't find object

程式：adm/daemons/npcd.c 第 421 行
物件：/adm/daemons/npcd
呼叫来自：inherit/char/char.c 的 heart_beat() 第 133 行，物件： kungfu/class/generate/killed#10701 ("百里笮")
呼叫来自：inherit/char/npc.c 的 scan() 第 299 行，物件： kungfu/class/generate/killed#10701 ("百里笮")
呼叫来自：inherit/char/npc.c 的 chat() 第 377 行，物件： kungfu/class/generate/killed#10701 ("百里笮")
呼叫来自：<function> 的 <function>() 第 0 行，物件： kungfu/class/generate/killed#10701 ("百里笮")
呼叫来自：kungfu/class/generate/killed.c 的 random_move() 第 664 行，物件： kungfu/class/generate/killed#10701 ("百里笮")
呼叫来自：adm/daemons/npcd.c 的 random_move() 第 421 行，物件： adm/daemons/npcd
Heart beat in kungfu/class/generate/killed#10701 turned off.
object /clone/kuang/x2#10133: eval_cost too big 2000000

执行时段错误：*Too long evaluation. Execution aborted.

程式：feature/name.c 第 46 行
物件：/clone/kuang/x2#10133
呼叫来自：feature/command.c 的 command_hook() 第 77 行，物件： clone/user/user#6406 ("慕容南辰")
呼叫来自：cmds/std/kill.c 的 main() 第 22 行，物件： cmds/std/kill
呼叫来自：adm/single/simul_efun.c 的 present() 第 119 行，物件： adm/single/simul_efun
呼叫来自：feature/name.c 的 id() 第 46 行，物件： clone/kuang/x2#10133 ("[36mX箱[2;37;0m")
object /cmds/std/give: eval_cost too big 2000000

执行时段错误：*Too long evaluation. Execution aborted.

程式：cmds/std/give.c 第 62 行
物件：/cmds/std/give
呼叫来自：feature/command.c 的 command_hook() 第 77 行，物件： clone/user/user#3397 ("慕容秋荻")
呼叫来自：cmds/std/give.c 的 main() 第 62 行，物件： cmds/std/give
object /adm/single/simul_efun: eval_cost too big 2000000

执行时段错误：*Too long evaluation. Execution aborted.

程式：adm/single/simul_efun.c 第 355 行
物件：/adm/single/simul_efun
呼叫来自：feature/command.c 的 command_hook() 第 77 行，物件： clone/user/user#3397 ("慕容秋荻")
呼叫来自：cmds/std/give.c 的 main() 第 62 行，物件： cmds/std/give
呼叫来自：adm/single/simul_efun.c 的 is_sub() 第 355 行，物件： adm/single/simul_efun
object /clone/kuang/x2#10133: eval_cost too big 2000000

执行时段错误：*Too long evaluation. Execution aborted.

程式：feature/name.c 第 46 行
物件：/clone/kuang/x2#10133
呼叫来自：feature/command.c 的 command_hook() 第 77 行，物件： clone/user/user#6406 ("慕容南辰")
呼叫来自：cmds/std/kill.c 的 main() 第 22 行，物件： cmds/std/kill
呼叫来自：adm/single/simul_efun.c 的 present() 第 119 行，物件： adm/single/simul_efun
呼叫来自：feature/name.c 的 id() 第 46 行，物件： clone/kuang/x2#10133 ("[36mX箱[2;37;0m")
object /clone/user/user#9825: eval_cost too big 2000000

执行时段错误：*Too long evaluation. Execution aborted.

程式：feature/skill.c 第 367 行
物件：/clone/user/user#9825
呼叫来自：feature/command.c 的 command_hook() 第 77 行，物件： clone/user/user#9825 ("懒兔浩然")
呼叫来自：cmds/skill/research.c 的 main() 第 211 行，物件： cmds/skill/research
呼叫来自：feature/skill.c 的 improve_skill() 第 367 行，物件： clone/user/user#9825 ("懒兔浩然")
object /adm/single/simul_efun: eval_cost too big 2000000

执行时段错误：*Too long evaluation. Execution aborted.

程式：adm/single/simul_efun.c 第 354 行
物件：/adm/single/simul_efun
呼叫来自：feature/command.c 的 command_hook() 第 77 行，物件： clone/user/user#3397 ("慕容秋荻")
呼叫来自：cmds/std/give.c 的 main() 第 62 行，物件： cmds/std/give
呼叫来自：adm/single/simul_efun.c 的 is_sub() 第 354 行，物件： adm/single/simul_efun
object /adm/single/simul_efun: eval_cost too big 2000000

执行时段错误：*Too long evaluation. Execution aborted.

程式：adm/single/simul_efun.c 第 354 行
物件：/adm/single/simul_efun
呼叫来自：feature/command.c 的 command_hook() 第 77 行，物件： clone/user/user#3397 ("慕容秋荻")
呼叫来自：cmds/std/give.c 的 main() 第 62 行，物件： cmds/std/give
呼叫来自：adm/single/simul_efun.c 的 is_sub() 第 354 行，物件： adm/single/simul_efun

执行时段错误：*Value being indexed is zero.

程式：clone/quest/search.c 第 91 行
物件：/clone/quest/search#11708
呼叫来自：adm/daemons/quest/search.c 的 heart_beat() 第 66 行，物件： adm/daemons/quest/search
呼叫来自：adm/daemons/quest/search.c 的 start_quest() 第 53 行，物件： adm/daemons/quest/search
呼叫来自：clone/quest/search.c 的 init_quest() 第 91 行，物件： clone/quest/search#11708 ("围攻0")
Heart beat in adm/daemons/quest/search turned off.
get_user_data: read on fd 520
System Error: get_user_data: read: 当文件已存在时，无法创建该文件。


执行时段错误：*call_other() couldn't find object

程式：adm/daemons/npcd.c 第 421 行
物件：/adm/daemons/npcd
呼叫来自：inherit/char/char.c 的 heart_beat() 第 133 行，物件： clone/npc/walker#5531 ("洪恪")
呼叫来自：inherit/char/npc.c 的 scan() 第 299 行，物件： clone/npc/walker#5531 ("洪恪")
呼叫来自：inherit/char/npc.c 的 chat() 第 377 行，物件： clone/npc/walker#5531 ("洪恪")
呼叫来自：<function> 的 <function>() 第 0 行，物件： clone/npc/walker#5531 ("洪恪")
呼叫来自：clone/npc/walker.c 的 <function>() 第 27 行，物件： clone/npc/walker#5531 ("洪恪")
呼叫来自：adm/daemons/npcd.c 的 random_move() 第 421 行，物件： adm/daemons/npcd
Heart beat in clone/npc/walker#5531 turned off.

执行时段错误：*Error in loading object '/d/wudu/npc/qiandu3'

程式：inherit/room/room.c 第 24 行
物件：/d/wudu/qiandu2
呼叫来自：inherit/char/char.c 的 heart_beat() 第 133 行，物件： clone/npc/walker#7367 ("杜雄马")
呼叫来自：inherit/char/npc.c 的 scan() 第 299 行，物件： clone/npc/walker#7367 ("杜雄马")
呼叫来自：inherit/char/npc.c 的 chat() 第 377 行，物件： clone/npc/walker#7367 ("杜雄马")
呼叫来自：<function> 的 <function>() 第 0 行，物件： clone/npc/walker#7367 ("杜雄马")
呼叫来自：clone/npc/walker.c 的 <function>() 第 27 行，物件： clone/npc/walker#7367 ("杜雄马")
呼叫来自：adm/daemons/npcd.c 的 random_move() 第 421 行，物件： adm/daemons/npcd
呼叫来自：d/wudu/qiandu2.c 的 create() 第 36 行，物件： d/wudu/qiandu2
呼叫来自：inherit/room/room.c 的 setup() 第 252 行，物件： d/wudu/qiandu2
呼叫来自：inherit/room/room.c 的 reset() 第 86 行，物件： d/wudu/qiandu2
呼叫来自：inherit/room/room.c 的 make_inventory() 第 24 行，物件： d/wudu/qiandu2
Heart beat in clone/npc/walker#7367 turned off.

执行时段错误：*Bad argument 1 to call_other()
Expected: string or array or object Got: 0.

程式：inherit/room/room.c 第 25 行
物件：/data/room/moyin/qianting
呼叫来自：inherit/char/char.c 的 heart_beat() 第 133 行，物件： clone/npc/walker#8012 ("仇都")
呼叫来自：inherit/char/npc.c 的 scan() 第 299 行，物件： clone/npc/walker#8012 ("仇都")
呼叫来自：inherit/char/npc.c 的 chat() 第 377 行，物件： clone/npc/walker#8012 ("仇都")
呼叫来自：<function> 的 <function>() 第 0 行，物件： clone/npc/walker#8012 ("仇都")
呼叫来自：clone/npc/walker.c 的 do_walk() 第 83 行，物件： clone/npc/walker#8012 ("仇都")
呼叫来自：inherit/char/npc.c 的 random_move() 第 393 行，物件： clone/npc/walker#8012 ("仇都")
呼叫来自：feature/command.c 的 command_hook() 第 77 行，物件： clone/npc/walker#8012 ("仇都")
呼叫来自：cmds/std/go.c 的 main() 第 200 行，物件： cmds/std/go
呼叫来自：data/room/moyin/qianting.c 的 create() 第 28 行，物件： data/room/moyin/qianting
呼叫来自：inherit/room/privateroom.c 的 setup() 第 74 行，物件： data/room/moyin/qianting
呼叫来自：inherit/room/room.c 的 setup() 第 252 行，物件： data/room/moyin/qianting
呼叫来自：inherit/room/room.c 的 reset() 第 86 行，物件： data/room/moyin/qianting
呼叫来自：inherit/room/room.c 的 make_inventory() 第 25 行，物件： data/room/moyin/qianting
Heart beat in clone/npc/walker#8012 turned off.
object /cmds/std/give: eval_cost too big 2000000

执行时段错误：*Too long evaluation. Execution aborted.

程式：cmds/std/give.c 第 62 行
物件：/cmds/std/give
呼叫来自：feature/command.c 的 command_hook() 第 77 行，物件： clone/user/user#3397 ("慕容秋荻")
呼叫来自：cmds/std/give.c 的 main() 第 62 行，物件： cmds/std/give
object /clone/kuang/x2#10133: eval_cost too big 2000000

执行时段错误：*Too long evaluation. Execution aborted.

程式：feature/name.c 第 44 行
物件：/clone/kuang/x2#10133
呼叫来自：feature/command.c 的 command_hook() 第 77 行，物件： clone/user/user#6406 ("慕容南辰")
呼叫来自：cmds/std/kill.c 的 main() 第 22 行，物件： cmds/std/kill
呼叫来自：adm/single/simul_efun.c 的 present() 第 119 行，物件： adm/single/simul_efun
呼叫来自：feature/name.c 的 id() 第 44 行，物件： clone/kuang/x2#10133 ("[36mX箱[2;37;0m")

执行时段错误：*call_other() couldn't find object

程式：adm/daemons/npcd.c 第 421 行
物件：/adm/daemons/npcd
呼叫来自：inherit/char/char.c 的 heart_beat() 第 133 行，物件： clone/npc/walker#7216 ("澹台边")
呼叫来自：inherit/char/npc.c 的 scan() 第 299 行，物件： clone/npc/walker#7216 ("澹台边")
呼叫来自：inherit/char/npc.c 的 chat() 第 377 行，物件： clone/npc/walker#7216 ("澹台边")
呼叫来自：<function> 的 <function>() 第 0 行，物件： clone/npc/walker#7216 ("澹台边")
呼叫来自：clone/npc/walker.c 的 <function>() 第 27 行，物件： clone/npc/walker#7216 ("澹台边")
呼叫来自：adm/daemons/npcd.c 的 random_move() 第 421 行，物件： adm/daemons/npcd
Heart beat in clone/npc/walker#7216 turned off.
object /clone/user/user#9825: eval_cost too big 2000000

执行时段错误：*Too long evaluation. Execution aborted.

程式：feature/skill.c 第 330 行
物件：/clone/user/user#9825
呼叫来自：feature/command.c 的 command_hook() 第 77 行，物件： clone/user/user#9825 ("懒兔浩然")
呼叫来自：cmds/skill/research.c 的 main() 第 211 行，物件： cmds/skill/research
呼叫来自：feature/skill.c 的 improve_skill() 第 330 行，物件： clone/user/user#9825 ("懒兔浩然")
object /clone/user/user#9825: eval_cost too big 2000000

执行时段错误：*Too long evaluation. Execution aborted.

程式：feature/message.c 第 170 行
物件：/clone/user/user#9825
呼叫来自：feature/message.c 的 write_prompt() 第 170 行，物件： clone/user/user#9825 ("懒兔浩然")
object /clone/user/user#9825: eval_cost too big 2000000

执行时段错误：*Too long evaluation. Execution aborted.

程式：feature/dbase.c 第 87 行
物件：/clone/user/user#9825
呼叫来自：feature/command.c 的 command_hook() 第 77 行，物件： clone/user/user#9825 ("懒兔浩然")
呼叫来自：cmds/skill/research.c 的 main() 第 212 行，物件： cmds/skill/research
呼叫来自：feature/dbase.c 的 add() 第 87 行，物件： clone/user/user#9825 ("懒兔浩然")
object /clone/user/user#9825: eval_cost too big 2000000

执行时段错误：*Too long evaluation. Execution aborted.

程式：feature/message.c 第 167 行
物件：/clone/user/user#9825
呼叫来自：feature/message.c 的 write_prompt() 第 167 行，物件： clone/user/user#9825 ("懒兔浩然")
object /clone/user/user#9825: eval_cost too big 2000000

执行时段错误：*Too long evaluation. Execution aborted.

程式：feature/dbase.c 第 27 行
物件：/clone/user/user#9825
呼叫来自：feature/command.c 的 command_hook() 第 77 行，物件： clone/user/user#9825 ("懒兔浩然")
呼叫来自：cmds/skill/research.c 的 main() 第 209 行，物件： cmds/skill/research
呼叫来自：feature/dbase.c 的 add() 第 107 行，物件： clone/user/user#9825 ("懒兔浩然")
呼叫来自：clone/user/user.c 的 set() 第 131 行，物件： clone/user/user#9825 ("懒兔浩然")
呼叫来自：feature/dbase.c 的 set() 第 27 行，物件： clone/user/user#9825 ("懒兔浩然")
object /adm/daemons/commandd: eval_cost too big 2000000

执行时段错误：*Too long evaluation. Execution aborted.

程式：adm/daemons/commandd.c 第 66 行
物件：/adm/daemons/commandd
呼叫来自：feature/command.c 的 command_hook() 第 76 行，物件： clone/user/user#3397 ("慕容秋荻")
呼叫来自：feature/command.c 的 find_command() 第 20 行，物件： clone/user/user#3397 ("慕容秋荻")
呼叫来自：adm/daemons/commandd.c 的 find_command() 第 66 行，物件： adm/daemons/commandd
object /clone/user/user#9825: eval_cost too big 2000000

执行时段错误：*Too long evaluation. Execution aborted.

程式：feature/dbase.c 第 25 行
物件：/clone/user/user#9825
呼叫来自：feature/command.c 的 command_hook() 第 77 行，物件： clone/user/user#9825 ("懒兔浩然")
呼叫来自：cmds/skill/research.c 的 main() 第 212 行，物件： cmds/skill/research
呼叫来自：feature/dbase.c 的 add() 第 107 行，物件： clone/user/user#9825 ("懒兔浩然")
呼叫来自：clone/user/user.c 的 set() 第 131 行，物件： clone/user/user#9825 ("懒兔浩然")
呼叫来自：feature/dbase.c 的 set() 第 25 行，物件： clone/user/user#9825 ("懒兔浩然")
object /clone/user/user#9825: eval_cost too big 2000000

执行时段错误：*Too long evaluation. Execution aborted.

程式：feature/dbase.c 第 52 行
物件：/clone/user/user#9825
呼叫来自：feature/command.c 的 command_hook() 第 77 行，物件： clone/user/user#9825 ("懒兔浩然")
呼叫来自：cmds/skill/research.c 的 main() 第 212 行，物件： cmds/skill/research
呼叫来自：feature/dbase.c 的 add() 第 101 行，物件： clone/user/user#9825 ("懒兔浩然")
呼叫来自：feature/dbase.c 的 query() 第 52 行，物件： clone/user/user#9825 ("懒兔浩然")
object /clone/user/user#9825: eval_cost too big 2000000

执行时段错误：*Too long evaluation. Execution aborted.

程式：feature/damage.c 第 48 行
物件：/clone/user/user#9825
呼叫来自：feature/command.c 的 command_hook() 第 77 行，物件： clone/user/user#9825 ("懒兔浩然")
呼叫来自：cmds/skill/research.c 的 main() 第 186 行，物件： cmds/skill/research
呼叫来自：feature/damage.c 的 receive_damage() 第 48 行，物件： clone/user/user#9825 ("懒兔浩然")
object /clone/user/user#3397: eval_cost too big 2000000

执行时段错误：*Too long evaluation. Execution aborted.

程式：feature/dbase.c 第 119 行
物件：/clone/user/user#3397
呼叫来自：feature/alias.c 的 process_input() 第 34 行，物件： clone/user/user#3397 ("慕容秋荻")
呼叫来自：adm/single/simul_efun.c 的 notify_fail() 第 348 行，物件： adm/single/simul_efun
呼叫来自：feature/dbase.c 的 set_temp() 第 119 行，物件： clone/user/user#3397 ("慕容秋荻")
object /clone/user/user#9825: eval_cost too big 2000000

执行时段错误：*Too long evaluation. Execution aborted.

程式：feature/dbase.c 第 27 行
物件：/clone/user/user#9825
呼叫来自：feature/command.c 的 command_hook() 第 77 行，物件： clone/user/user#9825 ("懒兔浩然")
呼叫来自：cmds/skill/research.c 的 main() 第 209 行，物件： cmds/skill/research
呼叫来自：feature/dbase.c 的 add() 第 107 行，物件： clone/user/user#9825 ("懒兔浩然")
呼叫来自：clone/user/user.c 的 set() 第 131 行，物件： clone/user/user#9825 ("懒兔浩然")
呼叫来自：feature/dbase.c 的 set() 第 27 行，物件： clone/user/user#9825 ("懒兔浩然")
object /clone/user/user#9825: eval_cost too big 2000000

执行时段错误：*Too long evaluation. Execution aborted.

程式：feature/message.c 第 170 行
物件：/clone/user/user#9825
呼叫来自：feature/message.c 的 write_prompt() 第 170 行，物件： clone/user/user#9825 ("懒兔浩然")
object /clone/user/user#9825: eval_cost too big 2000000

执行时段错误：*Too long evaluation. Execution aborted.

程式：feature/dbase.c 第 47 行
物件：/clone/user/user#9825
呼叫来自：feature/command.c 的 command_hook() 第 77 行，物件： clone/user/user#9825 ("懒兔浩然")
呼叫来自：cmds/skill/research.c 的 main() 第 186 行，物件： cmds/skill/research
呼叫来自：feature/damage.c 的 receive_damage() 第 48 行，物件： clone/user/user#9825 ("懒兔浩然")
呼叫来自：feature/dbase.c 的 query() 第 47 行，物件： clone/user/user#9825 ("懒兔浩然")

执行时段错误：*Error in loading object '/d/mingjiao/npc/tangyang'

程式：inherit/room/room.c 第 24 行
物件：/d/mingjiao/hsqdating
呼叫来自：inherit/room/room.c 的 reset() 第 86 行，物件： d/mingjiao/hsqdating
呼叫来自：inherit/room/room.c 的 make_inventory() 第 24 行，物件： d/mingjiao/hsqdating

执行时段错误：*Error in loading object '/kungfu/class/sky/obj/shenjiu'

程式：inherit/char/npc.c 第 17 行
物件：/d/luoyang/npc/libai#12808
呼叫来自：inherit/room/room.c 的 reset() 第 86 行，物件： d/luoyang/zuixianlou4
呼叫来自：inherit/room/room.c 的 make_inventory() 第 24 行，物件： d/luoyang/zuixianlou4
呼叫来自：d/luoyang/npc/libai.c 的 create() 第 64 行，物件： d/luoyang/npc/libai#12808 ("李白")
呼叫来自：inherit/char/npc.c 的 carry_object() 第 17 行，物件： d/luoyang/npc/libai#12808 ("李白")

执行时段错误：*Bad argument 1 to call_other()
Expected: string or array or object Got: 0.

程式：inherit/room/room.c 第 25 行
物件：/data/room/w2544460429/qianting
呼叫来自：inherit/room/room.c 的 reset() 第 86 行，物件： data/room/w2544460429/qianting
呼叫来自：inherit/room/room.c 的 make_inventory() 第 25 行，物件： data/room/w2544460429/qianting

执行时段错误：*Bad argument 1 to call_other()
Expected: string or array or object Got: 0.

程式：inherit/room/room.c 第 25 行
物件：/data/room/yixingbu/qianting
呼叫来自：inherit/room/room.c 的 reset() 第 86 行，物件： data/room/yixingbu/qianting
呼叫来自：inherit/room/room.c 的 make_inventory() 第 25 行，物件： data/room/yixingbu/qianting

执行时段错误：*Bad argument 1 to call_other()
Expected: string or array or object Got: 0.

程式：inherit/room/room.c 第 25 行
物件：/data/room/adawong/qianting
呼叫来自：inherit/room/room.c 的 reset() 第 86 行，物件： data/room/adawong/qianting
呼叫来自：inherit/room/room.c 的 make_inventory() 第 25 行，物件： data/room/adawong/qianting

执行时段错误：*Bad argument 1 to call_other()
Expected: string or array or object Got: 0.

程式：inherit/room/room.c 第 25 行
物件：/data/room/pxdaye/qianting
呼叫来自：inherit/room/room.c 的 reset() 第 86 行，物件： data/room/pxdaye/qianting
呼叫来自：inherit/room/room.c 的 make_inventory() 第 25 行，物件： data/room/pxdaye/qianting

执行时段错误：*Bad argument 1 to call_other()
Expected: string or array or object Got: 0.

程式：inherit/room/room.c 第 25 行
物件：/d/luoyang/shuoshu
呼叫来自：inherit/room/room.c 的 reset() 第 86 行，物件： d/luoyang/shuoshu
呼叫来自：inherit/room/room.c 的 make_inventory() 第 25 行，物件： d/luoyang/shuoshu

执行时段错误：*Bad argument 1 to call_other()
Expected: string or array or object Got: 0.

程式：feature/dbase.c 第 93 行
物件：/clone/user/user#3397
呼叫来自：clone/user/user.c 的 reset() 第 86 行，物件： clone/user/user#3397 ("慕容秋荻")
呼叫来自：feature/dbase.c 的 add() 第 93 行，物件： clone/user/user#3397 ("慕容秋荻")

执行时段错误：*Bad argument 1 to call_other()
Expected: string or array or object Got: 0.

程式：feature/dbase.c 第 93 行
物件：/clone/user/user
呼叫来自：clone/user/user.c 的 reset() 第 86 行，物件： clone/user/user ("使用者物件")
呼叫来自：feature/dbase.c 的 add() 第 93 行，物件： clone/user/user ("使用者物件")
object /clone/kuang/ls/ls2#12752: eval_cost too big 2000000

执行时段错误：*Too long evaluation. Execution aborted.

程式：feature/name.c 第 42 行
物件：/clone/kuang/ls/ls2#12752
呼叫来自：feature/command.c 的 command_hook() 第 77 行，物件： clone/user/user#6406 ("慕容南辰")
呼叫来自：cmds/std/kill.c 的 main() 第 22 行，物件： cmds/std/kill
呼叫来自：adm/single/simul_efun.c 的 present() 第 119 行，物件： adm/single/simul_efun
呼叫来自：feature/name.c 的 id() 第 42 行，物件： clone/kuang/ls/ls2#12752 ("灵石")
object /clone/kuang/ls/ls2#12741: eval_cost too big 2000000

执行时段错误：*Too long evaluation. Execution aborted.

程式：feature/name.c 第 46 行
物件：/clone/kuang/ls/ls2#12741
呼叫来自：feature/command.c 的 command_hook() 第 77 行，物件： clone/user/user#6406 ("慕容南辰")
呼叫来自：cmds/std/kill.c 的 main() 第 22 行，物件： cmds/std/kill
呼叫来自：adm/single/simul_efun.c 的 present() 第 119 行，物件： adm/single/simul_efun
呼叫来自：feature/name.c 的 id() 第 46 行，物件： clone/kuang/ls/ls2#12741 ("灵石")
object /clone/user/user#9825: eval_cost too big 2000000

执行时段错误：*Too long evaluation. Execution aborted.

程式：clone/user/user.c 第 125 行
物件：/clone/user/user#9825
呼叫来自：feature/command.c 的 command_hook() 第 77 行，物件： clone/user/user#9825 ("懒兔浩然")
呼叫来自：cmds/skill/research.c 的 main() 第 212 行，物件： cmds/skill/research
呼叫来自：feature/dbase.c 的 add() 第 107 行，物件： clone/user/user#9825 ("懒兔浩然")
呼叫来自：clone/user/user.c 的 set() 第 125 行，物件： clone/user/user#9825 ("懒兔浩然")
object /clone/kuang/ls/ls5#13032: eval_cost too big 2000000

执行时段错误：*Too long evaluation. Execution aborted.

程式：feature/name.c 第 46 行
物件：/clone/kuang/ls/ls5#13032
呼叫来自：feature/command.c 的 command_hook() 第 77 行，物件： clone/user/user#6406 ("慕容南辰")
呼叫来自：cmds/std/kill.c 的 main() 第 22 行，物件： cmds/std/kill
呼叫来自：adm/single/simul_efun.c 的 present() 第 119 行，物件： adm/single/simul_efun
呼叫来自：feature/name.c 的 id() 第 46 行，物件： clone/kuang/ls/ls5#13032 ("灵石")

执行时段错误：*call_other() couldn't find object

程式：adm/daemons/npcd.c 第 421 行
物件：/adm/daemons/npcd
呼叫来自：inherit/char/char.c 的 heart_beat() 第 133 行，物件： clone/npc/walker#2065 ("杨夷溘")
呼叫来自：inherit/char/npc.c 的 scan() 第 299 行，物件： clone/npc/walker#2065 ("杨夷溘")
呼叫来自：inherit/char/npc.c 的 chat() 第 377 行，物件： clone/npc/walker#2065 ("杨夷溘")
呼叫来自：<function> 的 <function>() 第 0 行，物件： clone/npc/walker#2065 ("杨夷溘")
呼叫来自：clone/npc/walker.c 的 <function>() 第 27 行，物件： clone/npc/walker#2065 ("杨夷溘")
呼叫来自：adm/daemons/npcd.c 的 random_move() 第 421 行，物件： adm/daemons/npcd
Heart beat in clone/npc/walker#2065 turned off.
object /clone/user/user#9825: eval_cost too big 2000000

执行时段错误：*Too long evaluation. Execution aborted.

程式：feature/skill.c 第 369 行
物件：/clone/user/user#9825
呼叫来自：feature/command.c 的 command_hook() 第 77 行，物件： clone/user/user#9825 ("懒兔浩然")
呼叫来自：cmds/skill/research.c 的 main() 第 208 行，物件： cmds/skill/research
呼叫来自：feature/skill.c 的 improve_skill() 第 369 行，物件： clone/user/user#9825 ("懒兔浩然")
object /cmds/std/kill: eval_cost too big 2000000

执行时段错误：*Too long evaluation. Execution aborted.

程式：cmds/std/kill.c 第 35 行
物件：/cmds/std/kill
呼叫来自：feature/command.c 的 command_hook() 第 77 行，物件： clone/user/user#6406 ("慕容南辰")
呼叫来自：cmds/std/kill.c 的 main() 第 35 行，物件： cmds/std/kill
object /clone/user/user#9825: eval_cost too big 2000000

执行时段错误：*Too long evaluation. Execution aborted.

程式：feature/command.c 第 77 行
物件：/clone/user/user#9825
呼叫来自：feature/command.c 的 command_hook() 第 77 行，物件： clone/user/user#9825 ("懒兔浩然")
object /clone/user/user#9825: eval_cost too big 2000000

执行时段错误：*Too long evaluation. Execution aborted.

程式：feature/dbase.c 第 25 行
物件：/clone/user/user#9825
呼叫来自：feature/command.c 的 command_hook() 第 77 行，物件： clone/user/user#9825 ("懒兔浩然")
呼叫来自：cmds/skill/research.c 的 main() 第 186 行，物件： cmds/skill/research
呼叫来自：feature/damage.c 的 receive_damage() 第 50 行，物件： clone/user/user#9825 ("懒兔浩然")
呼叫来自：clone/user/user.c 的 set() 第 131 行，物件： clone/user/user#9825 ("懒兔浩然")
呼叫来自：feature/dbase.c 的 set() 第 25 行，物件： clone/user/user#9825 ("懒兔浩然")
object /clone/user/user#9825: eval_cost too big 2000000

执行时段错误：*Too long evaluation. Execution aborted.

程式：feature/dbase.c 第 27 行
物件：/clone/user/user#9825
呼叫来自：feature/command.c 的 command_hook() 第 77 行，物件： clone/user/user#9825 ("懒兔浩然")
呼叫来自：cmds/skill/research.c 的 main() 第 212 行，物件： cmds/skill/research
呼叫来自：feature/dbase.c 的 add() 第 107 行，物件： clone/user/user#9825 ("懒兔浩然")
呼叫来自：clone/user/user.c 的 set() 第 131 行，物件： clone/user/user#9825 ("懒兔浩然")
呼叫来自：feature/dbase.c 的 set() 第 27 行，物件： clone/user/user#9825 ("懒兔浩然")
object /clone/user/user#9825: eval_cost too big 2000000

执行时段错误：*Too long evaluation. Execution aborted.

程式：feature/skill.c 第 345 行
物件：/clone/user/user#9825
呼叫来自：feature/command.c 的 command_hook() 第 77 行，物件： clone/user/user#9825 ("懒兔浩然")
呼叫来自：cmds/skill/research.c 的 main() 第 208 行，物件： cmds/skill/research
呼叫来自：feature/skill.c 的 improve_skill() 第 345 行，物件： clone/user/user#9825 ("懒兔浩然")
object /clone/user/user#3397: eval_cost too big 2000000

执行时段错误：*Too long evaluation. Execution aborted.

程式：feature/name.c 第 44 行
物件：/clone/user/user#3397
呼叫来自：feature/command.c 的 command_hook() 第 77 行，物件： clone/user/user#3397 ("慕容秋荻")
呼叫来自：cmds/std/give.c 的 main() 第 52 行，物件： cmds/std/give
呼叫来自：adm/single/simul_efun.c 的 present() 第 119 行，物件： adm/single/simul_efun
呼叫来自：feature/name.c 的 id() 第 44 行，物件： clone/user/user#3397 ("慕容秋荻")
object /clone/user/user#3397: eval_cost too big 2000000

执行时段错误：*Too long evaluation. Execution aborted.

程式：feature/name.c 第 46 行
物件：/clone/user/user#3397
呼叫来自：feature/command.c 的 command_hook() 第 77 行，物件： clone/user/user#3397 ("慕容秋荻")
呼叫来自：cmds/std/give.c 的 main() 第 52 行，物件： cmds/std/give
呼叫来自：adm/single/simul_efun.c 的 present() 第 119 行，物件： adm/single/simul_efun
呼叫来自：feature/name.c 的 id() 第 46 行，物件： clone/user/user#3397 ("慕容秋荻")
object /clone/kuang/ls/ls3#13627: eval_cost too big 2000000

执行时段错误：*Too long evaluation. Execution aborted.

程式：feature/name.c 第 44 行
物件：/clone/kuang/ls/ls3#13627
呼叫来自：feature/command.c 的 command_hook() 第 77 行，物件： clone/user/user#6406 ("慕容南辰")
呼叫来自：cmds/std/kill.c 的 main() 第 22 行，物件： cmds/std/kill
呼叫来自：adm/single/simul_efun.c 的 present() 第 119 行，物件： adm/single/simul_efun
呼叫来自：feature/name.c 的 id() 第 44 行，物件： clone/kuang/ls/ls3#13627 ("灵石")
object /clone/user/user#6019: eval_cost too big 2000000

执行时段错误：*Too long evaluation. Execution aborted.

程式：feature/alias.c 第 113 行
物件：/clone/user/user#6019
呼叫来自：feature/alias.c 的 process_input() 第 113 行，物件： clone/user/user#6019 ("独孤雪怡")

执行时段错误：*Value being indexed is zero.

程式：clone/quest/search.c 第 91 行
物件：/clone/quest/search#13772
呼叫来自：adm/daemons/quest/search.c 的 heart_beat() 第 66 行，物件： adm/daemons/quest/search
呼叫来自：adm/daemons/quest/search.c 的 start_quest() 第 53 行，物件： adm/daemons/quest/search
呼叫来自：clone/quest/search.c 的 init_quest() 第 91 行，物件： clone/quest/search#13772 ("围攻0")
Heart beat in adm/daemons/quest/search turned off.
object /clone/user/user#9825: eval_cost too big 2000000

执行时段错误：*Too long evaluation. Execution aborted.

程式：feature/skill.c 第 343 行
物件：/clone/user/user#9825
呼叫来自：feature/command.c 的 command_hook() 第 77 行，物件： clone/user/user#9825 ("懒兔浩然")
呼叫来自：cmds/skill/research.c 的 main() 第 211 行，物件： cmds/skill/research
呼叫来自：feature/skill.c 的 improve_skill() 第 343 行，物件： clone/user/user#9825 ("懒兔浩然")
object /clone/kuang/ls/ls2#13604: eval_cost too big 2000000

执行时段错误：*Too long evaluation. Execution aborted.

程式：feature/name.c 第 46 行
物件：/clone/kuang/ls/ls2#13604
呼叫来自：feature/command.c 的 command_hook() 第 77 行，物件： clone/user/user#6406 ("慕容南辰")
呼叫来自：cmds/std/kill.c 的 main() 第 22 行，物件： cmds/std/kill
呼叫来自：adm/single/simul_efun.c 的 present() 第 119 行，物件： adm/single/simul_efun
呼叫来自：feature/name.c 的 id() 第 46 行，物件： clone/kuang/ls/ls2#13604 ("灵石")
object /cmds/skill/research: eval_cost too big 2000000

执行时段错误：*Too long evaluation. Execution aborted.

程式：cmds/skill/research.c 第 186 行
物件：/cmds/skill/research
呼叫来自：feature/command.c 的 command_hook() 第 77 行，物件： clone/user/user#9825 ("懒兔浩然")
呼叫来自：cmds/skill/research.c 的 main() 第 186 行，物件： cmds/skill/research
object /clone/user/user#9825: eval_cost too big 2000000

执行时段错误：*Too long evaluation. Execution aborted.

程式：feature/dbase.c 第 52 行
物件：/clone/user/user#9825
呼叫来自：feature/command.c 的 command_hook() 第 77 行，物件： clone/user/user#9825 ("懒兔浩然")
呼叫来自：cmds/skill/research.c 的 main() 第 209 行，物件： cmds/skill/research
呼叫来自：feature/dbase.c 的 add() 第 101 行，物件： clone/user/user#9825 ("懒兔浩然")
呼叫来自：feature/dbase.c 的 query() 第 52 行，物件： clone/user/user#9825 ("懒兔浩然")
object /clone/kuang/ls/ls4#13661: eval_cost too big 2000000

执行时段错误：*Too long evaluation. Execution aborted.

程式：feature/name.c 第 46 行
物件：/clone/kuang/ls/ls4#13661
呼叫来自：feature/command.c 的 command_hook() 第 77 行，物件： clone/user/user#6406 ("慕容南辰")
呼叫来自：cmds/std/kill.c 的 main() 第 22 行，物件： cmds/std/kill
呼叫来自：adm/single/simul_efun.c 的 present() 第 119 行，物件： adm/single/simul_efun
呼叫来自：feature/name.c 的 id() 第 46 行，物件： clone/kuang/ls/ls4#13661 ("灵石")

执行时段错误：*Bad argument 1 to environment()
Expected: object Got: 0.

程式：inherit/char/boss.c 第 37 行
物件：0
呼叫来自：inherit/char/char.c 的 heart_beat() 第 94 行，物件： 0
呼叫来自：quest/tulong/npc/dragon.c 的 unconcious() 第 178 行，物件： 0
呼叫来自：quest/tulong/npc/dragon.c 的 die() 第 164 行，物件： 0
呼叫来自：inherit/char/boss.c 的 die() 第 37 行，物件： 0
Heart beat in quest/tulong/npc/dragon#13799 turned off.
object /clone/user/user#9825: eval_cost too big 2000000

执行时段错误：*Too long evaluation. Execution aborted.

程式：feature/skill.c 第 335 行
物件：/clone/user/user#9825
呼叫来自：feature/command.c 的 command_hook() 第 77 行，物件： clone/user/user#9825 ("懒兔浩然")
呼叫来自：cmds/skill/research.c 的 main() 第 208 行，物件： cmds/skill/research
呼叫来自：feature/skill.c 的 improve_skill() 第 335 行，物件： clone/user/user#9825 ("懒兔浩然")
object /clone/user/user#9825: eval_cost too big 2000000

执行时段错误：*Too long evaluation. Execution aborted.

程式：feature/dbase.c 第 38 行
物件：/clone/user/user#9825
呼叫来自：feature/command.c 的 command_hook() 第 77 行，物件： clone/user/user#9825 ("懒兔浩然")
呼叫来自：cmds/skill/research.c 的 main() 第 212 行，物件： cmds/skill/research
呼叫来自：feature/dbase.c 的 add() 第 107 行，物件： clone/user/user#9825 ("懒兔浩然")
呼叫来自：clone/user/user.c 的 set() 第 131 行，物件： clone/user/user#9825 ("懒兔浩然")
呼叫来自：feature/dbase.c 的 set() 第 38 行，物件： clone/user/user#9825 ("懒兔浩然")
object /adm/daemons/channeld: eval_cost too big 2000000

执行时段错误：*Too long evaluation. Execution aborted.

程式：adm/daemons/channeld.c 第 235 行
物件：/adm/daemons/channeld
呼叫来自：feature/command.c 的 command_hook() 第 87 行，物件： clone/user/user#6019 ("独孤雪怡")
呼叫来自：adm/daemons/channeld.c 的 do_channel() 第 235 行，物件： adm/daemons/channeld
object /clone/user/user#9825: eval_cost too big 2000000

执行时段错误：*Too long evaluation. Execution aborted.

程式：feature/dbase.c 第 45 行
物件：/clone/user/user#9825
呼叫来自：feature/command.c 的 command_hook() 第 77 行，物件： clone/user/user#9825 ("懒兔浩然")
呼叫来自：cmds/skill/research.c 的 main() 第 212 行，物件： cmds/skill/research
呼叫来自：feature/dbase.c 的 add() 第 101 行，物件： clone/user/user#9825 ("懒兔浩然")
呼叫来自：feature/dbase.c 的 query() 第 45 行，物件： clone/user/user#9825 ("懒兔浩然")
object /clone/user/user#3397: eval_cost too big 2000000

执行时段错误：*Too long evaluation. Execution aborted.

程式：inherit/char/char.c 第 232 行
物件：/clone/user/user#3397
呼叫来自：feature/command.c 的 command_hook() 第 77 行，物件： clone/user/user#3397 ("慕容秋荻")
呼叫来自：cmds/std/give.c 的 main() 第 48 行，物件： cmds/std/give
呼叫来自：adm/single/simul_efun.c 的 present() 第 119 行，物件： adm/single/simul_efun
呼叫来自：feature/name.c 的 id() 第 44 行，物件： clone/user/user#3397 ("慕容秋荻")
呼叫来自：inherit/char/char.c 的 visible() 第 232 行，物件： clone/user/user#3397 ("慕容秋荻")
object /clone/user/user#9825: eval_cost too big 2000000

执行时段错误：*Too long evaluation. Execution aborted.

程式：feature/dbase.c 第 27 行
物件：/clone/user/user#9825
呼叫来自：feature/command.c 的 command_hook() 第 77 行，物件： clone/user/user#9825 ("懒兔浩然")
呼叫来自：cmds/skill/research.c 的 main() 第 212 行，物件： cmds/skill/research
呼叫来自：feature/dbase.c 的 add() 第 107 行，物件： clone/user/user#9825 ("懒兔浩然")
呼叫来自：clone/user/user.c 的 set() 第 131 行，物件： clone/user/user#9825 ("懒兔浩然")
呼叫来自：feature/dbase.c 的 set() 第 27 行，物件： clone/user/user#9825 ("懒兔浩然")
object /clone/new/y3/y3_neck#11933: eval_cost too big 2000000

执行时段错误：*Too long evaluation. Execution aborted.

程式：feature/name.c 第 42 行
物件：/clone/new/y3/y3_neck#11933
呼叫来自：feature/command.c 的 command_hook() 第 77 行，物件： clone/user/user#11922 ("八云")
呼叫来自：cmds/skill/research.c 的 main() 第 60 行，物件： cmds/skill/research
呼叫来自：adm/single/simul_efun.c 的 present() 第 119 行，物件： adm/single/simul_efun
呼叫来自：feature/name.c 的 id() 第 42 行，物件： clone/new/y3/y3_neck#11933 ("[1;33m史诗护符[2;37;0m")
object /clone/armor/daojian/lengyue#11938: eval_cost too big 2000000

执行时段错误：*Too long evaluation. Execution aborted.

程式：feature/name.c 第 46 行
物件：/clone/armor/daojian/lengyue#11938
呼叫来自：feature/command.c 的 command_hook() 第 77 行，物件： clone/user/user#11922 ("八云")
呼叫来自：cmds/skill/research.c 的 main() 第 60 行，物件： cmds/skill/research
呼叫来自：adm/single/simul_efun.c 的 present() 第 119 行，物件： adm/single/simul_efun
呼叫来自：feature/name.c 的 id() 第 46 行，物件： clone/armor/daojian/lengyue#11938 ("[1;33m天降·冷月冠[2;37;0m")
object /clone/user/user#6019: eval_cost too big 2000000

执行时段错误：*Too long evaluation. Execution aborted.

程式：feature/name.c 第 43 行
物件：/clone/user/user#6019
呼叫来自：feature/command.c 的 command_hook() 第 77 行，物件： clone/user/user#3397 ("慕容秋荻")
呼叫来自：cmds/std/give.c 的 main() 第 52 行，物件： cmds/std/give
呼叫来自：adm/single/simul_efun.c 的 present() 第 119 行，物件： adm/single/simul_efun
呼叫来自：feature/name.c 的 id() 第 43 行，物件： clone/user/user#6019 ("独孤雪怡")
object /clone/new/y3/y3_arrmor#11934: eval_cost too big 2000000

执行时段错误：*Too long evaluation. Execution aborted.

程式：feature/name.c 第 46 行
物件：/clone/new/y3/y3_arrmor#11934
呼叫来自：feature/command.c 的 command_hook() 第 77 行，物件： clone/user/user#11922 ("八云")
呼叫来自：cmds/skill/research.c 的 main() 第 60 行，物件： cmds/skill/research
呼叫来自：adm/single/simul_efun.c 的 present() 第 119 行，物件： adm/single/simul_efun
呼叫来自：feature/name.c 的 id() 第 46 行，物件： clone/new/y3/y3_arrmor#11934 ("[1;33m史诗圣袍[2;37;0m")
object /clone/kuang/ls/ls2#14006: eval_cost too big 2000000

执行时段错误：*Too long evaluation. Execution aborted.

程式：feature/name.c 第 43 行
物件：/clone/kuang/ls/ls2#14006
呼叫来自：feature/command.c 的 command_hook() 第 77 行，物件： clone/user/user#6406 ("慕容南辰")
呼叫来自：cmds/std/kill.c 的 main() 第 22 行，物件： cmds/std/kill
呼叫来自：adm/single/simul_efun.c 的 present() 第 119 行，物件： adm/single/simul_efun
呼叫来自：feature/name.c 的 id() 第 43 行，物件： clone/kuang/ls/ls2#14006 ("灵石")
object /clone/kuang/x2#13993: eval_cost too big 2000000

执行时段错误：*Too long evaluation. Execution aborted.

程式：feature/name.c 第 46 行
物件：/clone/kuang/x2#13993
呼叫来自：feature/command.c 的 command_hook() 第 77 行，物件： clone/user/user#6406 ("慕容南辰")
呼叫来自：cmds/std/kill.c 的 main() 第 22 行，物件： cmds/std/kill
呼叫来自：adm/single/simul_efun.c 的 present() 第 119 行，物件： adm/single/simul_efun
呼叫来自：feature/name.c 的 id() 第 46 行，物件： clone/kuang/x2#13993 ("[36mX箱[2;37;0m")
object /clone/new/y3/y3_pants#11935: eval_cost too big 2000000

执行时段错误：*Too long evaluation. Execution aborted.

程式：feature/name.c 第 43 行
物件：/clone/new/y3/y3_pants#11935
呼叫来自：feature/command.c 的 command_hook() 第 77 行，物件： clone/user/user#11922 ("八云")
呼叫来自：cmds/skill/research.c 的 main() 第 60 行，物件： cmds/skill/research
呼叫来自：adm/single/simul_efun.c 的 present() 第 119 行，物件： adm/single/simul_efun
呼叫来自：feature/name.c 的 id() 第 43 行，物件： clone/new/y3/y3_pants#11935 ("[1;33m史诗护腿[2;37;0m")
object /clone/kuang/ls/ls4#14033: eval_cost too big 2000000

执行时段错误：*Too long evaluation. Execution aborted.

程式：feature/name.c 第 46 行
物件：/clone/kuang/ls/ls4#14033
呼叫来自：feature/command.c 的 command_hook() 第 77 行，物件： clone/user/user#6406 ("慕容南辰")
呼叫来自：cmds/std/kill.c 的 main() 第 22 行，物件： cmds/std/kill
呼叫来自：adm/single/simul_efun.c 的 present() 第 119 行，物件： adm/single/simul_efun
呼叫来自：feature/name.c 的 id() 第 46 行，物件： clone/kuang/ls/ls4#14033 ("灵石")
object /clone/user/user#11922: eval_cost too big 2000000

执行时段错误：*Too long evaluation. Execution aborted.

程式：feature/treemap.c 第 11 行
物件：/clone/user/user#11922
呼叫来自：feature/command.c 的 command_hook() 第 77 行，物件： clone/user/user#11922 ("八云")
呼叫来自：cmds/skill/research.c 的 main() 第 56 行，物件： cmds/skill/research
呼叫来自：feature/dbase.c 的 query() 第 48 行，物件： clone/user/user#11922 ("八云")
呼叫来自：feature/treemap.c 的 _query() 第 11 行，物件： clone/user/user#11922 ("八云")

执行时段错误：*Bad argument 1 to call_other()
Expected: string or array or object Got: 0.

程式：inherit/room/room.c 第 25 行
物件：/data/room/moyin/qianting
呼叫来自：inherit/room/room.c 的 reset() 第 86 行，物件： data/room/moyin/qianting
呼叫来自：inherit/room/room.c 的 make_inventory() 第 25 行，物件： data/room/moyin/qianting

执行时段错误：*Error in loading object '/d/wudu/npc/qiandu3'

程式：inherit/room/room.c 第 24 行
物件：/d/wudu/qiandu2
呼叫来自：inherit/room/room.c 的 reset() 第 86 行，物件： d/wudu/qiandu2
呼叫来自：inherit/room/room.c 的 make_inventory() 第 24 行，物件： d/wudu/qiandu2

执行时段错误：*Error in loading object '/d/mingjiao/npc/tangyang'

程式：inherit/room/room.c 第 24 行
物件：/d/mingjiao/hsqdating
呼叫来自：inherit/room/room.c 的 reset() 第 86 行，物件： d/mingjiao/hsqdating
呼叫来自：inherit/room/room.c 的 make_inventory() 第 24 行，物件： d/mingjiao/hsqdating

执行时段错误：*Bad argument 1 to call_other()
Expected: string or array or object Got: 0.

程式：inherit/room/room.c 第 25 行
物件：/data/room/tyz000/qianting
呼叫来自：inherit/room/room.c 的 reset() 第 86 行，物件： data/room/tyz000/qianting
呼叫来自：inherit/room/room.c 的 make_inventory() 第 25 行，物件： data/room/tyz000/qianting

执行时段错误：*Error in loading object '/kungfu/class/sky/obj/shenjiu'

程式：inherit/char/npc.c 第 17 行
物件：/d/luoyang/npc/libai#14122
呼叫来自：inherit/room/room.c 的 reset() 第 86 行，物件： d/luoyang/zuixianlou4
呼叫来自：inherit/room/room.c 的 make_inventory() 第 24 行，物件： d/luoyang/zuixianlou4
呼叫来自：d/luoyang/npc/libai.c 的 create() 第 64 行，物件： d/luoyang/npc/libai#14122 ("李白")
呼叫来自：inherit/char/npc.c 的 carry_object() 第 17 行，物件： d/luoyang/npc/libai#14122 ("李白")

执行时段错误：*Bad argument 1 to call_other()
Expected: string or array or object Got: 0.

程式：inherit/room/room.c 第 25 行
物件：/data/room/w2544460429/qianting
呼叫来自：inherit/room/room.c 的 reset() 第 86 行，物件： data/room/w2544460429/qianting
呼叫来自：inherit/room/room.c 的 make_inventory() 第 25 行，物件： data/room/w2544460429/qianting

执行时段错误：*Bad argument 1 to call_other()
Expected: string or array or object Got: 0.

程式：inherit/room/room.c 第 25 行
物件：/data/room/qazzaq/qianting
呼叫来自：inherit/room/room.c 的 reset() 第 86 行，物件： data/room/qazzaq/qianting
呼叫来自：inherit/room/room.c 的 make_inventory() 第 25 行，物件： data/room/qazzaq/qianting

执行时段错误：*Bad argument 1 to call_other()
Expected: string or array or object Got: 0.

程式：inherit/room/room.c 第 25 行
物件：/data/room/adawong/qianting
呼叫来自：inherit/room/room.c 的 reset() 第 86 行，物件： data/room/adawong/qianting
呼叫来自：inherit/room/room.c 的 make_inventory() 第 25 行，物件： data/room/adawong/qianting

执行时段错误：*Bad argument 1 to call_other()
Expected: string or array or object Got: 0.

程式：inherit/room/room.c 第 25 行
物件：/data/room/pxhaha/qianting
呼叫来自：inherit/room/room.c 的 reset() 第 86 行，物件： data/room/pxhaha/qianting
呼叫来自：inherit/room/room.c 的 make_inventory() 第 25 行，物件： data/room/pxhaha/qianting

执行时段错误：*Bad argument 1 to call_other()
Expected: string or array or object Got: 0.

程式：inherit/room/room.c 第 25 行
物件：/data/room/pxdaye/qianting
呼叫来自：inherit/room/room.c 的 reset() 第 86 行，物件： data/room/pxdaye/qianting
呼叫来自：inherit/room/room.c 的 make_inventory() 第 25 行，物件： data/room/pxdaye/qianting

执行时段错误：*Bad argument 1 to call_other()
Expected: string or array or object Got: 0.

程式：inherit/room/room.c 第 25 行
物件：/data/room/hubert/qianting
呼叫来自：inherit/room/room.c 的 reset() 第 86 行，物件： data/room/hubert/qianting
呼叫来自：inherit/room/room.c 的 make_inventory() 第 25 行，物件： data/room/hubert/qianting
object /clone/user/user#11922: eval_cost too big 2000000

执行时段错误：*Too long evaluation. Execution aborted.

程式：feature/treemap.c 第 9 行
物件：/clone/user/user#11922
呼叫来自：feature/command.c 的 command_hook() 第 77 行，物件： clone/user/user#11922 ("八云")
呼叫来自：cmds/skill/research.c 的 main() 第 53 行，物件： cmds/skill/research
呼叫来自：feature/dbase.c 的 query() 第 48 行，物件： clone/user/user#11922 ("八云")
呼叫来自：feature/treemap.c 的 _query() 第 9 行，物件： clone/user/user#11922 ("八云")
object /clone/user/user#6406: eval_cost too big 2000000

执行时段错误：*Too long evaluation. Execution aborted.

程式：feature/command.c 第 20 行
物件：/clone/user/user#6406
呼叫来自：feature/command.c 的 command_hook() 第 76 行，物件： clone/user/user#6406 ("慕容南辰")
呼叫来自：feature/command.c 的 find_command() 第 20 行，物件： clone/user/user#6406 ("慕容南辰")
object /clone/user/user#12: eval_cost too big 2000000

执行时段错误：*Too long evaluation. Execution aborted.

程式：feature/skill.c 第 345 行
物件：/clone/user/user#12
呼叫来自：feature/command.c 的 command_hook() 第 77 行，物件： clone/user/user#12 ("胡庆余")
呼叫来自：cmds/skill/research.c 的 main() 第 211 行，物件： cmds/skill/research
呼叫来自：feature/skill.c 的 improve_skill() 第 345 行，物件： clone/user/user#12 ("胡庆余")
object /cmds/skill/research: eval_cost too big 2000000

执行时段错误：*Too long evaluation. Execution aborted.

程式：cmds/skill/research.c 第 208 行
物件：/cmds/skill/research
呼叫来自：feature/command.c 的 command_hook() 第 77 行，物件： clone/user/user#12 ("胡庆余")
呼叫来自：cmds/skill/research.c 的 main() 第 208 行，物件： cmds/skill/research
错误讯息被拦截：
执行时段错误：*Error in loading object '/adm/daemons/story/labazhou'

程式：adm/daemons/storyd.c 第 131 行
物件：/adm/daemons/storyd
呼叫来自：adm/daemons/storyd.c 的 start_story() 第 131 行，物件： adm/daemons/storyd
呼叫来自：adm/daemons/storyd.c 的 CATCH() 第 131 行，物件： adm/daemons/storyd
object /clone/user/user#11922: eval_cost too big 2000000

执行时段错误：*Too long evaluation. Execution aborted.

程式：feature/dbase.c 第 57 行
物件：/clone/user/user#11922
呼叫来自：feature/command.c 的 command_hook() 第 77 行，物件： clone/user/user#11922 ("八云")
呼叫来自：cmds/skill/research.c 的 main() 第 55 行，物件： cmds/skill/research
呼叫来自：feature/dbase.c 的 query() 第 57 行，物件： clone/user/user#11922 ("八云")
object /clone/user/user#12: eval_cost too big 2000000

执行时段错误：*Too long evaluation. Execution aborted.

程式：feature/dbase.c 第 87 行
物件：/clone/user/user#12
呼叫来自：feature/command.c 的 command_hook() 第 77 行，物件： clone/user/user#12 ("胡庆余")
呼叫来自：cmds/skill/research.c 的 main() 第 212 行，物件： cmds/skill/research
呼叫来自：feature/dbase.c 的 add() 第 87 行，物件： clone/user/user#12 ("胡庆余")
object /clone/user/user#12: eval_cost too big 2000000

执行时段错误：*Too long evaluation. Execution aborted.

程式：feature/skill.c 第 365 行
物件：/clone/user/user#12
呼叫来自：feature/command.c 的 command_hook() 第 77 行，物件： clone/user/user#12 ("胡庆余")
呼叫来自：cmds/skill/research.c 的 main() 第 208 行，物件： cmds/skill/research
呼叫来自：feature/skill.c 的 improve_skill() 第 365 行，物件： clone/user/user#12 ("胡庆余")
object /clone/user/user#11922: eval_cost too big 2000000

执行时段错误：*Too long evaluation. Execution aborted.

程式：feature/dbase.c 第 47 行
物件：/clone/user/user#11922
呼叫来自：feature/command.c 的 command_hook() 第 77 行，物件： clone/user/user#11922 ("八云")
呼叫来自：cmds/skill/research.c 的 main() 第 53 行，物件： cmds/skill/research
呼叫来自：feature/dbase.c 的 query() 第 47 行，物件： clone/user/user#11922 ("八云")
object /clone/user/user#12: eval_cost too big 2000000

执行时段错误：*Too long evaluation. Execution aborted.

程式：feature/dbase.c 第 55 行
物件：/clone/user/user#12
呼叫来自：feature/command.c 的 command_hook() 第 77 行，物件： clone/user/user#12 ("胡庆余")
呼叫来自：cmds/skill/research.c 的 main() 第 212 行，物件： cmds/skill/research
呼叫来自：feature/dbase.c 的 add() 第 101 行，物件： clone/user/user#12 ("胡庆余")
呼叫来自：feature/dbase.c 的 query() 第 55 行，物件： clone/user/user#12 ("胡庆余")
object /clone/user/user#12: eval_cost too big 2000000

执行时段错误：*Too long evaluation. Execution aborted.

程式：feature/skill.c 第 330 行
物件：/clone/user/user#12
呼叫来自：feature/command.c 的 command_hook() 第 77 行，物件： clone/user/user#12 ("胡庆余")
呼叫来自：cmds/skill/research.c 的 main() 第 208 行，物件： cmds/skill/research
呼叫来自：feature/skill.c 的 improve_skill() 第 330 行，物件： clone/user/user#12 ("胡庆余")
object /clone/user/user#11922: eval_cost too big 2000000

执行时段错误：*Too long evaluation. Execution aborted.

程式：feature/treemap.c 第 9 行
物件：/clone/user/user#11922
呼叫来自：feature/command.c 的 command_hook() 第 77 行，物件： clone/user/user#11922 ("八云")
呼叫来自：cmds/skill/research.c 的 main() 第 55 行，物件： cmds/skill/research
呼叫来自：feature/dbase.c 的 query_temp() 第 132 行，物件： clone/user/user#11922 ("八云")
呼叫来自：feature/treemap.c 的 _query() 第 9 行，物件： clone/user/user#11922 ("八云")
object /clone/user/user#12: eval_cost too big 2000000

执行时段错误：*Too long evaluation. Execution aborted.

程式：feature/dbase.c 第 52 行
物件：/clone/user/user#12
呼叫来自：feature/command.c 的 command_hook() 第 77 行，物件： clone/user/user#12 ("胡庆余")
呼叫来自：cmds/skill/research.c 的 main() 第 170 行，物件： cmds/skill/research
呼叫来自：feature/dbase.c 的 query() 第 52 行，物件： clone/user/user#12 ("胡庆余")
object /clone/user/user#12: eval_cost too big 2000000

执行时段错误：*Too long evaluation. Execution aborted.

程式：feature/skill.c 第 365 行
物件：/clone/user/user#12
呼叫来自：feature/command.c 的 command_hook() 第 77 行，物件： clone/user/user#12 ("胡庆余")
呼叫来自：cmds/skill/research.c 的 main() 第 208 行，物件： cmds/skill/research
呼叫来自：feature/skill.c 的 improve_skill() 第 365 行，物件： clone/user/user#12 ("胡庆余")
object /clone/user/user#12: eval_cost too big 2000000

执行时段错误：*Too long evaluation. Execution aborted.

程式：clone/user/user.c 第 125 行
物件：/clone/user/user#12
呼叫来自：feature/command.c 的 command_hook() 第 77 行，物件： clone/user/user#12 ("胡庆余")
呼叫来自：cmds/skill/research.c 的 main() 第 212 行，物件： cmds/skill/research
呼叫来自：feature/dbase.c 的 add() 第 107 行，物件： clone/user/user#12 ("胡庆余")
呼叫来自：clone/user/user.c 的 set() 第 125 行，物件： clone/user/user#12 ("胡庆余")
object /cmds/skill/research: eval_cost too big 2000000

执行时段错误：*Too long evaluation. Execution aborted.

程式：cmds/skill/research.c 第 211 行
物件：/cmds/skill/research
呼叫来自：feature/command.c 的 command_hook() 第 77 行，物件： clone/user/user#12 ("胡庆余")
呼叫来自：cmds/skill/research.c 的 main() 第 211 行，物件： cmds/skill/research
object /clone/user/user#12: eval_cost too big 2000000

执行时段错误：*Too long evaluation. Execution aborted.

程式：clone/user/user.c 第 125 行
物件：/clone/user/user#12
呼叫来自：feature/command.c 的 command_hook() 第 77 行，物件： clone/user/user#12 ("胡庆余")
呼叫来自：cmds/skill/research.c 的 main() 第 186 行，物件： cmds/skill/research
呼叫来自：feature/damage.c 的 receive_damage() 第 50 行，物件： clone/user/user#12 ("胡庆余")
呼叫来自：clone/user/user.c 的 set() 第 125 行，物件： clone/user/user#12 ("胡庆余")
object /clone/user/user#12: eval_cost too big 2000000

执行时段错误：*Too long evaluation. Execution aborted.

程式：feature/skill.c 第 330 行
物件：/clone/user/user#12
呼叫来自：feature/command.c 的 command_hook() 第 77 行，物件： clone/user/user#12 ("胡庆余")
呼叫来自：cmds/skill/research.c 的 main() 第 208 行，物件： cmds/skill/research
呼叫来自：feature/skill.c 的 improve_skill() 第 330 行，物件： clone/user/user#12 ("胡庆余")
object /cmds/std/kill: eval_cost too big 2000000

执行时段错误：*Too long evaluation. Execution aborted.

程式：cmds/std/kill.c 第 46 行
物件：/cmds/std/kill
呼叫来自：feature/command.c 的 command_hook() 第 77 行，物件： clone/user/user#6406 ("慕容南辰")
呼叫来自：cmds/std/kill.c 的 main() 第 46 行，物件： cmds/std/kill
object /clone/user/user#12: eval_cost too big 2000000

执行时段错误：*Too long evaluation. Execution aborted.

程式：feature/skill.c 第 365 行
物件：/clone/user/user#12
呼叫来自：feature/command.c 的 command_hook() 第 77 行，物件： clone/user/user#12 ("胡庆余")
呼叫来自：cmds/skill/research.c 的 main() 第 208 行，物件： cmds/skill/research
呼叫来自：feature/skill.c 的 improve_skill() 第 365 行，物件： clone/user/user#12 ("胡庆余")
object /clone/user/user#12: eval_cost too big 2000000

执行时段错误：*Too long evaluation. Execution aborted.

程式：feature/dbase.c 第 45 行
物件：/clone/user/user#12
呼叫来自：feature/command.c 的 command_hook() 第 77 行，物件： clone/user/user#12 ("胡庆余")
呼叫来自：cmds/skill/research.c 的 main() 第 212 行，物件： cmds/skill/research
呼叫来自：feature/dbase.c 的 add() 第 101 行，物件： clone/user/user#12 ("胡庆余")
呼叫来自：feature/dbase.c 的 query() 第 45 行，物件： clone/user/user#12 ("胡庆余")
object /d/maze/khxz/npc/18#14441: eval_cost too big 2000000

执行时段错误：*Too long evaluation. Execution aborted.

程式：feature/name.c 第 44 行
物件：/d/maze/khxz/npc/18#14441
呼叫来自：feature/command.c 的 command_hook() 第 77 行，物件： clone/user/user#6406 ("慕容南辰")
呼叫来自：cmds/std/kill.c 的 main() 第 22 行，物件： cmds/std/kill
呼叫来自：adm/single/simul_efun.c 的 present() 第 119 行，物件： adm/single/simul_efun
呼叫来自：feature/name.c 的 id() 第 44 行，物件： d/maze/khxz/npc/18#14441 ("核心弟子")
object /clone/user/user#12: eval_cost too big 2000000

执行时段错误：*Too long evaluation. Execution aborted.

程式：feature/dbase.c 第 52 行
物件：/clone/user/user#12
呼叫来自：feature/command.c 的 command_hook() 第 77 行，物件： clone/user/user#12 ("胡庆余")
呼叫来自：cmds/skill/research.c 的 main() 第 209 行，物件： cmds/skill/research
呼叫来自：feature/dbase.c 的 add() 第 101 行，物件： clone/user/user#12 ("胡庆余")
呼叫来自：feature/dbase.c 的 query() 第 52 行，物件： clone/user/user#12 ("胡庆余")
object /clone/armor/daojian/xingshi#11939: eval_cost too big 2000000

执行时段错误：*Too long evaluation. Execution aborted.

程式：feature/name.c 第 43 行
物件：/clone/armor/daojian/xingshi#11939
呼叫来自：feature/command.c 的 command_hook() 第 77 行，物件： clone/user/user#11922 ("八云")
呼叫来自：cmds/skill/research.c 的 main() 第 60 行，物件： cmds/skill/research
呼叫来自：adm/single/simul_efun.c 的 present() 第 119 行，物件： adm/single/simul_efun
呼叫来自：feature/name.c 的 id() 第 43 行，物件： clone/armor/daojian/xingshi#11939 ("[1;33m天降·醒世环[2;37;0m")
object /clone/user/user#11922: eval_cost too big 2000000

执行时段错误：*Too long evaluation. Execution aborted.

程式：feature/dbase.c 第 57 行
物件：/clone/user/user#11922
呼叫来自：feature/command.c 的 command_hook() 第 77 行，物件： clone/user/user#11922 ("八云")
呼叫来自：cmds/skill/research.c 的 main() 第 56 行，物件： cmds/skill/research
呼叫来自：feature/dbase.c 的 query() 第 57 行，物件： clone/user/user#11922 ("八云")
object /clone/user/user#12: eval_cost too big 2000000

执行时段错误：*Too long evaluation. Execution aborted.

程式：feature/dbase.c 第 87 行
物件：/clone/user/user#12
呼叫来自：feature/command.c 的 command_hook() 第 77 行，物件： clone/user/user#12 ("胡庆余")
呼叫来自：cmds/skill/research.c 的 main() 第 212 行，物件： cmds/skill/research
呼叫来自：feature/dbase.c 的 add() 第 87 行，物件： clone/user/user#12 ("胡庆余")
object /clone/user/user#12: eval_cost too big 2000000

执行时段错误：*Too long evaluation. Execution aborted.

程式：feature/skill.c 第 365 行
物件：/clone/user/user#12
呼叫来自：feature/command.c 的 command_hook() 第 77 行，物件： clone/user/user#12 ("胡庆余")
呼叫来自：cmds/skill/research.c 的 main() 第 211 行，物件： cmds/skill/research
呼叫来自：feature/skill.c 的 improve_skill() 第 365 行，物件： clone/user/user#12 ("胡庆余")
object /clone/user/user#12: eval_cost too big 2000000

执行时段错误：*Too long evaluation. Execution aborted.

程式：feature/dbase.c 第 45 行
物件：/clone/user/user#12
呼叫来自：feature/command.c 的 command_hook() 第 77 行，物件： clone/user/user#12 ("胡庆余")
呼叫来自：cmds/skill/research.c 的 main() 第 212 行，物件： cmds/skill/research
呼叫来自：feature/dbase.c 的 add() 第 101 行，物件： clone/user/user#12 ("胡庆余")
呼叫来自：feature/dbase.c 的 query() 第 45 行，物件： clone/user/user#12 ("胡庆余")
object /clone/user/user#12: eval_cost too big 2000000

执行时段错误：*Too long evaluation. Execution aborted.

程式：feature/skill.c 第 342 行
物件：/clone/user/user#12
呼叫来自：feature/command.c 的 command_hook() 第 77 行，物件： clone/user/user#12 ("胡庆余")
呼叫来自：cmds/skill/research.c 的 main() 第 211 行，物件： cmds/skill/research
呼叫来自：feature/skill.c 的 improve_skill() 第 342 行，物件： clone/user/user#12 ("胡庆余")
object /clone/user/user#12: eval_cost too big 2000000

执行时段错误：*Too long evaluation. Execution aborted.

程式：feature/skill.c 第 337 行
物件：/clone/user/user#12
呼叫来自：feature/command.c 的 command_hook() 第 77 行，物件： clone/user/user#12 ("胡庆余")
呼叫来自：cmds/skill/research.c 的 main() 第 211 行，物件： cmds/skill/research
呼叫来自：feature/skill.c 的 improve_skill() 第 337 行，物件： clone/user/user#12 ("胡庆余")
object /clone/user/user#12: eval_cost too big 2000000

执行时段错误：*Too long evaluation. Execution aborted.

程式：feature/dbase.c 第 101 行
物件：/clone/user/user#12
呼叫来自：feature/command.c 的 command_hook() 第 77 行，物件： clone/user/user#12 ("胡庆余")
呼叫来自：cmds/skill/research.c 的 main() 第 209 行，物件： cmds/skill/research
呼叫来自：feature/dbase.c 的 add() 第 101 行，物件： clone/user/user#12 ("胡庆余")
object /clone/user/user#12: eval_cost too big 2000000

执行时段错误：*Too long evaluation. Execution aborted.

程式：feature/skill.c 第 369 行
物件：/clone/user/user#12
呼叫来自：feature/command.c 的 command_hook() 第 77 行，物件： clone/user/user#12 ("胡庆余")
呼叫来自：cmds/skill/research.c 的 main() 第 208 行，物件： cmds/skill/research
呼叫来自：feature/skill.c 的 improve_skill() 第 369 行，物件： clone/user/user#12 ("胡庆余")
object /cmds/skill/research: eval_cost too big 2000000

执行时段错误：*Too long evaluation. Execution aborted.

程式：cmds/skill/research.c 第 200 行
物件：/cmds/skill/research
呼叫来自：feature/command.c 的 command_hook() 第 77 行，物件： clone/user/user#12 ("胡庆余")
呼叫来自：cmds/skill/research.c 的 main() 第 200 行，物件： cmds/skill/research
object /clone/user/user#12: eval_cost too big 2000000

执行时段错误：*Too long evaluation. Execution aborted.

程式：feature/skill.c 第 369 行
物件：/clone/user/user#12
呼叫来自：feature/command.c 的 command_hook() 第 77 行，物件： clone/user/user#12 ("胡庆余")
呼叫来自：cmds/skill/research.c 的 main() 第 208 行，物件： cmds/skill/research
呼叫来自：feature/skill.c 的 improve_skill() 第 369 行，物件： clone/user/user#12 ("胡庆余")
object /clone/user/user#12: eval_cost too big 2000000

执行时段错误：*Too long evaluation. Execution aborted.

程式：feature/dbase.c 第 50 行
物件：/clone/user/user#12
呼叫来自：feature/command.c 的 command_hook() 第 77 行，物件： clone/user/user#12 ("胡庆余")
呼叫来自：cmds/skill/research.c 的 main() 第 212 行，物件： cmds/skill/research
呼叫来自：feature/dbase.c 的 add() 第 101 行，物件： clone/user/user#12 ("胡庆余")
呼叫来自：feature/dbase.c 的 query() 第 50 行，物件： clone/user/user#12 ("胡庆余")
object /clone/user/user#12: eval_cost too big 2000000

执行时段错误：*Too long evaluation. Execution aborted.

程式：feature/skill.c 第 345 行
物件：/clone/user/user#12
呼叫来自：feature/command.c 的 command_hook() 第 77 行，物件： clone/user/user#12 ("胡庆余")
呼叫来自：cmds/skill/research.c 的 main() 第 208 行，物件： cmds/skill/research
呼叫来自：feature/skill.c 的 improve_skill() 第 345 行，物件： clone/user/user#12 ("胡庆余")
object /clone/kuang/ls/ls5#14915: eval_cost too big 2000000

执行时段错误：*Too long evaluation. Execution aborted.

程式：feature/name.c 第 43 行
物件：/clone/kuang/ls/ls5#14915
呼叫来自：feature/command.c 的 command_hook() 第 77 行，物件： clone/user/user#6406 ("慕容南辰")
呼叫来自：cmds/std/kill.c 的 main() 第 22 行，物件： cmds/std/kill
呼叫来自：adm/single/simul_efun.c 的 present() 第 119 行，物件： adm/single/simul_efun
呼叫来自：feature/name.c 的 id() 第 43 行，物件： clone/kuang/ls/ls5#14915 ("灵石")
object /clone/user/user#12: eval_cost too big 2000000

执行时段错误：*Too long evaluation. Execution aborted.

程式：feature/dbase.c 第 104 行
物件：/clone/user/user#12
呼叫来自：feature/command.c 的 command_hook() 第 77 行，物件： clone/user/user#12 ("胡庆余")
呼叫来自：cmds/skill/research.c 的 main() 第 209 行，物件： cmds/skill/research
呼叫来自：feature/dbase.c 的 add() 第 104 行，物件： clone/user/user#12 ("胡庆余")
object /clone/user/user#11922: eval_cost too big 2000000

执行时段错误：*Too long evaluation. Execution aborted.

程式：feature/treemap.c 第 11 行
物件：/clone/user/user#11922
呼叫来自：feature/command.c 的 command_hook() 第 77 行，物件： clone/user/user#11922 ("八云")
呼叫来自：cmds/skill/research.c 的 main() 第 37 行，物件： cmds/skill/research
呼叫来自：feature/dbase.c 的 query_temp() 第 132 行，物件： clone/user/user#11922 ("八云")
呼叫来自：feature/treemap.c 的 _query() 第 11 行，物件： clone/user/user#11922 ("八云")
object /cmds/std/give: eval_cost too big 2000000

执行时段错误：*Too long evaluation. Execution aborted.

程式：cmds/std/give.c 第 45 行
物件：/cmds/std/give
呼叫来自：feature/command.c 的 command_hook() 第 77 行，物件： clone/user/user#14351 ("慕容秋荻")
呼叫来自：cmds/std/give.c 的 main() 第 45 行，物件： cmds/std/give
object /clone/user/user#12: eval_cost too big 2000000

执行时段错误：*Too long evaluation. Execution aborted.

程式：feature/damage.c 第 50 行
物件：/clone/user/user#12
呼叫来自：feature/command.c 的 command_hook() 第 77 行，物件： clone/user/user#12 ("胡庆余")
呼叫来自：cmds/skill/research.c 的 main() 第 186 行，物件： cmds/skill/research
呼叫来自：feature/damage.c 的 receive_damage() 第 50 行，物件： clone/user/user#12 ("胡庆余")
object /clone/user/user#11922: eval_cost too big 2000000

执行时段错误：*Too long evaluation. Execution aborted.

程式：feature/command.c 第 59 行
物件：/clone/user/user#11922
呼叫来自：feature/command.c 的 command_hook() 第 59 行，物件： clone/user/user#11922 ("八云")
object /cmds/skill/research: eval_cost too big 2000000

执行时段错误：*Too long evaluation. Execution aborted.

程式：cmds/skill/research.c 第 208 行
物件：/cmds/skill/research
呼叫来自：feature/command.c 的 command_hook() 第 77 行，物件： clone/user/user#12 ("胡庆余")
呼叫来自：cmds/skill/research.c 的 main() 第 208 行，物件： cmds/skill/research
object /clone/user/user#12: eval_cost too big 2000000

执行时段错误：*Too long evaluation. Execution aborted.

程式：feature/dbase.c 第 57 行
物件：/clone/user/user#12
呼叫来自：feature/command.c 的 command_hook() 第 77 行，物件： clone/user/user#12 ("胡庆余")
呼叫来自：cmds/skill/research.c 的 main() 第 170 行，物件： cmds/skill/research
呼叫来自：feature/dbase.c 的 query() 第 57 行，物件： clone/user/user#12 ("胡庆余")
object /clone/user/user#12: eval_cost too big 2000000

执行时段错误：*Too long evaluation. Execution aborted.

程式：feature/skill.c 第 343 行
物件：/clone/user/user#12
呼叫来自：feature/command.c 的 command_hook() 第 77 行，物件： clone/user/user#12 ("胡庆余")
呼叫来自：cmds/skill/research.c 的 main() 第 211 行，物件： cmds/skill/research
呼叫来自：feature/skill.c 的 improve_skill() 第 343 行，物件： clone/user/user#12 ("胡庆余")
object /clone/user/user#12: eval_cost too big 2000000

执行时段错误：*Too long evaluation. Execution aborted.

程式：feature/skill.c 第 330 行
物件：/clone/user/user#12
呼叫来自：feature/command.c 的 command_hook() 第 77 行，物件： clone/user/user#12 ("胡庆余")
呼叫来自：cmds/skill/research.c 的 main() 第 211 行，物件： cmds/skill/research
呼叫来自：feature/skill.c 的 improve_skill() 第 330 行，物件： clone/user/user#12 ("胡庆余")
object /cmds/skill/research: eval_cost too big 2000000

执行时段错误：*Too long evaluation. Execution aborted.

程式：cmds/skill/research.c 第 55 行
物件：/cmds/skill/research
呼叫来自：feature/command.c 的 command_hook() 第 77 行，物件： clone/user/user#11922 ("八云")
呼叫来自：cmds/skill/research.c 的 main() 第 55 行，物件： cmds/skill/research
object /clone/kuang/ls/ls4#14905: eval_cost too big 2000000

执行时段错误：*Too long evaluation. Execution aborted.

程式：feature/name.c 第 46 行
物件：/clone/kuang/ls/ls4#14905
呼叫来自：feature/command.c 的 command_hook() 第 77 行，物件： clone/user/user#6406 ("慕容南辰")
呼叫来自：cmds/std/kill.c 的 main() 第 22 行，物件： cmds/std/kill
呼叫来自：adm/single/simul_efun.c 的 present() 第 119 行，物件： adm/single/simul_efun
呼叫来自：feature/name.c 的 id() 第 46 行，物件： clone/kuang/ls/ls4#14905 ("灵石")
object /clone/user/user#12: eval_cost too big 2000000

执行时段错误：*Too long evaluation. Execution aborted.

程式：feature/dbase.c 第 47 行
物件：/clone/user/user#12
呼叫来自：feature/command.c 的 command_hook() 第 77 行，物件： clone/user/user#12 ("胡庆余")
呼叫来自：cmds/skill/research.c 的 main() 第 200 行，物件： cmds/skill/research
呼叫来自：feature/dbase.c 的 query() 第 47 行，物件： clone/user/user#12 ("胡庆余")
object /clone/user/user#12: eval_cost too big 2000000

执行时段错误：*Too long evaluation. Execution aborted.

程式：feature/dbase.c 第 52 行
物件：/clone/user/user#12
呼叫来自：feature/command.c 的 command_hook() 第 77 行，物件： clone/user/user#12 ("胡庆余")
呼叫来自：cmds/skill/research.c 的 main() 第 212 行，物件： cmds/skill/research
呼叫来自：feature/dbase.c 的 add() 第 101 行，物件： clone/user/user#12 ("胡庆余")
呼叫来自：feature/dbase.c 的 query() 第 52 行，物件： clone/user/user#12 ("胡庆余")
object /clone/user/user#12: eval_cost too big 2000000

执行时段错误：*Too long evaluation. Execution aborted.

程式：feature/skill.c 第 334 行
物件：/clone/user/user#12
呼叫来自：feature/command.c 的 command_hook() 第 77 行，物件： clone/user/user#12 ("胡庆余")
呼叫来自：cmds/skill/research.c 的 main() 第 208 行，物件： cmds/skill/research
呼叫来自：feature/skill.c 的 improve_skill() 第 334 行，物件： clone/user/user#12 ("胡庆余")
object /clone/user/user#9825: eval_cost too big 2000000

执行时段错误：*Too long evaluation. Execution aborted.

程式：feature/dbase.c 第 45 行
物件：/clone/user/user#9825
呼叫来自：feature/command.c 的 command_hook() 第 77 行，物件： clone/user/user#9825 ("懒兔浩然")
呼叫来自：cmds/skill/research.c 的 main() 第 186 行，物件： cmds/skill/research
呼叫来自：feature/damage.c 的 receive_damage() 第 48 行，物件： clone/user/user#9825 ("懒兔浩然")
呼叫来自：feature/dbase.c 的 query() 第 45 行，物件： clone/user/user#9825 ("懒兔浩然")
object /clone/user/user#12: eval_cost too big 2000000

执行时段错误：*Too long evaluation. Execution aborted.

程式：feature/dbase.c 第 86 行
物件：/clone/user/user#12
呼叫来自：feature/command.c 的 command_hook() 第 77 行，物件： clone/user/user#12 ("胡庆余")
呼叫来自：cmds/skill/research.c 的 main() 第 212 行，物件： cmds/skill/research
呼叫来自：feature/dbase.c 的 add() 第 86 行，物件： clone/user/user#12 ("胡庆余")
object /clone/user/user#12: eval_cost too big 2000000

执行时段错误：*Too long evaluation. Execution aborted.

程式：feature/skill.c 第 330 行
物件：/clone/user/user#12
呼叫来自：feature/command.c 的 command_hook() 第 77 行，物件： clone/user/user#12 ("胡庆余")
呼叫来自：cmds/skill/research.c 的 main() 第 211 行，物件： cmds/skill/research
呼叫来自：feature/skill.c 的 improve_skill() 第 330 行，物件： clone/user/user#12 ("胡庆余")
object /d/city/npc/xiaoer#37: eval_cost too big 2000000

执行时段错误：*Too long evaluation. Execution aborted.

程式：feature/name.c 第 46 行
物件：/d/city/npc/xiaoer#37
呼叫来自：feature/command.c 的 command_hook() 第 77 行，物件： clone/user/user#14351 ("慕容秋荻")
呼叫来自：cmds/std/give.c 的 main() 第 22 行，物件： cmds/std/give
呼叫来自：adm/single/simul_efun.c 的 present() 第 119 行，物件： adm/single/simul_efun
呼叫来自：feature/name.c 的 id() 第 46 行，物件： d/city/npc/xiaoer#37 ("店小二")
object /clone/user/user#12: eval_cost too big 2000000

执行时段错误：*Too long evaluation. Execution aborted.

程式：clone/user/user.c 第 125 行
物件：/clone/user/user#12
呼叫来自：feature/command.c 的 command_hook() 第 77 行，物件： clone/user/user#12 ("胡庆余")
呼叫来自：cmds/skill/research.c 的 main() 第 212 行，物件： cmds/skill/research
呼叫来自：feature/dbase.c 的 add() 第 107 行，物件： clone/user/user#12 ("胡庆余")
呼叫来自：clone/user/user.c 的 set() 第 125 行，物件： clone/user/user#12 ("胡庆余")
object /clone/user/user#12: eval_cost too big 2000000

执行时段错误：*Too long evaluation. Execution aborted.

程式：feature/skill.c 第 335 行
物件：/clone/user/user#12
呼叫来自：feature/command.c 的 command_hook() 第 77 行，物件： clone/user/user#12 ("胡庆余")
呼叫来自：cmds/skill/research.c 的 main() 第 211 行，物件： cmds/skill/research
呼叫来自：feature/skill.c 的 improve_skill() 第 335 行，物件： clone/user/user#12 ("胡庆余")

执行时段错误：*Value being indexed is zero.

程式：clone/quest/search.c 第 91 行
物件：/clone/quest/search#14942
呼叫来自：adm/daemons/quest/search.c 的 heart_beat() 第 66 行，物件： adm/daemons/quest/search
呼叫来自：adm/daemons/quest/search.c 的 start_quest() 第 53 行，物件： adm/daemons/quest/search
呼叫来自：clone/quest/search.c 的 init_quest() 第 91 行，物件： clone/quest/search#14942 ("围攻0")
Heart beat in adm/daemons/quest/search turned off.
object /clone/user/user#12: eval_cost too big 2000000

执行时段错误：*Too long evaluation. Execution aborted.

程式：feature/dbase.c 第 47 行
物件：/clone/user/user#12
呼叫来自：feature/command.c 的 command_hook() 第 77 行，物件： clone/user/user#12 ("胡庆余")
呼叫来自：cmds/skill/research.c 的 main() 第 200 行，物件： cmds/skill/research
呼叫来自：feature/dbase.c 的 query() 第 47 行，物件： clone/user/user#12 ("胡庆余")
object /clone/user/user#12: eval_cost too big 2000000

执行时段错误：*Too long evaluation. Execution aborted.

程式：clone/user/user.c 第 125 行
物件：/clone/user/user#12
呼叫来自：feature/command.c 的 command_hook() 第 77 行，物件： clone/user/user#12 ("胡庆余")
呼叫来自：cmds/skill/research.c 的 main() 第 212 行，物件： cmds/skill/research
呼叫来自：feature/dbase.c 的 add() 第 107 行，物件： clone/user/user#12 ("胡庆余")
呼叫来自：clone/user/user.c 的 set() 第 125 行，物件： clone/user/user#12 ("胡庆余")
object /clone/kuang/x1#14433: eval_cost too big 2000000

执行时段错误：*Too long evaluation. Execution aborted.

程式：feature/name.c 第 42 行
物件：/clone/kuang/x1#14433
呼叫来自：feature/command.c 的 command_hook() 第 77 行，物件： clone/user/user#6406 ("慕容南辰")
呼叫来自：cmds/std/kill.c 的 main() 第 22 行，物件： cmds/std/kill
呼叫来自：adm/single/simul_efun.c 的 present() 第 119 行，物件： adm/single/simul_efun
呼叫来自：feature/name.c 的 id() 第 42 行，物件： clone/kuang/x1#14433 ("[36mX箱[2;37;0m")
object /clone/user/user#12: eval_cost too big 2000000

执行时段错误：*Too long evaluation. Execution aborted.

程式：feature/dbase.c 第 107 行
物件：/clone/user/user#12
呼叫来自：feature/command.c 的 command_hook() 第 77 行，物件： clone/user/user#12 ("胡庆余")
呼叫来自：cmds/skill/research.c 的 main() 第 209 行，物件： cmds/skill/research
呼叫来自：feature/dbase.c 的 add() 第 107 行，物件： clone/user/user#12 ("胡庆余")
object /clone/user/user#12: eval_cost too big 2000000

执行时段错误：*Too long evaluation. Execution aborted.

程式：feature/dbase.c 第 86 行
物件：/clone/user/user#12
呼叫来自：feature/command.c 的 command_hook() 第 77 行，物件： clone/user/user#12 ("胡庆余")
呼叫来自：cmds/skill/research.c 的 main() 第 212 行，物件： cmds/skill/research
呼叫来自：feature/dbase.c 的 add() 第 86 行，物件： clone/user/user#12 ("胡庆余")
object /clone/armor/daojian/lengyue#11938: eval_cost too big 2000000

执行时段错误：*Too long evaluation. Execution aborted.

程式：feature/name.c 第 46 行
物件：/clone/armor/daojian/lengyue#11938
呼叫来自：feature/command.c 的 command_hook() 第 77 行，物件： clone/user/user#11922 ("八云")
呼叫来自：cmds/skill/research.c 的 main() 第 60 行，物件： cmds/skill/research
呼叫来自：adm/single/simul_efun.c 的 present() 第 119 行，物件： adm/single/simul_efun
呼叫来自：feature/name.c 的 id() 第 46 行，物件： clone/armor/daojian/lengyue#11938 ("[1;33m天降·冷月冠[2;37;0m")
object /clone/user/user#12: eval_cost too big 2000000

执行时段错误：*Too long evaluation. Execution aborted.

程式：feature/dbase.c 第 52 行
物件：/clone/user/user#12
呼叫来自：feature/command.c 的 command_hook() 第 77 行，物件： clone/user/user#12 ("胡庆余")
呼叫来自：cmds/skill/research.c 的 main() 第 170 行，物件： cmds/skill/research
呼叫来自：feature/dbase.c 的 query() 第 52 行，物件： clone/user/user#12 ("胡庆余")
object /clone/user/user#12: eval_cost too big 2000000

执行时段错误：*Too long evaluation. Execution aborted.

程式：feature/damage.c 第 50 行
物件：/clone/user/user#12
呼叫来自：feature/command.c 的 command_hook() 第 77 行，物件： clone/user/user#12 ("胡庆余")
呼叫来自：cmds/skill/research.c 的 main() 第 186 行，物件： cmds/skill/research
呼叫来自：feature/damage.c 的 receive_damage() 第 50 行，物件： clone/user/user#12 ("胡庆余")
object /clone/user/user#12: eval_cost too big 2000000

执行时段错误：*Too long evaluation. Execution aborted.

程式：clone/user/user.c 第 125 行
物件：/clone/user/user#12
呼叫来自：feature/command.c 的 command_hook() 第 77 行，物件： clone/user/user#12 ("胡庆余")
呼叫来自：cmds/skill/research.c 的 main() 第 186 行，物件： cmds/skill/research
呼叫来自：feature/damage.c 的 receive_damage() 第 50 行，物件： clone/user/user#12 ("胡庆余")
呼叫来自：clone/user/user.c 的 set() 第 125 行，物件： clone/user/user#12 ("胡庆余")
object /d/city/npc/xiaoer#37: eval_cost too big 2000000

执行时段错误：*Too long evaluation. Execution aborted.

程式：inherit/char/char.c 第 43 行
物件：/d/city/npc/xiaoer#37
呼叫来自：feature/command.c 的 command_hook() 第 77 行，物件： clone/user/user#14351 ("慕容秋荻")
呼叫来自：cmds/std/give.c 的 main() 第 22 行，物件： cmds/std/give
呼叫来自：adm/single/simul_efun.c 的 present() 第 119 行，物件： adm/single/simul_efun
呼叫来自：feature/name.c 的 id() 第 44 行，物件： d/city/npc/xiaoer#37 ("店小二")
呼叫来自：inherit/char/char.c 的 visible() 第 227 行，物件： clone/user/user#14351 ("慕容秋荻")
呼叫来自：inherit/char/char.c 的 is_character() 第 43 行，物件： d/city/npc/xiaoer#37 ("店小二")
object /clone/user/user#12: eval_cost too big 2000000

执行时段错误：*Too long evaluation. Execution aborted.

程式：feature/dbase.c 第 104 行
物件：/clone/user/user#12
呼叫来自：feature/command.c 的 command_hook() 第 77 行，物件： clone/user/user#12 ("胡庆余")
呼叫来自：cmds/skill/research.c 的 main() 第 212 行，物件： cmds/skill/research
呼叫来自：feature/dbase.c 的 add() 第 104 行，物件： clone/user/user#12 ("胡庆余")
object /clone/special/feijian#11942: eval_cost too big 2000000

执行时段错误：*Too long evaluation. Execution aborted.

程式：feature/name.c 第 46 行
物件：/clone/special/feijian#11942
呼叫来自：feature/command.c 的 command_hook() 第 77 行，物件： clone/user/user#11922 ("八云")
呼叫来自：cmds/skill/research.c 的 main() 第 60 行，物件： cmds/skill/research
呼叫来自：adm/single/simul_efun.c 的 present() 第 119 行，物件： adm/single/simul_efun
呼叫来自：feature/name.c 的 id() 第 46 行，物件： clone/special/feijian#11942 ("飞剑")
object /cmds/skill/research: eval_cost too big 2000000

执行时段错误：*Too long evaluation. Execution aborted.

程式：cmds/skill/research.c 第 170 行
物件：/cmds/skill/research
呼叫来自：feature/command.c 的 command_hook() 第 77 行，物件： clone/user/user#12 ("胡庆余")
呼叫来自：cmds/skill/research.c 的 main() 第 170 行，物件： cmds/skill/research
object /clone/user/user#12: eval_cost too big 2000000

执行时段错误：*Too long evaluation. Execution aborted.

程式：feature/dbase.c 第 52 行
物件：/clone/user/user#12
呼叫来自：feature/command.c 的 command_hook() 第 77 行，物件： clone/user/user#12 ("胡庆余")
呼叫来自：cmds/skill/research.c 的 main() 第 170 行，物件： cmds/skill/research
呼叫来自：feature/dbase.c 的 query() 第 52 行，物件： clone/user/user#12 ("胡庆余")
object /clone/user/user#14351: eval_cost too big 2000000

执行时段错误：*Too long evaluation. Execution aborted.

程式：feature/name.c 第 43 行
物件：/clone/user/user#14351
呼叫来自：feature/command.c 的 command_hook() 第 77 行，物件： clone/user/user#14351 ("慕容秋荻")
呼叫来自：cmds/std/give.c 的 main() 第 48 行，物件： cmds/std/give
呼叫来自：adm/single/simul_efun.c 的 present() 第 119 行，物件： adm/single/simul_efun
呼叫来自：feature/name.c 的 id() 第 43 行，物件： clone/user/user#14351 ("慕容秋荻")
object /clone/user/user#12: eval_cost too big 2000000

执行时段错误：*Too long evaluation. Execution aborted.

程式：feature/dbase.c 第 87 行
物件：/clone/user/user#12
呼叫来自：feature/command.c 的 command_hook() 第 77 行，物件： clone/user/user#12 ("胡庆余")
呼叫来自：cmds/skill/research.c 的 main() 第 209 行，物件： cmds/skill/research
呼叫来自：feature/dbase.c 的 add() 第 87 行，物件： clone/user/user#12 ("胡庆余")
object /clone/user/user#11922: eval_cost too big 2000000

执行时段错误：*Too long evaluation. Execution aborted.

程式：feature/treemap.c 第 11 行
物件：/clone/user/user#11922
呼叫来自：feature/command.c 的 command_hook() 第 77 行，物件： clone/user/user#11922 ("八云")
呼叫来自：cmds/skill/research.c 的 main() 第 55 行，物件： cmds/skill/research
呼叫来自：feature/dbase.c 的 query_temp() 第 132 行，物件： clone/user/user#11922 ("八云")
呼叫来自：feature/treemap.c 的 _query() 第 11 行，物件： clone/user/user#11922 ("八云")
object /d/maze/khxz/npc/18#15066: eval_cost too big 2000000

执行时段错误：*Too long evaluation. Execution aborted.

程式：feature/dbase.c 第 52 行
物件：/d/maze/khxz/npc/18#15066
呼叫来自：feature/command.c 的 command_hook() 第 77 行，物件： clone/user/user#6406 ("慕容南辰")
呼叫来自：cmds/std/kill.c 的 main() 第 42 行，物件： cmds/std/kill
呼叫来自：adm/daemons/rankd.c 的 query_rude() 第 812 行，物件： adm/daemons/rankd
呼叫来自：feature/dbase.c 的 query() 第 52 行，物件： d/maze/khxz/npc/18#15066 ("核心弟子")
object /clone/user/user#12: eval_cost too big 2000000

执行时段错误：*Too long evaluation. Execution aborted.

程式：feature/skill.c 第 365 行
物件：/clone/user/user#12
呼叫来自：feature/command.c 的 command_hook() 第 77 行，物件： clone/user/user#12 ("胡庆余")
呼叫来自：cmds/skill/research.c 的 main() 第 208 行，物件： cmds/skill/research
呼叫来自：feature/skill.c 的 improve_skill() 第 365 行，物件： clone/user/user#12 ("胡庆余")
object /clone/user/user#9825: eval_cost too big 2000000

执行时段错误：*Too long evaluation. Execution aborted.

程式：feature/dbase.c 第 47 行
物件：/clone/user/user#9825
呼叫来自：feature/command.c 的 command_hook() 第 77 行，物件： clone/user/user#9825 ("懒兔浩然")
呼叫来自：cmds/skill/research.c 的 main() 第 209 行，物件： cmds/skill/research
呼叫来自：feature/dbase.c 的 add() 第 101 行，物件： clone/user/user#9825 ("懒兔浩然")
呼叫来自：feature/dbase.c 的 query() 第 47 行，物件： clone/user/user#9825 ("懒兔浩然")
object /cmds/std/kill: eval_cost too big 2000000

执行时段错误：*Too long evaluation. Execution aborted.

程式：cmds/std/kill.c 第 22 行
物件：/cmds/std/kill
呼叫来自：feature/command.c 的 command_hook() 第 77 行，物件： clone/user/user#6406 ("慕容南辰")
呼叫来自：cmds/std/kill.c 的 main() 第 22 行，物件： cmds/std/kill
object /clone/user/user#12: eval_cost too big 2000000

执行时段错误：*Too long evaluation. Execution aborted.

程式：feature/dbase.c 第 38 行
物件：/clone/user/user#12
呼叫来自：feature/command.c 的 command_hook() 第 77 行，物件： clone/user/user#12 ("胡庆余")
呼叫来自：cmds/skill/research.c 的 main() 第 212 行，物件： cmds/skill/research
呼叫来自：feature/dbase.c 的 add() 第 107 行，物件： clone/user/user#12 ("胡庆余")
呼叫来自：clone/user/user.c 的 set() 第 131 行，物件： clone/user/user#12 ("胡庆余")
呼叫来自：feature/dbase.c 的 set() 第 38 行，物件： clone/user/user#12 ("胡庆余")
object /clone/user/user#12: eval_cost too big 2000000

执行时段错误：*Too long evaluation. Execution aborted.

程式：feature/skill.c 第 369 行
物件：/clone/user/user#12
呼叫来自：feature/command.c 的 command_hook() 第 77 行，物件： clone/user/user#12 ("胡庆余")
呼叫来自：cmds/skill/research.c 的 main() 第 208 行，物件： cmds/skill/research
呼叫来自：feature/skill.c 的 improve_skill() 第 369 行，物件： clone/user/user#12 ("胡庆余")
object /clone/user/user#12: eval_cost too big 2000000

执行时段错误：*Too long evaluation. Execution aborted.

程式：feature/dbase.c 第 55 行
物件：/clone/user/user#12
呼叫来自：feature/command.c 的 command_hook() 第 77 行，物件： clone/user/user#12 ("胡庆余")
呼叫来自：cmds/skill/research.c 的 main() 第 170 行，物件： cmds/skill/research
呼叫来自：feature/dbase.c 的 query() 第 55 行，物件： clone/user/user#12 ("胡庆余")
object /clone/user/user#12: eval_cost too big 2000000

执行时段错误：*Too long evaluation. Execution aborted.

程式：feature/dbase.c 第 104 行
物件：/clone/user/user#12
呼叫来自：feature/command.c 的 command_hook() 第 77 行，物件： clone/user/user#12 ("胡庆余")
呼叫来自：cmds/skill/research.c 的 main() 第 212 行，物件： cmds/skill/research
呼叫来自：feature/dbase.c 的 add() 第 104 行，物件： clone/user/user#12 ("胡庆余")
object /clone/user/user#12: eval_cost too big 2000000

执行时段错误：*Too long evaluation. Execution aborted.

程式：feature/dbase.c 第 38 行
物件：/clone/user/user#12
呼叫来自：feature/command.c 的 command_hook() 第 77 行，物件： clone/user/user#12 ("胡庆余")
呼叫来自：cmds/skill/research.c 的 main() 第 209 行，物件： cmds/skill/research
呼叫来自：feature/dbase.c 的 add() 第 107 行，物件： clone/user/user#12 ("胡庆余")
呼叫来自：clone/user/user.c 的 set() 第 131 行，物件： clone/user/user#12 ("胡庆余")
呼叫来自：feature/dbase.c 的 set() 第 38 行，物件： clone/user/user#12 ("胡庆余")
object /clone/user/user#6406: eval_cost too big 2000000

执行时段错误：*Too long evaluation. Execution aborted.

程式：feature/attack.c 第 45 行
物件：/clone/user/user#6406
呼叫来自：feature/command.c 的 command_hook() 第 77 行，物件： clone/user/user#6406 ("慕容南辰")
呼叫来自：cmds/std/kill.c 的 main() 第 35 行，物件： cmds/std/kill
呼叫来自：feature/attack.c 的 is_killing() 第 45 行，物件： clone/user/user#6406 ("慕容南辰")
object /clone/user/user#12: eval_cost too big 2000000

执行时段错误：*Too long evaluation. Execution aborted.

程式：feature/skill.c 第 335 行
物件：/clone/user/user#12
呼叫来自：feature/command.c 的 command_hook() 第 77 行，物件： clone/user/user#12 ("胡庆余")
呼叫来自：cmds/skill/research.c 的 main() 第 211 行，物件： cmds/skill/research
呼叫来自：feature/skill.c 的 improve_skill() 第 335 行，物件： clone/user/user#12 ("胡庆余")
object /clone/user/user#12: eval_cost too big 2000000

执行时段错误：*Too long evaluation. Execution aborted.

程式：feature/skill.c 第 335 行
物件：/clone/user/user#12
呼叫来自：feature/command.c 的 command_hook() 第 77 行，物件： clone/user/user#12 ("胡庆余")
呼叫来自：cmds/skill/research.c 的 main() 第 211 行，物件： cmds/skill/research
呼叫来自：feature/skill.c 的 improve_skill() 第 335 行，物件： clone/user/user#12 ("胡庆余")
object /clone/kuang/ls/ls2#15080: eval_cost too big 2000000

执行时段错误：*Too long evaluation. Execution aborted.

程式：feature/name.c 第 43 行
物件：/clone/kuang/ls/ls2#15080
呼叫来自：feature/command.c 的 command_hook() 第 77 行，物件： clone/user/user#6406 ("慕容南辰")
呼叫来自：cmds/std/kill.c 的 main() 第 22 行，物件： cmds/std/kill
呼叫来自：adm/single/simul_efun.c 的 present() 第 119 行，物件： adm/single/simul_efun
呼叫来自：feature/name.c 的 id() 第 43 行，物件： clone/kuang/ls/ls2#15080 ("灵石")
object /cmds/skill/research: eval_cost too big 2000000

执行时段错误：*Too long evaluation. Execution aborted.

程式：cmds/skill/research.c 第 208 行
物件：/cmds/skill/research
呼叫来自：feature/command.c 的 command_hook() 第 77 行，物件： clone/user/user#12 ("胡庆余")
呼叫来自：cmds/skill/research.c 的 main() 第 208 行，物件： cmds/skill/research
object /clone/user/user#12: eval_cost too big 2000000

执行时段错误：*Too long evaluation. Execution aborted.

程式：feature/dbase.c 第 38 行
物件：/clone/user/user#12
呼叫来自：feature/command.c 的 command_hook() 第 77 行，物件： clone/user/user#12 ("胡庆余")
呼叫来自：cmds/skill/research.c 的 main() 第 209 行，物件： cmds/skill/research
呼叫来自：feature/dbase.c 的 add() 第 107 行，物件： clone/user/user#12 ("胡庆余")
呼叫来自：clone/user/user.c 的 set() 第 131 行，物件： clone/user/user#12 ("胡庆余")
呼叫来自：feature/dbase.c 的 set() 第 38 行，物件： clone/user/user#12 ("胡庆余")
object /clone/user/user#9825: eval_cost too big 2000000

执行时段错误：*Too long evaluation. Execution aborted.

程式：feature/skill.c 第 343 行
物件：/clone/user/user#9825
呼叫来自：feature/command.c 的 command_hook() 第 77 行，物件： clone/user/user#9825 ("懒兔浩然")
呼叫来自：cmds/skill/research.c 的 main() 第 208 行，物件： cmds/skill/research
呼叫来自：feature/skill.c 的 improve_skill() 第 343 行，物件： clone/user/user#9825 ("懒兔浩然")
object /clone/user/user#12: eval_cost too big 2000000

执行时段错误：*Too long evaluation. Execution aborted.

程式：feature/dbase.c 第 25 行
物件：/clone/user/user#12
呼叫来自：feature/command.c 的 command_hook() 第 77 行，物件： clone/user/user#12 ("胡庆余")
呼叫来自：cmds/skill/research.c 的 main() 第 209 行，物件： cmds/skill/research
呼叫来自：feature/dbase.c 的 add() 第 107 行，物件： clone/user/user#12 ("胡庆余")
呼叫来自：clone/user/user.c 的 set() 第 131 行，物件： clone/user/user#12 ("胡庆余")
呼叫来自：feature/dbase.c 的 set() 第 25 行，物件： clone/user/user#12 ("胡庆余")
object /clone/user/user#12: eval_cost too big 2000000

执行时段错误：*Too long evaluation. Execution aborted.

程式：feature/dbase.c 第 52 行
物件：/clone/user/user#12
呼叫来自：feature/command.c 的 command_hook() 第 77 行，物件： clone/user/user#12 ("胡庆余")
呼叫来自：cmds/skill/research.c 的 main() 第 200 行，物件： cmds/skill/research
呼叫来自：feature/dbase.c 的 query() 第 52 行，物件： clone/user/user#12 ("胡庆余")
object /clone/user/user#12: eval_cost too big 2000000

执行时段错误：*Too long evaluation. Execution aborted.

程式：clone/user/user.c 第 125 行
物件：/clone/user/user#12
呼叫来自：feature/command.c 的 command_hook() 第 77 行，物件： clone/user/user#12 ("胡庆余")
呼叫来自：cmds/skill/research.c 的 main() 第 212 行，物件： cmds/skill/research
呼叫来自：feature/dbase.c 的 add() 第 107 行，物件： clone/user/user#12 ("胡庆余")
呼叫来自：clone/user/user.c 的 set() 第 125 行，物件： clone/user/user#12 ("胡庆余")
object /adm/single/simul_efun: eval_cost too big 2000000

执行时段错误：*Too long evaluation. Execution aborted.

程式：adm/single/simul_efun.c 第 114 行
物件：/adm/single/simul_efun
呼叫来自：feature/command.c 的 command_hook() 第 77 行，物件： clone/user/user#14351 ("慕容秋荻")
呼叫来自：cmds/std/give.c 的 main() 第 48 行，物件： cmds/std/give
呼叫来自：adm/single/simul_efun.c 的 present() 第 114 行，物件： adm/single/simul_efun
object /clone/kuang/ls/ls2#15097: eval_cost too big 2000000

执行时段错误：*Too long evaluation. Execution aborted.

程式：feature/name.c 第 43 行
物件：/clone/kuang/ls/ls2#15097
呼叫来自：feature/command.c 的 command_hook() 第 77 行，物件： clone/user/user#6406 ("慕容南辰")
呼叫来自：cmds/std/kill.c 的 main() 第 22 行，物件： cmds/std/kill
呼叫来自：adm/single/simul_efun.c 的 present() 第 119 行，物件： adm/single/simul_efun
呼叫来自：feature/name.c 的 id() 第 43 行，物件： clone/kuang/ls/ls2#15097 ("灵石")
object /cmds/skill/research: eval_cost too big 2000000

执行时段错误：*Too long evaluation. Execution aborted.

程式：cmds/skill/research.c 第 208 行
物件：/cmds/skill/research
呼叫来自：feature/command.c 的 command_hook() 第 77 行，物件： clone/user/user#9825 ("懒兔浩然")
呼叫来自：cmds/skill/research.c 的 main() 第 208 行，物件： cmds/skill/research
object /clone/user/user#9825: eval_cost too big 2000000

执行时段错误：*Too long evaluation. Execution aborted.

程式：feature/skill.c 第 369 行
物件：/clone/user/user#9825
呼叫来自：feature/command.c 的 command_hook() 第 77 行，物件： clone/user/user#9825 ("懒兔浩然")
呼叫来自：cmds/skill/research.c 的 main() 第 208 行，物件： cmds/skill/research
呼叫来自：feature/skill.c 的 improve_skill() 第 369 行，物件： clone/user/user#9825 ("懒兔浩然")
object /clone/kuang/ls/ls3#15127: eval_cost too big 2000000

执行时段错误：*Too long evaluation. Execution aborted.

程式：feature/name.c 第 43 行
物件：/clone/kuang/ls/ls3#15127
呼叫来自：feature/command.c 的 command_hook() 第 77 行，物件： clone/user/user#6406 ("慕容南辰")
呼叫来自：cmds/std/kill.c 的 main() 第 22 行，物件： cmds/std/kill
呼叫来自：adm/single/simul_efun.c 的 present() 第 119 行，物件： adm/single/simul_efun
呼叫来自：feature/name.c 的 id() 第 43 行，物件： clone/kuang/ls/ls3#15127 ("灵石")
object /clone/user/user#9825: eval_cost too big 2000000

执行时段错误：*Too long evaluation. Execution aborted.

程式：feature/dbase.c 第 27 行
物件：/clone/user/user#9825
呼叫来自：feature/command.c 的 command_hook() 第 77 行，物件： clone/user/user#9825 ("懒兔浩然")
呼叫来自：cmds/skill/research.c 的 main() 第 186 行，物件： cmds/skill/research
呼叫来自：feature/damage.c 的 receive_damage() 第 50 行，物件： clone/user/user#9825 ("懒兔浩然")
呼叫来自：clone/user/user.c 的 set() 第 131 行，物件： clone/user/user#9825 ("懒兔浩然")
呼叫来自：feature/dbase.c 的 set() 第 27 行，物件： clone/user/user#9825 ("懒兔浩然")
object /clone/kuang/ls/ls5#15143: eval_cost too big 2000000

执行时段错误：*Too long evaluation. Execution aborted.

程式：feature/name.c 第 42 行
物件：/clone/kuang/ls/ls5#15143
呼叫来自：feature/command.c 的 command_hook() 第 77 行，物件： clone/user/user#6406 ("慕容南辰")
呼叫来自：cmds/std/kill.c 的 main() 第 22 行，物件： cmds/std/kill
呼叫来自：adm/single/simul_efun.c 的 present() 第 119 行，物件： adm/single/simul_efun
呼叫来自：feature/name.c 的 id() 第 42 行，物件： clone/kuang/ls/ls5#15143 ("灵石")
object /clone/kuang/ls/ls3#15123: eval_cost too big 2000000

执行时段错误：*Too long evaluation. Execution aborted.

程式：feature/name.c 第 43 行
物件：/clone/kuang/ls/ls3#15123
呼叫来自：feature/command.c 的 command_hook() 第 77 行，物件： clone/user/user#6406 ("慕容南辰")
呼叫来自：cmds/std/kill.c 的 main() 第 22 行，物件： cmds/std/kill
呼叫来自：adm/single/simul_efun.c 的 present() 第 119 行，物件： adm/single/simul_efun
呼叫来自：feature/name.c 的 id() 第 43 行，物件： clone/kuang/ls/ls3#15123 ("灵石")
object /clone/user/user#9825: eval_cost too big 2000000

执行时段错误：*Too long evaluation. Execution aborted.

程式：feature/skill.c 第 334 行
物件：/clone/user/user#9825
呼叫来自：feature/command.c 的 command_hook() 第 77 行，物件： clone/user/user#9825 ("懒兔浩然")
呼叫来自：cmds/skill/research.c 的 main() 第 208 行，物件： cmds/skill/research
呼叫来自：feature/skill.c 的 improve_skill() 第 334 行，物件： clone/user/user#9825 ("懒兔浩然")
object /cmds/skill/research: eval_cost too big 2000000

执行时段错误：*Too long evaluation. Execution aborted.

程式：cmds/skill/research.c 第 58 行
物件：/cmds/skill/research
呼叫来自：feature/command.c 的 command_hook() 第 77 行，物件： clone/user/user#11922 ("八云")
呼叫来自：cmds/skill/research.c 的 main() 第 58 行，物件： cmds/skill/research
object /clone/user/user#12: eval_cost too big 2000000

执行时段错误：*Too long evaluation. Execution aborted.

程式：feature/skill.c 第 342 行
物件：/clone/user/user#12
呼叫来自：feature/command.c 的 command_hook() 第 77 行，物件： clone/user/user#12 ("胡庆余")
呼叫来自：cmds/skill/research.c 的 main() 第 208 行，物件： cmds/skill/research
呼叫来自：feature/skill.c 的 improve_skill() 第 342 行，物件： clone/user/user#12 ("胡庆余")
object /clone/user/user#12: eval_cost too big 2000000

执行时段错误：*Too long evaluation. Execution aborted.

程式：feature/skill.c 第 342 行
物件：/clone/user/user#12
呼叫来自：feature/command.c 的 command_hook() 第 77 行，物件： clone/user/user#12 ("胡庆余")
呼叫来自：cmds/skill/research.c 的 main() 第 208 行，物件： cmds/skill/research
呼叫来自：feature/skill.c 的 improve_skill() 第 342 行，物件： clone/user/user#12 ("胡庆余")
object /adm/daemons/securityd: eval_cost too big 2000000

执行时段错误：*Too long evaluation. Execution aborted.

程式：adm/daemons/securityd.c 第 349 行
物件：/adm/daemons/securityd
呼叫来自：feature/command.c 的 command_hook() 第 77 行，物件： clone/user/user#6406 ("慕容南辰")
呼叫来自：cmds/std/give.c 的 main() 第 60 行，物件： cmds/std/give
呼叫来自：adm/single/simul_efun.c 的 wiz_level() 第 10 行，物件： adm/single/simul_efun
呼叫来自：adm/daemons/securityd.c 的 get_wiz_level() 第 361 行，物件： adm/daemons/securityd
呼叫来自：adm/daemons/securityd.c 的 get_status() 第 349 行，物件： adm/daemons/securityd
object /clone/user/user#6406: eval_cost too big 2000000

执行时段错误：*Too long evaluation. Execution aborted.

程式：inherit/char/char.c 第 232 行
物件：/clone/user/user#6406
呼叫来自：feature/command.c 的 command_hook() 第 77 行，物件： clone/user/user#6406 ("慕容南辰")
呼叫来自：cmds/std/give.c 的 main() 第 52 行，物件： cmds/std/give
呼叫来自：adm/single/simul_efun.c 的 present() 第 119 行，物件： adm/single/simul_efun
呼叫来自：feature/name.c 的 id() 第 44 行，物件： clone/user/user#6406 ("慕容南辰")
呼叫来自：inherit/char/char.c 的 visible() 第 232 行，物件： clone/user/user#6406 ("慕容南辰")
object /clone/user/user#12: eval_cost too big 2000000

执行时段错误：*Too long evaluation. Execution aborted.

程式：feature/skill.c 第 365 行
物件：/clone/user/user#12
呼叫来自：feature/command.c 的 command_hook() 第 77 行，物件： clone/user/user#12 ("胡庆余")
呼叫来自：cmds/skill/research.c 的 main() 第 208 行，物件： cmds/skill/research
呼叫来自：feature/skill.c 的 improve_skill() 第 365 行，物件： clone/user/user#12 ("胡庆余")
object /clone/user/user#12: eval_cost too big 2000000

执行时段错误：*Too long evaluation. Execution aborted.

程式：feature/dbase.c 第 47 行
物件：/clone/user/user#12
呼叫来自：feature/command.c 的 command_hook() 第 77 行，物件： clone/user/user#12 ("胡庆余")
呼叫来自：cmds/skill/research.c 的 main() 第 200 行，物件： cmds/skill/research
呼叫来自：feature/dbase.c 的 query() 第 47 行，物件： clone/user/user#12 ("胡庆余")
object /clone/user/user#12: eval_cost too big 2000000

执行时段错误：*Too long evaluation. Execution aborted.

程式：feature/damage.c 第 31 行
物件：/clone/user/user#12
呼叫来自：feature/command.c 的 command_hook() 第 77 行，物件： clone/user/user#12 ("胡庆余")
呼叫来自：cmds/skill/research.c 的 main() 第 186 行，物件： cmds/skill/research
呼叫来自：feature/damage.c 的 receive_damage() 第 31 行，物件： clone/user/user#12 ("胡庆余")
object /clone/user/user#12: eval_cost too big 2000000

执行时段错误：*Too long evaluation. Execution aborted.

程式：feature/skill.c 第 364 行
物件：/clone/user/user#12
呼叫来自：feature/command.c 的 command_hook() 第 77 行，物件： clone/user/user#12 ("胡庆余")
呼叫来自：cmds/skill/research.c 的 main() 第 211 行，物件： cmds/skill/research
呼叫来自：feature/skill.c 的 improve_skill() 第 364 行，物件： clone/user/user#12 ("胡庆余")
object /clone/user/user#11922: eval_cost too big 2000000

执行时段错误：*Too long evaluation. Execution aborted.

程式：feature/dbase.c 第 57 行
物件：/clone/user/user#11922
呼叫来自：feature/command.c 的 command_hook() 第 77 行，物件： clone/user/user#11922 ("八云")
呼叫来自：cmds/skill/research.c 的 main() 第 56 行，物件： cmds/skill/research
呼叫来自：feature/dbase.c 的 query() 第 57 行，物件： clone/user/user#11922 ("八云")
object /d/city/npc/angelus#4235: eval_cost too big 2000000

执行时段错误：*Too long evaluation. Execution aborted.

程式：feature/name.c 第 43 行
物件：/d/city/npc/angelus#4235
呼叫来自：feature/command.c 的 command_hook() 第 77 行，物件： clone/user/user#6406 ("慕容南辰")
呼叫来自：cmds/std/give.c 的 main() 第 52 行，物件： cmds/std/give
呼叫来自：adm/single/simul_efun.c 的 present() 第 119 行，物件： adm/single/simul_efun
呼叫来自：feature/name.c 的 id() 第 43 行，物件： d/city/npc/angelus#4235 ("积分商人")

执行时段错误：*call_other() couldn't find object

程式：adm/daemons/npcd.c 第 421 行
物件：/adm/daemons/npcd
呼叫来自：inherit/char/char.c 的 heart_beat() 第 133 行，物件： clone/npc/walker#7587 ("龙卞")
呼叫来自：inherit/char/npc.c 的 scan() 第 299 行，物件： clone/npc/walker#7587 ("龙卞")
呼叫来自：inherit/char/npc.c 的 chat() 第 377 行，物件： clone/npc/walker#7587 ("龙卞")
呼叫来自：<function> 的 <function>() 第 0 行，物件： clone/npc/walker#7587 ("龙卞")
呼叫来自：clone/npc/walker.c 的 <function>() 第 27 行，物件： clone/npc/walker#7587 ("龙卞")
呼叫来自：adm/daemons/npcd.c 的 random_move() 第 421 行，物件： adm/daemons/npcd
Heart beat in clone/npc/walker#7587 turned off.
object /clone/user/user#12: eval_cost too big 2000000

执行时段错误：*Too long evaluation. Execution aborted.

程式：feature/damage.c 第 31 行
物件：/clone/user/user#12
呼叫来自：feature/command.c 的 command_hook() 第 77 行，物件： clone/user/user#12 ("胡庆余")
呼叫来自：cmds/skill/research.c 的 main() 第 186 行，物件： cmds/skill/research
呼叫来自：feature/damage.c 的 receive_damage() 第 31 行，物件： clone/user/user#12 ("胡庆余")
object /clone/user/user#12: eval_cost too big 2000000

执行时段错误：*Too long evaluation. Execution aborted.

程式：feature/skill.c 第 365 行
物件：/clone/user/user#12
呼叫来自：feature/command.c 的 command_hook() 第 77 行，物件： clone/user/user#12 ("胡庆余")
呼叫来自：cmds/skill/research.c 的 main() 第 208 行，物件： cmds/skill/research
呼叫来自：feature/skill.c 的 improve_skill() 第 365 行，物件： clone/user/user#12 ("胡庆余")

执行时段错误：*call_other() couldn't find object

程式：adm/daemons/npcd.c 第 421 行
物件：/adm/daemons/npcd
呼叫来自：inherit/char/char.c 的 heart_beat() 第 133 行，物件： clone/npc/walker#4705 ("乔邦")
呼叫来自：inherit/char/npc.c 的 scan() 第 299 行，物件： clone/npc/walker#4705 ("乔邦")
呼叫来自：inherit/char/npc.c 的 chat() 第 377 行，物件： clone/npc/walker#4705 ("乔邦")
呼叫来自：<function> 的 <function>() 第 0 行，物件： clone/npc/walker#4705 ("乔邦")
呼叫来自：clone/npc/walker.c 的 <function>() 第 27 行，物件： clone/npc/walker#4705 ("乔邦")
呼叫来自：adm/daemons/npcd.c 的 random_move() 第 421 行，物件： adm/daemons/npcd
Heart beat in clone/npc/walker#4705 turned off.
object /clone/user/user#9825: eval_cost too big 2000000

执行时段错误：*Too long evaluation. Execution aborted.

程式：feature/dbase.c 第 101 行
物件：/clone/user/user#9825
呼叫来自：feature/command.c 的 command_hook() 第 77 行，物件： clone/user/user#9825 ("懒兔浩然")
呼叫来自：cmds/skill/research.c 的 main() 第 212 行，物件： cmds/skill/research
呼叫来自：feature/dbase.c 的 add() 第 101 行，物件： clone/user/user#9825 ("懒兔浩然")
object /clone/user/user#9825: eval_cost too big 2000000

执行时段错误：*Too long evaluation. Execution aborted.

程式：feature/skill.c 第 365 行
物件：/clone/user/user#9825
呼叫来自：feature/command.c 的 command_hook() 第 77 行，物件： clone/user/user#9825 ("懒兔浩然")
呼叫来自：cmds/skill/research.c 的 main() 第 211 行，物件： cmds/skill/research
呼叫来自：feature/skill.c 的 improve_skill() 第 365 行，物件： clone/user/user#9825 ("懒兔浩然")
object /cmds/skill/research: eval_cost too big 2000000

执行时段错误：*Too long evaluation. Execution aborted.

程式：cmds/skill/research.c 第 212 行
物件：/cmds/skill/research
呼叫来自：feature/command.c 的 command_hook() 第 77 行，物件： clone/user/user#12 ("胡庆余")
呼叫来自：cmds/skill/research.c 的 main() 第 212 行，物件： cmds/skill/research
object /clone/user/user#12: eval_cost too big 2000000

执行时段错误：*Too long evaluation. Execution aborted.

程式：feature/skill.c 第 367 行
物件：/clone/user/user#12
呼叫来自：feature/command.c 的 command_hook() 第 77 行，物件： clone/user/user#12 ("胡庆余")
呼叫来自：cmds/skill/research.c 的 main() 第 211 行，物件： cmds/skill/research
呼叫来自：feature/skill.c 的 improve_skill() 第 367 行，物件： clone/user/user#12 ("胡庆余")

执行时段错误：*Bad argument 1 to call_other()
Expected: string or array or object Got: 0.

程式：feature/dbase.c 第 93 行
物件：/clone/user/user#14351
呼叫来自：clone/user/user.c 的 reset() 第 86 行，物件： clone/user/user#14351 ("慕容秋荻")
呼叫来自：feature/dbase.c 的 add() 第 93 行，物件： clone/user/user#14351 ("慕容秋荻")

执行时段错误：*Bad argument 1 to call_other()
Expected: string or array or object Got: 0.

程式：inherit/room/room.c 第 25 行
物件：/data/room/moyin/qianting
呼叫来自：inherit/room/room.c 的 reset() 第 86 行，物件： data/room/moyin/qianting
呼叫来自：inherit/room/room.c 的 make_inventory() 第 25 行，物件： data/room/moyin/qianting

执行时段错误：*Error in loading object '/d/wudu/npc/qiandu3'

程式：inherit/room/room.c 第 24 行
物件：/d/wudu/qiandu2
呼叫来自：inherit/room/room.c 的 reset() 第 86 行，物件： d/wudu/qiandu2
呼叫来自：inherit/room/room.c 的 make_inventory() 第 24 行，物件： d/wudu/qiandu2

执行时段错误：*Error in loading object '/d/mingjiao/npc/tangyang'

程式：inherit/room/room.c 第 24 行
物件：/d/mingjiao/hsqdating
呼叫来自：inherit/room/room.c 的 reset() 第 86 行，物件： d/mingjiao/hsqdating
呼叫来自：inherit/room/room.c 的 make_inventory() 第 24 行，物件： d/mingjiao/hsqdating

执行时段错误：*Bad argument 1 to call_other()
Expected: string or array or object Got: 0.

程式：inherit/room/room.c 第 25 行
物件：/data/room/w2544460429/qianting
呼叫来自：inherit/room/room.c 的 reset() 第 86 行，物件： data/room/w2544460429/qianting
呼叫来自：inherit/room/room.c 的 make_inventory() 第 25 行，物件： data/room/w2544460429/qianting

执行时段错误：*Bad argument 1 to call_other()
Expected: string or array or object Got: 0.

程式：inherit/room/room.c 第 25 行
物件：/data/room/yixingbu/qianting
呼叫来自：inherit/room/room.c 的 reset() 第 86 行，物件： data/room/yixingbu/qianting
呼叫来自：inherit/room/room.c 的 make_inventory() 第 25 行，物件： data/room/yixingbu/qianting

执行时段错误：*Bad argument 1 to call_other()
Expected: string or array or object Got: 0.

程式：inherit/room/room.c 第 25 行
物件：/data/room/qazzaq/qianting
呼叫来自：inherit/room/room.c 的 reset() 第 86 行，物件： data/room/qazzaq/qianting
呼叫来自：inherit/room/room.c 的 make_inventory() 第 25 行，物件： data/room/qazzaq/qianting

执行时段错误：*Bad argument 1 to call_other()
Expected: string or array or object Got: 0.

程式：inherit/room/room.c 第 25 行
物件：/data/room/adawong/qianting
呼叫来自：inherit/room/room.c 的 reset() 第 86 行，物件： data/room/adawong/qianting
呼叫来自：inherit/room/room.c 的 make_inventory() 第 25 行，物件： data/room/adawong/qianting

执行时段错误：*Bad argument 1 to call_other()
Expected: string or array or object Got: 0.

程式：inherit/room/room.c 第 25 行
物件：/d/luoyang/shuoshu
呼叫来自：inherit/room/room.c 的 reset() 第 86 行，物件： d/luoyang/shuoshu
呼叫来自：inherit/room/room.c 的 make_inventory() 第 25 行，物件： d/luoyang/shuoshu

执行时段错误：*Bad argument 1 to call_other()
Expected: string or array or object Got: 0.

程式：inherit/room/room.c 第 25 行
物件：/data/room/hubert/qianting
呼叫来自：inherit/room/room.c 的 reset() 第 86 行，物件： data/room/hubert/qianting
呼叫来自：inherit/room/room.c 的 make_inventory() 第 25 行，物件： data/room/hubert/qianting

执行时段错误：*Bad argument 1 to call_other()
Expected: string or array or object Got: 0.

程式：feature/dbase.c 第 93 行
物件：/clone/user/user
呼叫来自：clone/user/user.c 的 reset() 第 86 行，物件： clone/user/user ("使用者物件")
呼叫来自：feature/dbase.c 的 add() 第 93 行，物件： clone/user/user ("使用者物件")
object /clone/user/user#12: eval_cost too big 2000000

执行时段错误：*Too long evaluation. Execution aborted.

程式：feature/skill.c 第 369 行
物件：/clone/user/user#12
呼叫来自：feature/command.c 的 command_hook() 第 77 行，物件： clone/user/user#12 ("胡庆余")
呼叫来自：cmds/skill/research.c 的 main() 第 211 行，物件： cmds/skill/research
呼叫来自：feature/skill.c 的 improve_skill() 第 369 行，物件： clone/user/user#12 ("胡庆余")
object /clone/user/user#6406: eval_cost too big 2000000

执行时段错误：*Too long evaluation. Execution aborted.

程式：inherit/char/char.c 第 232 行
物件：/clone/user/user#6406
呼叫来自：feature/command.c 的 command_hook() 第 77 行，物件： clone/user/user#6406 ("慕容南辰")
呼叫来自：cmds/std/give.c 的 main() 第 48 行，物件： cmds/std/give
呼叫来自：adm/single/simul_efun.c 的 present() 第 119 行，物件： adm/single/simul_efun
呼叫来自：feature/name.c 的 id() 第 44 行，物件： clone/user/user#6406 ("慕容南辰")
呼叫来自：inherit/char/char.c 的 visible() 第 232 行，物件： clone/user/user#6406 ("慕容南辰")
object /clone/user/user#12: eval_cost too big 2000000

执行时段错误：*Too long evaluation. Execution aborted.

程式：feature/skill.c 第 369 行
物件：/clone/user/user#12
呼叫来自：feature/command.c 的 command_hook() 第 77 行，物件： clone/user/user#12 ("胡庆余")
呼叫来自：cmds/skill/research.c 的 main() 第 211 行，物件： cmds/skill/research
呼叫来自：feature/skill.c 的 improve_skill() 第 369 行，物件： clone/user/user#12 ("胡庆余")
object /clone/user/user#12: eval_cost too big 2000000

执行时段错误：*Too long evaluation. Execution aborted.

程式：feature/skill.c 第 369 行
物件：/clone/user/user#12
呼叫来自：feature/command.c 的 command_hook() 第 77 行，物件： clone/user/user#12 ("胡庆余")
呼叫来自：cmds/skill/research.c 的 main() 第 211 行，物件： cmds/skill/research
呼叫来自：feature/skill.c 的 improve_skill() 第 369 行，物件： clone/user/user#12 ("胡庆余")
object /clone/user/user#12: eval_cost too big 2000000

执行时段错误：*Too long evaluation. Execution aborted.

程式：feature/damage.c 第 31 行
物件：/clone/user/user#12
呼叫来自：feature/command.c 的 command_hook() 第 77 行，物件： clone/user/user#12 ("胡庆余")
呼叫来自：cmds/skill/research.c 的 main() 第 186 行，物件： cmds/skill/research
呼叫来自：feature/damage.c 的 receive_damage() 第 31 行，物件： clone/user/user#12 ("胡庆余")
object /clone/user/user#12: eval_cost too big 2000000

执行时段错误：*Too long evaluation. Execution aborted.

程式：feature/dbase.c 第 25 行
物件：/clone/user/user#12
呼叫来自：feature/command.c 的 command_hook() 第 77 行，物件： clone/user/user#12 ("胡庆余")
呼叫来自：cmds/skill/research.c 的 main() 第 186 行，物件： cmds/skill/research
呼叫来自：feature/damage.c 的 receive_damage() 第 50 行，物件： clone/user/user#12 ("胡庆余")
呼叫来自：clone/user/user.c 的 set() 第 131 行，物件： clone/user/user#12 ("胡庆余")
呼叫来自：feature/dbase.c 的 set() 第 25 行，物件： clone/user/user#12 ("胡庆余")
object /clone/user/user#12: eval_cost too big 2000000

执行时段错误：*Too long evaluation. Execution aborted.

程式：feature/dbase.c 第 55 行
物件：/clone/user/user#12
呼叫来自：feature/command.c 的 command_hook() 第 77 行，物件： clone/user/user#12 ("胡庆余")
呼叫来自：cmds/skill/research.c 的 main() 第 209 行，物件： cmds/skill/research
呼叫来自：feature/dbase.c 的 add() 第 101 行，物件： clone/user/user#12 ("胡庆余")
呼叫来自：feature/dbase.c 的 query() 第 55 行，物件： clone/user/user#12 ("胡庆余")
object /clone/user/user#12: eval_cost too big 2000000

执行时段错误：*Too long evaluation. Execution aborted.

程式：feature/skill.c 第 342 行
物件：/clone/user/user#12
呼叫来自：feature/command.c 的 command_hook() 第 77 行，物件： clone/user/user#12 ("胡庆余")
呼叫来自：cmds/skill/research.c 的 main() 第 208 行，物件： cmds/skill/research
呼叫来自：feature/skill.c 的 improve_skill() 第 342 行，物件： clone/user/user#12 ("胡庆余")
object /clone/user/user#14351: eval_cost too big 2000000

执行时段错误：*Too long evaluation. Execution aborted.

程式：inherit/char/char.c 第 227 行
物件：/clone/user/user#14351
呼叫来自：feature/command.c 的 command_hook() 第 77 行，物件： clone/user/user#14351 ("慕容秋荻")
呼叫来自：cmds/std/give.c 的 main() 第 22 行，物件： cmds/std/give
呼叫来自：adm/single/simul_efun.c 的 present() 第 119 行，物件： adm/single/simul_efun
呼叫来自：feature/name.c 的 id() 第 44 行，物件： clone/user/user#14351 ("慕容秋荻")
呼叫来自：inherit/char/char.c 的 visible() 第 227 行，物件： clone/user/user#14351 ("慕容秋荻")
object /clone/user/user#6406: eval_cost too big 2000000

执行时段错误：*Too long evaluation. Execution aborted.

程式：feature/name.c 第 44 行
物件：/clone/user/user#6406
呼叫来自：feature/command.c 的 command_hook() 第 77 行，物件： clone/user/user#6406 ("慕容南辰")
呼叫来自：cmds/std/give.c 的 main() 第 22 行，物件： cmds/std/give
呼叫来自：adm/single/simul_efun.c 的 present() 第 119 行，物件： adm/single/simul_efun
呼叫来自：feature/name.c 的 id() 第 44 行，物件： clone/user/user#6406 ("慕容南辰")
object /clone/user/user#9825: eval_cost too big 2000000

执行时段错误：*Too long evaluation. Execution aborted.

程式：feature/dbase.c 第 104 行
物件：/clone/user/user#9825
呼叫来自：feature/command.c 的 command_hook() 第 77 行，物件： clone/user/user#9825 ("懒兔浩然")
呼叫来自：cmds/skill/research.c 的 main() 第 212 行，物件： cmds/skill/research
呼叫来自：feature/dbase.c 的 add() 第 104 行，物件： clone/user/user#9825 ("懒兔浩然")
object /clone/user/user#14351: eval_cost too big 2000000

执行时段错误：*Too long evaluation. Execution aborted.

程式：inherit/char/char.c 第 43 行
物件：/clone/user/user#14351
呼叫来自：feature/command.c 的 command_hook() 第 77 行，物件： clone/user/user#14351 ("慕容秋荻")
呼叫来自：cmds/std/give.c 的 main() 第 22 行，物件： cmds/std/give
呼叫来自：adm/single/simul_efun.c 的 present() 第 119 行，物件： adm/single/simul_efun
呼叫来自：feature/name.c 的 id() 第 44 行，物件： clone/user/user#14351 ("慕容秋荻")
呼叫来自：inherit/char/char.c 的 visible() 第 227 行，物件： clone/user/user#14351 ("慕容秋荻")
呼叫来自：inherit/char/char.c 的 is_character() 第 43 行，物件： clone/user/user#14351 ("慕容秋荻")
object /cmds/skill/research: eval_cost too big 2000000

执行时段错误：*Too long evaluation. Execution aborted.

程式：cmds/skill/research.c 第 208 行
物件：/cmds/skill/research
呼叫来自：feature/command.c 的 command_hook() 第 77 行，物件： clone/user/user#9825 ("懒兔浩然")
呼叫来自：cmds/skill/research.c 的 main() 第 208 行，物件： cmds/skill/research

执行时段错误：*call_other() couldn't find object

程式：adm/daemons/npcd.c 第 421 行
物件：/adm/daemons/npcd
呼叫来自：inherit/char/char.c 的 heart_beat() 第 133 行，物件： clone/npc/walker#2084 ("独孤都熹")
呼叫来自：inherit/char/npc.c 的 scan() 第 299 行，物件： clone/npc/walker#2084 ("独孤都熹")
呼叫来自：inherit/char/npc.c 的 chat() 第 377 行，物件： clone/npc/walker#2084 ("独孤都熹")
呼叫来自：<function> 的 <function>() 第 0 行，物件： clone/npc/walker#2084 ("独孤都熹")
呼叫来自：clone/npc/walker.c 的 <function>() 第 27 行，物件： clone/npc/walker#2084 ("独孤都熹")
呼叫来自：adm/daemons/npcd.c 的 random_move() 第 421 行，物件： adm/daemons/npcd
Heart beat in clone/npc/walker#2084 turned off.
object /clone/user/user#14351: eval_cost too big 2000000

执行时段错误：*Too long evaluation. Execution aborted.

程式：inherit/char/char.c 第 232 行
物件：/clone/user/user#14351
呼叫来自：feature/command.c 的 command_hook() 第 77 行，物件： clone/user/user#14351 ("慕容秋荻")
呼叫来自：cmds/std/give.c 的 main() 第 48 行，物件： cmds/std/give
呼叫来自：adm/single/simul_efun.c 的 present() 第 119 行，物件： adm/single/simul_efun
呼叫来自：feature/name.c 的 id() 第 44 行，物件： clone/user/user#3137 ("东方影")
呼叫来自：inherit/char/char.c 的 visible() 第 232 行，物件： clone/user/user#14351 ("慕容秋荻")
object /clone/user/user#9825: eval_cost too big 2000000

执行时段错误：*Too long evaluation. Execution aborted.

程式：feature/skill.c 第 335 行
物件：/clone/user/user#9825
呼叫来自：feature/command.c 的 command_hook() 第 77 行，物件： clone/user/user#9825 ("懒兔浩然")
呼叫来自：cmds/skill/research.c 的 main() 第 208 行，物件： cmds/skill/research
呼叫来自：feature/skill.c 的 improve_skill() 第 335 行，物件： clone/user/user#9825 ("懒兔浩然")
object /d/city/npc/angelus#4235: eval_cost too big 2000000

执行时段错误：*Too long evaluation. Execution aborted.

程式：feature/name.c 第 43 行
物件：/d/city/npc/angelus#4235
呼叫来自：feature/command.c 的 command_hook() 第 77 行，物件： clone/user/user#6406 ("慕容南辰")
呼叫来自：cmds/std/give.c 的 main() 第 22 行，物件： cmds/std/give
呼叫来自：adm/single/simul_efun.c 的 present() 第 119 行，物件： adm/single/simul_efun
呼叫来自：feature/name.c 的 id() 第 43 行，物件： d/city/npc/angelus#4235 ("积分商人")
object /clone/user/user#6406: eval_cost too big 2000000

执行时段错误：*Too long evaluation. Execution aborted.

程式：inherit/char/char.c 第 43 行
物件：/clone/user/user#6406
呼叫来自：feature/command.c 的 command_hook() 第 77 行，物件： clone/user/user#6406 ("慕容南辰")
呼叫来自：cmds/std/give.c 的 main() 第 22 行，物件： cmds/std/give
呼叫来自：adm/single/simul_efun.c 的 present() 第 119 行，物件： adm/single/simul_efun
呼叫来自：feature/name.c 的 id() 第 44 行，物件： clone/user/user#6406 ("慕容南辰")
呼叫来自：inherit/char/char.c 的 visible() 第 227 行，物件： clone/user/user#6406 ("慕容南辰")
呼叫来自：inherit/char/char.c 的 is_character() 第 43 行，物件： clone/user/user#6406 ("慕容南辰")
object /clone/user/user#9825: eval_cost too big 2000000

执行时段错误：*Too long evaluation. Execution aborted.

程式：feature/dbase.c 第 27 行
物件：/clone/user/user#9825
呼叫来自：feature/command.c 的 command_hook() 第 77 行，物件： clone/user/user#9825 ("懒兔浩然")
呼叫来自：cmds/skill/research.c 的 main() 第 212 行，物件： cmds/skill/research
呼叫来自：feature/dbase.c 的 add() 第 107 行，物件： clone/user/user#9825 ("懒兔浩然")
呼叫来自：clone/user/user.c 的 set() 第 131 行，物件： clone/user/user#9825 ("懒兔浩然")
呼叫来自：feature/dbase.c 的 set() 第 27 行，物件： clone/user/user#9825 ("懒兔浩然")
错误讯息被拦截：
执行时段错误：*Error in loading object '/adm/daemons/story/labazhou'

程式：adm/daemons/storyd.c 第 131 行
物件：/adm/daemons/storyd
呼叫来自：adm/daemons/storyd.c 的 start_story() 第 131 行，物件： adm/daemons/storyd
呼叫来自：adm/daemons/storyd.c 的 CATCH() 第 131 行，物件： adm/daemons/storyd
object /cmds/skill/research: eval_cost too big 2000000

执行时段错误：*Too long evaluation. Execution aborted.

程式：cmds/skill/research.c 第 211 行
物件：/cmds/skill/research
呼叫来自：feature/command.c 的 command_hook() 第 77 行，物件： clone/user/user#9825 ("懒兔浩然")
呼叫来自：cmds/skill/research.c 的 main() 第 211 行，物件： cmds/skill/research

执行时段错误：*Value being indexed is zero.

程式：clone/quest/search.c 第 91 行
物件：/clone/quest/search#16031
呼叫来自：adm/daemons/quest/search.c 的 heart_beat() 第 66 行，物件： adm/daemons/quest/search
呼叫来自：adm/daemons/quest/search.c 的 start_quest() 第 53 行，物件： adm/daemons/quest/search
呼叫来自：clone/quest/search.c 的 init_quest() 第 91 行，物件： clone/quest/search#16031 ("围攻0")
Heart beat in adm/daemons/quest/search turned off.
object /clone/user/user#9825: eval_cost too big 2000000

执行时段错误：*Too long evaluation. Execution aborted.

程式：feature/skill.c 第 343 行
物件：/clone/user/user#9825
呼叫来自：feature/command.c 的 command_hook() 第 77 行，物件： clone/user/user#9825 ("懒兔浩然")
呼叫来自：cmds/skill/research.c 的 main() 第 211 行，物件： cmds/skill/research
呼叫来自：feature/skill.c 的 improve_skill() 第 343 行，物件： clone/user/user#9825 ("懒兔浩然")
object /clone/user/user#6406: eval_cost too big 2000000

执行时段错误：*Too long evaluation. Execution aborted.

程式：feature/dbase.c 第 47 行
物件：/clone/user/user#6406
呼叫来自：feature/command.c 的 command_hook() 第 77 行，物件： clone/user/user#6406 ("慕容南辰")
呼叫来自：cmds/std/kill.c 的 main() 第 27 行，物件： cmds/std/kill
呼叫来自：feature/dbase.c 的 query() 第 47 行，物件： clone/user/user#6406 ("慕容南辰")
object /clone/user/user#11922: eval_cost too big 2000000

执行时段错误：*Too long evaluation. Execution aborted.

程式：feature/treemap.c 第 9 行
物件：/clone/user/user#11922
呼叫来自：feature/command.c 的 command_hook() 第 77 行，物件： clone/user/user#11922 ("八云")
呼叫来自：cmds/skill/research.c 的 main() 第 37 行，物件： cmds/skill/research
呼叫来自：feature/dbase.c 的 query_temp() 第 132 行，物件： clone/user/user#11922 ("八云")
呼叫来自：feature/treemap.c 的 _query() 第 9 行，物件： clone/user/user#11922 ("八云")
object /cmds/skill/research: eval_cost too big 2000000

执行时段错误：*Too long evaluation. Execution aborted.

程式：cmds/skill/research.c 第 208 行
物件：/cmds/skill/research
呼叫来自：feature/command.c 的 command_hook() 第 77 行，物件： clone/user/user#9825 ("懒兔浩然")
呼叫来自：cmds/skill/research.c 的 main() 第 208 行，物件： cmds/skill/research
object /clone/user/user#3137: eval_cost too big 2000000

执行时段错误：*Too long evaluation. Execution aborted.

程式：inherit/char/char.c 第 43 行
物件：/clone/user/user#3137
呼叫来自：feature/command.c 的 command_hook() 第 77 行，物件： clone/user/user#14351 ("慕容秋荻")
呼叫来自：cmds/std/give.c 的 main() 第 48 行，物件： cmds/std/give
呼叫来自：adm/single/simul_efun.c 的 present() 第 119 行，物件： adm/single/simul_efun
呼叫来自：feature/name.c 的 id() 第 43 行，物件： clone/user/user#3137 ("东方影")
呼叫来自：inherit/char/char.c 的 is_character() 第 43 行，物件： clone/user/user#3137 ("东方影")
object /cmds/skill/research: eval_cost too big 2000000

执行时段错误：*Too long evaluation. Execution aborted.

程式：cmds/skill/research.c 第 206 行
物件：/cmds/skill/research
呼叫来自：feature/command.c 的 command_hook() 第 77 行，物件： clone/user/user#12 ("胡庆余")
呼叫来自：cmds/skill/research.c 的 main() 第 206 行，物件： cmds/skill/research
object /kungfu/skill/parry: eval_cost too big 2000000

执行时段错误：*Too long evaluation. Execution aborted.

程式：inherit/skill/skill.c 第 10 行
物件：/kungfu/skill/parry
呼叫来自：feature/command.c 的 command_hook() 第 77 行，物件： clone/user/user#9825 ("懒兔浩然")
呼叫来自：cmds/skill/research.c 的 main() 第 211 行，物件： cmds/skill/research
呼叫来自：feature/skill.c 的 improve_skill() 第 337 行，物件： clone/user/user#9825 ("懒兔浩然")
呼叫来自：inherit/skill/skill.c 的 type() 第 10 行，物件： kungfu/skill/parry
object /clone/user/user#12: eval_cost too big 2000000

执行时段错误：*Too long evaluation. Execution aborted.

程式：feature/dbase.c 第 47 行
物件：/clone/user/user#12
呼叫来自：feature/command.c 的 command_hook() 第 77 行，物件： clone/user/user#12 ("胡庆余")
呼叫来自：cmds/skill/research.c 的 main() 第 170 行，物件： cmds/skill/research
呼叫来自：feature/dbase.c 的 query() 第 47 行，物件： clone/user/user#12 ("胡庆余")
object /clone/user/user#11922: eval_cost too big 2000000

执行时段错误：*Too long evaluation. Execution aborted.

程式：feature/treemap.c 第 11 行
物件：/clone/user/user#11922
呼叫来自：feature/command.c 的 command_hook() 第 77 行，物件： clone/user/user#11922 ("八云")
呼叫来自：cmds/skill/research.c 的 main() 第 37 行，物件： cmds/skill/research
呼叫来自：feature/dbase.c 的 query_temp() 第 132 行，物件： clone/user/user#11922 ("八云")
呼叫来自：feature/treemap.c 的 _query() 第 11 行，物件： clone/user/user#11922 ("八云")
object /clone/user/user#11922: eval_cost too big 2000000

执行时段错误：*Too long evaluation. Execution aborted.

程式：feature/treemap.c 第 8 行
物件：/clone/user/user#11922
呼叫来自：feature/command.c 的 command_hook() 第 77 行，物件： clone/user/user#11922 ("八云")
呼叫来自：cmds/skill/research.c 的 main() 第 37 行，物件： cmds/skill/research
呼叫来自：feature/dbase.c 的 query_temp() 第 132 行，物件： clone/user/user#11922 ("八云")
呼叫来自：feature/treemap.c 的 _query() 第 8 行，物件： clone/user/user#11922 ("八云")
object /clone/user/user#9825: eval_cost too big 2000000

执行时段错误：*Too long evaluation. Execution aborted.

程式：feature/dbase.c 第 47 行
物件：/clone/user/user#9825
呼叫来自：feature/command.c 的 command_hook() 第 77 行，物件： clone/user/user#9825 ("懒兔浩然")
呼叫来自：cmds/skill/research.c 的 main() 第 209 行，物件： cmds/skill/research
呼叫来自：feature/dbase.c 的 add() 第 101 行，物件： clone/user/user#9825 ("懒兔浩然")
呼叫来自：feature/dbase.c 的 query() 第 47 行，物件： clone/user/user#9825 ("懒兔浩然")
object /d/city/npc/wang#502: eval_cost too big 2000000

执行时段错误：*Too long evaluation. Execution aborted.

程式：feature/treemap.c 第 9 行
物件：/d/city/npc/wang#502
呼叫来自：feature/command.c 的 command_hook() 第 77 行，物件： clone/user/user#177 ("盘古秀")
呼叫来自：cmds/std/ask.c 的 main() 第 93 行，物件： cmds/std/ask
呼叫来自：feature/dbase.c 的 query() 第 48 行，物件： d/city/npc/wang#502 ("王昭君")
呼叫来自：feature/treemap.c 的 _query() 第 9 行，物件： d/city/npc/wang#502 ("王昭君")
object /clone/user/user#12: eval_cost too big 2000000

执行时段错误：*Too long evaluation. Execution aborted.

程式：feature/dbase.c 第 52 行
物件：/clone/user/user#12
呼叫来自：feature/command.c 的 command_hook() 第 77 行，物件： clone/user/user#12 ("胡庆余")
呼叫来自：cmds/skill/research.c 的 main() 第 200 行，物件： cmds/skill/research
呼叫来自：feature/dbase.c 的 query() 第 52 行，物件： clone/user/user#12 ("胡庆余")
object /clone/user/user#9825: eval_cost too big 2000000

执行时段错误：*Too long evaluation. Execution aborted.

程式：feature/dbase.c 第 107 行
物件：/clone/user/user#9825
呼叫来自：feature/command.c 的 command_hook() 第 77 行，物件： clone/user/user#9825 ("懒兔浩然")
呼叫来自：cmds/skill/research.c 的 main() 第 212 行，物件： cmds/skill/research
呼叫来自：feature/dbase.c 的 add() 第 107 行，物件： clone/user/user#9825 ("懒兔浩然")
object /clone/user/user#12: eval_cost too big 2000000

执行时段错误：*Too long evaluation. Execution aborted.

程式：feature/dbase.c 第 38 行
物件：/clone/user/user#12
呼叫来自：feature/command.c 的 command_hook() 第 77 行，物件： clone/user/user#12 ("胡庆余")
呼叫来自：cmds/skill/research.c 的 main() 第 209 行，物件： cmds/skill/research
呼叫来自：feature/dbase.c 的 add() 第 107 行，物件： clone/user/user#12 ("胡庆余")
呼叫来自：clone/user/user.c 的 set() 第 131 行，物件： clone/user/user#12 ("胡庆余")
呼叫来自：feature/dbase.c 的 set() 第 38 行，物件： clone/user/user#12 ("胡庆余")
object /clone/user/user#9825: eval_cost too big 2000000

执行时段错误：*Too long evaluation. Execution aborted.

程式：feature/dbase.c 第 52 行
物件：/clone/user/user#9825
呼叫来自：feature/command.c 的 command_hook() 第 77 行，物件： clone/user/user#9825 ("懒兔浩然")
呼叫来自：cmds/skill/research.c 的 main() 第 212 行，物件： cmds/skill/research
呼叫来自：feature/dbase.c 的 add() 第 101 行，物件： clone/user/user#9825 ("懒兔浩然")
呼叫来自：feature/dbase.c 的 query() 第 52 行，物件： clone/user/user#9825 ("懒兔浩然")
object /clone/user/user#12: eval_cost too big 2000000

执行时段错误：*Too long evaluation. Execution aborted.

程式：feature/skill.c 第 369 行
物件：/clone/user/user#12
呼叫来自：feature/command.c 的 command_hook() 第 77 行，物件： clone/user/user#12 ("胡庆余")
呼叫来自：cmds/skill/research.c 的 main() 第 208 行，物件： cmds/skill/research
呼叫来自：feature/skill.c 的 improve_skill() 第 369 行，物件： clone/user/user#12 ("胡庆余")
object /clone/user/user#9825: eval_cost too big 2000000

执行时段错误：*Too long evaluation. Execution aborted.

程式：feature/dbase.c 第 104 行
物件：/clone/user/user#9825
呼叫来自：feature/command.c 的 command_hook() 第 77 行，物件： clone/user/user#9825 ("懒兔浩然")
呼叫来自：cmds/skill/research.c 的 main() 第 212 行，物件： cmds/skill/research
呼叫来自：feature/dbase.c 的 add() 第 104 行，物件： clone/user/user#9825 ("懒兔浩然")

执行时段错误：*Bad argument 1 to environment()
Expected: object Got: 0.

程式：inherit/char/boss.c 第 37 行
物件：0
呼叫来自：inherit/char/char.c 的 heart_beat() 第 94 行，物件： 0
呼叫来自：quest/tulong/npc/dragon.c 的 unconcious() 第 178 行，物件： 0
呼叫来自：quest/tulong/npc/dragon.c 的 die() 第 164 行，物件： 0
呼叫来自：inherit/char/boss.c 的 die() 第 37 行，物件： 0
Heart beat in quest/tulong/npc/dragon#16287 turned off.
object /clone/user/user#9825: eval_cost too big 2000000

执行时段错误：*Too long evaluation. Execution aborted.

程式：feature/skill.c 第 345 行
物件：/clone/user/user#9825
呼叫来自：feature/command.c 的 command_hook() 第 77 行，物件： clone/user/user#9825 ("懒兔浩然")
呼叫来自：cmds/skill/research.c 的 main() 第 211 行，物件： cmds/skill/research
呼叫来自：feature/skill.c 的 improve_skill() 第 345 行，物件： clone/user/user#9825 ("懒兔浩然")
object /clone/user/user#9825: eval_cost too big 2000000

执行时段错误：*Too long evaluation. Execution aborted.

程式：clone/user/user.c 第 126 行
物件：/clone/user/user#9825
呼叫来自：feature/command.c 的 command_hook() 第 77 行，物件： clone/user/user#9825 ("懒兔浩然")
呼叫来自：cmds/skill/research.c 的 main() 第 186 行，物件： cmds/skill/research
呼叫来自：feature/damage.c 的 receive_damage() 第 50 行，物件： clone/user/user#9825 ("懒兔浩然")
呼叫来自：clone/user/user.c 的 set() 第 126 行，物件： clone/user/user#9825 ("懒兔浩然")
object /clone/user/user#11922: eval_cost too big 2000000

执行时段错误：*Too long evaluation. Execution aborted.

程式：feature/dbase.c 第 48 行
物件：/clone/user/user#11922
呼叫来自：feature/command.c 的 command_hook() 第 77 行，物件： clone/user/user#11922 ("八云")
呼叫来自：cmds/skill/research.c 的 main() 第 56 行，物件： cmds/skill/research
呼叫来自：feature/dbase.c 的 query() 第 48 行，物件： clone/user/user#11922 ("八云")
object /clone/user/user#12: eval_cost too big 2000000

执行时段错误：*Too long evaluation. Execution aborted.

程式：feature/dbase.c 第 57 行
物件：/clone/user/user#12
呼叫来自：feature/command.c 的 command_hook() 第 77 行，物件： clone/user/user#12 ("胡庆余")
呼叫来自：cmds/skill/research.c 的 main() 第 200 行，物件： cmds/skill/research
呼叫来自：feature/dbase.c 的 query() 第 57 行，物件： clone/user/user#12 ("胡庆余")
object /clone/user/user#12: eval_cost too big 2000000

执行时段错误：*Too long evaluation. Execution aborted.

程式：feature/skill.c 第 365 行
物件：/clone/user/user#12
呼叫来自：feature/command.c 的 command_hook() 第 77 行，物件： clone/user/user#12 ("胡庆余")
呼叫来自：cmds/skill/research.c 的 main() 第 211 行，物件： cmds/skill/research
呼叫来自：feature/skill.c 的 improve_skill() 第 365 行，物件： clone/user/user#12 ("胡庆余")
object /d/city/beidajie2: eval_cost too big 2000000

执行时段错误：*Too long evaluation. Execution aborted.

程式：inherit/room/room.c 第 282 行
物件：/d/city/beidajie2
呼叫来自：feature/command.c 的 command_hook() 第 77 行，物件： clone/user/user#11922 ("八云")
呼叫来自：cmds/skill/research.c 的 main() 第 40 行，物件： cmds/skill/research
呼叫来自：inherit/room/room.c 的 query() 第 282 行，物件： d/city/beidajie2
object /clone/user/user#12: eval_cost too big 2000000

执行时段错误：*Too long evaluation. Execution aborted.

程式：feature/dbase.c 第 27 行
物件：/clone/user/user#12
呼叫来自：feature/command.c 的 command_hook() 第 77 行，物件： clone/user/user#12 ("胡庆余")
呼叫来自：cmds/skill/research.c 的 main() 第 209 行，物件： cmds/skill/research
呼叫来自：feature/dbase.c 的 add() 第 107 行，物件： clone/user/user#12 ("胡庆余")
呼叫来自：clone/user/user.c 的 set() 第 131 行，物件： clone/user/user#12 ("胡庆余")
呼叫来自：feature/dbase.c 的 set() 第 27 行，物件： clone/user/user#12 ("胡庆余")
object /clone/user/user#12: eval_cost too big 2000000

执行时段错误：*Too long evaluation. Execution aborted.

程式：feature/dbase.c 第 104 行
物件：/clone/user/user#12
呼叫来自：feature/command.c 的 command_hook() 第 77 行，物件： clone/user/user#12 ("胡庆余")
呼叫来自：cmds/skill/research.c 的 main() 第 212 行，物件： cmds/skill/research
呼叫来自：feature/dbase.c 的 add() 第 104 行，物件： clone/user/user#12 ("胡庆余")
object /clone/user/user#12: eval_cost too big 2000000

执行时段错误：*Too long evaluation. Execution aborted.

程式：feature/dbase.c 第 104 行
物件：/clone/user/user#12
呼叫来自：feature/command.c 的 command_hook() 第 77 行，物件： clone/user/user#12 ("胡庆余")
呼叫来自：cmds/skill/research.c 的 main() 第 212 行，物件： cmds/skill/research
呼叫来自：feature/dbase.c 的 add() 第 104 行，物件： clone/user/user#12 ("胡庆余")
object /clone/user/user#12: eval_cost too big 2000000

执行时段错误：*Too long evaluation. Execution aborted.

程式：feature/dbase.c 第 47 行
物件：/clone/user/user#12
呼叫来自：feature/command.c 的 command_hook() 第 77 行，物件： clone/user/user#12 ("胡庆余")
呼叫来自：cmds/skill/research.c 的 main() 第 170 行，物件： cmds/skill/research
呼叫来自：feature/dbase.c 的 query() 第 47 行，物件： clone/user/user#12 ("胡庆余")
object /clone/user/user#9825: eval_cost too big 2000000

执行时段错误：*Too long evaluation. Execution aborted.

程式：clone/user/user.c 第 125 行
物件：/clone/user/user#9825
呼叫来自：feature/command.c 的 command_hook() 第 77 行，物件： clone/user/user#9825 ("懒兔浩然")
呼叫来自：cmds/skill/research.c 的 main() 第 212 行，物件： cmds/skill/research
呼叫来自：feature/dbase.c 的 add() 第 107 行，物件： clone/user/user#9825 ("懒兔浩然")
呼叫来自：clone/user/user.c 的 set() 第 125 行，物件： clone/user/user#9825 ("懒兔浩然")
object /clone/user/user#12: eval_cost too big 2000000

执行时段错误：*Too long evaluation. Execution aborted.

程式：feature/dbase.c 第 55 行
物件：/clone/user/user#12
呼叫来自：feature/command.c 的 command_hook() 第 77 行，物件： clone/user/user#12 ("胡庆余")
呼叫来自：cmds/skill/research.c 的 main() 第 170 行，物件： cmds/skill/research
呼叫来自：feature/dbase.c 的 query() 第 55 行，物件： clone/user/user#12 ("胡庆余")
object /clone/user/user#12: eval_cost too big 2000000

执行时段错误：*Too long evaluation. Execution aborted.

程式：clone/user/user.c 第 126 行
物件：/clone/user/user#12
呼叫来自：feature/command.c 的 command_hook() 第 77 行，物件： clone/user/user#12 ("胡庆余")
呼叫来自：cmds/skill/research.c 的 main() 第 209 行，物件： cmds/skill/research
呼叫来自：feature/dbase.c 的 add() 第 107 行，物件： clone/user/user#12 ("胡庆余")
呼叫来自：clone/user/user.c 的 set() 第 126 行，物件： clone/user/user#12 ("胡庆余")
object /clone/user/user#9825: eval_cost too big 2000000

执行时段错误：*Too long evaluation. Execution aborted.

程式：feature/skill.c 第 369 行
物件：/clone/user/user#9825
呼叫来自：feature/command.c 的 command_hook() 第 77 行，物件： clone/user/user#9825 ("懒兔浩然")
呼叫来自：cmds/skill/research.c 的 main() 第 211 行，物件： cmds/skill/research
呼叫来自：feature/skill.c 的 improve_skill() 第 369 行，物件： clone/user/user#9825 ("懒兔浩然")
object /cmds/skill/research: eval_cost too big 2000000

执行时段错误：*Too long evaluation. Execution aborted.

程式：cmds/skill/research.c 第 186 行
物件：/cmds/skill/research
呼叫来自：feature/command.c 的 command_hook() 第 77 行，物件： clone/user/user#12 ("胡庆余")
呼叫来自：cmds/skill/research.c 的 main() 第 186 行，物件： cmds/skill/research
object /clone/user/user#11922: eval_cost too big 2000000

执行时段错误：*Too long evaluation. Execution aborted.

程式：feature/treemap.c 第 13 行
物件：/clone/user/user#11922
呼叫来自：feature/command.c 的 command_hook() 第 77 行，物件： clone/user/user#11922 ("八云")
呼叫来自：cmds/skill/research.c 的 main() 第 37 行，物件： cmds/skill/research
呼叫来自：feature/dbase.c 的 query_temp() 第 132 行，物件： clone/user/user#11922 ("八云")
呼叫来自：feature/treemap.c 的 _query() 第 13 行，物件： clone/user/user#11922 ("八云")
object /clone/user/user#12: eval_cost too big 2000000

执行时段错误：*Too long evaluation. Execution aborted.

程式：feature/dbase.c 第 52 行
物件：/clone/user/user#12
呼叫来自：feature/command.c 的 command_hook() 第 77 行，物件： clone/user/user#12 ("胡庆余")
呼叫来自：cmds/skill/research.c 的 main() 第 212 行，物件： cmds/skill/research
呼叫来自：feature/dbase.c 的 add() 第 101 行，物件： clone/user/user#12 ("胡庆余")
呼叫来自：feature/dbase.c 的 query() 第 52 行，物件： clone/user/user#12 ("胡庆余")
object /cmds/skill/research: eval_cost too big 2000000

执行时段错误：*Too long evaluation. Execution aborted.

程式：cmds/skill/research.c 第 186 行
物件：/cmds/skill/research
呼叫来自：feature/command.c 的 command_hook() 第 77 行，物件： clone/user/user#12 ("胡庆余")
呼叫来自：cmds/skill/research.c 的 main() 第 186 行，物件： cmds/skill/research
object /cmds/skill/research: eval_cost too big 2000000

执行时段错误：*Too long evaluation. Execution aborted.

程式：cmds/skill/research.c 第 212 行
物件：/cmds/skill/research
呼叫来自：feature/command.c 的 command_hook() 第 77 行，物件： clone/user/user#9825 ("懒兔浩然")
呼叫来自：cmds/skill/research.c 的 main() 第 212 行，物件： cmds/skill/research
object /clone/user/user#12: eval_cost too big 2000000

执行时段错误：*Too long evaluation. Execution aborted.

程式：feature/skill.c 第 367 行
物件：/clone/user/user#12
呼叫来自：feature/command.c 的 command_hook() 第 77 行，物件： clone/user/user#12 ("胡庆余")
呼叫来自：cmds/skill/research.c 的 main() 第 211 行，物件： cmds/skill/research
呼叫来自：feature/skill.c 的 improve_skill() 第 367 行，物件： clone/user/user#12 ("胡庆余")
object /clone/user/user#11922: eval_cost too big 2000000

执行时段错误：*Too long evaluation. Execution aborted.

程式：feature/treemap.c 第 13 行
物件：/clone/user/user#11922
呼叫来自：feature/command.c 的 command_hook() 第 77 行，物件： clone/user/user#11922 ("八云")
呼叫来自：cmds/skill/research.c 的 main() 第 53 行，物件： cmds/skill/research
呼叫来自：feature/dbase.c 的 query() 第 48 行，物件： clone/user/user#11922 ("八云")
呼叫来自：feature/treemap.c 的 _query() 第 13 行，物件： clone/user/user#11922 ("八云")
object /adm/daemons/commandd: eval_cost too big 2000000

执行时段错误：*Too long evaluation. Execution aborted.

程式：adm/daemons/commandd.c 第 73 行
物件：/adm/daemons/commandd
呼叫来自：feature/command.c 的 command_hook() 第 76 行，物件： clone/user/user#6406 ("慕容南辰")
呼叫来自：feature/command.c 的 find_command() 第 20 行，物件： clone/user/user#6406 ("慕容南辰")
呼叫来自：adm/daemons/commandd.c 的 find_command() 第 73 行，物件： adm/daemons/commandd
object /clone/user/user#12: eval_cost too big 2000000

执行时段错误：*Too long evaluation. Execution aborted.

程式：feature/dbase.c 第 57 行
物件：/clone/user/user#12
呼叫来自：feature/command.c 的 command_hook() 第 77 行，物件： clone/user/user#12 ("胡庆余")
呼叫来自：cmds/skill/research.c 的 main() 第 200 行，物件： cmds/skill/research
呼叫来自：feature/dbase.c 的 query() 第 57 行，物件： clone/user/user#12 ("胡庆余")
object /clone/user/user#9825: eval_cost too big 2000000

执行时段错误：*Too long evaluation. Execution aborted.

程式：feature/message.c 第 170 行
物件：/clone/user/user#9825
呼叫来自：feature/message.c 的 write_prompt() 第 170 行，物件： clone/user/user#9825 ("懒兔浩然")
object /clone/user/user#9825: eval_cost too big 2000000

执行时段错误：*Too long evaluation. Execution aborted.

程式：feature/message.c 第 172 行
物件：/clone/user/user#9825
呼叫来自：feature/message.c 的 write_prompt() 第 172 行，物件： clone/user/user#9825 ("懒兔浩然")
object /clone/kuang/ls/ls4#16236: eval_cost too big 2000000

执行时段错误：*Too long evaluation. Execution aborted.

程式：feature/name.c 第 43 行
物件：/clone/kuang/ls/ls4#16236
呼叫来自：feature/command.c 的 command_hook() 第 77 行，物件： clone/user/user#6406 ("慕容南辰")
呼叫来自：cmds/std/kill.c 的 main() 第 22 行，物件： cmds/std/kill
呼叫来自：adm/single/simul_efun.c 的 present() 第 119 行，物件： adm/single/simul_efun
呼叫来自：feature/name.c 的 id() 第 43 行，物件： clone/kuang/ls/ls4#16236 ("灵石")
object /clone/user/user#12: eval_cost too big 2000000

执行时段错误：*Too long evaluation. Execution aborted.

程式：feature/dbase.c 第 57 行
物件：/clone/user/user#12
呼叫来自：feature/command.c 的 command_hook() 第 77 行，物件： clone/user/user#12 ("胡庆余")
呼叫来自：cmds/skill/research.c 的 main() 第 200 行，物件： cmds/skill/research
呼叫来自：feature/dbase.c 的 query() 第 57 行，物件： clone/user/user#12 ("胡庆余")

执行时段错误：*call_other() couldn't find object

程式：adm/daemons/npcd.c 第 421 行
物件：/adm/daemons/npcd
呼叫来自：inherit/char/char.c 的 heart_beat() 第 133 行，物件： clone/npc/walker#3061 ("令狐高焯")
呼叫来自：inherit/char/npc.c 的 scan() 第 299 行，物件： clone/npc/walker#3061 ("令狐高焯")
呼叫来自：inherit/char/npc.c 的 chat() 第 377 行，物件： clone/npc/walker#3061 ("令狐高焯")
呼叫来自：<function> 的 <function>() 第 0 行，物件： clone/npc/walker#3061 ("令狐高焯")
呼叫来自：clone/npc/walker.c 的 <function>() 第 27 行，物件： clone/npc/walker#3061 ("令狐高焯")
呼叫来自：adm/daemons/npcd.c 的 random_move() 第 421 行，物件： adm/daemons/npcd
Heart beat in clone/npc/walker#3061 turned off.
object /adm/single/simul_efun: eval_cost too big 2000000

执行时段错误：*Too long evaluation. Execution aborted.

程式：adm/single/simul_efun.c 第 119 行
物件：/adm/single/simul_efun
呼叫来自：feature/command.c 的 command_hook() 第 77 行，物件： clone/user/user#11922 ("八云")
呼叫来自：cmds/skill/research.c 的 main() 第 60 行，物件： cmds/skill/research
呼叫来自：adm/single/simul_efun.c 的 present() 第 119 行，物件： adm/single/simul_efun
object /clone/user/user#12: eval_cost too big 2000000

执行时段错误：*Too long evaluation. Execution aborted.

程式：clone/user/user.c 第 126 行
物件：/clone/user/user#12
呼叫来自：feature/command.c 的 command_hook() 第 77 行，物件： clone/user/user#12 ("胡庆余")
呼叫来自：cmds/skill/research.c 的 main() 第 209 行，物件： cmds/skill/research
呼叫来自：feature/dbase.c 的 add() 第 107 行，物件： clone/user/user#12 ("胡庆余")
呼叫来自：clone/user/user.c 的 set() 第 126 行，物件： clone/user/user#12 ("胡庆余")
object /clone/user/user#12: eval_cost too big 2000000

执行时段错误：*Too long evaluation. Execution aborted.

程式：feature/skill.c 第 337 行
物件：/clone/user/user#12
呼叫来自：feature/command.c 的 command_hook() 第 77 行，物件： clone/user/user#12 ("胡庆余")
呼叫来自：cmds/skill/research.c 的 main() 第 211 行，物件： cmds/skill/research
呼叫来自：feature/skill.c 的 improve_skill() 第 337 行，物件： clone/user/user#12 ("胡庆余")
object /adm/daemons/securityd: eval_cost too big 2000000

执行时段错误：*Too long evaluation. Execution aborted.

程式：adm/daemons/securityd.c 第 355 行
物件：/adm/daemons/securityd
呼叫来自：feature/command.c 的 command_hook() 第 77 行，物件： clone/user/user#14351 ("慕容秋荻")
呼叫来自：cmds/std/give.c 的 main() 第 60 行，物件： cmds/std/give
呼叫来自：adm/single/simul_efun.c 的 wiz_level() 第 10 行，物件： adm/single/simul_efun
呼叫来自：adm/daemons/securityd.c 的 get_wiz_level() 第 361 行，物件： adm/daemons/securityd
呼叫来自：adm/daemons/securityd.c 的 get_status() 第 355 行，物件： adm/daemons/securityd
object /clone/user/user#12: eval_cost too big 2000000

执行时段错误：*Too long evaluation. Execution aborted.

程式：feature/dbase.c 第 104 行
物件：/clone/user/user#12
呼叫来自：feature/command.c 的 command_hook() 第 77 行，物件： clone/user/user#12 ("胡庆余")
呼叫来自：cmds/skill/research.c 的 main() 第 212 行，物件： cmds/skill/research
呼叫来自：feature/dbase.c 的 add() 第 104 行，物件： clone/user/user#12 ("胡庆余")
object /adm/daemons/aliasd: eval_cost too big 2000000

执行时段错误：*Too long evaluation. Execution aborted.

程式：adm/daemons/aliasd.c 第 44 行
物件：/adm/daemons/aliasd
呼叫来自：feature/alias.c 的 process_input() 第 113 行，物件： clone/user/user#14351 ("慕容秋荻")
呼叫来自：adm/daemons/aliasd.c 的 process_global_alias() 第 44 行，物件： adm/daemons/aliasd
object /d/city/beidajie2: eval_cost too big 2000000

执行时段错误：*Too long evaluation. Execution aborted.

程式：feature/dbase.c 第 57 行
物件：/d/city/beidajie2
呼叫来自：feature/command.c 的 command_hook() 第 77 行，物件： clone/user/user#11922 ("八云")
呼叫来自：cmds/skill/research.c 的 main() 第 31 行，物件： cmds/skill/research
呼叫来自：inherit/room/room.c 的 query() 第 282 行，物件： d/city/beidajie2
呼叫来自：feature/dbase.c 的 query() 第 57 行，物件： d/city/beidajie2
object /clone/user/user#12: eval_cost too big 2000000

执行时段错误：*Too long evaluation. Execution aborted.

程式：feature/skill.c 第 334 行
物件：/clone/user/user#12
呼叫来自：feature/command.c 的 command_hook() 第 77 行，物件： clone/user/user#12 ("胡庆余")
呼叫来自：cmds/skill/research.c 的 main() 第 211 行，物件： cmds/skill/research
呼叫来自：feature/skill.c 的 improve_skill() 第 334 行，物件： clone/user/user#12 ("胡庆余")
object /clone/user/user#9825: eval_cost too big 2000000

执行时段错误：*Too long evaluation. Execution aborted.

程式：feature/skill.c 第 337 行
物件：/clone/user/user#9825
呼叫来自：feature/command.c 的 command_hook() 第 77 行，物件： clone/user/user#9825 ("懒兔浩然")
呼叫来自：cmds/skill/research.c 的 main() 第 211 行，物件： cmds/skill/research
呼叫来自：feature/skill.c 的 improve_skill() 第 337 行，物件： clone/user/user#9825 ("懒兔浩然")
object /clone/user/user#12: eval_cost too big 2000000

执行时段错误：*Too long evaluation. Execution aborted.

程式：feature/dbase.c 第 57 行
物件：/clone/user/user#12
呼叫来自：feature/command.c 的 command_hook() 第 77 行，物件： clone/user/user#12 ("胡庆余")
呼叫来自：cmds/skill/research.c 的 main() 第 200 行，物件： cmds/skill/research
呼叫来自：feature/dbase.c 的 query() 第 57 行，物件： clone/user/user#12 ("胡庆余")
object /clone/user/user#12: eval_cost too big 2000000

执行时段错误：*Too long evaluation. Execution aborted.

程式：feature/skill.c 第 337 行
物件：/clone/user/user#12
呼叫来自：feature/command.c 的 command_hook() 第 77 行，物件： clone/user/user#12 ("胡庆余")
呼叫来自：cmds/skill/research.c 的 main() 第 211 行，物件： cmds/skill/research
呼叫来自：feature/skill.c 的 improve_skill() 第 337 行，物件： clone/user/user#12 ("胡庆余")
object /clone/user/user#12: eval_cost too big 2000000

执行时段错误：*Too long evaluation. Execution aborted.

程式：feature/dbase.c 第 27 行
物件：/clone/user/user#12
呼叫来自：feature/command.c 的 command_hook() 第 77 行，物件： clone/user/user#12 ("胡庆余")
呼叫来自：cmds/skill/research.c 的 main() 第 209 行，物件： cmds/skill/research
呼叫来自：feature/dbase.c 的 add() 第 107 行，物件： clone/user/user#12 ("胡庆余")
呼叫来自：clone/user/user.c 的 set() 第 131 行，物件： clone/user/user#12 ("胡庆余")
呼叫来自：feature/dbase.c 的 set() 第 27 行，物件： clone/user/user#12 ("胡庆余")
object /cmds/skill/research: eval_cost too big 2000000

执行时段错误：*Too long evaluation. Execution aborted.

程式：cmds/skill/research.c 第 170 行
物件：/cmds/skill/research
呼叫来自：feature/command.c 的 command_hook() 第 77 行，物件： clone/user/user#12 ("胡庆余")
呼叫来自：cmds/skill/research.c 的 main() 第 170 行，物件： cmds/skill/research
object /clone/user/user#12: eval_cost too big 2000000

执行时段错误：*Too long evaluation. Execution aborted.

程式：feature/dbase.c 第 27 行
物件：/clone/user/user#12
呼叫来自：feature/command.c 的 command_hook() 第 77 行，物件： clone/user/user#12 ("胡庆余")
呼叫来自：cmds/skill/research.c 的 main() 第 209 行，物件： cmds/skill/research
呼叫来自：feature/dbase.c 的 add() 第 107 行，物件： clone/user/user#12 ("胡庆余")
呼叫来自：clone/user/user.c 的 set() 第 131 行，物件： clone/user/user#12 ("胡庆余")
呼叫来自：feature/dbase.c 的 set() 第 27 行，物件： clone/user/user#12 ("胡庆余")
object /clone/user/user#11922: eval_cost too big 2000000

执行时段错误：*Too long evaluation. Execution aborted.

程式：feature/dbase.c 第 131 行
物件：/clone/user/user#11922
呼叫来自：feature/command.c 的 command_hook() 第 77 行，物件： clone/user/user#11922 ("八云")
呼叫来自：cmds/skill/research.c 的 main() 第 37 行，物件： cmds/skill/research
呼叫来自：feature/dbase.c 的 query_temp() 第 131 行，物件： clone/user/user#11922 ("八云")
object /clone/user/user#14351: eval_cost too big 2000000

执行时段错误：*Too long evaluation. Execution aborted.

程式：feature/command.c 第 58 行
物件：/clone/user/user#14351
呼叫来自：feature/command.c 的 command_hook() 第 58 行，物件： clone/user/user#14351 ("慕容秋荻")
object /clone/user/user#12: eval_cost too big 2000000

执行时段错误：*Too long evaluation. Execution aborted.

程式：feature/skill.c 第 337 行
物件：/clone/user/user#12
呼叫来自：feature/command.c 的 command_hook() 第 77 行，物件： clone/user/user#12 ("胡庆余")
呼叫来自：cmds/skill/research.c 的 main() 第 211 行，物件： cmds/skill/research
呼叫来自：feature/skill.c 的 improve_skill() 第 337 行，物件： clone/user/user#12 ("胡庆余")
object /clone/user/user#12: eval_cost too big 2000000

执行时段错误：*Too long evaluation. Execution aborted.

程式：feature/dbase.c 第 57 行
物件：/clone/user/user#12
呼叫来自：feature/command.c 的 command_hook() 第 77 行，物件： clone/user/user#12 ("胡庆余")
呼叫来自：cmds/skill/research.c 的 main() 第 200 行，物件： cmds/skill/research
呼叫来自：feature/dbase.c 的 query() 第 57 行，物件： clone/user/user#12 ("胡庆余")

执行时段错误：*Bad argument 1 to call_other()
Expected: string or array or object Got: 0.

程式：feature/dbase.c 第 93 行
物件：/clone/user/user#14351
呼叫来自：clone/user/user.c 的 reset() 第 86 行，物件： clone/user/user#14351 ("慕容秋荻")
呼叫来自：feature/dbase.c 的 add() 第 93 行，物件： clone/user/user#14351 ("慕容秋荻")

执行时段错误：*Error in loading object '/d/wudu/npc/qiandu3'

程式：inherit/room/room.c 第 24 行
物件：/d/wudu/qiandu2
呼叫来自：inherit/room/room.c 的 reset() 第 86 行，物件： d/wudu/qiandu2
呼叫来自：inherit/room/room.c 的 make_inventory() 第 24 行，物件： d/wudu/qiandu2

执行时段错误：*Error in loading object '/d/mingjiao/npc/tangyang'

程式：inherit/room/room.c 第 24 行
物件：/d/mingjiao/hsqdating
呼叫来自：inherit/room/room.c 的 reset() 第 86 行，物件： d/mingjiao/hsqdating
呼叫来自：inherit/room/room.c 的 make_inventory() 第 24 行，物件： d/mingjiao/hsqdating

执行时段错误：*Bad argument 1 to call_other()
Expected: string or array or object Got: 0.

程式：inherit/room/room.c 第 25 行
物件：/data/room/tyz000/qianting
呼叫来自：inherit/room/room.c 的 reset() 第 86 行，物件： data/room/tyz000/qianting
呼叫来自：inherit/room/room.c 的 make_inventory() 第 25 行，物件： data/room/tyz000/qianting

执行时段错误：*Error in loading object '/kungfu/class/sky/obj/shenjiu'

程式：inherit/char/npc.c 第 17 行
物件：/d/luoyang/npc/libai#16415
呼叫来自：inherit/room/room.c 的 reset() 第 86 行，物件： d/luoyang/zuixianlou4
呼叫来自：inherit/room/room.c 的 make_inventory() 第 24 行，物件： d/luoyang/zuixianlou4
呼叫来自：d/luoyang/npc/libai.c 的 create() 第 64 行，物件： d/luoyang/npc/libai#16415 ("李白")
呼叫来自：inherit/char/npc.c 的 carry_object() 第 17 行，物件： d/luoyang/npc/libai#16415 ("李白")

执行时段错误：*Bad argument 1 to call_other()
Expected: string or array or object Got: 0.

程式：inherit/room/room.c 第 25 行
物件：/data/room/yixingbu/qianting
呼叫来自：inherit/room/room.c 的 reset() 第 86 行，物件： data/room/yixingbu/qianting
呼叫来自：inherit/room/room.c 的 make_inventory() 第 25 行，物件： data/room/yixingbu/qianting

执行时段错误：*Bad argument 1 to call_other()
Expected: string or array or object Got: 0.

程式：inherit/room/room.c 第 25 行
物件：/data/room/adawong/qianting
呼叫来自：inherit/room/room.c 的 reset() 第 86 行，物件： data/room/adawong/qianting
呼叫来自：inherit/room/room.c 的 make_inventory() 第 25 行，物件： data/room/adawong/qianting

执行时段错误：*Bad argument 1 to call_other()
Expected: string or array or object Got: 0.

程式：inherit/room/room.c 第 25 行
物件：/data/room/pxhaha/qianting
呼叫来自：inherit/room/room.c 的 reset() 第 86 行，物件： data/room/pxhaha/qianting
呼叫来自：inherit/room/room.c 的 make_inventory() 第 25 行，物件： data/room/pxhaha/qianting

执行时段错误：*Bad argument 1 to call_other()
Expected: string or array or object Got: 0.

程式：inherit/room/room.c 第 25 行
物件：/data/room/pxdaye/qianting
呼叫来自：inherit/room/room.c 的 reset() 第 86 行，物件： data/room/pxdaye/qianting
呼叫来自：inherit/room/room.c 的 make_inventory() 第 25 行，物件： data/room/pxdaye/qianting

执行时段错误：*Bad argument 1 to call_other()
Expected: string or array or object Got: 0.

程式：inherit/room/room.c 第 25 行
物件：/data/room/hubert/qianting
呼叫来自：inherit/room/room.c 的 reset() 第 86 行，物件： data/room/hubert/qianting
呼叫来自：inherit/room/room.c 的 make_inventory() 第 25 行，物件： data/room/hubert/qianting
object /clone/user/user#9825: eval_cost too big 2000000

执行时段错误：*Too long evaluation. Execution aborted.

程式：feature/message.c 第 159 行
物件：/clone/user/user#9825
呼叫来自：feature/message.c 的 write_prompt() 第 159 行，物件： clone/user/user#9825 ("懒兔浩然")
object /clone/user/user#9825: eval_cost too big 2000000

执行时段错误：*Too long evaluation. Execution aborted.

程式：feature/dbase.c 第 50 行
物件：/clone/user/user#9825
呼叫来自：feature/command.c 的 command_hook() 第 77 行，物件： clone/user/user#9825 ("懒兔浩然")
呼叫来自：cmds/skill/research.c 的 main() 第 170 行，物件： cmds/skill/research
呼叫来自：feature/dbase.c 的 query() 第 50 行，物件： clone/user/user#9825 ("懒兔浩然")
object /clone/user/user#14351: eval_cost too big 2000000

执行时段错误：*Too long evaluation. Execution aborted.

程式：feature/alias.c 第 96 行
物件：/clone/user/user#14351
呼叫来自：feature/alias.c 的 process_input() 第 96 行，物件： clone/user/user#14351 ("慕容秋荻")
object /clone/user/user#9825: eval_cost too big 2000000

执行时段错误：*Too long evaluation. Execution aborted.

程式：feature/message.c 第 172 行
物件：/clone/user/user#9825
呼叫来自：feature/message.c 的 write_prompt() 第 172 行，物件： clone/user/user#9825 ("懒兔浩然")
object /clone/user/user#14351: eval_cost too big 2000000

执行时段错误：*Too long evaluation. Execution aborted.

程式：feature/name.c 第 43 行
物件：/clone/user/user#14351
呼叫来自：feature/command.c 的 command_hook() 第 77 行，物件： clone/user/user#14351 ("慕容秋荻")
呼叫来自：cmds/std/give.c 的 main() 第 22 行，物件： cmds/std/give
呼叫来自：adm/single/simul_efun.c 的 present() 第 119 行，物件： adm/single/simul_efun
呼叫来自：feature/name.c 的 id() 第 43 行，物件： clone/user/user#14351 ("慕容秋荻")
object /clone/kuang/ls/ls3#16222: eval_cost too big 2000000

执行时段错误：*Too long evaluation. Execution aborted.

程式：feature/name.c 第 43 行
物件：/clone/kuang/ls/ls3#16222
呼叫来自：feature/command.c 的 command_hook() 第 77 行，物件： clone/user/user#6406 ("慕容南辰")
呼叫来自：cmds/std/kill.c 的 main() 第 22 行，物件： cmds/std/kill
呼叫来自：adm/single/simul_efun.c 的 present() 第 119 行，物件： adm/single/simul_efun
呼叫来自：feature/name.c 的 id() 第 43 行，物件： clone/kuang/ls/ls3#16222 ("灵石")
object /cmds/skill/research: eval_cost too big 2000000

执行时段错误：*Too long evaluation. Execution aborted.

程式：cmds/skill/research.c 第 208 行
物件：/cmds/skill/research
呼叫来自：feature/command.c 的 command_hook() 第 77 行，物件： clone/user/user#9825 ("懒兔浩然")
呼叫来自：cmds/skill/research.c 的 main() 第 208 行，物件： cmds/skill/research
object /cmds/skill/research: eval_cost too big 2000000

执行时段错误：*Too long evaluation. Execution aborted.

程式：cmds/skill/research.c 第 211 行
物件：/cmds/skill/research
呼叫来自：feature/command.c 的 command_hook() 第 77 行，物件： clone/user/user#9825 ("懒兔浩然")
呼叫来自：cmds/skill/research.c 的 main() 第 211 行，物件： cmds/skill/research
object /clone/user/user#14351: eval_cost too big 2000000

执行时段错误：*Too long evaluation. Execution aborted.

程式：inherit/char/char.c 第 232 行
物件：/clone/user/user#14351
呼叫来自：feature/command.c 的 command_hook() 第 77 行，物件： clone/user/user#14351 ("慕容秋荻")
呼叫来自：cmds/std/give.c 的 main() 第 48 行，物件： cmds/std/give
呼叫来自：adm/single/simul_efun.c 的 present() 第 119 行，物件： adm/single/simul_efun
呼叫来自：feature/name.c 的 id() 第 44 行，物件： clone/user/user#3137 ("东方影")
呼叫来自：inherit/char/char.c 的 visible() 第 232 行，物件： clone/user/user#14351 ("慕容秋荻")
object /adm/daemons/commandd: eval_cost too big 2000000

执行时段错误：*Too long evaluation. Execution aborted.

程式：adm/daemons/commandd.c 第 64 行
物件：/adm/daemons/commandd
呼叫来自：feature/command.c 的 command_hook() 第 76 行，物件： clone/user/user#6406 ("慕容南辰")
呼叫来自：feature/command.c 的 find_command() 第 20 行，物件： clone/user/user#6406 ("慕容南辰")
呼叫来自：adm/daemons/commandd.c 的 find_command() 第 64 行，物件： adm/daemons/commandd
get_user_data: read on fd 324
System Error: get_user_data: read: 当文件已存在时，无法创建该文件。

object /d/maze/khxz/npc/15#16703: eval_cost too big 2000000

执行时段错误：*Too long evaluation. Execution aborted.

程式：feature/treemap.c 第 11 行
物件：/d/maze/khxz/npc/15#16703
呼叫来自：feature/command.c 的 command_hook() 第 77 行，物件： clone/user/user#6406 ("慕容南辰")
呼叫来自：cmds/std/kill.c 的 main() 第 48 行，物件： cmds/std/kill
呼叫来自：adm/single/simul_efun.c 的 message_vision() 第 87 行，物件： adm/single/simul_efun
呼叫来自：feature/name.c 的 name() 第 94 行，物件： d/maze/khxz/npc/15#16703 ("内门弟子")
呼叫来自：feature/dbase.c 的 query_temp() 第 132 行，物件： d/maze/khxz/npc/15#16703 ("内门弟子")
呼叫来自：feature/treemap.c 的 _query() 第 11 行，物件： d/maze/khxz/npc/15#16703 ("内门弟子")
object /d/city/npc/xiaoer#37: eval_cost too big 2000000

执行时段错误：*Too long evaluation. Execution aborted.

程式：feature/name.c 第 44 行
物件：/d/city/npc/xiaoer#37
呼叫来自：feature/command.c 的 command_hook() 第 77 行，物件： clone/user/user#14351 ("慕容秋荻")
呼叫来自：cmds/std/give.c 的 main() 第 22 行，物件： cmds/std/give
呼叫来自：adm/single/simul_efun.c 的 present() 第 119 行，物件： adm/single/simul_efun
呼叫来自：feature/name.c 的 id() 第 44 行，物件： d/city/npc/xiaoer#37 ("店小二")
object /clone/user/user#14351: eval_cost too big 2000000

执行时段错误：*Too long evaluation. Execution aborted.

程式：feature/name.c 第 46 行
物件：/clone/user/user#14351
呼叫来自：feature/command.c 的 command_hook() 第 77 行，物件： clone/user/user#14351 ("慕容秋荻")
呼叫来自：cmds/std/give.c 的 main() 第 22 行，物件： cmds/std/give
呼叫来自：adm/single/simul_efun.c 的 present() 第 119 行，物件： adm/single/simul_efun
呼叫来自：feature/name.c 的 id() 第 46 行，物件： clone/user/user#14351 ("慕容秋荻")

执行时段错误：*Value being indexed is zero.

程式：clone/quest/search.c 第 91 行
物件：/clone/quest/search#16954
呼叫来自：adm/daemons/quest/search.c 的 heart_beat() 第 66 行，物件： adm/daemons/quest/search
呼叫来自：adm/daemons/quest/search.c 的 start_quest() 第 53 行，物件： adm/daemons/quest/search
呼叫来自：clone/quest/search.c 的 init_quest() 第 91 行，物件： clone/quest/search#16954 ("围攻0")
Heart beat in adm/daemons/quest/search turned off.
object /adm/single/simul_efun: eval_cost too big 2000000

执行时段错误：*Too long evaluation. Execution aborted.

程式：adm/single/simul_efun.c 第 114 行
物件：/adm/single/simul_efun
呼叫来自：feature/command.c 的 command_hook() 第 77 行，物件： clone/user/user#14351 ("慕容秋荻")
呼叫来自：cmds/std/give.c 的 main() 第 22 行，物件： cmds/std/give
呼叫来自：adm/single/simul_efun.c 的 present() 第 114 行，物件： adm/single/simul_efun
object /cmds/skill/research: eval_cost too big 2000000

执行时段错误：*Too long evaluation. Execution aborted.

程式：cmds/skill/research.c 第 219 行
物件：/cmds/skill/research
呼叫来自：feature/command.c 的 command_hook() 第 77 行，物件： clone/user/user#9825 ("懒兔浩然")
呼叫来自：cmds/skill/research.c 的 main() 第 219 行，物件： cmds/skill/research
object /clone/user/user#14351: eval_cost too big 2000000

执行时段错误：*Too long evaluation. Execution aborted.

程式：feature/command.c 第 54 行
物件：/clone/user/user#14351
呼叫来自：feature/command.c 的 command_hook() 第 54 行，物件： clone/user/user#14351 ("慕容秋荻")

执行时段错误：*call_other() couldn't find object

程式：adm/daemons/npcd.c 第 421 行
物件：/adm/daemons/npcd
呼叫来自：inherit/char/char.c 的 heart_beat() 第 133 行，物件： clone/npc/walker#3171 ("邱仁")
呼叫来自：inherit/char/npc.c 的 scan() 第 299 行，物件： clone/npc/walker#3171 ("邱仁")
呼叫来自：inherit/char/npc.c 的 chat() 第 377 行，物件： clone/npc/walker#3171 ("邱仁")
呼叫来自：<function> 的 <function>() 第 0 行，物件： clone/npc/walker#3171 ("邱仁")
呼叫来自：clone/npc/walker.c 的 <function>() 第 27 行，物件： clone/npc/walker#3171 ("邱仁")
呼叫来自：adm/daemons/npcd.c 的 random_move() 第 421 行，物件： adm/daemons/npcd
Heart beat in clone/npc/walker#3171 turned off.
object /clone/user/user#6406: eval_cost too big 2000000

执行时段错误：*Too long evaluation. Execution aborted.

程式：inherit/char/char.c 第 232 行
物件：/clone/user/user#6406
呼叫来自：feature/command.c 的 command_hook() 第 77 行，物件： clone/user/user#6406 ("慕容南辰")
呼叫来自：cmds/std/kill.c 的 main() 第 22 行，物件： cmds/std/kill
呼叫来自：adm/single/simul_efun.c 的 present() 第 119 行，物件： adm/single/simul_efun
呼叫来自：feature/name.c 的 id() 第 44 行，物件： d/maze/khxz/npc/27#17258 ("传功长老-萧不予")
呼叫来自：inherit/char/char.c 的 visible() 第 232 行，物件： clone/user/user#6406 ("慕容南辰")
object /cmds/skill/research: eval_cost too big 2000000

执行时段错误：*Too long evaluation. Execution aborted.

程式：cmds/skill/research.c 第 211 行
物件：/cmds/skill/research
呼叫来自：feature/command.c 的 command_hook() 第 77 行，物件： clone/user/user#9825 ("懒兔浩然")
呼叫来自：cmds/skill/research.c 的 main() 第 211 行，物件： cmds/skill/research
object /clone/user/user#9825: eval_cost too big 2000000

执行时段错误：*Too long evaluation. Execution aborted.

程式：feature/dbase.c 第 101 行
物件：/clone/user/user#9825
呼叫来自：feature/command.c 的 command_hook() 第 77 行，物件： clone/user/user#9825 ("懒兔浩然")
呼叫来自：cmds/skill/research.c 的 main() 第 212 行，物件： cmds/skill/research
呼叫来自：feature/dbase.c 的 add() 第 101 行，物件： clone/user/user#9825 ("懒兔浩然")
object /clone/user/user#14351: eval_cost too big 2000000

执行时段错误：*Too long evaluation. Execution aborted.

程式：feature/name.c 第 44 行
物件：/clone/user/user#14351
呼叫来自：feature/command.c 的 command_hook() 第 77 行，物件： clone/user/user#14351 ("慕容秋荻")
呼叫来自：cmds/std/give.c 的 main() 第 22 行，物件： cmds/std/give
呼叫来自：adm/single/simul_efun.c 的 present() 第 119 行，物件： adm/single/simul_efun
呼叫来自：feature/name.c 的 id() 第 44 行，物件： clone/user/user#14351 ("慕容秋荻")
object /clone/user/user#14351: eval_cost too big 2000000

执行时段错误：*Too long evaluation. Execution aborted.

程式：feature/name.c 第 43 行
物件：/clone/user/user#14351
呼叫来自：feature/command.c 的 command_hook() 第 77 行，物件： clone/user/user#14351 ("慕容秋荻")
呼叫来自：cmds/std/give.c 的 main() 第 22 行，物件： cmds/std/give
呼叫来自：adm/single/simul_efun.c 的 present() 第 119 行，物件： adm/single/simul_efun
呼叫来自：feature/name.c 的 id() 第 43 行，物件： clone/user/user#14351 ("慕容秋荻")
object /cmds/skill/research: eval_cost too big 2000000

执行时段错误：*Too long evaluation. Execution aborted.

程式：cmds/skill/research.c 第 219 行
物件：/cmds/skill/research
呼叫来自：feature/command.c 的 command_hook() 第 77 行，物件： clone/user/user#9825 ("懒兔浩然")
呼叫来自：cmds/skill/research.c 的 main() 第 219 行，物件： cmds/skill/research

执行时段错误：*call_other() couldn't find object

程式：adm/daemons/npcd.c 第 421 行
物件：/adm/daemons/npcd
呼叫来自：inherit/char/char.c 的 heart_beat() 第 133 行，物件： clone/npc/walker#4707 ("邓驰西")
呼叫来自：inherit/char/npc.c 的 scan() 第 299 行，物件： clone/npc/walker#4707 ("邓驰西")
呼叫来自：inherit/char/npc.c 的 chat() 第 377 行，物件： clone/npc/walker#4707 ("邓驰西")
呼叫来自：<function> 的 <function>() 第 0 行，物件： clone/npc/walker#4707 ("邓驰西")
呼叫来自：clone/npc/walker.c 的 <function>() 第 27 行，物件： clone/npc/walker#4707 ("邓驰西")
呼叫来自：adm/daemons/npcd.c 的 random_move() 第 421 行，物件： adm/daemons/npcd
Heart beat in clone/npc/walker#4707 turned off.
object /clone/user/user#9825: eval_cost too big 2000000

执行时段错误：*Too long evaluation. Execution aborted.

程式：feature/message.c 第 172 行
物件：/clone/user/user#9825
呼叫来自：feature/message.c 的 write_prompt() 第 172 行，物件： clone/user/user#9825 ("懒兔浩然")
object /clone/user/user#14351: eval_cost too big 2000000

执行时段错误：*Too long evaluation. Execution aborted.

程式：inherit/char/char.c 第 232 行
物件：/clone/user/user#14351
呼叫来自：feature/command.c 的 command_hook() 第 77 行，物件： clone/user/user#14351 ("慕容秋荻")
呼叫来自：cmds/std/give.c 的 main() 第 22 行，物件： cmds/std/give
呼叫来自：adm/single/simul_efun.c 的 present() 第 119 行，物件： adm/single/simul_efun
呼叫来自：feature/name.c 的 id() 第 44 行，物件： clone/user/user#3137 ("东方影")
呼叫来自：inherit/char/char.c 的 visible() 第 232 行，物件： clone/user/user#14351 ("慕容秋荻")

执行时段错误：*Bad argument 1 to call_other()
Expected: string or array or object Got: 0.

程式：inherit/room/room.c 第 25 行
物件：/data/room/yxsyyr1/qianting
呼叫来自：inherit/char/char.c 的 heart_beat() 第 133 行，物件： clone/npc/walker#1710 ("公孙佰")
呼叫来自：inherit/char/npc.c 的 scan() 第 299 行，物件： clone/npc/walker#1710 ("公孙佰")
呼叫来自：inherit/char/npc.c 的 chat() 第 377 行，物件： clone/npc/walker#1710 ("公孙佰")
呼叫来自：<function> 的 <function>() 第 0 行，物件： clone/npc/walker#1710 ("公孙佰")
呼叫来自：clone/npc/walker.c 的 do_walk() 第 83 行，物件： clone/npc/walker#1710 ("公孙佰")
呼叫来自：inherit/char/npc.c 的 random_move() 第 393 行，物件： clone/npc/walker#1710 ("公孙佰")
呼叫来自：feature/command.c 的 command_hook() 第 77 行，物件： clone/npc/walker#1710 ("公孙佰")
呼叫来自：cmds/std/go.c 的 main() 第 200 行，物件： cmds/std/go
呼叫来自：data/room/yxsyyr1/qianting.c 的 create() 第 28 行，物件： data/room/yxsyyr1/qianting
呼叫来自：inherit/room/privateroom.c 的 setup() 第 74 行，物件： data/room/yxsyyr1/qianting
呼叫来自：inherit/room/room.c 的 setup() 第 252 行，物件： data/room/yxsyyr1/qianting
呼叫来自：inherit/room/room.c 的 reset() 第 86 行，物件： data/room/yxsyyr1/qianting
呼叫来自：inherit/room/room.c 的 make_inventory() 第 25 行，物件： data/room/yxsyyr1/qianting
Heart beat in clone/npc/walker#1710 turned off.

执行时段错误：*Bad argument 1 to call_other()
Expected: string or array or object Got: 0.

程式：inherit/room/room.c 第 25 行
物件：/data/room/moyin/qianting
呼叫来自：inherit/room/room.c 的 reset() 第 86 行，物件： data/room/moyin/qianting
呼叫来自：inherit/room/room.c 的 make_inventory() 第 25 行，物件： data/room/moyin/qianting

执行时段错误：*Error in loading object '/d/wudu/npc/qiandu3'

程式：inherit/room/room.c 第 24 行
物件：/d/wudu/qiandu2
呼叫来自：inherit/room/room.c 的 reset() 第 86 行，物件： d/wudu/qiandu2
呼叫来自：inherit/room/room.c 的 make_inventory() 第 24 行，物件： d/wudu/qiandu2

执行时段错误：*Bad argument 1 to call_other()
Expected: string or array or object Got: 0.

程式：inherit/room/room.c 第 25 行
物件：/data/room/w2544460429/qianting
呼叫来自：inherit/room/room.c 的 reset() 第 86 行，物件： data/room/w2544460429/qianting
呼叫来自：inherit/room/room.c 的 make_inventory() 第 25 行，物件： data/room/w2544460429/qianting

执行时段错误：*Bad argument 1 to call_other()
Expected: string or array or object Got: 0.

程式：inherit/room/room.c 第 25 行
物件：/data/room/qazzaq/qianting
呼叫来自：inherit/room/room.c 的 reset() 第 86 行，物件： data/room/qazzaq/qianting
呼叫来自：inherit/room/room.c 的 make_inventory() 第 25 行，物件： data/room/qazzaq/qianting

执行时段错误：*Bad argument 1 to call_other()
Expected: string or array or object Got: 0.

程式：inherit/room/room.c 第 25 行
物件：/data/room/pxdaye/qianting
呼叫来自：inherit/room/room.c 的 reset() 第 86 行，物件： data/room/pxdaye/qianting
呼叫来自：inherit/room/room.c 的 make_inventory() 第 25 行，物件： data/room/pxdaye/qianting

执行时段错误：*Bad argument 1 to call_other()
Expected: string or array or object Got: 0.

程式：inherit/room/room.c 第 25 行
物件：/d/luoyang/shuoshu
呼叫来自：inherit/room/room.c 的 reset() 第 86 行，物件： d/luoyang/shuoshu
呼叫来自：inherit/room/room.c 的 make_inventory() 第 25 行，物件： d/luoyang/shuoshu

执行时段错误：*Bad argument 1 to call_other()
Expected: string or array or object Got: 0.

程式：feature/dbase.c 第 93 行
物件：/clone/user/user
呼叫来自：clone/user/user.c 的 reset() 第 86 行，物件： clone/user/user ("使用者物件")
呼叫来自：feature/dbase.c 的 add() 第 93 行，物件： clone/user/user ("使用者物件")
object /clone/user/user#9825: eval_cost too big 2000000

执行时段错误：*Too long evaluation. Execution aborted.

程式：clone/user/user.c 第 126 行
物件：/clone/user/user#9825
呼叫来自：feature/command.c 的 command_hook() 第 77 行，物件： clone/user/user#9825 ("懒兔浩然")
呼叫来自：cmds/skill/research.c 的 main() 第 212 行，物件： cmds/skill/research
呼叫来自：feature/dbase.c 的 add() 第 107 行，物件： clone/user/user#9825 ("懒兔浩然")
呼叫来自：clone/user/user.c 的 set() 第 126 行，物件： clone/user/user#9825 ("懒兔浩然")
object /clone/user/user#9825: eval_cost too big 2000000

执行时段错误：*Too long evaluation. Execution aborted.

程式：clone/user/user.c 第 125 行
物件：/clone/user/user#9825
呼叫来自：feature/command.c 的 command_hook() 第 77 行，物件： clone/user/user#9825 ("懒兔浩然")
呼叫来自：cmds/skill/research.c 的 main() 第 212 行，物件： cmds/skill/research
呼叫来自：feature/dbase.c 的 add() 第 107 行，物件： clone/user/user#9825 ("懒兔浩然")
呼叫来自：clone/user/user.c 的 set() 第 125 行，物件： clone/user/user#9825 ("懒兔浩然")
object /cmds/skill/research: eval_cost too big 2000000

执行时段错误：*Too long evaluation. Execution aborted.

程式：cmds/skill/research.c 第 219 行
物件：/cmds/skill/research
呼叫来自：feature/command.c 的 command_hook() 第 77 行，物件： clone/user/user#9825 ("懒兔浩然")
呼叫来自：cmds/skill/research.c 的 main() 第 219 行，物件： cmds/skill/research
object /clone/user/user#9825: eval_cost too big 2000000

执行时段错误：*Too long evaluation. Execution aborted.

程式：feature/skill.c 第 339 行
物件：/clone/user/user#9825
呼叫来自：feature/command.c 的 command_hook() 第 77 行，物件： clone/user/user#9825 ("懒兔浩然")
呼叫来自：cmds/skill/research.c 的 main() 第 211 行，物件： cmds/skill/research
呼叫来自：feature/skill.c 的 improve_skill() 第 339 行，物件： clone/user/user#9825 ("懒兔浩然")
object /clone/user/user#3137: eval_cost too big 2000000

执行时段错误：*Too long evaluation. Execution aborted.

程式：feature/name.c 第 44 行
物件：/clone/user/user#3137
呼叫来自：feature/command.c 的 command_hook() 第 77 行，物件： clone/user/user#14351 ("慕容秋荻")
呼叫来自：cmds/std/give.c 的 main() 第 22 行，物件： cmds/std/give
呼叫来自：adm/single/simul_efun.c 的 present() 第 119 行，物件： adm/single/simul_efun
呼叫来自：feature/name.c 的 id() 第 44 行，物件： clone/user/user#3137 ("东方影")
object /clone/user/user#9825: eval_cost too big 2000000

执行时段错误：*Too long evaluation. Execution aborted.

程式：feature/dbase.c 第 107 行
物件：/clone/user/user#9825
呼叫来自：feature/command.c 的 command_hook() 第 77 行，物件： clone/user/user#9825 ("懒兔浩然")
呼叫来自：cmds/skill/research.c 的 main() 第 212 行，物件： cmds/skill/research
呼叫来自：feature/dbase.c 的 add() 第 107 行，物件： clone/user/user#9825 ("懒兔浩然")
object /clone/user/user#9825: eval_cost too big 2000000

执行时段错误：*Too long evaluation. Execution aborted.

程式：feature/dbase.c 第 104 行
物件：/clone/user/user#9825
呼叫来自：feature/command.c 的 command_hook() 第 77 行，物件： clone/user/user#9825 ("懒兔浩然")
呼叫来自：cmds/skill/research.c 的 main() 第 212 行，物件： cmds/skill/research
呼叫来自：feature/dbase.c 的 add() 第 104 行，物件： clone/user/user#9825 ("懒兔浩然")

执行时段错误：*Value being indexed is zero.

程式：clone/quest/search.c 第 91 行
物件：/clone/quest/search#18419
呼叫来自：adm/daemons/quest/search.c 的 heart_beat() 第 66 行，物件： adm/daemons/quest/search
呼叫来自：adm/daemons/quest/search.c 的 start_quest() 第 53 行，物件： adm/daemons/quest/search
呼叫来自：clone/quest/search.c 的 init_quest() 第 91 行，物件： clone/quest/search#18419 ("围攻0")
Heart beat in adm/daemons/quest/search turned off.
object /clone/user/user#9825: eval_cost too big 2000000

执行时段错误：*Too long evaluation. Execution aborted.

程式：feature/message.c 第 159 行
物件：/clone/user/user#9825
呼叫来自：feature/message.c 的 write_prompt() 第 159 行，物件： clone/user/user#9825 ("懒兔浩然")
object /clone/user/user#9825: eval_cost too big 2000000

执行时段错误：*Too long evaluation. Execution aborted.

程式：feature/message.c 第 170 行
物件：/clone/user/user#9825
呼叫来自：feature/message.c 的 write_prompt() 第 170 行，物件： clone/user/user#9825 ("懒兔浩然")
object /cmds/std/give: eval_cost too big 2000000

执行时段错误：*Too long evaluation. Execution aborted.

程式：cmds/std/give.c 第 45 行
物件：/cmds/std/give
呼叫来自：feature/command.c 的 command_hook() 第 77 行，物件： clone/user/user#14351 ("慕容秋荻")
呼叫来自：cmds/std/give.c 的 main() 第 45 行，物件： cmds/std/give

执行时段错误：*Inherited file '/inherit/char/lang2' does not exist!

程式：inherit/room/room.c 第 24 行
物件：/d/wudu/langwo
呼叫来自：inherit/char/char.c 的 heart_beat() 第 133 行，物件： clone/npc/walker#1969 ("戴独刊")
呼叫来自：inherit/char/npc.c 的 scan() 第 299 行，物件： clone/npc/walker#1969 ("戴独刊")
呼叫来自：inherit/char/npc.c 的 chat() 第 377 行，物件： clone/npc/walker#1969 ("戴独刊")
呼叫来自：<function> 的 <function>() 第 0 行，物件： clone/npc/walker#1969 ("戴独刊")
呼叫来自：clone/npc/walker.c 的 do_walk() 第 83 行，物件： clone/npc/walker#1969 ("戴独刊")
呼叫来自：inherit/char/npc.c 的 random_move() 第 393 行，物件： clone/npc/walker#1969 ("戴独刊")
呼叫来自：feature/command.c 的 command_hook() 第 77 行，物件： clone/npc/walker#1969 ("戴独刊")
呼叫来自：cmds/std/go.c 的 main() 第 200 行，物件： cmds/std/go
呼叫来自：d/wudu/langwo.c 的 create() 第 20 行，物件： d/wudu/langwo
呼叫来自：inherit/room/room.c 的 setup() 第 252 行，物件： d/wudu/langwo
呼叫来自：inherit/room/room.c 的 reset() 第 86 行，物件： d/wudu/langwo
呼叫来自：inherit/room/room.c 的 make_inventory() 第 24 行，物件： d/wudu/langwo
Heart beat in clone/npc/walker#1969 turned off.
object /clone/user/user#14351: eval_cost too big 2000000

执行时段错误：*Too long evaluation. Execution aborted.

程式：feature/command.c 第 54 行
物件：/clone/user/user#14351
呼叫来自：feature/command.c 的 command_hook() 第 54 行，物件： clone/user/user#14351 ("慕容秋荻")
object /cmds/std/give: eval_cost too big 2000000

执行时段错误：*Too long evaluation. Execution aborted.

程式：cmds/std/give.c 第 48 行
物件：/cmds/std/give
呼叫来自：feature/command.c 的 command_hook() 第 77 行，物件： clone/user/user#14351 ("慕容秋荻")
呼叫来自：cmds/std/give.c 的 main() 第 48 行，物件： cmds/std/give
object /clone/user/user#9825: eval_cost too big 2000000

执行时段错误：*Too long evaluation. Execution aborted.

程式：feature/dbase.c 第 101 行
物件：/clone/user/user#9825
呼叫来自：feature/command.c 的 command_hook() 第 77 行，物件： clone/user/user#9825 ("懒兔浩然")
呼叫来自：cmds/skill/research.c 的 main() 第 212 行，物件： cmds/skill/research
呼叫来自：feature/dbase.c 的 add() 第 101 行，物件： clone/user/user#9825 ("懒兔浩然")
object /clone/user/user#9825: eval_cost too big 2000000

执行时段错误：*Too long evaluation. Execution aborted.

程式：clone/user/user.c 第 131 行
物件：/clone/user/user#9825
呼叫来自：feature/command.c 的 command_hook() 第 77 行，物件： clone/user/user#9825 ("懒兔浩然")
呼叫来自：cmds/skill/research.c 的 main() 第 212 行，物件： cmds/skill/research
呼叫来自：feature/dbase.c 的 add() 第 107 行，物件： clone/user/user#9825 ("懒兔浩然")
呼叫来自：clone/user/user.c 的 set() 第 131 行，物件： clone/user/user#9825 ("懒兔浩然")
object /clone/user/user#14351: eval_cost too big 2000000

执行时段错误：*Too long evaluation. Execution aborted.

程式：inherit/char/char.c 第 232 行
物件：/clone/user/user#14351
呼叫来自：feature/command.c 的 command_hook() 第 77 行，物件： clone/user/user#14351 ("慕容秋荻")
呼叫来自：cmds/std/give.c 的 main() 第 22 行，物件： cmds/std/give
呼叫来自：adm/single/simul_efun.c 的 present() 第 119 行，物件： adm/single/simul_efun
呼叫来自：feature/name.c 的 id() 第 44 行，物件： adm/npc/youxun ("游讯")
呼叫来自：inherit/char/char.c 的 visible() 第 232 行，物件： clone/user/user#14351 ("慕容秋荻")
object /clone/user/user#9825: eval_cost too big 2000000

执行时段错误：*Too long evaluation. Execution aborted.

程式：feature/dbase.c 第 38 行
物件：/clone/user/user#9825
呼叫来自：feature/command.c 的 command_hook() 第 77 行，物件： clone/user/user#9825 ("懒兔浩然")
呼叫来自：cmds/skill/research.c 的 main() 第 212 行，物件： cmds/skill/research
呼叫来自：feature/dbase.c 的 add() 第 107 行，物件： clone/user/user#9825 ("懒兔浩然")
呼叫来自：clone/user/user.c 的 set() 第 131 行，物件： clone/user/user#9825 ("懒兔浩然")
呼叫来自：feature/dbase.c 的 set() 第 38 行，物件： clone/user/user#9825 ("懒兔浩然")
object /clone/user/user#14351: eval_cost too big 2000000

执行时段错误：*Too long evaluation. Execution aborted.

程式：inherit/char/char.c 第 232 行
物件：/clone/user/user#14351
呼叫来自：feature/command.c 的 command_hook() 第 77 行，物件： clone/user/user#14351 ("慕容秋荻")
呼叫来自：cmds/std/give.c 的 main() 第 48 行，物件： cmds/std/give
呼叫来自：adm/single/simul_efun.c 的 present() 第 119 行，物件： adm/single/simul_efun
呼叫来自：feature/name.c 的 id() 第 44 行，物件： clone/user/user#3137 ("东方影")
呼叫来自：inherit/char/char.c 的 visible() 第 232 行，物件： clone/user/user#14351 ("慕容秋荻")

执行时段错误：*Bad argument 1 to call_other()
Expected: string or array or object Got: 0.

程式：inherit/room/room.c 第 25 行
物件：/data/room/yxsyyr1/qianting
呼叫来自：inherit/room/room.c 的 reset() 第 86 行，物件： data/room/yxsyyr1/qianting
呼叫来自：inherit/room/room.c 的 make_inventory() 第 25 行，物件： data/room/yxsyyr1/qianting

执行时段错误：*Bad argument 1 to call_other()
Expected: string or array or object Got: 0.

程式：feature/dbase.c 第 93 行
物件：/clone/user/user#14351
呼叫来自：clone/user/user.c 的 reset() 第 86 行，物件： clone/user/user#14351 ("慕容秋荻")
呼叫来自：feature/dbase.c 的 add() 第 93 行，物件： clone/user/user#14351 ("慕容秋荻")

执行时段错误：*Bad argument 1 to call_other()
Expected: string or array or object Got: 0.

程式：inherit/room/room.c 第 25 行
物件：/data/room/moyin/qianting
呼叫来自：inherit/room/room.c 的 reset() 第 86 行，物件： data/room/moyin/qianting
呼叫来自：inherit/room/room.c 的 make_inventory() 第 25 行，物件： data/room/moyin/qianting

执行时段错误：*Error in loading object '/d/mingjiao/npc/tangyang'

程式：inherit/room/room.c 第 24 行
物件：/d/mingjiao/hsqdating
呼叫来自：inherit/room/room.c 的 reset() 第 86 行，物件： d/mingjiao/hsqdating
呼叫来自：inherit/room/room.c 的 make_inventory() 第 24 行，物件： d/mingjiao/hsqdating

执行时段错误：*Bad argument 1 to call_other()
Expected: string or array or object Got: 0.

程式：inherit/room/room.c 第 25 行
物件：/data/room/tyz000/qianting
呼叫来自：inherit/room/room.c 的 reset() 第 86 行，物件： data/room/tyz000/qianting
呼叫来自：inherit/room/room.c 的 make_inventory() 第 25 行，物件： data/room/tyz000/qianting

执行时段错误：*Error in loading object '/kungfu/class/sky/obj/shenjiu'

程式：inherit/char/npc.c 第 17 行
物件：/d/luoyang/npc/libai#18846
呼叫来自：inherit/room/room.c 的 reset() 第 86 行，物件： d/luoyang/zuixianlou4
呼叫来自：inherit/room/room.c 的 make_inventory() 第 24 行，物件： d/luoyang/zuixianlou4
呼叫来自：d/luoyang/npc/libai.c 的 create() 第 64 行，物件： d/luoyang/npc/libai#18846 ("李白")
呼叫来自：inherit/char/npc.c 的 carry_object() 第 17 行，物件： d/luoyang/npc/libai#18846 ("李白")

执行时段错误：*Bad argument 1 to call_other()
Expected: string or array or object Got: 0.

程式：inherit/room/room.c 第 25 行
物件：/data/room/w2544460429/qianting
呼叫来自：inherit/room/room.c 的 reset() 第 86 行，物件： data/room/w2544460429/qianting
呼叫来自：inherit/room/room.c 的 make_inventory() 第 25 行，物件： data/room/w2544460429/qianting

执行时段错误：*Bad argument 1 to call_other()
Expected: string or array or object Got: 0.

程式：inherit/room/room.c 第 25 行
物件：/data/room/yixingbu/qianting
呼叫来自：inherit/room/room.c 的 reset() 第 86 行，物件： data/room/yixingbu/qianting
呼叫来自：inherit/room/room.c 的 make_inventory() 第 25 行，物件： data/room/yixingbu/qianting

执行时段错误：*Bad argument 1 to call_other()
Expected: string or array or object Got: 0.

程式：inherit/room/room.c 第 25 行
物件：/data/room/qazzaq/qianting
呼叫来自：inherit/room/room.c 的 reset() 第 86 行，物件： data/room/qazzaq/qianting
呼叫来自：inherit/room/room.c 的 make_inventory() 第 25 行，物件： data/room/qazzaq/qianting

执行时段错误：*Bad argument 1 to call_other()
Expected: string or array or object Got: 0.

程式：inherit/room/room.c 第 25 行
物件：/data/room/adawong/qianting
呼叫来自：inherit/room/room.c 的 reset() 第 86 行，物件： data/room/adawong/qianting
呼叫来自：inherit/room/room.c 的 make_inventory() 第 25 行，物件： data/room/adawong/qianting

执行时段错误：*Bad argument 1 to call_other()
Expected: string or array or object Got: 0.

程式：inherit/room/room.c 第 25 行
物件：/data/room/pxhaha/qianting
呼叫来自：inherit/room/room.c 的 reset() 第 86 行，物件： data/room/pxhaha/qianting
呼叫来自：inherit/room/room.c 的 make_inventory() 第 25 行，物件： data/room/pxhaha/qianting

执行时段错误：*Bad argument 1 to call_other()
Expected: string or array or object Got: 0.

程式：inherit/room/room.c 第 25 行
物件：/d/luoyang/shuoshu
呼叫来自：inherit/room/room.c 的 reset() 第 86 行，物件： d/luoyang/shuoshu
呼叫来自：inherit/room/room.c 的 make_inventory() 第 25 行，物件： d/luoyang/shuoshu

执行时段错误：*Bad argument 1 to call_other()
Expected: string or array or object Got: 0.

程式：inherit/room/room.c 第 25 行
物件：/data/room/hubert/qianting
呼叫来自：inherit/room/room.c 的 reset() 第 86 行，物件： data/room/hubert/qianting
呼叫来自：inherit/room/room.c 的 make_inventory() 第 25 行，物件： data/room/hubert/qianting

执行时段错误：*Bad argument 1 to call_other()
Expected: string or array or object Got: 0.

程式：feature/dbase.c 第 93 行
物件：/clone/user/user
呼叫来自：clone/user/user.c 的 reset() 第 86 行，物件： clone/user/user ("使用者物件")
呼叫来自：feature/dbase.c 的 add() 第 93 行，物件： clone/user/user ("使用者物件")
get_user_data: read on fd 492
System Error: get_user_data: read: 当文件已存在时，无法创建该文件。

object /clone/user/user#9825: eval_cost too big 2000000

执行时段错误：*Too long evaluation. Execution aborted.

程式：feature/dbase.c 第 104 行
物件：/clone/user/user#9825
呼叫来自：feature/command.c 的 command_hook() 第 77 行，物件： clone/user/user#9825 ("懒兔浩然")
呼叫来自：cmds/skill/research.c 的 main() 第 209 行，物件： cmds/skill/research
呼叫来自：feature/dbase.c 的 add() 第 104 行，物件： clone/user/user#9825 ("懒兔浩然")
object /clone/user/user#9825: eval_cost too big 2000000

执行时段错误：*Too long evaluation. Execution aborted.

程式：clone/user/user.c 第 1008 行
物件：/clone/user/user#9825
呼叫来自：feature/message.c 的 write_prompt() 第 170 行，物件： clone/user/user#9825 ("懒兔浩然")
呼叫来自：clone/user/user.c 的 is_attach_system() 第 1008 行，物件： clone/user/user#9825 ("懒兔浩然")
object /cmds/skill/research: eval_cost too big 2000000

执行时段错误：*Too long evaluation. Execution aborted.

程式：cmds/skill/research.c 第 219 行
物件：/cmds/skill/research
呼叫来自：feature/command.c 的 command_hook() 第 77 行，物件： clone/user/user#9825 ("懒兔浩然")
呼叫来自：cmds/skill/research.c 的 main() 第 219 行，物件： cmds/skill/research
object /clone/user/user#9825: eval_cost too big 2000000

执行时段错误：*Too long evaluation. Execution aborted.

程式：feature/dbase.c 第 25 行
物件：/clone/user/user#9825
呼叫来自：feature/command.c 的 command_hook() 第 77 行，物件： clone/user/user#9825 ("懒兔浩然")
呼叫来自：cmds/skill/research.c 的 main() 第 212 行，物件： cmds/skill/research
呼叫来自：feature/dbase.c 的 add() 第 107 行，物件： clone/user/user#9825 ("懒兔浩然")
呼叫来自：clone/user/user.c 的 set() 第 131 行，物件： clone/user/user#9825 ("懒兔浩然")
呼叫来自：feature/dbase.c 的 set() 第 25 行，物件： clone/user/user#9825 ("懒兔浩然")
object /clone/user/user#9825: eval_cost too big 2000000

执行时段错误：*Too long evaluation. Execution aborted.

程式：feature/skill.c 第 369 行
物件：/clone/user/user#9825
呼叫来自：feature/command.c 的 command_hook() 第 77 行，物件： clone/user/user#9825 ("懒兔浩然")
呼叫来自：cmds/skill/research.c 的 main() 第 211 行，物件： cmds/skill/research
呼叫来自：feature/skill.c 的 improve_skill() 第 369 行，物件： clone/user/user#9825 ("懒兔浩然")
object /clone/user/user#9825: eval_cost too big 2000000

执行时段错误：*Too long evaluation. Execution aborted.

程式：feature/message.c 第 167 行
物件：/clone/user/user#9825
呼叫来自：feature/message.c 的 write_prompt() 第 167 行，物件： clone/user/user#9825 ("懒兔浩然")
object /clone/user/user#9825: eval_cost too big 2000000

执行时段错误：*Too long evaluation. Execution aborted.

程式：feature/dbase.c 第 55 行
物件：/clone/user/user#9825
呼叫来自：feature/command.c 的 command_hook() 第 77 行，物件： clone/user/user#9825 ("懒兔浩然")
呼叫来自：cmds/skill/research.c 的 main() 第 209 行，物件： cmds/skill/research
呼叫来自：feature/dbase.c 的 add() 第 101 行，物件： clone/user/user#9825 ("懒兔浩然")
呼叫来自：feature/dbase.c 的 query() 第 55 行，物件： clone/user/user#9825 ("懒兔浩然")
object /adm/npc/youxun: eval_cost too big 2000000

执行时段错误：*Too long evaluation. Execution aborted.

程式：inherit/char/char.c 第 43 行
物件：/adm/npc/youxun
呼叫来自：feature/command.c 的 command_hook() 第 77 行，物件： clone/user/user#14351 ("慕容秋荻")
呼叫来自：cmds/std/give.c 的 main() 第 22 行，物件： cmds/std/give
呼叫来自：adm/single/simul_efun.c 的 present() 第 119 行，物件： adm/single/simul_efun
呼叫来自：feature/name.c 的 id() 第 43 行，物件： adm/npc/youxun ("游讯")
呼叫来自：inherit/char/char.c 的 is_character() 第 43 行，物件： adm/npc/youxun ("游讯")
object /clone/user/user#14351: eval_cost too big 2000000

执行时段错误：*Too long evaluation. Execution aborted.

程式：inherit/char/char.c 第 227 行
物件：/clone/user/user#14351
呼叫来自：feature/command.c 的 command_hook() 第 77 行，物件： clone/user/user#14351 ("慕容秋荻")
呼叫来自：cmds/std/give.c 的 main() 第 22 行，物件： cmds/std/give
呼叫来自：adm/single/simul_efun.c 的 present() 第 119 行，物件： adm/single/simul_efun
呼叫来自：feature/name.c 的 id() 第 44 行，物件： clone/user/user#19114 ("胡庆余")
呼叫来自：inherit/char/char.c 的 visible() 第 227 行，物件： clone/user/user#14351 ("慕容秋荻")
object /clone/user/user#9825: eval_cost too big 2000000

执行时段错误：*Too long evaluation. Execution aborted.

程式：feature/skill.c 第 365 行
物件：/clone/user/user#9825
呼叫来自：feature/command.c 的 command_hook() 第 77 行，物件： clone/user/user#9825 ("懒兔浩然")
呼叫来自：cmds/skill/research.c 的 main() 第 211 行，物件： cmds/skill/research
呼叫来自：feature/skill.c 的 improve_skill() 第 365 行，物件： clone/user/user#9825 ("懒兔浩然")
object /clone/user/user#9825: eval_cost too big 2000000

执行时段错误：*Too long evaluation. Execution aborted.

程式：feature/skill.c 第 335 行
物件：/clone/user/user#9825
呼叫来自：feature/command.c 的 command_hook() 第 77 行，物件： clone/user/user#9825 ("懒兔浩然")
呼叫来自：cmds/skill/research.c 的 main() 第 211 行，物件： cmds/skill/research
呼叫来自：feature/skill.c 的 improve_skill() 第 335 行，物件： clone/user/user#9825 ("懒兔浩然")

执行时段错误：*Value being indexed is zero.

程式：clone/quest/search.c 第 91 行
物件：/clone/quest/search#19509
呼叫来自：adm/daemons/quest/search.c 的 heart_beat() 第 66 行，物件： adm/daemons/quest/search
呼叫来自：adm/daemons/quest/search.c 的 start_quest() 第 53 行，物件： adm/daemons/quest/search
呼叫来自：clone/quest/search.c 的 init_quest() 第 91 行，物件： clone/quest/search#19509 ("围攻0")
Heart beat in adm/daemons/quest/search turned off.
object /clone/user/user#9825: eval_cost too big 2000000

执行时段错误：*Too long evaluation. Execution aborted.

程式：feature/dbase.c 第 25 行
物件：/clone/user/user#9825
呼叫来自：feature/command.c 的 command_hook() 第 77 行，物件： clone/user/user#9825 ("懒兔浩然")
呼叫来自：cmds/skill/research.c 的 main() 第 212 行，物件： cmds/skill/research
呼叫来自：feature/dbase.c 的 add() 第 107 行，物件： clone/user/user#9825 ("懒兔浩然")
呼叫来自：clone/user/user.c 的 set() 第 131 行，物件： clone/user/user#9825 ("懒兔浩然")
呼叫来自：feature/dbase.c 的 set() 第 25 行，物件： clone/user/user#9825 ("懒兔浩然")
object /clone/user/user#9825: eval_cost too big 2000000

执行时段错误：*Too long evaluation. Execution aborted.

程式：feature/dbase.c 第 101 行
物件：/clone/user/user#9825
呼叫来自：feature/command.c 的 command_hook() 第 77 行，物件： clone/user/user#9825 ("懒兔浩然")
呼叫来自：cmds/skill/research.c 的 main() 第 212 行，物件： cmds/skill/research
呼叫来自：feature/dbase.c 的 add() 第 101 行，物件： clone/user/user#9825 ("懒兔浩然")
get_user_data: read on fd 520
System Error: get_user_data: read: 当文件已存在时，无法创建该文件。

object /clone/user/user#9825: eval_cost too big 2000000

执行时段错误：*Too long evaluation. Execution aborted.

程式：feature/dbase.c 第 107 行
物件：/clone/user/user#9825
呼叫来自：feature/command.c 的 command_hook() 第 77 行，物件： clone/user/user#9825 ("懒兔浩然")
呼叫来自：cmds/skill/research.c 的 main() 第 212 行，物件： cmds/skill/research
呼叫来自：feature/dbase.c 的 add() 第 107 行，物件： clone/user/user#9825 ("懒兔浩然")

执行时段错误：*Bad argument 1 to environment()
Expected: object Got: 0.

程式：inherit/char/boss.c 第 37 行
物件：0
呼叫来自：inherit/char/char.c 的 heart_beat() 第 94 行，物件： 0
呼叫来自：quest/tulong/npc/dragon.c 的 unconcious() 第 178 行，物件： 0
呼叫来自：quest/tulong/npc/dragon.c 的 die() 第 164 行，物件： 0
呼叫来自：inherit/char/boss.c 的 die() 第 37 行，物件： 0
Heart beat in quest/tulong/npc/dragon#19738 turned off.
object /cmds/std/give: eval_cost too big 2000000

执行时段错误：*Too long evaluation. Execution aborted.

程式：cmds/std/give.c 第 20 行
物件：/cmds/std/give
呼叫来自：feature/command.c 的 command_hook() 第 77 行，物件： clone/user/user#14351 ("慕容秋荻")
呼叫来自：cmds/std/give.c 的 main() 第 20 行，物件： cmds/std/give
object /clone/user/user#14351: eval_cost too big 2000000

执行时段错误：*Too long evaluation. Execution aborted.

程式：inherit/char/char.c 第 227 行
物件：/clone/user/user#14351
呼叫来自：feature/command.c 的 command_hook() 第 77 行，物件： clone/user/user#14351 ("慕容秋荻")
呼叫来自：cmds/std/give.c 的 main() 第 22 行，物件： cmds/std/give
呼叫来自：adm/single/simul_efun.c 的 present() 第 119 行，物件： adm/single/simul_efun
呼叫来自：feature/name.c 的 id() 第 44 行，物件： clone/user/user#14351 ("慕容秋荻")
呼叫来自：inherit/char/char.c 的 visible() 第 227 行，物件： clone/user/user#14351 ("慕容秋荻")

执行时段错误：*call_other() couldn't find object

程式：adm/daemons/npcd.c 第 421 行
物件：/adm/daemons/npcd
呼叫来自：inherit/char/char.c 的 heart_beat() 第 133 行，物件： clone/npc/walker#5538 ("龙晴")
呼叫来自：inherit/char/npc.c 的 scan() 第 299 行，物件： clone/npc/walker#5538 ("龙晴")
呼叫来自：inherit/char/npc.c 的 chat() 第 377 行，物件： clone/npc/walker#5538 ("龙晴")
呼叫来自：<function> 的 <function>() 第 0 行，物件： clone/npc/walker#5538 ("龙晴")
呼叫来自：clone/npc/walker.c 的 <function>() 第 27 行，物件： clone/npc/walker#5538 ("龙晴")
呼叫来自：adm/daemons/npcd.c 的 random_move() 第 421 行，物件： adm/daemons/npcd
Heart beat in clone/npc/walker#5538 turned off.

执行时段错误：*Inherited file '/inherit/char/lang2' does not exist!

程式：inherit/room/room.c 第 24 行
物件：/d/wudu/langwo
呼叫来自：inherit/room/room.c 的 reset() 第 86 行，物件： d/wudu/langwo
呼叫来自：inherit/room/room.c 的 make_inventory() 第 24 行，物件： d/wudu/langwo

执行时段错误：*Bad argument 1 to call_other()
Expected: string or array or object Got: 0.

程式：feature/dbase.c 第 93 行
物件：/clone/user/user#14351
呼叫来自：clone/user/user.c 的 reset() 第 86 行，物件： clone/user/user#14351 ("慕容秋荻")
呼叫来自：feature/dbase.c 的 add() 第 93 行，物件： clone/user/user#14351 ("慕容秋荻")

执行时段错误：*Bad argument 1 to call_other()
Expected: string or array or object Got: 0.

程式：inherit/room/room.c 第 25 行
物件：/data/room/moyin/qianting
呼叫来自：inherit/room/room.c 的 reset() 第 86 行，物件： data/room/moyin/qianting
呼叫来自：inherit/room/room.c 的 make_inventory() 第 25 行，物件： data/room/moyin/qianting

执行时段错误：*Error in loading object '/d/wudu/npc/qiandu3'

程式：inherit/room/room.c 第 24 行
物件：/d/wudu/qiandu2
呼叫来自：inherit/room/room.c 的 reset() 第 86 行，物件： d/wudu/qiandu2
呼叫来自：inherit/room/room.c 的 make_inventory() 第 24 行，物件： d/wudu/qiandu2

执行时段错误：*Bad argument 1 to call_other()
Expected: string or array or object Got: 0.

程式：inherit/room/room.c 第 25 行
物件：/data/room/tyz000/qianting
呼叫来自：inherit/room/room.c 的 reset() 第 86 行，物件： data/room/tyz000/qianting
呼叫来自：inherit/room/room.c 的 make_inventory() 第 25 行，物件： data/room/tyz000/qianting

执行时段错误：*Bad argument 1 to call_other()
Expected: string or array or object Got: 0.

程式：inherit/room/room.c 第 25 行
物件：/data/room/yixingbu/qianting
呼叫来自：inherit/room/room.c 的 reset() 第 86 行，物件： data/room/yixingbu/qianting
呼叫来自：inherit/room/room.c 的 make_inventory() 第 25 行，物件： data/room/yixingbu/qianting

执行时段错误：*Bad argument 1 to call_other()
Expected: string or array or object Got: 0.

程式：inherit/room/room.c 第 25 行
物件：/data/room/qazzaq/qianting
呼叫来自：inherit/room/room.c 的 reset() 第 86 行，物件： data/room/qazzaq/qianting
呼叫来自：inherit/room/room.c 的 make_inventory() 第 25 行，物件： data/room/qazzaq/qianting

执行时段错误：*Bad argument 1 to call_other()
Expected: string or array or object Got: 0.

程式：inherit/room/room.c 第 25 行
物件：/data/room/adawong/qianting
呼叫来自：inherit/room/room.c 的 reset() 第 86 行，物件： data/room/adawong/qianting
呼叫来自：inherit/room/room.c 的 make_inventory() 第 25 行，物件： data/room/adawong/qianting

执行时段错误：*Bad argument 1 to call_other()
Expected: string or array or object Got: 0.

程式：inherit/room/room.c 第 25 行
物件：/data/room/pxdaye/qianting
呼叫来自：inherit/room/room.c 的 reset() 第 86 行，物件： data/room/pxdaye/qianting
呼叫来自：inherit/room/room.c 的 make_inventory() 第 25 行，物件： data/room/pxdaye/qianting

执行时段错误：*Bad argument 1 to call_other()
Expected: string or array or object Got: 0.

程式：inherit/room/room.c 第 25 行
物件：/data/room/hubert/qianting
呼叫来自：inherit/room/room.c 的 reset() 第 86 行，物件： data/room/hubert/qianting
呼叫来自：inherit/room/room.c 的 make_inventory() 第 25 行，物件： data/room/hubert/qianting

执行时段错误：*Bad argument 1 to call_other()
Expected: string or array or object Got: 0.

程式：feature/dbase.c 第 93 行
物件：/clone/user/user
呼叫来自：clone/user/user.c 的 reset() 第 86 行，物件： clone/user/user ("使用者物件")
呼叫来自：feature/dbase.c 的 add() 第 93 行，物件： clone/user/user ("使用者物件")
object /clone/user/user#9825: eval_cost too big 2000000

执行时段错误：*Too long evaluation. Execution aborted.

程式：feature/skill.c 第 366 行
物件：/clone/user/user#9825
呼叫来自：feature/command.c 的 command_hook() 第 77 行，物件： clone/user/user#9825 ("懒兔浩然")
呼叫来自：cmds/skill/research.c 的 main() 第 211 行，物件： cmds/skill/research
呼叫来自：feature/skill.c 的 improve_skill() 第 366 行，物件： clone/user/user#9825 ("懒兔浩然")

执行时段错误：*call_other() couldn't find object

程式：adm/daemons/npcd.c 第 421 行
物件：/adm/daemons/npcd
呼叫来自：inherit/char/char.c 的 heart_beat() 第 133 行，物件： clone/npc/walker#5545 ("福楠恪")
呼叫来自：inherit/char/npc.c 的 scan() 第 299 行，物件： clone/npc/walker#5545 ("福楠恪")
呼叫来自：inherit/char/npc.c 的 chat() 第 377 行，物件： clone/npc/walker#5545 ("福楠恪")
呼叫来自：<function> 的 <function>() 第 0 行，物件： clone/npc/walker#5545 ("福楠恪")
呼叫来自：clone/npc/walker.c 的 <function>() 第 27 行，物件： clone/npc/walker#5545 ("福楠恪")
呼叫来自：adm/daemons/npcd.c 的 random_move() 第 421 行，物件： adm/daemons/npcd
Heart beat in clone/npc/walker#5545 turned off.
object /clone/user/user#9825: eval_cost too big 2000000

执行时段错误：*Too long evaluation. Execution aborted.

程式：feature/skill.c 第 345 行
物件：/clone/user/user#9825
呼叫来自：feature/command.c 的 command_hook() 第 77 行，物件： clone/user/user#9825 ("懒兔浩然")
呼叫来自：cmds/skill/research.c 的 main() 第 208 行，物件： cmds/skill/research
呼叫来自：feature/skill.c 的 improve_skill() 第 345 行，物件： clone/user/user#9825 ("懒兔浩然")
object /clone/user/user#3137: eval_cost too big 2000000

执行时段错误：*Too long evaluation. Execution aborted.

程式：feature/name.c 第 44 行
物件：/clone/user/user#3137
呼叫来自：feature/command.c 的 command_hook() 第 77 行，物件： clone/user/user#14351 ("慕容秋荻")
呼叫来自：cmds/std/give.c 的 main() 第 22 行，物件： cmds/std/give
呼叫来自：adm/single/simul_efun.c 的 present() 第 119 行，物件： adm/single/simul_efun
呼叫来自：feature/name.c 的 id() 第 44 行，物件： clone/user/user#3137 ("东方影")
object /clone/user/user#9825: eval_cost too big 2000000

执行时段错误：*Too long evaluation. Execution aborted.

程式：feature/dbase.c 第 38 行
物件：/clone/user/user#9825
呼叫来自：feature/command.c 的 command_hook() 第 77 行，物件： clone/user/user#9825 ("懒兔浩然")
呼叫来自：cmds/skill/research.c 的 main() 第 212 行，物件： cmds/skill/research
呼叫来自：feature/dbase.c 的 add() 第 107 行，物件： clone/user/user#9825 ("懒兔浩然")
呼叫来自：clone/user/user.c 的 set() 第 131 行，物件： clone/user/user#9825 ("懒兔浩然")
呼叫来自：feature/dbase.c 的 set() 第 38 行，物件： clone/user/user#9825 ("懒兔浩然")
object /clone/user/user#9825: eval_cost too big 2000000

执行时段错误：*Too long evaluation. Execution aborted.

程式：clone/user/user.c 第 131 行
物件：/clone/user/user#9825
呼叫来自：feature/command.c 的 command_hook() 第 77 行，物件： clone/user/user#9825 ("懒兔浩然")
呼叫来自：cmds/skill/research.c 的 main() 第 212 行，物件： cmds/skill/research
呼叫来自：feature/dbase.c 的 add() 第 107 行，物件： clone/user/user#9825 ("懒兔浩然")
呼叫来自：clone/user/user.c 的 set() 第 131 行，物件： clone/user/user#9825 ("懒兔浩然")
object /clone/user/user#9825: eval_cost too big 2000000

执行时段错误：*Too long evaluation. Execution aborted.

程式：feature/dbase.c 第 27 行
物件：/clone/user/user#9825
呼叫来自：feature/command.c 的 command_hook() 第 77 行，物件： clone/user/user#9825 ("懒兔浩然")
呼叫来自：cmds/skill/research.c 的 main() 第 212 行，物件： cmds/skill/research
呼叫来自：feature/dbase.c 的 add() 第 107 行，物件： clone/user/user#9825 ("懒兔浩然")
呼叫来自：clone/user/user.c 的 set() 第 131 行，物件： clone/user/user#9825 ("懒兔浩然")
呼叫来自：feature/dbase.c 的 set() 第 27 行，物件： clone/user/user#9825 ("懒兔浩然")
object /clone/armor/daojian/lengyue#3152: eval_cost too big 2000000

执行时段错误：*Too long evaluation. Execution aborted.

程式：feature/name.c 第 46 行
物件：/clone/armor/daojian/lengyue#3152
呼叫来自：feature/command.c 的 command_hook() 第 77 行，物件： clone/user/user#3137 ("东方影")
呼叫来自：cmds/std/eat.c 的 main() 第 80 行，物件： cmds/std/eat
呼叫来自：adm/single/simul_efun.c 的 present() 第 119 行，物件： adm/single/simul_efun
呼叫来自：feature/name.c 的 id() 第 46 行，物件： clone/armor/daojian/lengyue#3152 ("[1;33m天降·冷月冠[2;37;0m")
object /clone/user/user#9825: eval_cost too big 2000000

执行时段错误：*Too long evaluation. Execution aborted.

程式：feature/dbase.c 第 45 行
物件：/clone/user/user#9825
呼叫来自：feature/command.c 的 command_hook() 第 77 行，物件： clone/user/user#9825 ("懒兔浩然")
呼叫来自：cmds/skill/research.c 的 main() 第 209 行，物件： cmds/skill/research
呼叫来自：feature/dbase.c 的 add() 第 101 行，物件： clone/user/user#9825 ("懒兔浩然")
呼叫来自：feature/dbase.c 的 query() 第 45 行，物件： clone/user/user#9825 ("懒兔浩然")
object /clone/user/user#9825: eval_cost too big 2000000

执行时段错误：*Too long evaluation. Execution aborted.

程式：feature/dbase.c 第 25 行
物件：/clone/user/user#9825
呼叫来自：feature/command.c 的 command_hook() 第 77 行，物件： clone/user/user#9825 ("懒兔浩然")
呼叫来自：cmds/skill/research.c 的 main() 第 212 行，物件： cmds/skill/research
呼叫来自：feature/dbase.c 的 add() 第 107 行，物件： clone/user/user#9825 ("懒兔浩然")
呼叫来自：clone/user/user.c 的 set() 第 131 行，物件： clone/user/user#9825 ("懒兔浩然")
呼叫来自：feature/dbase.c 的 set() 第 25 行，物件： clone/user/user#9825 ("懒兔浩然")
object /clone/user/user#9825: eval_cost too big 2000000

执行时段错误：*Too long evaluation. Execution aborted.

程式：feature/skill.c 第 331 行
物件：/clone/user/user#9825
呼叫来自：feature/command.c 的 command_hook() 第 77 行，物件： clone/user/user#9825 ("懒兔浩然")
呼叫来自：cmds/skill/research.c 的 main() 第 211 行，物件： cmds/skill/research
呼叫来自：feature/skill.c 的 improve_skill() 第 331 行，物件： clone/user/user#9825 ("懒兔浩然")

执行时段错误：*Value being indexed is zero.

程式：clone/quest/search.c 第 91 行
物件：/clone/quest/search#20063
呼叫来自：adm/daemons/quest/search.c 的 heart_beat() 第 66 行，物件： adm/daemons/quest/search
呼叫来自：adm/daemons/quest/search.c 的 start_quest() 第 53 行，物件： adm/daemons/quest/search
呼叫来自：clone/quest/search.c 的 init_quest() 第 91 行，物件： clone/quest/search#20063 ("围攻0")
Heart beat in adm/daemons/quest/search turned off.
object /clone/user/user#9825: eval_cost too big 2000000

执行时段错误：*Too long evaluation. Execution aborted.

程式：feature/message.c 第 167 行
物件：/clone/user/user#9825
呼叫来自：feature/message.c 的 write_prompt() 第 167 行，物件： clone/user/user#9825 ("懒兔浩然")
object /cmds/std/give: eval_cost too big 2000000

执行时段错误：*Too long evaluation. Execution aborted.

程式：cmds/std/give.c 第 45 行
物件：/cmds/std/give
呼叫来自：feature/command.c 的 command_hook() 第 77 行，物件： clone/user/user#14351 ("慕容秋荻")
呼叫来自：cmds/std/give.c 的 main() 第 45 行，物件： cmds/std/give
object /clone/user/user#14351: eval_cost too big 2000000

执行时段错误：*Too long evaluation. Execution aborted.

程式：inherit/char/char.c 第 230 行
物件：/clone/user/user#14351
呼叫来自：feature/command.c 的 command_hook() 第 77 行，物件： clone/user/user#14351 ("慕容秋荻")
呼叫来自：cmds/std/give.c 的 main() 第 48 行，物件： cmds/std/give
呼叫来自：adm/single/simul_efun.c 的 present() 第 119 行，物件： adm/single/simul_efun
呼叫来自：feature/name.c 的 id() 第 44 行，物件： clone/user/user#14351 ("慕容秋荻")
呼叫来自：inherit/char/char.c 的 visible() 第 230 行，物件： clone/user/user#14351 ("慕容秋荻")
object /clone/user/user#9825: eval_cost too big 2000000

执行时段错误：*Too long evaluation. Execution aborted.

程式：feature/dbase.c 第 107 行
物件：/clone/user/user#9825
呼叫来自：feature/command.c 的 command_hook() 第 77 行，物件： clone/user/user#9825 ("懒兔浩然")
呼叫来自：cmds/skill/research.c 的 main() 第 212 行，物件： cmds/skill/research
呼叫来自：feature/dbase.c 的 add() 第 107 行，物件： clone/user/user#9825 ("懒兔浩然")

执行时段错误：*Bad argument 1 to call_other()
Expected: string or array or object Got: 0.

程式：inherit/room/room.c 第 25 行
物件：/data/room/obh1234/qianting
呼叫来自：feature/command.c 的 command_hook() 第 74 行，物件： clone/user/user#20269 ("无道")
呼叫来自：cmds/std/go.c 的 main() 第 277 行，物件： cmds/std/go
呼叫来自：feature/move.c 的 move() 第 171 行，物件： clone/user/user#20269 ("无道")
呼叫来自：cmds/std/look.c 的 look_room() 第 279 行，物件： cmds/std/look
呼叫来自：data/room/obh1234/qianting.c 的 create() 第 28 行，物件： data/room/obh1234/qianting
呼叫来自：inherit/room/privateroom.c 的 setup() 第 74 行，物件： data/room/obh1234/qianting
呼叫来自：inherit/room/room.c 的 setup() 第 252 行，物件： data/room/obh1234/qianting
呼叫来自：inherit/room/room.c 的 reset() 第 86 行，物件： data/room/obh1234/qianting
呼叫来自：inherit/room/room.c 的 make_inventory() 第 25 行，物件： data/room/obh1234/qianting
object /clone/user/user#9825: eval_cost too big 2000000

执行时段错误：*Too long evaluation. Execution aborted.

程式：feature/skill.c 第 369 行
物件：/clone/user/user#9825
呼叫来自：feature/command.c 的 command_hook() 第 77 行，物件： clone/user/user#9825 ("懒兔浩然")
呼叫来自：cmds/skill/research.c 的 main() 第 211 行，物件： cmds/skill/research
呼叫来自：feature/skill.c 的 improve_skill() 第 369 行，物件： clone/user/user#9825 ("懒兔浩然")

执行时段错误：*call_other() couldn't find object

程式：cmds/usr/mccp.c 第 90 行
物件：/cmds/usr/mccp
呼叫来自：feature/command.c 的 command_hook() 第 77 行，物件： clone/user/user#14351 ("慕容秋荻")
呼叫来自：cmds/usr/mccp.c 的 main() 第 90 行，物件： cmds/usr/mccp

执行时段错误：*call_other() couldn't find object

程式：cmds/usr/mccp.c 第 90 行
物件：/cmds/usr/mccp
呼叫来自：feature/command.c 的 command_hook() 第 77 行，物件： clone/user/user#14351 ("慕容秋荻")
呼叫来自：cmds/usr/mccp.c 的 main() 第 90 行，物件： cmds/usr/mccp
object /clone/user/user#14351: eval_cost too big 2000000

执行时段错误：*Too long evaluation. Execution aborted.

程式：inherit/char/char.c 第 227 行
物件：/clone/user/user#14351
呼叫来自：feature/command.c 的 command_hook() 第 77 行，物件： clone/user/user#14351 ("慕容秋荻")
呼叫来自：cmds/std/give.c 的 main() 第 22 行，物件： cmds/std/give
呼叫来自：adm/single/simul_efun.c 的 present() 第 119 行，物件： adm/single/simul_efun
呼叫来自：feature/name.c 的 id() 第 44 行，物件： adm/npc/youxun ("游讯")
呼叫来自：inherit/char/char.c 的 visible() 第 227 行，物件： clone/user/user#14351 ("慕容秋荻")

执行时段错误：*Bad argument 1 to call_other()
Expected: string or array or object Got: 0.

程式：inherit/room/room.c 第 25 行
物件：/data/room/yxsyyr1/qianting
呼叫来自：inherit/room/room.c 的 reset() 第 86 行，物件： data/room/yxsyyr1/qianting
呼叫来自：inherit/room/room.c 的 make_inventory() 第 25 行，物件： data/room/yxsyyr1/qianting

执行时段错误：*Error in loading object '/d/mingjiao/npc/tangyang'

程式：inherit/room/room.c 第 24 行
物件：/d/mingjiao/hsqdating
呼叫来自：inherit/room/room.c 的 reset() 第 86 行，物件： d/mingjiao/hsqdating
呼叫来自：inherit/room/room.c 的 make_inventory() 第 24 行，物件： d/mingjiao/hsqdating

执行时段错误：*Error in loading object '/kungfu/class/sky/obj/shenjiu'

程式：inherit/char/npc.c 第 17 行
物件：/d/luoyang/npc/libai#20951
呼叫来自：inherit/room/room.c 的 reset() 第 86 行，物件： d/luoyang/zuixianlou4
呼叫来自：inherit/room/room.c 的 make_inventory() 第 24 行，物件： d/luoyang/zuixianlou4
呼叫来自：d/luoyang/npc/libai.c 的 create() 第 64 行，物件： d/luoyang/npc/libai#20951 ("李白")
呼叫来自：inherit/char/npc.c 的 carry_object() 第 17 行，物件： d/luoyang/npc/libai#20951 ("李白")

执行时段错误：*Bad argument 1 to call_other()
Expected: string or array or object Got: 0.

程式：inherit/room/room.c 第 25 行
物件：/data/room/w2544460429/qianting
呼叫来自：inherit/room/room.c 的 reset() 第 86 行，物件： data/room/w2544460429/qianting
呼叫来自：inherit/room/room.c 的 make_inventory() 第 25 行，物件： data/room/w2544460429/qianting

执行时段错误：*Bad argument 1 to call_other()
Expected: string or array or object Got: 0.

程式：inherit/room/room.c 第 25 行
物件：/data/room/adawong/qianting
呼叫来自：inherit/room/room.c 的 reset() 第 86 行，物件： data/room/adawong/qianting
呼叫来自：inherit/room/room.c 的 make_inventory() 第 25 行，物件： data/room/adawong/qianting

执行时段错误：*Bad argument 1 to call_other()
Expected: string or array or object Got: 0.

程式：inherit/room/room.c 第 25 行
物件：/data/room/pxhaha/qianting
呼叫来自：inherit/room/room.c 的 reset() 第 86 行，物件： data/room/pxhaha/qianting
呼叫来自：inherit/room/room.c 的 make_inventory() 第 25 行，物件： data/room/pxhaha/qianting

执行时段错误：*Bad argument 1 to call_other()
Expected: string or array or object Got: 0.

程式：inherit/room/room.c 第 25 行
物件：/data/room/pxdaye/qianting
呼叫来自：inherit/room/room.c 的 reset() 第 86 行，物件： data/room/pxdaye/qianting
呼叫来自：inherit/room/room.c 的 make_inventory() 第 25 行，物件： data/room/pxdaye/qianting

执行时段错误：*Bad argument 1 to call_other()
Expected: string or array or object Got: 0.

程式：inherit/room/room.c 第 25 行
物件：/d/luoyang/shuoshu
呼叫来自：inherit/room/room.c 的 reset() 第 86 行，物件： d/luoyang/shuoshu
呼叫来自：inherit/room/room.c 的 make_inventory() 第 25 行，物件： d/luoyang/shuoshu

执行时段错误：*Bad argument 1 to call_other()
Expected: string or array or object Got: 0.

程式：inherit/room/room.c 第 25 行
物件：/data/room/hubert/qianting
呼叫来自：inherit/room/room.c 的 reset() 第 86 行，物件： data/room/hubert/qianting
呼叫来自：inherit/room/room.c 的 make_inventory() 第 25 行，物件： data/room/hubert/qianting
object /clone/user/user#9825: eval_cost too big 2000000

执行时段错误：*Too long evaluation. Execution aborted.

程式：feature/dbase.c 第 55 行
物件：/clone/user/user#9825
呼叫来自：feature/command.c 的 command_hook() 第 77 行，物件： clone/user/user#9825 ("懒兔浩然")
呼叫来自：cmds/skill/research.c 的 main() 第 212 行，物件： cmds/skill/research
呼叫来自：feature/dbase.c 的 add() 第 101 行，物件： clone/user/user#9825 ("懒兔浩然")
呼叫来自：feature/dbase.c 的 query() 第 55 行，物件： clone/user/user#9825 ("懒兔浩然")
object /clone/user/user#9825: eval_cost too big 2000000

执行时段错误：*Too long evaluation. Execution aborted.

程式：feature/dbase.c 第 27 行
物件：/clone/user/user#9825
呼叫来自：feature/command.c 的 command_hook() 第 77 行，物件： clone/user/user#9825 ("懒兔浩然")
呼叫来自：cmds/skill/research.c 的 main() 第 212 行，物件： cmds/skill/research
呼叫来自：feature/dbase.c 的 add() 第 107 行，物件： clone/user/user#9825 ("懒兔浩然")
呼叫来自：clone/user/user.c 的 set() 第 131 行，物件： clone/user/user#9825 ("懒兔浩然")
呼叫来自：feature/dbase.c 的 set() 第 27 行，物件： clone/user/user#9825 ("懒兔浩然")

执行时段错误：*call_other() couldn't find object

程式：adm/daemons/npcd.c 第 421 行
物件：/adm/daemons/npcd
呼叫来自：inherit/char/char.c 的 heart_beat() 第 133 行，物件： clone/npc/walker#3173 ("许矜")
呼叫来自：inherit/char/npc.c 的 scan() 第 299 行，物件： clone/npc/walker#3173 ("许矜")
呼叫来自：inherit/char/npc.c 的 chat() 第 377 行，物件： clone/npc/walker#3173 ("许矜")
呼叫来自：<function> 的 <function>() 第 0 行，物件： clone/npc/walker#3173 ("许矜")
呼叫来自：clone/npc/walker.c 的 <function>() 第 27 行，物件： clone/npc/walker#3173 ("许矜")
呼叫来自：adm/daemons/npcd.c 的 random_move() 第 421 行，物件： adm/daemons/npcd
Heart beat in clone/npc/walker#3173 turned off.
object /clone/user/user#9825: eval_cost too big 2000000

执行时段错误：*Too long evaluation. Execution aborted.

程式：feature/message.c 第 167 行
物件：/clone/user/user#9825
呼叫来自：feature/message.c 的 write_prompt() 第 167 行，物件： clone/user/user#9825 ("懒兔浩然")
object /cmds/skill/research: eval_cost too big 2000000

执行时段错误：*Too long evaluation. Execution aborted.

程式：cmds/skill/research.c 第 219 行
物件：/cmds/skill/research
呼叫来自：feature/command.c 的 command_hook() 第 77 行，物件： clone/user/user#9825 ("懒兔浩然")
呼叫来自：cmds/skill/research.c 的 main() 第 219 行，物件： cmds/skill/research
object /clone/user/user#9825: eval_cost too big 2000000

执行时段错误：*Too long evaluation. Execution aborted.

程式：feature/dbase.c 第 55 行
物件：/clone/user/user#9825
呼叫来自：feature/command.c 的 command_hook() 第 77 行，物件： clone/user/user#9825 ("懒兔浩然")
呼叫来自：cmds/skill/research.c 的 main() 第 212 行，物件： cmds/skill/research
呼叫来自：feature/dbase.c 的 add() 第 101 行，物件： clone/user/user#9825 ("懒兔浩然")
呼叫来自：feature/dbase.c 的 query() 第 55 行，物件： clone/user/user#9825 ("懒兔浩然")
object /clone/user/user#9825: eval_cost too big 2000000

执行时段错误：*Too long evaluation. Execution aborted.

程式：feature/dbase.c 第 101 行
物件：/clone/user/user#9825
呼叫来自：feature/command.c 的 command_hook() 第 77 行，物件： clone/user/user#9825 ("懒兔浩然")
呼叫来自：cmds/skill/research.c 的 main() 第 209 行，物件： cmds/skill/research
呼叫来自：feature/dbase.c 的 add() 第 101 行，物件： clone/user/user#9825 ("懒兔浩然")
object /clone/user/user#14351: eval_cost too big 2000000

执行时段错误：*Too long evaluation. Execution aborted.

程式：inherit/char/char.c 第 232 行
物件：/clone/user/user#14351
呼叫来自：feature/command.c 的 command_hook() 第 77 行，物件： clone/user/user#14351 ("慕容秋荻")
呼叫来自：cmds/std/give.c 的 main() 第 22 行，物件： cmds/std/give
呼叫来自：adm/single/simul_efun.c 的 present() 第 119 行，物件： adm/single/simul_efun
呼叫来自：feature/name.c 的 id() 第 44 行，物件： d/city/npc/xiaoer#37 ("店小二")
呼叫来自：inherit/char/char.c 的 visible() 第 232 行，物件： clone/user/user#14351 ("慕容秋荻")

执行时段错误：*Value being indexed is zero.

程式：clone/quest/search.c 第 91 行
物件：/clone/quest/search#21669
呼叫来自：adm/daemons/quest/search.c 的 heart_beat() 第 66 行，物件： adm/daemons/quest/search
呼叫来自：adm/daemons/quest/search.c 的 start_quest() 第 53 行，物件： adm/daemons/quest/search
呼叫来自：clone/quest/search.c 的 init_quest() 第 91 行，物件： clone/quest/search#21669 ("围攻0")
Heart beat in adm/daemons/quest/search turned off.
get_user_data: read on fd 520
System Error: get_user_data: read: 当文件已存在时，无法创建该文件。

object /clone/user/user#9825: eval_cost too big 2000000

执行时段错误：*Too long evaluation. Execution aborted.

程式：feature/dbase.c 第 87 行
物件：/clone/user/user#9825
呼叫来自：feature/command.c 的 command_hook() 第 77 行，物件： clone/user/user#9825 ("懒兔浩然")
呼叫来自：cmds/skill/research.c 的 main() 第 212 行，物件： cmds/skill/research
呼叫来自：feature/dbase.c 的 add() 第 87 行，物件： clone/user/user#9825 ("懒兔浩然")
object /clone/user/user#9825: eval_cost too big 2000000

执行时段错误：*Too long evaluation. Execution aborted.

程式：feature/dbase.c 第 87 行
物件：/clone/user/user#9825
呼叫来自：feature/command.c 的 command_hook() 第 77 行，物件： clone/user/user#9825 ("懒兔浩然")
呼叫来自：cmds/skill/research.c 的 main() 第 212 行，物件： cmds/skill/research
呼叫来自：feature/dbase.c 的 add() 第 87 行，物件： clone/user/user#9825 ("懒兔浩然")
object /clone/user/user#9825: eval_cost too big 2000000

执行时段错误：*Too long evaluation. Execution aborted.

程式：feature/command.c 第 77 行
物件：/clone/user/user#9825
呼叫来自：feature/command.c 的 command_hook() 第 77 行，物件： clone/user/user#9825 ("懒兔浩然")
object /cmds/skill/research: eval_cost too big 2000000

执行时段错误：*Too long evaluation. Execution aborted.

程式：cmds/skill/research.c 第 220 行
物件：/cmds/skill/research
呼叫来自：feature/command.c 的 command_hook() 第 77 行，物件： clone/user/user#9825 ("懒兔浩然")
呼叫来自：cmds/skill/research.c 的 main() 第 220 行，物件： cmds/skill/research
object /clone/user/user#21731: eval_cost too big 2000000

执行时段错误：*Too long evaluation. Execution aborted.

程式：feature/name.c 第 46 行
物件：/clone/user/user#21731
呼叫来自：feature/command.c 的 command_hook() 第 77 行，物件： clone/user/user#14351 ("慕容秋荻")
呼叫来自：cmds/std/give.c 的 main() 第 22 行，物件： cmds/std/give
呼叫来自：adm/single/simul_efun.c 的 present() 第 119 行，物件： adm/single/simul_efun
呼叫来自：feature/name.c 的 id() 第 46 行，物件： clone/user/user#21731 ("八云")

执行时段错误：*call_other() couldn't find object

程式：adm/daemons/npcd.c 第 421 行
物件：/adm/daemons/npcd
呼叫来自：inherit/char/char.c 的 heart_beat() 第 133 行，物件： clone/npc/walker#3947 ("郑片")
呼叫来自：inherit/char/npc.c 的 scan() 第 299 行，物件： clone/npc/walker#3947 ("郑片")
呼叫来自：inherit/char/npc.c 的 chat() 第 377 行，物件： clone/npc/walker#3947 ("郑片")
呼叫来自：<function> 的 <function>() 第 0 行，物件： clone/npc/walker#3947 ("郑片")
呼叫来自：clone/npc/walker.c 的 <function>() 第 27 行，物件： clone/npc/walker#3947 ("郑片")
呼叫来自：adm/daemons/npcd.c 的 random_move() 第 421 行，物件： adm/daemons/npcd
Heart beat in clone/npc/walker#3947 turned off.

执行时段错误：*Inherited file '/inherit/char/lang2' does not exist!

程式：inherit/room/room.c 第 24 行
物件：/d/wudu/langwo
呼叫来自：inherit/room/room.c 的 reset() 第 86 行，物件： d/wudu/langwo
呼叫来自：inherit/room/room.c 的 make_inventory() 第 24 行，物件： d/wudu/langwo

执行时段错误：*Bad argument 1 to call_other()
Expected: string or array or object Got: 0.

程式：inherit/room/room.c 第 25 行
物件：/data/room/yxsyyr1/qianting
呼叫来自：inherit/room/room.c 的 reset() 第 86 行，物件： data/room/yxsyyr1/qianting
呼叫来自：inherit/room/room.c 的 make_inventory() 第 25 行，物件： data/room/yxsyyr1/qianting

执行时段错误：*Bad argument 1 to call_other()
Expected: string or array or object Got: 0.

程式：feature/dbase.c 第 93 行
物件：/clone/user/user#14351
呼叫来自：clone/user/user.c 的 reset() 第 86 行，物件： clone/user/user#14351 ("慕容秋荻")
呼叫来自：feature/dbase.c 的 add() 第 93 行，物件： clone/user/user#14351 ("慕容秋荻")

执行时段错误：*Bad argument 1 to call_other()
Expected: string or array or object Got: 0.

程式：inherit/room/room.c 第 25 行
物件：/data/room/moyin/qianting
呼叫来自：inherit/room/room.c 的 reset() 第 86 行，物件： data/room/moyin/qianting
呼叫来自：inherit/room/room.c 的 make_inventory() 第 25 行，物件： data/room/moyin/qianting

执行时段错误：*Error in loading object '/d/wudu/npc/qiandu3'

程式：inherit/room/room.c 第 24 行
物件：/d/wudu/qiandu2
呼叫来自：inherit/room/room.c 的 reset() 第 86 行，物件： d/wudu/qiandu2
呼叫来自：inherit/room/room.c 的 make_inventory() 第 24 行，物件： d/wudu/qiandu2

执行时段错误：*Bad argument 1 to call_other()
Expected: string or array or object Got: 0.

程式：inherit/room/room.c 第 25 行
物件：/data/room/tyz000/qianting
呼叫来自：inherit/room/room.c 的 reset() 第 86 行，物件： data/room/tyz000/qianting
呼叫来自：inherit/room/room.c 的 make_inventory() 第 25 行，物件： data/room/tyz000/qianting

执行时段错误：*Bad argument 1 to call_other()
Expected: string or array or object Got: 0.

程式：inherit/room/room.c 第 25 行
物件：/data/room/yixingbu/qianting
呼叫来自：inherit/room/room.c 的 reset() 第 86 行，物件： data/room/yixingbu/qianting
呼叫来自：inherit/room/room.c 的 make_inventory() 第 25 行，物件： data/room/yixingbu/qianting

执行时段错误：*Bad argument 1 to call_other()
Expected: string or array or object Got: 0.

程式：inherit/room/room.c 第 25 行
物件：/data/room/qazzaq/qianting
呼叫来自：inherit/room/room.c 的 reset() 第 86 行，物件： data/room/qazzaq/qianting
呼叫来自：inherit/room/room.c 的 make_inventory() 第 25 行，物件： data/room/qazzaq/qianting

执行时段错误：*Bad argument 1 to call_other()
Expected: string or array or object Got: 0.

程式：inherit/room/room.c 第 25 行
物件：/data/room/pxhaha/qianting
呼叫来自：inherit/room/room.c 的 reset() 第 86 行，物件： data/room/pxhaha/qianting
呼叫来自：inherit/room/room.c 的 make_inventory() 第 25 行，物件： data/room/pxhaha/qianting

执行时段错误：*Bad argument 1 to call_other()
Expected: string or array or object Got: 0.

程式：inherit/room/room.c 第 25 行
物件：/data/room/pxdaye/qianting
呼叫来自：inherit/room/room.c 的 reset() 第 86 行，物件： data/room/pxdaye/qianting
呼叫来自：inherit/room/room.c 的 make_inventory() 第 25 行，物件： data/room/pxdaye/qianting

执行时段错误：*Bad argument 1 to call_other()
Expected: string or array or object Got: 0.

程式：inherit/room/room.c 第 25 行
物件：/d/luoyang/shuoshu
呼叫来自：inherit/room/room.c 的 reset() 第 86 行，物件： d/luoyang/shuoshu
呼叫来自：inherit/room/room.c 的 make_inventory() 第 25 行，物件： d/luoyang/shuoshu

执行时段错误：*Bad argument 1 to call_other()
Expected: string or array or object Got: 0.

程式：feature/dbase.c 第 93 行
物件：/clone/user/user
呼叫来自：clone/user/user.c 的 reset() 第 86 行，物件： clone/user/user ("使用者物件")
呼叫来自：feature/dbase.c 的 add() 第 93 行，物件： clone/user/user ("使用者物件")
object /clone/user/user#14351: eval_cost too big 2000000

执行时段错误：*Too long evaluation. Execution aborted.

程式：feature/damage.c 第 24 行
物件：/clone/user/user#14351
呼叫来自：feature/command.c 的 command_hook() 第 77 行，物件： clone/user/user#14351 ("慕容秋荻")
呼叫来自：cmds/std/give.c 的 main() 第 22 行，物件： cmds/std/give
呼叫来自：adm/single/simul_efun.c 的 present() 第 119 行，物件： adm/single/simul_efun
呼叫来自：feature/name.c 的 id() 第 44 行，物件： clone/user/user#14351 ("慕容秋荻")
呼叫来自：inherit/char/char.c 的 visible() 第 232 行，物件： clone/user/user#14351 ("慕容秋荻")
呼叫来自：feature/damage.c 的 is_ghost() 第 24 行，物件： clone/user/user#14351 ("慕容秋荻")
object /clone/user/user#9825: eval_cost too big 2000000

执行时段错误：*Too long evaluation. Execution aborted.

程式：feature/skill.c 第 369 行
物件：/clone/user/user#9825
呼叫来自：feature/command.c 的 command_hook() 第 77 行，物件： clone/user/user#9825 ("懒兔浩然")
呼叫来自：cmds/skill/research.c 的 main() 第 211 行，物件： cmds/skill/research
呼叫来自：feature/skill.c 的 improve_skill() 第 369 行，物件： clone/user/user#9825 ("懒兔浩然")
object /cmds/skill/research: eval_cost too big 2000000

执行时段错误：*Too long evaluation. Execution aborted.

程式：cmds/skill/research.c 第 219 行
物件：/cmds/skill/research
呼叫来自：feature/command.c 的 command_hook() 第 77 行，物件： clone/user/user#9825 ("懒兔浩然")
呼叫来自：cmds/skill/research.c 的 main() 第 219 行，物件： cmds/skill/research
object /clone/user/user#21731: eval_cost too big 2000000

执行时段错误：*Too long evaluation. Execution aborted.

程式：feature/name.c 第 46 行
物件：/clone/user/user#21731
呼叫来自：feature/command.c 的 command_hook() 第 77 行，物件： clone/user/user#14351 ("慕容秋荻")
呼叫来自：cmds/std/give.c 的 main() 第 48 行，物件： cmds/std/give
呼叫来自：adm/single/simul_efun.c 的 present() 第 119 行，物件： adm/single/simul_efun
呼叫来自：feature/name.c 的 id() 第 46 行，物件： clone/user/user#21731 ("八云")

执行时段错误：*call_other() couldn't find object

程式：adm/daemons/npcd.c 第 421 行
物件：/adm/daemons/npcd
呼叫来自：inherit/char/char.c 的 heart_beat() 第 133 行，物件： clone/npc/walker#7062 ("风拙志")
呼叫来自：inherit/char/npc.c 的 scan() 第 299 行，物件： clone/npc/walker#7062 ("风拙志")
呼叫来自：inherit/char/npc.c 的 chat() 第 377 行，物件： clone/npc/walker#7062 ("风拙志")
呼叫来自：<function> 的 <function>() 第 0 行，物件： clone/npc/walker#7062 ("风拙志")
呼叫来自：clone/npc/walker.c 的 <function>() 第 27 行，物件： clone/npc/walker#7062 ("风拙志")
呼叫来自：adm/daemons/npcd.c 的 random_move() 第 421 行，物件： adm/daemons/npcd
Heart beat in clone/npc/walker#7062 turned off.
object /clone/user/user#9825: eval_cost too big 2000000

执行时段错误：*Too long evaluation. Execution aborted.

程式：feature/dbase.c 第 50 行
物件：/clone/user/user#9825
呼叫来自：feature/command.c 的 command_hook() 第 77 行，物件： clone/user/user#9825 ("懒兔浩然")
呼叫来自：cmds/skill/research.c 的 main() 第 212 行，物件： cmds/skill/research
呼叫来自：feature/dbase.c 的 add() 第 101 行，物件： clone/user/user#9825 ("懒兔浩然")
呼叫来自：feature/dbase.c 的 query() 第 50 行，物件： clone/user/user#9825 ("懒兔浩然")
object /clone/user/user#9825: eval_cost too big 2000000

执行时段错误：*Too long evaluation. Execution aborted.

程式：feature/message.c 第 167 行
物件：/clone/user/user#9825
呼叫来自：feature/message.c 的 write_prompt() 第 167 行，物件： clone/user/user#9825 ("懒兔浩然")

执行时段错误：*Value being indexed is zero.

程式：clone/quest/search.c 第 91 行
物件：/clone/quest/search#22551
呼叫来自：adm/daemons/quest/search.c 的 heart_beat() 第 66 行，物件： adm/daemons/quest/search
呼叫来自：adm/daemons/quest/search.c 的 start_quest() 第 53 行，物件： adm/daemons/quest/search
呼叫来自：clone/quest/search.c 的 init_quest() 第 91 行，物件： clone/quest/search#22551 ("围攻0")
Heart beat in adm/daemons/quest/search turned off.
object /clone/user/user#9825: eval_cost too big 2000000

执行时段错误：*Too long evaluation. Execution aborted.

程式：feature/message.c 第 159 行
物件：/clone/user/user#9825
呼叫来自：feature/message.c 的 write_prompt() 第 159 行，物件： clone/user/user#9825 ("懒兔浩然")
object /clone/user/user#9825: eval_cost too big 2000000

执行时段错误：*Too long evaluation. Execution aborted.

程式：feature/message.c 第 170 行
物件：/clone/user/user#9825
呼叫来自：feature/message.c 的 write_prompt() 第 170 行，物件： clone/user/user#9825 ("懒兔浩然")
get_user_data: read on fd 584
System Error: get_user_data: read: 当文件已存在时，无法创建该文件。

object /clone/user/user#9825: eval_cost too big 2000000

执行时段错误：*Too long evaluation. Execution aborted.

程式：feature/message.c 第 167 行
物件：/clone/user/user#9825
呼叫来自：feature/message.c 的 write_prompt() 第 167 行，物件： clone/user/user#9825 ("懒兔浩然")
object /clone/user/user#9825: eval_cost too big 2000000

执行时段错误：*Too long evaluation. Execution aborted.

程式：feature/dbase.c 第 52 行
物件：/clone/user/user#9825
呼叫来自：feature/command.c 的 command_hook() 第 77 行，物件： clone/user/user#9825 ("懒兔浩然")
呼叫来自：cmds/skill/research.c 的 main() 第 212 行，物件： cmds/skill/research
呼叫来自：feature/dbase.c 的 add() 第 101 行，物件： clone/user/user#9825 ("懒兔浩然")
呼叫来自：feature/dbase.c 的 query() 第 52 行，物件： clone/user/user#9825 ("懒兔浩然")
object /cmds/skill/research: eval_cost too big 2000000

执行时段错误：*Too long evaluation. Execution aborted.

程式：cmds/skill/research.c 第 213 行
物件：/cmds/skill/research
呼叫来自：feature/command.c 的 command_hook() 第 77 行，物件： clone/user/user#9825 ("懒兔浩然")
呼叫来自：cmds/skill/research.c 的 main() 第 213 行，物件： cmds/skill/research
object /clone/user/user#9825: eval_cost too big 2000000

执行时段错误：*Too long evaluation. Execution aborted.

程式：feature/dbase.c 第 45 行
物件：/clone/user/user#9825
呼叫来自：feature/command.c 的 command_hook() 第 77 行，物件： clone/user/user#9825 ("懒兔浩然")
呼叫来自：cmds/skill/research.c 的 main() 第 212 行，物件： cmds/skill/research
呼叫来自：feature/dbase.c 的 add() 第 101 行，物件： clone/user/user#9825 ("懒兔浩然")
呼叫来自：feature/dbase.c 的 query() 第 45 行，物件： clone/user/user#9825 ("懒兔浩然")

执行时段错误：*call_other() couldn't find object

程式：adm/daemons/npcd.c 第 421 行
物件：/adm/daemons/npcd
呼叫来自：inherit/char/char.c 的 heart_beat() 第 133 行，物件： clone/npc/walker#4703 ("仇此弁")
呼叫来自：inherit/char/npc.c 的 scan() 第 299 行，物件： clone/npc/walker#4703 ("仇此弁")
呼叫来自：inherit/char/npc.c 的 chat() 第 377 行，物件： clone/npc/walker#4703 ("仇此弁")
呼叫来自：<function> 的 <function>() 第 0 行，物件： clone/npc/walker#4703 ("仇此弁")
呼叫来自：clone/npc/walker.c 的 <function>() 第 27 行，物件： clone/npc/walker#4703 ("仇此弁")
呼叫来自：adm/daemons/npcd.c 的 random_move() 第 421 行，物件： adm/daemons/npcd
Heart beat in clone/npc/walker#4703 turned off.

执行时段错误：*call_other() couldn't find object

程式：adm/daemons/npcd.c 第 421 行
物件：/adm/daemons/npcd
呼叫来自：inherit/char/char.c 的 heart_beat() 第 133 行，物件： clone/npc/walker#7887 ("房建")
呼叫来自：inherit/char/npc.c 的 scan() 第 299 行，物件： clone/npc/walker#7887 ("房建")
呼叫来自：inherit/char/npc.c 的 chat() 第 377 行，物件： clone/npc/walker#7887 ("房建")
呼叫来自：<function> 的 <function>() 第 0 行，物件： clone/npc/walker#7887 ("房建")
呼叫来自：clone/npc/walker.c 的 <function>() 第 27 行，物件： clone/npc/walker#7887 ("房建")
呼叫来自：adm/daemons/npcd.c 的 random_move() 第 421 行，物件： adm/daemons/npcd
Heart beat in clone/npc/walker#7887 turned off.
object /cmds/skill/research: eval_cost too big 2000000

执行时段错误：*Too long evaluation. Execution aborted.

程式：cmds/skill/research.c 第 206 行
物件：/cmds/skill/research
呼叫来自：feature/command.c 的 command_hook() 第 77 行，物件： clone/user/user#9825 ("懒兔浩然")
呼叫来自：cmds/skill/research.c 的 main() 第 206 行，物件： cmds/skill/research

执行时段错误：*Bad argument 1 to environment()
Expected: object Got: 0.

程式：inherit/char/boss.c 第 37 行
物件：0
呼叫来自：inherit/char/char.c 的 heart_beat() 第 94 行，物件： 0
呼叫来自：quest/tulong/npc/dragon.c 的 unconcious() 第 178 行，物件： 0
呼叫来自：quest/tulong/npc/dragon.c 的 die() 第 164 行，物件： 0
呼叫来自：inherit/char/boss.c 的 die() 第 37 行，物件： 0
Heart beat in quest/tulong/npc/dragon#22975 turned off.
object /clone/user/user#9825: eval_cost too big 2000000

执行时段错误：*Too long evaluation. Execution aborted.

程式：feature/dbase.c 第 27 行
物件：/clone/user/user#9825
呼叫来自：feature/command.c 的 command_hook() 第 77 行，物件： clone/user/user#9825 ("懒兔浩然")
呼叫来自：cmds/skill/research.c 的 main() 第 212 行，物件： cmds/skill/research
呼叫来自：feature/dbase.c 的 add() 第 107 行，物件： clone/user/user#9825 ("懒兔浩然")
呼叫来自：clone/user/user.c 的 set() 第 131 行，物件： clone/user/user#9825 ("懒兔浩然")
呼叫来自：feature/dbase.c 的 set() 第 27 行，物件： clone/user/user#9825 ("懒兔浩然")

执行时段错误：*call_other() couldn't find object

程式：adm/daemons/npcd.c 第 421 行
物件：/adm/daemons/npcd
呼叫来自：inherit/char/char.c 的 heart_beat() 第 133 行，物件： clone/npc/walker#3951 ("西门拙")
呼叫来自：inherit/char/npc.c 的 scan() 第 299 行，物件： clone/npc/walker#3951 ("西门拙")
呼叫来自：inherit/char/npc.c 的 chat() 第 377 行，物件： clone/npc/walker#3951 ("西门拙")
呼叫来自：<function> 的 <function>() 第 0 行，物件： clone/npc/walker#3951 ("西门拙")
呼叫来自：clone/npc/walker.c 的 <function>() 第 27 行，物件： clone/npc/walker#3951 ("西门拙")
呼叫来自：adm/daemons/npcd.c 的 random_move() 第 421 行，物件： adm/daemons/npcd
Heart beat in clone/npc/walker#3951 turned off.
object /clone/user/user#3137: eval_cost too big 2000000

执行时段错误：*Too long evaluation. Execution aborted.

程式：feature/name.c 第 46 行
物件：/clone/user/user#3137
呼叫来自：feature/command.c 的 command_hook() 第 77 行，物件： clone/user/user#14351 ("慕容秋荻")
呼叫来自：cmds/std/give.c 的 main() 第 48 行，物件： cmds/std/give
呼叫来自：adm/single/simul_efun.c 的 present() 第 119 行，物件： adm/single/simul_efun
呼叫来自：feature/name.c 的 id() 第 46 行，物件： clone/user/user#3137 ("东方影")
object /clone/user/user#9825: eval_cost too big 2000000

执行时段错误：*Too long evaluation. Execution aborted.

程式：feature/dbase.c 第 25 行
物件：/clone/user/user#9825
呼叫来自：feature/command.c 的 command_hook() 第 77 行，物件： clone/user/user#9825 ("懒兔浩然")
呼叫来自：cmds/skill/research.c 的 main() 第 209 行，物件： cmds/skill/research
呼叫来自：feature/dbase.c 的 add() 第 107 行，物件： clone/user/user#9825 ("懒兔浩然")
呼叫来自：clone/user/user.c 的 set() 第 131 行，物件： clone/user/user#9825 ("懒兔浩然")
呼叫来自：feature/dbase.c 的 set() 第 25 行，物件： clone/user/user#9825 ("懒兔浩然")
object /clone/user/user#9825: eval_cost too big 2000000

执行时段错误：*Too long evaluation. Execution aborted.

程式：feature/skill.c 第 364 行
物件：/clone/user/user#9825
呼叫来自：feature/command.c 的 command_hook() 第 77 行，物件： clone/user/user#9825 ("懒兔浩然")
呼叫来自：cmds/skill/research.c 的 main() 第 211 行，物件： cmds/skill/research
呼叫来自：feature/skill.c 的 improve_skill() 第 364 行，物件： clone/user/user#9825 ("懒兔浩然")
object /clone/user/user#9825: eval_cost too big 2000000

执行时段错误：*Too long evaluation. Execution aborted.

程式：feature/command.c 第 77 行
物件：/clone/user/user#9825
呼叫来自：feature/command.c 的 command_hook() 第 77 行，物件： clone/user/user#9825 ("懒兔浩然")

执行时段错误：*Bad argument 1 to call_other()
Expected: string or array or object Got: 0.

程式：inherit/room/room.c 第 25 行
物件：/data/room/obh1234/qianting
呼叫来自：inherit/room/room.c 的 reset() 第 86 行，物件： data/room/obh1234/qianting
呼叫来自：inherit/room/room.c 的 make_inventory() 第 25 行，物件： data/room/obh1234/qianting

执行时段错误：*Bad argument 1 to call_other()
Expected: string or array or object Got: 0.

程式：inherit/room/room.c 第 25 行
物件：/data/room/yxsyyr1/qianting
呼叫来自：inherit/room/room.c 的 reset() 第 86 行，物件： data/room/yxsyyr1/qianting
呼叫来自：inherit/room/room.c 的 make_inventory() 第 25 行，物件： data/room/yxsyyr1/qianting

执行时段错误：*Error in loading object '/d/wudu/npc/qiandu3'

程式：inherit/room/room.c 第 24 行
物件：/d/wudu/qiandu2
呼叫来自：inherit/room/room.c 的 reset() 第 86 行，物件： d/wudu/qiandu2
呼叫来自：inherit/room/room.c 的 make_inventory() 第 24 行，物件： d/wudu/qiandu2

执行时段错误：*Error in loading object '/d/mingjiao/npc/tangyang'

程式：inherit/room/room.c 第 24 行
物件：/d/mingjiao/hsqdating
呼叫来自：inherit/room/room.c 的 reset() 第 86 行，物件： d/mingjiao/hsqdating
呼叫来自：inherit/room/room.c 的 make_inventory() 第 24 行，物件： d/mingjiao/hsqdating

执行时段错误：*Error in loading object '/kungfu/class/sky/obj/shenjiu'

程式：inherit/char/npc.c 第 17 行
物件：/d/luoyang/npc/libai#23261
呼叫来自：inherit/room/room.c 的 reset() 第 86 行，物件： d/luoyang/zuixianlou4
呼叫来自：inherit/room/room.c 的 make_inventory() 第 24 行，物件： d/luoyang/zuixianlou4
呼叫来自：d/luoyang/npc/libai.c 的 create() 第 64 行，物件： d/luoyang/npc/libai#23261 ("李白")
呼叫来自：inherit/char/npc.c 的 carry_object() 第 17 行，物件： d/luoyang/npc/libai#23261 ("李白")

执行时段错误：*Bad argument 1 to call_other()
Expected: string or array or object Got: 0.

程式：inherit/room/room.c 第 25 行
物件：/data/room/w2544460429/qianting
呼叫来自：inherit/room/room.c 的 reset() 第 86 行，物件： data/room/w2544460429/qianting
呼叫来自：inherit/room/room.c 的 make_inventory() 第 25 行，物件： data/room/w2544460429/qianting

执行时段错误：*Bad argument 1 to call_other()
Expected: string or array or object Got: 0.

程式：inherit/room/room.c 第 25 行
物件：/data/room/qazzaq/qianting
呼叫来自：inherit/room/room.c 的 reset() 第 86 行，物件： data/room/qazzaq/qianting
呼叫来自：inherit/room/room.c 的 make_inventory() 第 25 行，物件： data/room/qazzaq/qianting

执行时段错误：*Bad argument 1 to call_other()
Expected: string or array or object Got: 0.

程式：inherit/room/room.c 第 25 行
物件：/data/room/adawong/qianting
呼叫来自：inherit/room/room.c 的 reset() 第 86 行，物件： data/room/adawong/qianting
呼叫来自：inherit/room/room.c 的 make_inventory() 第 25 行，物件： data/room/adawong/qianting

执行时段错误：*Bad argument 1 to call_other()
Expected: string or array or object Got: 0.

程式：inherit/room/room.c 第 25 行
物件：/data/room/pxhaha/qianting
呼叫来自：inherit/room/room.c 的 reset() 第 86 行，物件： data/room/pxhaha/qianting
呼叫来自：inherit/room/room.c 的 make_inventory() 第 25 行，物件： data/room/pxhaha/qianting

执行时段错误：*Bad argument 1 to call_other()
Expected: string or array or object Got: 0.

程式：inherit/room/room.c 第 25 行
物件：/data/room/pxdaye/qianting
呼叫来自：inherit/room/room.c 的 reset() 第 86 行，物件： data/room/pxdaye/qianting
呼叫来自：inherit/room/room.c 的 make_inventory() 第 25 行，物件： data/room/pxdaye/qianting

执行时段错误：*Bad argument 1 to call_other()
Expected: string or array or object Got: 0.

程式：inherit/room/room.c 第 25 行
物件：/d/luoyang/shuoshu
呼叫来自：inherit/room/room.c 的 reset() 第 86 行，物件： d/luoyang/shuoshu
呼叫来自：inherit/room/room.c 的 make_inventory() 第 25 行，物件： d/luoyang/shuoshu

执行时段错误：*Bad argument 1 to call_other()
Expected: string or array or object Got: 0.

程式：inherit/room/room.c 第 25 行
物件：/data/room/hubert/qianting
呼叫来自：inherit/room/room.c 的 reset() 第 86 行，物件： data/room/hubert/qianting
呼叫来自：inherit/room/room.c 的 make_inventory() 第 25 行，物件： data/room/hubert/qianting

执行时段错误：*Bad argument 1 to call_other()
Expected: string or array or object Got: 0.

程式：feature/skill.c 第 376 行
物件：/clone/user/user#152
呼叫来自：clone/user/user.c 的 reset() 第 102 行，物件： clone/user/user#152 ("苏白")
呼叫来自：feature/skill.c 的 improve_skill() 第 376 行，物件： clone/user/user#152 ("苏白")
object /clone/user/user#9825: eval_cost too big 2000000

执行时段错误：*Too long evaluation. Execution aborted.

程式：feature/dbase.c 第 101 行
物件：/clone/user/user#9825
呼叫来自：feature/command.c 的 command_hook() 第 77 行，物件： clone/user/user#9825 ("懒兔浩然")
呼叫来自：cmds/skill/research.c 的 main() 第 212 行，物件： cmds/skill/research
呼叫来自：feature/dbase.c 的 add() 第 101 行，物件： clone/user/user#9825 ("懒兔浩然")
object /clone/user/user#9825: eval_cost too big 2000000

执行时段错误：*Too long evaluation. Execution aborted.

程式：feature/message.c 第 159 行
物件：/clone/user/user#9825
呼叫来自：feature/message.c 的 write_prompt() 第 159 行，物件： clone/user/user#9825 ("懒兔浩然")
object /clone/user/user#9825: eval_cost too big 2000000

执行时段错误：*Too long evaluation. Execution aborted.

程式：feature/skill.c 第 343 行
物件：/clone/user/user#9825
呼叫来自：feature/command.c 的 command_hook() 第 77 行，物件： clone/user/user#9825 ("懒兔浩然")
呼叫来自：cmds/skill/research.c 的 main() 第 211 行，物件： cmds/skill/research
呼叫来自：feature/skill.c 的 improve_skill() 第 343 行，物件： clone/user/user#9825 ("懒兔浩然")
object /adm/daemons/commandd: eval_cost too big 2000000

执行时段错误：*Too long evaluation. Execution aborted.

程式：adm/daemons/commandd.c 第 62 行
物件：/adm/daemons/commandd
呼叫来自：feature/command.c 的 command_hook() 第 76 行，物件： clone/user/user#14351 ("慕容秋荻")
呼叫来自：feature/command.c 的 find_command() 第 20 行，物件： clone/user/user#14351 ("慕容秋荻")
呼叫来自：adm/daemons/commandd.c 的 find_command() 第 62 行，物件： adm/daemons/commandd
object /clone/user/user#9825: eval_cost too big 2000000

执行时段错误：*Too long evaluation. Execution aborted.

程式：feature/dbase.c 第 25 行
物件：/clone/user/user#9825
呼叫来自：feature/command.c 的 command_hook() 第 77 行，物件： clone/user/user#9825 ("懒兔浩然")
呼叫来自：cmds/skill/research.c 的 main() 第 212 行，物件： cmds/skill/research
呼叫来自：feature/dbase.c 的 add() 第 107 行，物件： clone/user/user#9825 ("懒兔浩然")
呼叫来自：clone/user/user.c 的 set() 第 131 行，物件： clone/user/user#9825 ("懒兔浩然")
呼叫来自：feature/dbase.c 的 set() 第 25 行，物件： clone/user/user#9825 ("懒兔浩然")
object /clone/user/user#9825: eval_cost too big 2000000

执行时段错误：*Too long evaluation. Execution aborted.

程式：clone/user/user.c 第 125 行
物件：/clone/user/user#9825
呼叫来自：feature/command.c 的 command_hook() 第 77 行，物件： clone/user/user#9825 ("懒兔浩然")
呼叫来自：cmds/skill/research.c 的 main() 第 212 行，物件： cmds/skill/research
呼叫来自：feature/dbase.c 的 add() 第 107 行，物件： clone/user/user#9825 ("懒兔浩然")
呼叫来自：clone/user/user.c 的 set() 第 125 行，物件： clone/user/user#9825 ("懒兔浩然")
object /cmds/skill/research: eval_cost too big 2000000

执行时段错误：*Too long evaluation. Execution aborted.

程式：cmds/skill/research.c 第 212 行
物件：/cmds/skill/research
呼叫来自：feature/command.c 的 command_hook() 第 77 行，物件： clone/user/user#9825 ("懒兔浩然")
呼叫来自：cmds/skill/research.c 的 main() 第 212 行，物件： cmds/skill/research
object /clone/user/user#9825: eval_cost too big 2000000

执行时段错误：*Too long evaluation. Execution aborted.

程式：clone/user/user.c 第 1008 行
物件：/clone/user/user#9825
呼叫来自：feature/message.c 的 write_prompt() 第 170 行，物件： clone/user/user#9825 ("懒兔浩然")
呼叫来自：clone/user/user.c 的 is_attach_system() 第 1008 行，物件： clone/user/user#9825 ("懒兔浩然")

执行时段错误：*Value being indexed is zero.

程式：clone/quest/search.c 第 91 行
物件：/clone/quest/search#23692
呼叫来自：adm/daemons/quest/search.c 的 heart_beat() 第 66 行，物件： adm/daemons/quest/search
呼叫来自：adm/daemons/quest/search.c 的 start_quest() 第 53 行，物件： adm/daemons/quest/search
呼叫来自：clone/quest/search.c 的 init_quest() 第 91 行，物件： clone/quest/search#23692 ("围攻0")
Heart beat in adm/daemons/quest/search turned off.
object /adm/npc/youxun: eval_cost too big 2000000

执行时段错误：*Too long evaluation. Execution aborted.

程式：feature/name.c 第 46 行
物件：/adm/npc/youxun
呼叫来自：feature/command.c 的 command_hook() 第 77 行，物件： clone/user/user#14351 ("慕容秋荻")
呼叫来自：cmds/std/give.c 的 main() 第 22 行，物件： cmds/std/give
呼叫来自：adm/single/simul_efun.c 的 present() 第 119 行，物件： adm/single/simul_efun
呼叫来自：feature/name.c 的 id() 第 46 行，物件： adm/npc/youxun ("游讯")
object /clone/user/user#9825: eval_cost too big 2000000

执行时段错误：*Too long evaluation. Execution aborted.

程式：feature/dbase.c 第 47 行
物件：/clone/user/user#9825
呼叫来自：feature/command.c 的 command_hook() 第 77 行，物件： clone/user/user#9825 ("懒兔浩然")
呼叫来自：cmds/skill/research.c 的 main() 第 212 行，物件： cmds/skill/research
呼叫来自：feature/dbase.c 的 add() 第 101 行，物件： clone/user/user#9825 ("懒兔浩然")
呼叫来自：feature/dbase.c 的 query() 第 47 行，物件： clone/user/user#9825 ("懒兔浩然")

执行时段错误：*call_other() couldn't find object

程式：adm/daemons/npcd.c 第 421 行
物件：/adm/daemons/npcd
呼叫来自：inherit/char/char.c 的 heart_beat() 第 133 行，物件： clone/npc/walker#3949 ("裴北天")
呼叫来自：inherit/char/npc.c 的 scan() 第 299 行，物件： clone/npc/walker#3949 ("裴北天")
呼叫来自：inherit/char/npc.c 的 chat() 第 377 行，物件： clone/npc/walker#3949 ("裴北天")
呼叫来自：<function> 的 <function>() 第 0 行，物件： clone/npc/walker#3949 ("裴北天")
呼叫来自：clone/npc/walker.c 的 <function>() 第 27 行，物件： clone/npc/walker#3949 ("裴北天")
呼叫来自：adm/daemons/npcd.c 的 random_move() 第 421 行，物件： adm/daemons/npcd
Heart beat in clone/npc/walker#3949 turned off.
object /clone/user/user#9825: eval_cost too big 2000000

执行时段错误：*Too long evaluation. Execution aborted.

程式：feature/skill.c 第 367 行
物件：/clone/user/user#9825
呼叫来自：feature/command.c 的 command_hook() 第 77 行，物件： clone/user/user#9825 ("懒兔浩然")
呼叫来自：cmds/skill/research.c 的 main() 第 211 行，物件： cmds/skill/research
呼叫来自：feature/skill.c 的 improve_skill() 第 367 行，物件： clone/user/user#9825 ("懒兔浩然")
get_user_data: read on fd 480
System Error: get_user_data: read: 当文件已存在时，无法创建该文件。

object /cmds/skill/research: eval_cost too big 2000000

执行时段错误：*Too long evaluation. Execution aborted.

程式：cmds/skill/research.c 第 220 行
物件：/cmds/skill/research
呼叫来自：feature/command.c 的 command_hook() 第 77 行，物件： clone/user/user#9825 ("懒兔浩然")
呼叫来自：cmds/skill/research.c 的 main() 第 220 行，物件： cmds/skill/research
object /clone/user/user#9825: eval_cost too big 2000000

执行时段错误：*Too long evaluation. Execution aborted.

程式：feature/dbase.c 第 38 行
物件：/clone/user/user#9825
呼叫来自：feature/command.c 的 command_hook() 第 77 行，物件： clone/user/user#9825 ("懒兔浩然")
呼叫来自：cmds/skill/research.c 的 main() 第 212 行，物件： cmds/skill/research
呼叫来自：feature/dbase.c 的 add() 第 107 行，物件： clone/user/user#9825 ("懒兔浩然")
呼叫来自：clone/user/user.c 的 set() 第 131 行，物件： clone/user/user#9825 ("懒兔浩然")
呼叫来自：feature/dbase.c 的 set() 第 38 行，物件： clone/user/user#9825 ("懒兔浩然")
object /clone/user/user#9825: eval_cost too big 2000000

执行时段错误：*Too long evaluation. Execution aborted.

程式：feature/dbase.c 第 27 行
物件：/clone/user/user#9825
呼叫来自：feature/command.c 的 command_hook() 第 77 行，物件： clone/user/user#9825 ("懒兔浩然")
呼叫来自：cmds/skill/research.c 的 main() 第 212 行，物件： cmds/skill/research
呼叫来自：feature/dbase.c 的 add() 第 107 行，物件： clone/user/user#9825 ("懒兔浩然")
呼叫来自：clone/user/user.c 的 set() 第 131 行，物件： clone/user/user#9825 ("懒兔浩然")
呼叫来自：feature/dbase.c 的 set() 第 27 行，物件： clone/user/user#9825 ("懒兔浩然")
object /clone/user/user#9825: eval_cost too big 2000000

执行时段错误：*Too long evaluation. Execution aborted.

程式：feature/command.c 第 93 行
物件：/clone/user/user#9825
呼叫来自：feature/command.c 的 command_hook() 第 93 行，物件： clone/user/user#9825 ("懒兔浩然")
object /adm/single/simul_efun: eval_cost too big 2000000

执行时段错误：*Too long evaluation. Execution aborted.

程式：adm/single/simul_efun.c 第 119 行
物件：/adm/single/simul_efun
呼叫来自：feature/command.c 的 command_hook() 第 77 行，物件： clone/user/user#14351 ("慕容秋荻")
呼叫来自：cmds/std/give.c 的 main() 第 48 行，物件： cmds/std/give
呼叫来自：adm/single/simul_efun.c 的 present() 第 119 行，物件： adm/single/simul_efun
object /adm/npc/youxun: eval_cost too big 2000000

执行时段错误：*Too long evaluation. Execution aborted.

程式：feature/name.c 第 44 行
物件：/adm/npc/youxun
呼叫来自：feature/command.c 的 command_hook() 第 77 行，物件： clone/user/user#14351 ("慕容秋荻")
呼叫来自：cmds/std/give.c 的 main() 第 22 行，物件： cmds/std/give
呼叫来自：adm/single/simul_efun.c 的 present() 第 119 行，物件： adm/single/simul_efun
呼叫来自：feature/name.c 的 id() 第 44 行，物件： adm/npc/youxun ("游讯")
object /d/city/npc/xiaoer#37: eval_cost too big 2000000

执行时段错误：*Too long evaluation. Execution aborted.

程式：feature/name.c 第 46 行
物件：/d/city/npc/xiaoer#37
呼叫来自：feature/command.c 的 command_hook() 第 77 行，物件： clone/user/user#14351 ("慕容秋荻")
呼叫来自：cmds/std/give.c 的 main() 第 22 行，物件： cmds/std/give
呼叫来自：adm/single/simul_efun.c 的 present() 第 119 行，物件： adm/single/simul_efun
呼叫来自：feature/name.c 的 id() 第 46 行，物件： d/city/npc/xiaoer#37 ("店小二")
object /clone/user/user#9825: eval_cost too big 2000000

执行时段错误：*Too long evaluation. Execution aborted.

程式：feature/message.c 第 170 行
物件：/clone/user/user#9825
呼叫来自：feature/message.c 的 write_prompt() 第 170 行，物件： clone/user/user#9825 ("懒兔浩然")

执行时段错误：*Bad argument 1 to call_other()
Expected: string or array or object Got: 0.

程式：inherit/room/room.c 第 25 行
物件：/data/room/obh1234/qianting
呼叫来自：inherit/room/room.c 的 reset() 第 86 行，物件： data/room/obh1234/qianting
呼叫来自：inherit/room/room.c 的 make_inventory() 第 25 行，物件： data/room/obh1234/qianting

执行时段错误：*Inherited file '/inherit/char/lang2' does not exist!

程式：inherit/room/room.c 第 24 行
物件：/d/wudu/langwo
呼叫来自：inherit/room/room.c 的 reset() 第 86 行，物件： d/wudu/langwo
呼叫来自：inherit/room/room.c 的 make_inventory() 第 24 行，物件： d/wudu/langwo

执行时段错误：*Bad argument 1 to call_other()
Expected: string or array or object Got: 0.

程式：feature/dbase.c 第 93 行
物件：/clone/user/user#14351
呼叫来自：clone/user/user.c 的 reset() 第 86 行，物件： clone/user/user#14351 ("慕容秋荻")
呼叫来自：feature/dbase.c 的 add() 第 93 行，物件： clone/user/user#14351 ("慕容秋荻")

执行时段错误：*Bad argument 1 to call_other()
Expected: string or array or object Got: 0.

程式：inherit/room/room.c 第 25 行
物件：/data/room/moyin/qianting
呼叫来自：inherit/room/room.c 的 reset() 第 86 行，物件： data/room/moyin/qianting
呼叫来自：inherit/room/room.c 的 make_inventory() 第 25 行，物件： data/room/moyin/qianting

执行时段错误：*Error in loading object '/d/wudu/npc/qiandu3'

程式：inherit/room/room.c 第 24 行
物件：/d/wudu/qiandu2
呼叫来自：inherit/room/room.c 的 reset() 第 86 行，物件： d/wudu/qiandu2
呼叫来自：inherit/room/room.c 的 make_inventory() 第 24 行，物件： d/wudu/qiandu2

执行时段错误：*Bad argument 1 to call_other()
Expected: string or array or object Got: 0.

程式：inherit/room/room.c 第 25 行
物件：/data/room/tyz000/qianting
呼叫来自：inherit/room/room.c 的 reset() 第 86 行，物件： data/room/tyz000/qianting
呼叫来自：inherit/room/room.c 的 make_inventory() 第 25 行，物件： data/room/tyz000/qianting

执行时段错误：*Bad argument 1 to call_other()
Expected: string or array or object Got: 0.

程式：inherit/room/room.c 第 25 行
物件：/data/room/w2544460429/qianting
呼叫来自：inherit/room/room.c 的 reset() 第 86 行，物件： data/room/w2544460429/qianting
呼叫来自：inherit/room/room.c 的 make_inventory() 第 25 行，物件： data/room/w2544460429/qianting

执行时段错误：*Bad argument 1 to call_other()
Expected: string or array or object Got: 0.

程式：inherit/room/room.c 第 25 行
物件：/data/room/yixingbu/qianting
呼叫来自：inherit/room/room.c 的 reset() 第 86 行，物件： data/room/yixingbu/qianting
呼叫来自：inherit/room/room.c 的 make_inventory() 第 25 行，物件： data/room/yixingbu/qianting

执行时段错误：*Bad argument 1 to call_other()
Expected: string or array or object Got: 0.

程式：inherit/room/room.c 第 25 行
物件：/data/room/qazzaq/qianting
呼叫来自：inherit/room/room.c 的 reset() 第 86 行，物件： data/room/qazzaq/qianting
呼叫来自：inherit/room/room.c 的 make_inventory() 第 25 行，物件： data/room/qazzaq/qianting

执行时段错误：*Bad argument 1 to call_other()
Expected: string or array or object Got: 0.

程式：inherit/room/room.c 第 25 行
物件：/data/room/pxhaha/qianting
呼叫来自：inherit/room/room.c 的 reset() 第 86 行，物件： data/room/pxhaha/qianting
呼叫来自：inherit/room/room.c 的 make_inventory() 第 25 行，物件： data/room/pxhaha/qianting

执行时段错误：*Bad argument 1 to call_other()
Expected: string or array or object Got: 0.

程式：inherit/room/room.c 第 25 行
物件：/d/luoyang/shuoshu
呼叫来自：inherit/room/room.c 的 reset() 第 86 行，物件： d/luoyang/shuoshu
呼叫来自：inherit/room/room.c 的 make_inventory() 第 25 行，物件： d/luoyang/shuoshu

执行时段错误：*Bad argument 1 to call_other()
Expected: string or array or object Got: 0.

程式：feature/dbase.c 第 93 行
物件：/clone/user/user
呼叫来自：clone/user/user.c 的 reset() 第 86 行，物件： clone/user/user ("使用者物件")
呼叫来自：feature/dbase.c 的 add() 第 93 行，物件： clone/user/user ("使用者物件")
object /clone/user/user#9825: eval_cost too big 2000000

执行时段错误：*Too long evaluation. Execution aborted.

程式：feature/skill.c 第 369 行
物件：/clone/user/user#9825
呼叫来自：feature/command.c 的 command_hook() 第 77 行，物件： clone/user/user#9825 ("懒兔浩然")
呼叫来自：cmds/skill/research.c 的 main() 第 211 行，物件： cmds/skill/research
呼叫来自：feature/skill.c 的 improve_skill() 第 369 行，物件： clone/user/user#9825 ("懒兔浩然")
object /clone/user/user#14351: eval_cost too big 2000000

执行时段错误：*Too long evaluation. Execution aborted.

程式：feature/alias.c 第 102 行
物件：/clone/user/user#14351
呼叫来自：feature/alias.c 的 process_input() 第 102 行，物件： clone/user/user#14351 ("慕容秋荻")

执行时段错误：*Bad argument 1 to sscanf
Expected: string Got: 0.

程式：d/room/obj/paper.c 第 245 行
物件：/d/room/obj/paper#25078
呼叫来自：adm/daemons/logind.c 的 get_user() 第 232 行，物件： adm/daemons/logind
呼叫来自：adm/daemons/logind.c 的 enter_world() 第 366 行，物件： adm/daemons/logind
呼叫来自：clone/user/user.c 的 setup() 第 244 行，物件： clone/user/user#25077 ("段刘锦成")
呼叫来自：feature/autoload.c 的 restore_autoload() 第 84 行，物件： clone/user/user#25077 ("段刘锦成")
呼叫来自：d/room/obj/paper.c 的 autoload() 第 245 行，物件： d/room/obj/paper#25078 ("纸张")
get_user_data: read on fd 480
System Error: get_user_data: read: 当文件已存在时，无法创建该文件。


执行时段错误：*Value being indexed is zero.

程式：clone/quest/search.c 第 91 行
物件：/clone/quest/search#25481
呼叫来自：adm/daemons/quest/search.c 的 heart_beat() 第 66 行，物件： adm/daemons/quest/search
呼叫来自：adm/daemons/quest/search.c 的 start_quest() 第 53 行，物件： adm/daemons/quest/search
呼叫来自：clone/quest/search.c 的 init_quest() 第 91 行，物件： clone/quest/search#25481 ("围攻0")
Heart beat in adm/daemons/quest/search turned off.
object /clone/user/user#3137: eval_cost too big 2000000

执行时段错误：*Too long evaluation. Execution aborted.

程式：feature/dbase.c 第 47 行
物件：/clone/user/user#3137
呼叫来自：feature/command.c 的 command_hook() 第 77 行，物件： clone/user/user#14351 ("慕容秋荻")
呼叫来自：cmds/std/give.c 的 main() 第 60 行，物件： cmds/std/give
呼叫来自：feature/dbase.c 的 query() 第 47 行，物件： clone/user/user#3137 ("东方影")
object /clone/user/user#9825: eval_cost too big 2000000

执行时段错误：*Too long evaluation. Execution aborted.

程式：feature/message.c 第 172 行
物件：/clone/user/user#9825
呼叫来自：feature/message.c 的 write_prompt() 第 172 行，物件： clone/user/user#9825 ("懒兔浩然")
object /clone/user/user#9825: eval_cost too big 2000000

执行时段错误：*Too long evaluation. Execution aborted.

程式：feature/dbase.c 第 38 行
物件：/clone/user/user#9825
呼叫来自：feature/command.c 的 command_hook() 第 77 行，物件： clone/user/user#9825 ("懒兔浩然")
呼叫来自：cmds/skill/research.c 的 main() 第 212 行，物件： cmds/skill/research
呼叫来自：feature/dbase.c 的 add() 第 107 行，物件： clone/user/user#9825 ("懒兔浩然")
呼叫来自：clone/user/user.c 的 set() 第 131 行，物件： clone/user/user#9825 ("懒兔浩然")
呼叫来自：feature/dbase.c 的 set() 第 38 行，物件： clone/user/user#9825 ("懒兔浩然")
错误讯息被拦截：
执行时段错误：*Error in loading object '/adm/daemons/story/labazhou'

程式：adm/daemons/storyd.c 第 131 行
物件：/adm/daemons/storyd
呼叫来自：adm/daemons/storyd.c 的 start_story() 第 131 行，物件： adm/daemons/storyd
呼叫来自：adm/daemons/storyd.c 的 CATCH() 第 131 行，物件： adm/daemons/storyd

执行时段错误：*call_other() couldn't find object

程式：adm/daemons/npcd.c 第 421 行
物件：/adm/daemons/npcd
呼叫来自：inherit/char/char.c 的 heart_beat() 第 133 行，物件： clone/npc/walker#3175 ("乔霸")
呼叫来自：inherit/char/npc.c 的 scan() 第 299 行，物件： clone/npc/walker#3175 ("乔霸")
呼叫来自：inherit/char/npc.c 的 chat() 第 377 行，物件： clone/npc/walker#3175 ("乔霸")
呼叫来自：<function> 的 <function>() 第 0 行，物件： clone/npc/walker#3175 ("乔霸")
呼叫来自：clone/npc/walker.c 的 <function>() 第 27 行，物件： clone/npc/walker#3175 ("乔霸")
呼叫来自：adm/daemons/npcd.c 的 random_move() 第 421 行，物件： adm/daemons/npcd
Heart beat in clone/npc/walker#3175 turned off.
object /clone/user/user#9825: eval_cost too big 2000000

执行时段错误：*Too long evaluation. Execution aborted.

程式：feature/message.c 第 172 行
物件：/clone/user/user#9825
呼叫来自：feature/message.c 的 write_prompt() 第 172 行，物件： clone/user/user#9825 ("懒兔浩然")
object /clone/user/user#9825: eval_cost too big 2000000

执行时段错误：*Too long evaluation. Execution aborted.

程式：feature/message.c 第 167 行
物件：/clone/user/user#9825
呼叫来自：feature/message.c 的 write_prompt() 第 167 行，物件： clone/user/user#9825 ("懒兔浩然")
object /clone/user/user#9825: eval_cost too big 2000000

执行时段错误：*Too long evaluation. Execution aborted.

程式：feature/dbase.c 第 107 行
物件：/clone/user/user#9825
呼叫来自：feature/command.c 的 command_hook() 第 77 行，物件： clone/user/user#9825 ("懒兔浩然")
呼叫来自：cmds/skill/research.c 的 main() 第 209 行，物件： cmds/skill/research
呼叫来自：feature/dbase.c 的 add() 第 107 行，物件： clone/user/user#9825 ("懒兔浩然")
object /adm/daemons/commandd: eval_cost too big 2000000

执行时段错误：*Too long evaluation. Execution aborted.

程式：adm/daemons/commandd.c 第 66 行
物件：/adm/daemons/commandd
呼叫来自：feature/command.c 的 command_hook() 第 76 行，物件： clone/user/user#14351 ("慕容秋荻")
呼叫来自：feature/command.c 的 find_command() 第 20 行，物件： clone/user/user#14351 ("慕容秋荻")
呼叫来自：adm/daemons/commandd.c 的 find_command() 第 66 行，物件： adm/daemons/commandd
object /clone/user/user#9825: eval_cost too big 2000000

执行时段错误：*Too long evaluation. Execution aborted.

程式：feature/skill.c 第 367 行
物件：/clone/user/user#9825
呼叫来自：feature/command.c 的 command_hook() 第 77 行，物件： clone/user/user#9825 ("懒兔浩然")
呼叫来自：cmds/skill/research.c 的 main() 第 211 行，物件： cmds/skill/research
呼叫来自：feature/skill.c 的 improve_skill() 第 367 行，物件： clone/user/user#9825 ("懒兔浩然")
object /clone/user/user#9825: eval_cost too big 2000000

执行时段错误：*Too long evaluation. Execution aborted.

程式：feature/dbase.c 第 87 行
物件：/clone/user/user#9825
呼叫来自：feature/command.c 的 command_hook() 第 77 行，物件： clone/user/user#9825 ("懒兔浩然")
呼叫来自：cmds/skill/research.c 的 main() 第 212 行，物件： cmds/skill/research
呼叫来自：feature/dbase.c 的 add() 第 87 行，物件： clone/user/user#9825 ("懒兔浩然")

执行时段错误：*Bad argument 1 to call_other()
Expected: string or array or object Got: 0.

程式：inherit/room/room.c 第 25 行
物件：/data/room/obh1234/qianting
呼叫来自：inherit/room/room.c 的 reset() 第 86 行，物件： data/room/obh1234/qianting
呼叫来自：inherit/room/room.c 的 make_inventory() 第 25 行，物件： data/room/obh1234/qianting

执行时段错误：*Bad argument 1 to call_other()
Expected: string or array or object Got: 0.

程式：inherit/room/room.c 第 25 行
物件：/data/room/yxsyyr1/qianting
呼叫来自：inherit/room/room.c 的 reset() 第 86 行，物件： data/room/yxsyyr1/qianting
呼叫来自：inherit/room/room.c 的 make_inventory() 第 25 行，物件： data/room/yxsyyr1/qianting

执行时段错误：*Error in loading object '/d/mingjiao/npc/tangyang'

程式：inherit/room/room.c 第 24 行
物件：/d/mingjiao/hsqdating
呼叫来自：inherit/room/room.c 的 reset() 第 86 行，物件： d/mingjiao/hsqdating
呼叫来自：inherit/room/room.c 的 make_inventory() 第 24 行，物件： d/mingjiao/hsqdating

执行时段错误：*Bad argument 1 to call_other()
Expected: string or array or object Got: 0.

程式：inherit/room/room.c 第 25 行
物件：/data/room/tyz000/qianting
呼叫来自：inherit/room/room.c 的 reset() 第 86 行，物件： data/room/tyz000/qianting
呼叫来自：inherit/room/room.c 的 make_inventory() 第 25 行，物件： data/room/tyz000/qianting

执行时段错误：*Error in loading object '/kungfu/class/sky/obj/shenjiu'

程式：inherit/char/npc.c 第 17 行
物件：/d/luoyang/npc/libai#27070
呼叫来自：inherit/room/room.c 的 reset() 第 86 行，物件： d/luoyang/zuixianlou4
呼叫来自：inherit/room/room.c 的 make_inventory() 第 24 行，物件： d/luoyang/zuixianlou4
呼叫来自：d/luoyang/npc/libai.c 的 create() 第 64 行，物件： d/luoyang/npc/libai#27070 ("李白")
呼叫来自：inherit/char/npc.c 的 carry_object() 第 17 行，物件： d/luoyang/npc/libai#27070 ("李白")

执行时段错误：*Bad argument 1 to call_other()
Expected: string or array or object Got: 0.

程式：inherit/room/room.c 第 25 行
物件：/data/room/adawong/qianting
呼叫来自：inherit/room/room.c 的 reset() 第 86 行，物件： data/room/adawong/qianting
呼叫来自：inherit/room/room.c 的 make_inventory() 第 25 行，物件： data/room/adawong/qianting

执行时段错误：*Bad argument 1 to call_other()
Expected: string or array or object Got: 0.

程式：inherit/room/room.c 第 25 行
物件：/data/room/pxdaye/qianting
呼叫来自：inherit/room/room.c 的 reset() 第 86 行，物件： data/room/pxdaye/qianting
呼叫来自：inherit/room/room.c 的 make_inventory() 第 25 行，物件： data/room/pxdaye/qianting

执行时段错误：*Bad argument 1 to call_other()
Expected: string or array or object Got: 0.

程式：inherit/room/room.c 第 25 行
物件：/d/luoyang/shuoshu
呼叫来自：inherit/room/room.c 的 reset() 第 86 行，物件： d/luoyang/shuoshu
呼叫来自：inherit/room/room.c 的 make_inventory() 第 25 行，物件： d/luoyang/shuoshu

执行时段错误：*Bad argument 1 to call_other()
Expected: string or array or object Got: 0.

程式：inherit/room/room.c 第 25 行
物件：/data/room/hubert/qianting
呼叫来自：inherit/room/room.c 的 reset() 第 86 行，物件： data/room/hubert/qianting
呼叫来自：inherit/room/room.c 的 make_inventory() 第 25 行，物件： data/room/hubert/qianting

执行时段错误：*Bad argument 1 to call_other()
Expected: string or array or object Got: 0.

程式：feature/skill.c 第 376 行
物件：/clone/user/user#152
呼叫来自：clone/user/user.c 的 reset() 第 98 行，物件： clone/user/user#152 ("苏白")
呼叫来自：feature/skill.c 的 improve_skill() 第 376 行，物件： clone/user/user#152 ("苏白")

执行时段错误：*Bad argument 1 to call_other()
Expected: string or array or object Got: 0.

程式：feature/dbase.c 第 93 行
物件：/clone/user/user
呼叫来自：clone/user/user.c 的 reset() 第 86 行，物件： clone/user/user ("使用者物件")
呼叫来自：feature/dbase.c 的 add() 第 93 行，物件： clone/user/user ("使用者物件")
object /clone/user/user#14351: eval_cost too big 2000000

执行时段错误：*Too long evaluation. Execution aborted.

程式：feature/name.c 第 44 行
物件：/clone/user/user#14351
呼叫来自：feature/command.c 的 command_hook() 第 77 行，物件： clone/user/user#14351 ("慕容秋荻")
呼叫来自：cmds/std/give.c 的 main() 第 48 行，物件： cmds/std/give
呼叫来自：adm/single/simul_efun.c 的 present() 第 119 行，物件： adm/single/simul_efun
呼叫来自：feature/name.c 的 id() 第 44 行，物件： clone/user/user#14351 ("慕容秋荻")

执行时段错误：*call_other() couldn't find object

程式：adm/daemons/npcd.c 第 421 行
物件：/adm/daemons/npcd
呼叫来自：inherit/char/char.c 的 heart_beat() 第 133 行，物件： clone/npc/walker#2084 ("独孤都熹")
呼叫来自：inherit/char/npc.c 的 scan() 第 299 行，物件： clone/npc/walker#2084 ("独孤都熹")
呼叫来自：inherit/char/npc.c 的 chat() 第 377 行，物件： clone/npc/walker#2084 ("独孤都熹")
呼叫来自：<function> 的 <function>() 第 0 行，物件： clone/npc/walker#2084 ("独孤都熹")
呼叫来自：clone/npc/walker.c 的 <function>() 第 27 行，物件： clone/npc/walker#2084 ("独孤都熹")
呼叫来自：adm/daemons/npcd.c 的 random_move() 第 421 行，物件： adm/daemons/npcd
Heart beat in clone/npc/walker#2084 turned off.
object /clone/user/user#9825: eval_cost too big 2000000

执行时段错误：*Too long evaluation. Execution aborted.

程式：feature/skill.c 第 367 行
物件：/clone/user/user#9825
呼叫来自：feature/command.c 的 command_hook() 第 77 行，物件： clone/user/user#9825 ("懒兔浩然")
呼叫来自：cmds/skill/research.c 的 main() 第 211 行，物件： cmds/skill/research
呼叫来自：feature/skill.c 的 improve_skill() 第 367 行，物件： clone/user/user#9825 ("懒兔浩然")
object /clone/user/user#9825: eval_cost too big 2000000

执行时段错误：*Too long evaluation. Execution aborted.

程式：feature/message.c 第 170 行
物件：/clone/user/user#9825
呼叫来自：feature/message.c 的 write_prompt() 第 170 行，物件： clone/user/user#9825 ("懒兔浩然")

执行时段错误：*Value being indexed is zero.

程式：clone/quest/search.c 第 91 行
物件：/clone/quest/search#27923
呼叫来自：adm/daemons/quest/search.c 的 heart_beat() 第 66 行，物件： adm/daemons/quest/search
呼叫来自：adm/daemons/quest/search.c 的 start_quest() 第 53 行，物件： adm/daemons/quest/search
呼叫来自：clone/quest/search.c 的 init_quest() 第 91 行，物件： clone/quest/search#27923 ("围攻0")
Heart beat in adm/daemons/quest/search turned off.
get_user_data: read on fd 600
System Error: get_user_data: read: 当文件已存在时，无法创建该文件。

object /clone/user/user#9825: eval_cost too big 2000000

执行时段错误：*Too long evaluation. Execution aborted.

程式：clone/user/user.c 第 1008 行
物件：/clone/user/user#9825
呼叫来自：feature/message.c 的 write_prompt() 第 170 行，物件： clone/user/user#9825 ("懒兔浩然")
呼叫来自：clone/user/user.c 的 is_attach_system() 第 1008 行，物件： clone/user/user#9825 ("懒兔浩然")
object /clone/user/user#9825: eval_cost too big 2000000

执行时段错误：*Too long evaluation. Execution aborted.

程式：feature/dbase.c 第 87 行
物件：/clone/user/user#9825
呼叫来自：feature/command.c 的 command_hook() 第 77 行，物件： clone/user/user#9825 ("懒兔浩然")
呼叫来自：cmds/skill/research.c 的 main() 第 212 行，物件： cmds/skill/research
呼叫来自：feature/dbase.c 的 add() 第 87 行，物件： clone/user/user#9825 ("懒兔浩然")

执行时段错误：*call_other() couldn't find object

程式：adm/daemons/npcd.c 第 421 行
物件：/adm/daemons/npcd
呼叫来自：inherit/char/char.c 的 heart_beat() 第 133 行，物件： clone/npc/walker#9567 ("羊夫")
呼叫来自：inherit/char/npc.c 的 scan() 第 299 行，物件： clone/npc/walker#9567 ("羊夫")
呼叫来自：inherit/char/npc.c 的 chat() 第 377 行，物件： clone/npc/walker#9567 ("羊夫")
呼叫来自：<function> 的 <function>() 第 0 行，物件： clone/npc/walker#9567 ("羊夫")
呼叫来自：clone/npc/walker.c 的 <function>() 第 27 行，物件： clone/npc/walker#9567 ("羊夫")
呼叫来自：adm/daemons/npcd.c 的 random_move() 第 421 行，物件： adm/daemons/npcd
Heart beat in clone/npc/walker#9567 turned off.
object /clone/user/user#9825: eval_cost too big 2000000

执行时段错误：*Too long evaluation. Execution aborted.

程式：feature/message.c 第 170 行
物件：/clone/user/user#9825
呼叫来自：feature/message.c 的 write_prompt() 第 170 行，物件： clone/user/user#9825 ("懒兔浩然")
object /clone/user/user#9825: eval_cost too big 2000000

执行时段错误：*Too long evaluation. Execution aborted.

程式：feature/skill.c 第 335 行
物件：/clone/user/user#9825
呼叫来自：feature/command.c 的 command_hook() 第 77 行，物件： clone/user/user#9825 ("懒兔浩然")
呼叫来自：cmds/skill/research.c 的 main() 第 211 行，物件： cmds/skill/research
呼叫来自：feature/skill.c 的 improve_skill() 第 335 行，物件： clone/user/user#9825 ("懒兔浩然")

执行时段错误：*Inherited file '/inherit/char/lang2' does not exist!

程式：inherit/room/room.c 第 24 行
物件：/d/wudu/langwo
呼叫来自：inherit/room/room.c 的 reset() 第 86 行，物件： d/wudu/langwo
呼叫来自：inherit/room/room.c 的 make_inventory() 第 24 行，物件： d/wudu/langwo

执行时段错误：*Bad argument 1 to call_other()
Expected: string or array or object Got: 0.

程式：inherit/room/room.c 第 25 行
物件：/data/room/yxsyyr1/qianting
呼叫来自：inherit/room/room.c 的 reset() 第 86 行，物件： data/room/yxsyyr1/qianting
呼叫来自：inherit/room/room.c 的 make_inventory() 第 25 行，物件： data/room/yxsyyr1/qianting

执行时段错误：*Bad argument 1 to call_other()
Expected: string or array or object Got: 0.

程式：feature/dbase.c 第 93 行
物件：/clone/user/user#14351
呼叫来自：clone/user/user.c 的 reset() 第 86 行，物件： clone/user/user#14351 ("慕容秋荻")
呼叫来自：feature/dbase.c 的 add() 第 93 行，物件： clone/user/user#14351 ("慕容秋荻")

执行时段错误：*Bad argument 1 to call_other()
Expected: string or array or object Got: 0.

程式：inherit/room/room.c 第 25 行
物件：/data/room/moyin/qianting
呼叫来自：inherit/room/room.c 的 reset() 第 86 行，物件： data/room/moyin/qianting
呼叫来自：inherit/room/room.c 的 make_inventory() 第 25 行，物件： data/room/moyin/qianting

执行时段错误：*Error in loading object '/d/wudu/npc/qiandu3'

程式：inherit/room/room.c 第 24 行
物件：/d/wudu/qiandu2
呼叫来自：inherit/room/room.c 的 reset() 第 86 行，物件： d/wudu/qiandu2
呼叫来自：inherit/room/room.c 的 make_inventory() 第 24 行，物件： d/wudu/qiandu2

执行时段错误：*Error in loading object '/d/mingjiao/npc/tangyang'

程式：inherit/room/room.c 第 24 行
物件：/d/mingjiao/hsqdating
呼叫来自：inherit/room/room.c 的 reset() 第 86 行，物件： d/mingjiao/hsqdating
呼叫来自：inherit/room/room.c 的 make_inventory() 第 24 行，物件： d/mingjiao/hsqdating

执行时段错误：*Bad argument 1 to call_other()
Expected: string or array or object Got: 0.

程式：inherit/room/room.c 第 25 行
物件：/data/room/tyz000/qianting
呼叫来自：inherit/room/room.c 的 reset() 第 86 行，物件： data/room/tyz000/qianting
呼叫来自：inherit/room/room.c 的 make_inventory() 第 25 行，物件： data/room/tyz000/qianting

执行时段错误：*Error in loading object '/kungfu/class/sky/obj/shenjiu'

程式：inherit/char/npc.c 第 17 行
物件：/d/luoyang/npc/libai#28460
呼叫来自：inherit/room/room.c 的 reset() 第 86 行，物件： d/luoyang/zuixianlou4
呼叫来自：inherit/room/room.c 的 make_inventory() 第 24 行，物件： d/luoyang/zuixianlou4
呼叫来自：d/luoyang/npc/libai.c 的 create() 第 64 行，物件： d/luoyang/npc/libai#28460 ("李白")
呼叫来自：inherit/char/npc.c 的 carry_object() 第 17 行，物件： d/luoyang/npc/libai#28460 ("李白")

执行时段错误：*Bad argument 1 to call_other()
Expected: string or array or object Got: 0.

程式：inherit/room/room.c 第 25 行
物件：/data/room/w2544460429/qianting
呼叫来自：inherit/room/room.c 的 reset() 第 86 行，物件： data/room/w2544460429/qianting
呼叫来自：inherit/room/room.c 的 make_inventory() 第 25 行，物件： data/room/w2544460429/qianting

执行时段错误：*Bad argument 1 to call_other()
Expected: string or array or object Got: 0.

程式：inherit/room/room.c 第 25 行
物件：/data/room/yixingbu/qianting
呼叫来自：inherit/room/room.c 的 reset() 第 86 行，物件： data/room/yixingbu/qianting
呼叫来自：inherit/room/room.c 的 make_inventory() 第 25 行，物件： data/room/yixingbu/qianting

执行时段错误：*Bad argument 1 to call_other()
Expected: string or array or object Got: 0.

程式：inherit/room/room.c 第 25 行
物件：/data/room/qazzaq/qianting
呼叫来自：inherit/room/room.c 的 reset() 第 86 行，物件： data/room/qazzaq/qianting
呼叫来自：inherit/room/room.c 的 make_inventory() 第 25 行，物件： data/room/qazzaq/qianting

执行时段错误：*Bad argument 1 to call_other()
Expected: string or array or object Got: 0.

程式：inherit/room/room.c 第 25 行
物件：/data/room/pxhaha/qianting
呼叫来自：inherit/room/room.c 的 reset() 第 86 行，物件： data/room/pxhaha/qianting
呼叫来自：inherit/room/room.c 的 make_inventory() 第 25 行，物件： data/room/pxhaha/qianting

执行时段错误：*Bad argument 1 to call_other()
Expected: string or array or object Got: 0.

程式：inherit/room/room.c 第 25 行
物件：/data/room/pxdaye/qianting
呼叫来自：inherit/room/room.c 的 reset() 第 86 行，物件： data/room/pxdaye/qianting
呼叫来自：inherit/room/room.c 的 make_inventory() 第 25 行，物件： data/room/pxdaye/qianting
object /clone/user/user#9825: eval_cost too big 2000000

执行时段错误：*Too long evaluation. Execution aborted.

程式：feature/skill.c 第 365 行
物件：/clone/user/user#9825
呼叫来自：feature/command.c 的 command_hook() 第 77 行，物件： clone/user/user#9825 ("懒兔浩然")
呼叫来自：cmds/skill/research.c 的 main() 第 211 行，物件： cmds/skill/research
呼叫来自：feature/skill.c 的 improve_skill() 第 365 行，物件： clone/user/user#9825 ("懒兔浩然")
get_user_data: read on fd 572
System Error: get_user_data: read: 当文件已存在时，无法创建该文件。

get_user_data: read on fd 544
System Error: get_user_data: read: 当文件已存在时，无法创建该文件。

object /cmds/skill/research: eval_cost too big 2000000

执行时段错误：*Too long evaluation. Execution aborted.

程式：cmds/skill/research.c 第 213 行
物件：/cmds/skill/research
呼叫来自：feature/command.c 的 command_hook() 第 77 行，物件： clone/user/user#9825 ("懒兔浩然")
呼叫来自：cmds/skill/research.c 的 main() 第 213 行，物件： cmds/skill/research
object /clone/user/user#9825: eval_cost too big 2000000

执行时段错误：*Too long evaluation. Execution aborted.

程式：clone/user/user.c 第 125 行
物件：/clone/user/user#9825
呼叫来自：feature/command.c 的 command_hook() 第 77 行，物件： clone/user/user#9825 ("懒兔浩然")
呼叫来自：cmds/skill/research.c 的 main() 第 212 行，物件： cmds/skill/research
呼叫来自：feature/dbase.c 的 add() 第 107 行，物件： clone/user/user#9825 ("懒兔浩然")
呼叫来自：clone/user/user.c 的 set() 第 125 行，物件： clone/user/user#9825 ("懒兔浩然")

执行时段错误：*Bad argument 1 to exec()

程式：adm/single/simul_efun.c 第 25 行
物件：/adm/single/simul_efun
呼叫来自：adm/daemons/logind.c 的 get_user() 第 222 行，物件： adm/daemons/logind
呼叫来自：adm/daemons/logind.c 的 reconnect() 第 484 行，物件： adm/daemons/logind
呼叫来自：adm/single/simul_efun.c 的 exec() 第 25 行，物件： adm/single/simul_efun
get_user_data: read on fd 544
System Error: get_user_data: read: 当文件已存在时，无法创建该文件。


执行时段错误：*Bad argument 1 to exec()

程式：adm/single/simul_efun.c 第 25 行
物件：/adm/single/simul_efun
呼叫来自：adm/daemons/logind.c 的 get_user() 第 222 行，物件： adm/daemons/logind
呼叫来自：adm/daemons/logind.c 的 reconnect() 第 484 行，物件： adm/daemons/logind
呼叫来自：adm/single/simul_efun.c 的 exec() 第 25 行，物件： adm/single/simul_efun
get_user_data: read on fd 480
System Error: get_user_data: read: 当文件已存在时，无法创建该文件。

object /clone/user/user#9825: eval_cost too big 2000000

执行时段错误：*Too long evaluation. Execution aborted.

程式：feature/dbase.c 第 55 行
物件：/clone/user/user#9825
呼叫来自：feature/command.c 的 command_hook() 第 77 行，物件： clone/user/user#9825 ("懒兔浩然")
呼叫来自：cmds/skill/research.c 的 main() 第 209 行，物件： cmds/skill/research
呼叫来自：feature/dbase.c 的 add() 第 101 行，物件： clone/user/user#9825 ("懒兔浩然")
呼叫来自：feature/dbase.c 的 query() 第 55 行，物件： clone/user/user#9825 ("懒兔浩然")
object /clone/user/user#9825: eval_cost too big 2000000

执行时段错误：*Too long evaluation. Execution aborted.

程式：feature/dbase.c 第 38 行
物件：/clone/user/user#9825
呼叫来自：feature/command.c 的 command_hook() 第 77 行，物件： clone/user/user#9825 ("懒兔浩然")
呼叫来自：cmds/skill/research.c 的 main() 第 209 行，物件： cmds/skill/research
呼叫来自：feature/dbase.c 的 add() 第 107 行，物件： clone/user/user#9825 ("懒兔浩然")
呼叫来自：clone/user/user.c 的 set() 第 131 行，物件： clone/user/user#9825 ("懒兔浩然")
呼叫来自：feature/dbase.c 的 set() 第 38 行，物件： clone/user/user#9825 ("懒兔浩然")

执行时段错误：*Value being indexed is zero.

程式：clone/quest/search.c 第 91 行
物件：/clone/quest/search#29164
呼叫来自：adm/daemons/quest/search.c 的 heart_beat() 第 66 行，物件： adm/daemons/quest/search
呼叫来自：adm/daemons/quest/search.c 的 start_quest() 第 53 行，物件： adm/daemons/quest/search
呼叫来自：clone/quest/search.c 的 init_quest() 第 91 行，物件： clone/quest/search#29164 ("围攻0")
Heart beat in adm/daemons/quest/search turned off.
object /clone/user/user#3137: eval_cost too big 2000000

执行时段错误：*Too long evaluation. Execution aborted.

程式：feature/name.c 第 43 行
物件：/clone/user/user#3137
呼叫来自：feature/command.c 的 command_hook() 第 77 行，物件： clone/user/user#14351 ("慕容秋荻")
呼叫来自：cmds/std/give.c 的 main() 第 22 行，物件： cmds/std/give
呼叫来自：adm/single/simul_efun.c 的 present() 第 119 行，物件： adm/single/simul_efun
呼叫来自：feature/name.c 的 id() 第 43 行，物件： clone/user/user#3137 ("东方影")
object /clone/user/user#9825: eval_cost too big 2000000

执行时段错误：*Too long evaluation. Execution aborted.

程式：feature/dbase.c 第 52 行
物件：/clone/user/user#9825
呼叫来自：feature/command.c 的 command_hook() 第 77 行，物件： clone/user/user#9825 ("懒兔浩然")
呼叫来自：cmds/skill/research.c 的 main() 第 212 行，物件： cmds/skill/research
呼叫来自：feature/dbase.c 的 add() 第 101 行，物件： clone/user/user#9825 ("懒兔浩然")
呼叫来自：feature/dbase.c 的 query() 第 52 行，物件： clone/user/user#9825 ("懒兔浩然")
object /clone/user/user#9825: eval_cost too big 2000000

执行时段错误：*Too long evaluation. Execution aborted.

程式：feature/dbase.c 第 107 行
物件：/clone/user/user#9825
呼叫来自：feature/command.c 的 command_hook() 第 77 行，物件： clone/user/user#9825 ("懒兔浩然")
呼叫来自：cmds/skill/research.c 的 main() 第 212 行，物件： cmds/skill/research
呼叫来自：feature/dbase.c 的 add() 第 107 行，物件： clone/user/user#9825 ("懒兔浩然")
object /clone/user/user#9825: eval_cost too big 2000000

执行时段错误：*Too long evaluation. Execution aborted.

程式：feature/dbase.c 第 107 行
物件：/clone/user/user#9825
呼叫来自：feature/command.c 的 command_hook() 第 77 行，物件： clone/user/user#9825 ("懒兔浩然")
呼叫来自：cmds/skill/research.c 的 main() 第 212 行，物件： cmds/skill/research
呼叫来自：feature/dbase.c 的 add() 第 107 行，物件： clone/user/user#9825 ("懒兔浩然")

执行时段错误：*Bad argument 1 to call_other()
Expected: string or array or object Got: 0.

程式：inherit/room/room.c 第 25 行
物件：/data/room/liu12345/qianting
呼叫来自：inherit/char/char.c 的 heart_beat() 第 133 行，物件： clone/npc/walker#1830 ("司马仞")
呼叫来自：inherit/char/npc.c 的 scan() 第 299 行，物件： clone/npc/walker#1830 ("司马仞")
呼叫来自：inherit/char/npc.c 的 chat() 第 377 行，物件： clone/npc/walker#1830 ("司马仞")
呼叫来自：<function> 的 <function>() 第 0 行，物件： clone/npc/walker#1830 ("司马仞")
呼叫来自：clone/npc/walker.c 的 <function>() 第 27 行，物件： clone/npc/walker#1830 ("司马仞")
呼叫来自：adm/daemons/npcd.c 的 random_move() 第 421 行，物件： adm/daemons/npcd
呼叫来自：data/room/liu12345/qianting.c 的 create() 第 28 行，物件： data/room/liu12345/qianting
呼叫来自：inherit/room/privateroom.c 的 setup() 第 74 行，物件： data/room/liu12345/qianting
呼叫来自：inherit/room/room.c 的 setup() 第 252 行，物件： data/room/liu12345/qianting
呼叫来自：inherit/room/room.c 的 reset() 第 86 行，物件： data/room/liu12345/qianting
呼叫来自：inherit/room/room.c 的 make_inventory() 第 25 行，物件： data/room/liu12345/qianting
Heart beat in clone/npc/walker#1830 turned off.
object /cmds/skill/research: eval_cost too big 2000000

执行时段错误：*Too long evaluation. Execution aborted.

程式：cmds/skill/research.c 第 219 行
物件：/cmds/skill/research
呼叫来自：feature/command.c 的 command_hook() 第 77 行，物件： clone/user/user#9825 ("懒兔浩然")
呼叫来自：cmds/skill/research.c 的 main() 第 219 行，物件： cmds/skill/research
object /clone/user/user#9825: eval_cost too big 2000000

执行时段错误：*Too long evaluation. Execution aborted.

程式：feature/dbase.c 第 25 行
物件：/clone/user/user#9825
呼叫来自：feature/command.c 的 command_hook() 第 77 行，物件： clone/user/user#9825 ("懒兔浩然")
呼叫来自：cmds/skill/research.c 的 main() 第 212 行，物件： cmds/skill/research
呼叫来自：feature/dbase.c 的 add() 第 107 行，物件： clone/user/user#9825 ("懒兔浩然")
呼叫来自：clone/user/user.c 的 set() 第 131 行，物件： clone/user/user#9825 ("懒兔浩然")
呼叫来自：feature/dbase.c 的 set() 第 25 行，物件： clone/user/user#9825 ("懒兔浩然")

执行时段错误：*call_other() couldn't find object

程式：adm/daemons/npcd.c 第 421 行
物件：/adm/daemons/npcd
呼叫来自：inherit/char/char.c 的 heart_beat() 第 133 行，物件： clone/npc/walker#6265 ("金侗")
呼叫来自：inherit/char/npc.c 的 scan() 第 299 行，物件： clone/npc/walker#6265 ("金侗")
呼叫来自：inherit/char/npc.c 的 chat() 第 377 行，物件： clone/npc/walker#6265 ("金侗")
呼叫来自：<function> 的 <function>() 第 0 行，物件： clone/npc/walker#6265 ("金侗")
呼叫来自：clone/npc/walker.c 的 <function>() 第 27 行，物件： clone/npc/walker#6265 ("金侗")
呼叫来自：adm/daemons/npcd.c 的 random_move() 第 421 行，物件： adm/daemons/npcd
Heart beat in clone/npc/walker#6265 turned off.

执行时段错误：*Bad argument 1 to call_other()
Expected: string or array or object Got: 0.

程式：inherit/room/room.c 第 25 行
物件：/data/room/obh1234/qianting
呼叫来自：inherit/room/room.c 的 reset() 第 86 行，物件： data/room/obh1234/qianting
呼叫来自：inherit/room/room.c 的 make_inventory() 第 25 行，物件： data/room/obh1234/qianting

执行时段错误：*Inherited file '/inherit/char/lang2' does not exist!

程式：inherit/room/room.c 第 24 行
物件：/d/wudu/langwo
呼叫来自：inherit/room/room.c 的 reset() 第 86 行，物件： d/wudu/langwo
呼叫来自：inherit/room/room.c 的 make_inventory() 第 24 行，物件： d/wudu/langwo

执行时段错误：*Bad argument 1 to call_other()
Expected: string or array or object Got: 0.

程式：inherit/room/room.c 第 25 行
物件：/data/room/yxsyyr1/qianting
呼叫来自：inherit/room/room.c 的 reset() 第 86 行，物件： data/room/yxsyyr1/qianting
呼叫来自：inherit/room/room.c 的 make_inventory() 第 25 行，物件： data/room/yxsyyr1/qianting

执行时段错误：*Bad argument 1 to call_other()
Expected: string or array or object Got: 0.

程式：inherit/room/room.c 第 25 行
物件：/data/room/w2544460429/qianting
呼叫来自：inherit/room/room.c 的 reset() 第 86 行，物件： data/room/w2544460429/qianting
呼叫来自：inherit/room/room.c 的 make_inventory() 第 25 行，物件： data/room/w2544460429/qianting

执行时段错误：*Bad argument 1 to call_other()
Expected: string or array or object Got: 0.

程式：inherit/room/room.c 第 25 行
物件：/data/room/yixingbu/qianting
呼叫来自：inherit/room/room.c 的 reset() 第 86 行，物件： data/room/yixingbu/qianting
呼叫来自：inherit/room/room.c 的 make_inventory() 第 25 行，物件： data/room/yixingbu/qianting

执行时段错误：*Bad argument 1 to call_other()
Expected: string or array or object Got: 0.

程式：inherit/room/room.c 第 25 行
物件：/data/room/adawong/qianting
呼叫来自：inherit/room/room.c 的 reset() 第 86 行，物件： data/room/adawong/qianting
呼叫来自：inherit/room/room.c 的 make_inventory() 第 25 行，物件： data/room/adawong/qianting

执行时段错误：*Bad argument 1 to call_other()
Expected: string or array or object Got: 0.

程式：inherit/room/room.c 第 25 行
物件：/data/room/pxhaha/qianting
呼叫来自：inherit/room/room.c 的 reset() 第 86 行，物件： data/room/pxhaha/qianting
呼叫来自：inherit/room/room.c 的 make_inventory() 第 25 行，物件： data/room/pxhaha/qianting

执行时段错误：*Bad argument 1 to call_other()
Expected: string or array or object Got: 0.

程式：inherit/room/room.c 第 25 行
物件：/data/room/pxdaye/qianting
呼叫来自：inherit/room/room.c 的 reset() 第 86 行，物件： data/room/pxdaye/qianting
呼叫来自：inherit/room/room.c 的 make_inventory() 第 25 行，物件： data/room/pxdaye/qianting

执行时段错误：*Bad argument 1 to call_other()
Expected: string or array or object Got: 0.

程式：inherit/room/room.c 第 25 行
物件：/d/luoyang/shuoshu
呼叫来自：inherit/room/room.c 的 reset() 第 86 行，物件： d/luoyang/shuoshu
呼叫来自：inherit/room/room.c 的 make_inventory() 第 25 行，物件： d/luoyang/shuoshu

执行时段错误：*Bad argument 1 to call_other()
Expected: string or array or object Got: 0.

程式：inherit/room/room.c 第 25 行
物件：/data/room/hubert/qianting
呼叫来自：inherit/room/room.c 的 reset() 第 86 行，物件： data/room/hubert/qianting
呼叫来自：inherit/room/room.c 的 make_inventory() 第 25 行，物件： data/room/hubert/qianting

执行时段错误：*Bad argument 1 to call_other()
Expected: string or array or object Got: 0.

程式：feature/dbase.c 第 93 行
物件：/clone/user/user
呼叫来自：clone/user/user.c 的 reset() 第 86 行，物件： clone/user/user ("使用者物件")
呼叫来自：feature/dbase.c 的 add() 第 93 行，物件： clone/user/user ("使用者物件")
get_user_data: read on fd 560
System Error: get_user_data: read: 当文件已存在时，无法创建该文件。

object /clone/user/user#9825: eval_cost too big 2000000

执行时段错误：*Too long evaluation. Execution aborted.

程式：feature/dbase.c 第 27 行
物件：/clone/user/user#9825
呼叫来自：feature/command.c 的 command_hook() 第 77 行，物件： clone/user/user#9825 ("懒兔浩然")
呼叫来自：cmds/skill/research.c 的 main() 第 209 行，物件： cmds/skill/research
呼叫来自：feature/dbase.c 的 add() 第 107 行，物件： clone/user/user#9825 ("懒兔浩然")
呼叫来自：clone/user/user.c 的 set() 第 131 行，物件： clone/user/user#9825 ("懒兔浩然")
呼叫来自：feature/dbase.c 的 set() 第 27 行，物件： clone/user/user#9825 ("懒兔浩然")
object /clone/user/user#9825: eval_cost too big 2000000

执行时段错误：*Too long evaluation. Execution aborted.

程式：feature/skill.c 第 369 行
物件：/clone/user/user#9825
呼叫来自：feature/command.c 的 command_hook() 第 77 行，物件： clone/user/user#9825 ("懒兔浩然")
呼叫来自：cmds/skill/research.c 的 main() 第 211 行，物件： cmds/skill/research
呼叫来自：feature/skill.c 的 improve_skill() 第 369 行，物件： clone/user/user#9825 ("懒兔浩然")
错误讯息被拦截：
执行时段错误：*Error in loading object '/adm/daemons/story/labazhou'

程式：adm/daemons/storyd.c 第 131 行
物件：/adm/daemons/storyd
呼叫来自：adm/daemons/storyd.c 的 start_story() 第 131 行，物件： adm/daemons/storyd
呼叫来自：adm/daemons/storyd.c 的 CATCH() 第 131 行，物件： adm/daemons/storyd
object /cmds/skill/research: eval_cost too big 2000000

执行时段错误：*Too long evaluation. Execution aborted.

程式：cmds/skill/research.c 第 219 行
物件：/cmds/skill/research
呼叫来自：feature/command.c 的 command_hook() 第 77 行，物件： clone/user/user#9825 ("懒兔浩然")
呼叫来自：cmds/skill/research.c 的 main() 第 219 行，物件： cmds/skill/research

执行时段错误：*Value being indexed is zero.

程式：clone/quest/search.c 第 91 行
物件：/clone/quest/search#31592
呼叫来自：adm/daemons/quest/search.c 的 heart_beat() 第 66 行，物件： adm/daemons/quest/search
呼叫来自：adm/daemons/quest/search.c 的 start_quest() 第 53 行，物件： adm/daemons/quest/search
呼叫来自：clone/quest/search.c 的 init_quest() 第 91 行，物件： clone/quest/search#31592 ("围攻0")
Heart beat in adm/daemons/quest/search turned off.
object /clone/user/user#9825: eval_cost too big 2000000

执行时段错误：*Too long evaluation. Execution aborted.

程式：clone/user/user.c 第 1008 行
物件：/clone/user/user#9825
呼叫来自：feature/message.c 的 write_prompt() 第 170 行，物件： clone/user/user#9825 ("懒兔浩然")
呼叫来自：clone/user/user.c 的 is_attach_system() 第 1008 行，物件： clone/user/user#9825 ("懒兔浩然")
object /clone/user/user#9825: eval_cost too big 2000000

执行时段错误：*Too long evaluation. Execution aborted.

程式：feature/command.c 第 77 行
物件：/clone/user/user#9825
呼叫来自：feature/command.c 的 command_hook() 第 77 行，物件： clone/user/user#9825 ("懒兔浩然")
object /clone/user/user#9825: eval_cost too big 2000000

执行时段错误：*Too long evaluation. Execution aborted.

程式：feature/skill.c 第 364 行
物件：/clone/user/user#9825
呼叫来自：feature/command.c 的 command_hook() 第 77 行，物件： clone/user/user#9825 ("懒兔浩然")
呼叫来自：cmds/skill/research.c 的 main() 第 208 行，物件： cmds/skill/research
呼叫来自：feature/skill.c 的 improve_skill() 第 364 行，物件： clone/user/user#9825 ("懒兔浩然")

执行时段错误：*call_other() couldn't find object

程式：adm/daemons/npcd.c 第 421 行
物件：/adm/daemons/npcd
呼叫来自：inherit/char/char.c 的 heart_beat() 第 133 行，物件： clone/npc/walker#21260 ("轩辕般佰")
呼叫来自：inherit/char/npc.c 的 scan() 第 299 行，物件： clone/npc/walker#21260 ("轩辕般佰")
呼叫来自：inherit/char/npc.c 的 chat() 第 377 行，物件： clone/npc/walker#21260 ("轩辕般佰")
呼叫来自：<function> 的 <function>() 第 0 行，物件： clone/npc/walker#21260 ("轩辕般佰")
呼叫来自：clone/npc/walker.c 的 <function>() 第 27 行，物件： clone/npc/walker#21260 ("轩辕般佰")
呼叫来自：adm/daemons/npcd.c 的 random_move() 第 421 行，物件： adm/daemons/npcd
Heart beat in clone/npc/walker#21260 turned off.
object /clone/user/user#9825: eval_cost too big 2000000

执行时段错误：*Too long evaluation. Execution aborted.

程式：feature/dbase.c 第 38 行
物件：/clone/user/user#9825
呼叫来自：feature/command.c 的 command_hook() 第 77 行，物件： clone/user/user#9825 ("懒兔浩然")
呼叫来自：cmds/skill/research.c 的 main() 第 209 行，物件： cmds/skill/research
呼叫来自：feature/dbase.c 的 add() 第 107 行，物件： clone/user/user#9825 ("懒兔浩然")
呼叫来自：clone/user/user.c 的 set() 第 131 行，物件： clone/user/user#9825 ("懒兔浩然")
呼叫来自：feature/dbase.c 的 set() 第 38 行，物件： clone/user/user#9825 ("懒兔浩然")

执行时段错误：*Bad argument 1 to call_other()
Expected: string or array or object Got: 0.

程式：inherit/room/room.c 第 25 行
物件：/data/room/liu12345/qianting
呼叫来自：inherit/room/room.c 的 reset() 第 86 行，物件： data/room/liu12345/qianting
呼叫来自：inherit/room/room.c 的 make_inventory() 第 25 行，物件： data/room/liu12345/qianting

执行时段错误：*Bad argument 1 to call_other()
Expected: string or array or object Got: 0.

程式：inherit/room/room.c 第 25 行
物件：/data/room/moyin/qianting
呼叫来自：inherit/room/room.c 的 reset() 第 86 行，物件： data/room/moyin/qianting
呼叫来自：inherit/room/room.c 的 make_inventory() 第 25 行，物件： data/room/moyin/qianting

执行时段错误：*Error in loading object '/d/wudu/npc/qiandu3'

程式：inherit/room/room.c 第 24 行
物件：/d/wudu/qiandu2
呼叫来自：inherit/room/room.c 的 reset() 第 86 行，物件： d/wudu/qiandu2
呼叫来自：inherit/room/room.c 的 make_inventory() 第 24 行，物件： d/wudu/qiandu2

执行时段错误：*Error in loading object '/d/mingjiao/npc/tangyang'

程式：inherit/room/room.c 第 24 行
物件：/d/mingjiao/hsqdating
呼叫来自：inherit/room/room.c 的 reset() 第 86 行，物件： d/mingjiao/hsqdating
呼叫来自：inherit/room/room.c 的 make_inventory() 第 24 行，物件： d/mingjiao/hsqdating

执行时段错误：*Bad argument 1 to call_other()
Expected: string or array or object Got: 0.

程式：inherit/room/room.c 第 25 行
物件：/data/room/tyz000/qianting
呼叫来自：inherit/room/room.c 的 reset() 第 86 行，物件： data/room/tyz000/qianting
呼叫来自：inherit/room/room.c 的 make_inventory() 第 25 行，物件： data/room/tyz000/qianting

执行时段错误：*Error in loading object '/kungfu/class/sky/obj/shenjiu'

程式：inherit/char/npc.c 第 17 行
物件：/d/luoyang/npc/libai#33037
呼叫来自：inherit/room/room.c 的 reset() 第 86 行，物件： d/luoyang/zuixianlou4
呼叫来自：inherit/room/room.c 的 make_inventory() 第 24 行，物件： d/luoyang/zuixianlou4
呼叫来自：d/luoyang/npc/libai.c 的 create() 第 64 行，物件： d/luoyang/npc/libai#33037 ("李白")
呼叫来自：inherit/char/npc.c 的 carry_object() 第 17 行，物件： d/luoyang/npc/libai#33037 ("李白")

执行时段错误：*Bad argument 1 to call_other()
Expected: string or array or object Got: 0.

程式：inherit/room/room.c 第 25 行
物件：/data/room/qazzaq/qianting
呼叫来自：inherit/room/room.c 的 reset() 第 86 行，物件： data/room/qazzaq/qianting
呼叫来自：inherit/room/room.c 的 make_inventory() 第 25 行，物件： data/room/qazzaq/qianting

执行时段错误：*Bad argument 1 to call_other()
Expected: string or array or object Got: 0.

程式：inherit/room/room.c 第 25 行
物件：/data/room/adawong/qianting
呼叫来自：inherit/room/room.c 的 reset() 第 86 行，物件： data/room/adawong/qianting
呼叫来自：inherit/room/room.c 的 make_inventory() 第 25 行，物件： data/room/adawong/qianting

执行时段错误：*Bad argument 1 to call_other()
Expected: string or array or object Got: 0.

程式：inherit/room/room.c 第 25 行
物件：/data/room/pxhaha/qianting
呼叫来自：inherit/room/room.c 的 reset() 第 86 行，物件： data/room/pxhaha/qianting
呼叫来自：inherit/room/room.c 的 make_inventory() 第 25 行，物件： data/room/pxhaha/qianting

执行时段错误：*Bad argument 1 to call_other()
Expected: string or array or object Got: 0.

程式：inherit/room/room.c 第 25 行
物件：/d/luoyang/shuoshu
呼叫来自：inherit/room/room.c 的 reset() 第 86 行，物件： d/luoyang/shuoshu
呼叫来自：inherit/room/room.c 的 make_inventory() 第 25 行，物件： d/luoyang/shuoshu
object /clone/user/user#9825: eval_cost too big 2000000

执行时段错误：*Too long evaluation. Execution aborted.

程式：feature/dbase.c 第 38 行
物件：/clone/user/user#9825
呼叫来自：feature/command.c 的 command_hook() 第 77 行，物件： clone/user/user#9825 ("懒兔浩然")
呼叫来自：cmds/skill/research.c 的 main() 第 209 行，物件： cmds/skill/research
呼叫来自：feature/dbase.c 的 add() 第 107 行，物件： clone/user/user#9825 ("懒兔浩然")
呼叫来自：clone/user/user.c 的 set() 第 131 行，物件： clone/user/user#9825 ("懒兔浩然")
呼叫来自：feature/dbase.c 的 set() 第 38 行，物件： clone/user/user#9825 ("懒兔浩然")

执行时段错误：*Error in loading object '/d/mingjiao/npc/wujincao'

程式：inherit/room/room.c 第 24 行
物件：/d/mingjiao/rjqlwch
呼叫来自：inherit/char/char.c 的 heart_beat() 第 133 行，物件： clone/npc/walker#1105 ("郭骅矛")
呼叫来自：inherit/char/npc.c 的 scan() 第 299 行，物件： clone/npc/walker#1105 ("郭骅矛")
呼叫来自：inherit/char/npc.c 的 chat() 第 377 行，物件： clone/npc/walker#1105 ("郭骅矛")
呼叫来自：<function> 的 <function>() 第 0 行，物件： clone/npc/walker#1105 ("郭骅矛")
呼叫来自：clone/npc/walker.c 的 <function>() 第 27 行，物件： clone/npc/walker#1105 ("郭骅矛")
呼叫来自：adm/daemons/npcd.c 的 random_move() 第 421 行，物件： adm/daemons/npcd
呼叫来自：d/mingjiao/rjqlwch.c 的 create() 第 24 行，物件： d/mingjiao/rjqlwch
呼叫来自：inherit/room/room.c 的 setup() 第 252 行，物件： d/mingjiao/rjqlwch
呼叫来自：inherit/room/room.c 的 reset() 第 86 行，物件： d/mingjiao/rjqlwch
呼叫来自：inherit/room/room.c 的 make_inventory() 第 24 行，物件： d/mingjiao/rjqlwch
Heart beat in clone/npc/walker#1105 turned off.
object /clone/user/user#9825: eval_cost too big 2000000

执行时段错误：*Too long evaluation. Execution aborted.

程式：feature/skill.c 第 365 行
物件：/clone/user/user#9825
呼叫来自：feature/command.c 的 command_hook() 第 77 行，物件： clone/user/user#9825 ("懒兔浩然")
呼叫来自：cmds/skill/research.c 的 main() 第 211 行，物件： cmds/skill/research
呼叫来自：feature/skill.c 的 improve_skill() 第 365 行，物件： clone/user/user#9825 ("懒兔浩然")
object /cmds/skill/research: eval_cost too big 2000000

执行时段错误：*Too long evaluation. Execution aborted.

程式：cmds/skill/research.c 第 170 行
物件：/cmds/skill/research
呼叫来自：feature/command.c 的 command_hook() 第 77 行，物件： clone/user/user#9825 ("懒兔浩然")
呼叫来自：cmds/skill/research.c 的 main() 第 170 行，物件： cmds/skill/research

执行时段错误：*call_other() couldn't find object

程式：adm/daemons/npcd.c 第 421 行
物件：/adm/daemons/npcd
呼叫来自：inherit/char/char.c 的 heart_beat() 第 133 行，物件： clone/npc/walker#2951 ("朱乏")
呼叫来自：inherit/char/npc.c 的 scan() 第 299 行，物件： clone/npc/walker#2951 ("朱乏")
呼叫来自：inherit/char/npc.c 的 chat() 第 377 行，物件： clone/npc/walker#2951 ("朱乏")
呼叫来自：<function> 的 <function>() 第 0 行，物件： clone/npc/walker#2951 ("朱乏")
呼叫来自：clone/npc/walker.c 的 <function>() 第 27 行，物件： clone/npc/walker#2951 ("朱乏")
呼叫来自：adm/daemons/npcd.c 的 random_move() 第 421 行，物件： adm/daemons/npcd
Heart beat in clone/npc/walker#2951 turned off.
object /clone/user/user#9825: eval_cost too big 2000000

执行时段错误：*Too long evaluation. Execution aborted.

程式：feature/skill.c 第 369 行
物件：/clone/user/user#9825
呼叫来自：feature/command.c 的 command_hook() 第 77 行，物件： clone/user/user#9825 ("懒兔浩然")
呼叫来自：cmds/skill/research.c 的 main() 第 211 行，物件： cmds/skill/research
呼叫来自：feature/skill.c 的 improve_skill() 第 369 行，物件： clone/user/user#9825 ("懒兔浩然")

执行时段错误：*Value being indexed is zero.

程式：clone/quest/search.c 第 91 行
物件：/clone/quest/search#33763
呼叫来自：adm/daemons/quest/search.c 的 heart_beat() 第 66 行，物件： adm/daemons/quest/search
呼叫来自：adm/daemons/quest/search.c 的 start_quest() 第 53 行，物件： adm/daemons/quest/search
呼叫来自：clone/quest/search.c 的 init_quest() 第 91 行，物件： clone/quest/search#33763 ("围攻0")
Heart beat in adm/daemons/quest/search turned off.
object /clone/user/user#9825: eval_cost too big 2000000

执行时段错误：*Too long evaluation. Execution aborted.

程式：feature/skill.c 第 365 行
物件：/clone/user/user#9825
呼叫来自：feature/command.c 的 command_hook() 第 77 行，物件： clone/user/user#9825 ("懒兔浩然")
呼叫来自：cmds/skill/research.c 的 main() 第 211 行，物件： cmds/skill/research
呼叫来自：feature/skill.c 的 improve_skill() 第 365 行，物件： clone/user/user#9825 ("懒兔浩然")
object /clone/user/user#9825: eval_cost too big 2000000

执行时段错误：*Too long evaluation. Execution aborted.

程式：feature/skill.c 第 369 行
物件：/clone/user/user#9825
呼叫来自：feature/command.c 的 command_hook() 第 77 行，物件： clone/user/user#9825 ("懒兔浩然")
呼叫来自：cmds/skill/research.c 的 main() 第 211 行，物件： cmds/skill/research
呼叫来自：feature/skill.c 的 improve_skill() 第 369 行，物件： clone/user/user#9825 ("懒兔浩然")
object /clone/user/user#9825: eval_cost too big 2000000

执行时段错误：*Too long evaluation. Execution aborted.

程式：feature/dbase.c 第 27 行
物件：/clone/user/user#9825
呼叫来自：feature/command.c 的 command_hook() 第 77 行，物件： clone/user/user#9825 ("懒兔浩然")
呼叫来自：cmds/skill/research.c 的 main() 第 212 行，物件： cmds/skill/research
呼叫来自：feature/dbase.c 的 add() 第 107 行，物件： clone/user/user#9825 ("懒兔浩然")
呼叫来自：clone/user/user.c 的 set() 第 131 行，物件： clone/user/user#9825 ("懒兔浩然")
呼叫来自：feature/dbase.c 的 set() 第 27 行，物件： clone/user/user#9825 ("懒兔浩然")
object /clone/user/user#23798: eval_cost too big 2000000

执行时段错误：*Too long evaluation. Execution aborted.

程式：inherit/char/char.c 第 43 行
物件：/clone/user/user#23798
呼叫来自：feature/command.c 的 command_hook() 第 77 行，物件： clone/user/user#177 ("盘古秀")
呼叫来自：cmds/std/ask.c 的 main() 第 44 行，物件： cmds/std/ask
呼叫来自：adm/single/simul_efun.c 的 present() 第 119 行，物件： adm/single/simul_efun
呼叫来自：feature/name.c 的 id() 第 44 行，物件： clone/user/user#23798 ("安一")
呼叫来自：inherit/char/char.c 的 visible() 第 227 行，物件： clone/user/user#177 ("盘古秀")
呼叫来自：inherit/char/char.c 的 is_character() 第 43 行，物件： clone/user/user#23798 ("安一")
get_user_data: read on fd 600
System Error: get_user_data: read: 当文件已存在时，无法创建该文件。

错误讯息被拦截：
执行时段错误：*Error in loading object '/adm/daemons/story/labazhou'

程式：adm/daemons/storyd.c 第 131 行
物件：/adm/daemons/storyd
呼叫来自：adm/daemons/storyd.c 的 start_story() 第 131 行，物件： adm/daemons/storyd
呼叫来自：adm/daemons/storyd.c 的 CATCH() 第 131 行，物件： adm/daemons/storyd
object /clone/user/user#9825: eval_cost too big 2000000

执行时段错误：*Too long evaluation. Execution aborted.

程式：feature/dbase.c 第 104 行
物件：/clone/user/user#9825
呼叫来自：feature/command.c 的 command_hook() 第 77 行，物件： clone/user/user#9825 ("懒兔浩然")
呼叫来自：cmds/skill/research.c 的 main() 第 212 行，物件： cmds/skill/research
呼叫来自：feature/dbase.c 的 add() 第 104 行，物件： clone/user/user#9825 ("懒兔浩然")

执行时段错误：*Bad argument 1 to environment()
Expected: object Got: 0.

程式：inherit/char/boss.c 第 37 行
物件：0
呼叫来自：inherit/char/char.c 的 heart_beat() 第 94 行，物件： 0
呼叫来自：quest/tulong/npc/dragon.c 的 unconcious() 第 178 行，物件： 0
呼叫来自：quest/tulong/npc/dragon.c 的 die() 第 164 行，物件： 0
呼叫来自：inherit/char/boss.c 的 die() 第 37 行，物件： 0
Heart beat in quest/tulong/npc/dragon#34244 turned off.
object /clone/user/user#9825: eval_cost too big 2000000

执行时段错误：*Too long evaluation. Execution aborted.

程式：feature/dbase.c 第 104 行
物件：/clone/user/user#9825
呼叫来自：feature/command.c 的 command_hook() 第 77 行，物件： clone/user/user#9825 ("懒兔浩然")
呼叫来自：cmds/skill/research.c 的 main() 第 212 行，物件： cmds/skill/research
呼叫来自：feature/dbase.c 的 add() 第 104 行，物件： clone/user/user#9825 ("懒兔浩然")

执行时段错误：*Bad argument 1 to call_other()
Expected: string or array or object Got: 0.

程式：inherit/room/room.c 第 25 行
物件：/data/room/liu12345/qianting
呼叫来自：inherit/room/room.c 的 reset() 第 86 行，物件： data/room/liu12345/qianting
呼叫来自：inherit/room/room.c 的 make_inventory() 第 25 行，物件： data/room/liu12345/qianting

执行时段错误：*Bad argument 1 to call_other()
Expected: string or array or object Got: 0.

程式：inherit/room/room.c 第 25 行
物件：/data/room/obh1234/qianting
呼叫来自：inherit/room/room.c 的 reset() 第 86 行，物件： data/room/obh1234/qianting
呼叫来自：inherit/room/room.c 的 make_inventory() 第 25 行，物件： data/room/obh1234/qianting

执行时段错误：*Inherited file '/inherit/char/lang2' does not exist!

程式：inherit/room/room.c 第 24 行
物件：/d/wudu/langwo
呼叫来自：inherit/room/room.c 的 reset() 第 86 行，物件： d/wudu/langwo
呼叫来自：inherit/room/room.c 的 make_inventory() 第 24 行，物件： d/wudu/langwo

执行时段错误：*Bad argument 1 to call_other()
Expected: string or array or object Got: 0.

程式：inherit/room/room.c 第 25 行
物件：/data/room/yxsyyr1/qianting
呼叫来自：inherit/room/room.c 的 reset() 第 86 行，物件： data/room/yxsyyr1/qianting
呼叫来自：inherit/room/room.c 的 make_inventory() 第 25 行，物件： data/room/yxsyyr1/qianting

执行时段错误：*Error in loading object '/d/wudu/npc/qiandu3'

程式：inherit/room/room.c 第 24 行
物件：/d/wudu/qiandu2
呼叫来自：inherit/room/room.c 的 reset() 第 86 行，物件： d/wudu/qiandu2
呼叫来自：inherit/room/room.c 的 make_inventory() 第 24 行，物件： d/wudu/qiandu2

执行时段错误：*Bad argument 1 to call_other()
Expected: string or array or object Got: 0.

程式：inherit/room/room.c 第 25 行
物件：/data/room/tyz000/qianting
呼叫来自：inherit/room/room.c 的 reset() 第 86 行，物件： data/room/tyz000/qianting
呼叫来自：inherit/room/room.c 的 make_inventory() 第 25 行，物件： data/room/tyz000/qianting

执行时段错误：*Bad argument 1 to call_other()
Expected: string or array or object Got: 0.

程式：inherit/room/room.c 第 25 行
物件：/data/room/w2544460429/qianting
呼叫来自：inherit/room/room.c 的 reset() 第 86 行，物件： data/room/w2544460429/qianting
呼叫来自：inherit/room/room.c 的 make_inventory() 第 25 行，物件： data/room/w2544460429/qianting

执行时段错误：*Bad argument 1 to call_other()
Expected: string or array or object Got: 0.

程式：inherit/room/room.c 第 25 行
物件：/data/room/yixingbu/qianting
呼叫来自：inherit/room/room.c 的 reset() 第 86 行，物件： data/room/yixingbu/qianting
呼叫来自：inherit/room/room.c 的 make_inventory() 第 25 行，物件： data/room/yixingbu/qianting

执行时段错误：*Bad argument 1 to call_other()
Expected: string or array or object Got: 0.

程式：inherit/room/room.c 第 25 行
物件：/data/room/adawong/qianting
呼叫来自：inherit/room/room.c 的 reset() 第 86 行，物件： data/room/adawong/qianting
呼叫来自：inherit/room/room.c 的 make_inventory() 第 25 行，物件： data/room/adawong/qianting

执行时段错误：*Bad argument 1 to call_other()
Expected: string or array or object Got: 0.

程式：inherit/room/room.c 第 25 行
物件：/data/room/pxdaye/qianting
呼叫来自：inherit/room/room.c 的 reset() 第 86 行，物件： data/room/pxdaye/qianting
呼叫来自：inherit/room/room.c 的 make_inventory() 第 25 行，物件： data/room/pxdaye/qianting

执行时段错误：*Bad argument 1 to call_other()
Expected: string or array or object Got: 0.

程式：inherit/room/room.c 第 25 行
物件：/d/luoyang/shuoshu
呼叫来自：inherit/room/room.c 的 reset() 第 86 行，物件： d/luoyang/shuoshu
呼叫来自：inherit/room/room.c 的 make_inventory() 第 25 行，物件： d/luoyang/shuoshu

执行时段错误：*Bad argument 1 to call_other()
Expected: string or array or object Got: 0.

程式：inherit/room/room.c 第 25 行
物件：/data/room/hubert/qianting
呼叫来自：inherit/room/room.c 的 reset() 第 86 行，物件： data/room/hubert/qianting
呼叫来自：inherit/room/room.c 的 make_inventory() 第 25 行，物件： data/room/hubert/qianting

执行时段错误：*Bad argument 1 to call_other()
Expected: string or array or object Got: 0.

程式：feature/dbase.c 第 93 行
物件：/clone/user/user
呼叫来自：clone/user/user.c 的 reset() 第 86 行，物件： clone/user/user ("使用者物件")
呼叫来自：feature/dbase.c 的 add() 第 93 行，物件： clone/user/user ("使用者物件")
object /clone/user/user#9825: eval_cost too big 2000000

执行时段错误：*Too long evaluation. Execution aborted.

程式：feature/dbase.c 第 87 行
物件：/clone/user/user#9825
呼叫来自：feature/command.c 的 command_hook() 第 77 行，物件： clone/user/user#9825 ("懒兔浩然")
呼叫来自：cmds/skill/research.c 的 main() 第 212 行，物件： cmds/skill/research
呼叫来自：feature/dbase.c 的 add() 第 87 行，物件： clone/user/user#9825 ("懒兔浩然")

执行时段错误：*call_other() couldn't find object

程式：adm/daemons/npcd.c 第 421 行
物件：/adm/daemons/npcd
呼叫来自：inherit/char/char.c 的 heart_beat() 第 133 行，物件： clone/npc/walker#3175 ("乔霸")
呼叫来自：inherit/char/npc.c 的 scan() 第 299 行，物件： clone/npc/walker#3175 ("乔霸")
呼叫来自：inherit/char/npc.c 的 chat() 第 377 行，物件： clone/npc/walker#3175 ("乔霸")
呼叫来自：<function> 的 <function>() 第 0 行，物件： clone/npc/walker#3175 ("乔霸")
呼叫来自：clone/npc/walker.c 的 <function>() 第 27 行，物件： clone/npc/walker#3175 ("乔霸")
呼叫来自：adm/daemons/npcd.c 的 random_move() 第 421 行，物件： adm/daemons/npcd
Heart beat in clone/npc/walker#3175 turned off.
object /cmds/skill/research: eval_cost too big 2000000

执行时段错误：*Too long evaluation. Execution aborted.

程式：cmds/skill/research.c 第 219 行
物件：/cmds/skill/research
呼叫来自：feature/command.c 的 command_hook() 第 77 行，物件： clone/user/user#9825 ("懒兔浩然")
呼叫来自：cmds/skill/research.c 的 main() 第 219 行，物件： cmds/skill/research
object /clone/user/user#9825: eval_cost too big 2000000

执行时段错误：*Too long evaluation. Execution aborted.

程式：feature/message.c 第 172 行
物件：/clone/user/user#9825
呼叫来自：feature/message.c 的 write_prompt() 第 172 行，物件： clone/user/user#9825 ("懒兔浩然")
object /clone/user/user#9825: eval_cost too big 2000000

执行时段错误：*Too long evaluation. Execution aborted.

程式：feature/dbase.c 第 50 行
物件：/clone/user/user#9825
呼叫来自：feature/command.c 的 command_hook() 第 77 行，物件： clone/user/user#9825 ("懒兔浩然")
呼叫来自：cmds/skill/research.c 的 main() 第 212 行，物件： cmds/skill/research
呼叫来自：feature/dbase.c 的 add() 第 101 行，物件： clone/user/user#9825 ("懒兔浩然")
呼叫来自：feature/dbase.c 的 query() 第 50 行，物件： clone/user/user#9825 ("懒兔浩然")
object /clone/user/user#9825: eval_cost too big 2000000

执行时段错误：*Too long evaluation. Execution aborted.

程式：feature/message.c 第 170 行
物件：/clone/user/user#9825
呼叫来自：feature/message.c 的 write_prompt() 第 170 行，物件： clone/user/user#9825 ("懒兔浩然")
object /clone/user/user#9825: eval_cost too big 2000000

执行时段错误：*Too long evaluation. Execution aborted.

程式：feature/dbase.c 第 104 行
物件：/clone/user/user#9825
呼叫来自：feature/command.c 的 command_hook() 第 77 行，物件： clone/user/user#9825 ("懒兔浩然")
呼叫来自：cmds/skill/research.c 的 main() 第 212 行，物件： cmds/skill/research
呼叫来自：feature/dbase.c 的 add() 第 104 行，物件： clone/user/user#9825 ("懒兔浩然")
object /clone/user/user#9825: eval_cost too big 2000000

执行时段错误：*Too long evaluation. Execution aborted.

程式：feature/treemap.c 第 16 行
物件：/clone/user/user#9825
呼叫来自：feature/command.c 的 command_hook() 第 85 行，物件： clone/user/user#9825 ("懒兔浩然")
呼叫来自：adm/daemons/emoted.c 的 do_emote() 第 73 行，物件： adm/daemons/emoted
呼叫来自：feature/name.c 的 name() 第 94 行，物件： clone/user/user#9825 ("懒兔浩然")
呼叫来自：feature/dbase.c 的 query_temp() 第 132 行，物件： clone/user/user#9825 ("懒兔浩然")
呼叫来自：feature/treemap.c 的 _query() 第 16 行，物件： clone/user/user#9825 ("懒兔浩然")
object /clone/user/user#9825: eval_cost too big 2000000

执行时段错误：*Too long evaluation. Execution aborted.

程式：feature/message.c 第 170 行
物件：/clone/user/user#9825
呼叫来自：feature/message.c 的 write_prompt() 第 170 行，物件： clone/user/user#9825 ("懒兔浩然")

执行时段错误：*Value being indexed is zero.

程式：clone/quest/search.c 第 91 行
物件：/clone/quest/search#35055
呼叫来自：adm/daemons/quest/search.c 的 heart_beat() 第 66 行，物件： adm/daemons/quest/search
呼叫来自：adm/daemons/quest/search.c 的 start_quest() 第 53 行，物件： adm/daemons/quest/search
呼叫来自：clone/quest/search.c 的 init_quest() 第 91 行，物件： clone/quest/search#35055 ("围攻0")
Heart beat in adm/daemons/quest/search turned off.
object /cmds/skill/research: eval_cost too big 2000000

执行时段错误：*Too long evaluation. Execution aborted.

程式：cmds/skill/research.c 第 220 行
物件：/cmds/skill/research
呼叫来自：feature/command.c 的 command_hook() 第 77 行，物件： clone/user/user#9825 ("懒兔浩然")
呼叫来自：cmds/skill/research.c 的 main() 第 220 行，物件： cmds/skill/research
object /clone/user/user#9825: eval_cost too big 2000000

执行时段错误：*Too long evaluation. Execution aborted.

程式：feature/message.c 第 172 行
物件：/clone/user/user#9825
呼叫来自：feature/message.c 的 write_prompt() 第 172 行，物件： clone/user/user#9825 ("懒兔浩然")
object /clone/user/user#9825: eval_cost too big 2000000

执行时段错误：*Too long evaluation. Execution aborted.

程式：feature/dbase.c 第 87 行
物件：/clone/user/user#9825
呼叫来自：feature/command.c 的 command_hook() 第 77 行，物件： clone/user/user#9825 ("懒兔浩然")
呼叫来自：cmds/skill/research.c 的 main() 第 212 行，物件： cmds/skill/research
呼叫来自：feature/dbase.c 的 add() 第 87 行，物件： clone/user/user#9825 ("懒兔浩然")
object /cmds/skill/research: eval_cost too big 2000000

执行时段错误：*Too long evaluation. Execution aborted.

程式：cmds/skill/research.c 第 219 行
物件：/cmds/skill/research
呼叫来自：feature/command.c 的 command_hook() 第 77 行，物件： clone/user/user#9825 ("懒兔浩然")
呼叫来自：cmds/skill/research.c 的 main() 第 219 行，物件： cmds/skill/research
object /clone/user/user#9825: eval_cost too big 2000000

执行时段错误：*Too long evaluation. Execution aborted.

程式：feature/message.c 第 167 行
物件：/clone/user/user#9825
呼叫来自：feature/message.c 的 write_prompt() 第 167 行，物件： clone/user/user#9825 ("懒兔浩然")
object /clone/user/user#9825: eval_cost too big 2000000

执行时段错误：*Too long evaluation. Execution aborted.

程式：feature/dbase.c 第 101 行
物件：/clone/user/user#9825
呼叫来自：feature/command.c 的 command_hook() 第 77 行，物件： clone/user/user#9825 ("懒兔浩然")
呼叫来自：cmds/skill/research.c 的 main() 第 212 行，物件： cmds/skill/research
呼叫来自：feature/dbase.c 的 add() 第 101 行，物件： clone/user/user#9825 ("懒兔浩然")
object /clone/user/user#9825: eval_cost too big 2000000

执行时段错误：*Too long evaluation. Execution aborted.

程式：feature/message.c 第 170 行
物件：/clone/user/user#9825
呼叫来自：feature/message.c 的 write_prompt() 第 170 行，物件： clone/user/user#9825 ("懒兔浩然")
object /clone/user/user#9825: eval_cost too big 2000000

执行时段错误：*Too long evaluation. Execution aborted.

程式：feature/skill.c 第 366 行
物件：/clone/user/user#9825
呼叫来自：feature/command.c 的 command_hook() 第 77 行，物件： clone/user/user#9825 ("懒兔浩然")
呼叫来自：cmds/skill/research.c 的 main() 第 211 行，物件： cmds/skill/research
呼叫来自：feature/skill.c 的 improve_skill() 第 366 行，物件： clone/user/user#9825 ("懒兔浩然")
object /clone/user/user#9825: eval_cost too big 2000000

执行时段错误：*Too long evaluation. Execution aborted.

程式：clone/user/user.c 第 1008 行
物件：/clone/user/user#9825
呼叫来自：feature/message.c 的 write_prompt() 第 170 行，物件： clone/user/user#9825 ("懒兔浩然")
呼叫来自：clone/user/user.c 的 is_attach_system() 第 1008 行，物件： clone/user/user#9825 ("懒兔浩然")

执行时段错误：*Error in loading object '/d/mingjiao/npc/wujincao'

程式：inherit/room/room.c 第 24 行
物件：/d/mingjiao/rjqlwch
呼叫来自：inherit/room/room.c 的 reset() 第 86 行，物件： d/mingjiao/rjqlwch
呼叫来自：inherit/room/room.c 的 make_inventory() 第 24 行，物件： d/mingjiao/rjqlwch

执行时段错误：*Bad argument 1 to call_other()
Expected: string or array or object Got: 0.

程式：inherit/room/room.c 第 25 行
物件：/data/room/moyin/qianting
呼叫来自：inherit/room/room.c 的 reset() 第 86 行，物件： data/room/moyin/qianting
呼叫来自：inherit/room/room.c 的 make_inventory() 第 25 行，物件： data/room/moyin/qianting

执行时段错误：*Error in loading object '/d/mingjiao/npc/tangyang'

程式：inherit/room/room.c 第 24 行
物件：/d/mingjiao/hsqdating
呼叫来自：inherit/room/room.c 的 reset() 第 86 行，物件： d/mingjiao/hsqdating
呼叫来自：inherit/room/room.c 的 make_inventory() 第 24 行，物件： d/mingjiao/hsqdating

执行时段错误：*Error in loading object '/kungfu/class/sky/obj/shenjiu'

程式：inherit/char/npc.c 第 17 行
物件：/d/luoyang/npc/libai#35893
呼叫来自：inherit/room/room.c 的 reset() 第 86 行，物件： d/luoyang/zuixianlou4
呼叫来自：inherit/room/room.c 的 make_inventory() 第 24 行，物件： d/luoyang/zuixianlou4
呼叫来自：d/luoyang/npc/libai.c 的 create() 第 64 行，物件： d/luoyang/npc/libai#35893 ("李白")
呼叫来自：inherit/char/npc.c 的 carry_object() 第 17 行，物件： d/luoyang/npc/libai#35893 ("李白")

执行时段错误：*Bad argument 1 to call_other()
Expected: string or array or object Got: 0.

程式：inherit/room/room.c 第 25 行
物件：/data/room/w2544460429/qianting
呼叫来自：inherit/room/room.c 的 reset() 第 86 行，物件： data/room/w2544460429/qianting
呼叫来自：inherit/room/room.c 的 make_inventory() 第 25 行，物件： data/room/w2544460429/qianting

执行时段错误：*Bad argument 1 to call_other()
Expected: string or array or object Got: 0.

程式：inherit/room/room.c 第 25 行
物件：/data/room/qazzaq/qianting
呼叫来自：inherit/room/room.c 的 reset() 第 86 行，物件： data/room/qazzaq/qianting
呼叫来自：inherit/room/room.c 的 make_inventory() 第 25 行，物件： data/room/qazzaq/qianting

执行时段错误：*Bad argument 1 to call_other()
Expected: string or array or object Got: 0.

程式：inherit/room/room.c 第 25 行
物件：/data/room/adawong/qianting
呼叫来自：inherit/room/room.c 的 reset() 第 86 行，物件： data/room/adawong/qianting
呼叫来自：inherit/room/room.c 的 make_inventory() 第 25 行，物件： data/room/adawong/qianting

执行时段错误：*Bad argument 1 to call_other()
Expected: string or array or object Got: 0.

程式：inherit/room/room.c 第 25 行
物件：/data/room/pxhaha/qianting
呼叫来自：inherit/room/room.c 的 reset() 第 86 行，物件： data/room/pxhaha/qianting
呼叫来自：inherit/room/room.c 的 make_inventory() 第 25 行，物件： data/room/pxhaha/qianting

执行时段错误：*Bad argument 1 to call_other()
Expected: string or array or object Got: 0.

程式：inherit/room/room.c 第 25 行
物件：/d/luoyang/shuoshu
呼叫来自：inherit/room/room.c 的 reset() 第 86 行，物件： d/luoyang/shuoshu
呼叫来自：inherit/room/room.c 的 make_inventory() 第 25 行，物件： d/luoyang/shuoshu

执行时段错误：*Bad argument 1 to call_other()
Expected: string or array or object Got: 0.

程式：inherit/room/room.c 第 25 行
物件：/data/room/hubert/qianting
呼叫来自：inherit/room/room.c 的 reset() 第 86 行，物件： data/room/hubert/qianting
呼叫来自：inherit/room/room.c 的 make_inventory() 第 25 行，物件： data/room/hubert/qianting
object /clone/user/user#9825: eval_cost too big 2000000

执行时段错误：*Too long evaluation. Execution aborted.

程式：feature/dbase.c 第 107 行
物件：/clone/user/user#9825
呼叫来自：feature/command.c 的 command_hook() 第 77 行，物件： clone/user/user#9825 ("懒兔浩然")
呼叫来自：cmds/skill/research.c 的 main() 第 212 行，物件： cmds/skill/research
呼叫来自：feature/dbase.c 的 add() 第 107 行，物件： clone/user/user#9825 ("懒兔浩然")
object /clone/user/user#9825: eval_cost too big 2000000

执行时段错误：*Too long evaluation. Execution aborted.

程式：feature/dbase.c 第 52 行
物件：/clone/user/user#9825
呼叫来自：feature/command.c 的 command_hook() 第 77 行，物件： clone/user/user#9825 ("懒兔浩然")
呼叫来自：cmds/skill/research.c 的 main() 第 212 行，物件： cmds/skill/research
呼叫来自：feature/dbase.c 的 add() 第 101 行，物件： clone/user/user#9825 ("懒兔浩然")
呼叫来自：feature/dbase.c 的 query() 第 52 行，物件： clone/user/user#9825 ("懒兔浩然")
object /clone/user/user#9825: eval_cost too big 2000000

执行时段错误：*Too long evaluation. Execution aborted.

程式：feature/dbase.c 第 50 行
物件：/clone/user/user#9825
呼叫来自：feature/command.c 的 command_hook() 第 77 行，物件： clone/user/user#9825 ("懒兔浩然")
呼叫来自：cmds/skill/research.c 的 main() 第 212 行，物件： cmds/skill/research
呼叫来自：feature/dbase.c 的 add() 第 101 行，物件： clone/user/user#9825 ("懒兔浩然")
呼叫来自：feature/dbase.c 的 query() 第 50 行，物件： clone/user/user#9825 ("懒兔浩然")

执行时段错误：*Value being indexed is zero.

程式：clone/quest/search.c 第 91 行
物件：/clone/quest/search#36843
呼叫来自：adm/daemons/quest/search.c 的 heart_beat() 第 66 行，物件： adm/daemons/quest/search
呼叫来自：adm/daemons/quest/search.c 的 start_quest() 第 53 行，物件： adm/daemons/quest/search
呼叫来自：clone/quest/search.c 的 init_quest() 第 91 行，物件： clone/quest/search#36843 ("围攻0")
Heart beat in adm/daemons/quest/search turned off.
object /clone/user/user#9825: eval_cost too big 2000000

执行时段错误：*Too long evaluation. Execution aborted.

程式：feature/message.c 第 167 行
物件：/clone/user/user#9825
呼叫来自：feature/message.c 的 write_prompt() 第 167 行，物件： clone/user/user#9825 ("懒兔浩然")

执行时段错误：*call_other() couldn't find object

程式：adm/daemons/npcd.c 第 421 行
物件：/adm/daemons/npcd
呼叫来自：inherit/char/char.c 的 heart_beat() 第 133 行，物件： clone/npc/walker#23482 ("尹霸")
呼叫来自：inherit/char/npc.c 的 scan() 第 299 行，物件： clone/npc/walker#23482 ("尹霸")
呼叫来自：inherit/char/npc.c 的 chat() 第 377 行，物件： clone/npc/walker#23482 ("尹霸")
呼叫来自：<function> 的 <function>() 第 0 行，物件： clone/npc/walker#23482 ("尹霸")
呼叫来自：clone/npc/walker.c 的 <function>() 第 27 行，物件： clone/npc/walker#23482 ("尹霸")
呼叫来自：adm/daemons/npcd.c 的 random_move() 第 421 行，物件： adm/daemons/npcd
Heart beat in clone/npc/walker#23482 turned off.
object /cmds/skill/research: eval_cost too big 2000000

执行时段错误：*Too long evaluation. Execution aborted.

程式：cmds/skill/research.c 第 219 行
物件：/cmds/skill/research
呼叫来自：feature/command.c 的 command_hook() 第 77 行，物件： clone/user/user#9825 ("懒兔浩然")
呼叫来自：cmds/skill/research.c 的 main() 第 219 行，物件： cmds/skill/research
object /clone/user/user#9825: eval_cost too big 2000000

执行时段错误：*Too long evaluation. Execution aborted.

程式：feature/dbase.c 第 55 行
物件：/clone/user/user#9825
呼叫来自：feature/command.c 的 command_hook() 第 77 行，物件： clone/user/user#9825 ("懒兔浩然")
呼叫来自：cmds/skill/research.c 的 main() 第 212 行，物件： cmds/skill/research
呼叫来自：feature/dbase.c 的 add() 第 101 行，物件： clone/user/user#9825 ("懒兔浩然")
呼叫来自：feature/dbase.c 的 query() 第 55 行，物件： clone/user/user#9825 ("懒兔浩然")
object /clone/user/user#9825: eval_cost too big 2000000

执行时段错误：*Too long evaluation. Execution aborted.

程式：feature/dbase.c 第 107 行
物件：/clone/user/user#9825
呼叫来自：feature/command.c 的 command_hook() 第 77 行，物件： clone/user/user#9825 ("懒兔浩然")
呼叫来自：cmds/skill/research.c 的 main() 第 212 行，物件： cmds/skill/research
呼叫来自：feature/dbase.c 的 add() 第 107 行，物件： clone/user/user#9825 ("懒兔浩然")

执行时段错误：*Bad argument 1 to call_other()
Expected: string or array or object Got: 0.

程式：feature/dbase.c 第 93 行
物件：/clone/user/user#34698
呼叫来自：clone/user/user.c 的 reset() 第 86 行，物件： clone/user/user#34698 ("慕容秋荻")
呼叫来自：feature/dbase.c 的 add() 第 93 行，物件： clone/user/user#34698 ("慕容秋荻")

执行时段错误：*Error in loading object '/d/mingjiao/npc/wujincao'

程式：inherit/room/room.c 第 24 行
物件：/d/mingjiao/rjqlwch
呼叫来自：inherit/room/room.c 的 reset() 第 86 行，物件： d/mingjiao/rjqlwch
呼叫来自：inherit/room/room.c 的 make_inventory() 第 24 行，物件： d/mingjiao/rjqlwch

执行时段错误：*Bad argument 1 to call_other()
Expected: string or array or object Got: 0.

程式：inherit/room/room.c 第 25 行
物件：/data/room/liu12345/qianting
呼叫来自：inherit/room/room.c 的 reset() 第 86 行，物件： data/room/liu12345/qianting
呼叫来自：inherit/room/room.c 的 make_inventory() 第 25 行，物件： data/room/liu12345/qianting

执行时段错误：*Bad argument 1 to call_other()
Expected: string or array or object Got: 0.

程式：inherit/room/room.c 第 25 行
物件：/data/room/obh1234/qianting
呼叫来自：inherit/room/room.c 的 reset() 第 86 行，物件： data/room/obh1234/qianting
呼叫来自：inherit/room/room.c 的 make_inventory() 第 25 行，物件： data/room/obh1234/qianting

执行时段错误：*Inherited file '/inherit/char/lang2' does not exist!

程式：inherit/room/room.c 第 24 行
物件：/d/wudu/langwo
呼叫来自：inherit/room/room.c 的 reset() 第 86 行，物件： d/wudu/langwo
呼叫来自：inherit/room/room.c 的 make_inventory() 第 24 行，物件： d/wudu/langwo

执行时段错误：*Bad argument 1 to call_other()
Expected: string or array or object Got: 0.

程式：inherit/room/room.c 第 25 行
物件：/data/room/yxsyyr1/qianting
呼叫来自：inherit/room/room.c 的 reset() 第 86 行，物件： data/room/yxsyyr1/qianting
呼叫来自：inherit/room/room.c 的 make_inventory() 第 25 行，物件： data/room/yxsyyr1/qianting

执行时段错误：*Bad argument 1 to call_other()
Expected: string or array or object Got: 0.

程式：inherit/room/room.c 第 25 行
物件：/data/room/moyin/qianting
呼叫来自：inherit/room/room.c 的 reset() 第 86 行，物件： data/room/moyin/qianting
呼叫来自：inherit/room/room.c 的 make_inventory() 第 25 行，物件： data/room/moyin/qianting

执行时段错误：*Error in loading object '/d/wudu/npc/qiandu3'

程式：inherit/room/room.c 第 24 行
物件：/d/wudu/qiandu2
呼叫来自：inherit/room/room.c 的 reset() 第 86 行，物件： d/wudu/qiandu2
呼叫来自：inherit/room/room.c 的 make_inventory() 第 24 行，物件： d/wudu/qiandu2

执行时段错误：*Error in loading object '/d/mingjiao/npc/tangyang'

程式：inherit/room/room.c 第 24 行
物件：/d/mingjiao/hsqdating
呼叫来自：inherit/room/room.c 的 reset() 第 86 行，物件： d/mingjiao/hsqdating
呼叫来自：inherit/room/room.c 的 make_inventory() 第 24 行，物件： d/mingjiao/hsqdating

执行时段错误：*Bad argument 1 to call_other()
Expected: string or array or object Got: 0.

程式：inherit/room/room.c 第 25 行
物件：/data/room/tyz000/qianting
呼叫来自：inherit/room/room.c 的 reset() 第 86 行，物件： data/room/tyz000/qianting
呼叫来自：inherit/room/room.c 的 make_inventory() 第 25 行，物件： data/room/tyz000/qianting

执行时段错误：*Error in loading object '/kungfu/class/sky/obj/shenjiu'

程式：inherit/char/npc.c 第 17 行
物件：/d/luoyang/npc/libai#38118
呼叫来自：inherit/room/room.c 的 reset() 第 86 行，物件： d/luoyang/zuixianlou4
呼叫来自：inherit/room/room.c 的 make_inventory() 第 24 行，物件： d/luoyang/zuixianlou4
呼叫来自：d/luoyang/npc/libai.c 的 create() 第 64 行，物件： d/luoyang/npc/libai#38118 ("李白")
呼叫来自：inherit/char/npc.c 的 carry_object() 第 17 行，物件： d/luoyang/npc/libai#38118 ("李白")

执行时段错误：*Bad argument 1 to call_other()
Expected: string or array or object Got: 0.

程式：inherit/room/room.c 第 25 行
物件：/data/room/w2544460429/qianting
呼叫来自：inherit/room/room.c 的 reset() 第 86 行，物件： data/room/w2544460429/qianting
呼叫来自：inherit/room/room.c 的 make_inventory() 第 25 行，物件： data/room/w2544460429/qianting

执行时段错误：*Bad argument 1 to call_other()
Expected: string or array or object Got: 0.

程式：inherit/room/room.c 第 25 行
物件：/data/room/yixingbu/qianting
呼叫来自：inherit/room/room.c 的 reset() 第 86 行，物件： data/room/yixingbu/qianting
呼叫来自：inherit/room/room.c 的 make_inventory() 第 25 行，物件： data/room/yixingbu/qianting

执行时段错误：*Bad argument 1 to call_other()
Expected: string or array or object Got: 0.

程式：inherit/room/room.c 第 25 行
物件：/data/room/qazzaq/qianting
呼叫来自：inherit/room/room.c 的 reset() 第 86 行，物件： data/room/qazzaq/qianting
呼叫来自：inherit/room/room.c 的 make_inventory() 第 25 行，物件： data/room/qazzaq/qianting

执行时段错误：*Bad argument 1 to call_other()
Expected: string or array or object Got: 0.

程式：inherit/room/room.c 第 25 行
物件：/data/room/adawong/qianting
呼叫来自：inherit/room/room.c 的 reset() 第 86 行，物件： data/room/adawong/qianting
呼叫来自：inherit/room/room.c 的 make_inventory() 第 25 行，物件： data/room/adawong/qianting

执行时段错误：*Bad argument 1 to call_other()
Expected: string or array or object Got: 0.

程式：inherit/room/room.c 第 25 行
物件：/data/room/pxhaha/qianting
呼叫来自：inherit/room/room.c 的 reset() 第 86 行，物件： data/room/pxhaha/qianting
呼叫来自：inherit/room/room.c 的 make_inventory() 第 25 行，物件： data/room/pxhaha/qianting

执行时段错误：*Bad argument 1 to call_other()
Expected: string or array or object Got: 0.

程式：inherit/room/room.c 第 25 行
物件：/data/room/pxdaye/qianting
呼叫来自：inherit/room/room.c 的 reset() 第 86 行，物件： data/room/pxdaye/qianting
呼叫来自：inherit/room/room.c 的 make_inventory() 第 25 行，物件： data/room/pxdaye/qianting

执行时段错误：*Bad argument 1 to call_other()
Expected: string or array or object Got: 0.

程式：feature/dbase.c 第 93 行
物件：/clone/user/user
呼叫来自：clone/user/user.c 的 reset() 第 86 行，物件： clone/user/user ("使用者物件")
呼叫来自：feature/dbase.c 的 add() 第 93 行，物件： clone/user/user ("使用者物件")
get_user_data: read on fd 520
System Error: get_user_data: read: 当文件已存在时，无法创建该文件。

object /clone/user/user#9825: eval_cost too big 2000000

执行时段错误：*Too long evaluation. Execution aborted.

程式：feature/message.c 第 172 行
物件：/clone/user/user#9825
呼叫来自：feature/message.c 的 write_prompt() 第 172 行，物件： clone/user/user#9825 ("懒兔浩然")

执行时段错误：*Value being indexed is zero.

程式：clone/quest/search.c 第 91 行
物件：/clone/quest/search#38767
呼叫来自：adm/daemons/quest/search.c 的 heart_beat() 第 66 行，物件： adm/daemons/quest/search
呼叫来自：adm/daemons/quest/search.c 的 start_quest() 第 53 行，物件： adm/daemons/quest/search
呼叫来自：clone/quest/search.c 的 init_quest() 第 91 行，物件： clone/quest/search#38767 ("围攻0")
Heart beat in adm/daemons/quest/search turned off.
object /clone/user/user#9825: eval_cost too big 2000000

执行时段错误：*Too long evaluation. Execution aborted.

程式：feature/message.c 第 172 行
物件：/clone/user/user#9825
呼叫来自：feature/message.c 的 write_prompt() 第 172 行，物件： clone/user/user#9825 ("懒兔浩然")
object /clone/user/user#9825: eval_cost too big 2000000

执行时段错误：*Too long evaluation. Execution aborted.

程式：feature/message.c 第 159 行
物件：/clone/user/user#9825
呼叫来自：feature/message.c 的 write_prompt() 第 159 行，物件： clone/user/user#9825 ("懒兔浩然")
object /clone/user/user#9825: eval_cost too big 2000000

执行时段错误：*Too long evaluation. Execution aborted.

程式：feature/dbase.c 第 52 行
物件：/clone/user/user#9825
呼叫来自：feature/command.c 的 command_hook() 第 77 行，物件： clone/user/user#9825 ("懒兔浩然")
呼叫来自：cmds/skill/research.c 的 main() 第 212 行，物件： cmds/skill/research
呼叫来自：feature/dbase.c 的 add() 第 101 行，物件： clone/user/user#9825 ("懒兔浩然")
呼叫来自：feature/dbase.c 的 query() 第 52 行，物件： clone/user/user#9825 ("懒兔浩然")

执行时段错误：*Bad argument 1 to call_other()
Expected: string or array or object Got: 0.

程式：cmds/usr/show.c 第 64 行
物件：/cmds/usr/show
呼叫来自：feature/command.c 的 command_hook() 第 77 行，物件： clone/user/user#28863 ("司徒凌峰")
呼叫来自：cmds/usr/show.c 的 main() 第 42 行，物件： cmds/usr/show
呼叫来自：cmds/usr/show.c 的 do_show_eye() 第 64 行，物件： cmds/usr/show

执行时段错误：*Inherited file '/inherit/char/lang2' does not exist!

程式：inherit/room/room.c 第 24 行
物件：/d/wudu/langwo
呼叫来自：inherit/room/room.c 的 reset() 第 86 行，物件： d/wudu/langwo
呼叫来自：inherit/room/room.c 的 make_inventory() 第 24 行，物件： d/wudu/langwo

执行时段错误：*Bad argument 1 to call_other()
Expected: string or array or object Got: 0.

程式：inherit/room/room.c 第 25 行
物件：/data/room/yxsyyr1/qianting
呼叫来自：inherit/room/room.c 的 reset() 第 86 行，物件： data/room/yxsyyr1/qianting
呼叫来自：inherit/room/room.c 的 make_inventory() 第 25 行，物件： data/room/yxsyyr1/qianting

执行时段错误：*Error in loading object '/d/mingjiao/npc/tangyang'

程式：inherit/room/room.c 第 24 行
物件：/d/mingjiao/hsqdating
呼叫来自：inherit/room/room.c 的 reset() 第 86 行，物件： d/mingjiao/hsqdating
呼叫来自：inherit/room/room.c 的 make_inventory() 第 24 行，物件： d/mingjiao/hsqdating

执行时段错误：*Error in loading object '/kungfu/class/sky/obj/shenjiu'

程式：inherit/char/npc.c 第 17 行
物件：/d/luoyang/npc/libai#39536
呼叫来自：inherit/room/room.c 的 reset() 第 86 行，物件： d/luoyang/zuixianlou4
呼叫来自：inherit/room/room.c 的 make_inventory() 第 24 行，物件： d/luoyang/zuixianlou4
呼叫来自：d/luoyang/npc/libai.c 的 create() 第 64 行，物件： d/luoyang/npc/libai#39536 ("李白")
呼叫来自：inherit/char/npc.c 的 carry_object() 第 17 行，物件： d/luoyang/npc/libai#39536 ("李白")

执行时段错误：*Bad argument 1 to call_other()
Expected: string or array or object Got: 0.

程式：inherit/room/room.c 第 25 行
物件：/data/room/yixingbu/qianting
呼叫来自：inherit/room/room.c 的 reset() 第 86 行，物件： data/room/yixingbu/qianting
呼叫来自：inherit/room/room.c 的 make_inventory() 第 25 行，物件： data/room/yixingbu/qianting

执行时段错误：*Bad argument 1 to call_other()
Expected: string or array or object Got: 0.

程式：inherit/room/room.c 第 25 行
物件：/d/luoyang/shuoshu
呼叫来自：inherit/room/room.c 的 reset() 第 86 行，物件： d/luoyang/shuoshu
呼叫来自：inherit/room/room.c 的 make_inventory() 第 25 行，物件： d/luoyang/shuoshu

执行时段错误：*Bad argument 1 to call_other()
Expected: string or array or object Got: 0.

程式：inherit/room/room.c 第 25 行
物件：/data/room/hubert/qianting
呼叫来自：inherit/room/room.c 的 reset() 第 86 行，物件： data/room/hubert/qianting
呼叫来自：inherit/room/room.c 的 make_inventory() 第 25 行，物件： data/room/hubert/qianting

执行时段错误：*Bad argument 1 to call_other()
Expected: string or array or object Got: 0.

程式：feature/dbase.c 第 93 行
物件：/clone/user/user
呼叫来自：clone/user/user.c 的 reset() 第 86 行，物件： clone/user/user ("使用者物件")
呼叫来自：feature/dbase.c 的 add() 第 93 行，物件： clone/user/user ("使用者物件")
object /clone/user/user#9825: eval_cost too big 2000000

执行时段错误：*Too long evaluation. Execution aborted.

程式：feature/dbase.c 第 38 行
物件：/clone/user/user#9825
呼叫来自：feature/command.c 的 command_hook() 第 77 行，物件： clone/user/user#9825 ("懒兔浩然")
呼叫来自：cmds/skill/research.c 的 main() 第 212 行，物件： cmds/skill/research
呼叫来自：feature/dbase.c 的 add() 第 107 行，物件： clone/user/user#9825 ("懒兔浩然")
呼叫来自：clone/user/user.c 的 set() 第 131 行，物件： clone/user/user#9825 ("懒兔浩然")
呼叫来自：feature/dbase.c 的 set() 第 38 行，物件： clone/user/user#9825 ("懒兔浩然")
object /clone/user/user#9825: eval_cost too big 2000000

执行时段错误：*Too long evaluation. Execution aborted.

程式：feature/dbase.c 第 50 行
物件：/clone/user/user#9825
呼叫来自：feature/command.c 的 command_hook() 第 77 行，物件： clone/user/user#9825 ("懒兔浩然")
呼叫来自：cmds/skill/research.c 的 main() 第 212 行，物件： cmds/skill/research
呼叫来自：feature/dbase.c 的 add() 第 101 行，物件： clone/user/user#9825 ("懒兔浩然")
呼叫来自：feature/dbase.c 的 query() 第 50 行，物件： clone/user/user#9825 ("懒兔浩然")

执行时段错误：*Value being indexed is zero.

程式：clone/quest/search.c 第 91 行
物件：/clone/quest/search#40141
呼叫来自：adm/daemons/quest/search.c 的 heart_beat() 第 66 行，物件： adm/daemons/quest/search
呼叫来自：adm/daemons/quest/search.c 的 start_quest() 第 53 行，物件： adm/daemons/quest/search
呼叫来自：clone/quest/search.c 的 init_quest() 第 91 行，物件： clone/quest/search#40141 ("围攻0")
Heart beat in adm/daemons/quest/search turned off.
object /clone/user/user#9825: eval_cost too big 2000000

执行时段错误：*Too long evaluation. Execution aborted.

程式：feature/skill.c 第 369 行
物件：/clone/user/user#9825
呼叫来自：feature/command.c 的 command_hook() 第 77 行，物件： clone/user/user#9825 ("懒兔浩然")
呼叫来自：cmds/skill/research.c 的 main() 第 211 行，物件： cmds/skill/research
呼叫来自：feature/skill.c 的 improve_skill() 第 369 行，物件： clone/user/user#9825 ("懒兔浩然")
object /clone/user/user#9825: eval_cost too big 2000000

执行时段错误：*Too long evaluation. Execution aborted.

程式：feature/dbase.c 第 101 行
物件：/clone/user/user#9825
呼叫来自：feature/command.c 的 command_hook() 第 77 行，物件： clone/user/user#9825 ("懒兔浩然")
呼叫来自：cmds/skill/research.c 的 main() 第 209 行，物件： cmds/skill/research
呼叫来自：feature/dbase.c 的 add() 第 101 行，物件： clone/user/user#9825 ("懒兔浩然")
错误讯息被拦截：
执行时段错误：*Error in loading object '/adm/daemons/story/labazhou'

程式：adm/daemons/storyd.c 第 131 行
物件：/adm/daemons/storyd
呼叫来自：adm/daemons/storyd.c 的 start_story() 第 131 行，物件： adm/daemons/storyd
呼叫来自：adm/daemons/storyd.c 的 CATCH() 第 131 行，物件： adm/daemons/storyd

执行时段错误：*Bad argument 1 to exec()

程式：adm/single/simul_efun.c 第 25 行
物件：/adm/single/simul_efun
呼叫来自：adm/daemons/logind.c 的 get_user() 第 222 行，物件： adm/daemons/logind
呼叫来自：adm/daemons/logind.c 的 reconnect() 第 484 行，物件： adm/daemons/logind
呼叫来自：adm/single/simul_efun.c 的 exec() 第 25 行，物件： adm/single/simul_efun

执行时段错误：*call_other() couldn't find object

程式：adm/daemons/npcd.c 第 421 行
物件：/adm/daemons/npcd
呼叫来自：inherit/char/char.c 的 heart_beat() 第 133 行，物件： kungfu/class/generate/killed#40577 ("羊舌桦")
呼叫来自：inherit/char/npc.c 的 scan() 第 299 行，物件： kungfu/class/generate/killed#40577 ("羊舌桦")
呼叫来自：inherit/char/npc.c 的 chat() 第 377 行，物件： kungfu/class/generate/killed#40577 ("羊舌桦")
呼叫来自：<function> 的 <function>() 第 0 行，物件： kungfu/class/generate/killed#40577 ("羊舌桦")
呼叫来自：kungfu/class/generate/killed.c 的 random_move() 第 664 行，物件： kungfu/class/generate/killed#40577 ("羊舌桦")
呼叫来自：adm/daemons/npcd.c 的 random_move() 第 421 行，物件： adm/daemons/npcd
Heart beat in kungfu/class/generate/killed#40577 turned off.
get_user_data: read on fd 544
System Error: get_user_data: read: 当文件已存在时，无法创建该文件。


执行时段错误：*Bad argument 1 to call_other()
Expected: string or array or object Got: 0.

程式：feature/dbase.c 第 93 行
物件：/clone/user/user#34698
呼叫来自：clone/user/user.c 的 reset() 第 86 行，物件： clone/user/user#34698 ("慕容秋荻")
呼叫来自：feature/dbase.c 的 add() 第 93 行，物件： clone/user/user#34698 ("慕容秋荻")

执行时段错误：*Error in loading object '/d/mingjiao/npc/wujincao'

程式：inherit/room/room.c 第 24 行
物件：/d/mingjiao/rjqlwch
呼叫来自：inherit/room/room.c 的 reset() 第 86 行，物件： d/mingjiao/rjqlwch
呼叫来自：inherit/room/room.c 的 make_inventory() 第 24 行，物件： d/mingjiao/rjqlwch

执行时段错误：*Bad argument 1 to call_other()
Expected: string or array or object Got: 0.

程式：inherit/room/room.c 第 25 行
物件：/data/room/liu12345/qianting
呼叫来自：inherit/room/room.c 的 reset() 第 86 行，物件： data/room/liu12345/qianting
呼叫来自：inherit/room/room.c 的 make_inventory() 第 25 行，物件： data/room/liu12345/qianting

执行时段错误：*Bad argument 1 to call_other()
Expected: string or array or object Got: 0.

程式：inherit/room/room.c 第 25 行
物件：/data/room/obh1234/qianting
呼叫来自：inherit/room/room.c 的 reset() 第 86 行，物件： data/room/obh1234/qianting
呼叫来自：inherit/room/room.c 的 make_inventory() 第 25 行，物件： data/room/obh1234/qianting

执行时段错误：*Bad argument 1 to call_other()
Expected: string or array or object Got: 0.

程式：inherit/room/room.c 第 25 行
物件：/data/room/yxsyyr1/qianting
呼叫来自：inherit/room/room.c 的 reset() 第 86 行，物件： data/room/yxsyyr1/qianting
呼叫来自：inherit/room/room.c 的 make_inventory() 第 25 行，物件： data/room/yxsyyr1/qianting

执行时段错误：*Bad argument 1 to call_other()
Expected: string or array or object Got: 0.

程式：inherit/room/room.c 第 25 行
物件：/data/room/moyin/qianting
呼叫来自：inherit/room/room.c 的 reset() 第 86 行，物件： data/room/moyin/qianting
呼叫来自：inherit/room/room.c 的 make_inventory() 第 25 行，物件： data/room/moyin/qianting

执行时段错误：*Error in loading object '/d/wudu/npc/qiandu3'

程式：inherit/room/room.c 第 24 行
物件：/d/wudu/qiandu2
呼叫来自：inherit/room/room.c 的 reset() 第 86 行，物件： d/wudu/qiandu2
呼叫来自：inherit/room/room.c 的 make_inventory() 第 24 行，物件： d/wudu/qiandu2

执行时段错误：*Bad argument 1 to call_other()
Expected: string or array or object Got: 0.

程式：inherit/room/room.c 第 25 行
物件：/data/room/tyz000/qianting
呼叫来自：inherit/room/room.c 的 reset() 第 86 行，物件： data/room/tyz000/qianting
呼叫来自：inherit/room/room.c 的 make_inventory() 第 25 行，物件： data/room/tyz000/qianting

执行时段错误：*Bad argument 1 to call_other()
Expected: string or array or object Got: 0.

程式：inherit/room/room.c 第 25 行
物件：/data/room/w2544460429/qianting
呼叫来自：inherit/room/room.c 的 reset() 第 86 行，物件： data/room/w2544460429/qianting
呼叫来自：inherit/room/room.c 的 make_inventory() 第 25 行，物件： data/room/w2544460429/qianting

执行时段错误：*Bad argument 1 to call_other()
Expected: string or array or object Got: 0.

程式：inherit/room/room.c 第 25 行
物件：/data/room/qazzaq/qianting
呼叫来自：inherit/room/room.c 的 reset() 第 86 行，物件： data/room/qazzaq/qianting
呼叫来自：inherit/room/room.c 的 make_inventory() 第 25 行，物件： data/room/qazzaq/qianting

执行时段错误：*Bad argument 1 to call_other()
Expected: string or array or object Got: 0.

程式：inherit/room/room.c 第 25 行
物件：/data/room/adawong/qianting
呼叫来自：inherit/room/room.c 的 reset() 第 86 行，物件： data/room/adawong/qianting
呼叫来自：inherit/room/room.c 的 make_inventory() 第 25 行，物件： data/room/adawong/qianting

执行时段错误：*Bad argument 1 to call_other()
Expected: string or array or object Got: 0.

程式：inherit/room/room.c 第 25 行
物件：/data/room/pxhaha/qianting
呼叫来自：inherit/room/room.c 的 reset() 第 86 行，物件： data/room/pxhaha/qianting
呼叫来自：inherit/room/room.c 的 make_inventory() 第 25 行，物件： data/room/pxhaha/qianting

执行时段错误：*Bad argument 1 to call_other()
Expected: string or array or object Got: 0.

程式：inherit/room/room.c 第 25 行
物件：/data/room/pxdaye/qianting
呼叫来自：inherit/room/room.c 的 reset() 第 86 行，物件： data/room/pxdaye/qianting
呼叫来自：inherit/room/room.c 的 make_inventory() 第 25 行，物件： data/room/pxdaye/qianting

执行时段错误：*Bad argument 1 to call_other()
Expected: string or array or object Got: 0.

程式：inherit/room/room.c 第 25 行
物件：/d/luoyang/shuoshu
呼叫来自：inherit/room/room.c 的 reset() 第 86 行，物件： d/luoyang/shuoshu
呼叫来自：inherit/room/room.c 的 make_inventory() 第 25 行，物件： d/luoyang/shuoshu

执行时段错误：*Bad argument 1 to call_other()
Expected: string or array or object Got: 0.

程式：feature/dbase.c 第 93 行
物件：/clone/user/user
呼叫来自：clone/user/user.c 的 reset() 第 86 行，物件： clone/user/user ("使用者物件")
呼叫来自：feature/dbase.c 的 add() 第 93 行，物件： clone/user/user ("使用者物件")

执行时段错误：*call_other() couldn't find object

程式：adm/daemons/npcd.c 第 421 行
物件：/adm/daemons/npcd
呼叫来自：inherit/char/char.c 的 heart_beat() 第 133 行，物件： clone/npc/walker#21260 ("轩辕般佰")
呼叫来自：inherit/char/npc.c 的 scan() 第 299 行，物件： clone/npc/walker#21260 ("轩辕般佰")
呼叫来自：inherit/char/npc.c 的 chat() 第 377 行，物件： clone/npc/walker#21260 ("轩辕般佰")
呼叫来自：<function> 的 <function>() 第 0 行，物件： clone/npc/walker#21260 ("轩辕般佰")
呼叫来自：clone/npc/walker.c 的 <function>() 第 27 行，物件： clone/npc/walker#21260 ("轩辕般佰")
呼叫来自：adm/daemons/npcd.c 的 random_move() 第 421 行，物件： adm/daemons/npcd
Heart beat in clone/npc/walker#21260 turned off.
object /clone/user/user#9825: eval_cost too big 2000000

执行时段错误：*Too long evaluation. Execution aborted.

程式：feature/dbase.c 第 25 行
物件：/clone/user/user#9825
呼叫来自：feature/command.c 的 command_hook() 第 77 行，物件： clone/user/user#9825 ("懒兔浩然")
呼叫来自：cmds/skill/research.c 的 main() 第 209 行，物件： cmds/skill/research
呼叫来自：feature/dbase.c 的 add() 第 107 行，物件： clone/user/user#9825 ("懒兔浩然")
呼叫来自：clone/user/user.c 的 set() 第 131 行，物件： clone/user/user#9825 ("懒兔浩然")
呼叫来自：feature/dbase.c 的 set() 第 25 行，物件： clone/user/user#9825 ("懒兔浩然")

执行时段错误：*call_other() couldn't find object

程式：adm/daemons/npcd.c 第 421 行
物件：/adm/daemons/npcd
呼叫来自：inherit/char/char.c 的 heart_beat() 第 133 行，物件： clone/npc/walker#3951 ("西门拙")
呼叫来自：inherit/char/npc.c 的 scan() 第 299 行，物件： clone/npc/walker#3951 ("西门拙")
呼叫来自：inherit/char/npc.c 的 chat() 第 377 行，物件： clone/npc/walker#3951 ("西门拙")
呼叫来自：<function> 的 <function>() 第 0 行，物件： clone/npc/walker#3951 ("西门拙")
呼叫来自：clone/npc/walker.c 的 <function>() 第 27 行，物件： clone/npc/walker#3951 ("西门拙")
呼叫来自：adm/daemons/npcd.c 的 random_move() 第 421 行，物件： adm/daemons/npcd
Heart beat in clone/npc/walker#3951 turned off.
object /clone/user/user#9825: eval_cost too big 2000000

执行时段错误：*Too long evaluation. Execution aborted.

程式：feature/message.c 第 167 行
物件：/clone/user/user#9825
呼叫来自：feature/message.c 的 write_prompt() 第 167 行，物件： clone/user/user#9825 ("懒兔浩然")
object /clone/user/user#9825: eval_cost too big 2000000

执行时段错误：*Too long evaluation. Execution aborted.

程式：feature/dbase.c 第 101 行
物件：/clone/user/user#9825
呼叫来自：feature/command.c 的 command_hook() 第 77 行，物件： clone/user/user#9825 ("懒兔浩然")
呼叫来自：cmds/skill/research.c 的 main() 第 212 行，物件： cmds/skill/research
呼叫来自：feature/dbase.c 的 add() 第 101 行，物件： clone/user/user#9825 ("懒兔浩然")
object /cmds/skill/research: eval_cost too big 2000000

执行时段错误：*Too long evaluation. Execution aborted.

程式：cmds/skill/research.c 第 212 行
物件：/cmds/skill/research
呼叫来自：feature/command.c 的 command_hook() 第 77 行，物件： clone/user/user#9825 ("懒兔浩然")
呼叫来自：cmds/skill/research.c 的 main() 第 212 行，物件： cmds/skill/research

执行时段错误：*Value being indexed is zero.

程式：clone/quest/search.c 第 91 行
物件：/clone/quest/search#41422
呼叫来自：adm/daemons/quest/search.c 的 heart_beat() 第 66 行，物件： adm/daemons/quest/search
呼叫来自：adm/daemons/quest/search.c 的 start_quest() 第 53 行，物件： adm/daemons/quest/search
呼叫来自：clone/quest/search.c 的 init_quest() 第 91 行，物件： clone/quest/search#41422 ("围攻0")
Heart beat in adm/daemons/quest/search turned off.

执行时段错误：*Bad argument 1 to environment()
Expected: object Got: 0.

程式：inherit/char/boss.c 第 37 行
物件：0
呼叫来自：inherit/char/char.c 的 heart_beat() 第 94 行，物件： 0
呼叫来自：quest/tulong/npc/dragon.c 的 unconcious() 第 178 行，物件： 0
呼叫来自：quest/tulong/npc/dragon.c 的 die() 第 164 行，物件： 0
呼叫来自：inherit/char/boss.c 的 die() 第 37 行，物件： 0
Heart beat in quest/tulong/npc/dragon#41443 turned off.
object /clone/user/user#9825: eval_cost too big 2000000

执行时段错误：*Too long evaluation. Execution aborted.

程式：feature/dbase.c 第 25 行
物件：/clone/user/user#9825
呼叫来自：feature/command.c 的 command_hook() 第 77 行，物件： clone/user/user#9825 ("懒兔浩然")
呼叫来自：cmds/skill/research.c 的 main() 第 212 行，物件： cmds/skill/research
呼叫来自：feature/dbase.c 的 add() 第 107 行，物件： clone/user/user#9825 ("懒兔浩然")
呼叫来自：clone/user/user.c 的 set() 第 131 行，物件： clone/user/user#9825 ("懒兔浩然")
呼叫来自：feature/dbase.c 的 set() 第 25 行，物件： clone/user/user#9825 ("懒兔浩然")
object /clone/user/user#9825: eval_cost too big 2000000

执行时段错误：*Too long evaluation. Execution aborted.

程式：feature/skill.c 第 330 行
物件：/clone/user/user#9825
呼叫来自：feature/command.c 的 command_hook() 第 77 行，物件： clone/user/user#9825 ("懒兔浩然")
呼叫来自：cmds/skill/research.c 的 main() 第 208 行，物件： cmds/skill/research
呼叫来自：feature/skill.c 的 improve_skill() 第 330 行，物件： clone/user/user#9825 ("懒兔浩然")
object /clone/user/user#9825: eval_cost too big 2000000

执行时段错误：*Too long evaluation. Execution aborted.

程式：feature/skill.c 第 369 行
物件：/clone/user/user#9825
呼叫来自：feature/command.c 的 command_hook() 第 77 行，物件： clone/user/user#9825 ("懒兔浩然")
呼叫来自：cmds/skill/research.c 的 main() 第 211 行，物件： cmds/skill/research
呼叫来自：feature/skill.c 的 improve_skill() 第 369 行，物件： clone/user/user#9825 ("懒兔浩然")
get_user_data: read on fd 544
System Error: get_user_data: read: 当文件已存在时，无法创建该文件。

get_user_data: read on fd 544
System Error: get_user_data: read: 当文件已存在时，无法创建该文件。

object /clone/user/user#9825: eval_cost too big 2000000

执行时段错误：*Too long evaluation. Execution aborted.

程式：feature/skill.c 第 369 行
物件：/clone/user/user#9825
呼叫来自：feature/command.c 的 command_hook() 第 77 行，物件： clone/user/user#9825 ("懒兔浩然")
呼叫来自：cmds/skill/research.c 的 main() 第 208 行，物件： cmds/skill/research
呼叫来自：feature/skill.c 的 improve_skill() 第 369 行，物件： clone/user/user#9825 ("懒兔浩然")

执行时段错误：*call_other() couldn't find object

程式：adm/daemons/npcd.c 第 421 行
物件：/adm/daemons/npcd
呼叫来自：inherit/char/char.c 的 heart_beat() 第 133 行，物件： clone/npc/walker#6992 ("邱天")
呼叫来自：inherit/char/npc.c 的 scan() 第 299 行，物件： clone/npc/walker#6992 ("邱天")
呼叫来自：inherit/char/npc.c 的 chat() 第 377 行，物件： clone/npc/walker#6992 ("邱天")
呼叫来自：<function> 的 <function>() 第 0 行，物件： clone/npc/walker#6992 ("邱天")
呼叫来自：clone/npc/walker.c 的 <function>() 第 27 行，物件： clone/npc/walker#6992 ("邱天")
呼叫来自：adm/daemons/npcd.c 的 random_move() 第 421 行，物件： adm/daemons/npcd
Heart beat in clone/npc/walker#6992 turned off.
object /d/city/npc/xiaoer#37: eval_cost too big 2000000

执行时段错误：*Too long evaluation. Execution aborted.

程式：feature/name.c 第 46 行
物件：/d/city/npc/xiaoer#37
呼叫来自：feature/command.c 的 command_hook() 第 77 行，物件： clone/user/user#34698 ("慕容秋荻")
呼叫来自：cmds/std/give.c 的 main() 第 22 行，物件： cmds/std/give
呼叫来自：adm/single/simul_efun.c 的 present() 第 119 行，物件： adm/single/simul_efun
呼叫来自：feature/name.c 的 id() 第 46 行，物件： d/city/npc/xiaoer#37 ("店小二")
object /clone/user/user#9825: eval_cost too big 2000000

执行时段错误：*Too long evaluation. Execution aborted.

程式：feature/skill.c 第 364 行
物件：/clone/user/user#9825
呼叫来自：feature/command.c 的 command_hook() 第 77 行，物件： clone/user/user#9825 ("懒兔浩然")
呼叫来自：cmds/skill/research.c 的 main() 第 211 行，物件： cmds/skill/research
呼叫来自：feature/skill.c 的 improve_skill() 第 364 行，物件： clone/user/user#9825 ("懒兔浩然")
object /clone/user/user#9825: eval_cost too big 2000000

执行时段错误：*Too long evaluation. Execution aborted.

程式：feature/dbase.c 第 52 行
物件：/clone/user/user#9825
呼叫来自：feature/command.c 的 command_hook() 第 77 行，物件： clone/user/user#9825 ("懒兔浩然")
呼叫来自：cmds/skill/research.c 的 main() 第 212 行，物件： cmds/skill/research
呼叫来自：feature/dbase.c 的 add() 第 101 行，物件： clone/user/user#9825 ("懒兔浩然")
呼叫来自：feature/dbase.c 的 query() 第 52 行，物件： clone/user/user#9825 ("懒兔浩然")

执行时段错误：*Error in loading object '/d/mingjiao/npc/wujincao'

程式：inherit/room/room.c 第 24 行
物件：/d/mingjiao/rjqlwch
呼叫来自：inherit/room/room.c 的 reset() 第 86 行，物件： d/mingjiao/rjqlwch
呼叫来自：inherit/room/room.c 的 make_inventory() 第 24 行，物件： d/mingjiao/rjqlwch

执行时段错误：*Inherited file '/inherit/char/lang2' does not exist!

程式：inherit/room/room.c 第 24 行
物件：/d/wudu/langwo
呼叫来自：inherit/room/room.c 的 reset() 第 86 行，物件： d/wudu/langwo
呼叫来自：inherit/room/room.c 的 make_inventory() 第 24 行，物件： d/wudu/langwo

执行时段错误：*Bad argument 1 to call_other()
Expected: string or array or object Got: 0.

程式：inherit/room/room.c 第 25 行
物件：/data/room/moyin/qianting
呼叫来自：inherit/room/room.c 的 reset() 第 86 行，物件： data/room/moyin/qianting
呼叫来自：inherit/room/room.c 的 make_inventory() 第 25 行，物件： data/room/moyin/qianting

执行时段错误：*Error in loading object '/d/wudu/npc/qiandu3'

程式：inherit/room/room.c 第 24 行
物件：/d/wudu/qiandu2
呼叫来自：inherit/room/room.c 的 reset() 第 86 行，物件： d/wudu/qiandu2
呼叫来自：inherit/room/room.c 的 make_inventory() 第 24 行，物件： d/wudu/qiandu2

执行时段错误：*Error in loading object '/d/mingjiao/npc/tangyang'

程式：inherit/room/room.c 第 24 行
物件：/d/mingjiao/hsqdating
呼叫来自：inherit/room/room.c 的 reset() 第 86 行，物件： d/mingjiao/hsqdating
呼叫来自：inherit/room/room.c 的 make_inventory() 第 24 行，物件： d/mingjiao/hsqdating

执行时段错误：*Error in loading object '/kungfu/class/sky/obj/shenjiu'

程式：inherit/char/npc.c 第 17 行
物件：/d/luoyang/npc/libai#42039
呼叫来自：inherit/room/room.c 的 reset() 第 86 行，物件： d/luoyang/zuixianlou4
呼叫来自：inherit/room/room.c 的 make_inventory() 第 24 行，物件： d/luoyang/zuixianlou4
呼叫来自：d/luoyang/npc/libai.c 的 create() 第 64 行，物件： d/luoyang/npc/libai#42039 ("李白")
呼叫来自：inherit/char/npc.c 的 carry_object() 第 17 行，物件： d/luoyang/npc/libai#42039 ("李白")

执行时段错误：*Bad argument 1 to call_other()
Expected: string or array or object Got: 0.

程式：inherit/room/room.c 第 25 行
物件：/data/room/yixingbu/qianting
呼叫来自：inherit/room/room.c 的 reset() 第 86 行，物件： data/room/yixingbu/qianting
呼叫来自：inherit/room/room.c 的 make_inventory() 第 25 行，物件： data/room/yixingbu/qianting

执行时段错误：*Bad argument 1 to call_other()
Expected: string or array or object Got: 0.

程式：inherit/room/room.c 第 25 行
物件：/data/room/pxhaha/qianting
呼叫来自：inherit/room/room.c 的 reset() 第 86 行，物件： data/room/pxhaha/qianting
呼叫来自：inherit/room/room.c 的 make_inventory() 第 25 行，物件： data/room/pxhaha/qianting

执行时段错误：*Bad argument 1 to call_other()
Expected: string or array or object Got: 0.

程式：inherit/room/room.c 第 25 行
物件：/d/luoyang/shuoshu
呼叫来自：inherit/room/room.c 的 reset() 第 86 行，物件： d/luoyang/shuoshu
呼叫来自：inherit/room/room.c 的 make_inventory() 第 25 行，物件： d/luoyang/shuoshu

执行时段错误：*Bad argument 1 to call_other()
Expected: string or array or object Got: 0.

程式：inherit/room/room.c 第 25 行
物件：/data/room/hubert/qianting
呼叫来自：inherit/room/room.c 的 reset() 第 86 行，物件： data/room/hubert/qianting
呼叫来自：inherit/room/room.c 的 make_inventory() 第 25 行，物件： data/room/hubert/qianting

执行时段错误：*Bad argument 1 to call_other()
Expected: string or array or object Got: 0.

程式：feature/dbase.c 第 93 行
物件：/clone/user/user
呼叫来自：clone/user/user.c 的 reset() 第 86 行，物件： clone/user/user ("使用者物件")
呼叫来自：feature/dbase.c 的 add() 第 93 行，物件： clone/user/user ("使用者物件")
object /clone/user/user#34698: eval_cost too big 2000000

执行时段错误：*Too long evaluation. Execution aborted.

程式：inherit/char/char.c 第 227 行
物件：/clone/user/user#34698
呼叫来自：feature/command.c 的 command_hook() 第 77 行，物件： clone/user/user#34698 ("慕容秋荻")
呼叫来自：cmds/std/give.c 的 main() 第 48 行，物件： cmds/std/give
呼叫来自：adm/single/simul_efun.c 的 present() 第 119 行，物件： adm/single/simul_efun
呼叫来自：feature/name.c 的 id() 第 44 行，物件： clone/user/user#34698 ("慕容秋荻")
呼叫来自：inherit/char/char.c 的 visible() 第 227 行，物件： clone/user/user#34698 ("慕容秋荻")
object /clone/user/user#9825: eval_cost too big 2000000

执行时段错误：*Too long evaluation. Execution aborted.

程式：feature/dbase.c 第 38 行
物件：/clone/user/user#9825
呼叫来自：feature/command.c 的 command_hook() 第 77 行，物件： clone/user/user#9825 ("懒兔浩然")
呼叫来自：cmds/skill/research.c 的 main() 第 212 行，物件： cmds/skill/research
呼叫来自：feature/dbase.c 的 add() 第 107 行，物件： clone/user/user#9825 ("懒兔浩然")
呼叫来自：clone/user/user.c 的 set() 第 131 行，物件： clone/user/user#9825 ("懒兔浩然")
呼叫来自：feature/dbase.c 的 set() 第 38 行，物件： clone/user/user#9825 ("懒兔浩然")

执行时段错误：*Error in loading object '/d/mingjiao/npc/yanyuan'

程式：inherit/room/room.c 第 24 行
物件：/d/mingjiao/htqdating
呼叫来自：inherit/char/char.c 的 heart_beat() 第 133 行，物件： clone/npc/walker#1036 ("闻人足")
呼叫来自：inherit/char/npc.c 的 scan() 第 299 行，物件： clone/npc/walker#1036 ("闻人足")
呼叫来自：inherit/char/npc.c 的 chat() 第 377 行，物件： clone/npc/walker#1036 ("闻人足")
呼叫来自：<function> 的 <function>() 第 0 行，物件： clone/npc/walker#1036 ("闻人足")
呼叫来自：clone/npc/walker.c 的 do_walk() 第 83 行，物件： clone/npc/walker#1036 ("闻人足")
呼叫来自：inherit/char/npc.c 的 random_move() 第 393 行，物件： clone/npc/walker#1036 ("闻人足")
呼叫来自：feature/command.c 的 command_hook() 第 77 行，物件： clone/npc/walker#1036 ("闻人足")
呼叫来自：cmds/std/go.c 的 main() 第 200 行，物件： cmds/std/go
呼叫来自：d/mingjiao/htqdating.c 的 create() 第 19 行，物件： d/mingjiao/htqdating
呼叫来自：inherit/room/room.c 的 setup() 第 252 行，物件： d/mingjiao/htqdating
呼叫来自：inherit/room/room.c 的 reset() 第 86 行，物件： d/mingjiao/htqdating
呼叫来自：inherit/room/room.c 的 make_inventory() 第 24 行，物件： d/mingjiao/htqdating
Heart beat in clone/npc/walker#1036 turned off.

执行时段错误：*Value being indexed is zero.

程式：clone/quest/search.c 第 91 行
物件：/clone/quest/search#42538
呼叫来自：adm/daemons/quest/search.c 的 heart_beat() 第 66 行，物件： adm/daemons/quest/search
呼叫来自：adm/daemons/quest/search.c 的 start_quest() 第 53 行，物件： adm/daemons/quest/search
呼叫来自：clone/quest/search.c 的 init_quest() 第 91 行，物件： clone/quest/search#42538 ("围攻0")
Heart beat in adm/daemons/quest/search turned off.
object /cmds/skill/research: eval_cost too big 2000000

执行时段错误：*Too long evaluation. Execution aborted.

程式：cmds/skill/research.c 第 219 行
物件：/cmds/skill/research
呼叫来自：feature/command.c 的 command_hook() 第 77 行，物件： clone/user/user#9825 ("懒兔浩然")
呼叫来自：cmds/skill/research.c 的 main() 第 219 行，物件： cmds/skill/research

执行时段错误：*call_other() couldn't find object

程式：adm/daemons/npcd.c 第 421 行
物件：/adm/daemons/npcd
呼叫来自：inherit/char/char.c 的 heart_beat() 第 133 行，物件： clone/npc/walker#5547 ("樊枞")
呼叫来自：inherit/char/npc.c 的 scan() 第 299 行，物件： clone/npc/walker#5547 ("樊枞")
呼叫来自：inherit/char/npc.c 的 chat() 第 377 行，物件： clone/npc/walker#5547 ("樊枞")
呼叫来自：<function> 的 <function>() 第 0 行，物件： clone/npc/walker#5547 ("樊枞")
呼叫来自：clone/npc/walker.c 的 <function>() 第 27 行，物件： clone/npc/walker#5547 ("樊枞")
呼叫来自：adm/daemons/npcd.c 的 random_move() 第 421 行，物件： adm/daemons/npcd
Heart beat in clone/npc/walker#5547 turned off.

执行时段错误：*call_other() couldn't find object

程式：adm/daemons/npcd.c 第 421 行
物件：/adm/daemons/npcd
呼叫来自：inherit/char/char.c 的 heart_beat() 第 133 行，物件： clone/npc/walker#1034 ("黄彪")
呼叫来自：inherit/char/npc.c 的 scan() 第 299 行，物件： clone/npc/walker#1034 ("黄彪")
呼叫来自：inherit/char/npc.c 的 chat() 第 377 行，物件： clone/npc/walker#1034 ("黄彪")
呼叫来自：<function> 的 <function>() 第 0 行，物件： clone/npc/walker#1034 ("黄彪")
呼叫来自：clone/npc/walker.c 的 <function>() 第 27 行，物件： clone/npc/walker#1034 ("黄彪")
呼叫来自：adm/daemons/npcd.c 的 random_move() 第 421 行，物件： adm/daemons/npcd
Heart beat in clone/npc/walker#1034 turned off.

执行时段错误：*Error in loading object '/d/mingjiao/npc/yanyuan'

程式：inherit/room/room.c 第 24 行
物件：/d/mingjiao/htqdating
呼叫来自：inherit/room/room.c 的 reset() 第 86 行，物件： d/mingjiao/htqdating
呼叫来自：inherit/room/room.c 的 make_inventory() 第 24 行，物件： d/mingjiao/htqdating

执行时段错误：*Bad argument 1 to call_other()
Expected: string or array or object Got: 0.

程式：feature/dbase.c 第 93 行
物件：/clone/user/user#34698
呼叫来自：clone/user/user.c 的 reset() 第 86 行，物件： clone/user/user#34698 ("慕容秋荻")
呼叫来自：feature/dbase.c 的 add() 第 93 行，物件： clone/user/user#34698 ("慕容秋荻")

执行时段错误：*Error in loading object '/d/mingjiao/npc/wujincao'

程式：inherit/room/room.c 第 24 行
物件：/d/mingjiao/rjqlwch
呼叫来自：inherit/room/room.c 的 reset() 第 86 行，物件： d/mingjiao/rjqlwch
呼叫来自：inherit/room/room.c 的 make_inventory() 第 24 行，物件： d/mingjiao/rjqlwch

执行时段错误：*Bad argument 1 to call_other()
Expected: string or array or object Got: 0.

程式：inherit/room/room.c 第 25 行
物件：/data/room/liu12345/qianting
呼叫来自：inherit/room/room.c 的 reset() 第 86 行，物件： data/room/liu12345/qianting
呼叫来自：inherit/room/room.c 的 make_inventory() 第 25 行，物件： data/room/liu12345/qianting

执行时段错误：*Bad argument 1 to call_other()
Expected: string or array or object Got: 0.

程式：inherit/room/room.c 第 25 行
物件：/data/room/obh1234/qianting
呼叫来自：inherit/room/room.c 的 reset() 第 86 行，物件： data/room/obh1234/qianting
呼叫来自：inherit/room/room.c 的 make_inventory() 第 25 行，物件： data/room/obh1234/qianting

执行时段错误：*Bad argument 1 to call_other()
Expected: string or array or object Got: 0.

程式：inherit/room/room.c 第 25 行
物件：/data/room/yxsyyr1/qianting
呼叫来自：inherit/room/room.c 的 reset() 第 86 行，物件： data/room/yxsyyr1/qianting
呼叫来自：inherit/room/room.c 的 make_inventory() 第 25 行，物件： data/room/yxsyyr1/qianting

执行时段错误：*Error in loading object '/d/wudu/npc/qiandu3'

程式：inherit/room/room.c 第 24 行
物件：/d/wudu/qiandu2
呼叫来自：inherit/room/room.c 的 reset() 第 86 行，物件： d/wudu/qiandu2
呼叫来自：inherit/room/room.c 的 make_inventory() 第 24 行，物件： d/wudu/qiandu2

执行时段错误：*Error in loading object '/d/mingjiao/npc/tangyang'

程式：inherit/room/room.c 第 24 行
物件：/d/mingjiao/hsqdating
呼叫来自：inherit/room/room.c 的 reset() 第 86 行，物件： d/mingjiao/hsqdating
呼叫来自：inherit/room/room.c 的 make_inventory() 第 24 行，物件： d/mingjiao/hsqdating

执行时段错误：*Bad argument 1 to call_other()
Expected: string or array or object Got: 0.

程式：inherit/room/room.c 第 25 行
物件：/data/room/tyz000/qianting
呼叫来自：inherit/room/room.c 的 reset() 第 86 行，物件： data/room/tyz000/qianting
呼叫来自：inherit/room/room.c 的 make_inventory() 第 25 行，物件： data/room/tyz000/qianting

执行时段错误：*Bad argument 1 to call_other()
Expected: string or array or object Got: 0.

程式：inherit/room/room.c 第 25 行
物件：/data/room/w2544460429/qianting
呼叫来自：inherit/room/room.c 的 reset() 第 86 行，物件： data/room/w2544460429/qianting
呼叫来自：inherit/room/room.c 的 make_inventory() 第 25 行，物件： data/room/w2544460429/qianting

执行时段错误：*Bad argument 1 to call_other()
Expected: string or array or object Got: 0.

程式：inherit/room/room.c 第 25 行
物件：/data/room/qazzaq/qianting
呼叫来自：inherit/room/room.c 的 reset() 第 86 行，物件： data/room/qazzaq/qianting
呼叫来自：inherit/room/room.c 的 make_inventory() 第 25 行，物件： data/room/qazzaq/qianting

执行时段错误：*Bad argument 1 to call_other()
Expected: string or array or object Got: 0.

程式：inherit/room/room.c 第 25 行
物件：/data/room/adawong/qianting
呼叫来自：inherit/room/room.c 的 reset() 第 86 行，物件： data/room/adawong/qianting
呼叫来自：inherit/room/room.c 的 make_inventory() 第 25 行，物件： data/room/adawong/qianting

执行时段错误：*Bad argument 1 to call_other()
Expected: string or array or object Got: 0.

程式：inherit/room/room.c 第 25 行
物件：/data/room/pxdaye/qianting
呼叫来自：inherit/room/room.c 的 reset() 第 86 行，物件： data/room/pxdaye/qianting
呼叫来自：inherit/room/room.c 的 make_inventory() 第 25 行，物件： data/room/pxdaye/qianting

执行时段错误：*Bad argument 1 to call_other()
Expected: string or array or object Got: 0.

程式：inherit/room/room.c 第 25 行
物件：/d/luoyang/shuoshu
呼叫来自：inherit/room/room.c 的 reset() 第 86 行，物件： d/luoyang/shuoshu
呼叫来自：inherit/room/room.c 的 make_inventory() 第 25 行，物件： d/luoyang/shuoshu

执行时段错误：*Bad argument 1 to call_other()
Expected: string or array or object Got: 0.

程式：inherit/room/room.c 第 25 行
物件：/data/room/hubert/qianting
呼叫来自：inherit/room/room.c 的 reset() 第 86 行，物件： data/room/hubert/qianting
呼叫来自：inherit/room/room.c 的 make_inventory() 第 25 行，物件： data/room/hubert/qianting

执行时段错误：*Bad argument 1 to call_other()
Expected: string or array or object Got: 0.

程式：feature/dbase.c 第 93 行
物件：/clone/user/user
呼叫来自：clone/user/user.c 的 reset() 第 86 行，物件： clone/user/user ("使用者物件")
呼叫来自：feature/dbase.c 的 add() 第 93 行，物件： clone/user/user ("使用者物件")
object /clone/user/user#9825: eval_cost too big 2000000

执行时段错误：*Too long evaluation. Execution aborted.

程式：feature/dbase.c 第 27 行
物件：/clone/user/user#9825
呼叫来自：feature/command.c 的 command_hook() 第 77 行，物件： clone/user/user#9825 ("懒兔浩然")
呼叫来自：cmds/skill/research.c 的 main() 第 212 行，物件： cmds/skill/research
呼叫来自：feature/dbase.c 的 add() 第 107 行，物件： clone/user/user#9825 ("懒兔浩然")
呼叫来自：clone/user/user.c 的 set() 第 131 行，物件： clone/user/user#9825 ("懒兔浩然")
呼叫来自：feature/dbase.c 的 set() 第 27 行，物件： clone/user/user#9825 ("懒兔浩然")
object /clone/user/user#9825: eval_cost too big 2000000

执行时段错误：*Too long evaluation. Execution aborted.

程式：feature/dbase.c 第 101 行
物件：/clone/user/user#9825
呼叫来自：feature/command.c 的 command_hook() 第 77 行，物件： clone/user/user#9825 ("懒兔浩然")
呼叫来自：cmds/skill/research.c 的 main() 第 212 行，物件： cmds/skill/research
呼叫来自：feature/dbase.c 的 add() 第 101 行，物件： clone/user/user#9825 ("懒兔浩然")
object /clone/user/user#9825: eval_cost too big 2000000

执行时段错误：*Too long evaluation. Execution aborted.

程式：feature/dbase.c 第 55 行
物件：/clone/user/user#9825
呼叫来自：feature/command.c 的 command_hook() 第 77 行，物件： clone/user/user#9825 ("懒兔浩然")
呼叫来自：cmds/skill/research.c 的 main() 第 212 行，物件： cmds/skill/research
呼叫来自：feature/dbase.c 的 add() 第 101 行，物件： clone/user/user#9825 ("懒兔浩然")
呼叫来自：feature/dbase.c 的 query() 第 55 行，物件： clone/user/user#9825 ("懒兔浩然")
object /clone/user/user#9825: eval_cost too big 2000000

执行时段错误：*Too long evaluation. Execution aborted.

程式：feature/dbase.c 第 52 行
物件：/clone/user/user#9825
呼叫来自：feature/command.c 的 command_hook() 第 77 行，物件： clone/user/user#9825 ("懒兔浩然")
呼叫来自：cmds/skill/research.c 的 main() 第 200 行，物件： cmds/skill/research
呼叫来自：feature/dbase.c 的 query() 第 52 行，物件： clone/user/user#9825 ("懒兔浩然")

执行时段错误：*call_other() couldn't find object

程式：adm/daemons/npcd.c 第 421 行
物件：/adm/daemons/npcd
呼叫来自：inherit/char/char.c 的 heart_beat() 第 133 行，物件： clone/npc/walker#7062 ("风拙志")
呼叫来自：inherit/char/npc.c 的 scan() 第 299 行，物件： clone/npc/walker#7062 ("风拙志")
呼叫来自：inherit/char/npc.c 的 chat() 第 377 行，物件： clone/npc/walker#7062 ("风拙志")
呼叫来自：<function> 的 <function>() 第 0 行，物件： clone/npc/walker#7062 ("风拙志")
呼叫来自：clone/npc/walker.c 的 <function>() 第 27 行，物件： clone/npc/walker#7062 ("风拙志")
呼叫来自：adm/daemons/npcd.c 的 random_move() 第 421 行，物件： adm/daemons/npcd
Heart beat in clone/npc/walker#7062 turned off.
object /clone/user/user#9825: eval_cost too big 2000000

执行时段错误：*Too long evaluation. Execution aborted.

程式：feature/dbase.c 第 101 行
物件：/clone/user/user#9825
呼叫来自：feature/command.c 的 command_hook() 第 77 行，物件： clone/user/user#9825 ("懒兔浩然")
呼叫来自：cmds/skill/research.c 的 main() 第 209 行，物件： cmds/skill/research
呼叫来自：feature/dbase.c 的 add() 第 101 行，物件： clone/user/user#9825 ("懒兔浩然")

执行时段错误：*Value being indexed is zero.

程式：clone/quest/search.c 第 91 行
物件：/clone/quest/search#43610
呼叫来自：adm/daemons/quest/search.c 的 heart_beat() 第 66 行，物件： adm/daemons/quest/search
呼叫来自：adm/daemons/quest/search.c 的 start_quest() 第 53 行，物件： adm/daemons/quest/search
呼叫来自：clone/quest/search.c 的 init_quest() 第 91 行，物件： clone/quest/search#43610 ("围攻0")
Heart beat in adm/daemons/quest/search turned off.
object /clone/user/user#9825: eval_cost too big 2000000

执行时段错误：*Too long evaluation. Execution aborted.

程式：clone/user/user.c 第 1008 行
物件：/clone/user/user#9825
呼叫来自：feature/message.c 的 write_prompt() 第 170 行，物件： clone/user/user#9825 ("懒兔浩然")
呼叫来自：clone/user/user.c 的 is_attach_system() 第 1008 行，物件： clone/user/user#9825 ("懒兔浩然")
object /clone/user/user#9825: eval_cost too big 2000000

执行时段错误：*Too long evaluation. Execution aborted.

程式：feature/dbase.c 第 87 行
物件：/clone/user/user#9825
呼叫来自：feature/command.c 的 command_hook() 第 77 行，物件： clone/user/user#9825 ("懒兔浩然")
呼叫来自：cmds/skill/research.c 的 main() 第 212 行，物件： cmds/skill/research
呼叫来自：feature/dbase.c 的 add() 第 87 行，物件： clone/user/user#9825 ("懒兔浩然")

执行时段错误：*Bad argument 1 to call_other()
Expected: string or array or object Got: 0.

程式：inherit/room/room.c 第 25 行
物件：/data/room/obh1234/qianting
呼叫来自：inherit/room/room.c 的 reset() 第 86 行，物件： data/room/obh1234/qianting
呼叫来自：inherit/room/room.c 的 make_inventory() 第 25 行，物件： data/room/obh1234/qianting

执行时段错误：*Inherited file '/inherit/char/lang2' does not exist!

程式：inherit/room/room.c 第 24 行
物件：/d/wudu/langwo
呼叫来自：inherit/room/room.c 的 reset() 第 86 行，物件： d/wudu/langwo
呼叫来自：inherit/room/room.c 的 make_inventory() 第 24 行，物件： d/wudu/langwo

执行时段错误：*Bad argument 1 to call_other()
Expected: string or array or object Got: 0.

程式：inherit/room/room.c 第 25 行
物件：/data/room/yxsyyr1/qianting
呼叫来自：inherit/room/room.c 的 reset() 第 86 行，物件： data/room/yxsyyr1/qianting
呼叫来自：inherit/room/room.c 的 make_inventory() 第 25 行，物件： data/room/yxsyyr1/qianting

执行时段错误：*Bad argument 1 to call_other()
Expected: string or array or object Got: 0.

程式：inherit/room/room.c 第 25 行
物件：/data/room/moyin/qianting
呼叫来自：inherit/room/room.c 的 reset() 第 86 行，物件： data/room/moyin/qianting
呼叫来自：inherit/room/room.c 的 make_inventory() 第 25 行，物件： data/room/moyin/qianting

执行时段错误：*Error in loading object '/d/wudu/npc/qiandu3'

程式：inherit/room/room.c 第 24 行
物件：/d/wudu/qiandu2
呼叫来自：inherit/room/room.c 的 reset() 第 86 行，物件： d/wudu/qiandu2
呼叫来自：inherit/room/room.c 的 make_inventory() 第 24 行，物件： d/wudu/qiandu2

执行时段错误：*Error in loading object '/d/mingjiao/npc/tangyang'

程式：inherit/room/room.c 第 24 行
物件：/d/mingjiao/hsqdating
呼叫来自：inherit/room/room.c 的 reset() 第 86 行，物件： d/mingjiao/hsqdating
呼叫来自：inherit/room/room.c 的 make_inventory() 第 24 行，物件： d/mingjiao/hsqdating

执行时段错误：*Error in loading object '/kungfu/class/sky/obj/shenjiu'

程式：inherit/char/npc.c 第 17 行
物件：/d/luoyang/npc/libai#44620
呼叫来自：inherit/room/room.c 的 reset() 第 86 行，物件： d/luoyang/zuixianlou4
呼叫来自：inherit/room/room.c 的 make_inventory() 第 24 行，物件： d/luoyang/zuixianlou4
呼叫来自：d/luoyang/npc/libai.c 的 create() 第 64 行，物件： d/luoyang/npc/libai#44620 ("李白")
呼叫来自：inherit/char/npc.c 的 carry_object() 第 17 行，物件： d/luoyang/npc/libai#44620 ("李白")

执行时段错误：*Bad argument 1 to call_other()
Expected: string or array or object Got: 0.

程式：inherit/room/room.c 第 25 行
物件：/data/room/yixingbu/qianting
呼叫来自：inherit/room/room.c 的 reset() 第 86 行，物件： data/room/yixingbu/qianting
呼叫来自：inherit/room/room.c 的 make_inventory() 第 25 行，物件： data/room/yixingbu/qianting

执行时段错误：*Bad argument 1 to call_other()
Expected: string or array or object Got: 0.

程式：inherit/room/room.c 第 25 行
物件：/data/room/qazzaq/qianting
呼叫来自：inherit/room/room.c 的 reset() 第 86 行，物件： data/room/qazzaq/qianting
呼叫来自：inherit/room/room.c 的 make_inventory() 第 25 行，物件： data/room/qazzaq/qianting

执行时段错误：*Bad argument 1 to call_other()
Expected: string or array or object Got: 0.

程式：inherit/room/room.c 第 25 行
物件：/data/room/pxhaha/qianting
呼叫来自：inherit/room/room.c 的 reset() 第 86 行，物件： data/room/pxhaha/qianting
呼叫来自：inherit/room/room.c 的 make_inventory() 第 25 行，物件： data/room/pxhaha/qianting

执行时段错误：*Bad argument 1 to call_other()
Expected: string or array or object Got: 0.

程式：inherit/room/room.c 第 25 行
物件：/data/room/pxdaye/qianting
呼叫来自：inherit/room/room.c 的 reset() 第 86 行，物件： data/room/pxdaye/qianting
呼叫来自：inherit/room/room.c 的 make_inventory() 第 25 行，物件： data/room/pxdaye/qianting

执行时段错误：*Bad argument 1 to call_other()
Expected: string or array or object Got: 0.

程式：inherit/room/room.c 第 25 行
物件：/d/luoyang/shuoshu
呼叫来自：inherit/room/room.c 的 reset() 第 86 行，物件： d/luoyang/shuoshu
呼叫来自：inherit/room/room.c 的 make_inventory() 第 25 行，物件： d/luoyang/shuoshu

执行时段错误：*Bad argument 1 to call_other()
Expected: string or array or object Got: 0.

程式：inherit/room/room.c 第 25 行
物件：/data/room/hubert/qianting
呼叫来自：inherit/room/room.c 的 reset() 第 86 行，物件： data/room/hubert/qianting
呼叫来自：inherit/room/room.c 的 make_inventory() 第 25 行，物件： data/room/hubert/qianting

执行时段错误：*Bad argument 1 to call_other()
Expected: string or array or object Got: 0.

程式：feature/dbase.c 第 93 行
物件：/clone/user/user
呼叫来自：clone/user/user.c 的 reset() 第 86 行，物件： clone/user/user ("使用者物件")
呼叫来自：feature/dbase.c 的 add() 第 93 行，物件： clone/user/user ("使用者物件")
object /cmds/skill/research: eval_cost too big 2000000

执行时段错误：*Too long evaluation. Execution aborted.

程式：cmds/skill/research.c 第 220 行
物件：/cmds/skill/research
呼叫来自：feature/command.c 的 command_hook() 第 77 行，物件： clone/user/user#9825 ("懒兔浩然")
呼叫来自：cmds/skill/research.c 的 main() 第 220 行，物件： cmds/skill/research
object /clone/user/user#9825: eval_cost too big 2000000

执行时段错误：*Too long evaluation. Execution aborted.

程式：feature/dbase.c 第 52 行
物件：/clone/user/user#9825
呼叫来自：feature/command.c 的 command_hook() 第 77 行，物件： clone/user/user#9825 ("懒兔浩然")
呼叫来自：cmds/skill/research.c 的 main() 第 212 行，物件： cmds/skill/research
呼叫来自：feature/dbase.c 的 add() 第 101 行，物件： clone/user/user#9825 ("懒兔浩然")
呼叫来自：feature/dbase.c 的 query() 第 52 行，物件： clone/user/user#9825 ("懒兔浩然")
object /clone/user/user#9825: eval_cost too big 2000000

执行时段错误：*Too long evaluation. Execution aborted.

程式：feature/command.c 第 77 行
物件：/clone/user/user#9825
呼叫来自：feature/command.c 的 command_hook() 第 77 行，物件： clone/user/user#9825 ("懒兔浩然")
object /clone/user/user#9825: eval_cost too big 2000000

执行时段错误：*Too long evaluation. Execution aborted.

程式：feature/dbase.c 第 38 行
物件：/clone/user/user#9825
呼叫来自：feature/command.c 的 command_hook() 第 77 行，物件： clone/user/user#9825 ("懒兔浩然")
呼叫来自：cmds/skill/research.c 的 main() 第 212 行，物件： cmds/skill/research
呼叫来自：feature/dbase.c 的 add() 第 107 行，物件： clone/user/user#9825 ("懒兔浩然")
呼叫来自：clone/user/user.c 的 set() 第 131 行，物件： clone/user/user#9825 ("懒兔浩然")
呼叫来自：feature/dbase.c 的 set() 第 38 行，物件： clone/user/user#9825 ("懒兔浩然")

执行时段错误：*Value being indexed is zero.

程式：clone/quest/search.c 第 91 行
物件：/clone/quest/search#45250
呼叫来自：adm/daemons/quest/search.c 的 heart_beat() 第 66 行，物件： adm/daemons/quest/search
呼叫来自：adm/daemons/quest/search.c 的 start_quest() 第 53 行，物件： adm/daemons/quest/search
呼叫来自：clone/quest/search.c 的 init_quest() 第 91 行，物件： clone/quest/search#45250 ("围攻0")
Heart beat in adm/daemons/quest/search turned off.
object /clone/user/user#9825: eval_cost too big 2000000

执行时段错误：*Too long evaluation. Execution aborted.

程式：feature/skill.c 第 365 行
物件：/clone/user/user#9825
呼叫来自：feature/command.c 的 command_hook() 第 77 行，物件： clone/user/user#9825 ("懒兔浩然")
呼叫来自：cmds/skill/research.c 的 main() 第 211 行，物件： cmds/skill/research
呼叫来自：feature/skill.c 的 improve_skill() 第 365 行，物件： clone/user/user#9825 ("懒兔浩然")
object /clone/user/user#9825: eval_cost too big 2000000

执行时段错误：*Too long evaluation. Execution aborted.

程式：feature/dbase.c 第 86 行
物件：/clone/user/user#9825
呼叫来自：feature/command.c 的 command_hook() 第 77 行，物件： clone/user/user#9825 ("懒兔浩然")
呼叫来自：cmds/skill/research.c 的 main() 第 212 行，物件： cmds/skill/research
呼叫来自：feature/dbase.c 的 add() 第 86 行，物件： clone/user/user#9825 ("懒兔浩然")
object /clone/user/user#9825: eval_cost too big 2000000

执行时段错误：*Too long evaluation. Execution aborted.

程式：feature/dbase.c 第 50 行
物件：/clone/user/user#9825
呼叫来自：feature/command.c 的 command_hook() 第 77 行，物件： clone/user/user#9825 ("懒兔浩然")
呼叫来自：cmds/skill/research.c 的 main() 第 212 行，物件： cmds/skill/research
呼叫来自：feature/dbase.c 的 add() 第 101 行，物件： clone/user/user#9825 ("懒兔浩然")
呼叫来自：feature/dbase.c 的 query() 第 50 行，物件： clone/user/user#9825 ("懒兔浩然")
object /clone/user/user#9825: eval_cost too big 2000000

执行时段错误：*Too long evaluation. Execution aborted.

程式：feature/damage.c 第 53 行
物件：/clone/user/user#9825
呼叫来自：feature/command.c 的 command_hook() 第 77 行，物件： clone/user/user#9825 ("懒兔浩然")
呼叫来自：cmds/skill/research.c 的 main() 第 186 行，物件： cmds/skill/research
呼叫来自：feature/damage.c 的 receive_damage() 第 53 行，物件： clone/user/user#9825 ("懒兔浩然")
object /clone/user/user#9825: eval_cost too big 2000000

执行时段错误：*Too long evaluation. Execution aborted.

程式：feature/command.c 第 77 行
物件：/clone/user/user#9825
呼叫来自：feature/command.c 的 command_hook() 第 77 行，物件： clone/user/user#9825 ("懒兔浩然")
object /clone/user/user#9825: eval_cost too big 2000000

执行时段错误：*Too long evaluation. Execution aborted.

程式：feature/dbase.c 第 38 行
物件：/clone/user/user#9825
呼叫来自：feature/command.c 的 command_hook() 第 77 行，物件： clone/user/user#9825 ("懒兔浩然")
呼叫来自：cmds/skill/research.c 的 main() 第 212 行，物件： cmds/skill/research
呼叫来自：feature/dbase.c 的 add() 第 107 行，物件： clone/user/user#9825 ("懒兔浩然")
呼叫来自：clone/user/user.c 的 set() 第 131 行，物件： clone/user/user#9825 ("懒兔浩然")
呼叫来自：feature/dbase.c 的 set() 第 38 行，物件： clone/user/user#9825 ("懒兔浩然")
object /clone/user/user#9825: eval_cost too big 2000000

执行时段错误：*Too long evaluation. Execution aborted.

程式：feature/message.c 第 172 行
物件：/clone/user/user#9825
呼叫来自：feature/message.c 的 write_prompt() 第 172 行，物件： clone/user/user#9825 ("懒兔浩然")
object /clone/user/user#9825: eval_cost too big 2000000

执行时段错误：*Too long evaluation. Execution aborted.

程式：feature/dbase.c 第 27 行
物件：/clone/user/user#9825
呼叫来自：feature/command.c 的 command_hook() 第 77 行，物件： clone/user/user#9825 ("懒兔浩然")
呼叫来自：cmds/skill/research.c 的 main() 第 212 行，物件： cmds/skill/research
呼叫来自：feature/dbase.c 的 add() 第 107 行，物件： clone/user/user#9825 ("懒兔浩然")
呼叫来自：clone/user/user.c 的 set() 第 131 行，物件： clone/user/user#9825 ("懒兔浩然")
呼叫来自：feature/dbase.c 的 set() 第 27 行，物件： clone/user/user#9825 ("懒兔浩然")
object /clone/user/user#9825: eval_cost too big 2000000

执行时段错误：*Too long evaluation. Execution aborted.

程式：feature/message.c 第 167 行
物件：/clone/user/user#9825
呼叫来自：feature/message.c 的 write_prompt() 第 167 行，物件： clone/user/user#9825 ("懒兔浩然")

执行时段错误：*call_other() couldn't find object

程式：adm/daemons/npcd.c 第 421 行
物件：/adm/daemons/npcd
呼叫来自：inherit/char/char.c 的 heart_beat() 第 133 行，物件： clone/npc/walker#3175 ("乔霸")
呼叫来自：inherit/char/npc.c 的 scan() 第 299 行，物件： clone/npc/walker#3175 ("乔霸")
呼叫来自：inherit/char/npc.c 的 chat() 第 377 行，物件： clone/npc/walker#3175 ("乔霸")
呼叫来自：<function> 的 <function>() 第 0 行，物件： clone/npc/walker#3175 ("乔霸")
呼叫来自：clone/npc/walker.c 的 <function>() 第 27 行，物件： clone/npc/walker#3175 ("乔霸")
呼叫来自：adm/daemons/npcd.c 的 random_move() 第 421 行，物件： adm/daemons/npcd
Heart beat in clone/npc/walker#3175 turned off.

执行时段错误：*Error in loading object '/d/mingjiao/npc/yanyuan'

程式：inherit/room/room.c 第 24 行
物件：/d/mingjiao/htqdating
呼叫来自：inherit/room/room.c 的 reset() 第 86 行，物件： d/mingjiao/htqdating
呼叫来自：inherit/room/room.c 的 make_inventory() 第 24 行，物件： d/mingjiao/htqdating

执行时段错误：*Bad argument 1 to call_other()
Expected: string or array or object Got: 0.

程式：feature/dbase.c 第 93 行
物件：/clone/user/user#34698
呼叫来自：clone/user/user.c 的 reset() 第 86 行，物件： clone/user/user#34698 ("慕容秋荻")
呼叫来自：feature/dbase.c 的 add() 第 93 行，物件： clone/user/user#34698 ("慕容秋荻")

执行时段错误：*Error in loading object '/d/mingjiao/npc/wujincao'

程式：inherit/room/room.c 第 24 行
物件：/d/mingjiao/rjqlwch
呼叫来自：inherit/room/room.c 的 reset() 第 86 行，物件： d/mingjiao/rjqlwch
呼叫来自：inherit/room/room.c 的 make_inventory() 第 24 行，物件： d/mingjiao/rjqlwch

执行时段错误：*Bad argument 1 to call_other()
Expected: string or array or object Got: 0.

程式：inherit/room/room.c 第 25 行
物件：/data/room/liu12345/qianting
呼叫来自：inherit/room/room.c 的 reset() 第 86 行，物件： data/room/liu12345/qianting
呼叫来自：inherit/room/room.c 的 make_inventory() 第 25 行，物件： data/room/liu12345/qianting

执行时段错误：*Bad argument 1 to call_other()
Expected: string or array or object Got: 0.

程式：inherit/room/room.c 第 25 行
物件：/data/room/obh1234/qianting
呼叫来自：inherit/room/room.c 的 reset() 第 86 行，物件： data/room/obh1234/qianting
呼叫来自：inherit/room/room.c 的 make_inventory() 第 25 行，物件： data/room/obh1234/qianting

执行时段错误：*Inherited file '/inherit/char/lang2' does not exist!

程式：inherit/room/room.c 第 24 行
物件：/d/wudu/langwo
呼叫来自：inherit/room/room.c 的 reset() 第 86 行，物件： d/wudu/langwo
呼叫来自：inherit/room/room.c 的 make_inventory() 第 24 行，物件： d/wudu/langwo

执行时段错误：*Bad argument 1 to call_other()
Expected: string or array or object Got: 0.

程式：inherit/room/room.c 第 25 行
物件：/data/room/moyin/qianting
呼叫来自：inherit/room/room.c 的 reset() 第 86 行，物件： data/room/moyin/qianting
呼叫来自：inherit/room/room.c 的 make_inventory() 第 25 行，物件： data/room/moyin/qianting

执行时段错误：*Error in loading object '/d/wudu/npc/qiandu3'

程式：inherit/room/room.c 第 24 行
物件：/d/wudu/qiandu2
呼叫来自：inherit/room/room.c 的 reset() 第 86 行，物件： d/wudu/qiandu2
呼叫来自：inherit/room/room.c 的 make_inventory() 第 24 行，物件： d/wudu/qiandu2

执行时段错误：*Error in loading object '/d/mingjiao/npc/tangyang'

程式：inherit/room/room.c 第 24 行
物件：/d/mingjiao/hsqdating
呼叫来自：inherit/room/room.c 的 reset() 第 86 行，物件： d/mingjiao/hsqdating
呼叫来自：inherit/room/room.c 的 make_inventory() 第 24 行，物件： d/mingjiao/hsqdating

执行时段错误：*Bad argument 1 to call_other()
Expected: string or array or object Got: 0.

程式：feature/skill.c 第 376 行
物件：/clone/user/user#9825
呼叫来自：clone/user/user.c 的 reset() 第 107 行，物件： clone/user/user#9825 ("懒兔浩然")
呼叫来自：feature/skill.c 的 improve_skill() 第 376 行，物件： clone/user/user#9825 ("懒兔浩然")

执行时段错误：*Bad argument 1 to call_other()
Expected: string or array or object Got: 0.

程式：inherit/room/room.c 第 25 行
物件：/data/room/tyz000/qianting
呼叫来自：inherit/room/room.c 的 reset() 第 86 行，物件： data/room/tyz000/qianting
呼叫来自：inherit/room/room.c 的 make_inventory() 第 25 行，物件： data/room/tyz000/qianting

执行时段错误：*Error in loading object '/kungfu/class/sky/obj/shenjiu'

程式：inherit/char/npc.c 第 17 行
物件：/d/luoyang/npc/libai#46388
呼叫来自：inherit/room/room.c 的 reset() 第 86 行，物件： d/luoyang/zuixianlou4
呼叫来自：inherit/room/room.c 的 make_inventory() 第 24 行，物件： d/luoyang/zuixianlou4
呼叫来自：d/luoyang/npc/libai.c 的 create() 第 64 行，物件： d/luoyang/npc/libai#46388 ("李白")
呼叫来自：inherit/char/npc.c 的 carry_object() 第 17 行，物件： d/luoyang/npc/libai#46388 ("李白")

执行时段错误：*Bad argument 1 to call_other()
Expected: string or array or object Got: 0.

程式：inherit/room/room.c 第 25 行
物件：/data/room/w2544460429/qianting
呼叫来自：inherit/room/room.c 的 reset() 第 86 行，物件： data/room/w2544460429/qianting
呼叫来自：inherit/room/room.c 的 make_inventory() 第 25 行，物件： data/room/w2544460429/qianting

执行时段错误：*Bad argument 1 to call_other()
Expected: string or array or object Got: 0.

程式：inherit/room/room.c 第 25 行
物件：/data/room/qazzaq/qianting
呼叫来自：inherit/room/room.c 的 reset() 第 86 行，物件： data/room/qazzaq/qianting
呼叫来自：inherit/room/room.c 的 make_inventory() 第 25 行，物件： data/room/qazzaq/qianting

执行时段错误：*Bad argument 1 to call_other()
Expected: string or array or object Got: 0.

程式：inherit/room/room.c 第 25 行
物件：/data/room/adawong/qianting
呼叫来自：inherit/room/room.c 的 reset() 第 86 行，物件： data/room/adawong/qianting
呼叫来自：inherit/room/room.c 的 make_inventory() 第 25 行，物件： data/room/adawong/qianting

执行时段错误：*Bad argument 1 to call_other()
Expected: string or array or object Got: 0.

程式：inherit/room/room.c 第 25 行
物件：/data/room/pxhaha/qianting
呼叫来自：inherit/room/room.c 的 reset() 第 86 行，物件： data/room/pxhaha/qianting
呼叫来自：inherit/room/room.c 的 make_inventory() 第 25 行，物件： data/room/pxhaha/qianting

执行时段错误：*Bad argument 1 to call_other()
Expected: string or array or object Got: 0.

程式：feature/dbase.c 第 93 行
物件：/clone/user/user
呼叫来自：clone/user/user.c 的 reset() 第 86 行，物件： clone/user/user ("使用者物件")
呼叫来自：feature/dbase.c 的 add() 第 93 行，物件： clone/user/user ("使用者物件")
object /clone/user/user#9825: eval_cost too big 2000000

执行时段错误：*Too long evaluation. Execution aborted.

程式：feature/message.c 第 159 行
物件：/clone/user/user#9825
呼叫来自：feature/message.c 的 write_prompt() 第 159 行，物件： clone/user/user#9825 ("懒兔浩然")

执行时段错误：*call_other() couldn't find object

程式：adm/daemons/npcd.c 第 421 行
物件：/adm/daemons/npcd
呼叫来自：inherit/char/char.c 的 heart_beat() 第 133 行，物件： clone/npc/walker#36208 ("肖冉")
呼叫来自：inherit/char/npc.c 的 scan() 第 299 行，物件： clone/npc/walker#36208 ("肖冉")
呼叫来自：inherit/char/npc.c 的 chat() 第 377 行，物件： clone/npc/walker#36208 ("肖冉")
呼叫来自：<function> 的 <function>() 第 0 行，物件： clone/npc/walker#36208 ("肖冉")
呼叫来自：clone/npc/walker.c 的 <function>() 第 27 行，物件： clone/npc/walker#36208 ("肖冉")
呼叫来自：adm/daemons/npcd.c 的 random_move() 第 421 行，物件： adm/daemons/npcd
Heart beat in clone/npc/walker#36208 turned off.
object /cmds/skill/research: eval_cost too big 2000000

执行时段错误：*Too long evaluation. Execution aborted.

程式：cmds/skill/research.c 第 219 行
物件：/cmds/skill/research
呼叫来自：feature/command.c 的 command_hook() 第 77 行，物件： clone/user/user#9825 ("懒兔浩然")
呼叫来自：cmds/skill/research.c 的 main() 第 219 行，物件： cmds/skill/research
object /clone/user/user#9825: eval_cost too big 2000000

执行时段错误：*Too long evaluation. Execution aborted.

程式：feature/dbase.c 第 107 行
物件：/clone/user/user#9825
呼叫来自：feature/command.c 的 command_hook() 第 77 行，物件： clone/user/user#9825 ("懒兔浩然")
呼叫来自：cmds/skill/research.c 的 main() 第 212 行，物件： cmds/skill/research
呼叫来自：feature/dbase.c 的 add() 第 107 行，物件： clone/user/user#9825 ("懒兔浩然")

执行时段错误：*Value being indexed is zero.

程式：clone/quest/search.c 第 91 行
物件：/clone/quest/search#47273
呼叫来自：adm/daemons/quest/search.c 的 heart_beat() 第 66 行，物件： adm/daemons/quest/search
呼叫来自：adm/daemons/quest/search.c 的 start_quest() 第 53 行，物件： adm/daemons/quest/search
呼叫来自：clone/quest/search.c 的 init_quest() 第 91 行，物件： clone/quest/search#47273 ("围攻0")
Heart beat in adm/daemons/quest/search turned off.
object /clone/user/user#9825: eval_cost too big 2000000

执行时段错误：*Too long evaluation. Execution aborted.

程式：feature/dbase.c 第 38 行
物件：/clone/user/user#9825
呼叫来自：feature/command.c 的 command_hook() 第 77 行，物件： clone/user/user#9825 ("懒兔浩然")
呼叫来自：cmds/skill/research.c 的 main() 第 212 行，物件： cmds/skill/research
呼叫来自：feature/dbase.c 的 add() 第 107 行，物件： clone/user/user#9825 ("懒兔浩然")
呼叫来自：clone/user/user.c 的 set() 第 131 行，物件： clone/user/user#9825 ("懒兔浩然")
呼叫来自：feature/dbase.c 的 set() 第 38 行，物件： clone/user/user#9825 ("懒兔浩然")
object /clone/user/user#9825: eval_cost too big 2000000

执行时段错误：*Too long evaluation. Execution aborted.

程式：feature/skill.c 第 369 行
物件：/clone/user/user#9825
呼叫来自：feature/command.c 的 command_hook() 第 77 行，物件： clone/user/user#9825 ("懒兔浩然")
呼叫来自：cmds/skill/research.c 的 main() 第 211 行，物件： cmds/skill/research
呼叫来自：feature/skill.c 的 improve_skill() 第 369 行，物件： clone/user/user#9825 ("懒兔浩然")
object /clone/user/user#34698: eval_cost too big 2000000

执行时段错误：*Too long evaluation. Execution aborted.

程式：inherit/char/char.c 第 43 行
物件：/clone/user/user#34698
呼叫来自：feature/command.c 的 command_hook() 第 77 行，物件： clone/user/user#34698 ("慕容秋荻")
呼叫来自：cmds/std/give.c 的 main() 第 48 行，物件： cmds/std/give
呼叫来自：adm/single/simul_efun.c 的 present() 第 119 行，物件： adm/single/simul_efun
呼叫来自：feature/name.c 的 id() 第 44 行，物件： clone/user/user#34698 ("慕容秋荻")
呼叫来自：inherit/char/char.c 的 visible() 第 227 行，物件： clone/user/user#34698 ("慕容秋荻")
呼叫来自：inherit/char/char.c 的 is_character() 第 43 行，物件： clone/user/user#34698 ("慕容秋荻")
object /clone/user/user#9825: eval_cost too big 2000000

执行时段错误：*Too long evaluation. Execution aborted.

程式：feature/dbase.c 第 27 行
物件：/clone/user/user#9825
呼叫来自：feature/command.c 的 command_hook() 第 77 行，物件： clone/user/user#9825 ("懒兔浩然")
呼叫来自：cmds/skill/research.c 的 main() 第 212 行，物件： cmds/skill/research
呼叫来自：feature/dbase.c 的 add() 第 107 行，物件： clone/user/user#9825 ("懒兔浩然")
呼叫来自：clone/user/user.c 的 set() 第 131 行，物件： clone/user/user#9825 ("懒兔浩然")
呼叫来自：feature/dbase.c 的 set() 第 27 行，物件： clone/user/user#9825 ("懒兔浩然")
object /clone/user/user#9825: eval_cost too big 2000000

执行时段错误：*Too long evaluation. Execution aborted.

程式：feature/command.c 第 93 行
物件：/clone/user/user#9825
呼叫来自：feature/command.c 的 command_hook() 第 93 行，物件： clone/user/user#9825 ("懒兔浩然")
object /clone/user/user#9825: eval_cost too big 2000000

执行时段错误：*Too long evaluation. Execution aborted.

程式：feature/dbase.c 第 38 行
物件：/clone/user/user#9825
呼叫来自：feature/command.c 的 command_hook() 第 77 行，物件： clone/user/user#9825 ("懒兔浩然")
呼叫来自：cmds/skill/research.c 的 main() 第 209 行，物件： cmds/skill/research
呼叫来自：feature/dbase.c 的 add() 第 107 行，物件： clone/user/user#9825 ("懒兔浩然")
呼叫来自：clone/user/user.c 的 set() 第 131 行，物件： clone/user/user#9825 ("懒兔浩然")
呼叫来自：feature/dbase.c 的 set() 第 38 行，物件： clone/user/user#9825 ("懒兔浩然")
object /clone/user/user#9825: eval_cost too big 2000000

执行时段错误：*Too long evaluation. Execution aborted.

程式：feature/skill.c 第 365 行
物件：/clone/user/user#9825
呼叫来自：feature/command.c 的 command_hook() 第 77 行，物件： clone/user/user#9825 ("懒兔浩然")
呼叫来自：cmds/skill/research.c 的 main() 第 211 行，物件： cmds/skill/research
呼叫来自：feature/skill.c 的 improve_skill() 第 365 行，物件： clone/user/user#9825 ("懒兔浩然")
object /cmds/skill/research: eval_cost too big 2000000

执行时段错误：*Too long evaluation. Execution aborted.

程式：cmds/skill/research.c 第 211 行
物件：/cmds/skill/research
呼叫来自：feature/command.c 的 command_hook() 第 77 行，物件： clone/user/user#9825 ("懒兔浩然")
呼叫来自：cmds/skill/research.c 的 main() 第 211 行，物件： cmds/skill/research

执行时段错误：*Bad argument 1 to call_other()
Expected: string or array or object Got: 0.

程式：feature/dbase.c 第 93 行
物件：/clone/user/user#34698
呼叫来自：clone/user/user.c 的 reset() 第 86 行，物件： clone/user/user#34698 ("慕容秋荻")
呼叫来自：feature/dbase.c 的 add() 第 93 行，物件： clone/user/user#34698 ("慕容秋荻")

执行时段错误：*Error in loading object '/d/mingjiao/npc/wujincao'

程式：inherit/room/room.c 第 24 行
物件：/d/mingjiao/rjqlwch
呼叫来自：inherit/room/room.c 的 reset() 第 86 行，物件： d/mingjiao/rjqlwch
呼叫来自：inherit/room/room.c 的 make_inventory() 第 24 行，物件： d/mingjiao/rjqlwch

执行时段错误：*Bad argument 1 to call_other()
Expected: string or array or object Got: 0.

程式：inherit/room/room.c 第 25 行
物件：/data/room/liu12345/qianting
呼叫来自：inherit/room/room.c 的 reset() 第 86 行，物件： data/room/liu12345/qianting
呼叫来自：inherit/room/room.c 的 make_inventory() 第 25 行，物件： data/room/liu12345/qianting

执行时段错误：*Bad argument 1 to call_other()
Expected: string or array or object Got: 0.

程式：inherit/room/room.c 第 25 行
物件：/data/room/obh1234/qianting
呼叫来自：inherit/room/room.c 的 reset() 第 86 行，物件： data/room/obh1234/qianting
呼叫来自：inherit/room/room.c 的 make_inventory() 第 25 行，物件： data/room/obh1234/qianting

执行时段错误：*Bad argument 1 to call_other()
Expected: string or array or object Got: 0.

程式：inherit/room/room.c 第 25 行
物件：/data/room/yxsyyr1/qianting
呼叫来自：inherit/room/room.c 的 reset() 第 86 行，物件： data/room/yxsyyr1/qianting
呼叫来自：inherit/room/room.c 的 make_inventory() 第 25 行，物件： data/room/yxsyyr1/qianting

执行时段错误：*Error in loading object '/d/mingjiao/npc/tangyang'

程式：inherit/room/room.c 第 24 行
物件：/d/mingjiao/hsqdating
呼叫来自：inherit/room/room.c 的 reset() 第 86 行，物件： d/mingjiao/hsqdating
呼叫来自：inherit/room/room.c 的 make_inventory() 第 24 行，物件： d/mingjiao/hsqdating

执行时段错误：*Bad argument 1 to call_other()
Expected: string or array or object Got: 0.

程式：inherit/room/room.c 第 25 行
物件：/data/room/tyz000/qianting
呼叫来自：inherit/room/room.c 的 reset() 第 86 行，物件： data/room/tyz000/qianting
呼叫来自：inherit/room/room.c 的 make_inventory() 第 25 行，物件： data/room/tyz000/qianting

执行时段错误：*Bad argument 1 to call_other()
Expected: string or array or object Got: 0.

程式：inherit/room/room.c 第 25 行
物件：/data/room/w2544460429/qianting
呼叫来自：inherit/room/room.c 的 reset() 第 86 行，物件： data/room/w2544460429/qianting
呼叫来自：inherit/room/room.c 的 make_inventory() 第 25 行，物件： data/room/w2544460429/qianting

执行时段错误：*Bad argument 1 to call_other()
Expected: string or array or object Got: 0.

程式：inherit/room/room.c 第 25 行
物件：/data/room/yixingbu/qianting
呼叫来自：inherit/room/room.c 的 reset() 第 86 行，物件： data/room/yixingbu/qianting
呼叫来自：inherit/room/room.c 的 make_inventory() 第 25 行，物件： data/room/yixingbu/qianting

执行时段错误：*Bad argument 1 to call_other()
Expected: string or array or object Got: 0.

程式：inherit/room/room.c 第 25 行
物件：/data/room/qazzaq/qianting
呼叫来自：inherit/room/room.c 的 reset() 第 86 行，物件： data/room/qazzaq/qianting
呼叫来自：inherit/room/room.c 的 make_inventory() 第 25 行，物件： data/room/qazzaq/qianting

执行时段错误：*Bad argument 1 to call_other()
Expected: string or array or object Got: 0.

程式：inherit/room/room.c 第 25 行
物件：/data/room/adawong/qianting
呼叫来自：inherit/room/room.c 的 reset() 第 86 行，物件： data/room/adawong/qianting
呼叫来自：inherit/room/room.c 的 make_inventory() 第 25 行，物件： data/room/adawong/qianting

执行时段错误：*Bad argument 1 to call_other()
Expected: string or array or object Got: 0.

程式：inherit/room/room.c 第 25 行
物件：/data/room/pxdaye/qianting
呼叫来自：inherit/room/room.c 的 reset() 第 86 行，物件： data/room/pxdaye/qianting
呼叫来自：inherit/room/room.c 的 make_inventory() 第 25 行，物件： data/room/pxdaye/qianting

执行时段错误：*Bad argument 1 to call_other()
Expected: string or array or object Got: 0.

程式：inherit/room/room.c 第 25 行
物件：/d/luoyang/shuoshu
呼叫来自：inherit/room/room.c 的 reset() 第 86 行，物件： d/luoyang/shuoshu
呼叫来自：inherit/room/room.c 的 make_inventory() 第 25 行，物件： d/luoyang/shuoshu

执行时段错误：*Bad argument 1 to call_other()
Expected: string or array or object Got: 0.

程式：inherit/room/room.c 第 25 行
物件：/data/room/hubert/qianting
呼叫来自：inherit/room/room.c 的 reset() 第 86 行，物件： data/room/hubert/qianting
呼叫来自：inherit/room/room.c 的 make_inventory() 第 25 行，物件： data/room/hubert/qianting

执行时段错误：*Bad argument 1 to call_other()
Expected: string or array or object Got: 0.

程式：feature/dbase.c 第 93 行
物件：/clone/user/user
呼叫来自：clone/user/user.c 的 reset() 第 86 行，物件： clone/user/user ("使用者物件")
呼叫来自：feature/dbase.c 的 add() 第 93 行，物件： clone/user/user ("使用者物件")
错误讯息被拦截：
执行时段错误：*Error in loading object '/adm/daemons/story/labazhou'

程式：adm/daemons/storyd.c 第 131 行
物件：/adm/daemons/storyd
呼叫来自：adm/daemons/storyd.c 的 start_story() 第 131 行，物件： adm/daemons/storyd
呼叫来自：adm/daemons/storyd.c 的 CATCH() 第 131 行，物件： adm/daemons/storyd
object /clone/user/user#9825: eval_cost too big 2000000

执行时段错误：*Too long evaluation. Execution aborted.

程式：feature/dbase.c 第 50 行
物件：/clone/user/user#9825
呼叫来自：feature/command.c 的 command_hook() 第 77 行，物件： clone/user/user#9825 ("懒兔浩然")
呼叫来自：cmds/skill/research.c 的 main() 第 212 行，物件： cmds/skill/research
呼叫来自：feature/dbase.c 的 add() 第 101 行，物件： clone/user/user#9825 ("懒兔浩然")
呼叫来自：feature/dbase.c 的 query() 第 50 行，物件： clone/user/user#9825 ("懒兔浩然")
object /cmds/skill/research: eval_cost too big 2000000

执行时段错误：*Too long evaluation. Execution aborted.

程式：cmds/skill/research.c 第 219 行
物件：/cmds/skill/research
呼叫来自：feature/command.c 的 command_hook() 第 77 行，物件： clone/user/user#9825 ("懒兔浩然")
呼叫来自：cmds/skill/research.c 的 main() 第 219 行，物件： cmds/skill/research
object /clone/user/user#9825: eval_cost too big 2000000

执行时段错误：*Too long evaluation. Execution aborted.

程式：feature/skill.c 第 335 行
物件：/clone/user/user#9825
呼叫来自：feature/command.c 的 command_hook() 第 77 行，物件： clone/user/user#9825 ("懒兔浩然")
呼叫来自：cmds/skill/research.c 的 main() 第 211 行，物件： cmds/skill/research
呼叫来自：feature/skill.c 的 improve_skill() 第 335 行，物件： clone/user/user#9825 ("懒兔浩然")

执行时段错误：*Value being indexed is zero.

程式：clone/quest/search.c 第 91 行
物件：/clone/quest/search#49581
呼叫来自：adm/daemons/quest/search.c 的 heart_beat() 第 66 行，物件： adm/daemons/quest/search
呼叫来自：adm/daemons/quest/search.c 的 start_quest() 第 53 行，物件： adm/daemons/quest/search
呼叫来自：clone/quest/search.c 的 init_quest() 第 91 行，物件： clone/quest/search#49581 ("围攻0")
Heart beat in adm/daemons/quest/search turned off.
object /clone/user/user#9825: eval_cost too big 2000000

执行时段错误：*Too long evaluation. Execution aborted.

程式：feature/command.c 第 93 行
物件：/clone/user/user#9825
呼叫来自：feature/command.c 的 command_hook() 第 93 行，物件： clone/user/user#9825 ("懒兔浩然")
object /clone/user/user#9825: eval_cost too big 2000000

执行时段错误：*Too long evaluation. Execution aborted.

程式：feature/command.c 第 93 行
物件：/clone/user/user#9825
呼叫来自：feature/command.c 的 command_hook() 第 93 行，物件： clone/user/user#9825 ("懒兔浩然")
object /clone/user/user#9825: eval_cost too big 2000000

执行时段错误：*Too long evaluation. Execution aborted.

程式：feature/message.c 第 167 行
物件：/clone/user/user#9825
呼叫来自：feature/message.c 的 write_prompt() 第 167 行，物件： clone/user/user#9825 ("懒兔浩然")
object /clone/user/user#9825: eval_cost too big 2000000

执行时段错误：*Too long evaluation. Execution aborted.

程式：feature/skill.c 第 335 行
物件：/clone/user/user#9825
呼叫来自：feature/command.c 的 command_hook() 第 77 行，物件： clone/user/user#9825 ("懒兔浩然")
呼叫来自：cmds/skill/research.c 的 main() 第 211 行，物件： cmds/skill/research
呼叫来自：feature/skill.c 的 improve_skill() 第 335 行，物件： clone/user/user#9825 ("懒兔浩然")
object /cmds/skill/research: eval_cost too big 2000000

执行时段错误：*Too long evaluation. Execution aborted.

程式：cmds/skill/research.c 第 215 行
物件：/cmds/skill/research
呼叫来自：feature/command.c 的 command_hook() 第 77 行，物件： clone/user/user#9825 ("懒兔浩然")
呼叫来自：cmds/skill/research.c 的 main() 第 215 行，物件： cmds/skill/research

执行时段错误：*Error in loading object '/d/mingjiao/npc/yanyuan'

程式：inherit/room/room.c 第 24 行
物件：/d/mingjiao/htqdating
呼叫来自：inherit/room/room.c 的 reset() 第 86 行，物件： d/mingjiao/htqdating
呼叫来自：inherit/room/room.c 的 make_inventory() 第 24 行，物件： d/mingjiao/htqdating

执行时段错误：*Bad argument 1 to call_other()
Expected: string or array or object Got: 0.

程式：feature/dbase.c 第 93 行
物件：/clone/user/user#34698
呼叫来自：clone/user/user.c 的 reset() 第 86 行，物件： clone/user/user#34698 ("慕容秋荻")
呼叫来自：feature/dbase.c 的 add() 第 93 行，物件： clone/user/user#34698 ("慕容秋荻")

执行时段错误：*Error in loading object '/d/mingjiao/npc/wujincao'

程式：inherit/room/room.c 第 24 行
物件：/d/mingjiao/rjqlwch
呼叫来自：inherit/room/room.c 的 reset() 第 86 行，物件： d/mingjiao/rjqlwch
呼叫来自：inherit/room/room.c 的 make_inventory() 第 24 行，物件： d/mingjiao/rjqlwch

执行时段错误：*Bad argument 1 to call_other()
Expected: string or array or object Got: 0.

程式：inherit/room/room.c 第 25 行
物件：/data/room/liu12345/qianting
呼叫来自：inherit/room/room.c 的 reset() 第 86 行，物件： data/room/liu12345/qianting
呼叫来自：inherit/room/room.c 的 make_inventory() 第 25 行，物件： data/room/liu12345/qianting

执行时段错误：*Inherited file '/inherit/char/lang2' does not exist!

程式：inherit/room/room.c 第 24 行
物件：/d/wudu/langwo
呼叫来自：inherit/room/room.c 的 reset() 第 86 行，物件： d/wudu/langwo
呼叫来自：inherit/room/room.c 的 make_inventory() 第 24 行，物件： d/wudu/langwo

执行时段错误：*Bad argument 1 to call_other()
Expected: string or array or object Got: 0.

程式：inherit/room/room.c 第 25 行
物件：/data/room/moyin/qianting
呼叫来自：inherit/room/room.c 的 reset() 第 86 行，物件： data/room/moyin/qianting
呼叫来自：inherit/room/room.c 的 make_inventory() 第 25 行，物件： data/room/moyin/qianting

执行时段错误：*Error in loading object '/d/wudu/npc/qiandu3'

程式：inherit/room/room.c 第 24 行
物件：/d/wudu/qiandu2
呼叫来自：inherit/room/room.c 的 reset() 第 86 行，物件： d/wudu/qiandu2
呼叫来自：inherit/room/room.c 的 make_inventory() 第 24 行，物件： d/wudu/qiandu2

执行时段错误：*Bad argument 1 to call_other()
Expected: string or array or object Got: 0.

程式：inherit/room/room.c 第 25 行
物件：/data/room/tyz000/qianting
呼叫来自：inherit/room/room.c 的 reset() 第 86 行，物件： data/room/tyz000/qianting
呼叫来自：inherit/room/room.c 的 make_inventory() 第 25 行，物件： data/room/tyz000/qianting

执行时段错误：*Error in loading object '/kungfu/class/sky/obj/shenjiu'

程式：inherit/char/npc.c 第 17 行
物件：/d/luoyang/npc/libai#50527
呼叫来自：inherit/room/room.c 的 reset() 第 86 行，物件： d/luoyang/zuixianlou4
呼叫来自：inherit/room/room.c 的 make_inventory() 第 24 行，物件： d/luoyang/zuixianlou4
呼叫来自：d/luoyang/npc/libai.c 的 create() 第 64 行，物件： d/luoyang/npc/libai#50527 ("李白")
呼叫来自：inherit/char/npc.c 的 carry_object() 第 17 行，物件： d/luoyang/npc/libai#50527 ("李白")

执行时段错误：*Bad argument 1 to call_other()
Expected: string or array or object Got: 0.

程式：inherit/room/room.c 第 25 行
物件：/data/room/w2544460429/qianting
呼叫来自：inherit/room/room.c 的 reset() 第 86 行，物件： data/room/w2544460429/qianting
呼叫来自：inherit/room/room.c 的 make_inventory() 第 25 行，物件： data/room/w2544460429/qianting

执行时段错误：*Bad argument 1 to call_other()
Expected: string or array or object Got: 0.

程式：inherit/room/room.c 第 25 行
物件：/data/room/yixingbu/qianting
呼叫来自：inherit/room/room.c 的 reset() 第 86 行，物件： data/room/yixingbu/qianting
呼叫来自：inherit/room/room.c 的 make_inventory() 第 25 行，物件： data/room/yixingbu/qianting

执行时段错误：*Bad argument 1 to call_other()
Expected: string or array or object Got: 0.

程式：inherit/room/room.c 第 25 行
物件：/data/room/qazzaq/qianting
呼叫来自：inherit/room/room.c 的 reset() 第 86 行，物件： data/room/qazzaq/qianting
呼叫来自：inherit/room/room.c 的 make_inventory() 第 25 行，物件： data/room/qazzaq/qianting

执行时段错误：*Bad argument 1 to call_other()
Expected: string or array or object Got: 0.

程式：inherit/room/room.c 第 25 行
物件：/data/room/adawong/qianting
呼叫来自：inherit/room/room.c 的 reset() 第 86 行，物件： data/room/adawong/qianting
呼叫来自：inherit/room/room.c 的 make_inventory() 第 25 行，物件： data/room/adawong/qianting

执行时段错误：*Bad argument 1 to call_other()
Expected: string or array or object Got: 0.

程式：inherit/room/room.c 第 25 行
物件：/data/room/pxhaha/qianting
呼叫来自：inherit/room/room.c 的 reset() 第 86 行，物件： data/room/pxhaha/qianting
呼叫来自：inherit/room/room.c 的 make_inventory() 第 25 行，物件： data/room/pxhaha/qianting

执行时段错误：*Bad argument 1 to call_other()
Expected: string or array or object Got: 0.

程式：inherit/room/room.c 第 25 行
物件：/d/luoyang/shuoshu
呼叫来自：inherit/room/room.c 的 reset() 第 86 行，物件： d/luoyang/shuoshu
呼叫来自：inherit/room/room.c 的 make_inventory() 第 25 行，物件： d/luoyang/shuoshu

执行时段错误：*Bad argument 1 to call_other()
Expected: string or array or object Got: 0.

程式：feature/dbase.c 第 93 行
物件：/clone/user/user
呼叫来自：clone/user/user.c 的 reset() 第 86 行，物件： clone/user/user ("使用者物件")
呼叫来自：feature/dbase.c 的 add() 第 93 行，物件： clone/user/user ("使用者物件")
object /clone/user/user#9825: eval_cost too big 2000000

执行时段错误：*Too long evaluation. Execution aborted.

程式：clone/user/user.c 第 131 行
物件：/clone/user/user#9825
呼叫来自：feature/command.c 的 command_hook() 第 77 行，物件： clone/user/user#9825 ("懒兔浩然")
呼叫来自：cmds/skill/research.c 的 main() 第 212 行，物件： cmds/skill/research
呼叫来自：feature/dbase.c 的 add() 第 107 行，物件： clone/user/user#9825 ("懒兔浩然")
呼叫来自：clone/user/user.c 的 set() 第 131 行，物件： clone/user/user#9825 ("懒兔浩然")
object /clone/user/user#9825: eval_cost too big 2000000

执行时段错误：*Too long evaluation. Execution aborted.

程式：feature/skill.c 第 337 行
物件：/clone/user/user#9825
呼叫来自：feature/command.c 的 command_hook() 第 77 行，物件： clone/user/user#9825 ("懒兔浩然")
呼叫来自：cmds/skill/research.c 的 main() 第 211 行，物件： cmds/skill/research
呼叫来自：feature/skill.c 的 improve_skill() 第 337 行，物件： clone/user/user#9825 ("懒兔浩然")
object /clone/user/user#9825: eval_cost too big 2000000

执行时段错误：*Too long evaluation. Execution aborted.

程式：feature/message.c 第 172 行
物件：/clone/user/user#9825
呼叫来自：feature/message.c 的 write_prompt() 第 172 行，物件： clone/user/user#9825 ("懒兔浩然")
object /clone/user/user#9825: eval_cost too big 2000000

执行时段错误：*Too long evaluation. Execution aborted.

程式：feature/dbase.c 第 55 行
物件：/clone/user/user#9825
呼叫来自：feature/command.c 的 command_hook() 第 77 行，物件： clone/user/user#9825 ("懒兔浩然")
呼叫来自：cmds/skill/research.c 的 main() 第 212 行，物件： cmds/skill/research
呼叫来自：feature/dbase.c 的 add() 第 101 行，物件： clone/user/user#9825 ("懒兔浩然")
呼叫来自：feature/dbase.c 的 query() 第 55 行，物件： clone/user/user#9825 ("懒兔浩然")

执行时段错误：*Value being indexed is zero.

程式：clone/quest/search.c 第 91 行
物件：/clone/quest/search#51525
呼叫来自：adm/daemons/quest/search.c 的 heart_beat() 第 66 行，物件： adm/daemons/quest/search
呼叫来自：adm/daemons/quest/search.c 的 start_quest() 第 53 行，物件： adm/daemons/quest/search
呼叫来自：clone/quest/search.c 的 init_quest() 第 91 行，物件： clone/quest/search#51525 ("围攻0")
Heart beat in adm/daemons/quest/search turned off.
object /cmds/skill/research: eval_cost too big 2000000

执行时段错误：*Too long evaluation. Execution aborted.

程式：cmds/skill/research.c 第 211 行
物件：/cmds/skill/research
呼叫来自：feature/command.c 的 command_hook() 第 77 行，物件： clone/user/user#9825 ("懒兔浩然")
呼叫来自：cmds/skill/research.c 的 main() 第 211 行，物件： cmds/skill/research
错误讯息被拦截：
执行时段错误：*Error in loading object '/adm/daemons/story/labazhou'

程式：adm/daemons/storyd.c 第 131 行
物件：/adm/daemons/storyd
呼叫来自：adm/daemons/storyd.c 的 start_story() 第 131 行，物件： adm/daemons/storyd
呼叫来自：adm/daemons/storyd.c 的 CATCH() 第 131 行，物件： adm/daemons/storyd
object /clone/user/user#9825: eval_cost too big 2000000

执行时段错误：*Too long evaluation. Execution aborted.

程式：clone/user/user.c 第 131 行
物件：/clone/user/user#9825
呼叫来自：feature/command.c 的 command_hook() 第 77 行，物件： clone/user/user#9825 ("懒兔浩然")
呼叫来自：cmds/skill/research.c 的 main() 第 212 行，物件： cmds/skill/research
呼叫来自：feature/dbase.c 的 add() 第 107 行，物件： clone/user/user#9825 ("懒兔浩然")
呼叫来自：clone/user/user.c 的 set() 第 131 行，物件： clone/user/user#9825 ("懒兔浩然")
object /cmds/skill/research: eval_cost too big 2000000

执行时段错误：*Too long evaluation. Execution aborted.

程式：cmds/skill/research.c 第 219 行
物件：/cmds/skill/research
呼叫来自：feature/command.c 的 command_hook() 第 77 行，物件： clone/user/user#9825 ("懒兔浩然")
呼叫来自：cmds/skill/research.c 的 main() 第 219 行，物件： cmds/skill/research
object /clone/user/user#9825: eval_cost too big 2000000

执行时段错误：*Too long evaluation. Execution aborted.

程式：clone/user/user.c 第 1008 行
物件：/clone/user/user#9825
呼叫来自：feature/message.c 的 write_prompt() 第 170 行，物件： clone/user/user#9825 ("懒兔浩然")
呼叫来自：clone/user/user.c 的 is_attach_system() 第 1008 行，物件： clone/user/user#9825 ("懒兔浩然")
object /clone/user/user#9825: eval_cost too big 2000000

执行时段错误：*Too long evaluation. Execution aborted.

程式：feature/dbase.c 第 27 行
物件：/clone/user/user#9825
呼叫来自：feature/command.c 的 command_hook() 第 77 行，物件： clone/user/user#9825 ("懒兔浩然")
呼叫来自：cmds/skill/research.c 的 main() 第 212 行，物件： cmds/skill/research
呼叫来自：feature/dbase.c 的 add() 第 107 行，物件： clone/user/user#9825 ("懒兔浩然")
呼叫来自：clone/user/user.c 的 set() 第 131 行，物件： clone/user/user#9825 ("懒兔浩然")
呼叫来自：feature/dbase.c 的 set() 第 27 行，物件： clone/user/user#9825 ("懒兔浩然")
object /clone/user/user#9825: eval_cost too big 2000000

执行时段错误：*Too long evaluation. Execution aborted.

程式：feature/command.c 第 93 行
物件：/clone/user/user#9825
呼叫来自：feature/command.c 的 command_hook() 第 93 行，物件： clone/user/user#9825 ("懒兔浩然")
object /clone/user/user#9825: eval_cost too big 2000000

执行时段错误：*Too long evaluation. Execution aborted.

程式：clone/user/user.c 第 125 行
物件：/clone/user/user#9825
呼叫来自：feature/command.c 的 command_hook() 第 77 行，物件： clone/user/user#9825 ("懒兔浩然")
呼叫来自：cmds/skill/research.c 的 main() 第 212 行，物件： cmds/skill/research
呼叫来自：feature/dbase.c 的 add() 第 107 行，物件： clone/user/user#9825 ("懒兔浩然")
呼叫来自：clone/user/user.c 的 set() 第 125 行，物件： clone/user/user#9825 ("懒兔浩然")

执行时段错误：*Error in loading object '/d/mingjiao/npc/yanyuan'

程式：inherit/room/room.c 第 24 行
物件：/d/mingjiao/htqdating
呼叫来自：inherit/room/room.c 的 reset() 第 86 行，物件： d/mingjiao/htqdating
呼叫来自：inherit/room/room.c 的 make_inventory() 第 24 行，物件： d/mingjiao/htqdating

执行时段错误：*Error in loading object '/d/mingjiao/npc/wujincao'

程式：inherit/room/room.c 第 24 行
物件：/d/mingjiao/rjqlwch
呼叫来自：inherit/room/room.c 的 reset() 第 86 行，物件： d/mingjiao/rjqlwch
呼叫来自：inherit/room/room.c 的 make_inventory() 第 24 行，物件： d/mingjiao/rjqlwch

执行时段错误：*Bad argument 1 to call_other()
Expected: string or array or object Got: 0.

程式：inherit/room/room.c 第 25 行
物件：/data/room/obh1234/qianting
呼叫来自：inherit/room/room.c 的 reset() 第 86 行，物件： data/room/obh1234/qianting
呼叫来自：inherit/room/room.c 的 make_inventory() 第 25 行，物件： data/room/obh1234/qianting

执行时段错误：*Bad argument 1 to call_other()
Expected: string or array or object Got: 0.

程式：inherit/room/room.c 第 25 行
物件：/data/room/yxsyyr1/qianting
呼叫来自：inherit/room/room.c 的 reset() 第 86 行，物件： data/room/yxsyyr1/qianting
呼叫来自：inherit/room/room.c 的 make_inventory() 第 25 行，物件： data/room/yxsyyr1/qianting

执行时段错误：*Bad argument 1 to call_other()
Expected: string or array or object Got: 0.

程式：inherit/room/room.c 第 25 行
物件：/data/room/moyin/qianting
呼叫来自：inherit/room/room.c 的 reset() 第 86 行，物件： data/room/moyin/qianting
呼叫来自：inherit/room/room.c 的 make_inventory() 第 25 行，物件： data/room/moyin/qianting

执行时段错误：*Error in loading object '/d/wudu/npc/qiandu3'

程式：inherit/room/room.c 第 24 行
物件：/d/wudu/qiandu2
呼叫来自：inherit/room/room.c 的 reset() 第 86 行，物件： d/wudu/qiandu2
呼叫来自：inherit/room/room.c 的 make_inventory() 第 24 行，物件： d/wudu/qiandu2

执行时段错误：*Error in loading object '/d/mingjiao/npc/tangyang'

程式：inherit/room/room.c 第 24 行
物件：/d/mingjiao/hsqdating
呼叫来自：inherit/room/room.c 的 reset() 第 86 行，物件： d/mingjiao/hsqdating
呼叫来自：inherit/room/room.c 的 make_inventory() 第 24 行，物件： d/mingjiao/hsqdating

执行时段错误：*Bad argument 1 to call_other()
Expected: string or array or object Got: 0.

程式：inherit/room/room.c 第 25 行
物件：/data/room/tyz000/qianting
呼叫来自：inherit/room/room.c 的 reset() 第 86 行，物件： data/room/tyz000/qianting
呼叫来自：inherit/room/room.c 的 make_inventory() 第 25 行，物件： data/room/tyz000/qianting

执行时段错误：*Bad argument 1 to call_other()
Expected: string or array or object Got: 0.

程式：inherit/room/room.c 第 25 行
物件：/data/room/yixingbu/qianting
呼叫来自：inherit/room/room.c 的 reset() 第 86 行，物件： data/room/yixingbu/qianting
呼叫来自：inherit/room/room.c 的 make_inventory() 第 25 行，物件： data/room/yixingbu/qianting

执行时段错误：*Bad argument 1 to call_other()
Expected: string or array or object Got: 0.

程式：inherit/room/room.c 第 25 行
物件：/data/room/adawong/qianting
呼叫来自：inherit/room/room.c 的 reset() 第 86 行，物件： data/room/adawong/qianting
呼叫来自：inherit/room/room.c 的 make_inventory() 第 25 行，物件： data/room/adawong/qianting

执行时段错误：*Bad argument 1 to call_other()
Expected: string or array or object Got: 0.

程式：inherit/room/room.c 第 25 行
物件：/data/room/pxhaha/qianting
呼叫来自：inherit/room/room.c 的 reset() 第 86 行，物件： data/room/pxhaha/qianting
呼叫来自：inherit/room/room.c 的 make_inventory() 第 25 行，物件： data/room/pxhaha/qianting

执行时段错误：*Bad argument 1 to call_other()
Expected: string or array or object Got: 0.

程式：inherit/room/room.c 第 25 行
物件：/data/room/pxdaye/qianting
呼叫来自：inherit/room/room.c 的 reset() 第 86 行，物件： data/room/pxdaye/qianting
呼叫来自：inherit/room/room.c 的 make_inventory() 第 25 行，物件： data/room/pxdaye/qianting

执行时段错误：*Bad argument 1 to call_other()
Expected: string or array or object Got: 0.

程式：inherit/room/room.c 第 25 行
物件：/data/room/hubert/qianting
呼叫来自：inherit/room/room.c 的 reset() 第 86 行，物件： data/room/hubert/qianting
呼叫来自：inherit/room/room.c 的 make_inventory() 第 25 行，物件： data/room/hubert/qianting
object /clone/user/user#9825: eval_cost too big 2000000

执行时段错误：*Too long evaluation. Execution aborted.

程式：clone/user/user.c 第 125 行
物件：/clone/user/user#9825
呼叫来自：feature/command.c 的 command_hook() 第 77 行，物件： clone/user/user#9825 ("懒兔浩然")
呼叫来自：cmds/skill/research.c 的 main() 第 212 行，物件： cmds/skill/research
呼叫来自：feature/dbase.c 的 add() 第 107 行，物件： clone/user/user#9825 ("懒兔浩然")
呼叫来自：clone/user/user.c 的 set() 第 125 行，物件： clone/user/user#9825 ("懒兔浩然")

执行时段错误：*call_other() couldn't find object

程式：adm/daemons/npcd.c 第 421 行
物件：/adm/daemons/npcd
呼叫来自：inherit/char/char.c 的 heart_beat() 第 133 行，物件： clone/npc/walker#1032 ("司空荔州")
呼叫来自：inherit/char/npc.c 的 scan() 第 299 行，物件： clone/npc/walker#1032 ("司空荔州")
呼叫来自：inherit/char/npc.c 的 chat() 第 377 行，物件： clone/npc/walker#1032 ("司空荔州")
呼叫来自：<function> 的 <function>() 第 0 行，物件： clone/npc/walker#1032 ("司空荔州")
呼叫来自：clone/npc/walker.c 的 <function>() 第 27 行，物件： clone/npc/walker#1032 ("司空荔州")
呼叫来自：adm/daemons/npcd.c 的 random_move() 第 421 行，物件： adm/daemons/npcd
Heart beat in clone/npc/walker#1032 turned off.
object /clone/user/user#9825: eval_cost too big 2000000

执行时段错误：*Too long evaluation. Execution aborted.

程式：feature/skill.c 第 342 行
物件：/clone/user/user#9825
呼叫来自：feature/command.c 的 command_hook() 第 77 行，物件： clone/user/user#9825 ("懒兔浩然")
呼叫来自：cmds/skill/research.c 的 main() 第 211 行，物件： cmds/skill/research
呼叫来自：feature/skill.c 的 improve_skill() 第 342 行，物件： clone/user/user#9825 ("懒兔浩然")
object /clone/user/user#9825: eval_cost too big 2000000

执行时段错误：*Too long evaluation. Execution aborted.

程式：clone/user/user.c 第 1008 行
物件：/clone/user/user#9825
呼叫来自：feature/message.c 的 write_prompt() 第 170 行，物件： clone/user/user#9825 ("懒兔浩然")
呼叫来自：clone/user/user.c 的 is_attach_system() 第 1008 行，物件： clone/user/user#9825 ("懒兔浩然")

执行时段错误：*Value being indexed is zero.

程式：clone/quest/search.c 第 91 行
物件：/clone/quest/search#53448
呼叫来自：adm/daemons/quest/search.c 的 heart_beat() 第 66 行，物件： adm/daemons/quest/search
呼叫来自：adm/daemons/quest/search.c 的 start_quest() 第 53 行，物件： adm/daemons/quest/search
呼叫来自：clone/quest/search.c 的 init_quest() 第 91 行，物件： clone/quest/search#53448 ("围攻0")
Heart beat in adm/daemons/quest/search turned off.
object /clone/user/user#9825: eval_cost too big 2000000

执行时段错误：*Too long evaluation. Execution aborted.

程式：clone/user/user.c 第 1008 行
物件：/clone/user/user#9825
呼叫来自：feature/message.c 的 write_prompt() 第 170 行，物件： clone/user/user#9825 ("懒兔浩然")
呼叫来自：clone/user/user.c 的 is_attach_system() 第 1008 行，物件： clone/user/user#9825 ("懒兔浩然")
object /clone/user/user#9825: eval_cost too big 2000000

执行时段错误：*Too long evaluation. Execution aborted.

程式：feature/message.c 第 172 行
物件：/clone/user/user#9825
呼叫来自：feature/message.c 的 write_prompt() 第 172 行，物件： clone/user/user#9825 ("懒兔浩然")
object /clone/user/user#9825: eval_cost too big 2000000

执行时段错误：*Too long evaluation. Execution aborted.

程式：feature/dbase.c 第 101 行
物件：/clone/user/user#9825
呼叫来自：feature/command.c 的 command_hook() 第 77 行，物件： clone/user/user#9825 ("懒兔浩然")
呼叫来自：cmds/skill/research.c 的 main() 第 212 行，物件： cmds/skill/research
呼叫来自：feature/dbase.c 的 add() 第 101 行，物件： clone/user/user#9825 ("懒兔浩然")

执行时段错误：*call_other() couldn't find object

程式：adm/daemons/npcd.c 第 421 行
物件：/adm/daemons/npcd
呼叫来自：inherit/char/char.c 的 heart_beat() 第 133 行，物件： clone/npc/walker#2084 ("独孤都熹")
呼叫来自：inherit/char/npc.c 的 scan() 第 299 行，物件： clone/npc/walker#2084 ("独孤都熹")
呼叫来自：inherit/char/npc.c 的 chat() 第 377 行，物件： clone/npc/walker#2084 ("独孤都熹")
呼叫来自：<function> 的 <function>() 第 0 行，物件： clone/npc/walker#2084 ("独孤都熹")
呼叫来自：clone/npc/walker.c 的 <function>() 第 27 行，物件： clone/npc/walker#2084 ("独孤都熹")
呼叫来自：adm/daemons/npcd.c 的 random_move() 第 421 行，物件： adm/daemons/npcd
Heart beat in clone/npc/walker#2084 turned off.
object /cmds/skill/research: eval_cost too big 2000000

执行时段错误：*Too long evaluation. Execution aborted.

程式：cmds/skill/research.c 第 220 行
物件：/cmds/skill/research
呼叫来自：feature/command.c 的 command_hook() 第 77 行，物件： clone/user/user#9825 ("懒兔浩然")
呼叫来自：cmds/skill/research.c 的 main() 第 220 行，物件： cmds/skill/research
object /clone/user/user#9825: eval_cost too big 2000000

执行时段错误：*Too long evaluation. Execution aborted.

程式：feature/message.c 第 172 行
物件：/clone/user/user#9825
呼叫来自：feature/message.c 的 write_prompt() 第 172 行，物件： clone/user/user#9825 ("懒兔浩然")

执行时段错误：*Error in loading object '/d/mingjiao/npc/yanyuan'

程式：inherit/room/room.c 第 24 行
物件：/d/mingjiao/htqdating
呼叫来自：inherit/room/room.c 的 reset() 第 86 行，物件： d/mingjiao/htqdating
呼叫来自：inherit/room/room.c 的 make_inventory() 第 24 行，物件： d/mingjiao/htqdating

执行时段错误：*Bad argument 1 to call_other()
Expected: string or array or object Got: 0.

程式：feature/dbase.c 第 93 行
物件：/clone/user/user#34698
呼叫来自：clone/user/user.c 的 reset() 第 86 行，物件： clone/user/user#34698 ("慕容秋荻")
呼叫来自：feature/dbase.c 的 add() 第 93 行，物件： clone/user/user#34698 ("慕容秋荻")

执行时段错误：*Error in loading object '/d/mingjiao/npc/wujincao'

程式：inherit/room/room.c 第 24 行
物件：/d/mingjiao/rjqlwch
呼叫来自：inherit/room/room.c 的 reset() 第 86 行，物件： d/mingjiao/rjqlwch
呼叫来自：inherit/room/room.c 的 make_inventory() 第 24 行，物件： d/mingjiao/rjqlwch

执行时段错误：*Bad argument 1 to call_other()
Expected: string or array or object Got: 0.

程式：inherit/room/room.c 第 25 行
物件：/data/room/liu12345/qianting
呼叫来自：inherit/room/room.c 的 reset() 第 86 行，物件： data/room/liu12345/qianting
呼叫来自：inherit/room/room.c 的 make_inventory() 第 25 行，物件： data/room/liu12345/qianting

执行时段错误：*Bad argument 1 to call_other()
Expected: string or array or object Got: 0.

程式：inherit/room/room.c 第 25 行
物件：/data/room/obh1234/qianting
呼叫来自：inherit/room/room.c 的 reset() 第 86 行，物件： data/room/obh1234/qianting
呼叫来自：inherit/room/room.c 的 make_inventory() 第 25 行，物件： data/room/obh1234/qianting

执行时段错误：*Inherited file '/inherit/char/lang2' does not exist!

程式：inherit/room/room.c 第 24 行
物件：/d/wudu/langwo
呼叫来自：inherit/room/room.c 的 reset() 第 86 行，物件： d/wudu/langwo
呼叫来自：inherit/room/room.c 的 make_inventory() 第 24 行，物件： d/wudu/langwo

执行时段错误：*Error in loading object '/d/wudu/npc/qiandu3'

程式：inherit/room/room.c 第 24 行
物件：/d/wudu/qiandu2
呼叫来自：inherit/room/room.c 的 reset() 第 86 行，物件： d/wudu/qiandu2
呼叫来自：inherit/room/room.c 的 make_inventory() 第 24 行，物件： d/wudu/qiandu2

执行时段错误：*Error in loading object '/d/mingjiao/npc/tangyang'

程式：inherit/room/room.c 第 24 行
物件：/d/mingjiao/hsqdating
呼叫来自：inherit/room/room.c 的 reset() 第 86 行，物件： d/mingjiao/hsqdating
呼叫来自：inherit/room/room.c 的 make_inventory() 第 24 行，物件： d/mingjiao/hsqdating

执行时段错误：*Bad argument 1 to call_other()
Expected: string or array or object Got: 0.

程式：inherit/room/room.c 第 25 行
物件：/data/room/tyz000/qianting
呼叫来自：inherit/room/room.c 的 reset() 第 86 行，物件： data/room/tyz000/qianting
呼叫来自：inherit/room/room.c 的 make_inventory() 第 25 行，物件： data/room/tyz000/qianting

执行时段错误：*Error in loading object '/kungfu/class/sky/obj/shenjiu'

程式：inherit/char/npc.c 第 17 行
物件：/d/luoyang/npc/libai#54482
呼叫来自：inherit/room/room.c 的 reset() 第 86 行，物件： d/luoyang/zuixianlou4
呼叫来自：inherit/room/room.c 的 make_inventory() 第 24 行，物件： d/luoyang/zuixianlou4
呼叫来自：d/luoyang/npc/libai.c 的 create() 第 64 行，物件： d/luoyang/npc/libai#54482 ("李白")
呼叫来自：inherit/char/npc.c 的 carry_object() 第 17 行，物件： d/luoyang/npc/libai#54482 ("李白")

执行时段错误：*Bad argument 1 to call_other()
Expected: string or array or object Got: 0.

程式：inherit/room/room.c 第 25 行
物件：/data/room/w2544460429/qianting
呼叫来自：inherit/room/room.c 的 reset() 第 86 行，物件： data/room/w2544460429/qianting
呼叫来自：inherit/room/room.c 的 make_inventory() 第 25 行，物件： data/room/w2544460429/qianting

执行时段错误：*Bad argument 1 to call_other()
Expected: string or array or object Got: 0.

程式：inherit/room/room.c 第 25 行
物件：/data/room/qazzaq/qianting
呼叫来自：inherit/room/room.c 的 reset() 第 86 行，物件： data/room/qazzaq/qianting
呼叫来自：inherit/room/room.c 的 make_inventory() 第 25 行，物件： data/room/qazzaq/qianting

执行时段错误：*Bad argument 1 to call_other()
Expected: string or array or object Got: 0.

程式：inherit/room/room.c 第 25 行
物件：/data/room/adawong/qianting
呼叫来自：inherit/room/room.c 的 reset() 第 86 行，物件： data/room/adawong/qianting
呼叫来自：inherit/room/room.c 的 make_inventory() 第 25 行，物件： data/room/adawong/qianting

执行时段错误：*Bad argument 1 to call_other()
Expected: string or array or object Got: 0.

程式：inherit/room/room.c 第 25 行
物件：/data/room/pxhaha/qianting
呼叫来自：inherit/room/room.c 的 reset() 第 86 行，物件： data/room/pxhaha/qianting
呼叫来自：inherit/room/room.c 的 make_inventory() 第 25 行，物件： data/room/pxhaha/qianting

执行时段错误：*Bad argument 1 to call_other()
Expected: string or array or object Got: 0.

程式：inherit/room/room.c 第 25 行
物件：/data/room/pxdaye/qianting
呼叫来自：inherit/room/room.c 的 reset() 第 86 行，物件： data/room/pxdaye/qianting
呼叫来自：inherit/room/room.c 的 make_inventory() 第 25 行，物件： data/room/pxdaye/qianting

执行时段错误：*Bad argument 1 to call_other()
Expected: string or array or object Got: 0.

程式：inherit/room/room.c 第 25 行
物件：/d/luoyang/shuoshu
呼叫来自：inherit/room/room.c 的 reset() 第 86 行，物件： d/luoyang/shuoshu
呼叫来自：inherit/room/room.c 的 make_inventory() 第 25 行，物件： d/luoyang/shuoshu

执行时段错误：*Bad argument 1 to call_other()
Expected: string or array or object Got: 0.

程式：feature/dbase.c 第 93 行
物件：/clone/user/user
呼叫来自：clone/user/user.c 的 reset() 第 86 行，物件： clone/user/user ("使用者物件")
呼叫来自：feature/dbase.c 的 add() 第 93 行，物件： clone/user/user ("使用者物件")
object /clone/user/user#9825: eval_cost too big 2000000

执行时段错误：*Too long evaluation. Execution aborted.

程式：feature/dbase.c 第 38 行
物件：/clone/user/user#9825
呼叫来自：feature/command.c 的 command_hook() 第 77 行，物件： clone/user/user#9825 ("懒兔浩然")
呼叫来自：cmds/skill/research.c 的 main() 第 212 行，物件： cmds/skill/research
呼叫来自：feature/dbase.c 的 add() 第 107 行，物件： clone/user/user#9825 ("懒兔浩然")
呼叫来自：clone/user/user.c 的 set() 第 131 行，物件： clone/user/user#9825 ("懒兔浩然")
呼叫来自：feature/dbase.c 的 set() 第 38 行，物件： clone/user/user#9825 ("懒兔浩然")

执行时段错误：*Value being indexed is zero.

程式：clone/quest/search.c 第 91 行
物件：/clone/quest/search#55274
呼叫来自：adm/daemons/quest/search.c 的 heart_beat() 第 66 行，物件： adm/daemons/quest/search
呼叫来自：adm/daemons/quest/search.c 的 start_quest() 第 53 行，物件： adm/daemons/quest/search
呼叫来自：clone/quest/search.c 的 init_quest() 第 91 行，物件： clone/quest/search#55274 ("围攻0")
Heart beat in adm/daemons/quest/search turned off.
object /clone/user/user#9825: eval_cost too big 2000000

执行时段错误：*Too long evaluation. Execution aborted.

程式：feature/message.c 第 172 行
物件：/clone/user/user#9825
呼叫来自：feature/message.c 的 write_prompt() 第 172 行，物件： clone/user/user#9825 ("懒兔浩然")
object /clone/user/user#9825: eval_cost too big 2000000

执行时段错误：*Too long evaluation. Execution aborted.

程式：feature/skill.c 第 345 行
物件：/clone/user/user#9825
呼叫来自：feature/command.c 的 command_hook() 第 77 行，物件： clone/user/user#9825 ("懒兔浩然")
呼叫来自：cmds/skill/research.c 的 main() 第 211 行，物件： cmds/skill/research
呼叫来自：feature/skill.c 的 improve_skill() 第 345 行，物件： clone/user/user#9825 ("懒兔浩然")

执行时段错误：*Bad argument 1 to call_other()
Expected: string or array or object Got: 0.

程式：feature/dbase.c 第 93 行
物件：/clone/user/user#34698
呼叫来自：clone/user/user.c 的 reset() 第 86 行，物件： clone/user/user#34698 ("慕容秋荻")
呼叫来自：feature/dbase.c 的 add() 第 93 行，物件： clone/user/user#34698 ("慕容秋荻")

执行时段错误：*Bad argument 1 to call_other()
Expected: string or array or object Got: 0.

程式：inherit/room/room.c 第 25 行
物件：/data/room/yxsyyr1/qianting
呼叫来自：inherit/room/room.c 的 reset() 第 86 行，物件： data/room/yxsyyr1/qianting
呼叫来自：inherit/room/room.c 的 make_inventory() 第 25 行，物件： data/room/yxsyyr1/qianting

执行时段错误：*Bad argument 1 to call_other()
Expected: string or array or object Got: 0.

程式：inherit/room/room.c 第 25 行
物件：/data/room/moyin/qianting
呼叫来自：inherit/room/room.c 的 reset() 第 86 行，物件： data/room/moyin/qianting
呼叫来自：inherit/room/room.c 的 make_inventory() 第 25 行，物件： data/room/moyin/qianting

执行时段错误：*Error in loading object '/d/wudu/npc/qiandu3'

程式：inherit/room/room.c 第 24 行
物件：/d/wudu/qiandu2
呼叫来自：inherit/room/room.c 的 reset() 第 86 行，物件： d/wudu/qiandu2
呼叫来自：inherit/room/room.c 的 make_inventory() 第 24 行，物件： d/wudu/qiandu2

执行时段错误：*Bad argument 1 to call_other()
Expected: string or array or object Got: 0.

程式：inherit/room/room.c 第 25 行
物件：/data/room/yixingbu/qianting
呼叫来自：inherit/room/room.c 的 reset() 第 86 行，物件： data/room/yixingbu/qianting
呼叫来自：inherit/room/room.c 的 make_inventory() 第 25 行，物件： data/room/yixingbu/qianting

执行时段错误：*Bad argument 1 to call_other()
Expected: string or array or object Got: 0.

程式：inherit/room/room.c 第 25 行
物件：/data/room/qazzaq/qianting
呼叫来自：inherit/room/room.c 的 reset() 第 86 行，物件： data/room/qazzaq/qianting
呼叫来自：inherit/room/room.c 的 make_inventory() 第 25 行，物件： data/room/qazzaq/qianting

执行时段错误：*Bad argument 1 to call_other()
Expected: string or array or object Got: 0.

程式：inherit/room/room.c 第 25 行
物件：/data/room/pxhaha/qianting
呼叫来自：inherit/room/room.c 的 reset() 第 86 行，物件： data/room/pxhaha/qianting
呼叫来自：inherit/room/room.c 的 make_inventory() 第 25 行，物件： data/room/pxhaha/qianting

执行时段错误：*Bad argument 1 to call_other()
Expected: string or array or object Got: 0.

程式：inherit/room/room.c 第 25 行
物件：/d/luoyang/shuoshu
呼叫来自：inherit/room/room.c 的 reset() 第 86 行，物件： d/luoyang/shuoshu
呼叫来自：inherit/room/room.c 的 make_inventory() 第 25 行，物件： d/luoyang/shuoshu

执行时段错误：*Bad argument 1 to call_other()
Expected: string or array or object Got: 0.

程式：inherit/room/room.c 第 25 行
物件：/data/room/hubert/qianting
呼叫来自：inherit/room/room.c 的 reset() 第 86 行，物件： data/room/hubert/qianting
呼叫来自：inherit/room/room.c 的 make_inventory() 第 25 行，物件： data/room/hubert/qianting

执行时段错误：*Bad argument 1 to call_other()
Expected: string or array or object Got: 0.

程式：feature/dbase.c 第 93 行
物件：/clone/user/user
呼叫来自：clone/user/user.c 的 reset() 第 86 行，物件： clone/user/user ("使用者物件")
呼叫来自：feature/dbase.c 的 add() 第 93 行，物件： clone/user/user ("使用者物件")
object /clone/user/user#9825: eval_cost too big 2000000

执行时段错误：*Too long evaluation. Execution aborted.

程式：feature/message.c 第 167 行
物件：/clone/user/user#9825
呼叫来自：feature/message.c 的 write_prompt() 第 167 行，物件： clone/user/user#9825 ("懒兔浩然")
object /clone/user/user#9825: eval_cost too big 2000000

执行时段错误：*Too long evaluation. Execution aborted.

程式：feature/skill.c 第 365 行
物件：/clone/user/user#9825
呼叫来自：feature/command.c 的 command_hook() 第 77 行，物件： clone/user/user#9825 ("懒兔浩然")
呼叫来自：cmds/skill/research.c 的 main() 第 211 行，物件： cmds/skill/research
呼叫来自：feature/skill.c 的 improve_skill() 第 365 行，物件： clone/user/user#9825 ("懒兔浩然")
object /clone/user/user#9825: eval_cost too big 2000000

执行时段错误：*Too long evaluation. Execution aborted.

程式：feature/skill.c 第 369 行
物件：/clone/user/user#9825
呼叫来自：feature/command.c 的 command_hook() 第 77 行，物件： clone/user/user#9825 ("懒兔浩然")
呼叫来自：cmds/skill/research.c 的 main() 第 211 行，物件： cmds/skill/research
呼叫来自：feature/skill.c 的 improve_skill() 第 369 行，物件： clone/user/user#9825 ("懒兔浩然")
object /clone/user/user#9825: eval_cost too big 2000000

执行时段错误：*Too long evaluation. Execution aborted.

程式：feature/message.c 第 170 行
物件：/clone/user/user#9825
呼叫来自：feature/message.c 的 write_prompt() 第 170 行，物件： clone/user/user#9825 ("懒兔浩然")
object /clone/user/user#9825: eval_cost too big 2000000

执行时段错误：*Too long evaluation. Execution aborted.

程式：feature/dbase.c 第 38 行
物件：/clone/user/user#9825
呼叫来自：feature/command.c 的 command_hook() 第 77 行，物件： clone/user/user#9825 ("懒兔浩然")
呼叫来自：cmds/skill/research.c 的 main() 第 209 行，物件： cmds/skill/research
呼叫来自：feature/dbase.c 的 add() 第 107 行，物件： clone/user/user#9825 ("懒兔浩然")
呼叫来自：clone/user/user.c 的 set() 第 131 行，物件： clone/user/user#9825 ("懒兔浩然")
呼叫来自：feature/dbase.c 的 set() 第 38 行，物件： clone/user/user#9825 ("懒兔浩然")

执行时段错误：*Value being indexed is zero.

程式：clone/quest/search.c 第 91 行
物件：/clone/quest/search#57181
呼叫来自：adm/daemons/quest/search.c 的 heart_beat() 第 66 行，物件： adm/daemons/quest/search
呼叫来自：adm/daemons/quest/search.c 的 start_quest() 第 53 行，物件： adm/daemons/quest/search
呼叫来自：clone/quest/search.c 的 init_quest() 第 91 行，物件： clone/quest/search#57181 ("围攻0")
Heart beat in adm/daemons/quest/search turned off.
object /clone/user/user#9825: eval_cost too big 2000000

执行时段错误：*Too long evaluation. Execution aborted.

程式：feature/dbase.c 第 27 行
物件：/clone/user/user#9825
呼叫来自：feature/command.c 的 command_hook() 第 77 行，物件： clone/user/user#9825 ("懒兔浩然")
呼叫来自：cmds/skill/research.c 的 main() 第 212 行，物件： cmds/skill/research
呼叫来自：feature/dbase.c 的 add() 第 107 行，物件： clone/user/user#9825 ("懒兔浩然")
呼叫来自：clone/user/user.c 的 set() 第 131 行，物件： clone/user/user#9825 ("懒兔浩然")
呼叫来自：feature/dbase.c 的 set() 第 27 行，物件： clone/user/user#9825 ("懒兔浩然")
object /cmds/skill/research: eval_cost too big 2000000

执行时段错误：*Too long evaluation. Execution aborted.

程式：cmds/skill/research.c 第 219 行
物件：/cmds/skill/research
呼叫来自：feature/command.c 的 command_hook() 第 77 行，物件： clone/user/user#9825 ("懒兔浩然")
呼叫来自：cmds/skill/research.c 的 main() 第 219 行，物件： cmds/skill/research
object /clone/user/user#9825: eval_cost too big 2000000

执行时段错误：*Too long evaluation. Execution aborted.

程式：feature/skill.c 第 335 行
物件：/clone/user/user#9825
呼叫来自：feature/command.c 的 command_hook() 第 77 行，物件： clone/user/user#9825 ("懒兔浩然")
呼叫来自：cmds/skill/research.c 的 main() 第 211 行，物件： cmds/skill/research
呼叫来自：feature/skill.c 的 improve_skill() 第 335 行，物件： clone/user/user#9825 ("懒兔浩然")
object /clone/user/user#9825: eval_cost too big 2000000

执行时段错误：*Too long evaluation. Execution aborted.

程式：feature/dbase.c 第 27 行
物件：/clone/user/user#9825
呼叫来自：feature/command.c 的 command_hook() 第 77 行，物件： clone/user/user#9825 ("懒兔浩然")
呼叫来自：cmds/skill/research.c 的 main() 第 212 行，物件： cmds/skill/research
呼叫来自：feature/dbase.c 的 add() 第 107 行，物件： clone/user/user#9825 ("懒兔浩然")
呼叫来自：clone/user/user.c 的 set() 第 131 行，物件： clone/user/user#9825 ("懒兔浩然")
呼叫来自：feature/dbase.c 的 set() 第 27 行，物件： clone/user/user#9825 ("懒兔浩然")
object /clone/user/user#9825: eval_cost too big 2000000

执行时段错误：*Too long evaluation. Execution aborted.

程式：feature/message.c 第 167 行
物件：/clone/user/user#9825
呼叫来自：feature/message.c 的 write_prompt() 第 167 行，物件： clone/user/user#9825 ("懒兔浩然")
object /clone/user/user#9825: eval_cost too big 2000000

执行时段错误：*Too long evaluation. Execution aborted.

程式：feature/dbase.c 第 50 行
物件：/clone/user/user#9825
呼叫来自：feature/command.c 的 command_hook() 第 77 行，物件： clone/user/user#9825 ("懒兔浩然")
呼叫来自：cmds/skill/research.c 的 main() 第 186 行，物件： cmds/skill/research
呼叫来自：feature/damage.c 的 receive_damage() 第 48 行，物件： clone/user/user#9825 ("懒兔浩然")
呼叫来自：feature/dbase.c 的 query() 第 50 行，物件： clone/user/user#9825 ("懒兔浩然")
object /cmds/skill/research: eval_cost too big 2000000

执行时段错误：*Too long evaluation. Execution aborted.

程式：cmds/skill/research.c 第 219 行
物件：/cmds/skill/research
呼叫来自：feature/command.c 的 command_hook() 第 77 行，物件： clone/user/user#9825 ("懒兔浩然")
呼叫来自：cmds/skill/research.c 的 main() 第 219 行，物件： cmds/skill/research
object /clone/user/user#9825: eval_cost too big 2000000

执行时段错误：*Too long evaluation. Execution aborted.

程式：feature/skill.c 第 330 行
物件：/clone/user/user#9825
呼叫来自：feature/command.c 的 command_hook() 第 77 行，物件： clone/user/user#9825 ("懒兔浩然")
呼叫来自：cmds/skill/research.c 的 main() 第 211 行，物件： cmds/skill/research
呼叫来自：feature/skill.c 的 improve_skill() 第 330 行，物件： clone/user/user#9825 ("懒兔浩然")

执行时段错误：*Error in loading object '/d/mingjiao/npc/yanyuan'

程式：inherit/room/room.c 第 24 行
物件：/d/mingjiao/htqdating
呼叫来自：inherit/room/room.c 的 reset() 第 86 行，物件： d/mingjiao/htqdating
呼叫来自：inherit/room/room.c 的 make_inventory() 第 24 行，物件： d/mingjiao/htqdating

执行时段错误：*Error in loading object '/d/mingjiao/npc/wujincao'

程式：inherit/room/room.c 第 24 行
物件：/d/mingjiao/rjqlwch
呼叫来自：inherit/room/room.c 的 reset() 第 86 行，物件： d/mingjiao/rjqlwch
呼叫来自：inherit/room/room.c 的 make_inventory() 第 24 行，物件： d/mingjiao/rjqlwch

执行时段错误：*Bad argument 1 to call_other()
Expected: string or array or object Got: 0.

程式：inherit/room/room.c 第 25 行
物件：/data/room/liu12345/qianting
呼叫来自：inherit/room/room.c 的 reset() 第 86 行，物件： data/room/liu12345/qianting
呼叫来自：inherit/room/room.c 的 make_inventory() 第 25 行，物件： data/room/liu12345/qianting

执行时段错误：*Bad argument 1 to call_other()
Expected: string or array or object Got: 0.

程式：inherit/room/room.c 第 25 行
物件：/data/room/obh1234/qianting
呼叫来自：inherit/room/room.c 的 reset() 第 86 行，物件： data/room/obh1234/qianting
呼叫来自：inherit/room/room.c 的 make_inventory() 第 25 行，物件： data/room/obh1234/qianting

执行时段错误：*Inherited file '/inherit/char/lang2' does not exist!

程式：inherit/room/room.c 第 24 行
物件：/d/wudu/langwo
呼叫来自：inherit/room/room.c 的 reset() 第 86 行，物件： d/wudu/langwo
呼叫来自：inherit/room/room.c 的 make_inventory() 第 24 行，物件： d/wudu/langwo

执行时段错误：*Bad argument 1 to call_other()
Expected: string or array or object Got: 0.

程式：inherit/room/room.c 第 25 行
物件：/data/room/yxsyyr1/qianting
呼叫来自：inherit/room/room.c 的 reset() 第 86 行，物件： data/room/yxsyyr1/qianting
呼叫来自：inherit/room/room.c 的 make_inventory() 第 25 行，物件： data/room/yxsyyr1/qianting

执行时段错误：*Error in loading object '/d/wudu/npc/qiandu3'

程式：inherit/room/room.c 第 24 行
物件：/d/wudu/qiandu2
呼叫来自：inherit/room/room.c 的 reset() 第 86 行，物件： d/wudu/qiandu2
呼叫来自：inherit/room/room.c 的 make_inventory() 第 24 行，物件： d/wudu/qiandu2

执行时段错误：*Error in loading object '/d/mingjiao/npc/tangyang'

程式：inherit/room/room.c 第 24 行
物件：/d/mingjiao/hsqdating
呼叫来自：inherit/room/room.c 的 reset() 第 86 行，物件： d/mingjiao/hsqdating
呼叫来自：inherit/room/room.c 的 make_inventory() 第 24 行，物件： d/mingjiao/hsqdating

执行时段错误：*Bad argument 1 to call_other()
Expected: string or array or object Got: 0.

程式：inherit/room/room.c 第 25 行
物件：/data/room/tyz000/qianting
呼叫来自：inherit/room/room.c 的 reset() 第 86 行，物件： data/room/tyz000/qianting
呼叫来自：inherit/room/room.c 的 make_inventory() 第 25 行，物件： data/room/tyz000/qianting

执行时段错误：*Error in loading object '/kungfu/class/sky/obj/shenjiu'

程式：inherit/char/npc.c 第 17 行
物件：/d/luoyang/npc/libai#58264
呼叫来自：inherit/room/room.c 的 reset() 第 86 行，物件： d/luoyang/zuixianlou4
呼叫来自：inherit/room/room.c 的 make_inventory() 第 24 行，物件： d/luoyang/zuixianlou4
呼叫来自：d/luoyang/npc/libai.c 的 create() 第 64 行，物件： d/luoyang/npc/libai#58264 ("李白")
呼叫来自：inherit/char/npc.c 的 carry_object() 第 17 行，物件： d/luoyang/npc/libai#58264 ("李白")

执行时段错误：*Bad argument 1 to call_other()
Expected: string or array or object Got: 0.

程式：inherit/room/room.c 第 25 行
物件：/data/room/w2544460429/qianting
呼叫来自：inherit/room/room.c 的 reset() 第 86 行，物件： data/room/w2544460429/qianting
呼叫来自：inherit/room/room.c 的 make_inventory() 第 25 行，物件： data/room/w2544460429/qianting

执行时段错误：*Bad argument 1 to call_other()
Expected: string or array or object Got: 0.

程式：inherit/room/room.c 第 25 行
物件：/data/room/qazzaq/qianting
呼叫来自：inherit/room/room.c 的 reset() 第 86 行，物件： data/room/qazzaq/qianting
呼叫来自：inherit/room/room.c 的 make_inventory() 第 25 行，物件： data/room/qazzaq/qianting

执行时段错误：*Bad argument 1 to call_other()
Expected: string or array or object Got: 0.

程式：inherit/room/room.c 第 25 行
物件：/data/room/adawong/qianting
呼叫来自：inherit/room/room.c 的 reset() 第 86 行，物件： data/room/adawong/qianting
呼叫来自：inherit/room/room.c 的 make_inventory() 第 25 行，物件： data/room/adawong/qianting

执行时段错误：*Bad argument 1 to call_other()
Expected: string or array or object Got: 0.

程式：inherit/room/room.c 第 25 行
物件：/data/room/pxdaye/qianting
呼叫来自：inherit/room/room.c 的 reset() 第 86 行，物件： data/room/pxdaye/qianting
呼叫来自：inherit/room/room.c 的 make_inventory() 第 25 行，物件： data/room/pxdaye/qianting

执行时段错误：*Bad argument 1 to call_other()
Expected: string or array or object Got: 0.

程式：inherit/room/room.c 第 25 行
物件：/d/luoyang/shuoshu
呼叫来自：inherit/room/room.c 的 reset() 第 86 行，物件： d/luoyang/shuoshu
呼叫来自：inherit/room/room.c 的 make_inventory() 第 25 行，物件： d/luoyang/shuoshu
object /clone/user/user#9825: eval_cost too big 2000000

执行时段错误：*Too long evaluation. Execution aborted.

程式：feature/message.c 第 170 行
物件：/clone/user/user#9825
呼叫来自：feature/message.c 的 write_prompt() 第 170 行，物件： clone/user/user#9825 ("懒兔浩然")
object /clone/user/user#9825: eval_cost too big 2000000

执行时段错误：*Too long evaluation. Execution aborted.

程式：feature/skill.c 第 367 行
物件：/clone/user/user#9825
呼叫来自：feature/command.c 的 command_hook() 第 77 行，物件： clone/user/user#9825 ("懒兔浩然")
呼叫来自：cmds/skill/research.c 的 main() 第 211 行，物件： cmds/skill/research
呼叫来自：feature/skill.c 的 improve_skill() 第 367 行，物件： clone/user/user#9825 ("懒兔浩然")

执行时段错误：*Value being indexed is zero.

程式：clone/quest/search.c 第 91 行
物件：/clone/quest/search#58917
呼叫来自：adm/daemons/quest/search.c 的 heart_beat() 第 66 行，物件： adm/daemons/quest/search
呼叫来自：adm/daemons/quest/search.c 的 start_quest() 第 53 行，物件： adm/daemons/quest/search
呼叫来自：clone/quest/search.c 的 init_quest() 第 91 行，物件： clone/quest/search#58917 ("围攻0")
Heart beat in adm/daemons/quest/search turned off.
object /clone/user/user#9825: eval_cost too big 2000000

执行时段错误：*Too long evaluation. Execution aborted.

程式：feature/skill.c 第 369 行
物件：/clone/user/user#9825
呼叫来自：feature/command.c 的 command_hook() 第 77 行，物件： clone/user/user#9825 ("懒兔浩然")
呼叫来自：cmds/skill/research.c 的 main() 第 211 行，物件： cmds/skill/research
呼叫来自：feature/skill.c 的 improve_skill() 第 369 行，物件： clone/user/user#9825 ("懒兔浩然")
错误讯息被拦截：
执行时段错误：*Error in loading object '/adm/daemons/story/labazhou'

程式：adm/daemons/storyd.c 第 131 行
物件：/adm/daemons/storyd
呼叫来自：adm/daemons/storyd.c 的 start_story() 第 131 行，物件： adm/daemons/storyd
呼叫来自：adm/daemons/storyd.c 的 CATCH() 第 131 行，物件： adm/daemons/storyd
object /clone/user/user#9825: eval_cost too big 2000000

执行时段错误：*Too long evaluation. Execution aborted.

程式：feature/message.c 第 172 行
物件：/clone/user/user#9825
呼叫来自：feature/message.c 的 write_prompt() 第 172 行，物件： clone/user/user#9825 ("懒兔浩然")
object /clone/user/user#9825: eval_cost too big 2000000

执行时段错误：*Too long evaluation. Execution aborted.

程式：feature/dbase.c 第 86 行
物件：/clone/user/user#9825
呼叫来自：feature/command.c 的 command_hook() 第 77 行，物件： clone/user/user#9825 ("懒兔浩然")
呼叫来自：cmds/skill/research.c 的 main() 第 212 行，物件： cmds/skill/research
呼叫来自：feature/dbase.c 的 add() 第 86 行，物件： clone/user/user#9825 ("懒兔浩然")

执行时段错误：*Error in loading object '/d/mingjiao/npc/yanyuan'

程式：inherit/room/room.c 第 24 行
物件：/d/mingjiao/htqdating
呼叫来自：inherit/room/room.c 的 reset() 第 86 行，物件： d/mingjiao/htqdating
呼叫来自：inherit/room/room.c 的 make_inventory() 第 24 行，物件： d/mingjiao/htqdating

执行时段错误：*Bad argument 1 to call_other()
Expected: string or array or object Got: 0.

程式：feature/dbase.c 第 93 行
物件：/clone/user/user#34698
呼叫来自：clone/user/user.c 的 reset() 第 86 行，物件： clone/user/user#34698 ("慕容秋荻")
呼叫来自：feature/dbase.c 的 add() 第 93 行，物件： clone/user/user#34698 ("慕容秋荻")

执行时段错误：*Error in loading object '/d/mingjiao/npc/wujincao'

程式：inherit/room/room.c 第 24 行
物件：/d/mingjiao/rjqlwch
呼叫来自：inherit/room/room.c 的 reset() 第 86 行，物件： d/mingjiao/rjqlwch
呼叫来自：inherit/room/room.c 的 make_inventory() 第 24 行，物件： d/mingjiao/rjqlwch

执行时段错误：*Bad argument 1 to call_other()
Expected: string or array or object Got: 0.

程式：inherit/room/room.c 第 25 行
物件：/data/room/obh1234/qianting
呼叫来自：inherit/room/room.c 的 reset() 第 86 行，物件： data/room/obh1234/qianting
呼叫来自：inherit/room/room.c 的 make_inventory() 第 25 行，物件： data/room/obh1234/qianting

执行时段错误：*Inherited file '/inherit/char/lang2' does not exist!

程式：inherit/room/room.c 第 24 行
物件：/d/wudu/langwo
呼叫来自：inherit/room/room.c 的 reset() 第 86 行，物件： d/wudu/langwo
呼叫来自：inherit/room/room.c 的 make_inventory() 第 24 行，物件： d/wudu/langwo

执行时段错误：*Bad argument 1 to call_other()
Expected: string or array or object Got: 0.

程式：inherit/room/room.c 第 25 行
物件：/data/room/yxsyyr1/qianting
呼叫来自：inherit/room/room.c 的 reset() 第 86 行，物件： data/room/yxsyyr1/qianting
呼叫来自：inherit/room/room.c 的 make_inventory() 第 25 行，物件： data/room/yxsyyr1/qianting

执行时段错误：*Bad argument 1 to call_other()
Expected: string or array or object Got: 0.

程式：inherit/room/room.c 第 25 行
物件：/data/room/moyin/qianting
呼叫来自：inherit/room/room.c 的 reset() 第 86 行，物件： data/room/moyin/qianting
呼叫来自：inherit/room/room.c 的 make_inventory() 第 25 行，物件： data/room/moyin/qianting

执行时段错误：*Error in loading object '/d/mingjiao/npc/tangyang'

程式：inherit/room/room.c 第 24 行
物件：/d/mingjiao/hsqdating
呼叫来自：inherit/room/room.c 的 reset() 第 86 行，物件： d/mingjiao/hsqdating
呼叫来自：inherit/room/room.c 的 make_inventory() 第 24 行，物件： d/mingjiao/hsqdating

执行时段错误：*Bad argument 1 to call_other()
Expected: string or array or object Got: 0.

程式：inherit/room/room.c 第 25 行
物件：/data/room/tyz000/qianting
呼叫来自：inherit/room/room.c 的 reset() 第 86 行，物件： data/room/tyz000/qianting
呼叫来自：inherit/room/room.c 的 make_inventory() 第 25 行，物件： data/room/tyz000/qianting

执行时段错误：*Bad argument 1 to call_other()
Expected: string or array or object Got: 0.

程式：inherit/room/room.c 第 25 行
物件：/data/room/w2544460429/qianting
呼叫来自：inherit/room/room.c 的 reset() 第 86 行，物件： data/room/w2544460429/qianting
呼叫来自：inherit/room/room.c 的 make_inventory() 第 25 行，物件： data/room/w2544460429/qianting

执行时段错误：*Bad argument 1 to call_other()
Expected: string or array or object Got: 0.

程式：inherit/room/room.c 第 25 行
物件：/data/room/yixingbu/qianting
呼叫来自：inherit/room/room.c 的 reset() 第 86 行，物件： data/room/yixingbu/qianting
呼叫来自：inherit/room/room.c 的 make_inventory() 第 25 行，物件： data/room/yixingbu/qianting

执行时段错误：*Bad argument 1 to call_other()
Expected: string or array or object Got: 0.

程式：inherit/room/room.c 第 25 行
物件：/data/room/pxhaha/qianting
呼叫来自：inherit/room/room.c 的 reset() 第 86 行，物件： data/room/pxhaha/qianting
呼叫来自：inherit/room/room.c 的 make_inventory() 第 25 行，物件： data/room/pxhaha/qianting

执行时段错误：*Bad argument 1 to call_other()
Expected: string or array or object Got: 0.

程式：inherit/room/room.c 第 25 行
物件：/data/room/pxdaye/qianting
呼叫来自：inherit/room/room.c 的 reset() 第 86 行，物件： data/room/pxdaye/qianting
呼叫来自：inherit/room/room.c 的 make_inventory() 第 25 行，物件： data/room/pxdaye/qianting

执行时段错误：*Bad argument 1 to call_other()
Expected: string or array or object Got: 0.

程式：inherit/room/room.c 第 25 行
物件：/data/room/hubert/qianting
呼叫来自：inherit/room/room.c 的 reset() 第 86 行，物件： data/room/hubert/qianting
呼叫来自：inherit/room/room.c 的 make_inventory() 第 25 行，物件： data/room/hubert/qianting

执行时段错误：*Bad argument 1 to call_other()
Expected: string or array or object Got: 0.

程式：feature/dbase.c 第 93 行
物件：/clone/user/user
呼叫来自：clone/user/user.c 的 reset() 第 86 行，物件： clone/user/user ("使用者物件")
呼叫来自：feature/dbase.c 的 add() 第 93 行，物件： clone/user/user ("使用者物件")
object /clone/user/user#9825: eval_cost too big 2000000

执行时段错误：*Too long evaluation. Execution aborted.

程式：feature/message.c 第 170 行
物件：/clone/user/user#9825
呼叫来自：feature/message.c 的 write_prompt() 第 170 行，物件： clone/user/user#9825 ("懒兔浩然")
object /clone/user/user#9825: eval_cost too big 2000000

执行时段错误：*Too long evaluation. Execution aborted.

程式：feature/command.c 第 93 行
物件：/clone/user/user#9825
呼叫来自：feature/command.c 的 command_hook() 第 93 行，物件： clone/user/user#9825 ("懒兔浩然")
object /cmds/skill/research: eval_cost too big 2000000

执行时段错误：*Too long evaluation. Execution aborted.

程式：cmds/skill/research.c 第 219 行
物件：/cmds/skill/research
呼叫来自：feature/command.c 的 command_hook() 第 77 行，物件： clone/user/user#9825 ("懒兔浩然")
呼叫来自：cmds/skill/research.c 的 main() 第 219 行，物件： cmds/skill/research
object /clone/user/user#9825: eval_cost too big 2000000

执行时段错误：*Too long evaluation. Execution aborted.

程式：feature/message.c 第 172 行
物件：/clone/user/user#9825
呼叫来自：feature/message.c 的 write_prompt() 第 172 行，物件： clone/user/user#9825 ("懒兔浩然")

执行时段错误：*Value being indexed is zero.

程式：clone/quest/search.c 第 91 行
物件：/clone/quest/search#60228
呼叫来自：adm/daemons/quest/search.c 的 heart_beat() 第 66 行，物件： adm/daemons/quest/search
呼叫来自：adm/daemons/quest/search.c 的 start_quest() 第 53 行，物件： adm/daemons/quest/search
呼叫来自：clone/quest/search.c 的 init_quest() 第 91 行，物件： clone/quest/search#60228 ("围攻0")
Heart beat in adm/daemons/quest/search turned off.

执行时段错误：*call_other() couldn't find object

程式：adm/daemons/npcd.c 第 421 行
物件：/adm/daemons/npcd
呼叫来自：inherit/char/char.c 的 heart_beat() 第 133 行，物件： clone/npc/walker#2407 ("司空神紫")
呼叫来自：inherit/char/npc.c 的 scan() 第 299 行，物件： clone/npc/walker#2407 ("司空神紫")
呼叫来自：inherit/char/npc.c 的 chat() 第 377 行，物件： clone/npc/walker#2407 ("司空神紫")
呼叫来自：<function> 的 <function>() 第 0 行，物件： clone/npc/walker#2407 ("司空神紫")
呼叫来自：clone/npc/walker.c 的 <function>() 第 27 行，物件： clone/npc/walker#2407 ("司空神紫")
呼叫来自：adm/daemons/npcd.c 的 random_move() 第 421 行，物件： adm/daemons/npcd
Heart beat in clone/npc/walker#2407 turned off.
object /clone/user/user#9825: eval_cost too big 2000000

执行时段错误：*Too long evaluation. Execution aborted.

程式：feature/dbase.c 第 47 行
物件：/clone/user/user#9825
呼叫来自：feature/command.c 的 command_hook() 第 77 行，物件： clone/user/user#9825 ("懒兔浩然")
呼叫来自：cmds/skill/research.c 的 main() 第 212 行，物件： cmds/skill/research
呼叫来自：feature/dbase.c 的 add() 第 101 行，物件： clone/user/user#9825 ("懒兔浩然")
呼叫来自：feature/dbase.c 的 query() 第 47 行，物件： clone/user/user#9825 ("懒兔浩然")
object /clone/user/user#9825: eval_cost too big 2000000

执行时段错误：*Too long evaluation. Execution aborted.

程式：feature/dbase.c 第 27 行
物件：/clone/user/user#9825
呼叫来自：feature/command.c 的 command_hook() 第 77 行，物件： clone/user/user#9825 ("懒兔浩然")
呼叫来自：cmds/skill/research.c 的 main() 第 212 行，物件： cmds/skill/research
呼叫来自：feature/dbase.c 的 add() 第 107 行，物件： clone/user/user#9825 ("懒兔浩然")
呼叫来自：clone/user/user.c 的 set() 第 131 行，物件： clone/user/user#9825 ("懒兔浩然")
呼叫来自：feature/dbase.c 的 set() 第 27 行，物件： clone/user/user#9825 ("懒兔浩然")

执行时段错误：*call_other() couldn't find object

程式：adm/daemons/npcd.c 第 421 行
物件：/adm/daemons/npcd
呼叫来自：inherit/char/char.c 的 heart_beat() 第 133 行，物件： clone/npc/walker#58474 ("羊词")
呼叫来自：inherit/char/npc.c 的 scan() 第 299 行，物件： clone/npc/walker#58474 ("羊词")
呼叫来自：inherit/char/npc.c 的 chat() 第 377 行，物件： clone/npc/walker#58474 ("羊词")
呼叫来自：<function> 的 <function>() 第 0 行，物件： clone/npc/walker#58474 ("羊词")
呼叫来自：clone/npc/walker.c 的 <function>() 第 27 行，物件： clone/npc/walker#58474 ("羊词")
呼叫来自：adm/daemons/npcd.c 的 random_move() 第 421 行，物件： adm/daemons/npcd
Heart beat in clone/npc/walker#58474 turned off.

执行时段错误：*call_other() couldn't find object

程式：adm/daemons/npcd.c 第 421 行
物件：/adm/daemons/npcd
呼叫来自：inherit/char/char.c 的 heart_beat() 第 133 行，物件： clone/npc/walker#7126 ("白上")
呼叫来自：inherit/char/npc.c 的 scan() 第 299 行，物件： clone/npc/walker#7126 ("白上")
呼叫来自：inherit/char/npc.c 的 chat() 第 377 行，物件： clone/npc/walker#7126 ("白上")
呼叫来自：<function> 的 <function>() 第 0 行，物件： clone/npc/walker#7126 ("白上")
呼叫来自：clone/npc/walker.c 的 <function>() 第 27 行，物件： clone/npc/walker#7126 ("白上")
呼叫来自：adm/daemons/npcd.c 的 random_move() 第 421 行，物件： adm/daemons/npcd
Heart beat in clone/npc/walker#7126 turned off.
object /clone/user/user#9825: eval_cost too big 2000000

执行时段错误：*Too long evaluation. Execution aborted.

程式：feature/skill.c 第 369 行
物件：/clone/user/user#9825
呼叫来自：feature/command.c 的 command_hook() 第 77 行，物件： clone/user/user#9825 ("懒兔浩然")
呼叫来自：cmds/skill/research.c 的 main() 第 211 行，物件： cmds/skill/research
呼叫来自：feature/skill.c 的 improve_skill() 第 369 行，物件： clone/user/user#9825 ("懒兔浩然")

执行时段错误：*Bad argument 1 to call_other()
Expected: string or array or object Got: 0.

程式：feature/dbase.c 第 93 行
物件：/clone/user/user#34698
呼叫来自：clone/user/user.c 的 reset() 第 86 行，物件： clone/user/user#34698 ("慕容秋荻")
呼叫来自：feature/dbase.c 的 add() 第 93 行，物件： clone/user/user#34698 ("慕容秋荻")

执行时段错误：*Bad argument 1 to call_other()
Expected: string or array or object Got: 0.

程式：inherit/room/room.c 第 25 行
物件：/data/room/liu12345/qianting
呼叫来自：inherit/room/room.c 的 reset() 第 86 行，物件： data/room/liu12345/qianting
呼叫来自：inherit/room/room.c 的 make_inventory() 第 25 行，物件： data/room/liu12345/qianting

执行时段错误：*Bad argument 1 to call_other()
Expected: string or array or object Got: 0.

程式：inherit/room/room.c 第 25 行
物件：/data/room/obh1234/qianting
呼叫来自：inherit/room/room.c 的 reset() 第 86 行，物件： data/room/obh1234/qianting
呼叫来自：inherit/room/room.c 的 make_inventory() 第 25 行，物件： data/room/obh1234/qianting

执行时段错误：*Inherited file '/inherit/char/lang2' does not exist!

程式：inherit/room/room.c 第 24 行
物件：/d/wudu/langwo
呼叫来自：inherit/room/room.c 的 reset() 第 86 行，物件： d/wudu/langwo
呼叫来自：inherit/room/room.c 的 make_inventory() 第 24 行，物件： d/wudu/langwo

执行时段错误：*Bad argument 1 to call_other()
Expected: string or array or object Got: 0.

程式：inherit/room/room.c 第 25 行
物件：/data/room/yxsyyr1/qianting
呼叫来自：inherit/room/room.c 的 reset() 第 86 行，物件： data/room/yxsyyr1/qianting
呼叫来自：inherit/room/room.c 的 make_inventory() 第 25 行，物件： data/room/yxsyyr1/qianting

执行时段错误：*Bad argument 1 to call_other()
Expected: string or array or object Got: 0.

程式：inherit/room/room.c 第 25 行
物件：/data/room/moyin/qianting
呼叫来自：inherit/room/room.c 的 reset() 第 86 行，物件： data/room/moyin/qianting
呼叫来自：inherit/room/room.c 的 make_inventory() 第 25 行，物件： data/room/moyin/qianting

执行时段错误：*Error in loading object '/d/wudu/npc/qiandu3'

程式：inherit/room/room.c 第 24 行
物件：/d/wudu/qiandu2
呼叫来自：inherit/room/room.c 的 reset() 第 86 行，物件： d/wudu/qiandu2
呼叫来自：inherit/room/room.c 的 make_inventory() 第 24 行，物件： d/wudu/qiandu2

执行时段错误：*Error in loading object '/d/mingjiao/npc/tangyang'

程式：inherit/room/room.c 第 24 行
物件：/d/mingjiao/hsqdating
呼叫来自：inherit/room/room.c 的 reset() 第 86 行，物件： d/mingjiao/hsqdating
呼叫来自：inherit/room/room.c 的 make_inventory() 第 24 行，物件： d/mingjiao/hsqdating

执行时段错误：*Bad argument 1 to call_other()
Expected: string or array or object Got: 0.

程式：inherit/room/room.c 第 25 行
物件：/data/room/tyz000/qianting
呼叫来自：inherit/room/room.c 的 reset() 第 86 行，物件： data/room/tyz000/qianting
呼叫来自：inherit/room/room.c 的 make_inventory() 第 25 行，物件： data/room/tyz000/qianting

执行时段错误：*Error in loading object '/kungfu/class/sky/obj/shenjiu'

程式：inherit/char/npc.c 第 17 行
物件：/d/luoyang/npc/libai#61009
呼叫来自：inherit/room/room.c 的 reset() 第 86 行，物件： d/luoyang/zuixianlou4
呼叫来自：inherit/room/room.c 的 make_inventory() 第 24 行，物件： d/luoyang/zuixianlou4
呼叫来自：d/luoyang/npc/libai.c 的 create() 第 64 行，物件： d/luoyang/npc/libai#61009 ("李白")
呼叫来自：inherit/char/npc.c 的 carry_object() 第 17 行，物件： d/luoyang/npc/libai#61009 ("李白")

执行时段错误：*Bad argument 1 to call_other()
Expected: string or array or object Got: 0.

程式：inherit/room/room.c 第 25 行
物件：/data/room/w2544460429/qianting
呼叫来自：inherit/room/room.c 的 reset() 第 86 行，物件： data/room/w2544460429/qianting
呼叫来自：inherit/room/room.c 的 make_inventory() 第 25 行，物件： data/room/w2544460429/qianting

执行时段错误：*Bad argument 1 to call_other()
Expected: string or array or object Got: 0.

程式：inherit/room/room.c 第 25 行
物件：/data/room/yixingbu/qianting
呼叫来自：inherit/room/room.c 的 reset() 第 86 行，物件： data/room/yixingbu/qianting
呼叫来自：inherit/room/room.c 的 make_inventory() 第 25 行，物件： data/room/yixingbu/qianting

执行时段错误：*Bad argument 1 to call_other()
Expected: string or array or object Got: 0.

程式：inherit/room/room.c 第 25 行
物件：/data/room/qazzaq/qianting
呼叫来自：inherit/room/room.c 的 reset() 第 86 行，物件： data/room/qazzaq/qianting
呼叫来自：inherit/room/room.c 的 make_inventory() 第 25 行，物件： data/room/qazzaq/qianting

执行时段错误：*Bad argument 1 to call_other()
Expected: string or array or object Got: 0.

程式：inherit/room/room.c 第 25 行
物件：/data/room/adawong/qianting
呼叫来自：inherit/room/room.c 的 reset() 第 86 行，物件： data/room/adawong/qianting
呼叫来自：inherit/room/room.c 的 make_inventory() 第 25 行，物件： data/room/adawong/qianting

执行时段错误：*Bad argument 1 to call_other()
Expected: string or array or object Got: 0.

程式：inherit/room/room.c 第 25 行
物件：/data/room/pxhaha/qianting
呼叫来自：inherit/room/room.c 的 reset() 第 86 行，物件： data/room/pxhaha/qianting
呼叫来自：inherit/room/room.c 的 make_inventory() 第 25 行，物件： data/room/pxhaha/qianting

执行时段错误：*Bad argument 1 to call_other()
Expected: string or array or object Got: 0.

程式：inherit/room/room.c 第 25 行
物件：/data/room/pxdaye/qianting
呼叫来自：inherit/room/room.c 的 reset() 第 86 行，物件： data/room/pxdaye/qianting
呼叫来自：inherit/room/room.c 的 make_inventory() 第 25 行，物件： data/room/pxdaye/qianting

执行时段错误：*Bad argument 1 to call_other()
Expected: string or array or object Got: 0.

程式：inherit/room/room.c 第 25 行
物件：/d/luoyang/shuoshu
呼叫来自：inherit/room/room.c 的 reset() 第 86 行，物件： d/luoyang/shuoshu
呼叫来自：inherit/room/room.c 的 make_inventory() 第 25 行，物件： d/luoyang/shuoshu

执行时段错误：*Bad argument 1 to call_other()
Expected: string or array or object Got: 0.

程式：inherit/room/room.c 第 25 行
物件：/data/room/hubert/qianting
呼叫来自：inherit/room/room.c 的 reset() 第 86 行，物件： data/room/hubert/qianting
呼叫来自：inherit/room/room.c 的 make_inventory() 第 25 行，物件： data/room/hubert/qianting

执行时段错误：*Bad argument 1 to call_other()
Expected: string or array or object Got: 0.

程式：feature/dbase.c 第 93 行
物件：/clone/user/user
呼叫来自：clone/user/user.c 的 reset() 第 86 行，物件： clone/user/user ("使用者物件")
呼叫来自：feature/dbase.c 的 add() 第 93 行，物件： clone/user/user ("使用者物件")
object /clone/user/user#9825: eval_cost too big 2000000

执行时段错误：*Too long evaluation. Execution aborted.

程式：feature/skill.c 第 369 行
物件：/clone/user/user#9825
呼叫来自：feature/command.c 的 command_hook() 第 77 行，物件： clone/user/user#9825 ("懒兔浩然")
呼叫来自：cmds/skill/research.c 的 main() 第 211 行，物件： cmds/skill/research
呼叫来自：feature/skill.c 的 improve_skill() 第 369 行，物件： clone/user/user#9825 ("懒兔浩然")
object /clone/user/user#9825: eval_cost too big 2000000

执行时段错误：*Too long evaluation. Execution aborted.

程式：clone/user/user.c 第 131 行
物件：/clone/user/user#9825
呼叫来自：feature/command.c 的 command_hook() 第 77 行，物件： clone/user/user#9825 ("懒兔浩然")
呼叫来自：cmds/skill/research.c 的 main() 第 212 行，物件： cmds/skill/research
呼叫来自：feature/dbase.c 的 add() 第 107 行，物件： clone/user/user#9825 ("懒兔浩然")
呼叫来自：clone/user/user.c 的 set() 第 131 行，物件： clone/user/user#9825 ("懒兔浩然")
object /clone/user/user#9825: eval_cost too big 2000000

执行时段错误：*Too long evaluation. Execution aborted.

程式：clone/user/user.c 第 125 行
物件：/clone/user/user#9825
呼叫来自：feature/command.c 的 command_hook() 第 77 行，物件： clone/user/user#9825 ("懒兔浩然")
呼叫来自：cmds/skill/research.c 的 main() 第 212 行，物件： cmds/skill/research
呼叫来自：feature/dbase.c 的 add() 第 107 行，物件： clone/user/user#9825 ("懒兔浩然")
呼叫来自：clone/user/user.c 的 set() 第 125 行，物件： clone/user/user#9825 ("懒兔浩然")
object /clone/user/user#9825: eval_cost too big 2000000

执行时段错误：*Too long evaluation. Execution aborted.

程式：feature/skill.c 第 334 行
物件：/clone/user/user#9825
呼叫来自：feature/command.c 的 command_hook() 第 77 行，物件： clone/user/user#9825 ("懒兔浩然")
呼叫来自：cmds/skill/research.c 的 main() 第 211 行，物件： cmds/skill/research
呼叫来自：feature/skill.c 的 improve_skill() 第 334 行，物件： clone/user/user#9825 ("懒兔浩然")

执行时段错误：*Bad argument 1 to environment()
Expected: object Got: 0.

程式：inherit/char/boss.c 第 37 行
物件：0
呼叫来自：inherit/char/char.c 的 heart_beat() 第 94 行，物件： 0
呼叫来自：quest/tulong/npc/dragon.c 的 unconcious() 第 178 行，物件： 0
呼叫来自：quest/tulong/npc/dragon.c 的 die() 第 164 行，物件： 0
呼叫来自：inherit/char/boss.c 的 die() 第 37 行，物件： 0
Heart beat in quest/tulong/npc/dragon#61364 turned off.
object /clone/user/user#9825: eval_cost too big 2000000

执行时段错误：*Too long evaluation. Execution aborted.

程式：feature/message.c 第 170 行
物件：/clone/user/user#9825
呼叫来自：feature/message.c 的 write_prompt() 第 170 行，物件： clone/user/user#9825 ("懒兔浩然")
object /clone/user/user#9825: eval_cost too big 2000000

执行时段错误：*Too long evaluation. Execution aborted.

程式：feature/skill.c 第 369 行
物件：/clone/user/user#9825
呼叫来自：feature/command.c 的 command_hook() 第 77 行，物件： clone/user/user#9825 ("懒兔浩然")
呼叫来自：cmds/skill/research.c 的 main() 第 211 行，物件： cmds/skill/research
呼叫来自：feature/skill.c 的 improve_skill() 第 369 行，物件： clone/user/user#9825 ("懒兔浩然")

执行时段错误：*call_other() couldn't find object

程式：adm/daemons/npcd.c 第 421 行
物件：/adm/daemons/npcd
呼叫来自：inherit/char/char.c 的 heart_beat() 第 133 行，物件： clone/npc/walker#58780 ("宋霸")
呼叫来自：inherit/char/npc.c 的 scan() 第 299 行，物件： clone/npc/walker#58780 ("宋霸")
呼叫来自：inherit/char/npc.c 的 chat() 第 377 行，物件： clone/npc/walker#58780 ("宋霸")
呼叫来自：<function> 的 <function>() 第 0 行，物件： clone/npc/walker#58780 ("宋霸")
呼叫来自：clone/npc/walker.c 的 <function>() 第 27 行，物件： clone/npc/walker#58780 ("宋霸")
呼叫来自：adm/daemons/npcd.c 的 random_move() 第 421 行，物件： adm/daemons/npcd
Heart beat in clone/npc/walker#58780 turned off.
object /cmds/skill/research: eval_cost too big 2000000

执行时段错误：*Too long evaluation. Execution aborted.

程式：cmds/skill/research.c 第 220 行
物件：/cmds/skill/research
呼叫来自：feature/command.c 的 command_hook() 第 77 行，物件： clone/user/user#9825 ("懒兔浩然")
呼叫来自：cmds/skill/research.c 的 main() 第 220 行，物件： cmds/skill/research
object /clone/user/user#9825: eval_cost too big 2000000

执行时段错误：*Too long evaluation. Execution aborted.

程式：feature/dbase.c 第 55 行
物件：/clone/user/user#9825
呼叫来自：feature/command.c 的 command_hook() 第 77 行，物件： clone/user/user#9825 ("懒兔浩然")
呼叫来自：cmds/skill/research.c 的 main() 第 212 行，物件： cmds/skill/research
呼叫来自：feature/dbase.c 的 add() 第 101 行，物件： clone/user/user#9825 ("懒兔浩然")
呼叫来自：feature/dbase.c 的 query() 第 55 行，物件： clone/user/user#9825 ("懒兔浩然")

执行时段错误：*Value being indexed is zero.

程式：clone/quest/search.c 第 91 行
物件：/clone/quest/search#61661
呼叫来自：adm/daemons/quest/search.c 的 heart_beat() 第 66 行，物件： adm/daemons/quest/search
呼叫来自：adm/daemons/quest/search.c 的 start_quest() 第 53 行，物件： adm/daemons/quest/search
呼叫来自：clone/quest/search.c 的 init_quest() 第 91 行，物件： clone/quest/search#61661 ("围攻0")
Heart beat in adm/daemons/quest/search turned off.
object /clone/user/user#9825: eval_cost too big 2000000

执行时段错误：*Too long evaluation. Execution aborted.

程式：feature/skill.c 第 369 行
物件：/clone/user/user#9825
呼叫来自：feature/command.c 的 command_hook() 第 77 行，物件： clone/user/user#9825 ("懒兔浩然")
呼叫来自：cmds/skill/research.c 的 main() 第 211 行，物件： cmds/skill/research
呼叫来自：feature/skill.c 的 improve_skill() 第 369 行，物件： clone/user/user#9825 ("懒兔浩然")
object /clone/user/user#9825: eval_cost too big 2000000

执行时段错误：*Too long evaluation. Execution aborted.

程式：feature/dbase.c 第 101 行
物件：/clone/user/user#9825
呼叫来自：feature/command.c 的 command_hook() 第 77 行，物件： clone/user/user#9825 ("懒兔浩然")
呼叫来自：cmds/skill/research.c 的 main() 第 212 行，物件： cmds/skill/research
呼叫来自：feature/dbase.c 的 add() 第 101 行，物件： clone/user/user#9825 ("懒兔浩然")
object /clone/user/user#9825: eval_cost too big 2000000

执行时段错误：*Too long evaluation. Execution aborted.

程式：feature/message.c 第 172 行
物件：/clone/user/user#9825
呼叫来自：feature/message.c 的 write_prompt() 第 172 行，物件： clone/user/user#9825 ("懒兔浩然")

执行时段错误：*Error in loading object '/d/mingjiao/npc/yanyuan'

程式：inherit/room/room.c 第 24 行
物件：/d/mingjiao/htqdating
呼叫来自：inherit/room/room.c 的 reset() 第 86 行，物件： d/mingjiao/htqdating
呼叫来自：inherit/room/room.c 的 make_inventory() 第 24 行，物件： d/mingjiao/htqdating

执行时段错误：*Error in loading object '/d/mingjiao/npc/wujincao'

程式：inherit/room/room.c 第 24 行
物件：/d/mingjiao/rjqlwch
呼叫来自：inherit/room/room.c 的 reset() 第 86 行，物件： d/mingjiao/rjqlwch
呼叫来自：inherit/room/room.c 的 make_inventory() 第 24 行，物件： d/mingjiao/rjqlwch

执行时段错误：*Bad argument 1 to call_other()
Expected: string or array or object Got: 0.

程式：inherit/room/room.c 第 25 行
物件：/data/room/obh1234/qianting
呼叫来自：inherit/room/room.c 的 reset() 第 86 行，物件： data/room/obh1234/qianting
呼叫来自：inherit/room/room.c 的 make_inventory() 第 25 行，物件： data/room/obh1234/qianting

执行时段错误：*Inherited file '/inherit/char/lang2' does not exist!

程式：inherit/room/room.c 第 24 行
物件：/d/wudu/langwo
呼叫来自：inherit/room/room.c 的 reset() 第 86 行，物件： d/wudu/langwo
呼叫来自：inherit/room/room.c 的 make_inventory() 第 24 行，物件： d/wudu/langwo

执行时段错误：*Bad argument 1 to call_other()
Expected: string or array or object Got: 0.

程式：inherit/room/room.c 第 25 行
物件：/data/room/moyin/qianting
呼叫来自：inherit/room/room.c 的 reset() 第 86 行，物件： data/room/moyin/qianting
呼叫来自：inherit/room/room.c 的 make_inventory() 第 25 行，物件： data/room/moyin/qianting

执行时段错误：*Error in loading object '/d/wudu/npc/qiandu3'

程式：inherit/room/room.c 第 24 行
物件：/d/wudu/qiandu2
呼叫来自：inherit/room/room.c 的 reset() 第 86 行，物件： d/wudu/qiandu2
呼叫来自：inherit/room/room.c 的 make_inventory() 第 24 行，物件： d/wudu/qiandu2

执行时段错误：*Error in loading object '/kungfu/class/sky/obj/shenjiu'

程式：inherit/char/npc.c 第 17 行
物件：/d/luoyang/npc/libai#62333
呼叫来自：inherit/room/room.c 的 reset() 第 86 行，物件： d/luoyang/zuixianlou4
呼叫来自：inherit/room/room.c 的 make_inventory() 第 24 行，物件： d/luoyang/zuixianlou4
呼叫来自：d/luoyang/npc/libai.c 的 create() 第 64 行，物件： d/luoyang/npc/libai#62333 ("李白")
呼叫来自：inherit/char/npc.c 的 carry_object() 第 17 行，物件： d/luoyang/npc/libai#62333 ("李白")

执行时段错误：*Bad argument 1 to call_other()
Expected: string or array or object Got: 0.

程式：inherit/room/room.c 第 25 行
物件：/data/room/w2544460429/qianting
呼叫来自：inherit/room/room.c 的 reset() 第 86 行，物件： data/room/w2544460429/qianting
呼叫来自：inherit/room/room.c 的 make_inventory() 第 25 行，物件： data/room/w2544460429/qianting

执行时段错误：*Bad argument 1 to call_other()
Expected: string or array or object Got: 0.

程式：inherit/room/room.c 第 25 行
物件：/data/room/qazzaq/qianting
呼叫来自：inherit/room/room.c 的 reset() 第 86 行，物件： data/room/qazzaq/qianting
呼叫来自：inherit/room/room.c 的 make_inventory() 第 25 行，物件： data/room/qazzaq/qianting

执行时段错误：*Bad argument 1 to call_other()
Expected: string or array or object Got: 0.

程式：inherit/room/room.c 第 25 行
物件：/data/room/pxhaha/qianting
呼叫来自：inherit/room/room.c 的 reset() 第 86 行，物件： data/room/pxhaha/qianting
呼叫来自：inherit/room/room.c 的 make_inventory() 第 25 行，物件： data/room/pxhaha/qianting

执行时段错误：*Bad argument 1 to call_other()
Expected: string or array or object Got: 0.

程式：inherit/room/room.c 第 25 行
物件：/d/luoyang/shuoshu
呼叫来自：inherit/room/room.c 的 reset() 第 86 行，物件： d/luoyang/shuoshu
呼叫来自：inherit/room/room.c 的 make_inventory() 第 25 行，物件： d/luoyang/shuoshu

执行时段错误：*Bad argument 1 to call_other()
Expected: string or array or object Got: 0.

程式：feature/dbase.c 第 93 行
物件：/clone/user/user
呼叫来自：clone/user/user.c 的 reset() 第 86 行，物件： clone/user/user ("使用者物件")
呼叫来自：feature/dbase.c 的 add() 第 93 行，物件： clone/user/user ("使用者物件")
object /clone/user/user#9825: eval_cost too big 2000000

执行时段错误：*Too long evaluation. Execution aborted.

程式：feature/dbase.c 第 87 行
物件：/clone/user/user#9825
呼叫来自：feature/command.c 的 command_hook() 第 77 行，物件： clone/user/user#9825 ("懒兔浩然")
呼叫来自：cmds/skill/research.c 的 main() 第 212 行，物件： cmds/skill/research
呼叫来自：feature/dbase.c 的 add() 第 87 行，物件： clone/user/user#9825 ("懒兔浩然")
object /clone/user/user#9825: eval_cost too big 2000000

执行时段错误：*Too long evaluation. Execution aborted.

程式：feature/dbase.c 第 50 行
物件：/clone/user/user#9825
呼叫来自：feature/command.c 的 command_hook() 第 77 行，物件： clone/user/user#9825 ("懒兔浩然")
呼叫来自：cmds/skill/research.c 的 main() 第 209 行，物件： cmds/skill/research
呼叫来自：feature/dbase.c 的 add() 第 101 行，物件： clone/user/user#9825 ("懒兔浩然")
呼叫来自：feature/dbase.c 的 query() 第 50 行，物件： clone/user/user#9825 ("懒兔浩然")
object /cmds/skill/research: eval_cost too big 2000000

执行时段错误：*Too long evaluation. Execution aborted.

程式：cmds/skill/research.c 第 219 行
物件：/cmds/skill/research
呼叫来自：feature/command.c 的 command_hook() 第 77 行，物件： clone/user/user#9825 ("懒兔浩然")
呼叫来自：cmds/skill/research.c 的 main() 第 219 行，物件： cmds/skill/research

执行时段错误：*call_other() couldn't find object

程式：adm/daemons/npcd.c 第 421 行
物件：/adm/daemons/npcd
呼叫来自：inherit/char/char.c 的 heart_beat() 第 133 行，物件： clone/npc/walker#58515 ("司徒钦昂")
呼叫来自：inherit/char/npc.c 的 scan() 第 299 行，物件： clone/npc/walker#58515 ("司徒钦昂")
呼叫来自：inherit/char/npc.c 的 chat() 第 377 行，物件： clone/npc/walker#58515 ("司徒钦昂")
呼叫来自：<function> 的 <function>() 第 0 行，物件： clone/npc/walker#58515 ("司徒钦昂")
呼叫来自：clone/npc/walker.c 的 <function>() 第 27 行，物件： clone/npc/walker#58515 ("司徒钦昂")
呼叫来自：adm/daemons/npcd.c 的 random_move() 第 421 行，物件： adm/daemons/npcd
Heart beat in clone/npc/walker#58515 turned off.
object /clone/user/user#9825: eval_cost too big 2000000

执行时段错误：*Too long evaluation. Execution aborted.

程式：feature/dbase.c 第 104 行
物件：/clone/user/user#9825
呼叫来自：feature/command.c 的 command_hook() 第 77 行，物件： clone/user/user#9825 ("懒兔浩然")
呼叫来自：cmds/skill/research.c 的 main() 第 212 行，物件： cmds/skill/research
呼叫来自：feature/dbase.c 的 add() 第 104 行，物件： clone/user/user#9825 ("懒兔浩然")
object /adm/single/simul_efun: eval_cost too big 2000000

执行时段错误：*Too long evaluation. Execution aborted.

程式：adm/single/simul_efun.c 第 119 行
物件：/adm/single/simul_efun
呼叫来自：feature/command.c 的 command_hook() 第 77 行，物件： clone/user/user#34698 ("慕容秋荻")
呼叫来自：cmds/std/give.c 的 main() 第 48 行，物件： cmds/std/give
呼叫来自：adm/single/simul_efun.c 的 present() 第 119 行，物件： adm/single/simul_efun
错误讯息被拦截：
执行时段错误：*Error in loading object '/adm/daemons/story/labazhou'

程式：adm/daemons/storyd.c 第 131 行
物件：/adm/daemons/storyd
呼叫来自：adm/daemons/storyd.c 的 start_story() 第 131 行，物件： adm/daemons/storyd
呼叫来自：adm/daemons/storyd.c 的 CATCH() 第 131 行，物件： adm/daemons/storyd
object /clone/user/user#9825: eval_cost too big 2000000

执行时段错误：*Too long evaluation. Execution aborted.

程式：feature/dbase.c 第 101 行
物件：/clone/user/user#9825
呼叫来自：feature/command.c 的 command_hook() 第 77 行，物件： clone/user/user#9825 ("懒兔浩然")
呼叫来自：cmds/skill/research.c 的 main() 第 212 行，物件： cmds/skill/research
呼叫来自：feature/dbase.c 的 add() 第 101 行，物件： clone/user/user#9825 ("懒兔浩然")

执行时段错误：*call_other() couldn't find object

程式：adm/daemons/npcd.c 第 421 行
物件：/adm/daemons/npcd
呼叫来自：inherit/char/char.c 的 heart_beat() 第 133 行，物件： clone/npc/walker#1462 ("南郭蒿")
呼叫来自：inherit/char/npc.c 的 scan() 第 299 行，物件： clone/npc/walker#1462 ("南郭蒿")
呼叫来自：inherit/char/npc.c 的 chat() 第 377 行，物件： clone/npc/walker#1462 ("南郭蒿")
呼叫来自：<function> 的 <function>() 第 0 行，物件： clone/npc/walker#1462 ("南郭蒿")
呼叫来自：clone/npc/walker.c 的 <function>() 第 27 行，物件： clone/npc/walker#1462 ("南郭蒿")
呼叫来自：adm/daemons/npcd.c 的 random_move() 第 421 行，物件： adm/daemons/npcd
Heart beat in clone/npc/walker#1462 turned off.

执行时段错误：*Value being indexed is zero.

程式：clone/quest/search.c 第 91 行
物件：/clone/quest/search#63144
呼叫来自：adm/daemons/quest/search.c 的 heart_beat() 第 66 行，物件： adm/daemons/quest/search
呼叫来自：adm/daemons/quest/search.c 的 start_quest() 第 53 行，物件： adm/daemons/quest/search
呼叫来自：clone/quest/search.c 的 init_quest() 第 91 行，物件： clone/quest/search#63144 ("围攻0")
Heart beat in adm/daemons/quest/search turned off.
object /clone/user/user#9825: eval_cost too big 2000000

执行时段错误：*Too long evaluation. Execution aborted.

程式：feature/dbase.c 第 107 行
物件：/clone/user/user#9825
呼叫来自：feature/command.c 的 command_hook() 第 77 行，物件： clone/user/user#9825 ("懒兔浩然")
呼叫来自：cmds/skill/research.c 的 main() 第 212 行，物件： cmds/skill/research
呼叫来自：feature/dbase.c 的 add() 第 107 行，物件： clone/user/user#9825 ("懒兔浩然")
object /clone/user/user#9825: eval_cost too big 2000000

执行时段错误：*Too long evaluation. Execution aborted.

程式：feature/dbase.c 第 27 行
物件：/clone/user/user#9825
呼叫来自：feature/command.c 的 command_hook() 第 77 行，物件： clone/user/user#9825 ("懒兔浩然")
呼叫来自：cmds/skill/research.c 的 main() 第 212 行，物件： cmds/skill/research
呼叫来自：feature/dbase.c 的 add() 第 107 行，物件： clone/user/user#9825 ("懒兔浩然")
呼叫来自：clone/user/user.c 的 set() 第 131 行，物件： clone/user/user#9825 ("懒兔浩然")
呼叫来自：feature/dbase.c 的 set() 第 27 行，物件： clone/user/user#9825 ("懒兔浩然")

执行时段错误：*call_other() couldn't find object

程式：adm/daemons/npcd.c 第 421 行
物件：/adm/daemons/npcd
呼叫来自：inherit/char/char.c 的 heart_beat() 第 133 行，物件： clone/npc/walker#4012 ("轩辕统佶")
呼叫来自：inherit/char/npc.c 的 scan() 第 299 行，物件： clone/npc/walker#4012 ("轩辕统佶")
呼叫来自：inherit/char/npc.c 的 chat() 第 377 行，物件： clone/npc/walker#4012 ("轩辕统佶")
呼叫来自：<function> 的 <function>() 第 0 行，物件： clone/npc/walker#4012 ("轩辕统佶")
呼叫来自：clone/npc/walker.c 的 <function>() 第 27 行，物件： clone/npc/walker#4012 ("轩辕统佶")
呼叫来自：adm/daemons/npcd.c 的 random_move() 第 421 行，物件： adm/daemons/npcd
Heart beat in clone/npc/walker#4012 turned off.
object /cmds/skill/research: eval_cost too big 2000000

执行时段错误：*Too long evaluation. Execution aborted.

程式：cmds/skill/research.c 第 219 行
物件：/cmds/skill/research
呼叫来自：feature/command.c 的 command_hook() 第 77 行，物件： clone/user/user#9825 ("懒兔浩然")
呼叫来自：cmds/skill/research.c 的 main() 第 219 行，物件： cmds/skill/research
object /cmds/skill/research: eval_cost too big 2000000

执行时段错误：*Too long evaluation. Execution aborted.

程式：cmds/skill/research.c 第 219 行
物件：/cmds/skill/research
呼叫来自：feature/command.c 的 command_hook() 第 77 行，物件： clone/user/user#9825 ("懒兔浩然")
呼叫来自：cmds/skill/research.c 的 main() 第 219 行，物件： cmds/skill/research

执行时段错误：*Bad argument 1 to call_other()
Expected: string or array or object Got: 0.

程式：feature/dbase.c 第 93 行
物件：/clone/user/user#34698
呼叫来自：clone/user/user.c 的 reset() 第 86 行，物件： clone/user/user#34698 ("慕容秋荻")
呼叫来自：feature/dbase.c 的 add() 第 93 行，物件： clone/user/user#34698 ("慕容秋荻")

执行时段错误：*Error in loading object '/d/mingjiao/npc/wujincao'

程式：inherit/room/room.c 第 24 行
物件：/d/mingjiao/rjqlwch
呼叫来自：inherit/room/room.c 的 reset() 第 86 行，物件： d/mingjiao/rjqlwch
呼叫来自：inherit/room/room.c 的 make_inventory() 第 24 行，物件： d/mingjiao/rjqlwch

执行时段错误：*Bad argument 1 to call_other()
Expected: string or array or object Got: 0.

程式：inherit/room/room.c 第 25 行
物件：/data/room/liu12345/qianting
呼叫来自：inherit/room/room.c 的 reset() 第 86 行，物件： data/room/liu12345/qianting
呼叫来自：inherit/room/room.c 的 make_inventory() 第 25 行，物件： data/room/liu12345/qianting

执行时段错误：*Bad argument 1 to call_other()
Expected: string or array or object Got: 0.

程式：inherit/room/room.c 第 25 行
物件：/data/room/obh1234/qianting
呼叫来自：inherit/room/room.c 的 reset() 第 86 行，物件： data/room/obh1234/qianting
呼叫来自：inherit/room/room.c 的 make_inventory() 第 25 行，物件： data/room/obh1234/qianting

执行时段错误：*Bad argument 1 to call_other()
Expected: string or array or object Got: 0.

程式：inherit/room/room.c 第 25 行
物件：/data/room/yxsyyr1/qianting
呼叫来自：inherit/room/room.c 的 reset() 第 86 行，物件： data/room/yxsyyr1/qianting
呼叫来自：inherit/room/room.c 的 make_inventory() 第 25 行，物件： data/room/yxsyyr1/qianting

执行时段错误：*Bad argument 1 to call_other()
Expected: string or array or object Got: 0.

程式：inherit/room/room.c 第 25 行
物件：/data/room/moyin/qianting
呼叫来自：inherit/room/room.c 的 reset() 第 86 行，物件： data/room/moyin/qianting
呼叫来自：inherit/room/room.c 的 make_inventory() 第 25 行，物件： data/room/moyin/qianting

执行时段错误：*Error in loading object '/d/wudu/npc/qiandu3'

程式：inherit/room/room.c 第 24 行
物件：/d/wudu/qiandu2
呼叫来自：inherit/room/room.c 的 reset() 第 86 行，物件： d/wudu/qiandu2
呼叫来自：inherit/room/room.c 的 make_inventory() 第 24 行，物件： d/wudu/qiandu2

执行时段错误：*Error in loading object '/d/mingjiao/npc/tangyang'

程式：inherit/room/room.c 第 24 行
物件：/d/mingjiao/hsqdating
呼叫来自：inherit/room/room.c 的 reset() 第 86 行，物件： d/mingjiao/hsqdating
呼叫来自：inherit/room/room.c 的 make_inventory() 第 24 行，物件： d/mingjiao/hsqdating

执行时段错误：*Bad argument 1 to call_other()
Expected: string or array or object Got: 0.

程式：inherit/room/room.c 第 25 行
物件：/data/room/tyz000/qianting
呼叫来自：inherit/room/room.c 的 reset() 第 86 行，物件： data/room/tyz000/qianting
呼叫来自：inherit/room/room.c 的 make_inventory() 第 25 行，物件： data/room/tyz000/qianting

执行时段错误：*Error in loading object '/kungfu/class/sky/obj/shenjiu'

程式：inherit/char/npc.c 第 17 行
物件：/d/luoyang/npc/libai#63882
呼叫来自：inherit/room/room.c 的 reset() 第 86 行，物件： d/luoyang/zuixianlou4
呼叫来自：inherit/room/room.c 的 make_inventory() 第 24 行，物件： d/luoyang/zuixianlou4
呼叫来自：d/luoyang/npc/libai.c 的 create() 第 64 行，物件： d/luoyang/npc/libai#63882 ("李白")
呼叫来自：inherit/char/npc.c 的 carry_object() 第 17 行，物件： d/luoyang/npc/libai#63882 ("李白")

执行时段错误：*Bad argument 1 to call_other()
Expected: string or array or object Got: 0.

程式：inherit/room/room.c 第 25 行
物件：/data/room/w2544460429/qianting
呼叫来自：inherit/room/room.c 的 reset() 第 86 行，物件： data/room/w2544460429/qianting
呼叫来自：inherit/room/room.c 的 make_inventory() 第 25 行，物件： data/room/w2544460429/qianting

执行时段错误：*Bad argument 1 to call_other()
Expected: string or array or object Got: 0.

程式：inherit/room/room.c 第 25 行
物件：/data/room/yixingbu/qianting
呼叫来自：inherit/room/room.c 的 reset() 第 86 行，物件： data/room/yixingbu/qianting
呼叫来自：inherit/room/room.c 的 make_inventory() 第 25 行，物件： data/room/yixingbu/qianting

执行时段错误：*Bad argument 1 to call_other()
Expected: string or array or object Got: 0.

程式：inherit/room/room.c 第 25 行
物件：/data/room/adawong/qianting
呼叫来自：inherit/room/room.c 的 reset() 第 86 行，物件： data/room/adawong/qianting
呼叫来自：inherit/room/room.c 的 make_inventory() 第 25 行，物件： data/room/adawong/qianting

执行时段错误：*Bad argument 1 to call_other()
Expected: string or array or object Got: 0.

程式：inherit/room/room.c 第 25 行
物件：/data/room/pxdaye/qianting
呼叫来自：inherit/room/room.c 的 reset() 第 86 行，物件： data/room/pxdaye/qianting
呼叫来自：inherit/room/room.c 的 make_inventory() 第 25 行，物件： data/room/pxdaye/qianting

执行时段错误：*Bad argument 1 to call_other()
Expected: string or array or object Got: 0.

程式：inherit/room/room.c 第 25 行
物件：/data/room/hubert/qianting
呼叫来自：inherit/room/room.c 的 reset() 第 86 行，物件： data/room/hubert/qianting
呼叫来自：inherit/room/room.c 的 make_inventory() 第 25 行，物件： data/room/hubert/qianting
object /cmds/skill/research: eval_cost too big 2000000

执行时段错误：*Too long evaluation. Execution aborted.

程式：cmds/skill/research.c 第 211 行
物件：/cmds/skill/research
呼叫来自：feature/command.c 的 command_hook() 第 77 行，物件： clone/user/user#9825 ("懒兔浩然")
呼叫来自：cmds/skill/research.c 的 main() 第 211 行，物件： cmds/skill/research
object /clone/user/user#9825: eval_cost too big 2000000

执行时段错误：*Too long evaluation. Execution aborted.

程式：feature/dbase.c 第 47 行
物件：/clone/user/user#9825
呼叫来自：feature/command.c 的 command_hook() 第 77 行，物件： clone/user/user#9825 ("懒兔浩然")
呼叫来自：cmds/skill/research.c 的 main() 第 200 行，物件： cmds/skill/research
呼叫来自：feature/dbase.c 的 query() 第 47 行，物件： clone/user/user#9825 ("懒兔浩然")
object /clone/user/user#9825: eval_cost too big 2000000

执行时段错误：*Too long evaluation. Execution aborted.

程式：feature/command.c 第 93 行
物件：/clone/user/user#9825
呼叫来自：feature/command.c 的 command_hook() 第 93 行，物件： clone/user/user#9825 ("懒兔浩然")

执行时段错误：*call_other() couldn't find object

程式：adm/daemons/npcd.c 第 421 行
物件：/adm/daemons/npcd
呼叫来自：inherit/char/char.c 的 heart_beat() 第 133 行，物件： clone/npc/walker#617 ("童戊")
呼叫来自：inherit/char/npc.c 的 scan() 第 299 行，物件： clone/npc/walker#617 ("童戊")
呼叫来自：inherit/char/npc.c 的 chat() 第 377 行，物件： clone/npc/walker#617 ("童戊")
呼叫来自：<function> 的 <function>() 第 0 行，物件： clone/npc/walker#617 ("童戊")
呼叫来自：clone/npc/walker.c 的 <function>() 第 27 行，物件： clone/npc/walker#617 ("童戊")
呼叫来自：adm/daemons/npcd.c 的 random_move() 第 421 行，物件： adm/daemons/npcd
Heart beat in clone/npc/walker#617 turned off.

执行时段错误：*Value being indexed is zero.

程式：clone/quest/search.c 第 91 行
物件：/clone/quest/search#64618
呼叫来自：adm/daemons/quest/search.c 的 heart_beat() 第 66 行，物件： adm/daemons/quest/search
呼叫来自：adm/daemons/quest/search.c 的 start_quest() 第 53 行，物件： adm/daemons/quest/search
呼叫来自：clone/quest/search.c 的 init_quest() 第 91 行，物件： clone/quest/search#64618 ("围攻0")
Heart beat in adm/daemons/quest/search turned off.
object /cmds/skill/research: eval_cost too big 2000000

执行时段错误：*Too long evaluation. Execution aborted.

程式：cmds/skill/research.c 第 219 行
物件：/cmds/skill/research
呼叫来自：feature/command.c 的 command_hook() 第 77 行，物件： clone/user/user#9825 ("懒兔浩然")
呼叫来自：cmds/skill/research.c 的 main() 第 219 行，物件： cmds/skill/research
object /clone/user/user#9825: eval_cost too big 2000000

执行时段错误：*Too long evaluation. Execution aborted.

程式：feature/dbase.c 第 47 行
物件：/clone/user/user#9825
呼叫来自：feature/command.c 的 command_hook() 第 77 行，物件： clone/user/user#9825 ("懒兔浩然")
呼叫来自：cmds/skill/research.c 的 main() 第 209 行，物件： cmds/skill/research
呼叫来自：feature/dbase.c 的 add() 第 101 行，物件： clone/user/user#9825 ("懒兔浩然")
呼叫来自：feature/dbase.c 的 query() 第 47 行，物件： clone/user/user#9825 ("懒兔浩然")
object /clone/user/user#9825: eval_cost too big 2000000

执行时段错误：*Too long evaluation. Execution aborted.

程式：feature/skill.c 第 366 行
物件：/clone/user/user#9825
呼叫来自：feature/command.c 的 command_hook() 第 77 行，物件： clone/user/user#9825 ("懒兔浩然")
呼叫来自：cmds/skill/research.c 的 main() 第 211 行，物件： cmds/skill/research
呼叫来自：feature/skill.c 的 improve_skill() 第 366 行，物件： clone/user/user#9825 ("懒兔浩然")

执行时段错误：*call_other() couldn't find object

程式：adm/daemons/npcd.c 第 421 行
物件：/adm/daemons/npcd
呼叫来自：inherit/char/char.c 的 heart_beat() 第 133 行，物件： clone/npc/walker#2065 ("杨夷溘")
呼叫来自：inherit/char/npc.c 的 scan() 第 299 行，物件： clone/npc/walker#2065 ("杨夷溘")
呼叫来自：inherit/char/npc.c 的 chat() 第 377 行，物件： clone/npc/walker#2065 ("杨夷溘")
呼叫来自：<function> 的 <function>() 第 0 行，物件： clone/npc/walker#2065 ("杨夷溘")
呼叫来自：clone/npc/walker.c 的 <function>() 第 27 行，物件： clone/npc/walker#2065 ("杨夷溘")
呼叫来自：adm/daemons/npcd.c 的 random_move() 第 421 行，物件： adm/daemons/npcd
Heart beat in clone/npc/walker#2065 turned off.
object /clone/user/user#9825: eval_cost too big 2000000

执行时段错误：*Too long evaluation. Execution aborted.

程式：feature/dbase.c 第 55 行
物件：/clone/user/user#9825
呼叫来自：feature/command.c 的 command_hook() 第 77 行，物件： clone/user/user#9825 ("懒兔浩然")
呼叫来自：cmds/skill/research.c 的 main() 第 212 行，物件： cmds/skill/research
呼叫来自：feature/dbase.c 的 add() 第 101 行，物件： clone/user/user#9825 ("懒兔浩然")
呼叫来自：feature/dbase.c 的 query() 第 55 行，物件： clone/user/user#9825 ("懒兔浩然")
object /clone/user/user#9825: eval_cost too big 2000000

执行时段错误：*Too long evaluation. Execution aborted.

程式：feature/message.c 第 170 行
物件：/clone/user/user#9825
呼叫来自：feature/message.c 的 write_prompt() 第 170 行，物件： clone/user/user#9825 ("懒兔浩然")

执行时段错误：*Error in loading object '/d/mingjiao/npc/yanyuan'

程式：inherit/room/room.c 第 24 行
物件：/d/mingjiao/htqdating
呼叫来自：inherit/room/room.c 的 reset() 第 86 行，物件： d/mingjiao/htqdating
呼叫来自：inherit/room/room.c 的 make_inventory() 第 24 行，物件： d/mingjiao/htqdating

执行时段错误：*Bad argument 1 to call_other()
Expected: string or array or object Got: 0.

程式：feature/dbase.c 第 93 行
物件：/clone/user/user#34698
呼叫来自：clone/user/user.c 的 reset() 第 86 行，物件： clone/user/user#34698 ("慕容秋荻")
呼叫来自：feature/dbase.c 的 add() 第 93 行，物件： clone/user/user#34698 ("慕容秋荻")

执行时段错误：*Bad argument 1 to call_other()
Expected: string or array or object Got: 0.

程式：inherit/room/room.c 第 25 行
物件：/data/room/obh1234/qianting
呼叫来自：inherit/room/room.c 的 reset() 第 86 行，物件： data/room/obh1234/qianting
呼叫来自：inherit/room/room.c 的 make_inventory() 第 25 行，物件： data/room/obh1234/qianting

执行时段错误：*Inherited file '/inherit/char/lang2' does not exist!

程式：inherit/room/room.c 第 24 行
物件：/d/wudu/langwo
呼叫来自：inherit/room/room.c 的 reset() 第 86 行，物件： d/wudu/langwo
呼叫来自：inherit/room/room.c 的 make_inventory() 第 24 行，物件： d/wudu/langwo

执行时段错误：*Bad argument 1 to call_other()
Expected: string or array or object Got: 0.

程式：inherit/room/room.c 第 25 行
物件：/data/room/yxsyyr1/qianting
呼叫来自：inherit/room/room.c 的 reset() 第 86 行，物件： data/room/yxsyyr1/qianting
呼叫来自：inherit/room/room.c 的 make_inventory() 第 25 行，物件： data/room/yxsyyr1/qianting

执行时段错误：*Error in loading object '/d/wudu/npc/qiandu3'

程式：inherit/room/room.c 第 24 行
物件：/d/wudu/qiandu2
呼叫来自：inherit/room/room.c 的 reset() 第 86 行，物件： d/wudu/qiandu2
呼叫来自：inherit/room/room.c 的 make_inventory() 第 24 行，物件： d/wudu/qiandu2

执行时段错误：*Error in loading object '/kungfu/class/sky/obj/shenjiu'

程式：inherit/char/npc.c 第 17 行
物件：/d/luoyang/npc/libai#65448
呼叫来自：inherit/room/room.c 的 reset() 第 86 行，物件： d/luoyang/zuixianlou4
呼叫来自：inherit/room/room.c 的 make_inventory() 第 24 行，物件： d/luoyang/zuixianlou4
呼叫来自：d/luoyang/npc/libai.c 的 create() 第 64 行，物件： d/luoyang/npc/libai#65448 ("李白")
呼叫来自：inherit/char/npc.c 的 carry_object() 第 17 行，物件： d/luoyang/npc/libai#65448 ("李白")

执行时段错误：*Bad argument 1 to call_other()
Expected: string or array or object Got: 0.

程式：inherit/room/room.c 第 25 行
物件：/data/room/w2544460429/qianting
呼叫来自：inherit/room/room.c 的 reset() 第 86 行，物件： data/room/w2544460429/qianting
呼叫来自：inherit/room/room.c 的 make_inventory() 第 25 行，物件： data/room/w2544460429/qianting

执行时段错误：*Bad argument 1 to call_other()
Expected: string or array or object Got: 0.

程式：inherit/room/room.c 第 25 行
物件：/data/room/qazzaq/qianting
呼叫来自：inherit/room/room.c 的 reset() 第 86 行，物件： data/room/qazzaq/qianting
呼叫来自：inherit/room/room.c 的 make_inventory() 第 25 行，物件： data/room/qazzaq/qianting

执行时段错误：*Bad argument 1 to call_other()
Expected: string or array or object Got: 0.

程式：inherit/room/room.c 第 25 行
物件：/data/room/pxhaha/qianting
呼叫来自：inherit/room/room.c 的 reset() 第 86 行，物件： data/room/pxhaha/qianting
呼叫来自：inherit/room/room.c 的 make_inventory() 第 25 行，物件： data/room/pxhaha/qianting

执行时段错误：*Bad argument 1 to call_other()
Expected: string or array or object Got: 0.

程式：inherit/room/room.c 第 25 行
物件：/data/room/pxdaye/qianting
呼叫来自：inherit/room/room.c 的 reset() 第 86 行，物件： data/room/pxdaye/qianting
呼叫来自：inherit/room/room.c 的 make_inventory() 第 25 行，物件： data/room/pxdaye/qianting

执行时段错误：*Bad argument 1 to call_other()
Expected: string or array or object Got: 0.

程式：inherit/room/room.c 第 25 行
物件：/d/luoyang/shuoshu
呼叫来自：inherit/room/room.c 的 reset() 第 86 行，物件： d/luoyang/shuoshu
呼叫来自：inherit/room/room.c 的 make_inventory() 第 25 行，物件： d/luoyang/shuoshu

执行时段错误：*Bad argument 1 to call_other()
Expected: string or array or object Got: 0.

程式：feature/dbase.c 第 93 行
物件：/clone/user/user
呼叫来自：clone/user/user.c 的 reset() 第 86 行，物件： clone/user/user ("使用者物件")
呼叫来自：feature/dbase.c 的 add() 第 93 行，物件： clone/user/user ("使用者物件")
object /clone/user/user#9825: eval_cost too big 2000000

执行时段错误：*Too long evaluation. Execution aborted.

程式：feature/dbase.c 第 107 行
物件：/clone/user/user#9825
呼叫来自：feature/command.c 的 command_hook() 第 77 行，物件： clone/user/user#9825 ("懒兔浩然")
呼叫来自：cmds/skill/research.c 的 main() 第 212 行，物件： cmds/skill/research
呼叫来自：feature/dbase.c 的 add() 第 107 行，物件： clone/user/user#9825 ("懒兔浩然")
object /clone/user/user#9825: eval_cost too big 2000000

执行时段错误：*Too long evaluation. Execution aborted.

程式：feature/dbase.c 第 101 行
物件：/clone/user/user#9825
呼叫来自：feature/command.c 的 command_hook() 第 77 行，物件： clone/user/user#9825 ("懒兔浩然")
呼叫来自：cmds/skill/research.c 的 main() 第 212 行，物件： cmds/skill/research
呼叫来自：feature/dbase.c 的 add() 第 101 行，物件： clone/user/user#9825 ("懒兔浩然")

执行时段错误：*Value being indexed is zero.

程式：clone/quest/search.c 第 91 行
物件：/clone/quest/search#65996
呼叫来自：adm/daemons/quest/search.c 的 heart_beat() 第 66 行，物件： adm/daemons/quest/search
呼叫来自：adm/daemons/quest/search.c 的 start_quest() 第 53 行，物件： adm/daemons/quest/search
呼叫来自：clone/quest/search.c 的 init_quest() 第 91 行，物件： clone/quest/search#65996 ("围攻0")
Heart beat in adm/daemons/quest/search turned off.
object /clone/user/user#9825: eval_cost too big 2000000

执行时段错误：*Too long evaluation. Execution aborted.

程式：feature/skill.c 第 330 行
物件：/clone/user/user#9825
呼叫来自：feature/command.c 的 command_hook() 第 77 行，物件： clone/user/user#9825 ("懒兔浩然")
呼叫来自：cmds/skill/research.c 的 main() 第 211 行，物件： cmds/skill/research
呼叫来自：feature/skill.c 的 improve_skill() 第 330 行，物件： clone/user/user#9825 ("懒兔浩然")
object /clone/user/user#9825: eval_cost too big 2000000

执行时段错误：*Too long evaluation. Execution aborted.

程式：feature/message.c 第 159 行
物件：/clone/user/user#9825
呼叫来自：feature/message.c 的 write_prompt() 第 159 行，物件： clone/user/user#9825 ("懒兔浩然")
object /clone/user/user#9825: eval_cost too big 2000000

执行时段错误：*Too long evaluation. Execution aborted.

程式：feature/dbase.c 第 101 行
物件：/clone/user/user#9825
呼叫来自：feature/command.c 的 command_hook() 第 77 行，物件： clone/user/user#9825 ("懒兔浩然")
呼叫来自：cmds/skill/research.c 的 main() 第 212 行，物件： cmds/skill/research
呼叫来自：feature/dbase.c 的 add() 第 101 行，物件： clone/user/user#9825 ("懒兔浩然")
object /clone/user/user#9825: eval_cost too big 2000000

执行时段错误：*Too long evaluation. Execution aborted.

程式：feature/dbase.c 第 107 行
物件：/clone/user/user#9825
呼叫来自：feature/command.c 的 command_hook() 第 77 行，物件： clone/user/user#9825 ("懒兔浩然")
呼叫来自：cmds/skill/research.c 的 main() 第 212 行，物件： cmds/skill/research
呼叫来自：feature/dbase.c 的 add() 第 107 行，物件： clone/user/user#9825 ("懒兔浩然")
object /clone/user/user#9825: eval_cost too big 2000000

执行时段错误：*Too long evaluation. Execution aborted.

程式：feature/dbase.c 第 55 行
物件：/clone/user/user#9825
呼叫来自：feature/command.c 的 command_hook() 第 77 行，物件： clone/user/user#9825 ("懒兔浩然")
呼叫来自：cmds/skill/research.c 的 main() 第 212 行，物件： cmds/skill/research
呼叫来自：feature/dbase.c 的 add() 第 101 行，物件： clone/user/user#9825 ("懒兔浩然")
呼叫来自：feature/dbase.c 的 query() 第 55 行，物件： clone/user/user#9825 ("懒兔浩然")
object /cmds/skill/research: eval_cost too big 2000000

执行时段错误：*Too long evaluation. Execution aborted.

程式：cmds/skill/research.c 第 219 行
物件：/cmds/skill/research
呼叫来自：feature/command.c 的 command_hook() 第 77 行，物件： clone/user/user#9825 ("懒兔浩然")
呼叫来自：cmds/skill/research.c 的 main() 第 219 行，物件： cmds/skill/research
object /cmds/skill/research: eval_cost too big 2000000

执行时段错误：*Too long evaluation. Execution aborted.

程式：cmds/skill/research.c 第 219 行
物件：/cmds/skill/research
呼叫来自：feature/command.c 的 command_hook() 第 77 行，物件： clone/user/user#9825 ("懒兔浩然")
呼叫来自：cmds/skill/research.c 的 main() 第 219 行，物件： cmds/skill/research

执行时段错误：*Error in loading object '/d/mingjiao/npc/yanyuan'

程式：inherit/room/room.c 第 24 行
物件：/d/mingjiao/htqdating
呼叫来自：inherit/room/room.c 的 reset() 第 86 行，物件： d/mingjiao/htqdating
呼叫来自：inherit/room/room.c 的 make_inventory() 第 24 行，物件： d/mingjiao/htqdating

执行时段错误：*Error in loading object '/d/mingjiao/npc/wujincao'

程式：inherit/room/room.c 第 24 行
物件：/d/mingjiao/rjqlwch
呼叫来自：inherit/room/room.c 的 reset() 第 86 行，物件： d/mingjiao/rjqlwch
呼叫来自：inherit/room/room.c 的 make_inventory() 第 24 行，物件： d/mingjiao/rjqlwch

执行时段错误：*Bad argument 1 to call_other()
Expected: string or array or object Got: 0.

程式：inherit/room/room.c 第 25 行
物件：/data/room/liu12345/qianting
呼叫来自：inherit/room/room.c 的 reset() 第 86 行，物件： data/room/liu12345/qianting
呼叫来自：inherit/room/room.c 的 make_inventory() 第 25 行，物件： data/room/liu12345/qianting

执行时段错误：*Bad argument 1 to call_other()
Expected: string or array or object Got: 0.

程式：inherit/room/room.c 第 25 行
物件：/data/room/obh1234/qianting
呼叫来自：inherit/room/room.c 的 reset() 第 86 行，物件： data/room/obh1234/qianting
呼叫来自：inherit/room/room.c 的 make_inventory() 第 25 行，物件： data/room/obh1234/qianting

执行时段错误：*Bad argument 1 to call_other()
Expected: string or array or object Got: 0.

程式：inherit/room/room.c 第 25 行
物件：/data/room/moyin/qianting
呼叫来自：inherit/room/room.c 的 reset() 第 86 行，物件： data/room/moyin/qianting
呼叫来自：inherit/room/room.c 的 make_inventory() 第 25 行，物件： data/room/moyin/qianting

执行时段错误：*Error in loading object '/d/wudu/npc/qiandu3'

程式：inherit/room/room.c 第 24 行
物件：/d/wudu/qiandu2
呼叫来自：inherit/room/room.c 的 reset() 第 86 行，物件： d/wudu/qiandu2
呼叫来自：inherit/room/room.c 的 make_inventory() 第 24 行，物件： d/wudu/qiandu2

执行时段错误：*Error in loading object '/d/mingjiao/npc/tangyang'

程式：inherit/room/room.c 第 24 行
物件：/d/mingjiao/hsqdating
呼叫来自：inherit/room/room.c 的 reset() 第 86 行，物件： d/mingjiao/hsqdating
呼叫来自：inherit/room/room.c 的 make_inventory() 第 24 行，物件： d/mingjiao/hsqdating

执行时段错误：*Bad argument 1 to call_other()
Expected: string or array or object Got: 0.

程式：inherit/room/room.c 第 25 行
物件：/data/room/tyz000/qianting
呼叫来自：inherit/room/room.c 的 reset() 第 86 行，物件： data/room/tyz000/qianting
呼叫来自：inherit/room/room.c 的 make_inventory() 第 25 行，物件： data/room/tyz000/qianting

执行时段错误：*Error in loading object '/kungfu/class/sky/obj/shenjiu'

程式：inherit/char/npc.c 第 17 行
物件：/d/luoyang/npc/libai#66570
呼叫来自：inherit/room/room.c 的 reset() 第 86 行，物件： d/luoyang/zuixianlou4
呼叫来自：inherit/room/room.c 的 make_inventory() 第 24 行，物件： d/luoyang/zuixianlou4
呼叫来自：d/luoyang/npc/libai.c 的 create() 第 64 行，物件： d/luoyang/npc/libai#66570 ("李白")
呼叫来自：inherit/char/npc.c 的 carry_object() 第 17 行，物件： d/luoyang/npc/libai#66570 ("李白")

执行时段错误：*Bad argument 1 to call_other()
Expected: string or array or object Got: 0.

程式：inherit/room/room.c 第 25 行
物件：/data/room/w2544460429/qianting
呼叫来自：inherit/room/room.c 的 reset() 第 86 行，物件： data/room/w2544460429/qianting
呼叫来自：inherit/room/room.c 的 make_inventory() 第 25 行，物件： data/room/w2544460429/qianting

执行时段错误：*Bad argument 1 to call_other()
Expected: string or array or object Got: 0.

程式：inherit/room/room.c 第 25 行
物件：/data/room/yixingbu/qianting
呼叫来自：inherit/room/room.c 的 reset() 第 86 行，物件： data/room/yixingbu/qianting
呼叫来自：inherit/room/room.c 的 make_inventory() 第 25 行，物件： data/room/yixingbu/qianting

执行时段错误：*Bad argument 1 to call_other()
Expected: string or array or object Got: 0.

程式：inherit/room/room.c 第 25 行
物件：/data/room/qazzaq/qianting
呼叫来自：inherit/room/room.c 的 reset() 第 86 行，物件： data/room/qazzaq/qianting
呼叫来自：inherit/room/room.c 的 make_inventory() 第 25 行，物件： data/room/qazzaq/qianting

执行时段错误：*Bad argument 1 to call_other()
Expected: string or array or object Got: 0.

程式：inherit/room/room.c 第 25 行
物件：/data/room/adawong/qianting
呼叫来自：inherit/room/room.c 的 reset() 第 86 行，物件： data/room/adawong/qianting
呼叫来自：inherit/room/room.c 的 make_inventory() 第 25 行，物件： data/room/adawong/qianting

执行时段错误：*Bad argument 1 to call_other()
Expected: string or array or object Got: 0.

程式：inherit/room/room.c 第 25 行
物件：/data/room/pxhaha/qianting
呼叫来自：inherit/room/room.c 的 reset() 第 86 行，物件： data/room/pxhaha/qianting
呼叫来自：inherit/room/room.c 的 make_inventory() 第 25 行，物件： data/room/pxhaha/qianting

执行时段错误：*Bad argument 1 to call_other()
Expected: string or array or object Got: 0.

程式：inherit/room/room.c 第 25 行
物件：/d/luoyang/shuoshu
呼叫来自：inherit/room/room.c 的 reset() 第 86 行，物件： d/luoyang/shuoshu
呼叫来自：inherit/room/room.c 的 make_inventory() 第 25 行，物件： d/luoyang/shuoshu

执行时段错误：*Bad argument 1 to call_other()
Expected: string or array or object Got: 0.

程式：inherit/room/room.c 第 25 行
物件：/data/room/hubert/qianting
呼叫来自：inherit/room/room.c 的 reset() 第 86 行，物件： data/room/hubert/qianting
呼叫来自：inherit/room/room.c 的 make_inventory() 第 25 行，物件： data/room/hubert/qianting

执行时段错误：*Bad argument 1 to call_other()
Expected: string or array or object Got: 0.

程式：feature/skill.c 第 376 行
物件：/clone/user/user#152
呼叫来自：clone/user/user.c 的 reset() 第 102 行，物件： clone/user/user#152 ("苏白")
呼叫来自：feature/skill.c 的 improve_skill() 第 376 行，物件： clone/user/user#152 ("苏白")
object /clone/user/user#9825: eval_cost too big 2000000

执行时段错误：*Too long evaluation. Execution aborted.

程式：feature/message.c 第 159 行
物件：/clone/user/user#9825
呼叫来自：feature/message.c 的 write_prompt() 第 159 行，物件： clone/user/user#9825 ("懒兔浩然")
object /clone/user/user#9825: eval_cost too big 2000000

执行时段错误：*Too long evaluation. Execution aborted.

程式：feature/dbase.c 第 38 行
物件：/clone/user/user#9825
呼叫来自：feature/command.c 的 command_hook() 第 77 行，物件： clone/user/user#9825 ("懒兔浩然")
呼叫来自：cmds/skill/research.c 的 main() 第 212 行，物件： cmds/skill/research
呼叫来自：feature/dbase.c 的 add() 第 107 行，物件： clone/user/user#9825 ("懒兔浩然")
呼叫来自：clone/user/user.c 的 set() 第 131 行，物件： clone/user/user#9825 ("懒兔浩然")
呼叫来自：feature/dbase.c 的 set() 第 38 行，物件： clone/user/user#9825 ("懒兔浩然")
object /clone/user/user#9825: eval_cost too big 2000000

执行时段错误：*Too long evaluation. Execution aborted.

程式：feature/skill.c 第 369 行
物件：/clone/user/user#9825
呼叫来自：feature/command.c 的 command_hook() 第 77 行，物件： clone/user/user#9825 ("懒兔浩然")
呼叫来自：cmds/skill/research.c 的 main() 第 211 行，物件： cmds/skill/research
呼叫来自：feature/skill.c 的 improve_skill() 第 369 行，物件： clone/user/user#9825 ("懒兔浩然")
object /cmds/skill/research: eval_cost too big 2000000

执行时段错误：*Too long evaluation. Execution aborted.

程式：cmds/skill/research.c 第 215 行
物件：/cmds/skill/research
呼叫来自：feature/command.c 的 command_hook() 第 77 行，物件： clone/user/user#9825 ("懒兔浩然")
呼叫来自：cmds/skill/research.c 的 main() 第 215 行，物件： cmds/skill/research
object /clone/user/user#9825: eval_cost too big 2000000

执行时段错误：*Too long evaluation. Execution aborted.

程式：feature/dbase.c 第 57 行
物件：/clone/user/user#9825
呼叫来自：feature/command.c 的 command_hook() 第 77 行，物件： clone/user/user#9825 ("懒兔浩然")
呼叫来自：cmds/skill/research.c 的 main() 第 200 行，物件： cmds/skill/research
呼叫来自：feature/dbase.c 的 query() 第 57 行，物件： clone/user/user#9825 ("懒兔浩然")

执行时段错误：*Value being indexed is zero.

程式：clone/quest/search.c 第 91 行
物件：/clone/quest/search#67167
呼叫来自：adm/daemons/quest/search.c 的 heart_beat() 第 66 行，物件： adm/daemons/quest/search
呼叫来自：adm/daemons/quest/search.c 的 start_quest() 第 53 行，物件： adm/daemons/quest/search
呼叫来自：clone/quest/search.c 的 init_quest() 第 91 行，物件： clone/quest/search#67167 ("围攻0")
Heart beat in adm/daemons/quest/search turned off.
object /clone/user/user#9825: eval_cost too big 2000000

执行时段错误：*Too long evaluation. Execution aborted.

程式：clone/user/user.c 第 125 行
物件：/clone/user/user#9825
呼叫来自：feature/command.c 的 command_hook() 第 77 行，物件： clone/user/user#9825 ("懒兔浩然")
呼叫来自：cmds/skill/research.c 的 main() 第 212 行，物件： cmds/skill/research
呼叫来自：feature/dbase.c 的 add() 第 107 行，物件： clone/user/user#9825 ("懒兔浩然")
呼叫来自：clone/user/user.c 的 set() 第 125 行，物件： clone/user/user#9825 ("懒兔浩然")

执行时段错误：*call_other() couldn't find object

程式：adm/daemons/npcd.c 第 421 行
物件：/adm/daemons/npcd
呼叫来自：inherit/char/char.c 的 heart_beat() 第 133 行，物件： clone/npc/walker#58497 ("梁般")
呼叫来自：inherit/char/npc.c 的 scan() 第 299 行，物件： clone/npc/walker#58497 ("梁般")
呼叫来自：inherit/char/npc.c 的 chat() 第 377 行，物件： clone/npc/walker#58497 ("梁般")
呼叫来自：<function> 的 <function>() 第 0 行，物件： clone/npc/walker#58497 ("梁般")
呼叫来自：clone/npc/walker.c 的 <function>() 第 27 行，物件： clone/npc/walker#58497 ("梁般")
呼叫来自：adm/daemons/npcd.c 的 random_move() 第 421 行，物件： adm/daemons/npcd
Heart beat in clone/npc/walker#58497 turned off.
object /clone/user/user#9825: eval_cost too big 2000000

执行时段错误：*Too long evaluation. Execution aborted.

程式：feature/message.c 第 172 行
物件：/clone/user/user#9825
呼叫来自：feature/message.c 的 write_prompt() 第 172 行，物件： clone/user/user#9825 ("懒兔浩然")

执行时段错误：*call_other() couldn't find object

程式：adm/daemons/npcd.c 第 421 行
物件：/adm/daemons/npcd
呼叫来自：inherit/char/char.c 的 heart_beat() 第 133 行，物件： clone/npc/walker#51160 ("易武")
呼叫来自：inherit/char/npc.c 的 scan() 第 299 行，物件： clone/npc/walker#51160 ("易武")
呼叫来自：inherit/char/npc.c 的 chat() 第 377 行，物件： clone/npc/walker#51160 ("易武")
呼叫来自：<function> 的 <function>() 第 0 行，物件： clone/npc/walker#51160 ("易武")
呼叫来自：clone/npc/walker.c 的 <function>() 第 27 行，物件： clone/npc/walker#51160 ("易武")
呼叫来自：adm/daemons/npcd.c 的 random_move() 第 421 行，物件： adm/daemons/npcd
Heart beat in clone/npc/walker#51160 turned off.
object /clone/user/user#9825: eval_cost too big 2000000

执行时段错误：*Too long evaluation. Execution aborted.

程式：feature/skill.c 第 365 行
物件：/clone/user/user#9825
呼叫来自：feature/command.c 的 command_hook() 第 77 行，物件： clone/user/user#9825 ("懒兔浩然")
呼叫来自：cmds/skill/research.c 的 main() 第 211 行，物件： cmds/skill/research
呼叫来自：feature/skill.c 的 improve_skill() 第 365 行，物件： clone/user/user#9825 ("懒兔浩然")
object /clone/user/user#9825: eval_cost too big 2000000

执行时段错误：*Too long evaluation. Execution aborted.

程式：feature/dbase.c 第 47 行
物件：/clone/user/user#9825
呼叫来自：feature/command.c 的 command_hook() 第 77 行，物件： clone/user/user#9825 ("懒兔浩然")
呼叫来自：cmds/skill/research.c 的 main() 第 212 行，物件： cmds/skill/research
呼叫来自：feature/dbase.c 的 add() 第 101 行，物件： clone/user/user#9825 ("懒兔浩然")
呼叫来自：feature/dbase.c 的 query() 第 47 行，物件： clone/user/user#9825 ("懒兔浩然")
object /clone/user/user#9825: eval_cost too big 2000000

执行时段错误：*Too long evaluation. Execution aborted.

程式：feature/message.c 第 167 行
物件：/clone/user/user#9825
呼叫来自：feature/message.c 的 write_prompt() 第 167 行，物件： clone/user/user#9825 ("懒兔浩然")
object /clone/user/user#9825: eval_cost too big 2000000

执行时段错误：*Too long evaluation. Execution aborted.

程式：feature/skill.c 第 365 行
物件：/clone/user/user#9825
呼叫来自：feature/command.c 的 command_hook() 第 77 行，物件： clone/user/user#9825 ("懒兔浩然")
呼叫来自：cmds/skill/research.c 的 main() 第 211 行，物件： cmds/skill/research
呼叫来自：feature/skill.c 的 improve_skill() 第 365 行，物件： clone/user/user#9825 ("懒兔浩然")

执行时段错误：*Bad argument 1 to call_other()
Expected: string or array or object Got: 0.

程式：feature/dbase.c 第 93 行
物件：/clone/user/user#34698
呼叫来自：clone/user/user.c 的 reset() 第 86 行，物件： clone/user/user#34698 ("慕容秋荻")
呼叫来自：feature/dbase.c 的 add() 第 93 行，物件： clone/user/user#34698 ("慕容秋荻")

执行时段错误：*Error in loading object '/d/mingjiao/npc/wujincao'

程式：inherit/room/room.c 第 24 行
物件：/d/mingjiao/rjqlwch
呼叫来自：inherit/room/room.c 的 reset() 第 86 行，物件： d/mingjiao/rjqlwch
呼叫来自：inherit/room/room.c 的 make_inventory() 第 24 行，物件： d/mingjiao/rjqlwch

执行时段错误：*Bad argument 1 to call_other()
Expected: string or array or object Got: 0.

程式：inherit/room/room.c 第 25 行
物件：/data/room/obh1234/qianting
呼叫来自：inherit/room/room.c 的 reset() 第 86 行，物件： data/room/obh1234/qianting
呼叫来自：inherit/room/room.c 的 make_inventory() 第 25 行，物件： data/room/obh1234/qianting

执行时段错误：*Inherited file '/inherit/char/lang2' does not exist!

程式：inherit/room/room.c 第 24 行
物件：/d/wudu/langwo
呼叫来自：inherit/room/room.c 的 reset() 第 86 行，物件： d/wudu/langwo
呼叫来自：inherit/room/room.c 的 make_inventory() 第 24 行，物件： d/wudu/langwo

执行时段错误：*Bad argument 1 to call_other()
Expected: string or array or object Got: 0.

程式：inherit/room/room.c 第 25 行
物件：/data/room/yxsyyr1/qianting
呼叫来自：inherit/room/room.c 的 reset() 第 86 行，物件： data/room/yxsyyr1/qianting
呼叫来自：inherit/room/room.c 的 make_inventory() 第 25 行，物件： data/room/yxsyyr1/qianting

执行时段错误：*Bad argument 1 to call_other()
Expected: string or array or object Got: 0.

程式：inherit/room/room.c 第 25 行
物件：/data/room/w2544460429/qianting
呼叫来自：inherit/room/room.c 的 reset() 第 86 行，物件： data/room/w2544460429/qianting
呼叫来自：inherit/room/room.c 的 make_inventory() 第 25 行，物件： data/room/w2544460429/qianting

执行时段错误：*Bad argument 1 to call_other()
Expected: string or array or object Got: 0.

程式：inherit/room/room.c 第 25 行
物件：/data/room/qazzaq/qianting
呼叫来自：inherit/room/room.c 的 reset() 第 86 行，物件： data/room/qazzaq/qianting
呼叫来自：inherit/room/room.c 的 make_inventory() 第 25 行，物件： data/room/qazzaq/qianting

执行时段错误：*Bad argument 1 to call_other()
Expected: string or array or object Got: 0.

程式：inherit/room/room.c 第 25 行
物件：/data/room/adawong/qianting
呼叫来自：inherit/room/room.c 的 reset() 第 86 行，物件： data/room/adawong/qianting
呼叫来自：inherit/room/room.c 的 make_inventory() 第 25 行，物件： data/room/adawong/qianting

执行时段错误：*Bad argument 1 to call_other()
Expected: string or array or object Got: 0.

程式：inherit/room/room.c 第 25 行
物件：/data/room/pxhaha/qianting
呼叫来自：inherit/room/room.c 的 reset() 第 86 行，物件： data/room/pxhaha/qianting
呼叫来自：inherit/room/room.c 的 make_inventory() 第 25 行，物件： data/room/pxhaha/qianting

执行时段错误：*Bad argument 1 to call_other()
Expected: string or array or object Got: 0.

程式：inherit/room/room.c 第 25 行
物件：/data/room/pxdaye/qianting
呼叫来自：inherit/room/room.c 的 reset() 第 86 行，物件： data/room/pxdaye/qianting
呼叫来自：inherit/room/room.c 的 make_inventory() 第 25 行，物件： data/room/pxdaye/qianting

执行时段错误：*Bad argument 1 to call_other()
Expected: string or array or object Got: 0.

程式：feature/dbase.c 第 93 行
物件：/clone/user/user
呼叫来自：clone/user/user.c 的 reset() 第 86 行，物件： clone/user/user ("使用者物件")
呼叫来自：feature/dbase.c 的 add() 第 93 行，物件： clone/user/user ("使用者物件")
object /clone/user/user#9825: eval_cost too big 2000000

执行时段错误：*Too long evaluation. Execution aborted.

程式：feature/dbase.c 第 25 行
物件：/clone/user/user#9825
呼叫来自：feature/command.c 的 command_hook() 第 77 行，物件： clone/user/user#9825 ("懒兔浩然")
呼叫来自：cmds/skill/research.c 的 main() 第 212 行，物件： cmds/skill/research
呼叫来自：feature/dbase.c 的 add() 第 107 行，物件： clone/user/user#9825 ("懒兔浩然")
呼叫来自：clone/user/user.c 的 set() 第 131 行，物件： clone/user/user#9825 ("懒兔浩然")
呼叫来自：feature/dbase.c 的 set() 第 25 行，物件： clone/user/user#9825 ("懒兔浩然")
object /clone/user/user#9825: eval_cost too big 2000000

执行时段错误：*Too long evaluation. Execution aborted.

程式：feature/skill.c 第 369 行
物件：/clone/user/user#9825
呼叫来自：feature/command.c 的 command_hook() 第 77 行，物件： clone/user/user#9825 ("懒兔浩然")
呼叫来自：cmds/skill/research.c 的 main() 第 211 行，物件： cmds/skill/research
呼叫来自：feature/skill.c 的 improve_skill() 第 369 行，物件： clone/user/user#9825 ("懒兔浩然")
object /clone/user/user#9825: eval_cost too big 2000000

执行时段错误：*Too long evaluation. Execution aborted.

程式：feature/dbase.c 第 27 行
物件：/clone/user/user#9825
呼叫来自：feature/command.c 的 command_hook() 第 77 行，物件： clone/user/user#9825 ("懒兔浩然")
呼叫来自：cmds/skill/research.c 的 main() 第 212 行，物件： cmds/skill/research
呼叫来自：feature/dbase.c 的 add() 第 107 行，物件： clone/user/user#9825 ("懒兔浩然")
呼叫来自：clone/user/user.c 的 set() 第 131 行，物件： clone/user/user#9825 ("懒兔浩然")
呼叫来自：feature/dbase.c 的 set() 第 27 行，物件： clone/user/user#9825 ("懒兔浩然")
object /cmds/skill/research: eval_cost too big 2000000

执行时段错误：*Too long evaluation. Execution aborted.

程式：cmds/skill/research.c 第 212 行
物件：/cmds/skill/research
呼叫来自：feature/command.c 的 command_hook() 第 77 行，物件： clone/user/user#9825 ("懒兔浩然")
呼叫来自：cmds/skill/research.c 的 main() 第 212 行，物件： cmds/skill/research

执行时段错误：*Value being indexed is zero.

程式：clone/quest/search.c 第 91 行
物件：/clone/quest/search#68527
呼叫来自：adm/daemons/quest/search.c 的 heart_beat() 第 66 行，物件： adm/daemons/quest/search
呼叫来自：adm/daemons/quest/search.c 的 start_quest() 第 53 行，物件： adm/daemons/quest/search
呼叫来自：clone/quest/search.c 的 init_quest() 第 91 行，物件： clone/quest/search#68527 ("围攻0")
Heart beat in adm/daemons/quest/search turned off.
object /clone/user/user#9825: eval_cost too big 2000000

执行时段错误：*Too long evaluation. Execution aborted.

程式：feature/dbase.c 第 101 行
物件：/clone/user/user#9825
呼叫来自：feature/command.c 的 command_hook() 第 77 行，物件： clone/user/user#9825 ("懒兔浩然")
呼叫来自：cmds/skill/research.c 的 main() 第 212 行，物件： cmds/skill/research
呼叫来自：feature/dbase.c 的 add() 第 101 行，物件： clone/user/user#9825 ("懒兔浩然")
object /clone/user/user#9825: eval_cost too big 2000000

执行时段错误：*Too long evaluation. Execution aborted.

程式：feature/skill.c 第 342 行
物件：/clone/user/user#9825
呼叫来自：feature/command.c 的 command_hook() 第 77 行，物件： clone/user/user#9825 ("懒兔浩然")
呼叫来自：cmds/skill/research.c 的 main() 第 211 行，物件： cmds/skill/research
呼叫来自：feature/skill.c 的 improve_skill() 第 342 行，物件： clone/user/user#9825 ("懒兔浩然")
object /clone/user/user#9825: eval_cost too big 2000000

执行时段错误：*Too long evaluation. Execution aborted.

程式：feature/dbase.c 第 25 行
物件：/clone/user/user#9825
呼叫来自：feature/command.c 的 command_hook() 第 77 行，物件： clone/user/user#9825 ("懒兔浩然")
呼叫来自：cmds/skill/research.c 的 main() 第 212 行，物件： cmds/skill/research
呼叫来自：feature/dbase.c 的 add() 第 107 行，物件： clone/user/user#9825 ("懒兔浩然")
呼叫来自：clone/user/user.c 的 set() 第 131 行，物件： clone/user/user#9825 ("懒兔浩然")
呼叫来自：feature/dbase.c 的 set() 第 25 行，物件： clone/user/user#9825 ("懒兔浩然")

执行时段错误：*call_other() couldn't find object

程式：adm/daemons/npcd.c 第 421 行
物件：/adm/daemons/npcd
呼叫来自：inherit/char/char.c 的 heart_beat() 第 133 行，物件： clone/npc/walker#39639 ("钟离步骜")
呼叫来自：inherit/char/npc.c 的 scan() 第 299 行，物件： clone/npc/walker#39639 ("钟离步骜")
呼叫来自：inherit/char/npc.c 的 chat() 第 377 行，物件： clone/npc/walker#39639 ("钟离步骜")
呼叫来自：<function> 的 <function>() 第 0 行，物件： clone/npc/walker#39639 ("钟离步骜")
呼叫来自：clone/npc/walker.c 的 <function>() 第 27 行，物件： clone/npc/walker#39639 ("钟离步骜")
呼叫来自：adm/daemons/npcd.c 的 random_move() 第 421 行，物件： adm/daemons/npcd
Heart beat in clone/npc/walker#39639 turned off.
object /clone/user/user#9825: eval_cost too big 2000000

执行时段错误：*Too long evaluation. Execution aborted.

程式：feature/skill.c 第 369 行
物件：/clone/user/user#9825
呼叫来自：feature/command.c 的 command_hook() 第 77 行，物件： clone/user/user#9825 ("懒兔浩然")
呼叫来自：cmds/skill/research.c 的 main() 第 208 行，物件： cmds/skill/research
呼叫来自：feature/skill.c 的 improve_skill() 第 369 行，物件： clone/user/user#9825 ("懒兔浩然")
object /clone/user/user#9825: eval_cost too big 2000000

执行时段错误：*Too long evaluation. Execution aborted.

程式：clone/user/user.c 第 1008 行
物件：/clone/user/user#9825
呼叫来自：feature/message.c 的 write_prompt() 第 170 行，物件： clone/user/user#9825 ("懒兔浩然")
呼叫来自：clone/user/user.c 的 is_attach_system() 第 1008 行，物件： clone/user/user#9825 ("懒兔浩然")
object /clone/user/user#9825: eval_cost too big 2000000

执行时段错误：*Too long evaluation. Execution aborted.

程式：feature/dbase.c 第 45 行
物件：/clone/user/user#9825
呼叫来自：feature/command.c 的 command_hook() 第 77 行，物件： clone/user/user#9825 ("懒兔浩然")
呼叫来自：cmds/skill/research.c 的 main() 第 212 行，物件： cmds/skill/research
呼叫来自：feature/dbase.c 的 add() 第 101 行，物件： clone/user/user#9825 ("懒兔浩然")
呼叫来自：feature/dbase.c 的 query() 第 45 行，物件： clone/user/user#9825 ("懒兔浩然")

执行时段错误：*Error in loading object '/d/mingjiao/npc/yanyuan'

程式：inherit/room/room.c 第 24 行
物件：/d/mingjiao/htqdating
呼叫来自：inherit/room/room.c 的 reset() 第 86 行，物件： d/mingjiao/htqdating
呼叫来自：inherit/room/room.c 的 make_inventory() 第 24 行，物件： d/mingjiao/htqdating

执行时段错误：*Bad argument 1 to call_other()
Expected: string or array or object Got: 0.

程式：feature/dbase.c 第 93 行
物件：/clone/user/user#34698
呼叫来自：clone/user/user.c 的 reset() 第 86 行，物件： clone/user/user#34698 ("慕容秋荻")
呼叫来自：feature/dbase.c 的 add() 第 93 行，物件： clone/user/user#34698 ("慕容秋荻")

执行时段错误：*Error in loading object '/d/mingjiao/npc/wujincao'

程式：inherit/room/room.c 第 24 行
物件：/d/mingjiao/rjqlwch
呼叫来自：inherit/room/room.c 的 reset() 第 86 行，物件： d/mingjiao/rjqlwch
呼叫来自：inherit/room/room.c 的 make_inventory() 第 24 行，物件： d/mingjiao/rjqlwch

执行时段错误：*Bad argument 1 to call_other()
Expected: string or array or object Got: 0.

程式：inherit/room/room.c 第 25 行
物件：/data/room/liu12345/qianting
呼叫来自：inherit/room/room.c 的 reset() 第 86 行，物件： data/room/liu12345/qianting
呼叫来自：inherit/room/room.c 的 make_inventory() 第 25 行，物件： data/room/liu12345/qianting

执行时段错误：*Bad argument 1 to call_other()
Expected: string or array or object Got: 0.

程式：inherit/room/room.c 第 25 行
物件：/data/room/obh1234/qianting
呼叫来自：inherit/room/room.c 的 reset() 第 86 行，物件： data/room/obh1234/qianting
呼叫来自：inherit/room/room.c 的 make_inventory() 第 25 行，物件： data/room/obh1234/qianting

执行时段错误：*Bad argument 1 to call_other()
Expected: string or array or object Got: 0.

程式：inherit/room/room.c 第 25 行
物件：/data/room/yxsyyr1/qianting
呼叫来自：inherit/room/room.c 的 reset() 第 86 行，物件： data/room/yxsyyr1/qianting
呼叫来自：inherit/room/room.c 的 make_inventory() 第 25 行，物件： data/room/yxsyyr1/qianting

执行时段错误：*Bad argument 1 to call_other()
Expected: string or array or object Got: 0.

程式：inherit/room/room.c 第 25 行
物件：/data/room/moyin/qianting
呼叫来自：inherit/room/room.c 的 reset() 第 86 行，物件： data/room/moyin/qianting
呼叫来自：inherit/room/room.c 的 make_inventory() 第 25 行，物件： data/room/moyin/qianting

执行时段错误：*Error in loading object '/d/wudu/npc/qiandu3'

程式：inherit/room/room.c 第 24 行
物件：/d/wudu/qiandu2
呼叫来自：inherit/room/room.c 的 reset() 第 86 行，物件： d/wudu/qiandu2
呼叫来自：inherit/room/room.c 的 make_inventory() 第 24 行，物件： d/wudu/qiandu2

执行时段错误：*Error in loading object '/d/mingjiao/npc/tangyang'

程式：inherit/room/room.c 第 24 行
物件：/d/mingjiao/hsqdating
呼叫来自：inherit/room/room.c 的 reset() 第 86 行，物件： d/mingjiao/hsqdating
呼叫来自：inherit/room/room.c 的 make_inventory() 第 24 行，物件： d/mingjiao/hsqdating

执行时段错误：*Bad argument 1 to call_other()
Expected: string or array or object Got: 0.

程式：inherit/room/room.c 第 25 行
物件：/data/room/tyz000/qianting
呼叫来自：inherit/room/room.c 的 reset() 第 86 行，物件： data/room/tyz000/qianting
呼叫来自：inherit/room/room.c 的 make_inventory() 第 25 行，物件： data/room/tyz000/qianting

执行时段错误：*Error in loading object '/kungfu/class/sky/obj/shenjiu'

程式：inherit/char/npc.c 第 17 行
物件：/d/luoyang/npc/libai#69444
呼叫来自：inherit/room/room.c 的 reset() 第 86 行，物件： d/luoyang/zuixianlou4
呼叫来自：inherit/room/room.c 的 make_inventory() 第 24 行，物件： d/luoyang/zuixianlou4
呼叫来自：d/luoyang/npc/libai.c 的 create() 第 64 行，物件： d/luoyang/npc/libai#69444 ("李白")
呼叫来自：inherit/char/npc.c 的 carry_object() 第 17 行，物件： d/luoyang/npc/libai#69444 ("李白")

执行时段错误：*Bad argument 1 to call_other()
Expected: string or array or object Got: 0.

程式：inherit/room/room.c 第 25 行
物件：/data/room/w2544460429/qianting
呼叫来自：inherit/room/room.c 的 reset() 第 86 行，物件： data/room/w2544460429/qianting
呼叫来自：inherit/room/room.c 的 make_inventory() 第 25 行，物件： data/room/w2544460429/qianting

执行时段错误：*Bad argument 1 to call_other()
Expected: string or array or object Got: 0.

程式：inherit/room/room.c 第 25 行
物件：/data/room/yixingbu/qianting
呼叫来自：inherit/room/room.c 的 reset() 第 86 行，物件： data/room/yixingbu/qianting
呼叫来自：inherit/room/room.c 的 make_inventory() 第 25 行，物件： data/room/yixingbu/qianting

执行时段错误：*Bad argument 1 to call_other()
Expected: string or array or object Got: 0.

程式：inherit/room/room.c 第 25 行
物件：/data/room/qazzaq/qianting
呼叫来自：inherit/room/room.c 的 reset() 第 86 行，物件： data/room/qazzaq/qianting
呼叫来自：inherit/room/room.c 的 make_inventory() 第 25 行，物件： data/room/qazzaq/qianting

执行时段错误：*Bad argument 1 to call_other()
Expected: string or array or object Got: 0.

程式：inherit/room/room.c 第 25 行
物件：/data/room/adawong/qianting
呼叫来自：inherit/room/room.c 的 reset() 第 86 行，物件： data/room/adawong/qianting
呼叫来自：inherit/room/room.c 的 make_inventory() 第 25 行，物件： data/room/adawong/qianting

执行时段错误：*Bad argument 1 to call_other()
Expected: string or array or object Got: 0.

程式：inherit/room/room.c 第 25 行
物件：/data/room/pxdaye/qianting
呼叫来自：inherit/room/room.c 的 reset() 第 86 行，物件： data/room/pxdaye/qianting
呼叫来自：inherit/room/room.c 的 make_inventory() 第 25 行，物件： data/room/pxdaye/qianting

执行时段错误：*Bad argument 1 to call_other()
Expected: string or array or object Got: 0.

程式：inherit/room/room.c 第 25 行
物件：/d/luoyang/shuoshu
呼叫来自：inherit/room/room.c 的 reset() 第 86 行，物件： d/luoyang/shuoshu
呼叫来自：inherit/room/room.c 的 make_inventory() 第 25 行，物件： d/luoyang/shuoshu

执行时段错误：*Bad argument 1 to call_other()
Expected: string or array or object Got: 0.

程式：inherit/room/room.c 第 25 行
物件：/data/room/hubert/qianting
呼叫来自：inherit/room/room.c 的 reset() 第 86 行，物件： data/room/hubert/qianting
呼叫来自：inherit/room/room.c 的 make_inventory() 第 25 行，物件： data/room/hubert/qianting
object /cmds/skill/research: eval_cost too big 2000000

执行时段错误：*Too long evaluation. Execution aborted.

程式：cmds/skill/research.c 第 215 行
物件：/cmds/skill/research
呼叫来自：feature/command.c 的 command_hook() 第 77 行，物件： clone/user/user#9825 ("懒兔浩然")
呼叫来自：cmds/skill/research.c 的 main() 第 215 行，物件： cmds/skill/research
object /clone/user/user#9825: eval_cost too big 2000000

执行时段错误：*Too long evaluation. Execution aborted.

程式：feature/dbase.c 第 107 行
物件：/clone/user/user#9825
呼叫来自：feature/command.c 的 command_hook() 第 77 行，物件： clone/user/user#9825 ("懒兔浩然")
呼叫来自：cmds/skill/research.c 的 main() 第 212 行，物件： cmds/skill/research
呼叫来自：feature/dbase.c 的 add() 第 107 行，物件： clone/user/user#9825 ("懒兔浩然")

执行时段错误：*Value being indexed is zero.

程式：clone/quest/search.c 第 91 行
物件：/clone/quest/search#70020
呼叫来自：adm/daemons/quest/search.c 的 heart_beat() 第 66 行，物件： adm/daemons/quest/search
呼叫来自：adm/daemons/quest/search.c 的 start_quest() 第 53 行，物件： adm/daemons/quest/search
呼叫来自：clone/quest/search.c 的 init_quest() 第 91 行，物件： clone/quest/search#70020 ("围攻0")
Heart beat in adm/daemons/quest/search turned off.
object /clone/user/user#9825: eval_cost too big 2000000

执行时段错误：*Too long evaluation. Execution aborted.

程式：clone/user/user.c 第 126 行
物件：/clone/user/user#9825
呼叫来自：feature/command.c 的 command_hook() 第 77 行，物件： clone/user/user#9825 ("懒兔浩然")
呼叫来自：cmds/skill/research.c 的 main() 第 212 行，物件： cmds/skill/research
呼叫来自：feature/dbase.c 的 add() 第 107 行，物件： clone/user/user#9825 ("懒兔浩然")
呼叫来自：clone/user/user.c 的 set() 第 126 行，物件： clone/user/user#9825 ("懒兔浩然")
object /clone/user/user#9825: eval_cost too big 2000000

执行时段错误：*Too long evaluation. Execution aborted.

程式：feature/command.c 第 93 行
物件：/clone/user/user#9825
呼叫来自：feature/command.c 的 command_hook() 第 93 行，物件： clone/user/user#9825 ("懒兔浩然")
object /clone/user/user#9825: eval_cost too big 2000000

执行时段错误：*Too long evaluation. Execution aborted.

程式：feature/dbase.c 第 47 行
物件：/clone/user/user#9825
呼叫来自：feature/command.c 的 command_hook() 第 77 行，物件： clone/user/user#9825 ("懒兔浩然")
呼叫来自：cmds/skill/research.c 的 main() 第 212 行，物件： cmds/skill/research
呼叫来自：feature/dbase.c 的 add() 第 101 行，物件： clone/user/user#9825 ("懒兔浩然")
呼叫来自：feature/dbase.c 的 query() 第 47 行，物件： clone/user/user#9825 ("懒兔浩然")
object /clone/user/user#9825: eval_cost too big 2000000

执行时段错误：*Too long evaluation. Execution aborted.

程式：clone/user/user.c 第 125 行
物件：/clone/user/user#9825
呼叫来自：feature/command.c 的 command_hook() 第 77 行，物件： clone/user/user#9825 ("懒兔浩然")
呼叫来自：cmds/skill/research.c 的 main() 第 209 行，物件： cmds/skill/research
呼叫来自：feature/dbase.c 的 add() 第 107 行，物件： clone/user/user#9825 ("懒兔浩然")
呼叫来自：clone/user/user.c 的 set() 第 125 行，物件： clone/user/user#9825 ("懒兔浩然")
object /clone/user/user#9825: eval_cost too big 2000000

执行时段错误：*Too long evaluation. Execution aborted.

程式：feature/skill.c 第 369 行
物件：/clone/user/user#9825
呼叫来自：feature/command.c 的 command_hook() 第 77 行，物件： clone/user/user#9825 ("懒兔浩然")
呼叫来自：cmds/skill/research.c 的 main() 第 211 行，物件： cmds/skill/research
呼叫来自：feature/skill.c 的 improve_skill() 第 369 行，物件： clone/user/user#9825 ("懒兔浩然")

执行时段错误：*call_other() couldn't find object

程式：adm/daemons/npcd.c 第 421 行
物件：/adm/daemons/npcd
呼叫来自：inherit/char/char.c 的 heart_beat() 第 133 行，物件： clone/npc/walker#3949 ("裴北天")
呼叫来自：inherit/char/npc.c 的 scan() 第 299 行，物件： clone/npc/walker#3949 ("裴北天")
呼叫来自：inherit/char/npc.c 的 chat() 第 377 行，物件： clone/npc/walker#3949 ("裴北天")
呼叫来自：<function> 的 <function>() 第 0 行，物件： clone/npc/walker#3949 ("裴北天")
呼叫来自：clone/npc/walker.c 的 <function>() 第 27 行，物件： clone/npc/walker#3949 ("裴北天")
呼叫来自：adm/daemons/npcd.c 的 random_move() 第 421 行，物件： adm/daemons/npcd
Heart beat in clone/npc/walker#3949 turned off.
object /clone/user/user#9825: eval_cost too big 2000000

执行时段错误：*Too long evaluation. Execution aborted.

程式：feature/dbase.c 第 101 行
物件：/clone/user/user#9825
呼叫来自：feature/command.c 的 command_hook() 第 77 行，物件： clone/user/user#9825 ("懒兔浩然")
呼叫来自：cmds/skill/research.c 的 main() 第 212 行，物件： cmds/skill/research
呼叫来自：feature/dbase.c 的 add() 第 101 行，物件： clone/user/user#9825 ("懒兔浩然")
object /clone/user/user#9825: eval_cost too big 2000000

执行时段错误：*Too long evaluation. Execution aborted.

程式：feature/dbase.c 第 101 行
物件：/clone/user/user#9825
呼叫来自：feature/command.c 的 command_hook() 第 77 行，物件： clone/user/user#9825 ("懒兔浩然")
呼叫来自：cmds/skill/research.c 的 main() 第 212 行，物件： cmds/skill/research
呼叫来自：feature/dbase.c 的 add() 第 101 行，物件： clone/user/user#9825 ("懒兔浩然")
get_user_data: read on fd 504
System Error: get_user_data: read: 当文件已存在时，无法创建该文件。

object /clone/user/user#9825: eval_cost too big 2000000

执行时段错误：*Too long evaluation. Execution aborted.

程式：feature/message.c 第 167 行
物件：/clone/user/user#9825
呼叫来自：feature/message.c 的 write_prompt() 第 167 行，物件： clone/user/user#9825 ("懒兔浩然")

执行时段错误：*Error in loading object '/d/mingjiao/npc/yanyuan'

程式：inherit/room/room.c 第 24 行
物件：/d/mingjiao/htqdating
呼叫来自：inherit/room/room.c 的 reset() 第 86 行，物件： d/mingjiao/htqdating
呼叫来自：inherit/room/room.c 的 make_inventory() 第 24 行，物件： d/mingjiao/htqdating

执行时段错误：*Error in loading object '/d/mingjiao/npc/wujincao'

程式：inherit/room/room.c 第 24 行
物件：/d/mingjiao/rjqlwch
呼叫来自：inherit/room/room.c 的 reset() 第 86 行，物件： d/mingjiao/rjqlwch
呼叫来自：inherit/room/room.c 的 make_inventory() 第 24 行，物件： d/mingjiao/rjqlwch

执行时段错误：*Bad argument 1 to call_other()
Expected: string or array or object Got: 0.

程式：inherit/room/room.c 第 25 行
物件：/data/room/liu12345/qianting
呼叫来自：inherit/room/room.c 的 reset() 第 86 行，物件： data/room/liu12345/qianting
呼叫来自：inherit/room/room.c 的 make_inventory() 第 25 行，物件： data/room/liu12345/qianting

执行时段错误：*Inherited file '/inherit/char/lang2' does not exist!

程式：inherit/room/room.c 第 24 行
物件：/d/wudu/langwo
呼叫来自：inherit/room/room.c 的 reset() 第 86 行，物件： d/wudu/langwo
呼叫来自：inherit/room/room.c 的 make_inventory() 第 24 行，物件： d/wudu/langwo

执行时段错误：*Bad argument 1 to call_other()
Expected: string or array or object Got: 0.

程式：inherit/room/room.c 第 25 行
物件：/data/room/yxsyyr1/qianting
呼叫来自：inherit/room/room.c 的 reset() 第 86 行，物件： data/room/yxsyyr1/qianting
呼叫来自：inherit/room/room.c 的 make_inventory() 第 25 行，物件： data/room/yxsyyr1/qianting

执行时段错误：*Bad argument 1 to call_other()
Expected: string or array or object Got: 0.

程式：inherit/room/room.c 第 25 行
物件：/data/room/moyin/qianting
呼叫来自：inherit/room/room.c 的 reset() 第 86 行，物件： data/room/moyin/qianting
呼叫来自：inherit/room/room.c 的 make_inventory() 第 25 行，物件： data/room/moyin/qianting

执行时段错误：*Error in loading object '/d/wudu/npc/qiandu3'

程式：inherit/room/room.c 第 24 行
物件：/d/wudu/qiandu2
呼叫来自：inherit/room/room.c 的 reset() 第 86 行，物件： d/wudu/qiandu2
呼叫来自：inherit/room/room.c 的 make_inventory() 第 24 行，物件： d/wudu/qiandu2

执行时段错误：*Error in loading object '/d/mingjiao/npc/tangyang'

程式：inherit/room/room.c 第 24 行
物件：/d/mingjiao/hsqdating
呼叫来自：inherit/room/room.c 的 reset() 第 86 行，物件： d/mingjiao/hsqdating
呼叫来自：inherit/room/room.c 的 make_inventory() 第 24 行，物件： d/mingjiao/hsqdating

执行时段错误：*Bad argument 1 to call_other()
Expected: string or array or object Got: 0.

程式：inherit/room/room.c 第 25 行
物件：/data/room/tyz000/qianting
呼叫来自：inherit/room/room.c 的 reset() 第 86 行，物件： data/room/tyz000/qianting
呼叫来自：inherit/room/room.c 的 make_inventory() 第 25 行，物件： data/room/tyz000/qianting

执行时段错误：*Bad argument 1 to call_other()
Expected: string or array or object Got: 0.

程式：inherit/room/room.c 第 25 行
物件：/data/room/yixingbu/qianting
呼叫来自：inherit/room/room.c 的 reset() 第 86 行，物件： data/room/yixingbu/qianting
呼叫来自：inherit/room/room.c 的 make_inventory() 第 25 行，物件： data/room/yixingbu/qianting

执行时段错误：*Bad argument 1 to call_other()
Expected: string or array or object Got: 0.

程式：inherit/room/room.c 第 25 行
物件：/data/room/qazzaq/qianting
呼叫来自：inherit/room/room.c 的 reset() 第 86 行，物件： data/room/qazzaq/qianting
呼叫来自：inherit/room/room.c 的 make_inventory() 第 25 行，物件： data/room/qazzaq/qianting

执行时段错误：*Bad argument 1 to call_other()
Expected: string or array or object Got: 0.

程式：inherit/room/room.c 第 25 行
物件：/data/room/adawong/qianting
呼叫来自：inherit/room/room.c 的 reset() 第 86 行，物件： data/room/adawong/qianting
呼叫来自：inherit/room/room.c 的 make_inventory() 第 25 行，物件： data/room/adawong/qianting

执行时段错误：*Bad argument 1 to call_other()
Expected: string or array or object Got: 0.

程式：inherit/room/room.c 第 25 行
物件：/data/room/pxhaha/qianting
呼叫来自：inherit/room/room.c 的 reset() 第 86 行，物件： data/room/pxhaha/qianting
呼叫来自：inherit/room/room.c 的 make_inventory() 第 25 行，物件： data/room/pxhaha/qianting

执行时段错误：*Bad argument 1 to call_other()
Expected: string or array or object Got: 0.

程式：inherit/room/room.c 第 25 行
物件：/d/luoyang/shuoshu
呼叫来自：inherit/room/room.c 的 reset() 第 86 行，物件： d/luoyang/shuoshu
呼叫来自：inherit/room/room.c 的 make_inventory() 第 25 行，物件： d/luoyang/shuoshu

执行时段错误：*Bad argument 1 to call_other()
Expected: string or array or object Got: 0.

程式：inherit/room/room.c 第 25 行
物件：/data/room/hubert/qianting
呼叫来自：inherit/room/room.c 的 reset() 第 86 行，物件： data/room/hubert/qianting
呼叫来自：inherit/room/room.c 的 make_inventory() 第 25 行，物件： data/room/hubert/qianting

执行时段错误：*Bad argument 1 to call_other()
Expected: string or array or object Got: 0.

程式：feature/dbase.c 第 93 行
物件：/clone/user/user
呼叫来自：clone/user/user.c 的 reset() 第 86 行，物件： clone/user/user ("使用者物件")
呼叫来自：feature/dbase.c 的 add() 第 93 行，物件： clone/user/user ("使用者物件")
object /clone/user/user#9825: eval_cost too big 2000000

执行时段错误：*Too long evaluation. Execution aborted.

程式：feature/message.c 第 167 行
物件：/clone/user/user#9825
呼叫来自：feature/message.c 的 write_prompt() 第 167 行，物件： clone/user/user#9825 ("懒兔浩然")
object /clone/user/user#9825: eval_cost too big 2000000

执行时段错误：*Too long evaluation. Execution aborted.

程式：feature/dbase.c 第 87 行
物件：/clone/user/user#9825
呼叫来自：feature/command.c 的 command_hook() 第 77 行，物件： clone/user/user#9825 ("懒兔浩然")
呼叫来自：cmds/skill/research.c 的 main() 第 212 行，物件： cmds/skill/research
呼叫来自：feature/dbase.c 的 add() 第 87 行，物件： clone/user/user#9825 ("懒兔浩然")

执行时段错误：*call_other() couldn't find object

程式：adm/daemons/npcd.c 第 421 行
物件：/adm/daemons/npcd
呼叫来自：inherit/char/char.c 的 heart_beat() 第 133 行，物件： clone/npc/walker#2072 ("廖上")
呼叫来自：inherit/char/npc.c 的 scan() 第 299 行，物件： clone/npc/walker#2072 ("廖上")
呼叫来自：inherit/char/npc.c 的 chat() 第 377 行，物件： clone/npc/walker#2072 ("廖上")
呼叫来自：<function> 的 <function>() 第 0 行，物件： clone/npc/walker#2072 ("廖上")
呼叫来自：clone/npc/walker.c 的 <function>() 第 27 行，物件： clone/npc/walker#2072 ("廖上")
呼叫来自：adm/daemons/npcd.c 的 random_move() 第 421 行，物件： adm/daemons/npcd
Heart beat in clone/npc/walker#2072 turned off.
object /clone/user/user#9825: eval_cost too big 2000000

执行时段错误：*Too long evaluation. Execution aborted.

程式：feature/command.c 第 77 行
物件：/clone/user/user#9825
呼叫来自：feature/command.c 的 command_hook() 第 77 行，物件： clone/user/user#9825 ("懒兔浩然")
object /clone/user/user#9825: eval_cost too big 2000000

执行时段错误：*Too long evaluation. Execution aborted.

程式：feature/dbase.c 第 27 行
物件：/clone/user/user#9825
呼叫来自：feature/command.c 的 command_hook() 第 77 行，物件： clone/user/user#9825 ("懒兔浩然")
呼叫来自：cmds/skill/research.c 的 main() 第 212 行，物件： cmds/skill/research
呼叫来自：feature/dbase.c 的 add() 第 107 行，物件： clone/user/user#9825 ("懒兔浩然")
呼叫来自：clone/user/user.c 的 set() 第 131 行，物件： clone/user/user#9825 ("懒兔浩然")
呼叫来自：feature/dbase.c 的 set() 第 27 行，物件： clone/user/user#9825 ("懒兔浩然")

执行时段错误：*call_other() couldn't find object

程式：adm/daemons/npcd.c 第 421 行
物件：/adm/daemons/npcd
呼叫来自：inherit/char/char.c 的 heart_beat() 第 133 行，物件： clone/npc/walker#61754 ("关棠忠")
呼叫来自：inherit/char/npc.c 的 scan() 第 299 行，物件： clone/npc/walker#61754 ("关棠忠")
呼叫来自：inherit/char/npc.c 的 chat() 第 377 行，物件： clone/npc/walker#61754 ("关棠忠")
呼叫来自：<function> 的 <function>() 第 0 行，物件： clone/npc/walker#61754 ("关棠忠")
呼叫来自：clone/npc/walker.c 的 <function>() 第 27 行，物件： clone/npc/walker#61754 ("关棠忠")
呼叫来自：adm/daemons/npcd.c 的 random_move() 第 421 行，物件： adm/daemons/npcd
Heart beat in clone/npc/walker#61754 turned off.

执行时段错误：*Value being indexed is zero.

程式：clone/quest/search.c 第 91 行
物件：/clone/quest/search#71204
呼叫来自：adm/daemons/quest/search.c 的 heart_beat() 第 66 行，物件： adm/daemons/quest/search
呼叫来自：adm/daemons/quest/search.c 的 start_quest() 第 53 行，物件： adm/daemons/quest/search
呼叫来自：clone/quest/search.c 的 init_quest() 第 91 行，物件： clone/quest/search#71204 ("围攻0")
Heart beat in adm/daemons/quest/search turned off.
object /clone/user/user#9825: eval_cost too big 2000000

执行时段错误：*Too long evaluation. Execution aborted.

程式：feature/dbase.c 第 47 行
物件：/clone/user/user#9825
呼叫来自：feature/command.c 的 command_hook() 第 77 行，物件： clone/user/user#9825 ("懒兔浩然")
呼叫来自：cmds/skill/research.c 的 main() 第 209 行，物件： cmds/skill/research
呼叫来自：feature/dbase.c 的 add() 第 101 行，物件： clone/user/user#9825 ("懒兔浩然")
呼叫来自：feature/dbase.c 的 query() 第 47 行，物件： clone/user/user#9825 ("懒兔浩然")
object /clone/user/user#9825: eval_cost too big 2000000

执行时段错误：*Too long evaluation. Execution aborted.

程式：clone/user/user.c 第 126 行
物件：/clone/user/user#9825
呼叫来自：feature/command.c 的 command_hook() 第 77 行，物件： clone/user/user#9825 ("懒兔浩然")
呼叫来自：cmds/skill/research.c 的 main() 第 212 行，物件： cmds/skill/research
呼叫来自：feature/dbase.c 的 add() 第 107 行，物件： clone/user/user#9825 ("懒兔浩然")
呼叫来自：clone/user/user.c 的 set() 第 126 行，物件： clone/user/user#9825 ("懒兔浩然")

执行时段错误：*call_other() couldn't find object

程式：adm/daemons/npcd.c 第 421 行
物件：/adm/daemons/npcd
呼叫来自：inherit/char/char.c 的 heart_beat() 第 133 行，物件： clone/npc/walker#3175 ("乔霸")
呼叫来自：inherit/char/npc.c 的 scan() 第 299 行，物件： clone/npc/walker#3175 ("乔霸")
呼叫来自：inherit/char/npc.c 的 chat() 第 377 行，物件： clone/npc/walker#3175 ("乔霸")
呼叫来自：<function> 的 <function>() 第 0 行，物件： clone/npc/walker#3175 ("乔霸")
呼叫来自：clone/npc/walker.c 的 <function>() 第 27 行，物件： clone/npc/walker#3175 ("乔霸")
呼叫来自：adm/daemons/npcd.c 的 random_move() 第 421 行，物件： adm/daemons/npcd
Heart beat in clone/npc/walker#3175 turned off.

执行时段错误：*Bad argument 1 to call_other()
Expected: string or array or object Got: 0.

程式：feature/dbase.c 第 93 行
物件：/clone/user/user#34698
呼叫来自：clone/user/user.c 的 reset() 第 86 行，物件： clone/user/user#34698 ("慕容秋荻")
呼叫来自：feature/dbase.c 的 add() 第 93 行，物件： clone/user/user#34698 ("慕容秋荻")

执行时段错误：*Bad argument 1 to call_other()
Expected: string or array or object Got: 0.

程式：inherit/room/room.c 第 25 行
物件：/data/room/obh1234/qianting
呼叫来自：inherit/room/room.c 的 reset() 第 86 行，物件： data/room/obh1234/qianting
呼叫来自：inherit/room/room.c 的 make_inventory() 第 25 行，物件： data/room/obh1234/qianting

执行时段错误：*Bad argument 1 to call_other()
Expected: string or array or object Got: 0.

程式：inherit/room/room.c 第 25 行
物件：/data/room/yxsyyr1/qianting
呼叫来自：inherit/room/room.c 的 reset() 第 86 行，物件： data/room/yxsyyr1/qianting
呼叫来自：inherit/room/room.c 的 make_inventory() 第 25 行，物件： data/room/yxsyyr1/qianting

执行时段错误：*Bad argument 1 to call_other()
Expected: string or array or object Got: 0.

程式：inherit/room/room.c 第 25 行
物件：/data/room/moyin/qianting
呼叫来自：inherit/room/room.c 的 reset() 第 86 行，物件： data/room/moyin/qianting
呼叫来自：inherit/room/room.c 的 make_inventory() 第 25 行，物件： data/room/moyin/qianting

执行时段错误：*Error in loading object '/kungfu/class/sky/obj/shenjiu'

程式：inherit/char/npc.c 第 17 行
物件：/d/luoyang/npc/libai#71768
呼叫来自：inherit/room/room.c 的 reset() 第 86 行，物件： d/luoyang/zuixianlou4
呼叫来自：inherit/room/room.c 的 make_inventory() 第 24 行，物件： d/luoyang/zuixianlou4
呼叫来自：d/luoyang/npc/libai.c 的 create() 第 64 行，物件： d/luoyang/npc/libai#71768 ("李白")
呼叫来自：inherit/char/npc.c 的 carry_object() 第 17 行，物件： d/luoyang/npc/libai#71768 ("李白")

执行时段错误：*Bad argument 1 to call_other()
Expected: string or array or object Got: 0.

程式：inherit/room/room.c 第 25 行
物件：/data/room/w2544460429/qianting
呼叫来自：inherit/room/room.c 的 reset() 第 86 行，物件： data/room/w2544460429/qianting
呼叫来自：inherit/room/room.c 的 make_inventory() 第 25 行，物件： data/room/w2544460429/qianting

执行时段错误：*Bad argument 1 to call_other()
Expected: string or array or object Got: 0.

程式：inherit/room/room.c 第 25 行
物件：/data/room/yixingbu/qianting
呼叫来自：inherit/room/room.c 的 reset() 第 86 行，物件： data/room/yixingbu/qianting
呼叫来自：inherit/room/room.c 的 make_inventory() 第 25 行，物件： data/room/yixingbu/qianting

执行时段错误：*Bad argument 1 to call_other()
Expected: string or array or object Got: 0.

程式：inherit/room/room.c 第 25 行
物件：/data/room/qazzaq/qianting
呼叫来自：inherit/room/room.c 的 reset() 第 86 行，物件： data/room/qazzaq/qianting
呼叫来自：inherit/room/room.c 的 make_inventory() 第 25 行，物件： data/room/qazzaq/qianting

执行时段错误：*Bad argument 1 to call_other()
Expected: string or array or object Got: 0.

程式：inherit/room/room.c 第 25 行
物件：/data/room/adawong/qianting
呼叫来自：inherit/room/room.c 的 reset() 第 86 行，物件： data/room/adawong/qianting
呼叫来自：inherit/room/room.c 的 make_inventory() 第 25 行，物件： data/room/adawong/qianting

执行时段错误：*Bad argument 1 to call_other()
Expected: string or array or object Got: 0.

程式：inherit/room/room.c 第 25 行
物件：/data/room/pxhaha/qianting
呼叫来自：inherit/room/room.c 的 reset() 第 86 行，物件： data/room/pxhaha/qianting
呼叫来自：inherit/room/room.c 的 make_inventory() 第 25 行，物件： data/room/pxhaha/qianting

执行时段错误：*Bad argument 1 to call_other()
Expected: string or array or object Got: 0.

程式：inherit/room/room.c 第 25 行
物件：/data/room/pxdaye/qianting
呼叫来自：inherit/room/room.c 的 reset() 第 86 行，物件： data/room/pxdaye/qianting
呼叫来自：inherit/room/room.c 的 make_inventory() 第 25 行，物件： data/room/pxdaye/qianting

执行时段错误：*Bad argument 1 to call_other()
Expected: string or array or object Got: 0.

程式：inherit/room/room.c 第 25 行
物件：/d/luoyang/shuoshu
呼叫来自：inherit/room/room.c 的 reset() 第 86 行，物件： d/luoyang/shuoshu
呼叫来自：inherit/room/room.c 的 make_inventory() 第 25 行，物件： d/luoyang/shuoshu

执行时段错误：*Bad argument 1 to call_other()
Expected: string or array or object Got: 0.

程式：feature/dbase.c 第 93 行
物件：/clone/user/user
呼叫来自：clone/user/user.c 的 reset() 第 86 行，物件： clone/user/user ("使用者物件")
呼叫来自：feature/dbase.c 的 add() 第 93 行，物件： clone/user/user ("使用者物件")

执行时段错误：*Bad argument 1 to sscanf
Expected: string Got: 0.

程式：d/room/obj/paper.c 第 245 行
物件：/d/room/obj/paper#72096
呼叫来自：adm/daemons/backupd.c 的 check_all_player() 第 218 行，物件： adm/daemons/backupd
呼叫来自：cmds/arch/examine.c 的 search_dir() 第 92 行，物件： cmds/arch/examine
呼叫来自：cmds/arch/examine.c 的 examine_player() 第 244 行，物件： cmds/arch/examine
呼叫来自：adm/daemons/updated.c 的 remove_user() 第 366 行，物件： adm/daemons/updated
呼叫来自：adm/daemons/updated.c 的 clear_user_data() 第 170 行，物件： adm/daemons/updated
呼叫来自：clone/user/user.c 的 setup() 第 244 行，物件： clone/user/user#72095 ("唐独毒")
呼叫来自：feature/autoload.c 的 restore_autoload() 第 84 行，物件： clone/user/user#72095 ("唐独毒")
呼叫来自：d/room/obj/paper.c 的 autoload() 第 245 行，物件： d/room/obj/paper#72096 ("纸张")
object /clone/user/user#9825: eval_cost too big 2000000

执行时段错误：*Too long evaluation. Execution aborted.

程式：clone/user/user.c 第 125 行
物件：/clone/user/user#9825
呼叫来自：feature/command.c 的 command_hook() 第 77 行，物件： clone/user/user#9825 ("懒兔浩然")
呼叫来自：cmds/skill/research.c 的 main() 第 212 行，物件： cmds/skill/research
呼叫来自：feature/dbase.c 的 add() 第 107 行，物件： clone/user/user#9825 ("懒兔浩然")
呼叫来自：clone/user/user.c 的 set() 第 125 行，物件： clone/user/user#9825 ("懒兔浩然")

执行时段错误：*Bad argument 1 to call_other()
Expected: string or array or object Got: 0.

程式：adm/daemons/punishd.c 第 161 行
物件：/adm/daemons/punishd
呼叫来自：adm/daemons/punishd.c 的 monitor() 第 148 行，物件： adm/daemons/punishd
呼叫来自：adm/daemons/punishd.c 的 family_punish() 第 162 行，物件： adm/daemons/punishd
呼叫来自：<function> 的 <function>() 第 0 行，物件： adm/daemons/punishd
呼叫来自：adm/daemons/punishd.c 的 <function>() 第 161 行，物件： adm/daemons/punishd
object /clone/user/user#9825: eval_cost too big 2000000

执行时段错误：*Too long evaluation. Execution aborted.

程式：feature/skill.c 第 369 行
物件：/clone/user/user#9825
呼叫来自：feature/command.c 的 command_hook() 第 77 行，物件： clone/user/user#9825 ("懒兔浩然")
呼叫来自：cmds/skill/research.c 的 main() 第 211 行，物件： cmds/skill/research
呼叫来自：feature/skill.c 的 improve_skill() 第 369 行，物件： clone/user/user#9825 ("懒兔浩然")
object /clone/user/user#9825: eval_cost too big 2000000

执行时段错误：*Too long evaluation. Execution aborted.

程式：feature/message.c 第 172 行
物件：/clone/user/user#9825
呼叫来自：feature/message.c 的 write_prompt() 第 172 行，物件： clone/user/user#9825 ("懒兔浩然")
object /cmds/skill/research: eval_cost too big 2000000

执行时段错误：*Too long evaluation. Execution aborted.

程式：cmds/skill/research.c 第 220 行
物件：/cmds/skill/research
呼叫来自：feature/command.c 的 command_hook() 第 77 行，物件： clone/user/user#9825 ("懒兔浩然")
呼叫来自：cmds/skill/research.c 的 main() 第 220 行，物件： cmds/skill/research

执行时段错误：*Value being indexed is zero.

程式：clone/quest/search.c 第 91 行
物件：/clone/quest/search#72316
呼叫来自：adm/daemons/quest/search.c 的 heart_beat() 第 66 行，物件： adm/daemons/quest/search
呼叫来自：adm/daemons/quest/search.c 的 start_quest() 第 53 行，物件： adm/daemons/quest/search
呼叫来自：clone/quest/search.c 的 init_quest() 第 91 行，物件： clone/quest/search#72316 ("围攻0")
Heart beat in adm/daemons/quest/search turned off.
object /cmds/skill/research: eval_cost too big 2000000

执行时段错误：*Too long evaluation. Execution aborted.

程式：cmds/skill/research.c 第 215 行
物件：/cmds/skill/research
呼叫来自：feature/command.c 的 command_hook() 第 77 行，物件： clone/user/user#9825 ("懒兔浩然")
呼叫来自：cmds/skill/research.c 的 main() 第 215 行，物件： cmds/skill/research

执行时段错误：*Bad argument 1 to call_other()
Expected: string or array or object Got: 0.

程式：adm/daemons/punishd.c 第 161 行
物件：/adm/daemons/punishd
呼叫来自：adm/daemons/punishd.c 的 monitor() 第 148 行，物件： adm/daemons/punishd
呼叫来自：adm/daemons/punishd.c 的 family_punish() 第 162 行，物件： adm/daemons/punishd
呼叫来自：<function> 的 <function>() 第 0 行，物件： adm/daemons/punishd
呼叫来自：adm/daemons/punishd.c 的 <function>() 第 161 行，物件： adm/daemons/punishd

执行时段错误：*Bad argument 1 to call_other()
Expected: string or array or object Got: 0.

程式：adm/daemons/punishd.c 第 161 行
物件：/adm/daemons/punishd
呼叫来自：adm/daemons/punishd.c 的 monitor() 第 148 行，物件： adm/daemons/punishd
呼叫来自：adm/daemons/punishd.c 的 family_punish() 第 162 行，物件： adm/daemons/punishd
呼叫来自：<function> 的 <function>() 第 0 行，物件： adm/daemons/punishd
呼叫来自：adm/daemons/punishd.c 的 <function>() 第 161 行，物件： adm/daemons/punishd
object /clone/user/user#9825: eval_cost too big 2000000

执行时段错误：*Too long evaluation. Execution aborted.

程式：feature/skill.c 第 369 行
物件：/clone/user/user#9825
呼叫来自：feature/command.c 的 command_hook() 第 77 行，物件： clone/user/user#9825 ("懒兔浩然")
呼叫来自：cmds/skill/research.c 的 main() 第 211 行，物件： cmds/skill/research
呼叫来自：feature/skill.c 的 improve_skill() 第 369 行，物件： clone/user/user#9825 ("懒兔浩然")

执行时段错误：*Error in loading object '/d/mingjiao/npc/yanyuan'

程式：inherit/room/room.c 第 24 行
物件：/d/mingjiao/htqdating
呼叫来自：inherit/room/room.c 的 reset() 第 86 行，物件： d/mingjiao/htqdating
呼叫来自：inherit/room/room.c 的 make_inventory() 第 24 行，物件： d/mingjiao/htqdating

执行时段错误：*Bad argument 1 to call_other()
Expected: string or array or object Got: 0.

程式：feature/dbase.c 第 93 行
物件：/clone/user/user#34698
呼叫来自：clone/user/user.c 的 reset() 第 86 行，物件： clone/user/user#34698 ("慕容秋荻")
呼叫来自：feature/dbase.c 的 add() 第 93 行，物件： clone/user/user#34698 ("慕容秋荻")

执行时段错误：*Error in loading object '/d/mingjiao/npc/wujincao'

程式：inherit/room/room.c 第 24 行
物件：/d/mingjiao/rjqlwch
呼叫来自：inherit/room/room.c 的 reset() 第 86 行，物件： d/mingjiao/rjqlwch
呼叫来自：inherit/room/room.c 的 make_inventory() 第 24 行，物件： d/mingjiao/rjqlwch

执行时段错误：*Bad argument 1 to call_other()
Expected: string or array or object Got: 0.

程式：inherit/room/room.c 第 25 行
物件：/data/room/liu12345/qianting
呼叫来自：inherit/room/room.c 的 reset() 第 86 行，物件： data/room/liu12345/qianting
呼叫来自：inherit/room/room.c 的 make_inventory() 第 25 行，物件： data/room/liu12345/qianting

执行时段错误：*Bad argument 1 to call_other()
Expected: string or array or object Got: 0.

程式：inherit/room/room.c 第 25 行
物件：/data/room/obh1234/qianting
呼叫来自：inherit/room/room.c 的 reset() 第 86 行，物件： data/room/obh1234/qianting
呼叫来自：inherit/room/room.c 的 make_inventory() 第 25 行，物件： data/room/obh1234/qianting

执行时段错误：*Inherited file '/inherit/char/lang2' does not exist!

程式：inherit/room/room.c 第 24 行
物件：/d/wudu/langwo
呼叫来自：inherit/room/room.c 的 reset() 第 86 行，物件： d/wudu/langwo
呼叫来自：inherit/room/room.c 的 make_inventory() 第 24 行，物件： d/wudu/langwo

执行时段错误：*Error in loading object '/d/wudu/npc/qiandu3'

程式：inherit/room/room.c 第 24 行
物件：/d/wudu/qiandu2
呼叫来自：inherit/room/room.c 的 reset() 第 86 行，物件： d/wudu/qiandu2
呼叫来自：inherit/room/room.c 的 make_inventory() 第 24 行，物件： d/wudu/qiandu2

执行时段错误：*Error in loading object '/d/mingjiao/npc/tangyang'

程式：inherit/room/room.c 第 24 行
物件：/d/mingjiao/hsqdating
呼叫来自：inherit/room/room.c 的 reset() 第 86 行，物件： d/mingjiao/hsqdating
呼叫来自：inherit/room/room.c 的 make_inventory() 第 24 行，物件： d/mingjiao/hsqdating

执行时段错误：*Bad argument 1 to call_other()
Expected: string or array or object Got: 0.

程式：inherit/room/room.c 第 25 行
物件：/data/room/tyz000/qianting
呼叫来自：inherit/room/room.c 的 reset() 第 86 行，物件： data/room/tyz000/qianting
呼叫来自：inherit/room/room.c 的 make_inventory() 第 25 行，物件： data/room/tyz000/qianting

执行时段错误：*Bad argument 1 to call_other()
Expected: string or array or object Got: 0.

程式：inherit/room/room.c 第 25 行
物件：/data/room/yixingbu/qianting
呼叫来自：inherit/room/room.c 的 reset() 第 86 行，物件： data/room/yixingbu/qianting
呼叫来自：inherit/room/room.c 的 make_inventory() 第 25 行，物件： data/room/yixingbu/qianting

执行时段错误：*Bad argument 1 to call_other()
Expected: string or array or object Got: 0.

程式：inherit/room/room.c 第 25 行
物件：/data/room/qazzaq/qianting
呼叫来自：inherit/room/room.c 的 reset() 第 86 行，物件： data/room/qazzaq/qianting
呼叫来自：inherit/room/room.c 的 make_inventory() 第 25 行，物件： data/room/qazzaq/qianting

执行时段错误：*Bad argument 1 to call_other()
Expected: string or array or object Got: 0.

程式：inherit/room/room.c 第 25 行
物件：/data/room/pxhaha/qianting
呼叫来自：inherit/room/room.c 的 reset() 第 86 行，物件： data/room/pxhaha/qianting
呼叫来自：inherit/room/room.c 的 make_inventory() 第 25 行，物件： data/room/pxhaha/qianting

执行时段错误：*Bad argument 1 to call_other()
Expected: string or array or object Got: 0.

程式：inherit/room/room.c 第 25 行
物件：/data/room/pxdaye/qianting
呼叫来自：inherit/room/room.c 的 reset() 第 86 行，物件： data/room/pxdaye/qianting
呼叫来自：inherit/room/room.c 的 make_inventory() 第 25 行，物件： data/room/pxdaye/qianting

执行时段错误：*Bad argument 1 to call_other()
Expected: string or array or object Got: 0.

程式：inherit/room/room.c 第 25 行
物件：/d/luoyang/shuoshu
呼叫来自：inherit/room/room.c 的 reset() 第 86 行，物件： d/luoyang/shuoshu
呼叫来自：inherit/room/room.c 的 make_inventory() 第 25 行，物件： d/luoyang/shuoshu

执行时段错误：*Bad argument 1 to call_other()
Expected: string or array or object Got: 0.

程式：inherit/room/room.c 第 25 行
物件：/data/room/hubert/qianting
呼叫来自：inherit/room/room.c 的 reset() 第 86 行，物件： data/room/hubert/qianting
呼叫来自：inherit/room/room.c 的 make_inventory() 第 25 行，物件： data/room/hubert/qianting

执行时段错误：*Bad argument 1 to call_other()
Expected: string or array or object Got: 0.

程式：adm/daemons/punishd.c 第 161 行
物件：/adm/daemons/punishd
呼叫来自：adm/daemons/punishd.c 的 monitor() 第 148 行，物件： adm/daemons/punishd
呼叫来自：adm/daemons/punishd.c 的 family_punish() 第 162 行，物件： adm/daemons/punishd
呼叫来自：<function> 的 <function>() 第 0 行，物件： adm/daemons/punishd
呼叫来自：adm/daemons/punishd.c 的 <function>() 第 161 行，物件： adm/daemons/punishd
object /clone/user/user#9825: eval_cost too big 2000000

执行时段错误：*Too long evaluation. Execution aborted.

程式：feature/dbase.c 第 55 行
物件：/clone/user/user#9825
呼叫来自：feature/command.c 的 command_hook() 第 77 行，物件： clone/user/user#9825 ("懒兔浩然")
呼叫来自：cmds/skill/research.c 的 main() 第 212 行，物件： cmds/skill/research
呼叫来自：feature/dbase.c 的 add() 第 101 行，物件： clone/user/user#9825 ("懒兔浩然")
呼叫来自：feature/dbase.c 的 query() 第 55 行，物件： clone/user/user#9825 ("懒兔浩然")
object /clone/user/user#9825: eval_cost too big 2000000

执行时段错误：*Too long evaluation. Execution aborted.

程式：feature/command.c 第 93 行
物件：/clone/user/user#9825
呼叫来自：feature/command.c 的 command_hook() 第 93 行，物件： clone/user/user#9825 ("懒兔浩然")

执行时段错误：*Bad argument 1 to call_other()
Expected: string or array or object Got: 0.

程式：adm/daemons/punishd.c 第 161 行
物件：/adm/daemons/punishd
呼叫来自：adm/daemons/punishd.c 的 monitor() 第 148 行，物件： adm/daemons/punishd
呼叫来自：adm/daemons/punishd.c 的 family_punish() 第 162 行，物件： adm/daemons/punishd
呼叫来自：<function> 的 <function>() 第 0 行，物件： adm/daemons/punishd
呼叫来自：adm/daemons/punishd.c 的 <function>() 第 161 行，物件： adm/daemons/punishd
object /clone/user/user#9825: eval_cost too big 2000000

执行时段错误：*Too long evaluation. Execution aborted.

程式：clone/user/user.c 第 131 行
物件：/clone/user/user#9825
呼叫来自：feature/command.c 的 command_hook() 第 77 行，物件： clone/user/user#9825 ("懒兔浩然")
呼叫来自：cmds/skill/research.c 的 main() 第 212 行，物件： cmds/skill/research
呼叫来自：feature/dbase.c 的 add() 第 107 行，物件： clone/user/user#9825 ("懒兔浩然")
呼叫来自：clone/user/user.c 的 set() 第 131 行，物件： clone/user/user#9825 ("懒兔浩然")
object /clone/user/user#9825: eval_cost too big 2000000

执行时段错误：*Too long evaluation. Execution aborted.

程式：feature/dbase.c 第 38 行
物件：/clone/user/user#9825
呼叫来自：feature/command.c 的 command_hook() 第 77 行，物件： clone/user/user#9825 ("懒兔浩然")
呼叫来自：cmds/skill/research.c 的 main() 第 212 行，物件： cmds/skill/research
呼叫来自：feature/dbase.c 的 add() 第 107 行，物件： clone/user/user#9825 ("懒兔浩然")
呼叫来自：clone/user/user.c 的 set() 第 131 行，物件： clone/user/user#9825 ("懒兔浩然")
呼叫来自：feature/dbase.c 的 set() 第 38 行，物件： clone/user/user#9825 ("懒兔浩然")
object /cmds/skill/research: eval_cost too big 2000000

执行时段错误：*Too long evaluation. Execution aborted.

程式：cmds/skill/research.c 第 213 行
物件：/cmds/skill/research
呼叫来自：feature/command.c 的 command_hook() 第 77 行，物件： clone/user/user#9825 ("懒兔浩然")
呼叫来自：cmds/skill/research.c 的 main() 第 213 行，物件： cmds/skill/research

执行时段错误：*Value being indexed is zero.

程式：clone/quest/search.c 第 91 行
物件：/clone/quest/search#73036
呼叫来自：adm/daemons/quest/search.c 的 heart_beat() 第 66 行，物件： adm/daemons/quest/search
呼叫来自：adm/daemons/quest/search.c 的 start_quest() 第 53 行，物件： adm/daemons/quest/search
呼叫来自：clone/quest/search.c 的 init_quest() 第 91 行，物件： clone/quest/search#73036 ("围攻0")
Heart beat in adm/daemons/quest/search turned off.
get_user_data: read on fd 568
System Error: get_user_data: read: 当文件已存在时，无法创建该文件。


执行时段错误：*Bad argument 1 to call_other()
Expected: string or array or object Got: 0.

程式：adm/daemons/punishd.c 第 161 行
物件：/adm/daemons/punishd
呼叫来自：adm/daemons/punishd.c 的 monitor() 第 148 行，物件： adm/daemons/punishd
呼叫来自：adm/daemons/punishd.c 的 family_punish() 第 162 行，物件： adm/daemons/punishd
呼叫来自：<function> 的 <function>() 第 0 行，物件： adm/daemons/punishd
呼叫来自：adm/daemons/punishd.c 的 <function>() 第 161 行，物件： adm/daemons/punishd
object /clone/user/user#9825: eval_cost too big 2000000

执行时段错误：*Too long evaluation. Execution aborted.

程式：feature/dbase.c 第 101 行
物件：/clone/user/user#9825
呼叫来自：feature/command.c 的 command_hook() 第 77 行，物件： clone/user/user#9825 ("懒兔浩然")
呼叫来自：cmds/skill/research.c 的 main() 第 212 行，物件： cmds/skill/research
呼叫来自：feature/dbase.c 的 add() 第 101 行，物件： clone/user/user#9825 ("懒兔浩然")

执行时段错误：*Bad argument 1 to call_other()
Expected: string or array or object Got: 0.

程式：adm/daemons/punishd.c 第 161 行
物件：/adm/daemons/punishd
呼叫来自：adm/daemons/punishd.c 的 monitor() 第 148 行，物件： adm/daemons/punishd
呼叫来自：adm/daemons/punishd.c 的 family_punish() 第 162 行，物件： adm/daemons/punishd
呼叫来自：<function> 的 <function>() 第 0 行，物件： adm/daemons/punishd
呼叫来自：adm/daemons/punishd.c 的 <function>() 第 161 行，物件： adm/daemons/punishd
object /cmds/skill/research: eval_cost too big 2000000

执行时段错误：*Too long evaluation. Execution aborted.

程式：cmds/skill/research.c 第 219 行
物件：/cmds/skill/research
呼叫来自：feature/command.c 的 command_hook() 第 77 行，物件： clone/user/user#9825 ("懒兔浩然")
呼叫来自：cmds/skill/research.c 的 main() 第 219 行，物件： cmds/skill/research

执行时段错误：*Bad argument 1 to exec()

程式：adm/single/simul_efun.c 第 25 行
物件：/adm/single/simul_efun
呼叫来自：adm/daemons/logind.c 的 get_user() 第 222 行，物件： adm/daemons/logind
呼叫来自：adm/daemons/logind.c 的 reconnect() 第 484 行，物件： adm/daemons/logind
呼叫来自：adm/single/simul_efun.c 的 exec() 第 25 行，物件： adm/single/simul_efun
object /cmds/skill/research: eval_cost too big 2000000

执行时段错误：*Too long evaluation. Execution aborted.

程式：cmds/skill/research.c 第 212 行
物件：/cmds/skill/research
呼叫来自：feature/command.c 的 command_hook() 第 77 行，物件： clone/user/user#9825 ("懒兔浩然")
呼叫来自：cmds/skill/research.c 的 main() 第 212 行，物件： cmds/skill/research
get_user_data: read on fd 732
System Error: get_user_data: read: 当文件已存在时，无法创建该文件。

get_user_data: read on fd 568
System Error: get_user_data: read: 当文件已存在时，无法创建该文件。

object /cmds/skill/research: eval_cost too big 2000000

执行时段错误：*Too long evaluation. Execution aborted.

程式：cmds/skill/research.c 第 219 行
物件：/cmds/skill/research
呼叫来自：feature/command.c 的 command_hook() 第 77 行，物件： clone/user/user#9825 ("懒兔浩然")
呼叫来自：cmds/skill/research.c 的 main() 第 219 行，物件： cmds/skill/research

执行时段错误：*Bad argument 1 to call_other()
Expected: string or array or object Got: 0.

程式：adm/daemons/punishd.c 第 161 行
物件：/adm/daemons/punishd
呼叫来自：adm/daemons/punishd.c 的 monitor() 第 148 行，物件： adm/daemons/punishd
呼叫来自：adm/daemons/punishd.c 的 family_punish() 第 162 行，物件： adm/daemons/punishd
呼叫来自：<function> 的 <function>() 第 0 行，物件： adm/daemons/punishd
呼叫来自：adm/daemons/punishd.c 的 <function>() 第 161 行，物件： adm/daemons/punishd

执行时段错误：*call_other() couldn't find object

程式：adm/daemons/npcd.c 第 421 行
物件：/adm/daemons/npcd
呼叫来自：inherit/char/char.c 的 heart_beat() 第 133 行，物件： clone/npc/walker#50702 ("蔡诵")
呼叫来自：inherit/char/npc.c 的 scan() 第 299 行，物件： clone/npc/walker#50702 ("蔡诵")
呼叫来自：inherit/char/npc.c 的 chat() 第 377 行，物件： clone/npc/walker#50702 ("蔡诵")
呼叫来自：<function> 的 <function>() 第 0 行，物件： clone/npc/walker#50702 ("蔡诵")
呼叫来自：clone/npc/walker.c 的 <function>() 第 27 行，物件： clone/npc/walker#50702 ("蔡诵")
呼叫来自：adm/daemons/npcd.c 的 random_move() 第 421 行，物件： adm/daemons/npcd
Heart beat in clone/npc/walker#50702 turned off.

执行时段错误：*Error in loading object '/d/mingjiao/npc/wujincao'

程式：inherit/room/room.c 第 24 行
物件：/d/mingjiao/rjqlwch
呼叫来自：inherit/room/room.c 的 reset() 第 86 行，物件： d/mingjiao/rjqlwch
呼叫来自：inherit/room/room.c 的 make_inventory() 第 24 行，物件： d/mingjiao/rjqlwch

执行时段错误：*Bad argument 1 to call_other()
Expected: string or array or object Got: 0.

程式：inherit/room/room.c 第 25 行
物件：/data/room/obh1234/qianting
呼叫来自：inherit/room/room.c 的 reset() 第 86 行，物件： data/room/obh1234/qianting
呼叫来自：inherit/room/room.c 的 make_inventory() 第 25 行，物件： data/room/obh1234/qianting

执行时段错误：*Bad argument 1 to call_other()
Expected: string or array or object Got: 0.

程式：inherit/room/room.c 第 25 行
物件：/data/room/yxsyyr1/qianting
呼叫来自：inherit/room/room.c 的 reset() 第 86 行，物件： data/room/yxsyyr1/qianting
呼叫来自：inherit/room/room.c 的 make_inventory() 第 25 行，物件： data/room/yxsyyr1/qianting

执行时段错误：*Bad argument 1 to call_other()
Expected: string or array or object Got: 0.

程式：inherit/room/room.c 第 25 行
物件：/data/room/moyin/qianting
呼叫来自：inherit/room/room.c 的 reset() 第 86 行，物件： data/room/moyin/qianting
呼叫来自：inherit/room/room.c 的 make_inventory() 第 25 行，物件： data/room/moyin/qianting

执行时段错误：*Error in loading object '/d/wudu/npc/qiandu3'

程式：inherit/room/room.c 第 24 行
物件：/d/wudu/qiandu2
呼叫来自：inherit/room/room.c 的 reset() 第 86 行，物件： d/wudu/qiandu2
呼叫来自：inherit/room/room.c 的 make_inventory() 第 24 行，物件： d/wudu/qiandu2

执行时段错误：*Bad argument 1 to call_other()
Expected: string or array or object Got: 0.

程式：inherit/room/room.c 第 25 行
物件：/data/room/tyz000/qianting
呼叫来自：inherit/room/room.c 的 reset() 第 86 行，物件： data/room/tyz000/qianting
呼叫来自：inherit/room/room.c 的 make_inventory() 第 25 行，物件： data/room/tyz000/qianting

执行时段错误：*Error in loading object '/kungfu/class/sky/obj/shenjiu'

程式：inherit/char/npc.c 第 17 行
物件：/d/luoyang/npc/libai#73668
呼叫来自：inherit/room/room.c 的 reset() 第 86 行，物件： d/luoyang/zuixianlou4
呼叫来自：inherit/room/room.c 的 make_inventory() 第 24 行，物件： d/luoyang/zuixianlou4
呼叫来自：d/luoyang/npc/libai.c 的 create() 第 64 行，物件： d/luoyang/npc/libai#73668 ("李白")
呼叫来自：inherit/char/npc.c 的 carry_object() 第 17 行，物件： d/luoyang/npc/libai#73668 ("李白")

执行时段错误：*Bad argument 1 to call_other()
Expected: string or array or object Got: 0.

程式：inherit/room/room.c 第 25 行
物件：/data/room/w2544460429/qianting
呼叫来自：inherit/room/room.c 的 reset() 第 86 行，物件： data/room/w2544460429/qianting
呼叫来自：inherit/room/room.c 的 make_inventory() 第 25 行，物件： data/room/w2544460429/qianting

执行时段错误：*Bad argument 1 to call_other()
Expected: string or array or object Got: 0.

程式：inherit/room/room.c 第 25 行
物件：/data/room/qazzaq/qianting
呼叫来自：inherit/room/room.c 的 reset() 第 86 行，物件： data/room/qazzaq/qianting
呼叫来自：inherit/room/room.c 的 make_inventory() 第 25 行，物件： data/room/qazzaq/qianting

执行时段错误：*Bad argument 1 to call_other()
Expected: string or array or object Got: 0.

程式：inherit/room/room.c 第 25 行
物件：/data/room/adawong/qianting
呼叫来自：inherit/room/room.c 的 reset() 第 86 行，物件： data/room/adawong/qianting
呼叫来自：inherit/room/room.c 的 make_inventory() 第 25 行，物件： data/room/adawong/qianting

执行时段错误：*Bad argument 1 to call_other()
Expected: string or array or object Got: 0.

程式：inherit/room/room.c 第 25 行
物件：/data/room/pxhaha/qianting
呼叫来自：inherit/room/room.c 的 reset() 第 86 行，物件： data/room/pxhaha/qianting
呼叫来自：inherit/room/room.c 的 make_inventory() 第 25 行，物件： data/room/pxhaha/qianting

执行时段错误：*Bad argument 1 to call_other()
Expected: string or array or object Got: 0.

程式：inherit/room/room.c 第 25 行
物件：/d/luoyang/shuoshu
呼叫来自：inherit/room/room.c 的 reset() 第 86 行，物件： d/luoyang/shuoshu
呼叫来自：inherit/room/room.c 的 make_inventory() 第 25 行，物件： d/luoyang/shuoshu

执行时段错误：*Bad argument 1 to call_other()
Expected: string or array or object Got: 0.

程式：feature/dbase.c 第 93 行
物件：/clone/user/user
呼叫来自：clone/user/user.c 的 reset() 第 86 行，物件： clone/user/user ("使用者物件")
呼叫来自：feature/dbase.c 的 add() 第 93 行，物件： clone/user/user ("使用者物件")
object /clone/user/user#9825: eval_cost too big 2000000

执行时段错误：*Too long evaluation. Execution aborted.

程式：feature/skill.c 第 343 行
物件：/clone/user/user#9825
呼叫来自：feature/command.c 的 command_hook() 第 77 行，物件： clone/user/user#9825 ("懒兔浩然")
呼叫来自：cmds/skill/research.c 的 main() 第 211 行，物件： cmds/skill/research
呼叫来自：feature/skill.c 的 improve_skill() 第 343 行，物件： clone/user/user#9825 ("懒兔浩然")
object /clone/user/user#9825: eval_cost too big 2000000

执行时段错误：*Too long evaluation. Execution aborted.

程式：feature/dbase.c 第 38 行
物件：/clone/user/user#9825
呼叫来自：feature/command.c 的 command_hook() 第 77 行，物件： clone/user/user#9825 ("懒兔浩然")
呼叫来自：cmds/skill/research.c 的 main() 第 212 行，物件： cmds/skill/research
呼叫来自：feature/dbase.c 的 add() 第 107 行，物件： clone/user/user#9825 ("懒兔浩然")
呼叫来自：clone/user/user.c 的 set() 第 131 行，物件： clone/user/user#9825 ("懒兔浩然")
呼叫来自：feature/dbase.c 的 set() 第 38 行，物件： clone/user/user#9825 ("懒兔浩然")

执行时段错误：*Bad argument 1 to call_other()
Expected: string or array or object Got: 0.

程式：adm/daemons/punishd.c 第 161 行
物件：/adm/daemons/punishd
呼叫来自：adm/daemons/punishd.c 的 monitor() 第 148 行，物件： adm/daemons/punishd
呼叫来自：adm/daemons/punishd.c 的 family_punish() 第 162 行，物件： adm/daemons/punishd
呼叫来自：<function> 的 <function>() 第 0 行，物件： adm/daemons/punishd
呼叫来自：adm/daemons/punishd.c 的 <function>() 第 161 行，物件： adm/daemons/punishd
object /clone/user/user#9825: eval_cost too big 2000000

执行时段错误：*Too long evaluation. Execution aborted.

程式：feature/message.c 第 170 行
物件：/clone/user/user#9825
呼叫来自：feature/message.c 的 write_prompt() 第 170 行，物件： clone/user/user#9825 ("懒兔浩然")

执行时段错误：*Value being indexed is zero.

程式：clone/quest/search.c 第 91 行
物件：/clone/quest/search#74296
呼叫来自：adm/daemons/quest/search.c 的 heart_beat() 第 66 行，物件： adm/daemons/quest/search
呼叫来自：adm/daemons/quest/search.c 的 start_quest() 第 53 行，物件： adm/daemons/quest/search
呼叫来自：clone/quest/search.c 的 init_quest() 第 91 行，物件： clone/quest/search#74296 ("围攻0")
Heart beat in adm/daemons/quest/search turned off.

执行时段错误：*Bad argument 1 to call_other()
Expected: string or array or object Got: 0.

程式：adm/daemons/punishd.c 第 161 行
物件：/adm/daemons/punishd
呼叫来自：adm/daemons/punishd.c 的 monitor() 第 148 行，物件： adm/daemons/punishd
呼叫来自：adm/daemons/punishd.c 的 family_punish() 第 162 行，物件： adm/daemons/punishd
呼叫来自：<function> 的 <function>() 第 0 行，物件： adm/daemons/punishd
呼叫来自：adm/daemons/punishd.c 的 <function>() 第 161 行，物件： adm/daemons/punishd

执行时段错误：*call_other() couldn't find object

程式：adm/daemons/npcd.c 第 421 行
物件：/adm/daemons/npcd
呼叫来自：inherit/char/char.c 的 heart_beat() 第 133 行，物件： clone/npc/walker#5760 ("范卒")
呼叫来自：inherit/char/npc.c 的 scan() 第 299 行，物件： clone/npc/walker#5760 ("范卒")
呼叫来自：inherit/char/npc.c 的 chat() 第 377 行，物件： clone/npc/walker#5760 ("范卒")
呼叫来自：<function> 的 <function>() 第 0 行，物件： clone/npc/walker#5760 ("范卒")
呼叫来自：clone/npc/walker.c 的 <function>() 第 27 行，物件： clone/npc/walker#5760 ("范卒")
呼叫来自：adm/daemons/npcd.c 的 random_move() 第 421 行，物件： adm/daemons/npcd
Heart beat in clone/npc/walker#5760 turned off.
object /clone/user/user#9825: eval_cost too big 2000000

执行时段错误：*Too long evaluation. Execution aborted.

程式：feature/dbase.c 第 101 行
物件：/clone/user/user#9825
呼叫来自：feature/command.c 的 command_hook() 第 77 行，物件： clone/user/user#9825 ("懒兔浩然")
呼叫来自：cmds/skill/research.c 的 main() 第 209 行，物件： cmds/skill/research
呼叫来自：feature/dbase.c 的 add() 第 101 行，物件： clone/user/user#9825 ("懒兔浩然")
object /clone/user/user#9825: eval_cost too big 2000000

执行时段错误：*Too long evaluation. Execution aborted.

程式：feature/dbase.c 第 52 行
物件：/clone/user/user#9825
呼叫来自：feature/command.c 的 command_hook() 第 77 行，物件： clone/user/user#9825 ("懒兔浩然")
呼叫来自：cmds/skill/research.c 的 main() 第 212 行，物件： cmds/skill/research
呼叫来自：feature/dbase.c 的 add() 第 101 行，物件： clone/user/user#9825 ("懒兔浩然")
呼叫来自：feature/dbase.c 的 query() 第 52 行，物件： clone/user/user#9825 ("懒兔浩然")
object /clone/user/user#9825: eval_cost too big 2000000

执行时段错误：*Too long evaluation. Execution aborted.

程式：feature/message.c 第 167 行
物件：/clone/user/user#9825
呼叫来自：feature/message.c 的 write_prompt() 第 167 行，物件： clone/user/user#9825 ("懒兔浩然")

执行时段错误：*Bad argument 1 to call_other()
Expected: string or array or object Got: 0.

程式：adm/daemons/punishd.c 第 161 行
物件：/adm/daemons/punishd
呼叫来自：adm/daemons/punishd.c 的 monitor() 第 148 行，物件： adm/daemons/punishd
呼叫来自：adm/daemons/punishd.c 的 family_punish() 第 162 行，物件： adm/daemons/punishd
呼叫来自：<function> 的 <function>() 第 0 行，物件： adm/daemons/punishd
呼叫来自：adm/daemons/punishd.c 的 <function>() 第 161 行，物件： adm/daemons/punishd

执行时段错误：*Bad argument 1 to exec()

程式：adm/single/simul_efun.c 第 25 行
物件：/adm/single/simul_efun
呼叫来自：adm/daemons/logind.c 的 get_user() 第 222 行，物件： adm/daemons/logind
呼叫来自：adm/daemons/logind.c 的 reconnect() 第 484 行，物件： adm/daemons/logind
呼叫来自：adm/single/simul_efun.c 的 exec() 第 25 行，物件： adm/single/simul_efun
get_user_data: read on fd 732
System Error: get_user_data: read: 当文件已存在时，无法创建该文件。


执行时段错误：*Bad argument 1 to call_other()
Expected: string or array or object Got: 0.

程式：adm/daemons/punishd.c 第 161 行
物件：/adm/daemons/punishd
呼叫来自：adm/daemons/punishd.c 的 monitor() 第 148 行，物件： adm/daemons/punishd
呼叫来自：adm/daemons/punishd.c 的 family_punish() 第 162 行，物件： adm/daemons/punishd
呼叫来自：<function> 的 <function>() 第 0 行，物件： adm/daemons/punishd
呼叫来自：adm/daemons/punishd.c 的 <function>() 第 161 行，物件： adm/daemons/punishd
object /clone/user/user#9825: eval_cost too big 2000000

执行时段错误：*Too long evaluation. Execution aborted.

程式：feature/skill.c 第 389 行
物件：/clone/user/user#9825
呼叫来自：feature/command.c 的 command_hook() 第 77 行，物件： clone/user/user#9825 ("懒兔浩然")
呼叫来自：cmds/skill/research.c 的 main() 第 208 行，物件： cmds/skill/research
呼叫来自：feature/skill.c 的 improve_skill() 第 389 行，物件： clone/user/user#9825 ("懒兔浩然")

执行时段错误：*Error in loading object '/d/mingjiao/npc/yanyuan'

程式：inherit/room/room.c 第 24 行
物件：/d/mingjiao/htqdating
呼叫来自：inherit/room/room.c 的 reset() 第 86 行，物件： d/mingjiao/htqdating
呼叫来自：inherit/room/room.c 的 make_inventory() 第 24 行，物件： d/mingjiao/htqdating

执行时段错误：*Bad argument 1 to call_other()
Expected: string or array or object Got: 0.

程式：feature/dbase.c 第 93 行
物件：/clone/user/user#34698
呼叫来自：clone/user/user.c 的 reset() 第 86 行，物件： clone/user/user#34698 ("慕容秋荻")
呼叫来自：feature/dbase.c 的 add() 第 93 行，物件： clone/user/user#34698 ("慕容秋荻")

执行时段错误：*Bad argument 1 to call_other()
Expected: string or array or object Got: 0.

程式：inherit/room/room.c 第 25 行
物件：/data/room/liu12345/qianting
呼叫来自：inherit/room/room.c 的 reset() 第 86 行，物件： data/room/liu12345/qianting
呼叫来自：inherit/room/room.c 的 make_inventory() 第 25 行，物件： data/room/liu12345/qianting

执行时段错误：*Inherited file '/inherit/char/lang2' does not exist!

程式：inherit/room/room.c 第 24 行
物件：/d/wudu/langwo
呼叫来自：inherit/room/room.c 的 reset() 第 86 行，物件： d/wudu/langwo
呼叫来自：inherit/room/room.c 的 make_inventory() 第 24 行，物件： d/wudu/langwo

执行时段错误：*Bad argument 1 to call_other()
Expected: string or array or object Got: 0.

程式：inherit/room/room.c 第 25 行
物件：/data/room/yxsyyr1/qianting
呼叫来自：inherit/room/room.c 的 reset() 第 86 行，物件： data/room/yxsyyr1/qianting
呼叫来自：inherit/room/room.c 的 make_inventory() 第 25 行，物件： data/room/yxsyyr1/qianting

执行时段错误：*Bad argument 1 to call_other()
Expected: string or array or object Got: 0.

程式：inherit/room/room.c 第 25 行
物件：/data/room/moyin/qianting
呼叫来自：inherit/room/room.c 的 reset() 第 86 行，物件： data/room/moyin/qianting
呼叫来自：inherit/room/room.c 的 make_inventory() 第 25 行，物件： data/room/moyin/qianting

执行时段错误：*Error in loading object '/d/wudu/npc/qiandu3'

程式：inherit/room/room.c 第 24 行
物件：/d/wudu/qiandu2
呼叫来自：inherit/room/room.c 的 reset() 第 86 行，物件： d/wudu/qiandu2
呼叫来自：inherit/room/room.c 的 make_inventory() 第 24 行，物件： d/wudu/qiandu2

执行时段错误：*Error in loading object '/d/mingjiao/npc/tangyang'

程式：inherit/room/room.c 第 24 行
物件：/d/mingjiao/hsqdating
呼叫来自：inherit/room/room.c 的 reset() 第 86 行，物件： d/mingjiao/hsqdating
呼叫来自：inherit/room/room.c 的 make_inventory() 第 24 行，物件： d/mingjiao/hsqdating

执行时段错误：*Bad argument 1 to call_other()
Expected: string or array or object Got: 0.

程式：inherit/room/room.c 第 25 行
物件：/data/room/tyz000/qianting
呼叫来自：inherit/room/room.c 的 reset() 第 86 行，物件： data/room/tyz000/qianting
呼叫来自：inherit/room/room.c 的 make_inventory() 第 25 行，物件： data/room/tyz000/qianting

执行时段错误：*Error in loading object '/kungfu/class/sky/obj/shenjiu'

程式：inherit/char/npc.c 第 17 行
物件：/d/luoyang/npc/libai#74863
呼叫来自：inherit/room/room.c 的 reset() 第 86 行，物件： d/luoyang/zuixianlou4
呼叫来自：inherit/room/room.c 的 make_inventory() 第 24 行，物件： d/luoyang/zuixianlou4
呼叫来自：d/luoyang/npc/libai.c 的 create() 第 64 行，物件： d/luoyang/npc/libai#74863 ("李白")
呼叫来自：inherit/char/npc.c 的 carry_object() 第 17 行，物件： d/luoyang/npc/libai#74863 ("李白")

执行时段错误：*Bad argument 1 to call_other()
Expected: string or array or object Got: 0.

程式：inherit/room/room.c 第 25 行
物件：/data/room/w2544460429/qianting
呼叫来自：inherit/room/room.c 的 reset() 第 86 行，物件： data/room/w2544460429/qianting
呼叫来自：inherit/room/room.c 的 make_inventory() 第 25 行，物件： data/room/w2544460429/qianting

执行时段错误：*Bad argument 1 to call_other()
Expected: string or array or object Got: 0.

程式：inherit/room/room.c 第 25 行
物件：/data/room/yixingbu/qianting
呼叫来自：inherit/room/room.c 的 reset() 第 86 行，物件： data/room/yixingbu/qianting
呼叫来自：inherit/room/room.c 的 make_inventory() 第 25 行，物件： data/room/yixingbu/qianting

执行时段错误：*Bad argument 1 to call_other()
Expected: string or array or object Got: 0.

程式：inherit/room/room.c 第 25 行
物件：/data/room/qazzaq/qianting
呼叫来自：inherit/room/room.c 的 reset() 第 86 行，物件： data/room/qazzaq/qianting
呼叫来自：inherit/room/room.c 的 make_inventory() 第 25 行，物件： data/room/qazzaq/qianting

执行时段错误：*Bad argument 1 to call_other()
Expected: string or array or object Got: 0.

程式：inherit/room/room.c 第 25 行
物件：/data/room/adawong/qianting
呼叫来自：inherit/room/room.c 的 reset() 第 86 行，物件： data/room/adawong/qianting
呼叫来自：inherit/room/room.c 的 make_inventory() 第 25 行，物件： data/room/adawong/qianting

执行时段错误：*Bad argument 1 to call_other()
Expected: string or array or object Got: 0.

程式：inherit/room/room.c 第 25 行
物件：/data/room/pxhaha/qianting
呼叫来自：inherit/room/room.c 的 reset() 第 86 行，物件： data/room/pxhaha/qianting
呼叫来自：inherit/room/room.c 的 make_inventory() 第 25 行，物件： data/room/pxhaha/qianting

执行时段错误：*Bad argument 1 to call_other()
Expected: string or array or object Got: 0.

程式：inherit/room/room.c 第 25 行
物件：/data/room/pxdaye/qianting
呼叫来自：inherit/room/room.c 的 reset() 第 86 行，物件： data/room/pxdaye/qianting
呼叫来自：inherit/room/room.c 的 make_inventory() 第 25 行，物件： data/room/pxdaye/qianting

执行时段错误：*Bad argument 1 to call_other()
Expected: string or array or object Got: 0.

程式：inherit/room/room.c 第 25 行
物件：/data/room/hubert/qianting
呼叫来自：inherit/room/room.c 的 reset() 第 86 行，物件： data/room/hubert/qianting
呼叫来自：inherit/room/room.c 的 make_inventory() 第 25 行，物件： data/room/hubert/qianting

执行时段错误：*Bad argument 1 to call_other()
Expected: string or array or object Got: 0.

程式：adm/daemons/punishd.c 第 161 行
物件：/adm/daemons/punishd
呼叫来自：adm/daemons/punishd.c 的 monitor() 第 148 行，物件： adm/daemons/punishd
呼叫来自：adm/daemons/punishd.c 的 family_punish() 第 162 行，物件： adm/daemons/punishd
呼叫来自：<function> 的 <function>() 第 0 行，物件： adm/daemons/punishd
呼叫来自：adm/daemons/punishd.c 的 <function>() 第 161 行，物件： adm/daemons/punishd
object /clone/user/user#9825: eval_cost too big 2000000

执行时段错误：*Too long evaluation. Execution aborted.

程式：feature/dbase.c 第 47 行
物件：/clone/user/user#9825
呼叫来自：feature/command.c 的 command_hook() 第 77 行，物件： clone/user/user#9825 ("懒兔浩然")
呼叫来自：cmds/skill/research.c 的 main() 第 212 行，物件： cmds/skill/research
呼叫来自：feature/dbase.c 的 add() 第 101 行，物件： clone/user/user#9825 ("懒兔浩然")
呼叫来自：feature/dbase.c 的 query() 第 47 行，物件： clone/user/user#9825 ("懒兔浩然")
object /clone/user/user#9825: eval_cost too big 2000000

执行时段错误：*Too long evaluation. Execution aborted.

程式：feature/message.c 第 159 行
物件：/clone/user/user#9825
呼叫来自：feature/message.c 的 write_prompt() 第 159 行，物件： clone/user/user#9825 ("懒兔浩然")
object /clone/user/user#9825: eval_cost too big 2000000

执行时段错误：*Too long evaluation. Execution aborted.

程式：feature/dbase.c 第 104 行
物件：/clone/user/user#9825
呼叫来自：feature/command.c 的 command_hook() 第 77 行，物件： clone/user/user#9825 ("懒兔浩然")
呼叫来自：cmds/skill/research.c 的 main() 第 212 行，物件： cmds/skill/research
呼叫来自：feature/dbase.c 的 add() 第 104 行，物件： clone/user/user#9825 ("懒兔浩然")

执行时段错误：*Bad argument 1 to call_other()
Expected: string or array or object Got: 0.

程式：adm/daemons/punishd.c 第 161 行
物件：/adm/daemons/punishd
呼叫来自：adm/daemons/punishd.c 的 monitor() 第 148 行，物件： adm/daemons/punishd
呼叫来自：adm/daemons/punishd.c 的 family_punish() 第 162 行，物件： adm/daemons/punishd
呼叫来自：<function> 的 <function>() 第 0 行，物件： adm/daemons/punishd
呼叫来自：adm/daemons/punishd.c 的 <function>() 第 161 行，物件： adm/daemons/punishd

执行时段错误：*Value being indexed is zero.

程式：clone/quest/search.c 第 91 行
物件：/clone/quest/search#75259
呼叫来自：adm/daemons/quest/search.c 的 heart_beat() 第 66 行，物件： adm/daemons/quest/search
呼叫来自：adm/daemons/quest/search.c 的 start_quest() 第 53 行，物件： adm/daemons/quest/search
呼叫来自：clone/quest/search.c 的 init_quest() 第 91 行，物件： clone/quest/search#75259 ("围攻0")
Heart beat in adm/daemons/quest/search turned off.

执行时段错误：*Bad argument 1 to call_other()
Expected: string or array or object Got: 0.

程式：adm/daemons/punishd.c 第 161 行
物件：/adm/daemons/punishd
呼叫来自：adm/daemons/punishd.c 的 monitor() 第 148 行，物件： adm/daemons/punishd
呼叫来自：adm/daemons/punishd.c 的 family_punish() 第 162 行，物件： adm/daemons/punishd
呼叫来自：<function> 的 <function>() 第 0 行，物件： adm/daemons/punishd
呼叫来自：adm/daemons/punishd.c 的 <function>() 第 161 行，物件： adm/daemons/punishd
object /clone/user/user#9825: eval_cost too big 2000000

执行时段错误：*Too long evaluation. Execution aborted.

程式：feature/dbase.c 第 52 行
物件：/clone/user/user#9825
呼叫来自：feature/command.c 的 command_hook() 第 77 行，物件： clone/user/user#9825 ("懒兔浩然")
呼叫来自：cmds/skill/research.c 的 main() 第 209 行，物件： cmds/skill/research
呼叫来自：feature/dbase.c 的 add() 第 101 行，物件： clone/user/user#9825 ("懒兔浩然")
呼叫来自：feature/dbase.c 的 query() 第 52 行，物件： clone/user/user#9825 ("懒兔浩然")
object /clone/user/user#9825: eval_cost too big 2000000

执行时段错误：*Too long evaluation. Execution aborted.

程式：feature/message.c 第 167 行
物件：/clone/user/user#9825
呼叫来自：feature/message.c 的 write_prompt() 第 167 行，物件： clone/user/user#9825 ("懒兔浩然")
object /clone/user/user#9825: eval_cost too big 2000000

执行时段错误：*Too long evaluation. Execution aborted.

程式：feature/message.c 第 172 行
物件：/clone/user/user#9825
呼叫来自：feature/message.c 的 write_prompt() 第 172 行，物件： clone/user/user#9825 ("懒兔浩然")

执行时段错误：*Bad argument 1 to call_other()
Expected: string or array or object Got: 0.

程式：adm/daemons/punishd.c 第 161 行
物件：/adm/daemons/punishd
呼叫来自：adm/daemons/punishd.c 的 monitor() 第 148 行，物件： adm/daemons/punishd
呼叫来自：adm/daemons/punishd.c 的 family_punish() 第 162 行，物件： adm/daemons/punishd
呼叫来自：<function> 的 <function>() 第 0 行，物件： adm/daemons/punishd
呼叫来自：adm/daemons/punishd.c 的 <function>() 第 161 行，物件： adm/daemons/punishd
object /clone/user/user#9825: eval_cost too big 2000000

执行时段错误：*Too long evaluation. Execution aborted.

程式：feature/dbase.c 第 52 行
物件：/clone/user/user#9825
呼叫来自：feature/command.c 的 command_hook() 第 77 行，物件： clone/user/user#9825 ("懒兔浩然")
呼叫来自：cmds/skill/research.c 的 main() 第 212 行，物件： cmds/skill/research
呼叫来自：feature/dbase.c 的 add() 第 101 行，物件： clone/user/user#9825 ("懒兔浩然")
呼叫来自：feature/dbase.c 的 query() 第 52 行，物件： clone/user/user#9825 ("懒兔浩然")

执行时段错误：*call_other() couldn't find object

程式：adm/daemons/npcd.c 第 421 行
物件：/adm/daemons/npcd
呼叫来自：inherit/char/char.c 的 heart_beat() 第 133 行，物件： clone/npc/walker#3175 ("乔霸")
呼叫来自：inherit/char/npc.c 的 scan() 第 299 行，物件： clone/npc/walker#3175 ("乔霸")
呼叫来自：inherit/char/npc.c 的 chat() 第 377 行，物件： clone/npc/walker#3175 ("乔霸")
呼叫来自：<function> 的 <function>() 第 0 行，物件： clone/npc/walker#3175 ("乔霸")
呼叫来自：clone/npc/walker.c 的 <function>() 第 27 行，物件： clone/npc/walker#3175 ("乔霸")
呼叫来自：adm/daemons/npcd.c 的 random_move() 第 421 行，物件： adm/daemons/npcd
Heart beat in clone/npc/walker#3175 turned off.
object /clone/user/user#9825: eval_cost too big 2000000

执行时段错误：*Too long evaluation. Execution aborted.

程式：feature/skill.c 第 369 行
物件：/clone/user/user#9825
呼叫来自：feature/command.c 的 command_hook() 第 77 行，物件： clone/user/user#9825 ("懒兔浩然")
呼叫来自：cmds/skill/research.c 的 main() 第 211 行，物件： cmds/skill/research
呼叫来自：feature/skill.c 的 improve_skill() 第 369 行，物件： clone/user/user#9825 ("懒兔浩然")

执行时段错误：*Bad argument 1 to call_other()
Expected: string or array or object Got: 0.

程式：adm/daemons/punishd.c 第 161 行
物件：/adm/daemons/punishd
呼叫来自：adm/daemons/punishd.c 的 monitor() 第 148 行，物件： adm/daemons/punishd
呼叫来自：adm/daemons/punishd.c 的 family_punish() 第 162 行，物件： adm/daemons/punishd
呼叫来自：<function> 的 <function>() 第 0 行，物件： adm/daemons/punishd
呼叫来自：adm/daemons/punishd.c 的 <function>() 第 161 行，物件： adm/daemons/punishd

执行时段错误：*Bad argument 1 to call_other()
Expected: string or array or object Got: 0.

程式：feature/dbase.c 第 93 行
物件：/clone/user/user#34698
呼叫来自：clone/user/user.c 的 reset() 第 86 行，物件： clone/user/user#34698 ("慕容秋荻")
呼叫来自：feature/dbase.c 的 add() 第 93 行，物件： clone/user/user#34698 ("慕容秋荻")

执行时段错误：*Error in loading object '/d/mingjiao/npc/wujincao'

程式：inherit/room/room.c 第 24 行
物件：/d/mingjiao/rjqlwch
呼叫来自：inherit/room/room.c 的 reset() 第 86 行，物件： d/mingjiao/rjqlwch
呼叫来自：inherit/room/room.c 的 make_inventory() 第 24 行，物件： d/mingjiao/rjqlwch

执行时段错误：*Bad argument 1 to call_other()
Expected: string or array or object Got: 0.

程式：inherit/room/room.c 第 25 行
物件：/data/room/liu12345/qianting
呼叫来自：inherit/room/room.c 的 reset() 第 86 行，物件： data/room/liu12345/qianting
呼叫来自：inherit/room/room.c 的 make_inventory() 第 25 行，物件： data/room/liu12345/qianting

执行时段错误：*Bad argument 1 to call_other()
Expected: string or array or object Got: 0.

程式：inherit/room/room.c 第 25 行
物件：/data/room/obh1234/qianting
呼叫来自：inherit/room/room.c 的 reset() 第 86 行，物件： data/room/obh1234/qianting
呼叫来自：inherit/room/room.c 的 make_inventory() 第 25 行，物件： data/room/obh1234/qianting

执行时段错误：*Inherited file '/inherit/char/lang2' does not exist!

程式：inherit/room/room.c 第 24 行
物件：/d/wudu/langwo
呼叫来自：inherit/room/room.c 的 reset() 第 86 行，物件： d/wudu/langwo
呼叫来自：inherit/room/room.c 的 make_inventory() 第 24 行，物件： d/wudu/langwo

执行时段错误：*Bad argument 1 to call_other()
Expected: string or array or object Got: 0.

程式：inherit/room/room.c 第 25 行
物件：/data/room/moyin/qianting
呼叫来自：inherit/room/room.c 的 reset() 第 86 行，物件： data/room/moyin/qianting
呼叫来自：inherit/room/room.c 的 make_inventory() 第 25 行，物件： data/room/moyin/qianting

执行时段错误：*Error in loading object '/d/wudu/npc/qiandu3'

程式：inherit/room/room.c 第 24 行
物件：/d/wudu/qiandu2
呼叫来自：inherit/room/room.c 的 reset() 第 86 行，物件： d/wudu/qiandu2
呼叫来自：inherit/room/room.c 的 make_inventory() 第 24 行，物件： d/wudu/qiandu2

执行时段错误：*Error in loading object '/d/mingjiao/npc/tangyang'

程式：inherit/room/room.c 第 24 行
物件：/d/mingjiao/hsqdating
呼叫来自：inherit/room/room.c 的 reset() 第 86 行，物件： d/mingjiao/hsqdating
呼叫来自：inherit/room/room.c 的 make_inventory() 第 24 行，物件： d/mingjiao/hsqdating

执行时段错误：*Bad argument 1 to call_other()
Expected: string or array or object Got: 0.

程式：inherit/room/room.c 第 25 行
物件：/data/room/tyz000/qianting
呼叫来自：inherit/room/room.c 的 reset() 第 86 行，物件： data/room/tyz000/qianting
呼叫来自：inherit/room/room.c 的 make_inventory() 第 25 行，物件： data/room/tyz000/qianting

执行时段错误：*Bad argument 1 to call_other()
Expected: string or array or object Got: 0.

程式：inherit/room/room.c 第 25 行
物件：/data/room/w2544460429/qianting
呼叫来自：inherit/room/room.c 的 reset() 第 86 行，物件： data/room/w2544460429/qianting
呼叫来自：inherit/room/room.c 的 make_inventory() 第 25 行，物件： data/room/w2544460429/qianting

执行时段错误：*Bad argument 1 to call_other()
Expected: string or array or object Got: 0.

程式：inherit/room/room.c 第 25 行
物件：/data/room/qazzaq/qianting
呼叫来自：inherit/room/room.c 的 reset() 第 86 行，物件： data/room/qazzaq/qianting
呼叫来自：inherit/room/room.c 的 make_inventory() 第 25 行，物件： data/room/qazzaq/qianting

执行时段错误：*Bad argument 1 to call_other()
Expected: string or array or object Got: 0.

程式：inherit/room/room.c 第 25 行
物件：/data/room/adawong/qianting
呼叫来自：inherit/room/room.c 的 reset() 第 86 行，物件： data/room/adawong/qianting
呼叫来自：inherit/room/room.c 的 make_inventory() 第 25 行，物件： data/room/adawong/qianting

执行时段错误：*Bad argument 1 to call_other()
Expected: string or array or object Got: 0.

程式：inherit/room/room.c 第 25 行
物件：/data/room/pxdaye/qianting
呼叫来自：inherit/room/room.c 的 reset() 第 86 行，物件： data/room/pxdaye/qianting
呼叫来自：inherit/room/room.c 的 make_inventory() 第 25 行，物件： data/room/pxdaye/qianting

执行时段错误：*Bad argument 1 to call_other()
Expected: string or array or object Got: 0.

程式：inherit/room/room.c 第 25 行
物件：/d/luoyang/shuoshu
呼叫来自：inherit/room/room.c 的 reset() 第 86 行，物件： d/luoyang/shuoshu
呼叫来自：inherit/room/room.c 的 make_inventory() 第 25 行，物件： d/luoyang/shuoshu

执行时段错误：*Bad argument 1 to call_other()
Expected: string or array or object Got: 0.

程式：feature/dbase.c 第 93 行
物件：/clone/user/user
呼叫来自：clone/user/user.c 的 reset() 第 86 行，物件： clone/user/user ("使用者物件")
呼叫来自：feature/dbase.c 的 add() 第 93 行，物件： clone/user/user ("使用者物件")
object /clone/user/user#9825: eval_cost too big 2000000

执行时段错误：*Too long evaluation. Execution aborted.

程式：feature/dbase.c 第 55 行
物件：/clone/user/user#9825
呼叫来自：feature/command.c 的 command_hook() 第 77 行，物件： clone/user/user#9825 ("懒兔浩然")
呼叫来自：cmds/skill/research.c 的 main() 第 212 行，物件： cmds/skill/research
呼叫来自：feature/dbase.c 的 add() 第 101 行，物件： clone/user/user#9825 ("懒兔浩然")
呼叫来自：feature/dbase.c 的 query() 第 55 行，物件： clone/user/user#9825 ("懒兔浩然")
get_user_data: read on fd 700
System Error: get_user_data: read: 当文件已存在时，无法创建该文件。

object /clone/user/user#9825: eval_cost too big 2000000

执行时段错误：*Too long evaluation. Execution aborted.

程式：feature/dbase.c 第 47 行
物件：/clone/user/user#9825
呼叫来自：feature/command.c 的 command_hook() 第 77 行，物件： clone/user/user#9825 ("懒兔浩然")
呼叫来自：cmds/skill/research.c 的 main() 第 212 行，物件： cmds/skill/research
呼叫来自：feature/dbase.c 的 add() 第 101 行，物件： clone/user/user#9825 ("懒兔浩然")
呼叫来自：feature/dbase.c 的 query() 第 47 行，物件： clone/user/user#9825 ("懒兔浩然")

执行时段错误：*Bad argument 1 to call_other()
Expected: string or array or object Got: 0.

程式：adm/daemons/punishd.c 第 161 行
物件：/adm/daemons/punishd
呼叫来自：adm/daemons/punishd.c 的 monitor() 第 148 行，物件： adm/daemons/punishd
呼叫来自：adm/daemons/punishd.c 的 family_punish() 第 162 行，物件： adm/daemons/punishd
呼叫来自：<function> 的 <function>() 第 0 行，物件： adm/daemons/punishd
呼叫来自：adm/daemons/punishd.c 的 <function>() 第 161 行，物件： adm/daemons/punishd
object /clone/user/user#23702: eval_cost too big 2000000

执行时段错误：*Too long evaluation. Execution aborted.

程式：feature/treemap.c 第 11 行
物件：/clone/user/user#23702
呼叫来自：d/city/npc/diao.c 的 do_copy() 第 149 行，物件： d/city/npc/diao#500 ("貂蝉")
呼叫来自：feature/dbase.c 的 query_temp() 第 132 行，物件： clone/user/user#23702 ("安殇")
呼叫来自：feature/treemap.c 的 _query() 第 11 行，物件： clone/user/user#23702 ("安殇")
object /cmds/skill/research: eval_cost too big 2000000

执行时段错误：*Too long evaluation. Execution aborted.

程式：cmds/skill/research.c 第 219 行
物件：/cmds/skill/research
呼叫来自：feature/command.c 的 command_hook() 第 77 行，物件： clone/user/user#9825 ("懒兔浩然")
呼叫来自：cmds/skill/research.c 的 main() 第 219 行，物件： cmds/skill/research
object /clone/user/user#9825: eval_cost too big 2000000

执行时段错误：*Too long evaluation. Execution aborted.

程式：feature/skill.c 第 345 行
物件：/clone/user/user#9825
呼叫来自：feature/command.c 的 command_hook() 第 77 行，物件： clone/user/user#9825 ("懒兔浩然")
呼叫来自：cmds/skill/research.c 的 main() 第 211 行，物件： cmds/skill/research
呼叫来自：feature/skill.c 的 improve_skill() 第 345 行，物件： clone/user/user#9825 ("懒兔浩然")
object /clone/user/user#76027: eval_cost too big 2000000

执行时段错误：*Too long evaluation. Execution aborted.

程式：feature/name.c 第 46 行
物件：/clone/user/user#76027
呼叫来自：feature/command.c 的 command_hook() 第 77 行，物件： clone/user/user#34698 ("慕容秋荻")
呼叫来自：cmds/std/give.c 的 main() 第 22 行，物件： cmds/std/give
呼叫来自：adm/single/simul_efun.c 的 present() 第 119 行，物件： adm/single/simul_efun
呼叫来自：feature/name.c 的 id() 第 46 行，物件： clone/user/user#76027 ("慕容南辰")
object /clone/user/user#9825: eval_cost too big 2000000

执行时段错误：*Too long evaluation. Execution aborted.

程式：feature/dbase.c 第 50 行
物件：/clone/user/user#9825
呼叫来自：feature/command.c 的 command_hook() 第 77 行，物件： clone/user/user#9825 ("懒兔浩然")
呼叫来自：cmds/skill/research.c 的 main() 第 212 行，物件： cmds/skill/research
呼叫来自：feature/dbase.c 的 add() 第 101 行，物件： clone/user/user#9825 ("懒兔浩然")
呼叫来自：feature/dbase.c 的 query() 第 50 行，物件： clone/user/user#9825 ("懒兔浩然")
object /clone/user/user#38479: eval_cost too big 2000000

执行时段错误：*Too long evaluation. Execution aborted.

程式：feature/name.c 第 43 行
物件：/clone/user/user#38479
呼叫来自：feature/command.c 的 command_hook() 第 77 行，物件： clone/user/user#41692 ("司徒凌峰")
呼叫来自：cmds/std/ask.c 的 main() 第 44 行，物件： cmds/std/ask
呼叫来自：adm/single/simul_efun.c 的 present() 第 119 行，物件： adm/single/simul_efun
呼叫来自：feature/name.c 的 id() 第 43 行，物件： clone/user/user#38479 ("八云")

执行时段错误：*Bad argument 1 to call_other()
Expected: string or array or object Got: 0.

程式：adm/daemons/punishd.c 第 161 行
物件：/adm/daemons/punishd
呼叫来自：adm/daemons/punishd.c 的 monitor() 第 148 行，物件： adm/daemons/punishd
呼叫来自：adm/daemons/punishd.c 的 family_punish() 第 162 行，物件： adm/daemons/punishd
呼叫来自：<function> 的 <function>() 第 0 行，物件： adm/daemons/punishd
呼叫来自：adm/daemons/punishd.c 的 <function>() 第 161 行，物件： adm/daemons/punishd

执行时段错误：*Value being indexed is zero.

程式：clone/quest/search.c 第 91 行
物件：/clone/quest/search#76271
呼叫来自：adm/daemons/quest/search.c 的 heart_beat() 第 66 行，物件： adm/daemons/quest/search
呼叫来自：adm/daemons/quest/search.c 的 start_quest() 第 53 行，物件： adm/daemons/quest/search
呼叫来自：clone/quest/search.c 的 init_quest() 第 91 行，物件： clone/quest/search#76271 ("围攻0")
Heart beat in adm/daemons/quest/search turned off.
object /cmds/skill/research: eval_cost too big 2000000

执行时段错误：*Too long evaluation. Execution aborted.

程式：cmds/skill/research.c 第 215 行
物件：/cmds/skill/research
呼叫来自：feature/command.c 的 command_hook() 第 77 行，物件： clone/user/user#9825 ("懒兔浩然")
呼叫来自：cmds/skill/research.c 的 main() 第 215 行，物件： cmds/skill/research

执行时段错误：*call_other() couldn't find object

程式：adm/daemons/npcd.c 第 421 行
物件：/adm/daemons/npcd
呼叫来自：inherit/char/char.c 的 heart_beat() 第 133 行，物件： clone/npc/walker#3175 ("乔霸")
呼叫来自：inherit/char/npc.c 的 scan() 第 299 行，物件： clone/npc/walker#3175 ("乔霸")
呼叫来自：inherit/char/npc.c 的 chat() 第 377 行，物件： clone/npc/walker#3175 ("乔霸")
呼叫来自：<function> 的 <function>() 第 0 行，物件： clone/npc/walker#3175 ("乔霸")
呼叫来自：clone/npc/walker.c 的 <function>() 第 27 行，物件： clone/npc/walker#3175 ("乔霸")
呼叫来自：adm/daemons/npcd.c 的 random_move() 第 421 行，物件： adm/daemons/npcd
Heart beat in clone/npc/walker#3175 turned off.

执行时段错误：*Bad argument 1 to call_other()
Expected: string or array or object Got: 0.

程式：adm/daemons/punishd.c 第 161 行
物件：/adm/daemons/punishd
呼叫来自：adm/daemons/punishd.c 的 monitor() 第 148 行，物件： adm/daemons/punishd
呼叫来自：adm/daemons/punishd.c 的 family_punish() 第 162 行，物件： adm/daemons/punishd
呼叫来自：<function> 的 <function>() 第 0 行，物件： adm/daemons/punishd
呼叫来自：adm/daemons/punishd.c 的 <function>() 第 161 行，物件： adm/daemons/punishd

执行时段错误：*call_other() couldn't find object

程式：adm/daemons/npcd.c 第 421 行
物件：/adm/daemons/npcd
呼叫来自：inherit/char/char.c 的 heart_beat() 第 133 行，物件： clone/npc/walker#1034 ("黄彪")
呼叫来自：inherit/char/npc.c 的 scan() 第 299 行，物件： clone/npc/walker#1034 ("黄彪")
呼叫来自：inherit/char/npc.c 的 chat() 第 377 行，物件： clone/npc/walker#1034 ("黄彪")
呼叫来自：<function> 的 <function>() 第 0 行，物件： clone/npc/walker#1034 ("黄彪")
呼叫来自：clone/npc/walker.c 的 <function>() 第 27 行，物件： clone/npc/walker#1034 ("黄彪")
呼叫来自：adm/daemons/npcd.c 的 random_move() 第 421 行，物件： adm/daemons/npcd
Heart beat in clone/npc/walker#1034 turned off.
object /adm/npc/youxun: eval_cost too big 2000000

执行时段错误：*Too long evaluation. Execution aborted.

程式：feature/name.c 第 44 行
物件：/adm/npc/youxun
呼叫来自：feature/command.c 的 command_hook() 第 77 行，物件： clone/user/user#34698 ("慕容秋荻")
呼叫来自：cmds/std/give.c 的 main() 第 22 行，物件： cmds/std/give
呼叫来自：adm/single/simul_efun.c 的 present() 第 119 行，物件： adm/single/simul_efun
呼叫来自：feature/name.c 的 id() 第 44 行，物件： adm/npc/youxun ("游讯")
object /clone/user/user#9825: eval_cost too big 2000000

执行时段错误：*Too long evaluation. Execution aborted.

程式：feature/message.c 第 159 行
物件：/clone/user/user#9825
呼叫来自：feature/message.c 的 write_prompt() 第 159 行，物件： clone/user/user#9825 ("懒兔浩然")
object /d/city/npc/xiaoer#37: eval_cost too big 2000000

执行时段错误：*Too long evaluation. Execution aborted.

程式：feature/name.c 第 43 行
物件：/d/city/npc/xiaoer#37
呼叫来自：feature/command.c 的 command_hook() 第 77 行，物件： clone/user/user#34698 ("慕容秋荻")
呼叫来自：cmds/std/give.c 的 main() 第 22 行，物件： cmds/std/give
呼叫来自：adm/single/simul_efun.c 的 present() 第 119 行，物件： adm/single/simul_efun
呼叫来自：feature/name.c 的 id() 第 43 行，物件： d/city/npc/xiaoer#37 ("店小二")
object /clone/user/user#9825: eval_cost too big 2000000

执行时段错误：*Too long evaluation. Execution aborted.

程式：feature/message.c 第 172 行
物件：/clone/user/user#9825
呼叫来自：feature/message.c 的 write_prompt() 第 172 行，物件： clone/user/user#9825 ("懒兔浩然")

执行时段错误：*Bad argument 1 to call_other()
Expected: string or array or object Got: 0.

程式：adm/daemons/punishd.c 第 161 行
物件：/adm/daemons/punishd
呼叫来自：adm/daemons/punishd.c 的 monitor() 第 148 行，物件： adm/daemons/punishd
呼叫来自：adm/daemons/punishd.c 的 family_punish() 第 162 行，物件： adm/daemons/punishd
呼叫来自：<function> 的 <function>() 第 0 行，物件： adm/daemons/punishd
呼叫来自：adm/daemons/punishd.c 的 <function>() 第 161 行，物件： adm/daemons/punishd
object /clone/user/user#9825: eval_cost too big 2000000

执行时段错误：*Too long evaluation. Execution aborted.

程式：feature/dbase.c 第 101 行
物件：/clone/user/user#9825
呼叫来自：feature/command.c 的 command_hook() 第 77 行，物件： clone/user/user#9825 ("懒兔浩然")
呼叫来自：cmds/skill/research.c 的 main() 第 209 行，物件： cmds/skill/research
呼叫来自：feature/dbase.c 的 add() 第 101 行，物件： clone/user/user#9825 ("懒兔浩然")

执行时段错误：*Error in loading object '/d/mingjiao/npc/yanyuan'

程式：inherit/room/room.c 第 24 行
物件：/d/mingjiao/htqdating
呼叫来自：inherit/room/room.c 的 reset() 第 86 行，物件： d/mingjiao/htqdating
呼叫来自：inherit/room/room.c 的 make_inventory() 第 24 行，物件： d/mingjiao/htqdating

执行时段错误：*Bad argument 1 to call_other()
Expected: string or array or object Got: 0.

程式：feature/dbase.c 第 93 行
物件：/clone/user/user#34698
呼叫来自：clone/user/user.c 的 reset() 第 86 行，物件： clone/user/user#34698 ("慕容秋荻")
呼叫来自：feature/dbase.c 的 add() 第 93 行，物件： clone/user/user#34698 ("慕容秋荻")

执行时段错误：*Error in loading object '/d/mingjiao/npc/wujincao'

程式：inherit/room/room.c 第 24 行
物件：/d/mingjiao/rjqlwch
呼叫来自：inherit/room/room.c 的 reset() 第 86 行，物件： d/mingjiao/rjqlwch
呼叫来自：inherit/room/room.c 的 make_inventory() 第 24 行，物件： d/mingjiao/rjqlwch

执行时段错误：*Bad argument 1 to call_other()
Expected: string or array or object Got: 0.

程式：inherit/room/room.c 第 25 行
物件：/data/room/liu12345/qianting
呼叫来自：inherit/room/room.c 的 reset() 第 86 行，物件： data/room/liu12345/qianting
呼叫来自：inherit/room/room.c 的 make_inventory() 第 25 行，物件： data/room/liu12345/qianting

执行时段错误：*Bad argument 1 to call_other()
Expected: string or array or object Got: 0.

程式：inherit/room/room.c 第 25 行
物件：/data/room/yxsyyr1/qianting
呼叫来自：inherit/room/room.c 的 reset() 第 86 行，物件： data/room/yxsyyr1/qianting
呼叫来自：inherit/room/room.c 的 make_inventory() 第 25 行，物件： data/room/yxsyyr1/qianting

执行时段错误：*Error in loading object '/d/mingjiao/npc/tangyang'

程式：inherit/room/room.c 第 24 行
物件：/d/mingjiao/hsqdating
呼叫来自：inherit/room/room.c 的 reset() 第 86 行，物件： d/mingjiao/hsqdating
呼叫来自：inherit/room/room.c 的 make_inventory() 第 24 行，物件： d/mingjiao/hsqdating

执行时段错误：*Error in loading object '/kungfu/class/sky/obj/shenjiu'

程式：inherit/char/npc.c 第 17 行
物件：/d/luoyang/npc/libai#77033
呼叫来自：inherit/room/room.c 的 reset() 第 86 行，物件： d/luoyang/zuixianlou4
呼叫来自：inherit/room/room.c 的 make_inventory() 第 24 行，物件： d/luoyang/zuixianlou4
呼叫来自：d/luoyang/npc/libai.c 的 create() 第 64 行，物件： d/luoyang/npc/libai#77033 ("李白")
呼叫来自：inherit/char/npc.c 的 carry_object() 第 17 行，物件： d/luoyang/npc/libai#77033 ("李白")

执行时段错误：*Bad argument 1 to call_other()
Expected: string or array or object Got: 0.

程式：inherit/room/room.c 第 25 行
物件：/data/room/yixingbu/qianting
呼叫来自：inherit/room/room.c 的 reset() 第 86 行，物件： data/room/yixingbu/qianting
呼叫来自：inherit/room/room.c 的 make_inventory() 第 25 行，物件： data/room/yixingbu/qianting

执行时段错误：*Bad argument 1 to call_other()
Expected: string or array or object Got: 0.

程式：inherit/room/room.c 第 25 行
物件：/data/room/qazzaq/qianting
呼叫来自：inherit/room/room.c 的 reset() 第 86 行，物件： data/room/qazzaq/qianting
呼叫来自：inherit/room/room.c 的 make_inventory() 第 25 行，物件： data/room/qazzaq/qianting

执行时段错误：*Bad argument 1 to call_other()
Expected: string or array or object Got: 0.

程式：inherit/room/room.c 第 25 行
物件：/data/room/adawong/qianting
呼叫来自：inherit/room/room.c 的 reset() 第 86 行，物件： data/room/adawong/qianting
呼叫来自：inherit/room/room.c 的 make_inventory() 第 25 行，物件： data/room/adawong/qianting

执行时段错误：*Bad argument 1 to call_other()
Expected: string or array or object Got: 0.

程式：inherit/room/room.c 第 25 行
物件：/data/room/pxhaha/qianting
呼叫来自：inherit/room/room.c 的 reset() 第 86 行，物件： data/room/pxhaha/qianting
呼叫来自：inherit/room/room.c 的 make_inventory() 第 25 行，物件： data/room/pxhaha/qianting

执行时段错误：*Bad argument 1 to call_other()
Expected: string or array or object Got: 0.

程式：inherit/room/room.c 第 25 行
物件：/data/room/pxdaye/qianting
呼叫来自：inherit/room/room.c 的 reset() 第 86 行，物件： data/room/pxdaye/qianting
呼叫来自：inherit/room/room.c 的 make_inventory() 第 25 行，物件： data/room/pxdaye/qianting

执行时段错误：*Bad argument 1 to call_other()
Expected: string or array or object Got: 0.

程式：inherit/room/room.c 第 25 行
物件：/d/luoyang/shuoshu
呼叫来自：inherit/room/room.c 的 reset() 第 86 行，物件： d/luoyang/shuoshu
呼叫来自：inherit/room/room.c 的 make_inventory() 第 25 行，物件： d/luoyang/shuoshu

执行时段错误：*Bad argument 1 to call_other()
Expected: string or array or object Got: 0.

程式：inherit/room/room.c 第 25 行
物件：/data/room/hubert/qianting
呼叫来自：inherit/room/room.c 的 reset() 第 86 行，物件： data/room/hubert/qianting
呼叫来自：inherit/room/room.c 的 make_inventory() 第 25 行，物件： data/room/hubert/qianting

执行时段错误：*Bad argument 1 to call_other()
Expected: string or array or object Got: 0.

程式：feature/dbase.c 第 93 行
物件：/clone/user/user
呼叫来自：clone/user/user.c 的 reset() 第 86 行，物件： clone/user/user ("使用者物件")
呼叫来自：feature/dbase.c 的 add() 第 93 行，物件： clone/user/user ("使用者物件")

执行时段错误：*call_other() couldn't find object

程式：adm/daemons/npcd.c 第 421 行
物件：/adm/daemons/npcd
呼叫来自：inherit/char/char.c 的 heart_beat() 第 133 行，物件： clone/npc/walker#57141 ("尹忝")
呼叫来自：inherit/char/npc.c 的 scan() 第 299 行，物件： clone/npc/walker#57141 ("尹忝")
呼叫来自：inherit/char/npc.c 的 chat() 第 377 行，物件： clone/npc/walker#57141 ("尹忝")
呼叫来自：<function> 的 <function>() 第 0 行，物件： clone/npc/walker#57141 ("尹忝")
呼叫来自：clone/npc/walker.c 的 <function>() 第 27 行，物件： clone/npc/walker#57141 ("尹忝")
呼叫来自：adm/daemons/npcd.c 的 random_move() 第 421 行，物件： adm/daemons/npcd
Heart beat in clone/npc/walker#57141 turned off.
object /clone/user/user#9825: eval_cost too big 2000000

执行时段错误：*Too long evaluation. Execution aborted.

程式：feature/dbase.c 第 25 行
物件：/clone/user/user#9825
呼叫来自：feature/command.c 的 command_hook() 第 77 行，物件： clone/user/user#9825 ("懒兔浩然")
呼叫来自：cmds/skill/research.c 的 main() 第 212 行，物件： cmds/skill/research
呼叫来自：feature/dbase.c 的 add() 第 107 行，物件： clone/user/user#9825 ("懒兔浩然")
呼叫来自：clone/user/user.c 的 set() 第 131 行，物件： clone/user/user#9825 ("懒兔浩然")
呼叫来自：feature/dbase.c 的 set() 第 25 行，物件： clone/user/user#9825 ("懒兔浩然")

执行时段错误：*Bad argument 1 to call_other()
Expected: string or array or object Got: 0.

程式：adm/daemons/punishd.c 第 161 行
物件：/adm/daemons/punishd
呼叫来自：adm/daemons/punishd.c 的 monitor() 第 148 行，物件： adm/daemons/punishd
呼叫来自：adm/daemons/punishd.c 的 family_punish() 第 162 行，物件： adm/daemons/punishd
呼叫来自：<function> 的 <function>() 第 0 行，物件： adm/daemons/punishd
呼叫来自：adm/daemons/punishd.c 的 <function>() 第 161 行，物件： adm/daemons/punishd
object /adm/single/simul_efun: eval_cost too big 2000000

执行时段错误：*Too long evaluation. Execution aborted.

程式：adm/single/simul_efun.c 第 10 行
物件：/adm/single/simul_efun
呼叫来自：feature/command.c 的 command_hook() 第 77 行，物件： clone/user/user#34698 ("慕容秋荻")
呼叫来自：cmds/std/give.c 的 main() 第 60 行，物件： cmds/std/give
呼叫来自：adm/single/simul_efun.c 的 wiz_level() 第 10 行，物件： adm/single/simul_efun

执行时段错误：*Bad argument 1 to call_other()
Expected: string or array or object Got: 0.

程式：adm/daemons/punishd.c 第 161 行
物件：/adm/daemons/punishd
呼叫来自：adm/daemons/punishd.c 的 monitor() 第 148 行，物件： adm/daemons/punishd
呼叫来自：adm/daemons/punishd.c 的 family_punish() 第 162 行，物件： adm/daemons/punishd
呼叫来自：<function> 的 <function>() 第 0 行，物件： adm/daemons/punishd
呼叫来自：adm/daemons/punishd.c 的 <function>() 第 161 行，物件： adm/daemons/punishd

执行时段错误：*Value being indexed is zero.

程式：clone/quest/search.c 第 91 行
物件：/clone/quest/search#77391
呼叫来自：adm/daemons/quest/search.c 的 heart_beat() 第 66 行，物件： adm/daemons/quest/search
呼叫来自：adm/daemons/quest/search.c 的 start_quest() 第 53 行，物件： adm/daemons/quest/search
呼叫来自：clone/quest/search.c 的 init_quest() 第 91 行，物件： clone/quest/search#77391 ("围攻0")
Heart beat in adm/daemons/quest/search turned off.

执行时段错误：*Bad argument 1 to call_other()
Expected: string or array or object Got: 0.

程式：adm/daemons/punishd.c 第 161 行
物件：/adm/daemons/punishd
呼叫来自：adm/daemons/punishd.c 的 monitor() 第 148 行，物件： adm/daemons/punishd
呼叫来自：adm/daemons/punishd.c 的 family_punish() 第 162 行，物件： adm/daemons/punishd
呼叫来自：<function> 的 <function>() 第 0 行，物件： adm/daemons/punishd
呼叫来自：adm/daemons/punishd.c 的 <function>() 第 161 行，物件： adm/daemons/punishd
错误讯息被拦截：
执行时段错误：*Error in loading object '/adm/daemons/story/labazhou'

程式：adm/daemons/storyd.c 第 131 行
物件：/adm/daemons/storyd
呼叫来自：adm/daemons/storyd.c 的 start_story() 第 131 行，物件： adm/daemons/storyd
呼叫来自：adm/daemons/storyd.c 的 CATCH() 第 131 行，物件： adm/daemons/storyd

执行时段错误：*Bad argument 1 to call_other()
Expected: string or array or object Got: 0.

程式：adm/daemons/punishd.c 第 161 行
物件：/adm/daemons/punishd
呼叫来自：adm/daemons/punishd.c 的 monitor() 第 148 行，物件： adm/daemons/punishd
呼叫来自：adm/daemons/punishd.c 的 family_punish() 第 162 行，物件： adm/daemons/punishd
呼叫来自：<function> 的 <function>() 第 0 行，物件： adm/daemons/punishd
呼叫来自：adm/daemons/punishd.c 的 <function>() 第 161 行，物件： adm/daemons/punishd

执行时段错误：*Bad argument 1 to call_other()
Expected: string or array or object Got: 0.

程式：feature/dbase.c 第 93 行
物件：/clone/user/user#34698
呼叫来自：clone/user/user.c 的 reset() 第 86 行，物件： clone/user/user#34698 ("慕容秋荻")
呼叫来自：feature/dbase.c 的 add() 第 93 行，物件： clone/user/user#34698 ("慕容秋荻")

执行时段错误：*Bad argument 1 to call_other()
Expected: string or array or object Got: 0.

程式：inherit/room/room.c 第 25 行
物件：/data/room/liu12345/qianting
呼叫来自：inherit/room/room.c 的 reset() 第 86 行，物件： data/room/liu12345/qianting
呼叫来自：inherit/room/room.c 的 make_inventory() 第 25 行，物件： data/room/liu12345/qianting

执行时段错误：*Bad argument 1 to call_other()
Expected: string or array or object Got: 0.

程式：inherit/room/room.c 第 25 行
物件：/data/room/obh1234/qianting
呼叫来自：inherit/room/room.c 的 reset() 第 86 行，物件： data/room/obh1234/qianting
呼叫来自：inherit/room/room.c 的 make_inventory() 第 25 行，物件： data/room/obh1234/qianting

执行时段错误：*Inherited file '/inherit/char/lang2' does not exist!

程式：inherit/room/room.c 第 24 行
物件：/d/wudu/langwo
呼叫来自：inherit/room/room.c 的 reset() 第 86 行，物件： d/wudu/langwo
呼叫来自：inherit/room/room.c 的 make_inventory() 第 24 行，物件： d/wudu/langwo

执行时段错误：*Bad argument 1 to call_other()
Expected: string or array or object Got: 0.

程式：inherit/room/room.c 第 25 行
物件：/data/room/yxsyyr1/qianting
呼叫来自：inherit/room/room.c 的 reset() 第 86 行，物件： data/room/yxsyyr1/qianting
呼叫来自：inherit/room/room.c 的 make_inventory() 第 25 行，物件： data/room/yxsyyr1/qianting

执行时段错误：*Bad argument 1 to call_other()
Expected: string or array or object Got: 0.

程式：inherit/room/room.c 第 25 行
物件：/data/room/moyin/qianting
呼叫来自：inherit/room/room.c 的 reset() 第 86 行，物件： data/room/moyin/qianting
呼叫来自：inherit/room/room.c 的 make_inventory() 第 25 行，物件： data/room/moyin/qianting

执行时段错误：*Error in loading object '/d/wudu/npc/qiandu3'

程式：inherit/room/room.c 第 24 行
物件：/d/wudu/qiandu2
呼叫来自：inherit/room/room.c 的 reset() 第 86 行，物件： d/wudu/qiandu2
呼叫来自：inherit/room/room.c 的 make_inventory() 第 24 行，物件： d/wudu/qiandu2

执行时段错误：*Error in loading object '/d/mingjiao/npc/tangyang'

程式：inherit/room/room.c 第 24 行
物件：/d/mingjiao/hsqdating
呼叫来自：inherit/room/room.c 的 reset() 第 86 行，物件： d/mingjiao/hsqdating
呼叫来自：inherit/room/room.c 的 make_inventory() 第 24 行，物件： d/mingjiao/hsqdating

执行时段错误：*Bad argument 1 to call_other()
Expected: string or array or object Got: 0.

程式：inherit/room/room.c 第 25 行
物件：/data/room/tyz000/qianting
呼叫来自：inherit/room/room.c 的 reset() 第 86 行，物件： data/room/tyz000/qianting
呼叫来自：inherit/room/room.c 的 make_inventory() 第 25 行，物件： data/room/tyz000/qianting

执行时段错误：*Bad argument 1 to call_other()
Expected: string or array or object Got: 0.

程式：inherit/room/room.c 第 25 行
物件：/data/room/w2544460429/qianting
呼叫来自：inherit/room/room.c 的 reset() 第 86 行，物件： data/room/w2544460429/qianting
呼叫来自：inherit/room/room.c 的 make_inventory() 第 25 行，物件： data/room/w2544460429/qianting

执行时段错误：*Bad argument 1 to call_other()
Expected: string or array or object Got: 0.

程式：inherit/room/room.c 第 25 行
物件：/data/room/adawong/qianting
呼叫来自：inherit/room/room.c 的 reset() 第 86 行，物件： data/room/adawong/qianting
呼叫来自：inherit/room/room.c 的 make_inventory() 第 25 行，物件： data/room/adawong/qianting

执行时段错误：*Bad argument 1 to call_other()
Expected: string or array or object Got: 0.

程式：inherit/room/room.c 第 25 行
物件：/data/room/pxdaye/qianting
呼叫来自：inherit/room/room.c 的 reset() 第 86 行，物件： data/room/pxdaye/qianting
呼叫来自：inherit/room/room.c 的 make_inventory() 第 25 行，物件： data/room/pxdaye/qianting

执行时段错误：*Bad argument 1 to call_other()
Expected: string or array or object Got: 0.

程式：inherit/room/room.c 第 25 行
物件：/d/luoyang/shuoshu
呼叫来自：inherit/room/room.c 的 reset() 第 86 行，物件： d/luoyang/shuoshu
呼叫来自：inherit/room/room.c 的 make_inventory() 第 25 行，物件： d/luoyang/shuoshu

执行时段错误：*Bad argument 1 to call_other()
Expected: string or array or object Got: 0.

程式：inherit/room/room.c 第 25 行
物件：/data/room/hubert/qianting
呼叫来自：inherit/room/room.c 的 reset() 第 86 行，物件： data/room/hubert/qianting
呼叫来自：inherit/room/room.c 的 make_inventory() 第 25 行，物件： data/room/hubert/qianting

执行时段错误：*Bad argument 1 to call_other()
Expected: string or array or object Got: 0.

程式：feature/dbase.c 第 93 行
物件：/clone/user/user
呼叫来自：clone/user/user.c 的 reset() 第 86 行，物件： clone/user/user ("使用者物件")
呼叫来自：feature/dbase.c 的 add() 第 93 行，物件： clone/user/user ("使用者物件")

执行时段错误：*Bad argument 1 to call_other()
Expected: string or array or object Got: 0.

程式：adm/daemons/punishd.c 第 161 行
物件：/adm/daemons/punishd
呼叫来自：adm/daemons/punishd.c 的 monitor() 第 148 行，物件： adm/daemons/punishd
呼叫来自：adm/daemons/punishd.c 的 family_punish() 第 162 行，物件： adm/daemons/punishd
呼叫来自：<function> 的 <function>() 第 0 行，物件： adm/daemons/punishd
呼叫来自：adm/daemons/punishd.c 的 <function>() 第 161 行，物件： adm/daemons/punishd
object /adm/daemons/channeld: eval_cost too big 2000000

执行时段错误：*Too long evaluation. Execution aborted.

程式：adm/daemons/channeld.c 第 227 行
物件：/adm/daemons/channeld
呼叫来自：feature/command.c 的 command_hook() 第 87 行，物件： clone/user/user#76592 ("慕容南辰")
呼叫来自：adm/daemons/channeld.c 的 do_channel() 第 227 行，物件： adm/daemons/channeld
object /clone/user/user#9825: eval_cost too big 2000000

执行时段错误：*Too long evaluation. Execution aborted.

程式：feature/skill.c 第 330 行
物件：/clone/user/user#9825
呼叫来自：feature/command.c 的 command_hook() 第 77 行，物件： clone/user/user#9825 ("懒兔浩然")
呼叫来自：cmds/skill/research.c 的 main() 第 211 行，物件： cmds/skill/research
呼叫来自：feature/skill.c 的 improve_skill() 第 330 行，物件： clone/user/user#9825 ("懒兔浩然")

执行时段错误：*Bad argument 1 to call_other()
Expected: string or array or object Got: 0.

程式：adm/daemons/punishd.c 第 161 行
物件：/adm/daemons/punishd
呼叫来自：adm/daemons/punishd.c 的 monitor() 第 148 行，物件： adm/daemons/punishd
呼叫来自：adm/daemons/punishd.c 的 family_punish() 第 162 行，物件： adm/daemons/punishd
呼叫来自：<function> 的 <function>() 第 0 行，物件： adm/daemons/punishd
呼叫来自：adm/daemons/punishd.c 的 <function>() 第 161 行，物件： adm/daemons/punishd
object /clone/user/user#9825: eval_cost too big 2000000

执行时段错误：*Too long evaluation. Execution aborted.

程式：feature/dbase.c 第 107 行
物件：/clone/user/user#9825
呼叫来自：feature/command.c 的 command_hook() 第 77 行，物件： clone/user/user#9825 ("懒兔浩然")
呼叫来自：cmds/skill/research.c 的 main() 第 212 行，物件： cmds/skill/research
呼叫来自：feature/dbase.c 的 add() 第 107 行，物件： clone/user/user#9825 ("懒兔浩然")
object /clone/user/user#9825: eval_cost too big 2000000

执行时段错误：*Too long evaluation. Execution aborted.

程式：feature/skill.c 第 369 行
物件：/clone/user/user#9825
呼叫来自：feature/command.c 的 command_hook() 第 77 行，物件： clone/user/user#9825 ("懒兔浩然")
呼叫来自：cmds/skill/research.c 的 main() 第 208 行，物件： cmds/skill/research
呼叫来自：feature/skill.c 的 improve_skill() 第 369 行，物件： clone/user/user#9825 ("懒兔浩然")

执行时段错误：*call_other() couldn't find object

程式：adm/daemons/npcd.c 第 421 行
物件：/adm/daemons/npcd
呼叫来自：inherit/char/char.c 的 heart_beat() 第 133 行，物件： clone/npc/walker#1375 ("关弗")
呼叫来自：inherit/char/npc.c 的 scan() 第 299 行，物件： clone/npc/walker#1375 ("关弗")
呼叫来自：inherit/char/npc.c 的 chat() 第 377 行，物件： clone/npc/walker#1375 ("关弗")
呼叫来自：<function> 的 <function>() 第 0 行，物件： clone/npc/walker#1375 ("关弗")
呼叫来自：clone/npc/walker.c 的 <function>() 第 27 行，物件： clone/npc/walker#1375 ("关弗")
呼叫来自：adm/daemons/npcd.c 的 random_move() 第 421 行，物件： adm/daemons/npcd
Heart beat in clone/npc/walker#1375 turned off.

执行时段错误：*Value being indexed is zero.

程式：clone/quest/search.c 第 91 行
物件：/clone/quest/search#78282
呼叫来自：adm/daemons/quest/search.c 的 heart_beat() 第 66 行，物件： adm/daemons/quest/search
呼叫来自：adm/daemons/quest/search.c 的 start_quest() 第 53 行，物件： adm/daemons/quest/search
呼叫来自：clone/quest/search.c 的 init_quest() 第 91 行，物件： clone/quest/search#78282 ("围攻0")
Heart beat in adm/daemons/quest/search turned off.

执行时段错误：*Bad argument 1 to call_other()
Expected: string or array or object Got: 0.

程式：adm/daemons/punishd.c 第 161 行
物件：/adm/daemons/punishd
呼叫来自：adm/daemons/punishd.c 的 monitor() 第 148 行，物件： adm/daemons/punishd
呼叫来自：adm/daemons/punishd.c 的 family_punish() 第 162 行，物件： adm/daemons/punishd
呼叫来自：<function> 的 <function>() 第 0 行，物件： adm/daemons/punishd
呼叫来自：adm/daemons/punishd.c 的 <function>() 第 161 行，物件： adm/daemons/punishd
object /clone/user/user#9825: eval_cost too big 2000000

执行时段错误：*Too long evaluation. Execution aborted.

程式：feature/dbase.c 第 27 行
物件：/clone/user/user#9825
呼叫来自：feature/command.c 的 command_hook() 第 77 行，物件： clone/user/user#9825 ("懒兔浩然")
呼叫来自：cmds/skill/research.c 的 main() 第 212 行，物件： cmds/skill/research
呼叫来自：feature/dbase.c 的 add() 第 107 行，物件： clone/user/user#9825 ("懒兔浩然")
呼叫来自：clone/user/user.c 的 set() 第 131 行，物件： clone/user/user#9825 ("懒兔浩然")
呼叫来自：feature/dbase.c 的 set() 第 27 行，物件： clone/user/user#9825 ("懒兔浩然")

执行时段错误：*Bad argument 1 to call_other()
Expected: string or array or object Got: 0.

程式：adm/daemons/punishd.c 第 161 行
物件：/adm/daemons/punishd
呼叫来自：adm/daemons/punishd.c 的 monitor() 第 148 行，物件： adm/daemons/punishd
呼叫来自：adm/daemons/punishd.c 的 family_punish() 第 162 行，物件： adm/daemons/punishd
呼叫来自：<function> 的 <function>() 第 0 行，物件： adm/daemons/punishd
呼叫来自：adm/daemons/punishd.c 的 <function>() 第 161 行，物件： adm/daemons/punishd
object /clone/user/user#9825: eval_cost too big 2000000

执行时段错误：*Too long evaluation. Execution aborted.

程式：feature/skill.c 第 335 行
物件：/clone/user/user#9825
呼叫来自：feature/command.c 的 command_hook() 第 77 行，物件： clone/user/user#9825 ("懒兔浩然")
呼叫来自：cmds/skill/research.c 的 main() 第 211 行，物件： cmds/skill/research
呼叫来自：feature/skill.c 的 improve_skill() 第 335 行，物件： clone/user/user#9825 ("懒兔浩然")
object /clone/user/user#9825: eval_cost too big 2000000

执行时段错误：*Too long evaluation. Execution aborted.

程式：feature/skill.c 第 345 行
物件：/clone/user/user#9825
呼叫来自：feature/command.c 的 command_hook() 第 77 行，物件： clone/user/user#9825 ("懒兔浩然")
呼叫来自：cmds/skill/research.c 的 main() 第 211 行，物件： cmds/skill/research
呼叫来自：feature/skill.c 的 improve_skill() 第 345 行，物件： clone/user/user#9825 ("懒兔浩然")
object /clone/kuang/ls/ls3#77997: eval_cost too big 2000000

执行时段错误：*Too long evaluation. Execution aborted.

程式：feature/name.c 第 42 行
物件：/clone/kuang/ls/ls3#77997
呼叫来自：feature/command.c 的 command_hook() 第 77 行，物件： clone/user/user#76592 ("慕容南辰")
呼叫来自：cmds/std/kill.c 的 main() 第 22 行，物件： cmds/std/kill
呼叫来自：adm/single/simul_efun.c 的 present() 第 119 行，物件： adm/single/simul_efun
呼叫来自：feature/name.c 的 id() 第 42 行，物件： clone/kuang/ls/ls3#77997 ("灵石")
object /clone/kuang/ls/ls2#77727: eval_cost too big 2000000

执行时段错误：*Too long evaluation. Execution aborted.

程式：feature/name.c 第 46 行
物件：/clone/kuang/ls/ls2#77727
呼叫来自：feature/command.c 的 command_hook() 第 77 行，物件： clone/user/user#76592 ("慕容南辰")
呼叫来自：cmds/std/kill.c 的 main() 第 22 行，物件： cmds/std/kill
呼叫来自：adm/single/simul_efun.c 的 present() 第 119 行，物件： adm/single/simul_efun
呼叫来自：feature/name.c 的 id() 第 46 行，物件： clone/kuang/ls/ls2#77727 ("灵石")

执行时段错误：*Bad argument 1 to call_other()
Expected: string or array or object Got: 0.

程式：adm/daemons/punishd.c 第 161 行
物件：/adm/daemons/punishd
呼叫来自：adm/daemons/punishd.c 的 monitor() 第 148 行，物件： adm/daemons/punishd
呼叫来自：adm/daemons/punishd.c 的 family_punish() 第 162 行，物件： adm/daemons/punishd
呼叫来自：<function> 的 <function>() 第 0 行，物件： adm/daemons/punishd
呼叫来自：adm/daemons/punishd.c 的 <function>() 第 161 行，物件： adm/daemons/punishd

执行时段错误：*Error in loading object '/d/mingjiao/npc/yanyuan'

程式：inherit/room/room.c 第 24 行
物件：/d/mingjiao/htqdating
呼叫来自：inherit/room/room.c 的 reset() 第 86 行，物件： d/mingjiao/htqdating
呼叫来自：inherit/room/room.c 的 make_inventory() 第 24 行，物件： d/mingjiao/htqdating

执行时段错误：*Bad argument 1 to call_other()
Expected: string or array or object Got: 0.

程式：feature/dbase.c 第 93 行
物件：/clone/user/user#34698
呼叫来自：clone/user/user.c 的 reset() 第 86 行，物件： clone/user/user#34698 ("慕容秋荻")
呼叫来自：feature/dbase.c 的 add() 第 93 行，物件： clone/user/user#34698 ("慕容秋荻")

执行时段错误：*Error in loading object '/d/mingjiao/npc/wujincao'

程式：inherit/room/room.c 第 24 行
物件：/d/mingjiao/rjqlwch
呼叫来自：inherit/room/room.c 的 reset() 第 86 行，物件： d/mingjiao/rjqlwch
呼叫来自：inherit/room/room.c 的 make_inventory() 第 24 行，物件： d/mingjiao/rjqlwch

执行时段错误：*Bad argument 1 to call_other()
Expected: string or array or object Got: 0.

程式：inherit/room/room.c 第 25 行
物件：/data/room/liu12345/qianting
呼叫来自：inherit/room/room.c 的 reset() 第 86 行，物件： data/room/liu12345/qianting
呼叫来自：inherit/room/room.c 的 make_inventory() 第 25 行，物件： data/room/liu12345/qianting

执行时段错误：*Bad argument 1 to call_other()
Expected: string or array or object Got: 0.

程式：inherit/room/room.c 第 25 行
物件：/data/room/obh1234/qianting
呼叫来自：inherit/room/room.c 的 reset() 第 86 行，物件： data/room/obh1234/qianting
呼叫来自：inherit/room/room.c 的 make_inventory() 第 25 行，物件： data/room/obh1234/qianting

执行时段错误：*Bad argument 1 to call_other()
Expected: string or array or object Got: 0.

程式：inherit/room/room.c 第 25 行
物件：/data/room/moyin/qianting
呼叫来自：inherit/room/room.c 的 reset() 第 86 行，物件： data/room/moyin/qianting
呼叫来自：inherit/room/room.c 的 make_inventory() 第 25 行，物件： data/room/moyin/qianting

执行时段错误：*Error in loading object '/kungfu/class/sky/obj/shenjiu'

程式：inherit/char/npc.c 第 17 行
物件：/d/luoyang/npc/libai#78791
呼叫来自：inherit/room/room.c 的 reset() 第 86 行，物件： d/luoyang/zuixianlou4
呼叫来自：inherit/room/room.c 的 make_inventory() 第 24 行，物件： d/luoyang/zuixianlou4
呼叫来自：d/luoyang/npc/libai.c 的 create() 第 64 行，物件： d/luoyang/npc/libai#78791 ("李白")
呼叫来自：inherit/char/npc.c 的 carry_object() 第 17 行，物件： d/luoyang/npc/libai#78791 ("李白")

执行时段错误：*Bad argument 1 to call_other()
Expected: string or array or object Got: 0.

程式：inherit/room/room.c 第 25 行
物件：/data/room/w2544460429/qianting
呼叫来自：inherit/room/room.c 的 reset() 第 86 行，物件： data/room/w2544460429/qianting
呼叫来自：inherit/room/room.c 的 make_inventory() 第 25 行，物件： data/room/w2544460429/qianting

执行时段错误：*Bad argument 1 to call_other()
Expected: string or array or object Got: 0.

程式：inherit/room/room.c 第 25 行
物件：/data/room/yixingbu/qianting
呼叫来自：inherit/room/room.c 的 reset() 第 86 行，物件： data/room/yixingbu/qianting
呼叫来自：inherit/room/room.c 的 make_inventory() 第 25 行，物件： data/room/yixingbu/qianting

执行时段错误：*Bad argument 1 to call_other()
Expected: string or array or object Got: 0.

程式：inherit/room/room.c 第 25 行
物件：/data/room/qazzaq/qianting
呼叫来自：inherit/room/room.c 的 reset() 第 86 行，物件： data/room/qazzaq/qianting
呼叫来自：inherit/room/room.c 的 make_inventory() 第 25 行，物件： data/room/qazzaq/qianting

执行时段错误：*Bad argument 1 to call_other()
Expected: string or array or object Got: 0.

程式：inherit/room/room.c 第 25 行
物件：/data/room/pxhaha/qianting
呼叫来自：inherit/room/room.c 的 reset() 第 86 行，物件： data/room/pxhaha/qianting
呼叫来自：inherit/room/room.c 的 make_inventory() 第 25 行，物件： data/room/pxhaha/qianting

执行时段错误：*Bad argument 1 to call_other()
Expected: string or array or object Got: 0.

程式：inherit/room/room.c 第 25 行
物件：/data/room/pxdaye/qianting
呼叫来自：inherit/room/room.c 的 reset() 第 86 行，物件： data/room/pxdaye/qianting
呼叫来自：inherit/room/room.c 的 make_inventory() 第 25 行，物件： data/room/pxdaye/qianting

执行时段错误：*Bad argument 1 to call_other()
Expected: string or array or object Got: 0.

程式：inherit/room/room.c 第 25 行
物件：/d/luoyang/shuoshu
呼叫来自：inherit/room/room.c 的 reset() 第 86 行，物件： d/luoyang/shuoshu
呼叫来自：inherit/room/room.c 的 make_inventory() 第 25 行，物件： d/luoyang/shuoshu

执行时段错误：*Bad argument 1 to call_other()
Expected: string or array or object Got: 0.

程式：inherit/room/room.c 第 25 行
物件：/data/room/hubert/qianting
呼叫来自：inherit/room/room.c 的 reset() 第 86 行，物件： data/room/hubert/qianting
呼叫来自：inherit/room/room.c 的 make_inventory() 第 25 行，物件： data/room/hubert/qianting

执行时段错误：*Bad argument 1 to call_other()
Expected: string or array or object Got: 0.

程式：feature/dbase.c 第 93 行
物件：/clone/user/user
呼叫来自：clone/user/user.c 的 reset() 第 86 行，物件： clone/user/user ("使用者物件")
呼叫来自：feature/dbase.c 的 add() 第 93 行，物件： clone/user/user ("使用者物件")
object /clone/user/user#9825: eval_cost too big 2000000

执行时段错误：*Too long evaluation. Execution aborted.

程式：feature/dbase.c 第 87 行
物件：/clone/user/user#9825
呼叫来自：feature/command.c 的 command_hook() 第 77 行，物件： clone/user/user#9825 ("懒兔浩然")
呼叫来自：cmds/skill/research.c 的 main() 第 212 行，物件： cmds/skill/research
呼叫来自：feature/dbase.c 的 add() 第 87 行，物件： clone/user/user#9825 ("懒兔浩然")

执行时段错误：*Bad argument 1 to call_other()
Expected: string or array or object Got: 0.

程式：adm/daemons/punishd.c 第 161 行
物件：/adm/daemons/punishd
呼叫来自：adm/daemons/punishd.c 的 monitor() 第 148 行，物件： adm/daemons/punishd
呼叫来自：adm/daemons/punishd.c 的 family_punish() 第 162 行，物件： adm/daemons/punishd
呼叫来自：<function> 的 <function>() 第 0 行，物件： adm/daemons/punishd
呼叫来自：adm/daemons/punishd.c 的 <function>() 第 161 行，物件： adm/daemons/punishd
object /clone/user/user#9825: eval_cost too big 2000000

执行时段错误：*Too long evaluation. Execution aborted.

程式：feature/skill.c 第 345 行
物件：/clone/user/user#9825
呼叫来自：feature/command.c 的 command_hook() 第 77 行，物件： clone/user/user#9825 ("懒兔浩然")
呼叫来自：cmds/skill/research.c 的 main() 第 211 行，物件： cmds/skill/research
呼叫来自：feature/skill.c 的 improve_skill() 第 345 行，物件： clone/user/user#9825 ("懒兔浩然")

执行时段错误：*Bad argument 1 to call_other()
Expected: string or array or object Got: 0.

程式：adm/daemons/punishd.c 第 161 行
物件：/adm/daemons/punishd
呼叫来自：adm/daemons/punishd.c 的 monitor() 第 148 行，物件： adm/daemons/punishd
呼叫来自：adm/daemons/punishd.c 的 family_punish() 第 162 行，物件： adm/daemons/punishd
呼叫来自：<function> 的 <function>() 第 0 行，物件： adm/daemons/punishd
呼叫来自：adm/daemons/punishd.c 的 <function>() 第 161 行，物件： adm/daemons/punishd

执行时段错误：*Value being indexed is zero.

程式：clone/quest/search.c 第 91 行
物件：/clone/quest/search#79616
呼叫来自：adm/daemons/quest/search.c 的 heart_beat() 第 66 行，物件： adm/daemons/quest/search
呼叫来自：adm/daemons/quest/search.c 的 start_quest() 第 53 行，物件： adm/daemons/quest/search
呼叫来自：clone/quest/search.c 的 init_quest() 第 91 行，物件： clone/quest/search#79616 ("围攻0")
Heart beat in adm/daemons/quest/search turned off.

执行时段错误：*Bad argument 1 to call_other()
Expected: string or array or object Got: 0.

程式：adm/daemons/punishd.c 第 161 行
物件：/adm/daemons/punishd
呼叫来自：adm/daemons/punishd.c 的 monitor() 第 148 行，物件： adm/daemons/punishd
呼叫来自：adm/daemons/punishd.c 的 family_punish() 第 162 行，物件： adm/daemons/punishd
呼叫来自：<function> 的 <function>() 第 0 行，物件： adm/daemons/punishd
呼叫来自：adm/daemons/punishd.c 的 <function>() 第 161 行，物件： adm/daemons/punishd
object /clone/user/user#34698: eval_cost too big 2000000

执行时段错误：*Too long evaluation. Execution aborted.

程式：inherit/char/char.c 第 227 行
物件：/clone/user/user#34698
呼叫来自：feature/command.c 的 command_hook() 第 77 行，物件： clone/user/user#34698 ("慕容秋荻")
呼叫来自：cmds/std/give.c 的 main() 第 48 行，物件： cmds/std/give
呼叫来自：adm/single/simul_efun.c 的 present() 第 119 行，物件： adm/single/simul_efun
呼叫来自：feature/name.c 的 id() 第 44 行，物件： clone/user/user#3137 ("东方影")
呼叫来自：inherit/char/char.c 的 visible() 第 227 行，物件： clone/user/user#34698 ("慕容秋荻")
object /clone/user/user#9825: eval_cost too big 2000000

执行时段错误：*Too long evaluation. Execution aborted.

程式：feature/skill.c 第 369 行
物件：/clone/user/user#9825
呼叫来自：feature/command.c 的 command_hook() 第 77 行，物件： clone/user/user#9825 ("懒兔浩然")
呼叫来自：cmds/skill/research.c 的 main() 第 211 行，物件： cmds/skill/research
呼叫来自：feature/skill.c 的 improve_skill() 第 369 行，物件： clone/user/user#9825 ("懒兔浩然")

执行时段错误：*call_other() couldn't find object

程式：adm/daemons/npcd.c 第 421 行
物件：/adm/daemons/npcd
呼叫来自：inherit/char/char.c 的 heart_beat() 第 133 行，物件： kungfu/class/generate/killed#79627 ("独孤昊鸯")
呼叫来自：inherit/char/npc.c 的 scan() 第 299 行，物件： kungfu/class/generate/killed#79627 ("独孤昊鸯")
呼叫来自：inherit/char/npc.c 的 chat() 第 377 行，物件： kungfu/class/generate/killed#79627 ("独孤昊鸯")
呼叫来自：<function> 的 <function>() 第 0 行，物件： kungfu/class/generate/killed#79627 ("独孤昊鸯")
呼叫来自：kungfu/class/generate/killed.c 的 random_move() 第 664 行，物件： kungfu/class/generate/killed#79627 ("独孤昊鸯")
呼叫来自：adm/daemons/npcd.c 的 random_move() 第 421 行，物件： adm/daemons/npcd
Heart beat in kungfu/class/generate/killed#79627 turned off.

执行时段错误：*Bad argument 1 to call_other()
Expected: string or array or object Got: 0.

程式：adm/daemons/punishd.c 第 161 行
物件：/adm/daemons/punishd
呼叫来自：adm/daemons/punishd.c 的 monitor() 第 148 行，物件： adm/daemons/punishd
呼叫来自：adm/daemons/punishd.c 的 family_punish() 第 162 行，物件： adm/daemons/punishd
呼叫来自：<function> 的 <function>() 第 0 行，物件： adm/daemons/punishd
呼叫来自：adm/daemons/punishd.c 的 <function>() 第 161 行，物件： adm/daemons/punishd
object /clone/user/user#9825: eval_cost too big 2000000

执行时段错误：*Too long evaluation. Execution aborted.

程式：feature/skill.c 第 330 行
物件：/clone/user/user#9825
呼叫来自：feature/command.c 的 command_hook() 第 77 行，物件： clone/user/user#9825 ("懒兔浩然")
呼叫来自：cmds/skill/research.c 的 main() 第 211 行，物件： cmds/skill/research
呼叫来自：feature/skill.c 的 improve_skill() 第 330 行，物件： clone/user/user#9825 ("懒兔浩然")

执行时段错误：*Error in loading object '/d/mingjiao/npc/yanyuan'

程式：inherit/room/room.c 第 24 行
物件：/d/mingjiao/htqdating
呼叫来自：inherit/room/room.c 的 reset() 第 86 行，物件： d/mingjiao/htqdating
呼叫来自：inherit/room/room.c 的 make_inventory() 第 24 行，物件： d/mingjiao/htqdating

执行时段错误：*Bad argument 1 to call_other()
Expected: string or array or object Got: 0.

程式：feature/skill.c 第 376 行
物件：/clone/user/user#39822
呼叫来自：clone/user/user.c 的 reset() 第 102 行，物件： clone/user/user#39822 ("段惜花")
呼叫来自：feature/skill.c 的 improve_skill() 第 376 行，物件： clone/user/user#39822 ("段惜花")

执行时段错误：*Bad argument 1 to call_other()
Expected: string or array or object Got: 0.

程式：inherit/room/room.c 第 25 行
物件：/data/room/obh1234/qianting
呼叫来自：inherit/room/room.c 的 reset() 第 86 行，物件： data/room/obh1234/qianting
呼叫来自：inherit/room/room.c 的 make_inventory() 第 25 行，物件： data/room/obh1234/qianting

执行时段错误：*Inherited file '/inherit/char/lang2' does not exist!

程式：inherit/room/room.c 第 24 行
物件：/d/wudu/langwo
呼叫来自：inherit/room/room.c 的 reset() 第 86 行，物件： d/wudu/langwo
呼叫来自：inherit/room/room.c 的 make_inventory() 第 24 行，物件： d/wudu/langwo

执行时段错误：*Bad argument 1 to call_other()
Expected: string or array or object Got: 0.

程式：inherit/room/room.c 第 25 行
物件：/data/room/yxsyyr1/qianting
呼叫来自：inherit/room/room.c 的 reset() 第 86 行，物件： data/room/yxsyyr1/qianting
呼叫来自：inherit/room/room.c 的 make_inventory() 第 25 行，物件： data/room/yxsyyr1/qianting

执行时段错误：*Error in loading object '/d/wudu/npc/qiandu3'

程式：inherit/room/room.c 第 24 行
物件：/d/wudu/qiandu2
呼叫来自：inherit/room/room.c 的 reset() 第 86 行，物件： d/wudu/qiandu2
呼叫来自：inherit/room/room.c 的 make_inventory() 第 24 行，物件： d/wudu/qiandu2

执行时段错误：*Error in loading object '/d/mingjiao/npc/tangyang'

程式：inherit/room/room.c 第 24 行
物件：/d/mingjiao/hsqdating
呼叫来自：inherit/room/room.c 的 reset() 第 86 行，物件： d/mingjiao/hsqdating
呼叫来自：inherit/room/room.c 的 make_inventory() 第 24 行，物件： d/mingjiao/hsqdating

执行时段错误：*Bad argument 1 to call_other()
Expected: string or array or object Got: 0.

程式：inherit/room/room.c 第 25 行
物件：/data/room/tyz000/qianting
呼叫来自：inherit/room/room.c 的 reset() 第 86 行，物件： data/room/tyz000/qianting
呼叫来自：inherit/room/room.c 的 make_inventory() 第 25 行，物件： data/room/tyz000/qianting

执行时段错误：*Error in loading object '/kungfu/class/sky/obj/shenjiu'

程式：inherit/char/npc.c 第 17 行
物件：/d/luoyang/npc/libai#80070
呼叫来自：inherit/room/room.c 的 reset() 第 86 行，物件： d/luoyang/zuixianlou4
呼叫来自：inherit/room/room.c 的 make_inventory() 第 24 行，物件： d/luoyang/zuixianlou4
呼叫来自：d/luoyang/npc/libai.c 的 create() 第 64 行，物件： d/luoyang/npc/libai#80070 ("李白")
呼叫来自：inherit/char/npc.c 的 carry_object() 第 17 行，物件： d/luoyang/npc/libai#80070 ("李白")

执行时段错误：*Bad argument 1 to call_other()
Expected: string or array or object Got: 0.

程式：inherit/room/room.c 第 25 行
物件：/data/room/w2544460429/qianting
呼叫来自：inherit/room/room.c 的 reset() 第 86 行，物件： data/room/w2544460429/qianting
呼叫来自：inherit/room/room.c 的 make_inventory() 第 25 行，物件： data/room/w2544460429/qianting

执行时段错误：*Bad argument 1 to call_other()
Expected: string or array or object Got: 0.

程式：inherit/room/room.c 第 25 行
物件：/data/room/yixingbu/qianting
呼叫来自：inherit/room/room.c 的 reset() 第 86 行，物件： data/room/yixingbu/qianting
呼叫来自：inherit/room/room.c 的 make_inventory() 第 25 行，物件： data/room/yixingbu/qianting

执行时段错误：*Bad argument 1 to call_other()
Expected: string or array or object Got: 0.

程式：inherit/room/room.c 第 25 行
物件：/data/room/adawong/qianting
呼叫来自：inherit/room/room.c 的 reset() 第 86 行，物件： data/room/adawong/qianting
呼叫来自：inherit/room/room.c 的 make_inventory() 第 25 行，物件： data/room/adawong/qianting

执行时段错误：*Bad argument 1 to call_other()
Expected: string or array or object Got: 0.

程式：inherit/room/room.c 第 25 行
物件：/data/room/pxhaha/qianting
呼叫来自：inherit/room/room.c 的 reset() 第 86 行，物件： data/room/pxhaha/qianting
呼叫来自：inherit/room/room.c 的 make_inventory() 第 25 行，物件： data/room/pxhaha/qianting

执行时段错误：*Bad argument 1 to call_other()
Expected: string or array or object Got: 0.

程式：inherit/room/room.c 第 25 行
物件：/d/luoyang/shuoshu
呼叫来自：inherit/room/room.c 的 reset() 第 86 行，物件： d/luoyang/shuoshu
呼叫来自：inherit/room/room.c 的 make_inventory() 第 25 行，物件： d/luoyang/shuoshu
object /clone/user/user#9825: eval_cost too big 2000000

执行时段错误：*Too long evaluation. Execution aborted.

程式：feature/skill.c 第 369 行
物件：/clone/user/user#9825
呼叫来自：feature/command.c 的 command_hook() 第 77 行，物件： clone/user/user#9825 ("懒兔浩然")
呼叫来自：cmds/skill/research.c 的 main() 第 211 行，物件： cmds/skill/research
呼叫来自：feature/skill.c 的 improve_skill() 第 369 行，物件： clone/user/user#9825 ("懒兔浩然")
object /clone/user/user#9825: eval_cost too big 2000000

执行时段错误：*Too long evaluation. Execution aborted.

程式：feature/dbase.c 第 38 行
物件：/clone/user/user#9825
呼叫来自：feature/command.c 的 command_hook() 第 77 行，物件： clone/user/user#9825 ("懒兔浩然")
呼叫来自：cmds/skill/research.c 的 main() 第 212 行，物件： cmds/skill/research
呼叫来自：feature/dbase.c 的 add() 第 107 行，物件： clone/user/user#9825 ("懒兔浩然")
呼叫来自：clone/user/user.c 的 set() 第 131 行，物件： clone/user/user#9825 ("懒兔浩然")
呼叫来自：feature/dbase.c 的 set() 第 38 行，物件： clone/user/user#9825 ("懒兔浩然")

执行时段错误：*Bad argument 1 to call_other()
Expected: string or array or object Got: 0.

程式：adm/daemons/punishd.c 第 161 行
物件：/adm/daemons/punishd
呼叫来自：adm/daemons/punishd.c 的 monitor() 第 148 行，物件： adm/daemons/punishd
呼叫来自：adm/daemons/punishd.c 的 family_punish() 第 162 行，物件： adm/daemons/punishd
呼叫来自：<function> 的 <function>() 第 0 行，物件： adm/daemons/punishd
呼叫来自：adm/daemons/punishd.c 的 <function>() 第 161 行，物件： adm/daemons/punishd
object /clone/user/user#9825: eval_cost too big 2000000

执行时段错误：*Too long evaluation. Execution aborted.

程式：feature/dbase.c 第 52 行
物件：/clone/user/user#9825
呼叫来自：feature/command.c 的 command_hook() 第 77 行，物件： clone/user/user#9825 ("懒兔浩然")
呼叫来自：cmds/skill/research.c 的 main() 第 209 行，物件： cmds/skill/research
呼叫来自：feature/dbase.c 的 add() 第 101 行，物件： clone/user/user#9825 ("懒兔浩然")
呼叫来自：feature/dbase.c 的 query() 第 52 行，物件： clone/user/user#9825 ("懒兔浩然")
object /clone/user/user#9825: eval_cost too big 2000000

执行时段错误：*Too long evaluation. Execution aborted.

程式：feature/skill.c 第 369 行
物件：/clone/user/user#9825
呼叫来自：feature/command.c 的 command_hook() 第 77 行，物件： clone/user/user#9825 ("懒兔浩然")
呼叫来自：cmds/skill/research.c 的 main() 第 211 行，物件： cmds/skill/research
呼叫来自：feature/skill.c 的 improve_skill() 第 369 行，物件： clone/user/user#9825 ("懒兔浩然")
object /clone/user/user#9825: eval_cost too big 2000000

执行时段错误：*Too long evaluation. Execution aborted.

程式：feature/skill.c 第 343 行
物件：/clone/user/user#9825
呼叫来自：feature/command.c 的 command_hook() 第 77 行，物件： clone/user/user#9825 ("懒兔浩然")
呼叫来自：cmds/skill/research.c 的 main() 第 211 行，物件： cmds/skill/research
呼叫来自：feature/skill.c 的 improve_skill() 第 343 行，物件： clone/user/user#9825 ("懒兔浩然")
错误讯息被拦截：
执行时段错误：*Error in loading object '/adm/daemons/story/labazhou'

程式：adm/daemons/storyd.c 第 131 行
物件：/adm/daemons/storyd
呼叫来自：adm/daemons/storyd.c 的 start_story() 第 131 行，物件： adm/daemons/storyd
呼叫来自：adm/daemons/storyd.c 的 CATCH() 第 131 行，物件： adm/daemons/storyd

执行时段错误：*Bad argument 1 to call_other()
Expected: string or array or object Got: 0.

程式：adm/daemons/punishd.c 第 161 行
物件：/adm/daemons/punishd
呼叫来自：adm/daemons/punishd.c 的 monitor() 第 148 行，物件： adm/daemons/punishd
呼叫来自：adm/daemons/punishd.c 的 family_punish() 第 162 行，物件： adm/daemons/punishd
呼叫来自：<function> 的 <function>() 第 0 行，物件： adm/daemons/punishd
呼叫来自：adm/daemons/punishd.c 的 <function>() 第 161 行，物件： adm/daemons/punishd

执行时段错误：*Value being indexed is zero.

程式：clone/quest/search.c 第 91 行
物件：/clone/quest/search#80722
呼叫来自：adm/daemons/quest/search.c 的 heart_beat() 第 66 行，物件： adm/daemons/quest/search
呼叫来自：adm/daemons/quest/search.c 的 start_quest() 第 53 行，物件： adm/daemons/quest/search
呼叫来自：clone/quest/search.c 的 init_quest() 第 91 行，物件： clone/quest/search#80722 ("围攻0")
Heart beat in adm/daemons/quest/search turned off.
object /clone/user/user#9825: eval_cost too big 2000000

执行时段错误：*Too long evaluation. Execution aborted.

程式：feature/dbase.c 第 55 行
物件：/clone/user/user#9825
呼叫来自：feature/command.c 的 command_hook() 第 77 行，物件： clone/user/user#9825 ("懒兔浩然")
呼叫来自：cmds/skill/research.c 的 main() 第 212 行，物件： cmds/skill/research
呼叫来自：feature/dbase.c 的 add() 第 101 行，物件： clone/user/user#9825 ("懒兔浩然")
呼叫来自：feature/dbase.c 的 query() 第 55 行，物件： clone/user/user#9825 ("懒兔浩然")

执行时段错误：*Bad argument 1 to call_other()
Expected: string or array or object Got: 0.

程式：adm/daemons/punishd.c 第 161 行
物件：/adm/daemons/punishd
呼叫来自：adm/daemons/punishd.c 的 monitor() 第 148 行，物件： adm/daemons/punishd
呼叫来自：adm/daemons/punishd.c 的 family_punish() 第 162 行，物件： adm/daemons/punishd
呼叫来自：<function> 的 <function>() 第 0 行，物件： adm/daemons/punishd
呼叫来自：adm/daemons/punishd.c 的 <function>() 第 161 行，物件： adm/daemons/punishd
object /clone/user/user#9825: eval_cost too big 2000000

执行时段错误：*Too long evaluation. Execution aborted.

程式：feature/dbase.c 第 27 行
物件：/clone/user/user#9825
呼叫来自：feature/command.c 的 command_hook() 第 77 行，物件： clone/user/user#9825 ("懒兔浩然")
呼叫来自：cmds/skill/research.c 的 main() 第 212 行，物件： cmds/skill/research
呼叫来自：feature/dbase.c 的 add() 第 107 行，物件： clone/user/user#9825 ("懒兔浩然")
呼叫来自：clone/user/user.c 的 set() 第 131 行，物件： clone/user/user#9825 ("懒兔浩然")
呼叫来自：feature/dbase.c 的 set() 第 27 行，物件： clone/user/user#9825 ("懒兔浩然")
object /clone/user/user#9825: eval_cost too big 2000000

执行时段错误：*Too long evaluation. Execution aborted.

程式：feature/skill.c 第 365 行
物件：/clone/user/user#9825
呼叫来自：feature/command.c 的 command_hook() 第 77 行，物件： clone/user/user#9825 ("懒兔浩然")
呼叫来自：cmds/skill/research.c 的 main() 第 211 行，物件： cmds/skill/research
呼叫来自：feature/skill.c 的 improve_skill() 第 365 行，物件： clone/user/user#9825 ("懒兔浩然")
object /clone/user/user#9825: eval_cost too big 2000000

执行时段错误：*Too long evaluation. Execution aborted.

程式：feature/message.c 第 159 行
物件：/clone/user/user#9825
呼叫来自：feature/message.c 的 write_prompt() 第 159 行，物件： clone/user/user#9825 ("懒兔浩然")
object /clone/user/user#9825: eval_cost too big 2000000

执行时段错误：*Too long evaluation. Execution aborted.

程式：feature/dbase.c 第 50 行
物件：/clone/user/user#9825
呼叫来自：feature/command.c 的 command_hook() 第 77 行，物件： clone/user/user#9825 ("懒兔浩然")
呼叫来自：cmds/skill/research.c 的 main() 第 212 行，物件： cmds/skill/research
呼叫来自：feature/dbase.c 的 add() 第 101 行，物件： clone/user/user#9825 ("懒兔浩然")
呼叫来自：feature/dbase.c 的 query() 第 50 行，物件： clone/user/user#9825 ("懒兔浩然")

执行时段错误：*call_other() couldn't find object

程式：adm/daemons/npcd.c 第 421 行
物件：/adm/daemons/npcd
呼叫来自：inherit/char/char.c 的 heart_beat() 第 133 行，物件： clone/npc/walker#2084 ("独孤都熹")
呼叫来自：inherit/char/npc.c 的 scan() 第 299 行，物件： clone/npc/walker#2084 ("独孤都熹")
呼叫来自：inherit/char/npc.c 的 chat() 第 377 行，物件： clone/npc/walker#2084 ("独孤都熹")
呼叫来自：<function> 的 <function>() 第 0 行，物件： clone/npc/walker#2084 ("独孤都熹")
呼叫来自：clone/npc/walker.c 的 <function>() 第 27 行，物件： clone/npc/walker#2084 ("独孤都熹")
呼叫来自：adm/daemons/npcd.c 的 random_move() 第 421 行，物件： adm/daemons/npcd
Heart beat in clone/npc/walker#2084 turned off.

执行时段错误：*Bad argument 1 to call_other()
Expected: string or array or object Got: 0.

程式：adm/daemons/punishd.c 第 161 行
物件：/adm/daemons/punishd
呼叫来自：adm/daemons/punishd.c 的 monitor() 第 148 行，物件： adm/daemons/punishd
呼叫来自：adm/daemons/punishd.c 的 family_punish() 第 162 行，物件： adm/daemons/punishd
呼叫来自：<function> 的 <function>() 第 0 行，物件： adm/daemons/punishd
呼叫来自：adm/daemons/punishd.c 的 <function>() 第 161 行，物件： adm/daemons/punishd
object /clone/user/user#9825: eval_cost too big 2000000

执行时段错误：*Too long evaluation. Execution aborted.

程式：feature/dbase.c 第 86 行
物件：/clone/user/user#9825
呼叫来自：feature/command.c 的 command_hook() 第 77 行，物件： clone/user/user#9825 ("懒兔浩然")
呼叫来自：cmds/skill/research.c 的 main() 第 212 行，物件： cmds/skill/research
呼叫来自：feature/dbase.c 的 add() 第 86 行，物件： clone/user/user#9825 ("懒兔浩然")
object /clone/user/user#9825: eval_cost too big 2000000

执行时段错误：*Too long evaluation. Execution aborted.

程式：feature/dbase.c 第 50 行
物件：/clone/user/user#9825
呼叫来自：feature/command.c 的 command_hook() 第 77 行，物件： clone/user/user#9825 ("懒兔浩然")
呼叫来自：cmds/skill/research.c 的 main() 第 209 行，物件： cmds/skill/research
呼叫来自：feature/dbase.c 的 add() 第 101 行，物件： clone/user/user#9825 ("懒兔浩然")
呼叫来自：feature/dbase.c 的 query() 第 50 行，物件： clone/user/user#9825 ("懒兔浩然")
object /clone/user/user#9825: eval_cost too big 2000000

执行时段错误：*Too long evaluation. Execution aborted.

程式：feature/damage.c 第 55 行
物件：/clone/user/user#9825
呼叫来自：feature/command.c 的 command_hook() 第 77 行，物件： clone/user/user#9825 ("懒兔浩然")
呼叫来自：cmds/skill/research.c 的 main() 第 186 行，物件： cmds/skill/research
呼叫来自：feature/damage.c 的 receive_damage() 第 55 行，物件： clone/user/user#9825 ("懒兔浩然")

执行时段错误：*Bad argument 1 to call_other()
Expected: string or array or object Got: 0.

程式：feature/dbase.c 第 93 行
物件：/clone/user/user#34698
呼叫来自：clone/user/user.c 的 reset() 第 86 行，物件： clone/user/user#34698 ("慕容秋荻")
呼叫来自：feature/dbase.c 的 add() 第 93 行，物件： clone/user/user#34698 ("慕容秋荻")

执行时段错误：*Error in loading object '/d/mingjiao/npc/wujincao'

程式：inherit/room/room.c 第 24 行
物件：/d/mingjiao/rjqlwch
呼叫来自：inherit/room/room.c 的 reset() 第 86 行，物件： d/mingjiao/rjqlwch
呼叫来自：inherit/room/room.c 的 make_inventory() 第 24 行，物件： d/mingjiao/rjqlwch

执行时段错误：*Bad argument 1 to call_other()
Expected: string or array or object Got: 0.

程式：inherit/room/room.c 第 25 行
物件：/data/room/liu12345/qianting
呼叫来自：inherit/room/room.c 的 reset() 第 86 行，物件： data/room/liu12345/qianting
呼叫来自：inherit/room/room.c 的 make_inventory() 第 25 行，物件： data/room/liu12345/qianting

执行时段错误：*Bad argument 1 to call_other()
Expected: string or array or object Got: 0.

程式：inherit/room/room.c 第 25 行
物件：/data/room/yxsyyr1/qianting
呼叫来自：inherit/room/room.c 的 reset() 第 86 行，物件： data/room/yxsyyr1/qianting
呼叫来自：inherit/room/room.c 的 make_inventory() 第 25 行，物件： data/room/yxsyyr1/qianting

执行时段错误：*Bad argument 1 to call_other()
Expected: string or array or object Got: 0.

程式：inherit/room/room.c 第 25 行
物件：/data/room/moyin/qianting
呼叫来自：inherit/room/room.c 的 reset() 第 86 行，物件： data/room/moyin/qianting
呼叫来自：inherit/room/room.c 的 make_inventory() 第 25 行，物件： data/room/moyin/qianting

执行时段错误：*Error in loading object '/d/wudu/npc/qiandu3'

程式：inherit/room/room.c 第 24 行
物件：/d/wudu/qiandu2
呼叫来自：inherit/room/room.c 的 reset() 第 86 行，物件： d/wudu/qiandu2
呼叫来自：inherit/room/room.c 的 make_inventory() 第 24 行，物件： d/wudu/qiandu2

执行时段错误：*Error in loading object '/d/mingjiao/npc/tangyang'

程式：inherit/room/room.c 第 24 行
物件：/d/mingjiao/hsqdating
呼叫来自：inherit/room/room.c 的 reset() 第 86 行，物件： d/mingjiao/hsqdating
呼叫来自：inherit/room/room.c 的 make_inventory() 第 24 行，物件： d/mingjiao/hsqdating

执行时段错误：*Bad argument 1 to call_other()
Expected: string or array or object Got: 0.

程式：inherit/room/room.c 第 25 行
物件：/data/room/tyz000/qianting
呼叫来自：inherit/room/room.c 的 reset() 第 86 行，物件： data/room/tyz000/qianting
呼叫来自：inherit/room/room.c 的 make_inventory() 第 25 行，物件： data/room/tyz000/qianting

执行时段错误：*Error in loading object '/kungfu/class/sky/obj/shenjiu'

程式：inherit/char/npc.c 第 17 行
物件：/d/luoyang/npc/libai#81282
呼叫来自：inherit/room/room.c 的 reset() 第 86 行，物件： d/luoyang/zuixianlou4
呼叫来自：inherit/room/room.c 的 make_inventory() 第 24 行，物件： d/luoyang/zuixianlou4
呼叫来自：d/luoyang/npc/libai.c 的 create() 第 64 行，物件： d/luoyang/npc/libai#81282 ("李白")
呼叫来自：inherit/char/npc.c 的 carry_object() 第 17 行，物件： d/luoyang/npc/libai#81282 ("李白")

执行时段错误：*Bad argument 1 to call_other()
Expected: string or array or object Got: 0.

程式：inherit/room/room.c 第 25 行
物件：/data/room/qazzaq/qianting
呼叫来自：inherit/room/room.c 的 reset() 第 86 行，物件： data/room/qazzaq/qianting
呼叫来自：inherit/room/room.c 的 make_inventory() 第 25 行，物件： data/room/qazzaq/qianting

执行时段错误：*Bad argument 1 to call_other()
Expected: string or array or object Got: 0.

程式：inherit/room/room.c 第 25 行
物件：/data/room/adawong/qianting
呼叫来自：inherit/room/room.c 的 reset() 第 86 行，物件： data/room/adawong/qianting
呼叫来自：inherit/room/room.c 的 make_inventory() 第 25 行，物件： data/room/adawong/qianting

执行时段错误：*Bad argument 1 to call_other()
Expected: string or array or object Got: 0.

程式：inherit/room/room.c 第 25 行
物件：/data/room/pxhaha/qianting
呼叫来自：inherit/room/room.c 的 reset() 第 86 行，物件： data/room/pxhaha/qianting
呼叫来自：inherit/room/room.c 的 make_inventory() 第 25 行，物件： data/room/pxhaha/qianting

执行时段错误：*Bad argument 1 to call_other()
Expected: string or array or object Got: 0.

程式：inherit/room/room.c 第 25 行
物件：/data/room/pxdaye/qianting
呼叫来自：inherit/room/room.c 的 reset() 第 86 行，物件： data/room/pxdaye/qianting
呼叫来自：inherit/room/room.c 的 make_inventory() 第 25 行，物件： data/room/pxdaye/qianting

执行时段错误：*Bad argument 1 to call_other()
Expected: string or array or object Got: 0.

程式：inherit/room/room.c 第 25 行
物件：/data/room/hubert/qianting
呼叫来自：inherit/room/room.c 的 reset() 第 86 行，物件： data/room/hubert/qianting
呼叫来自：inherit/room/room.c 的 make_inventory() 第 25 行，物件： data/room/hubert/qianting

执行时段错误：*Bad argument 1 to call_other()
Expected: string or array or object Got: 0.

程式：feature/dbase.c 第 93 行
物件：/clone/user/user
呼叫来自：clone/user/user.c 的 reset() 第 86 行，物件： clone/user/user ("使用者物件")
呼叫来自：feature/dbase.c 的 add() 第 93 行，物件： clone/user/user ("使用者物件")
object /clone/user/user#9825: eval_cost too big 2000000

执行时段错误：*Too long evaluation. Execution aborted.

程式：feature/skill.c 第 364 行
物件：/clone/user/user#9825
呼叫来自：feature/command.c 的 command_hook() 第 77 行，物件： clone/user/user#9825 ("懒兔浩然")
呼叫来自：cmds/skill/research.c 的 main() 第 208 行，物件： cmds/skill/research
呼叫来自：feature/skill.c 的 improve_skill() 第 364 行，物件： clone/user/user#9825 ("懒兔浩然")
object /clone/user/user#152: eval_cost too big 2000000

执行时段错误：*Too long evaluation. Execution aborted.

程式：feature/message.c 第 121 行
物件：/clone/user/user#152
呼叫来自：d/city/npc/wang.c 的 do_copy() 第 160 行，物件： d/city/npc/wang#502 ("王昭君")
呼叫来自：adm/single/simul_efun.c 的 tell_object() 第 302 行，物件： adm/single/simul_efun
呼叫来自：feature/message.c 的 receive_message() 第 121 行，物件： clone/user/user#152 ("苏白")
object /clone/user/user#9825: eval_cost too big 2000000

执行时段错误：*Too long evaluation. Execution aborted.

程式：feature/skill.c 第 339 行
物件：/clone/user/user#9825
呼叫来自：feature/command.c 的 command_hook() 第 77 行，物件： clone/user/user#9825 ("懒兔浩然")
呼叫来自：cmds/skill/research.c 的 main() 第 211 行，物件： cmds/skill/research
呼叫来自：feature/skill.c 的 improve_skill() 第 339 行，物件： clone/user/user#9825 ("懒兔浩然")

执行时段错误：*Bad argument 1 to call_other()
Expected: string or array or object Got: 0.

程式：adm/daemons/punishd.c 第 161 行
物件：/adm/daemons/punishd
呼叫来自：adm/daemons/punishd.c 的 monitor() 第 148 行，物件： adm/daemons/punishd
呼叫来自：adm/daemons/punishd.c 的 family_punish() 第 162 行，物件： adm/daemons/punishd
呼叫来自：<function> 的 <function>() 第 0 行，物件： adm/daemons/punishd
呼叫来自：adm/daemons/punishd.c 的 <function>() 第 161 行，物件： adm/daemons/punishd
object /clone/user/user#9825: eval_cost too big 2000000

执行时段错误：*Too long evaluation. Execution aborted.

程式：feature/message.c 第 167 行
物件：/clone/user/user#9825
呼叫来自：feature/message.c 的 write_prompt() 第 167 行，物件： clone/user/user#9825 ("懒兔浩然")

执行时段错误：*Bad argument 1 to environment()
Expected: object Got: 0.

程式：inherit/char/boss.c 第 37 行
物件：0
呼叫来自：inherit/char/char.c 的 heart_beat() 第 94 行，物件： 0
呼叫来自：quest/tulong/npc/dragon.c 的 unconcious() 第 178 行，物件： 0
呼叫来自：quest/tulong/npc/dragon.c 的 die() 第 164 行，物件： 0
呼叫来自：inherit/char/boss.c 的 die() 第 37 行，物件： 0
Heart beat in quest/tulong/npc/dragon#81454 turned off.

执行时段错误：*Bad argument 1 to call_other()
Expected: string or array or object Got: 0.

程式：adm/daemons/punishd.c 第 161 行
物件：/adm/daemons/punishd
呼叫来自：adm/daemons/punishd.c 的 monitor() 第 148 行，物件： adm/daemons/punishd
呼叫来自：adm/daemons/punishd.c 的 family_punish() 第 162 行，物件： adm/daemons/punishd
呼叫来自：<function> 的 <function>() 第 0 行，物件： adm/daemons/punishd
呼叫来自：adm/daemons/punishd.c 的 <function>() 第 161 行，物件： adm/daemons/punishd
object /cmds/skill/research: eval_cost too big 2000000

执行时段错误：*Too long evaluation. Execution aborted.

程式：cmds/skill/research.c 第 220 行
物件：/cmds/skill/research
呼叫来自：feature/command.c 的 command_hook() 第 77 行，物件： clone/user/user#9825 ("懒兔浩然")
呼叫来自：cmds/skill/research.c 的 main() 第 220 行，物件： cmds/skill/research

执行时段错误：*Value being indexed is zero.

程式：clone/quest/search.c 第 91 行
物件：/clone/quest/search#81588
呼叫来自：adm/daemons/quest/search.c 的 heart_beat() 第 66 行，物件： adm/daemons/quest/search
呼叫来自：adm/daemons/quest/search.c 的 start_quest() 第 53 行，物件： adm/daemons/quest/search
呼叫来自：clone/quest/search.c 的 init_quest() 第 91 行，物件： clone/quest/search#81588 ("围攻0")
Heart beat in adm/daemons/quest/search turned off.

执行时段错误：*Bad argument 1 to call_other()
Expected: string or array or object Got: 0.

程式：adm/daemons/punishd.c 第 161 行
物件：/adm/daemons/punishd
呼叫来自：adm/daemons/punishd.c 的 monitor() 第 148 行，物件： adm/daemons/punishd
呼叫来自：adm/daemons/punishd.c 的 family_punish() 第 162 行，物件： adm/daemons/punishd
呼叫来自：<function> 的 <function>() 第 0 行，物件： adm/daemons/punishd
呼叫来自：adm/daemons/punishd.c 的 <function>() 第 161 行，物件： adm/daemons/punishd

执行时段错误：*Bad argument 1 to call_other()
Expected: string or array or object Got: 0.

程式：adm/daemons/punishd.c 第 161 行
物件：/adm/daemons/punishd
呼叫来自：adm/daemons/punishd.c 的 monitor() 第 148 行，物件： adm/daemons/punishd
呼叫来自：adm/daemons/punishd.c 的 family_punish() 第 162 行，物件： adm/daemons/punishd
呼叫来自：<function> 的 <function>() 第 0 行，物件： adm/daemons/punishd
呼叫来自：adm/daemons/punishd.c 的 <function>() 第 161 行，物件： adm/daemons/punishd

执行时段错误：*Error in loading object '/d/mingjiao/npc/yanyuan'

程式：inherit/room/room.c 第 24 行
物件：/d/mingjiao/htqdating
呼叫来自：inherit/room/room.c 的 reset() 第 86 行，物件： d/mingjiao/htqdating
呼叫来自：inherit/room/room.c 的 make_inventory() 第 24 行，物件： d/mingjiao/htqdating

执行时段错误：*Bad argument 1 to call_other()
Expected: string or array or object Got: 0.

程式：feature/dbase.c 第 93 行
物件：/clone/user/user#34698
呼叫来自：clone/user/user.c 的 reset() 第 86 行，物件： clone/user/user#34698 ("慕容秋荻")
呼叫来自：feature/dbase.c 的 add() 第 93 行，物件： clone/user/user#34698 ("慕容秋荻")

执行时段错误：*Bad argument 1 to call_other()
Expected: string or array or object Got: 0.

程式：inherit/room/room.c 第 25 行
物件：/data/room/obh1234/qianting
呼叫来自：inherit/room/room.c 的 reset() 第 86 行，物件： data/room/obh1234/qianting
呼叫来自：inherit/room/room.c 的 make_inventory() 第 25 行，物件： data/room/obh1234/qianting

执行时段错误：*Inherited file '/inherit/char/lang2' does not exist!

程式：inherit/room/room.c 第 24 行
物件：/d/wudu/langwo
呼叫来自：inherit/room/room.c 的 reset() 第 86 行，物件： d/wudu/langwo
呼叫来自：inherit/room/room.c 的 make_inventory() 第 24 行，物件： d/wudu/langwo

执行时段错误：*Bad argument 1 to call_other()
Expected: string or array or object Got: 0.

程式：inherit/room/room.c 第 25 行
物件：/data/room/moyin/qianting
呼叫来自：inherit/room/room.c 的 reset() 第 86 行，物件： data/room/moyin/qianting
呼叫来自：inherit/room/room.c 的 make_inventory() 第 25 行，物件： data/room/moyin/qianting

执行时段错误：*Bad argument 1 to call_other()
Expected: string or array or object Got: 0.

程式：inherit/room/room.c 第 25 行
物件：/data/room/tyz000/qianting
呼叫来自：inherit/room/room.c 的 reset() 第 86 行，物件： data/room/tyz000/qianting
呼叫来自：inherit/room/room.c 的 make_inventory() 第 25 行，物件： data/room/tyz000/qianting

执行时段错误：*Error in loading object '/kungfu/class/sky/obj/shenjiu'

程式：inherit/char/npc.c 第 17 行
物件：/d/luoyang/npc/libai#82172
呼叫来自：inherit/room/room.c 的 reset() 第 86 行，物件： d/luoyang/zuixianlou4
呼叫来自：inherit/room/room.c 的 make_inventory() 第 24 行，物件： d/luoyang/zuixianlou4
呼叫来自：d/luoyang/npc/libai.c 的 create() 第 64 行，物件： d/luoyang/npc/libai#82172 ("李白")
呼叫来自：inherit/char/npc.c 的 carry_object() 第 17 行，物件： d/luoyang/npc/libai#82172 ("李白")

执行时段错误：*Bad argument 1 to call_other()
Expected: string or array or object Got: 0.

程式：inherit/room/room.c 第 25 行
物件：/data/room/w2544460429/qianting
呼叫来自：inherit/room/room.c 的 reset() 第 86 行，物件： data/room/w2544460429/qianting
呼叫来自：inherit/room/room.c 的 make_inventory() 第 25 行，物件： data/room/w2544460429/qianting

执行时段错误：*Bad argument 1 to call_other()
Expected: string or array or object Got: 0.

程式：inherit/room/room.c 第 25 行
物件：/data/room/yixingbu/qianting
呼叫来自：inherit/room/room.c 的 reset() 第 86 行，物件： data/room/yixingbu/qianting
呼叫来自：inherit/room/room.c 的 make_inventory() 第 25 行，物件： data/room/yixingbu/qianting

执行时段错误：*Bad argument 1 to call_other()
Expected: string or array or object Got: 0.

程式：inherit/room/room.c 第 25 行
物件：/data/room/qazzaq/qianting
呼叫来自：inherit/room/room.c 的 reset() 第 86 行，物件： data/room/qazzaq/qianting
呼叫来自：inherit/room/room.c 的 make_inventory() 第 25 行，物件： data/room/qazzaq/qianting

执行时段错误：*Bad argument 1 to call_other()
Expected: string or array or object Got: 0.

程式：inherit/room/room.c 第 25 行
物件：/data/room/adawong/qianting
呼叫来自：inherit/room/room.c 的 reset() 第 86 行，物件： data/room/adawong/qianting
呼叫来自：inherit/room/room.c 的 make_inventory() 第 25 行，物件： data/room/adawong/qianting

执行时段错误：*Bad argument 1 to call_other()
Expected: string or array or object Got: 0.

程式：inherit/room/room.c 第 25 行
物件：/data/room/pxhaha/qianting
呼叫来自：inherit/room/room.c 的 reset() 第 86 行，物件： data/room/pxhaha/qianting
呼叫来自：inherit/room/room.c 的 make_inventory() 第 25 行，物件： data/room/pxhaha/qianting

执行时段错误：*Bad argument 1 to call_other()
Expected: string or array or object Got: 0.

程式：inherit/room/room.c 第 25 行
物件：/data/room/pxdaye/qianting
呼叫来自：inherit/room/room.c 的 reset() 第 86 行，物件： data/room/pxdaye/qianting
呼叫来自：inherit/room/room.c 的 make_inventory() 第 25 行，物件： data/room/pxdaye/qianting

执行时段错误：*Bad argument 1 to call_other()
Expected: string or array or object Got: 0.

程式：inherit/room/room.c 第 25 行
物件：/d/luoyang/shuoshu
呼叫来自：inherit/room/room.c 的 reset() 第 86 行，物件： d/luoyang/shuoshu
呼叫来自：inherit/room/room.c 的 make_inventory() 第 25 行，物件： d/luoyang/shuoshu

执行时段错误：*Bad argument 1 to call_other()
Expected: string or array or object Got: 0.

程式：feature/dbase.c 第 93 行
物件：/clone/user/user
呼叫来自：clone/user/user.c 的 reset() 第 86 行，物件： clone/user/user ("使用者物件")
呼叫来自：feature/dbase.c 的 add() 第 93 行，物件： clone/user/user ("使用者物件")
object /clone/user/user#9825: eval_cost too big 2000000

执行时段错误：*Too long evaluation. Execution aborted.

程式：feature/dbase.c 第 107 行
物件：/clone/user/user#9825
呼叫来自：feature/command.c 的 command_hook() 第 77 行，物件： clone/user/user#9825 ("懒兔浩然")
呼叫来自：cmds/skill/research.c 的 main() 第 212 行，物件： cmds/skill/research
呼叫来自：feature/dbase.c 的 add() 第 107 行，物件： clone/user/user#9825 ("懒兔浩然")

执行时段错误：*Bad argument 1 to call_other()
Expected: string or array or object Got: 0.

程式：adm/daemons/punishd.c 第 161 行
物件：/adm/daemons/punishd
呼叫来自：adm/daemons/punishd.c 的 monitor() 第 148 行，物件： adm/daemons/punishd
呼叫来自：adm/daemons/punishd.c 的 family_punish() 第 162 行，物件： adm/daemons/punishd
呼叫来自：<function> 的 <function>() 第 0 行，物件： adm/daemons/punishd
呼叫来自：adm/daemons/punishd.c 的 <function>() 第 161 行，物件： adm/daemons/punishd

执行时段错误：*call_other() couldn't find object

程式：adm/daemons/npcd.c 第 421 行
物件：/adm/daemons/npcd
呼叫来自：inherit/char/char.c 的 heart_beat() 第 133 行，物件： clone/npc/walker#80613 ("侯湖强")
呼叫来自：inherit/char/npc.c 的 scan() 第 299 行，物件： clone/npc/walker#80613 ("侯湖强")
呼叫来自：inherit/char/npc.c 的 chat() 第 377 行，物件： clone/npc/walker#80613 ("侯湖强")
呼叫来自：<function> 的 <function>() 第 0 行，物件： clone/npc/walker#80613 ("侯湖强")
呼叫来自：clone/npc/walker.c 的 <function>() 第 27 行，物件： clone/npc/walker#80613 ("侯湖强")
呼叫来自：adm/daemons/npcd.c 的 random_move() 第 421 行，物件： adm/daemons/npcd
Heart beat in clone/npc/walker#80613 turned off.
object /clone/user/user#9825: eval_cost too big 2000000

执行时段错误：*Too long evaluation. Execution aborted.

程式：feature/dbase.c 第 50 行
物件：/clone/user/user#9825
呼叫来自：feature/command.c 的 command_hook() 第 77 行，物件： clone/user/user#9825 ("懒兔浩然")
呼叫来自：cmds/skill/research.c 的 main() 第 212 行，物件： cmds/skill/research
呼叫来自：feature/dbase.c 的 add() 第 101 行，物件： clone/user/user#9825 ("懒兔浩然")
呼叫来自：feature/dbase.c 的 query() 第 50 行，物件： clone/user/user#9825 ("懒兔浩然")

执行时段错误：*Bad argument 1 to call_other()
Expected: string or array or object Got: 0.

程式：adm/daemons/punishd.c 第 161 行
物件：/adm/daemons/punishd
呼叫来自：adm/daemons/punishd.c 的 monitor() 第 148 行，物件： adm/daemons/punishd
呼叫来自：adm/daemons/punishd.c 的 family_punish() 第 162 行，物件： adm/daemons/punishd
呼叫来自：<function> 的 <function>() 第 0 行，物件： adm/daemons/punishd
呼叫来自：adm/daemons/punishd.c 的 <function>() 第 161 行，物件： adm/daemons/punishd

执行时段错误：*Value being indexed is zero.

程式：clone/quest/search.c 第 91 行
物件：/clone/quest/search#82821
呼叫来自：adm/daemons/quest/search.c 的 heart_beat() 第 66 行，物件： adm/daemons/quest/search
呼叫来自：adm/daemons/quest/search.c 的 start_quest() 第 53 行，物件： adm/daemons/quest/search
呼叫来自：clone/quest/search.c 的 init_quest() 第 91 行，物件： clone/quest/search#82821 ("围攻0")
Heart beat in adm/daemons/quest/search turned off.
object /clone/user/user#9825: eval_cost too big 2000000

执行时段错误：*Too long evaluation. Execution aborted.

程式：feature/skill.c 第 345 行
物件：/clone/user/user#9825
呼叫来自：feature/command.c 的 command_hook() 第 77 行，物件： clone/user/user#9825 ("懒兔浩然")
呼叫来自：cmds/skill/research.c 的 main() 第 208 行，物件： cmds/skill/research
呼叫来自：feature/skill.c 的 improve_skill() 第 345 行，物件： clone/user/user#9825 ("懒兔浩然")

执行时段错误：*Bad argument 1 to call_other()
Expected: string or array or object Got: 0.

程式：adm/daemons/punishd.c 第 161 行
物件：/adm/daemons/punishd
呼叫来自：adm/daemons/punishd.c 的 monitor() 第 148 行，物件： adm/daemons/punishd
呼叫来自：adm/daemons/punishd.c 的 family_punish() 第 162 行，物件： adm/daemons/punishd
呼叫来自：<function> 的 <function>() 第 0 行，物件： adm/daemons/punishd
呼叫来自：adm/daemons/punishd.c 的 <function>() 第 161 行，物件： adm/daemons/punishd

执行时段错误：*Bad argument 1 to call_other()
Expected: string or array or object Got: 0.

程式：adm/daemons/punishd.c 第 161 行
物件：/adm/daemons/punishd
呼叫来自：adm/daemons/punishd.c 的 monitor() 第 148 行，物件： adm/daemons/punishd
呼叫来自：adm/daemons/punishd.c 的 family_punish() 第 162 行，物件： adm/daemons/punishd
呼叫来自：<function> 的 <function>() 第 0 行，物件： adm/daemons/punishd
呼叫来自：adm/daemons/punishd.c 的 <function>() 第 161 行，物件： adm/daemons/punishd
object /adm/daemons/securityd: eval_cost too big 2000000

执行时段错误：*Too long evaluation. Execution aborted.

程式：adm/daemons/securityd.c 第 355 行
物件：/adm/daemons/securityd
呼叫来自：feature/command.c 的 command_hook() 第 77 行，物件： clone/user/user#34698 ("慕容秋荻")
呼叫来自：cmds/std/give.c 的 main() 第 60 行，物件： cmds/std/give
呼叫来自：adm/single/simul_efun.c 的 wiz_level() 第 10 行，物件： adm/single/simul_efun
呼叫来自：adm/daemons/securityd.c 的 get_wiz_level() 第 361 行，物件： adm/daemons/securityd
呼叫来自：adm/daemons/securityd.c 的 get_status() 第 355 行，物件： adm/daemons/securityd
object /cmds/skill/research: eval_cost too big 2000000

执行时段错误：*Too long evaluation. Execution aborted.

程式：cmds/skill/research.c 第 219 行
物件：/cmds/skill/research
呼叫来自：feature/command.c 的 command_hook() 第 77 行，物件： clone/user/user#9825 ("懒兔浩然")
呼叫来自：cmds/skill/research.c 的 main() 第 219 行，物件： cmds/skill/research
object /cmds/skill/research: eval_cost too big 2000000

执行时段错误：*Too long evaluation. Execution aborted.

程式：cmds/skill/research.c 第 186 行
物件：/cmds/skill/research
呼叫来自：feature/command.c 的 command_hook() 第 77 行，物件： clone/user/user#9825 ("懒兔浩然")
呼叫来自：cmds/skill/research.c 的 main() 第 186 行，物件： cmds/skill/research

执行时段错误：*Bad argument 1 to call_other()
Expected: string or array or object Got: 0.

程式：adm/daemons/punishd.c 第 161 行
物件：/adm/daemons/punishd
呼叫来自：adm/daemons/punishd.c 的 monitor() 第 148 行，物件： adm/daemons/punishd
呼叫来自：adm/daemons/punishd.c 的 family_punish() 第 162 行，物件： adm/daemons/punishd
呼叫来自：<function> 的 <function>() 第 0 行，物件： adm/daemons/punishd
呼叫来自：adm/daemons/punishd.c 的 <function>() 第 161 行，物件： adm/daemons/punishd

执行时段错误：*Error in loading object '/d/mingjiao/npc/yanyuan'

程式：inherit/room/room.c 第 24 行
物件：/d/mingjiao/htqdating
呼叫来自：inherit/room/room.c 的 reset() 第 86 行，物件： d/mingjiao/htqdating
呼叫来自：inherit/room/room.c 的 make_inventory() 第 24 行，物件： d/mingjiao/htqdating

执行时段错误：*Bad argument 1 to call_other()
Expected: string or array or object Got: 0.

程式：feature/dbase.c 第 93 行
物件：/clone/user/user#34698
呼叫来自：clone/user/user.c 的 reset() 第 86 行，物件： clone/user/user#34698 ("慕容秋荻")
呼叫来自：feature/dbase.c 的 add() 第 93 行，物件： clone/user/user#34698 ("慕容秋荻")

执行时段错误：*Error in loading object '/d/mingjiao/npc/wujincao'

程式：inherit/room/room.c 第 24 行
物件：/d/mingjiao/rjqlwch
呼叫来自：inherit/room/room.c 的 reset() 第 86 行，物件： d/mingjiao/rjqlwch
呼叫来自：inherit/room/room.c 的 make_inventory() 第 24 行，物件： d/mingjiao/rjqlwch

执行时段错误：*Bad argument 1 to call_other()
Expected: string or array or object Got: 0.

程式：inherit/room/room.c 第 25 行
物件：/data/room/liu12345/qianting
呼叫来自：inherit/room/room.c 的 reset() 第 86 行，物件： data/room/liu12345/qianting
呼叫来自：inherit/room/room.c 的 make_inventory() 第 25 行，物件： data/room/liu12345/qianting

执行时段错误：*Bad argument 1 to call_other()
Expected: string or array or object Got: 0.

程式：inherit/room/room.c 第 25 行
物件：/data/room/obh1234/qianting
呼叫来自：inherit/room/room.c 的 reset() 第 86 行，物件： data/room/obh1234/qianting
呼叫来自：inherit/room/room.c 的 make_inventory() 第 25 行，物件： data/room/obh1234/qianting

执行时段错误：*Bad argument 1 to call_other()
Expected: string or array or object Got: 0.

程式：inherit/room/room.c 第 25 行
物件：/data/room/yxsyyr1/qianting
呼叫来自：inherit/room/room.c 的 reset() 第 86 行，物件： data/room/yxsyyr1/qianting
呼叫来自：inherit/room/room.c 的 make_inventory() 第 25 行，物件： data/room/yxsyyr1/qianting

执行时段错误：*Bad argument 1 to call_other()
Expected: string or array or object Got: 0.

程式：inherit/room/room.c 第 25 行
物件：/data/room/moyin/qianting
呼叫来自：inherit/room/room.c 的 reset() 第 86 行，物件： data/room/moyin/qianting
呼叫来自：inherit/room/room.c 的 make_inventory() 第 25 行，物件： data/room/moyin/qianting

执行时段错误：*Error in loading object '/d/wudu/npc/qiandu3'

程式：inherit/room/room.c 第 24 行
物件：/d/wudu/qiandu2
呼叫来自：inherit/room/room.c 的 reset() 第 86 行，物件： d/wudu/qiandu2
呼叫来自：inherit/room/room.c 的 make_inventory() 第 24 行，物件： d/wudu/qiandu2

执行时段错误：*Error in loading object '/d/mingjiao/npc/tangyang'

程式：inherit/room/room.c 第 24 行
物件：/d/mingjiao/hsqdating
呼叫来自：inherit/room/room.c 的 reset() 第 86 行，物件： d/mingjiao/hsqdating
呼叫来自：inherit/room/room.c 的 make_inventory() 第 24 行，物件： d/mingjiao/hsqdating

执行时段错误：*Error in loading object '/kungfu/class/sky/obj/shenjiu'

程式：inherit/char/npc.c 第 17 行
物件：/d/luoyang/npc/libai#83734
呼叫来自：inherit/room/room.c 的 reset() 第 86 行，物件： d/luoyang/zuixianlou4
呼叫来自：inherit/room/room.c 的 make_inventory() 第 24 行，物件： d/luoyang/zuixianlou4
呼叫来自：d/luoyang/npc/libai.c 的 create() 第 64 行，物件： d/luoyang/npc/libai#83734 ("李白")
呼叫来自：inherit/char/npc.c 的 carry_object() 第 17 行，物件： d/luoyang/npc/libai#83734 ("李白")

执行时段错误：*Bad argument 1 to call_other()
Expected: string or array or object Got: 0.

程式：inherit/room/room.c 第 25 行
物件：/data/room/yixingbu/qianting
呼叫来自：inherit/room/room.c 的 reset() 第 86 行，物件： data/room/yixingbu/qianting
呼叫来自：inherit/room/room.c 的 make_inventory() 第 25 行，物件： data/room/yixingbu/qianting

执行时段错误：*Bad argument 1 to call_other()
Expected: string or array or object Got: 0.

程式：inherit/room/room.c 第 25 行
物件：/data/room/pxhaha/qianting
呼叫来自：inherit/room/room.c 的 reset() 第 86 行，物件： data/room/pxhaha/qianting
呼叫来自：inherit/room/room.c 的 make_inventory() 第 25 行，物件： data/room/pxhaha/qianting

执行时段错误：*Bad argument 1 to call_other()
Expected: string or array or object Got: 0.

程式：inherit/room/room.c 第 25 行
物件：/d/luoyang/shuoshu
呼叫来自：inherit/room/room.c 的 reset() 第 86 行，物件： d/luoyang/shuoshu
呼叫来自：inherit/room/room.c 的 make_inventory() 第 25 行，物件： d/luoyang/shuoshu

执行时段错误：*Bad argument 1 to call_other()
Expected: string or array or object Got: 0.

程式：inherit/room/room.c 第 25 行
物件：/data/room/hubert/qianting
呼叫来自：inherit/room/room.c 的 reset() 第 86 行，物件： data/room/hubert/qianting
呼叫来自：inherit/room/room.c 的 make_inventory() 第 25 行，物件： data/room/hubert/qianting

执行时段错误：*Bad argument 1 to call_other()
Expected: string or array or object Got: 0.

程式：feature/dbase.c 第 93 行
物件：/clone/user/user
呼叫来自：clone/user/user.c 的 reset() 第 86 行，物件： clone/user/user ("使用者物件")
呼叫来自：feature/dbase.c 的 add() 第 93 行，物件： clone/user/user ("使用者物件")
object /clone/user/user#9825: eval_cost too big 2000000

执行时段错误：*Too long evaluation. Execution aborted.

程式：feature/dbase.c 第 104 行
物件：/clone/user/user#9825
呼叫来自：feature/command.c 的 command_hook() 第 77 行，物件： clone/user/user#9825 ("懒兔浩然")
呼叫来自：cmds/skill/research.c 的 main() 第 209 行，物件： cmds/skill/research
呼叫来自：feature/dbase.c 的 add() 第 104 行，物件： clone/user/user#9825 ("懒兔浩然")

执行时段错误：*Bad argument 1 to call_other()
Expected: string or array or object Got: 0.

程式：adm/daemons/punishd.c 第 161 行
物件：/adm/daemons/punishd
呼叫来自：adm/daemons/punishd.c 的 monitor() 第 148 行，物件： adm/daemons/punishd
呼叫来自：adm/daemons/punishd.c 的 family_punish() 第 162 行，物件： adm/daemons/punishd
呼叫来自：<function> 的 <function>() 第 0 行，物件： adm/daemons/punishd
呼叫来自：adm/daemons/punishd.c 的 <function>() 第 161 行，物件： adm/daemons/punishd

执行时段错误：*call_other() couldn't find object

程式：adm/daemons/npcd.c 第 421 行
物件：/adm/daemons/npcd
呼叫来自：inherit/char/char.c 的 heart_beat() 第 133 行，物件： clone/npc/walker#1036 ("闻人足")
呼叫来自：inherit/char/npc.c 的 scan() 第 299 行，物件： clone/npc/walker#1036 ("闻人足")
呼叫来自：inherit/char/npc.c 的 chat() 第 377 行，物件： clone/npc/walker#1036 ("闻人足")
呼叫来自：<function> 的 <function>() 第 0 行，物件： clone/npc/walker#1036 ("闻人足")
呼叫来自：clone/npc/walker.c 的 <function>() 第 27 行，物件： clone/npc/walker#1036 ("闻人足")
呼叫来自：adm/daemons/npcd.c 的 random_move() 第 421 行，物件： adm/daemons/npcd
Heart beat in clone/npc/walker#1036 turned off.
object /clone/user/user#34698: eval_cost too big 2000000

执行时段错误：*Too long evaluation. Execution aborted.

程式：feature/name.c 第 42 行
物件：/clone/user/user#34698
呼叫来自：feature/command.c 的 command_hook() 第 77 行，物件： clone/user/user#34698 ("慕容秋荻")
呼叫来自：cmds/std/give.c 的 main() 第 48 行，物件： cmds/std/give
呼叫来自：adm/single/simul_efun.c 的 present() 第 119 行，物件： adm/single/simul_efun
呼叫来自：feature/name.c 的 id() 第 42 行，物件： clone/user/user#34698 ("慕容秋荻")
object /clone/user/user#9825: eval_cost too big 2000000

执行时段错误：*Too long evaluation. Execution aborted.

程式：feature/skill.c 第 342 行
物件：/clone/user/user#9825
呼叫来自：feature/command.c 的 command_hook() 第 77 行，物件： clone/user/user#9825 ("懒兔浩然")
呼叫来自：cmds/skill/research.c 的 main() 第 211 行，物件： cmds/skill/research
呼叫来自：feature/skill.c 的 improve_skill() 第 342 行，物件： clone/user/user#9825 ("懒兔浩然")

执行时段错误：*Value being indexed is zero.

程式：clone/quest/search.c 第 91 行
物件：/clone/quest/search#84101
呼叫来自：adm/daemons/quest/search.c 的 heart_beat() 第 66 行，物件： adm/daemons/quest/search
呼叫来自：adm/daemons/quest/search.c 的 start_quest() 第 53 行，物件： adm/daemons/quest/search
呼叫来自：clone/quest/search.c 的 init_quest() 第 91 行，物件： clone/quest/search#84101 ("围攻0")
Heart beat in adm/daemons/quest/search turned off.

执行时段错误：*Bad argument 1 to call_other()
Expected: string or array or object Got: 0.

程式：adm/daemons/punishd.c 第 161 行
物件：/adm/daemons/punishd
呼叫来自：adm/daemons/punishd.c 的 monitor() 第 148 行，物件： adm/daemons/punishd
呼叫来自：adm/daemons/punishd.c 的 family_punish() 第 162 行，物件： adm/daemons/punishd
呼叫来自：<function> 的 <function>() 第 0 行，物件： adm/daemons/punishd
呼叫来自：adm/daemons/punishd.c 的 <function>() 第 161 行，物件： adm/daemons/punishd
object /clone/gift/tianxiang#39749: eval_cost too big 2000000

执行时段错误：*Too long evaluation. Execution aborted.

程式：feature/name.c 第 46 行
物件：/clone/gift/tianxiang#39749
呼叫来自：feature/command.c 的 command_hook() 第 77 行，物件： clone/user/user#39729 ("渡慕")
呼叫来自：cmds/skill/research.c 的 main() 第 60 行，物件： cmds/skill/research
呼叫来自：adm/single/simul_efun.c 的 present() 第 119 行，物件： adm/single/simul_efun
呼叫来自：feature/name.c 的 id() 第 46 行，物件： clone/gift/tianxiang#39749 ("[35m天香玉露[2;37;0m")

执行时段错误：*Bad argument 1 to call_other()
Expected: string or array or object Got: 0.

程式：adm/daemons/punishd.c 第 161 行
物件：/adm/daemons/punishd
呼叫来自：adm/daemons/punishd.c 的 monitor() 第 148 行，物件： adm/daemons/punishd
呼叫来自：adm/daemons/punishd.c 的 family_punish() 第 162 行，物件： adm/daemons/punishd
呼叫来自：<function> 的 <function>() 第 0 行，物件： adm/daemons/punishd
呼叫来自：adm/daemons/punishd.c 的 <function>() 第 161 行，物件： adm/daemons/punishd

执行时段错误：*Bad argument 1 to call_other()
Expected: string or array or object Got: 0.

程式：adm/daemons/punishd.c 第 161 行
物件：/adm/daemons/punishd
呼叫来自：adm/daemons/punishd.c 的 monitor() 第 148 行，物件： adm/daemons/punishd
呼叫来自：adm/daemons/punishd.c 的 family_punish() 第 162 行，物件： adm/daemons/punishd
呼叫来自：<function> 的 <function>() 第 0 行，物件： adm/daemons/punishd
呼叫来自：adm/daemons/punishd.c 的 <function>() 第 161 行，物件： adm/daemons/punishd

执行时段错误：*Error in loading object '/d/mingjiao/npc/yanyuan'

程式：inherit/room/room.c 第 24 行
物件：/d/mingjiao/htqdating
呼叫来自：inherit/room/room.c 的 reset() 第 86 行，物件： d/mingjiao/htqdating
呼叫来自：inherit/room/room.c 的 make_inventory() 第 24 行，物件： d/mingjiao/htqdating

执行时段错误：*Error in loading object '/d/mingjiao/npc/wujincao'

程式：inherit/room/room.c 第 24 行
物件：/d/mingjiao/rjqlwch
呼叫来自：inherit/room/room.c 的 reset() 第 86 行，物件： d/mingjiao/rjqlwch
呼叫来自：inherit/room/room.c 的 make_inventory() 第 24 行，物件： d/mingjiao/rjqlwch

执行时段错误：*Bad argument 1 to call_other()
Expected: string or array or object Got: 0.

程式：inherit/room/room.c 第 25 行
物件：/data/room/liu12345/qianting
呼叫来自：inherit/room/room.c 的 reset() 第 86 行，物件： data/room/liu12345/qianting
呼叫来自：inherit/room/room.c 的 make_inventory() 第 25 行，物件： data/room/liu12345/qianting

执行时段错误：*Bad argument 1 to call_other()
Expected: string or array or object Got: 0.

程式：inherit/room/room.c 第 25 行
物件：/data/room/obh1234/qianting
呼叫来自：inherit/room/room.c 的 reset() 第 86 行，物件： data/room/obh1234/qianting
呼叫来自：inherit/room/room.c 的 make_inventory() 第 25 行，物件： data/room/obh1234/qianting

执行时段错误：*Inherited file '/inherit/char/lang2' does not exist!

程式：inherit/room/room.c 第 24 行
物件：/d/wudu/langwo
呼叫来自：inherit/room/room.c 的 reset() 第 86 行，物件： d/wudu/langwo
呼叫来自：inherit/room/room.c 的 make_inventory() 第 24 行，物件： d/wudu/langwo

执行时段错误：*Bad argument 1 to call_other()
Expected: string or array or object Got: 0.

程式：inherit/room/room.c 第 25 行
物件：/data/room/tyz000/qianting
呼叫来自：inherit/room/room.c 的 reset() 第 86 行，物件： data/room/tyz000/qianting
呼叫来自：inherit/room/room.c 的 make_inventory() 第 25 行，物件： data/room/tyz000/qianting

执行时段错误：*Bad argument 1 to call_other()
Expected: string or array or object Got: 0.

程式：inherit/room/room.c 第 25 行
物件：/data/room/w2544460429/qianting
呼叫来自：inherit/room/room.c 的 reset() 第 86 行，物件： data/room/w2544460429/qianting
呼叫来自：inherit/room/room.c 的 make_inventory() 第 25 行，物件： data/room/w2544460429/qianting

执行时段错误：*Bad argument 1 to call_other()
Expected: string or array or object Got: 0.

程式：inherit/room/room.c 第 25 行
物件：/data/room/yixingbu/qianting
呼叫来自：inherit/room/room.c 的 reset() 第 86 行，物件： data/room/yixingbu/qianting
呼叫来自：inherit/room/room.c 的 make_inventory() 第 25 行，物件： data/room/yixingbu/qianting

执行时段错误：*Bad argument 1 to call_other()
Expected: string or array or object Got: 0.

程式：inherit/room/room.c 第 25 行
物件：/data/room/qazzaq/qianting
呼叫来自：inherit/room/room.c 的 reset() 第 86 行，物件： data/room/qazzaq/qianting
呼叫来自：inherit/room/room.c 的 make_inventory() 第 25 行，物件： data/room/qazzaq/qianting

执行时段错误：*Bad argument 1 to call_other()
Expected: string or array or object Got: 0.

程式：inherit/room/room.c 第 25 行
物件：/data/room/adawong/qianting
呼叫来自：inherit/room/room.c 的 reset() 第 86 行，物件： data/room/adawong/qianting
呼叫来自：inherit/room/room.c 的 make_inventory() 第 25 行，物件： data/room/adawong/qianting

执行时段错误：*Bad argument 1 to call_other()
Expected: string or array or object Got: 0.

程式：inherit/room/room.c 第 25 行
物件：/data/room/pxhaha/qianting
呼叫来自：inherit/room/room.c 的 reset() 第 86 行，物件： data/room/pxhaha/qianting
呼叫来自：inherit/room/room.c 的 make_inventory() 第 25 行，物件： data/room/pxhaha/qianting

执行时段错误：*Bad argument 1 to call_other()
Expected: string or array or object Got: 0.

程式：inherit/room/room.c 第 25 行
物件：/data/room/pxdaye/qianting
呼叫来自：inherit/room/room.c 的 reset() 第 86 行，物件： data/room/pxdaye/qianting
呼叫来自：inherit/room/room.c 的 make_inventory() 第 25 行，物件： data/room/pxdaye/qianting

执行时段错误：*Bad argument 1 to call_other()
Expected: string or array or object Got: 0.

程式：inherit/room/room.c 第 25 行
物件：/d/luoyang/shuoshu
呼叫来自：inherit/room/room.c 的 reset() 第 86 行，物件： d/luoyang/shuoshu
呼叫来自：inherit/room/room.c 的 make_inventory() 第 25 行，物件： d/luoyang/shuoshu

执行时段错误：*Bad argument 1 to call_other()
Expected: string or array or object Got: 0.

程式：adm/daemons/punishd.c 第 161 行
物件：/adm/daemons/punishd
呼叫来自：adm/daemons/punishd.c 的 monitor() 第 148 行，物件： adm/daemons/punishd
呼叫来自：adm/daemons/punishd.c 的 family_punish() 第 162 行，物件： adm/daemons/punishd
呼叫来自：<function> 的 <function>() 第 0 行，物件： adm/daemons/punishd
呼叫来自：adm/daemons/punishd.c 的 <function>() 第 161 行，物件： adm/daemons/punishd
object /clone/user/user#9825: eval_cost too big 2000000

执行时段错误：*Too long evaluation. Execution aborted.

程式：feature/skill.c 第 366 行
物件：/clone/user/user#9825
呼叫来自：feature/command.c 的 command_hook() 第 77 行，物件： clone/user/user#9825 ("懒兔浩然")
呼叫来自：cmds/skill/research.c 的 main() 第 211 行，物件： cmds/skill/research
呼叫来自：feature/skill.c 的 improve_skill() 第 366 行，物件： clone/user/user#9825 ("懒兔浩然")

执行时段错误：*Bad argument 1 to call_other()
Expected: string or array or object Got: 0.

程式：adm/daemons/punishd.c 第 161 行
物件：/adm/daemons/punishd
呼叫来自：adm/daemons/punishd.c 的 monitor() 第 148 行，物件： adm/daemons/punishd
呼叫来自：adm/daemons/punishd.c 的 family_punish() 第 162 行，物件： adm/daemons/punishd
呼叫来自：<function> 的 <function>() 第 0 行，物件： adm/daemons/punishd
呼叫来自：adm/daemons/punishd.c 的 <function>() 第 161 行，物件： adm/daemons/punishd

执行时段错误：*Value being indexed is zero.

程式：clone/quest/search.c 第 91 行
物件：/clone/quest/search#85341
呼叫来自：adm/daemons/quest/search.c 的 heart_beat() 第 66 行，物件： adm/daemons/quest/search
呼叫来自：adm/daemons/quest/search.c 的 start_quest() 第 53 行，物件： adm/daemons/quest/search
呼叫来自：clone/quest/search.c 的 init_quest() 第 91 行，物件： clone/quest/search#85341 ("围攻0")
Heart beat in adm/daemons/quest/search turned off.

执行时段错误：*Bad argument 1 to call_other()
Expected: string or array or object Got: 0.

程式：adm/daemons/punishd.c 第 161 行
物件：/adm/daemons/punishd
呼叫来自：adm/daemons/punishd.c 的 monitor() 第 148 行，物件： adm/daemons/punishd
呼叫来自：adm/daemons/punishd.c 的 family_punish() 第 162 行，物件： adm/daemons/punishd
呼叫来自：<function> 的 <function>() 第 0 行，物件： adm/daemons/punishd
呼叫来自：adm/daemons/punishd.c 的 <function>() 第 161 行，物件： adm/daemons/punishd
object /clone/user/user#9825: eval_cost too big 2000000

执行时段错误：*Too long evaluation. Execution aborted.

程式：clone/user/user.c 第 125 行
物件：/clone/user/user#9825
呼叫来自：feature/command.c 的 command_hook() 第 77 行，物件： clone/user/user#9825 ("懒兔浩然")
呼叫来自：cmds/skill/research.c 的 main() 第 212 行，物件： cmds/skill/research
呼叫来自：feature/dbase.c 的 add() 第 107 行，物件： clone/user/user#9825 ("懒兔浩然")
呼叫来自：clone/user/user.c 的 set() 第 125 行，物件： clone/user/user#9825 ("懒兔浩然")

执行时段错误：*Bad argument 1 to call_other()
Expected: string or array or object Got: 0.

程式：clone/vip/xiang.c 第 281 行
物件：/clone/vip/xiang#39830
呼叫来自：clone/vip/xiang.c 的 do_take() 第 281 行，物件： clone/vip/xiang#39830 ("[1;37m随身仓库[2;37;0m")

执行时段错误：*Bad argument 1 to call_other()
Expected: string or array or object Got: 0.

程式：adm/daemons/punishd.c 第 161 行
物件：/adm/daemons/punishd
呼叫来自：adm/daemons/punishd.c 的 monitor() 第 148 行，物件： adm/daemons/punishd
呼叫来自：adm/daemons/punishd.c 的 family_punish() 第 162 行，物件： adm/daemons/punishd
呼叫来自：<function> 的 <function>() 第 0 行，物件： adm/daemons/punishd
呼叫来自：adm/daemons/punishd.c 的 <function>() 第 161 行，物件： adm/daemons/punishd

执行时段错误：*Bad argument 1 to call_other()
Expected: string or array or object Got: 0.

程式：feature/dbase.c 第 93 行
物件：/clone/user/user#82632
呼叫来自：clone/user/user.c 的 reset() 第 86 行，物件： clone/user/user#82632 ("胡庆余")
呼叫来自：feature/dbase.c 的 add() 第 93 行，物件： clone/user/user#82632 ("胡庆余")

执行时段错误：*Bad argument 1 to call_other()
Expected: string or array or object Got: 0.

程式：feature/dbase.c 第 93 行
物件：/clone/user/user#34698
呼叫来自：clone/user/user.c 的 reset() 第 86 行，物件： clone/user/user#34698 ("慕容秋荻")
呼叫来自：feature/dbase.c 的 add() 第 93 行，物件： clone/user/user#34698 ("慕容秋荻")

执行时段错误：*Bad argument 1 to call_other()
Expected: string or array or object Got: 0.

程式：inherit/room/room.c 第 25 行
物件：/data/room/obh1234/qianting
呼叫来自：inherit/room/room.c 的 reset() 第 86 行，物件： data/room/obh1234/qianting
呼叫来自：inherit/room/room.c 的 make_inventory() 第 25 行，物件： data/room/obh1234/qianting

执行时段错误：*Bad argument 1 to call_other()
Expected: string or array or object Got: 0.

程式：inherit/room/room.c 第 25 行
物件：/data/room/yxsyyr1/qianting
呼叫来自：inherit/room/room.c 的 reset() 第 86 行，物件： data/room/yxsyyr1/qianting
呼叫来自：inherit/room/room.c 的 make_inventory() 第 25 行，物件： data/room/yxsyyr1/qianting

执行时段错误：*Bad argument 1 to call_other()
Expected: string or array or object Got: 0.

程式：inherit/room/room.c 第 25 行
物件：/data/room/moyin/qianting
呼叫来自：inherit/room/room.c 的 reset() 第 86 行，物件： data/room/moyin/qianting
呼叫来自：inherit/room/room.c 的 make_inventory() 第 25 行，物件： data/room/moyin/qianting

执行时段错误：*Error in loading object '/d/wudu/npc/qiandu3'

程式：inherit/room/room.c 第 24 行
物件：/d/wudu/qiandu2
呼叫来自：inherit/room/room.c 的 reset() 第 86 行，物件： d/wudu/qiandu2
呼叫来自：inherit/room/room.c 的 make_inventory() 第 24 行，物件： d/wudu/qiandu2

执行时段错误：*Error in loading object '/d/mingjiao/npc/tangyang'

程式：inherit/room/room.c 第 24 行
物件：/d/mingjiao/hsqdating
呼叫来自：inherit/room/room.c 的 reset() 第 86 行，物件： d/mingjiao/hsqdating
呼叫来自：inherit/room/room.c 的 make_inventory() 第 24 行，物件： d/mingjiao/hsqdating

执行时段错误：*Error in loading object '/kungfu/class/sky/obj/shenjiu'

程式：inherit/char/npc.c 第 17 行
物件：/d/luoyang/npc/libai#85894
呼叫来自：inherit/room/room.c 的 reset() 第 86 行，物件： d/luoyang/zuixianlou4
呼叫来自：inherit/room/room.c 的 make_inventory() 第 24 行，物件： d/luoyang/zuixianlou4
呼叫来自：d/luoyang/npc/libai.c 的 create() 第 64 行，物件： d/luoyang/npc/libai#85894 ("李白")
呼叫来自：inherit/char/npc.c 的 carry_object() 第 17 行，物件： d/luoyang/npc/libai#85894 ("李白")

执行时段错误：*Bad argument 1 to call_other()
Expected: string or array or object Got: 0.

程式：inherit/room/room.c 第 25 行
物件：/data/room/w2544460429/qianting
呼叫来自：inherit/room/room.c 的 reset() 第 86 行，物件： data/room/w2544460429/qianting
呼叫来自：inherit/room/room.c 的 make_inventory() 第 25 行，物件： data/room/w2544460429/qianting

执行时段错误：*Bad argument 1 to call_other()
Expected: string or array or object Got: 0.

程式：inherit/room/room.c 第 25 行
物件：/data/room/yixingbu/qianting
呼叫来自：inherit/room/room.c 的 reset() 第 86 行，物件： data/room/yixingbu/qianting
呼叫来自：inherit/room/room.c 的 make_inventory() 第 25 行，物件： data/room/yixingbu/qianting

执行时段错误：*Bad argument 1 to call_other()
Expected: string or array or object Got: 0.

程式：inherit/room/room.c 第 25 行
物件：/data/room/qazzaq/qianting
呼叫来自：inherit/room/room.c 的 reset() 第 86 行，物件： data/room/qazzaq/qianting
呼叫来自：inherit/room/room.c 的 make_inventory() 第 25 行，物件： data/room/qazzaq/qianting

执行时段错误：*Bad argument 1 to call_other()
Expected: string or array or object Got: 0.

程式：inherit/room/room.c 第 25 行
物件：/data/room/pxhaha/qianting
呼叫来自：inherit/room/room.c 的 reset() 第 86 行，物件： data/room/pxhaha/qianting
呼叫来自：inherit/room/room.c 的 make_inventory() 第 25 行，物件： data/room/pxhaha/qianting

执行时段错误：*Bad argument 1 to call_other()
Expected: string or array or object Got: 0.

程式：inherit/room/room.c 第 25 行
物件：/d/luoyang/shuoshu
呼叫来自：inherit/room/room.c 的 reset() 第 86 行，物件： d/luoyang/shuoshu
呼叫来自：inherit/room/room.c 的 make_inventory() 第 25 行，物件： d/luoyang/shuoshu

执行时段错误：*Bad argument 1 to call_other()
Expected: string or array or object Got: 0.

程式：inherit/room/room.c 第 25 行
物件：/data/room/hubert/qianting
呼叫来自：inherit/room/room.c 的 reset() 第 86 行，物件： data/room/hubert/qianting
呼叫来自：inherit/room/room.c 的 make_inventory() 第 25 行，物件： data/room/hubert/qianting

执行时段错误：*Bad argument 1 to call_other()
Expected: string or array or object Got: 0.

程式：feature/dbase.c 第 93 行
物件：/clone/user/user
呼叫来自：clone/user/user.c 的 reset() 第 86 行，物件： clone/user/user ("使用者物件")
呼叫来自：feature/dbase.c 的 add() 第 93 行，物件： clone/user/user ("使用者物件")

执行时段错误：*Bad argument 1 to call_other()
Expected: string or array or object Got: 0.

程式：adm/daemons/punishd.c 第 161 行
物件：/adm/daemons/punishd
呼叫来自：adm/daemons/punishd.c 的 monitor() 第 148 行，物件： adm/daemons/punishd
呼叫来自：adm/daemons/punishd.c 的 family_punish() 第 162 行，物件： adm/daemons/punishd
呼叫来自：<function> 的 <function>() 第 0 行，物件： adm/daemons/punishd
呼叫来自：adm/daemons/punishd.c 的 <function>() 第 161 行，物件： adm/daemons/punishd

执行时段错误：*Bad argument 1 to call_other()
Expected: string or array or object Got: 0.

程式：adm/daemons/punishd.c 第 161 行
物件：/adm/daemons/punishd
呼叫来自：adm/daemons/punishd.c 的 monitor() 第 148 行，物件： adm/daemons/punishd
呼叫来自：adm/daemons/punishd.c 的 family_punish() 第 162 行，物件： adm/daemons/punishd
呼叫来自：<function> 的 <function>() 第 0 行，物件： adm/daemons/punishd
呼叫来自：adm/daemons/punishd.c 的 <function>() 第 161 行，物件： adm/daemons/punishd

执行时段错误：*Value being indexed is zero.

程式：clone/quest/search.c 第 91 行
物件：/clone/quest/search#86501
呼叫来自：adm/daemons/quest/search.c 的 heart_beat() 第 66 行，物件： adm/daemons/quest/search
呼叫来自：adm/daemons/quest/search.c 的 start_quest() 第 53 行，物件： adm/daemons/quest/search
呼叫来自：clone/quest/search.c 的 init_quest() 第 91 行，物件： clone/quest/search#86501 ("围攻0")
Heart beat in adm/daemons/quest/search turned off.
object /clone/user/user#82632: eval_cost too big 2000000

执行时段错误：*Too long evaluation. Execution aborted.

程式：feature/dbase.c 第 87 行
物件：/clone/user/user#82632
呼叫来自：feature/command.c 的 command_hook() 第 77 行，物件： clone/user/user#82632 ("胡庆余")
呼叫来自：cmds/skill/research.c 的 main() 第 209 行，物件： cmds/skill/research
呼叫来自：feature/dbase.c 的 add() 第 87 行，物件： clone/user/user#82632 ("胡庆余")

执行时段错误：*Bad argument 1 to call_other()
Expected: string or array or object Got: 0.

程式：adm/daemons/punishd.c 第 161 行
物件：/adm/daemons/punishd
呼叫来自：adm/daemons/punishd.c 的 monitor() 第 148 行，物件： adm/daemons/punishd
呼叫来自：adm/daemons/punishd.c 的 family_punish() 第 162 行，物件： adm/daemons/punishd
呼叫来自：<function> 的 <function>() 第 0 行，物件： adm/daemons/punishd
呼叫来自：adm/daemons/punishd.c 的 <function>() 第 161 行，物件： adm/daemons/punishd
get_user_data: read on fd 612
System Error: get_user_data: read: 当文件已存在时，无法创建该文件。


执行时段错误：*Bad argument 1 to call_other()
Expected: string or array or object Got: 0.

程式：adm/daemons/punishd.c 第 161 行
物件：/adm/daemons/punishd
呼叫来自：adm/daemons/punishd.c 的 monitor() 第 148 行，物件： adm/daemons/punishd
呼叫来自：adm/daemons/punishd.c 的 family_punish() 第 162 行，物件： adm/daemons/punishd
呼叫来自：<function> 的 <function>() 第 0 行，物件： adm/daemons/punishd
呼叫来自：adm/daemons/punishd.c 的 <function>() 第 161 行，物件： adm/daemons/punishd

执行时段错误：*Error in loading object '/d/mingjiao/npc/yanyuan'

程式：inherit/room/room.c 第 24 行
物件：/d/mingjiao/htqdating
呼叫来自：inherit/room/room.c 的 reset() 第 86 行，物件： d/mingjiao/htqdating
呼叫来自：inherit/room/room.c 的 make_inventory() 第 24 行，物件： d/mingjiao/htqdating

执行时段错误：*Bad argument 1 to call_other()
Expected: string or array or object Got: 0.

程式：feature/dbase.c 第 93 行
物件：/clone/user/user#34698
呼叫来自：clone/user/user.c 的 reset() 第 86 行，物件： clone/user/user#34698 ("慕容秋荻")
呼叫来自：feature/dbase.c 的 add() 第 93 行，物件： clone/user/user#34698 ("慕容秋荻")

执行时段错误：*Error in loading object '/d/mingjiao/npc/wujincao'

程式：inherit/room/room.c 第 24 行
物件：/d/mingjiao/rjqlwch
呼叫来自：inherit/room/room.c 的 reset() 第 86 行，物件： d/mingjiao/rjqlwch
呼叫来自：inherit/room/room.c 的 make_inventory() 第 24 行，物件： d/mingjiao/rjqlwch

执行时段错误：*Bad argument 1 to call_other()
Expected: string or array or object Got: 0.

程式：inherit/room/room.c 第 25 行
物件：/data/room/liu12345/qianting
呼叫来自：inherit/room/room.c 的 reset() 第 86 行，物件： data/room/liu12345/qianting
呼叫来自：inherit/room/room.c 的 make_inventory() 第 25 行，物件： data/room/liu12345/qianting

执行时段错误：*Bad argument 1 to call_other()
Expected: string or array or object Got: 0.

程式：inherit/room/room.c 第 25 行
物件：/data/room/obh1234/qianting
呼叫来自：inherit/room/room.c 的 reset() 第 86 行，物件： data/room/obh1234/qianting
呼叫来自：inherit/room/room.c 的 make_inventory() 第 25 行，物件： data/room/obh1234/qianting

执行时段错误：*Inherited file '/inherit/char/lang2' does not exist!

程式：inherit/room/room.c 第 24 行
物件：/d/wudu/langwo
呼叫来自：inherit/room/room.c 的 reset() 第 86 行，物件： d/wudu/langwo
呼叫来自：inherit/room/room.c 的 make_inventory() 第 24 行，物件： d/wudu/langwo

执行时段错误：*Bad argument 1 to call_other()
Expected: string or array or object Got: 0.

程式：inherit/room/room.c 第 25 行
物件：/data/room/moyin/qianting
呼叫来自：inherit/room/room.c 的 reset() 第 86 行，物件： data/room/moyin/qianting
呼叫来自：inherit/room/room.c 的 make_inventory() 第 25 行，物件： data/room/moyin/qianting

执行时段错误：*Bad argument 1 to call_other()
Expected: string or array or object Got: 0.

程式：inherit/room/room.c 第 25 行
物件：/data/room/tyz000/qianting
呼叫来自：inherit/room/room.c 的 reset() 第 86 行，物件： data/room/tyz000/qianting
呼叫来自：inherit/room/room.c 的 make_inventory() 第 25 行，物件： data/room/tyz000/qianting

执行时段错误：*Bad argument 1 to call_other()
Expected: string or array or object Got: 0.

程式：inherit/room/room.c 第 25 行
物件：/data/room/w2544460429/qianting
呼叫来自：inherit/room/room.c 的 reset() 第 86 行，物件： data/room/w2544460429/qianting
呼叫来自：inherit/room/room.c 的 make_inventory() 第 25 行，物件： data/room/w2544460429/qianting

执行时段错误：*Bad argument 1 to call_other()
Expected: string or array or object Got: 0.

程式：inherit/room/room.c 第 25 行
物件：/data/room/adawong/qianting
呼叫来自：inherit/room/room.c 的 reset() 第 86 行，物件： data/room/adawong/qianting
呼叫来自：inherit/room/room.c 的 make_inventory() 第 25 行，物件： data/room/adawong/qianting

执行时段错误：*Bad argument 1 to call_other()
Expected: string or array or object Got: 0.

程式：inherit/room/room.c 第 25 行
物件：/data/room/pxdaye/qianting
呼叫来自：inherit/room/room.c 的 reset() 第 86 行，物件： data/room/pxdaye/qianting
呼叫来自：inherit/room/room.c 的 make_inventory() 第 25 行，物件： data/room/pxdaye/qianting

执行时段错误：*Bad argument 1 to call_other()
Expected: string or array or object Got: 0.

程式：inherit/room/room.c 第 25 行
物件：/data/room/hubert/qianting
呼叫来自：inherit/room/room.c 的 reset() 第 86 行，物件： data/room/hubert/qianting
呼叫来自：inherit/room/room.c 的 make_inventory() 第 25 行，物件： data/room/hubert/qianting

执行时段错误：*Bad argument 1 to call_other()
Expected: string or array or object Got: 0.

程式：adm/daemons/punishd.c 第 161 行
物件：/adm/daemons/punishd
呼叫来自：adm/daemons/punishd.c 的 monitor() 第 148 行，物件： adm/daemons/punishd
呼叫来自：adm/daemons/punishd.c 的 family_punish() 第 162 行，物件： adm/daemons/punishd
呼叫来自：<function> 的 <function>() 第 0 行，物件： adm/daemons/punishd
呼叫来自：adm/daemons/punishd.c 的 <function>() 第 161 行，物件： adm/daemons/punishd

执行时段错误：*Bad argument 1 to call_other()
Expected: string or array or object Got: 0.

程式：adm/daemons/punishd.c 第 161 行
物件：/adm/daemons/punishd
呼叫来自：adm/daemons/punishd.c 的 monitor() 第 148 行，物件： adm/daemons/punishd
呼叫来自：adm/daemons/punishd.c 的 family_punish() 第 162 行，物件： adm/daemons/punishd
呼叫来自：<function> 的 <function>() 第 0 行，物件： adm/daemons/punishd
呼叫来自：adm/daemons/punishd.c 的 <function>() 第 161 行，物件： adm/daemons/punishd

执行时段错误：*Bad argument 1 to environment()
Expected: object Got: 0.

程式：inherit/char/boss.c 第 37 行
物件：0
呼叫来自：inherit/char/char.c 的 heart_beat() 第 94 行，物件： 0
呼叫来自：quest/tulong/npc/dragon.c 的 unconcious() 第 178 行，物件： 0
呼叫来自：quest/tulong/npc/dragon.c 的 die() 第 164 行，物件： 0
呼叫来自：inherit/char/boss.c 的 die() 第 37 行，物件： 0
Heart beat in quest/tulong/npc/dragon#88013 turned off.

执行时段错误：*Value being indexed is zero.

程式：clone/quest/search.c 第 91 行
物件：/clone/quest/search#88113
呼叫来自：adm/daemons/quest/search.c 的 heart_beat() 第 66 行，物件： adm/daemons/quest/search
呼叫来自：adm/daemons/quest/search.c 的 start_quest() 第 53 行，物件： adm/daemons/quest/search
呼叫来自：clone/quest/search.c 的 init_quest() 第 91 行，物件： clone/quest/search#88113 ("围攻0")
Heart beat in adm/daemons/quest/search turned off.

执行时段错误：*Bad argument 1 to call_other()
Expected: string or array or object Got: 0.

程式：adm/daemons/punishd.c 第 161 行
物件：/adm/daemons/punishd
呼叫来自：adm/daemons/punishd.c 的 monitor() 第 148 行，物件： adm/daemons/punishd
呼叫来自：adm/daemons/punishd.c 的 family_punish() 第 162 行，物件： adm/daemons/punishd
呼叫来自：<function> 的 <function>() 第 0 行，物件： adm/daemons/punishd
呼叫来自：adm/daemons/punishd.c 的 <function>() 第 161 行，物件： adm/daemons/punishd

执行时段错误：*Bad argument 1 to call_other()
Expected: string or array or object Got: 0.

程式：adm/daemons/punishd.c 第 161 行
物件：/adm/daemons/punishd
呼叫来自：adm/daemons/punishd.c 的 monitor() 第 148 行，物件： adm/daemons/punishd
呼叫来自：adm/daemons/punishd.c 的 family_punish() 第 162 行，物件： adm/daemons/punishd
呼叫来自：<function> 的 <function>() 第 0 行，物件： adm/daemons/punishd
呼叫来自：adm/daemons/punishd.c 的 <function>() 第 161 行，物件： adm/daemons/punishd

执行时段错误：*Bad argument 1 to call_other()
Expected: string or array or object Got: 0.

程式：feature/dbase.c 第 93 行
物件：/clone/user/user#34698
呼叫来自：clone/user/user.c 的 reset() 第 86 行，物件： clone/user/user#34698 ("慕容秋荻")
呼叫来自：feature/dbase.c 的 add() 第 93 行，物件： clone/user/user#34698 ("慕容秋荻")

执行时段错误：*Error in loading object '/d/mingjiao/npc/wujincao'

程式：inherit/room/room.c 第 24 行
物件：/d/mingjiao/rjqlwch
呼叫来自：inherit/room/room.c 的 reset() 第 86 行，物件： d/mingjiao/rjqlwch
呼叫来自：inherit/room/room.c 的 make_inventory() 第 24 行，物件： d/mingjiao/rjqlwch

执行时段错误：*Bad argument 1 to call_other()
Expected: string or array or object Got: 0.

程式：inherit/room/room.c 第 25 行
物件：/data/room/obh1234/qianting
呼叫来自：inherit/room/room.c 的 reset() 第 86 行，物件： data/room/obh1234/qianting
呼叫来自：inherit/room/room.c 的 make_inventory() 第 25 行，物件： data/room/obh1234/qianting

执行时段错误：*Bad argument 1 to call_other()
Expected: string or array or object Got: 0.

程式：inherit/room/room.c 第 25 行
物件：/data/room/yxsyyr1/qianting
呼叫来自：inherit/room/room.c 的 reset() 第 86 行，物件： data/room/yxsyyr1/qianting
呼叫来自：inherit/room/room.c 的 make_inventory() 第 25 行，物件： data/room/yxsyyr1/qianting

执行时段错误：*Error in loading object '/d/wudu/npc/qiandu3'

程式：inherit/room/room.c 第 24 行
物件：/d/wudu/qiandu2
呼叫来自：inherit/room/room.c 的 reset() 第 86 行，物件： d/wudu/qiandu2
呼叫来自：inherit/room/room.c 的 make_inventory() 第 24 行，物件： d/wudu/qiandu2

执行时段错误：*Error in loading object '/d/mingjiao/npc/tangyang'

程式：inherit/room/room.c 第 24 行
物件：/d/mingjiao/hsqdating
呼叫来自：inherit/room/room.c 的 reset() 第 86 行，物件： d/mingjiao/hsqdating
呼叫来自：inherit/room/room.c 的 make_inventory() 第 24 行，物件： d/mingjiao/hsqdating

执行时段错误：*Bad argument 1 to call_other()
Expected: string or array or object Got: 0.

程式：inherit/room/room.c 第 25 行
物件：/data/room/tyz000/qianting
呼叫来自：inherit/room/room.c 的 reset() 第 86 行，物件： data/room/tyz000/qianting
呼叫来自：inherit/room/room.c 的 make_inventory() 第 25 行，物件： data/room/tyz000/qianting

执行时段错误：*Error in loading object '/kungfu/class/sky/obj/shenjiu'

程式：inherit/char/npc.c 第 17 行
物件：/d/luoyang/npc/libai#89320
呼叫来自：inherit/room/room.c 的 reset() 第 86 行，物件： d/luoyang/zuixianlou4
呼叫来自：inherit/room/room.c 的 make_inventory() 第 24 行，物件： d/luoyang/zuixianlou4
呼叫来自：d/luoyang/npc/libai.c 的 create() 第 64 行，物件： d/luoyang/npc/libai#89320 ("李白")
呼叫来自：inherit/char/npc.c 的 carry_object() 第 17 行，物件： d/luoyang/npc/libai#89320 ("李白")

执行时段错误：*Bad argument 1 to call_other()
Expected: string or array or object Got: 0.

程式：inherit/room/room.c 第 25 行
物件：/data/room/w2544460429/qianting
呼叫来自：inherit/room/room.c 的 reset() 第 86 行，物件： data/room/w2544460429/qianting
呼叫来自：inherit/room/room.c 的 make_inventory() 第 25 行，物件： data/room/w2544460429/qianting

执行时段错误：*Bad argument 1 to call_other()
Expected: string or array or object Got: 0.

程式：inherit/room/room.c 第 25 行
物件：/data/room/yixingbu/qianting
呼叫来自：inherit/room/room.c 的 reset() 第 86 行，物件： data/room/yixingbu/qianting
呼叫来自：inherit/room/room.c 的 make_inventory() 第 25 行，物件： data/room/yixingbu/qianting

执行时段错误：*Bad argument 1 to call_other()
Expected: string or array or object Got: 0.

程式：inherit/room/room.c 第 25 行
物件：/data/room/qazzaq/qianting
呼叫来自：inherit/room/room.c 的 reset() 第 86 行，物件： data/room/qazzaq/qianting
呼叫来自：inherit/room/room.c 的 make_inventory() 第 25 行，物件： data/room/qazzaq/qianting

执行时段错误：*Bad argument 1 to call_other()
Expected: string or array or object Got: 0.

程式：inherit/room/room.c 第 25 行
物件：/data/room/pxhaha/qianting
呼叫来自：inherit/room/room.c 的 reset() 第 86 行，物件： data/room/pxhaha/qianting
呼叫来自：inherit/room/room.c 的 make_inventory() 第 25 行，物件： data/room/pxhaha/qianting

执行时段错误：*Bad argument 1 to call_other()
Expected: string or array or object Got: 0.

程式：inherit/room/room.c 第 25 行
物件：/data/room/pxdaye/qianting
呼叫来自：inherit/room/room.c 的 reset() 第 86 行，物件： data/room/pxdaye/qianting
呼叫来自：inherit/room/room.c 的 make_inventory() 第 25 行，物件： data/room/pxdaye/qianting

执行时段错误：*Bad argument 1 to call_other()
Expected: string or array or object Got: 0.

程式：inherit/room/room.c 第 25 行
物件：/d/luoyang/shuoshu
呼叫来自：inherit/room/room.c 的 reset() 第 86 行，物件： d/luoyang/shuoshu
呼叫来自：inherit/room/room.c 的 make_inventory() 第 25 行，物件： d/luoyang/shuoshu

执行时段错误：*Bad argument 1 to call_other()
Expected: string or array or object Got: 0.

程式：inherit/room/room.c 第 25 行
物件：/data/room/hubert/qianting
呼叫来自：inherit/room/room.c 的 reset() 第 86 行，物件： data/room/hubert/qianting
呼叫来自：inherit/room/room.c 的 make_inventory() 第 25 行，物件： data/room/hubert/qianting

执行时段错误：*Bad argument 1 to call_other()
Expected: string or array or object Got: 0.

程式：feature/skill.c 第 376 行
物件：/clone/user/user#710
呼叫来自：clone/user/user.c 的 reset() 第 107 行，物件： clone/user/user#710 ("安风")
呼叫来自：feature/skill.c 的 improve_skill() 第 376 行，物件： clone/user/user#710 ("安风")

执行时段错误：*Bad argument 1 to call_other()
Expected: string or array or object Got: 0.

程式：feature/dbase.c 第 93 行
物件：/clone/user/user
呼叫来自：clone/user/user.c 的 reset() 第 86 行，物件： clone/user/user ("使用者物件")
呼叫来自：feature/dbase.c 的 add() 第 93 行，物件： clone/user/user ("使用者物件")

执行时段错误：*Bad argument 1 to call_other()
Expected: string or array or object Got: 0.

程式：adm/daemons/punishd.c 第 161 行
物件：/adm/daemons/punishd
呼叫来自：adm/daemons/punishd.c 的 monitor() 第 148 行，物件： adm/daemons/punishd
呼叫来自：adm/daemons/punishd.c 的 family_punish() 第 162 行，物件： adm/daemons/punishd
呼叫来自：<function> 的 <function>() 第 0 行，物件： adm/daemons/punishd
呼叫来自：adm/daemons/punishd.c 的 <function>() 第 161 行，物件： adm/daemons/punishd
错误讯息被拦截：
执行时段错误：*Error in loading object '/adm/daemons/story/labazhou'

程式：adm/daemons/storyd.c 第 131 行
物件：/adm/daemons/storyd
呼叫来自：adm/daemons/storyd.c 的 start_story() 第 131 行，物件： adm/daemons/storyd
呼叫来自：adm/daemons/storyd.c 的 CATCH() 第 131 行，物件： adm/daemons/storyd

执行时段错误：*Bad argument 1 to call_other()
Expected: string or array or object Got: 0.

程式：adm/daemons/punishd.c 第 161 行
物件：/adm/daemons/punishd
呼叫来自：adm/daemons/punishd.c 的 monitor() 第 148 行，物件： adm/daemons/punishd
呼叫来自：adm/daemons/punishd.c 的 family_punish() 第 162 行，物件： adm/daemons/punishd
呼叫来自：<function> 的 <function>() 第 0 行，物件： adm/daemons/punishd
呼叫来自：adm/daemons/punishd.c 的 <function>() 第 161 行，物件： adm/daemons/punishd
object /clone/user/user#9825: eval_cost too big 2000000

执行时段错误：*Too long evaluation. Execution aborted.

程式：feature/dbase.c 第 107 行
物件：/clone/user/user#9825
呼叫来自：feature/command.c 的 command_hook() 第 77 行，物件： clone/user/user#9825 ("懒兔浩然")
呼叫来自：cmds/skill/research.c 的 main() 第 212 行，物件： cmds/skill/research
呼叫来自：feature/dbase.c 的 add() 第 107 行，物件： clone/user/user#9825 ("懒兔浩然")

执行时段错误：*Value being indexed is zero.

程式：clone/quest/search.c 第 91 行
物件：/clone/quest/search#89918
呼叫来自：adm/daemons/quest/search.c 的 heart_beat() 第 66 行，物件： adm/daemons/quest/search
呼叫来自：adm/daemons/quest/search.c 的 start_quest() 第 53 行，物件： adm/daemons/quest/search
呼叫来自：clone/quest/search.c 的 init_quest() 第 91 行，物件： clone/quest/search#89918 ("围攻0")
Heart beat in adm/daemons/quest/search turned off.

执行时段错误：*Bad argument 1 to call_other()
Expected: string or array or object Got: 0.

程式：adm/daemons/punishd.c 第 161 行
物件：/adm/daemons/punishd
呼叫来自：adm/daemons/punishd.c 的 monitor() 第 148 行，物件： adm/daemons/punishd
呼叫来自：adm/daemons/punishd.c 的 family_punish() 第 162 行，物件： adm/daemons/punishd
呼叫来自：<function> 的 <function>() 第 0 行，物件： adm/daemons/punishd
呼叫来自：adm/daemons/punishd.c 的 <function>() 第 161 行，物件： adm/daemons/punishd
get_user_data: read on fd 604
System Error: get_user_data: read: 当文件已存在时，无法创建该文件。


执行时段错误：*Bad argument 1 to call_other()
Expected: string or array or object Got: 0.

程式：adm/daemons/punishd.c 第 161 行
物件：/adm/daemons/punishd
呼叫来自：adm/daemons/punishd.c 的 monitor() 第 148 行，物件： adm/daemons/punishd
呼叫来自：adm/daemons/punishd.c 的 family_punish() 第 162 行，物件： adm/daemons/punishd
呼叫来自：<function> 的 <function>() 第 0 行，物件： adm/daemons/punishd
呼叫来自：adm/daemons/punishd.c 的 <function>() 第 161 行，物件： adm/daemons/punishd

执行时段错误：*call_other() couldn't find object

程式：adm/daemons/npcd.c 第 421 行
物件：/adm/daemons/npcd
呼叫来自：inherit/char/char.c 的 heart_beat() 第 133 行，物件： kungfu/class/generate/killed#90860 ("欧阳萧")
呼叫来自：inherit/char/npc.c 的 scan() 第 299 行，物件： kungfu/class/generate/killed#90860 ("欧阳萧")
呼叫来自：inherit/char/npc.c 的 chat() 第 377 行，物件： kungfu/class/generate/killed#90860 ("欧阳萧")
呼叫来自：<function> 的 <function>() 第 0 行，物件： kungfu/class/generate/killed#90860 ("欧阳萧")
呼叫来自：kungfu/class/generate/killed.c 的 random_move() 第 664 行，物件： kungfu/class/generate/killed#90860 ("欧阳萧")
呼叫来自：adm/daemons/npcd.c 的 random_move() 第 421 行，物件： adm/daemons/npcd
Heart beat in kungfu/class/generate/killed#90860 turned off.

执行时段错误：*Bad argument 1 to call_other()
Expected: string or array or object Got: 0.

程式：adm/daemons/punishd.c 第 161 行
物件：/adm/daemons/punishd
呼叫来自：adm/daemons/punishd.c 的 monitor() 第 148 行，物件： adm/daemons/punishd
呼叫来自：adm/daemons/punishd.c 的 family_punish() 第 162 行，物件： adm/daemons/punishd
呼叫来自：<function> 的 <function>() 第 0 行，物件： adm/daemons/punishd
呼叫来自：adm/daemons/punishd.c 的 <function>() 第 161 行，物件： adm/daemons/punishd

执行时段错误：*Error in loading object '/d/mingjiao/npc/yanyuan'

程式：inherit/room/room.c 第 24 行
物件：/d/mingjiao/htqdating
呼叫来自：inherit/room/room.c 的 reset() 第 86 行，物件： d/mingjiao/htqdating
呼叫来自：inherit/room/room.c 的 make_inventory() 第 24 行，物件： d/mingjiao/htqdating

执行时段错误：*Error in loading object '/d/mingjiao/npc/wujincao'

程式：inherit/room/room.c 第 24 行
物件：/d/mingjiao/rjqlwch
呼叫来自：inherit/room/room.c 的 reset() 第 86 行，物件： d/mingjiao/rjqlwch
呼叫来自：inherit/room/room.c 的 make_inventory() 第 24 行，物件： d/mingjiao/rjqlwch

执行时段错误：*Bad argument 1 to call_other()
Expected: string or array or object Got: 0.

程式：inherit/room/room.c 第 25 行
物件：/data/room/liu12345/qianting
呼叫来自：inherit/room/room.c 的 reset() 第 86 行，物件： data/room/liu12345/qianting
呼叫来自：inherit/room/room.c 的 make_inventory() 第 25 行，物件： data/room/liu12345/qianting

执行时段错误：*Bad argument 1 to call_other()
Expected: string or array or object Got: 0.

程式：inherit/room/room.c 第 25 行
物件：/data/room/obh1234/qianting
呼叫来自：inherit/room/room.c 的 reset() 第 86 行，物件： data/room/obh1234/qianting
呼叫来自：inherit/room/room.c 的 make_inventory() 第 25 行，物件： data/room/obh1234/qianting

执行时段错误：*Inherited file '/inherit/char/lang2' does not exist!

程式：inherit/room/room.c 第 24 行
物件：/d/wudu/langwo
呼叫来自：inherit/room/room.c 的 reset() 第 86 行，物件： d/wudu/langwo
呼叫来自：inherit/room/room.c 的 make_inventory() 第 24 行，物件： d/wudu/langwo

执行时段错误：*Bad argument 1 to call_other()
Expected: string or array or object Got: 0.

程式：inherit/room/room.c 第 25 行
物件：/data/room/moyin/qianting
呼叫来自：inherit/room/room.c 的 reset() 第 86 行，物件： data/room/moyin/qianting
呼叫来自：inherit/room/room.c 的 make_inventory() 第 25 行，物件： data/room/moyin/qianting

执行时段错误：*Bad argument 1 to call_other()
Expected: string or array or object Got: 0.

程式：inherit/room/room.c 第 25 行
物件：/data/room/tyz000/qianting
呼叫来自：inherit/room/room.c 的 reset() 第 86 行，物件： data/room/tyz000/qianting
呼叫来自：inherit/room/room.c 的 make_inventory() 第 25 行，物件： data/room/tyz000/qianting

执行时段错误：*Error in loading object '/kungfu/class/sky/obj/shenjiu'

程式：inherit/char/npc.c 第 17 行
物件：/d/luoyang/npc/libai#91273
呼叫来自：inherit/room/room.c 的 reset() 第 86 行，物件： d/luoyang/zuixianlou4
呼叫来自：inherit/room/room.c 的 make_inventory() 第 24 行，物件： d/luoyang/zuixianlou4
呼叫来自：d/luoyang/npc/libai.c 的 create() 第 64 行，物件： d/luoyang/npc/libai#91273 ("李白")
呼叫来自：inherit/char/npc.c 的 carry_object() 第 17 行，物件： d/luoyang/npc/libai#91273 ("李白")

执行时段错误：*Bad argument 1 to call_other()
Expected: string or array or object Got: 0.

程式：inherit/room/room.c 第 25 行
物件：/data/room/qazzaq/qianting
呼叫来自：inherit/room/room.c 的 reset() 第 86 行，物件： data/room/qazzaq/qianting
呼叫来自：inherit/room/room.c 的 make_inventory() 第 25 行，物件： data/room/qazzaq/qianting

执行时段错误：*Bad argument 1 to call_other()
Expected: string or array or object Got: 0.

程式：inherit/room/room.c 第 25 行
物件：/data/room/adawong/qianting
呼叫来自：inherit/room/room.c 的 reset() 第 86 行，物件： data/room/adawong/qianting
呼叫来自：inherit/room/room.c 的 make_inventory() 第 25 行，物件： data/room/adawong/qianting

执行时段错误：*Bad argument 1 to call_other()
Expected: string or array or object Got: 0.

程式：inherit/room/room.c 第 25 行
物件：/d/luoyang/shuoshu
呼叫来自：inherit/room/room.c 的 reset() 第 86 行，物件： d/luoyang/shuoshu
呼叫来自：inherit/room/room.c 的 make_inventory() 第 25 行，物件： d/luoyang/shuoshu

执行时段错误：*Bad argument 1 to environment()
Expected: object Got: 0.

程式：inherit/char/boss.c 第 37 行
物件：0
呼叫来自：inherit/char/char.c 的 heart_beat() 第 94 行，物件： 0
呼叫来自：quest/tulong/npc/dragon.c 的 unconcious() 第 178 行，物件： 0
呼叫来自：quest/tulong/npc/dragon.c 的 die() 第 164 行，物件： 0
呼叫来自：inherit/char/boss.c 的 die() 第 37 行，物件： 0
Heart beat in quest/tulong/npc/dragon#91553 turned off.

执行时段错误：*Bad argument 1 to exec()

程式：adm/single/simul_efun.c 第 25 行
物件：/adm/single/simul_efun
呼叫来自：adm/daemons/logind.c 的 get_user() 第 222 行，物件： adm/daemons/logind
呼叫来自：adm/daemons/logind.c 的 reconnect() 第 484 行，物件： adm/daemons/logind
呼叫来自：adm/single/simul_efun.c 的 exec() 第 25 行，物件： adm/single/simul_efun
get_user_data: read on fd 544
System Error: get_user_data: read: 当文件已存在时，无法创建该文件。


执行时段错误：*Bad argument 1 to call_other()
Expected: string or array or object Got: 0.

程式：adm/daemons/punishd.c 第 161 行
物件：/adm/daemons/punishd
呼叫来自：adm/daemons/punishd.c 的 monitor() 第 148 行，物件： adm/daemons/punishd
呼叫来自：adm/daemons/punishd.c 的 family_punish() 第 162 行，物件： adm/daemons/punishd
呼叫来自：<function> 的 <function>() 第 0 行，物件： adm/daemons/punishd
呼叫来自：adm/daemons/punishd.c 的 <function>() 第 161 行，物件： adm/daemons/punishd
get_user_data: read on fd 544
System Error: get_user_data: read: 当文件已存在时，无法创建该文件。


执行时段错误：*Bad argument 1 to call_other()
Expected: string or array or object Got: 0.

程式：adm/daemons/punishd.c 第 161 行
物件：/adm/daemons/punishd
呼叫来自：adm/daemons/punishd.c 的 monitor() 第 148 行，物件： adm/daemons/punishd
呼叫来自：adm/daemons/punishd.c 的 family_punish() 第 162 行，物件： adm/daemons/punishd
呼叫来自：<function> 的 <function>() 第 0 行，物件： adm/daemons/punishd
呼叫来自：adm/daemons/punishd.c 的 <function>() 第 161 行，物件： adm/daemons/punishd

执行时段错误：*Value being indexed is zero.

程式：clone/quest/search.c 第 91 行
物件：/clone/quest/search#92340
呼叫来自：adm/daemons/quest/search.c 的 heart_beat() 第 66 行，物件： adm/daemons/quest/search
呼叫来自：adm/daemons/quest/search.c 的 start_quest() 第 53 行，物件： adm/daemons/quest/search
呼叫来自：clone/quest/search.c 的 init_quest() 第 91 行，物件： clone/quest/search#92340 ("围攻0")
Heart beat in adm/daemons/quest/search turned off.

执行时段错误：*Bad argument 1 to call_other()
Expected: string or array or object Got: 0.

程式：adm/daemons/punishd.c 第 161 行
物件：/adm/daemons/punishd
呼叫来自：adm/daemons/punishd.c 的 monitor() 第 148 行，物件： adm/daemons/punishd
呼叫来自：adm/daemons/punishd.c 的 family_punish() 第 162 行，物件： adm/daemons/punishd
呼叫来自：<function> 的 <function>() 第 0 行，物件： adm/daemons/punishd
呼叫来自：adm/daemons/punishd.c 的 <function>() 第 161 行，物件： adm/daemons/punishd

执行时段错误：*call_other() couldn't find object

程式：adm/daemons/npcd.c 第 421 行
物件：/adm/daemons/npcd
呼叫来自：inherit/char/char.c 的 heart_beat() 第 133 行，物件： clone/npc/walker#1032 ("司空荔州")
呼叫来自：inherit/char/npc.c 的 scan() 第 299 行，物件： clone/npc/walker#1032 ("司空荔州")
呼叫来自：inherit/char/npc.c 的 chat() 第 377 行，物件： clone/npc/walker#1032 ("司空荔州")
呼叫来自：<function> 的 <function>() 第 0 行，物件： clone/npc/walker#1032 ("司空荔州")
呼叫来自：clone/npc/walker.c 的 <function>() 第 27 行，物件： clone/npc/walker#1032 ("司空荔州")
呼叫来自：adm/daemons/npcd.c 的 random_move() 第 421 行，物件： adm/daemons/npcd
Heart beat in clone/npc/walker#1032 turned off.

执行时段错误：*Bad argument 1 to call_other()
Expected: string or array or object Got: 0.

程式：adm/daemons/punishd.c 第 161 行
物件：/adm/daemons/punishd
呼叫来自：adm/daemons/punishd.c 的 monitor() 第 148 行，物件： adm/daemons/punishd
呼叫来自：adm/daemons/punishd.c 的 family_punish() 第 162 行，物件： adm/daemons/punishd
呼叫来自：<function> 的 <function>() 第 0 行，物件： adm/daemons/punishd
呼叫来自：adm/daemons/punishd.c 的 <function>() 第 161 行，物件： adm/daemons/punishd

执行时段错误：*Bad argument 1 to call_other()
Expected: string or array or object Got: 0.

程式：feature/dbase.c 第 93 行
物件：/clone/user/user#34698
呼叫来自：clone/user/user.c 的 reset() 第 86 行，物件： clone/user/user#34698 ("慕容秋荻")
呼叫来自：feature/dbase.c 的 add() 第 93 行，物件： clone/user/user#34698 ("慕容秋荻")

执行时段错误：*Bad argument 1 to call_other()
Expected: string or array or object Got: 0.

程式：inherit/room/room.c 第 25 行
物件：/data/room/liu12345/qianting
呼叫来自：inherit/room/room.c 的 reset() 第 86 行，物件： data/room/liu12345/qianting
呼叫来自：inherit/room/room.c 的 make_inventory() 第 25 行，物件： data/room/liu12345/qianting

执行时段错误：*Bad argument 1 to call_other()
Expected: string or array or object Got: 0.

程式：inherit/room/room.c 第 25 行
物件：/data/room/yxsyyr1/qianting
呼叫来自：inherit/room/room.c 的 reset() 第 86 行，物件： data/room/yxsyyr1/qianting
呼叫来自：inherit/room/room.c 的 make_inventory() 第 25 行，物件： data/room/yxsyyr1/qianting

执行时段错误：*Error in loading object '/d/wudu/npc/qiandu3'

程式：inherit/room/room.c 第 24 行
物件：/d/wudu/qiandu2
呼叫来自：inherit/room/room.c 的 reset() 第 86 行，物件： d/wudu/qiandu2
呼叫来自：inherit/room/room.c 的 make_inventory() 第 24 行，物件： d/wudu/qiandu2

执行时段错误：*Error in loading object '/d/mingjiao/npc/tangyang'

程式：inherit/room/room.c 第 24 行
物件：/d/mingjiao/hsqdating
呼叫来自：inherit/room/room.c 的 reset() 第 86 行，物件： d/mingjiao/hsqdating
呼叫来自：inherit/room/room.c 的 make_inventory() 第 24 行，物件： d/mingjiao/hsqdating

执行时段错误：*Bad argument 1 to call_other()
Expected: string or array or object Got: 0.

程式：inherit/room/room.c 第 25 行
物件：/data/room/tyz000/qianting
呼叫来自：inherit/room/room.c 的 reset() 第 86 行，物件： data/room/tyz000/qianting
呼叫来自：inherit/room/room.c 的 make_inventory() 第 25 行，物件： data/room/tyz000/qianting

执行时段错误：*Bad argument 1 to call_other()
Expected: string or array or object Got: 0.

程式：inherit/room/room.c 第 25 行
物件：/data/room/w2544460429/qianting
呼叫来自：inherit/room/room.c 的 reset() 第 86 行，物件： data/room/w2544460429/qianting
呼叫来自：inherit/room/room.c 的 make_inventory() 第 25 行，物件： data/room/w2544460429/qianting

执行时段错误：*Bad argument 1 to call_other()
Expected: string or array or object Got: 0.

程式：inherit/room/room.c 第 25 行
物件：/data/room/yixingbu/qianting
呼叫来自：inherit/room/room.c 的 reset() 第 86 行，物件： data/room/yixingbu/qianting
呼叫来自：inherit/room/room.c 的 make_inventory() 第 25 行，物件： data/room/yixingbu/qianting

执行时段错误：*Bad argument 1 to call_other()
Expected: string or array or object Got: 0.

程式：inherit/room/room.c 第 25 行
物件：/data/room/qazzaq/qianting
呼叫来自：inherit/room/room.c 的 reset() 第 86 行，物件： data/room/qazzaq/qianting
呼叫来自：inherit/room/room.c 的 make_inventory() 第 25 行，物件： data/room/qazzaq/qianting

执行时段错误：*Bad argument 1 to call_other()
Expected: string or array or object Got: 0.

程式：inherit/room/room.c 第 25 行
物件：/data/room/adawong/qianting
呼叫来自：inherit/room/room.c 的 reset() 第 86 行，物件： data/room/adawong/qianting
呼叫来自：inherit/room/room.c 的 make_inventory() 第 25 行，物件： data/room/adawong/qianting

执行时段错误：*Bad argument 1 to call_other()
Expected: string or array or object Got: 0.

程式：inherit/room/room.c 第 25 行
物件：/data/room/pxhaha/qianting
呼叫来自：inherit/room/room.c 的 reset() 第 86 行，物件： data/room/pxhaha/qianting
呼叫来自：inherit/room/room.c 的 make_inventory() 第 25 行，物件： data/room/pxhaha/qianting

执行时段错误：*Bad argument 1 to call_other()
Expected: string or array or object Got: 0.

程式：inherit/room/room.c 第 25 行
物件：/data/room/pxdaye/qianting
呼叫来自：inherit/room/room.c 的 reset() 第 86 行，物件： data/room/pxdaye/qianting
呼叫来自：inherit/room/room.c 的 make_inventory() 第 25 行，物件： data/room/pxdaye/qianting

执行时段错误：*Bad argument 1 to call_other()
Expected: string or array or object Got: 0.

程式：inherit/room/room.c 第 25 行
物件：/d/luoyang/shuoshu
呼叫来自：inherit/room/room.c 的 reset() 第 86 行，物件： d/luoyang/shuoshu
呼叫来自：inherit/room/room.c 的 make_inventory() 第 25 行，物件： d/luoyang/shuoshu

执行时段错误：*Bad argument 1 to call_other()
Expected: string or array or object Got: 0.

程式：inherit/room/room.c 第 25 行
物件：/data/room/hubert/qianting
呼叫来自：inherit/room/room.c 的 reset() 第 86 行，物件： data/room/hubert/qianting
呼叫来自：inherit/room/room.c 的 make_inventory() 第 25 行，物件： data/room/hubert/qianting

执行时段错误：*Bad argument 1 to call_other()
Expected: string or array or object Got: 0.

程式：feature/dbase.c 第 93 行
物件：/clone/user/user
呼叫来自：clone/user/user.c 的 reset() 第 86 行，物件： clone/user/user ("使用者物件")
呼叫来自：feature/dbase.c 的 add() 第 93 行，物件： clone/user/user ("使用者物件")
object /clone/user/user#9825: eval_cost too big 2000000

执行时段错误：*Too long evaluation. Execution aborted.

程式：feature/message.c 第 159 行
物件：/clone/user/user#9825
呼叫来自：feature/message.c 的 write_prompt() 第 159 行，物件： clone/user/user#9825 ("懒兔浩然")

执行时段错误：*Bad argument 1 to call_other()
Expected: string or array or object Got: 0.

程式：adm/daemons/punishd.c 第 161 行
物件：/adm/daemons/punishd
呼叫来自：adm/daemons/punishd.c 的 monitor() 第 148 行，物件： adm/daemons/punishd
呼叫来自：adm/daemons/punishd.c 的 family_punish() 第 162 行，物件： adm/daemons/punishd
呼叫来自：<function> 的 <function>() 第 0 行，物件： adm/daemons/punishd
呼叫来自：adm/daemons/punishd.c 的 <function>() 第 161 行，物件： adm/daemons/punishd

执行时段错误：*call_other() couldn't find object

程式：adm/daemons/npcd.c 第 421 行
物件：/adm/daemons/npcd
呼叫来自：inherit/char/char.c 的 heart_beat() 第 133 行，物件： clone/npc/walker#86096 ("孙弗")
呼叫来自：inherit/char/npc.c 的 scan() 第 299 行，物件： clone/npc/walker#86096 ("孙弗")
呼叫来自：inherit/char/npc.c 的 chat() 第 377 行，物件： clone/npc/walker#86096 ("孙弗")
呼叫来自：<function> 的 <function>() 第 0 行，物件： clone/npc/walker#86096 ("孙弗")
呼叫来自：clone/npc/walker.c 的 <function>() 第 27 行，物件： clone/npc/walker#86096 ("孙弗")
呼叫来自：adm/daemons/npcd.c 的 random_move() 第 421 行，物件： adm/daemons/npcd
Heart beat in clone/npc/walker#86096 turned off.

执行时段错误：*Bad argument 1 to call_other()
Expected: string or array or object Got: 0.

程式：adm/daemons/punishd.c 第 161 行
物件：/adm/daemons/punishd
呼叫来自：adm/daemons/punishd.c 的 monitor() 第 148 行，物件： adm/daemons/punishd
呼叫来自：adm/daemons/punishd.c 的 family_punish() 第 162 行，物件： adm/daemons/punishd
呼叫来自：<function> 的 <function>() 第 0 行，物件： adm/daemons/punishd
呼叫来自：adm/daemons/punishd.c 的 <function>() 第 161 行，物件： adm/daemons/punishd

执行时段错误：*Value being indexed is zero.

程式：clone/quest/search.c 第 91 行
物件：/clone/quest/search#93554
呼叫来自：adm/daemons/quest/search.c 的 heart_beat() 第 66 行，物件： adm/daemons/quest/search
呼叫来自：adm/daemons/quest/search.c 的 start_quest() 第 53 行，物件： adm/daemons/quest/search
呼叫来自：clone/quest/search.c 的 init_quest() 第 91 行，物件： clone/quest/search#93554 ("围攻0")
Heart beat in adm/daemons/quest/search turned off.

执行时段错误：*Bad argument 1 to call_other()
Expected: string or array or object Got: 0.

程式：adm/daemons/punishd.c 第 161 行
物件：/adm/daemons/punishd
呼叫来自：adm/daemons/punishd.c 的 monitor() 第 148 行，物件： adm/daemons/punishd
呼叫来自：adm/daemons/punishd.c 的 family_punish() 第 162 行，物件： adm/daemons/punishd
呼叫来自：<function> 的 <function>() 第 0 行，物件： adm/daemons/punishd
呼叫来自：adm/daemons/punishd.c 的 <function>() 第 161 行，物件： adm/daemons/punishd
get_user_data: read on fd 592
System Error: get_user_data: read: 当文件已存在时，无法创建该文件。


执行时段错误：*Bad argument 1 to call_other()
Expected: string or array or object Got: 0.

程式：d/city/npc/wang.c 第 95 行
物件：/d/city/npc/wang
呼叫来自：d/city/npc/wang.c 的 auto_copy() 第 95 行，物件： d/city/npc/wang ("王昭君")

执行时段错误：*Bad argument 1 to call_other()
Expected: string or array or object Got: 0.

程式：adm/daemons/punishd.c 第 161 行
物件：/adm/daemons/punishd
呼叫来自：adm/daemons/punishd.c 的 monitor() 第 148 行，物件： adm/daemons/punishd
呼叫来自：adm/daemons/punishd.c 的 family_punish() 第 162 行，物件： adm/daemons/punishd
呼叫来自：<function> 的 <function>() 第 0 行，物件： adm/daemons/punishd
呼叫来自：adm/daemons/punishd.c 的 <function>() 第 161 行，物件： adm/daemons/punishd

执行时段错误：*Error in loading object '/d/mingjiao/npc/yanyuan'

程式：inherit/room/room.c 第 24 行
物件：/d/mingjiao/htqdating
呼叫来自：inherit/room/room.c 的 reset() 第 86 行，物件： d/mingjiao/htqdating
呼叫来自：inherit/room/room.c 的 make_inventory() 第 24 行，物件： d/mingjiao/htqdating

执行时段错误：*Bad argument 1 to call_other()
Expected: string or array or object Got: 0.

程式：feature/dbase.c 第 93 行
物件：/clone/user/user#34698
呼叫来自：clone/user/user.c 的 reset() 第 86 行，物件： clone/user/user#34698 ("慕容秋荻")
呼叫来自：feature/dbase.c 的 add() 第 93 行，物件： clone/user/user#34698 ("慕容秋荻")

执行时段错误：*Error in loading object '/d/mingjiao/npc/wujincao'

程式：inherit/room/room.c 第 24 行
物件：/d/mingjiao/rjqlwch
呼叫来自：inherit/room/room.c 的 reset() 第 86 行，物件： d/mingjiao/rjqlwch
呼叫来自：inherit/room/room.c 的 make_inventory() 第 24 行，物件： d/mingjiao/rjqlwch

执行时段错误：*Bad argument 1 to call_other()
Expected: string or array or object Got: 0.

程式：inherit/room/room.c 第 25 行
物件：/data/room/obh1234/qianting
呼叫来自：inherit/room/room.c 的 reset() 第 86 行，物件： data/room/obh1234/qianting
呼叫来自：inherit/room/room.c 的 make_inventory() 第 25 行，物件： data/room/obh1234/qianting

执行时段错误：*Inherited file '/inherit/char/lang2' does not exist!

程式：inherit/room/room.c 第 24 行
物件：/d/wudu/langwo
呼叫来自：inherit/room/room.c 的 reset() 第 86 行，物件： d/wudu/langwo
呼叫来自：inherit/room/room.c 的 make_inventory() 第 24 行，物件： d/wudu/langwo

执行时段错误：*Bad argument 1 to call_other()
Expected: string or array or object Got: 0.

程式：inherit/room/room.c 第 25 行
物件：/data/room/moyin/qianting
呼叫来自：inherit/room/room.c 的 reset() 第 86 行，物件： data/room/moyin/qianting
呼叫来自：inherit/room/room.c 的 make_inventory() 第 25 行，物件： data/room/moyin/qianting

执行时段错误：*Bad argument 1 to call_other()
Expected: string or array or object Got: 0.

程式：inherit/room/room.c 第 25 行
物件：/data/room/tyz000/qianting
呼叫来自：inherit/room/room.c 的 reset() 第 86 行，物件： data/room/tyz000/qianting
呼叫来自：inherit/room/room.c 的 make_inventory() 第 25 行，物件： data/room/tyz000/qianting

执行时段错误：*Error in loading object '/kungfu/class/sky/obj/shenjiu'

程式：inherit/char/npc.c 第 17 行
物件：/d/luoyang/npc/libai#94140
呼叫来自：inherit/room/room.c 的 reset() 第 86 行，物件： d/luoyang/zuixianlou4
呼叫来自：inherit/room/room.c 的 make_inventory() 第 24 行，物件： d/luoyang/zuixianlou4
呼叫来自：d/luoyang/npc/libai.c 的 create() 第 64 行，物件： d/luoyang/npc/libai#94140 ("李白")
呼叫来自：inherit/char/npc.c 的 carry_object() 第 17 行，物件： d/luoyang/npc/libai#94140 ("李白")

执行时段错误：*Bad argument 1 to call_other()
Expected: string or array or object Got: 0.

程式：inherit/room/room.c 第 25 行
物件：/data/room/w2544460429/qianting
呼叫来自：inherit/room/room.c 的 reset() 第 86 行，物件： data/room/w2544460429/qianting
呼叫来自：inherit/room/room.c 的 make_inventory() 第 25 行，物件： data/room/w2544460429/qianting

执行时段错误：*Bad argument 1 to call_other()
Expected: string or array or object Got: 0.

程式：inherit/room/room.c 第 25 行
物件：/data/room/yixingbu/qianting
呼叫来自：inherit/room/room.c 的 reset() 第 86 行，物件： data/room/yixingbu/qianting
呼叫来自：inherit/room/room.c 的 make_inventory() 第 25 行，物件： data/room/yixingbu/qianting

执行时段错误：*Bad argument 1 to call_other()
Expected: string or array or object Got: 0.

程式：inherit/room/room.c 第 25 行
物件：/data/room/qazzaq/qianting
呼叫来自：inherit/room/room.c 的 reset() 第 86 行，物件： data/room/qazzaq/qianting
呼叫来自：inherit/room/room.c 的 make_inventory() 第 25 行，物件： data/room/qazzaq/qianting

执行时段错误：*Bad argument 1 to call_other()
Expected: string or array or object Got: 0.

程式：inherit/room/room.c 第 25 行
物件：/data/room/adawong/qianting
呼叫来自：inherit/room/room.c 的 reset() 第 86 行，物件： data/room/adawong/qianting
呼叫来自：inherit/room/room.c 的 make_inventory() 第 25 行，物件： data/room/adawong/qianting

执行时段错误：*Bad argument 1 to call_other()
Expected: string or array or object Got: 0.

程式：inherit/room/room.c 第 25 行
物件：/d/luoyang/shuoshu
呼叫来自：inherit/room/room.c 的 reset() 第 86 行，物件： d/luoyang/shuoshu
呼叫来自：inherit/room/room.c 的 make_inventory() 第 25 行，物件： d/luoyang/shuoshu

执行时段错误：*Bad argument 1 to call_other()
Expected: string or array or object Got: 0.

程式：inherit/room/room.c 第 25 行
物件：/data/room/hubert/qianting
呼叫来自：inherit/room/room.c 的 reset() 第 86 行，物件： data/room/hubert/qianting
呼叫来自：inherit/room/room.c 的 make_inventory() 第 25 行，物件： data/room/hubert/qianting

执行时段错误：*Bad argument 1 to call_other()
Expected: string or array or object Got: 0.

程式：feature/dbase.c 第 93 行
物件：/clone/user/user
呼叫来自：clone/user/user.c 的 reset() 第 86 行，物件： clone/user/user ("使用者物件")
呼叫来自：feature/dbase.c 的 add() 第 93 行，物件： clone/user/user ("使用者物件")

执行时段错误：*Bad argument 1 to call_other()
Expected: string or array or object Got: 0.

程式：adm/daemons/punishd.c 第 161 行
物件：/adm/daemons/punishd
呼叫来自：adm/daemons/punishd.c 的 monitor() 第 148 行，物件： adm/daemons/punishd
呼叫来自：adm/daemons/punishd.c 的 family_punish() 第 162 行，物件： adm/daemons/punishd
呼叫来自：<function> 的 <function>() 第 0 行，物件： adm/daemons/punishd
呼叫来自：adm/daemons/punishd.c 的 <function>() 第 161 行，物件： adm/daemons/punishd

执行时段错误：*call_other() couldn't find object

程式：adm/daemons/npcd.c 第 421 行
物件：/adm/daemons/npcd
呼叫来自：inherit/char/char.c 的 heart_beat() 第 133 行，物件： clone/npc/walker#3175 ("乔霸")
呼叫来自：inherit/char/npc.c 的 scan() 第 299 行，物件： clone/npc/walker#3175 ("乔霸")
呼叫来自：inherit/char/npc.c 的 chat() 第 377 行，物件： clone/npc/walker#3175 ("乔霸")
呼叫来自：<function> 的 <function>() 第 0 行，物件： clone/npc/walker#3175 ("乔霸")
呼叫来自：clone/npc/walker.c 的 <function>() 第 27 行，物件： clone/npc/walker#3175 ("乔霸")
呼叫来自：adm/daemons/npcd.c 的 random_move() 第 421 行，物件： adm/daemons/npcd
Heart beat in clone/npc/walker#3175 turned off.

执行时段错误：*Bad argument 1 to call_other()
Expected: string or array or object Got: 0.

程式：adm/daemons/punishd.c 第 161 行
物件：/adm/daemons/punishd
呼叫来自：adm/daemons/punishd.c 的 monitor() 第 148 行，物件： adm/daemons/punishd
呼叫来自：adm/daemons/punishd.c 的 family_punish() 第 162 行，物件： adm/daemons/punishd
呼叫来自：<function> 的 <function>() 第 0 行，物件： adm/daemons/punishd
呼叫来自：adm/daemons/punishd.c 的 <function>() 第 161 行，物件： adm/daemons/punishd

执行时段错误：*Value being indexed is zero.

程式：clone/quest/search.c 第 91 行
物件：/clone/quest/search#94555
呼叫来自：adm/daemons/quest/search.c 的 heart_beat() 第 66 行，物件： adm/daemons/quest/search
呼叫来自：adm/daemons/quest/search.c 的 start_quest() 第 53 行，物件： adm/daemons/quest/search
呼叫来自：clone/quest/search.c 的 init_quest() 第 91 行，物件： clone/quest/search#94555 ("围攻0")
Heart beat in adm/daemons/quest/search turned off.

执行时段错误：*Bad argument 1 to call_other()
Expected: string or array or object Got: 0.

程式：adm/daemons/punishd.c 第 161 行
物件：/adm/daemons/punishd
呼叫来自：adm/daemons/punishd.c 的 monitor() 第 148 行，物件： adm/daemons/punishd
呼叫来自：adm/daemons/punishd.c 的 family_punish() 第 162 行，物件： adm/daemons/punishd
呼叫来自：<function> 的 <function>() 第 0 行，物件： adm/daemons/punishd
呼叫来自：adm/daemons/punishd.c 的 <function>() 第 161 行，物件： adm/daemons/punishd

执行时段错误：*call_other() couldn't find object

程式：adm/daemons/npcd.c 第 421 行
物件：/adm/daemons/npcd
呼叫来自：inherit/char/char.c 的 heart_beat() 第 133 行，物件： clone/npc/walker#2072 ("廖上")
呼叫来自：inherit/char/npc.c 的 scan() 第 299 行，物件： clone/npc/walker#2072 ("廖上")
呼叫来自：inherit/char/npc.c 的 chat() 第 377 行，物件： clone/npc/walker#2072 ("廖上")
呼叫来自：<function> 的 <function>() 第 0 行，物件： clone/npc/walker#2072 ("廖上")
呼叫来自：clone/npc/walker.c 的 <function>() 第 27 行，物件： clone/npc/walker#2072 ("廖上")
呼叫来自：adm/daemons/npcd.c 的 random_move() 第 421 行，物件： adm/daemons/npcd
Heart beat in clone/npc/walker#2072 turned off.

执行时段错误：*Bad argument 1 to call_other()
Expected: string or array or object Got: 0.

程式：adm/daemons/punishd.c 第 161 行
物件：/adm/daemons/punishd
呼叫来自：adm/daemons/punishd.c 的 monitor() 第 148 行，物件： adm/daemons/punishd
呼叫来自：adm/daemons/punishd.c 的 family_punish() 第 162 行，物件： adm/daemons/punishd
呼叫来自：<function> 的 <function>() 第 0 行，物件： adm/daemons/punishd
呼叫来自：adm/daemons/punishd.c 的 <function>() 第 161 行，物件： adm/daemons/punishd

执行时段错误：*call_other() couldn't find object

程式：adm/daemons/npcd.c 第 421 行
物件：/adm/daemons/npcd
呼叫来自：inherit/char/char.c 的 heart_beat() 第 133 行，物件： clone/npc/walker#2065 ("杨夷溘")
呼叫来自：inherit/char/npc.c 的 scan() 第 299 行，物件： clone/npc/walker#2065 ("杨夷溘")
呼叫来自：inherit/char/npc.c 的 chat() 第 377 行，物件： clone/npc/walker#2065 ("杨夷溘")
呼叫来自：<function> 的 <function>() 第 0 行，物件： clone/npc/walker#2065 ("杨夷溘")
呼叫来自：clone/npc/walker.c 的 <function>() 第 27 行，物件： clone/npc/walker#2065 ("杨夷溘")
呼叫来自：adm/daemons/npcd.c 的 random_move() 第 421 行，物件： adm/daemons/npcd
Heart beat in clone/npc/walker#2065 turned off.

执行时段错误：*call_other() couldn't find object

程式：adm/daemons/npcd.c 第 421 行
物件：/adm/daemons/npcd
呼叫来自：inherit/char/char.c 的 heart_beat() 第 133 行，物件： clone/npc/walker#80229 ("百里族深")
呼叫来自：inherit/char/npc.c 的 scan() 第 299 行，物件： clone/npc/walker#80229 ("百里族深")
呼叫来自：inherit/char/npc.c 的 chat() 第 377 行，物件： clone/npc/walker#80229 ("百里族深")
呼叫来自：<function> 的 <function>() 第 0 行，物件： clone/npc/walker#80229 ("百里族深")
呼叫来自：clone/npc/walker.c 的 <function>() 第 27 行，物件： clone/npc/walker#80229 ("百里族深")
呼叫来自：adm/daemons/npcd.c 的 random_move() 第 421 行，物件： adm/daemons/npcd
Heart beat in clone/npc/walker#80229 turned off.

执行时段错误：*Bad argument 1 to call_other()
Expected: string or array or object Got: 0.

程式：feature/dbase.c 第 93 行
物件：/clone/user/user#34698
呼叫来自：clone/user/user.c 的 reset() 第 86 行，物件： clone/user/user#34698 ("慕容秋荻")
呼叫来自：feature/dbase.c 的 add() 第 93 行，物件： clone/user/user#34698 ("慕容秋荻")

执行时段错误：*Bad argument 1 to call_other()
Expected: string or array or object Got: 0.

程式：inherit/room/room.c 第 25 行
物件：/data/room/liu12345/qianting
呼叫来自：inherit/room/room.c 的 reset() 第 86 行，物件： data/room/liu12345/qianting
呼叫来自：inherit/room/room.c 的 make_inventory() 第 25 行，物件： data/room/liu12345/qianting

执行时段错误：*Inherited file '/inherit/char/lang2' does not exist!

程式：inherit/room/room.c 第 24 行
物件：/d/wudu/langwo
呼叫来自：inherit/room/room.c 的 reset() 第 86 行，物件： d/wudu/langwo
呼叫来自：inherit/room/room.c 的 make_inventory() 第 24 行，物件： d/wudu/langwo

执行时段错误：*Bad argument 1 to call_other()
Expected: string or array or object Got: 0.

程式：inherit/room/room.c 第 25 行
物件：/data/room/yxsyyr1/qianting
呼叫来自：inherit/room/room.c 的 reset() 第 86 行，物件： data/room/yxsyyr1/qianting
呼叫来自：inherit/room/room.c 的 make_inventory() 第 25 行，物件： data/room/yxsyyr1/qianting

执行时段错误：*Bad argument 1 to call_other()
Expected: string or array or object Got: 0.

程式：inherit/room/room.c 第 25 行
物件：/data/room/moyin/qianting
呼叫来自：inherit/room/room.c 的 reset() 第 86 行，物件： data/room/moyin/qianting
呼叫来自：inherit/room/room.c 的 make_inventory() 第 25 行，物件： data/room/moyin/qianting

执行时段错误：*Error in loading object '/d/wudu/npc/qiandu3'

程式：inherit/room/room.c 第 24 行
物件：/d/wudu/qiandu2
呼叫来自：inherit/room/room.c 的 reset() 第 86 行，物件： d/wudu/qiandu2
呼叫来自：inherit/room/room.c 的 make_inventory() 第 24 行，物件： d/wudu/qiandu2

执行时段错误：*Error in loading object '/d/mingjiao/npc/tangyang'

程式：inherit/room/room.c 第 24 行
物件：/d/mingjiao/hsqdating
呼叫来自：inherit/room/room.c 的 reset() 第 86 行，物件： d/mingjiao/hsqdating
呼叫来自：inherit/room/room.c 的 make_inventory() 第 24 行，物件： d/mingjiao/hsqdating

执行时段错误：*Bad argument 1 to call_other()
Expected: string or array or object Got: 0.

程式：inherit/room/room.c 第 25 行
物件：/data/room/qazzaq/qianting
呼叫来自：inherit/room/room.c 的 reset() 第 86 行，物件： data/room/qazzaq/qianting
呼叫来自：inherit/room/room.c 的 make_inventory() 第 25 行，物件： data/room/qazzaq/qianting

执行时段错误：*Bad argument 1 to call_other()
Expected: string or array or object Got: 0.

程式：inherit/room/room.c 第 25 行
物件：/data/room/adawong/qianting
呼叫来自：inherit/room/room.c 的 reset() 第 86 行，物件： data/room/adawong/qianting
呼叫来自：inherit/room/room.c 的 make_inventory() 第 25 行，物件： data/room/adawong/qianting

执行时段错误：*Bad argument 1 to call_other()
Expected: string or array or object Got: 0.

程式：inherit/room/room.c 第 25 行
物件：/data/room/pxhaha/qianting
呼叫来自：inherit/room/room.c 的 reset() 第 86 行，物件： data/room/pxhaha/qianting
呼叫来自：inherit/room/room.c 的 make_inventory() 第 25 行，物件： data/room/pxhaha/qianting

执行时段错误：*Bad argument 1 to call_other()
Expected: string or array or object Got: 0.

程式：inherit/room/room.c 第 25 行
物件：/data/room/pxdaye/qianting
呼叫来自：inherit/room/room.c 的 reset() 第 86 行，物件： data/room/pxdaye/qianting
呼叫来自：inherit/room/room.c 的 make_inventory() 第 25 行，物件： data/room/pxdaye/qianting

执行时段错误：*Bad argument 1 to call_other()
Expected: string or array or object Got: 0.

程式：inherit/room/room.c 第 25 行
物件：/data/room/hubert/qianting
呼叫来自：inherit/room/room.c 的 reset() 第 86 行，物件： data/room/hubert/qianting
呼叫来自：inherit/room/room.c 的 make_inventory() 第 25 行，物件： data/room/hubert/qianting

执行时段错误：*Bad argument 1 to call_other()
Expected: string or array or object Got: 0.

程式：feature/dbase.c 第 93 行
物件：/clone/user/user
呼叫来自：clone/user/user.c 的 reset() 第 86 行，物件： clone/user/user ("使用者物件")
呼叫来自：feature/dbase.c 的 add() 第 93 行，物件： clone/user/user ("使用者物件")

执行时段错误：*Bad argument 1 to call_other()
Expected: string or array or object Got: 0.

程式：adm/daemons/punishd.c 第 161 行
物件：/adm/daemons/punishd
呼叫来自：adm/daemons/punishd.c 的 monitor() 第 148 行，物件： adm/daemons/punishd
呼叫来自：adm/daemons/punishd.c 的 family_punish() 第 162 行，物件： adm/daemons/punishd
呼叫来自：<function> 的 <function>() 第 0 行，物件： adm/daemons/punishd
呼叫来自：adm/daemons/punishd.c 的 <function>() 第 161 行，物件： adm/daemons/punishd

执行时段错误：*Bad argument 1 to call_other()
Expected: string or array or object Got: 0.

程式：adm/daemons/punishd.c 第 161 行
物件：/adm/daemons/punishd
呼叫来自：adm/daemons/punishd.c 的 monitor() 第 148 行，物件： adm/daemons/punishd
呼叫来自：adm/daemons/punishd.c 的 family_punish() 第 162 行，物件： adm/daemons/punishd
呼叫来自：<function> 的 <function>() 第 0 行，物件： adm/daemons/punishd
呼叫来自：adm/daemons/punishd.c 的 <function>() 第 161 行，物件： adm/daemons/punishd

执行时段错误：*Value being indexed is zero.

程式：clone/quest/search.c 第 91 行
物件：/clone/quest/search#95891
呼叫来自：adm/daemons/quest/search.c 的 heart_beat() 第 66 行，物件： adm/daemons/quest/search
呼叫来自：adm/daemons/quest/search.c 的 start_quest() 第 53 行，物件： adm/daemons/quest/search
呼叫来自：clone/quest/search.c 的 init_quest() 第 91 行，物件： clone/quest/search#95891 ("围攻0")
Heart beat in adm/daemons/quest/search turned off.

执行时段错误：*Bad argument 1 to call_other()
Expected: string or array or object Got: 0.

程式：adm/daemons/punishd.c 第 161 行
物件：/adm/daemons/punishd
呼叫来自：adm/daemons/punishd.c 的 monitor() 第 148 行，物件： adm/daemons/punishd
呼叫来自：adm/daemons/punishd.c 的 family_punish() 第 162 行，物件： adm/daemons/punishd
呼叫来自：<function> 的 <function>() 第 0 行，物件： adm/daemons/punishd
呼叫来自：adm/daemons/punishd.c 的 <function>() 第 161 行，物件： adm/daemons/punishd

执行时段错误：*Bad argument 1 to call_other()
Expected: string or array or object Got: 0.

程式：adm/daemons/punishd.c 第 161 行
物件：/adm/daemons/punishd
呼叫来自：adm/daemons/punishd.c 的 monitor() 第 148 行，物件： adm/daemons/punishd
呼叫来自：adm/daemons/punishd.c 的 family_punish() 第 162 行，物件： adm/daemons/punishd
呼叫来自：<function> 的 <function>() 第 0 行，物件： adm/daemons/punishd
呼叫来自：adm/daemons/punishd.c 的 <function>() 第 161 行，物件： adm/daemons/punishd
get_user_data: read on fd 520
System Error: get_user_data: read: 当文件已存在时，无法创建该文件。

object /d/xingxiu/xxh1: eval_cost too big 2000000

执行时段错误：*Too long evaluation. Execution aborted.

程式：feature/dbase.c 第 45 行
物件：/d/xingxiu/xxh1
呼叫来自：feature/command.c 的 command_hook() 第 77 行，物件： clone/user/user#90415 ("韦小宝")
呼叫来自：cmds/std/map.c 的 main() 第 90 行，物件： cmds/std/map
呼叫来自：inherit/room/room.c 的 query() 第 282 行，物件： d/xingxiu/xxh1
呼叫来自：feature/dbase.c 的 query() 第 45 行，物件： d/xingxiu/xxh1

执行时段错误：*Bad argument 1 to call_other()
Expected: string or array or object Got: 0.

程式：adm/daemons/punishd.c 第 161 行
物件：/adm/daemons/punishd
呼叫来自：adm/daemons/punishd.c 的 monitor() 第 148 行，物件： adm/daemons/punishd
呼叫来自：adm/daemons/punishd.c 的 family_punish() 第 162 行，物件： adm/daemons/punishd
呼叫来自：<function> 的 <function>() 第 0 行，物件： adm/daemons/punishd
呼叫来自：adm/daemons/punishd.c 的 <function>() 第 161 行，物件： adm/daemons/punishd

执行时段错误：*Error in loading object '/d/mingjiao/npc/yanyuan'

程式：inherit/room/room.c 第 24 行
物件：/d/mingjiao/htqdating
呼叫来自：inherit/room/room.c 的 reset() 第 86 行，物件： d/mingjiao/htqdating
呼叫来自：inherit/room/room.c 的 make_inventory() 第 24 行，物件： d/mingjiao/htqdating

执行时段错误：*Bad argument 1 to call_other()
Expected: string or array or object Got: 0.

程式：feature/dbase.c 第 93 行
物件：/clone/user/user#34698
呼叫来自：clone/user/user.c 的 reset() 第 86 行，物件： clone/user/user#34698 ("慕容秋荻")
呼叫来自：feature/dbase.c 的 add() 第 93 行，物件： clone/user/user#34698 ("慕容秋荻")

执行时段错误：*Error in loading object '/d/mingjiao/npc/wujincao'

程式：inherit/room/room.c 第 24 行
物件：/d/mingjiao/rjqlwch
呼叫来自：inherit/room/room.c 的 reset() 第 86 行，物件： d/mingjiao/rjqlwch
呼叫来自：inherit/room/room.c 的 make_inventory() 第 24 行，物件： d/mingjiao/rjqlwch

执行时段错误：*Bad argument 1 to call_other()
Expected: string or array or object Got: 0.

程式：inherit/room/room.c 第 25 行
物件：/data/room/liu12345/qianting
呼叫来自：inherit/room/room.c 的 reset() 第 86 行，物件： data/room/liu12345/qianting
呼叫来自：inherit/room/room.c 的 make_inventory() 第 25 行，物件： data/room/liu12345/qianting

执行时段错误：*Bad argument 1 to call_other()
Expected: string or array or object Got: 0.

程式：inherit/room/room.c 第 25 行
物件：/data/room/obh1234/qianting
呼叫来自：inherit/room/room.c 的 reset() 第 86 行，物件： data/room/obh1234/qianting
呼叫来自：inherit/room/room.c 的 make_inventory() 第 25 行，物件： data/room/obh1234/qianting

执行时段错误：*Inherited file '/inherit/char/lang2' does not exist!

程式：inherit/room/room.c 第 24 行
物件：/d/wudu/langwo
呼叫来自：inherit/room/room.c 的 reset() 第 86 行，物件： d/wudu/langwo
呼叫来自：inherit/room/room.c 的 make_inventory() 第 24 行，物件： d/wudu/langwo

执行时段错误：*Bad argument 1 to call_other()
Expected: string or array or object Got: 0.

程式：inherit/room/room.c 第 25 行
物件：/data/room/moyin/qianting
呼叫来自：inherit/room/room.c 的 reset() 第 86 行，物件： data/room/moyin/qianting
呼叫来自：inherit/room/room.c 的 make_inventory() 第 25 行，物件： data/room/moyin/qianting

执行时段错误：*Error in loading object '/d/wudu/npc/qiandu3'

程式：inherit/room/room.c 第 24 行
物件：/d/wudu/qiandu2
呼叫来自：inherit/room/room.c 的 reset() 第 86 行，物件： d/wudu/qiandu2
呼叫来自：inherit/room/room.c 的 make_inventory() 第 24 行，物件： d/wudu/qiandu2

执行时段错误：*Error in loading object '/d/mingjiao/npc/tangyang'

程式：inherit/room/room.c 第 24 行
物件：/d/mingjiao/hsqdating
呼叫来自：inherit/room/room.c 的 reset() 第 86 行，物件： d/mingjiao/hsqdating
呼叫来自：inherit/room/room.c 的 make_inventory() 第 24 行，物件： d/mingjiao/hsqdating

执行时段错误：*Bad argument 1 to call_other()
Expected: string or array or object Got: 0.

程式：inherit/room/room.c 第 25 行
物件：/data/room/tyz000/qianting
呼叫来自：inherit/room/room.c 的 reset() 第 86 行，物件： data/room/tyz000/qianting
呼叫来自：inherit/room/room.c 的 make_inventory() 第 25 行，物件： data/room/tyz000/qianting

执行时段错误：*Error in loading object '/kungfu/class/sky/obj/shenjiu'

程式：inherit/char/npc.c 第 17 行
物件：/d/luoyang/npc/libai#96472
呼叫来自：inherit/room/room.c 的 reset() 第 86 行，物件： d/luoyang/zuixianlou4
呼叫来自：inherit/room/room.c 的 make_inventory() 第 24 行，物件： d/luoyang/zuixianlou4
呼叫来自：d/luoyang/npc/libai.c 的 create() 第 64 行，物件： d/luoyang/npc/libai#96472 ("李白")
呼叫来自：inherit/char/npc.c 的 carry_object() 第 17 行，物件： d/luoyang/npc/libai#96472 ("李白")

执行时段错误：*Bad argument 1 to call_other()
Expected: string or array or object Got: 0.

程式：inherit/room/room.c 第 25 行
物件：/data/room/w2544460429/qianting
呼叫来自：inherit/room/room.c 的 reset() 第 86 行，物件： data/room/w2544460429/qianting
呼叫来自：inherit/room/room.c 的 make_inventory() 第 25 行，物件： data/room/w2544460429/qianting

执行时段错误：*Bad argument 1 to call_other()
Expected: string or array or object Got: 0.

程式：inherit/room/room.c 第 25 行
物件：/data/room/yixingbu/qianting
呼叫来自：inherit/room/room.c 的 reset() 第 86 行，物件： data/room/yixingbu/qianting
呼叫来自：inherit/room/room.c 的 make_inventory() 第 25 行，物件： data/room/yixingbu/qianting

执行时段错误：*Bad argument 1 to call_other()
Expected: string or array or object Got: 0.

程式：inherit/room/room.c 第 25 行
物件：/data/room/pxdaye/qianting
呼叫来自：inherit/room/room.c 的 reset() 第 86 行，物件： data/room/pxdaye/qianting
呼叫来自：inherit/room/room.c 的 make_inventory() 第 25 行，物件： data/room/pxdaye/qianting

执行时段错误：*Bad argument 1 to call_other()
Expected: string or array or object Got: 0.

程式：inherit/room/room.c 第 25 行
物件：/d/luoyang/shuoshu
呼叫来自：inherit/room/room.c 的 reset() 第 86 行，物件： d/luoyang/shuoshu
呼叫来自：inherit/room/room.c 的 make_inventory() 第 25 行，物件： d/luoyang/shuoshu

执行时段错误：*Bad argument 1 to call_other()
Expected: string or array or object Got: 0.

程式：inherit/room/room.c 第 25 行
物件：/data/room/hubert/qianting
呼叫来自：inherit/room/room.c 的 reset() 第 86 行，物件： data/room/hubert/qianting
呼叫来自：inherit/room/room.c 的 make_inventory() 第 25 行，物件： data/room/hubert/qianting

执行时段错误：*Bad argument 1 to call_other()
Expected: string or array or object Got: 0.

程式：feature/skill.c 第 376 行
物件：/clone/user/user#152
呼叫来自：clone/user/user.c 的 reset() 第 102 行，物件： clone/user/user#152 ("苏白")
呼叫来自：feature/skill.c 的 improve_skill() 第 376 行，物件： clone/user/user#152 ("苏白")
object /clone/user/user#9825: eval_cost too big 2000000

执行时段错误：*Too long evaluation. Execution aborted.

程式：feature/dbase.c 第 25 行
物件：/clone/user/user#9825
呼叫来自：feature/command.c 的 command_hook() 第 77 行，物件： clone/user/user#9825 ("懒兔浩然")
呼叫来自：cmds/skill/research.c 的 main() 第 212 行，物件： cmds/skill/research
呼叫来自：feature/dbase.c 的 add() 第 107 行，物件： clone/user/user#9825 ("懒兔浩然")
呼叫来自：clone/user/user.c 的 set() 第 131 行，物件： clone/user/user#9825 ("懒兔浩然")
呼叫来自：feature/dbase.c 的 set() 第 25 行，物件： clone/user/user#9825 ("懒兔浩然")

执行时段错误：*call_other() couldn't find object

程式：adm/daemons/npcd.c 第 421 行
物件：/adm/daemons/npcd
呼叫来自：inherit/char/char.c 的 heart_beat() 第 133 行，物件： clone/npc/walker#64141 ("廖都")
呼叫来自：inherit/char/npc.c 的 scan() 第 299 行，物件： clone/npc/walker#64141 ("廖都")
呼叫来自：inherit/char/npc.c 的 chat() 第 377 行，物件： clone/npc/walker#64141 ("廖都")
呼叫来自：<function> 的 <function>() 第 0 行，物件： clone/npc/walker#64141 ("廖都")
呼叫来自：clone/npc/walker.c 的 <function>() 第 27 行，物件： clone/npc/walker#64141 ("廖都")
呼叫来自：adm/daemons/npcd.c 的 random_move() 第 421 行，物件： adm/daemons/npcd
Heart beat in clone/npc/walker#64141 turned off.

执行时段错误：*Bad argument 1 to call_other()
Expected: string or array or object Got: 0.

程式：adm/daemons/punishd.c 第 161 行
物件：/adm/daemons/punishd
呼叫来自：adm/daemons/punishd.c 的 monitor() 第 148 行，物件： adm/daemons/punishd
呼叫来自：adm/daemons/punishd.c 的 family_punish() 第 162 行，物件： adm/daemons/punishd
呼叫来自：<function> 的 <function>() 第 0 行，物件： adm/daemons/punishd
呼叫来自：adm/daemons/punishd.c 的 <function>() 第 161 行，物件： adm/daemons/punishd
object /clone/user/user#9825: eval_cost too big 2000000

执行时段错误：*Too long evaluation. Execution aborted.

程式：clone/user/user.c 第 126 行
物件：/clone/user/user#9825
呼叫来自：feature/command.c 的 command_hook() 第 77 行，物件： clone/user/user#9825 ("懒兔浩然")
呼叫来自：cmds/skill/research.c 的 main() 第 186 行，物件： cmds/skill/research
呼叫来自：feature/damage.c 的 receive_damage() 第 50 行，物件： clone/user/user#9825 ("懒兔浩然")
呼叫来自：clone/user/user.c 的 set() 第 126 行，物件： clone/user/user#9825 ("懒兔浩然")

执行时段错误：*Bad argument 1 to call_other()
Expected: string or array or object Got: 0.

程式：adm/daemons/punishd.c 第 161 行
物件：/adm/daemons/punishd
呼叫来自：adm/daemons/punishd.c 的 monitor() 第 148 行，物件： adm/daemons/punishd
呼叫来自：adm/daemons/punishd.c 的 family_punish() 第 162 行，物件： adm/daemons/punishd
呼叫来自：<function> 的 <function>() 第 0 行，物件： adm/daemons/punishd
呼叫来自：adm/daemons/punishd.c 的 <function>() 第 161 行，物件： adm/daemons/punishd
