
<---天下无敌: MudOs v22pre11 (by wwj,Jan  1 1999) startup on Microsoft Windows NT at Sat Oct 19 22:31:36 2002

using config file: E:\风云游戏\mudos\config.fy3
System Error: init_addr_server: connect: 不能做任何连接，因为目标机器积极地拒绝它。

]simul_efun loaded successfully.

Loading preloaded files ...
Initializations complete.

Accepting connections on port 3333.

执行时段错误：*Bad argument 2 to <=
Expected: int or float Got: ([ /* sizeof() == 1 */
  0 : 1022832371,
]).

程式：cmds/usr/news.c 第 160 行
物件: /cmds/usr/news
呼叫来自：feature/action.c 的 eval_function() 第 71 行，物件： obj/user#338 ("絮絮")
呼叫来自：<function> 的 <function>() 第 0 行，物件： cmds/usr/news ("郑州风云新闻")
呼叫来自：cmds/usr/news.c 的 auto_notice() 第 160 行，物件： cmds/usr/news ("郑州风云新闻")
Initializing internal tables....

<---天下无敌: MudOs v22pre11 (by wwj,Jan  1 1999) startup on Microsoft Windows NT at Sat Oct 19 22:40:05 2002

using config file: E:\风云游戏\mudos\config.fy3
System Error: init_addr_server: connect: 不能做任何连接，因为目标机器积极地拒绝它。

]simul_efun loaded successfully.

Loading preloaded files ...
Initializations complete.

Accepting connections on port 3333.

执行时段错误：*Bad argument 2 to <=
Expected: int or float Got: ([ /* sizeof() == 1 */
  0 : 1022832371,
]).

程式：cmds/usr/news.c 第 160 行
物件: /cmds/usr/news
呼叫来自：feature/action.c 的 eval_function() 第 71 行，物件： obj/user#293 ("絮絮")
呼叫来自：<function> 的 <function>() 第 0 行，物件： cmds/usr/news ("郑州风云新闻")
呼叫来自：cmds/usr/news.c 的 auto_notice() 第 160 行，物件： cmds/usr/news ("郑州风云新闻")
Initializing internal tables....

<---天下无敌: MudOs v22pre11 (by wwj,Jan  1 1999) startup on Microsoft Windows 98 at Wed Jan 08 22:33:06 2003

using config file: D:\download\fy\mudos\Config.cfg
System Error: init_addr_server: connect: WSAECONNREFUSED
]simul_efun loaded successfully.

Loading preloaded files ...
Initializations complete.

Accepting connections on port 3333.

执行时段错误：*Bad argument 2 to <=
Expected: int or float Got: ([ /* sizeof() == 1 */
  0 : 1022066102,
]).

程式：cmds/usr/news.c 第 160 行
物件: /cmds/usr/news
呼叫来自：feature/action.c 的 eval_function() 第 71 行，物件： obj/user#281 ("长孙无情")
呼叫来自：<function> 的 <function>() 第 0 行，物件： cmds/usr/news ("郑州风云新闻")
呼叫来自：cmds/usr/news.c 的 auto_notice() 第 160 行，物件： cmds/usr/news ("郑州风云新闻")

<---天下无敌: MudOs v22pre11 (by wwj,Jan  1 1999) startup on Microsoft Windows 98 at Thu Jan 09 12:40:04 2003

using config file: D:\download\fy\mudos\Config.cfg
System Error: init_addr_server: connect: WSAECONNREFUSED
]simul_efun loaded successfully.

Loading preloaded files ...
Initializations complete.

Accepting connections on port 3333.

执行时段错误：*Bad argument 2 to <=
Expected: int or float Got: ([ /* sizeof() == 1 */
  0 : 1022066102,
]).

程式：cmds/usr/news.c 第 160 行
物件: /cmds/usr/news
呼叫来自：feature/action.c 的 eval_function() 第 71 行，物件： obj/user#288 ("长孙无情")
呼叫来自：<function> 的 <function>() 第 0 行，物件： cmds/usr/news ("郑州风云新闻")
呼叫来自：cmds/usr/news.c 的 auto_notice() 第 160 行，物件： cmds/usr/news ("郑州风云新闻")
Initializing internal tables....
][256D[K[31m【系统监测】长孙无情(Xgchen)：断线了。
[2;37;0m[1;36m12:44:22[1;33m> [2;37;0m
<---天下无敌: MudOs v22pre11 (by wwj,Jan  1 1999) startup on Microsoft Windows 98 at Thu Jan 09 21:49:25 2003

using config file: D:\download\fy\mudos\Config.cfg
System Error: init_addr_server: connect: WSAECONNREFUSED
]simul_efun loaded successfully.

Loading preloaded files ...
Initializations complete.

Accepting connections on port 3333.

<---天下无敌: MudOs v22pre11 (by wwj,Jan  1 1999) startup on Microsoft Windows 98 at Fri Jan 10 11:17:15 2003

using config file: D:\download\fy\mudos\Config.cfg
System Error: init_addr_server: connect: WSAETIMEDOUT   
]simul_efun loaded successfully.

Loading preloaded files ...
Initializations complete.

Accepting connections on port 3333.

执行时段错误：*Bad argument 2 to <=
Expected: int or float Got: ([ /* sizeof() == 1 */
  0 : 1022066102,
]).

程式：cmds/usr/news.c 第 160 行
物件: /cmds/usr/news
呼叫来自：feature/action.c 的 eval_function() 第 71 行，物件： obj/user#317 ("长孙无情")
呼叫来自：<function> 的 <function>() 第 0 行，物件： cmds/usr/news ("郑州风云新闻")
呼叫来自：cmds/usr/news.c 的 auto_notice() 第 160 行，物件： cmds/usr/news ("郑州风云新闻")
错误讯息被拦截: 
执行时段错误：*Error in loading object '/cmds/std/look'

程式：cmds/wiz/update.c 第 53 行
物件: /cmds/wiz/update
呼叫来自：feature/command.c 的 command_hook() 第 41 行，物件： obj/user#317 ("长孙无情")
呼叫来自：cmds/wiz/update.c 的 main() 第 53 行，物件： cmds/wiz/update
呼叫来自：cmds/wiz/update.c 的 CATCH() 第 53 行，物件： cmds/wiz/update
错误讯息被拦截: 
执行时段错误：*Error in loading object '/cmds/std/look'

程式：cmds/wiz/update.c 第 53 行
物件: /cmds/wiz/update
呼叫来自：feature/command.c 的 command_hook() 第 41 行，物件： obj/user#317 ("长孙无情")
呼叫来自：cmds/wiz/update.c 的 main() 第 53 行，物件： cmds/wiz/update
呼叫来自：cmds/wiz/update.c 的 CATCH() 第 53 行，物件： cmds/wiz/update
错误讯息被拦截: 
执行时段错误：*Error in loading object '/cmds/std/look'

程式：cmds/wiz/update.c 第 53 行
物件: /cmds/wiz/update
呼叫来自：feature/command.c 的 command_hook() 第 41 行，物件： obj/user#317 ("长孙无情")
呼叫来自：cmds/wiz/update.c 的 main() 第 53 行，物件： cmds/wiz/update
呼叫来自：cmds/wiz/update.c 的 CATCH() 第 53 行，物件： cmds/wiz/update
错误讯息被拦截: 
执行时段错误：*Error in loading object '/cmds/std/look'

程式：cmds/wiz/update.c 第 53 行
物件: /cmds/wiz/update
呼叫来自：feature/command.c 的 command_hook() 第 41 行，物件： obj/user#317 ("长孙无情")
呼叫来自：cmds/wiz/update.c 的 main() 第 53 行，物件： cmds/wiz/update
呼叫来自：cmds/wiz/update.c 的 CATCH() 第 53 行，物件： cmds/wiz/update
错误讯息被拦截: 
执行时段错误：*Error in loading object '/cmds/std/look'

程式：cmds/wiz/update.c 第 53 行
物件: /cmds/wiz/update
呼叫来自：feature/command.c 的 command_hook() 第 41 行，物件： obj/user#317 ("长孙无情")
呼叫来自：cmds/wiz/update.c 的 main() 第 53 行，物件： cmds/wiz/update
呼叫来自：cmds/wiz/update.c 的 CATCH() 第 53 行，物件： cmds/wiz/update
错误讯息被拦截: 
执行时段错误：*Error in loading object '/cmds/std/look'

程式：cmds/wiz/update.c 第 53 行
物件: /cmds/wiz/update
呼叫来自：feature/command.c 的 command_hook() 第 41 行，物件： obj/user#317 ("长孙无情")
呼叫来自：cmds/wiz/update.c 的 main() 第 53 行，物件： cmds/wiz/update
呼叫来自：cmds/wiz/update.c 的 CATCH() 第 53 行，物件： cmds/wiz/update

执行时段错误：*call_other() couldn't find object

程式：feature/command.c 第 41 行
物件: /obj/user#317
呼叫来自：feature/command.c 的 command_hook() 第 41 行，物件： obj/user#317 ("长孙无情")
closed external ports
Initializing internal tables....

<---天下无敌: MudOs v22pre11 (by wwj,Jan  1 1999) shutdown at Fri Jan 10 11:41:46 2003




<---天下无敌: MudOs v22pre11 (by wwj,Jan  1 1999) startup on Microsoft Windows 98 at Fri Jan 10 11:41:48 2003

using config file: D:\download\fy\mudos\Config.cfg
System Error: init_addr_server: connect: WSAECONNREFUSED
]simul_efun loaded successfully.

Loading preloaded files ...
Initializations complete.

Accepting connections on port 3333.

执行时段错误：*Bad argument 2 to <=
Expected: int or float Got: ([ /* sizeof() == 1 */
  0 : 1022066102,
]).

程式：cmds/usr/news.c 第 160 行
物件: /cmds/usr/news
呼叫来自：feature/action.c 的 eval_function() 第 71 行，物件： obj/user#320 ("长孙无情")
呼叫来自：<function> 的 <function>() 第 0 行，物件： cmds/usr/news ("郑州风云新闻")
呼叫来自：cmds/usr/news.c 的 auto_notice() 第 160 行，物件： cmds/usr/news ("郑州风云新闻")

执行时段错误：*Bad argument 1 to call_other()
Expected: string or array or object Got: 1.

程式：cmds/std/look.c 第 286 行
物件: /cmds/std/look
呼叫来自：feature/command.c 的 command_hook() 第 41 行，物件： obj/user#320 ("长孙无情")
呼叫来自：cmds/std/look.c 的 main() 第 50 行，物件： cmds/std/look
呼叫来自：cmds/std/look.c 的 look_living() 第 325 行，物件： cmds/std/look
呼叫来自：cmds/std/look.c 的 gettof() 第 286 行，物件： cmds/std/look

执行时段错误：*Bad argument 1 to call_other()
Expected: string or array or object Got: 0.

程式：cmds/std/look.c 第 331 行
物件: /cmds/std/look
呼叫来自：feature/command.c 的 command_hook() 第 41 行，物件： obj/user#320 ("长孙无情")
呼叫来自：cmds/std/look.c 的 main() 第 50 行，物件： cmds/std/look
呼叫来自：cmds/std/look.c 的 look_living() 第 331 行，物件： cmds/std/look

执行时段错误：*Illegal to move or destruct an object defining actions from a verb function which returns zero.

程式：std/char/npc.c 第 127 行
物件: /d/fy/npc/zhu#6386
呼叫来自：std/char.c 的 heart_beat() 第 129 行，物件： d/fy/npc/zhu#6386 ("青竹先生")
呼叫来自：std/char/npc.c 的 chat() 第 113 行，物件： d/fy/npc/zhu#6386 ("青竹先生")
呼叫来自：<function> 的 <function>() 第 0 行，物件： d/fy/npc/zhu#6386 ("青竹先生")
呼叫来自：std/char/npc.c 的 random_move() 第 127 行，物件： d/fy/npc/zhu#6386 ("青竹先生")
Heart beat in d/fy/npc/zhu#6386 turned off.

执行时段错误：*Illegal to move or destruct an object defining actions from a verb function which returns zero.

程式：std/char/npc.c 第 127 行
物件: /d/fy/npc/song#6400
呼叫来自：std/char.c 的 heart_beat() 第 129 行，物件： d/fy/npc/song#6400 ("孤松先生")
呼叫来自：std/char/npc.c 的 chat() 第 113 行，物件： d/fy/npc/song#6400 ("孤松先生")
呼叫来自：<function> 的 <function>() 第 0 行，物件： d/fy/npc/song#6400 ("孤松先生")
呼叫来自：std/char/npc.c 的 random_move() 第 127 行，物件： d/fy/npc/song#6400 ("孤松先生")
Heart beat in d/fy/npc/song#6400 turned off.
Initializing internal tables....
][256D[K[31m【系统监测】长孙无情(Xgchen)：断线了。
[2;37;0m[1;36m22:23:29[1;33m> [2;37;0m
<---天下无敌: MudOs v22pre11 (by wwj,Jan  1 1999) startup on Microsoft Windows 98 at Fri Jan 10 23:21:47 2003

using config file: D:\download\fy\mudos\Config.cfg
System Error: init_addr_server: connect: WSAECONNREFUSED
]simul_efun loaded successfully.

Loading preloaded files ...
Initializations complete.

Accepting connections on port 3333.

执行时段错误：*Bad argument 2 to <=
Expected: int or float Got: ([ /* sizeof() == 1 */
  0 : 1022066102,
]).

程式：cmds/usr/news.c 第 160 行
物件: /cmds/usr/news
呼叫来自：feature/action.c 的 eval_function() 第 71 行，物件： obj/user#321 ("长孙无情")
呼叫来自：<function> 的 <function>() 第 0 行，物件： cmds/usr/news ("郑州风云新闻")
呼叫来自：cmds/usr/news.c 的 auto_notice() 第 160 行，物件： cmds/usr/news ("郑州风云新闻")
Initializing internal tables....

<---天下无敌: MudOs v22pre11 (by wwj,Jan  1 1999) startup on Microsoft Windows 98 at Sun Jan 12 14:17:48 2003

using config file: D:\download\fy\mudos\Config.cfg
System Error: init_addr_server: connect: WSAECONNREFUSED
]simul_efun loaded successfully.

Loading preloaded files ...
Initializations complete.

Accepting connections on port 3333.

执行时段错误：*Bad argument 2 to <=
Expected: int or float Got: ([ /* sizeof() == 1 */
  0 : 1022066102,
]).

程式：cmds/usr/news.c 第 160 行
物件: /cmds/usr/news
呼叫来自：feature/action.c 的 eval_function() 第 71 行，物件： obj/user#517 ("长孙无情")
呼叫来自：<function> 的 <function>() 第 0 行，物件： cmds/usr/news ("郑州风云新闻")
呼叫来自：cmds/usr/news.c 的 auto_notice() 第 160 行，物件： cmds/usr/news ("郑州风云新闻")

执行时段错误：*Illegal to move or destruct an object defining actions from a verb function which returns zero.

程式：std/char/npc.c 第 127 行
物件: /d/fy/npc/badguy#413
呼叫来自：std/char.c 的 heart_beat() 第 129 行，物件： d/fy/npc/badguy#413 ("山西土匪")
呼叫来自：std/char/npc.c 的 chat() 第 113 行，物件： d/fy/npc/badguy#413 ("山西土匪")
呼叫来自：<function> 的 <function>() 第 0 行，物件： d/fy/npc/badguy#413 ("山西土匪")
呼叫来自：std/char/npc.c 的 random_move() 第 127 行，物件： d/fy/npc/badguy#413 ("山西土匪")
Heart beat in d/fy/npc/badguy#413 turned off.
Initializing internal tables....

<---天下无敌: MudOs v22pre11 (by wwj,Jan  1 1999) startup on Microsoft Windows 98 at Sun Jan 12 15:42:19 2003

using config file: D:\download\fy\mudos\Config.cfg
System Error: init_addr_server: connect: WSAECONNREFUSED
]simul_efun loaded successfully.

Loading preloaded files ...
Initializations complete.

Accepting connections on port 3333.
Initializing internal tables....

<---天下无敌: MudOs v22pre11 (by wwj,Jan  1 1999) startup on Microsoft Windows 98 at Fri Jan 17 22:10:27 2003

using config file: D:\download\fy\mudos\Config.cfg
Can't find "mudos", ignoring old binaries.
Try invoking the driver using the full pathname.
System Error: init_addr_server: gethostbyname: unknown error 11004
]simul_efun loaded successfully.

Loading preloaded files ...
Initializations complete.

Accepting connections on port 3333.

执行时段错误：*Bad argument 2 to <=
Expected: int or float Got: ([ /* sizeof() == 1 */
  0 : 1022066102,
]).

程式：cmds/usr/news.c 第 160 行
物件: /cmds/usr/news
呼叫来自：feature/action.c 的 eval_function() 第 71 行，物件： obj/user#323 ("长孙无情")
呼叫来自：<function> 的 <function>() 第 0 行，物件： cmds/usr/news ("郑州风云新闻")
呼叫来自：cmds/usr/news.c 的 auto_notice() 第 160 行，物件： cmds/usr/news ("郑州风云新闻")
closed external ports
Initializing internal tables....

<---天下无敌: MudOs v22pre11 (by wwj,Jan  1 1999) shutdown at Fri Jan 17 22:15:15 2003




<---天下无敌: MudOs v22pre11 (by wwj,Jan  1 1999) startup on Microsoft Windows 98 at Fri Jan 17 22:15:16 2003

using config file: D:\download\fy\mudos\Config.cfg
Can't find "mudos", ignoring old binaries.
Try invoking the driver using the full pathname.
System Error: init_addr_server: gethostbyname: unknown error 11004
]simul_efun loaded successfully.

Loading preloaded files ...
Initializations complete.

Accepting connections on port 3333.
Initializing internal tables....

<---天下无敌: MudOs v22pre11 (by wwj,Jan  1 1999) startup on Microsoft Windows 98 at Sat Jan 18 13:46:38 2003

using config file: D:\download\fy\mudos\Config.cfg
Can't find "mudos", ignoring old binaries.
Try invoking the driver using the full pathname.
System Error: init_addr_server: gethostbyname: unknown error 11004
]simul_efun loaded successfully.

Loading preloaded files ...
Initializations complete.

Accepting connections on port 3333.

执行时段错误：*Bad argument 2 to <=
Expected: int or float Got: ([ /* sizeof() == 1 */
  0 : 1022066102,
]).

程式：cmds/usr/news.c 第 160 行
物件: /cmds/usr/news
呼叫来自：feature/action.c 的 eval_function() 第 71 行，物件： obj/user#324 ("长孙无情")
呼叫来自：<function> 的 <function>() 第 0 行，物件： cmds/usr/news ("郑州风云新闻")
呼叫来自：cmds/usr/news.c 的 auto_notice() 第 160 行，物件： cmds/usr/news ("郑州风云新闻")
Initializing internal tables....

<---天下无敌: MudOs v22pre11 (by wwj,Jan  1 1999) startup on Microsoft Windows 98 at Sat Jan 18 13:53:26 2003

using config file: D:\download\fy\mudos\Config.cfg
Can't find "mudos", ignoring old binaries.
Try invoking the driver using the full pathname.
System Error: init_addr_server: gethostbyname: unknown error 11004
]simul_efun loaded successfully.

Loading preloaded files ...
Initializations complete.

Accepting connections on port 3333.
Initializing internal tables....

<---天下无敌: MudOs v22pre11 (by wwj,Jan  1 1999) startup on Microsoft Windows 98 at Sat Jan 18 13:59:08 2003

using config file: D:\download\fy\mudos\Config.cfg
Can't find "mudos", ignoring old binaries.
Try invoking the driver using the full pathname.
System Error: init_addr_server: gethostbyname: unknown error 11004
]simul_efun loaded successfully.

Loading preloaded files ...
Initializations complete.

Accepting connections on port 3333.
Initializing internal tables....

<---天下无敌: MudOs v22pre11 (by wwj,Jan  1 1999) startup on Microsoft Windows 98 at Sat Jan 18 14:00:34 2003

using config file: D:\download\fy\mudos\Config.cfg
Can't find "mudos", ignoring old binaries.
Try invoking the driver using the full pathname.
System Error: init_addr_server: gethostbyname: unknown error 11004
]simul_efun loaded successfully.

Loading preloaded files ...
Initializations complete.

Accepting connections on port 3333.
closed external ports
Initializing internal tables....

<---天下无敌: MudOs v22pre11 (by wwj,Jan  1 1999) shutdown at Sat Jan 18 14:02:26 2003




<---天下无敌: MudOs v22pre11 (by wwj,Jan  1 1999) startup on Microsoft Windows 98 at Sat Jan 18 14:02:28 2003

using config file: D:\download\fy\mudos\Config.cfg
Can't find "mudos", ignoring old binaries.
Try invoking the driver using the full pathname.
System Error: init_addr_server: gethostbyname: unknown error 11004
]simul_efun loaded successfully.

Loading preloaded files ...
Initializations complete.

Accepting connections on port 3333.

<---天下无敌: MudOs v22pre11 (by wwj,Jan  1 1999) startup on Microsoft Windows NT at Sat Feb 15 01:50:55 2003

using config file: E:\fy\mudosold\CONFIG.CFG
System Error: init_addr_server: gethostbyname: 请求的名称有效并且在数据库中找到，但是它没有相关的正确的数据来被解析。

]simul_efun loaded successfully.

Loading preloaded files ...
错误讯息被拦截: 
执行时段错误：*Error in loading object '/adm/daemons/cron'

程式：adm/daemons/questd.c 第 22 行
物件: /adm/daemons/questd
呼叫来自：adm/obj/master.c 的 preload() 第 97 行，物件： adm/obj/master
呼叫来自：adm/obj/master.c 的 CATCH() 第 97 行，物件： adm/obj/master
呼叫来自：adm/daemons/questd.c 的 create() 第 22 行，物件： adm/daemons/questd
错误讯息被拦截: 
执行时段错误：*Error in loading object '/adm/daemons/cron'

程式：adm/obj/master.c 第 97 行
物件: /adm/obj/master
呼叫来自：adm/obj/master.c 的 preload() 第 97 行，物件： adm/obj/master
呼叫来自：adm/obj/master.c 的 CATCH() 第 97 行，物件： adm/obj/master
Initializations complete.

Accepting connections on port 3333.

执行时段错误：*Bad argument 2 to <=
Expected: int or float Got: ([ /* sizeof() == 1 */
  0 : 1022066102,
]).

程式：cmds/usr/news.c 第 160 行
物件: /cmds/usr/news
呼叫来自：feature/action.c 的 eval_function() 第 81 行，物件： obj/user#2 ("长孙无情")
呼叫来自：<function> 的 <function>() 第 0 行，物件： cmds/usr/news ("郑州风云新闻")
呼叫来自：cmds/usr/news.c 的 auto_notice() 第 160 行，物件： cmds/usr/news ("郑州风云新闻")
Initializing internal tables....

<---天下无敌: MudOs v22pre11 (by wwj,Jan  1 1999) startup on Microsoft Windows NT at Sat Feb 15 02:13:36 2003

using config file: E:\fy\mudosold\CONFIG.CFG
System Error: init_addr_server: gethostbyname: 请求的名称有效并且在数据库中找到，但是它没有相关的正确的数据来被解析。

]simul_efun loaded successfully.

Loading preloaded files ...
错误讯息被拦截: 
执行时段错误：*Error in loading object '/adm/daemons/cron'

程式：adm/daemons/questd.c 第 22 行
物件: /adm/daemons/questd
呼叫来自：adm/obj/master.c 的 preload() 第 96 行，物件： adm/obj/master
呼叫来自：adm/obj/master.c 的 CATCH() 第 96 行，物件： adm/obj/master
呼叫来自：adm/daemons/questd.c 的 create() 第 22 行，物件： adm/daemons/questd
错误讯息被拦截: 
执行时段错误：*Error in loading object '/adm/daemons/cron'

程式：adm/obj/master.c 第 96 行
物件: /adm/obj/master
呼叫来自：adm/obj/master.c 的 preload() 第 96 行，物件： adm/obj/master
呼叫来自：adm/obj/master.c 的 CATCH() 第 96 行，物件： adm/obj/master
Initializations complete.

Accepting connections on port 3333.
Error in error handler: *Too deep recursion.
program: /adm/daemons/chinesed.c, object: /adm/daemons/chinesed, file: /adm/daemons/chinesed.c:64
'     get_passwd' in 'adm/daemons/logind.c' ('  adm/daemons/logind') /adm/daemons/logind.c:276
arguments were ("Xxx.guang",obj/login#1)
locals were: "/z8dG5Kci8l2Q",obj/user#2
'    enter_world' in 'adm/daemons/logind.c' ('  adm/daemons/logind') /adm/daemons/logind.c:664
arguments were (obj/login#1,obj/user#2,0)
locals were: obj/cloth#3,0,"/d/wiz/hall",0,"xgchen","/data/mail/x/xgchen.o",0
'     check_user' in 'adm/daemons/updated.c' (' adm/daemons/updated') /adm/daemons/updated.c:55
arguments were (obj/user#2)
locals were: ([ /* sizeof() == 80 */
  "race" : "人类",
  "class" : "assassin",
  "age" : 66,
  "title" : "金钱帮大长老",
  "xmvhouse" : 1,
  "KILLED" : 1,
  "mud_age" : 14516608,
  "mapover" : 1015072601,
  "nickname" : "[1;33mwww.xgchen.com[2;37;0m",
  "created_item" : 1,
  "score" : 0,
  "potential" : 777817,
  "last_good_kill" : 14515042,
  "channels" : ({ /* sizeof() == 8 */
      "chat",
      "fy",
      "new",
      "rumor",
      "gab",
      "sale",
      "wiz",
      "sys"
    }),
  "kar" : 10,
  "PKS" : 1,
  "cwd" : "/",
  "cps" : 30,
  "deposit" : 1211699992,
  "env" : ([ /* sizeof() == 3 */
      "immortal" : 1,
      "prompt" : "time",
      "wimpy" : 50,
    ]),
  "cor" : 5,
  "last_read_news" : ([ /* sizeof() == 1 */
      0 : 1022066102,
    ]),
  "per" : 30,
  "spi" : 12,
  "skname" : "太极拳",
  "con" : 19,
  "str" : 100,
  "betrayer" : 17,
  "dur" : 2,
  "gender" : "男性",
  "national" : "汉族",
  "water" : 128,
  "agi" : 10,
  "name" : "长孙无情",
  "cwf" : "/d/stone/sroom.c",
  "fle" : 10,
  "MKS" : 6,
  "tol" : 5,
  "food" : 128,
  "int" : 30,
  "birthday" : 1015009035,
  "sen" : 584,
  "gin" : 194,
  "vendetta" : ([ /* sizeof() == 1 */
      "shaolin" : 2,
    ]),
  "force" : 15000,
  "level" : 11,
  "fenglu" : 65,
  "vendetta_mark" : "authority",
  "board_last_read" : ([ /* sizeof() == 3 */
      "top-board" : 1017503882,
      "fysquare_b" : 1030233007,
      "wizard_b" : 1028989149,
    ]),
  "biqi_top" : 998,
  "learned_points" : 3900,
  "gift_points" : 5,
  "used_gift_points" : 1,
  "qianminglong" : "[1;31m别人笑我太疯癫，我笑他人看不穿。
[1;36m记得泥潭豪杰梦，无花无酒何作填。
[2;37;0m",
  "id" : "xgchen",
  "qiushi" : ([ /* sizeof() == 2 */
      "temp" : "长孙无情(xgchen)在new频道说脏话(刚才去大便了)被设囚禁 60 分
",
      "howlong" : 60,
    ]),
  "default_actions" : (: call_other,     "/adm/daemons/race/human.c",     "query_action" :),
  "max_mana" : 0,
  "actions" : (: call_other,     "/daemon/skill/taiji",     "query_action" :),
  "killren" : 1,
  "max_atman" : 0,
  "mana" : 0,
  "startroom" : "/d/wiz/hall",
  "atman" : 0,
  "LastReadNews" : 153,
  "max_sen" : 584,
  "toover" : 1017503734,
  "bellicosity" : 37,
  "max_gin" : 194,
  "max_force" : 15000,
  "combat_exp" : 12000000,
  "quit_time" : 1042875423,
  "eff_sen" : 584,
  "eff_kee" : 13795,
  "family" : ([ /* sizeof() == 7 */
      "family_name" : "金钱帮",
      "generation" : 2,
      "title" : "弟子",
      "master_id" : "master shangguan",
      "privs" : 0,
      "enter_time" : 1043242197,
      "master_name" : "上官金虹",
    ]),
  "max_kee" : 15414,
  "eff_gin" : 194,
  "kee" : 13794,
  "force_factor" : 0,
  "pansi" : "swordsman>",
])
' chinese_number' in 'adm/obj/simul_efun.c' ('  adm/obj/simul_efun') /adm/simul_efun/chinese.c:4
arguments were (1155699992)
' chinese_number' in 'adm/daemons/chinesed.c' ('adm/daemons/chinesed') /adm/daemons/chinesed.c:64
arguments were (1155699992)
' chinese_number' in 'adm/daemons/chinesed.c' ('adm/daemons/chinesed') /adm/daemons/chinesed.c:64
arguments were (428320024)
' chinese_number' in 'adm/daemons/chinesed.c' ('adm/daemons/chinesed') /adm/daemons/chinesed.c:64
arguments were (428320024)
' chinese_number' in 'adm/daemons/chinesed.c' ('adm/daemons/chinesed') /adm/daemons/chinesed.c:64
arguments were (428320024)
' chinese_number' in 'adm/daemons/chinesed.c' ('adm/daemons/chinesed') /adm/daemons/chinesed.c:64
arguments were (428320024)
' chinese_number' in 'adm/daemons/chinesed.c' ('adm/daemons/chinesed') /adm/daemons/chinesed.c:64
arguments were (428320024)
' chinese_number' in 'adm/daemons/chinesed.c' ('adm/daemons/chinesed') /adm/daemons/chinesed.c:64
arguments were (428320024)
' chinese_number' in 'adm/daemons/chinesed.c' ('adm/daemons/chinesed') /adm/daemons/chinesed.c:64
arguments were (428320024)
' chinese_number' in 'adm/daemons/chinesed.c' ('adm/daemons/chinesed') /adm/daemons/chinesed.c:64
arguments were (428320024)
' chinese_number' in 'adm/daemons/chinesed.c' ('adm/daemons/chinesed') /adm/daemons/chinesed.c:64
arguments were (428320024)
' chinese_number' in 'adm/daemons/chinesed.c' ('adm/daemons/chinesed') /adm/daemons/chinesed.c:64
arguments were (428320024)
' chinese_number' in 'adm/daemons/chinesed.c' ('adm/daemons/chinesed') /adm/daemons/chinesed.c:64
arguments were (428320024)
' chinese_number' in 'adm/daemons/chinesed.c' ('adm/daemons/chinesed') /adm/daemons/chinesed.c:64
arguments were (428320024)
' chinese_number' in 'adm/daemons/chinesed.c' ('adm/daemons/chinesed') /adm/daemons/chinesed.c:64
arguments were (428320024)
' chinese_number' in 'adm/daemons/chinesed.c' ('adm/daemons/chinesed') /adm/daemons/chinesed.c:64
arguments were (428320024)
' chinese_number' in 'adm/daemons/chinesed.c' ('adm/daemons/chinesed') /adm/daemons/chinesed.c:64
arguments were (428320024)
' chinese_number' in 'adm/daemons/chinesed.c' ('adm/daemons/chinesed') /adm/daemons/chinesed.c:64
arguments were (428320024)
' chinese_number' in 'adm/daemons/chinesed.c' ('adm/daemons/chinesed') /adm/daemons/chinesed.c:64
arguments were (428320024)
' chinese_number' in 'adm/daemons/chinesed.c' ('adm/daemons/chinesed') /adm/daemons/chinesed.c:64
arguments were (428320024)
' chinese_number' in 'adm/daemons/chinesed.c' ('adm/daemons/chinesed') /adm/daemons/chinesed.c:64
arguments were (428320024)
' chinese_number' in 'adm/daemons/chinesed.c' ('adm/daemons/chinesed') /adm/daemons/chinesed.c:64
arguments were (428320024)
' chinese_number' in 'adm/daemons/chinesed.c' ('adm/daemons/chinesed') /adm/daemons/chinesed.c:64
arguments were (428320024)
' chinese_number' in 'adm/daemons/chinesed.c' ('adm/daemons/chinesed') /adm/daemons/chinesed.c:64
arguments were (428320024)
' chinese_number' in 'adm/daemons/chinesed.c' ('adm/daemons/chinesed') /adm/daemons/chinesed.c:64
arguments were (428320024)
' chinese_number' in 'adm/daemons/chinesed.c' ('adm/daemons/chinesed') /adm/daemons/chinesed.c:64
arguments were (428320024)
' chinese_number' in 'adm/daemons/chinesed.c' ('adm/daemons/chinesed') /adm/daemons/chinesed.c:64
arguments were (428320024)
' chinese_number' in 'adm/daemons/chinesed.c' ('adm/daemons/chinesed') /adm/daemons/chinesed.c:64
arguments were (428320024)
' chinese_number' in 'adm/daemons/chinesed.c' ('adm/daemons/chinesed') /adm/daemons/chinesed.c:64
arguments were (428320024)
' chinese_number' in 'adm/daemons/chinesed.c' ('adm/daemons/chinesed') /adm/daemons/chinesed.c:64
arguments were (428320024)
' chinese_number' in 'adm/daemons/chinesed.c' ('adm/daemons/chinesed') /adm/daemons/chinesed.c:64
arguments were (428320024)
' chinese_number' in 'adm/daemons/chinesed.c' ('adm/daemons/chinesed') /adm/daemons/chinesed.c:64
arguments were (428320024)
' chinese_number' in 'adm/daemons/chinesed.c' ('adm/daemons/chinesed') /adm/daemons/chinesed.c:64
arguments were (428320024)
' chinese_number' in 'adm/daemons/chinesed.c' ('adm/daemons/chinesed') /adm/daemons/chinesed.c:64
arguments were (428320024)
' chinese_number' in 'adm/daemons/chinesed.c' ('adm/daemons/chinesed') /adm/daemons/chinesed.c:64
arguments were (428320024)
' chinese_number' in 'adm/daemons/chinesed.c' ('adm/daemons/chinesed') /adm/daemons/chinesed.c:64
arguments were (428320024)
' chinese_number' in 'adm/daemons/chinesed.c' ('adm/daemons/chinesed') /adm/daemons/chinesed.c:64
arguments were (428320024)
' chinese_number' in 'adm/daemons/chinesed.c' ('adm/daemons/chinesed') /adm/daemons/chinesed.c:64
arguments were (428320024)
' chinese_number' in 'adm/daemons/chinesed.c' ('adm/daemons/chinesed') /adm/daemons/chinesed.c:64
arguments were (428320024)
' chinese_number' in 'adm/daemons/chinesed.c' ('adm/daemons/chinesed') /adm/daemons/chinesed.c:64
arguments were (428320024)
' chinese_number' in 'adm/daemons/chinesed.c' ('adm/daemons/chinesed') /adm/daemons/chinesed.c:64
arguments were (428320024)
' chinese_number' in 'adm/daemons/chinesed.c' ('adm/daemons/chinesed') /adm/daemons/chinesed.c:64
arguments were (428320024)
' chinese_number' in 'adm/daemons/chinesed.c' ('adm/daemons/chinesed') /adm/daemons/chinesed.c:64
arguments were (428320024)
' chinese_number' in 'adm/daemons/chinesed.c' ('adm/daemons/chinesed') /adm/daemons/chinesed.c:64
arguments were (428320024)
' chinese_number' in 'adm/daemons/chinesed.c' ('adm/daemons/chinesed') /adm/daemons/chinesed.c:64
arguments were (428320024)
' chinese_number' in 'adm/daemons/chinesed.c' ('adm/daemons/chinesed') /adm/daemons/chinesed.c:64
arguments were (428320024)
' chinese_number' in 'adm/daemons/chinesed.c' ('adm/daemons/chinesed') /adm/daemons/chinesed.c:64
arguments were (428320024)
closed external ports
Initializing internal tables....

<---天下无敌: MudOs v22pre11 (by wwj,Jan  1 1999) shutdown at Sat Feb 15 02:49:28 2003




<---天下无敌: MudOs v22pre11 (by wwj,Jan  1 1999) startup on Microsoft Windows NT at Sat Feb 15 02:49:43 2003

using config file: E:\fy\mudosold\CONFIG.CFG
System Error: init_addr_server: gethostbyname: 请求的名称有效并且在数据库中找到，但是它没有相关的正确的数据来被解析。

]simul_efun loaded successfully.

Loading preloaded files ...
错误讯息被拦截: 
执行时段错误：*Error in loading object '/adm/daemons/cron'

程式：adm/daemons/questd.c 第 22 行
物件: /adm/daemons/questd
呼叫来自：adm/obj/master.c 的 preload() 第 96 行，物件： adm/obj/master
呼叫来自：adm/obj/master.c 的 CATCH() 第 96 行，物件： adm/obj/master
呼叫来自：adm/daemons/questd.c 的 create() 第 22 行，物件： adm/daemons/questd
错误讯息被拦截: 
执行时段错误：*Error in loading object '/adm/daemons/cron'

程式：adm/obj/master.c 第 96 行
物件: /adm/obj/master
呼叫来自：adm/obj/master.c 的 preload() 第 96 行，物件： adm/obj/master
呼叫来自：adm/obj/master.c 的 CATCH() 第 96 行，物件： adm/obj/master
Initializations complete.

Accepting connections on port 3333.
Error in error handler: *Too deep recursion.
program: /adm/daemons/chinesed.c, object: /adm/daemons/chinesed, file: /adm/daemons/chinesed.c:64
'     get_passwd' in 'adm/daemons/logind.c' ('  adm/daemons/logind') /adm/daemons/logind.c:276
arguments were ("Xxx.guang",obj/login#1)
locals were: "/z8dG5Kci8l2Q",obj/user#2
'    enter_world' in 'adm/daemons/logind.c' ('  adm/daemons/logind') /adm/daemons/logind.c:664
arguments were (obj/login#1,obj/user#2,0)
locals were: obj/cloth#3,0,"/d/wiz/hall",0,"xgchen","/data/mail/x/xgchen.o",0
'     check_user' in 'adm/daemons/updated.c' (' adm/daemons/updated') /adm/daemons/updated.c:55
arguments were (obj/user#2)
locals were: ([ /* sizeof() == 80 */
  "MKS" : 6,
  "class" : "assassin",
  "age" : 66,
  "mud_age" : 14518738,
  "KILLED" : 1,
  "title" : "金钱帮大长老",
  "nickname" : "[1;33mwww.xgchen.com[2;37;0m",
  "score" : 0,
  "channels" : ({ /* sizeof() == 8 */
      "chat",
      "fy",
      "new",
      "rumor",
      "gab",
      "sale",
      "wiz",
      "sys"
    }),
  "potential" : 777817,
  "kar" : 10,
  "cwd" : "/",
  "PKS" : 1,
  "cps" : 30,
  "env" : ([ /* sizeof() == 3 */
      "immortal" : 1,
      "prompt" : "time",
      "wimpy" : 50,
    ]),
  "deposit" : 1211699992,
  "biqi_top" : 998,
  "cor" : 5,
  "gift_points" : 5,
  "per" : 30,
  "used_gift_points" : 1,
  "spi" : 12,
  "con" : 19,
  "race" : "人类",
  "str" : 100,
  "national" : "汉族",
  "gender" : "男性",
  "dur" : 2,
  "water" : 0,
  "name" : "长孙无情",
  "agi" : 10,
  "qiushi" : ([ /* sizeof() == 2 */
      "temp" : "长孙无情(xgchen)在new频道说脏话(刚才去大便了)被设囚禁 60 分
",
      "howlong" : 60,
    ]),
  "qianminglong" : "[1;31m别人笑我太疯癫，我笑他人看不穿。
[1;36m记得泥潭豪杰梦，无花无酒何作填。
[2;37;0m",
  "fle" : 10,
  "food" : 0,
  "tol" : 5,
  "int" : 30,
  "birthday" : 1015009035,
  "sen" : 584,
  "gin" : 194,
  "force" : 15000,
  "killren" : 1,
  "pansi" : "swordsman>",
  "vendetta" : ([ /* sizeof() == 1 */
      "shaolin" : 2,
    ]),
  "level" : 11,
  "LastReadNews" : 153,
  "toover" : 1017503734,
  "vendetta_mark" : "authority",
  "fenglu" : 65,
  "xmvhouse" : 1,
  "id" : "xgchen",
  "max_mana" : 0,
  "mapover" : 1015072601,
  "learned_points" : 3900,
  "max_atman" : 0,
  "created_item" : 1,
  "default_actions" : (: call_other,     "/adm/daemons/race/human.c",     "query_action" :),
  "mana" : 0,
  "atman" : 0,
  "startroom" : "/d/wiz/hall",
  "actions" : (: call_other,     "/daemon/skill/taiji",     "query_action" :),
  "max_sen" : 584,
  "max_gin" : 194,
  "bellicosity" : 37,
  "max_force" : 15000,
  "board_last_read" : ([ /* sizeof() == 3 */
      "wizard_b" : 1028989149,
      "top-board" : 1017503882,
      "fysquare_b" : 1030233007,
    ]),
  "combat_exp" : 12000000,
  "last_good_kill" : 14515042,
  "quit_time" : 1042875423,
  "eff_sen" : 584,
  "eff_kee" : 13922,
  "eff_gin" : 194,
  "family" : ([ /* sizeof() == 7 */
      "generation" : 2,
      "family_name" : "金钱帮",
      "privs" : 0,
      "master_id" : "master shangguan",
      "title" : "弟子",
      "master_name" : "上官金虹",
      "enter_time" : 1043242197,
    ]),
  "max_kee" : 15414,
  "kee" : 13921,
  "force_factor" : 0,
  "last_read_news" : ([ /* sizeof() == 1 */
      0 : 1022066102,
    ]),
  "skname" : "太极拳",
  "betrayer" : 17,
  "cwf" : "/feature/attack.c",
])
' chinese_number' in 'adm/obj/simul_efun.c' ('  adm/obj/simul_efun') /adm/simul_efun/chinese.c:4
arguments were (1155699992)
' chinese_number' in 'adm/daemons/chinesed.c' ('adm/daemons/chinesed') /adm/daemons/chinesed.c:64
arguments were (1155699992)
' chinese_number' in 'adm/daemons/chinesed.c' ('adm/daemons/chinesed') /adm/daemons/chinesed.c:64
arguments were (428320024)
' chinese_number' in 'adm/daemons/chinesed.c' ('adm/daemons/chinesed') /adm/daemons/chinesed.c:64
arguments were (428320024)
' chinese_number' in 'adm/daemons/chinesed.c' ('adm/daemons/chinesed') /adm/daemons/chinesed.c:64
arguments were (428320024)
' chinese_number' in 'adm/daemons/chinesed.c' ('adm/daemons/chinesed') /adm/daemons/chinesed.c:64
arguments were (428320024)
' chinese_number' in 'adm/daemons/chinesed.c' ('adm/daemons/chinesed') /adm/daemons/chinesed.c:64
arguments were (428320024)
' chinese_number' in 'adm/daemons/chinesed.c' ('adm/daemons/chinesed') /adm/daemons/chinesed.c:64
arguments were (428320024)
' chinese_number' in 'adm/daemons/chinesed.c' ('adm/daemons/chinesed') /adm/daemons/chinesed.c:64
arguments were (428320024)
' chinese_number' in 'adm/daemons/chinesed.c' ('adm/daemons/chinesed') /adm/daemons/chinesed.c:64
arguments were (428320024)
' chinese_number' in 'adm/daemons/chinesed.c' ('adm/daemons/chinesed') /adm/daemons/chinesed.c:64
arguments were (428320024)
' chinese_number' in 'adm/daemons/chinesed.c' ('adm/daemons/chinesed') /adm/daemons/chinesed.c:64
arguments were (428320024)
' chinese_number' in 'adm/daemons/chinesed.c' ('adm/daemons/chinesed') /adm/daemons/chinesed.c:64
arguments were (428320024)
' chinese_number' in 'adm/daemons/chinesed.c' ('adm/daemons/chinesed') /adm/daemons/chinesed.c:64
arguments were (428320024)
' chinese_number' in 'adm/daemons/chinesed.c' ('adm/daemons/chinesed') /adm/daemons/chinesed.c:64
arguments were (428320024)
' chinese_number' in 'adm/daemons/chinesed.c' ('adm/daemons/chinesed') /adm/daemons/chinesed.c:64
arguments were (428320024)
' chinese_number' in 'adm/daemons/chinesed.c' ('adm/daemons/chinesed') /adm/daemons/chinesed.c:64
arguments were (428320024)
' chinese_number' in 'adm/daemons/chinesed.c' ('adm/daemons/chinesed') /adm/daemons/chinesed.c:64
arguments were (428320024)
' chinese_number' in 'adm/daemons/chinesed.c' ('adm/daemons/chinesed') /adm/daemons/chinesed.c:64
arguments were (428320024)
' chinese_number' in 'adm/daemons/chinesed.c' ('adm/daemons/chinesed') /adm/daemons/chinesed.c:64
arguments were (428320024)
' chinese_number' in 'adm/daemons/chinesed.c' ('adm/daemons/chinesed') /adm/daemons/chinesed.c:64
arguments were (428320024)
' chinese_number' in 'adm/daemons/chinesed.c' ('adm/daemons/chinesed') /adm/daemons/chinesed.c:64
arguments were (428320024)
' chinese_number' in 'adm/daemons/chinesed.c' ('adm/daemons/chinesed') /adm/daemons/chinesed.c:64
arguments were (428320024)
' chinese_number' in 'adm/daemons/chinesed.c' ('adm/daemons/chinesed') /adm/daemons/chinesed.c:64
arguments were (428320024)
' chinese_number' in 'adm/daemons/chinesed.c' ('adm/daemons/chinesed') /adm/daemons/chinesed.c:64
arguments were (428320024)
' chinese_number' in 'adm/daemons/chinesed.c' ('adm/daemons/chinesed') /adm/daemons/chinesed.c:64
arguments were (428320024)
' chinese_number' in 'adm/daemons/chinesed.c' ('adm/daemons/chinesed') /adm/daemons/chinesed.c:64
arguments were (428320024)
' chinese_number' in 'adm/daemons/chinesed.c' ('adm/daemons/chinesed') /adm/daemons/chinesed.c:64
arguments were (428320024)
' chinese_number' in 'adm/daemons/chinesed.c' ('adm/daemons/chinesed') /adm/daemons/chinesed.c:64
arguments were (428320024)
' chinese_number' in 'adm/daemons/chinesed.c' ('adm/daemons/chinesed') /adm/daemons/chinesed.c:64
arguments were (428320024)
' chinese_number' in 'adm/daemons/chinesed.c' ('adm/daemons/chinesed') /adm/daemons/chinesed.c:64
arguments were (428320024)
' chinese_number' in 'adm/daemons/chinesed.c' ('adm/daemons/chinesed') /adm/daemons/chinesed.c:64
arguments were (428320024)
' chinese_number' in 'adm/daemons/chinesed.c' ('adm/daemons/chinesed') /adm/daemons/chinesed.c:64
arguments were (428320024)
' chinese_number' in 'adm/daemons/chinesed.c' ('adm/daemons/chinesed') /adm/daemons/chinesed.c:64
arguments were (428320024)
' chinese_number' in 'adm/daemons/chinesed.c' ('adm/daemons/chinesed') /adm/daemons/chinesed.c:64
arguments were (428320024)
' chinese_number' in 'adm/daemons/chinesed.c' ('adm/daemons/chinesed') /adm/daemons/chinesed.c:64
arguments were (428320024)
' chinese_number' in 'adm/daemons/chinesed.c' ('adm/daemons/chinesed') /adm/daemons/chinesed.c:64
arguments were (428320024)
' chinese_number' in 'adm/daemons/chinesed.c' ('adm/daemons/chinesed') /adm/daemons/chinesed.c:64
arguments were (428320024)
' chinese_number' in 'adm/daemons/chinesed.c' ('adm/daemons/chinesed') /adm/daemons/chinesed.c:64
arguments were (428320024)
' chinese_number' in 'adm/daemons/chinesed.c' ('adm/daemons/chinesed') /adm/daemons/chinesed.c:64
arguments were (428320024)
' chinese_number' in 'adm/daemons/chinesed.c' ('adm/daemons/chinesed') /adm/daemons/chinesed.c:64
arguments were (428320024)
' chinese_number' in 'adm/daemons/chinesed.c' ('adm/daemons/chinesed') /adm/daemons/chinesed.c:64
arguments were (428320024)
' chinese_number' in 'adm/daemons/chinesed.c' ('adm/daemons/chinesed') /adm/daemons/chinesed.c:64
arguments were (428320024)
' chinese_number' in 'adm/daemons/chinesed.c' ('adm/daemons/chinesed') /adm/daemons/chinesed.c:64
arguments were (428320024)
' chinese_number' in 'adm/daemons/chinesed.c' ('adm/daemons/chinesed') /adm/daemons/chinesed.c:64
arguments were (428320024)
' chinese_number' in 'adm/daemons/chinesed.c' ('adm/daemons/chinesed') /adm/daemons/chinesed.c:64
arguments were (428320024)
' chinese_number' in 'adm/daemons/chinesed.c' ('adm/daemons/chinesed') /adm/daemons/chinesed.c:64
arguments were (428320024)

执行时段错误：*Error in loading object '/adm/daemons/combatd'

程式：feature/attack.c 第 217 行
物件: /d/fy/npc/cloud_solider#35
呼叫来自：feature/command.c 的 command_hook() 第 41 行，物件： obj/user#2 ("长孙无情")
呼叫来自：cmds/std/go.c 的 main() 第 167 行，物件： cmds/std/go
呼叫来自：feature/move.c 的 move() 第 104 行，物件： obj/user#2 ("长孙无情")
呼叫来自：d/fy/npc/cloud_solider.c 的 init() 第 50 行，物件： d/fy/npc/cloud_solider#35 ("云卒")
呼叫来自：feature/attack.c 的 init() 第 217 行，物件： d/fy/npc/cloud_solider#35 ("云卒")

执行时段错误：*Error in loading object '/adm/daemons/combatd'

程式：feature/attack.c 第 217 行
物件: /d/fy/npc/cloud_solider#35
呼叫来自：feature/command.c 的 command_hook() 第 41 行，物件： obj/user#2 ("长孙无情")
呼叫来自：cmds/std/go.c 的 main() 第 167 行，物件： cmds/std/go
呼叫来自：feature/move.c 的 move() 第 104 行，物件： obj/user#2 ("长孙无情")
呼叫来自：d/fy/npc/cloud_solider.c 的 init() 第 50 行，物件： d/fy/npc/cloud_solider#35 ("云卒")
呼叫来自：feature/attack.c 的 init() 第 217 行，物件： d/fy/npc/cloud_solider#35 ("云卒")

执行时段错误：*Error in loading object '/adm/daemons/combatd'

程式：feature/attack.c 第 217 行
物件: /d/fy/npc/cloud_solider#35
呼叫来自：feature/command.c 的 command_hook() 第 41 行，物件： obj/user#2 ("长孙无情")
呼叫来自：cmds/std/go.c 的 main() 第 167 行，物件： cmds/std/go
呼叫来自：feature/move.c 的 move() 第 104 行，物件： obj/user#2 ("长孙无情")
呼叫来自：d/fy/npc/cloud_solider.c 的 init() 第 50 行，物件： d/fy/npc/cloud_solider#35 ("云卒")
呼叫来自：feature/attack.c 的 init() 第 217 行，物件： d/fy/npc/cloud_solider#35 ("云卒")

执行时段错误：*Error in loading object '/adm/daemons/combatd'

程式：feature/attack.c 第 217 行
物件: /d/fy/npc/cloud_solider#35
呼叫来自：feature/command.c 的 command_hook() 第 41 行，物件： obj/user#2 ("长孙无情")
呼叫来自：cmds/std/go.c 的 main() 第 167 行，物件： cmds/std/go
呼叫来自：feature/move.c 的 move() 第 104 行，物件： obj/user#2 ("长孙无情")
呼叫来自：d/fy/npc/cloud_solider.c 的 init() 第 50 行，物件： d/fy/npc/cloud_solider#35 ("云卒")
呼叫来自：feature/attack.c 的 init() 第 217 行，物件： d/fy/npc/cloud_solider#35 ("云卒")

执行时段错误：*Error in loading object '/adm/daemons/combatd'

程式：feature/attack.c 第 209 行
物件: /d/manglin/npc/tiger#54
呼叫来自：feature/command.c 的 command_hook() 第 41 行，物件： obj/user#2 ("长孙无情")
呼叫来自：cmds/std/go.c 的 main() 第 129 行，物件： cmds/std/go
呼叫来自：d/manglin/groups2.c 的 create() 第 34 行，物件： d/manglin/groups2
呼叫来自：std/room.c 的 setup() 第 215 行，物件： d/manglin/groups2
呼叫来自：std/room.c 的 reset() 第 66 行，物件： d/manglin/groups2
呼叫来自：std/room.c 的 make_inventory() 第 20 行，物件： d/manglin/groups2
呼叫来自：feature/move.c 的 move() 第 104 行，物件： d/manglin/npc/tiger#54 ("白额猛虎")
呼叫来自：feature/attack.c 的 init() 第 209 行，物件： d/manglin/npc/tiger#54 ("白额猛虎")

执行时段错误：*Error in loading object '/adm/daemons/combatd'

程式：feature/attack.c 第 206 行
物件: /d/manglin/npc/tiger#54
呼叫来自：feature/command.c 的 command_hook() 第 41 行，物件： obj/user#2 ("长孙无情")
呼叫来自：cmds/std/go.c 的 main() 第 167 行，物件： cmds/std/go
呼叫来自：feature/move.c 的 move() 第 104 行，物件： obj/user#2 ("长孙无情")
呼叫来自：feature/attack.c 的 init() 第 206 行，物件： d/manglin/npc/tiger#54 ("白额猛虎")
错误讯息被拦截: 
执行时段错误：*Error in loading object '/adm/daemons/combatd'

程式：feature/attack.c 第 209 行
物件: /d/manglin/npc/snake#55
呼叫来自：feature/command.c 的 command_hook() 第 41 行，物件： obj/user#2 ("长孙无情")
呼叫来自：cmds/wiz/update.c 的 main() 第 53 行，物件： cmds/wiz/update
呼叫来自：cmds/wiz/update.c 的 CATCH() 第 53 行，物件： cmds/wiz/update
呼叫来自：d/manglin/groups2.c 的 create() 第 34 行，物件： d/manglin/groups2
呼叫来自：std/room.c 的 setup() 第 215 行，物件： d/manglin/groups2
呼叫来自：std/room.c 的 reset() 第 66 行，物件： d/manglin/groups2
呼叫来自：std/room.c 的 make_inventory() 第 20 行，物件： d/manglin/groups2
呼叫来自：feature/move.c 的 move() 第 104 行，物件： d/manglin/npc/tiger#56 ("白额猛虎")
呼叫来自：feature/attack.c 的 init() 第 209 行，物件： d/manglin/npc/snake#55 ("紫斑巨蟒")
closed external ports
Initializing internal tables....

<---天下无敌: MudOs v22pre11 (by wwj,Jan  1 1999) shutdown at Sat Feb 15 02:52:16 2003




<---天下无敌: MudOs v22pre11 (by wwj,Jan  1 1999) startup on Microsoft Windows NT at Sat Feb 15 02:52:31 2003

using config file: E:\fy\mudosold\CONFIG.CFG
System Error: init_addr_server: gethostbyname: 请求的名称有效并且在数据库中找到，但是它没有相关的正确的数据来被解析。

]simul_efun loaded successfully.

Loading preloaded files ...
错误讯息被拦截: 
执行时段错误：*Error in loading object '/adm/daemons/cron'

程式：adm/daemons/questd.c 第 22 行
物件: /adm/daemons/questd
呼叫来自：adm/obj/master.c 的 preload() 第 96 行，物件： adm/obj/master
呼叫来自：adm/obj/master.c 的 CATCH() 第 96 行，物件： adm/obj/master
呼叫来自：adm/daemons/questd.c 的 create() 第 22 行，物件： adm/daemons/questd
错误讯息被拦截: 
执行时段错误：*Error in loading object '/adm/daemons/cron'

程式：adm/obj/master.c 第 96 行
物件: /adm/obj/master
呼叫来自：adm/obj/master.c 的 preload() 第 96 行，物件： adm/obj/master
呼叫来自：adm/obj/master.c 的 CATCH() 第 96 行，物件： adm/obj/master
Initializations complete.

Accepting connections on port 3333.
Error in error handler: *Too deep recursion.
program: /adm/daemons/chinesed.c, object: /adm/daemons/chinesed, file: /adm/daemons/chinesed.c:64
'     get_passwd' in 'adm/daemons/logind.c' ('  adm/daemons/logind') /adm/daemons/logind.c:276
arguments were ("Xxx.guang",obj/login#1)
locals were: "/z8dG5Kci8l2Q",obj/user#2
'    enter_world' in 'adm/daemons/logind.c' ('  adm/daemons/logind') /adm/daemons/logind.c:664
arguments were (obj/login#1,obj/user#2,0)
locals were: obj/cloth#3,0,"/d/wiz/hall",0,"xgchen","/data/mail/x/xgchen.o",0
'     check_user' in 'adm/daemons/updated.c' (' adm/daemons/updated') /adm/daemons/updated.c:55
arguments were (obj/user#2)
locals were: ([ /* sizeof() == 80 */
  "killren" : 1,
  "class" : "assassin",
  "age" : 66,
  "title" : "金钱帮大长老",
  "KILLED" : 1,
  "mud_age" : 14518881,
  "nickname" : "[1;33mwww.xgchen.com[2;37;0m",
  "LastReadNews" : 153,
  "score" : 0,
  "toover" : 1017503734,
  "potential" : 777817,
  "channels" : ({ /* sizeof() == 8 */
      "chat",
      "fy",
      "new",
      "rumor",
      "gab",
      "sale",
      "wiz",
      "sys"
    }),
  "kar" : 10,
  "PKS" : 1,
  "cwd" : "/",
  "env" : ([ /* sizeof() == 3 */
      "prompt" : "time",
      "wimpy" : 50,
      "immortal" : 1,
    ]),
  "cps" : 30,
  "deposit" : 1211699992,
  "cor" : 5,
  "xmvhouse" : 1,
  "per" : 30,
  "mapover" : 1015072601,
  "spi" : 12,
  "created_item" : 1,
  "con" : 19,
  "str" : 100,
  "race" : "人类",
  "dur" : 2,
  "gender" : "男性",
  "national" : "汉族",
  "water" : 0,
  "qiushi" : ([ /* sizeof() == 2 */
      "temp" : "长孙无情(xgchen)在new频道说脏话(刚才去大便了)被设囚禁 60 分
",
      "howlong" : 60,
    ]),
  "agi" : 10,
  "name" : "长孙无情",
  "qianminglong" : "[1;31m别人笑我太疯癫，我笑他人看不穿。
[1;36m记得泥潭豪杰梦，无花无酒何作填。
[2;37;0m",
  "fle" : 10,
  "tol" : 5,
  "food" : 0,
  "int" : 30,
  "birthday" : 1015009035,
  "last_good_kill" : 14515042,
  "sen" : 584,
  "gin" : 194,
  "force" : 15000,
  "pansi" : "swordsman>",
  "level" : 11,
  "vendetta" : ([ /* sizeof() == 1 */
      "shaolin" : 2,
    ]),
  "last_read_news" : ([ /* sizeof() == 1 */
      0 : 1022066102,
    ]),
  "skname" : "太极拳",
  "betrayer" : 17,
  "vendetta_mark" : "authority",
  "MKS" : 6,
  "fenglu" : 65,
  "cwf" : "/feature/attack.c",
  "id" : "xgchen",
  "max_mana" : 0,
  "max_atman" : 0,
  "learned_points" : 3900,
  "mana" : 0,
  "default_actions" : (: call_other,     "/adm/daemons/race/human.c",     "query_action" :),
  "atman" : 0,
  "startroom" : "/d/wiz/hall",
  "actions" : (: call_other,     "/daemon/skill/taiji",     "query_action" :),
  "max_sen" : 584,
  "max_gin" : 194,
  "bellicosity" : 37,
  "max_force" : 15000,
  "combat_exp" : 12000000,
  "board_last_read" : ([ /* sizeof() == 3 */
      "wizard_b" : 1028989149,
      "top-board" : 1017503882,
      "fysquare_b" : 1030233007,
    ]),
  "quit_time" : 1042875423,
  "eff_sen" : 584,
  "biqi_top" : 998,
  "eff_kee" : 13922,
  "gift_points" : 5,
  "eff_gin" : 194,
  "used_gift_points" : 1,
  "family" : ([ /* sizeof() == 7 */
      "family_name" : "金钱帮",
      "generation" : 2,
      "title" : "弟子",
      "master_id" : "master shangguan",
      "privs" : 0,
      "enter_time" : 1043242197,
      "master_name" : "上官金虹",
    ]),
  "max_kee" : 15414,
  "kee" : 13921,
  "force_factor" : 0,
])
' chinese_number' in 'adm/obj/simul_efun.c' ('  adm/obj/simul_efun') /adm/simul_efun/chinese.c:4
arguments were (1155699992)
' chinese_number' in 'adm/daemons/chinesed.c' ('adm/daemons/chinesed') /adm/daemons/chinesed.c:64
arguments were (1155699992)
' chinese_number' in 'adm/daemons/chinesed.c' ('adm/daemons/chinesed') /adm/daemons/chinesed.c:64
arguments were (428320024)
' chinese_number' in 'adm/daemons/chinesed.c' ('adm/daemons/chinesed') /adm/daemons/chinesed.c:64
arguments were (428320024)
' chinese_number' in 'adm/daemons/chinesed.c' ('adm/daemons/chinesed') /adm/daemons/chinesed.c:64
arguments were (428320024)
' chinese_number' in 'adm/daemons/chinesed.c' ('adm/daemons/chinesed') /adm/daemons/chinesed.c:64
arguments were (428320024)
' chinese_number' in 'adm/daemons/chinesed.c' ('adm/daemons/chinesed') /adm/daemons/chinesed.c:64
arguments were (428320024)
' chinese_number' in 'adm/daemons/chinesed.c' ('adm/daemons/chinesed') /adm/daemons/chinesed.c:64
arguments were (428320024)
' chinese_number' in 'adm/daemons/chinesed.c' ('adm/daemons/chinesed') /adm/daemons/chinesed.c:64
arguments were (428320024)
' chinese_number' in 'adm/daemons/chinesed.c' ('adm/daemons/chinesed') /adm/daemons/chinesed.c:64
arguments were (428320024)
' chinese_number' in 'adm/daemons/chinesed.c' ('adm/daemons/chinesed') /adm/daemons/chinesed.c:64
arguments were (428320024)
' chinese_number' in 'adm/daemons/chinesed.c' ('adm/daemons/chinesed') /adm/daemons/chinesed.c:64
arguments were (428320024)
' chinese_number' in 'adm/daemons/chinesed.c' ('adm/daemons/chinesed') /adm/daemons/chinesed.c:64
arguments were (428320024)
' chinese_number' in 'adm/daemons/chinesed.c' ('adm/daemons/chinesed') /adm/daemons/chinesed.c:64
arguments were (428320024)
' chinese_number' in 'adm/daemons/chinesed.c' ('adm/daemons/chinesed') /adm/daemons/chinesed.c:64
arguments were (428320024)
' chinese_number' in 'adm/daemons/chinesed.c' ('adm/daemons/chinesed') /adm/daemons/chinesed.c:64
arguments were (428320024)
' chinese_number' in 'adm/daemons/chinesed.c' ('adm/daemons/chinesed') /adm/daemons/chinesed.c:64
arguments were (428320024)
' chinese_number' in 'adm/daemons/chinesed.c' ('adm/daemons/chinesed') /adm/daemons/chinesed.c:64
arguments were (428320024)
' chinese_number' in 'adm/daemons/chinesed.c' ('adm/daemons/chinesed') /adm/daemons/chinesed.c:64
arguments were (428320024)
' chinese_number' in 'adm/daemons/chinesed.c' ('adm/daemons/chinesed') /adm/daemons/chinesed.c:64
arguments were (428320024)
' chinese_number' in 'adm/daemons/chinesed.c' ('adm/daemons/chinesed') /adm/daemons/chinesed.c:64
arguments were (428320024)
' chinese_number' in 'adm/daemons/chinesed.c' ('adm/daemons/chinesed') /adm/daemons/chinesed.c:64
arguments were (428320024)
' chinese_number' in 'adm/daemons/chinesed.c' ('adm/daemons/chinesed') /adm/daemons/chinesed.c:64
arguments were (428320024)
' chinese_number' in 'adm/daemons/chinesed.c' ('adm/daemons/chinesed') /adm/daemons/chinesed.c:64
arguments were (428320024)
' chinese_number' in 'adm/daemons/chinesed.c' ('adm/daemons/chinesed') /adm/daemons/chinesed.c:64
arguments were (428320024)
' chinese_number' in 'adm/daemons/chinesed.c' ('adm/daemons/chinesed') /adm/daemons/chinesed.c:64
arguments were (428320024)
' chinese_number' in 'adm/daemons/chinesed.c' ('adm/daemons/chinesed') /adm/daemons/chinesed.c:64
arguments were (428320024)
' chinese_number' in 'adm/daemons/chinesed.c' ('adm/daemons/chinesed') /adm/daemons/chinesed.c:64
arguments were (428320024)
' chinese_number' in 'adm/daemons/chinesed.c' ('adm/daemons/chinesed') /adm/daemons/chinesed.c:64
arguments were (428320024)
' chinese_number' in 'adm/daemons/chinesed.c' ('adm/daemons/chinesed') /adm/daemons/chinesed.c:64
arguments were (428320024)
' chinese_number' in 'adm/daemons/chinesed.c' ('adm/daemons/chinesed') /adm/daemons/chinesed.c:64
arguments were (428320024)
' chinese_number' in 'adm/daemons/chinesed.c' ('adm/daemons/chinesed') /adm/daemons/chinesed.c:64
arguments were (428320024)
' chinese_number' in 'adm/daemons/chinesed.c' ('adm/daemons/chinesed') /adm/daemons/chinesed.c:64
arguments were (428320024)
' chinese_number' in 'adm/daemons/chinesed.c' ('adm/daemons/chinesed') /adm/daemons/chinesed.c:64
arguments were (428320024)
' chinese_number' in 'adm/daemons/chinesed.c' ('adm/daemons/chinesed') /adm/daemons/chinesed.c:64
arguments were (428320024)
' chinese_number' in 'adm/daemons/chinesed.c' ('adm/daemons/chinesed') /adm/daemons/chinesed.c:64
arguments were (428320024)
' chinese_number' in 'adm/daemons/chinesed.c' ('adm/daemons/chinesed') /adm/daemons/chinesed.c:64
arguments were (428320024)
' chinese_number' in 'adm/daemons/chinesed.c' ('adm/daemons/chinesed') /adm/daemons/chinesed.c:64
arguments were (428320024)
' chinese_number' in 'adm/daemons/chinesed.c' ('adm/daemons/chinesed') /adm/daemons/chinesed.c:64
arguments were (428320024)
' chinese_number' in 'adm/daemons/chinesed.c' ('adm/daemons/chinesed') /adm/daemons/chinesed.c:64
arguments were (428320024)
' chinese_number' in 'adm/daemons/chinesed.c' ('adm/daemons/chinesed') /adm/daemons/chinesed.c:64
arguments were (428320024)
' chinese_number' in 'adm/daemons/chinesed.c' ('adm/daemons/chinesed') /adm/daemons/chinesed.c:64
arguments were (428320024)
' chinese_number' in 'adm/daemons/chinesed.c' ('adm/daemons/chinesed') /adm/daemons/chinesed.c:64
arguments were (428320024)
' chinese_number' in 'adm/daemons/chinesed.c' ('adm/daemons/chinesed') /adm/daemons/chinesed.c:64
arguments were (428320024)
' chinese_number' in 'adm/daemons/chinesed.c' ('adm/daemons/chinesed') /adm/daemons/chinesed.c:64
arguments were (428320024)
' chinese_number' in 'adm/daemons/chinesed.c' ('adm/daemons/chinesed') /adm/daemons/chinesed.c:64
arguments were (428320024)
' chinese_number' in 'adm/daemons/chinesed.c' ('adm/daemons/chinesed') /adm/daemons/chinesed.c:64
arguments were (428320024)

执行时段错误：*Error in loading object '/adm/daemons/combatd'

程式：feature/attack.c 第 217 行
物件: /d/fy/npc/wind_solider#38
呼叫来自：feature/command.c 的 command_hook() 第 41 行，物件： obj/user#2 ("长孙无情")
呼叫来自：cmds/std/go.c 的 main() 第 167 行，物件： cmds/std/go
呼叫来自：feature/move.c 的 move() 第 104 行，物件： obj/user#2 ("长孙无情")
呼叫来自：feature/attack.c 的 init() 第 217 行，物件： d/fy/npc/wind_solider#38 ("风兵")

执行时段错误：*Error in loading object '/adm/daemons/combatd'

程式：feature/attack.c 第 209 行
物件: /d/manglin/npc/wolf#44
呼叫来自：feature/command.c 的 command_hook() 第 41 行，物件： obj/user#2 ("长孙无情")
呼叫来自：cmds/std/go.c 的 main() 第 129 行，物件： cmds/std/go
呼叫来自：d/manglin/groups2.c 的 create() 第 34 行，物件： d/manglin/groups2
呼叫来自：std/room.c 的 setup() 第 215 行，物件： d/manglin/groups2
呼叫来自：std/room.c 的 reset() 第 77 行，物件： d/manglin/groups2
呼叫来自：std/room.c 的 make_inventory() 第 20 行，物件： d/manglin/groups2
呼叫来自：feature/move.c 的 move() 第 104 行，物件： d/manglin/npc/wolf#44 ("灰毛恶狼")
呼叫来自：feature/attack.c 的 init() 第 209 行，物件： d/manglin/npc/wolf#44 ("灰毛恶狼")

执行时段错误：*Error in loading object '/adm/daemons/combatd'

程式：feature/attack.c 第 206 行
物件: /d/manglin/npc/wolf#44
呼叫来自：feature/command.c 的 command_hook() 第 41 行，物件： obj/user#2 ("长孙无情")
呼叫来自：cmds/std/go.c 的 main() 第 167 行，物件： cmds/std/go
呼叫来自：feature/move.c 的 move() 第 104 行，物件： obj/user#2 ("长孙无情")
呼叫来自：feature/attack.c 的 init() 第 206 行，物件： d/manglin/npc/wolf#44 ("灰毛恶狼")

执行时段错误：*Error in loading object '/adm/daemons/combatd'

程式：feature/attack.c 第 206 行
物件: /d/manglin/npc/wolf#53
呼叫来自：std/room.c 的 reset() 第 77 行，物件： d/manglin/groups2
呼叫来自：std/room.c 的 make_inventory() 第 20 行，物件： d/manglin/groups2
呼叫来自：feature/move.c 的 move() 第 104 行，物件： d/manglin/npc/wolf#53 ("灰毛恶狼")
呼叫来自：feature/attack.c 的 init() 第 206 行，物件： d/manglin/npc/wolf#53 ("灰毛恶狼")
错误讯息被拦截: 
执行时段错误：*Error in loading object '/adm/daemons/combatd'

程式：feature/attack.c 第 209 行
物件: /d/manglin/npc/wolf#55
呼叫来自：feature/command.c 的 command_hook() 第 41 行，物件： obj/user#2 ("长孙无情")
呼叫来自：cmds/wiz/update.c 的 main() 第 53 行，物件： cmds/wiz/update
呼叫来自：cmds/wiz/update.c 的 CATCH() 第 53 行，物件： cmds/wiz/update
呼叫来自：d/manglin/groups2.c 的 create() 第 34 行，物件： d/manglin/groups2
呼叫来自：std/room.c 的 setup() 第 215 行，物件： d/manglin/groups2
呼叫来自：std/room.c 的 reset() 第 77 行，物件： d/manglin/groups2
呼叫来自：std/room.c 的 make_inventory() 第 20 行，物件： d/manglin/groups2
呼叫来自：feature/move.c 的 move() 第 104 行，物件： d/manglin/npc/wolf#55 ("灰毛恶狼")
呼叫来自：feature/attack.c 的 init() 第 209 行，物件： d/manglin/npc/wolf#55 ("灰毛恶狼")
closed external ports
Initializing internal tables....

<---天下无敌: MudOs v22pre11 (by wwj,Jan  1 1999) shutdown at Sat Feb 15 03:13:43 2003




<---天下无敌: MudOs v22pre11 (by wwj,Jan  1 1999) startup on Microsoft Windows NT at Sat Feb 15 03:13:58 2003

using config file: E:\fy\mudosold\CONFIG.CFG
System Error: init_addr_server: gethostbyname: 请求的名称有效并且在数据库中找到，但是它没有相关的正确的数据来被解析。

]simul_efun loaded successfully.

Loading preloaded files ...
错误讯息被拦截: 
执行时段错误：*Error in loading object '/adm/daemons/cron'

程式：adm/daemons/questd.c 第 22 行
物件: /adm/daemons/questd
呼叫来自：adm/obj/master.c 的 preload() 第 96 行，物件： adm/obj/master
呼叫来自：adm/obj/master.c 的 CATCH() 第 96 行，物件： adm/obj/master
呼叫来自：adm/daemons/questd.c 的 create() 第 22 行，物件： adm/daemons/questd
错误讯息被拦截: 
执行时段错误：*Error in loading object '/adm/daemons/cron'

程式：adm/obj/master.c 第 96 行
物件: /adm/obj/master
呼叫来自：adm/obj/master.c 的 preload() 第 96 行，物件： adm/obj/master
呼叫来自：adm/obj/master.c 的 CATCH() 第 96 行，物件： adm/obj/master
Initializations complete.

Accepting connections on port 3333.
Error in error handler: *Too deep recursion.
program: /adm/daemons/chinesed.c, object: /adm/daemons/chinesed, file: /adm/daemons/chinesed.c:64
'     get_passwd' in 'adm/daemons/logind.c' ('  adm/daemons/logind') /adm/daemons/logind.c:276
arguments were ("Xxx.guang",obj/login#1)
locals were: "/z8dG5Kci8l2Q",obj/user#2
'    enter_world' in 'adm/daemons/logind.c' ('  adm/daemons/logind') /adm/daemons/logind.c:664
arguments were (obj/login#1,obj/user#2,0)
locals were: obj/cloth#3,0,"/d/wiz/hall",0,"xgchen","/data/mail/x/xgchen.o",0
'     check_user' in 'adm/daemons/updated.c' (' adm/daemons/updated') /adm/daemons/updated.c:55
arguments were (obj/user#2)
locals were: ([ /* sizeof() == 80 */
  "last_good_kill" : 14515042,
  "class" : "assassin",
  "age" : 66,
  "mud_age" : 14520136,
  "KILLED" : 1,
  "title" : "金钱帮大长老",
  "last_read_news" : ([ /* sizeof() == 1 */
      0 : 1022066102,
    ]),
  "nickname" : "[1;33mwww.xgchen.com[2;37;0m",
  "score" : 0,
  "channels" : ({ /* sizeof() == 8 */
      "chat",
      "fy",
      "new",
      "rumor",
      "gab",
      "sale",
      "wiz",
      "sys"
    }),
  "potential" : 777817,
  "kar" : 10,
  "cwd" : "/",
  "PKS" : 1,
  "cps" : 30,
  "env" : ([ /* sizeof() == 3 */
      "prompt" : "time",
      "wimpy" : 50,
      "immortal" : 1,
    ]),
  "deposit" : 1211699992,
  "cor" : 5,
  "skname" : "太极拳",
  "per" : 30,
  "betrayer" : 17,
  "spi" : 12,
  "con" : 19,
  "race" : "人类",
  "str" : 100,
  "national" : "汉族",
  "gender" : "男性",
  "dur" : 2,
  "cwf" : "/d/manglin/groups2.c",
  "water" : 0,
  "name" : "长孙无情",
  "agi" : 10,
  "qiushi" : ([ /* sizeof() == 2 */
      "howlong" : 60,
      "temp" : "长孙无情(xgchen)在new频道说脏话(刚才去大便了)被设囚禁 60 分
",
    ]),
  "MKS" : 6,
  "qianminglong" : "[1;31m别人笑我太疯癫，我笑他人看不穿。
[1;36m记得泥潭豪杰梦，无花无酒何作填。
[2;37;0m",
  "fle" : 10,
  "food" : 0,
  "tol" : 5,
  "int" : 30,
  "birthday" : 1015009035,
  "sen" : 584,
  "gin" : 194,
  "force" : 15000,
  "biqi_top" : 998,
  "pansi" : "swordsman>",
  "gift_points" : 5,
  "vendetta" : ([ /* sizeof() == 1 */
      "shaolin" : 2,
    ]),
  "level" : 11,
  "killren" : 1,
  "used_gift_points" : 1,
  "vendetta_mark" : "authority",
  "fenglu" : 65,
  "id" : "xgchen",
  "LastReadNews" : 153,
  "max_mana" : 0,
  "learned_points" : 3900,
  "toover" : 1017503734,
  "max_atman" : 0,
  "default_actions" : (: call_other,     "/adm/daemons/race/human.c",     "query_action" :),
  "mana" : 0,
  "atman" : 0,
  "startroom" : "/d/wiz/hall",
  "actions" : (: call_other,     "/daemon/skill/taiji",     "query_action" :),
  "max_sen" : 584,
  "max_gin" : 194,
  "bellicosity" : 37,
  "max_force" : 15000,
  "board_last_read" : ([ /* sizeof() == 3 */
      "wizard_b" : 1028989149,
      "top-board" : 1017503882,
      "fysquare_b" : 1030233007,
    ]),
  "combat_exp" : 12000000,
  "quit_time" : 1042875423,
  "eff_sen" : 584,
  "xmvhouse" : 1,
  "eff_kee" : 13922,
  "mapover" : 1015072601,
  "eff_gin" : 194,
  "family" : ([ /* sizeof() == 7 */
      "generation" : 2,
      "family_name" : "金钱帮",
      "privs" : 0,
      "master_id" : "master shangguan",
      "title" : "弟子",
      "master_name" : "上官金虹",
      "enter_time" : 1043242197,
    ]),
  "created_item" : 1,
  "max_kee" : 15414,
  "kee" : 13921,
  "force_factor" : 0,
])
' chinese_number' in 'adm/obj/simul_efun.c' ('  adm/obj/simul_efun') /adm/simul_efun/chinese.c:4
arguments were (1155699992)
' chinese_number' in 'adm/daemons/chinesed.c' ('adm/daemons/chinesed') /adm/daemons/chinesed.c:64
arguments were (1155699992)
' chinese_number' in 'adm/daemons/chinesed.c' ('adm/daemons/chinesed') /adm/daemons/chinesed.c:64
arguments were (428320024)
' chinese_number' in 'adm/daemons/chinesed.c' ('adm/daemons/chinesed') /adm/daemons/chinesed.c:64
arguments were (428320024)
' chinese_number' in 'adm/daemons/chinesed.c' ('adm/daemons/chinesed') /adm/daemons/chinesed.c:64
arguments were (428320024)
' chinese_number' in 'adm/daemons/chinesed.c' ('adm/daemons/chinesed') /adm/daemons/chinesed.c:64
arguments were (428320024)
' chinese_number' in 'adm/daemons/chinesed.c' ('adm/daemons/chinesed') /adm/daemons/chinesed.c:64
arguments were (428320024)
' chinese_number' in 'adm/daemons/chinesed.c' ('adm/daemons/chinesed') /adm/daemons/chinesed.c:64
arguments were (428320024)
' chinese_number' in 'adm/daemons/chinesed.c' ('adm/daemons/chinesed') /adm/daemons/chinesed.c:64
arguments were (428320024)
' chinese_number' in 'adm/daemons/chinesed.c' ('adm/daemons/chinesed') /adm/daemons/chinesed.c:64
arguments were (428320024)
' chinese_number' in 'adm/daemons/chinesed.c' ('adm/daemons/chinesed') /adm/daemons/chinesed.c:64
arguments were (428320024)
' chinese_number' in 'adm/daemons/chinesed.c' ('adm/daemons/chinesed') /adm/daemons/chinesed.c:64
arguments were (428320024)
' chinese_number' in 'adm/daemons/chinesed.c' ('adm/daemons/chinesed') /adm/daemons/chinesed.c:64
arguments were (428320024)
' chinese_number' in 'adm/daemons/chinesed.c' ('adm/daemons/chinesed') /adm/daemons/chinesed.c:64
arguments were (428320024)
' chinese_number' in 'adm/daemons/chinesed.c' ('adm/daemons/chinesed') /adm/daemons/chinesed.c:64
arguments were (428320024)
' chinese_number' in 'adm/daemons/chinesed.c' ('adm/daemons/chinesed') /adm/daemons/chinesed.c:64
arguments were (428320024)
' chinese_number' in 'adm/daemons/chinesed.c' ('adm/daemons/chinesed') /adm/daemons/chinesed.c:64
arguments were (428320024)
' chinese_number' in 'adm/daemons/chinesed.c' ('adm/daemons/chinesed') /adm/daemons/chinesed.c:64
arguments were (428320024)
' chinese_number' in 'adm/daemons/chinesed.c' ('adm/daemons/chinesed') /adm/daemons/chinesed.c:64
arguments were (428320024)
' chinese_number' in 'adm/daemons/chinesed.c' ('adm/daemons/chinesed') /adm/daemons/chinesed.c:64
arguments were (428320024)
' chinese_number' in 'adm/daemons/chinesed.c' ('adm/daemons/chinesed') /adm/daemons/chinesed.c:64
arguments were (428320024)
' chinese_number' in 'adm/daemons/chinesed.c' ('adm/daemons/chinesed') /adm/daemons/chinesed.c:64
arguments were (428320024)
' chinese_number' in 'adm/daemons/chinesed.c' ('adm/daemons/chinesed') /adm/daemons/chinesed.c:64
arguments were (428320024)
' chinese_number' in 'adm/daemons/chinesed.c' ('adm/daemons/chinesed') /adm/daemons/chinesed.c:64
arguments were (428320024)
' chinese_number' in 'adm/daemons/chinesed.c' ('adm/daemons/chinesed') /adm/daemons/chinesed.c:64
arguments were (428320024)
' chinese_number' in 'adm/daemons/chinesed.c' ('adm/daemons/chinesed') /adm/daemons/chinesed.c:64
arguments were (428320024)
' chinese_number' in 'adm/daemons/chinesed.c' ('adm/daemons/chinesed') /adm/daemons/chinesed.c:64
arguments were (428320024)
' chinese_number' in 'adm/daemons/chinesed.c' ('adm/daemons/chinesed') /adm/daemons/chinesed.c:64
arguments were (428320024)
' chinese_number' in 'adm/daemons/chinesed.c' ('adm/daemons/chinesed') /adm/daemons/chinesed.c:64
arguments were (428320024)
' chinese_number' in 'adm/daemons/chinesed.c' ('adm/daemons/chinesed') /adm/daemons/chinesed.c:64
arguments were (428320024)
' chinese_number' in 'adm/daemons/chinesed.c' ('adm/daemons/chinesed') /adm/daemons/chinesed.c:64
arguments were (428320024)
' chinese_number' in 'adm/daemons/chinesed.c' ('adm/daemons/chinesed') /adm/daemons/chinesed.c:64
arguments were (428320024)
' chinese_number' in 'adm/daemons/chinesed.c' ('adm/daemons/chinesed') /adm/daemons/chinesed.c:64
arguments were (428320024)
' chinese_number' in 'adm/daemons/chinesed.c' ('adm/daemons/chinesed') /adm/daemons/chinesed.c:64
arguments were (428320024)
' chinese_number' in 'adm/daemons/chinesed.c' ('adm/daemons/chinesed') /adm/daemons/chinesed.c:64
arguments were (428320024)
' chinese_number' in 'adm/daemons/chinesed.c' ('adm/daemons/chinesed') /adm/daemons/chinesed.c:64
arguments were (428320024)
' chinese_number' in 'adm/daemons/chinesed.c' ('adm/daemons/chinesed') /adm/daemons/chinesed.c:64
arguments were (428320024)
' chinese_number' in 'adm/daemons/chinesed.c' ('adm/daemons/chinesed') /adm/daemons/chinesed.c:64
arguments were (428320024)
' chinese_number' in 'adm/daemons/chinesed.c' ('adm/daemons/chinesed') /adm/daemons/chinesed.c:64
arguments were (428320024)
' chinese_number' in 'adm/daemons/chinesed.c' ('adm/daemons/chinesed') /adm/daemons/chinesed.c:64
arguments were (428320024)
' chinese_number' in 'adm/daemons/chinesed.c' ('adm/daemons/chinesed') /adm/daemons/chinesed.c:64
arguments were (428320024)
' chinese_number' in 'adm/daemons/chinesed.c' ('adm/daemons/chinesed') /adm/daemons/chinesed.c:64
arguments were (428320024)
' chinese_number' in 'adm/daemons/chinesed.c' ('adm/daemons/chinesed') /adm/daemons/chinesed.c:64
arguments were (428320024)
' chinese_number' in 'adm/daemons/chinesed.c' ('adm/daemons/chinesed') /adm/daemons/chinesed.c:64
arguments were (428320024)
' chinese_number' in 'adm/daemons/chinesed.c' ('adm/daemons/chinesed') /adm/daemons/chinesed.c:64
arguments were (428320024)
' chinese_number' in 'adm/daemons/chinesed.c' ('adm/daemons/chinesed') /adm/daemons/chinesed.c:64
arguments were (428320024)
' chinese_number' in 'adm/daemons/chinesed.c' ('adm/daemons/chinesed') /adm/daemons/chinesed.c:64
arguments were (428320024)

执行时段错误：*Error in loading object '/adm/daemons/combatd'

程式：feature/attack.c 第 217 行
物件: /d/fy/npc/yayi2#66
呼叫来自：feature/command.c 的 command_hook() 第 41 行，物件： obj/user#2 ("长孙无情")
呼叫来自：cmds/std/go.c 的 main() 第 167 行，物件： cmds/std/go
呼叫来自：feature/move.c 的 move() 第 104 行，物件： obj/user#2 ("长孙无情")
呼叫来自：feature/attack.c 的 init() 第 217 行，物件： d/fy/npc/yayi2#66 ("风云大衙役")

执行时段错误：*Error in loading object '/adm/daemons/combatd'

程式：feature/attack.c 第 217 行
物件: /d/fy/npc/yayi2#66
呼叫来自：feature/command.c 的 command_hook() 第 41 行，物件： obj/user#2 ("长孙无情")
呼叫来自：cmds/std/go.c 的 main() 第 167 行，物件： cmds/std/go
呼叫来自：feature/move.c 的 move() 第 104 行，物件： obj/user#2 ("长孙无情")
呼叫来自：feature/attack.c 的 init() 第 217 行，物件： d/fy/npc/yayi2#66 ("风云大衙役")
Error in error handler: *Too deep recursion.
program: /adm/daemons/chinesed.c, object: /adm/daemons/chinesed, file: /adm/daemons/chinesed.c:64
'   command_hook' in '   feature/command.c' ('          obj/user#2') /feature/command.c:41
arguments were ("xgchen")
locals were: "update","/cmds/wiz/update"
'           main' in '   cmds/wiz/update.c' ('     cmds/wiz/update') /cmds/wiz/update.c:22
arguments were (0,"xgchen")
locals were: 0,0,0,0
'  update_player' in '   cmds/wiz/update.c' ('     cmds/wiz/update') /cmds/wiz/update.c:87
arguments were (0)
locals were: d/fy/govern,obj/login#1,obj/user#91
'    enter_world' in 'adm/daemons/logind.c' ('  adm/daemons/logind') /adm/daemons/logind.c:664
arguments were (obj/login#1,obj/user#91,1)
locals were: obj/cloth#92,0,0,0,0,0,0
'     check_user' in 'adm/daemons/updated.c' (' adm/daemons/updated') /adm/daemons/updated.c:55
arguments were (obj/user#91)
locals were: ([ /* sizeof() == 80 */
  "last_good_kill" : 14515042,
  "class" : "assassin",
  "age" : 66,
  "title" : "金钱帮大长老",
  "KILLED" : 1,
  "mud_age" : 14520304,
  "last_read_news" : ([ /* sizeof() == 1 */
      0 : 1022066102,
    ]),
  "nickname" : "[1;33mwww.xgchen.com[2;37;0m",
  "score" : 0,
  "potential" : 777817,
  "channels" : ({ /* sizeof() == 8 */
      "chat",
      "fy",
      "new",
      "rumor",
      "gab",
      "sale",
      "wiz",
      "sys"
    }),
  "kar" : 10,
  "PKS" : 1,
  "cwd" : "/",
  "env" : ([ /* sizeof() == 3 */
      "wimpy" : 50,
      "prompt" : "time",
      "immortal" : 1,
    ]),
  "cps" : 30,
  "deposit" : 1211699992,
  "cor" : 5,
  "skname" : "太极拳",
  "per" : 30,
  "betrayer" : 17,
  "spi" : 12,
  "con" : 19,
  "str" : 100,
  "race" : "人类",
  "cwf" : "/d/manglin/groups2.c",
  "dur" : 2,
  "gender" : "男性",
  "national" : "汉族",
  "water" : 0,
  "MKS" : 6,
  "qiushi" : ([ /* sizeof() == 2 */
      "howlong" : 60,
      "temp" : "长孙无情(xgchen)在new频道说脏话(刚才去大便了)被设囚禁 60 分
",
    ]),
  "agi" : 10,
  "name" : "长孙无情",
  "qianminglong" : "[1;31m别人笑我太疯癫，我笑他人看不穿。
[1;36m记得泥潭豪杰梦，无花无酒何作填。
[2;37;0m",
  "fle" : 10,
  "tol" : 5,
  "food" : 0,
  "int" : 30,
  "birthday" : 1015009035,
  "sen" : 584,
  "gin" : 194,
  "biqi_top" : 998,
  "force" : 15000,
  "pansi" : "swordsman>",
  "gift_points" : 5,
  "level" : 11,
  "vendetta" : ([ /* sizeof() == 1 */
      "shaolin" : 2,
    ]),
  "used_gift_points" : 1,
  "killren" : 1,
  "fenglu" : 65,
  "vendetta_mark" : "authority",
  "id" : "xgchen",
  "LastReadNews" : 153,
  "learned_points" : 3900,
  "max_mana" : 0,
  "toover" : 1017503734,
  "max_atman" : 0,
  "mana" : 0,
  "default_actions" : (: call_other,     "/adm/daemons/race/human.c",     "query_action" :),
  "atman" : 0,
  "startroom" : "/d/wiz/hall",
  "actions" : (: call_other,     "/daemon/skill/taiji",     "query_action" :),
  "max_sen" : 584,
  "max_gin" : 194,
  "bellicosity" : 37,
  "max_force" : 15000,
  "combat_exp" : 12000000,
  "board_last_read" : ([ /* sizeof() == 3 */
      "wizard_b" : 1028989149,
      "top-board" : 1017503882,
      "fysquare_b" : 1030233007,
    ]),
  "quit_time" : 1042875423,
  "eff_sen" : 584,
  "eff_kee" : 13922,
  "xmvhouse" : 1,
  "eff_gin" : 194,
  "mapover" : 1015072601,
  "family" : ([ /* sizeof() == 7 */
      "family_name" : "金钱帮",
      "generation" : 2,
      "title" : "弟子",
      "master_id" : "master shangguan",
      "privs" : 0,
      "enter_time" : 1043242197,
      "master_name" : "上官金虹",
    ]),
  "max_kee" : 15414,
  "created_item" : 1,
  "kee" : 13921,
  "force_factor" : 0,
])
' chinese_number' in 'adm/obj/simul_efun.c' ('  adm/obj/simul_efun') /adm/simul_efun/chinese.c:4
arguments were (1155699992)
' chinese_number' in 'adm/daemons/chinesed.c' ('adm/daemons/chinesed') /adm/daemons/chinesed.c:64
arguments were (1155699992)
' chinese_number' in 'adm/daemons/chinesed.c' ('adm/daemons/chinesed') /adm/daemons/chinesed.c:64
arguments were (428320024)
' chinese_number' in 'adm/daemons/chinesed.c' ('adm/daemons/chinesed') /adm/daemons/chinesed.c:64
arguments were (428320024)
' chinese_number' in 'adm/daemons/chinesed.c' ('adm/daemons/chinesed') /adm/daemons/chinesed.c:64
arguments were (428320024)
' chinese_number' in 'adm/daemons/chinesed.c' ('adm/daemons/chinesed') /adm/daemons/chinesed.c:64
arguments were (428320024)
' chinese_number' in 'adm/daemons/chinesed.c' ('adm/daemons/chinesed') /adm/daemons/chinesed.c:64
arguments were (428320024)
' chinese_number' in 'adm/daemons/chinesed.c' ('adm/daemons/chinesed') /adm/daemons/chinesed.c:64
arguments were (428320024)
' chinese_number' in 'adm/daemons/chinesed.c' ('adm/daemons/chinesed') /adm/daemons/chinesed.c:64
arguments were (428320024)
' chinese_number' in 'adm/daemons/chinesed.c' ('adm/daemons/chinesed') /adm/daemons/chinesed.c:64
arguments were (428320024)
' chinese_number' in 'adm/daemons/chinesed.c' ('adm/daemons/chinesed') /adm/daemons/chinesed.c:64
arguments were (428320024)
' chinese_number' in 'adm/daemons/chinesed.c' ('adm/daemons/chinesed') /adm/daemons/chinesed.c:64
arguments were (428320024)
' chinese_number' in 'adm/daemons/chinesed.c' ('adm/daemons/chinesed') /adm/daemons/chinesed.c:64
arguments were (428320024)
' chinese_number' in 'adm/daemons/chinesed.c' ('adm/daemons/chinesed') /adm/daemons/chinesed.c:64
arguments were (428320024)
' chinese_number' in 'adm/daemons/chinesed.c' ('adm/daemons/chinesed') /adm/daemons/chinesed.c:64
arguments were (428320024)
' chinese_number' in 'adm/daemons/chinesed.c' ('adm/daemons/chinesed') /adm/daemons/chinesed.c:64
arguments were (428320024)
' chinese_number' in 'adm/daemons/chinesed.c' ('adm/daemons/chinesed') /adm/daemons/chinesed.c:64
arguments were (428320024)
' chinese_number' in 'adm/daemons/chinesed.c' ('adm/daemons/chinesed') /adm/daemons/chinesed.c:64
arguments were (428320024)
' chinese_number' in 'adm/daemons/chinesed.c' ('adm/daemons/chinesed') /adm/daemons/chinesed.c:64
arguments were (428320024)
' chinese_number' in 'adm/daemons/chinesed.c' ('adm/daemons/chinesed') /adm/daemons/chinesed.c:64
arguments were (428320024)
' chinese_number' in 'adm/daemons/chinesed.c' ('adm/daemons/chinesed') /adm/daemons/chinesed.c:64
arguments were (428320024)
' chinese_number' in 'adm/daemons/chinesed.c' ('adm/daemons/chinesed') /adm/daemons/chinesed.c:64
arguments were (428320024)
' chinese_number' in 'adm/daemons/chinesed.c' ('adm/daemons/chinesed') /adm/daemons/chinesed.c:64
arguments were (428320024)
' chinese_number' in 'adm/daemons/chinesed.c' ('adm/daemons/chinesed') /adm/daemons/chinesed.c:64
arguments were (428320024)
' chinese_number' in 'adm/daemons/chinesed.c' ('adm/daemons/chinesed') /adm/daemons/chinesed.c:64
arguments were (428320024)
' chinese_number' in 'adm/daemons/chinesed.c' ('adm/daemons/chinesed') /adm/daemons/chinesed.c:64
arguments were (428320024)
' chinese_number' in 'adm/daemons/chinesed.c' ('adm/daemons/chinesed') /adm/daemons/chinesed.c:64
arguments were (428320024)
' chinese_number' in 'adm/daemons/chinesed.c' ('adm/daemons/chinesed') /adm/daemons/chinesed.c:64
arguments were (428320024)
' chinese_number' in 'adm/daemons/chinesed.c' ('adm/daemons/chinesed') /adm/daemons/chinesed.c:64
arguments were (428320024)
' chinese_number' in 'adm/daemons/chinesed.c' ('adm/daemons/chinesed') /adm/daemons/chinesed.c:64
arguments were (428320024)
' chinese_number' in 'adm/daemons/chinesed.c' ('adm/daemons/chinesed') /adm/daemons/chinesed.c:64
arguments were (428320024)
' chinese_number' in 'adm/daemons/chinesed.c' ('adm/daemons/chinesed') /adm/daemons/chinesed.c:64
arguments were (428320024)
' chinese_number' in 'adm/daemons/chinesed.c' ('adm/daemons/chinesed') /adm/daemons/chinesed.c:64
arguments were (428320024)
' chinese_number' in 'adm/daemons/chinesed.c' ('adm/daemons/chinesed') /adm/daemons/chinesed.c:64
arguments were (428320024)
' chinese_number' in 'adm/daemons/chinesed.c' ('adm/daemons/chinesed') /adm/daemons/chinesed.c:64
arguments were (428320024)
' chinese_number' in 'adm/daemons/chinesed.c' ('adm/daemons/chinesed') /adm/daemons/chinesed.c:64
arguments were (428320024)
' chinese_number' in 'adm/daemons/chinesed.c' ('adm/daemons/chinesed') /adm/daemons/chinesed.c:64
arguments were (428320024)
' chinese_number' in 'adm/daemons/chinesed.c' ('adm/daemons/chinesed') /adm/daemons/chinesed.c:64
arguments were (428320024)
' chinese_number' in 'adm/daemons/chinesed.c' ('adm/daemons/chinesed') /adm/daemons/chinesed.c:64
arguments were (428320024)
' chinese_number' in 'adm/daemons/chinesed.c' ('adm/daemons/chinesed') /adm/daemons/chinesed.c:64
arguments were (428320024)
' chinese_number' in 'adm/daemons/chinesed.c' ('adm/daemons/chinesed') /adm/daemons/chinesed.c:64
arguments were (428320024)
' chinese_number' in 'adm/daemons/chinesed.c' ('adm/daemons/chinesed') /adm/daemons/chinesed.c:64
arguments were (428320024)
' chinese_number' in 'adm/daemons/chinesed.c' ('adm/daemons/chinesed') /adm/daemons/chinesed.c:64
arguments were (428320024)
' chinese_number' in 'adm/daemons/chinesed.c' ('adm/daemons/chinesed') /adm/daemons/chinesed.c:64
arguments were (428320024)
' chinese_number' in 'adm/daemons/chinesed.c' ('adm/daemons/chinesed') /adm/daemons/chinesed.c:64
arguments were (428320024)

执行时段错误：*Error in loading object '/adm/daemons/combatd'

程式：feature/attack.c 第 217 行
物件: /d/fy/npc/yayi2#66
呼叫来自：feature/command.c 的 command_hook() 第 41 行，物件： obj/user#91 ("长孙无情")
呼叫来自：cmds/std/go.c 的 main() 第 167 行，物件： cmds/std/go
呼叫来自：feature/move.c 的 move() 第 104 行，物件： obj/user#91 ("长孙无情")
呼叫来自：feature/attack.c 的 init() 第 217 行，物件： d/fy/npc/yayi2#66 ("风云大衙役")
Error in error handler: *Too deep recursion.
program: /adm/daemons/chinesed.c, object: /adm/daemons/chinesed, file: /adm/daemons/chinesed.c:64
'   command_hook' in '   feature/command.c' ('         obj/user#91') /feature/command.c:41
arguments were ("xgchen")
locals were: "update","/cmds/wiz/update"
'           main' in '   cmds/wiz/update.c' ('     cmds/wiz/update') /cmds/wiz/update.c:22
arguments were (0,"xgchen")
locals were: 0,0,0,0
'  update_player' in '   cmds/wiz/update.c' ('     cmds/wiz/update') /cmds/wiz/update.c:87
arguments were (0)
locals were: d/stone/sroom,obj/login#1,obj/user#155
'    enter_world' in 'adm/daemons/logind.c' ('  adm/daemons/logind') /adm/daemons/logind.c:664
arguments were (obj/login#1,obj/user#155,1)
locals were: obj/cloth#156,0,0,0,0,0,0
'     check_user' in 'adm/daemons/updated.c' (' adm/daemons/updated') /adm/daemons/updated.c:55
arguments were (obj/user#155)
locals were: ([ /* sizeof() == 80 */
  "last_good_kill" : 14515042,
  "class" : "assassin",
  "age" : 66,
  "mud_age" : 14520713,
  "KILLED" : 1,
  "title" : "金钱帮大长老",
  "last_read_news" : ([ /* sizeof() == 1 */
      0 : 1022066102,
    ]),
  "nickname" : "[1;33mwww.xgchen.com[2;37;0m",
  "score" : 0,
  "channels" : ({ /* sizeof() == 8 */
      "chat",
      "fy",
      "new",
      "rumor",
      "gab",
      "sale",
      "wiz",
      "sys"
    }),
  "potential" : 777817,
  "kar" : 10,
  "cwd" : "/",
  "PKS" : 1,
  "cps" : 30,
  "env" : ([ /* sizeof() == 3 */
      "prompt" : "time",
      "wimpy" : 50,
      "immortal" : 1,
    ]),
  "deposit" : 1211699992,
  "cor" : 5,
  "skname" : "太极拳",
  "per" : 30,
  "betrayer" : 17,
  "spi" : 12,
  "con" : 19,
  "race" : "人类",
  "str" : 100,
  "national" : "汉族",
  "gender" : "男性",
  "dur" : 2,
  "cwf" : "/d/stone/sroom.c",
  "water" : 0,
  "name" : "长孙无情",
  "agi" : 10,
  "qiushi" : ([ /* sizeof() == 2 */
      "howlong" : 60,
      "temp" : "长孙无情(xgchen)在new频道说脏话(刚才去大便了)被设囚禁 60 分
",
    ]),
  "MKS" : 6,
  "qianminglong" : "[1;31m别人笑我太疯癫，我笑他人看不穿。
[1;36m记得泥潭豪杰梦，无花无酒何作填。
[2;37;0m",
  "fle" : 10,
  "food" : 0,
  "tol" : 5,
  "int" : 30,
  "birthday" : 1015009035,
  "sen" : 579,
  "gin" : 194,
  "force" : 15000,
  "biqi_top" : 998,
  "pansi" : "swordsman>",
  "gift_points" : 5,
  "vendetta" : ([ /* sizeof() == 1 */
      "shaolin" : 2,
    ]),
  "level" : 11,
  "killren" : 1,
  "used_gift_points" : 1,
  "vendetta_mark" : "authority",
  "fenglu" : 65,
  "id" : "xgchen",
  "LastReadNews" : 153,
  "max_mana" : 0,
  "learned_points" : 3900,
  "toover" : 1017503734,
  "max_atman" : 0,
  "default_actions" : (: call_other,     "/adm/daemons/race/human.c",     "query_action" :),
  "mana" : 0,
  "atman" : 0,
  "startroom" : "/d/wiz/hall",
  "actions" : (: call_other,     "/daemon/skill/taiji",     "query_action" :),
  "max_sen" : 584,
  "max_gin" : 194,
  "bellicosity" : 37,
  "max_force" : 15000,
  "board_last_read" : ([ /* sizeof() == 3 */
      "wizard_b" : 1028989149,
      "top-board" : 1017503882,
      "fysquare_b" : 1030233007,
    ]),
  "combat_exp" : 12000000,
  "quit_time" : 1042875423,
  "eff_sen" : 584,
  "xmvhouse" : 1,
  "eff_kee" : 13922,
  "mapover" : 1015072601,
  "eff_gin" : 194,
  "family" : ([ /* sizeof() == 7 */
      "generation" : 2,
      "family_name" : "金钱帮",
      "privs" : 0,
      "master_id" : "master shangguan",
      "title" : "弟子",
      "master_name" : "上官金虹",
      "enter_time" : 1043242197,
    ]),
  "created_item" : 1,
  "max_kee" : 15414,
  "kee" : 13921,
  "force_factor" : 0,
])
' chinese_number' in 'adm/obj/simul_efun.c' ('  adm/obj/simul_efun') /adm/simul_efun/chinese.c:4
arguments were (1155699992)
' chinese_number' in 'adm/daemons/chinesed.c' ('adm/daemons/chinesed') /adm/daemons/chinesed.c:64
arguments were (1155699992)
' chinese_number' in 'adm/daemons/chinesed.c' ('adm/daemons/chinesed') /adm/daemons/chinesed.c:64
arguments were (428320024)
' chinese_number' in 'adm/daemons/chinesed.c' ('adm/daemons/chinesed') /adm/daemons/chinesed.c:64
arguments were (428320024)
' chinese_number' in 'adm/daemons/chinesed.c' ('adm/daemons/chinesed') /adm/daemons/chinesed.c:64
arguments were (428320024)
' chinese_number' in 'adm/daemons/chinesed.c' ('adm/daemons/chinesed') /adm/daemons/chinesed.c:64
arguments were (428320024)
' chinese_number' in 'adm/daemons/chinesed.c' ('adm/daemons/chinesed') /adm/daemons/chinesed.c:64
arguments were (428320024)
' chinese_number' in 'adm/daemons/chinesed.c' ('adm/daemons/chinesed') /adm/daemons/chinesed.c:64
arguments were (428320024)
' chinese_number' in 'adm/daemons/chinesed.c' ('adm/daemons/chinesed') /adm/daemons/chinesed.c:64
arguments were (428320024)
' chinese_number' in 'adm/daemons/chinesed.c' ('adm/daemons/chinesed') /adm/daemons/chinesed.c:64
arguments were (428320024)
' chinese_number' in 'adm/daemons/chinesed.c' ('adm/daemons/chinesed') /adm/daemons/chinesed.c:64
arguments were (428320024)
' chinese_number' in 'adm/daemons/chinesed.c' ('adm/daemons/chinesed') /adm/daemons/chinesed.c:64
arguments were (428320024)
' chinese_number' in 'adm/daemons/chinesed.c' ('adm/daemons/chinesed') /adm/daemons/chinesed.c:64
arguments were (428320024)
' chinese_number' in 'adm/daemons/chinesed.c' ('adm/daemons/chinesed') /adm/daemons/chinesed.c:64
arguments were (428320024)
' chinese_number' in 'adm/daemons/chinesed.c' ('adm/daemons/chinesed') /adm/daemons/chinesed.c:64
arguments were (428320024)
' chinese_number' in 'adm/daemons/chinesed.c' ('adm/daemons/chinesed') /adm/daemons/chinesed.c:64
arguments were (428320024)
' chinese_number' in 'adm/daemons/chinesed.c' ('adm/daemons/chinesed') /adm/daemons/chinesed.c:64
arguments were (428320024)
' chinese_number' in 'adm/daemons/chinesed.c' ('adm/daemons/chinesed') /adm/daemons/chinesed.c:64
arguments were (428320024)
' chinese_number' in 'adm/daemons/chinesed.c' ('adm/daemons/chinesed') /adm/daemons/chinesed.c:64
arguments were (428320024)
' chinese_number' in 'adm/daemons/chinesed.c' ('adm/daemons/chinesed') /adm/daemons/chinesed.c:64
arguments were (428320024)
' chinese_number' in 'adm/daemons/chinesed.c' ('adm/daemons/chinesed') /adm/daemons/chinesed.c:64
arguments were (428320024)
' chinese_number' in 'adm/daemons/chinesed.c' ('adm/daemons/chinesed') /adm/daemons/chinesed.c:64
arguments were (428320024)
' chinese_number' in 'adm/daemons/chinesed.c' ('adm/daemons/chinesed') /adm/daemons/chinesed.c:64
arguments were (428320024)
' chinese_number' in 'adm/daemons/chinesed.c' ('adm/daemons/chinesed') /adm/daemons/chinesed.c:64
arguments were (428320024)
' chinese_number' in 'adm/daemons/chinesed.c' ('adm/daemons/chinesed') /adm/daemons/chinesed.c:64
arguments were (428320024)
' chinese_number' in 'adm/daemons/chinesed.c' ('adm/daemons/chinesed') /adm/daemons/chinesed.c:64
arguments were (428320024)
' chinese_number' in 'adm/daemons/chinesed.c' ('adm/daemons/chinesed') /adm/daemons/chinesed.c:64
arguments were (428320024)
' chinese_number' in 'adm/daemons/chinesed.c' ('adm/daemons/chinesed') /adm/daemons/chinesed.c:64
arguments were (428320024)
' chinese_number' in 'adm/daemons/chinesed.c' ('adm/daemons/chinesed') /adm/daemons/chinesed.c:64
arguments were (428320024)
' chinese_number' in 'adm/daemons/chinesed.c' ('adm/daemons/chinesed') /adm/daemons/chinesed.c:64
arguments were (428320024)
' chinese_number' in 'adm/daemons/chinesed.c' ('adm/daemons/chinesed') /adm/daemons/chinesed.c:64
arguments were (428320024)
' chinese_number' in 'adm/daemons/chinesed.c' ('adm/daemons/chinesed') /adm/daemons/chinesed.c:64
arguments were (428320024)
' chinese_number' in 'adm/daemons/chinesed.c' ('adm/daemons/chinesed') /adm/daemons/chinesed.c:64
arguments were (428320024)
' chinese_number' in 'adm/daemons/chinesed.c' ('adm/daemons/chinesed') /adm/daemons/chinesed.c:64
arguments were (428320024)
' chinese_number' in 'adm/daemons/chinesed.c' ('adm/daemons/chinesed') /adm/daemons/chinesed.c:64
arguments were (428320024)
' chinese_number' in 'adm/daemons/chinesed.c' ('adm/daemons/chinesed') /adm/daemons/chinesed.c:64
arguments were (428320024)
' chinese_number' in 'adm/daemons/chinesed.c' ('adm/daemons/chinesed') /adm/daemons/chinesed.c:64
arguments were (428320024)
' chinese_number' in 'adm/daemons/chinesed.c' ('adm/daemons/chinesed') /adm/daemons/chinesed.c:64
arguments were (428320024)
' chinese_number' in 'adm/daemons/chinesed.c' ('adm/daemons/chinesed') /adm/daemons/chinesed.c:64
arguments were (428320024)
' chinese_number' in 'adm/daemons/chinesed.c' ('adm/daemons/chinesed') /adm/daemons/chinesed.c:64
arguments were (428320024)
' chinese_number' in 'adm/daemons/chinesed.c' ('adm/daemons/chinesed') /adm/daemons/chinesed.c:64
arguments were (428320024)
' chinese_number' in 'adm/daemons/chinesed.c' ('adm/daemons/chinesed') /adm/daemons/chinesed.c:64
arguments were (428320024)
' chinese_number' in 'adm/daemons/chinesed.c' ('adm/daemons/chinesed') /adm/daemons/chinesed.c:64
arguments were (428320024)
' chinese_number' in 'adm/daemons/chinesed.c' ('adm/daemons/chinesed') /adm/daemons/chinesed.c:64
arguments were (428320024)
' chinese_number' in 'adm/daemons/chinesed.c' ('adm/daemons/chinesed') /adm/daemons/chinesed.c:64
arguments were (428320024)
closed external ports
Initializing internal tables....

<---天下无敌: MudOs v22pre11 (by wwj,Jan  1 1999) shutdown at Sat Feb 15 03:27:22 2003




<---天下无敌: MudOs v22pre11 (by wwj,Jan  1 1999) startup on Microsoft Windows NT at Sat Feb 15 03:27:38 2003

using config file: E:\fy\mudosold\CONFIG.CFG
System Error: init_addr_server: gethostbyname: 请求的名称有效并且在数据库中找到，但是它没有相关的正确的数据来被解析。

]simul_efun loaded successfully.

Loading preloaded files ...
错误讯息被拦截: 
执行时段错误：*Error in loading object '/adm/daemons/cron'

程式：adm/daemons/questd.c 第 22 行
物件: /adm/daemons/questd
呼叫来自：adm/obj/master.c 的 preload() 第 96 行，物件： adm/obj/master
呼叫来自：adm/obj/master.c 的 CATCH() 第 96 行，物件： adm/obj/master
呼叫来自：adm/daemons/questd.c 的 create() 第 22 行，物件： adm/daemons/questd
错误讯息被拦截: 
执行时段错误：*Error in loading object '/adm/daemons/cron'

程式：adm/obj/master.c 第 96 行
物件: /adm/obj/master
呼叫来自：adm/obj/master.c 的 preload() 第 96 行，物件： adm/obj/master
呼叫来自：adm/obj/master.c 的 CATCH() 第 96 行，物件： adm/obj/master
Initializations complete.

Accepting connections on port 3333.
Error in error handler: *Too deep recursion.
program: /adm/daemons/chinesed.c, object: /adm/daemons/chinesed, file: /adm/daemons/chinesed.c:64
'     get_passwd' in 'adm/daemons/logind.c' ('  adm/daemons/logind') /adm/daemons/logind.c:276
arguments were ("Xxx.guang",obj/login#1)
locals were: "/z8dG5Kci8l2Q",obj/user#2
'    enter_world' in 'adm/daemons/logind.c' ('  adm/daemons/logind') /adm/daemons/logind.c:664
arguments were (obj/login#1,obj/user#2,0)
locals were: obj/cloth#3,0,"/d/wiz/hall",0,"xgchen","/data/mail/x/xgchen.o",0
'     check_user' in 'adm/daemons/updated.c' (' adm/daemons/updated') /adm/daemons/updated.c:55
arguments were (obj/user#2)
locals were: ([ /* sizeof() == 80 */
  "class" : "assassin",
  "age" : 66,
  "title" : "金钱帮大长老",
  "KILLED" : 1,
  "mud_age" : 14520889,
  "nickname" : "[1;33mwww.xgchen.com[2;37;0m",
  "score" : 0,
  "biqi_top" : 998,
  "potential" : 777817,
  "channels" : ({ /* sizeof() == 8 */
      "chat",
      "fy",
      "new",
      "rumor",
      "gab",
      "sale",
      "wiz",
      "sys"
    }),
  "kar" : 10,
  "PKS" : 1,
  "cwd" : "/",
  "env" : ([ /* sizeof() == 3 */
      "prompt" : "time",
      "immortal" : 1,
      "wimpy" : 50,
    ]),
  "cps" : 30,
  "gift_points" : 5,
  "deposit" : 1211699992,
  "cor" : 5,
  "per" : 30,
  "spi" : 12,
  "con" : 19,
  "used_gift_points" : 1,
  "str" : 100,
  "race" : "人类",
  "dur" : 2,
  "gender" : "男性",
  "national" : "汉族",
  "killren" : 1,
  "water" : 0,
  "qiushi" : ([ /* sizeof() == 2 */
      "temp" : "长孙无情(xgchen)在new频道说脏话(刚才去大便了)被设囚禁 60 分
",
      "howlong" : 60,
    ]),
  "agi" : 10,
  "name" : "长孙无情",
  "qianminglong" : "[1;31m别人笑我太疯癫，我笑他人看不穿。
[1;36m记得泥潭豪杰梦，无花无酒何作填。
[2;37;0m",
  "fle" : 10,
  "tol" : 5,
  "food" : 0,
  "LastReadNews" : 153,
  "int" : 30,
  "birthday" : 1015009035,
  "toover" : 1017503734,
  "sen" : 579,
  "gin" : 194,
  "force" : 15000,
  "pansi" : "swordsman>",
  "level" : 11,
  "vendetta" : ([ /* sizeof() == 1 */
      "shaolin" : 2,
    ]),
  "xmvhouse" : 1,
  "mapover" : 1015072601,
  "vendetta_mark" : "authority",
  "last_good_kill" : 14515042,
  "fenglu" : 65,
  "created_item" : 1,
  "id" : "xgchen",
  "max_mana" : 0,
  "learned_points" : 3900,
  "max_atman" : 0,
  "last_read_news" : ([ /* sizeof() == 1 */
      0 : 1022066102,
    ]),
  "mana" : 0,
  "default_actions" : (: call_other,     "/adm/daemons/race/human.c",     "query_action" :),
  "atman" : 0,
  "startroom" : "/d/wiz/hall",
  "actions" : (: call_other,     "/daemon/skill/taiji",     "query_action" :),
  "max_sen" : 584,
  "max_gin" : 194,
  "bellicosity" : 37,
  "max_force" : 15000,
  "combat_exp" : 12000000,
  "board_last_read" : ([ /* sizeof() == 3 */
      "top-board" : 1017503882,
      "fysquare_b" : 1030233007,
      "wizard_b" : 1028989149,
    ]),
  "quit_time" : 1042875423,
  "eff_sen" : 584,
  "eff_kee" : 13922,
  "eff_gin" : 194,
  "family" : ([ /* sizeof() == 7 */
      "family_name" : "金钱帮",
      "generation" : 2,
      "title" : "弟子",
      "master_id" : "master shangguan",
      "privs" : 0,
      "enter_time" : 1043242197,
      "master_name" : "上官金虹",
    ]),
  "max_kee" : 15414,
  "kee" : 13921,
  "force_factor" : 0,
  "skname" : "太极拳",
  "betrayer" : 17,
  "cwf" : "/adm/daemons/combatd.c",
  "MKS" : 6,
])
' chinese_number' in 'adm/obj/simul_efun.c' ('  adm/obj/simul_efun') /adm/simul_efun/chinese.c:4
arguments were (1155699992)
' chinese_number' in 'adm/daemons/chinesed.c' ('adm/daemons/chinesed') /adm/daemons/chinesed.c:64
arguments were (1155699992)
' chinese_number' in 'adm/daemons/chinesed.c' ('adm/daemons/chinesed') /adm/daemons/chinesed.c:64
arguments were (428320024)
' chinese_number' in 'adm/daemons/chinesed.c' ('adm/daemons/chinesed') /adm/daemons/chinesed.c:64
arguments were (428320024)
' chinese_number' in 'adm/daemons/chinesed.c' ('adm/daemons/chinesed') /adm/daemons/chinesed.c:64
arguments were (428320024)
' chinese_number' in 'adm/daemons/chinesed.c' ('adm/daemons/chinesed') /adm/daemons/chinesed.c:64
arguments were (428320024)
' chinese_number' in 'adm/daemons/chinesed.c' ('adm/daemons/chinesed') /adm/daemons/chinesed.c:64
arguments were (428320024)
' chinese_number' in 'adm/daemons/chinesed.c' ('adm/daemons/chinesed') /adm/daemons/chinesed.c:64
arguments were (428320024)
' chinese_number' in 'adm/daemons/chinesed.c' ('adm/daemons/chinesed') /adm/daemons/chinesed.c:64
arguments were (428320024)
' chinese_number' in 'adm/daemons/chinesed.c' ('adm/daemons/chinesed') /adm/daemons/chinesed.c:64
arguments were (428320024)
' chinese_number' in 'adm/daemons/chinesed.c' ('adm/daemons/chinesed') /adm/daemons/chinesed.c:64
arguments were (428320024)
' chinese_number' in 'adm/daemons/chinesed.c' ('adm/daemons/chinesed') /adm/daemons/chinesed.c:64
arguments were (428320024)
' chinese_number' in 'adm/daemons/chinesed.c' ('adm/daemons/chinesed') /adm/daemons/chinesed.c:64
arguments were (428320024)
' chinese_number' in 'adm/daemons/chinesed.c' ('adm/daemons/chinesed') /adm/daemons/chinesed.c:64
arguments were (428320024)
' chinese_number' in 'adm/daemons/chinesed.c' ('adm/daemons/chinesed') /adm/daemons/chinesed.c:64
arguments were (428320024)
' chinese_number' in 'adm/daemons/chinesed.c' ('adm/daemons/chinesed') /adm/daemons/chinesed.c:64
arguments were (428320024)
' chinese_number' in 'adm/daemons/chinesed.c' ('adm/daemons/chinesed') /adm/daemons/chinesed.c:64
arguments were (428320024)
' chinese_number' in 'adm/daemons/chinesed.c' ('adm/daemons/chinesed') /adm/daemons/chinesed.c:64
arguments were (428320024)
' chinese_number' in 'adm/daemons/chinesed.c' ('adm/daemons/chinesed') /adm/daemons/chinesed.c:64
arguments were (428320024)
' chinese_number' in 'adm/daemons/chinesed.c' ('adm/daemons/chinesed') /adm/daemons/chinesed.c:64
arguments were (428320024)
' chinese_number' in 'adm/daemons/chinesed.c' ('adm/daemons/chinesed') /adm/daemons/chinesed.c:64
arguments were (428320024)
' chinese_number' in 'adm/daemons/chinesed.c' ('adm/daemons/chinesed') /adm/daemons/chinesed.c:64
arguments were (428320024)
' chinese_number' in 'adm/daemons/chinesed.c' ('adm/daemons/chinesed') /adm/daemons/chinesed.c:64
arguments were (428320024)
' chinese_number' in 'adm/daemons/chinesed.c' ('adm/daemons/chinesed') /adm/daemons/chinesed.c:64
arguments were (428320024)
' chinese_number' in 'adm/daemons/chinesed.c' ('adm/daemons/chinesed') /adm/daemons/chinesed.c:64
arguments were (428320024)
' chinese_number' in 'adm/daemons/chinesed.c' ('adm/daemons/chinesed') /adm/daemons/chinesed.c:64
arguments were (428320024)
' chinese_number' in 'adm/daemons/chinesed.c' ('adm/daemons/chinesed') /adm/daemons/chinesed.c:64
arguments were (428320024)
' chinese_number' in 'adm/daemons/chinesed.c' ('adm/daemons/chinesed') /adm/daemons/chinesed.c:64
arguments were (428320024)
' chinese_number' in 'adm/daemons/chinesed.c' ('adm/daemons/chinesed') /adm/daemons/chinesed.c:64
arguments were (428320024)
' chinese_number' in 'adm/daemons/chinesed.c' ('adm/daemons/chinesed') /adm/daemons/chinesed.c:64
arguments were (428320024)
' chinese_number' in 'adm/daemons/chinesed.c' ('adm/daemons/chinesed') /adm/daemons/chinesed.c:64
arguments were (428320024)
' chinese_number' in 'adm/daemons/chinesed.c' ('adm/daemons/chinesed') /adm/daemons/chinesed.c:64
arguments were (428320024)
' chinese_number' in 'adm/daemons/chinesed.c' ('adm/daemons/chinesed') /adm/daemons/chinesed.c:64
arguments were (428320024)
' chinese_number' in 'adm/daemons/chinesed.c' ('adm/daemons/chinesed') /adm/daemons/chinesed.c:64
arguments were (428320024)
' chinese_number' in 'adm/daemons/chinesed.c' ('adm/daemons/chinesed') /adm/daemons/chinesed.c:64
arguments were (428320024)
' chinese_number' in 'adm/daemons/chinesed.c' ('adm/daemons/chinesed') /adm/daemons/chinesed.c:64
arguments were (428320024)
' chinese_number' in 'adm/daemons/chinesed.c' ('adm/daemons/chinesed') /adm/daemons/chinesed.c:64
arguments were (428320024)
' chinese_number' in 'adm/daemons/chinesed.c' ('adm/daemons/chinesed') /adm/daemons/chinesed.c:64
arguments were (428320024)
' chinese_number' in 'adm/daemons/chinesed.c' ('adm/daemons/chinesed') /adm/daemons/chinesed.c:64
arguments were (428320024)
' chinese_number' in 'adm/daemons/chinesed.c' ('adm/daemons/chinesed') /adm/daemons/chinesed.c:64
arguments were (428320024)
' chinese_number' in 'adm/daemons/chinesed.c' ('adm/daemons/chinesed') /adm/daemons/chinesed.c:64
arguments were (428320024)
' chinese_number' in 'adm/daemons/chinesed.c' ('adm/daemons/chinesed') /adm/daemons/chinesed.c:64
arguments were (428320024)
' chinese_number' in 'adm/daemons/chinesed.c' ('adm/daemons/chinesed') /adm/daemons/chinesed.c:64
arguments were (428320024)
' chinese_number' in 'adm/daemons/chinesed.c' ('adm/daemons/chinesed') /adm/daemons/chinesed.c:64
arguments were (428320024)
' chinese_number' in 'adm/daemons/chinesed.c' ('adm/daemons/chinesed') /adm/daemons/chinesed.c:64
arguments were (428320024)
' chinese_number' in 'adm/daemons/chinesed.c' ('adm/daemons/chinesed') /adm/daemons/chinesed.c:64
arguments were (428320024)
' chinese_number' in 'adm/daemons/chinesed.c' ('adm/daemons/chinesed') /adm/daemons/chinesed.c:64
arguments were (428320024)
closed external ports
Initializing internal tables....

<---天下无敌: MudOs v22pre11 (by wwj,Jan  1 1999) shutdown at Sat Feb 15 03:29:48 2003




<---天下无敌: MudOs v22pre11 (by wwj,Jan  1 1999) startup on Microsoft Windows NT at Sat Feb 15 03:30:03 2003

using config file: E:\fy\mudosold\CONFIG.CFG
System Error: init_addr_server: gethostbyname: 请求的名称有效并且在数据库中找到，但是它没有相关的正确的数据来被解析。

]simul_efun loaded successfully.

Loading preloaded files ...
错误讯息被拦截: 
执行时段错误：*Error in loading object '/adm/daemons/cron'

程式：adm/daemons/questd.c 第 22 行
物件: /adm/daemons/questd
呼叫来自：adm/obj/master.c 的 preload() 第 96 行，物件： adm/obj/master
呼叫来自：adm/obj/master.c 的 CATCH() 第 96 行，物件： adm/obj/master
呼叫来自：adm/daemons/questd.c 的 create() 第 22 行，物件： adm/daemons/questd
错误讯息被拦截: 
执行时段错误：*Error in loading object '/adm/daemons/cron'

程式：adm/obj/master.c 第 96 行
物件: /adm/obj/master
呼叫来自：adm/obj/master.c 的 preload() 第 96 行，物件： adm/obj/master
呼叫来自：adm/obj/master.c 的 CATCH() 第 96 行，物件： adm/obj/master
Initializations complete.

Accepting connections on port 3333.
Error in error handler: *Too deep recursion.
program: /adm/daemons/chinesed.c, object: /adm/daemons/chinesed, file: /adm/daemons/chinesed.c:64
'     get_passwd' in 'adm/daemons/logind.c' ('  adm/daemons/logind') /adm/daemons/logind.c:276
arguments were ("Xxx.guang",obj/login#1)
locals were: "/z8dG5Kci8l2Q",obj/user#2
'    enter_world' in 'adm/daemons/logind.c' ('  adm/daemons/logind') /adm/daemons/logind.c:664
arguments were (obj/login#1,obj/user#2,0)
locals were: obj/cloth#3,0,"/d/wiz/hall",0,"xgchen","/data/mail/x/xgchen.o",0
'     check_user' in 'adm/daemons/updated.c' (' adm/daemons/updated') /adm/daemons/updated.c:55
arguments were (obj/user#2)
locals were: ([ /* sizeof() == 80 */
  "LastReadNews" : 153,
  "class" : "assassin",
  "toover" : 1017503734,
  "age" : 66,
  "mud_age" : 14521005,
  "KILLED" : 1,
  "title" : "金钱帮大长老",
  "nickname" : "[1;33mwww.xgchen.com[2;37;0m",
  "score" : 0,
  "xmvhouse" : 1,
  "channels" : ({ /* sizeof() == 8 */
      "chat",
      "fy",
      "new",
      "rumor",
      "gab",
      "sale",
      "wiz",
      "sys"
    }),
  "potential" : 777817,
  "kar" : 10,
  "mapover" : 1015072601,
  "cwd" : "/",
  "PKS" : 1,
  "cps" : 30,
  "env" : ([ /* sizeof() == 3 */
      "immortal" : 1,
      "prompt" : "time",
      "wimpy" : 50,
    ]),
  "deposit" : 1211699992,
  "cor" : 5,
  "last_good_kill" : 14515042,
  "per" : 30,
  "created_item" : 1,
  "spi" : 12,
  "con" : 19,
  "race" : "人类",
  "str" : 100,
  "national" : "汉族",
  "gender" : "男性",
  "dur" : 2,
  "water" : 0,
  "last_read_news" : ([ /* sizeof() == 1 */
      0 : 1022066102,
    ]),
  "name" : "长孙无情",
  "agi" : 10,
  "qiushi" : ([ /* sizeof() == 2 */
      "howlong" : 60,
      "temp" : "长孙无情(xgchen)在new频道说脏话(刚才去大便了)被设囚禁 60 分
",
    ]),
  "qianminglong" : "[1;31m别人笑我太疯癫，我笑他人看不穿。
[1;36m记得泥潭豪杰梦，无花无酒何作填。
[2;37;0m",
  "fle" : 10,
  "food" : 0,
  "tol" : 5,
  "int" : 30,
  "birthday" : 1015009035,
  "sen" : 579,
  "gin" : 194,
  "force" : 15000,
  "pansi" : "swordsman>",
  "vendetta" : ([ /* sizeof() == 1 */
      "shaolin" : 2,
    ]),
  "level" : 11,
  "skname" : "太极拳",
  "betrayer" : 17,
  "vendetta_mark" : "authority",
  "cwf" : "/adm/daemons/combatd.c",
  "fenglu" : 65,
  "MKS" : 6,
  "id" : "xgchen",
  "biqi_top" : 998,
  "max_mana" : 0,
  "max_atman" : 0,
  "learned_points" : 3900,
  "default_actions" : (: call_other,     "/adm/daemons/race/human.c",     "query_action" :),
  "mana" : 0,
  "atman" : 0,
  "startroom" : "/d/wiz/hall",
  "actions" : (: call_other,     "/daemon/skill/taiji",     "query_action" :),
  "max_sen" : 584,
  "gift_points" : 5,
  "max_gin" : 194,
  "bellicosity" : 37,
  "max_force" : 15000,
  "board_last_read" : ([ /* sizeof() == 3 */
      "top-board" : 1017503882,
      "fysquare_b" : 1030233007,
      "wizard_b" : 1028989149,
    ]),
  "combat_exp" : 12000000,
  "quit_time" : 1042875423,
  "eff_sen" : 584,
  "eff_kee" : 13922,
  "used_gift_points" : 1,
  "eff_gin" : 194,
  "family" : ([ /* sizeof() == 7 */
      "generation" : 2,
      "family_name" : "金钱帮",
      "privs" : 0,
      "master_id" : "master shangguan",
      "title" : "弟子",
      "master_name" : "上官金虹",
      "enter_time" : 1043242197,
    ]),
  "max_kee" : 15414,
  "killren" : 1,
  "kee" : 13921,
  "force_factor" : 0,
])
' chinese_number' in 'adm/obj/simul_efun.c' ('  adm/obj/simul_efun') /adm/simul_efun/chinese.c:4
arguments were (1155699992)
' chinese_number' in 'adm/daemons/chinesed.c' ('adm/daemons/chinesed') /adm/daemons/chinesed.c:64
arguments were (1155699992)
' chinese_number' in 'adm/daemons/chinesed.c' ('adm/daemons/chinesed') /adm/daemons/chinesed.c:64
arguments were (428320024)
' chinese_number' in 'adm/daemons/chinesed.c' ('adm/daemons/chinesed') /adm/daemons/chinesed.c:64
arguments were (428320024)
' chinese_number' in 'adm/daemons/chinesed.c' ('adm/daemons/chinesed') /adm/daemons/chinesed.c:64
arguments were (428320024)
' chinese_number' in 'adm/daemons/chinesed.c' ('adm/daemons/chinesed') /adm/daemons/chinesed.c:64
arguments were (428320024)
' chinese_number' in 'adm/daemons/chinesed.c' ('adm/daemons/chinesed') /adm/daemons/chinesed.c:64
arguments were (428320024)
' chinese_number' in 'adm/daemons/chinesed.c' ('adm/daemons/chinesed') /adm/daemons/chinesed.c:64
arguments were (428320024)
' chinese_number' in 'adm/daemons/chinesed.c' ('adm/daemons/chinesed') /adm/daemons/chinesed.c:64
arguments were (428320024)
' chinese_number' in 'adm/daemons/chinesed.c' ('adm/daemons/chinesed') /adm/daemons/chinesed.c:64
arguments were (428320024)
' chinese_number' in 'adm/daemons/chinesed.c' ('adm/daemons/chinesed') /adm/daemons/chinesed.c:64
arguments were (428320024)
' chinese_number' in 'adm/daemons/chinesed.c' ('adm/daemons/chinesed') /adm/daemons/chinesed.c:64
arguments were (428320024)
' chinese_number' in 'adm/daemons/chinesed.c' ('adm/daemons/chinesed') /adm/daemons/chinesed.c:64
arguments were (428320024)
' chinese_number' in 'adm/daemons/chinesed.c' ('adm/daemons/chinesed') /adm/daemons/chinesed.c:64
arguments were (428320024)
' chinese_number' in 'adm/daemons/chinesed.c' ('adm/daemons/chinesed') /adm/daemons/chinesed.c:64
arguments were (428320024)
' chinese_number' in 'adm/daemons/chinesed.c' ('adm/daemons/chinesed') /adm/daemons/chinesed.c:64
arguments were (428320024)
' chinese_number' in 'adm/daemons/chinesed.c' ('adm/daemons/chinesed') /adm/daemons/chinesed.c:64
arguments were (428320024)
' chinese_number' in 'adm/daemons/chinesed.c' ('adm/daemons/chinesed') /adm/daemons/chinesed.c:64
arguments were (428320024)
' chinese_number' in 'adm/daemons/chinesed.c' ('adm/daemons/chinesed') /adm/daemons/chinesed.c:64
arguments were (428320024)
' chinese_number' in 'adm/daemons/chinesed.c' ('adm/daemons/chinesed') /adm/daemons/chinesed.c:64
arguments were (428320024)
' chinese_number' in 'adm/daemons/chinesed.c' ('adm/daemons/chinesed') /adm/daemons/chinesed.c:64
arguments were (428320024)
' chinese_number' in 'adm/daemons/chinesed.c' ('adm/daemons/chinesed') /adm/daemons/chinesed.c:64
arguments were (428320024)
' chinese_number' in 'adm/daemons/chinesed.c' ('adm/daemons/chinesed') /adm/daemons/chinesed.c:64
arguments were (428320024)
' chinese_number' in 'adm/daemons/chinesed.c' ('adm/daemons/chinesed') /adm/daemons/chinesed.c:64
arguments were (428320024)
' chinese_number' in 'adm/daemons/chinesed.c' ('adm/daemons/chinesed') /adm/daemons/chinesed.c:64
arguments were (428320024)
' chinese_number' in 'adm/daemons/chinesed.c' ('adm/daemons/chinesed') /adm/daemons/chinesed.c:64
arguments were (428320024)
' chinese_number' in 'adm/daemons/chinesed.c' ('adm/daemons/chinesed') /adm/daemons/chinesed.c:64
arguments were (428320024)
' chinese_number' in 'adm/daemons/chinesed.c' ('adm/daemons/chinesed') /adm/daemons/chinesed.c:64
arguments were (428320024)
' chinese_number' in 'adm/daemons/chinesed.c' ('adm/daemons/chinesed') /adm/daemons/chinesed.c:64
arguments were (428320024)
' chinese_number' in 'adm/daemons/chinesed.c' ('adm/daemons/chinesed') /adm/daemons/chinesed.c:64
arguments were (428320024)
' chinese_number' in 'adm/daemons/chinesed.c' ('adm/daemons/chinesed') /adm/daemons/chinesed.c:64
arguments were (428320024)
' chinese_number' in 'adm/daemons/chinesed.c' ('adm/daemons/chinesed') /adm/daemons/chinesed.c:64
arguments were (428320024)
' chinese_number' in 'adm/daemons/chinesed.c' ('adm/daemons/chinesed') /adm/daemons/chinesed.c:64
arguments were (428320024)
' chinese_number' in 'adm/daemons/chinesed.c' ('adm/daemons/chinesed') /adm/daemons/chinesed.c:64
arguments were (428320024)
' chinese_number' in 'adm/daemons/chinesed.c' ('adm/daemons/chinesed') /adm/daemons/chinesed.c:64
arguments were (428320024)
' chinese_number' in 'adm/daemons/chinesed.c' ('adm/daemons/chinesed') /adm/daemons/chinesed.c:64
arguments were (428320024)
' chinese_number' in 'adm/daemons/chinesed.c' ('adm/daemons/chinesed') /adm/daemons/chinesed.c:64
arguments were (428320024)
' chinese_number' in 'adm/daemons/chinesed.c' ('adm/daemons/chinesed') /adm/daemons/chinesed.c:64
arguments were (428320024)
' chinese_number' in 'adm/daemons/chinesed.c' ('adm/daemons/chinesed') /adm/daemons/chinesed.c:64
arguments were (428320024)
' chinese_number' in 'adm/daemons/chinesed.c' ('adm/daemons/chinesed') /adm/daemons/chinesed.c:64
arguments were (428320024)
' chinese_number' in 'adm/daemons/chinesed.c' ('adm/daemons/chinesed') /adm/daemons/chinesed.c:64
arguments were (428320024)
' chinese_number' in 'adm/daemons/chinesed.c' ('adm/daemons/chinesed') /adm/daemons/chinesed.c:64
arguments were (428320024)
' chinese_number' in 'adm/daemons/chinesed.c' ('adm/daemons/chinesed') /adm/daemons/chinesed.c:64
arguments were (428320024)
' chinese_number' in 'adm/daemons/chinesed.c' ('adm/daemons/chinesed') /adm/daemons/chinesed.c:64
arguments were (428320024)
' chinese_number' in 'adm/daemons/chinesed.c' ('adm/daemons/chinesed') /adm/daemons/chinesed.c:64
arguments were (428320024)
' chinese_number' in 'adm/daemons/chinesed.c' ('adm/daemons/chinesed') /adm/daemons/chinesed.c:64
arguments were (428320024)
' chinese_number' in 'adm/daemons/chinesed.c' ('adm/daemons/chinesed') /adm/daemons/chinesed.c:64
arguments were (428320024)
Initializing internal tables....
][256D[K[31m【系统监测】长孙无情(xgchen)：断线了。
[2;37;0m[1;36m03:45:14[1;33m> [2;37;0m