
<---Mudos v22pre11 for WIN95/NT (by wwj,May 18 1998) Config: 风云三（本地）   startup at Sat Apr 15 17:18:03 2000

using config file: config.fy3
----------------------------------------------------------------------------
风云三（本地）   (MudOS v22pre11) starting up on Microsoft Windows 95 - Sat Apr 15 17:18:03 2000


Can't find "mudos", ignoring old binaries.
Try invoking the driver using the full pathname.
System Error: init_addr_server: connect:Bad address
]simul_efun loaded successfully.

Loading preloaded files ...
Initializations complete.

Accepting connections on port 5555.
Initializing internal tables....

<---Mudos v22pre11 for WIN95/NT (by wwj,May 18 1998) Config: 风云三（本地）   startup at Sat Apr 15 17:23:44 2000

using config file: config.fy3
----------------------------------------------------------------------------
风云三（本地）   (MudOS v22pre11) starting up on Microsoft Windows 95 - Sat Apr 15 17:23:44 2000


Can't find "mudos", ignoring old binaries.
Try invoking the driver using the full pathname.
System Error: init_addr_server: connect:Bad address
]simul_efun loaded successfully.

Loading preloaded files ...
Initializations complete.

Accepting connections on port 5555.
错误讯息被拦截: 
执行时段错误：*Error in loading object '/cmds/std/dazuo'

程式：cmds/wiz/update.c 第 53 行
物件: /cmds/wiz/update
呼叫来自：feature/command.c 的 command_hook() 第 43 行，物件： obj/user#106 ("南宫逸")
呼叫来自：cmds/wiz/update.c 的 main() 第 53 行，物件： cmds/wiz/update
呼叫来自：cmds/wiz/update.c 的 CATCH() 第 53 行，物件： cmds/wiz/update
closed external ports
Initializing internal tables....

<---Mudos v22pre11 for WIN95/NT (by wwj,May 18 1998) Config: 风云三（本地）   shutdown at Sat Apr 15 17:55:06 2000




<---Mudos v22pre11 for WIN95/NT (by wwj,May 18 1998) Config: 风云三（本地）   startup at Sat Apr 15 17:55:07 2000


<---Mudos v22pre11 for WIN95/NT (by wwj,May 18 1998) Config: 风云三（本地）   startup at Sun Apr 16 09:06:28 2000

using config file: config.fy3
----------------------------------------------------------------------------
风云三（本地）   (MudOS v22pre11) starting up on Microsoft Windows 95 - Sun Apr 16 09:06:29 2000


Can't find "mudos", ignoring old binaries.
Try invoking the driver using the full pathname.
System Error: init_addr_server: connect:Bad address
]simul_efun loaded successfully.

Loading preloaded files ...
Initializations complete.

Accepting connections on port 5555.
Initializing internal tables....

<---Mudos v22pre11 for WIN95/NT (by wwj,May 18 1998) Config: 风云三（本地）   startup at Sun Apr 16 11:19:31 2000

using config file: config.fy3
----------------------------------------------------------------------------
风云三（本地）   (MudOS v22pre11) starting up on Microsoft Windows 95 - Sun Apr 16 11:19:32 2000


Can't find "mudos", ignoring old binaries.
Try invoking the driver using the full pathname.
System Error: init_addr_server: connect:Bad address
]simul_efun loaded successfully.

Loading preloaded files ...
Initializations complete.

Accepting connections on port 5555.
Initializing internal tables....

<---Mudos v22pre11 for WIN95/NT (by wwj,May 18 1998) Config: 风云三（本地）   startup at Sun Apr 16 14:39:33 2000

using config file: config.fy3
----------------------------------------------------------------------------
风云三（本地）   (MudOS v22pre11) starting up on Microsoft Windows 95 - Sun Apr 16 14:39:33 2000


Can't find "mudos", ignoring old binaries.
Try invoking the driver using the full pathname.
System Error: init_addr_server: connect:Bad address
]simul_efun loaded successfully.

Loading preloaded files ...
Initializations complete.

Accepting connections on port 5555.
Initializing internal tables....

<---Mudos v22pre11 for WIN95/NT (by wwj,May 18 1998) Config: 风云三（本地）   startup at Sun Apr 16 16:58:47 2000

using config file: config.fy3
----------------------------------------------------------------------------
风云三（本地）   (MudOS v22pre11) starting up on Microsoft Windows 95 - Sun Apr 16 16:58:47 2000


Can't find "mudos", ignoring old binaries.
Try invoking the driver using the full pathname.
System Error: init_addr_server: connect:Bad address
]simul_efun loaded successfully.

Loading preloaded files ...
Initializations complete.

Accepting connections on port 5555.

执行时段错误：*call_other() couldn't find object

程式：cmds/std/go.c 第 106 行
物件: /cmds/std/go
呼叫来自：std/char.c 的 heart_beat() 第 114 行，物件： d/fy/npc/zhu#217 ("青竹先生")
呼叫来自：std/char/npc.c 的 chat() 第 116 行，物件： d/fy/npc/zhu#217 ("青竹先生")
呼叫来自：<function> 的 <function>() 第 0 行，物件： d/fy/npc/zhu#217 ("青竹先生")
呼叫来自：std/char/npc.c 的 random_move() 第 130 行，物件： d/fy/npc/zhu#217 ("青竹先生")
呼叫来自：feature/command.c 的 command_hook() 第 43 行，物件： d/fy/npc/zhu#217 ("青竹先生")
呼叫来自：cmds/std/go.c 的 main() 第 106 行，物件： cmds/std/go
Heart beat in d/fy/npc/zhu#217 turned off.
Initializing internal tables....

<---Mudos v22pre11 for WIN95/NT (by wwj,May 18 1998) Config: 风云三（本地）   startup at Sun Apr 16 21:10:04 2000

using config file: config.fy3
----------------------------------------------------------------------------
风云三（本地）   (MudOS v22pre11) starting up on Microsoft Windows 95 - Sun Apr 16 21:10:04 2000


Can't find "mudos", ignoring old binaries.
Try invoking the driver using the full pathname.
System Error: init_addr_server: connect:Bad address
]simul_efun loaded successfully.

Loading preloaded files ...
Initializations complete.

Accepting connections on port 5555.

执行时段错误：*Error in loading object '/cmds/wiz/cost'

程式：feature/command.c 第 43 行
物件: /obj/user#93
呼叫来自：feature/command.c 的 command_hook() 第 43 行，物件： obj/user#93 ("南宫逸")
Initializing internal tables....

<---Mudos v22pre11 for WIN95/NT (by wwj,May 18 1998) Config: 风云三（本地）   startup at Mon Apr 17 19:01:37 2000

using config file: config.fy3
----------------------------------------------------------------------------
风云三（本地）   (MudOS v22pre11) starting up on Microsoft Windows 95 - Mon Apr 17 19:01:38 2000


Can't find "mudos", ignoring old binaries.
Try invoking the driver using the full pathname.
System Error: init_addr_server: connect:Bad address
]simul_efun loaded successfully.

Loading preloaded files ...
Initializations complete.

Accepting connections on port 5555.
错误讯息被拦截: 
执行时段错误：*restore_object(): Illegal file format.

程式：feature/save.c 第 19 行
物件: /obj/board/mainboard
呼叫来自：adm/daemons/logind.c 的 get_passwd() 第 186 行，物件： adm/daemons/logind
呼叫来自：adm/daemons/logind.c 的 enter_world() 第 501 行，物件： adm/daemons/logind
呼叫来自：adm/daemons/logind.c 的 CATCH() 第 501 行，物件： adm/daemons/logind
呼叫来自：d/zhongzhou/yinghao.c 的 create() 第 52 行，物件： d/zhongzhou/yinghao
呼叫来自：obj/board/mainboard.c 的 create() 第 10 行，物件： obj/board/mainboard ("/obj/board/mainboard")
呼叫来自：std/bboard.c 的 setup() 第 17 行，物件： obj/board/mainboard ("/obj/board/mainboard")
呼叫来自：feature/save.c 的 restore() 第 19 行，物件： obj/board/mainboard ("/obj/board/mainboard")

执行时段错误：*Bad argument 1 to capitalize()
Expected: string Got: 0.

程式：feature/name.c 第 68 行
物件: /obj/board/mainboard
呼叫来自：adm/daemons/logind.c 的 get_passwd() 第 186 行，物件： adm/daemons/logind
呼叫来自：adm/daemons/logind.c 的 enter_world() 第 504 行，物件： adm/daemons/logind
呼叫来自：feature/move.c 的 move() 第 92 行，物件： obj/user#2 ("南宫天风")
呼叫来自：feature/command.c 的 command_hook() 第 43 行，物件： obj/user#2 ("南宫天风")
呼叫来自：cmds/std/look.c 的 main() 第 21 行，物件： cmds/std/look
呼叫来自：cmds/std/look.c 的 look_room() 第 183 行，物件： cmds/std/look
呼叫来自：std/bboard.c 的 short() 第 42 行，物件： obj/board/mainboard ("/obj/board/mainboard")
呼叫来自：feature/name.c 的 short() 第 68 行，物件： obj/board/mainboard ("/obj/board/mainboard")

执行时段错误：*Bad argument 1 to capitalize()
Expected: string Got: 0.

程式：feature/name.c 第 68 行
物件: /obj/board/mainboard
呼叫来自：feature/command.c 的 command_hook() 第 43 行，物件： obj/user#2 ("南宫天风")
呼叫来自：cmds/std/look.c 的 main() 第 21 行，物件： cmds/std/look
呼叫来自：cmds/std/look.c 的 look_room() 第 183 行，物件： cmds/std/look
呼叫来自：std/bboard.c 的 short() 第 42 行，物件： obj/board/mainboard ("/obj/board/mainboard")
呼叫来自：feature/name.c 的 short() 第 68 行，物件： obj/board/mainboard ("/obj/board/mainboard")

执行时段错误：*Bad argument 1 to capitalize()
Expected: string Got: 0.

程式：feature/name.c 第 68 行
物件: /obj/board/mainboard
呼叫来自：feature/command.c 的 command_hook() 第 43 行，物件： obj/user#2 ("南宫天风")
呼叫来自：cmds/std/look.c 的 main() 第 21 行，物件： cmds/std/look
呼叫来自：cmds/std/look.c 的 look_room() 第 183 行，物件： cmds/std/look
呼叫来自：std/bboard.c 的 short() 第 42 行，物件： obj/board/mainboard ("/obj/board/mainboard")
呼叫来自：feature/name.c 的 short() 第 68 行，物件： obj/board/mainboard ("/obj/board/mainboard")

执行时段错误：*Bad argument 1 to capitalize()
Expected: string Got: 0.

程式：feature/name.c 第 68 行
物件: /obj/board/mainboard
呼叫来自：feature/command.c 的 command_hook() 第 43 行，物件： obj/user#2 ("南宫天风")
呼叫来自：cmds/std/go.c 的 main() 第 99 行，物件： cmds/std/go
呼叫来自：feature/move.c 的 move() 第 92 行，物件： obj/user#2 ("南宫天风")
呼叫来自：feature/command.c 的 command_hook() 第 43 行，物件： obj/user#2 ("南宫天风")
呼叫来自：cmds/std/look.c 的 main() 第 21 行，物件： cmds/std/look
呼叫来自：cmds/std/look.c 的 look_room() 第 183 行，物件： cmds/std/look
呼叫来自：std/bboard.c 的 short() 第 42 行，物件： obj/board/mainboard ("/obj/board/mainboard")
呼叫来自：feature/name.c 的 short() 第 68 行，物件： obj/board/mainboard ("/obj/board/mainboard")

执行时段错误：*Bad argument 1 to capitalize()
Expected: string Got: 0.

程式：feature/name.c 第 68 行
物件: /obj/board/mainboard
呼叫来自：feature/command.c 的 command_hook() 第 43 行，物件： obj/user#2 ("南宫天风")
呼叫来自：cmds/std/look.c 的 main() 第 21 行，物件： cmds/std/look
呼叫来自：cmds/std/look.c 的 look_room() 第 183 行，物件： cmds/std/look
呼叫来自：std/bboard.c 的 short() 第 42 行，物件： obj/board/mainboard ("/obj/board/mainboard")
呼叫来自：feature/name.c 的 short() 第 68 行，物件： obj/board/mainboard ("/obj/board/mainboard")

执行时段错误：*Bad argument 1 to capitalize()
Expected: string Got: 0.

程式：feature/name.c 第 68 行
物件: /obj/board/mainboard
呼叫来自：feature/command.c 的 command_hook() 第 43 行，物件： obj/user#2 ("南宫天风")
呼叫来自：cmds/std/look.c 的 main() 第 21 行，物件： cmds/std/look
呼叫来自：cmds/std/look.c 的 look_room() 第 183 行，物件： cmds/std/look
呼叫来自：std/bboard.c 的 short() 第 42 行，物件： obj/board/mainboard ("/obj/board/mainboard")
呼叫来自：feature/name.c 的 short() 第 68 行，物件： obj/board/mainboard ("/obj/board/mainboard")

执行时段错误：*Bad argument 1 to capitalize()
Expected: string Got: 0.

程式：feature/name.c 第 68 行
物件: /obj/board/mainboard
呼叫来自：feature/command.c 的 command_hook() 第 43 行，物件： obj/user#2 ("南宫天风")
呼叫来自：cmds/std/go.c 的 main() 第 99 行，物件： cmds/std/go
呼叫来自：feature/move.c 的 move() 第 92 行，物件： obj/user#2 ("南宫天风")
呼叫来自：feature/command.c 的 command_hook() 第 43 行，物件： obj/user#2 ("南宫天风")
呼叫来自：cmds/std/look.c 的 main() 第 21 行，物件： cmds/std/look
呼叫来自：cmds/std/look.c 的 look_room() 第 183 行，物件： cmds/std/look
呼叫来自：std/bboard.c 的 short() 第 42 行，物件： obj/board/mainboard ("/obj/board/mainboard")
呼叫来自：feature/name.c 的 short() 第 68 行，物件： obj/board/mainboard ("/obj/board/mainboard")
Initializing internal tables....

<---Mudos v22pre11 for WIN95/NT (by wwj,May 18 1998) Config: 风云三（本地）   startup at Mon Apr 17 19:05:16 2000

using config file: config.fy3
----------------------------------------------------------------------------
风云三（本地）   (MudOS v22pre11) starting up on Microsoft Windows 95 - Mon Apr 17 19:05:16 2000


Can't find "mudos", ignoring old binaries.
Try invoking the driver using the full pathname.
System Error: init_addr_server: connect:Bad address
]simul_efun loaded successfully.

Loading preloaded files ...
Initializations complete.

Accepting connections on port 5555.
错误讯息被拦截: 
执行时段错误：*restore_object(): Illegal file format.

程式：feature/save.c 第 19 行
物件: /obj/board/mainboard
呼叫来自：adm/daemons/logind.c 的 get_passwd() 第 186 行，物件： adm/daemons/logind
呼叫来自：adm/daemons/logind.c 的 enter_world() 第 501 行，物件： adm/daemons/logind
呼叫来自：adm/daemons/logind.c 的 CATCH() 第 501 行，物件： adm/daemons/logind
呼叫来自：d/zhongzhou/yinghao.c 的 create() 第 52 行，物件： d/zhongzhou/yinghao
呼叫来自：obj/board/mainboard.c 的 create() 第 10 行，物件： obj/board/mainboard ("/obj/board/mainboard")
呼叫来自：std/bboard.c 的 setup() 第 17 行，物件： obj/board/mainboard ("/obj/board/mainboard")
呼叫来自：feature/save.c 的 restore() 第 19 行，物件： obj/board/mainboard ("/obj/board/mainboard")

执行时段错误：*Bad argument 1 to capitalize()
Expected: string Got: 0.

程式：feature/name.c 第 68 行
物件: /obj/board/mainboard
呼叫来自：adm/daemons/logind.c 的 get_passwd() 第 186 行，物件： adm/daemons/logind
呼叫来自：adm/daemons/logind.c 的 enter_world() 第 504 行，物件： adm/daemons/logind
呼叫来自：feature/move.c 的 move() 第 92 行，物件： obj/user#2 ("南宫天风")
呼叫来自：feature/command.c 的 command_hook() 第 43 行，物件： obj/user#2 ("南宫天风")
呼叫来自：cmds/std/look.c 的 main() 第 21 行，物件： cmds/std/look
呼叫来自：cmds/std/look.c 的 look_room() 第 183 行，物件： cmds/std/look
呼叫来自：std/bboard.c 的 short() 第 42 行，物件： obj/board/mainboard ("/obj/board/mainboard")
呼叫来自：feature/name.c 的 short() 第 68 行，物件： obj/board/mainboard ("/obj/board/mainboard")

执行时段错误：*Bad argument 1 to capitalize()
Expected: string Got: 0.

程式：feature/name.c 第 68 行
物件: /obj/board/mainboard
呼叫来自：feature/command.c 的 command_hook() 第 43 行，物件： obj/user#2 ("南宫天风")
呼叫来自：cmds/std/look.c 的 main() 第 21 行，物件： cmds/std/look
呼叫来自：cmds/std/look.c 的 look_room() 第 183 行，物件： cmds/std/look
呼叫来自：std/bboard.c 的 short() 第 42 行，物件： obj/board/mainboard ("/obj/board/mainboard")
呼叫来自：feature/name.c 的 short() 第 68 行，物件： obj/board/mainboard ("/obj/board/mainboard")

执行时段错误：*Bad argument 1 to capitalize()
Expected: string Got: 0.

程式：feature/name.c 第 68 行
物件: /obj/board/mainboard
呼叫来自：feature/command.c 的 command_hook() 第 43 行，物件： obj/user#2 ("南宫天风")
呼叫来自：cmds/std/look.c 的 main() 第 21 行，物件： cmds/std/look
呼叫来自：cmds/std/look.c 的 look_room() 第 183 行，物件： cmds/std/look
呼叫来自：std/bboard.c 的 short() 第 42 行，物件： obj/board/mainboard ("/obj/board/mainboard")
呼叫来自：feature/name.c 的 short() 第 68 行，物件： obj/board/mainboard ("/obj/board/mainboard")
错误讯息被拦截: 
执行时段错误：*restore_object(): Illegal file format.

程式：feature/save.c 第 19 行
物件: /obj/board/mainboard
呼叫来自：feature/command.c 的 command_hook() 第 43 行，物件： obj/user#2 ("南宫天风")
呼叫来自：cmds/app/update.c 的 main() 第 53 行，物件： cmds/app/update
呼叫来自：cmds/app/update.c 的 CATCH() 第 53 行，物件： cmds/app/update
呼叫来自：obj/board/mainboard.c 的 create() 第 10 行，物件： obj/board/mainboard ("/obj/board/mainboard")
呼叫来自：std/bboard.c 的 setup() 第 17 行，物件： obj/board/mainboard ("/obj/board/mainboard")
呼叫来自：feature/save.c 的 restore() 第 19 行，物件： obj/board/mainboard ("/obj/board/mainboard")

执行时段错误：*Bad argument 1 to capitalize()
Expected: string Got: 0.

程式：feature/name.c 第 68 行
物件: /obj/board/mainboard
呼叫来自：feature/command.c 的 command_hook() 第 43 行，物件： obj/user#2 ("南宫天风")
呼叫来自：cmds/std/look.c 的 main() 第 21 行，物件： cmds/std/look
呼叫来自：cmds/std/look.c 的 look_room() 第 183 行，物件： cmds/std/look
呼叫来自：std/bboard.c 的 short() 第 42 行，物件： obj/board/mainboard ("/obj/board/mainboard")
呼叫来自：feature/name.c 的 short() 第 68 行，物件： obj/board/mainboard ("/obj/board/mainboard")

执行时段错误：*Bad argument 1 to call_other()
Expected: string or array or object Got: 0.

程式：feature/message.c 第 58 行
物件: /obj/user#13
呼叫来自：feature/command.c 的 command_hook() 第 43 行，物件： 0
呼叫来自：cmds/app/update.c 的 main() 第 22 行，物件： cmds/app/update
呼叫来自：cmds/app/update.c 的 update_player() 第 92 行，物件： cmds/app/update
呼叫来自：feature/message.c 的 write_prompt() 第 58 行，物件： obj/user#13 ("笑·云")

执行时段错误：*Bad argument 1 to call_other()
Expected: string or array or object Got: 0.

程式：std/room.c 第 20 行
物件: /u/oldsix/testroom1
呼叫来自：feature/command.c 的 command_hook() 第 43 行，物件： obj/user#13 ("笑·云")
呼叫来自：cmds/imm/goto.c 的 main() 第 24 行，物件： cmds/imm/goto
呼叫来自：feature/move.c 的 move() 第 58 行，物件： obj/user#13 ("笑·云")
呼叫来自：u/oldsix/testroom1.c 的 create() 第 18 行，物件： u/oldsix/testroom1
呼叫来自：std/room.c 的 setup() 第 228 行，物件： u/oldsix/testroom1
呼叫来自：std/room.c 的 reset() 第 65 行，物件： u/oldsix/testroom1
呼叫来自：std/room.c 的 make_inventory() 第 20 行，物件： u/oldsix/testroom1

执行时段错误：*Bad argument 1 to capitalize()
Expected: string Got: 0.

程式：feature/name.c 第 68 行
物件: /obj/board/mainboard
呼叫来自：feature/command.c 的 command_hook() 第 43 行，物件： obj/user#13 ("笑·云")
呼叫来自：cmds/imm/goto.c 的 main() 第 39 行，物件： cmds/imm/goto
呼叫来自：feature/move.c 的 move() 第 92 行，物件： obj/user#13 ("笑·云")
呼叫来自：feature/command.c 的 command_hook() 第 43 行，物件： obj/user#13 ("笑·云")
呼叫来自：cmds/std/look.c 的 main() 第 21 行，物件： cmds/std/look
呼叫来自：cmds/std/look.c 的 look_room() 第 183 行，物件： cmds/std/look
呼叫来自：std/bboard.c 的 short() 第 42 行，物件： obj/board/mainboard ("/obj/board/mainboard")
呼叫来自：feature/name.c 的 short() 第 68 行，物件： obj/board/mainboard ("/obj/board/mainboard")

执行时段错误：*Bad argument 1 to capitalize()
Expected: string Got: 0.

程式：feature/name.c 第 68 行
物件: /obj/board/mainboard
呼叫来自：feature/command.c 的 command_hook() 第 43 行，物件： obj/user#13 ("笑·云")
呼叫来自：cmds/std/look.c 的 main() 第 21 行，物件： cmds/std/look
呼叫来自：cmds/std/look.c 的 look_room() 第 183 行，物件： cmds/std/look
呼叫来自：std/bboard.c 的 short() 第 42 行，物件： obj/board/mainboard ("/obj/board/mainboard")
呼叫来自：feature/name.c 的 short() 第 68 行，物件： obj/board/mainboard ("/obj/board/mainboard")

执行时段错误：*Bad argument 1 to capitalize()
Expected: string Got: 0.

程式：feature/name.c 第 68 行
物件: /obj/board/mainboard
呼叫来自：feature/command.c 的 command_hook() 第 43 行，物件： obj/user#13 ("笑·云")
呼叫来自：cmds/std/look.c 的 main() 第 21 行，物件： cmds/std/look
呼叫来自：cmds/std/look.c 的 look_room() 第 183 行，物件： cmds/std/look
呼叫来自：std/bboard.c 的 short() 第 42 行，物件： obj/board/mainboard ("/obj/board/mainboard")
呼叫来自：feature/name.c 的 short() 第 68 行，物件： obj/board/mainboard ("/obj/board/mainboard")

执行时段错误：*restore_object(): Illegal file format.

程式：feature/save.c 第 19 行
物件: /obj/board/wizboard
呼叫来自：feature/command.c 的 command_hook() 第 39 行，物件： obj/user#13 ("笑·云")
呼叫来自：cmds/std/go.c 的 main() 第 58 行，物件： cmds/std/go
呼叫来自：d/wiz/meeting.c 的 create() 第 24 行，物件： d/wiz/meeting
呼叫来自：obj/board/wizboard.c 的 create() 第 10 行，物件： obj/board/wizboard ("/obj/board/wizboard")
呼叫来自：std/bboard.c 的 setup() 第 17 行，物件： obj/board/wizboard ("/obj/board/wizboard")
呼叫来自：feature/save.c 的 restore() 第 19 行，物件： obj/board/wizboard ("/obj/board/wizboard")

执行时段错误：*Bad argument 1 to capitalize()
Expected: string Got: 0.

程式：feature/name.c 第 68 行
物件: /obj/board/wizboard
呼叫来自：feature/command.c 的 command_hook() 第 39 行，物件： obj/user#13 ("笑·云")
呼叫来自：cmds/std/go.c 的 main() 第 99 行，物件： cmds/std/go
呼叫来自：feature/move.c 的 move() 第 92 行，物件： obj/user#13 ("笑·云")
呼叫来自：feature/command.c 的 command_hook() 第 43 行，物件： obj/user#13 ("笑·云")
呼叫来自：cmds/std/look.c 的 main() 第 21 行，物件： cmds/std/look
呼叫来自：cmds/std/look.c 的 look_room() 第 183 行，物件： cmds/std/look
呼叫来自：std/bboard.c 的 short() 第 42 行，物件： obj/board/wizboard ("/obj/board/wizboard")
呼叫来自：feature/name.c 的 short() 第 68 行，物件： obj/board/wizboard ("/obj/board/wizboard")

执行时段错误：*Bad argument 1 to capitalize()
Expected: string Got: 0.

程式：feature/name.c 第 68 行
物件: /obj/board/wizboard
呼叫来自：feature/command.c 的 command_hook() 第 43 行，物件： obj/user#13 ("笑·云")
呼叫来自：cmds/std/look.c 的 main() 第 21 行，物件： cmds/std/look
呼叫来自：cmds/std/look.c 的 look_room() 第 183 行，物件： cmds/std/look
呼叫来自：std/bboard.c 的 short() 第 42 行，物件： obj/board/wizboard ("/obj/board/wizboard")
呼叫来自：feature/name.c 的 short() 第 68 行，物件： obj/board/wizboard ("/obj/board/wizboard")

执行时段错误：*Bad argument 1 to capitalize()
Expected: string Got: 0.

程式：feature/name.c 第 68 行
物件: /obj/board/mainboard
呼叫来自：feature/command.c 的 command_hook() 第 43 行，物件： obj/user#2 ("南宫天风")
呼叫来自：cmds/std/look.c 的 main() 第 21 行，物件： cmds/std/look
呼叫来自：cmds/std/look.c 的 look_room() 第 183 行，物件： cmds/std/look
呼叫来自：std/bboard.c 的 short() 第 42 行，物件： obj/board/mainboard ("/obj/board/mainboard")
呼叫来自：feature/name.c 的 short() 第 68 行，物件： obj/board/mainboard ("/obj/board/mainboard")
错误讯息被拦截: 
执行时段错误：*restore_object(): Illegal file format.

程式：feature/save.c 第 19 行
物件: /obj/board/mainboard
呼叫来自：feature/command.c 的 command_hook() 第 43 行，物件： obj/user#2 ("南宫天风")
呼叫来自：cmds/app/update.c 的 main() 第 53 行，物件： cmds/app/update
呼叫来自：cmds/app/update.c 的 CATCH() 第 53 行，物件： cmds/app/update
呼叫来自：obj/board/mainboard.c 的 create() 第 11 行，物件： obj/board/mainboard ("/obj/board/mainboard")
呼叫来自：std/bboard.c 的 setup() 第 17 行，物件： obj/board/mainboard ("/obj/board/mainboard")
呼叫来自：feature/save.c 的 restore() 第 19 行，物件： obj/board/mainboard ("/obj/board/mainboard")
错误讯息被拦截: 
执行时段错误：*restore_object(): Illegal file format.

程式：feature/save.c 第 19 行
物件: /obj/board/mainboard
呼叫来自：feature/command.c 的 command_hook() 第 43 行，物件： obj/user#2 ("南宫天风")
呼叫来自：cmds/app/update.c 的 main() 第 53 行，物件： cmds/app/update
呼叫来自：cmds/app/update.c 的 CATCH() 第 53 行，物件： cmds/app/update
呼叫来自：d/zhongzhou/yinghao.c 的 create() 第 52 行，物件： d/zhongzhou/yinghao
呼叫来自：obj/board/mainboard.c 的 create() 第 11 行，物件： obj/board/mainboard ("/obj/board/mainboard")
呼叫来自：std/bboard.c 的 setup() 第 17 行，物件： obj/board/mainboard ("/obj/board/mainboard")
呼叫来自：feature/save.c 的 restore() 第 19 行，物件： obj/board/mainboard ("/obj/board/mainboard")

执行时段错误：*Bad argument 1 to capitalize()
Expected: string Got: 0.

程式：feature/name.c 第 68 行
物件: /obj/board/wizboard
呼叫来自：feature/command.c 的 command_hook() 第 43 行，物件： obj/user#2 ("南宫天风")
呼叫来自：cmds/std/go.c 的 main() 第 99 行，物件： cmds/std/go
呼叫来自：feature/move.c 的 move() 第 92 行，物件： obj/user#2 ("南宫天风")
呼叫来自：feature/command.c 的 command_hook() 第 43 行，物件： obj/user#2 ("南宫天风")
呼叫来自：cmds/std/look.c 的 main() 第 21 行，物件： cmds/std/look
呼叫来自：cmds/std/look.c 的 look_room() 第 183 行，物件： cmds/std/look
呼叫来自：std/bboard.c 的 short() 第 42 行，物件： obj/board/wizboard ("/obj/board/wizboard")
呼叫来自：feature/name.c 的 short() 第 68 行，物件： obj/board/wizboard ("/obj/board/wizboard")

执行时段错误：*Bad argument 1 to capitalize()
Expected: string Got: 0.

程式：feature/name.c 第 68 行
物件: /obj/board/wizboard
呼叫来自：feature/command.c 的 command_hook() 第 43 行，物件： obj/user#2 ("南宫天风")
呼叫来自：cmds/std/look.c 的 main() 第 21 行，物件： cmds/std/look
呼叫来自：cmds/std/look.c 的 look_room() 第 183 行，物件： cmds/std/look
呼叫来自：std/bboard.c 的 short() 第 42 行，物件： obj/board/wizboard ("/obj/board/wizboard")
呼叫来自：feature/name.c 的 short() 第 68 行，物件： obj/board/wizboard ("/obj/board/wizboard")

执行时段错误：*Bad argument 1 to capitalize()
Expected: string Got: 0.

程式：feature/name.c 第 68 行
物件: /obj/board/wizboard
呼叫来自：feature/command.c 的 command_hook() 第 43 行，物件： obj/user#2 ("南宫天风")
呼叫来自：cmds/std/look.c 的 main() 第 21 行，物件： cmds/std/look
呼叫来自：cmds/std/look.c 的 look_room() 第 183 行，物件： cmds/std/look
呼叫来自：std/bboard.c 的 short() 第 42 行，物件： obj/board/wizboard ("/obj/board/wizboard")
呼叫来自：feature/name.c 的 short() 第 68 行，物件： obj/board/wizboard ("/obj/board/wizboard")

执行时段错误：*Bad argument 1 to capitalize()
Expected: string Got: 0.

程式：feature/name.c 第 68 行
物件: /obj/board/wizboard
呼叫来自：feature/command.c 的 command_hook() 第 43 行，物件： obj/user#2 ("南宫天风")
呼叫来自：cmds/std/look.c 的 main() 第 21 行，物件： cmds/std/look
呼叫来自：cmds/std/look.c 的 look_room() 第 183 行，物件： cmds/std/look
呼叫来自：std/bboard.c 的 short() 第 42 行，物件： obj/board/wizboard ("/obj/board/wizboard")
呼叫来自：feature/name.c 的 short() 第 68 行，物件： obj/board/wizboard ("/obj/board/wizboard")
错误讯息被拦截: 
执行时段错误：*restore_object(): Illegal file format.

程式：feature/save.c 第 19 行
物件: /obj/board/wizboard
呼叫来自：feature/command.c 的 command_hook() 第 43 行，物件： obj/user#2 ("南宫天风")
呼叫来自：cmds/app/update.c 的 main() 第 53 行，物件： cmds/app/update
呼叫来自：cmds/app/update.c 的 CATCH() 第 53 行，物件： cmds/app/update
呼叫来自：d/wiz/meeting.c 的 create() 第 24 行，物件： d/wiz/meeting
呼叫来自：obj/board/wizboard.c 的 create() 第 10 行，物件： obj/board/wizboard ("/obj/board/wizboard")
呼叫来自：std/bboard.c 的 setup() 第 17 行，物件： obj/board/wizboard ("/obj/board/wizboard")
呼叫来自：feature/save.c 的 restore() 第 19 行，物件： obj/board/wizboard ("/obj/board/wizboard")

执行时段错误：*Bad argument 1 to capitalize()
Expected: string Got: 0.

程式：feature/name.c 第 68 行
物件: /obj/board/wizboard
呼叫来自：feature/command.c 的 command_hook() 第 43 行，物件： obj/user#2 ("南宫天风")
呼叫来自：cmds/std/go.c 的 main() 第 99 行，物件： cmds/std/go
呼叫来自：feature/move.c 的 move() 第 92 行，物件： obj/user#2 ("南宫天风")
呼叫来自：feature/command.c 的 command_hook() 第 43 行，物件： obj/user#2 ("南宫天风")
呼叫来自：cmds/std/look.c 的 main() 第 21 行，物件： cmds/std/look
呼叫来自：cmds/std/look.c 的 look_room() 第 183 行，物件： cmds/std/look
呼叫来自：std/bboard.c 的 short() 第 42 行，物件： obj/board/wizboard ("/obj/board/wizboard")
呼叫来自：feature/name.c 的 short() 第 68 行，物件： obj/board/wizboard ("/obj/board/wizboard")

执行时段错误：*Bad argument 1 to capitalize()
Expected: string Got: 0.

程式：feature/name.c 第 68 行
物件: /obj/board/wizboard
呼叫来自：feature/command.c 的 command_hook() 第 43 行，物件： obj/user#2 ("南宫天风")
呼叫来自：cmds/std/look.c 的 main() 第 21 行，物件： cmds/std/look
呼叫来自：cmds/std/look.c 的 look_room() 第 183 行，物件： cmds/std/look
呼叫来自：std/bboard.c 的 short() 第 42 行，物件： obj/board/wizboard ("/obj/board/wizboard")
呼叫来自：feature/name.c 的 short() 第 68 行，物件： obj/board/wizboard ("/obj/board/wizboard")

执行时段错误：*Bad argument 1 to capitalize()
Expected: string Got: 0.

程式：feature/name.c 第 68 行
物件: /obj/board/wizboard
呼叫来自：feature/command.c 的 command_hook() 第 43 行，物件： obj/user#2 ("南宫天风")
呼叫来自：cmds/std/look.c 的 main() 第 21 行，物件： cmds/std/look
呼叫来自：cmds/std/look.c 的 look_room() 第 183 行，物件： cmds/std/look
呼叫来自：std/bboard.c 的 short() 第 42 行，物件： obj/board/wizboard ("/obj/board/wizboard")
呼叫来自：feature/name.c 的 short() 第 68 行，物件： obj/board/wizboard ("/obj/board/wizboard")

执行时段错误：*Bad argument 1 to capitalize()
Expected: string Got: 0.

程式：feature/name.c 第 68 行
物件: /obj/board/mainboard
呼叫来自：adm/daemons/logind.c 的 get_gender() 第 356 行，物件： adm/daemons/logind
呼叫来自：adm/daemons/logind.c 的 enter_world() 第 502 行，物件： adm/daemons/logind
呼叫来自：feature/move.c 的 move() 第 92 行，物件： obj/user#28 ("笑云云")
呼叫来自：feature/command.c 的 command_hook() 第 43 行，物件： obj/user#28 ("笑云云")
呼叫来自：cmds/std/look.c 的 main() 第 21 行，物件： cmds/std/look
呼叫来自：cmds/std/look.c 的 look_room() 第 183 行，物件： cmds/std/look
呼叫来自：std/bboard.c 的 short() 第 42 行，物件： obj/board/mainboard ("/obj/board/mainboard")
呼叫来自：feature/name.c 的 short() 第 68 行，物件： obj/board/mainboard ("/obj/board/mainboard")

执行时段错误：*Bad argument 1 to capitalize()
Expected: string Got: 0.

程式：feature/name.c 第 68 行
物件: /obj/board/mainboard
呼叫来自：feature/command.c 的 command_hook() 第 43 行，物件： obj/user#28 ("笑云云")
呼叫来自：cmds/std/look.c 的 main() 第 21 行，物件： cmds/std/look
呼叫来自：cmds/std/look.c 的 look_room() 第 183 行，物件： cmds/std/look
呼叫来自：std/bboard.c 的 short() 第 42 行，物件： obj/board/mainboard ("/obj/board/mainboard")
呼叫来自：feature/name.c 的 short() 第 68 行，物件： obj/board/mainboard ("/obj/board/mainboard")
错误讯息被拦截: 
执行时段错误：*restore_object(): Illegal file format.

程式：feature/save.c 第 19 行
物件: /obj/board/wizboard
呼叫来自：feature/command.c 的 command_hook() 第 43 行，物件： obj/user#2 ("南宫天风")
呼叫来自：cmds/app/update.c 的 main() 第 53 行，物件： cmds/app/update
呼叫来自：cmds/app/update.c 的 CATCH() 第 53 行，物件： cmds/app/update
呼叫来自：d/wiz/meeting.c 的 create() 第 24 行，物件： d/wiz/meeting
呼叫来自：obj/board/wizboard.c 的 create() 第 10 行，物件： obj/board/wizboard ("/obj/board/wizboard")
呼叫来自：std/bboard.c 的 setup() 第 17 行，物件： obj/board/wizboard ("/obj/board/wizboard")
呼叫来自：feature/save.c 的 restore() 第 19 行，物件： obj/board/wizboard ("/obj/board/wizboard")

执行时段错误：*Bad argument 1 to capitalize()
Expected: string Got: 0.

程式：feature/name.c 第 68 行
物件: /obj/board/mainboard
呼叫来自：feature/command.c 的 command_hook() 第 43 行，物件： obj/user#28 ("笑云云")
呼叫来自：cmds/std/look.c 的 main() 第 21 行，物件： cmds/std/look
呼叫来自：cmds/std/look.c 的 look_room() 第 183 行，物件： cmds/std/look
呼叫来自：std/bboard.c 的 short() 第 42 行，物件： obj/board/mainboard ("/obj/board/mainboard")
呼叫来自：feature/name.c 的 short() 第 68 行，物件： obj/board/mainboard ("/obj/board/mainboard")

执行时段错误：*Bad argument 1 to capitalize()
Expected: string Got: 0.

程式：feature/name.c 第 68 行
物件: /obj/board/mainboard
呼叫来自：feature/command.c 的 command_hook() 第 43 行，物件： obj/user#28 ("笑云云")
呼叫来自：cmds/std/look.c 的 main() 第 21 行，物件： cmds/std/look
呼叫来自：cmds/std/look.c 的 look_room() 第 183 行，物件： cmds/std/look
呼叫来自：std/bboard.c 的 short() 第 42 行，物件： obj/board/mainboard ("/obj/board/mainboard")
呼叫来自：feature/name.c 的 short() 第 68 行，物件： obj/board/mainboard ("/obj/board/mainboard")

执行时段错误：*Bad argument 1 to capitalize()
Expected: string Got: 0.

程式：feature/name.c 第 68 行
物件: /obj/board/mainboard
呼叫来自：feature/command.c 的 command_hook() 第 43 行，物件： obj/user#2 ("南宫天风")
呼叫来自：cmds/std/go.c 的 main() 第 99 行，物件： cmds/std/go
呼叫来自：feature/move.c 的 move() 第 92 行，物件： obj/user#2 ("南宫天风")
呼叫来自：feature/command.c 的 command_hook() 第 43 行，物件： obj/user#2 ("南宫天风")
呼叫来自：cmds/std/look.c 的 main() 第 21 行，物件： cmds/std/look
呼叫来自：cmds/std/look.c 的 look_room() 第 183 行，物件： cmds/std/look
呼叫来自：std/bboard.c 的 short() 第 42 行，物件： obj/board/mainboard ("/obj/board/mainboard")
呼叫来自：feature/name.c 的 short() 第 68 行，物件： obj/board/mainboard ("/obj/board/mainboard")

执行时段错误：*Bad argument 1 to capitalize()
Expected: string Got: 0.

程式：feature/name.c 第 68 行
物件: /obj/board/mainboard
呼叫来自：feature/command.c 的 command_hook() 第 43 行，物件： obj/user#2 ("南宫天风")
呼叫来自：cmds/std/go.c 的 main() 第 99 行，物件： cmds/std/go
呼叫来自：feature/move.c 的 move() 第 92 行，物件： obj/user#2 ("南宫天风")
呼叫来自：feature/command.c 的 command_hook() 第 43 行，物件： obj/user#2 ("南宫天风")
呼叫来自：cmds/std/look.c 的 main() 第 21 行，物件： cmds/std/look
呼叫来自：cmds/std/look.c 的 look_room() 第 183 行，物件： cmds/std/look
呼叫来自：std/bboard.c 的 short() 第 42 行，物件： obj/board/mainboard ("/obj/board/mainboard")
呼叫来自：feature/name.c 的 short() 第 68 行，物件： obj/board/mainboard ("/obj/board/mainboard")
错误讯息被拦截: 
执行时段错误：*call_other() couldn't find object

程式：feature/move.c 第 58 行
物件: /obj/board/mainboard
呼叫来自：feature/command.c 的 command_hook() 第 43 行，物件： obj/user#2 ("南宫天风")
呼叫来自：cmds/app/update.c 的 main() 第 53 行，物件： cmds/app/update
呼叫来自：cmds/app/update.c 的 CATCH() 第 53 行，物件： cmds/app/update
呼叫来自：d/zhongzhou/yinghao.c 的 create() 第 52 行，物件： d/zhongzhou/yinghao
呼叫来自：obj/board/mainboard.c 的 create() 第 10 行，物件： obj/board/mainboard ("任务BUG专用")
呼叫来自：std/bboard.c 的 setup() 第 15 行，物件： obj/board/mainboard ("任务BUG专用")
呼叫来自：feature/move.c 的 move() 第 58 行，物件： obj/board/mainboard ("任务BUG专用")
错误讯息被拦截: 
执行时段错误：*call_other() couldn't find object

程式：feature/move.c 第 58 行
物件: /obj/board/mainboard
呼叫来自：feature/command.c 的 command_hook() 第 43 行，物件： obj/user#2 ("南宫天风")
呼叫来自：cmds/app/update.c 的 main() 第 53 行，物件： cmds/app/update
呼叫来自：cmds/app/update.c 的 CATCH() 第 53 行，物件： cmds/app/update
呼叫来自：obj/board/mainboard.c 的 create() 第 10 行，物件： obj/board/mainboard ("任务BUG专用")
呼叫来自：std/bboard.c 的 setup() 第 15 行，物件： obj/board/mainboard ("任务BUG专用")
呼叫来自：feature/move.c 的 move() 第 58 行，物件： obj/board/mainboard ("任务BUG专用")

执行时段错误：*Bad argument 1 to capitalize()
Expected: string Got: 0.

程式：feature/name.c 第 68 行
物件: /obj/board/wizboard
呼叫来自：feature/command.c 的 command_hook() 第 43 行，物件： obj/user#2 ("南宫天风")
呼叫来自：cmds/std/go.c 的 main() 第 99 行，物件： cmds/std/go
呼叫来自：feature/move.c 的 move() 第 92 行，物件： obj/user#2 ("南宫天风")
呼叫来自：feature/command.c 的 command_hook() 第 43 行，物件： obj/user#2 ("南宫天风")
呼叫来自：cmds/std/look.c 的 main() 第 21 行，物件： cmds/std/look
呼叫来自：cmds/std/look.c 的 look_room() 第 183 行，物件： cmds/std/look
呼叫来自：std/bboard.c 的 short() 第 42 行，物件： obj/board/wizboard ("/obj/board/wizboard")
呼叫来自：feature/name.c 的 short() 第 68 行，物件： obj/board/wizboard ("/obj/board/wizboard")

执行时段错误：*Bad argument 1 to capitalize()
Expected: string Got: 0.

程式：feature/name.c 第 68 行
物件: /obj/board/wizboard
呼叫来自：feature/command.c 的 command_hook() 第 43 行，物件： obj/user#2 ("南宫天风")
呼叫来自：cmds/std/look.c 的 main() 第 21 行，物件： cmds/std/look
呼叫来自：cmds/std/look.c 的 look_room() 第 183 行，物件： cmds/std/look
呼叫来自：std/bboard.c 的 short() 第 42 行，物件： obj/board/wizboard ("/obj/board/wizboard")
呼叫来自：feature/name.c 的 short() 第 68 行，物件： obj/board/wizboard ("/obj/board/wizboard")

执行时段错误：*Bad argument 1 to capitalize()
Expected: string Got: 0.

程式：feature/name.c 第 68 行
物件: /obj/board/wizboard
呼叫来自：feature/command.c 的 command_hook() 第 43 行，物件： obj/user#2 ("南宫天风")
呼叫来自：cmds/std/look.c 的 main() 第 21 行，物件： cmds/std/look
呼叫来自：cmds/std/look.c 的 look_room() 第 183 行，物件： cmds/std/look
呼叫来自：std/bboard.c 的 short() 第 42 行，物件： obj/board/wizboard ("/obj/board/wizboard")
呼叫来自：feature/name.c 的 short() 第 68 行，物件： obj/board/wizboard ("/obj/board/wizboard")

执行时段错误：*Bad argument 1 to capitalize()
Expected: string Got: 0.

程式：feature/name.c 第 68 行
物件: /obj/board/wizboard
呼叫来自：feature/command.c 的 command_hook() 第 43 行，物件： obj/user#2 ("南宫天风")
呼叫来自：cmds/std/look.c 的 main() 第 21 行，物件： cmds/std/look
呼叫来自：cmds/std/look.c 的 look_room() 第 183 行，物件： cmds/std/look
呼叫来自：std/bboard.c 的 short() 第 42 行，物件： obj/board/wizboard ("/obj/board/wizboard")
呼叫来自：feature/name.c 的 short() 第 68 行，物件： obj/board/wizboard ("/obj/board/wizboard")

执行时段错误：*Bad argument 1 to capitalize()
Expected: string Got: 0.

程式：feature/name.c 第 68 行
物件: /obj/board/wizboard
呼叫来自：feature/command.c 的 command_hook() 第 43 行，物件： obj/user#2 ("南宫天风")
呼叫来自：cmds/std/look.c 的 main() 第 21 行，物件： cmds/std/look
呼叫来自：cmds/std/look.c 的 look_room() 第 183 行，物件： cmds/std/look
呼叫来自：std/bboard.c 的 short() 第 42 行，物件： obj/board/wizboard ("/obj/board/wizboard")
呼叫来自：feature/name.c 的 short() 第 68 行，物件： obj/board/wizboard ("/obj/board/wizboard")

执行时段错误：*Bad argument 1 to capitalize()
Expected: string Got: 0.

程式：feature/name.c 第 68 行
物件: /obj/board/wizboard
呼叫来自：feature/command.c 的 command_hook() 第 43 行，物件： obj/user#2 ("南宫天风")
呼叫来自：cmds/std/look.c 的 main() 第 21 行，物件： cmds/std/look
呼叫来自：cmds/std/look.c 的 look_room() 第 183 行，物件： cmds/std/look
呼叫来自：std/bboard.c 的 short() 第 42 行，物件： obj/board/wizboard ("/obj/board/wizboard")
呼叫来自：feature/name.c 的 short() 第 68 行，物件： obj/board/wizboard ("/obj/board/wizboard")

执行时段错误：*Bad argument 1 to capitalize()
Expected: string Got: 0.

程式：feature/name.c 第 68 行
物件: /obj/board/wizboard
呼叫来自：feature/command.c 的 command_hook() 第 43 行，物件： obj/user#2 ("南宫天风")
呼叫来自：cmds/std/go.c 的 main() 第 99 行，物件： cmds/std/go
呼叫来自：feature/move.c 的 move() 第 92 行，物件： obj/user#2 ("南宫天风")
呼叫来自：feature/command.c 的 command_hook() 第 43 行，物件： obj/user#2 ("南宫天风")
呼叫来自：cmds/std/look.c 的 main() 第 21 行，物件： cmds/std/look
呼叫来自：cmds/std/look.c 的 look_room() 第 183 行，物件： cmds/std/look
呼叫来自：std/bboard.c 的 short() 第 42 行，物件： obj/board/wizboard ("/obj/board/wizboard")
呼叫来自：feature/name.c 的 short() 第 68 行，物件： obj/board/wizboard ("/obj/board/wizboard")
错误讯息被拦截: 
执行时段错误：*call_other() couldn't find object

程式：feature/move.c 第 58 行
物件: /obj/board/mainboard
呼叫来自：feature/command.c 的 command_hook() 第 43 行，物件： obj/user#2 ("南宫天风")
呼叫来自：cmds/app/update.c 的 main() 第 53 行，物件： cmds/app/update
呼叫来自：cmds/app/update.c 的 CATCH() 第 53 行，物件： cmds/app/update
呼叫来自：obj/board/mainboard.c 的 create() 第 10 行，物件： obj/board/mainboard ("任务BUG专用")
呼叫来自：std/bboard.c 的 setup() 第 15 行，物件： obj/board/mainboard ("任务BUG专用")
呼叫来自：feature/move.c 的 move() 第 58 行，物件： obj/board/mainboard ("任务BUG专用")

执行时段错误：*Bad argument 1 to capitalize()
Expected: string Got: 0.

程式：feature/name.c 第 68 行
物件: /obj/board/wizboard
呼叫来自：feature/command.c 的 command_hook() 第 43 行，物件： obj/user#2 ("南宫天风")
呼叫来自：cmds/std/go.c 的 main() 第 99 行，物件： cmds/std/go
呼叫来自：feature/move.c 的 move() 第 92 行，物件： obj/user#2 ("南宫天风")
呼叫来自：feature/command.c 的 command_hook() 第 43 行，物件： obj/user#2 ("南宫天风")
呼叫来自：cmds/std/look.c 的 main() 第 21 行，物件： cmds/std/look
呼叫来自：cmds/std/look.c 的 look_room() 第 183 行，物件： cmds/std/look
呼叫来自：std/bboard.c 的 short() 第 42 行，物件： obj/board/wizboard ("/obj/board/wizboard")
呼叫来自：feature/name.c 的 short() 第 68 行，物件： obj/board/wizboard ("/obj/board/wizboard")

执行时段错误：*Bad argument 1 to capitalize()
Expected: string Got: 0.

程式：feature/name.c 第 68 行
物件: /obj/board/wizboard
呼叫来自：feature/command.c 的 command_hook() 第 43 行，物件： obj/user#2 ("南宫天风")
呼叫来自：cmds/std/look.c 的 main() 第 21 行，物件： cmds/std/look
呼叫来自：cmds/std/look.c 的 look_room() 第 183 行，物件： cmds/std/look
呼叫来自：std/bboard.c 的 short() 第 42 行，物件： obj/board/wizboard ("/obj/board/wizboard")
呼叫来自：feature/name.c 的 short() 第 68 行，物件： obj/board/wizboard ("/obj/board/wizboard")

执行时段错误：*Bad argument 1 to capitalize()
Expected: string Got: 0.

程式：feature/name.c 第 68 行
物件: /obj/board/wizboard
呼叫来自：feature/command.c 的 command_hook() 第 43 行，物件： obj/user#2 ("南宫天风")
呼叫来自：cmds/std/go.c 的 main() 第 99 行，物件： cmds/std/go
呼叫来自：feature/move.c 的 move() 第 92 行，物件： obj/user#2 ("南宫天风")
呼叫来自：feature/command.c 的 command_hook() 第 43 行，物件： obj/user#2 ("南宫天风")
呼叫来自：cmds/std/look.c 的 main() 第 21 行，物件： cmds/std/look
呼叫来自：cmds/std/look.c 的 look_room() 第 183 行，物件： cmds/std/look
呼叫来自：std/bboard.c 的 short() 第 42 行，物件： obj/board/wizboard ("/obj/board/wizboard")
呼叫来自：feature/name.c 的 short() 第 68 行，物件： obj/board/wizboard ("/obj/board/wizboard")
错误讯息被拦截: 
执行时段错误：*restore_object(): Illegal file format.

程式：feature/save.c 第 19 行
物件: /obj/board/mainboard
呼叫来自：feature/command.c 的 command_hook() 第 43 行，物件： obj/user#2 ("南宫天风")
呼叫来自：cmds/app/update.c 的 main() 第 53 行，物件： cmds/app/update
呼叫来自：cmds/app/update.c 的 CATCH() 第 53 行，物件： cmds/app/update
呼叫来自：obj/board/mainboard.c 的 create() 第 11 行，物件： obj/board/mainboard ("/obj/board/mainboard")
呼叫来自：std/bboard.c 的 setup() 第 17 行，物件： obj/board/mainboard ("/obj/board/mainboard")
呼叫来自：feature/save.c 的 restore() 第 19 行，物件： obj/board/mainboard ("/obj/board/mainboard")
错误讯息被拦截: 
执行时段错误：*restore_object(): Illegal file format.

程式：feature/save.c 第 19 行
物件: /obj/board/mainboard
呼叫来自：feature/command.c 的 command_hook() 第 43 行，物件： obj/user#2 ("南宫天风")
呼叫来自：cmds/app/update.c 的 main() 第 53 行，物件： cmds/app/update
呼叫来自：cmds/app/update.c 的 CATCH() 第 53 行，物件： cmds/app/update
呼叫来自：obj/board/mainboard.c 的 create() 第 11 行，物件： obj/board/mainboard ("/obj/board/mainboard")
呼叫来自：std/bboard.c 的 setup() 第 17 行，物件： obj/board/mainboard ("/obj/board/mainboard")
呼叫来自：feature/save.c 的 restore() 第 19 行，物件： obj/board/mainboard ("/obj/board/mainboard")

执行时段错误：*Bad argument 1 to capitalize()
Expected: string Got: 0.

程式：feature/name.c 第 68 行
物件: /obj/board/mainboard
呼叫来自：feature/command.c 的 command_hook() 第 43 行，物件： obj/user#2 ("南宫天风")
呼叫来自：cmds/std/go.c 的 main() 第 99 行，物件： cmds/std/go
呼叫来自：feature/move.c 的 move() 第 92 行，物件： obj/user#2 ("南宫天风")
呼叫来自：feature/command.c 的 command_hook() 第 43 行，物件： obj/user#2 ("南宫天风")
呼叫来自：cmds/std/look.c 的 main() 第 21 行，物件： cmds/std/look
呼叫来自：cmds/std/look.c 的 look_room() 第 183 行，物件： cmds/std/look
呼叫来自：std/bboard.c 的 short() 第 42 行，物件： obj/board/mainboard ("/obj/board/mainboard")
呼叫来自：feature/name.c 的 short() 第 68 行，物件： obj/board/mainboard ("/obj/board/mainboard")

执行时段错误：*Bad argument 1 to capitalize()
Expected: string Got: 0.

程式：feature/name.c 第 68 行
物件: /obj/board/mainboard
呼叫来自：feature/command.c 的 command_hook() 第 43 行，物件： obj/user#2 ("南宫天风")
呼叫来自：cmds/std/look.c 的 main() 第 21 行，物件： cmds/std/look
呼叫来自：cmds/std/look.c 的 look_room() 第 183 行，物件： cmds/std/look
呼叫来自：std/bboard.c 的 short() 第 42 行，物件： obj/board/mainboard ("/obj/board/mainboard")
呼叫来自：feature/name.c 的 short() 第 68 行，物件： obj/board/mainboard ("/obj/board/mainboard")

执行时段错误：*Bad argument 1 to capitalize()
Expected: string Got: 0.

程式：feature/name.c 第 68 行
物件: /obj/board/mainboard
呼叫来自：feature/command.c 的 command_hook() 第 43 行，物件： obj/user#2 ("南宫天风")
呼叫来自：cmds/std/look.c 的 main() 第 21 行，物件： cmds/std/look
呼叫来自：cmds/std/look.c 的 look_room() 第 183 行，物件： cmds/std/look
呼叫来自：std/bboard.c 的 short() 第 42 行，物件： obj/board/mainboard ("/obj/board/mainboard")
呼叫来自：feature/name.c 的 short() 第 68 行，物件： obj/board/mainboard ("/obj/board/mainboard")

执行时段错误：*Bad argument 1 to capitalize()
Expected: string Got: 0.

程式：feature/name.c 第 68 行
物件: /obj/board/mainboard
呼叫来自：feature/command.c 的 command_hook() 第 43 行，物件： obj/user#2 ("南宫天风")
呼叫来自：cmds/std/look.c 的 main() 第 21 行，物件： cmds/std/look
呼叫来自：cmds/std/look.c 的 look_room() 第 183 行，物件： cmds/std/look
呼叫来自：std/bboard.c 的 short() 第 42 行，物件： obj/board/mainboard ("/obj/board/mainboard")
呼叫来自：feature/name.c 的 short() 第 68 行，物件： obj/board/mainboard ("/obj/board/mainboard")
错误讯息被拦截: 
执行时段错误：*restore_object(): Illegal file format.

程式：feature/save.c 第 19 行
物件: /obj/board/mainboard
呼叫来自：feature/command.c 的 command_hook() 第 43 行，物件： obj/user#2 ("南宫天风")
呼叫来自：cmds/app/update.c 的 main() 第 53 行，物件： cmds/app/update
呼叫来自：cmds/app/update.c 的 CATCH() 第 53 行，物件： cmds/app/update
呼叫来自：d/zhongzhou/yinghao.c 的 create() 第 52 行，物件： d/zhongzhou/yinghao
呼叫来自：obj/board/mainboard.c 的 create() 第 11 行，物件： obj/board/mainboard ("/obj/board/mainboard")
呼叫来自：std/bboard.c 的 setup() 第 17 行，物件： obj/board/mainboard ("/obj/board/mainboard")
呼叫来自：feature/save.c 的 restore() 第 19 行，物件： obj/board/mainboard ("/obj/board/mainboard")

执行时段错误：*Bad argument 1 to capitalize()
Expected: string Got: 0.

程式：feature/name.c 第 68 行
物件: /obj/board/mainboard
呼叫来自：feature/command.c 的 command_hook() 第 43 行，物件： obj/user#2 ("南宫天风")
呼叫来自：cmds/std/go.c 的 main() 第 99 行，物件： cmds/std/go
呼叫来自：feature/move.c 的 move() 第 92 行，物件： obj/user#2 ("南宫天风")
呼叫来自：feature/command.c 的 command_hook() 第 43 行，物件： obj/user#2 ("南宫天风")
呼叫来自：cmds/std/look.c 的 main() 第 21 行，物件： cmds/std/look
呼叫来自：cmds/std/look.c 的 look_room() 第 183 行，物件： cmds/std/look
呼叫来自：std/bboard.c 的 short() 第 42 行，物件： obj/board/mainboard ("/obj/board/mainboard")
呼叫来自：feature/name.c 的 short() 第 68 行，物件： obj/board/mainboard ("/obj/board/mainboard")

执行时段错误：*Bad argument 1 to capitalize()
Expected: string Got: 0.

程式：feature/name.c 第 68 行
物件: /obj/board/mainboard
呼叫来自：feature/command.c 的 command_hook() 第 43 行，物件： obj/user#2 ("南宫天风")
呼叫来自：cmds/std/look.c 的 main() 第 21 行，物件： cmds/std/look
呼叫来自：cmds/std/look.c 的 look_room() 第 183 行，物件： cmds/std/look
呼叫来自：std/bboard.c 的 short() 第 42 行，物件： obj/board/mainboard ("/obj/board/mainboard")
呼叫来自：feature/name.c 的 short() 第 68 行，物件： obj/board/mainboard ("/obj/board/mainboard")

执行时段错误：*Bad argument 1 to capitalize()
Expected: string Got: 0.

程式：feature/name.c 第 68 行
物件: /obj/board/mainboard
呼叫来自：feature/command.c 的 command_hook() 第 43 行，物件： obj/user#2 ("南宫天风")
呼叫来自：cmds/std/go.c 的 main() 第 99 行，物件： cmds/std/go
呼叫来自：feature/move.c 的 move() 第 92 行，物件： obj/user#2 ("南宫天风")
呼叫来自：feature/command.c 的 command_hook() 第 43 行，物件： obj/user#2 ("南宫天风")
呼叫来自：cmds/std/look.c 的 main() 第 21 行，物件： cmds/std/look
呼叫来自：cmds/std/look.c 的 look_room() 第 183 行，物件： cmds/std/look
呼叫来自：std/bboard.c 的 short() 第 42 行，物件： obj/board/mainboard ("/obj/board/mainboard")
呼叫来自：feature/name.c 的 short() 第 68 行，物件： obj/board/mainboard ("/obj/board/mainboard")

执行时段错误：*Bad argument 1 to capitalize()
Expected: string Got: 0.

程式：feature/name.c 第 68 行
物件: /obj/board/mainboard
呼叫来自：feature/command.c 的 command_hook() 第 43 行，物件： obj/user#2 ("南宫天风")
呼叫来自：cmds/std/look.c 的 main() 第 21 行，物件： cmds/std/look
呼叫来自：cmds/std/look.c 的 look_room() 第 183 行，物件： cmds/std/look
呼叫来自：std/bboard.c 的 short() 第 42 行，物件： obj/board/mainboard ("/obj/board/mainboard")
呼叫来自：feature/name.c 的 short() 第 68 行，物件： obj/board/mainboard ("/obj/board/mainboard")

执行时段错误：*Bad argument 1 to capitalize()
Expected: string Got: 0.

程式：feature/name.c 第 68 行
物件: /obj/board/mainboard
呼叫来自：feature/command.c 的 command_hook() 第 43 行，物件： obj/user#2 ("南宫天风")
呼叫来自：cmds/std/look.c 的 main() 第 21 行，物件： cmds/std/look
呼叫来自：cmds/std/look.c 的 look_room() 第 183 行，物件： cmds/std/look
呼叫来自：std/bboard.c 的 short() 第 42 行，物件： obj/board/mainboard ("/obj/board/mainboard")
呼叫来自：feature/name.c 的 short() 第 68 行，物件： obj/board/mainboard ("/obj/board/mainboard")

执行时段错误：*Bad argument 1 to capitalize()
Expected: string Got: 0.

程式：feature/name.c 第 68 行
物件: /obj/board/mainboard
呼叫来自：feature/command.c 的 command_hook() 第 43 行，物件： obj/user#2 ("南宫天风")
呼叫来自：cmds/std/look.c 的 main() 第 21 行，物件： cmds/std/look
呼叫来自：cmds/std/look.c 的 look_room() 第 183 行，物件： cmds/std/look
呼叫来自：std/bboard.c 的 short() 第 42 行，物件： obj/board/mainboard ("/obj/board/mainboard")
呼叫来自：feature/name.c 的 short() 第 68 行，物件： obj/board/mainboard ("/obj/board/mainboard")

执行时段错误：*Bad argument 1 to capitalize()
Expected: string Got: 0.

程式：feature/name.c 第 68 行
物件: /obj/board/mainboard
呼叫来自：feature/command.c 的 command_hook() 第 43 行，物件： obj/user#2 ("南宫天风")
呼叫来自：cmds/std/go.c 的 main() 第 99 行，物件： cmds/std/go
呼叫来自：feature/move.c 的 move() 第 92 行，物件： obj/user#2 ("南宫天风")
呼叫来自：feature/command.c 的 command_hook() 第 43 行，物件： obj/user#2 ("南宫天风")
呼叫来自：cmds/std/look.c 的 main() 第 21 行，物件： cmds/std/look
呼叫来自：cmds/std/look.c 的 look_room() 第 183 行，物件： cmds/std/look
呼叫来自：std/bboard.c 的 short() 第 42 行，物件： obj/board/mainboard ("/obj/board/mainboard")
呼叫来自：feature/name.c 的 short() 第 68 行，物件： obj/board/mainboard ("/obj/board/mainboard")
错误讯息被拦截: 
执行时段错误：*restore_object(): Illegal file format.

程式：feature/save.c 第 19 行
物件: /obj/board/mainboard
呼叫来自：feature/command.c 的 command_hook() 第 43 行，物件： obj/user#2 ("南宫天风")
呼叫来自：cmds/app/update.c 的 main() 第 53 行，物件： cmds/app/update
呼叫来自：cmds/app/update.c 的 CATCH() 第 53 行，物件： cmds/app/update
呼叫来自：d/zhongzhou/yinghao.c 的 create() 第 52 行，物件： d/zhongzhou/yinghao
呼叫来自：obj/board/mainboard.c 的 create() 第 11 行，物件： obj/board/mainboard ("/obj/board/mainboard")
呼叫来自：std/bboard.c 的 setup() 第 17 行，物件： obj/board/mainboard ("/obj/board/mainboard")
呼叫来自：feature/save.c 的 restore() 第 19 行，物件： obj/board/mainboard ("/obj/board/mainboard")

执行时段错误：*Bad argument 1 to capitalize()
Expected: string Got: 0.

程式：feature/name.c 第 68 行
物件: /obj/board/murongboard#250
呼叫来自：feature/command.c 的 command_hook() 第 43 行，物件： obj/user#2 ("南宫天风")
呼叫来自：cmds/usr/inventory.c 的 main() 第 29 行，物件： cmds/usr/inventory
呼叫来自：cmds/usr/inventory.c 的 inventory_desc() 第 38 行，物件： cmds/usr/inventory
呼叫来自：std/bboard.c 的 short() 第 42 行，物件： obj/board/murongboard#250 ("/obj/board/murongboard#250")
呼叫来自：feature/name.c 的 short() 第 68 行，物件： obj/board/murongboard#250 ("/obj/board/murongboard#250")

执行时段错误：*Bad argument 1 to capitalize()
Expected: string Got: 0.

程式：feature/name.c 第 68 行
物件: /obj/board/murongboard#250
呼叫来自：feature/command.c 的 command_hook() 第 43 行，物件： obj/user#2 ("南宫天风")
呼叫来自：cmds/usr/inventory.c 的 main() 第 29 行，物件： cmds/usr/inventory
呼叫来自：cmds/usr/inventory.c 的 inventory_desc() 第 38 行，物件： cmds/usr/inventory
呼叫来自：std/bboard.c 的 short() 第 42 行，物件： obj/board/murongboard#250 ("/obj/board/murongboard#250")
呼叫来自：feature/name.c 的 short() 第 68 行，物件： obj/board/murongboard#250 ("/obj/board/murongboard#250")

执行时段错误：*Bad argument 1 to capitalize()
Expected: string Got: 0.

程式：feature/name.c 第 68 行
物件: /obj/board/murongboard#250
呼叫来自：feature/command.c 的 command_hook() 第 43 行，物件： obj/user#2 ("南宫天风")
呼叫来自：cmds/usr/inventory.c 的 main() 第 29 行，物件： cmds/usr/inventory
呼叫来自：cmds/usr/inventory.c 的 inventory_desc() 第 38 行，物件： cmds/usr/inventory
呼叫来自：std/bboard.c 的 short() 第 42 行，物件： obj/board/murongboard#250 ("/obj/board/murongboard#250")
呼叫来自：feature/name.c 的 short() 第 68 行，物件： obj/board/murongboard#250 ("/obj/board/murongboard#250")

执行时段错误：*Bad argument 1 to call_other()
Expected: string or array or object Got: 0.

程式：feature/message.c 第 58 行
物件: /obj/user#251
呼叫来自：feature/command.c 的 command_hook() 第 43 行，物件： 0
呼叫来自：cmds/app/update.c 的 main() 第 22 行，物件： cmds/app/update
呼叫来自：cmds/app/update.c 的 update_player() 第 92 行，物件： cmds/app/update
呼叫来自：feature/message.c 的 write_prompt() 第 58 行，物件： obj/user#251 ("南宫天风")
错误讯息被拦截: 
执行时段错误：*restore_object(): Illegal file format.

程式：feature/save.c 第 19 行
物件: /obj/board/meizhuangboard
呼叫来自：feature/command.c 的 command_hook() 第 43 行，物件： obj/user#251 ("南宫天风")
呼叫来自：cmds/app/clone.c 的 main() 第 28 行，物件： cmds/app/clone
呼叫来自：cmds/app/clone.c 的 CATCH() 第 28 行，物件： cmds/app/clone
呼叫来自：obj/board/meizhuangboard.c 的 create() 第 11 行，物件： obj/board/meizhuangboard ("/obj/board/meizhuangboard")
呼叫来自：std/bboard.c 的 setup() 第 17 行，物件： obj/board/meizhuangboard ("/obj/board/meizhuangboard")
呼叫来自：feature/save.c 的 restore() 第 19 行，物件： obj/board/meizhuangboard ("/obj/board/meizhuangboard")
错误讯息被拦截: 
执行时段错误：*restore_object(): Illegal file format.

程式：feature/save.c 第 19 行
物件: /obj/board/meizhuangboard
呼叫来自：feature/command.c 的 command_hook() 第 43 行，物件： obj/user#251 ("南宫天风")
呼叫来自：cmds/app/update.c 的 main() 第 53 行，物件： cmds/app/update
呼叫来自：cmds/app/update.c 的 CATCH() 第 53 行，物件： cmds/app/update
呼叫来自：obj/board/meizhuangboard.c 的 create() 第 11 行，物件： obj/board/meizhuangboard ("/obj/board/meizhuangboard")
呼叫来自：std/bboard.c 的 setup() 第 17 行，物件： obj/board/meizhuangboard ("/obj/board/meizhuangboard")
呼叫来自：feature/save.c 的 restore() 第 19 行，物件： obj/board/meizhuangboard ("/obj/board/meizhuangboard")
错误讯息被拦截: 
执行时段错误：*restore_object(): Illegal file format.

程式：feature/save.c 第 19 行
物件: /obj/board/hainan_board
呼叫来自：adm/daemons/logind.c 的 get_passwd() 第 186 行，物件： adm/daemons/logind
呼叫来自：adm/daemons/logind.c 的 enter_world() 第 501 行，物件： adm/daemons/logind
呼叫来自：adm/daemons/logind.c 的 CATCH() 第 501 行，物件： adm/daemons/logind
呼叫来自：d/hainan/jingtang.c 的 create() 第 29 行，物件： d/hainan/jingtang
呼叫来自：obj/board/hainan_board.c 的 create() 第 11 行，物件： obj/board/hainan_board ("/obj/board/hainan_board")
呼叫来自：std/bboard.c 的 setup() 第 17 行，物件： obj/board/hainan_board ("/obj/board/hainan_board")
呼叫来自：feature/save.c 的 restore() 第 19 行，物件： obj/board/hainan_board ("/obj/board/hainan_board")

执行时段错误：*Bad argument 1 to capitalize()
Expected: string Got: 0.

程式：feature/name.c 第 68 行
物件: /obj/board/mainboard
呼叫来自：adm/daemons/logind.c 的 get_passwd() 第 186 行，物件： adm/daemons/logind
呼叫来自：adm/daemons/logind.c 的 enter_world() 第 504 行，物件： adm/daemons/logind
呼叫来自：feature/move.c 的 move() 第 92 行，物件： obj/user#262 ("柳五")
呼叫来自：feature/command.c 的 command_hook() 第 43 行，物件： obj/user#262 ("柳五")
呼叫来自：cmds/std/look.c 的 main() 第 21 行，物件： cmds/std/look
呼叫来自：cmds/std/look.c 的 look_room() 第 183 行，物件： cmds/std/look
呼叫来自：std/bboard.c 的 short() 第 42 行，物件： obj/board/mainboard ("/obj/board/mainboard")
呼叫来自：feature/name.c 的 short() 第 68 行，物件： obj/board/mainboard ("/obj/board/mainboard")

执行时段错误：*Bad argument 1 to capitalize()
Expected: string Got: 0.

程式：feature/name.c 第 68 行
物件: /obj/board/mainboard
呼叫来自：feature/command.c 的 command_hook() 第 43 行，物件： obj/user#262 ("柳五")
呼叫来自：cmds/std/look.c 的 main() 第 21 行，物件： cmds/std/look
呼叫来自：cmds/std/look.c 的 look_room() 第 183 行，物件： cmds/std/look
呼叫来自：std/bboard.c 的 short() 第 42 行，物件： obj/board/mainboard ("/obj/board/mainboard")
呼叫来自：feature/name.c 的 short() 第 68 行，物件： obj/board/mainboard ("/obj/board/mainboard")

执行时段错误：*Bad argument 1 to capitalize()
Expected: string Got: 0.

程式：feature/name.c 第 68 行
物件: /obj/board/mainboard
呼叫来自：feature/command.c 的 command_hook() 第 43 行，物件： obj/user#262 ("柳五")
呼叫来自：cmds/std/look.c 的 main() 第 21 行，物件： cmds/std/look
呼叫来自：cmds/std/look.c 的 look_room() 第 183 行，物件： cmds/std/look
呼叫来自：std/bboard.c 的 short() 第 42 行，物件： obj/board/mainboard ("/obj/board/mainboard")
呼叫来自：feature/name.c 的 short() 第 68 行，物件： obj/board/mainboard ("/obj/board/mainboard")

执行时段错误：*Bad argument 1 to capitalize()
Expected: string Got: 0.

程式：feature/name.c 第 68 行
物件: /obj/board/mainboard
呼叫来自：feature/command.c 的 command_hook() 第 43 行，物件： obj/user#262 ("柳五")
呼叫来自：cmds/std/look.c 的 main() 第 21 行，物件： cmds/std/look
呼叫来自：cmds/std/look.c 的 look_room() 第 183 行，物件： cmds/std/look
呼叫来自：std/bboard.c 的 short() 第 42 行，物件： obj/board/mainboard ("/obj/board/mainboard")
呼叫来自：feature/name.c 的 short() 第 68 行，物件： obj/board/mainboard ("/obj/board/mainboard")

执行时段错误：*Bad argument 1 to capitalize()
Expected: string Got: 0.

程式：feature/name.c 第 68 行
物件: /obj/board/mainboard
呼叫来自：feature/command.c 的 command_hook() 第 43 行，物件： obj/user#262 ("柳五")
呼叫来自：cmds/std/go.c 的 main() 第 99 行，物件： cmds/std/go
呼叫来自：feature/move.c 的 move() 第 92 行，物件： obj/user#262 ("柳五")
呼叫来自：feature/command.c 的 command_hook() 第 43 行，物件： obj/user#262 ("柳五")
呼叫来自：cmds/std/look.c 的 main() 第 21 行，物件： cmds/std/look
呼叫来自：cmds/std/look.c 的 look_room() 第 183 行，物件： cmds/std/look
呼叫来自：std/bboard.c 的 short() 第 42 行，物件： obj/board/mainboard ("/obj/board/mainboard")
呼叫来自：feature/name.c 的 short() 第 68 行，物件： obj/board/mainboard ("/obj/board/mainboard")

执行时段错误：*Bad argument 1 to capitalize()
Expected: string Got: 0.

程式：feature/name.c 第 68 行
物件: /obj/board/mainboard
呼叫来自：feature/command.c 的 command_hook() 第 43 行，物件： obj/user#262 ("柳五")
呼叫来自：cmds/std/look.c 的 main() 第 21 行，物件： cmds/std/look
呼叫来自：cmds/std/look.c 的 look_room() 第 183 行，物件： cmds/std/look
呼叫来自：std/bboard.c 的 short() 第 42 行，物件： obj/board/mainboard ("/obj/board/mainboard")
呼叫来自：feature/name.c 的 short() 第 68 行，物件： obj/board/mainboard ("/obj/board/mainboard")

执行时段错误：*Bad argument 1 to capitalize()
Expected: string Got: 0.

程式：feature/name.c 第 68 行
物件: /obj/board/mainboard
呼叫来自：feature/command.c 的 command_hook() 第 43 行，物件： obj/user#262 ("柳五")
呼叫来自：cmds/std/go.c 的 main() 第 99 行，物件： cmds/std/go
呼叫来自：feature/move.c 的 move() 第 92 行，物件： obj/user#262 ("柳五")
呼叫来自：feature/command.c 的 command_hook() 第 43 行，物件： obj/user#262 ("柳五")
呼叫来自：cmds/std/look.c 的 main() 第 21 行，物件： cmds/std/look
呼叫来自：cmds/std/look.c 的 look_room() 第 183 行，物件： cmds/std/look
呼叫来自：std/bboard.c 的 short() 第 42 行，物件： obj/board/mainboard ("/obj/board/mainboard")
呼叫来自：feature/name.c 的 short() 第 68 行，物件： obj/board/mainboard ("/obj/board/mainboard")

执行时段错误：*Bad argument 1 to capitalize()
Expected: string Got: 0.

程式：feature/name.c 第 68 行
物件: /obj/board/mainboard
呼叫来自：feature/command.c 的 command_hook() 第 43 行，物件： obj/user#262 ("柳五")
呼叫来自：cmds/std/look.c 的 main() 第 21 行，物件： cmds/std/look
呼叫来自：cmds/std/look.c 的 look_room() 第 183 行，物件： cmds/std/look
呼叫来自：std/bboard.c 的 short() 第 42 行，物件： obj/board/mainboard ("/obj/board/mainboard")
呼叫来自：feature/name.c 的 short() 第 68 行，物件： obj/board/mainboard ("/obj/board/mainboard")
错误讯息被拦截: 
执行时段错误：*restore_object(): Illegal file format.

程式：feature/save.c 第 19 行
物件: /obj/board/mingjiao_b
呼叫来自：adm/daemons/logind.c 的 get_passwd() 第 186 行，物件： adm/daemons/logind
呼叫来自：adm/daemons/logind.c 的 enter_world() 第 501 行，物件： adm/daemons/logind
呼叫来自：adm/daemons/logind.c 的 CATCH() 第 501 行，物件： adm/daemons/logind
呼叫来自：d/mingjiao/dadian.c 的 create() 第 32 行，物件： d/mingjiao/dadian
呼叫来自：obj/board/mingjiao_b.c 的 create() 第 15 行，物件： obj/board/mingjiao_b ("/obj/board/mingjiao_b")
呼叫来自：std/bboard.c 的 setup() 第 17 行，物件： obj/board/mingjiao_b ("/obj/board/mingjiao_b")
呼叫来自：feature/save.c 的 restore() 第 19 行，物件： obj/board/mingjiao_b ("/obj/board/mingjiao_b")

执行时段错误：*Bad argument 1 to capitalize()
Expected: string Got: 0.

程式：feature/name.c 第 68 行
物件: /obj/board/mainboard
呼叫来自：adm/daemons/logind.c 的 get_passwd() 第 186 行，物件： adm/daemons/logind
呼叫来自：adm/daemons/logind.c 的 enter_world() 第 504 行，物件： adm/daemons/logind
呼叫来自：feature/move.c 的 move() 第 92 行，物件： obj/user#286 ("李师师")
呼叫来自：feature/command.c 的 command_hook() 第 43 行，物件： obj/user#286 ("李师师")
呼叫来自：cmds/std/look.c 的 main() 第 21 行，物件： cmds/std/look
呼叫来自：cmds/std/look.c 的 look_room() 第 183 行，物件： cmds/std/look
呼叫来自：std/bboard.c 的 short() 第 42 行，物件： obj/board/mainboard ("/obj/board/mainboard")
呼叫来自：feature/name.c 的 short() 第 68 行，物件： obj/board/mainboard ("/obj/board/mainboard")
错误讯息被拦截: 
执行时段错误：*restore_object(): Illegal file format.

程式：feature/save.c 第 19 行
物件: /obj/board/mainboard
呼叫来自：feature/command.c 的 command_hook() 第 43 行，物件： obj/user#262 ("柳五")
呼叫来自：cmds/app/update.c 的 main() 第 53 行，物件： cmds/app/update
呼叫来自：cmds/app/update.c 的 CATCH() 第 53 行，物件： cmds/app/update
呼叫来自：obj/board/mainboard.c 的 create() 第 11 行，物件： obj/board/mainboard ("/obj/board/mainboard")
呼叫来自：std/bboard.c 的 setup() 第 17 行，物件： obj/board/mainboard ("/obj/board/mainboard")
呼叫来自：feature/save.c 的 restore() 第 19 行，物件： obj/board/mainboard ("/obj/board/mainboard")

执行时段错误：*Bad argument 1 to capitalize()
Expected: string Got: 0.

程式：feature/name.c 第 68 行
物件: /obj/board/mingjiao_b
呼叫来自：adm/daemons/logind.c 的 get_passwd() 第 186 行，物件： adm/daemons/logind
呼叫来自：adm/daemons/logind.c 的 enter_world() 第 502 行，物件： adm/daemons/logind
呼叫来自：feature/move.c 的 move() 第 92 行，物件： obj/user#306 ("李师师")
呼叫来自：feature/command.c 的 command_hook() 第 43 行，物件： obj/user#306 ("李师师")
呼叫来自：cmds/std/look.c 的 main() 第 21 行，物件： cmds/std/look
呼叫来自：cmds/std/look.c 的 look_room() 第 183 行，物件： cmds/std/look
呼叫来自：std/bboard.c 的 short() 第 42 行，物件： obj/board/mingjiao_b ("/obj/board/mingjiao_b")
呼叫来自：feature/name.c 的 short() 第 68 行，物件： obj/board/mingjiao_b ("/obj/board/mingjiao_b")

执行时段错误：*Bad argument 1 to capitalize()
Expected: string Got: 0.

程式：feature/name.c 第 68 行
物件: /obj/board/mingjiao_b
呼叫来自：feature/command.c 的 command_hook() 第 43 行，物件： obj/user#251 ("南宫天风")
呼叫来自：cmds/std/go.c 的 main() 第 99 行，物件： cmds/std/go
呼叫来自：feature/move.c 的 move() 第 92 行，物件： obj/user#251 ("南宫天风")
呼叫来自：feature/command.c 的 command_hook() 第 43 行，物件： obj/user#251 ("南宫天风")
呼叫来自：cmds/std/look.c 的 main() 第 21 行，物件： cmds/std/look
呼叫来自：cmds/std/look.c 的 look_room() 第 183 行，物件： cmds/std/look
呼叫来自：std/bboard.c 的 short() 第 42 行，物件： obj/board/mingjiao_b ("/obj/board/mingjiao_b")
呼叫来自：feature/name.c 的 short() 第 68 行，物件： obj/board/mingjiao_b ("/obj/board/mingjiao_b")

执行时段错误：*Bad argument 1 to capitalize()
Expected: string Got: 0.

程式：feature/name.c 第 68 行
物件: /obj/board/mingjiao_b
呼叫来自：feature/command.c 的 command_hook() 第 43 行，物件： obj/user#251 ("南宫天风")
呼叫来自：cmds/std/look.c 的 main() 第 21 行，物件： cmds/std/look
呼叫来自：cmds/std/look.c 的 look_room() 第 183 行，物件： cmds/std/look
呼叫来自：std/bboard.c 的 short() 第 42 行，物件： obj/board/mingjiao_b ("/obj/board/mingjiao_b")
呼叫来自：feature/name.c 的 short() 第 68 行，物件： obj/board/mingjiao_b ("/obj/board/mingjiao_b")
错误讯息被拦截: 
执行时段错误：*restore_object(): Illegal file format.

程式：feature/save.c 第 19 行
物件: /obj/board/mingjiao_b
呼叫来自：feature/command.c 的 command_hook() 第 43 行，物件： obj/user#251 ("南宫天风")
呼叫来自：cmds/app/update.c 的 main() 第 53 行，物件： cmds/app/update
呼叫来自：cmds/app/update.c 的 CATCH() 第 53 行，物件： cmds/app/update
呼叫来自：d/mingjiao/dadian.c 的 create() 第 32 行，物件： d/mingjiao/dadian
呼叫来自：obj/board/mingjiao_b.c 的 create() 第 15 行，物件： obj/board/mingjiao_b ("/obj/board/mingjiao_b")
呼叫来自：std/bboard.c 的 setup() 第 17 行，物件： obj/board/mingjiao_b ("/obj/board/mingjiao_b")
呼叫来自：feature/save.c 的 restore() 第 19 行，物件： obj/board/mingjiao_b ("/obj/board/mingjiao_b")
错误讯息被拦截: 
执行时段错误：*restore_object(): Illegal file format.

程式：feature/save.c 第 19 行
物件: /obj/board/mainboard
呼叫来自：feature/command.c 的 command_hook() 第 43 行，物件： obj/user#262 ("柳五")
呼叫来自：cmds/app/update.c 的 main() 第 53 行，物件： cmds/app/update
呼叫来自：cmds/app/update.c 的 CATCH() 第 53 行，物件： cmds/app/update
呼叫来自：obj/board/mainboard.c 的 create() 第 11 行，物件： obj/board/mainboard ("/obj/board/mainboard")
呼叫来自：std/bboard.c 的 setup() 第 17 行，物件： obj/board/mainboard ("/obj/board/mainboard")
呼叫来自：feature/save.c 的 restore() 第 19 行，物件： obj/board/mainboard ("/obj/board/mainboard")

执行时段错误：*Bad argument 1 to capitalize()
Expected: string Got: 0.

程式：feature/name.c 第 68 行
物件: /obj/board/mainboard
呼叫来自：feature/command.c 的 command_hook() 第 43 行，物件： obj/user#251 ("南宫天风")
呼叫来自：cmds/std/go.c 的 main() 第 99 行，物件： cmds/std/go
呼叫来自：feature/move.c 的 move() 第 92 行，物件： obj/user#251 ("南宫天风")
呼叫来自：feature/command.c 的 command_hook() 第 43 行，物件： obj/user#251 ("南宫天风")
呼叫来自：cmds/std/look.c 的 main() 第 21 行，物件： cmds/std/look
呼叫来自：cmds/std/look.c 的 look_room() 第 183 行，物件： cmds/std/look
呼叫来自：std/bboard.c 的 short() 第 42 行，物件： obj/board/mainboard ("/obj/board/mainboard")
呼叫来自：feature/name.c 的 short() 第 68 行，物件： obj/board/mainboard ("/obj/board/mainboard")
closed external ports
Initializing internal tables....

<---Mudos v22pre11 for WIN95/NT (by wwj,May 18 1998) Config: 风云三（本地）   shutdown at Mon Apr 17 19:33:04 2000




<---Mudos v22pre11 for WIN95/NT (by wwj,May 18 1998) Config: 风云三（本地）   startup at Mon Apr 17 19:33:05 2000

using config file: config.fy3
----------------------------------------------------------------------------
风云三（本地）   (MudOS v22pre11) starting up on Microsoft Windows 95 - Mon Apr 17 19:33:05 2000


Can't find "mudos", ignoring old binaries.
Try invoking the driver using the full pathname.
System Error: init_addr_server: connect:Bad address
]simul_efun loaded successfully.

Loading preloaded files ...
Initializations complete.

Accepting connections on port 5555.
错误讯息被拦截: 
执行时段错误：*restore_object(): Illegal file format.

程式：feature/save.c 第 19 行
物件: /obj/board/mainboard
呼叫来自：adm/daemons/logind.c 的 get_passwd() 第 186 行，物件： adm/daemons/logind
呼叫来自：adm/daemons/logind.c 的 enter_world() 第 501 行，物件： adm/daemons/logind
呼叫来自：adm/daemons/logind.c 的 CATCH() 第 501 行，物件： adm/daemons/logind
呼叫来自：d/zhongzhou/yinghao.c 的 create() 第 52 行，物件： d/zhongzhou/yinghao
呼叫来自：obj/board/mainboard.c 的 create() 第 11 行，物件： obj/board/mainboard ("/obj/board/mainboard")
呼叫来自：std/bboard.c 的 setup() 第 17 行，物件： obj/board/mainboard ("/obj/board/mainboard")
呼叫来自：feature/save.c 的 restore() 第 19 行，物件： obj/board/mainboard ("/obj/board/mainboard")

执行时段错误：*Bad argument 1 to capitalize()
Expected: string Got: 0.

程式：feature/name.c 第 68 行
物件: /obj/board/mainboard
呼叫来自：adm/daemons/logind.c 的 get_passwd() 第 186 行，物件： adm/daemons/logind
呼叫来自：adm/daemons/logind.c 的 enter_world() 第 504 行，物件： adm/daemons/logind
呼叫来自：feature/move.c 的 move() 第 92 行，物件： obj/user#3 ("笑云云")
呼叫来自：feature/command.c 的 command_hook() 第 43 行，物件： obj/user#3 ("笑云云")
呼叫来自：cmds/std/look.c 的 main() 第 21 行，物件： cmds/std/look
呼叫来自：cmds/std/look.c 的 look_room() 第 183 行，物件： cmds/std/look
呼叫来自：std/bboard.c 的 short() 第 42 行，物件： obj/board/mainboard ("/obj/board/mainboard")
呼叫来自：feature/name.c 的 short() 第 68 行，物件： obj/board/mainboard ("/obj/board/mainboard")

执行时段错误：*Bad argument 1 to capitalize()
Expected: string Got: 0.

程式：feature/name.c 第 68 行
物件: /obj/board/mainboard
呼叫来自：feature/command.c 的 command_hook() 第 43 行，物件： obj/user#3 ("笑云云")
呼叫来自：cmds/std/look.c 的 main() 第 21 行，物件： cmds/std/look
呼叫来自：cmds/std/look.c 的 look_room() 第 183 行，物件： cmds/std/look
呼叫来自：std/bboard.c 的 short() 第 42 行，物件： obj/board/mainboard ("/obj/board/mainboard")
呼叫来自：feature/name.c 的 short() 第 68 行，物件： obj/board/mainboard ("/obj/board/mainboard")

执行时段错误：*Bad argument 1 to capitalize()
Expected: string Got: 0.

程式：feature/name.c 第 68 行
物件: /obj/board/mainboard
呼叫来自：feature/command.c 的 command_hook() 第 43 行，物件： obj/user#22 ("南宫天风")
呼叫来自：cmds/std/go.c 的 main() 第 99 行，物件： cmds/std/go
呼叫来自：feature/move.c 的 move() 第 92 行，物件： obj/user#22 ("南宫天风")
呼叫来自：feature/command.c 的 command_hook() 第 43 行，物件： obj/user#22 ("南宫天风")
呼叫来自：cmds/std/look.c 的 main() 第 21 行，物件： cmds/std/look
呼叫来自：cmds/std/look.c 的 look_room() 第 183 行，物件： cmds/std/look
呼叫来自：std/bboard.c 的 short() 第 42 行，物件： obj/board/mainboard ("/obj/board/mainboard")
呼叫来自：feature/name.c 的 short() 第 68 行，物件： obj/board/mainboard ("/obj/board/mainboard")
错误讯息被拦截: 
执行时段错误：*restore_object(): Illegal file format.

程式：feature/save.c 第 19 行
物件: /obj/board/hainan_board
呼叫来自：adm/daemons/logind.c 的 get_passwd() 第 186 行，物件： adm/daemons/logind
呼叫来自：adm/daemons/logind.c 的 enter_world() 第 501 行，物件： adm/daemons/logind
呼叫来自：adm/daemons/logind.c 的 CATCH() 第 501 行，物件： adm/daemons/logind
呼叫来自：d/hainan/jingtang.c 的 create() 第 29 行，物件： d/hainan/jingtang
呼叫来自：obj/board/hainan_board.c 的 create() 第 11 行，物件： obj/board/hainan_board ("/obj/board/hainan_board")
呼叫来自：std/bboard.c 的 setup() 第 17 行，物件： obj/board/hainan_board ("/obj/board/hainan_board")
呼叫来自：feature/save.c 的 restore() 第 19 行，物件： obj/board/hainan_board ("/obj/board/hainan_board")

执行时段错误：*Bad argument 1 to capitalize()
Expected: string Got: 0.

程式：feature/name.c 第 68 行
物件: /obj/board/mainboard
呼叫来自：adm/daemons/logind.c 的 get_passwd() 第 186 行，物件： adm/daemons/logind
呼叫来自：adm/daemons/logind.c 的 enter_world() 第 504 行，物件： adm/daemons/logind
呼叫来自：feature/move.c 的 move() 第 92 行，物件： obj/user#134 ("柳五")
呼叫来自：feature/command.c 的 command_hook() 第 43 行，物件： obj/user#134 ("柳五")
呼叫来自：cmds/std/look.c 的 main() 第 21 行，物件： cmds/std/look
呼叫来自：cmds/std/look.c 的 look_room() 第 183 行，物件： cmds/std/look
呼叫来自：std/bboard.c 的 short() 第 42 行，物件： obj/board/mainboard ("/obj/board/mainboard")
呼叫来自：feature/name.c 的 short() 第 68 行，物件： obj/board/mainboard ("/obj/board/mainboard")

执行时段错误：*Bad argument 1 to capitalize()
Expected: string Got: 0.

程式：feature/name.c 第 68 行
物件: /obj/board/mainboard
呼叫来自：feature/command.c 的 command_hook() 第 43 行，物件： obj/user#134 ("柳五")
呼叫来自：cmds/std/look.c 的 main() 第 21 行，物件： cmds/std/look
呼叫来自：cmds/std/look.c 的 look_room() 第 183 行，物件： cmds/std/look
呼叫来自：std/bboard.c 的 short() 第 42 行，物件： obj/board/mainboard ("/obj/board/mainboard")
呼叫来自：feature/name.c 的 short() 第 68 行，物件： obj/board/mainboard ("/obj/board/mainboard")

执行时段错误：*Bad argument 1 to capitalize()
Expected: string Got: 0.

程式：feature/name.c 第 68 行
物件: /obj/board/mainboard
呼叫来自：feature/command.c 的 command_hook() 第 43 行，物件： obj/user#22 ("南宫天风")
呼叫来自：cmds/std/look.c 的 main() 第 21 行，物件： cmds/std/look
呼叫来自：cmds/std/look.c 的 look_room() 第 183 行，物件： cmds/std/look
呼叫来自：std/bboard.c 的 short() 第 42 行，物件： obj/board/mainboard ("/obj/board/mainboard")
呼叫来自：feature/name.c 的 short() 第 68 行，物件： obj/board/mainboard ("/obj/board/mainboard")

执行时段错误：*Bad argument 1 to capitalize()
Expected: string Got: 0.

程式：feature/name.c 第 68 行
物件: /obj/board/mainboard
呼叫来自：feature/command.c 的 command_hook() 第 43 行，物件： obj/user#22 ("南宫天风")
呼叫来自：cmds/std/look.c 的 main() 第 21 行，物件： cmds/std/look
呼叫来自：cmds/std/look.c 的 look_room() 第 183 行，物件： cmds/std/look
呼叫来自：std/bboard.c 的 short() 第 42 行，物件： obj/board/mainboard ("/obj/board/mainboard")
呼叫来自：feature/name.c 的 short() 第 68 行，物件： obj/board/mainboard ("/obj/board/mainboard")

执行时段错误：*restore_object(): Illegal file format.

程式：feature/save.c 第 19 行
物件: /obj/board/wizboard
呼叫来自：feature/command.c 的 command_hook() 第 43 行，物件： obj/user#22 ("南宫天风")
呼叫来自：cmds/std/go.c 的 main() 第 58 行，物件： cmds/std/go
呼叫来自：d/wiz/meeting.c 的 create() 第 24 行，物件： d/wiz/meeting
呼叫来自：obj/board/wizboard.c 的 create() 第 10 行，物件： obj/board/wizboard ("/obj/board/wizboard")
呼叫来自：std/bboard.c 的 setup() 第 17 行，物件： obj/board/wizboard ("/obj/board/wizboard")
呼叫来自：feature/save.c 的 restore() 第 19 行，物件： obj/board/wizboard ("/obj/board/wizboard")
错误讯息被拦截: 
执行时段错误：*restore_object(): Illegal file format.

程式：feature/save.c 第 19 行
物件: /obj/board/wizboard
呼叫来自：feature/command.c 的 command_hook() 第 43 行，物件： obj/user#22 ("南宫天风")
呼叫来自：cmds/app/update.c 的 main() 第 53 行，物件： cmds/app/update
呼叫来自：cmds/app/update.c 的 CATCH() 第 53 行，物件： cmds/app/update
呼叫来自：d/wiz/meeting.c 的 create() 第 24 行，物件： d/wiz/meeting
呼叫来自：obj/board/wizboard.c 的 create() 第 10 行，物件： obj/board/wizboard ("/obj/board/wizboard")
呼叫来自：std/bboard.c 的 setup() 第 17 行，物件： obj/board/wizboard ("/obj/board/wizboard")
呼叫来自：feature/save.c 的 restore() 第 19 行，物件： obj/board/wizboard ("/obj/board/wizboard")

执行时段错误：*Bad argument 1 to capitalize()
Expected: string Got: 0.

程式：feature/name.c 第 68 行
物件: /obj/board/wizboard
呼叫来自：feature/command.c 的 command_hook() 第 43 行，物件： obj/user#22 ("南宫天风")
呼叫来自：cmds/std/go.c 的 main() 第 99 行，物件： cmds/std/go
呼叫来自：feature/move.c 的 move() 第 92 行，物件： obj/user#22 ("南宫天风")
呼叫来自：feature/command.c 的 command_hook() 第 43 行，物件： obj/user#22 ("南宫天风")
呼叫来自：cmds/std/look.c 的 main() 第 21 行，物件： cmds/std/look
呼叫来自：cmds/std/look.c 的 look_room() 第 183 行，物件： cmds/std/look
呼叫来自：std/bboard.c 的 short() 第 42 行，物件： obj/board/wizboard ("/obj/board/wizboard")
呼叫来自：feature/name.c 的 short() 第 68 行，物件： obj/board/wizboard ("/obj/board/wizboard")

执行时段错误：*Bad argument 1 to capitalize()
Expected: string Got: 0.

程式：feature/name.c 第 68 行
物件: /obj/board/wizboard
呼叫来自：feature/command.c 的 command_hook() 第 43 行，物件： obj/user#22 ("南宫天风")
呼叫来自：cmds/std/look.c 的 main() 第 21 行，物件： cmds/std/look
呼叫来自：cmds/std/look.c 的 look_room() 第 183 行，物件： cmds/std/look
呼叫来自：std/bboard.c 的 short() 第 42 行，物件： obj/board/wizboard ("/obj/board/wizboard")
呼叫来自：feature/name.c 的 short() 第 68 行，物件： obj/board/wizboard ("/obj/board/wizboard")
错误讯息被拦截: 
执行时段错误：*restore_object(): Illegal file format.

程式：feature/save.c 第 19 行
物件: /obj/board/mainboard
呼叫来自：feature/command.c 的 command_hook() 第 43 行，物件： obj/user#134 ("柳五")
呼叫来自：cmds/app/update.c 的 main() 第 53 行，物件： cmds/app/update
呼叫来自：cmds/app/update.c 的 CATCH() 第 53 行，物件： cmds/app/update
呼叫来自：obj/board/mainboard.c 的 create() 第 11 行，物件： obj/board/mainboard ("/obj/board/mainboard")
呼叫来自：std/bboard.c 的 setup() 第 17 行，物件： obj/board/mainboard ("/obj/board/mainboard")
呼叫来自：feature/save.c 的 restore() 第 19 行，物件： obj/board/mainboard ("/obj/board/mainboard")

执行时段错误：*Bad argument 1 to capitalize()
Expected: string Got: 0.

程式：feature/name.c 第 68 行
物件: /obj/board/mainboard
呼叫来自：feature/command.c 的 command_hook() 第 43 行，物件： obj/user#22 ("南宫天风")
呼叫来自：cmds/std/go.c 的 main() 第 99 行，物件： cmds/std/go
呼叫来自：feature/move.c 的 move() 第 92 行，物件： obj/user#22 ("南宫天风")
呼叫来自：feature/command.c 的 command_hook() 第 43 行，物件： obj/user#22 ("南宫天风")
呼叫来自：cmds/std/look.c 的 main() 第 21 行，物件： cmds/std/look
呼叫来自：cmds/std/look.c 的 look_room() 第 183 行，物件： cmds/std/look
呼叫来自：std/bboard.c 的 short() 第 42 行，物件： obj/board/mainboard ("/obj/board/mainboard")
呼叫来自：feature/name.c 的 short() 第 68 行，物件： obj/board/mainboard ("/obj/board/mainboard")

执行时段错误：*Bad argument 1 to capitalize()
Expected: string Got: 0.

程式：feature/name.c 第 68 行
物件: /obj/board/mainboard
呼叫来自：feature/command.c 的 command_hook() 第 43 行，物件： obj/user#22 ("南宫天风")
呼叫来自：cmds/std/look.c 的 main() 第 21 行，物件： cmds/std/look
呼叫来自：cmds/std/look.c 的 look_room() 第 183 行，物件： cmds/std/look
呼叫来自：std/bboard.c 的 short() 第 42 行，物件： obj/board/mainboard ("/obj/board/mainboard")
呼叫来自：feature/name.c 的 short() 第 68 行，物件： obj/board/mainboard ("/obj/board/mainboard")

执行时段错误：*Bad argument 1 to capitalize()
Expected: string Got: 0.

程式：feature/name.c 第 68 行
物件: /obj/board/mainboard
呼叫来自：feature/command.c 的 command_hook() 第 43 行，物件： obj/user#22 ("南宫天风")
呼叫来自：cmds/std/look.c 的 main() 第 21 行，物件： cmds/std/look
呼叫来自：cmds/std/look.c 的 look_room() 第 183 行，物件： cmds/std/look
呼叫来自：std/bboard.c 的 short() 第 42 行，物件： obj/board/mainboard ("/obj/board/mainboard")
呼叫来自：feature/name.c 的 short() 第 68 行，物件： obj/board/mainboard ("/obj/board/mainboard")

执行时段错误：*Bad argument 1 to capitalize()
Expected: string Got: 0.

程式：feature/name.c 第 68 行
物件: /obj/board/mainboard
呼叫来自：feature/command.c 的 command_hook() 第 43 行，物件： obj/user#22 ("南宫天风")
呼叫来自：cmds/std/go.c 的 main() 第 99 行，物件： cmds/std/go
呼叫来自：feature/move.c 的 move() 第 92 行，物件： obj/user#22 ("南宫天风")
呼叫来自：feature/command.c 的 command_hook() 第 43 行，物件： obj/user#22 ("南宫天风")
呼叫来自：cmds/std/look.c 的 main() 第 21 行，物件： cmds/std/look
呼叫来自：cmds/std/look.c 的 look_room() 第 183 行，物件： cmds/std/look
呼叫来自：std/bboard.c 的 short() 第 42 行，物件： obj/board/mainboard ("/obj/board/mainboard")
呼叫来自：feature/name.c 的 short() 第 68 行，物件： obj/board/mainboard ("/obj/board/mainboard")

执行时段错误：*Bad argument 1 to capitalize()
Expected: string Got: 0.

程式：feature/name.c 第 68 行
物件: /obj/board/mainboard
呼叫来自：feature/command.c 的 command_hook() 第 43 行，物件： obj/user#22 ("南宫天风")
呼叫来自：cmds/std/look.c 的 main() 第 21 行，物件： cmds/std/look
呼叫来自：cmds/std/look.c 的 look_room() 第 183 行，物件： cmds/std/look
呼叫来自：std/bboard.c 的 short() 第 42 行，物件： obj/board/mainboard ("/obj/board/mainboard")
呼叫来自：feature/name.c 的 short() 第 68 行，物件： obj/board/mainboard ("/obj/board/mainboard")

执行时段错误：*Bad argument 1 to capitalize()
Expected: string Got: 0.

程式：feature/name.c 第 68 行
物件: /obj/board/mainboard
呼叫来自：feature/command.c 的 command_hook() 第 43 行，物件： obj/user#22 ("南宫天风")
呼叫来自：cmds/std/look.c 的 main() 第 21 行，物件： cmds/std/look
呼叫来自：cmds/std/look.c 的 look_room() 第 183 行，物件： cmds/std/look
呼叫来自：std/bboard.c 的 short() 第 42 行，物件： obj/board/mainboard ("/obj/board/mainboard")
呼叫来自：feature/name.c 的 short() 第 68 行，物件： obj/board/mainboard ("/obj/board/mainboard")
错误讯息被拦截: 
执行时段错误：*restore_object(): Illegal file format.

程式：feature/save.c 第 19 行
物件: /obj/board/wizboard
呼叫来自：feature/command.c 的 command_hook() 第 43 行，物件： obj/user#22 ("南宫天风")
呼叫来自：cmds/app/update.c 的 main() 第 53 行，物件： cmds/app/update
呼叫来自：cmds/app/update.c 的 CATCH() 第 53 行，物件： cmds/app/update
呼叫来自：d/wiz/meeting.c 的 create() 第 24 行，物件： d/wiz/meeting
呼叫来自：obj/board/wizboard.c 的 create() 第 10 行，物件： obj/board/wizboard ("/obj/board/wizboard")
呼叫来自：std/bboard.c 的 setup() 第 17 行，物件： obj/board/wizboard ("/obj/board/wizboard")
呼叫来自：feature/save.c 的 restore() 第 19 行，物件： obj/board/wizboard ("/obj/board/wizboard")
错误讯息被拦截: 
执行时段错误：*restore_object(): Illegal file format.

程式：feature/save.c 第 19 行
物件: /obj/board/wizboard
呼叫来自：feature/command.c 的 command_hook() 第 43 行，物件： obj/user#22 ("南宫天风")
呼叫来自：cmds/app/update.c 的 main() 第 53 行，物件： cmds/app/update
呼叫来自：cmds/app/update.c 的 CATCH() 第 53 行，物件： cmds/app/update
呼叫来自：obj/board/wizboard.c 的 create() 第 9 行，物件： obj/board/wizboard ("/obj/board/wizboard")
呼叫来自：std/bboard.c 的 setup() 第 17 行，物件： obj/board/wizboard ("/obj/board/wizboard")
呼叫来自：feature/save.c 的 restore() 第 19 行，物件： obj/board/wizboard ("/obj/board/wizboard")

执行时段错误：*Bad argument 1 to capitalize()
Expected: string Got: 0.

程式：feature/name.c 第 68 行
物件: /obj/board/wizboard
呼叫来自：feature/command.c 的 command_hook() 第 43 行，物件： obj/user#22 ("南宫天风")
呼叫来自：cmds/std/go.c 的 main() 第 99 行，物件： cmds/std/go
呼叫来自：feature/move.c 的 move() 第 92 行，物件： obj/user#22 ("南宫天风")
呼叫来自：feature/command.c 的 command_hook() 第 43 行，物件： obj/user#22 ("南宫天风")
呼叫来自：cmds/std/look.c 的 main() 第 21 行，物件： cmds/std/look
呼叫来自：cmds/std/look.c 的 look_room() 第 183 行，物件： cmds/std/look
呼叫来自：std/bboard.c 的 short() 第 42 行，物件： obj/board/wizboard ("/obj/board/wizboard")
呼叫来自：feature/name.c 的 short() 第 68 行，物件： obj/board/wizboard ("/obj/board/wizboard")
错误讯息被拦截: 
执行时段错误：*restore_object(): Illegal file format.

程式：feature/save.c 第 19 行
物件: /obj/board/wizboard
呼叫来自：feature/command.c 的 command_hook() 第 43 行，物件： obj/user#22 ("南宫天风")
呼叫来自：cmds/app/update.c 的 main() 第 53 行，物件： cmds/app/update
呼叫来自：cmds/app/update.c 的 CATCH() 第 53 行，物件： cmds/app/update
呼叫来自：obj/board/wizboard.c 的 create() 第 9 行，物件： obj/board/wizboard ("/obj/board/wizboard")
呼叫来自：std/bboard.c 的 setup() 第 17 行，物件： obj/board/wizboard ("/obj/board/wizboard")
呼叫来自：feature/save.c 的 restore() 第 19 行，物件： obj/board/wizboard ("/obj/board/wizboard")
错误讯息被拦截: 
执行时段错误：*restore_object(): Illegal file format.

程式：feature/save.c 第 19 行
物件: /obj/board/board1
呼叫来自：feature/command.c 的 command_hook() 第 43 行，物件： obj/user#22 ("南宫天风")
呼叫来自：cmds/app/update.c 的 main() 第 53 行，物件： cmds/app/update
呼叫来自：cmds/app/update.c 的 CATCH() 第 53 行，物件： cmds/app/update
呼叫来自：obj/board/board1.c 的 create() 第 9 行，物件： obj/board/board1 ("/obj/board/board1")
呼叫来自：std/bboard.c 的 setup() 第 17 行，物件： obj/board/board1 ("/obj/board/board1")
呼叫来自：feature/save.c 的 restore() 第 19 行，物件： obj/board/board1 ("/obj/board/board1")

执行时段错误：*Bad argument 1 to capitalize()
Expected: string Got: 0.

程式：feature/name.c 第 68 行
物件: /obj/board/board1
呼叫来自：feature/command.c 的 command_hook() 第 43 行，物件： obj/user#22 ("南宫天风")
呼叫来自：cmds/std/look.c 的 main() 第 21 行，物件： cmds/std/look
呼叫来自：cmds/std/look.c 的 look_room() 第 183 行，物件： cmds/std/look
呼叫来自：std/bboard.c 的 short() 第 42 行，物件： obj/board/board1 ("/obj/board/board1")
呼叫来自：feature/name.c 的 short() 第 68 行，物件： obj/board/board1 ("/obj/board/board1")

执行时段错误：*call_other() couldn't find object

程式：cmds/std/go.c 第 58 行
物件: /cmds/std/go
呼叫来自：feature/command.c 的 command_hook() 第 43 行，物件： obj/user#134 ("柳五")
呼叫来自：cmds/std/go.c 的 main() 第 58 行，物件： cmds/std/go

执行时段错误：*call_other() couldn't find object

程式：cmds/std/go.c 第 58 行
物件: /cmds/std/go
呼叫来自：feature/command.c 的 command_hook() 第 43 行，物件： obj/user#134 ("柳五")
呼叫来自：cmds/std/go.c 的 main() 第 58 行，物件： cmds/std/go

执行时段错误：*Bad argument 1 to explode()
Expected: string Got: 0.

程式：feature/more.c 第 31 行
物件: /obj/user#22
呼叫来自：feature/command.c 的 command_hook() 第 43 行，物件： obj/user#22 ("南宫天风")
呼叫来自：cmds/app/more.c 的 main() 第 27 行，物件： cmds/app/more
呼叫来自：feature/more.c 的 start_more() 第 31 行，物件： obj/user#22 ("南宫天风")

执行时段错误：*Bad argument 1 to capitalize()
Expected: string Got: 0.

程式：feature/name.c 第 68 行
物件: /obj/board/board1
呼叫来自：feature/command.c 的 command_hook() 第 43 行，物件： obj/user#22 ("南宫天风")
呼叫来自：cmds/std/look.c 的 main() 第 21 行，物件： cmds/std/look
呼叫来自：cmds/std/look.c 的 look_room() 第 183 行，物件： cmds/std/look
呼叫来自：std/bboard.c 的 short() 第 42 行，物件： obj/board/board1 ("/obj/board/board1")
呼叫来自：feature/name.c 的 short() 第 68 行，物件： obj/board/board1 ("/obj/board/board1")

执行时段错误：*Bad argument 1 to capitalize()
Expected: string Got: 0.

程式：feature/name.c 第 68 行
物件: /obj/board/board1
呼叫来自：feature/command.c 的 command_hook() 第 43 行，物件： obj/user#134 ("柳五")
呼叫来自：cmds/imm/goto.c 的 main() 第 39 行，物件： cmds/imm/goto
呼叫来自：feature/move.c 的 move() 第 92 行，物件： obj/user#134 ("柳五")
呼叫来自：feature/command.c 的 command_hook() 第 43 行，物件： obj/user#134 ("柳五")
呼叫来自：cmds/std/look.c 的 main() 第 21 行，物件： cmds/std/look
呼叫来自：cmds/std/look.c 的 look_room() 第 183 行，物件： cmds/std/look
呼叫来自：std/bboard.c 的 short() 第 42 行，物件： obj/board/board1 ("/obj/board/board1")
呼叫来自：feature/name.c 的 short() 第 68 行，物件： obj/board/board1 ("/obj/board/board1")

执行时段错误：*Bad argument 1 to capitalize()
Expected: string Got: 0.

程式：feature/name.c 第 68 行
物件: /obj/board/board1
呼叫来自：feature/command.c 的 command_hook() 第 43 行，物件： obj/user#134 ("柳五")
呼叫来自：cmds/std/look.c 的 main() 第 21 行，物件： cmds/std/look
呼叫来自：cmds/std/look.c 的 look_room() 第 183 行，物件： cmds/std/look
呼叫来自：std/bboard.c 的 short() 第 42 行，物件： obj/board/board1 ("/obj/board/board1")
呼叫来自：feature/name.c 的 short() 第 68 行，物件： obj/board/board1 ("/obj/board/board1")

执行时段错误：*Bad argument 1 to capitalize()
Expected: string Got: 0.

程式：feature/name.c 第 68 行
物件: /obj/board/board1
呼叫来自：feature/command.c 的 command_hook() 第 43 行，物件： obj/user#134 ("柳五")
呼叫来自：cmds/std/go.c 的 main() 第 99 行，物件： cmds/std/go
呼叫来自：feature/move.c 的 move() 第 92 行，物件： obj/user#134 ("柳五")
呼叫来自：feature/command.c 的 command_hook() 第 43 行，物件： obj/user#134 ("柳五")
呼叫来自：cmds/std/look.c 的 main() 第 21 行，物件： cmds/std/look
呼叫来自：cmds/std/look.c 的 look_room() 第 183 行，物件： cmds/std/look
呼叫来自：std/bboard.c 的 short() 第 42 行，物件： obj/board/board1 ("/obj/board/board1")
呼叫来自：feature/name.c 的 short() 第 68 行，物件： obj/board/board1 ("/obj/board/board1")

执行时段错误：*Bad argument 1 to capitalize()
Expected: string Got: 0.

程式：feature/name.c 第 68 行
物件: /obj/board/board1
呼叫来自：feature/command.c 的 command_hook() 第 43 行，物件： obj/user#22 ("南宫天风")
呼叫来自：cmds/std/look.c 的 main() 第 21 行，物件： cmds/std/look
呼叫来自：cmds/std/look.c 的 look_room() 第 183 行，物件： cmds/std/look
呼叫来自：std/bboard.c 的 short() 第 42 行，物件： obj/board/board1 ("/obj/board/board1")
呼叫来自：feature/name.c 的 short() 第 68 行，物件： obj/board/board1 ("/obj/board/board1")

执行时段错误：*Bad argument 1 to capitalize()
Expected: string Got: 0.

程式：feature/name.c 第 68 行
物件: /obj/board/board1
呼叫来自：feature/command.c 的 command_hook() 第 43 行，物件： obj/user#22 ("南宫天风")
呼叫来自：cmds/std/look.c 的 main() 第 21 行，物件： cmds/std/look
呼叫来自：cmds/std/look.c 的 look_room() 第 183 行，物件： cmds/std/look
呼叫来自：std/bboard.c 的 short() 第 42 行，物件： obj/board/board1 ("/obj/board/board1")
呼叫来自：feature/name.c 的 short() 第 68 行，物件： obj/board/board1 ("/obj/board/board1")
closed external ports
Initializing internal tables....

<---Mudos v22pre11 for WIN95/NT (by wwj,May 18 1998) Config: 风云三（本地）   shutdown at Mon Apr 17 20:09:43 2000




<---Mudos v22pre11 for WIN95/NT (by wwj,May 18 1998) Config: 风云三（本地）   startup at Mon Apr 17 20:09:45 2000

using config file: config.fy3
----------------------------------------------------------------------------
风云三（本地）   (MudOS v22pre11) starting up on Microsoft Windows 95 - Mon Apr 17 20:09:45 2000


Can't find "mudos", ignoring old binaries.
Try invoking the driver using the full pathname.
System Error: init_addr_server: connect:Bad address
]simul_efun loaded successfully.

Loading preloaded files ...
Initializations complete.

Accepting connections on port 5555.

执行时段错误：*call_other() couldn't find object

程式：d/wiz/meeting.c 第 24 行
物件: /d/wiz/meeting
呼叫来自：feature/command.c 的 command_hook() 第 43 行，物件： obj/user#2 ("南宫天风")
呼叫来自：cmds/std/go.c 的 main() 第 58 行，物件： cmds/std/go
呼叫来自：d/wiz/meeting.c 的 create() 第 24 行，物件： d/wiz/meeting
][1;34m【系统】中央处理器(Cpu)：断线了。
[2;37;0mclosed external ports
Initializing internal tables....

<---Mudos v22pre11 for WIN95/NT (by wwj,May 18 1998) Config: 风云三（本地）   shutdown at Mon Apr 17 20:19:36 2000




<---Mudos v22pre11 for WIN95/NT (by wwj,May 18 1998) Config: 风云三（本地）   startup at Mon Apr 17 20:19:37 2000

using config file: config.fy3
----------------------------------------------------------------------------
风云三（本地）   (MudOS v22pre11) starting up on Microsoft Windows 95 - Mon Apr 17 20:19:38 2000


Can't find "mudos", ignoring old binaries.
Try invoking the driver using the full pathname.
System Error: init_addr_server: connect:Bad address
]simul_efun loaded successfully.

Loading preloaded files ...
Initializations complete.

Accepting connections on port 5555.
][1;34m【系统】中央处理器(Cpu)：断线了。
[2;37;0m错误讯息被拦截: 
执行时段错误：*Error in loading object '/adm/daemons/logind'

程式：cmds/app/update.c 第 53 行
物件: /cmds/app/update
呼叫来自：feature/command.c 的 command_hook() 第 43 行，物件： obj/user#12 ("中央处理器")
呼叫来自：cmds/app/update.c 的 main() 第 53 行，物件： cmds/app/update
呼叫来自：cmds/app/update.c 的 CATCH() 第 53 行，物件： cmds/app/update
错误讯息被拦截: 
执行时段错误：*Error in loading object '/adm/daemons/logind'

程式：cmds/app/update.c 第 53 行
物件: /cmds/app/update
呼叫来自：feature/command.c 的 command_hook() 第 43 行，物件： obj/user#12 ("中央处理器")
呼叫来自：cmds/app/update.c 的 main() 第 53 行，物件： cmds/app/update
呼叫来自：cmds/app/update.c 的 CATCH() 第 53 行，物件： cmds/app/update

执行时段错误：*Index out of bounds in string index lvalue.

程式：adm/daemons/logind.c 第 548 行
物件: /adm/daemons/logind
呼叫来自：adm/daemons/logind.c 的 get_id() 第 96 行，物件： adm/daemons/logind
呼叫来自：adm/daemons/logind.c 的 check_legal_id() 第 548 行，物件： adm/daemons/logind

执行时段错误：*Index out of bounds in string index lvalue.

程式：adm/daemons/logind.c 第 548 行
物件: /adm/daemons/logind
呼叫来自：adm/daemons/logind.c 的 get_id() 第 96 行，物件： adm/daemons/logind
呼叫来自：adm/daemons/logind.c 的 check_legal_id() 第 548 行，物件： adm/daemons/logind

执行时段错误：*Bad argument 1 to explode()
Expected: string Got: 0.

程式：feature/more.c 第 31 行
物件: /obj/user#9
呼叫来自：feature/command.c 的 command_hook() 第 43 行，物件： obj/user#9 ("南宫天风")
呼叫来自：cmds/app/more.c 的 main() 第 27 行，物件： cmds/app/more
呼叫来自：feature/more.c 的 start_more() 第 31 行，物件： obj/user#9 ("南宫天风")

执行时段错误：*String index out of bounds.

程式：adm/daemons/logind.c 第 546 行
物件: /adm/daemons/logind
呼叫来自：adm/daemons/logind.c 的 get_id() 第 96 行，物件： adm/daemons/logind
呼叫来自：adm/daemons/logind.c 的 check_legal_id() 第 546 行，物件： adm/daemons/logind

执行时段错误：*String index out of bounds.

程式：adm/daemons/logind.c 第 546 行
物件: /adm/daemons/logind
呼叫来自：adm/daemons/logind.c 的 get_id() 第 96 行，物件： adm/daemons/logind
呼叫来自：adm/daemons/logind.c 的 check_legal_id() 第 546 行，物件： adm/daemons/logind

执行时段错误：*String index out of bounds.

程式：adm/daemons/logind.c 第 546 行
物件: /adm/daemons/logind
呼叫来自：adm/daemons/logind.c 的 get_id() 第 96 行，物件： adm/daemons/logind
呼叫来自：adm/daemons/logind.c 的 check_legal_id() 第 546 行，物件： adm/daemons/logind

执行时段错误：*String index out of bounds.

程式：adm/daemons/logind.c 第 546 行
物件: /adm/daemons/logind
呼叫来自：adm/daemons/logind.c 的 get_id() 第 96 行，物件： adm/daemons/logind
呼叫来自：adm/daemons/logind.c 的 check_legal_id() 第 546 行，物件： adm/daemons/logind

执行时段错误：*String index out of bounds.

程式：adm/daemons/logind.c 第 546 行
物件: /adm/daemons/logind
呼叫来自：adm/daemons/logind.c 的 get_id() 第 96 行，物件： adm/daemons/logind
呼叫来自：adm/daemons/logind.c 的 check_legal_id() 第 546 行，物件： adm/daemons/logind
错误讯息被拦截: 
执行时段错误：*Error in loading object '/npc/yandang/sangcuo'

程式：cmds/app/clone.c 第 28 行
物件: /cmds/app/clone
呼叫来自：feature/command.c 的 command_hook() 第 43 行，物件： obj/user#9 ("南宫天风")
呼叫来自：cmds/app/clone.c 的 main() 第 28 行，物件： cmds/app/clone
呼叫来自：cmds/app/clone.c 的 CATCH() 第 28 行，物件： cmds/app/clone
错误讯息被拦截: 
执行时段错误：*Error in loading object '/npc/yandang/seng'

程式：cmds/app/clone.c 第 28 行
物件: /cmds/app/clone
呼叫来自：feature/command.c 的 command_hook() 第 43 行，物件： obj/user#9 ("南宫天风")
呼叫来自：cmds/app/clone.c 的 main() 第 28 行，物件： cmds/app/clone
呼叫来自：cmds/app/clone.c 的 CATCH() 第 28 行，物件： cmds/app/clone

执行时段错误：*Wrong permissions for opening file /log/wiz/clone/nangong.log for append.
"No such file or directory"

程式：adm/obj/simul_efun.c 第 10 行
物件: /adm/obj/simul_efun
呼叫来自：feature/command.c 的 command_hook() 第 43 行，物件： obj/user#9 ("南宫天风")
呼叫来自：cmds/app/clone.c 的 main() 第 41 行，物件： cmds/app/clone
呼叫来自：adm/obj/simul_efun.c 的 log_file() 第 10 行，物件： adm/obj/simul_efun

执行时段错误：*Wrong permissions for opening file /log/wiz/clone/nangong.log for append.
"No such file or directory"

程式：adm/obj/simul_efun.c 第 10 行
物件: /adm/obj/simul_efun
呼叫来自：feature/command.c 的 command_hook() 第 43 行，物件： obj/user#9 ("南宫天风")
呼叫来自：cmds/app/clone.c 的 main() 第 41 行，物件： cmds/app/clone
呼叫来自：adm/obj/simul_efun.c 的 log_file() 第 10 行，物件： adm/obj/simul_efun

执行时段错误：*String index out of bounds.

程式：adm/daemons/logind.c 第 546 行
物件: /adm/daemons/logind
呼叫来自：adm/daemons/logind.c 的 get_id() 第 96 行，物件： adm/daemons/logind
呼叫来自：adm/daemons/logind.c 的 check_legal_id() 第 546 行，物件： adm/daemons/logind

执行时段错误：*String index out of bounds.

程式：adm/daemons/logind.c 第 546 行
物件: /adm/daemons/logind
呼叫来自：adm/daemons/logind.c 的 get_id() 第 96 行，物件： adm/daemons/logind
呼叫来自：adm/daemons/logind.c 的 check_legal_id() 第 546 行，物件： adm/daemons/logind

执行时段错误：*Wrong permissions for opening file /log/wiz/update/cch.log for append.
"No such file or directory"

程式：adm/obj/simul_efun.c 第 10 行
物件: /adm/obj/simul_efun
呼叫来自：feature/command.c 的 command_hook() 第 43 行，物件： obj/user#2 ("柳五")
呼叫来自：cmds/app/update.c 的 main() 第 59 行，物件： cmds/app/update
呼叫来自：adm/obj/simul_efun.c 的 log_file() 第 10 行，物件： adm/obj/simul_efun

执行时段错误：*Wrong permissions for opening file /log/wiz/update/cch.log for append.
"No such file or directory"

程式：adm/obj/simul_efun.c 第 10 行
物件: /adm/obj/simul_efun
呼叫来自：feature/command.c 的 command_hook() 第 43 行，物件： obj/user#2 ("柳五")
呼叫来自：cmds/app/update.c 的 main() 第 59 行，物件： cmds/app/update
呼叫来自：adm/obj/simul_efun.c 的 log_file() 第 10 行，物件： adm/obj/simul_efun

执行时段错误：*Wrong permissions for opening file /log/wiz/edit/cch.log for append.
"No such file or directory"

程式：adm/obj/simul_efun.c 第 10 行
物件: /adm/obj/simul_efun
呼叫来自：feature/command.c 的 command_hook() 第 43 行，物件： obj/user#2 ("柳五")
呼叫来自：cmds/app/edit.c 的 main() 第 16 行，物件： cmds/app/edit
呼叫来自：adm/obj/simul_efun.c 的 log_file() 第 10 行，物件： adm/obj/simul_efun

执行时段错误：*Wrong permissions for opening file /log/wiz/update/nangong.log for append.
"No such file or directory"

程式：adm/obj/simul_efun.c 第 10 行
物件: /adm/obj/simul_efun
呼叫来自：feature/command.c 的 command_hook() 第 43 行，物件： obj/user#9 ("南宫天风")
呼叫来自：cmds/app/update.c 的 main() 第 59 行，物件： cmds/app/update
呼叫来自：adm/obj/simul_efun.c 的 log_file() 第 10 行，物件： adm/obj/simul_efun

执行时段错误：*Wrong permissions for opening file /log/wiz/update/nangong.log for append.
"No such file or directory"

程式：adm/obj/simul_efun.c 第 10 行
物件: /adm/obj/simul_efun
呼叫来自：feature/command.c 的 command_hook() 第 43 行，物件： obj/user#9 ("南宫天风")
呼叫来自：cmds/app/update.c 的 main() 第 59 行，物件： cmds/app/update
呼叫来自：adm/obj/simul_efun.c 的 log_file() 第 10 行，物件： adm/obj/simul_efun

执行时段错误：*Wrong permissions for opening file /log/wiz/update/nangong.log for append.
"No such file or directory"

程式：adm/obj/simul_efun.c 第 10 行
物件: /adm/obj/simul_efun
呼叫来自：feature/command.c 的 command_hook() 第 43 行，物件： obj/user#9 ("南宫天风")
呼叫来自：cmds/app/update.c 的 main() 第 59 行，物件： cmds/app/update
呼叫来自：adm/obj/simul_efun.c 的 log_file() 第 10 行，物件： adm/obj/simul_efun

执行时段错误：*Wrong permissions for opening file /log/static/PURGE for append.
"No such file or directory"

程式：adm/obj/simul_efun.c 第 10 行
物件: /adm/obj/simul_efun
呼叫来自：feature/command.c 的 command_hook() 第 43 行，物件： obj/user#9 ("南宫天风")
呼叫来自：cmds/adm/purge.c 的 main() 第 24 行，物件： cmds/adm/purge
呼叫来自：cmds/adm/purge.c 的 do_purge_players() 第 90 行，物件： cmds/adm/purge
呼叫来自：adm/obj/simul_efun.c 的 log_file() 第 10 行，物件： adm/obj/simul_efun

执行时段错误：*Wrong permissions for opening file /log/wiz/rm/nangong.log for append.
"No such file or directory"

程式：adm/obj/simul_efun.c 第 10 行
物件: /adm/obj/simul_efun
呼叫来自：feature/command.c 的 command_hook() 第 43 行，物件： obj/user#9 ("南宫天风")
呼叫来自：cmds/app/rm.c 的 main() 第 15 行，物件： cmds/app/rm
呼叫来自：adm/obj/simul_efun.c 的 log_file() 第 10 行，物件： adm/obj/simul_efun

执行时段错误：*restore_object(): Illegal file format.

程式：feature/save.c 第 19 行
物件: /obj/stand#112
呼叫来自：feature/command.c 的 command_hook() 第 43 行，物件： obj/user#9 ("南宫天风")
呼叫来自：cmds/adm/rsetnpc.c 的 main() 第 51 行，物件： cmds/adm/rsetnpc
呼叫来自：obj/stand.c 的 create() 第 9 行，物件： obj/stand#112 ("/obj/stand#112")
呼叫来自：feature/save.c 的 restore() 第 19 行，物件： obj/stand#112 ("/obj/stand#112")

执行时段错误：*Bad argument 1 to present()
Expected: string or object Got: 0.

程式：cmds/wiz/test.c 第 9 行
物件: /cmds/wiz/test
呼叫来自：feature/command.c 的 command_hook() 第 43 行，物件： obj/user#9 ("南宫天风")
呼叫来自：cmds/wiz/test.c 的 main() 第 9 行，物件： cmds/wiz/test

执行时段错误：*Error in loading object '/cmds/app/cost'

程式：feature/command.c 第 43 行
物件: /obj/user#9
呼叫来自：feature/command.c 的 command_hook() 第 43 行，物件： obj/user#9 ("南宫天风")

执行时段错误：*restore_object(): Illegal file format.

程式：feature/save.c 第 19 行
物件: /obj/stand#126
呼叫来自：feature/command.c 的 command_hook() 第 43 行，物件： obj/user#55 ("中央处理器")
呼叫来自：cmds/adm/shownpc.c 的 main() 第 41 行，物件： cmds/adm/shownpc
呼叫来自：obj/stand.c 的 create() 第 9 行，物件： obj/stand#126 ("/obj/stand#126")
呼叫来自：feature/save.c 的 restore() 第 19 行，物件： obj/stand#126 ("/obj/stand#126")

执行时段错误：*(s)printf(): More arguments specified than passed. (arg: 3)

程式：cmds/arch/callouts.c 第 19 行
物件: /cmds/arch/callouts
呼叫来自：feature/command.c 的 command_hook() 第 43 行，物件： obj/user#9 ("南宫天风")
呼叫来自：cmds/arch/callouts.c 的 main() 第 19 行，物件： cmds/arch/callouts

执行时段错误：*Bad argument 1 to exec()

程式：adm/daemons/logind.c 第 413 行
物件: /adm/daemons/logind
呼叫来自：feature/command.c 的 command_hook() 第 43 行，物件： obj/user#9 ("南宫天风")
呼叫来自：cmds/arch/possess.c 的 main() 第 18 行，物件： cmds/arch/possess
呼叫来自：adm/daemons/logind.c 的 enter_world() 第 413 行，物件： adm/daemons/logind

执行时段错误：*Bad argument 1 to exec()

程式：adm/daemons/logind.c 第 413 行
物件: /adm/daemons/logind
呼叫来自：feature/command.c 的 command_hook() 第 43 行，物件： obj/user#122 ("柳五")
呼叫来自：cmds/arch/possess.c 的 main() 第 18 行，物件： cmds/arch/possess
呼叫来自：adm/daemons/logind.c 的 enter_world() 第 413 行，物件： adm/daemons/logind

执行时段错误：*Bad argument 1 to exec()

程式：adm/daemons/logind.c 第 413 行
物件: /adm/daemons/logind
呼叫来自：feature/command.c 的 command_hook() 第 43 行，物件： obj/user#122 ("柳五")
呼叫来自：cmds/arch/possess.c 的 main() 第 18 行，物件： cmds/arch/possess
呼叫来自：adm/daemons/logind.c 的 enter_world() 第 413 行，物件： adm/daemons/logind
closed external ports
Initializing internal tables....

<---Mudos v22pre11 for WIN95/NT (by wwj,May 18 1998) Config: 风云三（本地）   shutdown at Mon Apr 17 20:51:36 2000




<---Mudos v22pre11 for WIN95/NT (by wwj,May 18 1998) Config: 风云三（本地）   startup at Mon Apr 17 20:51:37 2000

using config file: config.fy3
----------------------------------------------------------------------------
风云三（本地）   (MudOS v22pre11) starting up on Microsoft Windows 95 - Mon Apr 17 20:51:37 2000


Can't find "mudos", ignoring old binaries.
Try invoking the driver using the full pathname.
System Error: init_addr_server: connect:Bad address
]simul_efun loaded successfully.

Loading preloaded files ...
Initializations complete.

Accepting connections on port 5555.
closed external ports
Initializing internal tables....

<---Mudos v22pre11 for WIN95/NT (by wwj,May 18 1998) Config: 风云三（本地）   shutdown at Mon Apr 17 21:02:08 2000




<---Mudos v22pre11 for WIN95/NT (by wwj,May 18 1998) Config: 风云三（本地）   startup at Mon Apr 17 21:02:08 2000

using config file: config.fy3
----------------------------------------------------------------------------
风云三（本地）   (MudOS v22pre11) starting up on Microsoft Windows 95 - Mon Apr 17 21:02:09 2000


Can't find "mudos", ignoring old binaries.
Try invoking the driver using the full pathname.
System Error: init_addr_server: connect:Bad address
]simul_efun loaded successfully.

Loading preloaded files ...
Initializations complete.

Accepting connections on port 5555.
Initializing internal tables....

<---Mudos v22pre11 for WIN95/NT (by wwj,May 18 1998) Config: 风云三（本地）   startup at Mon Apr 17 21:06:40 2000

using config file: config.fy3
----------------------------------------------------------------------------
风云三（本地）   (MudOS v22pre11) starting up on Microsoft Windows 95 - Mon Apr 17 21:06:41 2000


Can't find "mudos", ignoring old binaries.
Try invoking the driver using the full pathname.
System Error: init_addr_server: connect:Bad address
]simul_efun loaded successfully.

Loading preloaded files ...
Initializations complete.

Accepting connections on port 5555.
][1;34m【系统】迪斯科(Swordman)：断线了。
[2;37;0m错误讯息被拦截: 
执行时段错误：*Error in loading object '/cmds/usr/who'

程式：cmds/app/update.c 第 53 行
物件: /cmds/app/update
呼叫来自：feature/command.c 的 command_hook() 第 43 行，物件： obj/user#42 ("中央处理器")
呼叫来自：cmds/app/update.c 的 main() 第 53 行，物件： cmds/app/update
呼叫来自：cmds/app/update.c 的 CATCH() 第 53 行，物件： cmds/app/update
错误讯息被拦截: 
执行时段错误：*Error in loading object '/cmds/usr/who'

程式：cmds/app/update.c 第 53 行
物件: /cmds/app/update
呼叫来自：feature/command.c 的 command_hook() 第 43 行，物件： obj/user#42 ("中央处理器")
呼叫来自：cmds/app/update.c 的 main() 第 53 行，物件： cmds/app/update
呼叫来自：cmds/app/update.c 的 CATCH() 第 53 行，物件： cmds/app/update
错误讯息被拦截: 
执行时段错误：*Error in loading object '/cmds/usr/who'

程式：cmds/app/update.c 第 53 行
物件: /cmds/app/update
呼叫来自：feature/command.c 的 command_hook() 第 43 行，物件： obj/user#42 ("中央处理器")
呼叫来自：cmds/app/update.c 的 main() 第 53 行，物件： cmds/app/update
呼叫来自：cmds/app/update.c 的 CATCH() 第 53 行，物件： cmds/app/update
错误讯息被拦截: 
执行时段错误：*Error in loading object '/cmds/usr/who'

程式：cmds/app/update.c 第 53 行
物件: /cmds/app/update
呼叫来自：feature/command.c 的 command_hook() 第 43 行，物件： obj/user#42 ("中央处理器")
呼叫来自：cmds/app/update.c 的 main() 第 53 行，物件： cmds/app/update
呼叫来自：cmds/app/update.c 的 CATCH() 第 53 行，物件： cmds/app/update

执行时段错误：*Bad argument 1 to call_other()
Expected: string or array or object Got: 0.

程式：feature/message.c 第 58 行
物件: /obj/user#56
呼叫来自：feature/command.c 的 command_hook() 第 43 行，物件： 0
呼叫来自：cmds/app/update.c 的 main() 第 22 行，物件： cmds/app/update
呼叫来自：cmds/app/update.c 的 update_player() 第 92 行，物件： cmds/app/update
呼叫来自：feature/message.c 的 write_prompt() 第 58 行，物件： obj/user#56 ("中央处理器")

执行时段错误：*Bad argument 1 to call_other()
Expected: string or array or object Got: 0.

程式：feature/message.c 第 58 行
物件: /obj/user#59
呼叫来自：feature/command.c 的 command_hook() 第 43 行，物件： 0
呼叫来自：cmds/app/update.c 的 main() 第 22 行，物件： cmds/app/update
呼叫来自：cmds/app/update.c 的 update_player() 第 92 行，物件： cmds/app/update
呼叫来自：feature/message.c 的 write_prompt() 第 58 行，物件： obj/user#59 ("中央处理器")

执行时段错误：*Bad argument 1 to call_other()
Expected: string or array or object Got: 0.

程式：feature/message.c 第 58 行
物件: /obj/user#62
呼叫来自：feature/command.c 的 command_hook() 第 43 行，物件： 0
呼叫来自：cmds/app/update.c 的 main() 第 22 行，物件： cmds/app/update
呼叫来自：cmds/app/update.c 的 update_player() 第 92 行，物件： cmds/app/update
呼叫来自：feature/message.c 的 write_prompt() 第 58 行，物件： obj/user#62 ("中央处理器")

执行时段错误：*Bad argument 1 to call_other()
Expected: string or array or object Got: 0.

程式：feature/message.c 第 58 行
物件: /obj/user#65
呼叫来自：feature/command.c 的 command_hook() 第 43 行，物件： 0
呼叫来自：cmds/app/update.c 的 main() 第 22 行，物件： cmds/app/update
呼叫来自：cmds/app/update.c 的 update_player() 第 92 行，物件： cmds/app/update
呼叫来自：feature/message.c 的 write_prompt() 第 58 行，物件： obj/user#65 ("中央处理器")
错误讯息被拦截: 
执行时段错误：*Error in loading object '/cmds/imm/where'

程式：cmds/app/update.c 第 53 行
物件: /cmds/app/update
呼叫来自：feature/command.c 的 command_hook() 第 43 行，物件： obj/user#65 ("中央处理器")
呼叫来自：cmds/app/update.c 的 main() 第 53 行，物件： cmds/app/update
呼叫来自：cmds/app/update.c 的 CATCH() 第 53 行，物件： cmds/app/update
错误讯息被拦截: 
执行时段错误：*Error in loading object '/cmds/imm/where'

程式：cmds/app/update.c 第 53 行
物件: /cmds/app/update
呼叫来自：feature/command.c 的 command_hook() 第 43 行，物件： obj/user#65 ("中央处理器")
呼叫来自：cmds/app/update.c 的 main() 第 53 行，物件： cmds/app/update
呼叫来自：cmds/app/update.c 的 CATCH() 第 53 行，物件： cmds/app/update
错误讯息被拦截: 
执行时段错误：*Error in loading object '/cmds/imm/where'

程式：cmds/app/update.c 第 53 行
物件: /cmds/app/update
呼叫来自：feature/command.c 的 command_hook() 第 43 行，物件： obj/user#65 ("中央处理器")
呼叫来自：cmds/app/update.c 的 main() 第 53 行，物件： cmds/app/update
呼叫来自：cmds/app/update.c 的 CATCH() 第 53 行，物件： cmds/app/update
Initializing internal tables....

<---Mudos v22pre11 for WIN95/NT (by wwj,May 18 1998) Config: 风云三（本地）   startup at Mon Apr 17 21:34:44 2000

using config file: config.fy3
----------------------------------------------------------------------------
风云三（本地）   (MudOS v22pre11) starting up on Microsoft Windows 95 - Mon Apr 17 21:34:45 2000


Can't find "mudos", ignoring old binaries.
Try invoking the driver using the full pathname.
System Error: init_addr_server: connect:Bad address
]simul_efun loaded successfully.

Loading preloaded files ...
Initializations complete.

Accepting connections on port 5555.

执行时段错误：*Error in loading object '/cmds/imm/where'

程式：feature/command.c 第 43 行
物件: /obj/user#5
呼叫来自：feature/command.c 的 command_hook() 第 43 行，物件： obj/user#5 ("中央处理器")
错误讯息被拦截: 
执行时段错误：*Error in loading object '/cmds/imm/where'

程式：cmds/app/update.c 第 53 行
物件: /cmds/app/update
呼叫来自：feature/command.c 的 command_hook() 第 43 行，物件： obj/user#5 ("中央处理器")
呼叫来自：cmds/app/update.c 的 main() 第 53 行，物件： cmds/app/update
呼叫来自：cmds/app/update.c 的 CATCH() 第 53 行，物件： cmds/app/update
错误讯息被拦截: 
执行时段错误：*Error in loading object '/cmds/imm/where'

程式：cmds/app/update.c 第 53 行
物件: /cmds/app/update
呼叫来自：feature/command.c 的 command_hook() 第 43 行，物件： obj/user#5 ("中央处理器")
呼叫来自：cmds/app/update.c 的 main() 第 53 行，物件： cmds/app/update
呼叫来自：cmds/app/update.c 的 CATCH() 第 53 行，物件： cmds/app/update
Initializing internal tables....

<---Mudos v22pre11 for WIN95/NT (by wwj,May 18 1998) Config: 风云三（本地）   startup at Mon Apr 17 21:37:44 2000

using config file: config.fy3
----------------------------------------------------------------------------
风云三（本地）   (MudOS v22pre11) starting up on Microsoft Windows 95 - Mon Apr 17 21:37:45 2000


Can't find "mudos", ignoring old binaries.
Try invoking the driver using the full pathname.
System Error: init_addr_server: connect:Bad address
]simul_efun loaded successfully.

Loading preloaded files ...
Initializations complete.

Accepting connections on port 5555.
Initializing internal tables....

<---Mudos v22pre11 for WIN95/NT (by wwj,May 18 1998) Config: 风云三（本地）   startup at Mon Apr 17 21:39:25 2000

using config file: config.fy3
----------------------------------------------------------------------------
风云三（本地）   (MudOS v22pre11) starting up on Microsoft Windows 95 - Mon Apr 17 21:39:26 2000


Can't find "mudos", ignoring old binaries.
Try invoking the driver using the full pathname.
System Error: init_addr_server: connect:Bad address
]simul_efun loaded successfully.

Loading preloaded files ...
Initializations complete.

Accepting connections on port 5555.
错误讯息被拦截: 
执行时段错误：*Error in loading object '/cmds/imm/where'

程式：cmds/app/update.c 第 53 行
物件: /cmds/app/update
呼叫来自：feature/command.c 的 command_hook() 第 43 行，物件： obj/user#5 ("中央处理器")
呼叫来自：cmds/app/update.c 的 main() 第 53 行，物件： cmds/app/update
呼叫来自：cmds/app/update.c 的 CATCH() 第 53 行，物件： cmds/app/update
错误讯息被拦截: 
执行时段错误：*Error in loading object '/cmds/imm/where'

程式：cmds/app/update.c 第 53 行
物件: /cmds/app/update
呼叫来自：feature/command.c 的 command_hook() 第 43 行，物件： obj/user#5 ("中央处理器")
呼叫来自：cmds/app/update.c 的 main() 第 53 行，物件： cmds/app/update
呼叫来自：cmds/app/update.c 的 CATCH() 第 53 行，物件： cmds/app/update
错误讯息被拦截: 
执行时段错误：*Error in loading object '/cmds/imm/where'

程式：cmds/app/update.c 第 53 行
物件: /cmds/app/update
呼叫来自：feature/command.c 的 command_hook() 第 43 行，物件： obj/user#5 ("中央处理器")
呼叫来自：cmds/app/update.c 的 main() 第 53 行，物件： cmds/app/update
呼叫来自：cmds/app/update.c 的 CATCH() 第 53 行，物件： cmds/app/update
错误讯息被拦截: 
执行时段错误：*Error in loading object '/cmds/imm/where'

程式：cmds/app/update.c 第 53 行
物件: /cmds/app/update
呼叫来自：feature/command.c 的 command_hook() 第 43 行，物件： obj/user#5 ("中央处理器")
呼叫来自：cmds/app/update.c 的 main() 第 53 行，物件： cmds/app/update
呼叫来自：cmds/app/update.c 的 CATCH() 第 53 行，物件： cmds/app/update
错误讯息被拦截: 
执行时段错误：*Error in loading object '/cmds/imm/where'

程式：cmds/app/update.c 第 53 行
物件: /cmds/app/update
呼叫来自：feature/command.c 的 command_hook() 第 43 行，物件： obj/user#5 ("中央处理器")
呼叫来自：cmds/app/update.c 的 main() 第 53 行，物件： cmds/app/update
呼叫来自：cmds/app/update.c 的 CATCH() 第 53 行，物件： cmds/app/update
错误讯息被拦截: 
执行时段错误：*Error in loading object '/cmds/imm/where'

程式：cmds/app/update.c 第 53 行
物件: /cmds/app/update
呼叫来自：feature/command.c 的 command_hook() 第 43 行，物件： obj/user#5 ("中央处理器")
呼叫来自：cmds/app/update.c 的 main() 第 53 行，物件： cmds/app/update
呼叫来自：cmds/app/update.c 的 CATCH() 第 53 行，物件： cmds/app/update
错误讯息被拦截: 
执行时段错误：*Error in loading object '/cmds/imm/where'

程式：cmds/app/update.c 第 53 行
物件: /cmds/app/update
呼叫来自：feature/command.c 的 command_hook() 第 43 行，物件： obj/user#5 ("中央处理器")
呼叫来自：cmds/app/update.c 的 main() 第 53 行，物件： cmds/app/update
呼叫来自：cmds/app/update.c 的 CATCH() 第 53 行，物件： cmds/app/update
错误讯息被拦截: 
执行时段错误：*Error in loading object '/cmds/imm/where'

程式：cmds/app/update.c 第 53 行
物件: /cmds/app/update
呼叫来自：feature/command.c 的 command_hook() 第 43 行，物件： obj/user#5 ("中央处理器")
呼叫来自：cmds/app/update.c 的 main() 第 53 行，物件： cmds/app/update
呼叫来自：cmds/app/update.c 的 CATCH() 第 53 行，物件： cmds/app/update
错误讯息被拦截: 
执行时段错误：*Error in loading object '/cmds/imm/where'

程式：cmds/app/update.c 第 53 行
物件: /cmds/app/update
呼叫来自：feature/command.c 的 command_hook() 第 43 行，物件： obj/user#5 ("中央处理器")
呼叫来自：cmds/app/update.c 的 main() 第 53 行，物件： cmds/app/update
呼叫来自：cmds/app/update.c 的 CATCH() 第 53 行，物件： cmds/app/update
错误讯息被拦截: 
执行时段错误：*Error in loading object '/cmds/imm/where'

程式：cmds/app/update.c 第 53 行
物件: /cmds/app/update
呼叫来自：feature/command.c 的 command_hook() 第 43 行，物件： obj/user#5 ("中央处理器")
呼叫来自：cmds/app/update.c 的 main() 第 53 行，物件： cmds/app/update
呼叫来自：cmds/app/update.c 的 CATCH() 第 53 行，物件： cmds/app/update
错误讯息被拦截: 
执行时段错误：*Error in loading object '/cmds/imm/where'

程式：cmds/app/update.c 第 53 行
物件: /cmds/app/update
呼叫来自：feature/command.c 的 command_hook() 第 43 行，物件： obj/user#5 ("中央处理器")
呼叫来自：cmds/app/update.c 的 main() 第 53 行，物件： cmds/app/update
呼叫来自：cmds/app/update.c 的 CATCH() 第 53 行，物件： cmds/app/update
错误讯息被拦截: 
执行时段错误：*Error in loading object '/cmds/imm/where'

程式：cmds/app/update.c 第 53 行
物件: /cmds/app/update
呼叫来自：feature/command.c 的 command_hook() 第 43 行，物件： obj/user#5 ("中央处理器")
呼叫来自：cmds/app/update.c 的 main() 第 53 行，物件： cmds/app/update
呼叫来自：cmds/app/update.c 的 CATCH() 第 53 行，物件： cmds/app/update
错误讯息被拦截: 
执行时段错误：*Error in loading object '/cmds/imm/where'

程式：cmds/app/update.c 第 53 行
物件: /cmds/app/update
呼叫来自：feature/command.c 的 command_hook() 第 43 行，物件： obj/user#5 ("中央处理器")
呼叫来自：cmds/app/update.c 的 main() 第 53 行，物件： cmds/app/update
呼叫来自：cmds/app/update.c 的 CATCH() 第 53 行，物件： cmds/app/update
错误讯息被拦截: 
执行时段错误：*Error in loading object '/cmds/imm/where'

程式：cmds/app/update.c 第 53 行
物件: /cmds/app/update
呼叫来自：feature/command.c 的 command_hook() 第 43 行，物件： obj/user#5 ("中央处理器")
呼叫来自：cmds/app/update.c 的 main() 第 53 行，物件： cmds/app/update
呼叫来自：cmds/app/update.c 的 CATCH() 第 53 行，物件： cmds/app/update
错误讯息被拦截: 
执行时段错误：*Error in loading object '/cmds/imm/where'

程式：cmds/app/update.c 第 53 行
物件: /cmds/app/update
呼叫来自：feature/command.c 的 command_hook() 第 43 行，物件： obj/user#5 ("中央处理器")
呼叫来自：cmds/app/update.c 的 main() 第 53 行，物件： cmds/app/update
呼叫来自：cmds/app/update.c 的 CATCH() 第 53 行，物件： cmds/app/update

执行时段错误：*Error in loading object '/cmds/imm/where'

程式：feature/command.c 第 43 行
物件: /obj/user#5
呼叫来自：feature/command.c 的 command_hook() 第 43 行，物件： obj/user#5 ("中央处理器")

执行时段错误：*Error in loading object '/cmds/imm/where'

程式：feature/command.c 第 43 行
物件: /obj/user#5
呼叫来自：feature/command.c 的 command_hook() 第 43 行，物件： obj/user#5 ("中央处理器")
错误讯息被拦截: 
执行时段错误：*Error in loading object '/cmds/imm/where'

程式：cmds/app/update.c 第 53 行
物件: /cmds/app/update
呼叫来自：feature/command.c 的 command_hook() 第 43 行，物件： obj/user#5 ("中央处理器")
呼叫来自：cmds/app/update.c 的 main() 第 53 行，物件： cmds/app/update
呼叫来自：cmds/app/update.c 的 CATCH() 第 53 行，物件： cmds/app/update
错误讯息被拦截: 
执行时段错误：*Error in loading object '/cmds/imm/where'

程式：cmds/app/update.c 第 53 行
物件: /cmds/app/update
呼叫来自：feature/command.c 的 command_hook() 第 43 行，物件： obj/user#5 ("中央处理器")
呼叫来自：cmds/app/update.c 的 main() 第 53 行，物件： cmds/app/update
呼叫来自：cmds/app/update.c 的 CATCH() 第 53 行，物件： cmds/app/update

执行时段错误：*Bad argument 1 to strcmp()
Expected: string Got: 0.

程式：cmds/imm/where.c 第 20 行
物件: /cmds/imm/where
呼叫来自：feature/command.c 的 command_hook() 第 43 行，物件： obj/user#5 ("中央处理器")
呼叫来自：cmds/imm/where.c 的 main() 第 20 行，物件： cmds/imm/where

执行时段错误：*Bad argument 1 to strcmp()
Expected: string Got: 0.

程式：cmds/imm/where.c 第 20 行
物件: /cmds/imm/where
呼叫来自：feature/command.c 的 command_hook() 第 43 行，物件： obj/user#5 ("中央处理器")
呼叫来自：cmds/imm/where.c 的 main() 第 20 行，物件： cmds/imm/where

执行时段错误：*Bad argument 1 to strcmp()
Expected: string Got: 0.

程式：cmds/imm/where.c 第 20 行
物件: /cmds/imm/where
呼叫来自：feature/command.c 的 command_hook() 第 43 行，物件： obj/user#5 ("中央处理器")
呼叫来自：cmds/imm/where.c 的 main() 第 20 行，物件： cmds/imm/where
Initializing internal tables....

<---Mudos v22pre11 for WIN95/NT (by wwj,May 18 1998) Config: 风云三（本地）   startup at Tue Apr 18 14:20:42 2000


<---Mudos v22pre11 for WIN95/NT (by wwj,May 18 1998) Config: 风云三（本地）   startup at Tue Apr 18 18:59:14 2000

using config file: config.fy3
----------------------------------------------------------------------------
风云三（本地）   (MudOS v22pre11) starting up on Microsoft Windows 95 - Tue Apr 18 18:59:14 2000


Can't find "mudos", ignoring old binaries.
Try invoking the driver using the full pathname.
System Error: init_addr_server: connect:Bad address
]simul_efun loaded successfully.

Loading preloaded files ...
Initializations complete.

Accepting connections on port 5555.
Initializing internal tables....

<---Mudos v22pre11 for WIN95/NT (by wwj,May 18 1998) Config: 风云三（本地）   startup at Tue Apr 18 19:35:33 2000

using config file: config.fy3
----------------------------------------------------------------------------
风云三（本地）   (MudOS v22pre11) starting up on Microsoft Windows 95 - Tue Apr 18 19:35:33 2000


Can't find "mudos", ignoring old binaries.
Try invoking the driver using the full pathname.
System Error: init_addr_server: connect:Bad address
]simul_efun loaded successfully.

Loading preloaded files ...
Initializations complete.

Accepting connections on port 5555.
Initializing internal tables....

<---Mudos v22pre11 for WIN95/NT (by wwj,May 18 1998) Config: 风云三（本地）   startup at Tue Apr 18 19:40:01 2000

using config file: config.fy3
----------------------------------------------------------------------------
风云三（本地）   (MudOS v22pre11) starting up on Microsoft Windows 95 - Tue Apr 18 19:40:01 2000


Can't find "mudos", ignoring old binaries.
Try invoking the driver using the full pathname.
System Error: init_addr_server: connect:Bad address
]simul_efun loaded successfully.

Loading preloaded files ...
Initializations complete.

Accepting connections on port 5555.

执行时段错误：*Error in loading object '/adm/daemons/rankd'

程式：cmds/usr/who.c 第 56 行
物件: /cmds/usr/who
呼叫来自：feature/command.c 的 command_hook() 第 43 行，物件： obj/user#1 ("迪斯科")
呼叫来自：cmds/usr/who.c 的 main() 第 56 行，物件： cmds/usr/who
Initializing internal tables....

<---Mudos v22pre11 for WIN95/NT (by wwj,May 18 1998) Config: 风云三（本地）   startup at Tue Apr 18 19:41:33 2000

using config file: config.fy3
----------------------------------------------------------------------------
风云三（本地）   (MudOS v22pre11) starting up on Microsoft Windows 95 - Tue Apr 18 19:41:33 2000


Can't find "mudos", ignoring old binaries.
Try invoking the driver using the full pathname.
System Error: init_addr_server: connect:Bad address
]simul_efun loaded successfully.

Loading preloaded files ...
Initializations complete.

Accepting connections on port 5555.

执行时段错误：*Wrong permissions for opening file /log/wiz/edit/swordman.log for append.
"No such file or directory"

程式：adm/obj/simul_efun.c 第 10 行
物件: /adm/obj/simul_efun
呼叫来自：feature/command.c 的 command_hook() 第 43 行，物件： obj/user#2 ("迪斯科")
呼叫来自：cmds/app/edit.c 的 main() 第 16 行，物件： cmds/app/edit
呼叫来自：adm/obj/simul_efun.c 的 log_file() 第 10 行，物件： adm/obj/simul_efun

执行时段错误：*Wrong permissions for opening file /log/wiz/edit/swordman.log for append.
"No such file or directory"

程式：adm/obj/simul_efun.c 第 10 行
物件: /adm/obj/simul_efun
呼叫来自：feature/command.c 的 command_hook() 第 43 行，物件： obj/user#2 ("迪斯科")
呼叫来自：cmds/app/edit.c 的 main() 第 16 行，物件： cmds/app/edit
呼叫来自：adm/obj/simul_efun.c 的 log_file() 第 10 行，物件： adm/obj/simul_efun
错误讯息被拦截: 
执行时段错误：*Error in loading object '/d/yangzhou/npc/daren'

程式：cmds/app/update.c 第 53 行
物件: /cmds/app/update
呼叫来自：feature/command.c 的 command_hook() 第 43 行，物件： obj/user#2 ("迪斯科")
呼叫来自：cmds/app/update.c 的 main() 第 53 行，物件： cmds/app/update
呼叫来自：cmds/app/update.c 的 CATCH() 第 53 行，物件： cmds/app/update

执行时段错误：*Inherited file '/inherit/room/pigroom' does not exist!

程式：feature/move.c 第 58 行
物件: /obj/user#2
呼叫来自：feature/command.c 的 command_hook() 第 43 行，物件： obj/user#2 ("迪斯科")
呼叫来自：cmds/imm/goto.c 的 main() 第 24 行，物件： cmds/imm/goto
呼叫来自：feature/move.c 的 move() 第 58 行，物件： obj/user#2 ("迪斯科")

执行时段错误：*Error in loading object '/d/city2/npc/gaoyanch'

程式：std/room.c 第 19 行
物件: /d/city2/guancai1
呼叫来自：feature/command.c 的 command_hook() 第 43 行，物件： obj/user#2 ("迪斯科")
呼叫来自：cmds/std/go.c 的 main() 第 58 行，物件： cmds/std/go
呼叫来自：d/city2/guancai1.c 的 create() 第 23 行，物件： d/city2/guancai1
呼叫来自：std/room.c 的 setup() 第 228 行，物件： d/city2/guancai1
呼叫来自：std/room.c 的 reset() 第 54 行，物件： d/city2/guancai1
呼叫来自：std/room.c 的 make_inventory() 第 19 行，物件： d/city2/guancai1
错误讯息被拦截: 
执行时段错误：*Error in loading object '/d/city2/npc/xutianch'

程式：cmds/app/clone.c 第 28 行
物件: /cmds/app/clone
呼叫来自：feature/command.c 的 command_hook() 第 43 行，物件： obj/user#2 ("迪斯科")
呼叫来自：cmds/app/clone.c 的 main() 第 28 行，物件： cmds/app/clone
呼叫来自：cmds/app/clone.c 的 CATCH() 第 28 行，物件： cmds/app/clone

执行时段错误：*Bad argument 1 to strcmp()
Expected: string Got: 0.

程式：cmds/imm/where.c 第 20 行
物件: /cmds/imm/where
呼叫来自：feature/command.c 的 command_hook() 第 43 行，物件： obj/user#223 ("柳五")
呼叫来自：cmds/imm/where.c 的 main() 第 20 行，物件： cmds/imm/where

执行时段错误：*Bad argument 1 to strcmp()
Expected: string Got: 0.

程式：cmds/imm/where.c 第 20 行
物件: /cmds/imm/where
呼叫来自：feature/command.c 的 command_hook() 第 43 行，物件： obj/user#223 ("柳五")
呼叫来自：cmds/imm/where.c 的 main() 第 20 行，物件： cmds/imm/where

执行时段错误：*Bad argument 1 to strcmp()
Expected: string Got: 0.

程式：cmds/imm/where.c 第 20 行
物件: /cmds/imm/where
呼叫来自：feature/command.c 的 command_hook() 第 43 行，物件： obj/user#2 ("迪斯科")
呼叫来自：cmds/imm/where.c 的 main() 第 20 行，物件： cmds/imm/where
错误讯息被拦截: 
执行时段错误：*Error in loading object '/d/yangzhou/npc/daren'

程式：cmds/app/update.c 第 53 行
物件: /cmds/app/update
呼叫来自：feature/command.c 的 command_hook() 第 43 行，物件： obj/user#2 ("迪斯科")
呼叫来自：cmds/app/update.c 的 main() 第 53 行，物件： cmds/app/update
呼叫来自：cmds/app/update.c 的 CATCH() 第 53 行，物件： cmds/app/update

执行时段错误：*Error in loading object '/cmds/std/finger'

程式：feature/command.c 第 43 行
物件: /obj/user#223
呼叫来自：feature/command.c 的 command_hook() 第 43 行，物件： obj/user#223 ("柳五")

执行时段错误：*Bad argument 2 to <
Expected: string Got: 1.

程式：adm/daemons/fingerd.c 第 78 行
物件: /adm/daemons/fingerd
呼叫来自：feature/command.c 的 command_hook() 第 43 行，物件： obj/user#223 ("柳五")
呼叫来自：cmds/std/finger.c 的 main() 第 34 行，物件： cmds/std/finger
呼叫来自：adm/daemons/fingerd.c 的 finger_user() 第 78 行，物件： adm/daemons/fingerd

执行时段错误：*Bad argument 1 to strcmp()
Expected: string Got: 0.

程式：cmds/imm/where.c 第 20 行
物件: /cmds/imm/where
呼叫来自：feature/command.c 的 command_hook() 第 43 行，物件： obj/user#223 ("柳五")
呼叫来自：cmds/imm/where.c 的 main() 第 20 行，物件： cmds/imm/where

执行时段错误：*Bad argument 2 to <
Expected: string Got: 1.

程式：adm/daemons/fingerd.c 第 78 行
物件: /adm/daemons/fingerd
呼叫来自：feature/command.c 的 command_hook() 第 43 行，物件： obj/user#223 ("柳五")
呼叫来自：cmds/std/finger.c 的 main() 第 34 行，物件： cmds/std/finger
呼叫来自：adm/daemons/fingerd.c 的 finger_user() 第 78 行，物件： adm/daemons/fingerd

执行时段错误：*Bad argument 1 to strcmp()
Expected: string Got: 0.

程式：cmds/imm/where.c 第 20 行
物件: /cmds/imm/where
呼叫来自：feature/command.c 的 command_hook() 第 43 行，物件： obj/user#2 ("迪斯科")
呼叫来自：cmds/imm/where.c 的 main() 第 20 行，物件： cmds/imm/where
][1;34m【系统】柳五(Cch)：断线了。
[2;37;0m
执行时段错误：*Error in loading object '/d/city2/npc/gaoyanch'

程式：std/room.c 第 19 行
物件: /d/city2/guancai1
呼叫来自：std/room.c 的 reset() 第 54 行，物件： d/city2/guancai1
呼叫来自：std/room.c 的 make_inventory() 第 19 行，物件： d/city2/guancai1

执行时段错误：*Bad argument 1 to call_other()
Expected: string or array or object Got: 0.

程式：std/room.c 第 20 行
物件: /u/legato/liangongfang
呼叫来自：feature/command.c 的 command_hook() 第 43 行，物件： obj/user#2 ("迪斯科")
呼叫来自：cmds/imm/goto.c 的 main() 第 24 行，物件： cmds/imm/goto
呼叫来自：feature/move.c 的 move() 第 58 行，物件： obj/user#2 ("迪斯科")
呼叫来自：u/legato/liangongfang.c 的 create() 第 20 行，物件： u/legato/liangongfang
呼叫来自：std/room.c 的 setup() 第 228 行，物件： u/legato/liangongfang
呼叫来自：std/room.c 的 reset() 第 54 行，物件： u/legato/liangongfang
呼叫来自：std/room.c 的 make_inventory() 第 20 行，物件： u/legato/liangongfang

执行时段错误：*restore_object(): Illegal file format.

程式：feature/save.c 第 19 行
物件: /d/yandang/npc/girl
呼叫来自：feature/command.c 的 command_hook() 第 43 行，物件： obj/user#2 ("迪斯科")
呼叫来自：cmds/std/go.c 的 main() 第 58 行，物件： cmds/std/go
呼叫来自：d/yandang/jiudian.c 的 create() 第 25 行，物件： d/yandang/jiudian
呼叫来自：std/room.c 的 setup() 第 228 行，物件： d/yandang/jiudian
呼叫来自：std/room.c 的 reset() 第 54 行，物件： d/yandang/jiudian
呼叫来自：std/room.c 的 make_inventory() 第 19 行，物件： d/yandang/jiudian
呼叫来自：d/yandang/npc/girl.c 的 create() 第 2 行，物件： d/yandang/npc/girl ("/d/yandang/npc/girl")
呼叫来自：feature/save.c 的 restore() 第 19 行，物件： d/yandang/npc/girl ("/d/yandang/npc/girl")
错误讯息被拦截: 
执行时段错误：*restore_object(): Illegal file format.

程式：feature/save.c 第 19 行
物件: /d/yandang/npc/girl
呼叫来自：feature/command.c 的 command_hook() 第 43 行，物件： obj/user#2 ("迪斯科")
呼叫来自：cmds/app/update.c 的 main() 第 53 行，物件： cmds/app/update
呼叫来自：cmds/app/update.c 的 CATCH() 第 53 行，物件： cmds/app/update
呼叫来自：d/yandang/npc/girl.c 的 create() 第 2 行，物件： d/yandang/npc/girl ("/d/yandang/npc/girl")
呼叫来自：feature/save.c 的 restore() 第 19 行，物件： d/yandang/npc/girl ("/d/yandang/npc/girl")

执行时段错误：*Bad argument 2 to <
Expected: string Got: 1.

程式：adm/daemons/fingerd.c 第 78 行
物件: /adm/daemons/fingerd
呼叫来自：feature/command.c 的 command_hook() 第 43 行，物件： obj/user#223 ("柳五")
呼叫来自：cmds/std/finger.c 的 main() 第 34 行，物件： cmds/std/finger
呼叫来自：adm/daemons/fingerd.c 的 finger_user() 第 78 行，物件： adm/daemons/fingerd

执行时段错误：*Wrong permissions for opening file /log/wiz/summon/cch.log for append.
"No such file or directory"

程式：adm/obj/simul_efun.c 第 10 行
物件: /adm/obj/simul_efun
呼叫来自：feature/command.c 的 command_hook() 第 43 行，物件： obj/user#223 ("柳五")
呼叫来自：cmds/wiz/summon.c 的 main() 第 20 行，物件： cmds/wiz/summon
呼叫来自：adm/obj/simul_efun.c 的 log_file() 第 10 行，物件： adm/obj/simul_efun
closed external ports
Initializing internal tables....

<---Mudos v22pre11 for WIN95/NT (by wwj,May 18 1998) Config: 风云三（本地）   shutdown at Tue Apr 18 20:54:04 2000




<---Mudos v22pre11 for WIN95/NT (by wwj,May 18 1998) Config: 风云三（本地）   startup at Tue Apr 18 20:54:05 2000

using config file: config.fy3
----------------------------------------------------------------------------
风云三（本地）   (MudOS v22pre11) starting up on Microsoft Windows 95 - Tue Apr 18 20:54:05 2000


Can't find "mudos", ignoring old binaries.
Try invoking the driver using the full pathname.
System Error: init_addr_server: connect:Bad address
]simul_efun loaded successfully.

Loading preloaded files ...
Initializations complete.

Accepting connections on port 5555.
错误讯息被拦截: 
执行时段错误：*Bad argument 1 to call_other()
Expected: string or array or object Got: 0.

程式：u/xxy/huanggon/npc/taijian.c 第 24 行
物件: /u/xxy/huanggon/npc/taijian
呼叫来自：feature/command.c 的 command_hook() 第 43 行，物件： obj/user#9 ("迪斯科")
呼叫来自：cmds/app/clone.c 的 main() 第 28 行，物件： cmds/app/clone
呼叫来自：cmds/app/clone.c 的 CATCH() 第 28 行，物件： cmds/app/clone
呼叫来自：u/xxy/huanggon/npc/taijian.c 的 create() 第 24 行，物件： u/xxy/huanggon/npc/taijian ("太监")

执行时段错误：*Bad argument 1 to call_other()
Expected: string or array or object Got: 0.

程式：feature/message.c 第 58 行
物件: /obj/user#243
呼叫来自：feature/command.c 的 command_hook() 第 43 行，物件： 0
呼叫来自：cmds/app/update.c 的 main() 第 22 行，物件： cmds/app/update
呼叫来自：cmds/app/update.c 的 update_player() 第 92 行，物件： cmds/app/update
呼叫来自：feature/message.c 的 write_prompt() 第 58 行，物件： obj/user#243 ("迪斯科")

执行时段错误：*Bad argument 1 to call_other()
Expected: string or array or object Got: 0.

程式：adm/obj/simul_efun.c 第 36 行
物件: /adm/obj/simul_efun
呼叫来自：u/xxy/sandboy/duanhun.c 的 do_la() 第 55 行，物件： u/xxy/sandboy/duanhun
呼叫来自：adm/obj/simul_efun.c 的 message_vision() 第 36 行，物件： adm/obj/simul_efun

执行时段错误：*Bad argument 1 to call_other()
Expected: string or array or object Got: 0.

程式：adm/obj/simul_efun.c 第 36 行
物件: /adm/obj/simul_efun
呼叫来自：u/xxy/sandboy/duanhun.c 的 do_la() 第 55 行，物件： u/xxy/sandboy/duanhun
呼叫来自：adm/obj/simul_efun.c 的 message_vision() 第 36 行，物件： adm/obj/simul_efun
错误讯息被拦截: 
执行时段错误：*Bad argument 1 to call_other()
Expected: string or array or object Got: 0.

程式：u/xxy/sandboy/npc/huayikun.c 第 24 行
物件: /u/xxy/sandboy/npc/huayikun
呼叫来自：feature/command.c 的 command_hook() 第 43 行，物件： obj/user#243 ("迪斯科")
呼叫来自：cmds/app/clone.c 的 main() 第 28 行，物件： cmds/app/clone
呼叫来自：cmds/app/clone.c 的 CATCH() 第 28 行，物件： cmds/app/clone
呼叫来自：u/xxy/sandboy/npc/huayikun.c 的 create() 第 24 行，物件： u/xxy/sandboy/npc/huayikun ("华一坤")
错误讯息被拦截: 
执行时段错误：*Bad argument 1 to call_other()
Expected: string or array or object Got: 0.

程式：u/xxy/sandboy/npc/qiangong.c 第 25 行
物件: /u/xxy/sandboy/npc/qiangong
呼叫来自：feature/command.c 的 command_hook() 第 43 行，物件： obj/user#243 ("迪斯科")
呼叫来自：cmds/app/clone.c 的 main() 第 28 行，物件： cmds/app/clone
呼叫来自：cmds/app/clone.c 的 CATCH() 第 28 行，物件： cmds/app/clone
呼叫来自：u/xxy/sandboy/npc/qiangong.c 的 create() 第 25 行，物件： u/xxy/sandboy/npc/qiangong ("乾公")

执行时段错误：*Wrong permissions for opening file /u/lingzhou/log for append.
"No such file or directory"

程式：adm/obj/master.c 第 121 行
物件: /adm/obj/master
呼叫来自：feature/command.c 的 command_hook() 第 43 行，物件： obj/user#243 ("迪斯科")
呼叫来自：cmds/imm/goto.c 的 main() 第 24 行，物件： cmds/imm/goto
呼叫来自：feature/move.c 的 move() 第 58 行，物件： obj/user#243 ("迪斯科")
呼叫来自：u/xxy/lingzhou/nanmen.c 的 create() 第 24 行，物件： u/xxy/lingzhou/nanmen
呼叫来自：std/room.c 的 setup() 第 228 行，物件： u/xxy/lingzhou/nanmen
呼叫来自：std/room.c 的 reset() 第 54 行，物件： u/xxy/lingzhou/nanmen
呼叫来自：std/room.c 的 make_inventory() 第 19 行，物件： u/xxy/lingzhou/nanmen
呼叫来自：adm/obj/master.c 的 log_error() 第 121 行，物件： adm/obj/master
u/xxy/lingzhou/npc/xiaowei.c line 36: Warning: improve_skill() inherited from both /feature/skill.c and /feature/skill.c (via /std/char/npc.c); using the definition in /feature/skill.c.

执行时段错误：*Wrong permissions for opening file /u/lingzhou/log for append.
"No such file or directory"

程式：adm/obj/master.c 第 121 行
物件: /adm/obj/master
呼叫来自：feature/command.c 的 command_hook() 第 43 行，物件： obj/user#243 ("迪斯科")
呼叫来自：cmds/imm/goto.c 的 main() 第 24 行，物件： cmds/imm/goto
呼叫来自：feature/move.c 的 move() 第 58 行，物件： obj/user#243 ("迪斯科")
呼叫来自：u/xxy/lingzhou/nanmen.c 的 create() 第 24 行，物件： u/xxy/lingzhou/nanmen
呼叫来自：std/room.c 的 setup() 第 228 行，物件： u/xxy/lingzhou/nanmen
呼叫来自：std/room.c 的 reset() 第 54 行，物件： u/xxy/lingzhou/nanmen
呼叫来自：std/room.c 的 make_inventory() 第 19 行，物件： u/xxy/lingzhou/nanmen
呼叫来自：adm/obj/master.c 的 log_error() 第 121 行，物件： adm/obj/master
u/xxy/lingzhou/npc/xiaowei.c line 36: Warning: skill_death_penalty() inherited from both /feature/skill.c and /feature/skill.c (via /std/char/npc.c); using the definition in /feature/skill.c.

执行时段错误：*Wrong permissions for opening file /u/lingzhou/log for append.
"No such file or directory"

程式：adm/obj/master.c 第 121 行
物件: /adm/obj/master
呼叫来自：feature/command.c 的 command_hook() 第 43 行，物件： obj/user#243 ("迪斯科")
呼叫来自：cmds/imm/goto.c 的 main() 第 24 行，物件： cmds/imm/goto
呼叫来自：feature/move.c 的 move() 第 58 行，物件： obj/user#243 ("迪斯科")
呼叫来自：u/xxy/lingzhou/nanmen.c 的 create() 第 24 行，物件： u/xxy/lingzhou/nanmen
呼叫来自：std/room.c 的 setup() 第 228 行，物件： u/xxy/lingzhou/nanmen
呼叫来自：std/room.c 的 reset() 第 54 行，物件： u/xxy/lingzhou/nanmen
呼叫来自：std/room.c 的 make_inventory() 第 19 行，物件： u/xxy/lingzhou/nanmen
呼叫来自：adm/obj/master.c 的 log_error() 第 121 行，物件： adm/obj/master
u/xxy/lingzhou/npc/xiaowei.c line 36: Warning: query_skill_map() inherited from both /feature/skill.c and /feature/skill.c (via /std/char/npc.c); using the definition in /feature/skill.c.

执行时段错误：*Wrong permissions for opening file /u/lingzhou/log for append.
"No such file or directory"

程式：adm/obj/master.c 第 121 行
物件: /adm/obj/master
呼叫来自：feature/command.c 的 command_hook() 第 43 行，物件： obj/user#243 ("迪斯科")
呼叫来自：cmds/imm/goto.c 的 main() 第 24 行，物件： cmds/imm/goto
呼叫来自：feature/move.c 的 move() 第 58 行，物件： obj/user#243 ("迪斯科")
呼叫来自：u/xxy/lingzhou/nanmen.c 的 create() 第 24 行，物件： u/xxy/lingzhou/nanmen
呼叫来自：std/room.c 的 setup() 第 228 行，物件： u/xxy/lingzhou/nanmen
呼叫来自：std/room.c 的 reset() 第 54 行，物件： u/xxy/lingzhou/nanmen
呼叫来自：std/room.c 的 make_inventory() 第 19 行，物件： u/xxy/lingzhou/nanmen
呼叫来自：adm/obj/master.c 的 log_error() 第 121 行，物件： adm/obj/master
u/xxy/lingzhou/npc/xiaowei.c line 36: Warning: query_skill() inherited from both /feature/skill.c and /feature/skill.c (via /std/char/npc.c); using the definition in /feature/skill.c.

执行时段错误：*Wrong permissions for opening file /u/lingzhou/log for append.
"No such file or directory"

程式：adm/obj/master.c 第 121 行
物件: /adm/obj/master
呼叫来自：feature/command.c 的 command_hook() 第 43 行，物件： obj/user#243 ("迪斯科")
呼叫来自：cmds/imm/goto.c 的 main() 第 24 行，物件： cmds/imm/goto
呼叫来自：feature/move.c 的 move() 第 58 行，物件： obj/user#243 ("迪斯科")
呼叫来自：u/xxy/lingzhou/nanmen.c 的 create() 第 24 行，物件： u/xxy/lingzhou/nanmen
呼叫来自：std/room.c 的 setup() 第 228 行，物件： u/xxy/lingzhou/nanmen
呼叫来自：std/room.c 的 reset() 第 54 行，物件： u/xxy/lingzhou/nanmen
呼叫来自：std/room.c 的 make_inventory() 第 19 行，物件： u/xxy/lingzhou/nanmen
呼叫来自：adm/obj/master.c 的 log_error() 第 121 行，物件： adm/obj/master
u/xxy/lingzhou/npc/xiaowei.c line 36: Warning: query_skill_mapped() inherited from both /feature/skill.c and /feature/skill.c (via /std/char/npc.c); using the definition in /feature/skill.c.

执行时段错误：*Wrong permissions for opening file /u/lingzhou/log for append.
"No such file or directory"

程式：adm/obj/master.c 第 121 行
物件: /adm/obj/master
呼叫来自：feature/command.c 的 command_hook() 第 43 行，物件： obj/user#243 ("迪斯科")
呼叫来自：cmds/imm/goto.c 的 main() 第 24 行，物件： cmds/imm/goto
呼叫来自：feature/move.c 的 move() 第 58 行，物件： obj/user#243 ("迪斯科")
呼叫来自：u/xxy/lingzhou/nanmen.c 的 create() 第 24 行，物件： u/xxy/lingzhou/nanmen
呼叫来自：std/room.c 的 setup() 第 228 行，物件： u/xxy/lingzhou/nanmen
呼叫来自：std/room.c 的 reset() 第 54 行，物件： u/xxy/lingzhou/nanmen
呼叫来自：std/room.c 的 make_inventory() 第 19 行，物件： u/xxy/lingzhou/nanmen
呼叫来自：adm/obj/master.c 的 log_error() 第 121 行，物件： adm/obj/master
u/xxy/lingzhou/npc/xiaowei.c line 36: Warning: map_skill() inherited from both /feature/skill.c and /feature/skill.c (via /std/char/npc.c); using the definition in /feature/skill.c.

执行时段错误：*Wrong permissions for opening file /u/lingzhou/log for append.
"No such file or directory"

程式：adm/obj/master.c 第 121 行
物件: /adm/obj/master
呼叫来自：feature/command.c 的 command_hook() 第 43 行，物件： obj/user#243 ("迪斯科")
呼叫来自：cmds/imm/goto.c 的 main() 第 24 行，物件： cmds/imm/goto
呼叫来自：feature/move.c 的 move() 第 58 行，物件： obj/user#243 ("迪斯科")
呼叫来自：u/xxy/lingzhou/nanmen.c 的 create() 第 24 行，物件： u/xxy/lingzhou/nanmen
呼叫来自：std/room.c 的 setup() 第 228 行，物件： u/xxy/lingzhou/nanmen
呼叫来自：std/room.c 的 reset() 第 54 行，物件： u/xxy/lingzhou/nanmen
呼叫来自：std/room.c 的 make_inventory() 第 19 行，物件： u/xxy/lingzhou/nanmen
呼叫来自：adm/obj/master.c 的 log_error() 第 121 行，物件： adm/obj/master
u/xxy/lingzhou/npc/xiaowei.c line 36: Warning: delete_skill() inherited from both /feature/skill.c and /feature/skill.c (via /std/char/npc.c); using the definition in /feature/skill.c.

执行时段错误：*Wrong permissions for opening file /u/lingzhou/log for append.
"No such file or directory"

程式：adm/obj/master.c 第 121 行
物件: /adm/obj/master
呼叫来自：feature/command.c 的 command_hook() 第 43 行，物件： obj/user#243 ("迪斯科")
呼叫来自：cmds/imm/goto.c 的 main() 第 24 行，物件： cmds/imm/goto
呼叫来自：feature/move.c 的 move() 第 58 行，物件： obj/user#243 ("迪斯科")
呼叫来自：u/xxy/lingzhou/nanmen.c 的 create() 第 24 行，物件： u/xxy/lingzhou/nanmen
呼叫来自：std/room.c 的 setup() 第 228 行，物件： u/xxy/lingzhou/nanmen
呼叫来自：std/room.c 的 reset() 第 54 行，物件： u/xxy/lingzhou/nanmen
呼叫来自：std/room.c 的 make_inventory() 第 19 行，物件： u/xxy/lingzhou/nanmen
呼叫来自：adm/obj/master.c 的 log_error() 第 121 行，物件： adm/obj/master
u/xxy/lingzhou/npc/xiaowei.c line 36: Warning: set_skill() inherited from both /feature/skill.c and /feature/skill.c (via /std/char/npc.c); using the definition in /feature/skill.c.

执行时段错误：*Wrong permissions for opening file /u/lingzhou/log for append.
"No such file or directory"

程式：adm/obj/master.c 第 121 行
物件: /adm/obj/master
呼叫来自：feature/command.c 的 command_hook() 第 43 行，物件： obj/user#243 ("迪斯科")
呼叫来自：cmds/imm/goto.c 的 main() 第 24 行，物件： cmds/imm/goto
呼叫来自：feature/move.c 的 move() 第 58 行，物件： obj/user#243 ("迪斯科")
呼叫来自：u/xxy/lingzhou/nanmen.c 的 create() 第 24 行，物件： u/xxy/lingzhou/nanmen
呼叫来自：std/room.c 的 setup() 第 228 行，物件： u/xxy/lingzhou/nanmen
呼叫来自：std/room.c 的 reset() 第 54 行，物件： u/xxy/lingzhou/nanmen
呼叫来自：std/room.c 的 make_inventory() 第 19 行，物件： u/xxy/lingzhou/nanmen
呼叫来自：adm/obj/master.c 的 log_error() 第 121 行，物件： adm/obj/master
u/xxy/lingzhou/npc/xiaowei.c line 36: Warning: query_learned() inherited from both /feature/skill.c and /feature/skill.c (via /std/char/npc.c); using the definition in /feature/skill.c.

执行时段错误：*Wrong permissions for opening file /u/lingzhou/log for append.
"No such file or directory"

程式：adm/obj/master.c 第 121 行
物件: /adm/obj/master
呼叫来自：feature/command.c 的 command_hook() 第 43 行，物件： obj/user#243 ("迪斯科")
呼叫来自：cmds/imm/goto.c 的 main() 第 24 行，物件： cmds/imm/goto
呼叫来自：feature/move.c 的 move() 第 58 行，物件： obj/user#243 ("迪斯科")
呼叫来自：u/xxy/lingzhou/nanmen.c 的 create() 第 24 行，物件： u/xxy/lingzhou/nanmen
呼叫来自：std/room.c 的 setup() 第 228 行，物件： u/xxy/lingzhou/nanmen
呼叫来自：std/room.c 的 reset() 第 54 行，物件： u/xxy/lingzhou/nanmen
呼叫来自：std/room.c 的 make_inventory() 第 19 行，物件： u/xxy/lingzhou/nanmen
呼叫来自：adm/obj/master.c 的 log_error() 第 121 行，物件： adm/obj/master
u/xxy/lingzhou/npc/xiaowei.c line 36: Warning: query_skills() inherited from both /feature/skill.c and /feature/skill.c (via /std/char/npc.c); using the definition in /feature/skill.c.

执行时段错误：*Bad argument 1 to call_other()
Expected: string or array or object Got: 0.

程式：u/xxy/lingzhou/npc/xiaowei.c 第 32 行
物件: /u/xxy/lingzhou/npc/xiaowei
呼叫来自：feature/command.c 的 command_hook() 第 43 行，物件： obj/user#243 ("迪斯科")
呼叫来自：cmds/imm/goto.c 的 main() 第 24 行，物件： cmds/imm/goto
呼叫来自：feature/move.c 的 move() 第 58 行，物件： obj/user#243 ("迪斯科")
呼叫来自：u/xxy/lingzhou/nanmen.c 的 create() 第 24 行，物件： u/xxy/lingzhou/nanmen
呼叫来自：std/room.c 的 setup() 第 228 行，物件： u/xxy/lingzhou/nanmen
呼叫来自：std/room.c 的 reset() 第 54 行，物件： u/xxy/lingzhou/nanmen
呼叫来自：std/room.c 的 make_inventory() 第 19 行，物件： u/xxy/lingzhou/nanmen
呼叫来自：u/xxy/lingzhou/npc/xiaowei.c 的 create() 第 32 行，物件： u/xxy/lingzhou/npc/xiaowei ("校尉")

执行时段错误：*Wrong permissions for opening file /u/lingzhou/log for append.
"No such file or directory"

程式：adm/obj/master.c 第 121 行
物件: /adm/obj/master
呼叫来自：feature/command.c 的 command_hook() 第 43 行，物件： obj/user#243 ("迪斯科")
呼叫来自：cmds/std/go.c 的 main() 第 58 行，物件： cmds/std/go
呼叫来自：u/xxy/lingzhou/center.c 的 create() 第 29 行，物件： u/xxy/lingzhou/center
呼叫来自：std/room.c 的 setup() 第 228 行，物件： u/xxy/lingzhou/center
呼叫来自：std/room.c 的 reset() 第 54 行，物件： u/xxy/lingzhou/center
呼叫来自：std/room.c 的 make_inventory() 第 19 行，物件： u/xxy/lingzhou/center
呼叫来自：adm/obj/master.c 的 log_error() 第 121 行，物件： adm/obj/master
u/xxy/lingzhou/npc/duan.c line 39: Undefined function prepare_skill

执行时段错误：*Error in loading object '/u/xxy/lingzhou/npc/duan'

程式：std/room.c 第 19 行
物件: /u/xxy/lingzhou/center
呼叫来自：feature/command.c 的 command_hook() 第 43 行，物件： obj/user#243 ("迪斯科")
呼叫来自：cmds/std/go.c 的 main() 第 58 行，物件： cmds/std/go
呼叫来自：u/xxy/lingzhou/center.c 的 create() 第 29 行，物件： u/xxy/lingzhou/center
呼叫来自：std/room.c 的 setup() 第 228 行，物件： u/xxy/lingzhou/center
呼叫来自：std/room.c 的 reset() 第 54 行，物件： u/xxy/lingzhou/center
呼叫来自：std/room.c 的 make_inventory() 第 19 行，物件： u/xxy/lingzhou/center

执行时段错误：*Bad argument 1 to call_other()
Expected: string or array or object Got: 0.

程式：u/xxy/lingzhou/npc/xiaoer2.c 第 25 行
物件: /u/xxy/lingzhou/npc/xiaoer2
呼叫来自：feature/command.c 的 command_hook() 第 43 行，物件： obj/user#243 ("迪斯科")
呼叫来自：cmds/std/go.c 的 main() 第 58 行，物件： cmds/std/go
呼叫来自：u/xxy/lingzhou/jiuguan.c 的 create() 第 25 行，物件： u/xxy/lingzhou/jiuguan
呼叫来自：std/room.c 的 setup() 第 228 行，物件： u/xxy/lingzhou/jiuguan
呼叫来自：std/room.c 的 reset() 第 54 行，物件： u/xxy/lingzhou/jiuguan
呼叫来自：std/room.c 的 make_inventory() 第 19 行，物件： u/xxy/lingzhou/jiuguan
呼叫来自：u/xxy/lingzhou/npc/xiaoer2.c 的 create() 第 25 行，物件： u/xxy/lingzhou/npc/xiaoer2 ("店小二")

执行时段错误：*Wrong permissions for opening file /u/lingzhou/log for append.
"No such file or directory"

程式：adm/obj/master.c 第 121 行
物件: /adm/obj/master
呼叫来自：feature/command.c 的 command_hook() 第 43 行，物件： obj/user#243 ("迪斯科")
呼叫来自：cmds/std/go.c 的 main() 第 58 行，物件： cmds/std/go
呼叫来自：u/xxy/lingzhou/biaoqiyin.c 的 create() 第 28 行，物件： u/xxy/lingzhou/biaoqiyin
呼叫来自：std/room.c 的 setup() 第 228 行，物件： u/xxy/lingzhou/biaoqiyin
呼叫来自：std/room.c 的 reset() 第 65 行，物件： u/xxy/lingzhou/biaoqiyin
呼叫来自：std/room.c 的 make_inventory() 第 19 行，物件： u/xxy/lingzhou/biaoqiyin
呼叫来自：adm/obj/master.c 的 log_error() 第 121 行，物件： adm/obj/master
u/xxy/lingzhou/npc/xixiabing.c line 37: Warning: improve_skill() inherited from both /feature/skill.c and /feature/skill.c (via /std/char/npc.c); using the definition in /feature/skill.c.

执行时段错误：*Wrong permissions for opening file /u/lingzhou/log for append.
"No such file or directory"

程式：adm/obj/master.c 第 121 行
物件: /adm/obj/master
呼叫来自：feature/command.c 的 command_hook() 第 43 行，物件： obj/user#243 ("迪斯科")
呼叫来自：cmds/std/go.c 的 main() 第 58 行，物件： cmds/std/go
呼叫来自：u/xxy/lingzhou/biaoqiyin.c 的 create() 第 28 行，物件： u/xxy/lingzhou/biaoqiyin
呼叫来自：std/room.c 的 setup() 第 228 行，物件： u/xxy/lingzhou/biaoqiyin
呼叫来自：std/room.c 的 reset() 第 65 行，物件： u/xxy/lingzhou/biaoqiyin
呼叫来自：std/room.c 的 make_inventory() 第 19 行，物件： u/xxy/lingzhou/biaoqiyin
呼叫来自：adm/obj/master.c 的 log_error() 第 121 行，物件： adm/obj/master
u/xxy/lingzhou/npc/xixiabing.c line 37: Warning: skill_death_penalty() inherited from both /feature/skill.c and /feature/skill.c (via /std/char/npc.c); using the definition in /feature/skill.c.

执行时段错误：*Wrong permissions for opening file /u/lingzhou/log for append.
"No such file or directory"

程式：adm/obj/master.c 第 121 行
物件: /adm/obj/master
呼叫来自：feature/command.c 的 command_hook() 第 43 行，物件： obj/user#243 ("迪斯科")
呼叫来自：cmds/std/go.c 的 main() 第 58 行，物件： cmds/std/go
呼叫来自：u/xxy/lingzhou/biaoqiyin.c 的 create() 第 28 行，物件： u/xxy/lingzhou/biaoqiyin
呼叫来自：std/room.c 的 setup() 第 228 行，物件： u/xxy/lingzhou/biaoqiyin
呼叫来自：std/room.c 的 reset() 第 65 行，物件： u/xxy/lingzhou/biaoqiyin
呼叫来自：std/room.c 的 make_inventory() 第 19 行，物件： u/xxy/lingzhou/biaoqiyin
呼叫来自：adm/obj/master.c 的 log_error() 第 121 行，物件： adm/obj/master
u/xxy/lingzhou/npc/xixiabing.c line 37: Warning: query_skill_map() inherited from both /feature/skill.c and /feature/skill.c (via /std/char/npc.c); using the definition in /feature/skill.c.

执行时段错误：*Wrong permissions for opening file /u/lingzhou/log for append.
"No such file or directory"

程式：adm/obj/master.c 第 121 行
物件: /adm/obj/master
呼叫来自：feature/command.c 的 command_hook() 第 43 行，物件： obj/user#243 ("迪斯科")
呼叫来自：cmds/std/go.c 的 main() 第 58 行，物件： cmds/std/go
呼叫来自：u/xxy/lingzhou/biaoqiyin.c 的 create() 第 28 行，物件： u/xxy/lingzhou/biaoqiyin
呼叫来自：std/room.c 的 setup() 第 228 行，物件： u/xxy/lingzhou/biaoqiyin
呼叫来自：std/room.c 的 reset() 第 65 行，物件： u/xxy/lingzhou/biaoqiyin
呼叫来自：std/room.c 的 make_inventory() 第 19 行，物件： u/xxy/lingzhou/biaoqiyin
呼叫来自：adm/obj/master.c 的 log_error() 第 121 行，物件： adm/obj/master
u/xxy/lingzhou/npc/xixiabing.c line 37: Warning: query_skill() inherited from both /feature/skill.c and /feature/skill.c (via /std/char/npc.c); using the definition in /feature/skill.c.

执行时段错误：*Wrong permissions for opening file /u/lingzhou/log for append.
"No such file or directory"

程式：adm/obj/master.c 第 121 行
物件: /adm/obj/master
呼叫来自：feature/command.c 的 command_hook() 第 43 行，物件： obj/user#243 ("迪斯科")
呼叫来自：cmds/std/go.c 的 main() 第 58 行，物件： cmds/std/go
呼叫来自：u/xxy/lingzhou/biaoqiyin.c 的 create() 第 28 行，物件： u/xxy/lingzhou/biaoqiyin
呼叫来自：std/room.c 的 setup() 第 228 行，物件： u/xxy/lingzhou/biaoqiyin
呼叫来自：std/room.c 的 reset() 第 65 行，物件： u/xxy/lingzhou/biaoqiyin
呼叫来自：std/room.c 的 make_inventory() 第 19 行，物件： u/xxy/lingzhou/biaoqiyin
呼叫来自：adm/obj/master.c 的 log_error() 第 121 行，物件： adm/obj/master
u/xxy/lingzhou/npc/xixiabing.c line 37: Warning: query_skill_mapped() inherited from both /feature/skill.c and /feature/skill.c (via /std/char/npc.c); using the definition in /feature/skill.c.

执行时段错误：*Wrong permissions for opening file /u/lingzhou/log for append.
"No such file or directory"

程式：adm/obj/master.c 第 121 行
物件: /adm/obj/master
呼叫来自：feature/command.c 的 command_hook() 第 43 行，物件： obj/user#243 ("迪斯科")
呼叫来自：cmds/std/go.c 的 main() 第 58 行，物件： cmds/std/go
呼叫来自：u/xxy/lingzhou/biaoqiyin.c 的 create() 第 28 行，物件： u/xxy/lingzhou/biaoqiyin
呼叫来自：std/room.c 的 setup() 第 228 行，物件： u/xxy/lingzhou/biaoqiyin
呼叫来自：std/room.c 的 reset() 第 65 行，物件： u/xxy/lingzhou/biaoqiyin
呼叫来自：std/room.c 的 make_inventory() 第 19 行，物件： u/xxy/lingzhou/biaoqiyin
呼叫来自：adm/obj/master.c 的 log_error() 第 121 行，物件： adm/obj/master
u/xxy/lingzhou/npc/xixiabing.c line 37: Warning: map_skill() inherited from both /feature/skill.c and /feature/skill.c (via /std/char/npc.c); using the definition in /feature/skill.c.

执行时段错误：*Wrong permissions for opening file /u/lingzhou/log for append.
"No such file or directory"

程式：adm/obj/master.c 第 121 行
物件: /adm/obj/master
呼叫来自：feature/command.c 的 command_hook() 第 43 行，物件： obj/user#243 ("迪斯科")
呼叫来自：cmds/std/go.c 的 main() 第 58 行，物件： cmds/std/go
呼叫来自：u/xxy/lingzhou/biaoqiyin.c 的 create() 第 28 行，物件： u/xxy/lingzhou/biaoqiyin
呼叫来自：std/room.c 的 setup() 第 228 行，物件： u/xxy/lingzhou/biaoqiyin
呼叫来自：std/room.c 的 reset() 第 65 行，物件： u/xxy/lingzhou/biaoqiyin
呼叫来自：std/room.c 的 make_inventory() 第 19 行，物件： u/xxy/lingzhou/biaoqiyin
呼叫来自：adm/obj/master.c 的 log_error() 第 121 行，物件： adm/obj/master
u/xxy/lingzhou/npc/xixiabing.c line 37: Warning: delete_skill() inherited from both /feature/skill.c and /feature/skill.c (via /std/char/npc.c); using the definition in /feature/skill.c.

执行时段错误：*Wrong permissions for opening file /u/lingzhou/log for append.
"No such file or directory"

程式：adm/obj/master.c 第 121 行
物件: /adm/obj/master
呼叫来自：feature/command.c 的 command_hook() 第 43 行，物件： obj/user#243 ("迪斯科")
呼叫来自：cmds/std/go.c 的 main() 第 58 行，物件： cmds/std/go
呼叫来自：u/xxy/lingzhou/biaoqiyin.c 的 create() 第 28 行，物件： u/xxy/lingzhou/biaoqiyin
呼叫来自：std/room.c 的 setup() 第 228 行，物件： u/xxy/lingzhou/biaoqiyin
呼叫来自：std/room.c 的 reset() 第 65 行，物件： u/xxy/lingzhou/biaoqiyin
呼叫来自：std/room.c 的 make_inventory() 第 19 行，物件： u/xxy/lingzhou/biaoqiyin
呼叫来自：adm/obj/master.c 的 log_error() 第 121 行，物件： adm/obj/master
u/xxy/lingzhou/npc/xixiabing.c line 37: Warning: set_skill() inherited from both /feature/skill.c and /feature/skill.c (via /std/char/npc.c); using the definition in /feature/skill.c.

执行时段错误：*Wrong permissions for opening file /u/lingzhou/log for append.
"No such file or directory"

程式：adm/obj/master.c 第 121 行
物件: /adm/obj/master
呼叫来自：feature/command.c 的 command_hook() 第 43 行，物件： obj/user#243 ("迪斯科")
呼叫来自：cmds/std/go.c 的 main() 第 58 行，物件： cmds/std/go
呼叫来自：u/xxy/lingzhou/biaoqiyin.c 的 create() 第 28 行，物件： u/xxy/lingzhou/biaoqiyin
呼叫来自：std/room.c 的 setup() 第 228 行，物件： u/xxy/lingzhou/biaoqiyin
呼叫来自：std/room.c 的 reset() 第 65 行，物件： u/xxy/lingzhou/biaoqiyin
呼叫来自：std/room.c 的 make_inventory() 第 19 行，物件： u/xxy/lingzhou/biaoqiyin
呼叫来自：adm/obj/master.c 的 log_error() 第 121 行，物件： adm/obj/master
u/xxy/lingzhou/npc/xixiabing.c line 37: Warning: query_learned() inherited from both /feature/skill.c and /feature/skill.c (via /std/char/npc.c); using the definition in /feature/skill.c.

执行时段错误：*Wrong permissions for opening file /u/lingzhou/log for append.
"No such file or directory"

程式：adm/obj/master.c 第 121 行
物件: /adm/obj/master
呼叫来自：feature/command.c 的 command_hook() 第 43 行，物件： obj/user#243 ("迪斯科")
呼叫来自：cmds/std/go.c 的 main() 第 58 行，物件： cmds/std/go
呼叫来自：u/xxy/lingzhou/biaoqiyin.c 的 create() 第 28 行，物件： u/xxy/lingzhou/biaoqiyin
呼叫来自：std/room.c 的 setup() 第 228 行，物件： u/xxy/lingzhou/biaoqiyin
呼叫来自：std/room.c 的 reset() 第 65 行，物件： u/xxy/lingzhou/biaoqiyin
呼叫来自：std/room.c 的 make_inventory() 第 19 行，物件： u/xxy/lingzhou/biaoqiyin
呼叫来自：adm/obj/master.c 的 log_error() 第 121 行，物件： adm/obj/master
u/xxy/lingzhou/npc/xixiabing.c line 37: Warning: query_skills() inherited from both /feature/skill.c and /feature/skill.c (via /std/char/npc.c); using the definition in /feature/skill.c.

执行时段错误：*Bad argument 1 to call_other()
Expected: string or array or object Got: 0.

程式：u/xxy/lingzhou/npc/xixiabing.c 第 33 行
物件: /u/xxy/lingzhou/npc/xixiabing
呼叫来自：feature/command.c 的 command_hook() 第 43 行，物件： obj/user#243 ("迪斯科")
呼叫来自：cmds/std/go.c 的 main() 第 58 行，物件： cmds/std/go
呼叫来自：u/xxy/lingzhou/biaoqiyin.c 的 create() 第 28 行，物件： u/xxy/lingzhou/biaoqiyin
呼叫来自：std/room.c 的 setup() 第 228 行，物件： u/xxy/lingzhou/biaoqiyin
呼叫来自：std/room.c 的 reset() 第 65 行，物件： u/xxy/lingzhou/biaoqiyin
呼叫来自：std/room.c 的 make_inventory() 第 19 行，物件： u/xxy/lingzhou/biaoqiyin
呼叫来自：u/xxy/lingzhou/npc/xixiabing.c 的 create() 第 33 行，物件： u/xxy/lingzhou/npc/xixiabing ("西夏兵")

执行时段错误：*Bad argument 1 to call_other()
Expected: string or array or object Got: 0.

程式：std/room.c 第 20 行
物件: /u/xxy/lingzhou/yamen
呼叫来自：feature/command.c 的 command_hook() 第 43 行，物件： obj/user#243 ("迪斯科")
呼叫来自：cmds/std/go.c 的 main() 第 58 行，物件： cmds/std/go
呼叫来自：u/xxy/lingzhou/yamen.c 的 create() 第 22 行，物件： u/xxy/lingzhou/yamen
呼叫来自：std/room.c 的 setup() 第 228 行，物件： u/xxy/lingzhou/yamen
呼叫来自：std/room.c 的 reset() 第 65 行，物件： u/xxy/lingzhou/yamen
呼叫来自：std/room.c 的 make_inventory() 第 20 行，物件： u/xxy/lingzhou/yamen

执行时段错误：*Bad argument 1 to call_other()
Expected: string or array or object Got: 0.

程式：u/xxy/lingzhou/npc/xiaowei.c 第 32 行
物件: /u/xxy/lingzhou/npc/xiaowei#277
呼叫来自：feature/command.c 的 command_hook() 第 43 行，物件： obj/user#243 ("迪斯科")
呼叫来自：cmds/std/go.c 的 main() 第 58 行，物件： cmds/std/go
呼叫来自：u/xxy/lingzhou/jiangjungate.c 的 create() 第 23 行，物件： u/xxy/lingzhou/jiangjungate
呼叫来自：std/room.c 的 setup() 第 228 行，物件： u/xxy/lingzhou/jiangjungate
呼叫来自：std/room.c 的 reset() 第 65 行，物件： u/xxy/lingzhou/jiangjungate
呼叫来自：std/room.c 的 make_inventory() 第 19 行，物件： u/xxy/lingzhou/jiangjungate
呼叫来自：u/xxy/lingzhou/npc/xiaowei.c 的 create() 第 32 行，物件： u/xxy/lingzhou/npc/xiaowei#277 ("校尉")

执行时段错误：*Bad argument 1 to call_other()
Expected: string or array or object Got: 0.

程式：std/room.c 第 20 行
物件: /u/xxy/lingzhou/jiangjunyuan
呼叫来自：feature/command.c 的 command_hook() 第 43 行，物件： obj/user#243 ("迪斯科")
呼叫来自：cmds/std/go.c 的 main() 第 58 行，物件： cmds/std/go
呼叫来自：u/xxy/lingzhou/jiangjunyuan.c 的 create() 第 25 行，物件： u/xxy/lingzhou/jiangjunyuan
呼叫来自：std/room.c 的 setup() 第 228 行，物件： u/xxy/lingzhou/jiangjunyuan
呼叫来自：std/room.c 的 reset() 第 65 行，物件： u/xxy/lingzhou/jiangjunyuan
呼叫来自：std/room.c 的 make_inventory() 第 20 行，物件： u/xxy/lingzhou/jiangjunyuan

执行时段错误：*call_other() couldn't find object

程式：cmds/std/go.c 第 58 行
物件: /cmds/std/go
呼叫来自：feature/command.c 的 command_hook() 第 43 行，物件： obj/user#243 ("迪斯科")
呼叫来自：cmds/std/go.c 的 main() 第 58 行，物件： cmds/std/go

执行时段错误：*call_other() couldn't find object

程式：cmds/std/go.c 第 58 行
物件: /cmds/std/go
呼叫来自：feature/command.c 的 command_hook() 第 43 行，物件： obj/user#243 ("迪斯科")
呼叫来自：cmds/std/go.c 的 main() 第 58 行，物件： cmds/std/go

执行时段错误：*call_other() couldn't find object

程式：cmds/std/go.c 第 58 行
物件: /cmds/std/go
呼叫来自：feature/command.c 的 command_hook() 第 43 行，物件： obj/user#243 ("迪斯科")
呼叫来自：cmds/std/go.c 的 main() 第 58 行，物件： cmds/std/go

执行时段错误：*call_other() couldn't find object

程式：cmds/std/go.c 第 58 行
物件: /cmds/std/go
呼叫来自：feature/command.c 的 command_hook() 第 43 行，物件： obj/user#243 ("迪斯科")
呼叫来自：cmds/std/go.c 的 main() 第 58 行，物件： cmds/std/go

执行时段错误：*call_other() couldn't find object

程式：cmds/std/go.c 第 58 行
物件: /cmds/std/go
呼叫来自：feature/command.c 的 command_hook() 第 43 行，物件： obj/user#243 ("迪斯科")
呼叫来自：cmds/std/go.c 的 main() 第 58 行，物件： cmds/std/go

执行时段错误：*call_other() couldn't find object

程式：cmds/std/go.c 第 58 行
物件: /cmds/std/go
呼叫来自：feature/command.c 的 command_hook() 第 39 行，物件： obj/user#243 ("迪斯科")
呼叫来自：cmds/std/go.c 的 main() 第 58 行，物件： cmds/std/go

执行时段错误：*Wrong permissions for opening file /u/lingzhou/log for append.
"No such file or directory"

程式：adm/obj/master.c 第 121 行
物件: /adm/obj/master
呼叫来自：feature/command.c 的 command_hook() 第 43 行，物件： obj/user#243 ("迪斯科")
呼叫来自：cmds/std/go.c 的 main() 第 58 行，物件： cmds/std/go
呼叫来自：u/xxy/lingzhou/yipingate.c 的 create() 第 24 行，物件： u/xxy/lingzhou/yipingate
呼叫来自：std/room.c 的 setup() 第 228 行，物件： u/xxy/lingzhou/yipingate
呼叫来自：std/room.c 的 reset() 第 65 行，物件： u/xxy/lingzhou/yipingate
呼叫来自：std/room.c 的 make_inventory() 第 19 行，物件： u/xxy/lingzhou/yipingate
呼叫来自：adm/obj/master.c 的 log_error() 第 121 行，物件： adm/obj/master
u/xxy/lingzhou/npc/yipinwushi.c line 38: Warning: improve_skill() inherited from both /feature/skill.c and /feature/skill.c (via /std/char/npc.c); using the definition in /feature/skill.c.

执行时段错误：*Wrong permissions for opening file /u/lingzhou/log for append.
"No such file or directory"

程式：adm/obj/master.c 第 121 行
物件: /adm/obj/master
呼叫来自：feature/command.c 的 command_hook() 第 43 行，物件： obj/user#243 ("迪斯科")
呼叫来自：cmds/std/go.c 的 main() 第 58 行，物件： cmds/std/go
呼叫来自：u/xxy/lingzhou/yipingate.c 的 create() 第 24 行，物件： u/xxy/lingzhou/yipingate
呼叫来自：std/room.c 的 setup() 第 228 行，物件： u/xxy/lingzhou/yipingate
呼叫来自：std/room.c 的 reset() 第 65 行，物件： u/xxy/lingzhou/yipingate
呼叫来自：std/room.c 的 make_inventory() 第 19 行，物件： u/xxy/lingzhou/yipingate
呼叫来自：adm/obj/master.c 的 log_error() 第 121 行，物件： adm/obj/master
u/xxy/lingzhou/npc/yipinwushi.c line 38: Warning: skill_death_penalty() inherited from both /feature/skill.c and /feature/skill.c (via /std/char/npc.c); using the definition in /feature/skill.c.

执行时段错误：*Wrong permissions for opening file /u/lingzhou/log for append.
"No such file or directory"

程式：adm/obj/master.c 第 121 行
物件: /adm/obj/master
呼叫来自：feature/command.c 的 command_hook() 第 43 行，物件： obj/user#243 ("迪斯科")
呼叫来自：cmds/std/go.c 的 main() 第 58 行，物件： cmds/std/go
呼叫来自：u/xxy/lingzhou/yipingate.c 的 create() 第 24 行，物件： u/xxy/lingzhou/yipingate
呼叫来自：std/room.c 的 setup() 第 228 行，物件： u/xxy/lingzhou/yipingate
呼叫来自：std/room.c 的 reset() 第 65 行，物件： u/xxy/lingzhou/yipingate
呼叫来自：std/room.c 的 make_inventory() 第 19 行，物件： u/xxy/lingzhou/yipingate
呼叫来自：adm/obj/master.c 的 log_error() 第 121 行，物件： adm/obj/master
u/xxy/lingzhou/npc/yipinwushi.c line 38: Warning: query_skill_map() inherited from both /feature/skill.c and /feature/skill.c (via /std/char/npc.c); using the definition in /feature/skill.c.

执行时段错误：*Wrong permissions for opening file /u/lingzhou/log for append.
"No such file or directory"

程式：adm/obj/master.c 第 121 行
物件: /adm/obj/master
呼叫来自：feature/command.c 的 command_hook() 第 43 行，物件： obj/user#243 ("迪斯科")
呼叫来自：cmds/std/go.c 的 main() 第 58 行，物件： cmds/std/go
呼叫来自：u/xxy/lingzhou/yipingate.c 的 create() 第 24 行，物件： u/xxy/lingzhou/yipingate
呼叫来自：std/room.c 的 setup() 第 228 行，物件： u/xxy/lingzhou/yipingate
呼叫来自：std/room.c 的 reset() 第 65 行，物件： u/xxy/lingzhou/yipingate
呼叫来自：std/room.c 的 make_inventory() 第 19 行，物件： u/xxy/lingzhou/yipingate
呼叫来自：adm/obj/master.c 的 log_error() 第 121 行，物件： adm/obj/master
u/xxy/lingzhou/npc/yipinwushi.c line 38: Warning: query_skill() inherited from both /feature/skill.c and /feature/skill.c (via /std/char/npc.c); using the definition in /feature/skill.c.

执行时段错误：*Wrong permissions for opening file /u/lingzhou/log for append.
"No such file or directory"

程式：adm/obj/master.c 第 121 行
物件: /adm/obj/master
呼叫来自：feature/command.c 的 command_hook() 第 43 行，物件： obj/user#243 ("迪斯科")
呼叫来自：cmds/std/go.c 的 main() 第 58 行，物件： cmds/std/go
呼叫来自：u/xxy/lingzhou/yipingate.c 的 create() 第 24 行，物件： u/xxy/lingzhou/yipingate
呼叫来自：std/room.c 的 setup() 第 228 行，物件： u/xxy/lingzhou/yipingate
呼叫来自：std/room.c 的 reset() 第 65 行，物件： u/xxy/lingzhou/yipingate
呼叫来自：std/room.c 的 make_inventory() 第 19 行，物件： u/xxy/lingzhou/yipingate
呼叫来自：adm/obj/master.c 的 log_error() 第 121 行，物件： adm/obj/master
u/xxy/lingzhou/npc/yipinwushi.c line 38: Warning: query_skill_mapped() inherited from both /feature/skill.c and /feature/skill.c (via /std/char/npc.c); using the definition in /feature/skill.c.

执行时段错误：*Wrong permissions for opening file /u/lingzhou/log for append.
"No such file or directory"

程式：adm/obj/master.c 第 121 行
物件: /adm/obj/master
呼叫来自：feature/command.c 的 command_hook() 第 43 行，物件： obj/user#243 ("迪斯科")
呼叫来自：cmds/std/go.c 的 main() 第 58 行，物件： cmds/std/go
呼叫来自：u/xxy/lingzhou/yipingate.c 的 create() 第 24 行，物件： u/xxy/lingzhou/yipingate
呼叫来自：std/room.c 的 setup() 第 228 行，物件： u/xxy/lingzhou/yipingate
呼叫来自：std/room.c 的 reset() 第 65 行，物件： u/xxy/lingzhou/yipingate
呼叫来自：std/room.c 的 make_inventory() 第 19 行，物件： u/xxy/lingzhou/yipingate
呼叫来自：adm/obj/master.c 的 log_error() 第 121 行，物件： adm/obj/master
u/xxy/lingzhou/npc/yipinwushi.c line 38: Warning: map_skill() inherited from both /feature/skill.c and /feature/skill.c (via /std/char/npc.c); using the definition in /feature/skill.c.

执行时段错误：*Wrong permissions for opening file /u/lingzhou/log for append.
"No such file or directory"

程式：adm/obj/master.c 第 121 行
物件: /adm/obj/master
呼叫来自：feature/command.c 的 command_hook() 第 43 行，物件： obj/user#243 ("迪斯科")
呼叫来自：cmds/std/go.c 的 main() 第 58 行，物件： cmds/std/go
呼叫来自：u/xxy/lingzhou/yipingate.c 的 create() 第 24 行，物件： u/xxy/lingzhou/yipingate
呼叫来自：std/room.c 的 setup() 第 228 行，物件： u/xxy/lingzhou/yipingate
呼叫来自：std/room.c 的 reset() 第 65 行，物件： u/xxy/lingzhou/yipingate
呼叫来自：std/room.c 的 make_inventory() 第 19 行，物件： u/xxy/lingzhou/yipingate
呼叫来自：adm/obj/master.c 的 log_error() 第 121 行，物件： adm/obj/master
u/xxy/lingzhou/npc/yipinwushi.c line 38: Warning: delete_skill() inherited from both /feature/skill.c and /feature/skill.c (via /std/char/npc.c); using the definition in /feature/skill.c.

执行时段错误：*Wrong permissions for opening file /u/lingzhou/log for append.
"No such file or directory"

程式：adm/obj/master.c 第 121 行
物件: /adm/obj/master
呼叫来自：feature/command.c 的 command_hook() 第 43 行，物件： obj/user#243 ("迪斯科")
呼叫来自：cmds/std/go.c 的 main() 第 58 行，物件： cmds/std/go
呼叫来自：u/xxy/lingzhou/yipingate.c 的 create() 第 24 行，物件： u/xxy/lingzhou/yipingate
呼叫来自：std/room.c 的 setup() 第 228 行，物件： u/xxy/lingzhou/yipingate
呼叫来自：std/room.c 的 reset() 第 65 行，物件： u/xxy/lingzhou/yipingate
呼叫来自：std/room.c 的 make_inventory() 第 19 行，物件： u/xxy/lingzhou/yipingate
呼叫来自：adm/obj/master.c 的 log_error() 第 121 行，物件： adm/obj/master
u/xxy/lingzhou/npc/yipinwushi.c line 38: Warning: set_skill() inherited from both /feature/skill.c and /feature/skill.c (via /std/char/npc.c); using the definition in /feature/skill.c.

执行时段错误：*Wrong permissions for opening file /u/lingzhou/log for append.
"No such file or directory"

程式：adm/obj/master.c 第 121 行
物件: /adm/obj/master
呼叫来自：feature/command.c 的 command_hook() 第 43 行，物件： obj/user#243 ("迪斯科")
呼叫来自：cmds/std/go.c 的 main() 第 58 行，物件： cmds/std/go
呼叫来自：u/xxy/lingzhou/yipingate.c 的 create() 第 24 行，物件： u/xxy/lingzhou/yipingate
呼叫来自：std/room.c 的 setup() 第 228 行，物件： u/xxy/lingzhou/yipingate
呼叫来自：std/room.c 的 reset() 第 65 行，物件： u/xxy/lingzhou/yipingate
呼叫来自：std/room.c 的 make_inventory() 第 19 行，物件： u/xxy/lingzhou/yipingate
呼叫来自：adm/obj/master.c 的 log_error() 第 121 行，物件： adm/obj/master
u/xxy/lingzhou/npc/yipinwushi.c line 38: Warning: query_learned() inherited from both /feature/skill.c and /feature/skill.c (via /std/char/npc.c); using the definition in /feature/skill.c.

执行时段错误：*Wrong permissions for opening file /u/lingzhou/log for append.
"No such file or directory"

程式：adm/obj/master.c 第 121 行
物件: /adm/obj/master
呼叫来自：feature/command.c 的 command_hook() 第 43 行，物件： obj/user#243 ("迪斯科")
呼叫来自：cmds/std/go.c 的 main() 第 58 行，物件： cmds/std/go
呼叫来自：u/xxy/lingzhou/yipingate.c 的 create() 第 24 行，物件： u/xxy/lingzhou/yipingate
呼叫来自：std/room.c 的 setup() 第 228 行，物件： u/xxy/lingzhou/yipingate
呼叫来自：std/room.c 的 reset() 第 65 行，物件： u/xxy/lingzhou/yipingate
呼叫来自：std/room.c 的 make_inventory() 第 19 行，物件： u/xxy/lingzhou/yipingate
呼叫来自：adm/obj/master.c 的 log_error() 第 121 行，物件： adm/obj/master
u/xxy/lingzhou/npc/yipinwushi.c line 38: Warning: query_skills() inherited from both /feature/skill.c and /feature/skill.c (via /std/char/npc.c); using the definition in /feature/skill.c.

执行时段错误：*Bad argument 1 to call_other()
Expected: string or array or object Got: 0.

程式：u/xxy/lingzhou/npc/yipinwushi.c 第 33 行
物件: /u/xxy/lingzhou/npc/yipinwushi
呼叫来自：feature/command.c 的 command_hook() 第 43 行，物件： obj/user#243 ("迪斯科")
呼叫来自：cmds/std/go.c 的 main() 第 58 行，物件： cmds/std/go
呼叫来自：u/xxy/lingzhou/yipingate.c 的 create() 第 24 行，物件： u/xxy/lingzhou/yipingate
呼叫来自：std/room.c 的 setup() 第 228 行，物件： u/xxy/lingzhou/yipingate
呼叫来自：std/room.c 的 reset() 第 65 行，物件： u/xxy/lingzhou/yipingate
呼叫来自：std/room.c 的 make_inventory() 第 19 行，物件： u/xxy/lingzhou/yipingate
呼叫来自：u/xxy/lingzhou/npc/yipinwushi.c 的 create() 第 33 行，物件： u/xxy/lingzhou/npc/yipinwushi ("一品堂武士")

执行时段错误：*Wrong permissions for opening file /u/lingzhou/log for append.
"No such file or directory"

程式：adm/obj/master.c 第 121 行
物件: /adm/obj/master
呼叫来自：feature/command.c 的 command_hook() 第 43 行，物件： obj/user#243 ("迪斯科")
呼叫来自：cmds/std/go.c 的 main() 第 58 行，物件： cmds/std/go
呼叫来自：u/xxy/lingzhou/yipindayuan.c 的 create() 第 28 行，物件： u/xxy/lingzhou/yipindayuan
呼叫来自：std/room.c 的 setup() 第 228 行，物件： u/xxy/lingzhou/yipindayuan
呼叫来自：std/room.c 的 reset() 第 54 行，物件： u/xxy/lingzhou/yipindayuan
呼叫来自：std/room.c 的 make_inventory() 第 19 行，物件： u/xxy/lingzhou/yipindayuan
呼叫来自：adm/obj/master.c 的 log_error() 第 121 行，物件： adm/obj/master
u/xxy/lingzhou/npc/yun.c line 39: Undefined function prepare_skill

执行时段错误：*Error in loading object '/u/xxy/lingzhou/npc/yun'

程式：std/room.c 第 19 行
物件: /u/xxy/lingzhou/yipindayuan
呼叫来自：feature/command.c 的 command_hook() 第 43 行，物件： obj/user#243 ("迪斯科")
呼叫来自：cmds/std/go.c 的 main() 第 58 行，物件： cmds/std/go
呼叫来自：u/xxy/lingzhou/yipindayuan.c 的 create() 第 28 行，物件： u/xxy/lingzhou/yipindayuan
呼叫来自：std/room.c 的 setup() 第 228 行，物件： u/xxy/lingzhou/yipindayuan
呼叫来自：std/room.c 的 reset() 第 54 行，物件： u/xxy/lingzhou/yipindayuan
呼叫来自：std/room.c 的 make_inventory() 第 19 行，物件： u/xxy/lingzhou/yipindayuan

执行时段错误：*Bad argument 1 to call_other()
Expected: string or array or object Got: 0.

程式：u/xxy/lingzhou/npc/yipinwushi.c 第 33 行
物件: /u/xxy/lingzhou/npc/yipinwushi#278
呼叫来自：feature/command.c 的 command_hook() 第 43 行，物件： obj/user#243 ("迪斯科")
呼叫来自：cmds/std/go.c 的 main() 第 58 行，物件： cmds/std/go
呼叫来自：u/xxy/lingzhou/yipindating.c 的 create() 第 28 行，物件： u/xxy/lingzhou/yipindating
呼叫来自：std/room.c 的 setup() 第 228 行，物件： u/xxy/lingzhou/yipindating
呼叫来自：std/room.c 的 reset() 第 65 行，物件： u/xxy/lingzhou/yipindating
呼叫来自：std/room.c 的 make_inventory() 第 19 行，物件： u/xxy/lingzhou/yipindating
呼叫来自：u/xxy/lingzhou/npc/yipinwushi.c 的 create() 第 33 行，物件： u/xxy/lingzhou/npc/yipinwushi#278 ("一品堂武士")

执行时段错误：*Wrong permissions for opening file /u/lingzhou/log for append.
"No such file or directory"

程式：adm/obj/master.c 第 121 行
物件: /adm/obj/master
呼叫来自：feature/command.c 的 command_hook() 第 43 行，物件： obj/user#243 ("迪斯科")
呼叫来自：cmds/app/clone.c 的 main() 第 28 行，物件： cmds/app/clone
呼叫来自：cmds/app/clone.c 的 CATCH() 第 28 行，物件： cmds/app/clone
呼叫来自：adm/obj/master.c 的 log_error() 第 121 行，物件： adm/obj/master
u/xxy/lingzhou/npc/shiwushi.c line 39: Warning: improve_skill() inherited from both /feature/skill.c and /feature/skill.c (via /std/char/npc.c); using the definition in /feature/skill.c.

执行时段错误：*Wrong permissions for opening file /u/lingzhou/log for append.
"No such file or directory"

程式：adm/obj/master.c 第 121 行
物件: /adm/obj/master
呼叫来自：feature/command.c 的 command_hook() 第 43 行，物件： obj/user#243 ("迪斯科")
呼叫来自：cmds/app/clone.c 的 main() 第 28 行，物件： cmds/app/clone
呼叫来自：cmds/app/clone.c 的 CATCH() 第 28 行，物件： cmds/app/clone
呼叫来自：adm/obj/master.c 的 log_error() 第 121 行，物件： adm/obj/master
u/xxy/lingzhou/npc/shiwushi.c line 39: Warning: skill_death_penalty() inherited from both /feature/skill.c and /feature/skill.c (via /std/char/npc.c); using the definition in /feature/skill.c.

执行时段错误：*Wrong permissions for opening file /u/lingzhou/log for append.
"No such file or directory"

程式：adm/obj/master.c 第 121 行
物件: /adm/obj/master
呼叫来自：feature/command.c 的 command_hook() 第 43 行，物件： obj/user#243 ("迪斯科")
呼叫来自：cmds/app/clone.c 的 main() 第 28 行，物件： cmds/app/clone
呼叫来自：cmds/app/clone.c 的 CATCH() 第 28 行，物件： cmds/app/clone
呼叫来自：adm/obj/master.c 的 log_error() 第 121 行，物件： adm/obj/master
u/xxy/lingzhou/npc/shiwushi.c line 39: Warning: query_skill_map() inherited from both /feature/skill.c and /feature/skill.c (via /std/char/npc.c); using the definition in /feature/skill.c.

执行时段错误：*Wrong permissions for opening file /u/lingzhou/log for append.
"No such file or directory"

程式：adm/obj/master.c 第 121 行
物件: /adm/obj/master
呼叫来自：feature/command.c 的 command_hook() 第 43 行，物件： obj/user#243 ("迪斯科")
呼叫来自：cmds/app/clone.c 的 main() 第 28 行，物件： cmds/app/clone
呼叫来自：cmds/app/clone.c 的 CATCH() 第 28 行，物件： cmds/app/clone
呼叫来自：adm/obj/master.c 的 log_error() 第 121 行，物件： adm/obj/master
u/xxy/lingzhou/npc/shiwushi.c line 39: Warning: query_skill() inherited from both /feature/skill.c and /feature/skill.c (via /std/char/npc.c); using the definition in /feature/skill.c.

执行时段错误：*Wrong permissions for opening file /u/lingzhou/log for append.
"No such file or directory"

程式：adm/obj/master.c 第 121 行
物件: /adm/obj/master
呼叫来自：feature/command.c 的 command_hook() 第 43 行，物件： obj/user#243 ("迪斯科")
呼叫来自：cmds/app/clone.c 的 main() 第 28 行，物件： cmds/app/clone
呼叫来自：cmds/app/clone.c 的 CATCH() 第 28 行，物件： cmds/app/clone
呼叫来自：adm/obj/master.c 的 log_error() 第 121 行，物件： adm/obj/master
u/xxy/lingzhou/npc/shiwushi.c line 39: Warning: query_skill_mapped() inherited from both /feature/skill.c and /feature/skill.c (via /std/char/npc.c); using the definition in /feature/skill.c.

执行时段错误：*Wrong permissions for opening file /u/lingzhou/log for append.
"No such file or directory"

程式：adm/obj/master.c 第 121 行
物件: /adm/obj/master
呼叫来自：feature/command.c 的 command_hook() 第 43 行，物件： obj/user#243 ("迪斯科")
呼叫来自：cmds/app/clone.c 的 main() 第 28 行，物件： cmds/app/clone
呼叫来自：cmds/app/clone.c 的 CATCH() 第 28 行，物件： cmds/app/clone
呼叫来自：adm/obj/master.c 的 log_error() 第 121 行，物件： adm/obj/master
u/xxy/lingzhou/npc/shiwushi.c line 39: Warning: map_skill() inherited from both /feature/skill.c and /feature/skill.c (via /std/char/npc.c); using the definition in /feature/skill.c.

执行时段错误：*Wrong permissions for opening file /u/lingzhou/log for append.
"No such file or directory"

程式：adm/obj/master.c 第 121 行
物件: /adm/obj/master
呼叫来自：feature/command.c 的 command_hook() 第 43 行，物件： obj/user#243 ("迪斯科")
呼叫来自：cmds/app/clone.c 的 main() 第 28 行，物件： cmds/app/clone
呼叫来自：cmds/app/clone.c 的 CATCH() 第 28 行，物件： cmds/app/clone
呼叫来自：adm/obj/master.c 的 log_error() 第 121 行，物件： adm/obj/master
u/xxy/lingzhou/npc/shiwushi.c line 39: Warning: delete_skill() inherited from both /feature/skill.c and /feature/skill.c (via /std/char/npc.c); using the definition in /feature/skill.c.

执行时段错误：*Wrong permissions for opening file /u/lingzhou/log for append.
"No such file or directory"

程式：adm/obj/master.c 第 121 行
物件: /adm/obj/master
呼叫来自：feature/command.c 的 command_hook() 第 43 行，物件： obj/user#243 ("迪斯科")
呼叫来自：cmds/app/clone.c 的 main() 第 28 行，物件： cmds/app/clone
呼叫来自：cmds/app/clone.c 的 CATCH() 第 28 行，物件： cmds/app/clone
呼叫来自：adm/obj/master.c 的 log_error() 第 121 行，物件： adm/obj/master
u/xxy/lingzhou/npc/shiwushi.c line 39: Warning: set_skill() inherited from both /feature/skill.c and /feature/skill.c (via /std/char/npc.c); using the definition in /feature/skill.c.

执行时段错误：*Wrong permissions for opening file /u/lingzhou/log for append.
"No such file or directory"

程式：adm/obj/master.c 第 121 行
物件: /adm/obj/master
呼叫来自：feature/command.c 的 command_hook() 第 43 行，物件： obj/user#243 ("迪斯科")
呼叫来自：cmds/app/clone.c 的 main() 第 28 行，物件： cmds/app/clone
呼叫来自：cmds/app/clone.c 的 CATCH() 第 28 行，物件： cmds/app/clone
呼叫来自：adm/obj/master.c 的 log_error() 第 121 行，物件： adm/obj/master
u/xxy/lingzhou/npc/shiwushi.c line 39: Warning: query_learned() inherited from both /feature/skill.c and /feature/skill.c (via /std/char/npc.c); using the definition in /feature/skill.c.

执行时段错误：*Wrong permissions for opening file /u/lingzhou/log for append.
"No such file or directory"

程式：adm/obj/master.c 第 121 行
物件: /adm/obj/master
呼叫来自：feature/command.c 的 command_hook() 第 43 行，物件： obj/user#243 ("迪斯科")
呼叫来自：cmds/app/clone.c 的 main() 第 28 行，物件： cmds/app/clone
呼叫来自：cmds/app/clone.c 的 CATCH() 第 28 行，物件： cmds/app/clone
呼叫来自：adm/obj/master.c 的 log_error() 第 121 行，物件： adm/obj/master
u/xxy/lingzhou/npc/shiwushi.c line 39: Warning: query_skills() inherited from both /feature/skill.c and /feature/skill.c (via /std/char/npc.c); using the definition in /feature/skill.c.
错误讯息被拦截: 
执行时段错误：*F_SKILL: No such skill (zhongping-qiang)

程式：feature/skill.c 第 17 行
物件: /u/xxy/lingzhou/npc/shiwushi
呼叫来自：feature/command.c 的 command_hook() 第 43 行，物件： obj/user#243 ("迪斯科")
呼叫来自：cmds/app/clone.c 的 main() 第 28 行，物件： cmds/app/clone
呼叫来自：cmds/app/clone.c 的 CATCH() 第 28 行，物件： cmds/app/clone
呼叫来自：u/xxy/lingzhou/npc/shiwushi.c 的 create() 第 21 行，物件： u/xxy/lingzhou/npc/shiwushi ("石人武士")
呼叫来自：feature/skill.c 的 set_skill() 第 17 行，物件： u/xxy/lingzhou/npc/shiwushi ("石人武士")

执行时段错误：*Wrong permissions for opening file /u/guanwai/log for append.
"No such file or directory"

程式：adm/obj/master.c 第 121 行
物件: /adm/obj/master
呼叫来自：feature/command.c 的 command_hook() 第 43 行，物件： obj/user#243 ("迪斯科")
呼叫来自：cmds/imm/goto.c 的 main() 第 24 行，物件： cmds/imm/goto
呼叫来自：feature/move.c 的 move() 第 58 行，物件： obj/user#243 ("迪斯科")
呼叫来自：u/xxy/guanwai/muqiao.c 的 create() 第 22 行，物件： u/xxy/guanwai/muqiao
呼叫来自：std/room.c 的 setup() 第 228 行，物件： u/xxy/guanwai/muqiao
呼叫来自：std/room.c 的 reset() 第 54 行，物件： u/xxy/guanwai/muqiao
呼叫来自：std/room.c 的 make_inventory() 第 19 行，物件： u/xxy/guanwai/muqiao
呼叫来自：adm/obj/master.c 的 log_error() 第 121 行，物件： adm/obj/master
u/xxy/guanwai/npc/yuzhenzi.c line 6: parse error

执行时段错误：*Error in loading object '/u/xxy/guanwai/npc/yuzhenzi'

程式：std/room.c 第 19 行
物件: /u/xxy/guanwai/muqiao
呼叫来自：feature/command.c 的 command_hook() 第 43 行，物件： obj/user#243 ("迪斯科")
呼叫来自：cmds/imm/goto.c 的 main() 第 24 行，物件： cmds/imm/goto
呼叫来自：feature/move.c 的 move() 第 58 行，物件： obj/user#243 ("迪斯科")
呼叫来自：u/xxy/guanwai/muqiao.c 的 create() 第 22 行，物件： u/xxy/guanwai/muqiao
呼叫来自：std/room.c 的 setup() 第 228 行，物件： u/xxy/guanwai/muqiao
呼叫来自：std/room.c 的 reset() 第 54 行，物件： u/xxy/guanwai/muqiao
呼叫来自：std/room.c 的 make_inventory() 第 19 行，物件： u/xxy/guanwai/muqiao

执行时段错误：*F_SKILL: No such skill (xiaowuxiang)

程式：feature/skill.c 第 17 行
物件: /u/xxy/guanwai/npc/tengyilei
呼叫来自：feature/command.c 的 command_hook() 第 43 行，物件： obj/user#243 ("迪斯科")
呼叫来自：cmds/std/go.c 的 main() 第 58 行，物件： cmds/std/go
呼叫来自：u/xxy/guanwai/nancheng.c 的 create() 第 24 行，物件： u/xxy/guanwai/nancheng
呼叫来自：std/room.c 的 setup() 第 228 行，物件： u/xxy/guanwai/nancheng
呼叫来自：std/room.c 的 reset() 第 54 行，物件： u/xxy/guanwai/nancheng
呼叫来自：std/room.c 的 make_inventory() 第 19 行，物件： u/xxy/guanwai/nancheng
呼叫来自：u/xxy/guanwai/npc/tengyilei.c 的 create() 第 30 行，物件： u/xxy/guanwai/npc/tengyilei ("滕一雷")
呼叫来自：feature/skill.c 的 set_skill() 第 17 行，物件： u/xxy/guanwai/npc/tengyilei ("滕一雷")

执行时段错误：*Bad argument 1 to call_other()
Expected: string or array or object Got: 0.

程式：u/xxy/guanwai/npc/heersu.c 第 33 行
物件: /u/xxy/guanwai/npc/heersu
呼叫来自：feature/command.c 的 command_hook() 第 43 行，物件： obj/user#243 ("迪斯科")
呼叫来自：cmds/std/go.c 的 main() 第 58 行，物件： cmds/std/go
呼叫来自：u/xxy/guanwai/tuwu.c 的 create() 第 21 行，物件： u/xxy/guanwai/tuwu
呼叫来自：std/room.c 的 setup() 第 228 行，物件： u/xxy/guanwai/tuwu
呼叫来自：std/room.c 的 reset() 第 54 行，物件： u/xxy/guanwai/tuwu
呼叫来自：std/room.c 的 make_inventory() 第 19 行，物件： u/xxy/guanwai/tuwu
呼叫来自：u/xxy/guanwai/npc/heersu.c 的 create() 第 33 行，物件： u/xxy/guanwai/npc/heersu ("赫尔苏")

执行时段错误：*F_SKILL: No such skill (hujia-daofa)

程式：feature/skill.c 第 17 行
物件: /u/xxy/guanwai/npc/yanji
呼叫来自：feature/command.c 的 command_hook() 第 39 行，物件： obj/user#243 ("迪斯科")
呼叫来自：cmds/std/go.c 的 main() 第 58 行，物件： cmds/std/go
呼叫来自：u/xxy/guanwai/shanshenmiao.c 的 create() 第 42 行，物件： u/xxy/guanwai/shanshenmiao
呼叫来自：std/room.c 的 setup() 第 228 行，物件： u/xxy/guanwai/shanshenmiao
呼叫来自：std/room.c 的 reset() 第 54 行，物件： u/xxy/guanwai/shanshenmiao
呼叫来自：std/room.c 的 make_inventory() 第 19 行，物件： u/xxy/guanwai/shanshenmiao
呼叫来自：u/xxy/guanwai/npc/yanji.c 的 create() 第 33 行，物件： u/xxy/guanwai/npc/yanji ("阎基")
呼叫来自：feature/skill.c 的 set_skill() 第 17 行，物件： u/xxy/guanwai/npc/yanji ("阎基")

执行时段错误：*Bad argument 1 to call_other()
Expected: string or array or object Got: 0.

程式：std/room.c 第 20 行
物件: /u/xxy/guanwai/majiu
呼叫来自：feature/command.c 的 command_hook() 第 43 行，物件： obj/user#243 ("迪斯科")
呼叫来自：cmds/std/go.c 的 main() 第 58 行，物件： cmds/std/go
呼叫来自：u/xxy/guanwai/majiu.c 的 create() 第 35 行，物件： u/xxy/guanwai/majiu
呼叫来自：std/room.c 的 setup() 第 228 行，物件： u/xxy/guanwai/majiu
呼叫来自：std/room.c 的 reset() 第 54 行，物件： u/xxy/guanwai/majiu
呼叫来自：std/room.c 的 make_inventory() 第 20 行，物件： u/xxy/guanwai/majiu

执行时段错误：*Bad argument 1 to call_other()
Expected: string or array or object Got: 0.

程式：u/xxy/guanwai/npc/laoban.c 第 22 行
物件: /u/xxy/guanwai/npc/laoban
呼叫来自：feature/command.c 的 command_hook() 第 43 行，物件： obj/user#243 ("迪斯科")
呼叫来自：cmds/std/go.c 的 main() 第 58 行，物件： cmds/std/go
呼叫来自：u/xxy/guanwai/rouguan.c 的 create() 第 21 行，物件： u/xxy/guanwai/rouguan
呼叫来自：std/room.c 的 setup() 第 228 行，物件： u/xxy/guanwai/rouguan
呼叫来自：std/room.c 的 reset() 第 54 行，物件： u/xxy/guanwai/rouguan
呼叫来自：std/room.c 的 make_inventory() 第 19 行，物件： u/xxy/guanwai/rouguan
呼叫来自：u/xxy/guanwai/npc/laoban.c 的 create() 第 22 行，物件： u/xxy/guanwai/npc/laoban ("酒馆老板")

执行时段错误：*Bad argument 1 to call_other()
Expected: string or array or object Got: 0.

程式：u/xxy/guanwai/npc/sanhu.c 第 24 行
物件: /u/xxy/guanwai/npc/sanhu
呼叫来自：feature/command.c 的 command_hook() 第 43 行，物件： obj/user#243 ("迪斯科")
呼叫来自：cmds/std/go.c 的 main() 第 58 行，物件： cmds/std/go
呼叫来自：u/xxy/guanwai/road6.c 的 create() 第 21 行，物件： u/xxy/guanwai/road6
呼叫来自：std/room.c 的 setup() 第 228 行，物件： u/xxy/guanwai/road6
呼叫来自：std/room.c 的 reset() 第 54 行，物件： u/xxy/guanwai/road6
呼叫来自：std/room.c 的 make_inventory() 第 19 行，物件： u/xxy/guanwai/road6
呼叫来自：u/xxy/guanwai/npc/sanhu.c 的 create() 第 24 行，物件： u/xxy/guanwai/npc/sanhu ("忽伦三虎")

执行时段错误：*Bad argument 1 to call_other()
Expected: string or array or object Got: 0.

程式：u/xxy/guanwai/npc/sihu.c 第 24 行
物件: /u/xxy/guanwai/npc/sihu
呼叫来自：feature/command.c 的 command_hook() 第 43 行，物件： obj/user#243 ("迪斯科")
呼叫来自：cmds/std/go.c 的 main() 第 58 行，物件： cmds/std/go
呼叫来自：u/xxy/guanwai/road5.c 的 create() 第 22 行，物件： u/xxy/guanwai/road5
呼叫来自：std/room.c 的 setup() 第 228 行，物件： u/xxy/guanwai/road5
呼叫来自：std/room.c 的 reset() 第 54 行，物件： u/xxy/guanwai/road5
呼叫来自：std/room.c 的 make_inventory() 第 19 行，物件： u/xxy/guanwai/road5
呼叫来自：u/xxy/guanwai/npc/sihu.c 的 create() 第 24 行，物件： u/xxy/guanwai/npc/sihu ("忽伦四虎")

执行时段错误：*Bad argument 1 to call_other()
Expected: string or array or object Got: 0.

程式：u/xxy/guanwai/npc/dahu.c 第 24 行
物件: /u/xxy/guanwai/npc/dahu
呼叫来自：feature/command.c 的 command_hook() 第 43 行，物件： obj/user#243 ("迪斯科")
呼叫来自：cmds/std/go.c 的 main() 第 58 行，物件： cmds/std/go
呼叫来自：u/xxy/guanwai/road4.c 的 create() 第 21 行，物件： u/xxy/guanwai/road4
呼叫来自：std/room.c 的 setup() 第 228 行，物件： u/xxy/guanwai/road4
呼叫来自：std/room.c 的 reset() 第 54 行，物件： u/xxy/guanwai/road4
呼叫来自：std/room.c 的 make_inventory() 第 19 行，物件： u/xxy/guanwai/road4
呼叫来自：u/xxy/guanwai/npc/dahu.c 的 create() 第 24 行，物件： u/xxy/guanwai/npc/dahu ("忽伦大虎")

执行时段错误：*Bad argument 1 to call_other()
Expected: string or array or object Got: 0.

程式：u/xxy/guanwai/npc/xiaoyuanshan.c 第 51 行
物件: /u/xxy/guanwai/npc/xiaoyuanshan
呼叫来自：feature/command.c 的 command_hook() 第 43 行，物件： obj/user#243 ("迪斯科")
呼叫来自：cmds/std/go.c 的 main() 第 58 行，物件： cmds/std/go
呼叫来自：u/xxy/guanwai/road1.c 的 create() 第 21 行，物件： u/xxy/guanwai/road1
呼叫来自：std/room.c 的 setup() 第 228 行，物件： u/xxy/guanwai/road1
呼叫来自：std/room.c 的 reset() 第 54 行，物件： u/xxy/guanwai/road1
呼叫来自：std/room.c 的 make_inventory() 第 19 行，物件： u/xxy/guanwai/road1
呼叫来自：u/xxy/guanwai/npc/xiaoyuanshan.c 的 create() 第 51 行，物件： u/xxy/guanwai/npc/xiaoyuanshan ("萧远山")

执行时段错误：*Bad argument 1 to call_other()
Expected: string or array or object Got: 0.

程式：std/room.c 第 20 行
物件: /u/xxy/guanwai/shanhaiguan
呼叫来自：feature/command.c 的 command_hook() 第 43 行，物件： obj/user#243 ("迪斯科")
呼叫来自：cmds/std/go.c 的 main() 第 58 行，物件： cmds/std/go
呼叫来自：u/xxy/guanwai/shanhaiguan.c 的 create() 第 32 行，物件： u/xxy/guanwai/shanhaiguan
呼叫来自：std/room.c 的 setup() 第 228 行，物件： u/xxy/guanwai/shanhaiguan
呼叫来自：std/room.c 的 reset() 第 54 行，物件： u/xxy/guanwai/shanhaiguan
呼叫来自：std/room.c 的 make_inventory() 第 20 行，物件： u/xxy/guanwai/shanhaiguan

执行时段错误：*F_SKILL: No such skill (huashan-sword)

程式：feature/skill.c 第 17 行
物件: /u/xxy/guanwai/npc/fengxifan
呼叫来自：feature/command.c 的 command_hook() 第 43 行，物件： obj/user#243 ("迪斯科")
呼叫来自：cmds/std/go.c 的 main() 第 58 行，物件： cmds/std/go
呼叫来自：u/xxy/guanwai/laolongtou.c 的 create() 第 21 行，物件： u/xxy/guanwai/laolongtou
呼叫来自：std/room.c 的 setup() 第 228 行，物件： u/xxy/guanwai/laolongtou
呼叫来自：std/room.c 的 reset() 第 54 行，物件： u/xxy/guanwai/laolongtou
呼叫来自：std/room.c 的 make_inventory() 第 19 行，物件： u/xxy/guanwai/laolongtou
呼叫来自：u/xxy/guanwai/npc/fengxifan.c 的 create() 第 37 行，物件： u/xxy/guanwai/npc/fengxifan ("冯锡范")
呼叫来自：feature/skill.c 的 set_skill() 第 17 行，物件： u/xxy/guanwai/npc/fengxifan ("冯锡范")

执行时段错误：*F_SKILL: No such skill (huashan-sword)

程式：feature/skill.c 第 17 行
物件: /u/xxy/guanwai/npc/fengxifan#376
呼叫来自：std/room.c 的 reset() 第 54 行，物件： u/xxy/guanwai/laolongtou
呼叫来自：std/room.c 的 make_inventory() 第 19 行，物件： u/xxy/guanwai/laolongtou
呼叫来自：u/xxy/guanwai/npc/fengxifan.c 的 create() 第 37 行，物件： u/xxy/guanwai/npc/fengxifan#376 ("冯锡范")
呼叫来自：feature/skill.c 的 set_skill() 第 17 行，物件： u/xxy/guanwai/npc/fengxifan#376 ("冯锡范")

执行时段错误：*Bad argument 1 to call_other()
Expected: string or array or object Got: 0.

程式：std/room.c 第 20 行
物件: /u/xxy/guanwai/shanhaiguan
呼叫来自：std/room.c 的 reset() 第 54 行，物件： u/xxy/guanwai/shanhaiguan
呼叫来自：std/room.c 的 make_inventory() 第 20 行，物件： u/xxy/guanwai/shanhaiguan

执行时段错误：*Bad argument 1 to call_other()
Expected: string or array or object Got: 0.

程式：u/xxy/guanwai/npc/xiaoyuanshan.c 第 51 行
物件: /u/xxy/guanwai/npc/xiaoyuanshan#377
呼叫来自：std/room.c 的 reset() 第 54 行，物件： u/xxy/guanwai/road1
呼叫来自：std/room.c 的 make_inventory() 第 19 行，物件： u/xxy/guanwai/road1
呼叫来自：u/xxy/guanwai/npc/xiaoyuanshan.c 的 create() 第 51 行，物件： u/xxy/guanwai/npc/xiaoyuanshan#377 ("萧远山")

执行时段错误：*Bad argument 1 to call_other()
Expected: string or array or object Got: 0.

程式：u/xxy/guanwai/npc/dahu.c 第 24 行
物件: /u/xxy/guanwai/npc/dahu#378
呼叫来自：std/room.c 的 reset() 第 54 行，物件： u/xxy/guanwai/road4
呼叫来自：std/room.c 的 make_inventory() 第 19 行，物件： u/xxy/guanwai/road4
呼叫来自：u/xxy/guanwai/npc/dahu.c 的 create() 第 24 行，物件： u/xxy/guanwai/npc/dahu#378 ("忽伦大虎")

执行时段错误：*Bad argument 1 to call_other()
Expected: string or array or object Got: 0.

程式：u/xxy/guanwai/npc/sihu.c 第 24 行
物件: /u/xxy/guanwai/npc/sihu#379
呼叫来自：std/room.c 的 reset() 第 54 行，物件： u/xxy/guanwai/road5
呼叫来自：std/room.c 的 make_inventory() 第 19 行，物件： u/xxy/guanwai/road5
呼叫来自：u/xxy/guanwai/npc/sihu.c 的 create() 第 24 行，物件： u/xxy/guanwai/npc/sihu#379 ("忽伦四虎")

执行时段错误：*Bad argument 1 to call_other()
Expected: string or array or object Got: 0.

程式：u/xxy/guanwai/npc/sanhu.c 第 24 行
物件: /u/xxy/guanwai/npc/sanhu#380
呼叫来自：std/room.c 的 reset() 第 54 行，物件： u/xxy/guanwai/road6
呼叫来自：std/room.c 的 make_inventory() 第 19 行，物件： u/xxy/guanwai/road6
呼叫来自：u/xxy/guanwai/npc/sanhu.c 的 create() 第 24 行，物件： u/xxy/guanwai/npc/sanhu#380 ("忽伦三虎")

执行时段错误：*Bad argument 1 to call_other()
Expected: string or array or object Got: 0.

程式：u/xxy/guanwai/npc/laoban.c 第 22 行
物件: /u/xxy/guanwai/npc/laoban#381
呼叫来自：std/room.c 的 reset() 第 54 行，物件： u/xxy/guanwai/rouguan
呼叫来自：std/room.c 的 make_inventory() 第 19 行，物件： u/xxy/guanwai/rouguan
呼叫来自：u/xxy/guanwai/npc/laoban.c 的 create() 第 22 行，物件： u/xxy/guanwai/npc/laoban#381 ("酒馆老板")

执行时段错误：*Bad argument 1 to call_other()
Expected: string or array or object Got: 0.

程式：std/room.c 第 20 行
物件: /u/xxy/guanwai/majiu
呼叫来自：std/room.c 的 reset() 第 54 行，物件： u/xxy/guanwai/majiu
呼叫来自：std/room.c 的 make_inventory() 第 20 行，物件： u/xxy/guanwai/majiu

执行时段错误：*F_SKILL: No such skill (hujia-daofa)

程式：feature/skill.c 第 17 行
物件: /u/xxy/guanwai/npc/yanji#382
呼叫来自：std/room.c 的 reset() 第 54 行，物件： u/xxy/guanwai/shanshenmiao
呼叫来自：std/room.c 的 make_inventory() 第 19 行，物件： u/xxy/guanwai/shanshenmiao
呼叫来自：u/xxy/guanwai/npc/yanji.c 的 create() 第 33 行，物件： u/xxy/guanwai/npc/yanji#382 ("阎基")
呼叫来自：feature/skill.c 的 set_skill() 第 17 行，物件： u/xxy/guanwai/npc/yanji#382 ("阎基")

执行时段错误：*Bad argument 1 to call_other()
Expected: string or array or object Got: 0.

程式：u/xxy/guanwai/npc/heersu.c 第 33 行
物件: /u/xxy/guanwai/npc/heersu#383
呼叫来自：std/room.c 的 reset() 第 54 行，物件： u/xxy/guanwai/tuwu
呼叫来自：std/room.c 的 make_inventory() 第 19 行，物件： u/xxy/guanwai/tuwu
呼叫来自：u/xxy/guanwai/npc/heersu.c 的 create() 第 33 行，物件： u/xxy/guanwai/npc/heersu#383 ("赫尔苏")

执行时段错误：*F_SKILL: No such skill (xiaowuxiang)

程式：feature/skill.c 第 17 行
物件: /u/xxy/guanwai/npc/tengyilei#384
呼叫来自：std/room.c 的 reset() 第 54 行，物件： u/xxy/guanwai/nancheng
呼叫来自：std/room.c 的 make_inventory() 第 19 行，物件： u/xxy/guanwai/nancheng
呼叫来自：u/xxy/guanwai/npc/tengyilei.c 的 create() 第 30 行，物件： u/xxy/guanwai/npc/tengyilei#384 ("滕一雷")
呼叫来自：feature/skill.c 的 set_skill() 第 17 行，物件： u/xxy/guanwai/npc/tengyilei#384 ("滕一雷")

执行时段错误：*Wrong permissions for opening file /u/guanwai/log for append.
"No such file or directory"

程式：adm/obj/master.c 第 121 行
物件: /adm/obj/master
呼叫来自：std/room.c 的 reset() 第 54 行，物件： u/xxy/guanwai/muqiao
呼叫来自：std/room.c 的 make_inventory() 第 19 行，物件： u/xxy/guanwai/muqiao
呼叫来自：adm/obj/master.c 的 log_error() 第 121 行，物件： adm/obj/master
u/xxy/guanwai/npc/yuzhenzi.c line 6: parse error

执行时段错误：*Error in loading object '/u/xxy/guanwai/npc/yuzhenzi'

程式：std/room.c 第 19 行
物件: /u/xxy/guanwai/muqiao
呼叫来自：std/room.c 的 reset() 第 54 行，物件： u/xxy/guanwai/muqiao
呼叫来自：std/room.c 的 make_inventory() 第 19 行，物件： u/xxy/guanwai/muqiao

执行时段错误：*Bad argument 1 to call_other()
Expected: string or array or object Got: 0.

程式：u/xxy/lingzhou/npc/yipinwushi.c 第 33 行
物件: /u/xxy/lingzhou/npc/yipinwushi#385
呼叫来自：std/room.c 的 reset() 第 65 行，物件： u/xxy/lingzhou/yipindating
呼叫来自：std/room.c 的 make_inventory() 第 19 行，物件： u/xxy/lingzhou/yipindating
呼叫来自：u/xxy/lingzhou/npc/yipinwushi.c 的 create() 第 33 行，物件： u/xxy/lingzhou/npc/yipinwushi#385 ("一品堂武士")

执行时段错误：*Wrong permissions for opening file /u/lingzhou/log for append.
"No such file or directory"

程式：adm/obj/master.c 第 121 行
物件: /adm/obj/master
呼叫来自：std/room.c 的 reset() 第 54 行，物件： u/xxy/lingzhou/yipindayuan
呼叫来自：std/room.c 的 make_inventory() 第 19 行，物件： u/xxy/lingzhou/yipindayuan
呼叫来自：adm/obj/master.c 的 log_error() 第 121 行，物件： adm/obj/master
u/xxy/lingzhou/npc/yun.c line 39: Undefined function prepare_skill

执行时段错误：*Error in loading object '/u/xxy/lingzhou/npc/yun'

程式：std/room.c 第 19 行
物件: /u/xxy/lingzhou/yipindayuan
呼叫来自：std/room.c 的 reset() 第 54 行，物件： u/xxy/lingzhou/yipindayuan
呼叫来自：std/room.c 的 make_inventory() 第 19 行，物件： u/xxy/lingzhou/yipindayuan

执行时段错误：*Bad argument 1 to call_other()
Expected: string or array or object Got: 0.

程式：u/xxy/lingzhou/npc/yipinwushi.c 第 33 行
物件: /u/xxy/lingzhou/npc/yipinwushi#386
呼叫来自：std/room.c 的 reset() 第 65 行，物件： u/xxy/lingzhou/yipingate
呼叫来自：std/room.c 的 make_inventory() 第 19 行，物件： u/xxy/lingzhou/yipingate
呼叫来自：u/xxy/lingzhou/npc/yipinwushi.c 的 create() 第 33 行，物件： u/xxy/lingzhou/npc/yipinwushi#386 ("一品堂武士")

执行时段错误：*Bad argument 1 to call_other()
Expected: string or array or object Got: 0.

程式：std/room.c 第 20 行
物件: /u/xxy/lingzhou/jiangjunyuan
呼叫来自：std/room.c 的 reset() 第 65 行，物件： u/xxy/lingzhou/jiangjunyuan
呼叫来自：std/room.c 的 make_inventory() 第 20 行，物件： u/xxy/lingzhou/jiangjunyuan

执行时段错误：*Bad argument 1 to call_other()
Expected: string or array or object Got: 0.

程式：u/xxy/lingzhou/npc/xiaowei.c 第 32 行
物件: /u/xxy/lingzhou/npc/xiaowei#387
呼叫来自：std/room.c 的 reset() 第 65 行，物件： u/xxy/lingzhou/jiangjungate
呼叫来自：std/room.c 的 make_inventory() 第 19 行，物件： u/xxy/lingzhou/jiangjungate
呼叫来自：u/xxy/lingzhou/npc/xiaowei.c 的 create() 第 32 行，物件： u/xxy/lingzhou/npc/xiaowei#387 ("校尉")

执行时段错误：*Bad argument 1 to call_other()
Expected: string or array or object Got: 0.

程式：std/room.c 第 20 行
物件: /u/xxy/lingzhou/yamen
呼叫来自：std/room.c 的 reset() 第 65 行，物件： u/xxy/lingzhou/yamen
呼叫来自：std/room.c 的 make_inventory() 第 20 行，物件： u/xxy/lingzhou/yamen

执行时段错误：*Bad argument 1 to call_other()
Expected: string or array or object Got: 0.

程式：u/xxy/lingzhou/npc/xixiabing.c 第 33 行
物件: /u/xxy/lingzhou/npc/xixiabing#388
呼叫来自：std/room.c 的 reset() 第 65 行，物件： u/xxy/lingzhou/biaoqiyin
呼叫来自：std/room.c 的 make_inventory() 第 19 行，物件： u/xxy/lingzhou/biaoqiyin
呼叫来自：u/xxy/lingzhou/npc/xixiabing.c 的 create() 第 33 行，物件： u/xxy/lingzhou/npc/xixiabing#388 ("西夏兵")

执行时段错误：*Bad argument 1 to call_other()
Expected: string or array or object Got: 0.

程式：u/xxy/lingzhou/npc/xiaoer2.c 第 25 行
物件: /u/xxy/lingzhou/npc/xiaoer2#389
呼叫来自：std/room.c 的 reset() 第 54 行，物件： u/xxy/lingzhou/jiuguan
呼叫来自：std/room.c 的 make_inventory() 第 19 行，物件： u/xxy/lingzhou/jiuguan
呼叫来自：u/xxy/lingzhou/npc/xiaoer2.c 的 create() 第 25 行，物件： u/xxy/lingzhou/npc/xiaoer2#389 ("店小二")

执行时段错误：*Wrong permissions for opening file /u/lingzhou/log for append.
"No such file or directory"

程式：adm/obj/master.c 第 121 行
物件: /adm/obj/master
呼叫来自：std/room.c 的 reset() 第 54 行，物件： u/xxy/lingzhou/center
呼叫来自：std/room.c 的 make_inventory() 第 19 行，物件： u/xxy/lingzhou/center
呼叫来自：adm/obj/master.c 的 log_error() 第 121 行，物件： adm/obj/master
u/xxy/lingzhou/npc/duan.c line 39: Undefined function prepare_skill

执行时段错误：*Error in loading object '/u/xxy/lingzhou/npc/duan'

程式：std/room.c 第 19 行
物件: /u/xxy/lingzhou/center
呼叫来自：std/room.c 的 reset() 第 54 行，物件： u/xxy/lingzhou/center
呼叫来自：std/room.c 的 make_inventory() 第 19 行，物件： u/xxy/lingzhou/center

执行时段错误：*Bad argument 1 to call_other()
Expected: string or array or object Got: 0.

程式：u/xxy/lingzhou/npc/xiaowei.c 第 32 行
物件: /u/xxy/lingzhou/npc/xiaowei#390
呼叫来自：std/room.c 的 reset() 第 54 行，物件： u/xxy/lingzhou/nanmen
呼叫来自：std/room.c 的 make_inventory() 第 19 行，物件： u/xxy/lingzhou/nanmen
呼叫来自：u/xxy/lingzhou/npc/xiaowei.c 的 create() 第 32 行，物件： u/xxy/lingzhou/npc/xiaowei#390 ("校尉")

执行时段错误：*Bad argument 1 to explode()
Expected: string Got: 0.

程式：feature/more.c 第 31 行
物件: /obj/user#1
呼叫来自：feature/command.c 的 command_hook() 第 43 行，物件： obj/user#1 ("柳五")
呼叫来自：cmds/app/more.c 的 main() 第 27 行，物件： cmds/app/more
呼叫来自：feature/more.c 的 start_more() 第 31 行，物件： obj/user#1 ("柳五")

执行时段错误：*F_SKILL: No such skill (huashan-sword)

程式：feature/skill.c 第 17 行
物件: /u/xxy/guanwai/npc/fengxifan#391
呼叫来自：std/room.c 的 reset() 第 54 行，物件： u/xxy/guanwai/laolongtou
呼叫来自：std/room.c 的 make_inventory() 第 19 行，物件： u/xxy/guanwai/laolongtou
呼叫来自：u/xxy/guanwai/npc/fengxifan.c 的 create() 第 37 行，物件： u/xxy/guanwai/npc/fengxifan#391 ("冯锡范")
呼叫来自：feature/skill.c 的 set_skill() 第 17 行，物件： u/xxy/guanwai/npc/fengxifan#391 ("冯锡范")

执行时段错误：*Bad argument 1 to call_other()
Expected: string or array or object Got: 0.

程式：std/room.c 第 20 行
物件: /u/xxy/guanwai/shanhaiguan
呼叫来自：std/room.c 的 reset() 第 54 行，物件： u/xxy/guanwai/shanhaiguan
呼叫来自：std/room.c 的 make_inventory() 第 20 行，物件： u/xxy/guanwai/shanhaiguan

执行时段错误：*Bad argument 1 to call_other()
Expected: string or array or object Got: 0.

程式：u/xxy/guanwai/npc/xiaoyuanshan.c 第 51 行
物件: /u/xxy/guanwai/npc/xiaoyuanshan#392
呼叫来自：std/room.c 的 reset() 第 54 行，物件： u/xxy/guanwai/road1
呼叫来自：std/room.c 的 make_inventory() 第 19 行，物件： u/xxy/guanwai/road1
呼叫来自：u/xxy/guanwai/npc/xiaoyuanshan.c 的 create() 第 51 行，物件： u/xxy/guanwai/npc/xiaoyuanshan#392 ("萧远山")

执行时段错误：*Bad argument 1 to call_other()
Expected: string or array or object Got: 0.

程式：u/xxy/guanwai/npc/dahu.c 第 24 行
物件: /u/xxy/guanwai/npc/dahu#393
呼叫来自：std/room.c 的 reset() 第 54 行，物件： u/xxy/guanwai/road4
呼叫来自：std/room.c 的 make_inventory() 第 19 行，物件： u/xxy/guanwai/road4
呼叫来自：u/xxy/guanwai/npc/dahu.c 的 create() 第 24 行，物件： u/xxy/guanwai/npc/dahu#393 ("忽伦大虎")

执行时段错误：*Bad argument 1 to call_other()
Expected: string or array or object Got: 0.

程式：u/xxy/guanwai/npc/sihu.c 第 24 行
物件: /u/xxy/guanwai/npc/sihu#394
呼叫来自：std/room.c 的 reset() 第 54 行，物件： u/xxy/guanwai/road5
呼叫来自：std/room.c 的 make_inventory() 第 19 行，物件： u/xxy/guanwai/road5
呼叫来自：u/xxy/guanwai/npc/sihu.c 的 create() 第 24 行，物件： u/xxy/guanwai/npc/sihu#394 ("忽伦四虎")

执行时段错误：*Bad argument 1 to call_other()
Expected: string or array or object Got: 0.

程式：u/xxy/guanwai/npc/sanhu.c 第 24 行
物件: /u/xxy/guanwai/npc/sanhu#395
呼叫来自：std/room.c 的 reset() 第 54 行，物件： u/xxy/guanwai/road6
呼叫来自：std/room.c 的 make_inventory() 第 19 行，物件： u/xxy/guanwai/road6
呼叫来自：u/xxy/guanwai/npc/sanhu.c 的 create() 第 24 行，物件： u/xxy/guanwai/npc/sanhu#395 ("忽伦三虎")

执行时段错误：*Bad argument 1 to call_other()
Expected: string or array or object Got: 0.

程式：u/xxy/guanwai/npc/laoban.c 第 22 行
物件: /u/xxy/guanwai/npc/laoban#396
呼叫来自：std/room.c 的 reset() 第 54 行，物件： u/xxy/guanwai/rouguan
呼叫来自：std/room.c 的 make_inventory() 第 19 行，物件： u/xxy/guanwai/rouguan
呼叫来自：u/xxy/guanwai/npc/laoban.c 的 create() 第 22 行，物件： u/xxy/guanwai/npc/laoban#396 ("酒馆老板")

执行时段错误：*Bad argument 1 to call_other()
Expected: string or array or object Got: 0.

程式：std/room.c 第 20 行
物件: /u/xxy/guanwai/majiu
呼叫来自：std/room.c 的 reset() 第 54 行，物件： u/xxy/guanwai/majiu
呼叫来自：std/room.c 的 make_inventory() 第 20 行，物件： u/xxy/guanwai/majiu

执行时段错误：*F_SKILL: No such skill (hujia-daofa)

程式：feature/skill.c 第 17 行
物件: /u/xxy/guanwai/npc/yanji#397
呼叫来自：std/room.c 的 reset() 第 54 行，物件： u/xxy/guanwai/shanshenmiao
呼叫来自：std/room.c 的 make_inventory() 第 19 行，物件： u/xxy/guanwai/shanshenmiao
呼叫来自：u/xxy/guanwai/npc/yanji.c 的 create() 第 33 行，物件： u/xxy/guanwai/npc/yanji#397 ("阎基")
呼叫来自：feature/skill.c 的 set_skill() 第 17 行，物件： u/xxy/guanwai/npc/yanji#397 ("阎基")

执行时段错误：*Bad argument 1 to call_other()
Expected: string or array or object Got: 0.

程式：u/xxy/guanwai/npc/heersu.c 第 33 行
物件: /u/xxy/guanwai/npc/heersu#398
呼叫来自：std/room.c 的 reset() 第 54 行，物件： u/xxy/guanwai/tuwu
呼叫来自：std/room.c 的 make_inventory() 第 19 行，物件： u/xxy/guanwai/tuwu
呼叫来自：u/xxy/guanwai/npc/heersu.c 的 create() 第 33 行，物件： u/xxy/guanwai/npc/heersu#398 ("赫尔苏")

执行时段错误：*F_SKILL: No such skill (xiaowuxiang)

程式：feature/skill.c 第 17 行
物件: /u/xxy/guanwai/npc/tengyilei#399
呼叫来自：std/room.c 的 reset() 第 54 行，物件： u/xxy/guanwai/nancheng
呼叫来自：std/room.c 的 make_inventory() 第 19 行，物件： u/xxy/guanwai/nancheng
呼叫来自：u/xxy/guanwai/npc/tengyilei.c 的 create() 第 30 行，物件： u/xxy/guanwai/npc/tengyilei#399 ("滕一雷")
呼叫来自：feature/skill.c 的 set_skill() 第 17 行，物件： u/xxy/guanwai/npc/tengyilei#399 ("滕一雷")

执行时段错误：*Wrong permissions for opening file /u/guanwai/log for append.
"No such file or directory"

程式：adm/obj/master.c 第 121 行
物件: /adm/obj/master
呼叫来自：std/room.c 的 reset() 第 54 行，物件： u/xxy/guanwai/muqiao
呼叫来自：std/room.c 的 make_inventory() 第 19 行，物件： u/xxy/guanwai/muqiao
呼叫来自：adm/obj/master.c 的 log_error() 第 121 行，物件： adm/obj/master
u/xxy/guanwai/npc/yuzhenzi.c line 6: parse error

执行时段错误：*Error in loading object '/u/xxy/guanwai/npc/yuzhenzi'

程式：std/room.c 第 19 行
物件: /u/xxy/guanwai/muqiao
呼叫来自：std/room.c 的 reset() 第 54 行，物件： u/xxy/guanwai/muqiao
呼叫来自：std/room.c 的 make_inventory() 第 19 行，物件： u/xxy/guanwai/muqiao

执行时段错误：*Bad argument 1 to call_other()
Expected: string or array or object Got: 0.

程式：u/xxy/lingzhou/npc/yipinwushi.c 第 33 行
物件: /u/xxy/lingzhou/npc/yipinwushi#400
呼叫来自：std/room.c 的 reset() 第 65 行，物件： u/xxy/lingzhou/yipindating
呼叫来自：std/room.c 的 make_inventory() 第 19 行，物件： u/xxy/lingzhou/yipindating
呼叫来自：u/xxy/lingzhou/npc/yipinwushi.c 的 create() 第 33 行，物件： u/xxy/lingzhou/npc/yipinwushi#400 ("一品堂武士")

执行时段错误：*Wrong permissions for opening file /u/lingzhou/log for append.
"No such file or directory"

程式：adm/obj/master.c 第 121 行
物件: /adm/obj/master
呼叫来自：std/room.c 的 reset() 第 54 行，物件： u/xxy/lingzhou/yipindayuan
呼叫来自：std/room.c 的 make_inventory() 第 19 行，物件： u/xxy/lingzhou/yipindayuan
呼叫来自：adm/obj/master.c 的 log_error() 第 121 行，物件： adm/obj/master
u/xxy/lingzhou/npc/yun.c line 39: Undefined function prepare_skill

执行时段错误：*Error in loading object '/u/xxy/lingzhou/npc/yun'

程式：std/room.c 第 19 行
物件: /u/xxy/lingzhou/yipindayuan
呼叫来自：std/room.c 的 reset() 第 54 行，物件： u/xxy/lingzhou/yipindayuan
呼叫来自：std/room.c 的 make_inventory() 第 19 行，物件： u/xxy/lingzhou/yipindayuan

执行时段错误：*Bad argument 1 to call_other()
Expected: string or array or object Got: 0.

程式：u/xxy/lingzhou/npc/yipinwushi.c 第 33 行
物件: /u/xxy/lingzhou/npc/yipinwushi#401
呼叫来自：std/room.c 的 reset() 第 65 行，物件： u/xxy/lingzhou/yipingate
呼叫来自：std/room.c 的 make_inventory() 第 19 行，物件： u/xxy/lingzhou/yipingate
呼叫来自：u/xxy/lingzhou/npc/yipinwushi.c 的 create() 第 33 行，物件： u/xxy/lingzhou/npc/yipinwushi#401 ("一品堂武士")

执行时段错误：*Bad argument 1 to call_other()
Expected: string or array or object Got: 0.

程式：std/room.c 第 20 行
物件: /u/xxy/lingzhou/jiangjunyuan
呼叫来自：std/room.c 的 reset() 第 65 行，物件： u/xxy/lingzhou/jiangjunyuan
呼叫来自：std/room.c 的 make_inventory() 第 20 行，物件： u/xxy/lingzhou/jiangjunyuan

执行时段错误：*Bad argument 1 to call_other()
Expected: string or array or object Got: 0.

程式：u/xxy/lingzhou/npc/xiaowei.c 第 32 行
物件: /u/xxy/lingzhou/npc/xiaowei#402
呼叫来自：std/room.c 的 reset() 第 65 行，物件： u/xxy/lingzhou/jiangjungate
呼叫来自：std/room.c 的 make_inventory() 第 19 行，物件： u/xxy/lingzhou/jiangjungate
呼叫来自：u/xxy/lingzhou/npc/xiaowei.c 的 create() 第 32 行，物件： u/xxy/lingzhou/npc/xiaowei#402 ("校尉")

执行时段错误：*Bad argument 1 to call_other()
Expected: string or array or object Got: 0.

程式：std/room.c 第 20 行
物件: /u/xxy/lingzhou/yamen
呼叫来自：std/room.c 的 reset() 第 65 行，物件： u/xxy/lingzhou/yamen
呼叫来自：std/room.c 的 make_inventory() 第 20 行，物件： u/xxy/lingzhou/yamen

执行时段错误：*Bad argument 1 to call_other()
Expected: string or array or object Got: 0.

程式：u/xxy/lingzhou/npc/xixiabing.c 第 33 行
物件: /u/xxy/lingzhou/npc/xixiabing#403
呼叫来自：std/room.c 的 reset() 第 65 行，物件： u/xxy/lingzhou/biaoqiyin
呼叫来自：std/room.c 的 make_inventory() 第 19 行，物件： u/xxy/lingzhou/biaoqiyin
呼叫来自：u/xxy/lingzhou/npc/xixiabing.c 的 create() 第 33 行，物件： u/xxy/lingzhou/npc/xixiabing#403 ("西夏兵")

执行时段错误：*Bad argument 1 to call_other()
Expected: string or array or object Got: 0.

程式：u/xxy/lingzhou/npc/xiaoer2.c 第 25 行
物件: /u/xxy/lingzhou/npc/xiaoer2#404
呼叫来自：std/room.c 的 reset() 第 54 行，物件： u/xxy/lingzhou/jiuguan
呼叫来自：std/room.c 的 make_inventory() 第 19 行，物件： u/xxy/lingzhou/jiuguan
呼叫来自：u/xxy/lingzhou/npc/xiaoer2.c 的 create() 第 25 行，物件： u/xxy/lingzhou/npc/xiaoer2#404 ("店小二")

执行时段错误：*Wrong permissions for opening file /u/lingzhou/log for append.
"No such file or directory"

程式：adm/obj/master.c 第 121 行
物件: /adm/obj/master
呼叫来自：std/room.c 的 reset() 第 54 行，物件： u/xxy/lingzhou/center
呼叫来自：std/room.c 的 make_inventory() 第 19 行，物件： u/xxy/lingzhou/center
呼叫来自：adm/obj/master.c 的 log_error() 第 121 行，物件： adm/obj/master
u/xxy/lingzhou/npc/duan.c line 39: Undefined function prepare_skill

执行时段错误：*Error in loading object '/u/xxy/lingzhou/npc/duan'

程式：std/room.c 第 19 行
物件: /u/xxy/lingzhou/center
呼叫来自：std/room.c 的 reset() 第 54 行，物件： u/xxy/lingzhou/center
呼叫来自：std/room.c 的 make_inventory() 第 19 行，物件： u/xxy/lingzhou/center

执行时段错误：*Bad argument 1 to call_other()
Expected: string or array or object Got: 0.

程式：u/xxy/lingzhou/npc/xiaowei.c 第 32 行
物件: /u/xxy/lingzhou/npc/xiaowei#405
呼叫来自：std/room.c 的 reset() 第 54 行，物件： u/xxy/lingzhou/nanmen
呼叫来自：std/room.c 的 make_inventory() 第 19 行，物件： u/xxy/lingzhou/nanmen
呼叫来自：u/xxy/lingzhou/npc/xiaowei.c 的 create() 第 32 行，物件： u/xxy/lingzhou/npc/xiaowei#405 ("校尉")

执行时段错误：*F_SKILL: No such skill (huashan-sword)

程式：feature/skill.c 第 17 行
物件: /u/xxy/guanwai/npc/fengxifan#410
呼叫来自：std/room.c 的 reset() 第 54 行，物件： u/xxy/guanwai/laolongtou
呼叫来自：std/room.c 的 make_inventory() 第 19 行，物件： u/xxy/guanwai/laolongtou
呼叫来自：u/xxy/guanwai/npc/fengxifan.c 的 create() 第 37 行，物件： u/xxy/guanwai/npc/fengxifan#410 ("冯锡范")
呼叫来自：feature/skill.c 的 set_skill() 第 17 行，物件： u/xxy/guanwai/npc/fengxifan#410 ("冯锡范")

执行时段错误：*Bad argument 1 to call_other()
Expected: string or array or object Got: 0.

程式：std/room.c 第 20 行
物件: /u/xxy/guanwai/shanhaiguan
呼叫来自：std/room.c 的 reset() 第 54 行，物件： u/xxy/guanwai/shanhaiguan
呼叫来自：std/room.c 的 make_inventory() 第 20 行，物件： u/xxy/guanwai/shanhaiguan

执行时段错误：*Bad argument 1 to call_other()
Expected: string or array or object Got: 0.

程式：u/xxy/guanwai/npc/xiaoyuanshan.c 第 51 行
物件: /u/xxy/guanwai/npc/xiaoyuanshan#411
呼叫来自：std/room.c 的 reset() 第 54 行，物件： u/xxy/guanwai/road1
呼叫来自：std/room.c 的 make_inventory() 第 19 行，物件： u/xxy/guanwai/road1
呼叫来自：u/xxy/guanwai/npc/xiaoyuanshan.c 的 create() 第 51 行，物件： u/xxy/guanwai/npc/xiaoyuanshan#411 ("萧远山")

执行时段错误：*Bad argument 1 to call_other()
Expected: string or array or object Got: 0.

程式：u/xxy/guanwai/npc/dahu.c 第 24 行
物件: /u/xxy/guanwai/npc/dahu#412
呼叫来自：std/room.c 的 reset() 第 54 行，物件： u/xxy/guanwai/road4
呼叫来自：std/room.c 的 make_inventory() 第 19 行，物件： u/xxy/guanwai/road4
呼叫来自：u/xxy/guanwai/npc/dahu.c 的 create() 第 24 行，物件： u/xxy/guanwai/npc/dahu#412 ("忽伦大虎")

执行时段错误：*Bad argument 1 to call_other()
Expected: string or array or object Got: 0.

程式：u/xxy/guanwai/npc/sihu.c 第 24 行
物件: /u/xxy/guanwai/npc/sihu#413
呼叫来自：std/room.c 的 reset() 第 54 行，物件： u/xxy/guanwai/road5
呼叫来自：std/room.c 的 make_inventory() 第 19 行，物件： u/xxy/guanwai/road5
呼叫来自：u/xxy/guanwai/npc/sihu.c 的 create() 第 24 行，物件： u/xxy/guanwai/npc/sihu#413 ("忽伦四虎")

执行时段错误：*Bad argument 1 to call_other()
Expected: string or array or object Got: 0.

程式：u/xxy/guanwai/npc/sanhu.c 第 24 行
物件: /u/xxy/guanwai/npc/sanhu#414
呼叫来自：std/room.c 的 reset() 第 54 行，物件： u/xxy/guanwai/road6
呼叫来自：std/room.c 的 make_inventory() 第 19 行，物件： u/xxy/guanwai/road6
呼叫来自：u/xxy/guanwai/npc/sanhu.c 的 create() 第 24 行，物件： u/xxy/guanwai/npc/sanhu#414 ("忽伦三虎")

执行时段错误：*Bad argument 1 to call_other()
Expected: string or array or object Got: 0.

程式：u/xxy/guanwai/npc/laoban.c 第 22 行
物件: /u/xxy/guanwai/npc/laoban#415
呼叫来自：std/room.c 的 reset() 第 54 行，物件： u/xxy/guanwai/rouguan
呼叫来自：std/room.c 的 make_inventory() 第 19 行，物件： u/xxy/guanwai/rouguan
呼叫来自：u/xxy/guanwai/npc/laoban.c 的 create() 第 22 行，物件： u/xxy/guanwai/npc/laoban#415 ("酒馆老板")

执行时段错误：*Bad argument 1 to call_other()
Expected: string or array or object Got: 0.

程式：std/room.c 第 20 行
物件: /u/xxy/guanwai/majiu
呼叫来自：std/room.c 的 reset() 第 54 行，物件： u/xxy/guanwai/majiu
呼叫来自：std/room.c 的 make_inventory() 第 20 行，物件： u/xxy/guanwai/majiu

执行时段错误：*F_SKILL: No such skill (hujia-daofa)

程式：feature/skill.c 第 17 行
物件: /u/xxy/guanwai/npc/yanji#416
呼叫来自：std/room.c 的 reset() 第 54 行，物件： u/xxy/guanwai/shanshenmiao
呼叫来自：std/room.c 的 make_inventory() 第 19 行，物件： u/xxy/guanwai/shanshenmiao
呼叫来自：u/xxy/guanwai/npc/yanji.c 的 create() 第 33 行，物件： u/xxy/guanwai/npc/yanji#416 ("阎基")
呼叫来自：feature/skill.c 的 set_skill() 第 17 行，物件： u/xxy/guanwai/npc/yanji#416 ("阎基")

执行时段错误：*Bad argument 1 to call_other()
Expected: string or array or object Got: 0.

程式：u/xxy/guanwai/npc/heersu.c 第 33 行
物件: /u/xxy/guanwai/npc/heersu#417
呼叫来自：std/room.c 的 reset() 第 54 行，物件： u/xxy/guanwai/tuwu
呼叫来自：std/room.c 的 make_inventory() 第 19 行，物件： u/xxy/guanwai/tuwu
呼叫来自：u/xxy/guanwai/npc/heersu.c 的 create() 第 33 行，物件： u/xxy/guanwai/npc/heersu#417 ("赫尔苏")

执行时段错误：*F_SKILL: No such skill (xiaowuxiang)

程式：feature/skill.c 第 17 行
物件: /u/xxy/guanwai/npc/tengyilei#418
呼叫来自：std/room.c 的 reset() 第 54 行，物件： u/xxy/guanwai/nancheng
呼叫来自：std/room.c 的 make_inventory() 第 19 行，物件： u/xxy/guanwai/nancheng
呼叫来自：u/xxy/guanwai/npc/tengyilei.c 的 create() 第 30 行，物件： u/xxy/guanwai/npc/tengyilei#418 ("滕一雷")
呼叫来自：feature/skill.c 的 set_skill() 第 17 行，物件： u/xxy/guanwai/npc/tengyilei#418 ("滕一雷")

执行时段错误：*Wrong permissions for opening file /u/guanwai/log for append.
"No such file or directory"

程式：adm/obj/master.c 第 121 行
物件: /adm/obj/master
呼叫来自：std/room.c 的 reset() 第 54 行，物件： u/xxy/guanwai/muqiao
呼叫来自：std/room.c 的 make_inventory() 第 19 行，物件： u/xxy/guanwai/muqiao
呼叫来自：adm/obj/master.c 的 log_error() 第 121 行，物件： adm/obj/master
u/xxy/guanwai/npc/yuzhenzi.c line 6: parse error

执行时段错误：*Error in loading object '/u/xxy/guanwai/npc/yuzhenzi'

程式：std/room.c 第 19 行
物件: /u/xxy/guanwai/muqiao
呼叫来自：std/room.c 的 reset() 第 54 行，物件： u/xxy/guanwai/muqiao
呼叫来自：std/room.c 的 make_inventory() 第 19 行，物件： u/xxy/guanwai/muqiao

执行时段错误：*Bad argument 1 to call_other()
Expected: string or array or object Got: 0.

程式：u/xxy/lingzhou/npc/yipinwushi.c 第 33 行
物件: /u/xxy/lingzhou/npc/yipinwushi#419
呼叫来自：std/room.c 的 reset() 第 65 行，物件： u/xxy/lingzhou/yipindating
呼叫来自：std/room.c 的 make_inventory() 第 19 行，物件： u/xxy/lingzhou/yipindating
呼叫来自：u/xxy/lingzhou/npc/yipinwushi.c 的 create() 第 33 行，物件： u/xxy/lingzhou/npc/yipinwushi#419 ("一品堂武士")

执行时段错误：*Wrong permissions for opening file /u/lingzhou/log for append.
"No such file or directory"

程式：adm/obj/master.c 第 121 行
物件: /adm/obj/master
呼叫来自：std/room.c 的 reset() 第 54 行，物件： u/xxy/lingzhou/yipindayuan
呼叫来自：std/room.c 的 make_inventory() 第 19 行，物件： u/xxy/lingzhou/yipindayuan
呼叫来自：adm/obj/master.c 的 log_error() 第 121 行，物件： adm/obj/master
u/xxy/lingzhou/npc/yun.c line 39: Undefined function prepare_skill

执行时段错误：*Error in loading object '/u/xxy/lingzhou/npc/yun'

程式：std/room.c 第 19 行
物件: /u/xxy/lingzhou/yipindayuan
呼叫来自：std/room.c 的 reset() 第 54 行，物件： u/xxy/lingzhou/yipindayuan
呼叫来自：std/room.c 的 make_inventory() 第 19 行，物件： u/xxy/lingzhou/yipindayuan

执行时段错误：*Bad argument 1 to call_other()
Expected: string or array or object Got: 0.

程式：u/xxy/lingzhou/npc/yipinwushi.c 第 33 行
物件: /u/xxy/lingzhou/npc/yipinwushi#420
呼叫来自：std/room.c 的 reset() 第 65 行，物件： u/xxy/lingzhou/yipingate
呼叫来自：std/room.c 的 make_inventory() 第 19 行，物件： u/xxy/lingzhou/yipingate
呼叫来自：u/xxy/lingzhou/npc/yipinwushi.c 的 create() 第 33 行，物件： u/xxy/lingzhou/npc/yipinwushi#420 ("一品堂武士")

执行时段错误：*Bad argument 1 to call_other()
Expected: string or array or object Got: 0.

程式：std/room.c 第 20 行
物件: /u/xxy/lingzhou/jiangjunyuan
呼叫来自：std/room.c 的 reset() 第 65 行，物件： u/xxy/lingzhou/jiangjunyuan
呼叫来自：std/room.c 的 make_inventory() 第 20 行，物件： u/xxy/lingzhou/jiangjunyuan

执行时段错误：*Bad argument 1 to call_other()
Expected: string or array or object Got: 0.

程式：u/xxy/lingzhou/npc/xiaowei.c 第 32 行
物件: /u/xxy/lingzhou/npc/xiaowei#421
呼叫来自：std/room.c 的 reset() 第 65 行，物件： u/xxy/lingzhou/jiangjungate
呼叫来自：std/room.c 的 make_inventory() 第 19 行，物件： u/xxy/lingzhou/jiangjungate
呼叫来自：u/xxy/lingzhou/npc/xiaowei.c 的 create() 第 32 行，物件： u/xxy/lingzhou/npc/xiaowei#421 ("校尉")

执行时段错误：*Bad argument 1 to call_other()
Expected: string or array or object Got: 0.

程式：std/room.c 第 20 行
物件: /u/xxy/lingzhou/yamen
呼叫来自：std/room.c 的 reset() 第 65 行，物件： u/xxy/lingzhou/yamen
呼叫来自：std/room.c 的 make_inventory() 第 20 行，物件： u/xxy/lingzhou/yamen

执行时段错误：*Bad argument 1 to call_other()
Expected: string or array or object Got: 0.

程式：u/xxy/lingzhou/npc/xixiabing.c 第 33 行
物件: /u/xxy/lingzhou/npc/xixiabing#422
呼叫来自：std/room.c 的 reset() 第 65 行，物件： u/xxy/lingzhou/biaoqiyin
呼叫来自：std/room.c 的 make_inventory() 第 19 行，物件： u/xxy/lingzhou/biaoqiyin
呼叫来自：u/xxy/lingzhou/npc/xixiabing.c 的 create() 第 33 行，物件： u/xxy/lingzhou/npc/xixiabing#422 ("西夏兵")

执行时段错误：*Bad argument 1 to call_other()
Expected: string or array or object Got: 0.

程式：u/xxy/lingzhou/npc/xiaoer2.c 第 25 行
物件: /u/xxy/lingzhou/npc/xiaoer2#423
呼叫来自：std/room.c 的 reset() 第 54 行，物件： u/xxy/lingzhou/jiuguan
呼叫来自：std/room.c 的 make_inventory() 第 19 行，物件： u/xxy/lingzhou/jiuguan
呼叫来自：u/xxy/lingzhou/npc/xiaoer2.c 的 create() 第 25 行，物件： u/xxy/lingzhou/npc/xiaoer2#423 ("店小二")

执行时段错误：*Wrong permissions for opening file /u/lingzhou/log for append.
"No such file or directory"

程式：adm/obj/master.c 第 121 行
物件: /adm/obj/master
呼叫来自：std/room.c 的 reset() 第 54 行，物件： u/xxy/lingzhou/center
呼叫来自：std/room.c 的 make_inventory() 第 19 行，物件： u/xxy/lingzhou/center
呼叫来自：adm/obj/master.c 的 log_error() 第 121 行，物件： adm/obj/master
u/xxy/lingzhou/npc/duan.c line 39: Undefined function prepare_skill

执行时段错误：*Error in loading object '/u/xxy/lingzhou/npc/duan'

程式：std/room.c 第 19 行
物件: /u/xxy/lingzhou/center
呼叫来自：std/room.c 的 reset() 第 54 行，物件： u/xxy/lingzhou/center
呼叫来自：std/room.c 的 make_inventory() 第 19 行，物件： u/xxy/lingzhou/center

执行时段错误：*Bad argument 1 to call_other()
Expected: string or array or object Got: 0.

程式：u/xxy/lingzhou/npc/xiaowei.c 第 32 行
物件: /u/xxy/lingzhou/npc/xiaowei#424
呼叫来自：std/room.c 的 reset() 第 54 行，物件： u/xxy/lingzhou/nanmen
呼叫来自：std/room.c 的 make_inventory() 第 19 行，物件： u/xxy/lingzhou/nanmen
呼叫来自：u/xxy/lingzhou/npc/xiaowei.c 的 create() 第 32 行，物件： u/xxy/lingzhou/npc/xiaowei#424 ("校尉")

执行时段错误：*F_SKILL: No such skill (huashan-sword)

程式：feature/skill.c 第 17 行
物件: /u/xxy/guanwai/npc/fengxifan#427
呼叫来自：std/room.c 的 reset() 第 54 行，物件： u/xxy/guanwai/laolongtou
呼叫来自：std/room.c 的 make_inventory() 第 19 行，物件： u/xxy/guanwai/laolongtou
呼叫来自：u/xxy/guanwai/npc/fengxifan.c 的 create() 第 37 行，物件： u/xxy/guanwai/npc/fengxifan#427 ("冯锡范")
呼叫来自：feature/skill.c 的 set_skill() 第 17 行，物件： u/xxy/guanwai/npc/fengxifan#427 ("冯锡范")

执行时段错误：*Bad argument 1 to call_other()
Expected: string or array or object Got: 0.

程式：std/room.c 第 20 行
物件: /u/xxy/guanwai/shanhaiguan
呼叫来自：std/room.c 的 reset() 第 54 行，物件： u/xxy/guanwai/shanhaiguan
呼叫来自：std/room.c 的 make_inventory() 第 20 行，物件： u/xxy/guanwai/shanhaiguan

执行时段错误：*Bad argument 1 to call_other()
Expected: string or array or object Got: 0.

程式：u/xxy/guanwai/npc/xiaoyuanshan.c 第 51 行
物件: /u/xxy/guanwai/npc/xiaoyuanshan#428
呼叫来自：std/room.c 的 reset() 第 54 行，物件： u/xxy/guanwai/road1
呼叫来自：std/room.c 的 make_inventory() 第 19 行，物件： u/xxy/guanwai/road1
呼叫来自：u/xxy/guanwai/npc/xiaoyuanshan.c 的 create() 第 51 行，物件： u/xxy/guanwai/npc/xiaoyuanshan#428 ("萧远山")

执行时段错误：*Bad argument 1 to call_other()
Expected: string or array or object Got: 0.

程式：u/xxy/guanwai/npc/dahu.c 第 24 行
物件: /u/xxy/guanwai/npc/dahu#429
呼叫来自：std/room.c 的 reset() 第 54 行，物件： u/xxy/guanwai/road4
呼叫来自：std/room.c 的 make_inventory() 第 19 行，物件： u/xxy/guanwai/road4
呼叫来自：u/xxy/guanwai/npc/dahu.c 的 create() 第 24 行，物件： u/xxy/guanwai/npc/dahu#429 ("忽伦大虎")

执行时段错误：*Bad argument 1 to call_other()
Expected: string or array or object Got: 0.

程式：u/xxy/guanwai/npc/sihu.c 第 24 行
物件: /u/xxy/guanwai/npc/sihu#430
呼叫来自：std/room.c 的 reset() 第 54 行，物件： u/xxy/guanwai/road5
呼叫来自：std/room.c 的 make_inventory() 第 19 行，物件： u/xxy/guanwai/road5
呼叫来自：u/xxy/guanwai/npc/sihu.c 的 create() 第 24 行，物件： u/xxy/guanwai/npc/sihu#430 ("忽伦四虎")

执行时段错误：*Bad argument 1 to call_other()
Expected: string or array or object Got: 0.

程式：u/xxy/guanwai/npc/sanhu.c 第 24 行
物件: /u/xxy/guanwai/npc/sanhu#431
呼叫来自：std/room.c 的 reset() 第 54 行，物件： u/xxy/guanwai/road6
呼叫来自：std/room.c 的 make_inventory() 第 19 行，物件： u/xxy/guanwai/road6
呼叫来自：u/xxy/guanwai/npc/sanhu.c 的 create() 第 24 行，物件： u/xxy/guanwai/npc/sanhu#431 ("忽伦三虎")

执行时段错误：*Bad argument 1 to call_other()
Expected: string or array or object Got: 0.

程式：u/xxy/guanwai/npc/laoban.c 第 22 行
物件: /u/xxy/guanwai/npc/laoban#432
呼叫来自：std/room.c 的 reset() 第 54 行，物件： u/xxy/guanwai/rouguan
呼叫来自：std/room.c 的 make_inventory() 第 19 行，物件： u/xxy/guanwai/rouguan
呼叫来自：u/xxy/guanwai/npc/laoban.c 的 create() 第 22 行，物件： u/xxy/guanwai/npc/laoban#432 ("酒馆老板")

执行时段错误：*Bad argument 1 to call_other()
Expected: string or array or object Got: 0.

程式：std/room.c 第 20 行
物件: /u/xxy/guanwai/majiu
呼叫来自：std/room.c 的 reset() 第 54 行，物件： u/xxy/guanwai/majiu
呼叫来自：std/room.c 的 make_inventory() 第 20 行，物件： u/xxy/guanwai/majiu

执行时段错误：*F_SKILL: No such skill (hujia-daofa)

程式：feature/skill.c 第 17 行
物件: /u/xxy/guanwai/npc/yanji#433
呼叫来自：std/room.c 的 reset() 第 54 行，物件： u/xxy/guanwai/shanshenmiao
呼叫来自：std/room.c 的 make_inventory() 第 19 行，物件： u/xxy/guanwai/shanshenmiao
呼叫来自：u/xxy/guanwai/npc/yanji.c 的 create() 第 33 行，物件： u/xxy/guanwai/npc/yanji#433 ("阎基")
呼叫来自：feature/skill.c 的 set_skill() 第 17 行，物件： u/xxy/guanwai/npc/yanji#433 ("阎基")

执行时段错误：*Bad argument 1 to call_other()
Expected: string or array or object Got: 0.

程式：u/xxy/guanwai/npc/heersu.c 第 33 行
物件: /u/xxy/guanwai/npc/heersu#434
呼叫来自：std/room.c 的 reset() 第 54 行，物件： u/xxy/guanwai/tuwu
呼叫来自：std/room.c 的 make_inventory() 第 19 行，物件： u/xxy/guanwai/tuwu
呼叫来自：u/xxy/guanwai/npc/heersu.c 的 create() 第 33 行，物件： u/xxy/guanwai/npc/heersu#434 ("赫尔苏")

执行时段错误：*F_SKILL: No such skill (xiaowuxiang)

程式：feature/skill.c 第 17 行
物件: /u/xxy/guanwai/npc/tengyilei#435
呼叫来自：std/room.c 的 reset() 第 54 行，物件： u/xxy/guanwai/nancheng
呼叫来自：std/room.c 的 make_inventory() 第 19 行，物件： u/xxy/guanwai/nancheng
呼叫来自：u/xxy/guanwai/npc/tengyilei.c 的 create() 第 30 行，物件： u/xxy/guanwai/npc/tengyilei#435 ("滕一雷")
呼叫来自：feature/skill.c 的 set_skill() 第 17 行，物件： u/xxy/guanwai/npc/tengyilei#435 ("滕一雷")

执行时段错误：*Wrong permissions for opening file /u/guanwai/log for append.
"No such file or directory"

程式：adm/obj/master.c 第 121 行
物件: /adm/obj/master
呼叫来自：std/room.c 的 reset() 第 54 行，物件： u/xxy/guanwai/muqiao
呼叫来自：std/room.c 的 make_inventory() 第 19 行，物件： u/xxy/guanwai/muqiao
呼叫来自：adm/obj/master.c 的 log_error() 第 121 行，物件： adm/obj/master
u/xxy/guanwai/npc/yuzhenzi.c line 6: parse error

执行时段错误：*Error in loading object '/u/xxy/guanwai/npc/yuzhenzi'

程式：std/room.c 第 19 行
物件: /u/xxy/guanwai/muqiao
呼叫来自：std/room.c 的 reset() 第 54 行，物件： u/xxy/guanwai/muqiao
呼叫来自：std/room.c 的 make_inventory() 第 19 行，物件： u/xxy/guanwai/muqiao

执行时段错误：*Bad argument 1 to call_other()
Expected: string or array or object Got: 0.

程式：u/xxy/lingzhou/npc/yipinwushi.c 第 33 行
物件: /u/xxy/lingzhou/npc/yipinwushi#436
呼叫来自：std/room.c 的 reset() 第 65 行，物件： u/xxy/lingzhou/yipindating
呼叫来自：std/room.c 的 make_inventory() 第 19 行，物件： u/xxy/lingzhou/yipindating
呼叫来自：u/xxy/lingzhou/npc/yipinwushi.c 的 create() 第 33 行，物件： u/xxy/lingzhou/npc/yipinwushi#436 ("一品堂武士")

执行时段错误：*Wrong permissions for opening file /u/lingzhou/log for append.
"No such file or directory"

程式：adm/obj/master.c 第 121 行
物件: /adm/obj/master
呼叫来自：std/room.c 的 reset() 第 54 行，物件： u/xxy/lingzhou/yipindayuan
呼叫来自：std/room.c 的 make_inventory() 第 19 行，物件： u/xxy/lingzhou/yipindayuan
呼叫来自：adm/obj/master.c 的 log_error() 第 121 行，物件： adm/obj/master
u/xxy/lingzhou/npc/yun.c line 39: Undefined function prepare_skill

执行时段错误：*Error in loading object '/u/xxy/lingzhou/npc/yun'

程式：std/room.c 第 19 行
物件: /u/xxy/lingzhou/yipindayuan
呼叫来自：std/room.c 的 reset() 第 54 行，物件： u/xxy/lingzhou/yipindayuan
呼叫来自：std/room.c 的 make_inventory() 第 19 行，物件： u/xxy/lingzhou/yipindayuan

执行时段错误：*Bad argument 1 to call_other()
Expected: string or array or object Got: 0.

程式：u/xxy/lingzhou/npc/yipinwushi.c 第 33 行
物件: /u/xxy/lingzhou/npc/yipinwushi#437
呼叫来自：std/room.c 的 reset() 第 65 行，物件： u/xxy/lingzhou/yipingate
呼叫来自：std/room.c 的 make_inventory() 第 19 行，物件： u/xxy/lingzhou/yipingate
呼叫来自：u/xxy/lingzhou/npc/yipinwushi.c 的 create() 第 33 行，物件： u/xxy/lingzhou/npc/yipinwushi#437 ("一品堂武士")

执行时段错误：*Bad argument 1 to call_other()
Expected: string or array or object Got: 0.

程式：std/room.c 第 20 行
物件: /u/xxy/lingzhou/jiangjunyuan
呼叫来自：std/room.c 的 reset() 第 65 行，物件： u/xxy/lingzhou/jiangjunyuan
呼叫来自：std/room.c 的 make_inventory() 第 20 行，物件： u/xxy/lingzhou/jiangjunyuan

执行时段错误：*Bad argument 1 to call_other()
Expected: string or array or object Got: 0.

程式：u/xxy/lingzhou/npc/xiaowei.c 第 32 行
物件: /u/xxy/lingzhou/npc/xiaowei#438
呼叫来自：std/room.c 的 reset() 第 65 行，物件： u/xxy/lingzhou/jiangjungate
呼叫来自：std/room.c 的 make_inventory() 第 19 行，物件： u/xxy/lingzhou/jiangjungate
呼叫来自：u/xxy/lingzhou/npc/xiaowei.c 的 create() 第 32 行，物件： u/xxy/lingzhou/npc/xiaowei#438 ("校尉")

执行时段错误：*Bad argument 1 to call_other()
Expected: string or array or object Got: 0.

程式：std/room.c 第 20 行
物件: /u/xxy/lingzhou/yamen
呼叫来自：std/room.c 的 reset() 第 65 行，物件： u/xxy/lingzhou/yamen
呼叫来自：std/room.c 的 make_inventory() 第 20 行，物件： u/xxy/lingzhou/yamen

执行时段错误：*Bad argument 1 to call_other()
Expected: string or array or object Got: 0.

程式：u/xxy/lingzhou/npc/xixiabing.c 第 33 行
物件: /u/xxy/lingzhou/npc/xixiabing#439
呼叫来自：std/room.c 的 reset() 第 65 行，物件： u/xxy/lingzhou/biaoqiyin
呼叫来自：std/room.c 的 make_inventory() 第 19 行，物件： u/xxy/lingzhou/biaoqiyin
呼叫来自：u/xxy/lingzhou/npc/xixiabing.c 的 create() 第 33 行，物件： u/xxy/lingzhou/npc/xixiabing#439 ("西夏兵")

执行时段错误：*Bad argument 1 to call_other()
Expected: string or array or object Got: 0.

程式：u/xxy/lingzhou/npc/xiaoer2.c 第 25 行
物件: /u/xxy/lingzhou/npc/xiaoer2#440
呼叫来自：std/room.c 的 reset() 第 54 行，物件： u/xxy/lingzhou/jiuguan
呼叫来自：std/room.c 的 make_inventory() 第 19 行，物件： u/xxy/lingzhou/jiuguan
呼叫来自：u/xxy/lingzhou/npc/xiaoer2.c 的 create() 第 25 行，物件： u/xxy/lingzhou/npc/xiaoer2#440 ("店小二")

执行时段错误：*Wrong permissions for opening file /u/lingzhou/log for append.
"No such file or directory"

程式：adm/obj/master.c 第 121 行
物件: /adm/obj/master
呼叫来自：std/room.c 的 reset() 第 54 行，物件： u/xxy/lingzhou/center
呼叫来自：std/room.c 的 make_inventory() 第 19 行，物件： u/xxy/lingzhou/center
呼叫来自：adm/obj/master.c 的 log_error() 第 121 行，物件： adm/obj/master
u/xxy/lingzhou/npc/duan.c line 39: Undefined function prepare_skill

执行时段错误：*Error in loading object '/u/xxy/lingzhou/npc/duan'

程式：std/room.c 第 19 行
物件: /u/xxy/lingzhou/center
呼叫来自：std/room.c 的 reset() 第 54 行，物件： u/xxy/lingzhou/center
呼叫来自：std/room.c 的 make_inventory() 第 19 行，物件： u/xxy/lingzhou/center

执行时段错误：*Bad argument 1 to call_other()
Expected: string or array or object Got: 0.

程式：u/xxy/lingzhou/npc/xiaowei.c 第 32 行
物件: /u/xxy/lingzhou/npc/xiaowei#441
呼叫来自：std/room.c 的 reset() 第 54 行，物件： u/xxy/lingzhou/nanmen
呼叫来自：std/room.c 的 make_inventory() 第 19 行，物件： u/xxy/lingzhou/nanmen
呼叫来自：u/xxy/lingzhou/npc/xiaowei.c 的 create() 第 32 行，物件： u/xxy/lingzhou/npc/xiaowei#441 ("校尉")

执行时段错误：*F_SKILL: No such skill (huashan-sword)

程式：feature/skill.c 第 17 行
物件: /u/xxy/guanwai/npc/fengxifan#442
呼叫来自：std/room.c 的 reset() 第 54 行，物件： u/xxy/guanwai/laolongtou
呼叫来自：std/room.c 的 make_inventory() 第 19 行，物件： u/xxy/guanwai/laolongtou
呼叫来自：u/xxy/guanwai/npc/fengxifan.c 的 create() 第 37 行，物件： u/xxy/guanwai/npc/fengxifan#442 ("冯锡范")
呼叫来自：feature/skill.c 的 set_skill() 第 17 行，物件： u/xxy/guanwai/npc/fengxifan#442 ("冯锡范")

执行时段错误：*Bad argument 1 to call_other()
Expected: string or array or object Got: 0.

程式：std/room.c 第 20 行
物件: /u/xxy/guanwai/shanhaiguan
呼叫来自：std/room.c 的 reset() 第 54 行，物件： u/xxy/guanwai/shanhaiguan
呼叫来自：std/room.c 的 make_inventory() 第 20 行，物件： u/xxy/guanwai/shanhaiguan

执行时段错误：*Bad argument 1 to call_other()
Expected: string or array or object Got: 0.

程式：u/xxy/guanwai/npc/xiaoyuanshan.c 第 51 行
物件: /u/xxy/guanwai/npc/xiaoyuanshan#443
呼叫来自：std/room.c 的 reset() 第 54 行，物件： u/xxy/guanwai/road1
呼叫来自：std/room.c 的 make_inventory() 第 19 行，物件： u/xxy/guanwai/road1
呼叫来自：u/xxy/guanwai/npc/xiaoyuanshan.c 的 create() 第 51 行，物件： u/xxy/guanwai/npc/xiaoyuanshan#443 ("萧远山")

执行时段错误：*Bad argument 1 to call_other()
Expected: string or array or object Got: 0.

程式：u/xxy/guanwai/npc/dahu.c 第 24 行
物件: /u/xxy/guanwai/npc/dahu#444
呼叫来自：std/room.c 的 reset() 第 54 行，物件： u/xxy/guanwai/road4
呼叫来自：std/room.c 的 make_inventory() 第 19 行，物件： u/xxy/guanwai/road4
呼叫来自：u/xxy/guanwai/npc/dahu.c 的 create() 第 24 行，物件： u/xxy/guanwai/npc/dahu#444 ("忽伦大虎")

执行时段错误：*Bad argument 1 to call_other()
Expected: string or array or object Got: 0.

程式：u/xxy/guanwai/npc/sihu.c 第 24 行
物件: /u/xxy/guanwai/npc/sihu#445
呼叫来自：std/room.c 的 reset() 第 54 行，物件： u/xxy/guanwai/road5
呼叫来自：std/room.c 的 make_inventory() 第 19 行，物件： u/xxy/guanwai/road5
呼叫来自：u/xxy/guanwai/npc/sihu.c 的 create() 第 24 行，物件： u/xxy/guanwai/npc/sihu#445 ("忽伦四虎")

执行时段错误：*Bad argument 1 to call_other()
Expected: string or array or object Got: 0.

程式：u/xxy/guanwai/npc/sanhu.c 第 24 行
物件: /u/xxy/guanwai/npc/sanhu#446
呼叫来自：std/room.c 的 reset() 第 54 行，物件： u/xxy/guanwai/road6
呼叫来自：std/room.c 的 make_inventory() 第 19 行，物件： u/xxy/guanwai/road6
呼叫来自：u/xxy/guanwai/npc/sanhu.c 的 create() 第 24 行，物件： u/xxy/guanwai/npc/sanhu#446 ("忽伦三虎")

执行时段错误：*Bad argument 1 to call_other()
Expected: string or array or object Got: 0.

程式：u/xxy/guanwai/npc/laoban.c 第 22 行
物件: /u/xxy/guanwai/npc/laoban#447
呼叫来自：std/room.c 的 reset() 第 54 行，物件： u/xxy/guanwai/rouguan
呼叫来自：std/room.c 的 make_inventory() 第 19 行，物件： u/xxy/guanwai/rouguan
呼叫来自：u/xxy/guanwai/npc/laoban.c 的 create() 第 22 行，物件： u/xxy/guanwai/npc/laoban#447 ("酒馆老板")

执行时段错误：*Bad argument 1 to call_other()
Expected: string or array or object Got: 0.

程式：std/room.c 第 20 行
物件: /u/xxy/guanwai/majiu
呼叫来自：std/room.c 的 reset() 第 54 行，物件： u/xxy/guanwai/majiu
呼叫来自：std/room.c 的 make_inventory() 第 20 行，物件： u/xxy/guanwai/majiu

执行时段错误：*F_SKILL: No such skill (hujia-daofa)

程式：feature/skill.c 第 17 行
物件: /u/xxy/guanwai/npc/yanji#448
呼叫来自：std/room.c 的 reset() 第 54 行，物件： u/xxy/guanwai/shanshenmiao
呼叫来自：std/room.c 的 make_inventory() 第 19 行，物件： u/xxy/guanwai/shanshenmiao
呼叫来自：u/xxy/guanwai/npc/yanji.c 的 create() 第 33 行，物件： u/xxy/guanwai/npc/yanji#448 ("阎基")
呼叫来自：feature/skill.c 的 set_skill() 第 17 行，物件： u/xxy/guanwai/npc/yanji#448 ("阎基")

执行时段错误：*Bad argument 1 to call_other()
Expected: string or array or object Got: 0.

程式：u/xxy/guanwai/npc/heersu.c 第 33 行
物件: /u/xxy/guanwai/npc/heersu#449
呼叫来自：std/room.c 的 reset() 第 54 行，物件： u/xxy/guanwai/tuwu
呼叫来自：std/room.c 的 make_inventory() 第 19 行，物件： u/xxy/guanwai/tuwu
呼叫来自：u/xxy/guanwai/npc/heersu.c 的 create() 第 33 行，物件： u/xxy/guanwai/npc/heersu#449 ("赫尔苏")

执行时段错误：*F_SKILL: No such skill (xiaowuxiang)

程式：feature/skill.c 第 17 行
物件: /u/xxy/guanwai/npc/tengyilei#450
呼叫来自：std/room.c 的 reset() 第 54 行，物件： u/xxy/guanwai/nancheng
呼叫来自：std/room.c 的 make_inventory() 第 19 行，物件： u/xxy/guanwai/nancheng
呼叫来自：u/xxy/guanwai/npc/tengyilei.c 的 create() 第 30 行，物件： u/xxy/guanwai/npc/tengyilei#450 ("滕一雷")
呼叫来自：feature/skill.c 的 set_skill() 第 17 行，物件： u/xxy/guanwai/npc/tengyilei#450 ("滕一雷")

执行时段错误：*Wrong permissions for opening file /u/guanwai/log for append.
"No such file or directory"

程式：adm/obj/master.c 第 121 行
物件: /adm/obj/master
呼叫来自：std/room.c 的 reset() 第 54 行，物件： u/xxy/guanwai/muqiao
呼叫来自：std/room.c 的 make_inventory() 第 19 行，物件： u/xxy/guanwai/muqiao
呼叫来自：adm/obj/master.c 的 log_error() 第 121 行，物件： adm/obj/master
u/xxy/guanwai/npc/yuzhenzi.c line 6: parse error

执行时段错误：*Error in loading object '/u/xxy/guanwai/npc/yuzhenzi'

程式：std/room.c 第 19 行
物件: /u/xxy/guanwai/muqiao
呼叫来自：std/room.c 的 reset() 第 54 行，物件： u/xxy/guanwai/muqiao
呼叫来自：std/room.c 的 make_inventory() 第 19 行，物件： u/xxy/guanwai/muqiao

执行时段错误：*Bad argument 1 to call_other()
Expected: string or array or object Got: 0.

程式：u/xxy/lingzhou/npc/yipinwushi.c 第 33 行
物件: /u/xxy/lingzhou/npc/yipinwushi#451
呼叫来自：std/room.c 的 reset() 第 65 行，物件： u/xxy/lingzhou/yipindating
呼叫来自：std/room.c 的 make_inventory() 第 19 行，物件： u/xxy/lingzhou/yipindating
呼叫来自：u/xxy/lingzhou/npc/yipinwushi.c 的 create() 第 33 行，物件： u/xxy/lingzhou/npc/yipinwushi#451 ("一品堂武士")

执行时段错误：*Wrong permissions for opening file /u/lingzhou/log for append.
"No such file or directory"

程式：adm/obj/master.c 第 121 行
物件: /adm/obj/master
呼叫来自：std/room.c 的 reset() 第 54 行，物件： u/xxy/lingzhou/yipindayuan
呼叫来自：std/room.c 的 make_inventory() 第 19 行，物件： u/xxy/lingzhou/yipindayuan
呼叫来自：adm/obj/master.c 的 log_error() 第 121 行，物件： adm/obj/master
u/xxy/lingzhou/npc/yun.c line 39: Undefined function prepare_skill

执行时段错误：*Error in loading object '/u/xxy/lingzhou/npc/yun'

程式：std/room.c 第 19 行
物件: /u/xxy/lingzhou/yipindayuan
呼叫来自：std/room.c 的 reset() 第 54 行，物件： u/xxy/lingzhou/yipindayuan
呼叫来自：std/room.c 的 make_inventory() 第 19 行，物件： u/xxy/lingzhou/yipindayuan

执行时段错误：*Bad argument 1 to call_other()
Expected: string or array or object Got: 0.

程式：u/xxy/lingzhou/npc/yipinwushi.c 第 33 行
物件: /u/xxy/lingzhou/npc/yipinwushi#452
呼叫来自：std/room.c 的 reset() 第 65 行，物件： u/xxy/lingzhou/yipingate
呼叫来自：std/room.c 的 make_inventory() 第 19 行，物件： u/xxy/lingzhou/yipingate
呼叫来自：u/xxy/lingzhou/npc/yipinwushi.c 的 create() 第 33 行，物件： u/xxy/lingzhou/npc/yipinwushi#452 ("一品堂武士")

执行时段错误：*Bad argument 1 to call_other()
Expected: string or array or object Got: 0.

程式：std/room.c 第 20 行
物件: /u/xxy/lingzhou/jiangjunyuan
呼叫来自：std/room.c 的 reset() 第 65 行，物件： u/xxy/lingzhou/jiangjunyuan
呼叫来自：std/room.c 的 make_inventory() 第 20 行，物件： u/xxy/lingzhou/jiangjunyuan

执行时段错误：*Bad argument 1 to call_other()
Expected: string or array or object Got: 0.

程式：u/xxy/lingzhou/npc/xiaowei.c 第 32 行
物件: /u/xxy/lingzhou/npc/xiaowei#453
呼叫来自：std/room.c 的 reset() 第 65 行，物件： u/xxy/lingzhou/jiangjungate
呼叫来自：std/room.c 的 make_inventory() 第 19 行，物件： u/xxy/lingzhou/jiangjungate
呼叫来自：u/xxy/lingzhou/npc/xiaowei.c 的 create() 第 32 行，物件： u/xxy/lingzhou/npc/xiaowei#453 ("校尉")

执行时段错误：*Bad argument 1 to call_other()
Expected: string or array or object Got: 0.

程式：std/room.c 第 20 行
物件: /u/xxy/lingzhou/yamen
呼叫来自：std/room.c 的 reset() 第 65 行，物件： u/xxy/lingzhou/yamen
呼叫来自：std/room.c 的 make_inventory() 第 20 行，物件： u/xxy/lingzhou/yamen

执行时段错误：*Bad argument 1 to call_other()
Expected: string or array or object Got: 0.

程式：u/xxy/lingzhou/npc/xixiabing.c 第 33 行
物件: /u/xxy/lingzhou/npc/xixiabing#454
呼叫来自：std/room.c 的 reset() 第 65 行，物件： u/xxy/lingzhou/biaoqiyin
呼叫来自：std/room.c 的 make_inventory() 第 19 行，物件： u/xxy/lingzhou/biaoqiyin
呼叫来自：u/xxy/lingzhou/npc/xixiabing.c 的 create() 第 33 行，物件： u/xxy/lingzhou/npc/xixiabing#454 ("西夏兵")

执行时段错误：*Bad argument 1 to call_other()
Expected: string or array or object Got: 0.

程式：u/xxy/lingzhou/npc/xiaoer2.c 第 25 行
物件: /u/xxy/lingzhou/npc/xiaoer2#455
呼叫来自：std/room.c 的 reset() 第 54 行，物件： u/xxy/lingzhou/jiuguan
呼叫来自：std/room.c 的 make_inventory() 第 19 行，物件： u/xxy/lingzhou/jiuguan
呼叫来自：u/xxy/lingzhou/npc/xiaoer2.c 的 create() 第 25 行，物件： u/xxy/lingzhou/npc/xiaoer2#455 ("店小二")

执行时段错误：*Wrong permissions for opening file /u/lingzhou/log for append.
"No such file or directory"

程式：adm/obj/master.c 第 121 行
物件: /adm/obj/master
呼叫来自：std/room.c 的 reset() 第 54 行，物件： u/xxy/lingzhou/center
呼叫来自：std/room.c 的 make_inventory() 第 19 行，物件： u/xxy/lingzhou/center
呼叫来自：adm/obj/master.c 的 log_error() 第 121 行，物件： adm/obj/master
u/xxy/lingzhou/npc/duan.c line 39: Undefined function prepare_skill

执行时段错误：*Error in loading object '/u/xxy/lingzhou/npc/duan'

程式：std/room.c 第 19 行
物件: /u/xxy/lingzhou/center
呼叫来自：std/room.c 的 reset() 第 54 行，物件： u/xxy/lingzhou/center
呼叫来自：std/room.c 的 make_inventory() 第 19 行，物件： u/xxy/lingzhou/center

执行时段错误：*Bad argument 1 to call_other()
Expected: string or array or object Got: 0.

程式：u/xxy/lingzhou/npc/xiaowei.c 第 32 行
物件: /u/xxy/lingzhou/npc/xiaowei#456
呼叫来自：std/room.c 的 reset() 第 54 行，物件： u/xxy/lingzhou/nanmen
呼叫来自：std/room.c 的 make_inventory() 第 19 行，物件： u/xxy/lingzhou/nanmen
呼叫来自：u/xxy/lingzhou/npc/xiaowei.c 的 create() 第 32 行，物件： u/xxy/lingzhou/npc/xiaowei#456 ("校尉")

执行时段错误：*F_SKILL: No such skill (huashan-sword)

程式：feature/skill.c 第 17 行
物件: /u/xxy/guanwai/npc/fengxifan#459
呼叫来自：std/room.c 的 reset() 第 54 行，物件： u/xxy/guanwai/laolongtou
呼叫来自：std/room.c 的 make_inventory() 第 19 行，物件： u/xxy/guanwai/laolongtou
呼叫来自：u/xxy/guanwai/npc/fengxifan.c 的 create() 第 37 行，物件： u/xxy/guanwai/npc/fengxifan#459 ("冯锡范")
呼叫来自：feature/skill.c 的 set_skill() 第 17 行，物件： u/xxy/guanwai/npc/fengxifan#459 ("冯锡范")

执行时段错误：*Bad argument 1 to call_other()
Expected: string or array or object Got: 0.

程式：std/room.c 第 20 行
物件: /u/xxy/guanwai/shanhaiguan
呼叫来自：std/room.c 的 reset() 第 54 行，物件： u/xxy/guanwai/shanhaiguan
呼叫来自：std/room.c 的 make_inventory() 第 20 行，物件： u/xxy/guanwai/shanhaiguan

执行时段错误：*Bad argument 1 to call_other()
Expected: string or array or object Got: 0.

程式：u/xxy/guanwai/npc/xiaoyuanshan.c 第 51 行
物件: /u/xxy/guanwai/npc/xiaoyuanshan#460
呼叫来自：std/room.c 的 reset() 第 54 行，物件： u/xxy/guanwai/road1
呼叫来自：std/room.c 的 make_inventory() 第 19 行，物件： u/xxy/guanwai/road1
呼叫来自：u/xxy/guanwai/npc/xiaoyuanshan.c 的 create() 第 51 行，物件： u/xxy/guanwai/npc/xiaoyuanshan#460 ("萧远山")

执行时段错误：*Bad argument 1 to call_other()
Expected: string or array or object Got: 0.

程式：u/xxy/guanwai/npc/dahu.c 第 24 行
物件: /u/xxy/guanwai/npc/dahu#461
呼叫来自：std/room.c 的 reset() 第 54 行，物件： u/xxy/guanwai/road4
呼叫来自：std/room.c 的 make_inventory() 第 19 行，物件： u/xxy/guanwai/road4
呼叫来自：u/xxy/guanwai/npc/dahu.c 的 create() 第 24 行，物件： u/xxy/guanwai/npc/dahu#461 ("忽伦大虎")

执行时段错误：*Bad argument 1 to call_other()
Expected: string or array or object Got: 0.

程式：u/xxy/guanwai/npc/sihu.c 第 24 行
物件: /u/xxy/guanwai/npc/sihu#462
呼叫来自：std/room.c 的 reset() 第 54 行，物件： u/xxy/guanwai/road5
呼叫来自：std/room.c 的 make_inventory() 第 19 行，物件： u/xxy/guanwai/road5
呼叫来自：u/xxy/guanwai/npc/sihu.c 的 create() 第 24 行，物件： u/xxy/guanwai/npc/sihu#462 ("忽伦四虎")

执行时段错误：*Bad argument 1 to call_other()
Expected: string or array or object Got: 0.

程式：u/xxy/guanwai/npc/sanhu.c 第 24 行
物件: /u/xxy/guanwai/npc/sanhu#463
呼叫来自：std/room.c 的 reset() 第 54 行，物件： u/xxy/guanwai/road6
呼叫来自：std/room.c 的 make_inventory() 第 19 行，物件： u/xxy/guanwai/road6
呼叫来自：u/xxy/guanwai/npc/sanhu.c 的 create() 第 24 行，物件： u/xxy/guanwai/npc/sanhu#463 ("忽伦三虎")

执行时段错误：*Bad argument 1 to call_other()
Expected: string or array or object Got: 0.

程式：u/xxy/guanwai/npc/laoban.c 第 22 行
物件: /u/xxy/guanwai/npc/laoban#464
呼叫来自：std/room.c 的 reset() 第 54 行，物件： u/xxy/guanwai/rouguan
呼叫来自：std/room.c 的 make_inventory() 第 19 行，物件： u/xxy/guanwai/rouguan
呼叫来自：u/xxy/guanwai/npc/laoban.c 的 create() 第 22 行，物件： u/xxy/guanwai/npc/laoban#464 ("酒馆老板")

执行时段错误：*Bad argument 1 to call_other()
Expected: string or array or object Got: 0.

程式：std/room.c 第 20 行
物件: /u/xxy/guanwai/majiu
呼叫来自：std/room.c 的 reset() 第 54 行，物件： u/xxy/guanwai/majiu
呼叫来自：std/room.c 的 make_inventory() 第 20 行，物件： u/xxy/guanwai/majiu

执行时段错误：*F_SKILL: No such skill (hujia-daofa)

程式：feature/skill.c 第 17 行
物件: /u/xxy/guanwai/npc/yanji#465
呼叫来自：std/room.c 的 reset() 第 54 行，物件： u/xxy/guanwai/shanshenmiao
呼叫来自：std/room.c 的 make_inventory() 第 19 行，物件： u/xxy/guanwai/shanshenmiao
呼叫来自：u/xxy/guanwai/npc/yanji.c 的 create() 第 33 行，物件： u/xxy/guanwai/npc/yanji#465 ("阎基")
呼叫来自：feature/skill.c 的 set_skill() 第 17 行，物件： u/xxy/guanwai/npc/yanji#465 ("阎基")

执行时段错误：*Bad argument 1 to call_other()
Expected: string or array or object Got: 0.

程式：u/xxy/guanwai/npc/heersu.c 第 33 行
物件: /u/xxy/guanwai/npc/heersu#466
呼叫来自：std/room.c 的 reset() 第 54 行，物件： u/xxy/guanwai/tuwu
呼叫来自：std/room.c 的 make_inventory() 第 19 行，物件： u/xxy/guanwai/tuwu
呼叫来自：u/xxy/guanwai/npc/heersu.c 的 create() 第 33 行，物件： u/xxy/guanwai/npc/heersu#466 ("赫尔苏")

执行时段错误：*F_SKILL: No such skill (xiaowuxiang)

程式：feature/skill.c 第 17 行
物件: /u/xxy/guanwai/npc/tengyilei#467
呼叫来自：std/room.c 的 reset() 第 54 行，物件： u/xxy/guanwai/nancheng
呼叫来自：std/room.c 的 make_inventory() 第 19 行，物件： u/xxy/guanwai/nancheng
呼叫来自：u/xxy/guanwai/npc/tengyilei.c 的 create() 第 30 行，物件： u/xxy/guanwai/npc/tengyilei#467 ("滕一雷")
呼叫来自：feature/skill.c 的 set_skill() 第 17 行，物件： u/xxy/guanwai/npc/tengyilei#467 ("滕一雷")

执行时段错误：*Wrong permissions for opening file /u/guanwai/log for append.
"No such file or directory"

程式：adm/obj/master.c 第 121 行
物件: /adm/obj/master
呼叫来自：std/room.c 的 reset() 第 54 行，物件： u/xxy/guanwai/muqiao
呼叫来自：std/room.c 的 make_inventory() 第 19 行，物件： u/xxy/guanwai/muqiao
呼叫来自：adm/obj/master.c 的 log_error() 第 121 行，物件： adm/obj/master
u/xxy/guanwai/npc/yuzhenzi.c line 6: parse error

执行时段错误：*Error in loading object '/u/xxy/guanwai/npc/yuzhenzi'

程式：std/room.c 第 19 行
物件: /u/xxy/guanwai/muqiao
呼叫来自：std/room.c 的 reset() 第 54 行，物件： u/xxy/guanwai/muqiao
呼叫来自：std/room.c 的 make_inventory() 第 19 行，物件： u/xxy/guanwai/muqiao

执行时段错误：*Bad argument 1 to call_other()
Expected: string or array or object Got: 0.

程式：u/xxy/lingzhou/npc/yipinwushi.c 第 33 行
物件: /u/xxy/lingzhou/npc/yipinwushi#468
呼叫来自：std/room.c 的 reset() 第 65 行，物件： u/xxy/lingzhou/yipindating
呼叫来自：std/room.c 的 make_inventory() 第 19 行，物件： u/xxy/lingzhou/yipindating
呼叫来自：u/xxy/lingzhou/npc/yipinwushi.c 的 create() 第 33 行，物件： u/xxy/lingzhou/npc/yipinwushi#468 ("一品堂武士")

执行时段错误：*Wrong permissions for opening file /u/lingzhou/log for append.
"No such file or directory"

程式：adm/obj/master.c 第 121 行
物件: /adm/obj/master
呼叫来自：std/room.c 的 reset() 第 54 行，物件： u/xxy/lingzhou/yipindayuan
呼叫来自：std/room.c 的 make_inventory() 第 19 行，物件： u/xxy/lingzhou/yipindayuan
呼叫来自：adm/obj/master.c 的 log_error() 第 121 行，物件： adm/obj/master
u/xxy/lingzhou/npc/yun.c line 39: Undefined function prepare_skill

执行时段错误：*Error in loading object '/u/xxy/lingzhou/npc/yun'

程式：std/room.c 第 19 行
物件: /u/xxy/lingzhou/yipindayuan
呼叫来自：std/room.c 的 reset() 第 54 行，物件： u/xxy/lingzhou/yipindayuan
呼叫来自：std/room.c 的 make_inventory() 第 19 行，物件： u/xxy/lingzhou/yipindayuan

执行时段错误：*Bad argument 1 to call_other()
Expected: string or array or object Got: 0.

程式：u/xxy/lingzhou/npc/yipinwushi.c 第 33 行
物件: /u/xxy/lingzhou/npc/yipinwushi#469
呼叫来自：std/room.c 的 reset() 第 65 行，物件： u/xxy/lingzhou/yipingate
呼叫来自：std/room.c 的 make_inventory() 第 19 行，物件： u/xxy/lingzhou/yipingate
呼叫来自：u/xxy/lingzhou/npc/yipinwushi.c 的 create() 第 33 行，物件： u/xxy/lingzhou/npc/yipinwushi#469 ("一品堂武士")

执行时段错误：*Bad argument 1 to call_other()
Expected: string or array or object Got: 0.

程式：std/room.c 第 20 行
物件: /u/xxy/lingzhou/jiangjunyuan
呼叫来自：std/room.c 的 reset() 第 65 行，物件： u/xxy/lingzhou/jiangjunyuan
呼叫来自：std/room.c 的 make_inventory() 第 20 行，物件： u/xxy/lingzhou/jiangjunyuan

执行时段错误：*Bad argument 1 to call_other()
Expected: string or array or object Got: 0.

程式：u/xxy/lingzhou/npc/xiaowei.c 第 32 行
物件: /u/xxy/lingzhou/npc/xiaowei#470
呼叫来自：std/room.c 的 reset() 第 65 行，物件： u/xxy/lingzhou/jiangjungate
呼叫来自：std/room.c 的 make_inventory() 第 19 行，物件： u/xxy/lingzhou/jiangjungate
呼叫来自：u/xxy/lingzhou/npc/xiaowei.c 的 create() 第 32 行，物件： u/xxy/lingzhou/npc/xiaowei#470 ("校尉")

执行时段错误：*Bad argument 1 to call_other()
Expected: string or array or object Got: 0.

程式：std/room.c 第 20 行
物件: /u/xxy/lingzhou/yamen
呼叫来自：std/room.c 的 reset() 第 65 行，物件： u/xxy/lingzhou/yamen
呼叫来自：std/room.c 的 make_inventory() 第 20 行，物件： u/xxy/lingzhou/yamen

执行时段错误：*Bad argument 1 to call_other()
Expected: string or array or object Got: 0.

程式：u/xxy/lingzhou/npc/xixiabing.c 第 33 行
物件: /u/xxy/lingzhou/npc/xixiabing#471
呼叫来自：std/room.c 的 reset() 第 65 行，物件： u/xxy/lingzhou/biaoqiyin
呼叫来自：std/room.c 的 make_inventory() 第 19 行，物件： u/xxy/lingzhou/biaoqiyin
呼叫来自：u/xxy/lingzhou/npc/xixiabing.c 的 create() 第 33 行，物件： u/xxy/lingzhou/npc/xixiabing#471 ("西夏兵")

执行时段错误：*Bad argument 1 to call_other()
Expected: string or array or object Got: 0.

程式：u/xxy/lingzhou/npc/xiaoer2.c 第 25 行
物件: /u/xxy/lingzhou/npc/xiaoer2#472
呼叫来自：std/room.c 的 reset() 第 54 行，物件： u/xxy/lingzhou/jiuguan
呼叫来自：std/room.c 的 make_inventory() 第 19 行，物件： u/xxy/lingzhou/jiuguan
呼叫来自：u/xxy/lingzhou/npc/xiaoer2.c 的 create() 第 25 行，物件： u/xxy/lingzhou/npc/xiaoer2#472 ("店小二")

执行时段错误：*Wrong permissions for opening file /u/lingzhou/log for append.
"No such file or directory"

程式：adm/obj/master.c 第 121 行
物件: /adm/obj/master
呼叫来自：std/room.c 的 reset() 第 54 行，物件： u/xxy/lingzhou/center
呼叫来自：std/room.c 的 make_inventory() 第 19 行，物件： u/xxy/lingzhou/center
呼叫来自：adm/obj/master.c 的 log_error() 第 121 行，物件： adm/obj/master
u/xxy/lingzhou/npc/duan.c line 39: Undefined function prepare_skill

执行时段错误：*Error in loading object '/u/xxy/lingzhou/npc/duan'

程式：std/room.c 第 19 行
物件: /u/xxy/lingzhou/center
呼叫来自：std/room.c 的 reset() 第 54 行，物件： u/xxy/lingzhou/center
呼叫来自：std/room.c 的 make_inventory() 第 19 行，物件： u/xxy/lingzhou/center

执行时段错误：*Bad argument 1 to call_other()
Expected: string or array or object Got: 0.

程式：u/xxy/lingzhou/npc/xiaowei.c 第 32 行
物件: /u/xxy/lingzhou/npc/xiaowei#473
呼叫来自：std/room.c 的 reset() 第 54 行，物件： u/xxy/lingzhou/nanmen
呼叫来自：std/room.c 的 make_inventory() 第 19 行，物件： u/xxy/lingzhou/nanmen
呼叫来自：u/xxy/lingzhou/npc/xiaowei.c 的 create() 第 32 行，物件： u/xxy/lingzhou/npc/xiaowei#473 ("校尉")

执行时段错误：*F_SKILL: No such skill (huashan-sword)

程式：feature/skill.c 第 17 行
物件: /u/xxy/guanwai/npc/fengxifan#476
呼叫来自：std/room.c 的 reset() 第 54 行，物件： u/xxy/guanwai/laolongtou
呼叫来自：std/room.c 的 make_inventory() 第 19 行，物件： u/xxy/guanwai/laolongtou
呼叫来自：u/xxy/guanwai/npc/fengxifan.c 的 create() 第 37 行，物件： u/xxy/guanwai/npc/fengxifan#476 ("冯锡范")
呼叫来自：feature/skill.c 的 set_skill() 第 17 行，物件： u/xxy/guanwai/npc/fengxifan#476 ("冯锡范")

执行时段错误：*Bad argument 1 to call_other()
Expected: string or array or object Got: 0.

程式：std/room.c 第 20 行
物件: /u/xxy/guanwai/shanhaiguan
呼叫来自：std/room.c 的 reset() 第 54 行，物件： u/xxy/guanwai/shanhaiguan
呼叫来自：std/room.c 的 make_inventory() 第 20 行，物件： u/xxy/guanwai/shanhaiguan

执行时段错误：*Bad argument 1 to call_other()
Expected: string or array or object Got: 0.

程式：u/xxy/guanwai/npc/xiaoyuanshan.c 第 51 行
物件: /u/xxy/guanwai/npc/xiaoyuanshan#477
呼叫来自：std/room.c 的 reset() 第 54 行，物件： u/xxy/guanwai/road1
呼叫来自：std/room.c 的 make_inventory() 第 19 行，物件： u/xxy/guanwai/road1
呼叫来自：u/xxy/guanwai/npc/xiaoyuanshan.c 的 create() 第 51 行，物件： u/xxy/guanwai/npc/xiaoyuanshan#477 ("萧远山")

执行时段错误：*Bad argument 1 to call_other()
Expected: string or array or object Got: 0.

程式：u/xxy/guanwai/npc/dahu.c 第 24 行
物件: /u/xxy/guanwai/npc/dahu#478
呼叫来自：std/room.c 的 reset() 第 54 行，物件： u/xxy/guanwai/road4
呼叫来自：std/room.c 的 make_inventory() 第 19 行，物件： u/xxy/guanwai/road4
呼叫来自：u/xxy/guanwai/npc/dahu.c 的 create() 第 24 行，物件： u/xxy/guanwai/npc/dahu#478 ("忽伦大虎")

执行时段错误：*Bad argument 1 to call_other()
Expected: string or array or object Got: 0.

程式：u/xxy/guanwai/npc/sihu.c 第 24 行
物件: /u/xxy/guanwai/npc/sihu#479
呼叫来自：std/room.c 的 reset() 第 54 行，物件： u/xxy/guanwai/road5
呼叫来自：std/room.c 的 make_inventory() 第 19 行，物件： u/xxy/guanwai/road5
呼叫来自：u/xxy/guanwai/npc/sihu.c 的 create() 第 24 行，物件： u/xxy/guanwai/npc/sihu#479 ("忽伦四虎")

执行时段错误：*Bad argument 1 to call_other()
Expected: string or array or object Got: 0.

程式：u/xxy/guanwai/npc/sanhu.c 第 24 行
物件: /u/xxy/guanwai/npc/sanhu#480
呼叫来自：std/room.c 的 reset() 第 54 行，物件： u/xxy/guanwai/road6
呼叫来自：std/room.c 的 make_inventory() 第 19 行，物件： u/xxy/guanwai/road6
呼叫来自：u/xxy/guanwai/npc/sanhu.c 的 create() 第 24 行，物件： u/xxy/guanwai/npc/sanhu#480 ("忽伦三虎")

执行时段错误：*Bad argument 1 to call_other()
Expected: string or array or object Got: 0.

程式：u/xxy/guanwai/npc/laoban.c 第 22 行
物件: /u/xxy/guanwai/npc/laoban#481
呼叫来自：std/room.c 的 reset() 第 54 行，物件： u/xxy/guanwai/rouguan
呼叫来自：std/room.c 的 make_inventory() 第 19 行，物件： u/xxy/guanwai/rouguan
呼叫来自：u/xxy/guanwai/npc/laoban.c 的 create() 第 22 行，物件： u/xxy/guanwai/npc/laoban#481 ("酒馆老板")

执行时段错误：*Bad argument 1 to call_other()
Expected: string or array or object Got: 0.

程式：std/room.c 第 20 行
物件: /u/xxy/guanwai/majiu
呼叫来自：std/room.c 的 reset() 第 54 行，物件： u/xxy/guanwai/majiu
呼叫来自：std/room.c 的 make_inventory() 第 20 行，物件： u/xxy/guanwai/majiu

执行时段错误：*F_SKILL: No such skill (hujia-daofa)

程式：feature/skill.c 第 17 行
物件: /u/xxy/guanwai/npc/yanji#482
呼叫来自：std/room.c 的 reset() 第 54 行，物件： u/xxy/guanwai/shanshenmiao
呼叫来自：std/room.c 的 make_inventory() 第 19 行，物件： u/xxy/guanwai/shanshenmiao
呼叫来自：u/xxy/guanwai/npc/yanji.c 的 create() 第 33 行，物件： u/xxy/guanwai/npc/yanji#482 ("阎基")
呼叫来自：feature/skill.c 的 set_skill() 第 17 行，物件： u/xxy/guanwai/npc/yanji#482 ("阎基")

执行时段错误：*Bad argument 1 to call_other()
Expected: string or array or object Got: 0.

程式：u/xxy/guanwai/npc/heersu.c 第 33 行
物件: /u/xxy/guanwai/npc/heersu#483
呼叫来自：std/room.c 的 reset() 第 54 行，物件： u/xxy/guanwai/tuwu
呼叫来自：std/room.c 的 make_inventory() 第 19 行，物件： u/xxy/guanwai/tuwu
呼叫来自：u/xxy/guanwai/npc/heersu.c 的 create() 第 33 行，物件： u/xxy/guanwai/npc/heersu#483 ("赫尔苏")

执行时段错误：*F_SKILL: No such skill (xiaowuxiang)

程式：feature/skill.c 第 17 行
物件: /u/xxy/guanwai/npc/tengyilei#484
呼叫来自：std/room.c 的 reset() 第 54 行，物件： u/xxy/guanwai/nancheng
呼叫来自：std/room.c 的 make_inventory() 第 19 行，物件： u/xxy/guanwai/nancheng
呼叫来自：u/xxy/guanwai/npc/tengyilei.c 的 create() 第 30 行，物件： u/xxy/guanwai/npc/tengyilei#484 ("滕一雷")
呼叫来自：feature/skill.c 的 set_skill() 第 17 行，物件： u/xxy/guanwai/npc/tengyilei#484 ("滕一雷")

执行时段错误：*Wrong permissions for opening file /u/guanwai/log for append.
"No such file or directory"

程式：adm/obj/master.c 第 121 行
物件: /adm/obj/master
呼叫来自：std/room.c 的 reset() 第 54 行，物件： u/xxy/guanwai/muqiao
呼叫来自：std/room.c 的 make_inventory() 第 19 行，物件： u/xxy/guanwai/muqiao
呼叫来自：adm/obj/master.c 的 log_error() 第 121 行，物件： adm/obj/master
u/xxy/guanwai/npc/yuzhenzi.c line 6: parse error

执行时段错误：*Error in loading object '/u/xxy/guanwai/npc/yuzhenzi'

程式：std/room.c 第 19 行
物件: /u/xxy/guanwai/muqiao
呼叫来自：std/room.c 的 reset() 第 54 行，物件： u/xxy/guanwai/muqiao
呼叫来自：std/room.c 的 make_inventory() 第 19 行，物件： u/xxy/guanwai/muqiao

执行时段错误：*Bad argument 1 to call_other()
Expected: string or array or object Got: 0.

程式：u/xxy/lingzhou/npc/yipinwushi.c 第 33 行
物件: /u/xxy/lingzhou/npc/yipinwushi#485
呼叫来自：std/room.c 的 reset() 第 65 行，物件： u/xxy/lingzhou/yipindating
呼叫来自：std/room.c 的 make_inventory() 第 19 行，物件： u/xxy/lingzhou/yipindating
呼叫来自：u/xxy/lingzhou/npc/yipinwushi.c 的 create() 第 33 行，物件： u/xxy/lingzhou/npc/yipinwushi#485 ("一品堂武士")

执行时段错误：*Wrong permissions for opening file /u/lingzhou/log for append.
"No such file or directory"

程式：adm/obj/master.c 第 121 行
物件: /adm/obj/master
呼叫来自：std/room.c 的 reset() 第 54 行，物件： u/xxy/lingzhou/yipindayuan
呼叫来自：std/room.c 的 make_inventory() 第 19 行，物件： u/xxy/lingzhou/yipindayuan
呼叫来自：adm/obj/master.c 的 log_error() 第 121 行，物件： adm/obj/master
u/xxy/lingzhou/npc/yun.c line 39: Undefined function prepare_skill

执行时段错误：*Error in loading object '/u/xxy/lingzhou/npc/yun'

程式：std/room.c 第 19 行
物件: /u/xxy/lingzhou/yipindayuan
呼叫来自：std/room.c 的 reset() 第 54 行，物件： u/xxy/lingzhou/yipindayuan
呼叫来自：std/room.c 的 make_inventory() 第 19 行，物件： u/xxy/lingzhou/yipindayuan

执行时段错误：*Bad argument 1 to call_other()
Expected: string or array or object Got: 0.

程式：u/xxy/lingzhou/npc/yipinwushi.c 第 33 行
物件: /u/xxy/lingzhou/npc/yipinwushi#486
呼叫来自：std/room.c 的 reset() 第 65 行，物件： u/xxy/lingzhou/yipingate
呼叫来自：std/room.c 的 make_inventory() 第 19 行，物件： u/xxy/lingzhou/yipingate
呼叫来自：u/xxy/lingzhou/npc/yipinwushi.c 的 create() 第 33 行，物件： u/xxy/lingzhou/npc/yipinwushi#486 ("一品堂武士")

执行时段错误：*Bad argument 1 to call_other()
Expected: string or array or object Got: 0.

程式：std/room.c 第 20 行
物件: /u/xxy/lingzhou/jiangjunyuan
呼叫来自：std/room.c 的 reset() 第 65 行，物件： u/xxy/lingzhou/jiangjunyuan
呼叫来自：std/room.c 的 make_inventory() 第 20 行，物件： u/xxy/lingzhou/jiangjunyuan

执行时段错误：*Bad argument 1 to call_other()
Expected: string or array or object Got: 0.

程式：u/xxy/lingzhou/npc/xiaowei.c 第 32 行
物件: /u/xxy/lingzhou/npc/xiaowei#487
呼叫来自：std/room.c 的 reset() 第 65 行，物件： u/xxy/lingzhou/jiangjungate
呼叫来自：std/room.c 的 make_inventory() 第 19 行，物件： u/xxy/lingzhou/jiangjungate
呼叫来自：u/xxy/lingzhou/npc/xiaowei.c 的 create() 第 32 行，物件： u/xxy/lingzhou/npc/xiaowei#487 ("校尉")

执行时段错误：*Bad argument 1 to call_other()
Expected: string or array or object Got: 0.

程式：std/room.c 第 20 行
物件: /u/xxy/lingzhou/yamen
呼叫来自：std/room.c 的 reset() 第 65 行，物件： u/xxy/lingzhou/yamen
呼叫来自：std/room.c 的 make_inventory() 第 20 行，物件： u/xxy/lingzhou/yamen

执行时段错误：*Bad argument 1 to call_other()
Expected: string or array or object Got: 0.

程式：u/xxy/lingzhou/npc/xixiabing.c 第 33 行
物件: /u/xxy/lingzhou/npc/xixiabing#488
呼叫来自：std/room.c 的 reset() 第 65 行，物件： u/xxy/lingzhou/biaoqiyin
呼叫来自：std/room.c 的 make_inventory() 第 19 行，物件： u/xxy/lingzhou/biaoqiyin
呼叫来自：u/xxy/lingzhou/npc/xixiabing.c 的 create() 第 33 行，物件： u/xxy/lingzhou/npc/xixiabing#488 ("西夏兵")

执行时段错误：*Bad argument 1 to call_other()
Expected: string or array or object Got: 0.

程式：u/xxy/lingzhou/npc/xiaoer2.c 第 25 行
物件: /u/xxy/lingzhou/npc/xiaoer2#489
呼叫来自：std/room.c 的 reset() 第 54 行，物件： u/xxy/lingzhou/jiuguan
呼叫来自：std/room.c 的 make_inventory() 第 19 行，物件： u/xxy/lingzhou/jiuguan
呼叫来自：u/xxy/lingzhou/npc/xiaoer2.c 的 create() 第 25 行，物件： u/xxy/lingzhou/npc/xiaoer2#489 ("店小二")

执行时段错误：*Wrong permissions for opening file /u/lingzhou/log for append.
"No such file or directory"

程式：adm/obj/master.c 第 121 行
物件: /adm/obj/master
呼叫来自：std/room.c 的 reset() 第 54 行，物件： u/xxy/lingzhou/center
呼叫来自：std/room.c 的 make_inventory() 第 19 行，物件： u/xxy/lingzhou/center
呼叫来自：adm/obj/master.c 的 log_error() 第 121 行，物件： adm/obj/master
u/xxy/lingzhou/npc/duan.c line 39: Undefined function prepare_skill

执行时段错误：*Error in loading object '/u/xxy/lingzhou/npc/duan'

程式：std/room.c 第 19 行
物件: /u/xxy/lingzhou/center
呼叫来自：std/room.c 的 reset() 第 54 行，物件： u/xxy/lingzhou/center
呼叫来自：std/room.c 的 make_inventory() 第 19 行，物件： u/xxy/lingzhou/center

执行时段错误：*Bad argument 1 to call_other()
Expected: string or array or object Got: 0.

程式：u/xxy/lingzhou/npc/xiaowei.c 第 32 行
物件: /u/xxy/lingzhou/npc/xiaowei#490
呼叫来自：std/room.c 的 reset() 第 54 行，物件： u/xxy/lingzhou/nanmen
呼叫来自：std/room.c 的 make_inventory() 第 19 行，物件： u/xxy/lingzhou/nanmen
呼叫来自：u/xxy/lingzhou/npc/xiaowei.c 的 create() 第 32 行，物件： u/xxy/lingzhou/npc/xiaowei#490 ("校尉")

执行时段错误：*F_SKILL: No such skill (huashan-sword)

程式：feature/skill.c 第 17 行
物件: /u/xxy/guanwai/npc/fengxifan#491
呼叫来自：std/room.c 的 reset() 第 54 行，物件： u/xxy/guanwai/laolongtou
呼叫来自：std/room.c 的 make_inventory() 第 19 行，物件： u/xxy/guanwai/laolongtou
呼叫来自：u/xxy/guanwai/npc/fengxifan.c 的 create() 第 37 行，物件： u/xxy/guanwai/npc/fengxifan#491 ("冯锡范")
呼叫来自：feature/skill.c 的 set_skill() 第 17 行，物件： u/xxy/guanwai/npc/fengxifan#491 ("冯锡范")

执行时段错误：*Bad argument 1 to call_other()
Expected: string or array or object Got: 0.

程式：std/room.c 第 20 行
物件: /u/xxy/guanwai/shanhaiguan
呼叫来自：std/room.c 的 reset() 第 54 行，物件： u/xxy/guanwai/shanhaiguan
呼叫来自：std/room.c 的 make_inventory() 第 20 行，物件： u/xxy/guanwai/shanhaiguan

执行时段错误：*Bad argument 1 to call_other()
Expected: string or array or object Got: 0.

程式：u/xxy/guanwai/npc/xiaoyuanshan.c 第 51 行
物件: /u/xxy/guanwai/npc/xiaoyuanshan#492
呼叫来自：std/room.c 的 reset() 第 54 行，物件： u/xxy/guanwai/road1
呼叫来自：std/room.c 的 make_inventory() 第 19 行，物件： u/xxy/guanwai/road1
呼叫来自：u/xxy/guanwai/npc/xiaoyuanshan.c 的 create() 第 51 行，物件： u/xxy/guanwai/npc/xiaoyuanshan#492 ("萧远山")

执行时段错误：*Bad argument 1 to call_other()
Expected: string or array or object Got: 0.

程式：u/xxy/guanwai/npc/dahu.c 第 24 行
物件: /u/xxy/guanwai/npc/dahu#493
呼叫来自：std/room.c 的 reset() 第 54 行，物件： u/xxy/guanwai/road4
呼叫来自：std/room.c 的 make_inventory() 第 19 行，物件： u/xxy/guanwai/road4
呼叫来自：u/xxy/guanwai/npc/dahu.c 的 create() 第 24 行，物件： u/xxy/guanwai/npc/dahu#493 ("忽伦大虎")

执行时段错误：*Bad argument 1 to call_other()
Expected: string or array or object Got: 0.

程式：u/xxy/guanwai/npc/sihu.c 第 24 行
物件: /u/xxy/guanwai/npc/sihu#494
呼叫来自：std/room.c 的 reset() 第 54 行，物件： u/xxy/guanwai/road5
呼叫来自：std/room.c 的 make_inventory() 第 19 行，物件： u/xxy/guanwai/road5
呼叫来自：u/xxy/guanwai/npc/sihu.c 的 create() 第 24 行，物件： u/xxy/guanwai/npc/sihu#494 ("忽伦四虎")

执行时段错误：*Bad argument 1 to call_other()
Expected: string or array or object Got: 0.

程式：u/xxy/guanwai/npc/sanhu.c 第 24 行
物件: /u/xxy/guanwai/npc/sanhu#495
呼叫来自：std/room.c 的 reset() 第 54 行，物件： u/xxy/guanwai/road6
呼叫来自：std/room.c 的 make_inventory() 第 19 行，物件： u/xxy/guanwai/road6
呼叫来自：u/xxy/guanwai/npc/sanhu.c 的 create() 第 24 行，物件： u/xxy/guanwai/npc/sanhu#495 ("忽伦三虎")

执行时段错误：*Bad argument 1 to call_other()
Expected: string or array or object Got: 0.

程式：u/xxy/guanwai/npc/laoban.c 第 22 行
物件: /u/xxy/guanwai/npc/laoban#496
呼叫来自：std/room.c 的 reset() 第 54 行，物件： u/xxy/guanwai/rouguan
呼叫来自：std/room.c 的 make_inventory() 第 19 行，物件： u/xxy/guanwai/rouguan
呼叫来自：u/xxy/guanwai/npc/laoban.c 的 create() 第 22 行，物件： u/xxy/guanwai/npc/laoban#496 ("酒馆老板")

执行时段错误：*Bad argument 1 to call_other()
Expected: string or array or object Got: 0.

程式：std/room.c 第 20 行
物件: /u/xxy/guanwai/majiu
呼叫来自：std/room.c 的 reset() 第 54 行，物件： u/xxy/guanwai/majiu
呼叫来自：std/room.c 的 make_inventory() 第 20 行，物件： u/xxy/guanwai/majiu

执行时段错误：*F_SKILL: No such skill (hujia-daofa)

程式：feature/skill.c 第 17 行
物件: /u/xxy/guanwai/npc/yanji#497
呼叫来自：std/room.c 的 reset() 第 54 行，物件： u/xxy/guanwai/shanshenmiao
呼叫来自：std/room.c 的 make_inventory() 第 19 行，物件： u/xxy/guanwai/shanshenmiao
呼叫来自：u/xxy/guanwai/npc/yanji.c 的 create() 第 33 行，物件： u/xxy/guanwai/npc/yanji#497 ("阎基")
呼叫来自：feature/skill.c 的 set_skill() 第 17 行，物件： u/xxy/guanwai/npc/yanji#497 ("阎基")

执行时段错误：*Bad argument 1 to call_other()
Expected: string or array or object Got: 0.

程式：u/xxy/guanwai/npc/heersu.c 第 33 行
物件: /u/xxy/guanwai/npc/heersu#498
呼叫来自：std/room.c 的 reset() 第 54 行，物件： u/xxy/guanwai/tuwu
呼叫来自：std/room.c 的 make_inventory() 第 19 行，物件： u/xxy/guanwai/tuwu
呼叫来自：u/xxy/guanwai/npc/heersu.c 的 create() 第 33 行，物件： u/xxy/guanwai/npc/heersu#498 ("赫尔苏")

执行时段错误：*F_SKILL: No such skill (xiaowuxiang)

程式：feature/skill.c 第 17 行
物件: /u/xxy/guanwai/npc/tengyilei#499
呼叫来自：std/room.c 的 reset() 第 54 行，物件： u/xxy/guanwai/nancheng
呼叫来自：std/room.c 的 make_inventory() 第 19 行，物件： u/xxy/guanwai/nancheng
呼叫来自：u/xxy/guanwai/npc/tengyilei.c 的 create() 第 30 行，物件： u/xxy/guanwai/npc/tengyilei#499 ("滕一雷")
呼叫来自：feature/skill.c 的 set_skill() 第 17 行，物件： u/xxy/guanwai/npc/tengyilei#499 ("滕一雷")

执行时段错误：*Wrong permissions for opening file /u/guanwai/log for append.
"No such file or directory"

程式：adm/obj/master.c 第 121 行
物件: /adm/obj/master
呼叫来自：std/room.c 的 reset() 第 54 行，物件： u/xxy/guanwai/muqiao
呼叫来自：std/room.c 的 make_inventory() 第 19 行，物件： u/xxy/guanwai/muqiao
呼叫来自：adm/obj/master.c 的 log_error() 第 121 行，物件： adm/obj/master
u/xxy/guanwai/npc/yuzhenzi.c line 6: parse error

执行时段错误：*Error in loading object '/u/xxy/guanwai/npc/yuzhenzi'

程式：std/room.c 第 19 行
物件: /u/xxy/guanwai/muqiao
呼叫来自：std/room.c 的 reset() 第 54 行，物件： u/xxy/guanwai/muqiao
呼叫来自：std/room.c 的 make_inventory() 第 19 行，物件： u/xxy/guanwai/muqiao

执行时段错误：*Bad argument 1 to call_other()
Expected: string or array or object Got: 0.

程式：u/xxy/lingzhou/npc/yipinwushi.c 第 33 行
物件: /u/xxy/lingzhou/npc/yipinwushi#500
呼叫来自：std/room.c 的 reset() 第 65 行，物件： u/xxy/lingzhou/yipindating
呼叫来自：std/room.c 的 make_inventory() 第 19 行，物件： u/xxy/lingzhou/yipindating
呼叫来自：u/xxy/lingzhou/npc/yipinwushi.c 的 create() 第 33 行，物件： u/xxy/lingzhou/npc/yipinwushi#500 ("一品堂武士")

执行时段错误：*Wrong permissions for opening file /u/lingzhou/log for append.
"No such file or directory"

程式：adm/obj/master.c 第 121 行
物件: /adm/obj/master
呼叫来自：std/room.c 的 reset() 第 54 行，物件： u/xxy/lingzhou/yipindayuan
呼叫来自：std/room.c 的 make_inventory() 第 19 行，物件： u/xxy/lingzhou/yipindayuan
呼叫来自：adm/obj/master.c 的 log_error() 第 121 行，物件： adm/obj/master
u/xxy/lingzhou/npc/yun.c line 39: Undefined function prepare_skill

执行时段错误：*Error in loading object '/u/xxy/lingzhou/npc/yun'

程式：std/room.c 第 19 行
物件: /u/xxy/lingzhou/yipindayuan
呼叫来自：std/room.c 的 reset() 第 54 行，物件： u/xxy/lingzhou/yipindayuan
呼叫来自：std/room.c 的 make_inventory() 第 19 行，物件： u/xxy/lingzhou/yipindayuan

执行时段错误：*Bad argument 1 to call_other()
Expected: string or array or object Got: 0.

程式：u/xxy/lingzhou/npc/yipinwushi.c 第 33 行
物件: /u/xxy/lingzhou/npc/yipinwushi#501
呼叫来自：std/room.c 的 reset() 第 65 行，物件： u/xxy/lingzhou/yipingate
呼叫来自：std/room.c 的 make_inventory() 第 19 行，物件： u/xxy/lingzhou/yipingate
呼叫来自：u/xxy/lingzhou/npc/yipinwushi.c 的 create() 第 33 行，物件： u/xxy/lingzhou/npc/yipinwushi#501 ("一品堂武士")

执行时段错误：*Bad argument 1 to call_other()
Expected: string or array or object Got: 0.

程式：std/room.c 第 20 行
物件: /u/xxy/lingzhou/jiangjunyuan
呼叫来自：std/room.c 的 reset() 第 65 行，物件： u/xxy/lingzhou/jiangjunyuan
呼叫来自：std/room.c 的 make_inventory() 第 20 行，物件： u/xxy/lingzhou/jiangjunyuan

执行时段错误：*Bad argument 1 to call_other()
Expected: string or array or object Got: 0.

程式：u/xxy/lingzhou/npc/xiaowei.c 第 32 行
物件: /u/xxy/lingzhou/npc/xiaowei#502
呼叫来自：std/room.c 的 reset() 第 65 行，物件： u/xxy/lingzhou/jiangjungate
呼叫来自：std/room.c 的 make_inventory() 第 19 行，物件： u/xxy/lingzhou/jiangjungate
呼叫来自：u/xxy/lingzhou/npc/xiaowei.c 的 create() 第 32 行，物件： u/xxy/lingzhou/npc/xiaowei#502 ("校尉")

执行时段错误：*Bad argument 1 to call_other()
Expected: string or array or object Got: 0.

程式：std/room.c 第 20 行
物件: /u/xxy/lingzhou/yamen
呼叫来自：std/room.c 的 reset() 第 65 行，物件： u/xxy/lingzhou/yamen
呼叫来自：std/room.c 的 make_inventory() 第 20 行，物件： u/xxy/lingzhou/yamen

执行时段错误：*Bad argument 1 to call_other()
Expected: string or array or object Got: 0.

程式：u/xxy/lingzhou/npc/xixiabing.c 第 33 行
物件: /u/xxy/lingzhou/npc/xixiabing#503
呼叫来自：std/room.c 的 reset() 第 65 行，物件： u/xxy/lingzhou/biaoqiyin
呼叫来自：std/room.c 的 make_inventory() 第 19 行，物件： u/xxy/lingzhou/biaoqiyin
呼叫来自：u/xxy/lingzhou/npc/xixiabing.c 的 create() 第 33 行，物件： u/xxy/lingzhou/npc/xixiabing#503 ("西夏兵")

执行时段错误：*Bad argument 1 to call_other()
Expected: string or array or object Got: 0.

程式：u/xxy/lingzhou/npc/xiaoer2.c 第 25 行
物件: /u/xxy/lingzhou/npc/xiaoer2#504
呼叫来自：std/room.c 的 reset() 第 54 行，物件： u/xxy/lingzhou/jiuguan
呼叫来自：std/room.c 的 make_inventory() 第 19 行，物件： u/xxy/lingzhou/jiuguan
呼叫来自：u/xxy/lingzhou/npc/xiaoer2.c 的 create() 第 25 行，物件： u/xxy/lingzhou/npc/xiaoer2#504 ("店小二")

执行时段错误：*Wrong permissions for opening file /u/lingzhou/log for append.
"No such file or directory"

程式：adm/obj/master.c 第 121 行
物件: /adm/obj/master
呼叫来自：std/room.c 的 reset() 第 54 行，物件： u/xxy/lingzhou/center
呼叫来自：std/room.c 的 make_inventory() 第 19 行，物件： u/xxy/lingzhou/center
呼叫来自：adm/obj/master.c 的 log_error() 第 121 行，物件： adm/obj/master
u/xxy/lingzhou/npc/duan.c line 39: Undefined function prepare_skill

执行时段错误：*Error in loading object '/u/xxy/lingzhou/npc/duan'

程式：std/room.c 第 19 行
物件: /u/xxy/lingzhou/center
呼叫来自：std/room.c 的 reset() 第 54 行，物件： u/xxy/lingzhou/center
呼叫来自：std/room.c 的 make_inventory() 第 19 行，物件： u/xxy/lingzhou/center

执行时段错误：*Bad argument 1 to call_other()
Expected: string or array or object Got: 0.

程式：u/xxy/lingzhou/npc/xiaowei.c 第 32 行
物件: /u/xxy/lingzhou/npc/xiaowei#505
呼叫来自：std/room.c 的 reset() 第 54 行，物件： u/xxy/lingzhou/nanmen
呼叫来自：std/room.c 的 make_inventory() 第 19 行，物件： u/xxy/lingzhou/nanmen
呼叫来自：u/xxy/lingzhou/npc/xiaowei.c 的 create() 第 32 行，物件： u/xxy/lingzhou/npc/xiaowei#505 ("校尉")

执行时段错误：*F_SKILL: No such skill (huashan-sword)

程式：feature/skill.c 第 17 行
物件: /u/xxy/guanwai/npc/fengxifan#508
呼叫来自：std/room.c 的 reset() 第 54 行，物件： u/xxy/guanwai/laolongtou
呼叫来自：std/room.c 的 make_inventory() 第 19 行，物件： u/xxy/guanwai/laolongtou
呼叫来自：u/xxy/guanwai/npc/fengxifan.c 的 create() 第 37 行，物件： u/xxy/guanwai/npc/fengxifan#508 ("冯锡范")
呼叫来自：feature/skill.c 的 set_skill() 第 17 行，物件： u/xxy/guanwai/npc/fengxifan#508 ("冯锡范")

执行时段错误：*Bad argument 1 to call_other()
Expected: string or array or object Got: 0.

程式：std/room.c 第 20 行
物件: /u/xxy/guanwai/shanhaiguan
呼叫来自：std/room.c 的 reset() 第 54 行，物件： u/xxy/guanwai/shanhaiguan
呼叫来自：std/room.c 的 make_inventory() 第 20 行，物件： u/xxy/guanwai/shanhaiguan

执行时段错误：*Bad argument 1 to call_other()
Expected: string or array or object Got: 0.

程式：u/xxy/guanwai/npc/xiaoyuanshan.c 第 51 行
物件: /u/xxy/guanwai/npc/xiaoyuanshan#509
呼叫来自：std/room.c 的 reset() 第 54 行，物件： u/xxy/guanwai/road1
呼叫来自：std/room.c 的 make_inventory() 第 19 行，物件： u/xxy/guanwai/road1
呼叫来自：u/xxy/guanwai/npc/xiaoyuanshan.c 的 create() 第 51 行，物件： u/xxy/guanwai/npc/xiaoyuanshan#509 ("萧远山")

执行时段错误：*Bad argument 1 to call_other()
Expected: string or array or object Got: 0.

程式：u/xxy/guanwai/npc/dahu.c 第 24 行
物件: /u/xxy/guanwai/npc/dahu#510
呼叫来自：std/room.c 的 reset() 第 54 行，物件： u/xxy/guanwai/road4
呼叫来自：std/room.c 的 make_inventory() 第 19 行，物件： u/xxy/guanwai/road4
呼叫来自：u/xxy/guanwai/npc/dahu.c 的 create() 第 24 行，物件： u/xxy/guanwai/npc/dahu#510 ("忽伦大虎")

执行时段错误：*Bad argument 1 to call_other()
Expected: string or array or object Got: 0.

程式：u/xxy/guanwai/npc/sihu.c 第 24 行
物件: /u/xxy/guanwai/npc/sihu#511
呼叫来自：std/room.c 的 reset() 第 54 行，物件： u/xxy/guanwai/road5
呼叫来自：std/room.c 的 make_inventory() 第 19 行，物件： u/xxy/guanwai/road5
呼叫来自：u/xxy/guanwai/npc/sihu.c 的 create() 第 24 行，物件： u/xxy/guanwai/npc/sihu#511 ("忽伦四虎")

执行时段错误：*Bad argument 1 to call_other()
Expected: string or array or object Got: 0.

程式：u/xxy/guanwai/npc/sanhu.c 第 24 行
物件: /u/xxy/guanwai/npc/sanhu#512
呼叫来自：std/room.c 的 reset() 第 54 行，物件： u/xxy/guanwai/road6
呼叫来自：std/room.c 的 make_inventory() 第 19 行，物件： u/xxy/guanwai/road6
呼叫来自：u/xxy/guanwai/npc/sanhu.c 的 create() 第 24 行，物件： u/xxy/guanwai/npc/sanhu#512 ("忽伦三虎")

执行时段错误：*Bad argument 1 to call_other()
Expected: string or array or object Got: 0.

程式：u/xxy/guanwai/npc/laoban.c 第 22 行
物件: /u/xxy/guanwai/npc/laoban#513
呼叫来自：std/room.c 的 reset() 第 54 行，物件： u/xxy/guanwai/rouguan
呼叫来自：std/room.c 的 make_inventory() 第 19 行，物件： u/xxy/guanwai/rouguan
呼叫来自：u/xxy/guanwai/npc/laoban.c 的 create() 第 22 行，物件： u/xxy/guanwai/npc/laoban#513 ("酒馆老板")

执行时段错误：*Bad argument 1 to call_other()
Expected: string or array or object Got: 0.

程式：std/room.c 第 20 行
物件: /u/xxy/guanwai/majiu
呼叫来自：std/room.c 的 reset() 第 54 行，物件： u/xxy/guanwai/majiu
呼叫来自：std/room.c 的 make_inventory() 第 20 行，物件： u/xxy/guanwai/majiu

执行时段错误：*F_SKILL: No such skill (hujia-daofa)

程式：feature/skill.c 第 17 行
物件: /u/xxy/guanwai/npc/yanji#514
呼叫来自：std/room.c 的 reset() 第 54 行，物件： u/xxy/guanwai/shanshenmiao
呼叫来自：std/room.c 的 make_inventory() 第 19 行，物件： u/xxy/guanwai/shanshenmiao
呼叫来自：u/xxy/guanwai/npc/yanji.c 的 create() 第 33 行，物件： u/xxy/guanwai/npc/yanji#514 ("阎基")
呼叫来自：feature/skill.c 的 set_skill() 第 17 行，物件： u/xxy/guanwai/npc/yanji#514 ("阎基")

执行时段错误：*Bad argument 1 to call_other()
Expected: string or array or object Got: 0.

程式：u/xxy/guanwai/npc/heersu.c 第 33 行
物件: /u/xxy/guanwai/npc/heersu#515
呼叫来自：std/room.c 的 reset() 第 54 行，物件： u/xxy/guanwai/tuwu
呼叫来自：std/room.c 的 make_inventory() 第 19 行，物件： u/xxy/guanwai/tuwu
呼叫来自：u/xxy/guanwai/npc/heersu.c 的 create() 第 33 行，物件： u/xxy/guanwai/npc/heersu#515 ("赫尔苏")

执行时段错误：*F_SKILL: No such skill (xiaowuxiang)

程式：feature/skill.c 第 17 行
物件: /u/xxy/guanwai/npc/tengyilei#516
呼叫来自：std/room.c 的 reset() 第 54 行，物件： u/xxy/guanwai/nancheng
呼叫来自：std/room.c 的 make_inventory() 第 19 行，物件： u/xxy/guanwai/nancheng
呼叫来自：u/xxy/guanwai/npc/tengyilei.c 的 create() 第 30 行，物件： u/xxy/guanwai/npc/tengyilei#516 ("滕一雷")
呼叫来自：feature/skill.c 的 set_skill() 第 17 行，物件： u/xxy/guanwai/npc/tengyilei#516 ("滕一雷")

执行时段错误：*Wrong permissions for opening file /u/guanwai/log for append.
"No such file or directory"

程式：adm/obj/master.c 第 121 行
物件: /adm/obj/master
呼叫来自：std/room.c 的 reset() 第 54 行，物件： u/xxy/guanwai/muqiao
呼叫来自：std/room.c 的 make_inventory() 第 19 行，物件： u/xxy/guanwai/muqiao
呼叫来自：adm/obj/master.c 的 log_error() 第 121 行，物件： adm/obj/master
u/xxy/guanwai/npc/yuzhenzi.c line 6: parse error

执行时段错误：*Error in loading object '/u/xxy/guanwai/npc/yuzhenzi'

程式：std/room.c 第 19 行
物件: /u/xxy/guanwai/muqiao
呼叫来自：std/room.c 的 reset() 第 54 行，物件： u/xxy/guanwai/muqiao
呼叫来自：std/room.c 的 make_inventory() 第 19 行，物件： u/xxy/guanwai/muqiao

执行时段错误：*Bad argument 1 to call_other()
Expected: string or array or object Got: 0.

程式：u/xxy/lingzhou/npc/yipinwushi.c 第 33 行
物件: /u/xxy/lingzhou/npc/yipinwushi#517
呼叫来自：std/room.c 的 reset() 第 65 行，物件： u/xxy/lingzhou/yipindating
呼叫来自：std/room.c 的 make_inventory() 第 19 行，物件： u/xxy/lingzhou/yipindating
呼叫来自：u/xxy/lingzhou/npc/yipinwushi.c 的 create() 第 33 行，物件： u/xxy/lingzhou/npc/yipinwushi#517 ("一品堂武士")

执行时段错误：*Wrong permissions for opening file /u/lingzhou/log for append.
"No such file or directory"

程式：adm/obj/master.c 第 121 行
物件: /adm/obj/master
呼叫来自：std/room.c 的 reset() 第 54 行，物件： u/xxy/lingzhou/yipindayuan
呼叫来自：std/room.c 的 make_inventory() 第 19 行，物件： u/xxy/lingzhou/yipindayuan
呼叫来自：adm/obj/master.c 的 log_error() 第 121 行，物件： adm/obj/master
u/xxy/lingzhou/npc/yun.c line 39: Undefined function prepare_skill

执行时段错误：*Error in loading object '/u/xxy/lingzhou/npc/yun'

程式：std/room.c 第 19 行
物件: /u/xxy/lingzhou/yipindayuan
呼叫来自：std/room.c 的 reset() 第 54 行，物件： u/xxy/lingzhou/yipindayuan
呼叫来自：std/room.c 的 make_inventory() 第 19 行，物件： u/xxy/lingzhou/yipindayuan

执行时段错误：*Bad argument 1 to call_other()
Expected: string or array or object Got: 0.

程式：u/xxy/lingzhou/npc/yipinwushi.c 第 33 行
物件: /u/xxy/lingzhou/npc/yipinwushi#518
呼叫来自：std/room.c 的 reset() 第 65 行，物件： u/xxy/lingzhou/yipingate
呼叫来自：std/room.c 的 make_inventory() 第 19 行，物件： u/xxy/lingzhou/yipingate
呼叫来自：u/xxy/lingzhou/npc/yipinwushi.c 的 create() 第 33 行，物件： u/xxy/lingzhou/npc/yipinwushi#518 ("一品堂武士")

执行时段错误：*Bad argument 1 to call_other()
Expected: string or array or object Got: 0.

程式：std/room.c 第 20 行
物件: /u/xxy/lingzhou/jiangjunyuan
呼叫来自：std/room.c 的 reset() 第 65 行，物件： u/xxy/lingzhou/jiangjunyuan
呼叫来自：std/room.c 的 make_inventory() 第 20 行，物件： u/xxy/lingzhou/jiangjunyuan

执行时段错误：*Bad argument 1 to call_other()
Expected: string or array or object Got: 0.

程式：u/xxy/lingzhou/npc/xiaowei.c 第 32 行
物件: /u/xxy/lingzhou/npc/xiaowei#519
呼叫来自：std/room.c 的 reset() 第 65 行，物件： u/xxy/lingzhou/jiangjungate
呼叫来自：std/room.c 的 make_inventory() 第 19 行，物件： u/xxy/lingzhou/jiangjungate
呼叫来自：u/xxy/lingzhou/npc/xiaowei.c 的 create() 第 32 行，物件： u/xxy/lingzhou/npc/xiaowei#519 ("校尉")

执行时段错误：*Bad argument 1 to call_other()
Expected: string or array or object Got: 0.

程式：std/room.c 第 20 行
物件: /u/xxy/lingzhou/yamen
呼叫来自：std/room.c 的 reset() 第 65 行，物件： u/xxy/lingzhou/yamen
呼叫来自：std/room.c 的 make_inventory() 第 20 行，物件： u/xxy/lingzhou/yamen

执行时段错误：*Bad argument 1 to call_other()
Expected: string or array or object Got: 0.

程式：u/xxy/lingzhou/npc/xixiabing.c 第 33 行
物件: /u/xxy/lingzhou/npc/xixiabing#520
呼叫来自：std/room.c 的 reset() 第 65 行，物件： u/xxy/lingzhou/biaoqiyin
呼叫来自：std/room.c 的 make_inventory() 第 19 行，物件： u/xxy/lingzhou/biaoqiyin
呼叫来自：u/xxy/lingzhou/npc/xixiabing.c 的 create() 第 33 行，物件： u/xxy/lingzhou/npc/xixiabing#520 ("西夏兵")

执行时段错误：*Bad argument 1 to call_other()
Expected: string or array or object Got: 0.

程式：u/xxy/lingzhou/npc/xiaoer2.c 第 25 行
物件: /u/xxy/lingzhou/npc/xiaoer2#521
呼叫来自：std/room.c 的 reset() 第 54 行，物件： u/xxy/lingzhou/jiuguan
呼叫来自：std/room.c 的 make_inventory() 第 19 行，物件： u/xxy/lingzhou/jiuguan
呼叫来自：u/xxy/lingzhou/npc/xiaoer2.c 的 create() 第 25 行，物件： u/xxy/lingzhou/npc/xiaoer2#521 ("店小二")

执行时段错误：*Wrong permissions for opening file /u/lingzhou/log for append.
"No such file or directory"

程式：adm/obj/master.c 第 121 行
物件: /adm/obj/master
呼叫来自：std/room.c 的 reset() 第 54 行，物件： u/xxy/lingzhou/center
呼叫来自：std/room.c 的 make_inventory() 第 19 行，物件： u/xxy/lingzhou/center
呼叫来自：adm/obj/master.c 的 log_error() 第 121 行，物件： adm/obj/master
u/xxy/lingzhou/npc/duan.c line 39: Undefined function prepare_skill

执行时段错误：*Error in loading object '/u/xxy/lingzhou/npc/duan'

程式：std/room.c 第 19 行
物件: /u/xxy/lingzhou/center
呼叫来自：std/room.c 的 reset() 第 54 行，物件： u/xxy/lingzhou/center
呼叫来自：std/room.c 的 make_inventory() 第 19 行，物件： u/xxy/lingzhou/center

执行时段错误：*Bad argument 1 to call_other()
Expected: string or array or object Got: 0.

程式：u/xxy/lingzhou/npc/xiaowei.c 第 32 行
物件: /u/xxy/lingzhou/npc/xiaowei#522
呼叫来自：std/room.c 的 reset() 第 54 行，物件： u/xxy/lingzhou/nanmen
呼叫来自：std/room.c 的 make_inventory() 第 19 行，物件： u/xxy/lingzhou/nanmen
呼叫来自：u/xxy/lingzhou/npc/xiaowei.c 的 create() 第 32 行，物件： u/xxy/lingzhou/npc/xiaowei#522 ("校尉")

执行时段错误：*F_SKILL: No such skill (huashan-sword)

程式：feature/skill.c 第 17 行
物件: /u/xxy/guanwai/npc/fengxifan#523
呼叫来自：std/room.c 的 reset() 第 54 行，物件： u/xxy/guanwai/laolongtou
呼叫来自：std/room.c 的 make_inventory() 第 19 行，物件： u/xxy/guanwai/laolongtou
呼叫来自：u/xxy/guanwai/npc/fengxifan.c 的 create() 第 37 行，物件： u/xxy/guanwai/npc/fengxifan#523 ("冯锡范")
呼叫来自：feature/skill.c 的 set_skill() 第 17 行，物件： u/xxy/guanwai/npc/fengxifan#523 ("冯锡范")

执行时段错误：*Bad argument 1 to call_other()
Expected: string or array or object Got: 0.

程式：std/room.c 第 20 行
物件: /u/xxy/guanwai/shanhaiguan
呼叫来自：std/room.c 的 reset() 第 54 行，物件： u/xxy/guanwai/shanhaiguan
呼叫来自：std/room.c 的 make_inventory() 第 20 行，物件： u/xxy/guanwai/shanhaiguan

执行时段错误：*Bad argument 1 to call_other()
Expected: string or array or object Got: 0.

程式：u/xxy/guanwai/npc/xiaoyuanshan.c 第 51 行
物件: /u/xxy/guanwai/npc/xiaoyuanshan#524
呼叫来自：std/room.c 的 reset() 第 54 行，物件： u/xxy/guanwai/road1
呼叫来自：std/room.c 的 make_inventory() 第 19 行，物件： u/xxy/guanwai/road1
呼叫来自：u/xxy/guanwai/npc/xiaoyuanshan.c 的 create() 第 51 行，物件： u/xxy/guanwai/npc/xiaoyuanshan#524 ("萧远山")

执行时段错误：*Bad argument 1 to call_other()
Expected: string or array or object Got: 0.

程式：u/xxy/guanwai/npc/dahu.c 第 24 行
物件: /u/xxy/guanwai/npc/dahu#525
呼叫来自：std/room.c 的 reset() 第 54 行，物件： u/xxy/guanwai/road4
呼叫来自：std/room.c 的 make_inventory() 第 19 行，物件： u/xxy/guanwai/road4
呼叫来自：u/xxy/guanwai/npc/dahu.c 的 create() 第 24 行，物件： u/xxy/guanwai/npc/dahu#525 ("忽伦大虎")

执行时段错误：*Bad argument 1 to call_other()
Expected: string or array or object Got: 0.

程式：u/xxy/guanwai/npc/sihu.c 第 24 行
物件: /u/xxy/guanwai/npc/sihu#526
呼叫来自：std/room.c 的 reset() 第 54 行，物件： u/xxy/guanwai/road5
呼叫来自：std/room.c 的 make_inventory() 第 19 行，物件： u/xxy/guanwai/road5
呼叫来自：u/xxy/guanwai/npc/sihu.c 的 create() 第 24 行，物件： u/xxy/guanwai/npc/sihu#526 ("忽伦四虎")

执行时段错误：*Bad argument 1 to call_other()
Expected: string or array or object Got: 0.

程式：u/xxy/guanwai/npc/sanhu.c 第 24 行
物件: /u/xxy/guanwai/npc/sanhu#527
呼叫来自：std/room.c 的 reset() 第 54 行，物件： u/xxy/guanwai/road6
呼叫来自：std/room.c 的 make_inventory() 第 19 行，物件： u/xxy/guanwai/road6
呼叫来自：u/xxy/guanwai/npc/sanhu.c 的 create() 第 24 行，物件： u/xxy/guanwai/npc/sanhu#527 ("忽伦三虎")

执行时段错误：*Bad argument 1 to call_other()
Expected: string or array or object Got: 0.

程式：u/xxy/guanwai/npc/laoban.c 第 22 行
物件: /u/xxy/guanwai/npc/laoban#528
呼叫来自：std/room.c 的 reset() 第 54 行，物件： u/xxy/guanwai/rouguan
呼叫来自：std/room.c 的 make_inventory() 第 19 行，物件： u/xxy/guanwai/rouguan
呼叫来自：u/xxy/guanwai/npc/laoban.c 的 create() 第 22 行，物件： u/xxy/guanwai/npc/laoban#528 ("酒馆老板")

执行时段错误：*Bad argument 1 to call_other()
Expected: string or array or object Got: 0.

程式：std/room.c 第 20 行
物件: /u/xxy/guanwai/majiu
呼叫来自：std/room.c 的 reset() 第 54 行，物件： u/xxy/guanwai/majiu
呼叫来自：std/room.c 的 make_inventory() 第 20 行，物件： u/xxy/guanwai/majiu

执行时段错误：*F_SKILL: No such skill (hujia-daofa)

程式：feature/skill.c 第 17 行
物件: /u/xxy/guanwai/npc/yanji#529
呼叫来自：std/room.c 的 reset() 第 54 行，物件： u/xxy/guanwai/shanshenmiao
呼叫来自：std/room.c 的 make_inventory() 第 19 行，物件： u/xxy/guanwai/shanshenmiao
呼叫来自：u/xxy/guanwai/npc/yanji.c 的 create() 第 33 行，物件： u/xxy/guanwai/npc/yanji#529 ("阎基")
呼叫来自：feature/skill.c 的 set_skill() 第 17 行，物件： u/xxy/guanwai/npc/yanji#529 ("阎基")

执行时段错误：*Bad argument 1 to call_other()
Expected: string or array or object Got: 0.

程式：u/xxy/guanwai/npc/heersu.c 第 33 行
物件: /u/xxy/guanwai/npc/heersu#530
呼叫来自：std/room.c 的 reset() 第 54 行，物件： u/xxy/guanwai/tuwu
呼叫来自：std/room.c 的 make_inventory() 第 19 行，物件： u/xxy/guanwai/tuwu
呼叫来自：u/xxy/guanwai/npc/heersu.c 的 create() 第 33 行，物件： u/xxy/guanwai/npc/heersu#530 ("赫尔苏")

执行时段错误：*F_SKILL: No such skill (xiaowuxiang)

程式：feature/skill.c 第 17 行
物件: /u/xxy/guanwai/npc/tengyilei#531
呼叫来自：std/room.c 的 reset() 第 54 行，物件： u/xxy/guanwai/nancheng
呼叫来自：std/room.c 的 make_inventory() 第 19 行，物件： u/xxy/guanwai/nancheng
呼叫来自：u/xxy/guanwai/npc/tengyilei.c 的 create() 第 30 行，物件： u/xxy/guanwai/npc/tengyilei#531 ("滕一雷")
呼叫来自：feature/skill.c 的 set_skill() 第 17 行，物件： u/xxy/guanwai/npc/tengyilei#531 ("滕一雷")

执行时段错误：*Wrong permissions for opening file /u/guanwai/log for append.
"No such file or directory"

程式：adm/obj/master.c 第 121 行
物件: /adm/obj/master
呼叫来自：std/room.c 的 reset() 第 54 行，物件： u/xxy/guanwai/muqiao
呼叫来自：std/room.c 的 make_inventory() 第 19 行，物件： u/xxy/guanwai/muqiao
呼叫来自：adm/obj/master.c 的 log_error() 第 121 行，物件： adm/obj/master
u/xxy/guanwai/npc/yuzhenzi.c line 6: parse error

执行时段错误：*Error in loading object '/u/xxy/guanwai/npc/yuzhenzi'

程式：std/room.c 第 19 行
物件: /u/xxy/guanwai/muqiao
呼叫来自：std/room.c 的 reset() 第 54 行，物件： u/xxy/guanwai/muqiao
呼叫来自：std/room.c 的 make_inventory() 第 19 行，物件： u/xxy/guanwai/muqiao

执行时段错误：*Bad argument 1 to call_other()
Expected: string or array or object Got: 0.

程式：u/xxy/lingzhou/npc/yipinwushi.c 第 33 行
物件: /u/xxy/lingzhou/npc/yipinwushi#532
呼叫来自：std/room.c 的 reset() 第 65 行，物件： u/xxy/lingzhou/yipindating
呼叫来自：std/room.c 的 make_inventory() 第 19 行，物件： u/xxy/lingzhou/yipindating
呼叫来自：u/xxy/lingzhou/npc/yipinwushi.c 的 create() 第 33 行，物件： u/xxy/lingzhou/npc/yipinwushi#532 ("一品堂武士")

执行时段错误：*Wrong permissions for opening file /u/lingzhou/log for append.
"No such file or directory"

程式：adm/obj/master.c 第 121 行
物件: /adm/obj/master
呼叫来自：std/room.c 的 reset() 第 54 行，物件： u/xxy/lingzhou/yipindayuan
呼叫来自：std/room.c 的 make_inventory() 第 19 行，物件： u/xxy/lingzhou/yipindayuan
呼叫来自：adm/obj/master.c 的 log_error() 第 121 行，物件： adm/obj/master
u/xxy/lingzhou/npc/yun.c line 39: Undefined function prepare_skill

执行时段错误：*Error in loading object '/u/xxy/lingzhou/npc/yun'

程式：std/room.c 第 19 行
物件: /u/xxy/lingzhou/yipindayuan
呼叫来自：std/room.c 的 reset() 第 54 行，物件： u/xxy/lingzhou/yipindayuan
呼叫来自：std/room.c 的 make_inventory() 第 19 行，物件： u/xxy/lingzhou/yipindayuan

执行时段错误：*Bad argument 1 to call_other()
Expected: string or array or object Got: 0.

程式：u/xxy/lingzhou/npc/yipinwushi.c 第 33 行
物件: /u/xxy/lingzhou/npc/yipinwushi#533
呼叫来自：std/room.c 的 reset() 第 65 行，物件： u/xxy/lingzhou/yipingate
呼叫来自：std/room.c 的 make_inventory() 第 19 行，物件： u/xxy/lingzhou/yipingate
呼叫来自：u/xxy/lingzhou/npc/yipinwushi.c 的 create() 第 33 行，物件： u/xxy/lingzhou/npc/yipinwushi#533 ("一品堂武士")

执行时段错误：*Bad argument 1 to call_other()
Expected: string or array or object Got: 0.

程式：std/room.c 第 20 行
物件: /u/xxy/lingzhou/jiangjunyuan
呼叫来自：std/room.c 的 reset() 第 65 行，物件： u/xxy/lingzhou/jiangjunyuan
呼叫来自：std/room.c 的 make_inventory() 第 20 行，物件： u/xxy/lingzhou/jiangjunyuan

执行时段错误：*Bad argument 1 to call_other()
Expected: string or array or object Got: 0.

程式：u/xxy/lingzhou/npc/xiaowei.c 第 32 行
物件: /u/xxy/lingzhou/npc/xiaowei#534
呼叫来自：std/room.c 的 reset() 第 65 行，物件： u/xxy/lingzhou/jiangjungate
呼叫来自：std/room.c 的 make_inventory() 第 19 行，物件： u/xxy/lingzhou/jiangjungate
呼叫来自：u/xxy/lingzhou/npc/xiaowei.c 的 create() 第 32 行，物件： u/xxy/lingzhou/npc/xiaowei#534 ("校尉")

执行时段错误：*Bad argument 1 to call_other()
Expected: string or array or object Got: 0.

程式：std/room.c 第 20 行
物件: /u/xxy/lingzhou/yamen
呼叫来自：std/room.c 的 reset() 第 65 行，物件： u/xxy/lingzhou/yamen
呼叫来自：std/room.c 的 make_inventory() 第 20 行，物件： u/xxy/lingzhou/yamen

执行时段错误：*Bad argument 1 to call_other()
Expected: string or array or object Got: 0.

程式：u/xxy/lingzhou/npc/xixiabing.c 第 33 行
物件: /u/xxy/lingzhou/npc/xixiabing#535
呼叫来自：std/room.c 的 reset() 第 65 行，物件： u/xxy/lingzhou/biaoqiyin
呼叫来自：std/room.c 的 make_inventory() 第 19 行，物件： u/xxy/lingzhou/biaoqiyin
呼叫来自：u/xxy/lingzhou/npc/xixiabing.c 的 create() 第 33 行，物件： u/xxy/lingzhou/npc/xixiabing#535 ("西夏兵")

执行时段错误：*Bad argument 1 to call_other()
Expected: string or array or object Got: 0.

程式：u/xxy/lingzhou/npc/xiaoer2.c 第 25 行
物件: /u/xxy/lingzhou/npc/xiaoer2#536
呼叫来自：std/room.c 的 reset() 第 54 行，物件： u/xxy/lingzhou/jiuguan
呼叫来自：std/room.c 的 make_inventory() 第 19 行，物件： u/xxy/lingzhou/jiuguan
呼叫来自：u/xxy/lingzhou/npc/xiaoer2.c 的 create() 第 25 行，物件： u/xxy/lingzhou/npc/xiaoer2#536 ("店小二")

执行时段错误：*Wrong permissions for opening file /u/lingzhou/log for append.
"No such file or directory"

程式：adm/obj/master.c 第 121 行
物件: /adm/obj/master
呼叫来自：std/room.c 的 reset() 第 54 行，物件： u/xxy/lingzhou/center
呼叫来自：std/room.c 的 make_inventory() 第 19 行，物件： u/xxy/lingzhou/center
呼叫来自：adm/obj/master.c 的 log_error() 第 121 行，物件： adm/obj/master
u/xxy/lingzhou/npc/duan.c line 39: Undefined function prepare_skill

执行时段错误：*Error in loading object '/u/xxy/lingzhou/npc/duan'

程式：std/room.c 第 19 行
物件: /u/xxy/lingzhou/center
呼叫来自：std/room.c 的 reset() 第 54 行，物件： u/xxy/lingzhou/center
呼叫来自：std/room.c 的 make_inventory() 第 19 行，物件： u/xxy/lingzhou/center

执行时段错误：*Bad argument 1 to call_other()
Expected: string or array or object Got: 0.

程式：u/xxy/lingzhou/npc/xiaowei.c 第 32 行
物件: /u/xxy/lingzhou/npc/xiaowei#537
呼叫来自：std/room.c 的 reset() 第 54 行，物件： u/xxy/lingzhou/nanmen
呼叫来自：std/room.c 的 make_inventory() 第 19 行，物件： u/xxy/lingzhou/nanmen
呼叫来自：u/xxy/lingzhou/npc/xiaowei.c 的 create() 第 32 行，物件： u/xxy/lingzhou/npc/xiaowei#537 ("校尉")

执行时段错误：*F_SKILL: No such skill (huashan-sword)

程式：feature/skill.c 第 17 行
物件: /u/xxy/guanwai/npc/fengxifan#540
呼叫来自：std/room.c 的 reset() 第 54 行，物件： u/xxy/guanwai/laolongtou
呼叫来自：std/room.c 的 make_inventory() 第 19 行，物件： u/xxy/guanwai/laolongtou
呼叫来自：u/xxy/guanwai/npc/fengxifan.c 的 create() 第 37 行，物件： u/xxy/guanwai/npc/fengxifan#540 ("冯锡范")
呼叫来自：feature/skill.c 的 set_skill() 第 17 行，物件： u/xxy/guanwai/npc/fengxifan#540 ("冯锡范")

执行时段错误：*Bad argument 1 to call_other()
Expected: string or array or object Got: 0.

程式：std/room.c 第 20 行
物件: /u/xxy/guanwai/shanhaiguan
呼叫来自：std/room.c 的 reset() 第 54 行，物件： u/xxy/guanwai/shanhaiguan
呼叫来自：std/room.c 的 make_inventory() 第 20 行，物件： u/xxy/guanwai/shanhaiguan

执行时段错误：*Bad argument 1 to call_other()
Expected: string or array or object Got: 0.

程式：u/xxy/guanwai/npc/xiaoyuanshan.c 第 51 行
物件: /u/xxy/guanwai/npc/xiaoyuanshan#541
呼叫来自：std/room.c 的 reset() 第 54 行，物件： u/xxy/guanwai/road1
呼叫来自：std/room.c 的 make_inventory() 第 19 行，物件： u/xxy/guanwai/road1
呼叫来自：u/xxy/guanwai/npc/xiaoyuanshan.c 的 create() 第 51 行，物件： u/xxy/guanwai/npc/xiaoyuanshan#541 ("萧远山")

执行时段错误：*Bad argument 1 to call_other()
Expected: string or array or object Got: 0.

程式：u/xxy/guanwai/npc/dahu.c 第 24 行
物件: /u/xxy/guanwai/npc/dahu#542
呼叫来自：std/room.c 的 reset() 第 54 行，物件： u/xxy/guanwai/road4
呼叫来自：std/room.c 的 make_inventory() 第 19 行，物件： u/xxy/guanwai/road4
呼叫来自：u/xxy/guanwai/npc/dahu.c 的 create() 第 24 行，物件： u/xxy/guanwai/npc/dahu#542 ("忽伦大虎")

执行时段错误：*Bad argument 1 to call_other()
Expected: string or array or object Got: 0.

程式：u/xxy/guanwai/npc/sihu.c 第 24 行
物件: /u/xxy/guanwai/npc/sihu#543
呼叫来自：std/room.c 的 reset() 第 54 行，物件： u/xxy/guanwai/road5
呼叫来自：std/room.c 的 make_inventory() 第 19 行，物件： u/xxy/guanwai/road5
呼叫来自：u/xxy/guanwai/npc/sihu.c 的 create() 第 24 行，物件： u/xxy/guanwai/npc/sihu#543 ("忽伦四虎")

执行时段错误：*Bad argument 1 to call_other()
Expected: string or array or object Got: 0.

程式：u/xxy/guanwai/npc/sanhu.c 第 24 行
物件: /u/xxy/guanwai/npc/sanhu#544
呼叫来自：std/room.c 的 reset() 第 54 行，物件： u/xxy/guanwai/road6
呼叫来自：std/room.c 的 make_inventory() 第 19 行，物件： u/xxy/guanwai/road6
呼叫来自：u/xxy/guanwai/npc/sanhu.c 的 create() 第 24 行，物件： u/xxy/guanwai/npc/sanhu#544 ("忽伦三虎")

执行时段错误：*Bad argument 1 to call_other()
Expected: string or array or object Got: 0.

程式：u/xxy/guanwai/npc/laoban.c 第 22 行
物件: /u/xxy/guanwai/npc/laoban#545
呼叫来自：std/room.c 的 reset() 第 54 行，物件： u/xxy/guanwai/rouguan
呼叫来自：std/room.c 的 make_inventory() 第 19 行，物件： u/xxy/guanwai/rouguan
呼叫来自：u/xxy/guanwai/npc/laoban.c 的 create() 第 22 行，物件： u/xxy/guanwai/npc/laoban#545 ("酒馆老板")

执行时段错误：*Bad argument 1 to call_other()
Expected: string or array or object Got: 0.

程式：std/room.c 第 20 行
物件: /u/xxy/guanwai/majiu
呼叫来自：std/room.c 的 reset() 第 54 行，物件： u/xxy/guanwai/majiu
呼叫来自：std/room.c 的 make_inventory() 第 20 行，物件： u/xxy/guanwai/majiu

执行时段错误：*F_SKILL: No such skill (hujia-daofa)

程式：feature/skill.c 第 17 行
物件: /u/xxy/guanwai/npc/yanji#546
呼叫来自：std/room.c 的 reset() 第 54 行，物件： u/xxy/guanwai/shanshenmiao
呼叫来自：std/room.c 的 make_inventory() 第 19 行，物件： u/xxy/guanwai/shanshenmiao
呼叫来自：u/xxy/guanwai/npc/yanji.c 的 create() 第 33 行，物件： u/xxy/guanwai/npc/yanji#546 ("阎基")
呼叫来自：feature/skill.c 的 set_skill() 第 17 行，物件： u/xxy/guanwai/npc/yanji#546 ("阎基")

执行时段错误：*Bad argument 1 to call_other()
Expected: string or array or object Got: 0.

程式：u/xxy/guanwai/npc/heersu.c 第 33 行
物件: /u/xxy/guanwai/npc/heersu#547
呼叫来自：std/room.c 的 reset() 第 54 行，物件： u/xxy/guanwai/tuwu
呼叫来自：std/room.c 的 make_inventory() 第 19 行，物件： u/xxy/guanwai/tuwu
呼叫来自：u/xxy/guanwai/npc/heersu.c 的 create() 第 33 行，物件： u/xxy/guanwai/npc/heersu#547 ("赫尔苏")

执行时段错误：*F_SKILL: No such skill (xiaowuxiang)

程式：feature/skill.c 第 17 行
物件: /u/xxy/guanwai/npc/tengyilei#548
呼叫来自：std/room.c 的 reset() 第 54 行，物件： u/xxy/guanwai/nancheng
呼叫来自：std/room.c 的 make_inventory() 第 19 行，物件： u/xxy/guanwai/nancheng
呼叫来自：u/xxy/guanwai/npc/tengyilei.c 的 create() 第 30 行，物件： u/xxy/guanwai/npc/tengyilei#548 ("滕一雷")
呼叫来自：feature/skill.c 的 set_skill() 第 17 行，物件： u/xxy/guanwai/npc/tengyilei#548 ("滕一雷")

执行时段错误：*Wrong permissions for opening file /u/guanwai/log for append.
"No such file or directory"

程式：adm/obj/master.c 第 121 行
物件: /adm/obj/master
呼叫来自：std/room.c 的 reset() 第 54 行，物件： u/xxy/guanwai/muqiao
呼叫来自：std/room.c 的 make_inventory() 第 19 行，物件： u/xxy/guanwai/muqiao
呼叫来自：adm/obj/master.c 的 log_error() 第 121 行，物件： adm/obj/master
u/xxy/guanwai/npc/yuzhenzi.c line 6: parse error

执行时段错误：*Error in loading object '/u/xxy/guanwai/npc/yuzhenzi'

程式：std/room.c 第 19 行
物件: /u/xxy/guanwai/muqiao
呼叫来自：std/room.c 的 reset() 第 54 行，物件： u/xxy/guanwai/muqiao
呼叫来自：std/room.c 的 make_inventory() 第 19 行，物件： u/xxy/guanwai/muqiao

执行时段错误：*Bad argument 1 to call_other()
Expected: string or array or object Got: 0.

程式：u/xxy/lingzhou/npc/yipinwushi.c 第 33 行
物件: /u/xxy/lingzhou/npc/yipinwushi#549
呼叫来自：std/room.c 的 reset() 第 65 行，物件： u/xxy/lingzhou/yipindating
呼叫来自：std/room.c 的 make_inventory() 第 19 行，物件： u/xxy/lingzhou/yipindating
呼叫来自：u/xxy/lingzhou/npc/yipinwushi.c 的 create() 第 33 行，物件： u/xxy/lingzhou/npc/yipinwushi#549 ("一品堂武士")

执行时段错误：*Wrong permissions for opening file /u/lingzhou/log for append.
"No such file or directory"

程式：adm/obj/master.c 第 121 行
物件: /adm/obj/master
呼叫来自：std/room.c 的 reset() 第 54 行，物件： u/xxy/lingzhou/yipindayuan
呼叫来自：std/room.c 的 make_inventory() 第 19 行，物件： u/xxy/lingzhou/yipindayuan
呼叫来自：adm/obj/master.c 的 log_error() 第 121 行，物件： adm/obj/master
u/xxy/lingzhou/npc/yun.c line 39: Undefined function prepare_skill

执行时段错误：*Error in loading object '/u/xxy/lingzhou/npc/yun'

程式：std/room.c 第 19 行
物件: /u/xxy/lingzhou/yipindayuan
呼叫来自：std/room.c 的 reset() 第 54 行，物件： u/xxy/lingzhou/yipindayuan
呼叫来自：std/room.c 的 make_inventory() 第 19 行，物件： u/xxy/lingzhou/yipindayuan

执行时段错误：*Bad argument 1 to call_other()
Expected: string or array or object Got: 0.

程式：u/xxy/lingzhou/npc/yipinwushi.c 第 33 行
物件: /u/xxy/lingzhou/npc/yipinwushi#550
呼叫来自：std/room.c 的 reset() 第 65 行，物件： u/xxy/lingzhou/yipingate
呼叫来自：std/room.c 的 make_inventory() 第 19 行，物件： u/xxy/lingzhou/yipingate
呼叫来自：u/xxy/lingzhou/npc/yipinwushi.c 的 create() 第 33 行，物件： u/xxy/lingzhou/npc/yipinwushi#550 ("一品堂武士")

执行时段错误：*Bad argument 1 to call_other()
Expected: string or array or object Got: 0.

程式：std/room.c 第 20 行
物件: /u/xxy/lingzhou/jiangjunyuan
呼叫来自：std/room.c 的 reset() 第 65 行，物件： u/xxy/lingzhou/jiangjunyuan
呼叫来自：std/room.c 的 make_inventory() 第 20 行，物件： u/xxy/lingzhou/jiangjunyuan

执行时段错误：*Bad argument 1 to call_other()
Expected: string or array or object Got: 0.

程式：u/xxy/lingzhou/npc/xiaowei.c 第 32 行
物件: /u/xxy/lingzhou/npc/xiaowei#551
呼叫来自：std/room.c 的 reset() 第 65 行，物件： u/xxy/lingzhou/jiangjungate
呼叫来自：std/room.c 的 make_inventory() 第 19 行，物件： u/xxy/lingzhou/jiangjungate
呼叫来自：u/xxy/lingzhou/npc/xiaowei.c 的 create() 第 32 行，物件： u/xxy/lingzhou/npc/xiaowei#551 ("校尉")

执行时段错误：*Bad argument 1 to call_other()
Expected: string or array or object Got: 0.

程式：std/room.c 第 20 行
物件: /u/xxy/lingzhou/yamen
呼叫来自：std/room.c 的 reset() 第 65 行，物件： u/xxy/lingzhou/yamen
呼叫来自：std/room.c 的 make_inventory() 第 20 行，物件： u/xxy/lingzhou/yamen

执行时段错误：*Bad argument 1 to call_other()
Expected: string or array or object Got: 0.

程式：u/xxy/lingzhou/npc/xixiabing.c 第 33 行
物件: /u/xxy/lingzhou/npc/xixiabing#552
呼叫来自：std/room.c 的 reset() 第 65 行，物件： u/xxy/lingzhou/biaoqiyin
呼叫来自：std/room.c 的 make_inventory() 第 19 行，物件： u/xxy/lingzhou/biaoqiyin
呼叫来自：u/xxy/lingzhou/npc/xixiabing.c 的 create() 第 33 行，物件： u/xxy/lingzhou/npc/xixiabing#552 ("西夏兵")

执行时段错误：*Bad argument 1 to call_other()
Expected: string or array or object Got: 0.

程式：u/xxy/lingzhou/npc/xiaoer2.c 第 25 行
物件: /u/xxy/lingzhou/npc/xiaoer2#553
呼叫来自：std/room.c 的 reset() 第 54 行，物件： u/xxy/lingzhou/jiuguan
呼叫来自：std/room.c 的 make_inventory() 第 19 行，物件： u/xxy/lingzhou/jiuguan
呼叫来自：u/xxy/lingzhou/npc/xiaoer2.c 的 create() 第 25 行，物件： u/xxy/lingzhou/npc/xiaoer2#553 ("店小二")

执行时段错误：*Wrong permissions for opening file /u/lingzhou/log for append.
"No such file or directory"

程式：adm/obj/master.c 第 121 行
物件: /adm/obj/master
呼叫来自：std/room.c 的 reset() 第 54 行，物件： u/xxy/lingzhou/center
呼叫来自：std/room.c 的 make_inventory() 第 19 行，物件： u/xxy/lingzhou/center
呼叫来自：adm/obj/master.c 的 log_error() 第 121 行，物件： adm/obj/master
u/xxy/lingzhou/npc/duan.c line 39: Undefined function prepare_skill

执行时段错误：*Error in loading object '/u/xxy/lingzhou/npc/duan'

程式：std/room.c 第 19 行
物件: /u/xxy/lingzhou/center
呼叫来自：std/room.c 的 reset() 第 54 行，物件： u/xxy/lingzhou/center
呼叫来自：std/room.c 的 make_inventory() 第 19 行，物件： u/xxy/lingzhou/center

执行时段错误：*Bad argument 1 to call_other()
Expected: string or array or object Got: 0.

程式：u/xxy/lingzhou/npc/xiaowei.c 第 32 行
物件: /u/xxy/lingzhou/npc/xiaowei#554
呼叫来自：std/room.c 的 reset() 第 54 行，物件： u/xxy/lingzhou/nanmen
呼叫来自：std/room.c 的 make_inventory() 第 19 行，物件： u/xxy/lingzhou/nanmen
呼叫来自：u/xxy/lingzhou/npc/xiaowei.c 的 create() 第 32 行，物件： u/xxy/lingzhou/npc/xiaowei#554 ("校尉")

执行时段错误：*F_SKILL: No such skill (huashan-sword)

程式：feature/skill.c 第 17 行
物件: /u/xxy/guanwai/npc/fengxifan#557
呼叫来自：std/room.c 的 reset() 第 54 行，物件： u/xxy/guanwai/laolongtou
呼叫来自：std/room.c 的 make_inventory() 第 19 行，物件： u/xxy/guanwai/laolongtou
呼叫来自：u/xxy/guanwai/npc/fengxifan.c 的 create() 第 37 行，物件： u/xxy/guanwai/npc/fengxifan#557 ("冯锡范")
呼叫来自：feature/skill.c 的 set_skill() 第 17 行，物件： u/xxy/guanwai/npc/fengxifan#557 ("冯锡范")

执行时段错误：*Bad argument 1 to call_other()
Expected: string or array or object Got: 0.

程式：std/room.c 第 20 行
物件: /u/xxy/guanwai/shanhaiguan
呼叫来自：std/room.c 的 reset() 第 54 行，物件： u/xxy/guanwai/shanhaiguan
呼叫来自：std/room.c 的 make_inventory() 第 20 行，物件： u/xxy/guanwai/shanhaiguan

执行时段错误：*Bad argument 1 to call_other()
Expected: string or array or object Got: 0.

程式：u/xxy/guanwai/npc/xiaoyuanshan.c 第 51 行
物件: /u/xxy/guanwai/npc/xiaoyuanshan#558
呼叫来自：std/room.c 的 reset() 第 54 行，物件： u/xxy/guanwai/road1
呼叫来自：std/room.c 的 make_inventory() 第 19 行，物件： u/xxy/guanwai/road1
呼叫来自：u/xxy/guanwai/npc/xiaoyuanshan.c 的 create() 第 51 行，物件： u/xxy/guanwai/npc/xiaoyuanshan#558 ("萧远山")

执行时段错误：*Bad argument 1 to call_other()
Expected: string or array or object Got: 0.

程式：u/xxy/guanwai/npc/dahu.c 第 24 行
物件: /u/xxy/guanwai/npc/dahu#559
呼叫来自：std/room.c 的 reset() 第 54 行，物件： u/xxy/guanwai/road4
呼叫来自：std/room.c 的 make_inventory() 第 19 行，物件： u/xxy/guanwai/road4
呼叫来自：u/xxy/guanwai/npc/dahu.c 的 create() 第 24 行，物件： u/xxy/guanwai/npc/dahu#559 ("忽伦大虎")

执行时段错误：*Bad argument 1 to call_other()
Expected: string or array or object Got: 0.

程式：u/xxy/guanwai/npc/sihu.c 第 24 行
物件: /u/xxy/guanwai/npc/sihu#560
呼叫来自：std/room.c 的 reset() 第 54 行，物件： u/xxy/guanwai/road5
呼叫来自：std/room.c 的 make_inventory() 第 19 行，物件： u/xxy/guanwai/road5
呼叫来自：u/xxy/guanwai/npc/sihu.c 的 create() 第 24 行，物件： u/xxy/guanwai/npc/sihu#560 ("忽伦四虎")

执行时段错误：*Bad argument 1 to call_other()
Expected: string or array or object Got: 0.

程式：u/xxy/guanwai/npc/sanhu.c 第 24 行
物件: /u/xxy/guanwai/npc/sanhu#561
呼叫来自：std/room.c 的 reset() 第 54 行，物件： u/xxy/guanwai/road6
呼叫来自：std/room.c 的 make_inventory() 第 19 行，物件： u/xxy/guanwai/road6
呼叫来自：u/xxy/guanwai/npc/sanhu.c 的 create() 第 24 行，物件： u/xxy/guanwai/npc/sanhu#561 ("忽伦三虎")

执行时段错误：*Bad argument 1 to call_other()
Expected: string or array or object Got: 0.

程式：u/xxy/guanwai/npc/laoban.c 第 22 行
物件: /u/xxy/guanwai/npc/laoban#562
呼叫来自：std/room.c 的 reset() 第 54 行，物件： u/xxy/guanwai/rouguan
呼叫来自：std/room.c 的 make_inventory() 第 19 行，物件： u/xxy/guanwai/rouguan
呼叫来自：u/xxy/guanwai/npc/laoban.c 的 create() 第 22 行，物件： u/xxy/guanwai/npc/laoban#562 ("酒馆老板")

执行时段错误：*Bad argument 1 to call_other()
Expected: string or array or object Got: 0.

程式：std/room.c 第 20 行
物件: /u/xxy/guanwai/majiu
呼叫来自：std/room.c 的 reset() 第 54 行，物件： u/xxy/guanwai/majiu
呼叫来自：std/room.c 的 make_inventory() 第 20 行，物件： u/xxy/guanwai/majiu

执行时段错误：*F_SKILL: No such skill (hujia-daofa)

程式：feature/skill.c 第 17 行
物件: /u/xxy/guanwai/npc/yanji#563
呼叫来自：std/room.c 的 reset() 第 54 行，物件： u/xxy/guanwai/shanshenmiao
呼叫来自：std/room.c 的 make_inventory() 第 19 行，物件： u/xxy/guanwai/shanshenmiao
呼叫来自：u/xxy/guanwai/npc/yanji.c 的 create() 第 33 行，物件： u/xxy/guanwai/npc/yanji#563 ("阎基")
呼叫来自：feature/skill.c 的 set_skill() 第 17 行，物件： u/xxy/guanwai/npc/yanji#563 ("阎基")

执行时段错误：*Bad argument 1 to call_other()
Expected: string or array or object Got: 0.

程式：u/xxy/guanwai/npc/heersu.c 第 33 行
物件: /u/xxy/guanwai/npc/heersu#564
呼叫来自：std/room.c 的 reset() 第 54 行，物件： u/xxy/guanwai/tuwu
呼叫来自：std/room.c 的 make_inventory() 第 19 行，物件： u/xxy/guanwai/tuwu
呼叫来自：u/xxy/guanwai/npc/heersu.c 的 create() 第 33 行，物件： u/xxy/guanwai/npc/heersu#564 ("赫尔苏")

执行时段错误：*F_SKILL: No such skill (xiaowuxiang)

程式：feature/skill.c 第 17 行
物件: /u/xxy/guanwai/npc/tengyilei#565
呼叫来自：std/room.c 的 reset() 第 54 行，物件： u/xxy/guanwai/nancheng
呼叫来自：std/room.c 的 make_inventory() 第 19 行，物件： u/xxy/guanwai/nancheng
呼叫来自：u/xxy/guanwai/npc/tengyilei.c 的 create() 第 30 行，物件： u/xxy/guanwai/npc/tengyilei#565 ("滕一雷")
呼叫来自：feature/skill.c 的 set_skill() 第 17 行，物件： u/xxy/guanwai/npc/tengyilei#565 ("滕一雷")

执行时段错误：*Wrong permissions for opening file /u/guanwai/log for append.
"No such file or directory"

程式：adm/obj/master.c 第 121 行
物件: /adm/obj/master
呼叫来自：std/room.c 的 reset() 第 54 行，物件： u/xxy/guanwai/muqiao
呼叫来自：std/room.c 的 make_inventory() 第 19 行，物件： u/xxy/guanwai/muqiao
呼叫来自：adm/obj/master.c 的 log_error() 第 121 行，物件： adm/obj/master
u/xxy/guanwai/npc/yuzhenzi.c line 6: parse error

执行时段错误：*Error in loading object '/u/xxy/guanwai/npc/yuzhenzi'

程式：std/room.c 第 19 行
物件: /u/xxy/guanwai/muqiao
呼叫来自：std/room.c 的 reset() 第 54 行，物件： u/xxy/guanwai/muqiao
呼叫来自：std/room.c 的 make_inventory() 第 19 行，物件： u/xxy/guanwai/muqiao

执行时段错误：*Bad argument 1 to call_other()
Expected: string or array or object Got: 0.

程式：u/xxy/lingzhou/npc/yipinwushi.c 第 33 行
物件: /u/xxy/lingzhou/npc/yipinwushi#566
呼叫来自：std/room.c 的 reset() 第 65 行，物件： u/xxy/lingzhou/yipindating
呼叫来自：std/room.c 的 make_inventory() 第 19 行，物件： u/xxy/lingzhou/yipindating
呼叫来自：u/xxy/lingzhou/npc/yipinwushi.c 的 create() 第 33 行，物件： u/xxy/lingzhou/npc/yipinwushi#566 ("一品堂武士")

执行时段错误：*Wrong permissions for opening file /u/lingzhou/log for append.
"No such file or directory"

程式：adm/obj/master.c 第 121 行
物件: /adm/obj/master
呼叫来自：std/room.c 的 reset() 第 54 行，物件： u/xxy/lingzhou/yipindayuan
呼叫来自：std/room.c 的 make_inventory() 第 19 行，物件： u/xxy/lingzhou/yipindayuan
呼叫来自：adm/obj/master.c 的 log_error() 第 121 行，物件： adm/obj/master
u/xxy/lingzhou/npc/yun.c line 39: Undefined function prepare_skill

执行时段错误：*Error in loading object '/u/xxy/lingzhou/npc/yun'

程式：std/room.c 第 19 行
物件: /u/xxy/lingzhou/yipindayuan
呼叫来自：std/room.c 的 reset() 第 54 行，物件： u/xxy/lingzhou/yipindayuan
呼叫来自：std/room.c 的 make_inventory() 第 19 行，物件： u/xxy/lingzhou/yipindayuan

执行时段错误：*Bad argument 1 to call_other()
Expected: string or array or object Got: 0.

程式：u/xxy/lingzhou/npc/yipinwushi.c 第 33 行
物件: /u/xxy/lingzhou/npc/yipinwushi#567
呼叫来自：std/room.c 的 reset() 第 65 行，物件： u/xxy/lingzhou/yipingate
呼叫来自：std/room.c 的 make_inventory() 第 19 行，物件： u/xxy/lingzhou/yipingate
呼叫来自：u/xxy/lingzhou/npc/yipinwushi.c 的 create() 第 33 行，物件： u/xxy/lingzhou/npc/yipinwushi#567 ("一品堂武士")

执行时段错误：*Bad argument 1 to call_other()
Expected: string or array or object Got: 0.

程式：std/room.c 第 20 行
物件: /u/xxy/lingzhou/jiangjunyuan
呼叫来自：std/room.c 的 reset() 第 65 行，物件： u/xxy/lingzhou/jiangjunyuan
呼叫来自：std/room.c 的 make_inventory() 第 20 行，物件： u/xxy/lingzhou/jiangjunyuan

执行时段错误：*Bad argument 1 to call_other()
Expected: string or array or object Got: 0.

程式：u/xxy/lingzhou/npc/xiaowei.c 第 32 行
物件: /u/xxy/lingzhou/npc/xiaowei#568
呼叫来自：std/room.c 的 reset() 第 65 行，物件： u/xxy/lingzhou/jiangjungate
呼叫来自：std/room.c 的 make_inventory() 第 19 行，物件： u/xxy/lingzhou/jiangjungate
呼叫来自：u/xxy/lingzhou/npc/xiaowei.c 的 create() 第 32 行，物件： u/xxy/lingzhou/npc/xiaowei#568 ("校尉")

执行时段错误：*Bad argument 1 to call_other()
Expected: string or array or object Got: 0.

程式：std/room.c 第 20 行
物件: /u/xxy/lingzhou/yamen
呼叫来自：std/room.c 的 reset() 第 65 行，物件： u/xxy/lingzhou/yamen
呼叫来自：std/room.c 的 make_inventory() 第 20 行，物件： u/xxy/lingzhou/yamen

执行时段错误：*Bad argument 1 to call_other()
Expected: string or array or object Got: 0.

程式：u/xxy/lingzhou/npc/xixiabing.c 第 33 行
物件: /u/xxy/lingzhou/npc/xixiabing#569
呼叫来自：std/room.c 的 reset() 第 65 行，物件： u/xxy/lingzhou/biaoqiyin
呼叫来自：std/room.c 的 make_inventory() 第 19 行，物件： u/xxy/lingzhou/biaoqiyin
呼叫来自：u/xxy/lingzhou/npc/xixiabing.c 的 create() 第 33 行，物件： u/xxy/lingzhou/npc/xixiabing#569 ("西夏兵")

执行时段错误：*Bad argument 1 to call_other()
Expected: string or array or object Got: 0.

程式：u/xxy/lingzhou/npc/xiaoer2.c 第 25 行
物件: /u/xxy/lingzhou/npc/xiaoer2#570
呼叫来自：std/room.c 的 reset() 第 54 行，物件： u/xxy/lingzhou/jiuguan
呼叫来自：std/room.c 的 make_inventory() 第 19 行，物件： u/xxy/lingzhou/jiuguan
呼叫来自：u/xxy/lingzhou/npc/xiaoer2.c 的 create() 第 25 行，物件： u/xxy/lingzhou/npc/xiaoer2#570 ("店小二")

执行时段错误：*Wrong permissions for opening file /u/lingzhou/log for append.
"No such file or directory"

程式：adm/obj/master.c 第 121 行
物件: /adm/obj/master
呼叫来自：std/room.c 的 reset() 第 54 行，物件： u/xxy/lingzhou/center
呼叫来自：std/room.c 的 make_inventory() 第 19 行，物件： u/xxy/lingzhou/center
呼叫来自：adm/obj/master.c 的 log_error() 第 121 行，物件： adm/obj/master
u/xxy/lingzhou/npc/duan.c line 39: Undefined function prepare_skill

执行时段错误：*Error in loading object '/u/xxy/lingzhou/npc/duan'

程式：std/room.c 第 19 行
物件: /u/xxy/lingzhou/center
呼叫来自：std/room.c 的 reset() 第 54 行，物件： u/xxy/lingzhou/center
呼叫来自：std/room.c 的 make_inventory() 第 19 行，物件： u/xxy/lingzhou/center

执行时段错误：*Bad argument 1 to call_other()
Expected: string or array or object Got: 0.

程式：u/xxy/lingzhou/npc/xiaowei.c 第 32 行
物件: /u/xxy/lingzhou/npc/xiaowei#571
呼叫来自：std/room.c 的 reset() 第 54 行，物件： u/xxy/lingzhou/nanmen
呼叫来自：std/room.c 的 make_inventory() 第 19 行，物件： u/xxy/lingzhou/nanmen
呼叫来自：u/xxy/lingzhou/npc/xiaowei.c 的 create() 第 32 行，物件： u/xxy/lingzhou/npc/xiaowei#571 ("校尉")

执行时段错误：*F_SKILL: No such skill (huashan-sword)

程式：feature/skill.c 第 17 行
物件: /u/xxy/guanwai/npc/fengxifan#572
呼叫来自：std/room.c 的 reset() 第 54 行，物件： u/xxy/guanwai/laolongtou
呼叫来自：std/room.c 的 make_inventory() 第 19 行，物件： u/xxy/guanwai/laolongtou
呼叫来自：u/xxy/guanwai/npc/fengxifan.c 的 create() 第 37 行，物件： u/xxy/guanwai/npc/fengxifan#572 ("冯锡范")
呼叫来自：feature/skill.c 的 set_skill() 第 17 行，物件： u/xxy/guanwai/npc/fengxifan#572 ("冯锡范")

执行时段错误：*Bad argument 1 to call_other()
Expected: string or array or object Got: 0.

程式：std/room.c 第 20 行
物件: /u/xxy/guanwai/shanhaiguan
呼叫来自：std/room.c 的 reset() 第 54 行，物件： u/xxy/guanwai/shanhaiguan
呼叫来自：std/room.c 的 make_inventory() 第 20 行，物件： u/xxy/guanwai/shanhaiguan

执行时段错误：*Bad argument 1 to call_other()
Expected: string or array or object Got: 0.

程式：u/xxy/guanwai/npc/xiaoyuanshan.c 第 51 行
物件: /u/xxy/guanwai/npc/xiaoyuanshan#573
呼叫来自：std/room.c 的 reset() 第 54 行，物件： u/xxy/guanwai/road1
呼叫来自：std/room.c 的 make_inventory() 第 19 行，物件： u/xxy/guanwai/road1
呼叫来自：u/xxy/guanwai/npc/xiaoyuanshan.c 的 create() 第 51 行，物件： u/xxy/guanwai/npc/xiaoyuanshan#573 ("萧远山")

执行时段错误：*Bad argument 1 to call_other()
Expected: string or array or object Got: 0.

程式：u/xxy/guanwai/npc/dahu.c 第 24 行
物件: /u/xxy/guanwai/npc/dahu#574
呼叫来自：std/room.c 的 reset() 第 54 行，物件： u/xxy/guanwai/road4
呼叫来自：std/room.c 的 make_inventory() 第 19 行，物件： u/xxy/guanwai/road4
呼叫来自：u/xxy/guanwai/npc/dahu.c 的 create() 第 24 行，物件： u/xxy/guanwai/npc/dahu#574 ("忽伦大虎")

执行时段错误：*Bad argument 1 to call_other()
Expected: string or array or object Got: 0.

程式：u/xxy/guanwai/npc/sihu.c 第 24 行
物件: /u/xxy/guanwai/npc/sihu#575
呼叫来自：std/room.c 的 reset() 第 54 行，物件： u/xxy/guanwai/road5
呼叫来自：std/room.c 的 make_inventory() 第 19 行，物件： u/xxy/guanwai/road5
呼叫来自：u/xxy/guanwai/npc/sihu.c 的 create() 第 24 行，物件： u/xxy/guanwai/npc/sihu#575 ("忽伦四虎")

执行时段错误：*Bad argument 1 to call_other()
Expected: string or array or object Got: 0.

程式：u/xxy/guanwai/npc/sanhu.c 第 24 行
物件: /u/xxy/guanwai/npc/sanhu#576
呼叫来自：std/room.c 的 reset() 第 54 行，物件： u/xxy/guanwai/road6
呼叫来自：std/room.c 的 make_inventory() 第 19 行，物件： u/xxy/guanwai/road6
呼叫来自：u/xxy/guanwai/npc/sanhu.c 的 create() 第 24 行，物件： u/xxy/guanwai/npc/sanhu#576 ("忽伦三虎")

执行时段错误：*Bad argument 1 to call_other()
Expected: string or array or object Got: 0.

程式：u/xxy/guanwai/npc/laoban.c 第 22 行
物件: /u/xxy/guanwai/npc/laoban#577
呼叫来自：std/room.c 的 reset() 第 54 行，物件： u/xxy/guanwai/rouguan
呼叫来自：std/room.c 的 make_inventory() 第 19 行，物件： u/xxy/guanwai/rouguan
呼叫来自：u/xxy/guanwai/npc/laoban.c 的 create() 第 22 行，物件： u/xxy/guanwai/npc/laoban#577 ("酒馆老板")

执行时段错误：*Bad argument 1 to call_other()
Expected: string or array or object Got: 0.

程式：std/room.c 第 20 行
物件: /u/xxy/guanwai/majiu
呼叫来自：std/room.c 的 reset() 第 54 行，物件： u/xxy/guanwai/majiu
呼叫来自：std/room.c 的 make_inventory() 第 20 行，物件： u/xxy/guanwai/majiu

执行时段错误：*F_SKILL: No such skill (hujia-daofa)

程式：feature/skill.c 第 17 行
物件: /u/xxy/guanwai/npc/yanji#578
呼叫来自：std/room.c 的 reset() 第 54 行，物件： u/xxy/guanwai/shanshenmiao
呼叫来自：std/room.c 的 make_inventory() 第 19 行，物件： u/xxy/guanwai/shanshenmiao
呼叫来自：u/xxy/guanwai/npc/yanji.c 的 create() 第 33 行，物件： u/xxy/guanwai/npc/yanji#578 ("阎基")
呼叫来自：feature/skill.c 的 set_skill() 第 17 行，物件： u/xxy/guanwai/npc/yanji#578 ("阎基")

执行时段错误：*Bad argument 1 to call_other()
Expected: string or array or object Got: 0.

程式：u/xxy/guanwai/npc/heersu.c 第 33 行
物件: /u/xxy/guanwai/npc/heersu#579
呼叫来自：std/room.c 的 reset() 第 54 行，物件： u/xxy/guanwai/tuwu
呼叫来自：std/room.c 的 make_inventory() 第 19 行，物件： u/xxy/guanwai/tuwu
呼叫来自：u/xxy/guanwai/npc/heersu.c 的 create() 第 33 行，物件： u/xxy/guanwai/npc/heersu#579 ("赫尔苏")

执行时段错误：*F_SKILL: No such skill (xiaowuxiang)

程式：feature/skill.c 第 17 行
物件: /u/xxy/guanwai/npc/tengyilei#580
呼叫来自：std/room.c 的 reset() 第 54 行，物件： u/xxy/guanwai/nancheng
呼叫来自：std/room.c 的 make_inventory() 第 19 行，物件： u/xxy/guanwai/nancheng
呼叫来自：u/xxy/guanwai/npc/tengyilei.c 的 create() 第 30 行，物件： u/xxy/guanwai/npc/tengyilei#580 ("滕一雷")
呼叫来自：feature/skill.c 的 set_skill() 第 17 行，物件： u/xxy/guanwai/npc/tengyilei#580 ("滕一雷")

执行时段错误：*Wrong permissions for opening file /u/guanwai/log for append.
"No such file or directory"

程式：adm/obj/master.c 第 121 行
物件: /adm/obj/master
呼叫来自：std/room.c 的 reset() 第 54 行，物件： u/xxy/guanwai/muqiao
呼叫来自：std/room.c 的 make_inventory() 第 19 行，物件： u/xxy/guanwai/muqiao
呼叫来自：adm/obj/master.c 的 log_error() 第 121 行，物件： adm/obj/master
u/xxy/guanwai/npc/yuzhenzi.c line 6: parse error

执行时段错误：*Error in loading object '/u/xxy/guanwai/npc/yuzhenzi'

程式：std/room.c 第 19 行
物件: /u/xxy/guanwai/muqiao
呼叫来自：std/room.c 的 reset() 第 54 行，物件： u/xxy/guanwai/muqiao
呼叫来自：std/room.c 的 make_inventory() 第 19 行，物件： u/xxy/guanwai/muqiao

执行时段错误：*Bad argument 1 to call_other()
Expected: string or array or object Got: 0.

程式：u/xxy/lingzhou/npc/yipinwushi.c 第 33 行
物件: /u/xxy/lingzhou/npc/yipinwushi#581
呼叫来自：std/room.c 的 reset() 第 65 行，物件： u/xxy/lingzhou/yipindating
呼叫来自：std/room.c 的 make_inventory() 第 19 行，物件： u/xxy/lingzhou/yipindating
呼叫来自：u/xxy/lingzhou/npc/yipinwushi.c 的 create() 第 33 行，物件： u/xxy/lingzhou/npc/yipinwushi#581 ("一品堂武士")

执行时段错误：*Wrong permissions for opening file /u/lingzhou/log for append.
"No such file or directory"

程式：adm/obj/master.c 第 121 行
物件: /adm/obj/master
呼叫来自：std/room.c 的 reset() 第 54 行，物件： u/xxy/lingzhou/yipindayuan
呼叫来自：std/room.c 的 make_inventory() 第 19 行，物件： u/xxy/lingzhou/yipindayuan
呼叫来自：adm/obj/master.c 的 log_error() 第 121 行，物件： adm/obj/master
u/xxy/lingzhou/npc/yun.c line 39: Undefined function prepare_skill

执行时段错误：*Error in loading object '/u/xxy/lingzhou/npc/yun'

程式：std/room.c 第 19 行
物件: /u/xxy/lingzhou/yipindayuan
呼叫来自：std/room.c 的 reset() 第 54 行，物件： u/xxy/lingzhou/yipindayuan
呼叫来自：std/room.c 的 make_inventory() 第 19 行，物件： u/xxy/lingzhou/yipindayuan

执行时段错误：*Bad argument 1 to call_other()
Expected: string or array or object Got: 0.

程式：u/xxy/lingzhou/npc/yipinwushi.c 第 33 行
物件: /u/xxy/lingzhou/npc/yipinwushi#582
呼叫来自：std/room.c 的 reset() 第 65 行，物件： u/xxy/lingzhou/yipingate
呼叫来自：std/room.c 的 make_inventory() 第 19 行，物件： u/xxy/lingzhou/yipingate
呼叫来自：u/xxy/lingzhou/npc/yipinwushi.c 的 create() 第 33 行，物件： u/xxy/lingzhou/npc/yipinwushi#582 ("一品堂武士")

执行时段错误：*Bad argument 1 to call_other()
Expected: string or array or object Got: 0.

程式：std/room.c 第 20 行
物件: /u/xxy/lingzhou/jiangjunyuan
呼叫来自：std/room.c 的 reset() 第 65 行，物件： u/xxy/lingzhou/jiangjunyuan
呼叫来自：std/room.c 的 make_inventory() 第 20 行，物件： u/xxy/lingzhou/jiangjunyuan

执行时段错误：*Bad argument 1 to call_other()
Expected: string or array or object Got: 0.

程式：u/xxy/lingzhou/npc/xiaowei.c 第 32 行
物件: /u/xxy/lingzhou/npc/xiaowei#583
呼叫来自：std/room.c 的 reset() 第 65 行，物件： u/xxy/lingzhou/jiangjungate
呼叫来自：std/room.c 的 make_inventory() 第 19 行，物件： u/xxy/lingzhou/jiangjungate
呼叫来自：u/xxy/lingzhou/npc/xiaowei.c 的 create() 第 32 行，物件： u/xxy/lingzhou/npc/xiaowei#583 ("校尉")

执行时段错误：*Bad argument 1 to call_other()
Expected: string or array or object Got: 0.

程式：std/room.c 第 20 行
物件: /u/xxy/lingzhou/yamen
呼叫来自：std/room.c 的 reset() 第 65 行，物件： u/xxy/lingzhou/yamen
呼叫来自：std/room.c 的 make_inventory() 第 20 行，物件： u/xxy/lingzhou/yamen

执行时段错误：*Bad argument 1 to call_other()
Expected: string or array or object Got: 0.

程式：u/xxy/lingzhou/npc/xixiabing.c 第 33 行
物件: /u/xxy/lingzhou/npc/xixiabing#584
呼叫来自：std/room.c 的 reset() 第 65 行，物件： u/xxy/lingzhou/biaoqiyin
呼叫来自：std/room.c 的 make_inventory() 第 19 行，物件： u/xxy/lingzhou/biaoqiyin
呼叫来自：u/xxy/lingzhou/npc/xixiabing.c 的 create() 第 33 行，物件： u/xxy/lingzhou/npc/xixiabing#584 ("西夏兵")

执行时段错误：*Bad argument 1 to call_other()
Expected: string or array or object Got: 0.

程式：u/xxy/lingzhou/npc/xiaoer2.c 第 25 行
物件: /u/xxy/lingzhou/npc/xiaoer2#585
呼叫来自：std/room.c 的 reset() 第 54 行，物件： u/xxy/lingzhou/jiuguan
呼叫来自：std/room.c 的 make_inventory() 第 19 行，物件： u/xxy/lingzhou/jiuguan
呼叫来自：u/xxy/lingzhou/npc/xiaoer2.c 的 create() 第 25 行，物件： u/xxy/lingzhou/npc/xiaoer2#585 ("店小二")

执行时段错误：*Wrong permissions for opening file /u/lingzhou/log for append.
"No such file or directory"

程式：adm/obj/master.c 第 121 行
物件: /adm/obj/master
呼叫来自：std/room.c 的 reset() 第 54 行，物件： u/xxy/lingzhou/center
呼叫来自：std/room.c 的 make_inventory() 第 19 行，物件： u/xxy/lingzhou/center
呼叫来自：adm/obj/master.c 的 log_error() 第 121 行，物件： adm/obj/master
u/xxy/lingzhou/npc/duan.c line 39: Undefined function prepare_skill

执行时段错误：*Error in loading object '/u/xxy/lingzhou/npc/duan'

程式：std/room.c 第 19 行
物件: /u/xxy/lingzhou/center
呼叫来自：std/room.c 的 reset() 第 54 行，物件： u/xxy/lingzhou/center
呼叫来自：std/room.c 的 make_inventory() 第 19 行，物件： u/xxy/lingzhou/center

执行时段错误：*Bad argument 1 to call_other()
Expected: string or array or object Got: 0.

程式：u/xxy/lingzhou/npc/xiaowei.c 第 32 行
物件: /u/xxy/lingzhou/npc/xiaowei#586
呼叫来自：std/room.c 的 reset() 第 54 行，物件： u/xxy/lingzhou/nanmen
呼叫来自：std/room.c 的 make_inventory() 第 19 行，物件： u/xxy/lingzhou/nanmen
呼叫来自：u/xxy/lingzhou/npc/xiaowei.c 的 create() 第 32 行，物件： u/xxy/lingzhou/npc/xiaowei#586 ("校尉")

执行时段错误：*F_SKILL: No such skill (huashan-sword)

程式：feature/skill.c 第 17 行
物件: /u/xxy/guanwai/npc/fengxifan#589
呼叫来自：std/room.c 的 reset() 第 54 行，物件： u/xxy/guanwai/laolongtou
呼叫来自：std/room.c 的 make_inventory() 第 19 行，物件： u/xxy/guanwai/laolongtou
呼叫来自：u/xxy/guanwai/npc/fengxifan.c 的 create() 第 37 行，物件： u/xxy/guanwai/npc/fengxifan#589 ("冯锡范")
呼叫来自：feature/skill.c 的 set_skill() 第 17 行，物件： u/xxy/guanwai/npc/fengxifan#589 ("冯锡范")

执行时段错误：*Bad argument 1 to call_other()
Expected: string or array or object Got: 0.

程式：std/room.c 第 20 行
物件: /u/xxy/guanwai/shanhaiguan
呼叫来自：std/room.c 的 reset() 第 54 行，物件： u/xxy/guanwai/shanhaiguan
呼叫来自：std/room.c 的 make_inventory() 第 20 行，物件： u/xxy/guanwai/shanhaiguan

执行时段错误：*Bad argument 1 to call_other()
Expected: string or array or object Got: 0.

程式：u/xxy/guanwai/npc/xiaoyuanshan.c 第 51 行
物件: /u/xxy/guanwai/npc/xiaoyuanshan#590
呼叫来自：std/room.c 的 reset() 第 54 行，物件： u/xxy/guanwai/road1
呼叫来自：std/room.c 的 make_inventory() 第 19 行，物件： u/xxy/guanwai/road1
呼叫来自：u/xxy/guanwai/npc/xiaoyuanshan.c 的 create() 第 51 行，物件： u/xxy/guanwai/npc/xiaoyuanshan#590 ("萧远山")

执行时段错误：*Bad argument 1 to call_other()
Expected: string or array or object Got: 0.

程式：u/xxy/guanwai/npc/dahu.c 第 24 行
物件: /u/xxy/guanwai/npc/dahu#591
呼叫来自：std/room.c 的 reset() 第 54 行，物件： u/xxy/guanwai/road4
呼叫来自：std/room.c 的 make_inventory() 第 19 行，物件： u/xxy/guanwai/road4
呼叫来自：u/xxy/guanwai/npc/dahu.c 的 create() 第 24 行，物件： u/xxy/guanwai/npc/dahu#591 ("忽伦大虎")

执行时段错误：*Bad argument 1 to call_other()
Expected: string or array or object Got: 0.

程式：u/xxy/guanwai/npc/sihu.c 第 24 行
物件: /u/xxy/guanwai/npc/sihu#592
呼叫来自：std/room.c 的 reset() 第 54 行，物件： u/xxy/guanwai/road5
呼叫来自：std/room.c 的 make_inventory() 第 19 行，物件： u/xxy/guanwai/road5
呼叫来自：u/xxy/guanwai/npc/sihu.c 的 create() 第 24 行，物件： u/xxy/guanwai/npc/sihu#592 ("忽伦四虎")

执行时段错误：*Bad argument 1 to call_other()
Expected: string or array or object Got: 0.

程式：u/xxy/guanwai/npc/sanhu.c 第 24 行
物件: /u/xxy/guanwai/npc/sanhu#593
呼叫来自：std/room.c 的 reset() 第 54 行，物件： u/xxy/guanwai/road6
呼叫来自：std/room.c 的 make_inventory() 第 19 行，物件： u/xxy/guanwai/road6
呼叫来自：u/xxy/guanwai/npc/sanhu.c 的 create() 第 24 行，物件： u/xxy/guanwai/npc/sanhu#593 ("忽伦三虎")

执行时段错误：*Bad argument 1 to call_other()
Expected: string or array or object Got: 0.

程式：u/xxy/guanwai/npc/laoban.c 第 22 行
物件: /u/xxy/guanwai/npc/laoban#594
呼叫来自：std/room.c 的 reset() 第 54 行，物件： u/xxy/guanwai/rouguan
呼叫来自：std/room.c 的 make_inventory() 第 19 行，物件： u/xxy/guanwai/rouguan
呼叫来自：u/xxy/guanwai/npc/laoban.c 的 create() 第 22 行，物件： u/xxy/guanwai/npc/laoban#594 ("酒馆老板")

执行时段错误：*Bad argument 1 to call_other()
Expected: string or array or object Got: 0.

程式：std/room.c 第 20 行
物件: /u/xxy/guanwai/majiu
呼叫来自：std/room.c 的 reset() 第 54 行，物件： u/xxy/guanwai/majiu
呼叫来自：std/room.c 的 make_inventory() 第 20 行，物件： u/xxy/guanwai/majiu

执行时段错误：*F_SKILL: No such skill (hujia-daofa)

程式：feature/skill.c 第 17 行
物件: /u/xxy/guanwai/npc/yanji#595
呼叫来自：std/room.c 的 reset() 第 54 行，物件： u/xxy/guanwai/shanshenmiao
呼叫来自：std/room.c 的 make_inventory() 第 19 行，物件： u/xxy/guanwai/shanshenmiao
呼叫来自：u/xxy/guanwai/npc/yanji.c 的 create() 第 33 行，物件： u/xxy/guanwai/npc/yanji#595 ("阎基")
呼叫来自：feature/skill.c 的 set_skill() 第 17 行，物件： u/xxy/guanwai/npc/yanji#595 ("阎基")

执行时段错误：*Bad argument 1 to call_other()
Expected: string or array or object Got: 0.

程式：u/xxy/guanwai/npc/heersu.c 第 33 行
物件: /u/xxy/guanwai/npc/heersu#596
呼叫来自：std/room.c 的 reset() 第 54 行，物件： u/xxy/guanwai/tuwu
呼叫来自：std/room.c 的 make_inventory() 第 19 行，物件： u/xxy/guanwai/tuwu
呼叫来自：u/xxy/guanwai/npc/heersu.c 的 create() 第 33 行，物件： u/xxy/guanwai/npc/heersu#596 ("赫尔苏")

执行时段错误：*F_SKILL: No such skill (xiaowuxiang)

程式：feature/skill.c 第 17 行
物件: /u/xxy/guanwai/npc/tengyilei#597
呼叫来自：std/room.c 的 reset() 第 54 行，物件： u/xxy/guanwai/nancheng
呼叫来自：std/room.c 的 make_inventory() 第 19 行，物件： u/xxy/guanwai/nancheng
呼叫来自：u/xxy/guanwai/npc/tengyilei.c 的 create() 第 30 行，物件： u/xxy/guanwai/npc/tengyilei#597 ("滕一雷")
呼叫来自：feature/skill.c 的 set_skill() 第 17 行，物件： u/xxy/guanwai/npc/tengyilei#597 ("滕一雷")

执行时段错误：*Wrong permissions for opening file /u/guanwai/log for append.
"No such file or directory"

程式：adm/obj/master.c 第 121 行
物件: /adm/obj/master
呼叫来自：std/room.c 的 reset() 第 54 行，物件： u/xxy/guanwai/muqiao
呼叫来自：std/room.c 的 make_inventory() 第 19 行，物件： u/xxy/guanwai/muqiao
呼叫来自：adm/obj/master.c 的 log_error() 第 121 行，物件： adm/obj/master
u/xxy/guanwai/npc/yuzhenzi.c line 6: parse error

执行时段错误：*Error in loading object '/u/xxy/guanwai/npc/yuzhenzi'

程式：std/room.c 第 19 行
物件: /u/xxy/guanwai/muqiao
呼叫来自：std/room.c 的 reset() 第 54 行，物件： u/xxy/guanwai/muqiao
呼叫来自：std/room.c 的 make_inventory() 第 19 行，物件： u/xxy/guanwai/muqiao

执行时段错误：*Bad argument 1 to call_other()
Expected: string or array or object Got: 0.

程式：u/xxy/lingzhou/npc/yipinwushi.c 第 33 行
物件: /u/xxy/lingzhou/npc/yipinwushi#598
呼叫来自：std/room.c 的 reset() 第 65 行，物件： u/xxy/lingzhou/yipindating
呼叫来自：std/room.c 的 make_inventory() 第 19 行，物件： u/xxy/lingzhou/yipindating
呼叫来自：u/xxy/lingzhou/npc/yipinwushi.c 的 create() 第 33 行，物件： u/xxy/lingzhou/npc/yipinwushi#598 ("一品堂武士")

执行时段错误：*Wrong permissions for opening file /u/lingzhou/log for append.
"No such file or directory"

程式：adm/obj/master.c 第 121 行
物件: /adm/obj/master
呼叫来自：std/room.c 的 reset() 第 54 行，物件： u/xxy/lingzhou/yipindayuan
呼叫来自：std/room.c 的 make_inventory() 第 19 行，物件： u/xxy/lingzhou/yipindayuan
呼叫来自：adm/obj/master.c 的 log_error() 第 121 行，物件： adm/obj/master
u/xxy/lingzhou/npc/yun.c line 39: Undefined function prepare_skill

执行时段错误：*Error in loading object '/u/xxy/lingzhou/npc/yun'

程式：std/room.c 第 19 行
物件: /u/xxy/lingzhou/yipindayuan
呼叫来自：std/room.c 的 reset() 第 54 行，物件： u/xxy/lingzhou/yipindayuan
呼叫来自：std/room.c 的 make_inventory() 第 19 行，物件： u/xxy/lingzhou/yipindayuan

执行时段错误：*Bad argument 1 to call_other()
Expected: string or array or object Got: 0.

程式：u/xxy/lingzhou/npc/yipinwushi.c 第 33 行
物件: /u/xxy/lingzhou/npc/yipinwushi#599
呼叫来自：std/room.c 的 reset() 第 65 行，物件： u/xxy/lingzhou/yipingate
呼叫来自：std/room.c 的 make_inventory() 第 19 行，物件： u/xxy/lingzhou/yipingate
呼叫来自：u/xxy/lingzhou/npc/yipinwushi.c 的 create() 第 33 行，物件： u/xxy/lingzhou/npc/yipinwushi#599 ("一品堂武士")

执行时段错误：*Bad argument 1 to call_other()
Expected: string or array or object Got: 0.

程式：std/room.c 第 20 行
物件: /u/xxy/lingzhou/jiangjunyuan
呼叫来自：std/room.c 的 reset() 第 65 行，物件： u/xxy/lingzhou/jiangjunyuan
呼叫来自：std/room.c 的 make_inventory() 第 20 行，物件： u/xxy/lingzhou/jiangjunyuan

执行时段错误：*Bad argument 1 to call_other()
Expected: string or array or object Got: 0.

程式：u/xxy/lingzhou/npc/xiaowei.c 第 32 行
物件: /u/xxy/lingzhou/npc/xiaowei#600
呼叫来自：std/room.c 的 reset() 第 65 行，物件： u/xxy/lingzhou/jiangjungate
呼叫来自：std/room.c 的 make_inventory() 第 19 行，物件： u/xxy/lingzhou/jiangjungate
呼叫来自：u/xxy/lingzhou/npc/xiaowei.c 的 create() 第 32 行，物件： u/xxy/lingzhou/npc/xiaowei#600 ("校尉")

执行时段错误：*Bad argument 1 to call_other()
Expected: string or array or object Got: 0.

程式：std/room.c 第 20 行
物件: /u/xxy/lingzhou/yamen
呼叫来自：std/room.c 的 reset() 第 65 行，物件： u/xxy/lingzhou/yamen
呼叫来自：std/room.c 的 make_inventory() 第 20 行，物件： u/xxy/lingzhou/yamen

执行时段错误：*Bad argument 1 to call_other()
Expected: string or array or object Got: 0.

程式：u/xxy/lingzhou/npc/xixiabing.c 第 33 行
物件: /u/xxy/lingzhou/npc/xixiabing#601
呼叫来自：std/room.c 的 reset() 第 65 行，物件： u/xxy/lingzhou/biaoqiyin
呼叫来自：std/room.c 的 make_inventory() 第 19 行，物件： u/xxy/lingzhou/biaoqiyin
呼叫来自：u/xxy/lingzhou/npc/xixiabing.c 的 create() 第 33 行，物件： u/xxy/lingzhou/npc/xixiabing#601 ("西夏兵")

执行时段错误：*Bad argument 1 to call_other()
Expected: string or array or object Got: 0.

程式：u/xxy/lingzhou/npc/xiaoer2.c 第 25 行
物件: /u/xxy/lingzhou/npc/xiaoer2#602
呼叫来自：std/room.c 的 reset() 第 54 行，物件： u/xxy/lingzhou/jiuguan
呼叫来自：std/room.c 的 make_inventory() 第 19 行，物件： u/xxy/lingzhou/jiuguan
呼叫来自：u/xxy/lingzhou/npc/xiaoer2.c 的 create() 第 25 行，物件： u/xxy/lingzhou/npc/xiaoer2#602 ("店小二")

执行时段错误：*Wrong permissions for opening file /u/lingzhou/log for append.
"No such file or directory"

程式：adm/obj/master.c 第 121 行
物件: /adm/obj/master
呼叫来自：std/room.c 的 reset() 第 54 行，物件： u/xxy/lingzhou/center
呼叫来自：std/room.c 的 make_inventory() 第 19 行，物件： u/xxy/lingzhou/center
呼叫来自：adm/obj/master.c 的 log_error() 第 121 行，物件： adm/obj/master
u/xxy/lingzhou/npc/duan.c line 39: Undefined function prepare_skill

执行时段错误：*Error in loading object '/u/xxy/lingzhou/npc/duan'

程式：std/room.c 第 19 行
物件: /u/xxy/lingzhou/center
呼叫来自：std/room.c 的 reset() 第 54 行，物件： u/xxy/lingzhou/center
呼叫来自：std/room.c 的 make_inventory() 第 19 行，物件： u/xxy/lingzhou/center

执行时段错误：*Bad argument 1 to call_other()
Expected: string or array or object Got: 0.

程式：u/xxy/lingzhou/npc/xiaowei.c 第 32 行
物件: /u/xxy/lingzhou/npc/xiaowei#603
呼叫来自：std/room.c 的 reset() 第 54 行，物件： u/xxy/lingzhou/nanmen
呼叫来自：std/room.c 的 make_inventory() 第 19 行，物件： u/xxy/lingzhou/nanmen
呼叫来自：u/xxy/lingzhou/npc/xiaowei.c 的 create() 第 32 行，物件： u/xxy/lingzhou/npc/xiaowei#603 ("校尉")

执行时段错误：*F_SKILL: No such skill (huashan-sword)

程式：feature/skill.c 第 17 行
物件: /u/xxy/guanwai/npc/fengxifan#606
呼叫来自：std/room.c 的 reset() 第 54 行，物件： u/xxy/guanwai/laolongtou
呼叫来自：std/room.c 的 make_inventory() 第 19 行，物件： u/xxy/guanwai/laolongtou
呼叫来自：u/xxy/guanwai/npc/fengxifan.c 的 create() 第 37 行，物件： u/xxy/guanwai/npc/fengxifan#606 ("冯锡范")
呼叫来自：feature/skill.c 的 set_skill() 第 17 行，物件： u/xxy/guanwai/npc/fengxifan#606 ("冯锡范")

执行时段错误：*Bad argument 1 to call_other()
Expected: string or array or object Got: 0.

程式：std/room.c 第 20 行
物件: /u/xxy/guanwai/shanhaiguan
呼叫来自：std/room.c 的 reset() 第 54 行，物件： u/xxy/guanwai/shanhaiguan
呼叫来自：std/room.c 的 make_inventory() 第 20 行，物件： u/xxy/guanwai/shanhaiguan

执行时段错误：*Bad argument 1 to call_other()
Expected: string or array or object Got: 0.

程式：u/xxy/guanwai/npc/xiaoyuanshan.c 第 51 行
物件: /u/xxy/guanwai/npc/xiaoyuanshan#607
呼叫来自：std/room.c 的 reset() 第 54 行，物件： u/xxy/guanwai/road1
呼叫来自：std/room.c 的 make_inventory() 第 19 行，物件： u/xxy/guanwai/road1
呼叫来自：u/xxy/guanwai/npc/xiaoyuanshan.c 的 create() 第 51 行，物件： u/xxy/guanwai/npc/xiaoyuanshan#607 ("萧远山")

执行时段错误：*Bad argument 1 to call_other()
Expected: string or array or object Got: 0.

程式：u/xxy/guanwai/npc/dahu.c 第 24 行
物件: /u/xxy/guanwai/npc/dahu#608
呼叫来自：std/room.c 的 reset() 第 54 行，物件： u/xxy/guanwai/road4
呼叫来自：std/room.c 的 make_inventory() 第 19 行，物件： u/xxy/guanwai/road4
呼叫来自：u/xxy/guanwai/npc/dahu.c 的 create() 第 24 行，物件： u/xxy/guanwai/npc/dahu#608 ("忽伦大虎")

执行时段错误：*Bad argument 1 to call_other()
Expected: string or array or object Got: 0.

程式：u/xxy/guanwai/npc/sihu.c 第 24 行
物件: /u/xxy/guanwai/npc/sihu#609
呼叫来自：std/room.c 的 reset() 第 54 行，物件： u/xxy/guanwai/road5
呼叫来自：std/room.c 的 make_inventory() 第 19 行，物件： u/xxy/guanwai/road5
呼叫来自：u/xxy/guanwai/npc/sihu.c 的 create() 第 24 行，物件： u/xxy/guanwai/npc/sihu#609 ("忽伦四虎")

执行时段错误：*Bad argument 1 to call_other()
Expected: string or array or object Got: 0.

程式：u/xxy/guanwai/npc/sanhu.c 第 24 行
物件: /u/xxy/guanwai/npc/sanhu#610
呼叫来自：std/room.c 的 reset() 第 54 行，物件： u/xxy/guanwai/road6
呼叫来自：std/room.c 的 make_inventory() 第 19 行，物件： u/xxy/guanwai/road6
呼叫来自：u/xxy/guanwai/npc/sanhu.c 的 create() 第 24 行，物件： u/xxy/guanwai/npc/sanhu#610 ("忽伦三虎")

执行时段错误：*Bad argument 1 to call_other()
Expected: string or array or object Got: 0.

程式：u/xxy/guanwai/npc/laoban.c 第 22 行
物件: /u/xxy/guanwai/npc/laoban#611
呼叫来自：std/room.c 的 reset() 第 54 行，物件： u/xxy/guanwai/rouguan
呼叫来自：std/room.c 的 make_inventory() 第 19 行，物件： u/xxy/guanwai/rouguan
呼叫来自：u/xxy/guanwai/npc/laoban.c 的 create() 第 22 行，物件： u/xxy/guanwai/npc/laoban#611 ("酒馆老板")

执行时段错误：*Bad argument 1 to call_other()
Expected: string or array or object Got: 0.

程式：std/room.c 第 20 行
物件: /u/xxy/guanwai/majiu
呼叫来自：std/room.c 的 reset() 第 54 行，物件： u/xxy/guanwai/majiu
呼叫来自：std/room.c 的 make_inventory() 第 20 行，物件： u/xxy/guanwai/majiu

执行时段错误：*F_SKILL: No such skill (hujia-daofa)

程式：feature/skill.c 第 17 行
物件: /u/xxy/guanwai/npc/yanji#612
呼叫来自：std/room.c 的 reset() 第 54 行，物件： u/xxy/guanwai/shanshenmiao
呼叫来自：std/room.c 的 make_inventory() 第 19 行，物件： u/xxy/guanwai/shanshenmiao
呼叫来自：u/xxy/guanwai/npc/yanji.c 的 create() 第 33 行，物件： u/xxy/guanwai/npc/yanji#612 ("阎基")
呼叫来自：feature/skill.c 的 set_skill() 第 17 行，物件： u/xxy/guanwai/npc/yanji#612 ("阎基")

执行时段错误：*Bad argument 1 to call_other()
Expected: string or array or object Got: 0.

程式：u/xxy/guanwai/npc/heersu.c 第 33 行
物件: /u/xxy/guanwai/npc/heersu#613
呼叫来自：std/room.c 的 reset() 第 54 行，物件： u/xxy/guanwai/tuwu
呼叫来自：std/room.c 的 make_inventory() 第 19 行，物件： u/xxy/guanwai/tuwu
呼叫来自：u/xxy/guanwai/npc/heersu.c 的 create() 第 33 行，物件： u/xxy/guanwai/npc/heersu#613 ("赫尔苏")

执行时段错误：*F_SKILL: No such skill (xiaowuxiang)

程式：feature/skill.c 第 17 行
物件: /u/xxy/guanwai/npc/tengyilei#614
呼叫来自：std/room.c 的 reset() 第 54 行，物件： u/xxy/guanwai/nancheng
呼叫来自：std/room.c 的 make_inventory() 第 19 行，物件： u/xxy/guanwai/nancheng
呼叫来自：u/xxy/guanwai/npc/tengyilei.c 的 create() 第 30 行，物件： u/xxy/guanwai/npc/tengyilei#614 ("滕一雷")
呼叫来自：feature/skill.c 的 set_skill() 第 17 行，物件： u/xxy/guanwai/npc/tengyilei#614 ("滕一雷")

执行时段错误：*Wrong permissions for opening file /u/guanwai/log for append.
"No such file or directory"

程式：adm/obj/master.c 第 121 行
物件: /adm/obj/master
呼叫来自：std/room.c 的 reset() 第 54 行，物件： u/xxy/guanwai/muqiao
呼叫来自：std/room.c 的 make_inventory() 第 19 行，物件： u/xxy/guanwai/muqiao
呼叫来自：adm/obj/master.c 的 log_error() 第 121 行，物件： adm/obj/master
u/xxy/guanwai/npc/yuzhenzi.c line 6: parse error

执行时段错误：*Error in loading object '/u/xxy/guanwai/npc/yuzhenzi'

程式：std/room.c 第 19 行
物件: /u/xxy/guanwai/muqiao
呼叫来自：std/room.c 的 reset() 第 54 行，物件： u/xxy/guanwai/muqiao
呼叫来自：std/room.c 的 make_inventory() 第 19 行，物件： u/xxy/guanwai/muqiao

执行时段错误：*Bad argument 1 to call_other()
Expected: string or array or object Got: 0.

程式：u/xxy/lingzhou/npc/yipinwushi.c 第 33 行
物件: /u/xxy/lingzhou/npc/yipinwushi#615
呼叫来自：std/room.c 的 reset() 第 65 行，物件： u/xxy/lingzhou/yipindating
呼叫来自：std/room.c 的 make_inventory() 第 19 行，物件： u/xxy/lingzhou/yipindating
呼叫来自：u/xxy/lingzhou/npc/yipinwushi.c 的 create() 第 33 行，物件： u/xxy/lingzhou/npc/yipinwushi#615 ("一品堂武士")

执行时段错误：*Wrong permissions for opening file /u/lingzhou/log for append.
"No such file or directory"

程式：adm/obj/master.c 第 121 行
物件: /adm/obj/master
呼叫来自：std/room.c 的 reset() 第 54 行，物件： u/xxy/lingzhou/yipindayuan
呼叫来自：std/room.c 的 make_inventory() 第 19 行，物件： u/xxy/lingzhou/yipindayuan
呼叫来自：adm/obj/master.c 的 log_error() 第 121 行，物件： adm/obj/master
u/xxy/lingzhou/npc/yun.c line 39: Undefined function prepare_skill

执行时段错误：*Error in loading object '/u/xxy/lingzhou/npc/yun'

程式：std/room.c 第 19 行
物件: /u/xxy/lingzhou/yipindayuan
呼叫来自：std/room.c 的 reset() 第 54 行，物件： u/xxy/lingzhou/yipindayuan
呼叫来自：std/room.c 的 make_inventory() 第 19 行，物件： u/xxy/lingzhou/yipindayuan

执行时段错误：*Bad argument 1 to call_other()
Expected: string or array or object Got: 0.

程式：u/xxy/lingzhou/npc/yipinwushi.c 第 33 行
物件: /u/xxy/lingzhou/npc/yipinwushi#616
呼叫来自：std/room.c 的 reset() 第 65 行，物件： u/xxy/lingzhou/yipingate
呼叫来自：std/room.c 的 make_inventory() 第 19 行，物件： u/xxy/lingzhou/yipingate
呼叫来自：u/xxy/lingzhou/npc/yipinwushi.c 的 create() 第 33 行，物件： u/xxy/lingzhou/npc/yipinwushi#616 ("一品堂武士")

执行时段错误：*Bad argument 1 to call_other()
Expected: string or array or object Got: 0.

程式：std/room.c 第 20 行
物件: /u/xxy/lingzhou/jiangjunyuan
呼叫来自：std/room.c 的 reset() 第 65 行，物件： u/xxy/lingzhou/jiangjunyuan
呼叫来自：std/room.c 的 make_inventory() 第 20 行，物件： u/xxy/lingzhou/jiangjunyuan

执行时段错误：*Bad argument 1 to call_other()
Expected: string or array or object Got: 0.

程式：u/xxy/lingzhou/npc/xiaowei.c 第 32 行
物件: /u/xxy/lingzhou/npc/xiaowei#617
呼叫来自：std/room.c 的 reset() 第 65 行，物件： u/xxy/lingzhou/jiangjungate
呼叫来自：std/room.c 的 make_inventory() 第 19 行，物件： u/xxy/lingzhou/jiangjungate
呼叫来自：u/xxy/lingzhou/npc/xiaowei.c 的 create() 第 32 行，物件： u/xxy/lingzhou/npc/xiaowei#617 ("校尉")

执行时段错误：*Bad argument 1 to call_other()
Expected: string or array or object Got: 0.

程式：std/room.c 第 20 行
物件: /u/xxy/lingzhou/yamen
呼叫来自：std/room.c 的 reset() 第 65 行，物件： u/xxy/lingzhou/yamen
呼叫来自：std/room.c 的 make_inventory() 第 20 行，物件： u/xxy/lingzhou/yamen

执行时段错误：*Bad argument 1 to call_other()
Expected: string or array or object Got: 0.

程式：u/xxy/lingzhou/npc/xixiabing.c 第 33 行
物件: /u/xxy/lingzhou/npc/xixiabing#618
呼叫来自：std/room.c 的 reset() 第 65 行，物件： u/xxy/lingzhou/biaoqiyin
呼叫来自：std/room.c 的 make_inventory() 第 19 行，物件： u/xxy/lingzhou/biaoqiyin
呼叫来自：u/xxy/lingzhou/npc/xixiabing.c 的 create() 第 33 行，物件： u/xxy/lingzhou/npc/xixiabing#618 ("西夏兵")

执行时段错误：*Bad argument 1 to call_other()
Expected: string or array or object Got: 0.

程式：u/xxy/lingzhou/npc/xiaoer2.c 第 25 行
物件: /u/xxy/lingzhou/npc/xiaoer2#619
呼叫来自：std/room.c 的 reset() 第 54 行，物件： u/xxy/lingzhou/jiuguan
呼叫来自：std/room.c 的 make_inventory() 第 19 行，物件： u/xxy/lingzhou/jiuguan
呼叫来自：u/xxy/lingzhou/npc/xiaoer2.c 的 create() 第 25 行，物件： u/xxy/lingzhou/npc/xiaoer2#619 ("店小二")

执行时段错误：*Wrong permissions for opening file /u/lingzhou/log for append.
"No such file or directory"

程式：adm/obj/master.c 第 121 行
物件: /adm/obj/master
呼叫来自：std/room.c 的 reset() 第 54 行，物件： u/xxy/lingzhou/center
呼叫来自：std/room.c 的 make_inventory() 第 19 行，物件： u/xxy/lingzhou/center
呼叫来自：adm/obj/master.c 的 log_error() 第 121 行，物件： adm/obj/master
u/xxy/lingzhou/npc/duan.c line 39: Undefined function prepare_skill

执行时段错误：*Error in loading object '/u/xxy/lingzhou/npc/duan'

程式：std/room.c 第 19 行
物件: /u/xxy/lingzhou/center
呼叫来自：std/room.c 的 reset() 第 54 行，物件： u/xxy/lingzhou/center
呼叫来自：std/room.c 的 make_inventory() 第 19 行，物件： u/xxy/lingzhou/center

执行时段错误：*Bad argument 1 to call_other()
Expected: string or array or object Got: 0.

程式：u/xxy/lingzhou/npc/xiaowei.c 第 32 行
物件: /u/xxy/lingzhou/npc/xiaowei#620
呼叫来自：std/room.c 的 reset() 第 54 行，物件： u/xxy/lingzhou/nanmen
呼叫来自：std/room.c 的 make_inventory() 第 19 行，物件： u/xxy/lingzhou/nanmen
呼叫来自：u/xxy/lingzhou/npc/xiaowei.c 的 create() 第 32 行，物件： u/xxy/lingzhou/npc/xiaowei#620 ("校尉")

执行时段错误：*F_SKILL: No such skill (huashan-sword)

程式：feature/skill.c 第 17 行
物件: /u/xxy/guanwai/npc/fengxifan#621
呼叫来自：std/room.c 的 reset() 第 54 行，物件： u/xxy/guanwai/laolongtou
呼叫来自：std/room.c 的 make_inventory() 第 19 行，物件： u/xxy/guanwai/laolongtou
呼叫来自：u/xxy/guanwai/npc/fengxifan.c 的 create() 第 37 行，物件： u/xxy/guanwai/npc/fengxifan#621 ("冯锡范")
呼叫来自：feature/skill.c 的 set_skill() 第 17 行，物件： u/xxy/guanwai/npc/fengxifan#621 ("冯锡范")

执行时段错误：*Bad argument 1 to call_other()
Expected: string or array or object Got: 0.

程式：std/room.c 第 20 行
物件: /u/xxy/guanwai/shanhaiguan
呼叫来自：std/room.c 的 reset() 第 54 行，物件： u/xxy/guanwai/shanhaiguan
呼叫来自：std/room.c 的 make_inventory() 第 20 行，物件： u/xxy/guanwai/shanhaiguan

执行时段错误：*Bad argument 1 to call_other()
Expected: string or array or object Got: 0.

程式：u/xxy/guanwai/npc/xiaoyuanshan.c 第 51 行
物件: /u/xxy/guanwai/npc/xiaoyuanshan#622
呼叫来自：std/room.c 的 reset() 第 54 行，物件： u/xxy/guanwai/road1
呼叫来自：std/room.c 的 make_inventory() 第 19 行，物件： u/xxy/guanwai/road1
呼叫来自：u/xxy/guanwai/npc/xiaoyuanshan.c 的 create() 第 51 行，物件： u/xxy/guanwai/npc/xiaoyuanshan#622 ("萧远山")

执行时段错误：*Bad argument 1 to call_other()
Expected: string or array or object Got: 0.

程式：u/xxy/guanwai/npc/dahu.c 第 24 行
物件: /u/xxy/guanwai/npc/dahu#623
呼叫来自：std/room.c 的 reset() 第 54 行，物件： u/xxy/guanwai/road4
呼叫来自：std/room.c 的 make_inventory() 第 19 行，物件： u/xxy/guanwai/road4
呼叫来自：u/xxy/guanwai/npc/dahu.c 的 create() 第 24 行，物件： u/xxy/guanwai/npc/dahu#623 ("忽伦大虎")

执行时段错误：*Bad argument 1 to call_other()
Expected: string or array or object Got: 0.

程式：u/xxy/guanwai/npc/sihu.c 第 24 行
物件: /u/xxy/guanwai/npc/sihu#624
呼叫来自：std/room.c 的 reset() 第 54 行，物件： u/xxy/guanwai/road5
呼叫来自：std/room.c 的 make_inventory() 第 19 行，物件： u/xxy/guanwai/road5
呼叫来自：u/xxy/guanwai/npc/sihu.c 的 create() 第 24 行，物件： u/xxy/guanwai/npc/sihu#624 ("忽伦四虎")

执行时段错误：*Bad argument 1 to call_other()
Expected: string or array or object Got: 0.

程式：u/xxy/guanwai/npc/sanhu.c 第 24 行
物件: /u/xxy/guanwai/npc/sanhu#625
呼叫来自：std/room.c 的 reset() 第 54 行，物件： u/xxy/guanwai/road6
呼叫来自：std/room.c 的 make_inventory() 第 19 行，物件： u/xxy/guanwai/road6
呼叫来自：u/xxy/guanwai/npc/sanhu.c 的 create() 第 24 行，物件： u/xxy/guanwai/npc/sanhu#625 ("忽伦三虎")

执行时段错误：*Bad argument 1 to call_other()
Expected: string or array or object Got: 0.

程式：u/xxy/guanwai/npc/laoban.c 第 22 行
物件: /u/xxy/guanwai/npc/laoban#626
呼叫来自：std/room.c 的 reset() 第 54 行，物件： u/xxy/guanwai/rouguan
呼叫来自：std/room.c 的 make_inventory() 第 19 行，物件： u/xxy/guanwai/rouguan
呼叫来自：u/xxy/guanwai/npc/laoban.c 的 create() 第 22 行，物件： u/xxy/guanwai/npc/laoban#626 ("酒馆老板")

执行时段错误：*Bad argument 1 to call_other()
Expected: string or array or object Got: 0.

程式：std/room.c 第 20 行
物件: /u/xxy/guanwai/majiu
呼叫来自：std/room.c 的 reset() 第 54 行，物件： u/xxy/guanwai/majiu
呼叫来自：std/room.c 的 make_inventory() 第 20 行，物件： u/xxy/guanwai/majiu

执行时段错误：*F_SKILL: No such skill (hujia-daofa)

程式：feature/skill.c 第 17 行
物件: /u/xxy/guanwai/npc/yanji#627
呼叫来自：std/room.c 的 reset() 第 54 行，物件： u/xxy/guanwai/shanshenmiao
呼叫来自：std/room.c 的 make_inventory() 第 19 行，物件： u/xxy/guanwai/shanshenmiao
呼叫来自：u/xxy/guanwai/npc/yanji.c 的 create() 第 33 行，物件： u/xxy/guanwai/npc/yanji#627 ("阎基")
呼叫来自：feature/skill.c 的 set_skill() 第 17 行，物件： u/xxy/guanwai/npc/yanji#627 ("阎基")

执行时段错误：*Bad argument 1 to call_other()
Expected: string or array or object Got: 0.

程式：u/xxy/guanwai/npc/heersu.c 第 33 行
物件: /u/xxy/guanwai/npc/heersu#628
呼叫来自：std/room.c 的 reset() 第 54 行，物件： u/xxy/guanwai/tuwu
呼叫来自：std/room.c 的 make_inventory() 第 19 行，物件： u/xxy/guanwai/tuwu
呼叫来自：u/xxy/guanwai/npc/heersu.c 的 create() 第 33 行，物件： u/xxy/guanwai/npc/heersu#628 ("赫尔苏")

执行时段错误：*F_SKILL: No such skill (xiaowuxiang)

程式：feature/skill.c 第 17 行
物件: /u/xxy/guanwai/npc/tengyilei#629
呼叫来自：std/room.c 的 reset() 第 54 行，物件： u/xxy/guanwai/nancheng
呼叫来自：std/room.c 的 make_inventory() 第 19 行，物件： u/xxy/guanwai/nancheng
呼叫来自：u/xxy/guanwai/npc/tengyilei.c 的 create() 第 30 行，物件： u/xxy/guanwai/npc/tengyilei#629 ("滕一雷")
呼叫来自：feature/skill.c 的 set_skill() 第 17 行，物件： u/xxy/guanwai/npc/tengyilei#629 ("滕一雷")

执行时段错误：*Wrong permissions for opening file /u/guanwai/log for append.
"No such file or directory"

程式：adm/obj/master.c 第 121 行
物件: /adm/obj/master
呼叫来自：std/room.c 的 reset() 第 54 行，物件： u/xxy/guanwai/muqiao
呼叫来自：std/room.c 的 make_inventory() 第 19 行，物件： u/xxy/guanwai/muqiao
呼叫来自：adm/obj/master.c 的 log_error() 第 121 行，物件： adm/obj/master
u/xxy/guanwai/npc/yuzhenzi.c line 6: parse error

执行时段错误：*Error in loading object '/u/xxy/guanwai/npc/yuzhenzi'

程式：std/room.c 第 19 行
物件: /u/xxy/guanwai/muqiao
呼叫来自：std/room.c 的 reset() 第 54 行，物件： u/xxy/guanwai/muqiao
呼叫来自：std/room.c 的 make_inventory() 第 19 行，物件： u/xxy/guanwai/muqiao

执行时段错误：*Bad argument 1 to call_other()
Expected: string or array or object Got: 0.

程式：u/xxy/lingzhou/npc/yipinwushi.c 第 33 行
物件: /u/xxy/lingzhou/npc/yipinwushi#630
呼叫来自：std/room.c 的 reset() 第 65 行，物件： u/xxy/lingzhou/yipindating
呼叫来自：std/room.c 的 make_inventory() 第 19 行，物件： u/xxy/lingzhou/yipindating
呼叫来自：u/xxy/lingzhou/npc/yipinwushi.c 的 create() 第 33 行，物件： u/xxy/lingzhou/npc/yipinwushi#630 ("一品堂武士")

执行时段错误：*Wrong permissions for opening file /u/lingzhou/log for append.
"No such file or directory"

程式：adm/obj/master.c 第 121 行
物件: /adm/obj/master
呼叫来自：std/room.c 的 reset() 第 54 行，物件： u/xxy/lingzhou/yipindayuan
呼叫来自：std/room.c 的 make_inventory() 第 19 行，物件： u/xxy/lingzhou/yipindayuan
呼叫来自：adm/obj/master.c 的 log_error() 第 121 行，物件： adm/obj/master
u/xxy/lingzhou/npc/yun.c line 39: Undefined function prepare_skill

执行时段错误：*Error in loading object '/u/xxy/lingzhou/npc/yun'

程式：std/room.c 第 19 行
物件: /u/xxy/lingzhou/yipindayuan
呼叫来自：std/room.c 的 reset() 第 54 行，物件： u/xxy/lingzhou/yipindayuan
呼叫来自：std/room.c 的 make_inventory() 第 19 行，物件： u/xxy/lingzhou/yipindayuan

执行时段错误：*Bad argument 1 to call_other()
Expected: string or array or object Got: 0.

程式：u/xxy/lingzhou/npc/yipinwushi.c 第 33 行
物件: /u/xxy/lingzhou/npc/yipinwushi#631
呼叫来自：std/room.c 的 reset() 第 65 行，物件： u/xxy/lingzhou/yipingate
呼叫来自：std/room.c 的 make_inventory() 第 19 行，物件： u/xxy/lingzhou/yipingate
呼叫来自：u/xxy/lingzhou/npc/yipinwushi.c 的 create() 第 33 行，物件： u/xxy/lingzhou/npc/yipinwushi#631 ("一品堂武士")

执行时段错误：*Bad argument 1 to call_other()
Expected: string or array or object Got: 0.

程式：std/room.c 第 20 行
物件: /u/xxy/lingzhou/jiangjunyuan
呼叫来自：std/room.c 的 reset() 第 65 行，物件： u/xxy/lingzhou/jiangjunyuan
呼叫来自：std/room.c 的 make_inventory() 第 20 行，物件： u/xxy/lingzhou/jiangjunyuan

执行时段错误：*Bad argument 1 to call_other()
Expected: string or array or object Got: 0.

程式：u/xxy/lingzhou/npc/xiaowei.c 第 32 行
物件: /u/xxy/lingzhou/npc/xiaowei#632
呼叫来自：std/room.c 的 reset() 第 65 行，物件： u/xxy/lingzhou/jiangjungate
呼叫来自：std/room.c 的 make_inventory() 第 19 行，物件： u/xxy/lingzhou/jiangjungate
呼叫来自：u/xxy/lingzhou/npc/xiaowei.c 的 create() 第 32 行，物件： u/xxy/lingzhou/npc/xiaowei#632 ("校尉")

执行时段错误：*Bad argument 1 to call_other()
Expected: string or array or object Got: 0.

程式：std/room.c 第 20 行
物件: /u/xxy/lingzhou/yamen
呼叫来自：std/room.c 的 reset() 第 65 行，物件： u/xxy/lingzhou/yamen
呼叫来自：std/room.c 的 make_inventory() 第 20 行，物件： u/xxy/lingzhou/yamen

执行时段错误：*Bad argument 1 to call_other()
Expected: string or array or object Got: 0.

程式：u/xxy/lingzhou/npc/xixiabing.c 第 33 行
物件: /u/xxy/lingzhou/npc/xixiabing#633
呼叫来自：std/room.c 的 reset() 第 65 行，物件： u/xxy/lingzhou/biaoqiyin
呼叫来自：std/room.c 的 make_inventory() 第 19 行，物件： u/xxy/lingzhou/biaoqiyin
呼叫来自：u/xxy/lingzhou/npc/xixiabing.c 的 create() 第 33 行，物件： u/xxy/lingzhou/npc/xixiabing#633 ("西夏兵")

执行时段错误：*Bad argument 1 to call_other()
Expected: string or array or object Got: 0.

程式：u/xxy/lingzhou/npc/xiaoer2.c 第 25 行
物件: /u/xxy/lingzhou/npc/xiaoer2#634
呼叫来自：std/room.c 的 reset() 第 54 行，物件： u/xxy/lingzhou/jiuguan
呼叫来自：std/room.c 的 make_inventory() 第 19 行，物件： u/xxy/lingzhou/jiuguan
呼叫来自：u/xxy/lingzhou/npc/xiaoer2.c 的 create() 第 25 行，物件： u/xxy/lingzhou/npc/xiaoer2#634 ("店小二")

执行时段错误：*Wrong permissions for opening file /u/lingzhou/log for append.
"No such file or directory"

程式：adm/obj/master.c 第 121 行
物件: /adm/obj/master
呼叫来自：std/room.c 的 reset() 第 54 行，物件： u/xxy/lingzhou/center
呼叫来自：std/room.c 的 make_inventory() 第 19 行，物件： u/xxy/lingzhou/center
呼叫来自：adm/obj/master.c 的 log_error() 第 121 行，物件： adm/obj/master
u/xxy/lingzhou/npc/duan.c line 39: Undefined function prepare_skill

执行时段错误：*Error in loading object '/u/xxy/lingzhou/npc/duan'

程式：std/room.c 第 19 行
物件: /u/xxy/lingzhou/center
呼叫来自：std/room.c 的 reset() 第 54 行，物件： u/xxy/lingzhou/center
呼叫来自：std/room.c 的 make_inventory() 第 19 行，物件： u/xxy/lingzhou/center

执行时段错误：*Bad argument 1 to call_other()
Expected: string or array or object Got: 0.

程式：u/xxy/lingzhou/npc/xiaowei.c 第 32 行
物件: /u/xxy/lingzhou/npc/xiaowei#635
呼叫来自：std/room.c 的 reset() 第 54 行，物件： u/xxy/lingzhou/nanmen
呼叫来自：std/room.c 的 make_inventory() 第 19 行，物件： u/xxy/lingzhou/nanmen
呼叫来自：u/xxy/lingzhou/npc/xiaowei.c 的 create() 第 32 行，物件： u/xxy/lingzhou/npc/xiaowei#635 ("校尉")

执行时段错误：*F_SKILL: No such skill (huashan-sword)

程式：feature/skill.c 第 17 行
物件: /u/xxy/guanwai/npc/fengxifan#638
呼叫来自：std/room.c 的 reset() 第 54 行，物件： u/xxy/guanwai/laolongtou
呼叫来自：std/room.c 的 make_inventory() 第 19 行，物件： u/xxy/guanwai/laolongtou
呼叫来自：u/xxy/guanwai/npc/fengxifan.c 的 create() 第 37 行，物件： u/xxy/guanwai/npc/fengxifan#638 ("冯锡范")
呼叫来自：feature/skill.c 的 set_skill() 第 17 行，物件： u/xxy/guanwai/npc/fengxifan#638 ("冯锡范")

执行时段错误：*Bad argument 1 to call_other()
Expected: string or array or object Got: 0.

程式：std/room.c 第 20 行
物件: /u/xxy/guanwai/shanhaiguan
呼叫来自：std/room.c 的 reset() 第 54 行，物件： u/xxy/guanwai/shanhaiguan
呼叫来自：std/room.c 的 make_inventory() 第 20 行，物件： u/xxy/guanwai/shanhaiguan

执行时段错误：*Bad argument 1 to call_other()
Expected: string or array or object Got: 0.

程式：u/xxy/guanwai/npc/xiaoyuanshan.c 第 51 行
物件: /u/xxy/guanwai/npc/xiaoyuanshan#639
呼叫来自：std/room.c 的 reset() 第 54 行，物件： u/xxy/guanwai/road1
呼叫来自：std/room.c 的 make_inventory() 第 19 行，物件： u/xxy/guanwai/road1
呼叫来自：u/xxy/guanwai/npc/xiaoyuanshan.c 的 create() 第 51 行，物件： u/xxy/guanwai/npc/xiaoyuanshan#639 ("萧远山")

执行时段错误：*Bad argument 1 to call_other()
Expected: string or array or object Got: 0.

程式：u/xxy/guanwai/npc/dahu.c 第 24 行
物件: /u/xxy/guanwai/npc/dahu#640
呼叫来自：std/room.c 的 reset() 第 54 行，物件： u/xxy/guanwai/road4
呼叫来自：std/room.c 的 make_inventory() 第 19 行，物件： u/xxy/guanwai/road4
呼叫来自：u/xxy/guanwai/npc/dahu.c 的 create() 第 24 行，物件： u/xxy/guanwai/npc/dahu#640 ("忽伦大虎")

执行时段错误：*Bad argument 1 to call_other()
Expected: string or array or object Got: 0.

程式：u/xxy/guanwai/npc/sihu.c 第 24 行
物件: /u/xxy/guanwai/npc/sihu#641
呼叫来自：std/room.c 的 reset() 第 54 行，物件： u/xxy/guanwai/road5
呼叫来自：std/room.c 的 make_inventory() 第 19 行，物件： u/xxy/guanwai/road5
呼叫来自：u/xxy/guanwai/npc/sihu.c 的 create() 第 24 行，物件： u/xxy/guanwai/npc/sihu#641 ("忽伦四虎")

执行时段错误：*Bad argument 1 to call_other()
Expected: string or array or object Got: 0.

程式：u/xxy/guanwai/npc/sanhu.c 第 24 行
物件: /u/xxy/guanwai/npc/sanhu#642
呼叫来自：std/room.c 的 reset() 第 54 行，物件： u/xxy/guanwai/road6
呼叫来自：std/room.c 的 make_inventory() 第 19 行，物件： u/xxy/guanwai/road6
呼叫来自：u/xxy/guanwai/npc/sanhu.c 的 create() 第 24 行，物件： u/xxy/guanwai/npc/sanhu#642 ("忽伦三虎")

执行时段错误：*Bad argument 1 to call_other()
Expected: string or array or object Got: 0.

程式：u/xxy/guanwai/npc/laoban.c 第 22 行
物件: /u/xxy/guanwai/npc/laoban#643
呼叫来自：std/room.c 的 reset() 第 54 行，物件： u/xxy/guanwai/rouguan
呼叫来自：std/room.c 的 make_inventory() 第 19 行，物件： u/xxy/guanwai/rouguan
呼叫来自：u/xxy/guanwai/npc/laoban.c 的 create() 第 22 行，物件： u/xxy/guanwai/npc/laoban#643 ("酒馆老板")

执行时段错误：*Bad argument 1 to call_other()
Expected: string or array or object Got: 0.

程式：std/room.c 第 20 行
物件: /u/xxy/guanwai/majiu
呼叫来自：std/room.c 的 reset() 第 54 行，物件： u/xxy/guanwai/majiu
呼叫来自：std/room.c 的 make_inventory() 第 20 行，物件： u/xxy/guanwai/majiu

执行时段错误：*F_SKILL: No such skill (hujia-daofa)

程式：feature/skill.c 第 17 行
物件: /u/xxy/guanwai/npc/yanji#644
呼叫来自：std/room.c 的 reset() 第 54 行，物件： u/xxy/guanwai/shanshenmiao
呼叫来自：std/room.c 的 make_inventory() 第 19 行，物件： u/xxy/guanwai/shanshenmiao
呼叫来自：u/xxy/guanwai/npc/yanji.c 的 create() 第 33 行，物件： u/xxy/guanwai/npc/yanji#644 ("阎基")
呼叫来自：feature/skill.c 的 set_skill() 第 17 行，物件： u/xxy/guanwai/npc/yanji#644 ("阎基")

执行时段错误：*Bad argument 1 to call_other()
Expected: string or array or object Got: 0.

程式：u/xxy/guanwai/npc/heersu.c 第 33 行
物件: /u/xxy/guanwai/npc/heersu#645
呼叫来自：std/room.c 的 reset() 第 54 行，物件： u/xxy/guanwai/tuwu
呼叫来自：std/room.c 的 make_inventory() 第 19 行，物件： u/xxy/guanwai/tuwu
呼叫来自：u/xxy/guanwai/npc/heersu.c 的 create() 第 33 行，物件： u/xxy/guanwai/npc/heersu#645 ("赫尔苏")

执行时段错误：*F_SKILL: No such skill (xiaowuxiang)

程式：feature/skill.c 第 17 行
物件: /u/xxy/guanwai/npc/tengyilei#646
呼叫来自：std/room.c 的 reset() 第 54 行，物件： u/xxy/guanwai/nancheng
呼叫来自：std/room.c 的 make_inventory() 第 19 行，物件： u/xxy/guanwai/nancheng
呼叫来自：u/xxy/guanwai/npc/tengyilei.c 的 create() 第 30 行，物件： u/xxy/guanwai/npc/tengyilei#646 ("滕一雷")
呼叫来自：feature/skill.c 的 set_skill() 第 17 行，物件： u/xxy/guanwai/npc/tengyilei#646 ("滕一雷")

执行时段错误：*Wrong permissions for opening file /u/guanwai/log for append.
"No such file or directory"

程式：adm/obj/master.c 第 121 行
物件: /adm/obj/master
呼叫来自：std/room.c 的 reset() 第 54 行，物件： u/xxy/guanwai/muqiao
呼叫来自：std/room.c 的 make_inventory() 第 19 行，物件： u/xxy/guanwai/muqiao
呼叫来自：adm/obj/master.c 的 log_error() 第 121 行，物件： adm/obj/master
u/xxy/guanwai/npc/yuzhenzi.c line 6: parse error

执行时段错误：*Error in loading object '/u/xxy/guanwai/npc/yuzhenzi'

程式：std/room.c 第 19 行
物件: /u/xxy/guanwai/muqiao
呼叫来自：std/room.c 的 reset() 第 54 行，物件： u/xxy/guanwai/muqiao
呼叫来自：std/room.c 的 make_inventory() 第 19 行，物件： u/xxy/guanwai/muqiao

执行时段错误：*Bad argument 1 to call_other()
Expected: string or array or object Got: 0.

程式：u/xxy/lingzhou/npc/yipinwushi.c 第 33 行
物件: /u/xxy/lingzhou/npc/yipinwushi#647
呼叫来自：std/room.c 的 reset() 第 65 行，物件： u/xxy/lingzhou/yipindating
呼叫来自：std/room.c 的 make_inventory() 第 19 行，物件： u/xxy/lingzhou/yipindating
呼叫来自：u/xxy/lingzhou/npc/yipinwushi.c 的 create() 第 33 行，物件： u/xxy/lingzhou/npc/yipinwushi#647 ("一品堂武士")

执行时段错误：*Wrong permissions for opening file /u/lingzhou/log for append.
"No such file or directory"

程式：adm/obj/master.c 第 121 行
物件: /adm/obj/master
呼叫来自：std/room.c 的 reset() 第 54 行，物件： u/xxy/lingzhou/yipindayuan
呼叫来自：std/room.c 的 make_inventory() 第 19 行，物件： u/xxy/lingzhou/yipindayuan
呼叫来自：adm/obj/master.c 的 log_error() 第 121 行，物件： adm/obj/master
u/xxy/lingzhou/npc/yun.c line 39: Undefined function prepare_skill

执行时段错误：*Error in loading object '/u/xxy/lingzhou/npc/yun'

程式：std/room.c 第 19 行
物件: /u/xxy/lingzhou/yipindayuan
呼叫来自：std/room.c 的 reset() 第 54 行，物件： u/xxy/lingzhou/yipindayuan
呼叫来自：std/room.c 的 make_inventory() 第 19 行，物件： u/xxy/lingzhou/yipindayuan

执行时段错误：*Bad argument 1 to call_other()
Expected: string or array or object Got: 0.

程式：u/xxy/lingzhou/npc/yipinwushi.c 第 33 行
物件: /u/xxy/lingzhou/npc/yipinwushi#648
呼叫来自：std/room.c 的 reset() 第 65 行，物件： u/xxy/lingzhou/yipingate
呼叫来自：std/room.c 的 make_inventory() 第 19 行，物件： u/xxy/lingzhou/yipingate
呼叫来自：u/xxy/lingzhou/npc/yipinwushi.c 的 create() 第 33 行，物件： u/xxy/lingzhou/npc/yipinwushi#648 ("一品堂武士")

执行时段错误：*Bad argument 1 to call_other()
Expected: string or array or object Got: 0.

程式：std/room.c 第 20 行
物件: /u/xxy/lingzhou/jiangjunyuan
呼叫来自：std/room.c 的 reset() 第 65 行，物件： u/xxy/lingzhou/jiangjunyuan
呼叫来自：std/room.c 的 make_inventory() 第 20 行，物件： u/xxy/lingzhou/jiangjunyuan

执行时段错误：*Bad argument 1 to call_other()
Expected: string or array or object Got: 0.

程式：u/xxy/lingzhou/npc/xiaowei.c 第 32 行
物件: /u/xxy/lingzhou/npc/xiaowei#649
呼叫来自：std/room.c 的 reset() 第 65 行，物件： u/xxy/lingzhou/jiangjungate
呼叫来自：std/room.c 的 make_inventory() 第 19 行，物件： u/xxy/lingzhou/jiangjungate
呼叫来自：u/xxy/lingzhou/npc/xiaowei.c 的 create() 第 32 行，物件： u/xxy/lingzhou/npc/xiaowei#649 ("校尉")

执行时段错误：*Bad argument 1 to call_other()
Expected: string or array or object Got: 0.

程式：std/room.c 第 20 行
物件: /u/xxy/lingzhou/yamen
呼叫来自：std/room.c 的 reset() 第 65 行，物件： u/xxy/lingzhou/yamen
呼叫来自：std/room.c 的 make_inventory() 第 20 行，物件： u/xxy/lingzhou/yamen

执行时段错误：*Bad argument 1 to call_other()
Expected: string or array or object Got: 0.

程式：u/xxy/lingzhou/npc/xixiabing.c 第 33 行
物件: /u/xxy/lingzhou/npc/xixiabing#650
呼叫来自：std/room.c 的 reset() 第 65 行，物件： u/xxy/lingzhou/biaoqiyin
呼叫来自：std/room.c 的 make_inventory() 第 19 行，物件： u/xxy/lingzhou/biaoqiyin
呼叫来自：u/xxy/lingzhou/npc/xixiabing.c 的 create() 第 33 行，物件： u/xxy/lingzhou/npc/xixiabing#650 ("西夏兵")

执行时段错误：*Bad argument 1 to call_other()
Expected: string or array or object Got: 0.

程式：u/xxy/lingzhou/npc/xiaoer2.c 第 25 行
物件: /u/xxy/lingzhou/npc/xiaoer2#651
呼叫来自：std/room.c 的 reset() 第 54 行，物件： u/xxy/lingzhou/jiuguan
呼叫来自：std/room.c 的 make_inventory() 第 19 行，物件： u/xxy/lingzhou/jiuguan
呼叫来自：u/xxy/lingzhou/npc/xiaoer2.c 的 create() 第 25 行，物件： u/xxy/lingzhou/npc/xiaoer2#651 ("店小二")

执行时段错误：*Wrong permissions for opening file /u/lingzhou/log for append.
"No such file or directory"

程式：adm/obj/master.c 第 121 行
物件: /adm/obj/master
呼叫来自：std/room.c 的 reset() 第 54 行，物件： u/xxy/lingzhou/center
呼叫来自：std/room.c 的 make_inventory() 第 19 行，物件： u/xxy/lingzhou/center
呼叫来自：adm/obj/master.c 的 log_error() 第 121 行，物件： adm/obj/master
u/xxy/lingzhou/npc/duan.c line 39: Undefined function prepare_skill

执行时段错误：*Error in loading object '/u/xxy/lingzhou/npc/duan'

程式：std/room.c 第 19 行
物件: /u/xxy/lingzhou/center
呼叫来自：std/room.c 的 reset() 第 54 行，物件： u/xxy/lingzhou/center
呼叫来自：std/room.c 的 make_inventory() 第 19 行，物件： u/xxy/lingzhou/center

执行时段错误：*Bad argument 1 to call_other()
Expected: string or array or object Got: 0.

程式：u/xxy/lingzhou/npc/xiaowei.c 第 32 行
物件: /u/xxy/lingzhou/npc/xiaowei#652
呼叫来自：std/room.c 的 reset() 第 54 行，物件： u/xxy/lingzhou/nanmen
呼叫来自：std/room.c 的 make_inventory() 第 19 行，物件： u/xxy/lingzhou/nanmen
呼叫来自：u/xxy/lingzhou/npc/xiaowei.c 的 create() 第 32 行，物件： u/xxy/lingzhou/npc/xiaowei#652 ("校尉")

执行时段错误：*F_SKILL: No such skill (huashan-sword)

程式：feature/skill.c 第 17 行
物件: /u/xxy/guanwai/npc/fengxifan#653
呼叫来自：std/room.c 的 reset() 第 54 行，物件： u/xxy/guanwai/laolongtou
呼叫来自：std/room.c 的 make_inventory() 第 19 行，物件： u/xxy/guanwai/laolongtou
呼叫来自：u/xxy/guanwai/npc/fengxifan.c 的 create() 第 37 行，物件： u/xxy/guanwai/npc/fengxifan#653 ("冯锡范")
呼叫来自：feature/skill.c 的 set_skill() 第 17 行，物件： u/xxy/guanwai/npc/fengxifan#653 ("冯锡范")

执行时段错误：*Bad argument 1 to call_other()
Expected: string or array or object Got: 0.

程式：std/room.c 第 20 行
物件: /u/xxy/guanwai/shanhaiguan
呼叫来自：std/room.c 的 reset() 第 54 行，物件： u/xxy/guanwai/shanhaiguan
呼叫来自：std/room.c 的 make_inventory() 第 20 行，物件： u/xxy/guanwai/shanhaiguan

执行时段错误：*Bad argument 1 to call_other()
Expected: string or array or object Got: 0.

程式：u/xxy/guanwai/npc/xiaoyuanshan.c 第 51 行
物件: /u/xxy/guanwai/npc/xiaoyuanshan#654
呼叫来自：std/room.c 的 reset() 第 54 行，物件： u/xxy/guanwai/road1
呼叫来自：std/room.c 的 make_inventory() 第 19 行，物件： u/xxy/guanwai/road1
呼叫来自：u/xxy/guanwai/npc/xiaoyuanshan.c 的 create() 第 51 行，物件： u/xxy/guanwai/npc/xiaoyuanshan#654 ("萧远山")

执行时段错误：*Bad argument 1 to call_other()
Expected: string or array or object Got: 0.

程式：u/xxy/guanwai/npc/dahu.c 第 24 行
物件: /u/xxy/guanwai/npc/dahu#655
呼叫来自：std/room.c 的 reset() 第 54 行，物件： u/xxy/guanwai/road4
呼叫来自：std/room.c 的 make_inventory() 第 19 行，物件： u/xxy/guanwai/road4
呼叫来自：u/xxy/guanwai/npc/dahu.c 的 create() 第 24 行，物件： u/xxy/guanwai/npc/dahu#655 ("忽伦大虎")

执行时段错误：*Bad argument 1 to call_other()
Expected: string or array or object Got: 0.

程式：u/xxy/guanwai/npc/sihu.c 第 24 行
物件: /u/xxy/guanwai/npc/sihu#656
呼叫来自：std/room.c 的 reset() 第 54 行，物件： u/xxy/guanwai/road5
呼叫来自：std/room.c 的 make_inventory() 第 19 行，物件： u/xxy/guanwai/road5
呼叫来自：u/xxy/guanwai/npc/sihu.c 的 create() 第 24 行，物件： u/xxy/guanwai/npc/sihu#656 ("忽伦四虎")

执行时段错误：*Bad argument 1 to call_other()
Expected: string or array or object Got: 0.

程式：u/xxy/guanwai/npc/sanhu.c 第 24 行
物件: /u/xxy/guanwai/npc/sanhu#657
呼叫来自：std/room.c 的 reset() 第 54 行，物件： u/xxy/guanwai/road6
呼叫来自：std/room.c 的 make_inventory() 第 19 行，物件： u/xxy/guanwai/road6
呼叫来自：u/xxy/guanwai/npc/sanhu.c 的 create() 第 24 行，物件： u/xxy/guanwai/npc/sanhu#657 ("忽伦三虎")

执行时段错误：*Bad argument 1 to call_other()
Expected: string or array or object Got: 0.

程式：u/xxy/guanwai/npc/laoban.c 第 22 行
物件: /u/xxy/guanwai/npc/laoban#658
呼叫来自：std/room.c 的 reset() 第 54 行，物件： u/xxy/guanwai/rouguan
呼叫来自：std/room.c 的 make_inventory() 第 19 行，物件： u/xxy/guanwai/rouguan
呼叫来自：u/xxy/guanwai/npc/laoban.c 的 create() 第 22 行，物件： u/xxy/guanwai/npc/laoban#658 ("酒馆老板")

执行时段错误：*Bad argument 1 to call_other()
Expected: string or array or object Got: 0.

程式：std/room.c 第 20 行
物件: /u/xxy/guanwai/majiu
呼叫来自：std/room.c 的 reset() 第 54 行，物件： u/xxy/guanwai/majiu
呼叫来自：std/room.c 的 make_inventory() 第 20 行，物件： u/xxy/guanwai/majiu

执行时段错误：*F_SKILL: No such skill (hujia-daofa)

程式：feature/skill.c 第 17 行
物件: /u/xxy/guanwai/npc/yanji#659
呼叫来自：std/room.c 的 reset() 第 54 行，物件： u/xxy/guanwai/shanshenmiao
呼叫来自：std/room.c 的 make_inventory() 第 19 行，物件： u/xxy/guanwai/shanshenmiao
呼叫来自：u/xxy/guanwai/npc/yanji.c 的 create() 第 33 行，物件： u/xxy/guanwai/npc/yanji#659 ("阎基")
呼叫来自：feature/skill.c 的 set_skill() 第 17 行，物件： u/xxy/guanwai/npc/yanji#659 ("阎基")

执行时段错误：*Bad argument 1 to call_other()
Expected: string or array or object Got: 0.

程式：u/xxy/guanwai/npc/heersu.c 第 33 行
物件: /u/xxy/guanwai/npc/heersu#660
呼叫来自：std/room.c 的 reset() 第 54 行，物件： u/xxy/guanwai/tuwu
呼叫来自：std/room.c 的 make_inventory() 第 19 行，物件： u/xxy/guanwai/tuwu
呼叫来自：u/xxy/guanwai/npc/heersu.c 的 create() 第 33 行，物件： u/xxy/guanwai/npc/heersu#660 ("赫尔苏")

执行时段错误：*F_SKILL: No such skill (xiaowuxiang)

程式：feature/skill.c 第 17 行
物件: /u/xxy/guanwai/npc/tengyilei#661
呼叫来自：std/room.c 的 reset() 第 54 行，物件： u/xxy/guanwai/nancheng
呼叫来自：std/room.c 的 make_inventory() 第 19 行，物件： u/xxy/guanwai/nancheng
呼叫来自：u/xxy/guanwai/npc/tengyilei.c 的 create() 第 30 行，物件： u/xxy/guanwai/npc/tengyilei#661 ("滕一雷")
呼叫来自：feature/skill.c 的 set_skill() 第 17 行，物件： u/xxy/guanwai/npc/tengyilei#661 ("滕一雷")

执行时段错误：*Wrong permissions for opening file /u/guanwai/log for append.
"No such file or directory"

程式：adm/obj/master.c 第 121 行
物件: /adm/obj/master
呼叫来自：std/room.c 的 reset() 第 54 行，物件： u/xxy/guanwai/muqiao
呼叫来自：std/room.c 的 make_inventory() 第 19 行，物件： u/xxy/guanwai/muqiao
呼叫来自：adm/obj/master.c 的 log_error() 第 121 行，物件： adm/obj/master
u/xxy/guanwai/npc/yuzhenzi.c line 6: parse error

执行时段错误：*Error in loading object '/u/xxy/guanwai/npc/yuzhenzi'

程式：std/room.c 第 19 行
物件: /u/xxy/guanwai/muqiao
呼叫来自：std/room.c 的 reset() 第 54 行，物件： u/xxy/guanwai/muqiao
呼叫来自：std/room.c 的 make_inventory() 第 19 行，物件： u/xxy/guanwai/muqiao

执行时段错误：*Bad argument 1 to call_other()
Expected: string or array or object Got: 0.

程式：u/xxy/lingzhou/npc/yipinwushi.c 第 33 行
物件: /u/xxy/lingzhou/npc/yipinwushi#662
呼叫来自：std/room.c 的 reset() 第 65 行，物件： u/xxy/lingzhou/yipindating
呼叫来自：std/room.c 的 make_inventory() 第 19 行，物件： u/xxy/lingzhou/yipindating
呼叫来自：u/xxy/lingzhou/npc/yipinwushi.c 的 create() 第 33 行，物件： u/xxy/lingzhou/npc/yipinwushi#662 ("一品堂武士")

执行时段错误：*Wrong permissions for opening file /u/lingzhou/log for append.
"No such file or directory"

程式：adm/obj/master.c 第 121 行
物件: /adm/obj/master
呼叫来自：std/room.c 的 reset() 第 54 行，物件： u/xxy/lingzhou/yipindayuan
呼叫来自：std/room.c 的 make_inventory() 第 19 行，物件： u/xxy/lingzhou/yipindayuan
呼叫来自：adm/obj/master.c 的 log_error() 第 121 行，物件： adm/obj/master
u/xxy/lingzhou/npc/yun.c line 39: Undefined function prepare_skill

执行时段错误：*Error in loading object '/u/xxy/lingzhou/npc/yun'

程式：std/room.c 第 19 行
物件: /u/xxy/lingzhou/yipindayuan
呼叫来自：std/room.c 的 reset() 第 54 行，物件： u/xxy/lingzhou/yipindayuan
呼叫来自：std/room.c 的 make_inventory() 第 19 行，物件： u/xxy/lingzhou/yipindayuan

执行时段错误：*Bad argument 1 to call_other()
Expected: string or array or object Got: 0.

程式：u/xxy/lingzhou/npc/yipinwushi.c 第 33 行
物件: /u/xxy/lingzhou/npc/yipinwushi#663
呼叫来自：std/room.c 的 reset() 第 65 行，物件： u/xxy/lingzhou/yipingate
呼叫来自：std/room.c 的 make_inventory() 第 19 行，物件： u/xxy/lingzhou/yipingate
呼叫来自：u/xxy/lingzhou/npc/yipinwushi.c 的 create() 第 33 行，物件： u/xxy/lingzhou/npc/yipinwushi#663 ("一品堂武士")

执行时段错误：*Bad argument 1 to call_other()
Expected: string or array or object Got: 0.

程式：std/room.c 第 20 行
物件: /u/xxy/lingzhou/jiangjunyuan
呼叫来自：std/room.c 的 reset() 第 65 行，物件： u/xxy/lingzhou/jiangjunyuan
呼叫来自：std/room.c 的 make_inventory() 第 20 行，物件： u/xxy/lingzhou/jiangjunyuan

执行时段错误：*Bad argument 1 to call_other()
Expected: string or array or object Got: 0.

程式：u/xxy/lingzhou/npc/xiaowei.c 第 32 行
物件: /u/xxy/lingzhou/npc/xiaowei#664
呼叫来自：std/room.c 的 reset() 第 65 行，物件： u/xxy/lingzhou/jiangjungate
呼叫来自：std/room.c 的 make_inventory() 第 19 行，物件： u/xxy/lingzhou/jiangjungate
呼叫来自：u/xxy/lingzhou/npc/xiaowei.c 的 create() 第 32 行，物件： u/xxy/lingzhou/npc/xiaowei#664 ("校尉")

执行时段错误：*Bad argument 1 to call_other()
Expected: string or array or object Got: 0.

程式：std/room.c 第 20 行
物件: /u/xxy/lingzhou/yamen
呼叫来自：std/room.c 的 reset() 第 65 行，物件： u/xxy/lingzhou/yamen
呼叫来自：std/room.c 的 make_inventory() 第 20 行，物件： u/xxy/lingzhou/yamen

执行时段错误：*Bad argument 1 to call_other()
Expected: string or array or object Got: 0.

程式：u/xxy/lingzhou/npc/xixiabing.c 第 33 行
物件: /u/xxy/lingzhou/npc/xixiabing#665
呼叫来自：std/room.c 的 reset() 第 65 行，物件： u/xxy/lingzhou/biaoqiyin
呼叫来自：std/room.c 的 make_inventory() 第 19 行，物件： u/xxy/lingzhou/biaoqiyin
呼叫来自：u/xxy/lingzhou/npc/xixiabing.c 的 create() 第 33 行，物件： u/xxy/lingzhou/npc/xixiabing#665 ("西夏兵")

执行时段错误：*Bad argument 1 to call_other()
Expected: string or array or object Got: 0.

程式：u/xxy/lingzhou/npc/xiaoer2.c 第 25 行
物件: /u/xxy/lingzhou/npc/xiaoer2#666
呼叫来自：std/room.c 的 reset() 第 54 行，物件： u/xxy/lingzhou/jiuguan
呼叫来自：std/room.c 的 make_inventory() 第 19 行，物件： u/xxy/lingzhou/jiuguan
呼叫来自：u/xxy/lingzhou/npc/xiaoer2.c 的 create() 第 25 行，物件： u/xxy/lingzhou/npc/xiaoer2#666 ("店小二")

执行时段错误：*Wrong permissions for opening file /u/lingzhou/log for append.
"No such file or directory"

程式：adm/obj/master.c 第 121 行
物件: /adm/obj/master
呼叫来自：std/room.c 的 reset() 第 54 行，物件： u/xxy/lingzhou/center
呼叫来自：std/room.c 的 make_inventory() 第 19 行，物件： u/xxy/lingzhou/center
呼叫来自：adm/obj/master.c 的 log_error() 第 121 行，物件： adm/obj/master
u/xxy/lingzhou/npc/duan.c line 39: Undefined function prepare_skill

执行时段错误：*Error in loading object '/u/xxy/lingzhou/npc/duan'

程式：std/room.c 第 19 行
物件: /u/xxy/lingzhou/center
呼叫来自：std/room.c 的 reset() 第 54 行，物件： u/xxy/lingzhou/center
呼叫来自：std/room.c 的 make_inventory() 第 19 行，物件： u/xxy/lingzhou/center

执行时段错误：*Bad argument 1 to call_other()
Expected: string or array or object Got: 0.

程式：u/xxy/lingzhou/npc/xiaowei.c 第 32 行
物件: /u/xxy/lingzhou/npc/xiaowei#667
呼叫来自：std/room.c 的 reset() 第 54 行，物件： u/xxy/lingzhou/nanmen
呼叫来自：std/room.c 的 make_inventory() 第 19 行，物件： u/xxy/lingzhou/nanmen
呼叫来自：u/xxy/lingzhou/npc/xiaowei.c 的 create() 第 32 行，物件： u/xxy/lingzhou/npc/xiaowei#667 ("校尉")

执行时段错误：*F_SKILL: No such skill (huashan-sword)

程式：feature/skill.c 第 17 行
物件: /u/xxy/guanwai/npc/fengxifan#670
呼叫来自：std/room.c 的 reset() 第 54 行，物件： u/xxy/guanwai/laolongtou
呼叫来自：std/room.c 的 make_inventory() 第 19 行，物件： u/xxy/guanwai/laolongtou
呼叫来自：u/xxy/guanwai/npc/fengxifan.c 的 create() 第 37 行，物件： u/xxy/guanwai/npc/fengxifan#670 ("冯锡范")
呼叫来自：feature/skill.c 的 set_skill() 第 17 行，物件： u/xxy/guanwai/npc/fengxifan#670 ("冯锡范")

执行时段错误：*Bad argument 1 to call_other()
Expected: string or array or object Got: 0.

程式：std/room.c 第 20 行
物件: /u/xxy/guanwai/shanhaiguan
呼叫来自：std/room.c 的 reset() 第 54 行，物件： u/xxy/guanwai/shanhaiguan
呼叫来自：std/room.c 的 make_inventory() 第 20 行，物件： u/xxy/guanwai/shanhaiguan

执行时段错误：*Bad argument 1 to call_other()
Expected: string or array or object Got: 0.

程式：u/xxy/guanwai/npc/xiaoyuanshan.c 第 51 行
物件: /u/xxy/guanwai/npc/xiaoyuanshan#671
呼叫来自：std/room.c 的 reset() 第 54 行，物件： u/xxy/guanwai/road1
呼叫来自：std/room.c 的 make_inventory() 第 19 行，物件： u/xxy/guanwai/road1
呼叫来自：u/xxy/guanwai/npc/xiaoyuanshan.c 的 create() 第 51 行，物件： u/xxy/guanwai/npc/xiaoyuanshan#671 ("萧远山")

执行时段错误：*Bad argument 1 to call_other()
Expected: string or array or object Got: 0.

程式：u/xxy/guanwai/npc/dahu.c 第 24 行
物件: /u/xxy/guanwai/npc/dahu#672
呼叫来自：std/room.c 的 reset() 第 54 行，物件： u/xxy/guanwai/road4
呼叫来自：std/room.c 的 make_inventory() 第 19 行，物件： u/xxy/guanwai/road4
呼叫来自：u/xxy/guanwai/npc/dahu.c 的 create() 第 24 行，物件： u/xxy/guanwai/npc/dahu#672 ("忽伦大虎")

执行时段错误：*Bad argument 1 to call_other()
Expected: string or array or object Got: 0.

程式：u/xxy/guanwai/npc/sihu.c 第 24 行
物件: /u/xxy/guanwai/npc/sihu#673
呼叫来自：std/room.c 的 reset() 第 54 行，物件： u/xxy/guanwai/road5
呼叫来自：std/room.c 的 make_inventory() 第 19 行，物件： u/xxy/guanwai/road5
呼叫来自：u/xxy/guanwai/npc/sihu.c 的 create() 第 24 行，物件： u/xxy/guanwai/npc/sihu#673 ("忽伦四虎")

执行时段错误：*Bad argument 1 to call_other()
Expected: string or array or object Got: 0.

程式：u/xxy/guanwai/npc/sanhu.c 第 24 行
物件: /u/xxy/guanwai/npc/sanhu#674
呼叫来自：std/room.c 的 reset() 第 54 行，物件： u/xxy/guanwai/road6
呼叫来自：std/room.c 的 make_inventory() 第 19 行，物件： u/xxy/guanwai/road6
呼叫来自：u/xxy/guanwai/npc/sanhu.c 的 create() 第 24 行，物件： u/xxy/guanwai/npc/sanhu#674 ("忽伦三虎")

执行时段错误：*Bad argument 1 to call_other()
Expected: string or array or object Got: 0.

程式：u/xxy/guanwai/npc/laoban.c 第 22 行
物件: /u/xxy/guanwai/npc/laoban#675
呼叫来自：std/room.c 的 reset() 第 54 行，物件： u/xxy/guanwai/rouguan
呼叫来自：std/room.c 的 make_inventory() 第 19 行，物件： u/xxy/guanwai/rouguan
呼叫来自：u/xxy/guanwai/npc/laoban.c 的 create() 第 22 行，物件： u/xxy/guanwai/npc/laoban#675 ("酒馆老板")

执行时段错误：*Bad argument 1 to call_other()
Expected: string or array or object Got: 0.

程式：std/room.c 第 20 行
物件: /u/xxy/guanwai/majiu
呼叫来自：std/room.c 的 reset() 第 54 行，物件： u/xxy/guanwai/majiu
呼叫来自：std/room.c 的 make_inventory() 第 20 行，物件： u/xxy/guanwai/majiu

执行时段错误：*F_SKILL: No such skill (hujia-daofa)

程式：feature/skill.c 第 17 行
物件: /u/xxy/guanwai/npc/yanji#676
呼叫来自：std/room.c 的 reset() 第 54 行，物件： u/xxy/guanwai/shanshenmiao
呼叫来自：std/room.c 的 make_inventory() 第 19 行，物件： u/xxy/guanwai/shanshenmiao
呼叫来自：u/xxy/guanwai/npc/yanji.c 的 create() 第 33 行，物件： u/xxy/guanwai/npc/yanji#676 ("阎基")
呼叫来自：feature/skill.c 的 set_skill() 第 17 行，物件： u/xxy/guanwai/npc/yanji#676 ("阎基")

执行时段错误：*Bad argument 1 to call_other()
Expected: string or array or object Got: 0.

程式：u/xxy/guanwai/npc/heersu.c 第 33 行
物件: /u/xxy/guanwai/npc/heersu#677
呼叫来自：std/room.c 的 reset() 第 54 行，物件： u/xxy/guanwai/tuwu
呼叫来自：std/room.c 的 make_inventory() 第 19 行，物件： u/xxy/guanwai/tuwu
呼叫来自：u/xxy/guanwai/npc/heersu.c 的 create() 第 33 行，物件： u/xxy/guanwai/npc/heersu#677 ("赫尔苏")

执行时段错误：*F_SKILL: No such skill (xiaowuxiang)

程式：feature/skill.c 第 17 行
物件: /u/xxy/guanwai/npc/tengyilei#678
呼叫来自：std/room.c 的 reset() 第 54 行，物件： u/xxy/guanwai/nancheng
呼叫来自：std/room.c 的 make_inventory() 第 19 行，物件： u/xxy/guanwai/nancheng
呼叫来自：u/xxy/guanwai/npc/tengyilei.c 的 create() 第 30 行，物件： u/xxy/guanwai/npc/tengyilei#678 ("滕一雷")
呼叫来自：feature/skill.c 的 set_skill() 第 17 行，物件： u/xxy/guanwai/npc/tengyilei#678 ("滕一雷")

执行时段错误：*Wrong permissions for opening file /u/guanwai/log for append.
"No such file or directory"

程式：adm/obj/master.c 第 121 行
物件: /adm/obj/master
呼叫来自：std/room.c 的 reset() 第 54 行，物件： u/xxy/guanwai/muqiao
呼叫来自：std/room.c 的 make_inventory() 第 19 行，物件： u/xxy/guanwai/muqiao
呼叫来自：adm/obj/master.c 的 log_error() 第 121 行，物件： adm/obj/master
u/xxy/guanwai/npc/yuzhenzi.c line 6: parse error

执行时段错误：*Error in loading object '/u/xxy/guanwai/npc/yuzhenzi'

程式：std/room.c 第 19 行
物件: /u/xxy/guanwai/muqiao
呼叫来自：std/room.c 的 reset() 第 54 行，物件： u/xxy/guanwai/muqiao
呼叫来自：std/room.c 的 make_inventory() 第 19 行，物件： u/xxy/guanwai/muqiao

执行时段错误：*Bad argument 1 to call_other()
Expected: string or array or object Got: 0.

程式：u/xxy/lingzhou/npc/yipinwushi.c 第 33 行
物件: /u/xxy/lingzhou/npc/yipinwushi#679
呼叫来自：std/room.c 的 reset() 第 65 行，物件： u/xxy/lingzhou/yipindating
呼叫来自：std/room.c 的 make_inventory() 第 19 行，物件： u/xxy/lingzhou/yipindating
呼叫来自：u/xxy/lingzhou/npc/yipinwushi.c 的 create() 第 33 行，物件： u/xxy/lingzhou/npc/yipinwushi#679 ("一品堂武士")

执行时段错误：*Wrong permissions for opening file /u/lingzhou/log for append.
"No such file or directory"

程式：adm/obj/master.c 第 121 行
物件: /adm/obj/master
呼叫来自：std/room.c 的 reset() 第 54 行，物件： u/xxy/lingzhou/yipindayuan
呼叫来自：std/room.c 的 make_inventory() 第 19 行，物件： u/xxy/lingzhou/yipindayuan
呼叫来自：adm/obj/master.c 的 log_error() 第 121 行，物件： adm/obj/master
u/xxy/lingzhou/npc/yun.c line 39: Undefined function prepare_skill

执行时段错误：*Error in loading object '/u/xxy/lingzhou/npc/yun'

程式：std/room.c 第 19 行
物件: /u/xxy/lingzhou/yipindayuan
呼叫来自：std/room.c 的 reset() 第 54 行，物件： u/xxy/lingzhou/yipindayuan
呼叫来自：std/room.c 的 make_inventory() 第 19 行，物件： u/xxy/lingzhou/yipindayuan

执行时段错误：*Bad argument 1 to call_other()
Expected: string or array or object Got: 0.

程式：u/xxy/lingzhou/npc/yipinwushi.c 第 33 行
物件: /u/xxy/lingzhou/npc/yipinwushi#680
呼叫来自：std/room.c 的 reset() 第 65 行，物件： u/xxy/lingzhou/yipingate
呼叫来自：std/room.c 的 make_inventory() 第 19 行，物件： u/xxy/lingzhou/yipingate
呼叫来自：u/xxy/lingzhou/npc/yipinwushi.c 的 create() 第 33 行，物件： u/xxy/lingzhou/npc/yipinwushi#680 ("一品堂武士")

执行时段错误：*Bad argument 1 to call_other()
Expected: string or array or object Got: 0.

程式：std/room.c 第 20 行
物件: /u/xxy/lingzhou/jiangjunyuan
呼叫来自：std/room.c 的 reset() 第 65 行，物件： u/xxy/lingzhou/jiangjunyuan
呼叫来自：std/room.c 的 make_inventory() 第 20 行，物件： u/xxy/lingzhou/jiangjunyuan

执行时段错误：*Bad argument 1 to call_other()
Expected: string or array or object Got: 0.

程式：u/xxy/lingzhou/npc/xiaowei.c 第 32 行
物件: /u/xxy/lingzhou/npc/xiaowei#681
呼叫来自：std/room.c 的 reset() 第 65 行，物件： u/xxy/lingzhou/jiangjungate
呼叫来自：std/room.c 的 make_inventory() 第 19 行，物件： u/xxy/lingzhou/jiangjungate
呼叫来自：u/xxy/lingzhou/npc/xiaowei.c 的 create() 第 32 行，物件： u/xxy/lingzhou/npc/xiaowei#681 ("校尉")

执行时段错误：*Bad argument 1 to call_other()
Expected: string or array or object Got: 0.

程式：std/room.c 第 20 行
物件: /u/xxy/lingzhou/yamen
呼叫来自：std/room.c 的 reset() 第 65 行，物件： u/xxy/lingzhou/yamen
呼叫来自：std/room.c 的 make_inventory() 第 20 行，物件： u/xxy/lingzhou/yamen

执行时段错误：*Bad argument 1 to call_other()
Expected: string or array or object Got: 0.

程式：u/xxy/lingzhou/npc/xixiabing.c 第 33 行
物件: /u/xxy/lingzhou/npc/xixiabing#682
呼叫来自：std/room.c 的 reset() 第 65 行，物件： u/xxy/lingzhou/biaoqiyin
呼叫来自：std/room.c 的 make_inventory() 第 19 行，物件： u/xxy/lingzhou/biaoqiyin
呼叫来自：u/xxy/lingzhou/npc/xixiabing.c 的 create() 第 33 行，物件： u/xxy/lingzhou/npc/xixiabing#682 ("西夏兵")

执行时段错误：*Bad argument 1 to call_other()
Expected: string or array or object Got: 0.

程式：u/xxy/lingzhou/npc/xiaoer2.c 第 25 行
物件: /u/xxy/lingzhou/npc/xiaoer2#683
呼叫来自：std/room.c 的 reset() 第 54 行，物件： u/xxy/lingzhou/jiuguan
呼叫来自：std/room.c 的 make_inventory() 第 19 行，物件： u/xxy/lingzhou/jiuguan
呼叫来自：u/xxy/lingzhou/npc/xiaoer2.c 的 create() 第 25 行，物件： u/xxy/lingzhou/npc/xiaoer2#683 ("店小二")

执行时段错误：*Wrong permissions for opening file /u/lingzhou/log for append.
"No such file or directory"

程式：adm/obj/master.c 第 121 行
物件: /adm/obj/master
呼叫来自：std/room.c 的 reset() 第 54 行，物件： u/xxy/lingzhou/center
呼叫来自：std/room.c 的 make_inventory() 第 19 行，物件： u/xxy/lingzhou/center
呼叫来自：adm/obj/master.c 的 log_error() 第 121 行，物件： adm/obj/master
u/xxy/lingzhou/npc/duan.c line 39: Undefined function prepare_skill

执行时段错误：*Error in loading object '/u/xxy/lingzhou/npc/duan'

程式：std/room.c 第 19 行
物件: /u/xxy/lingzhou/center
呼叫来自：std/room.c 的 reset() 第 54 行，物件： u/xxy/lingzhou/center
呼叫来自：std/room.c 的 make_inventory() 第 19 行，物件： u/xxy/lingzhou/center

执行时段错误：*Bad argument 1 to call_other()
Expected: string or array or object Got: 0.

程式：u/xxy/lingzhou/npc/xiaowei.c 第 32 行
物件: /u/xxy/lingzhou/npc/xiaowei#684
呼叫来自：std/room.c 的 reset() 第 54 行，物件： u/xxy/lingzhou/nanmen
呼叫来自：std/room.c 的 make_inventory() 第 19 行，物件： u/xxy/lingzhou/nanmen
呼叫来自：u/xxy/lingzhou/npc/xiaowei.c 的 create() 第 32 行，物件： u/xxy/lingzhou/npc/xiaowei#684 ("校尉")

执行时段错误：*F_SKILL: No such skill (huashan-sword)

程式：feature/skill.c 第 17 行
物件: /u/xxy/guanwai/npc/fengxifan#687
呼叫来自：std/room.c 的 reset() 第 54 行，物件： u/xxy/guanwai/laolongtou
呼叫来自：std/room.c 的 make_inventory() 第 19 行，物件： u/xxy/guanwai/laolongtou
呼叫来自：u/xxy/guanwai/npc/fengxifan.c 的 create() 第 37 行，物件： u/xxy/guanwai/npc/fengxifan#687 ("冯锡范")
呼叫来自：feature/skill.c 的 set_skill() 第 17 行，物件： u/xxy/guanwai/npc/fengxifan#687 ("冯锡范")

执行时段错误：*Bad argument 1 to call_other()
Expected: string or array or object Got: 0.

程式：std/room.c 第 20 行
物件: /u/xxy/guanwai/shanhaiguan
呼叫来自：std/room.c 的 reset() 第 54 行，物件： u/xxy/guanwai/shanhaiguan
呼叫来自：std/room.c 的 make_inventory() 第 20 行，物件： u/xxy/guanwai/shanhaiguan

执行时段错误：*Bad argument 1 to call_other()
Expected: string or array or object Got: 0.

程式：u/xxy/guanwai/npc/xiaoyuanshan.c 第 51 行
物件: /u/xxy/guanwai/npc/xiaoyuanshan#688
呼叫来自：std/room.c 的 reset() 第 54 行，物件： u/xxy/guanwai/road1
呼叫来自：std/room.c 的 make_inventory() 第 19 行，物件： u/xxy/guanwai/road1
呼叫来自：u/xxy/guanwai/npc/xiaoyuanshan.c 的 create() 第 51 行，物件： u/xxy/guanwai/npc/xiaoyuanshan#688 ("萧远山")

执行时段错误：*Bad argument 1 to call_other()
Expected: string or array or object Got: 0.

程式：u/xxy/guanwai/npc/dahu.c 第 24 行
物件: /u/xxy/guanwai/npc/dahu#689
呼叫来自：std/room.c 的 reset() 第 54 行，物件： u/xxy/guanwai/road4
呼叫来自：std/room.c 的 make_inventory() 第 19 行，物件： u/xxy/guanwai/road4
呼叫来自：u/xxy/guanwai/npc/dahu.c 的 create() 第 24 行，物件： u/xxy/guanwai/npc/dahu#689 ("忽伦大虎")

执行时段错误：*Bad argument 1 to call_other()
Expected: string or array or object Got: 0.

程式：u/xxy/guanwai/npc/sihu.c 第 24 行
物件: /u/xxy/guanwai/npc/sihu#690
呼叫来自：std/room.c 的 reset() 第 54 行，物件： u/xxy/guanwai/road5
呼叫来自：std/room.c 的 make_inventory() 第 19 行，物件： u/xxy/guanwai/road5
呼叫来自：u/xxy/guanwai/npc/sihu.c 的 create() 第 24 行，物件： u/xxy/guanwai/npc/sihu#690 ("忽伦四虎")

执行时段错误：*Bad argument 1 to call_other()
Expected: string or array or object Got: 0.

程式：u/xxy/guanwai/npc/sanhu.c 第 24 行
物件: /u/xxy/guanwai/npc/sanhu#691
呼叫来自：std/room.c 的 reset() 第 54 行，物件： u/xxy/guanwai/road6
呼叫来自：std/room.c 的 make_inventory() 第 19 行，物件： u/xxy/guanwai/road6
呼叫来自：u/xxy/guanwai/npc/sanhu.c 的 create() 第 24 行，物件： u/xxy/guanwai/npc/sanhu#691 ("忽伦三虎")

执行时段错误：*Bad argument 1 to call_other()
Expected: string or array or object Got: 0.

程式：u/xxy/guanwai/npc/laoban.c 第 22 行
物件: /u/xxy/guanwai/npc/laoban#692
呼叫来自：std/room.c 的 reset() 第 54 行，物件： u/xxy/guanwai/rouguan
呼叫来自：std/room.c 的 make_inventory() 第 19 行，物件： u/xxy/guanwai/rouguan
呼叫来自：u/xxy/guanwai/npc/laoban.c 的 create() 第 22 行，物件： u/xxy/guanwai/npc/laoban#692 ("酒馆老板")

执行时段错误：*Bad argument 1 to call_other()
Expected: string or array or object Got: 0.

程式：std/room.c 第 20 行
物件: /u/xxy/guanwai/majiu
呼叫来自：std/room.c 的 reset() 第 54 行，物件： u/xxy/guanwai/majiu
呼叫来自：std/room.c 的 make_inventory() 第 20 行，物件： u/xxy/guanwai/majiu

执行时段错误：*F_SKILL: No such skill (hujia-daofa)

程式：feature/skill.c 第 17 行
物件: /u/xxy/guanwai/npc/yanji#693
呼叫来自：std/room.c 的 reset() 第 54 行，物件： u/xxy/guanwai/shanshenmiao
呼叫来自：std/room.c 的 make_inventory() 第 19 行，物件： u/xxy/guanwai/shanshenmiao
呼叫来自：u/xxy/guanwai/npc/yanji.c 的 create() 第 33 行，物件： u/xxy/guanwai/npc/yanji#693 ("阎基")
呼叫来自：feature/skill.c 的 set_skill() 第 17 行，物件： u/xxy/guanwai/npc/yanji#693 ("阎基")

执行时段错误：*Bad argument 1 to call_other()
Expected: string or array or object Got: 0.

程式：u/xxy/guanwai/npc/heersu.c 第 33 行
物件: /u/xxy/guanwai/npc/heersu#694
呼叫来自：std/room.c 的 reset() 第 54 行，物件： u/xxy/guanwai/tuwu
呼叫来自：std/room.c 的 make_inventory() 第 19 行，物件： u/xxy/guanwai/tuwu
呼叫来自：u/xxy/guanwai/npc/heersu.c 的 create() 第 33 行，物件： u/xxy/guanwai/npc/heersu#694 ("赫尔苏")

执行时段错误：*F_SKILL: No such skill (xiaowuxiang)

程式：feature/skill.c 第 17 行
物件: /u/xxy/guanwai/npc/tengyilei#695
呼叫来自：std/room.c 的 reset() 第 54 行，物件： u/xxy/guanwai/nancheng
呼叫来自：std/room.c 的 make_inventory() 第 19 行，物件： u/xxy/guanwai/nancheng
呼叫来自：u/xxy/guanwai/npc/tengyilei.c 的 create() 第 30 行，物件： u/xxy/guanwai/npc/tengyilei#695 ("滕一雷")
呼叫来自：feature/skill.c 的 set_skill() 第 17 行，物件： u/xxy/guanwai/npc/tengyilei#695 ("滕一雷")

执行时段错误：*Wrong permissions for opening file /u/guanwai/log for append.
"No such file or directory"

程式：adm/obj/master.c 第 121 行
物件: /adm/obj/master
呼叫来自：std/room.c 的 reset() 第 54 行，物件： u/xxy/guanwai/muqiao
呼叫来自：std/room.c 的 make_inventory() 第 19 行，物件： u/xxy/guanwai/muqiao
呼叫来自：adm/obj/master.c 的 log_error() 第 121 行，物件： adm/obj/master
u/xxy/guanwai/npc/yuzhenzi.c line 6: parse error

执行时段错误：*Error in loading object '/u/xxy/guanwai/npc/yuzhenzi'

程式：std/room.c 第 19 行
物件: /u/xxy/guanwai/muqiao
呼叫来自：std/room.c 的 reset() 第 54 行，物件： u/xxy/guanwai/muqiao
呼叫来自：std/room.c 的 make_inventory() 第 19 行，物件： u/xxy/guanwai/muqiao

执行时段错误：*Bad argument 1 to call_other()
Expected: string or array or object Got: 0.

程式：u/xxy/lingzhou/npc/yipinwushi.c 第 33 行
物件: /u/xxy/lingzhou/npc/yipinwushi#696
呼叫来自：std/room.c 的 reset() 第 65 行，物件： u/xxy/lingzhou/yipindating
呼叫来自：std/room.c 的 make_inventory() 第 19 行，物件： u/xxy/lingzhou/yipindating
呼叫来自：u/xxy/lingzhou/npc/yipinwushi.c 的 create() 第 33 行，物件： u/xxy/lingzhou/npc/yipinwushi#696 ("一品堂武士")

执行时段错误：*Wrong permissions for opening file /u/lingzhou/log for append.
"No such file or directory"

程式：adm/obj/master.c 第 121 行
物件: /adm/obj/master
呼叫来自：std/room.c 的 reset() 第 54 行，物件： u/xxy/lingzhou/yipindayuan
呼叫来自：std/room.c 的 make_inventory() 第 19 行，物件： u/xxy/lingzhou/yipindayuan
呼叫来自：adm/obj/master.c 的 log_error() 第 121 行，物件： adm/obj/master
u/xxy/lingzhou/npc/yun.c line 39: Undefined function prepare_skill

执行时段错误：*Error in loading object '/u/xxy/lingzhou/npc/yun'

程式：std/room.c 第 19 行
物件: /u/xxy/lingzhou/yipindayuan
呼叫来自：std/room.c 的 reset() 第 54 行，物件： u/xxy/lingzhou/yipindayuan
呼叫来自：std/room.c 的 make_inventory() 第 19 行，物件： u/xxy/lingzhou/yipindayuan

执行时段错误：*Bad argument 1 to call_other()
Expected: string or array or object Got: 0.

程式：u/xxy/lingzhou/npc/yipinwushi.c 第 33 行
物件: /u/xxy/lingzhou/npc/yipinwushi#697
呼叫来自：std/room.c 的 reset() 第 65 行，物件： u/xxy/lingzhou/yipingate
呼叫来自：std/room.c 的 make_inventory() 第 19 行，物件： u/xxy/lingzhou/yipingate
呼叫来自：u/xxy/lingzhou/npc/yipinwushi.c 的 create() 第 33 行，物件： u/xxy/lingzhou/npc/yipinwushi#697 ("一品堂武士")

执行时段错误：*Bad argument 1 to call_other()
Expected: string or array or object Got: 0.

程式：std/room.c 第 20 行
物件: /u/xxy/lingzhou/jiangjunyuan
呼叫来自：std/room.c 的 reset() 第 65 行，物件： u/xxy/lingzhou/jiangjunyuan
呼叫来自：std/room.c 的 make_inventory() 第 20 行，物件： u/xxy/lingzhou/jiangjunyuan

执行时段错误：*Bad argument 1 to call_other()
Expected: string or array or object Got: 0.

程式：u/xxy/lingzhou/npc/xiaowei.c 第 32 行
物件: /u/xxy/lingzhou/npc/xiaowei#698
呼叫来自：std/room.c 的 reset() 第 65 行，物件： u/xxy/lingzhou/jiangjungate
呼叫来自：std/room.c 的 make_inventory() 第 19 行，物件： u/xxy/lingzhou/jiangjungate
呼叫来自：u/xxy/lingzhou/npc/xiaowei.c 的 create() 第 32 行，物件： u/xxy/lingzhou/npc/xiaowei#698 ("校尉")

执行时段错误：*Bad argument 1 to call_other()
Expected: string or array or object Got: 0.

程式：std/room.c 第 20 行
物件: /u/xxy/lingzhou/yamen
呼叫来自：std/room.c 的 reset() 第 65 行，物件： u/xxy/lingzhou/yamen
呼叫来自：std/room.c 的 make_inventory() 第 20 行，物件： u/xxy/lingzhou/yamen

执行时段错误：*Bad argument 1 to call_other()
Expected: string or array or object Got: 0.

程式：u/xxy/lingzhou/npc/xixiabing.c 第 33 行
物件: /u/xxy/lingzhou/npc/xixiabing#699
呼叫来自：std/room.c 的 reset() 第 65 行，物件： u/xxy/lingzhou/biaoqiyin
呼叫来自：std/room.c 的 make_inventory() 第 19 行，物件： u/xxy/lingzhou/biaoqiyin
呼叫来自：u/xxy/lingzhou/npc/xixiabing.c 的 create() 第 33 行，物件： u/xxy/lingzhou/npc/xixiabing#699 ("西夏兵")

执行时段错误：*Bad argument 1 to call_other()
Expected: string or array or object Got: 0.

程式：u/xxy/lingzhou/npc/xiaoer2.c 第 25 行
物件: /u/xxy/lingzhou/npc/xiaoer2#700
呼叫来自：std/room.c 的 reset() 第 54 行，物件： u/xxy/lingzhou/jiuguan
呼叫来自：std/room.c 的 make_inventory() 第 19 行，物件： u/xxy/lingzhou/jiuguan
呼叫来自：u/xxy/lingzhou/npc/xiaoer2.c 的 create() 第 25 行，物件： u/xxy/lingzhou/npc/xiaoer2#700 ("店小二")

执行时段错误：*Wrong permissions for opening file /u/lingzhou/log for append.
"No such file or directory"

程式：adm/obj/master.c 第 121 行
物件: /adm/obj/master
呼叫来自：std/room.c 的 reset() 第 54 行，物件： u/xxy/lingzhou/center
呼叫来自：std/room.c 的 make_inventory() 第 19 行，物件： u/xxy/lingzhou/center
呼叫来自：adm/obj/master.c 的 log_error() 第 121 行，物件： adm/obj/master
u/xxy/lingzhou/npc/duan.c line 39: Undefined function prepare_skill

执行时段错误：*Error in loading object '/u/xxy/lingzhou/npc/duan'

程式：std/room.c 第 19 行
物件: /u/xxy/lingzhou/center
呼叫来自：std/room.c 的 reset() 第 54 行，物件： u/xxy/lingzhou/center
呼叫来自：std/room.c 的 make_inventory() 第 19 行，物件： u/xxy/lingzhou/center

执行时段错误：*Bad argument 1 to call_other()
Expected: string or array or object Got: 0.

程式：u/xxy/lingzhou/npc/xiaowei.c 第 32 行
物件: /u/xxy/lingzhou/npc/xiaowei#701
呼叫来自：std/room.c 的 reset() 第 54 行，物件： u/xxy/lingzhou/nanmen
呼叫来自：std/room.c 的 make_inventory() 第 19 行，物件： u/xxy/lingzhou/nanmen
呼叫来自：u/xxy/lingzhou/npc/xiaowei.c 的 create() 第 32 行，物件： u/xxy/lingzhou/npc/xiaowei#701 ("校尉")

执行时段错误：*F_SKILL: No such skill (huashan-sword)

程式：feature/skill.c 第 17 行
物件: /u/xxy/guanwai/npc/fengxifan#702
呼叫来自：std/room.c 的 reset() 第 54 行，物件： u/xxy/guanwai/laolongtou
呼叫来自：std/room.c 的 make_inventory() 第 19 行，物件： u/xxy/guanwai/laolongtou
呼叫来自：u/xxy/guanwai/npc/fengxifan.c 的 create() 第 37 行，物件： u/xxy/guanwai/npc/fengxifan#702 ("冯锡范")
呼叫来自：feature/skill.c 的 set_skill() 第 17 行，物件： u/xxy/guanwai/npc/fengxifan#702 ("冯锡范")

执行时段错误：*Bad argument 1 to call_other()
Expected: string or array or object Got: 0.

程式：std/room.c 第 20 行
物件: /u/xxy/guanwai/shanhaiguan
呼叫来自：std/room.c 的 reset() 第 54 行，物件： u/xxy/guanwai/shanhaiguan
呼叫来自：std/room.c 的 make_inventory() 第 20 行，物件： u/xxy/guanwai/shanhaiguan

执行时段错误：*Bad argument 1 to call_other()
Expected: string or array or object Got: 0.

程式：u/xxy/guanwai/npc/xiaoyuanshan.c 第 51 行
物件: /u/xxy/guanwai/npc/xiaoyuanshan#703
呼叫来自：std/room.c 的 reset() 第 54 行，物件： u/xxy/guanwai/road1
呼叫来自：std/room.c 的 make_inventory() 第 19 行，物件： u/xxy/guanwai/road1
呼叫来自：u/xxy/guanwai/npc/xiaoyuanshan.c 的 create() 第 51 行，物件： u/xxy/guanwai/npc/xiaoyuanshan#703 ("萧远山")

执行时段错误：*Bad argument 1 to call_other()
Expected: string or array or object Got: 0.

程式：u/xxy/guanwai/npc/dahu.c 第 24 行
物件: /u/xxy/guanwai/npc/dahu#704
呼叫来自：std/room.c 的 reset() 第 54 行，物件： u/xxy/guanwai/road4
呼叫来自：std/room.c 的 make_inventory() 第 19 行，物件： u/xxy/guanwai/road4
呼叫来自：u/xxy/guanwai/npc/dahu.c 的 create() 第 24 行，物件： u/xxy/guanwai/npc/dahu#704 ("忽伦大虎")

执行时段错误：*Bad argument 1 to call_other()
Expected: string or array or object Got: 0.

程式：u/xxy/guanwai/npc/sihu.c 第 24 行
物件: /u/xxy/guanwai/npc/sihu#705
呼叫来自：std/room.c 的 reset() 第 54 行，物件： u/xxy/guanwai/road5
呼叫来自：std/room.c 的 make_inventory() 第 19 行，物件： u/xxy/guanwai/road5
呼叫来自：u/xxy/guanwai/npc/sihu.c 的 create() 第 24 行，物件： u/xxy/guanwai/npc/sihu#705 ("忽伦四虎")

执行时段错误：*Bad argument 1 to call_other()
Expected: string or array or object Got: 0.

程式：u/xxy/guanwai/npc/sanhu.c 第 24 行
物件: /u/xxy/guanwai/npc/sanhu#706
呼叫来自：std/room.c 的 reset() 第 54 行，物件： u/xxy/guanwai/road6
呼叫来自：std/room.c 的 make_inventory() 第 19 行，物件： u/xxy/guanwai/road6
呼叫来自：u/xxy/guanwai/npc/sanhu.c 的 create() 第 24 行，物件： u/xxy/guanwai/npc/sanhu#706 ("忽伦三虎")

执行时段错误：*Bad argument 1 to call_other()
Expected: string or array or object Got: 0.

程式：u/xxy/guanwai/npc/laoban.c 第 22 行
物件: /u/xxy/guanwai/npc/laoban#707
呼叫来自：std/room.c 的 reset() 第 54 行，物件： u/xxy/guanwai/rouguan
呼叫来自：std/room.c 的 make_inventory() 第 19 行，物件： u/xxy/guanwai/rouguan
呼叫来自：u/xxy/guanwai/npc/laoban.c 的 create() 第 22 行，物件： u/xxy/guanwai/npc/laoban#707 ("酒馆老板")

执行时段错误：*Bad argument 1 to call_other()
Expected: string or array or object Got: 0.

程式：std/room.c 第 20 行
物件: /u/xxy/guanwai/majiu
呼叫来自：std/room.c 的 reset() 第 54 行，物件： u/xxy/guanwai/majiu
呼叫来自：std/room.c 的 make_inventory() 第 20 行，物件： u/xxy/guanwai/majiu

执行时段错误：*F_SKILL: No such skill (hujia-daofa)

程式：feature/skill.c 第 17 行
物件: /u/xxy/guanwai/npc/yanji#708
呼叫来自：std/room.c 的 reset() 第 54 行，物件： u/xxy/guanwai/shanshenmiao
呼叫来自：std/room.c 的 make_inventory() 第 19 行，物件： u/xxy/guanwai/shanshenmiao
呼叫来自：u/xxy/guanwai/npc/yanji.c 的 create() 第 33 行，物件： u/xxy/guanwai/npc/yanji#708 ("阎基")
呼叫来自：feature/skill.c 的 set_skill() 第 17 行，物件： u/xxy/guanwai/npc/yanji#708 ("阎基")

执行时段错误：*Bad argument 1 to call_other()
Expected: string or array or object Got: 0.

程式：u/xxy/guanwai/npc/heersu.c 第 33 行
物件: /u/xxy/guanwai/npc/heersu#709
呼叫来自：std/room.c 的 reset() 第 54 行，物件： u/xxy/guanwai/tuwu
呼叫来自：std/room.c 的 make_inventory() 第 19 行，物件： u/xxy/guanwai/tuwu
呼叫来自：u/xxy/guanwai/npc/heersu.c 的 create() 第 33 行，物件： u/xxy/guanwai/npc/heersu#709 ("赫尔苏")

执行时段错误：*F_SKILL: No such skill (xiaowuxiang)

程式：feature/skill.c 第 17 行
物件: /u/xxy/guanwai/npc/tengyilei#710
呼叫来自：std/room.c 的 reset() 第 54 行，物件： u/xxy/guanwai/nancheng
呼叫来自：std/room.c 的 make_inventory() 第 19 行，物件： u/xxy/guanwai/nancheng
呼叫来自：u/xxy/guanwai/npc/tengyilei.c 的 create() 第 30 行，物件： u/xxy/guanwai/npc/tengyilei#710 ("滕一雷")
呼叫来自：feature/skill.c 的 set_skill() 第 17 行，物件： u/xxy/guanwai/npc/tengyilei#710 ("滕一雷")

执行时段错误：*Wrong permissions for opening file /u/guanwai/log for append.
"No such file or directory"

程式：adm/obj/master.c 第 121 行
物件: /adm/obj/master
呼叫来自：std/room.c 的 reset() 第 54 行，物件： u/xxy/guanwai/muqiao
呼叫来自：std/room.c 的 make_inventory() 第 19 行，物件： u/xxy/guanwai/muqiao
呼叫来自：adm/obj/master.c 的 log_error() 第 121 行，物件： adm/obj/master
u/xxy/guanwai/npc/yuzhenzi.c line 6: parse error

执行时段错误：*Error in loading object '/u/xxy/guanwai/npc/yuzhenzi'

程式：std/room.c 第 19 行
物件: /u/xxy/guanwai/muqiao
呼叫来自：std/room.c 的 reset() 第 54 行，物件： u/xxy/guanwai/muqiao
呼叫来自：std/room.c 的 make_inventory() 第 19 行，物件： u/xxy/guanwai/muqiao

执行时段错误：*Bad argument 1 to call_other()
Expected: string or array or object Got: 0.

程式：u/xxy/lingzhou/npc/yipinwushi.c 第 33 行
物件: /u/xxy/lingzhou/npc/yipinwushi#711
呼叫来自：std/room.c 的 reset() 第 65 行，物件： u/xxy/lingzhou/yipindating
呼叫来自：std/room.c 的 make_inventory() 第 19 行，物件： u/xxy/lingzhou/yipindating
呼叫来自：u/xxy/lingzhou/npc/yipinwushi.c 的 create() 第 33 行，物件： u/xxy/lingzhou/npc/yipinwushi#711 ("一品堂武士")

执行时段错误：*Wrong permissions for opening file /u/lingzhou/log for append.
"No such file or directory"

程式：adm/obj/master.c 第 121 行
物件: /adm/obj/master
呼叫来自：std/room.c 的 reset() 第 54 行，物件： u/xxy/lingzhou/yipindayuan
呼叫来自：std/room.c 的 make_inventory() 第 19 行，物件： u/xxy/lingzhou/yipindayuan
呼叫来自：adm/obj/master.c 的 log_error() 第 121 行，物件： adm/obj/master
u/xxy/lingzhou/npc/yun.c line 39: Undefined function prepare_skill

执行时段错误：*Error in loading object '/u/xxy/lingzhou/npc/yun'

程式：std/room.c 第 19 行
物件: /u/xxy/lingzhou/yipindayuan
呼叫来自：std/room.c 的 reset() 第 54 行，物件： u/xxy/lingzhou/yipindayuan
呼叫来自：std/room.c 的 make_inventory() 第 19 行，物件： u/xxy/lingzhou/yipindayuan

执行时段错误：*Bad argument 1 to call_other()
Expected: string or array or object Got: 0.

程式：u/xxy/lingzhou/npc/yipinwushi.c 第 33 行
物件: /u/xxy/lingzhou/npc/yipinwushi#712
呼叫来自：std/room.c 的 reset() 第 65 行，物件： u/xxy/lingzhou/yipingate
呼叫来自：std/room.c 的 make_inventory() 第 19 行，物件： u/xxy/lingzhou/yipingate
呼叫来自：u/xxy/lingzhou/npc/yipinwushi.c 的 create() 第 33 行，物件： u/xxy/lingzhou/npc/yipinwushi#712 ("一品堂武士")

执行时段错误：*Bad argument 1 to call_other()
Expected: string or array or object Got: 0.

程式：std/room.c 第 20 行
物件: /u/xxy/lingzhou/jiangjunyuan
呼叫来自：std/room.c 的 reset() 第 65 行，物件： u/xxy/lingzhou/jiangjunyuan
呼叫来自：std/room.c 的 make_inventory() 第 20 行，物件： u/xxy/lingzhou/jiangjunyuan

执行时段错误：*Bad argument 1 to call_other()
Expected: string or array or object Got: 0.

程式：u/xxy/lingzhou/npc/xiaowei.c 第 32 行
物件: /u/xxy/lingzhou/npc/xiaowei#713
呼叫来自：std/room.c 的 reset() 第 65 行，物件： u/xxy/lingzhou/jiangjungate
呼叫来自：std/room.c 的 make_inventory() 第 19 行，物件： u/xxy/lingzhou/jiangjungate
呼叫来自：u/xxy/lingzhou/npc/xiaowei.c 的 create() 第 32 行，物件： u/xxy/lingzhou/npc/xiaowei#713 ("校尉")

执行时段错误：*Bad argument 1 to call_other()
Expected: string or array or object Got: 0.

程式：std/room.c 第 20 行
物件: /u/xxy/lingzhou/yamen
呼叫来自：std/room.c 的 reset() 第 65 行，物件： u/xxy/lingzhou/yamen
呼叫来自：std/room.c 的 make_inventory() 第 20 行，物件： u/xxy/lingzhou/yamen

执行时段错误：*Bad argument 1 to call_other()
Expected: string or array or object Got: 0.

程式：u/xxy/lingzhou/npc/xixiabing.c 第 33 行
物件: /u/xxy/lingzhou/npc/xixiabing#714
呼叫来自：std/room.c 的 reset() 第 65 行，物件： u/xxy/lingzhou/biaoqiyin
呼叫来自：std/room.c 的 make_inventory() 第 19 行，物件： u/xxy/lingzhou/biaoqiyin
呼叫来自：u/xxy/lingzhou/npc/xixiabing.c 的 create() 第 33 行，物件： u/xxy/lingzhou/npc/xixiabing#714 ("西夏兵")

执行时段错误：*Bad argument 1 to call_other()
Expected: string or array or object Got: 0.

程式：u/xxy/lingzhou/npc/xiaoer2.c 第 25 行
物件: /u/xxy/lingzhou/npc/xiaoer2#715
呼叫来自：std/room.c 的 reset() 第 54 行，物件： u/xxy/lingzhou/jiuguan
呼叫来自：std/room.c 的 make_inventory() 第 19 行，物件： u/xxy/lingzhou/jiuguan
呼叫来自：u/xxy/lingzhou/npc/xiaoer2.c 的 create() 第 25 行，物件： u/xxy/lingzhou/npc/xiaoer2#715 ("店小二")

执行时段错误：*Wrong permissions for opening file /u/lingzhou/log for append.
"No such file or directory"

程式：adm/obj/master.c 第 121 行
物件: /adm/obj/master
呼叫来自：std/room.c 的 reset() 第 54 行，物件： u/xxy/lingzhou/center
呼叫来自：std/room.c 的 make_inventory() 第 19 行，物件： u/xxy/lingzhou/center
呼叫来自：adm/obj/master.c 的 log_error() 第 121 行，物件： adm/obj/master
u/xxy/lingzhou/npc/duan.c line 39: Undefined function prepare_skill

执行时段错误：*Error in loading object '/u/xxy/lingzhou/npc/duan'

程式：std/room.c 第 19 行
物件: /u/xxy/lingzhou/center
呼叫来自：std/room.c 的 reset() 第 54 行，物件： u/xxy/lingzhou/center
呼叫来自：std/room.c 的 make_inventory() 第 19 行，物件： u/xxy/lingzhou/center

执行时段错误：*Bad argument 1 to call_other()
Expected: string or array or object Got: 0.

程式：u/xxy/lingzhou/npc/xiaowei.c 第 32 行
物件: /u/xxy/lingzhou/npc/xiaowei#716
呼叫来自：std/room.c 的 reset() 第 54 行，物件： u/xxy/lingzhou/nanmen
呼叫来自：std/room.c 的 make_inventory() 第 19 行，物件： u/xxy/lingzhou/nanmen
呼叫来自：u/xxy/lingzhou/npc/xiaowei.c 的 create() 第 32 行，物件： u/xxy/lingzhou/npc/xiaowei#716 ("校尉")

执行时段错误：*F_SKILL: No such skill (huashan-sword)

程式：feature/skill.c 第 17 行
物件: /u/xxy/guanwai/npc/fengxifan#719
呼叫来自：std/room.c 的 reset() 第 54 行，物件： u/xxy/guanwai/laolongtou
呼叫来自：std/room.c 的 make_inventory() 第 19 行，物件： u/xxy/guanwai/laolongtou
呼叫来自：u/xxy/guanwai/npc/fengxifan.c 的 create() 第 37 行，物件： u/xxy/guanwai/npc/fengxifan#719 ("冯锡范")
呼叫来自：feature/skill.c 的 set_skill() 第 17 行，物件： u/xxy/guanwai/npc/fengxifan#719 ("冯锡范")

执行时段错误：*Bad argument 1 to call_other()
Expected: string or array or object Got: 0.

程式：std/room.c 第 20 行
物件: /u/xxy/guanwai/shanhaiguan
呼叫来自：std/room.c 的 reset() 第 54 行，物件： u/xxy/guanwai/shanhaiguan
呼叫来自：std/room.c 的 make_inventory() 第 20 行，物件： u/xxy/guanwai/shanhaiguan

执行时段错误：*Bad argument 1 to call_other()
Expected: string or array or object Got: 0.

程式：u/xxy/guanwai/npc/xiaoyuanshan.c 第 51 行
物件: /u/xxy/guanwai/npc/xiaoyuanshan#720
呼叫来自：std/room.c 的 reset() 第 54 行，物件： u/xxy/guanwai/road1
呼叫来自：std/room.c 的 make_inventory() 第 19 行，物件： u/xxy/guanwai/road1
呼叫来自：u/xxy/guanwai/npc/xiaoyuanshan.c 的 create() 第 51 行，物件： u/xxy/guanwai/npc/xiaoyuanshan#720 ("萧远山")

执行时段错误：*Bad argument 1 to call_other()
Expected: string or array or object Got: 0.

程式：u/xxy/guanwai/npc/dahu.c 第 24 行
物件: /u/xxy/guanwai/npc/dahu#721
呼叫来自：std/room.c 的 reset() 第 54 行，物件： u/xxy/guanwai/road4
呼叫来自：std/room.c 的 make_inventory() 第 19 行，物件： u/xxy/guanwai/road4
呼叫来自：u/xxy/guanwai/npc/dahu.c 的 create() 第 24 行，物件： u/xxy/guanwai/npc/dahu#721 ("忽伦大虎")

执行时段错误：*Bad argument 1 to call_other()
Expected: string or array or object Got: 0.

程式：u/xxy/guanwai/npc/sihu.c 第 24 行
物件: /u/xxy/guanwai/npc/sihu#722
呼叫来自：std/room.c 的 reset() 第 54 行，物件： u/xxy/guanwai/road5
呼叫来自：std/room.c 的 make_inventory() 第 19 行，物件： u/xxy/guanwai/road5
呼叫来自：u/xxy/guanwai/npc/sihu.c 的 create() 第 24 行，物件： u/xxy/guanwai/npc/sihu#722 ("忽伦四虎")

执行时段错误：*Bad argument 1 to call_other()
Expected: string or array or object Got: 0.

程式：u/xxy/guanwai/npc/sanhu.c 第 24 行
物件: /u/xxy/guanwai/npc/sanhu#723
呼叫来自：std/room.c 的 reset() 第 54 行，物件： u/xxy/guanwai/road6
呼叫来自：std/room.c 的 make_inventory() 第 19 行，物件： u/xxy/guanwai/road6
呼叫来自：u/xxy/guanwai/npc/sanhu.c 的 create() 第 24 行，物件： u/xxy/guanwai/npc/sanhu#723 ("忽伦三虎")

执行时段错误：*Bad argument 1 to call_other()
Expected: string or array or object Got: 0.

程式：u/xxy/guanwai/npc/laoban.c 第 22 行
物件: /u/xxy/guanwai/npc/laoban#724
呼叫来自：std/room.c 的 reset() 第 54 行，物件： u/xxy/guanwai/rouguan
呼叫来自：std/room.c 的 make_inventory() 第 19 行，物件： u/xxy/guanwai/rouguan
呼叫来自：u/xxy/guanwai/npc/laoban.c 的 create() 第 22 行，物件： u/xxy/guanwai/npc/laoban#724 ("酒馆老板")

执行时段错误：*Bad argument 1 to call_other()
Expected: string or array or object Got: 0.

程式：std/room.c 第 20 行
物件: /u/xxy/guanwai/majiu
呼叫来自：std/room.c 的 reset() 第 54 行，物件： u/xxy/guanwai/majiu
呼叫来自：std/room.c 的 make_inventory() 第 20 行，物件： u/xxy/guanwai/majiu

执行时段错误：*F_SKILL: No such skill (hujia-daofa)

程式：feature/skill.c 第 17 行
物件: /u/xxy/guanwai/npc/yanji#725
呼叫来自：std/room.c 的 reset() 第 54 行，物件： u/xxy/guanwai/shanshenmiao
呼叫来自：std/room.c 的 make_inventory() 第 19 行，物件： u/xxy/guanwai/shanshenmiao
呼叫来自：u/xxy/guanwai/npc/yanji.c 的 create() 第 33 行，物件： u/xxy/guanwai/npc/yanji#725 ("阎基")
呼叫来自：feature/skill.c 的 set_skill() 第 17 行，物件： u/xxy/guanwai/npc/yanji#725 ("阎基")

执行时段错误：*Bad argument 1 to call_other()
Expected: string or array or object Got: 0.

程式：u/xxy/guanwai/npc/heersu.c 第 33 行
物件: /u/xxy/guanwai/npc/heersu#726
呼叫来自：std/room.c 的 reset() 第 54 行，物件： u/xxy/guanwai/tuwu
呼叫来自：std/room.c 的 make_inventory() 第 19 行，物件： u/xxy/guanwai/tuwu
呼叫来自：u/xxy/guanwai/npc/heersu.c 的 create() 第 33 行，物件： u/xxy/guanwai/npc/heersu#726 ("赫尔苏")

执行时段错误：*F_SKILL: No such skill (xiaowuxiang)

程式：feature/skill.c 第 17 行
物件: /u/xxy/guanwai/npc/tengyilei#727
呼叫来自：std/room.c 的 reset() 第 54 行，物件： u/xxy/guanwai/nancheng
呼叫来自：std/room.c 的 make_inventory() 第 19 行，物件： u/xxy/guanwai/nancheng
呼叫来自：u/xxy/guanwai/npc/tengyilei.c 的 create() 第 30 行，物件： u/xxy/guanwai/npc/tengyilei#727 ("滕一雷")
呼叫来自：feature/skill.c 的 set_skill() 第 17 行，物件： u/xxy/guanwai/npc/tengyilei#727 ("滕一雷")

执行时段错误：*Wrong permissions for opening file /u/guanwai/log for append.
"No such file or directory"

程式：adm/obj/master.c 第 121 行
物件: /adm/obj/master
呼叫来自：std/room.c 的 reset() 第 54 行，物件： u/xxy/guanwai/muqiao
呼叫来自：std/room.c 的 make_inventory() 第 19 行，物件： u/xxy/guanwai/muqiao
呼叫来自：adm/obj/master.c 的 log_error() 第 121 行，物件： adm/obj/master
u/xxy/guanwai/npc/yuzhenzi.c line 6: parse error

执行时段错误：*Error in loading object '/u/xxy/guanwai/npc/yuzhenzi'

程式：std/room.c 第 19 行
物件: /u/xxy/guanwai/muqiao
呼叫来自：std/room.c 的 reset() 第 54 行，物件： u/xxy/guanwai/muqiao
呼叫来自：std/room.c 的 make_inventory() 第 19 行，物件： u/xxy/guanwai/muqiao

执行时段错误：*Bad argument 1 to call_other()
Expected: string or array or object Got: 0.

程式：u/xxy/lingzhou/npc/yipinwushi.c 第 33 行
物件: /u/xxy/lingzhou/npc/yipinwushi#728
呼叫来自：std/room.c 的 reset() 第 65 行，物件： u/xxy/lingzhou/yipindating
呼叫来自：std/room.c 的 make_inventory() 第 19 行，物件： u/xxy/lingzhou/yipindating
呼叫来自：u/xxy/lingzhou/npc/yipinwushi.c 的 create() 第 33 行，物件： u/xxy/lingzhou/npc/yipinwushi#728 ("一品堂武士")

执行时段错误：*Wrong permissions for opening file /u/lingzhou/log for append.
"No such file or directory"

程式：adm/obj/master.c 第 121 行
物件: /adm/obj/master
呼叫来自：std/room.c 的 reset() 第 54 行，物件： u/xxy/lingzhou/yipindayuan
呼叫来自：std/room.c 的 make_inventory() 第 19 行，物件： u/xxy/lingzhou/yipindayuan
呼叫来自：adm/obj/master.c 的 log_error() 第 121 行，物件： adm/obj/master
u/xxy/lingzhou/npc/yun.c line 39: Undefined function prepare_skill

执行时段错误：*Error in loading object '/u/xxy/lingzhou/npc/yun'

程式：std/room.c 第 19 行
物件: /u/xxy/lingzhou/yipindayuan
呼叫来自：std/room.c 的 reset() 第 54 行，物件： u/xxy/lingzhou/yipindayuan
呼叫来自：std/room.c 的 make_inventory() 第 19 行，物件： u/xxy/lingzhou/yipindayuan

执行时段错误：*Bad argument 1 to call_other()
Expected: string or array or object Got: 0.

程式：u/xxy/lingzhou/npc/yipinwushi.c 第 33 行
物件: /u/xxy/lingzhou/npc/yipinwushi#729
呼叫来自：std/room.c 的 reset() 第 65 行，物件： u/xxy/lingzhou/yipingate
呼叫来自：std/room.c 的 make_inventory() 第 19 行，物件： u/xxy/lingzhou/yipingate
呼叫来自：u/xxy/lingzhou/npc/yipinwushi.c 的 create() 第 33 行，物件： u/xxy/lingzhou/npc/yipinwushi#729 ("一品堂武士")

执行时段错误：*Bad argument 1 to call_other()
Expected: string or array or object Got: 0.

程式：std/room.c 第 20 行
物件: /u/xxy/lingzhou/jiangjunyuan
呼叫来自：std/room.c 的 reset() 第 65 行，物件： u/xxy/lingzhou/jiangjunyuan
呼叫来自：std/room.c 的 make_inventory() 第 20 行，物件： u/xxy/lingzhou/jiangjunyuan

执行时段错误：*Bad argument 1 to call_other()
Expected: string or array or object Got: 0.

程式：u/xxy/lingzhou/npc/xiaowei.c 第 32 行
物件: /u/xxy/lingzhou/npc/xiaowei#730
呼叫来自：std/room.c 的 reset() 第 65 行，物件： u/xxy/lingzhou/jiangjungate
呼叫来自：std/room.c 的 make_inventory() 第 19 行，物件： u/xxy/lingzhou/jiangjungate
呼叫来自：u/xxy/lingzhou/npc/xiaowei.c 的 create() 第 32 行，物件： u/xxy/lingzhou/npc/xiaowei#730 ("校尉")

执行时段错误：*Bad argument 1 to call_other()
Expected: string or array or object Got: 0.

程式：std/room.c 第 20 行
物件: /u/xxy/lingzhou/yamen
呼叫来自：std/room.c 的 reset() 第 65 行，物件： u/xxy/lingzhou/yamen
呼叫来自：std/room.c 的 make_inventory() 第 20 行，物件： u/xxy/lingzhou/yamen

执行时段错误：*Bad argument 1 to call_other()
Expected: string or array or object Got: 0.

程式：u/xxy/lingzhou/npc/xixiabing.c 第 33 行
物件: /u/xxy/lingzhou/npc/xixiabing#731
呼叫来自：std/room.c 的 reset() 第 65 行，物件： u/xxy/lingzhou/biaoqiyin
呼叫来自：std/room.c 的 make_inventory() 第 19 行，物件： u/xxy/lingzhou/biaoqiyin
呼叫来自：u/xxy/lingzhou/npc/xixiabing.c 的 create() 第 33 行，物件： u/xxy/lingzhou/npc/xixiabing#731 ("西夏兵")

执行时段错误：*Bad argument 1 to call_other()
Expected: string or array or object Got: 0.

程式：u/xxy/lingzhou/npc/xiaoer2.c 第 25 行
物件: /u/xxy/lingzhou/npc/xiaoer2#732
呼叫来自：std/room.c 的 reset() 第 54 行，物件： u/xxy/lingzhou/jiuguan
呼叫来自：std/room.c 的 make_inventory() 第 19 行，物件： u/xxy/lingzhou/jiuguan
呼叫来自：u/xxy/lingzhou/npc/xiaoer2.c 的 create() 第 25 行，物件： u/xxy/lingzhou/npc/xiaoer2#732 ("店小二")

执行时段错误：*Wrong permissions for opening file /u/lingzhou/log for append.
"No such file or directory"

程式：adm/obj/master.c 第 121 行
物件: /adm/obj/master
呼叫来自：std/room.c 的 reset() 第 54 行，物件： u/xxy/lingzhou/center
呼叫来自：std/room.c 的 make_inventory() 第 19 行，物件： u/xxy/lingzhou/center
呼叫来自：adm/obj/master.c 的 log_error() 第 121 行，物件： adm/obj/master
u/xxy/lingzhou/npc/duan.c line 39: Undefined function prepare_skill

执行时段错误：*Error in loading object '/u/xxy/lingzhou/npc/duan'

程式：std/room.c 第 19 行
物件: /u/xxy/lingzhou/center
呼叫来自：std/room.c 的 reset() 第 54 行，物件： u/xxy/lingzhou/center
呼叫来自：std/room.c 的 make_inventory() 第 19 行，物件： u/xxy/lingzhou/center

执行时段错误：*Bad argument 1 to call_other()
Expected: string or array or object Got: 0.

程式：u/xxy/lingzhou/npc/xiaowei.c 第 32 行
物件: /u/xxy/lingzhou/npc/xiaowei#733
呼叫来自：std/room.c 的 reset() 第 54 行，物件： u/xxy/lingzhou/nanmen
呼叫来自：std/room.c 的 make_inventory() 第 19 行，物件： u/xxy/lingzhou/nanmen
呼叫来自：u/xxy/lingzhou/npc/xiaowei.c 的 create() 第 32 行，物件： u/xxy/lingzhou/npc/xiaowei#733 ("校尉")

执行时段错误：*F_SKILL: No such skill (huashan-sword)

程式：feature/skill.c 第 17 行
物件: /u/xxy/guanwai/npc/fengxifan#734
呼叫来自：std/room.c 的 reset() 第 54 行，物件： u/xxy/guanwai/laolongtou
呼叫来自：std/room.c 的 make_inventory() 第 19 行，物件： u/xxy/guanwai/laolongtou
呼叫来自：u/xxy/guanwai/npc/fengxifan.c 的 create() 第 37 行，物件： u/xxy/guanwai/npc/fengxifan#734 ("冯锡范")
呼叫来自：feature/skill.c 的 set_skill() 第 17 行，物件： u/xxy/guanwai/npc/fengxifan#734 ("冯锡范")

执行时段错误：*Bad argument 1 to call_other()
Expected: string or array or object Got: 0.

程式：std/room.c 第 20 行
物件: /u/xxy/guanwai/shanhaiguan
呼叫来自：std/room.c 的 reset() 第 54 行，物件： u/xxy/guanwai/shanhaiguan
呼叫来自：std/room.c 的 make_inventory() 第 20 行，物件： u/xxy/guanwai/shanhaiguan

执行时段错误：*Bad argument 1 to call_other()
Expected: string or array or object Got: 0.

程式：u/xxy/guanwai/npc/xiaoyuanshan.c 第 51 行
物件: /u/xxy/guanwai/npc/xiaoyuanshan#735
呼叫来自：std/room.c 的 reset() 第 54 行，物件： u/xxy/guanwai/road1
呼叫来自：std/room.c 的 make_inventory() 第 19 行，物件： u/xxy/guanwai/road1
呼叫来自：u/xxy/guanwai/npc/xiaoyuanshan.c 的 create() 第 51 行，物件： u/xxy/guanwai/npc/xiaoyuanshan#735 ("萧远山")

执行时段错误：*Bad argument 1 to call_other()
Expected: string or array or object Got: 0.

程式：u/xxy/guanwai/npc/dahu.c 第 24 行
物件: /u/xxy/guanwai/npc/dahu#736
呼叫来自：std/room.c 的 reset() 第 54 行，物件： u/xxy/guanwai/road4
呼叫来自：std/room.c 的 make_inventory() 第 19 行，物件： u/xxy/guanwai/road4
呼叫来自：u/xxy/guanwai/npc/dahu.c 的 create() 第 24 行，物件： u/xxy/guanwai/npc/dahu#736 ("忽伦大虎")

执行时段错误：*Bad argument 1 to call_other()
Expected: string or array or object Got: 0.

程式：u/xxy/guanwai/npc/sihu.c 第 24 行
物件: /u/xxy/guanwai/npc/sihu#737
呼叫来自：std/room.c 的 reset() 第 54 行，物件： u/xxy/guanwai/road5
呼叫来自：std/room.c 的 make_inventory() 第 19 行，物件： u/xxy/guanwai/road5
呼叫来自：u/xxy/guanwai/npc/sihu.c 的 create() 第 24 行，物件： u/xxy/guanwai/npc/sihu#737 ("忽伦四虎")

执行时段错误：*Bad argument 1 to call_other()
Expected: string or array or object Got: 0.

程式：u/xxy/guanwai/npc/sanhu.c 第 24 行
物件: /u/xxy/guanwai/npc/sanhu#738
呼叫来自：std/room.c 的 reset() 第 54 行，物件： u/xxy/guanwai/road6
呼叫来自：std/room.c 的 make_inventory() 第 19 行，物件： u/xxy/guanwai/road6
呼叫来自：u/xxy/guanwai/npc/sanhu.c 的 create() 第 24 行，物件： u/xxy/guanwai/npc/sanhu#738 ("忽伦三虎")

执行时段错误：*Bad argument 1 to call_other()
Expected: string or array or object Got: 0.

程式：u/xxy/guanwai/npc/laoban.c 第 22 行
物件: /u/xxy/guanwai/npc/laoban#739
呼叫来自：std/room.c 的 reset() 第 54 行，物件： u/xxy/guanwai/rouguan
呼叫来自：std/room.c 的 make_inventory() 第 19 行，物件： u/xxy/guanwai/rouguan
呼叫来自：u/xxy/guanwai/npc/laoban.c 的 create() 第 22 行，物件： u/xxy/guanwai/npc/laoban#739 ("酒馆老板")

执行时段错误：*Bad argument 1 to call_other()
Expected: string or array or object Got: 0.

程式：std/room.c 第 20 行
物件: /u/xxy/guanwai/majiu
呼叫来自：std/room.c 的 reset() 第 54 行，物件： u/xxy/guanwai/majiu
呼叫来自：std/room.c 的 make_inventory() 第 20 行，物件： u/xxy/guanwai/majiu

执行时段错误：*F_SKILL: No such skill (hujia-daofa)

程式：feature/skill.c 第 17 行
物件: /u/xxy/guanwai/npc/yanji#740
呼叫来自：std/room.c 的 reset() 第 54 行，物件： u/xxy/guanwai/shanshenmiao
呼叫来自：std/room.c 的 make_inventory() 第 19 行，物件： u/xxy/guanwai/shanshenmiao
呼叫来自：u/xxy/guanwai/npc/yanji.c 的 create() 第 33 行，物件： u/xxy/guanwai/npc/yanji#740 ("阎基")
呼叫来自：feature/skill.c 的 set_skill() 第 17 行，物件： u/xxy/guanwai/npc/yanji#740 ("阎基")

执行时段错误：*Bad argument 1 to call_other()
Expected: string or array or object Got: 0.

程式：u/xxy/guanwai/npc/heersu.c 第 33 行
物件: /u/xxy/guanwai/npc/heersu#741
呼叫来自：std/room.c 的 reset() 第 54 行，物件： u/xxy/guanwai/tuwu
呼叫来自：std/room.c 的 make_inventory() 第 19 行，物件： u/xxy/guanwai/tuwu
呼叫来自：u/xxy/guanwai/npc/heersu.c 的 create() 第 33 行，物件： u/xxy/guanwai/npc/heersu#741 ("赫尔苏")

执行时段错误：*F_SKILL: No such skill (xiaowuxiang)

程式：feature/skill.c 第 17 行
物件: /u/xxy/guanwai/npc/tengyilei#742
呼叫来自：std/room.c 的 reset() 第 54 行，物件： u/xxy/guanwai/nancheng
呼叫来自：std/room.c 的 make_inventory() 第 19 行，物件： u/xxy/guanwai/nancheng
呼叫来自：u/xxy/guanwai/npc/tengyilei.c 的 create() 第 30 行，物件： u/xxy/guanwai/npc/tengyilei#742 ("滕一雷")
呼叫来自：feature/skill.c 的 set_skill() 第 17 行，物件： u/xxy/guanwai/npc/tengyilei#742 ("滕一雷")

执行时段错误：*Wrong permissions for opening file /u/guanwai/log for append.
"No such file or directory"

程式：adm/obj/master.c 第 121 行
物件: /adm/obj/master
呼叫来自：std/room.c 的 reset() 第 54 行，物件： u/xxy/guanwai/muqiao
呼叫来自：std/room.c 的 make_inventory() 第 19 行，物件： u/xxy/guanwai/muqiao
呼叫来自：adm/obj/master.c 的 log_error() 第 121 行，物件： adm/obj/master
u/xxy/guanwai/npc/yuzhenzi.c line 6: parse error

执行时段错误：*Error in loading object '/u/xxy/guanwai/npc/yuzhenzi'

程式：std/room.c 第 19 行
物件: /u/xxy/guanwai/muqiao
呼叫来自：std/room.c 的 reset() 第 54 行，物件： u/xxy/guanwai/muqiao
呼叫来自：std/room.c 的 make_inventory() 第 19 行，物件： u/xxy/guanwai/muqiao

执行时段错误：*Bad argument 1 to call_other()
Expected: string or array or object Got: 0.

程式：u/xxy/lingzhou/npc/yipinwushi.c 第 33 行
物件: /u/xxy/lingzhou/npc/yipinwushi#743
呼叫来自：std/room.c 的 reset() 第 65 行，物件： u/xxy/lingzhou/yipindating
呼叫来自：std/room.c 的 make_inventory() 第 19 行，物件： u/xxy/lingzhou/yipindating
呼叫来自：u/xxy/lingzhou/npc/yipinwushi.c 的 create() 第 33 行，物件： u/xxy/lingzhou/npc/yipinwushi#743 ("一品堂武士")

执行时段错误：*Wrong permissions for opening file /u/lingzhou/log for append.
"No such file or directory"

程式：adm/obj/master.c 第 121 行
物件: /adm/obj/master
呼叫来自：std/room.c 的 reset() 第 54 行，物件： u/xxy/lingzhou/yipindayuan
呼叫来自：std/room.c 的 make_inventory() 第 19 行，物件： u/xxy/lingzhou/yipindayuan
呼叫来自：adm/obj/master.c 的 log_error() 第 121 行，物件： adm/obj/master
u/xxy/lingzhou/npc/yun.c line 39: Undefined function prepare_skill

执行时段错误：*Error in loading object '/u/xxy/lingzhou/npc/yun'

程式：std/room.c 第 19 行
物件: /u/xxy/lingzhou/yipindayuan
呼叫来自：std/room.c 的 reset() 第 54 行，物件： u/xxy/lingzhou/yipindayuan
呼叫来自：std/room.c 的 make_inventory() 第 19 行，物件： u/xxy/lingzhou/yipindayuan

执行时段错误：*Bad argument 1 to call_other()
Expected: string or array or object Got: 0.

程式：u/xxy/lingzhou/npc/yipinwushi.c 第 33 行
物件: /u/xxy/lingzhou/npc/yipinwushi#744
呼叫来自：std/room.c 的 reset() 第 65 行，物件： u/xxy/lingzhou/yipingate
呼叫来自：std/room.c 的 make_inventory() 第 19 行，物件： u/xxy/lingzhou/yipingate
呼叫来自：u/xxy/lingzhou/npc/yipinwushi.c 的 create() 第 33 行，物件： u/xxy/lingzhou/npc/yipinwushi#744 ("一品堂武士")

执行时段错误：*Bad argument 1 to call_other()
Expected: string or array or object Got: 0.

程式：std/room.c 第 20 行
物件: /u/xxy/lingzhou/jiangjunyuan
呼叫来自：std/room.c 的 reset() 第 65 行，物件： u/xxy/lingzhou/jiangjunyuan
呼叫来自：std/room.c 的 make_inventory() 第 20 行，物件： u/xxy/lingzhou/jiangjunyuan

执行时段错误：*Bad argument 1 to call_other()
Expected: string or array or object Got: 0.

程式：u/xxy/lingzhou/npc/xiaowei.c 第 32 行
物件: /u/xxy/lingzhou/npc/xiaowei#745
呼叫来自：std/room.c 的 reset() 第 65 行，物件： u/xxy/lingzhou/jiangjungate
呼叫来自：std/room.c 的 make_inventory() 第 19 行，物件： u/xxy/lingzhou/jiangjungate
呼叫来自：u/xxy/lingzhou/npc/xiaowei.c 的 create() 第 32 行，物件： u/xxy/lingzhou/npc/xiaowei#745 ("校尉")

执行时段错误：*Bad argument 1 to call_other()
Expected: string or array or object Got: 0.

程式：std/room.c 第 20 行
物件: /u/xxy/lingzhou/yamen
呼叫来自：std/room.c 的 reset() 第 65 行，物件： u/xxy/lingzhou/yamen
呼叫来自：std/room.c 的 make_inventory() 第 20 行，物件： u/xxy/lingzhou/yamen

执行时段错误：*Bad argument 1 to call_other()
Expected: string or array or object Got: 0.

程式：u/xxy/lingzhou/npc/xixiabing.c 第 33 行
物件: /u/xxy/lingzhou/npc/xixiabing#746
呼叫来自：std/room.c 的 reset() 第 65 行，物件： u/xxy/lingzhou/biaoqiyin
呼叫来自：std/room.c 的 make_inventory() 第 19 行，物件： u/xxy/lingzhou/biaoqiyin
呼叫来自：u/xxy/lingzhou/npc/xixiabing.c 的 create() 第 33 行，物件： u/xxy/lingzhou/npc/xixiabing#746 ("西夏兵")

执行时段错误：*Bad argument 1 to call_other()
Expected: string or array or object Got: 0.

程式：u/xxy/lingzhou/npc/xiaoer2.c 第 25 行
物件: /u/xxy/lingzhou/npc/xiaoer2#747
呼叫来自：std/room.c 的 reset() 第 54 行，物件： u/xxy/lingzhou/jiuguan
呼叫来自：std/room.c 的 make_inventory() 第 19 行，物件： u/xxy/lingzhou/jiuguan
呼叫来自：u/xxy/lingzhou/npc/xiaoer2.c 的 create() 第 25 行，物件： u/xxy/lingzhou/npc/xiaoer2#747 ("店小二")

执行时段错误：*Wrong permissions for opening file /u/lingzhou/log for append.
"No such file or directory"

程式：adm/obj/master.c 第 121 行
物件: /adm/obj/master
呼叫来自：std/room.c 的 reset() 第 54 行，物件： u/xxy/lingzhou/center
呼叫来自：std/room.c 的 make_inventory() 第 19 行，物件： u/xxy/lingzhou/center
呼叫来自：adm/obj/master.c 的 log_error() 第 121 行，物件： adm/obj/master
u/xxy/lingzhou/npc/duan.c line 39: Undefined function prepare_skill

执行时段错误：*Error in loading object '/u/xxy/lingzhou/npc/duan'

程式：std/room.c 第 19 行
物件: /u/xxy/lingzhou/center
呼叫来自：std/room.c 的 reset() 第 54 行，物件： u/xxy/lingzhou/center
呼叫来自：std/room.c 的 make_inventory() 第 19 行，物件： u/xxy/lingzhou/center

执行时段错误：*Bad argument 1 to call_other()
Expected: string or array or object Got: 0.

程式：u/xxy/lingzhou/npc/xiaowei.c 第 32 行
物件: /u/xxy/lingzhou/npc/xiaowei#748
呼叫来自：std/room.c 的 reset() 第 54 行，物件： u/xxy/lingzhou/nanmen
呼叫来自：std/room.c 的 make_inventory() 第 19 行，物件： u/xxy/lingzhou/nanmen
呼叫来自：u/xxy/lingzhou/npc/xiaowei.c 的 create() 第 32 行，物件： u/xxy/lingzhou/npc/xiaowei#748 ("校尉")

执行时段错误：*F_SKILL: No such skill (huashan-sword)

程式：feature/skill.c 第 17 行
物件: /u/xxy/guanwai/npc/fengxifan#751
呼叫来自：std/room.c 的 reset() 第 54 行，物件： u/xxy/guanwai/laolongtou
呼叫来自：std/room.c 的 make_inventory() 第 19 行，物件： u/xxy/guanwai/laolongtou
呼叫来自：u/xxy/guanwai/npc/fengxifan.c 的 create() 第 37 行，物件： u/xxy/guanwai/npc/fengxifan#751 ("冯锡范")
呼叫来自：feature/skill.c 的 set_skill() 第 17 行，物件： u/xxy/guanwai/npc/fengxifan#751 ("冯锡范")

执行时段错误：*Bad argument 1 to call_other()
Expected: string or array or object Got: 0.

程式：std/room.c 第 20 行
物件: /u/xxy/guanwai/shanhaiguan
呼叫来自：std/room.c 的 reset() 第 54 行，物件： u/xxy/guanwai/shanhaiguan
呼叫来自：std/room.c 的 make_inventory() 第 20 行，物件： u/xxy/guanwai/shanhaiguan

执行时段错误：*Bad argument 1 to call_other()
Expected: string or array or object Got: 0.

程式：u/xxy/guanwai/npc/xiaoyuanshan.c 第 51 行
物件: /u/xxy/guanwai/npc/xiaoyuanshan#752
呼叫来自：std/room.c 的 reset() 第 54 行，物件： u/xxy/guanwai/road1
呼叫来自：std/room.c 的 make_inventory() 第 19 行，物件： u/xxy/guanwai/road1
呼叫来自：u/xxy/guanwai/npc/xiaoyuanshan.c 的 create() 第 51 行，物件： u/xxy/guanwai/npc/xiaoyuanshan#752 ("萧远山")

执行时段错误：*Bad argument 1 to call_other()
Expected: string or array or object Got: 0.

程式：u/xxy/guanwai/npc/dahu.c 第 24 行
物件: /u/xxy/guanwai/npc/dahu#753
呼叫来自：std/room.c 的 reset() 第 54 行，物件： u/xxy/guanwai/road4
呼叫来自：std/room.c 的 make_inventory() 第 19 行，物件： u/xxy/guanwai/road4
呼叫来自：u/xxy/guanwai/npc/dahu.c 的 create() 第 24 行，物件： u/xxy/guanwai/npc/dahu#753 ("忽伦大虎")

执行时段错误：*Bad argument 1 to call_other()
Expected: string or array or object Got: 0.

程式：u/xxy/guanwai/npc/sihu.c 第 24 行
物件: /u/xxy/guanwai/npc/sihu#754
呼叫来自：std/room.c 的 reset() 第 54 行，物件： u/xxy/guanwai/road5
呼叫来自：std/room.c 的 make_inventory() 第 19 行，物件： u/xxy/guanwai/road5
呼叫来自：u/xxy/guanwai/npc/sihu.c 的 create() 第 24 行，物件： u/xxy/guanwai/npc/sihu#754 ("忽伦四虎")

执行时段错误：*Bad argument 1 to call_other()
Expected: string or array or object Got: 0.

程式：u/xxy/guanwai/npc/sanhu.c 第 24 行
物件: /u/xxy/guanwai/npc/sanhu#755
呼叫来自：std/room.c 的 reset() 第 54 行，物件： u/xxy/guanwai/road6
呼叫来自：std/room.c 的 make_inventory() 第 19 行，物件： u/xxy/guanwai/road6
呼叫来自：u/xxy/guanwai/npc/sanhu.c 的 create() 第 24 行，物件： u/xxy/guanwai/npc/sanhu#755 ("忽伦三虎")

执行时段错误：*Bad argument 1 to call_other()
Expected: string or array or object Got: 0.

程式：u/xxy/guanwai/npc/laoban.c 第 22 行
物件: /u/xxy/guanwai/npc/laoban#756
呼叫来自：std/room.c 的 reset() 第 54 行，物件： u/xxy/guanwai/rouguan
呼叫来自：std/room.c 的 make_inventory() 第 19 行，物件： u/xxy/guanwai/rouguan
呼叫来自：u/xxy/guanwai/npc/laoban.c 的 create() 第 22 行，物件： u/xxy/guanwai/npc/laoban#756 ("酒馆老板")

执行时段错误：*Bad argument 1 to call_other()
Expected: string or array or object Got: 0.

程式：std/room.c 第 20 行
物件: /u/xxy/guanwai/majiu
呼叫来自：std/room.c 的 reset() 第 54 行，物件： u/xxy/guanwai/majiu
呼叫来自：std/room.c 的 make_inventory() 第 20 行，物件： u/xxy/guanwai/majiu

执行时段错误：*F_SKILL: No such skill (hujia-daofa)

程式：feature/skill.c 第 17 行
物件: /u/xxy/guanwai/npc/yanji#757
呼叫来自：std/room.c 的 reset() 第 54 行，物件： u/xxy/guanwai/shanshenmiao
呼叫来自：std/room.c 的 make_inventory() 第 19 行，物件： u/xxy/guanwai/shanshenmiao
呼叫来自：u/xxy/guanwai/npc/yanji.c 的 create() 第 33 行，物件： u/xxy/guanwai/npc/yanji#757 ("阎基")
呼叫来自：feature/skill.c 的 set_skill() 第 17 行，物件： u/xxy/guanwai/npc/yanji#757 ("阎基")

执行时段错误：*Bad argument 1 to call_other()
Expected: string or array or object Got: 0.

程式：u/xxy/guanwai/npc/heersu.c 第 33 行
物件: /u/xxy/guanwai/npc/heersu#758
呼叫来自：std/room.c 的 reset() 第 54 行，物件： u/xxy/guanwai/tuwu
呼叫来自：std/room.c 的 make_inventory() 第 19 行，物件： u/xxy/guanwai/tuwu
呼叫来自：u/xxy/guanwai/npc/heersu.c 的 create() 第 33 行，物件： u/xxy/guanwai/npc/heersu#758 ("赫尔苏")

执行时段错误：*F_SKILL: No such skill (xiaowuxiang)

程式：feature/skill.c 第 17 行
物件: /u/xxy/guanwai/npc/tengyilei#759
呼叫来自：std/room.c 的 reset() 第 54 行，物件： u/xxy/guanwai/nancheng
呼叫来自：std/room.c 的 make_inventory() 第 19 行，物件： u/xxy/guanwai/nancheng
呼叫来自：u/xxy/guanwai/npc/tengyilei.c 的 create() 第 30 行，物件： u/xxy/guanwai/npc/tengyilei#759 ("滕一雷")
呼叫来自：feature/skill.c 的 set_skill() 第 17 行，物件： u/xxy/guanwai/npc/tengyilei#759 ("滕一雷")

执行时段错误：*Wrong permissions for opening file /u/guanwai/log for append.
"No such file or directory"

程式：adm/obj/master.c 第 121 行
物件: /adm/obj/master
呼叫来自：std/room.c 的 reset() 第 54 行，物件： u/xxy/guanwai/muqiao
呼叫来自：std/room.c 的 make_inventory() 第 19 行，物件： u/xxy/guanwai/muqiao
呼叫来自：adm/obj/master.c 的 log_error() 第 121 行，物件： adm/obj/master
u/xxy/guanwai/npc/yuzhenzi.c line 6: parse error

执行时段错误：*Error in loading object '/u/xxy/guanwai/npc/yuzhenzi'

程式：std/room.c 第 19 行
物件: /u/xxy/guanwai/muqiao
呼叫来自：std/room.c 的 reset() 第 54 行，物件： u/xxy/guanwai/muqiao
呼叫来自：std/room.c 的 make_inventory() 第 19 行，物件： u/xxy/guanwai/muqiao

执行时段错误：*Bad argument 1 to call_other()
Expected: string or array or object Got: 0.

程式：u/xxy/lingzhou/npc/yipinwushi.c 第 33 行
物件: /u/xxy/lingzhou/npc/yipinwushi#760
呼叫来自：std/room.c 的 reset() 第 65 行，物件： u/xxy/lingzhou/yipindating
呼叫来自：std/room.c 的 make_inventory() 第 19 行，物件： u/xxy/lingzhou/yipindating
呼叫来自：u/xxy/lingzhou/npc/yipinwushi.c 的 create() 第 33 行，物件： u/xxy/lingzhou/npc/yipinwushi#760 ("一品堂武士")

执行时段错误：*Wrong permissions for opening file /u/lingzhou/log for append.
"No such file or directory"

程式：adm/obj/master.c 第 121 行
物件: /adm/obj/master
呼叫来自：std/room.c 的 reset() 第 54 行，物件： u/xxy/lingzhou/yipindayuan
呼叫来自：std/room.c 的 make_inventory() 第 19 行，物件： u/xxy/lingzhou/yipindayuan
呼叫来自：adm/obj/master.c 的 log_error() 第 121 行，物件： adm/obj/master
u/xxy/lingzhou/npc/yun.c line 39: Undefined function prepare_skill

执行时段错误：*Error in loading object '/u/xxy/lingzhou/npc/yun'

程式：std/room.c 第 19 行
物件: /u/xxy/lingzhou/yipindayuan
呼叫来自：std/room.c 的 reset() 第 54 行，物件： u/xxy/lingzhou/yipindayuan
呼叫来自：std/room.c 的 make_inventory() 第 19 行，物件： u/xxy/lingzhou/yipindayuan

执行时段错误：*Bad argument 1 to call_other()
Expected: string or array or object Got: 0.

程式：u/xxy/lingzhou/npc/yipinwushi.c 第 33 行
物件: /u/xxy/lingzhou/npc/yipinwushi#761
呼叫来自：std/room.c 的 reset() 第 65 行，物件： u/xxy/lingzhou/yipingate
呼叫来自：std/room.c 的 make_inventory() 第 19 行，物件： u/xxy/lingzhou/yipingate
呼叫来自：u/xxy/lingzhou/npc/yipinwushi.c 的 create() 第 33 行，物件： u/xxy/lingzhou/npc/yipinwushi#761 ("一品堂武士")

执行时段错误：*Bad argument 1 to call_other()
Expected: string or array or object Got: 0.

程式：std/room.c 第 20 行
物件: /u/xxy/lingzhou/jiangjunyuan
呼叫来自：std/room.c 的 reset() 第 65 行，物件： u/xxy/lingzhou/jiangjunyuan
呼叫来自：std/room.c 的 make_inventory() 第 20 行，物件： u/xxy/lingzhou/jiangjunyuan

执行时段错误：*Bad argument 1 to call_other()
Expected: string or array or object Got: 0.

程式：u/xxy/lingzhou/npc/xiaowei.c 第 32 行
物件: /u/xxy/lingzhou/npc/xiaowei#762
呼叫来自：std/room.c 的 reset() 第 65 行，物件： u/xxy/lingzhou/jiangjungate
呼叫来自：std/room.c 的 make_inventory() 第 19 行，物件： u/xxy/lingzhou/jiangjungate
呼叫来自：u/xxy/lingzhou/npc/xiaowei.c 的 create() 第 32 行，物件： u/xxy/lingzhou/npc/xiaowei#762 ("校尉")

执行时段错误：*Bad argument 1 to call_other()
Expected: string or array or object Got: 0.

程式：std/room.c 第 20 行
物件: /u/xxy/lingzhou/yamen
呼叫来自：std/room.c 的 reset() 第 65 行，物件： u/xxy/lingzhou/yamen
呼叫来自：std/room.c 的 make_inventory() 第 20 行，物件： u/xxy/lingzhou/yamen

执行时段错误：*Bad argument 1 to call_other()
Expected: string or array or object Got: 0.

程式：u/xxy/lingzhou/npc/xixiabing.c 第 33 行
物件: /u/xxy/lingzhou/npc/xixiabing#763
呼叫来自：std/room.c 的 reset() 第 65 行，物件： u/xxy/lingzhou/biaoqiyin
呼叫来自：std/room.c 的 make_inventory() 第 19 行，物件： u/xxy/lingzhou/biaoqiyin
呼叫来自：u/xxy/lingzhou/npc/xixiabing.c 的 create() 第 33 行，物件： u/xxy/lingzhou/npc/xixiabing#763 ("西夏兵")

执行时段错误：*Bad argument 1 to call_other()
Expected: string or array or object Got: 0.

程式：u/xxy/lingzhou/npc/xiaoer2.c 第 25 行
物件: /u/xxy/lingzhou/npc/xiaoer2#764
呼叫来自：std/room.c 的 reset() 第 54 行，物件： u/xxy/lingzhou/jiuguan
呼叫来自：std/room.c 的 make_inventory() 第 19 行，物件： u/xxy/lingzhou/jiuguan
呼叫来自：u/xxy/lingzhou/npc/xiaoer2.c 的 create() 第 25 行，物件： u/xxy/lingzhou/npc/xiaoer2#764 ("店小二")

执行时段错误：*Wrong permissions for opening file /u/lingzhou/log for append.
"No such file or directory"

程式：adm/obj/master.c 第 121 行
物件: /adm/obj/master
呼叫来自：std/room.c 的 reset() 第 54 行，物件： u/xxy/lingzhou/center
呼叫来自：std/room.c 的 make_inventory() 第 19 行，物件： u/xxy/lingzhou/center
呼叫来自：adm/obj/master.c 的 log_error() 第 121 行，物件： adm/obj/master
u/xxy/lingzhou/npc/duan.c line 39: Undefined function prepare_skill

执行时段错误：*Error in loading object '/u/xxy/lingzhou/npc/duan'

程式：std/room.c 第 19 行
物件: /u/xxy/lingzhou/center
呼叫来自：std/room.c 的 reset() 第 54 行，物件： u/xxy/lingzhou/center
呼叫来自：std/room.c 的 make_inventory() 第 19 行，物件： u/xxy/lingzhou/center

执行时段错误：*Bad argument 1 to call_other()
Expected: string or array or object Got: 0.

程式：u/xxy/lingzhou/npc/xiaowei.c 第 32 行
物件: /u/xxy/lingzhou/npc/xiaowei#765
呼叫来自：std/room.c 的 reset() 第 54 行，物件： u/xxy/lingzhou/nanmen
呼叫来自：std/room.c 的 make_inventory() 第 19 行，物件： u/xxy/lingzhou/nanmen
呼叫来自：u/xxy/lingzhou/npc/xiaowei.c 的 create() 第 32 行，物件： u/xxy/lingzhou/npc/xiaowei#765 ("校尉")

执行时段错误：*F_SKILL: No such skill (huashan-sword)

程式：feature/skill.c 第 17 行
物件: /u/xxy/guanwai/npc/fengxifan#768
呼叫来自：std/room.c 的 reset() 第 54 行，物件： u/xxy/guanwai/laolongtou
呼叫来自：std/room.c 的 make_inventory() 第 19 行，物件： u/xxy/guanwai/laolongtou
呼叫来自：u/xxy/guanwai/npc/fengxifan.c 的 create() 第 37 行，物件： u/xxy/guanwai/npc/fengxifan#768 ("冯锡范")
呼叫来自：feature/skill.c 的 set_skill() 第 17 行，物件： u/xxy/guanwai/npc/fengxifan#768 ("冯锡范")

执行时段错误：*Bad argument 1 to call_other()
Expected: string or array or object Got: 0.

程式：std/room.c 第 20 行
物件: /u/xxy/guanwai/shanhaiguan
呼叫来自：std/room.c 的 reset() 第 54 行，物件： u/xxy/guanwai/shanhaiguan
呼叫来自：std/room.c 的 make_inventory() 第 20 行，物件： u/xxy/guanwai/shanhaiguan

执行时段错误：*Bad argument 1 to call_other()
Expected: string or array or object Got: 0.

程式：u/xxy/guanwai/npc/xiaoyuanshan.c 第 51 行
物件: /u/xxy/guanwai/npc/xiaoyuanshan#769
呼叫来自：std/room.c 的 reset() 第 54 行，物件： u/xxy/guanwai/road1
呼叫来自：std/room.c 的 make_inventory() 第 19 行，物件： u/xxy/guanwai/road1
呼叫来自：u/xxy/guanwai/npc/xiaoyuanshan.c 的 create() 第 51 行，物件： u/xxy/guanwai/npc/xiaoyuanshan#769 ("萧远山")

执行时段错误：*Bad argument 1 to call_other()
Expected: string or array or object Got: 0.

程式：u/xxy/guanwai/npc/dahu.c 第 24 行
物件: /u/xxy/guanwai/npc/dahu#770
呼叫来自：std/room.c 的 reset() 第 54 行，物件： u/xxy/guanwai/road4
呼叫来自：std/room.c 的 make_inventory() 第 19 行，物件： u/xxy/guanwai/road4
呼叫来自：u/xxy/guanwai/npc/dahu.c 的 create() 第 24 行，物件： u/xxy/guanwai/npc/dahu#770 ("忽伦大虎")

执行时段错误：*Bad argument 1 to call_other()
Expected: string or array or object Got: 0.

程式：u/xxy/guanwai/npc/sihu.c 第 24 行
物件: /u/xxy/guanwai/npc/sihu#771
呼叫来自：std/room.c 的 reset() 第 54 行，物件： u/xxy/guanwai/road5
呼叫来自：std/room.c 的 make_inventory() 第 19 行，物件： u/xxy/guanwai/road5
呼叫来自：u/xxy/guanwai/npc/sihu.c 的 create() 第 24 行，物件： u/xxy/guanwai/npc/sihu#771 ("忽伦四虎")

执行时段错误：*Bad argument 1 to call_other()
Expected: string or array or object Got: 0.

程式：u/xxy/guanwai/npc/sanhu.c 第 24 行
物件: /u/xxy/guanwai/npc/sanhu#772
呼叫来自：std/room.c 的 reset() 第 54 行，物件： u/xxy/guanwai/road6
呼叫来自：std/room.c 的 make_inventory() 第 19 行，物件： u/xxy/guanwai/road6
呼叫来自：u/xxy/guanwai/npc/sanhu.c 的 create() 第 24 行，物件： u/xxy/guanwai/npc/sanhu#772 ("忽伦三虎")

执行时段错误：*Bad argument 1 to call_other()
Expected: string or array or object Got: 0.

程式：u/xxy/guanwai/npc/laoban.c 第 22 行
物件: /u/xxy/guanwai/npc/laoban#773
呼叫来自：std/room.c 的 reset() 第 54 行，物件： u/xxy/guanwai/rouguan
呼叫来自：std/room.c 的 make_inventory() 第 19 行，物件： u/xxy/guanwai/rouguan
呼叫来自：u/xxy/guanwai/npc/laoban.c 的 create() 第 22 行，物件： u/xxy/guanwai/npc/laoban#773 ("酒馆老板")

执行时段错误：*Bad argument 1 to call_other()
Expected: string or array or object Got: 0.

程式：std/room.c 第 20 行
物件: /u/xxy/guanwai/majiu
呼叫来自：std/room.c 的 reset() 第 54 行，物件： u/xxy/guanwai/majiu
呼叫来自：std/room.c 的 make_inventory() 第 20 行，物件： u/xxy/guanwai/majiu

执行时段错误：*F_SKILL: No such skill (hujia-daofa)

程式：feature/skill.c 第 17 行
物件: /u/xxy/guanwai/npc/yanji#774
呼叫来自：std/room.c 的 reset() 第 54 行，物件： u/xxy/guanwai/shanshenmiao
呼叫来自：std/room.c 的 make_inventory() 第 19 行，物件： u/xxy/guanwai/shanshenmiao
呼叫来自：u/xxy/guanwai/npc/yanji.c 的 create() 第 33 行，物件： u/xxy/guanwai/npc/yanji#774 ("阎基")
呼叫来自：feature/skill.c 的 set_skill() 第 17 行，物件： u/xxy/guanwai/npc/yanji#774 ("阎基")

执行时段错误：*Bad argument 1 to call_other()
Expected: string or array or object Got: 0.

程式：u/xxy/guanwai/npc/heersu.c 第 33 行
物件: /u/xxy/guanwai/npc/heersu#775
呼叫来自：std/room.c 的 reset() 第 54 行，物件： u/xxy/guanwai/tuwu
呼叫来自：std/room.c 的 make_inventory() 第 19 行，物件： u/xxy/guanwai/tuwu
呼叫来自：u/xxy/guanwai/npc/heersu.c 的 create() 第 33 行，物件： u/xxy/guanwai/npc/heersu#775 ("赫尔苏")

执行时段错误：*F_SKILL: No such skill (xiaowuxiang)

程式：feature/skill.c 第 17 行
物件: /u/xxy/guanwai/npc/tengyilei#776
呼叫来自：std/room.c 的 reset() 第 54 行，物件： u/xxy/guanwai/nancheng
呼叫来自：std/room.c 的 make_inventory() 第 19 行，物件： u/xxy/guanwai/nancheng
呼叫来自：u/xxy/guanwai/npc/tengyilei.c 的 create() 第 30 行，物件： u/xxy/guanwai/npc/tengyilei#776 ("滕一雷")
呼叫来自：feature/skill.c 的 set_skill() 第 17 行，物件： u/xxy/guanwai/npc/tengyilei#776 ("滕一雷")

执行时段错误：*Wrong permissions for opening file /u/guanwai/log for append.
"No such file or directory"

程式：adm/obj/master.c 第 121 行
物件: /adm/obj/master
呼叫来自：std/room.c 的 reset() 第 54 行，物件： u/xxy/guanwai/muqiao
呼叫来自：std/room.c 的 make_inventory() 第 19 行，物件： u/xxy/guanwai/muqiao
呼叫来自：adm/obj/master.c 的 log_error() 第 121 行，物件： adm/obj/master
u/xxy/guanwai/npc/yuzhenzi.c line 6: parse error

执行时段错误：*Error in loading object '/u/xxy/guanwai/npc/yuzhenzi'

程式：std/room.c 第 19 行
物件: /u/xxy/guanwai/muqiao
呼叫来自：std/room.c 的 reset() 第 54 行，物件： u/xxy/guanwai/muqiao
呼叫来自：std/room.c 的 make_inventory() 第 19 行，物件： u/xxy/guanwai/muqiao

执行时段错误：*Bad argument 1 to call_other()
Expected: string or array or object Got: 0.

程式：u/xxy/lingzhou/npc/yipinwushi.c 第 33 行
物件: /u/xxy/lingzhou/npc/yipinwushi#777
呼叫来自：std/room.c 的 reset() 第 65 行，物件： u/xxy/lingzhou/yipindating
呼叫来自：std/room.c 的 make_inventory() 第 19 行，物件： u/xxy/lingzhou/yipindating
呼叫来自：u/xxy/lingzhou/npc/yipinwushi.c 的 create() 第 33 行，物件： u/xxy/lingzhou/npc/yipinwushi#777 ("一品堂武士")

执行时段错误：*Wrong permissions for opening file /u/lingzhou/log for append.
"No such file or directory"

程式：adm/obj/master.c 第 121 行
物件: /adm/obj/master
呼叫来自：std/room.c 的 reset() 第 54 行，物件： u/xxy/lingzhou/yipindayuan
呼叫来自：std/room.c 的 make_inventory() 第 19 行，物件： u/xxy/lingzhou/yipindayuan
呼叫来自：adm/obj/master.c 的 log_error() 第 121 行，物件： adm/obj/master
u/xxy/lingzhou/npc/yun.c line 39: Undefined function prepare_skill

执行时段错误：*Error in loading object '/u/xxy/lingzhou/npc/yun'

程式：std/room.c 第 19 行
物件: /u/xxy/lingzhou/yipindayuan
呼叫来自：std/room.c 的 reset() 第 54 行，物件： u/xxy/lingzhou/yipindayuan
呼叫来自：std/room.c 的 make_inventory() 第 19 行，物件： u/xxy/lingzhou/yipindayuan

执行时段错误：*Bad argument 1 to call_other()
Expected: string or array or object Got: 0.

程式：u/xxy/lingzhou/npc/yipinwushi.c 第 33 行
物件: /u/xxy/lingzhou/npc/yipinwushi#778
呼叫来自：std/room.c 的 reset() 第 65 行，物件： u/xxy/lingzhou/yipingate
呼叫来自：std/room.c 的 make_inventory() 第 19 行，物件： u/xxy/lingzhou/yipingate
呼叫来自：u/xxy/lingzhou/npc/yipinwushi.c 的 create() 第 33 行，物件： u/xxy/lingzhou/npc/yipinwushi#778 ("一品堂武士")

执行时段错误：*Bad argument 1 to call_other()
Expected: string or array or object Got: 0.

程式：std/room.c 第 20 行
物件: /u/xxy/lingzhou/jiangjunyuan
呼叫来自：std/room.c 的 reset() 第 65 行，物件： u/xxy/lingzhou/jiangjunyuan
呼叫来自：std/room.c 的 make_inventory() 第 20 行，物件： u/xxy/lingzhou/jiangjunyuan

执行时段错误：*Bad argument 1 to call_other()
Expected: string or array or object Got: 0.

程式：u/xxy/lingzhou/npc/xiaowei.c 第 32 行
物件: /u/xxy/lingzhou/npc/xiaowei#779
呼叫来自：std/room.c 的 reset() 第 65 行，物件： u/xxy/lingzhou/jiangjungate
呼叫来自：std/room.c 的 make_inventory() 第 19 行，物件： u/xxy/lingzhou/jiangjungate
呼叫来自：u/xxy/lingzhou/npc/xiaowei.c 的 create() 第 32 行，物件： u/xxy/lingzhou/npc/xiaowei#779 ("校尉")

执行时段错误：*Bad argument 1 to call_other()
Expected: string or array or object Got: 0.

程式：std/room.c 第 20 行
物件: /u/xxy/lingzhou/yamen
呼叫来自：std/room.c 的 reset() 第 65 行，物件： u/xxy/lingzhou/yamen
呼叫来自：std/room.c 的 make_inventory() 第 20 行，物件： u/xxy/lingzhou/yamen

执行时段错误：*Bad argument 1 to call_other()
Expected: string or array or object Got: 0.

程式：u/xxy/lingzhou/npc/xixiabing.c 第 33 行
物件: /u/xxy/lingzhou/npc/xixiabing#780
呼叫来自：std/room.c 的 reset() 第 65 行，物件： u/xxy/lingzhou/biaoqiyin
呼叫来自：std/room.c 的 make_inventory() 第 19 行，物件： u/xxy/lingzhou/biaoqiyin
呼叫来自：u/xxy/lingzhou/npc/xixiabing.c 的 create() 第 33 行，物件： u/xxy/lingzhou/npc/xixiabing#780 ("西夏兵")

执行时段错误：*Bad argument 1 to call_other()
Expected: string or array or object Got: 0.

程式：u/xxy/lingzhou/npc/xiaoer2.c 第 25 行
物件: /u/xxy/lingzhou/npc/xiaoer2#781
呼叫来自：std/room.c 的 reset() 第 54 行，物件： u/xxy/lingzhou/jiuguan
呼叫来自：std/room.c 的 make_inventory() 第 19 行，物件： u/xxy/lingzhou/jiuguan
呼叫来自：u/xxy/lingzhou/npc/xiaoer2.c 的 create() 第 25 行，物件： u/xxy/lingzhou/npc/xiaoer2#781 ("店小二")

执行时段错误：*Wrong permissions for opening file /u/lingzhou/log for append.
"No such file or directory"

程式：adm/obj/master.c 第 121 行
物件: /adm/obj/master
呼叫来自：std/room.c 的 reset() 第 54 行，物件： u/xxy/lingzhou/center
呼叫来自：std/room.c 的 make_inventory() 第 19 行，物件： u/xxy/lingzhou/center
呼叫来自：adm/obj/master.c 的 log_error() 第 121 行，物件： adm/obj/master
u/xxy/lingzhou/npc/duan.c line 39: Undefined function prepare_skill

执行时段错误：*Error in loading object '/u/xxy/lingzhou/npc/duan'

程式：std/room.c 第 19 行
物件: /u/xxy/lingzhou/center
呼叫来自：std/room.c 的 reset() 第 54 行，物件： u/xxy/lingzhou/center
呼叫来自：std/room.c 的 make_inventory() 第 19 行，物件： u/xxy/lingzhou/center

执行时段错误：*Bad argument 1 to call_other()
Expected: string or array or object Got: 0.

程式：u/xxy/lingzhou/npc/xiaowei.c 第 32 行
物件: /u/xxy/lingzhou/npc/xiaowei#782
呼叫来自：std/room.c 的 reset() 第 54 行，物件： u/xxy/lingzhou/nanmen
呼叫来自：std/room.c 的 make_inventory() 第 19 行，物件： u/xxy/lingzhou/nanmen
呼叫来自：u/xxy/lingzhou/npc/xiaowei.c 的 create() 第 32 行，物件： u/xxy/lingzhou/npc/xiaowei#782 ("校尉")

执行时段错误：*F_SKILL: No such skill (huashan-sword)

程式：feature/skill.c 第 17 行
物件: /u/xxy/guanwai/npc/fengxifan#783
呼叫来自：std/room.c 的 reset() 第 54 行，物件： u/xxy/guanwai/laolongtou
呼叫来自：std/room.c 的 make_inventory() 第 19 行，物件： u/xxy/guanwai/laolongtou
呼叫来自：u/xxy/guanwai/npc/fengxifan.c 的 create() 第 37 行，物件： u/xxy/guanwai/npc/fengxifan#783 ("冯锡范")
呼叫来自：feature/skill.c 的 set_skill() 第 17 行，物件： u/xxy/guanwai/npc/fengxifan#783 ("冯锡范")

执行时段错误：*Bad argument 1 to call_other()
Expected: string or array or object Got: 0.

程式：std/room.c 第 20 行
物件: /u/xxy/guanwai/shanhaiguan
呼叫来自：std/room.c 的 reset() 第 54 行，物件： u/xxy/guanwai/shanhaiguan
呼叫来自：std/room.c 的 make_inventory() 第 20 行，物件： u/xxy/guanwai/shanhaiguan

执行时段错误：*Bad argument 1 to call_other()
Expected: string or array or object Got: 0.

程式：u/xxy/guanwai/npc/xiaoyuanshan.c 第 51 行
物件: /u/xxy/guanwai/npc/xiaoyuanshan#784
呼叫来自：std/room.c 的 reset() 第 54 行，物件： u/xxy/guanwai/road1
呼叫来自：std/room.c 的 make_inventory() 第 19 行，物件： u/xxy/guanwai/road1
呼叫来自：u/xxy/guanwai/npc/xiaoyuanshan.c 的 create() 第 51 行，物件： u/xxy/guanwai/npc/xiaoyuanshan#784 ("萧远山")

执行时段错误：*Bad argument 1 to call_other()
Expected: string or array or object Got: 0.

程式：u/xxy/guanwai/npc/dahu.c 第 24 行
物件: /u/xxy/guanwai/npc/dahu#785
呼叫来自：std/room.c 的 reset() 第 54 行，物件： u/xxy/guanwai/road4
呼叫来自：std/room.c 的 make_inventory() 第 19 行，物件： u/xxy/guanwai/road4
呼叫来自：u/xxy/guanwai/npc/dahu.c 的 create() 第 24 行，物件： u/xxy/guanwai/npc/dahu#785 ("忽伦大虎")

执行时段错误：*Bad argument 1 to call_other()
Expected: string or array or object Got: 0.

程式：u/xxy/guanwai/npc/sihu.c 第 24 行
物件: /u/xxy/guanwai/npc/sihu#786
呼叫来自：std/room.c 的 reset() 第 54 行，物件： u/xxy/guanwai/road5
呼叫来自：std/room.c 的 make_inventory() 第 19 行，物件： u/xxy/guanwai/road5
呼叫来自：u/xxy/guanwai/npc/sihu.c 的 create() 第 24 行，物件： u/xxy/guanwai/npc/sihu#786 ("忽伦四虎")

执行时段错误：*Bad argument 1 to call_other()
Expected: string or array or object Got: 0.

程式：u/xxy/guanwai/npc/sanhu.c 第 24 行
物件: /u/xxy/guanwai/npc/sanhu#787
呼叫来自：std/room.c 的 reset() 第 54 行，物件： u/xxy/guanwai/road6
呼叫来自：std/room.c 的 make_inventory() 第 19 行，物件： u/xxy/guanwai/road6
呼叫来自：u/xxy/guanwai/npc/sanhu.c 的 create() 第 24 行，物件： u/xxy/guanwai/npc/sanhu#787 ("忽伦三虎")

执行时段错误：*Bad argument 1 to call_other()
Expected: string or array or object Got: 0.

程式：u/xxy/guanwai/npc/laoban.c 第 22 行
物件: /u/xxy/guanwai/npc/laoban#788
呼叫来自：std/room.c 的 reset() 第 54 行，物件： u/xxy/guanwai/rouguan
呼叫来自：std/room.c 的 make_inventory() 第 19 行，物件： u/xxy/guanwai/rouguan
呼叫来自：u/xxy/guanwai/npc/laoban.c 的 create() 第 22 行，物件： u/xxy/guanwai/npc/laoban#788 ("酒馆老板")

执行时段错误：*Bad argument 1 to call_other()
Expected: string or array or object Got: 0.

程式：std/room.c 第 20 行
物件: /u/xxy/guanwai/majiu
呼叫来自：std/room.c 的 reset() 第 54 行，物件： u/xxy/guanwai/majiu
呼叫来自：std/room.c 的 make_inventory() 第 20 行，物件： u/xxy/guanwai/majiu

执行时段错误：*F_SKILL: No such skill (hujia-daofa)

程式：feature/skill.c 第 17 行
物件: /u/xxy/guanwai/npc/yanji#789
呼叫来自：std/room.c 的 reset() 第 54 行，物件： u/xxy/guanwai/shanshenmiao
呼叫来自：std/room.c 的 make_inventory() 第 19 行，物件： u/xxy/guanwai/shanshenmiao
呼叫来自：u/xxy/guanwai/npc/yanji.c 的 create() 第 33 行，物件： u/xxy/guanwai/npc/yanji#789 ("阎基")
呼叫来自：feature/skill.c 的 set_skill() 第 17 行，物件： u/xxy/guanwai/npc/yanji#789 ("阎基")

执行时段错误：*Bad argument 1 to call_other()
Expected: string or array or object Got: 0.

程式：u/xxy/guanwai/npc/heersu.c 第 33 行
物件: /u/xxy/guanwai/npc/heersu#790
呼叫来自：std/room.c 的 reset() 第 54 行，物件： u/xxy/guanwai/tuwu
呼叫来自：std/room.c 的 make_inventory() 第 19 行，物件： u/xxy/guanwai/tuwu
呼叫来自：u/xxy/guanwai/npc/heersu.c 的 create() 第 33 行，物件： u/xxy/guanwai/npc/heersu#790 ("赫尔苏")

执行时段错误：*F_SKILL: No such skill (xiaowuxiang)

程式：feature/skill.c 第 17 行
物件: /u/xxy/guanwai/npc/tengyilei#791
呼叫来自：std/room.c 的 reset() 第 54 行，物件： u/xxy/guanwai/nancheng
呼叫来自：std/room.c 的 make_inventory() 第 19 行，物件： u/xxy/guanwai/nancheng
呼叫来自：u/xxy/guanwai/npc/tengyilei.c 的 create() 第 30 行，物件： u/xxy/guanwai/npc/tengyilei#791 ("滕一雷")
呼叫来自：feature/skill.c 的 set_skill() 第 17 行，物件： u/xxy/guanwai/npc/tengyilei#791 ("滕一雷")

执行时段错误：*Wrong permissions for opening file /u/guanwai/log for append.
"No such file or directory"

程式：adm/obj/master.c 第 121 行
物件: /adm/obj/master
呼叫来自：std/room.c 的 reset() 第 54 行，物件： u/xxy/guanwai/muqiao
呼叫来自：std/room.c 的 make_inventory() 第 19 行，物件： u/xxy/guanwai/muqiao
呼叫来自：adm/obj/master.c 的 log_error() 第 121 行，物件： adm/obj/master
u/xxy/guanwai/npc/yuzhenzi.c line 6: parse error

执行时段错误：*Error in loading object '/u/xxy/guanwai/npc/yuzhenzi'

程式：std/room.c 第 19 行
物件: /u/xxy/guanwai/muqiao
呼叫来自：std/room.c 的 reset() 第 54 行，物件： u/xxy/guanwai/muqiao
呼叫来自：std/room.c 的 make_inventory() 第 19 行，物件： u/xxy/guanwai/muqiao

执行时段错误：*Bad argument 1 to call_other()
Expected: string or array or object Got: 0.

程式：u/xxy/lingzhou/npc/yipinwushi.c 第 33 行
物件: /u/xxy/lingzhou/npc/yipinwushi#792
呼叫来自：std/room.c 的 reset() 第 65 行，物件： u/xxy/lingzhou/yipindating
呼叫来自：std/room.c 的 make_inventory() 第 19 行，物件： u/xxy/lingzhou/yipindating
呼叫来自：u/xxy/lingzhou/npc/yipinwushi.c 的 create() 第 33 行，物件： u/xxy/lingzhou/npc/yipinwushi#792 ("一品堂武士")

执行时段错误：*Wrong permissions for opening file /u/lingzhou/log for append.
"No such file or directory"

程式：adm/obj/master.c 第 121 行
物件: /adm/obj/master
呼叫来自：std/room.c 的 reset() 第 54 行，物件： u/xxy/lingzhou/yipindayuan
呼叫来自：std/room.c 的 make_inventory() 第 19 行，物件： u/xxy/lingzhou/yipindayuan
呼叫来自：adm/obj/master.c 的 log_error() 第 121 行，物件： adm/obj/master
u/xxy/lingzhou/npc/yun.c line 39: Undefined function prepare_skill

执行时段错误：*Error in loading object '/u/xxy/lingzhou/npc/yun'

程式：std/room.c 第 19 行
物件: /u/xxy/lingzhou/yipindayuan
呼叫来自：std/room.c 的 reset() 第 54 行，物件： u/xxy/lingzhou/yipindayuan
呼叫来自：std/room.c 的 make_inventory() 第 19 行，物件： u/xxy/lingzhou/yipindayuan

执行时段错误：*Bad argument 1 to call_other()
Expected: string or array or object Got: 0.

程式：u/xxy/lingzhou/npc/yipinwushi.c 第 33 行
物件: /u/xxy/lingzhou/npc/yipinwushi#793
呼叫来自：std/room.c 的 reset() 第 65 行，物件： u/xxy/lingzhou/yipingate
呼叫来自：std/room.c 的 make_inventory() 第 19 行，物件： u/xxy/lingzhou/yipingate
呼叫来自：u/xxy/lingzhou/npc/yipinwushi.c 的 create() 第 33 行，物件： u/xxy/lingzhou/npc/yipinwushi#793 ("一品堂武士")

执行时段错误：*Bad argument 1 to call_other()
Expected: string or array or object Got: 0.

程式：std/room.c 第 20 行
物件: /u/xxy/lingzhou/jiangjunyuan
呼叫来自：std/room.c 的 reset() 第 65 行，物件： u/xxy/lingzhou/jiangjunyuan
呼叫来自：std/room.c 的 make_inventory() 第 20 行，物件： u/xxy/lingzhou/jiangjunyuan

执行时段错误：*Bad argument 1 to call_other()
Expected: string or array or object Got: 0.

程式：u/xxy/lingzhou/npc/xiaowei.c 第 32 行
物件: /u/xxy/lingzhou/npc/xiaowei#794
呼叫来自：std/room.c 的 reset() 第 65 行，物件： u/xxy/lingzhou/jiangjungate
呼叫来自：std/room.c 的 make_inventory() 第 19 行，物件： u/xxy/lingzhou/jiangjungate
呼叫来自：u/xxy/lingzhou/npc/xiaowei.c 的 create() 第 32 行，物件： u/xxy/lingzhou/npc/xiaowei#794 ("校尉")

执行时段错误：*Bad argument 1 to call_other()
Expected: string or array or object Got: 0.

程式：std/room.c 第 20 行
物件: /u/xxy/lingzhou/yamen
呼叫来自：std/room.c 的 reset() 第 65 行，物件： u/xxy/lingzhou/yamen
呼叫来自：std/room.c 的 make_inventory() 第 20 行，物件： u/xxy/lingzhou/yamen

执行时段错误：*Bad argument 1 to call_other()
Expected: string or array or object Got: 0.

程式：u/xxy/lingzhou/npc/xixiabing.c 第 33 行
物件: /u/xxy/lingzhou/npc/xixiabing#795
呼叫来自：std/room.c 的 reset() 第 65 行，物件： u/xxy/lingzhou/biaoqiyin
呼叫来自：std/room.c 的 make_inventory() 第 19 行，物件： u/xxy/lingzhou/biaoqiyin
呼叫来自：u/xxy/lingzhou/npc/xixiabing.c 的 create() 第 33 行，物件： u/xxy/lingzhou/npc/xixiabing#795 ("西夏兵")

执行时段错误：*Bad argument 1 to call_other()
Expected: string or array or object Got: 0.

程式：u/xxy/lingzhou/npc/xiaoer2.c 第 25 行
物件: /u/xxy/lingzhou/npc/xiaoer2#796
呼叫来自：std/room.c 的 reset() 第 54 行，物件： u/xxy/lingzhou/jiuguan
呼叫来自：std/room.c 的 make_inventory() 第 19 行，物件： u/xxy/lingzhou/jiuguan
呼叫来自：u/xxy/lingzhou/npc/xiaoer2.c 的 create() 第 25 行，物件： u/xxy/lingzhou/npc/xiaoer2#796 ("店小二")

执行时段错误：*Wrong permissions for opening file /u/lingzhou/log for append.
"No such file or directory"

程式：adm/obj/master.c 第 121 行
物件: /adm/obj/master
呼叫来自：std/room.c 的 reset() 第 54 行，物件： u/xxy/lingzhou/center
呼叫来自：std/room.c 的 make_inventory() 第 19 行，物件： u/xxy/lingzhou/center
呼叫来自：adm/obj/master.c 的 log_error() 第 121 行，物件： adm/obj/master
u/xxy/lingzhou/npc/duan.c line 39: Undefined function prepare_skill

执行时段错误：*Error in loading object '/u/xxy/lingzhou/npc/duan'

程式：std/room.c 第 19 行
物件: /u/xxy/lingzhou/center
呼叫来自：std/room.c 的 reset() 第 54 行，物件： u/xxy/lingzhou/center
呼叫来自：std/room.c 的 make_inventory() 第 19 行，物件： u/xxy/lingzhou/center

执行时段错误：*Bad argument 1 to call_other()
Expected: string or array or object Got: 0.

程式：u/xxy/lingzhou/npc/xiaowei.c 第 32 行
物件: /u/xxy/lingzhou/npc/xiaowei#797
呼叫来自：std/room.c 的 reset() 第 54 行，物件： u/xxy/lingzhou/nanmen
呼叫来自：std/room.c 的 make_inventory() 第 19 行，物件： u/xxy/lingzhou/nanmen
呼叫来自：u/xxy/lingzhou/npc/xiaowei.c 的 create() 第 32 行，物件： u/xxy/lingzhou/npc/xiaowei#797 ("校尉")

执行时段错误：*F_SKILL: No such skill (huashan-sword)

程式：feature/skill.c 第 17 行
物件: /u/xxy/guanwai/npc/fengxifan#800
呼叫来自：std/room.c 的 reset() 第 54 行，物件： u/xxy/guanwai/laolongtou
呼叫来自：std/room.c 的 make_inventory() 第 19 行，物件： u/xxy/guanwai/laolongtou
呼叫来自：u/xxy/guanwai/npc/fengxifan.c 的 create() 第 37 行，物件： u/xxy/guanwai/npc/fengxifan#800 ("冯锡范")
呼叫来自：feature/skill.c 的 set_skill() 第 17 行，物件： u/xxy/guanwai/npc/fengxifan#800 ("冯锡范")

执行时段错误：*Bad argument 1 to call_other()
Expected: string or array or object Got: 0.

程式：std/room.c 第 20 行
物件: /u/xxy/guanwai/shanhaiguan
呼叫来自：std/room.c 的 reset() 第 54 行，物件： u/xxy/guanwai/shanhaiguan
呼叫来自：std/room.c 的 make_inventory() 第 20 行，物件： u/xxy/guanwai/shanhaiguan

执行时段错误：*Bad argument 1 to call_other()
Expected: string or array or object Got: 0.

程式：u/xxy/guanwai/npc/xiaoyuanshan.c 第 51 行
物件: /u/xxy/guanwai/npc/xiaoyuanshan#801
呼叫来自：std/room.c 的 reset() 第 54 行，物件： u/xxy/guanwai/road1
呼叫来自：std/room.c 的 make_inventory() 第 19 行，物件： u/xxy/guanwai/road1
呼叫来自：u/xxy/guanwai/npc/xiaoyuanshan.c 的 create() 第 51 行，物件： u/xxy/guanwai/npc/xiaoyuanshan#801 ("萧远山")

执行时段错误：*Bad argument 1 to call_other()
Expected: string or array or object Got: 0.

程式：u/xxy/guanwai/npc/dahu.c 第 24 行
物件: /u/xxy/guanwai/npc/dahu#802
呼叫来自：std/room.c 的 reset() 第 54 行，物件： u/xxy/guanwai/road4
呼叫来自：std/room.c 的 make_inventory() 第 19 行，物件： u/xxy/guanwai/road4
呼叫来自：u/xxy/guanwai/npc/dahu.c 的 create() 第 24 行，物件： u/xxy/guanwai/npc/dahu#802 ("忽伦大虎")

执行时段错误：*Bad argument 1 to call_other()
Expected: string or array or object Got: 0.

程式：u/xxy/guanwai/npc/sihu.c 第 24 行
物件: /u/xxy/guanwai/npc/sihu#803
呼叫来自：std/room.c 的 reset() 第 54 行，物件： u/xxy/guanwai/road5
呼叫来自：std/room.c 的 make_inventory() 第 19 行，物件： u/xxy/guanwai/road5
呼叫来自：u/xxy/guanwai/npc/sihu.c 的 create() 第 24 行，物件： u/xxy/guanwai/npc/sihu#803 ("忽伦四虎")

执行时段错误：*Bad argument 1 to call_other()
Expected: string or array or object Got: 0.

程式：u/xxy/guanwai/npc/sanhu.c 第 24 行
物件: /u/xxy/guanwai/npc/sanhu#804
呼叫来自：std/room.c 的 reset() 第 54 行，物件： u/xxy/guanwai/road6
呼叫来自：std/room.c 的 make_inventory() 第 19 行，物件： u/xxy/guanwai/road6
呼叫来自：u/xxy/guanwai/npc/sanhu.c 的 create() 第 24 行，物件： u/xxy/guanwai/npc/sanhu#804 ("忽伦三虎")

执行时段错误：*Bad argument 1 to call_other()
Expected: string or array or object Got: 0.

程式：u/xxy/guanwai/npc/laoban.c 第 22 行
物件: /u/xxy/guanwai/npc/laoban#805
呼叫来自：std/room.c 的 reset() 第 54 行，物件： u/xxy/guanwai/rouguan
呼叫来自：std/room.c 的 make_inventory() 第 19 行，物件： u/xxy/guanwai/rouguan
呼叫来自：u/xxy/guanwai/npc/laoban.c 的 create() 第 22 行，物件： u/xxy/guanwai/npc/laoban#805 ("酒馆老板")

执行时段错误：*Bad argument 1 to call_other()
Expected: string or array or object Got: 0.

程式：std/room.c 第 20 行
物件: /u/xxy/guanwai/majiu
呼叫来自：std/room.c 的 reset() 第 54 行，物件： u/xxy/guanwai/majiu
呼叫来自：std/room.c 的 make_inventory() 第 20 行，物件： u/xxy/guanwai/majiu

执行时段错误：*F_SKILL: No such skill (hujia-daofa)

程式：feature/skill.c 第 17 行
物件: /u/xxy/guanwai/npc/yanji#806
呼叫来自：std/room.c 的 reset() 第 54 行，物件： u/xxy/guanwai/shanshenmiao
呼叫来自：std/room.c 的 make_inventory() 第 19 行，物件： u/xxy/guanwai/shanshenmiao
呼叫来自：u/xxy/guanwai/npc/yanji.c 的 create() 第 33 行，物件： u/xxy/guanwai/npc/yanji#806 ("阎基")
呼叫来自：feature/skill.c 的 set_skill() 第 17 行，物件： u/xxy/guanwai/npc/yanji#806 ("阎基")

执行时段错误：*Bad argument 1 to call_other()
Expected: string or array or object Got: 0.

程式：u/xxy/guanwai/npc/heersu.c 第 33 行
物件: /u/xxy/guanwai/npc/heersu#807
呼叫来自：std/room.c 的 reset() 第 54 行，物件： u/xxy/guanwai/tuwu
呼叫来自：std/room.c 的 make_inventory() 第 19 行，物件： u/xxy/guanwai/tuwu
呼叫来自：u/xxy/guanwai/npc/heersu.c 的 create() 第 33 行，物件： u/xxy/guanwai/npc/heersu#807 ("赫尔苏")

执行时段错误：*F_SKILL: No such skill (xiaowuxiang)

程式：feature/skill.c 第 17 行
物件: /u/xxy/guanwai/npc/tengyilei#808
呼叫来自：std/room.c 的 reset() 第 54 行，物件： u/xxy/guanwai/nancheng
呼叫来自：std/room.c 的 make_inventory() 第 19 行，物件： u/xxy/guanwai/nancheng
呼叫来自：u/xxy/guanwai/npc/tengyilei.c 的 create() 第 30 行，物件： u/xxy/guanwai/npc/tengyilei#808 ("滕一雷")
呼叫来自：feature/skill.c 的 set_skill() 第 17 行，物件： u/xxy/guanwai/npc/tengyilei#808 ("滕一雷")

执行时段错误：*Wrong permissions for opening file /u/guanwai/log for append.
"No such file or directory"

程式：adm/obj/master.c 第 121 行
物件: /adm/obj/master
呼叫来自：std/room.c 的 reset() 第 54 行，物件： u/xxy/guanwai/muqiao
呼叫来自：std/room.c 的 make_inventory() 第 19 行，物件： u/xxy/guanwai/muqiao
呼叫来自：adm/obj/master.c 的 log_error() 第 121 行，物件： adm/obj/master
u/xxy/guanwai/npc/yuzhenzi.c line 6: parse error

执行时段错误：*Error in loading object '/u/xxy/guanwai/npc/yuzhenzi'

程式：std/room.c 第 19 行
物件: /u/xxy/guanwai/muqiao
呼叫来自：std/room.c 的 reset() 第 54 行，物件： u/xxy/guanwai/muqiao
呼叫来自：std/room.c 的 make_inventory() 第 19 行，物件： u/xxy/guanwai/muqiao

执行时段错误：*Bad argument 1 to call_other()
Expected: string or array or object Got: 0.

程式：u/xxy/lingzhou/npc/yipinwushi.c 第 33 行
物件: /u/xxy/lingzhou/npc/yipinwushi#809
呼叫来自：std/room.c 的 reset() 第 65 行，物件： u/xxy/lingzhou/yipindating
呼叫来自：std/room.c 的 make_inventory() 第 19 行，物件： u/xxy/lingzhou/yipindating
呼叫来自：u/xxy/lingzhou/npc/yipinwushi.c 的 create() 第 33 行，物件： u/xxy/lingzhou/npc/yipinwushi#809 ("一品堂武士")

执行时段错误：*Wrong permissions for opening file /u/lingzhou/log for append.
"No such file or directory"

程式：adm/obj/master.c 第 121 行
物件: /adm/obj/master
呼叫来自：std/room.c 的 reset() 第 54 行，物件： u/xxy/lingzhou/yipindayuan
呼叫来自：std/room.c 的 make_inventory() 第 19 行，物件： u/xxy/lingzhou/yipindayuan
呼叫来自：adm/obj/master.c 的 log_error() 第 121 行，物件： adm/obj/master
u/xxy/lingzhou/npc/yun.c line 39: Undefined function prepare_skill

执行时段错误：*Error in loading object '/u/xxy/lingzhou/npc/yun'

程式：std/room.c 第 19 行
物件: /u/xxy/lingzhou/yipindayuan
呼叫来自：std/room.c 的 reset() 第 54 行，物件： u/xxy/lingzhou/yipindayuan
呼叫来自：std/room.c 的 make_inventory() 第 19 行，物件： u/xxy/lingzhou/yipindayuan

执行时段错误：*Bad argument 1 to call_other()
Expected: string or array or object Got: 0.

程式：u/xxy/lingzhou/npc/yipinwushi.c 第 33 行
物件: /u/xxy/lingzhou/npc/yipinwushi#810
呼叫来自：std/room.c 的 reset() 第 65 行，物件： u/xxy/lingzhou/yipingate
呼叫来自：std/room.c 的 make_inventory() 第 19 行，物件： u/xxy/lingzhou/yipingate
呼叫来自：u/xxy/lingzhou/npc/yipinwushi.c 的 create() 第 33 行，物件： u/xxy/lingzhou/npc/yipinwushi#810 ("一品堂武士")

执行时段错误：*Bad argument 1 to call_other()
Expected: string or array or object Got: 0.

程式：std/room.c 第 20 行
物件: /u/xxy/lingzhou/jiangjunyuan
呼叫来自：std/room.c 的 reset() 第 65 行，物件： u/xxy/lingzhou/jiangjunyuan
呼叫来自：std/room.c 的 make_inventory() 第 20 行，物件： u/xxy/lingzhou/jiangjunyuan

执行时段错误：*Bad argument 1 to call_other()
Expected: string or array or object Got: 0.

程式：u/xxy/lingzhou/npc/xiaowei.c 第 32 行
物件: /u/xxy/lingzhou/npc/xiaowei#811
呼叫来自：std/room.c 的 reset() 第 65 行，物件： u/xxy/lingzhou/jiangjungate
呼叫来自：std/room.c 的 make_inventory() 第 19 行，物件： u/xxy/lingzhou/jiangjungate
呼叫来自：u/xxy/lingzhou/npc/xiaowei.c 的 create() 第 32 行，物件： u/xxy/lingzhou/npc/xiaowei#811 ("校尉")

执行时段错误：*Bad argument 1 to call_other()
Expected: string or array or object Got: 0.

程式：std/room.c 第 20 行
物件: /u/xxy/lingzhou/yamen
呼叫来自：std/room.c 的 reset() 第 65 行，物件： u/xxy/lingzhou/yamen
呼叫来自：std/room.c 的 make_inventory() 第 20 行，物件： u/xxy/lingzhou/yamen

执行时段错误：*Bad argument 1 to call_other()
Expected: string or array or object Got: 0.

程式：u/xxy/lingzhou/npc/xixiabing.c 第 33 行
物件: /u/xxy/lingzhou/npc/xixiabing#812
呼叫来自：std/room.c 的 reset() 第 65 行，物件： u/xxy/lingzhou/biaoqiyin
呼叫来自：std/room.c 的 make_inventory() 第 19 行，物件： u/xxy/lingzhou/biaoqiyin
呼叫来自：u/xxy/lingzhou/npc/xixiabing.c 的 create() 第 33 行，物件： u/xxy/lingzhou/npc/xixiabing#812 ("西夏兵")

执行时段错误：*Bad argument 1 to call_other()
Expected: string or array or object Got: 0.

程式：u/xxy/lingzhou/npc/xiaoer2.c 第 25 行
物件: /u/xxy/lingzhou/npc/xiaoer2#813
呼叫来自：std/room.c 的 reset() 第 54 行，物件： u/xxy/lingzhou/jiuguan
呼叫来自：std/room.c 的 make_inventory() 第 19 行，物件： u/xxy/lingzhou/jiuguan
呼叫来自：u/xxy/lingzhou/npc/xiaoer2.c 的 create() 第 25 行，物件： u/xxy/lingzhou/npc/xiaoer2#813 ("店小二")

执行时段错误：*Wrong permissions for opening file /u/lingzhou/log for append.
"No such file or directory"

程式：adm/obj/master.c 第 121 行
物件: /adm/obj/master
呼叫来自：std/room.c 的 reset() 第 54 行，物件： u/xxy/lingzhou/center
呼叫来自：std/room.c 的 make_inventory() 第 19 行，物件： u/xxy/lingzhou/center
呼叫来自：adm/obj/master.c 的 log_error() 第 121 行，物件： adm/obj/master
u/xxy/lingzhou/npc/duan.c line 39: Undefined function prepare_skill

执行时段错误：*Error in loading object '/u/xxy/lingzhou/npc/duan'

程式：std/room.c 第 19 行
物件: /u/xxy/lingzhou/center
呼叫来自：std/room.c 的 reset() 第 54 行，物件： u/xxy/lingzhou/center
呼叫来自：std/room.c 的 make_inventory() 第 19 行，物件： u/xxy/lingzhou/center

执行时段错误：*Bad argument 1 to call_other()
Expected: string or array or object Got: 0.

程式：u/xxy/lingzhou/npc/xiaowei.c 第 32 行
物件: /u/xxy/lingzhou/npc/xiaowei#814
呼叫来自：std/room.c 的 reset() 第 54 行，物件： u/xxy/lingzhou/nanmen
呼叫来自：std/room.c 的 make_inventory() 第 19 行，物件： u/xxy/lingzhou/nanmen
呼叫来自：u/xxy/lingzhou/npc/xiaowei.c 的 create() 第 32 行，物件： u/xxy/lingzhou/npc/xiaowei#814 ("校尉")

执行时段错误：*F_SKILL: No such skill (huashan-sword)

程式：feature/skill.c 第 17 行
物件: /u/xxy/guanwai/npc/fengxifan#817
呼叫来自：std/room.c 的 reset() 第 54 行，物件： u/xxy/guanwai/laolongtou
呼叫来自：std/room.c 的 make_inventory() 第 19 行，物件： u/xxy/guanwai/laolongtou
呼叫来自：u/xxy/guanwai/npc/fengxifan.c 的 create() 第 37 行，物件： u/xxy/guanwai/npc/fengxifan#817 ("冯锡范")
呼叫来自：feature/skill.c 的 set_skill() 第 17 行，物件： u/xxy/guanwai/npc/fengxifan#817 ("冯锡范")

执行时段错误：*Bad argument 1 to call_other()
Expected: string or array or object Got: 0.

程式：std/room.c 第 20 行
物件: /u/xxy/guanwai/shanhaiguan
呼叫来自：std/room.c 的 reset() 第 54 行，物件： u/xxy/guanwai/shanhaiguan
呼叫来自：std/room.c 的 make_inventory() 第 20 行，物件： u/xxy/guanwai/shanhaiguan

执行时段错误：*Bad argument 1 to call_other()
Expected: string or array or object Got: 0.

程式：u/xxy/guanwai/npc/xiaoyuanshan.c 第 51 行
物件: /u/xxy/guanwai/npc/xiaoyuanshan#818
呼叫来自：std/room.c 的 reset() 第 54 行，物件： u/xxy/guanwai/road1
呼叫来自：std/room.c 的 make_inventory() 第 19 行，物件： u/xxy/guanwai/road1
呼叫来自：u/xxy/guanwai/npc/xiaoyuanshan.c 的 create() 第 51 行，物件： u/xxy/guanwai/npc/xiaoyuanshan#818 ("萧远山")

执行时段错误：*Bad argument 1 to call_other()
Expected: string or array or object Got: 0.

程式：u/xxy/guanwai/npc/dahu.c 第 24 行
物件: /u/xxy/guanwai/npc/dahu#819
呼叫来自：std/room.c 的 reset() 第 54 行，物件： u/xxy/guanwai/road4
呼叫来自：std/room.c 的 make_inventory() 第 19 行，物件： u/xxy/guanwai/road4
呼叫来自：u/xxy/guanwai/npc/dahu.c 的 create() 第 24 行，物件： u/xxy/guanwai/npc/dahu#819 ("忽伦大虎")

执行时段错误：*Bad argument 1 to call_other()
Expected: string or array or object Got: 0.

程式：u/xxy/guanwai/npc/sihu.c 第 24 行
物件: /u/xxy/guanwai/npc/sihu#820
呼叫来自：std/room.c 的 reset() 第 54 行，物件： u/xxy/guanwai/road5
呼叫来自：std/room.c 的 make_inventory() 第 19 行，物件： u/xxy/guanwai/road5
呼叫来自：u/xxy/guanwai/npc/sihu.c 的 create() 第 24 行，物件： u/xxy/guanwai/npc/sihu#820 ("忽伦四虎")

执行时段错误：*Bad argument 1 to call_other()
Expected: string or array or object Got: 0.

程式：u/xxy/guanwai/npc/sanhu.c 第 24 行
物件: /u/xxy/guanwai/npc/sanhu#821
呼叫来自：std/room.c 的 reset() 第 54 行，物件： u/xxy/guanwai/road6
呼叫来自：std/room.c 的 make_inventory() 第 19 行，物件： u/xxy/guanwai/road6
呼叫来自：u/xxy/guanwai/npc/sanhu.c 的 create() 第 24 行，物件： u/xxy/guanwai/npc/sanhu#821 ("忽伦三虎")

执行时段错误：*Bad argument 1 to call_other()
Expected: string or array or object Got: 0.

程式：u/xxy/guanwai/npc/laoban.c 第 22 行
物件: /u/xxy/guanwai/npc/laoban#822
呼叫来自：std/room.c 的 reset() 第 54 行，物件： u/xxy/guanwai/rouguan
呼叫来自：std/room.c 的 make_inventory() 第 19 行，物件： u/xxy/guanwai/rouguan
呼叫来自：u/xxy/guanwai/npc/laoban.c 的 create() 第 22 行，物件： u/xxy/guanwai/npc/laoban#822 ("酒馆老板")

执行时段错误：*Bad argument 1 to call_other()
Expected: string or array or object Got: 0.

程式：std/room.c 第 20 行
物件: /u/xxy/guanwai/majiu
呼叫来自：std/room.c 的 reset() 第 54 行，物件： u/xxy/guanwai/majiu
呼叫来自：std/room.c 的 make_inventory() 第 20 行，物件： u/xxy/guanwai/majiu

执行时段错误：*F_SKILL: No such skill (hujia-daofa)

程式：feature/skill.c 第 17 行
物件: /u/xxy/guanwai/npc/yanji#823
呼叫来自：std/room.c 的 reset() 第 54 行，物件： u/xxy/guanwai/shanshenmiao
呼叫来自：std/room.c 的 make_inventory() 第 19 行，物件： u/xxy/guanwai/shanshenmiao
呼叫来自：u/xxy/guanwai/npc/yanji.c 的 create() 第 33 行，物件： u/xxy/guanwai/npc/yanji#823 ("阎基")
呼叫来自：feature/skill.c 的 set_skill() 第 17 行，物件： u/xxy/guanwai/npc/yanji#823 ("阎基")

执行时段错误：*Bad argument 1 to call_other()
Expected: string or array or object Got: 0.

程式：u/xxy/guanwai/npc/heersu.c 第 33 行
物件: /u/xxy/guanwai/npc/heersu#824
呼叫来自：std/room.c 的 reset() 第 54 行，物件： u/xxy/guanwai/tuwu
呼叫来自：std/room.c 的 make_inventory() 第 19 行，物件： u/xxy/guanwai/tuwu
呼叫来自：u/xxy/guanwai/npc/heersu.c 的 create() 第 33 行，物件： u/xxy/guanwai/npc/heersu#824 ("赫尔苏")

执行时段错误：*F_SKILL: No such skill (xiaowuxiang)

程式：feature/skill.c 第 17 行
物件: /u/xxy/guanwai/npc/tengyilei#825
呼叫来自：std/room.c 的 reset() 第 54 行，物件： u/xxy/guanwai/nancheng
呼叫来自：std/room.c 的 make_inventory() 第 19 行，物件： u/xxy/guanwai/nancheng
呼叫来自：u/xxy/guanwai/npc/tengyilei.c 的 create() 第 30 行，物件： u/xxy/guanwai/npc/tengyilei#825 ("滕一雷")
呼叫来自：feature/skill.c 的 set_skill() 第 17 行，物件： u/xxy/guanwai/npc/tengyilei#825 ("滕一雷")

执行时段错误：*Wrong permissions for opening file /u/guanwai/log for append.
"No such file or directory"

程式：adm/obj/master.c 第 121 行
物件: /adm/obj/master
呼叫来自：std/room.c 的 reset() 第 54 行，物件： u/xxy/guanwai/muqiao
呼叫来自：std/room.c 的 make_inventory() 第 19 行，物件： u/xxy/guanwai/muqiao
呼叫来自：adm/obj/master.c 的 log_error() 第 121 行，物件： adm/obj/master
u/xxy/guanwai/npc/yuzhenzi.c line 6: parse error

执行时段错误：*Error in loading object '/u/xxy/guanwai/npc/yuzhenzi'

程式：std/room.c 第 19 行
物件: /u/xxy/guanwai/muqiao
呼叫来自：std/room.c 的 reset() 第 54 行，物件： u/xxy/guanwai/muqiao
呼叫来自：std/room.c 的 make_inventory() 第 19 行，物件： u/xxy/guanwai/muqiao

执行时段错误：*Bad argument 1 to call_other()
Expected: string or array or object Got: 0.

程式：u/xxy/lingzhou/npc/yipinwushi.c 第 33 行
物件: /u/xxy/lingzhou/npc/yipinwushi#826
呼叫来自：std/room.c 的 reset() 第 65 行，物件： u/xxy/lingzhou/yipindating
呼叫来自：std/room.c 的 make_inventory() 第 19 行，物件： u/xxy/lingzhou/yipindating
呼叫来自：u/xxy/lingzhou/npc/yipinwushi.c 的 create() 第 33 行，物件： u/xxy/lingzhou/npc/yipinwushi#826 ("一品堂武士")

执行时段错误：*Wrong permissions for opening file /u/lingzhou/log for append.
"No such file or directory"

程式：adm/obj/master.c 第 121 行
物件: /adm/obj/master
呼叫来自：std/room.c 的 reset() 第 54 行，物件： u/xxy/lingzhou/yipindayuan
呼叫来自：std/room.c 的 make_inventory() 第 19 行，物件： u/xxy/lingzhou/yipindayuan
呼叫来自：adm/obj/master.c 的 log_error() 第 121 行，物件： adm/obj/master
u/xxy/lingzhou/npc/yun.c line 39: Undefined function prepare_skill

执行时段错误：*Error in loading object '/u/xxy/lingzhou/npc/yun'

程式：std/room.c 第 19 行
物件: /u/xxy/lingzhou/yipindayuan
呼叫来自：std/room.c 的 reset() 第 54 行，物件： u/xxy/lingzhou/yipindayuan
呼叫来自：std/room.c 的 make_inventory() 第 19 行，物件： u/xxy/lingzhou/yipindayuan

执行时段错误：*Bad argument 1 to call_other()
Expected: string or array or object Got: 0.

程式：u/xxy/lingzhou/npc/yipinwushi.c 第 33 行
物件: /u/xxy/lingzhou/npc/yipinwushi#827
呼叫来自：std/room.c 的 reset() 第 65 行，物件： u/xxy/lingzhou/yipingate
呼叫来自：std/room.c 的 make_inventory() 第 19 行，物件： u/xxy/lingzhou/yipingate
呼叫来自：u/xxy/lingzhou/npc/yipinwushi.c 的 create() 第 33 行，物件： u/xxy/lingzhou/npc/yipinwushi#827 ("一品堂武士")

执行时段错误：*Bad argument 1 to call_other()
Expected: string or array or object Got: 0.

程式：std/room.c 第 20 行
物件: /u/xxy/lingzhou/jiangjunyuan
呼叫来自：std/room.c 的 reset() 第 65 行，物件： u/xxy/lingzhou/jiangjunyuan
呼叫来自：std/room.c 的 make_inventory() 第 20 行，物件： u/xxy/lingzhou/jiangjunyuan

执行时段错误：*Bad argument 1 to call_other()
Expected: string or array or object Got: 0.

程式：u/xxy/lingzhou/npc/xiaowei.c 第 32 行
物件: /u/xxy/lingzhou/npc/xiaowei#828
呼叫来自：std/room.c 的 reset() 第 65 行，物件： u/xxy/lingzhou/jiangjungate
呼叫来自：std/room.c 的 make_inventory() 第 19 行，物件： u/xxy/lingzhou/jiangjungate
呼叫来自：u/xxy/lingzhou/npc/xiaowei.c 的 create() 第 32 行，物件： u/xxy/lingzhou/npc/xiaowei#828 ("校尉")

执行时段错误：*Bad argument 1 to call_other()
Expected: string or array or object Got: 0.

程式：std/room.c 第 20 行
物件: /u/xxy/lingzhou/yamen
呼叫来自：std/room.c 的 reset() 第 65 行，物件： u/xxy/lingzhou/yamen
呼叫来自：std/room.c 的 make_inventory() 第 20 行，物件： u/xxy/lingzhou/yamen

执行时段错误：*Bad argument 1 to call_other()
Expected: string or array or object Got: 0.

程式：u/xxy/lingzhou/npc/xixiabing.c 第 33 行
物件: /u/xxy/lingzhou/npc/xixiabing#829
呼叫来自：std/room.c 的 reset() 第 65 行，物件： u/xxy/lingzhou/biaoqiyin
呼叫来自：std/room.c 的 make_inventory() 第 19 行，物件： u/xxy/lingzhou/biaoqiyin
呼叫来自：u/xxy/lingzhou/npc/xixiabing.c 的 create() 第 33 行，物件： u/xxy/lingzhou/npc/xixiabing#829 ("西夏兵")

执行时段错误：*Bad argument 1 to call_other()
Expected: string or array or object Got: 0.

程式：u/xxy/lingzhou/npc/xiaoer2.c 第 25 行
物件: /u/xxy/lingzhou/npc/xiaoer2#830
呼叫来自：std/room.c 的 reset() 第 54 行，物件： u/xxy/lingzhou/jiuguan
呼叫来自：std/room.c 的 make_inventory() 第 19 行，物件： u/xxy/lingzhou/jiuguan
呼叫来自：u/xxy/lingzhou/npc/xiaoer2.c 的 create() 第 25 行，物件： u/xxy/lingzhou/npc/xiaoer2#830 ("店小二")

执行时段错误：*Wrong permissions for opening file /u/lingzhou/log for append.
"No such file or directory"

程式：adm/obj/master.c 第 121 行
物件: /adm/obj/master
呼叫来自：std/room.c 的 reset() 第 54 行，物件： u/xxy/lingzhou/center
呼叫来自：std/room.c 的 make_inventory() 第 19 行，物件： u/xxy/lingzhou/center
呼叫来自：adm/obj/master.c 的 log_error() 第 121 行，物件： adm/obj/master
u/xxy/lingzhou/npc/duan.c line 39: Undefined function prepare_skill

执行时段错误：*Error in loading object '/u/xxy/lingzhou/npc/duan'

程式：std/room.c 第 19 行
物件: /u/xxy/lingzhou/center
呼叫来自：std/room.c 的 reset() 第 54 行，物件： u/xxy/lingzhou/center
呼叫来自：std/room.c 的 make_inventory() 第 19 行，物件： u/xxy/lingzhou/center

执行时段错误：*Bad argument 1 to call_other()
Expected: string or array or object Got: 0.

程式：u/xxy/lingzhou/npc/xiaowei.c 第 32 行
物件: /u/xxy/lingzhou/npc/xiaowei#831
呼叫来自：std/room.c 的 reset() 第 54 行，物件： u/xxy/lingzhou/nanmen
呼叫来自：std/room.c 的 make_inventory() 第 19 行，物件： u/xxy/lingzhou/nanmen
呼叫来自：u/xxy/lingzhou/npc/xiaowei.c 的 create() 第 32 行，物件： u/xxy/lingzhou/npc/xiaowei#831 ("校尉")

执行时段错误：*F_SKILL: No such skill (huashan-sword)

程式：feature/skill.c 第 17 行
物件: /u/xxy/guanwai/npc/fengxifan#832
呼叫来自：std/room.c 的 reset() 第 54 行，物件： u/xxy/guanwai/laolongtou
呼叫来自：std/room.c 的 make_inventory() 第 19 行，物件： u/xxy/guanwai/laolongtou
呼叫来自：u/xxy/guanwai/npc/fengxifan.c 的 create() 第 37 行，物件： u/xxy/guanwai/npc/fengxifan#832 ("冯锡范")
呼叫来自：feature/skill.c 的 set_skill() 第 17 行，物件： u/xxy/guanwai/npc/fengxifan#832 ("冯锡范")

执行时段错误：*Bad argument 1 to call_other()
Expected: string or array or object Got: 0.

程式：std/room.c 第 20 行
物件: /u/xxy/guanwai/shanhaiguan
呼叫来自：std/room.c 的 reset() 第 54 行，物件： u/xxy/guanwai/shanhaiguan
呼叫来自：std/room.c 的 make_inventory() 第 20 行，物件： u/xxy/guanwai/shanhaiguan

执行时段错误：*Bad argument 1 to call_other()
Expected: string or array or object Got: 0.

程式：u/xxy/guanwai/npc/xiaoyuanshan.c 第 51 行
物件: /u/xxy/guanwai/npc/xiaoyuanshan#833
呼叫来自：std/room.c 的 reset() 第 54 行，物件： u/xxy/guanwai/road1
呼叫来自：std/room.c 的 make_inventory() 第 19 行，物件： u/xxy/guanwai/road1
呼叫来自：u/xxy/guanwai/npc/xiaoyuanshan.c 的 create() 第 51 行，物件： u/xxy/guanwai/npc/xiaoyuanshan#833 ("萧远山")

执行时段错误：*Bad argument 1 to call_other()
Expected: string or array or object Got: 0.

程式：u/xxy/guanwai/npc/dahu.c 第 24 行
物件: /u/xxy/guanwai/npc/dahu#834
呼叫来自：std/room.c 的 reset() 第 54 行，物件： u/xxy/guanwai/road4
呼叫来自：std/room.c 的 make_inventory() 第 19 行，物件： u/xxy/guanwai/road4
呼叫来自：u/xxy/guanwai/npc/dahu.c 的 create() 第 24 行，物件： u/xxy/guanwai/npc/dahu#834 ("忽伦大虎")

执行时段错误：*Bad argument 1 to call_other()
Expected: string or array or object Got: 0.

程式：u/xxy/guanwai/npc/sihu.c 第 24 行
物件: /u/xxy/guanwai/npc/sihu#835
呼叫来自：std/room.c 的 reset() 第 54 行，物件： u/xxy/guanwai/road5
呼叫来自：std/room.c 的 make_inventory() 第 19 行，物件： u/xxy/guanwai/road5
呼叫来自：u/xxy/guanwai/npc/sihu.c 的 create() 第 24 行，物件： u/xxy/guanwai/npc/sihu#835 ("忽伦四虎")

执行时段错误：*Bad argument 1 to call_other()
Expected: string or array or object Got: 0.

程式：u/xxy/guanwai/npc/sanhu.c 第 24 行
物件: /u/xxy/guanwai/npc/sanhu#836
呼叫来自：std/room.c 的 reset() 第 54 行，物件： u/xxy/guanwai/road6
呼叫来自：std/room.c 的 make_inventory() 第 19 行，物件： u/xxy/guanwai/road6
呼叫来自：u/xxy/guanwai/npc/sanhu.c 的 create() 第 24 行，物件： u/xxy/guanwai/npc/sanhu#836 ("忽伦三虎")

执行时段错误：*Bad argument 1 to call_other()
Expected: string or array or object Got: 0.

程式：u/xxy/guanwai/npc/laoban.c 第 22 行
物件: /u/xxy/guanwai/npc/laoban#837
呼叫来自：std/room.c 的 reset() 第 54 行，物件： u/xxy/guanwai/rouguan
呼叫来自：std/room.c 的 make_inventory() 第 19 行，物件： u/xxy/guanwai/rouguan
呼叫来自：u/xxy/guanwai/npc/laoban.c 的 create() 第 22 行，物件： u/xxy/guanwai/npc/laoban#837 ("酒馆老板")

执行时段错误：*Bad argument 1 to call_other()
Expected: string or array or object Got: 0.

程式：std/room.c 第 20 行
物件: /u/xxy/guanwai/majiu
呼叫来自：std/room.c 的 reset() 第 54 行，物件： u/xxy/guanwai/majiu
呼叫来自：std/room.c 的 make_inventory() 第 20 行，物件： u/xxy/guanwai/majiu

执行时段错误：*F_SKILL: No such skill (hujia-daofa)

程式：feature/skill.c 第 17 行
物件: /u/xxy/guanwai/npc/yanji#838
呼叫来自：std/room.c 的 reset() 第 54 行，物件： u/xxy/guanwai/shanshenmiao
呼叫来自：std/room.c 的 make_inventory() 第 19 行，物件： u/xxy/guanwai/shanshenmiao
呼叫来自：u/xxy/guanwai/npc/yanji.c 的 create() 第 33 行，物件： u/xxy/guanwai/npc/yanji#838 ("阎基")
呼叫来自：feature/skill.c 的 set_skill() 第 17 行，物件： u/xxy/guanwai/npc/yanji#838 ("阎基")

执行时段错误：*Bad argument 1 to call_other()
Expected: string or array or object Got: 0.

程式：u/xxy/guanwai/npc/heersu.c 第 33 行
物件: /u/xxy/guanwai/npc/heersu#839
呼叫来自：std/room.c 的 reset() 第 54 行，物件： u/xxy/guanwai/tuwu
呼叫来自：std/room.c 的 make_inventory() 第 19 行，物件： u/xxy/guanwai/tuwu
呼叫来自：u/xxy/guanwai/npc/heersu.c 的 create() 第 33 行，物件： u/xxy/guanwai/npc/heersu#839 ("赫尔苏")

执行时段错误：*F_SKILL: No such skill (xiaowuxiang)

程式：feature/skill.c 第 17 行
物件: /u/xxy/guanwai/npc/tengyilei#840
呼叫来自：std/room.c 的 reset() 第 54 行，物件： u/xxy/guanwai/nancheng
呼叫来自：std/room.c 的 make_inventory() 第 19 行，物件： u/xxy/guanwai/nancheng
呼叫来自：u/xxy/guanwai/npc/tengyilei.c 的 create() 第 30 行，物件： u/xxy/guanwai/npc/tengyilei#840 ("滕一雷")
呼叫来自：feature/skill.c 的 set_skill() 第 17 行，物件： u/xxy/guanwai/npc/tengyilei#840 ("滕一雷")

执行时段错误：*Wrong permissions for opening file /u/guanwai/log for append.
"No such file or directory"

程式：adm/obj/master.c 第 121 行
物件: /adm/obj/master
呼叫来自：std/room.c 的 reset() 第 54 行，物件： u/xxy/guanwai/muqiao
呼叫来自：std/room.c 的 make_inventory() 第 19 行，物件： u/xxy/guanwai/muqiao
呼叫来自：adm/obj/master.c 的 log_error() 第 121 行，物件： adm/obj/master
u/xxy/guanwai/npc/yuzhenzi.c line 6: parse error

执行时段错误：*Error in loading object '/u/xxy/guanwai/npc/yuzhenzi'

程式：std/room.c 第 19 行
物件: /u/xxy/guanwai/muqiao
呼叫来自：std/room.c 的 reset() 第 54 行，物件： u/xxy/guanwai/muqiao
呼叫来自：std/room.c 的 make_inventory() 第 19 行，物件： u/xxy/guanwai/muqiao

执行时段错误：*Bad argument 1 to call_other()
Expected: string or array or object Got: 0.

程式：u/xxy/lingzhou/npc/yipinwushi.c 第 33 行
物件: /u/xxy/lingzhou/npc/yipinwushi#841
呼叫来自：std/room.c 的 reset() 第 65 行，物件： u/xxy/lingzhou/yipindating
呼叫来自：std/room.c 的 make_inventory() 第 19 行，物件： u/xxy/lingzhou/yipindating
呼叫来自：u/xxy/lingzhou/npc/yipinwushi.c 的 create() 第 33 行，物件： u/xxy/lingzhou/npc/yipinwushi#841 ("一品堂武士")

执行时段错误：*Wrong permissions for opening file /u/lingzhou/log for append.
"No such file or directory"

程式：adm/obj/master.c 第 121 行
物件: /adm/obj/master
呼叫来自：std/room.c 的 reset() 第 54 行，物件： u/xxy/lingzhou/yipindayuan
呼叫来自：std/room.c 的 make_inventory() 第 19 行，物件： u/xxy/lingzhou/yipindayuan
呼叫来自：adm/obj/master.c 的 log_error() 第 121 行，物件： adm/obj/master
u/xxy/lingzhou/npc/yun.c line 39: Undefined function prepare_skill

执行时段错误：*Error in loading object '/u/xxy/lingzhou/npc/yun'

程式：std/room.c 第 19 行
物件: /u/xxy/lingzhou/yipindayuan
呼叫来自：std/room.c 的 reset() 第 54 行，物件： u/xxy/lingzhou/yipindayuan
呼叫来自：std/room.c 的 make_inventory() 第 19 行，物件： u/xxy/lingzhou/yipindayuan

执行时段错误：*Bad argument 1 to call_other()
Expected: string or array or object Got: 0.

程式：u/xxy/lingzhou/npc/yipinwushi.c 第 33 行
物件: /u/xxy/lingzhou/npc/yipinwushi#842
呼叫来自：std/room.c 的 reset() 第 65 行，物件： u/xxy/lingzhou/yipingate
呼叫来自：std/room.c 的 make_inventory() 第 19 行，物件： u/xxy/lingzhou/yipingate
呼叫来自：u/xxy/lingzhou/npc/yipinwushi.c 的 create() 第 33 行，物件： u/xxy/lingzhou/npc/yipinwushi#842 ("一品堂武士")

执行时段错误：*Bad argument 1 to call_other()
Expected: string or array or object Got: 0.

程式：std/room.c 第 20 行
物件: /u/xxy/lingzhou/jiangjunyuan
呼叫来自：std/room.c 的 reset() 第 65 行，物件： u/xxy/lingzhou/jiangjunyuan
呼叫来自：std/room.c 的 make_inventory() 第 20 行，物件： u/xxy/lingzhou/jiangjunyuan

执行时段错误：*Bad argument 1 to call_other()
Expected: string or array or object Got: 0.

程式：u/xxy/lingzhou/npc/xiaowei.c 第 32 行
物件: /u/xxy/lingzhou/npc/xiaowei#843
呼叫来自：std/room.c 的 reset() 第 65 行，物件： u/xxy/lingzhou/jiangjungate
呼叫来自：std/room.c 的 make_inventory() 第 19 行，物件： u/xxy/lingzhou/jiangjungate
呼叫来自：u/xxy/lingzhou/npc/xiaowei.c 的 create() 第 32 行，物件： u/xxy/lingzhou/npc/xiaowei#843 ("校尉")

执行时段错误：*Bad argument 1 to call_other()
Expected: string or array or object Got: 0.

程式：std/room.c 第 20 行
物件: /u/xxy/lingzhou/yamen
呼叫来自：std/room.c 的 reset() 第 65 行，物件： u/xxy/lingzhou/yamen
呼叫来自：std/room.c 的 make_inventory() 第 20 行，物件： u/xxy/lingzhou/yamen

执行时段错误：*Bad argument 1 to call_other()
Expected: string or array or object Got: 0.

程式：u/xxy/lingzhou/npc/xixiabing.c 第 33 行
物件: /u/xxy/lingzhou/npc/xixiabing#844
呼叫来自：std/room.c 的 reset() 第 65 行，物件： u/xxy/lingzhou/biaoqiyin
呼叫来自：std/room.c 的 make_inventory() 第 19 行，物件： u/xxy/lingzhou/biaoqiyin
呼叫来自：u/xxy/lingzhou/npc/xixiabing.c 的 create() 第 33 行，物件： u/xxy/lingzhou/npc/xixiabing#844 ("西夏兵")

执行时段错误：*Bad argument 1 to call_other()
Expected: string or array or object Got: 0.

程式：u/xxy/lingzhou/npc/xiaoer2.c 第 25 行
物件: /u/xxy/lingzhou/npc/xiaoer2#845
呼叫来自：std/room.c 的 reset() 第 54 行，物件： u/xxy/lingzhou/jiuguan
呼叫来自：std/room.c 的 make_inventory() 第 19 行，物件： u/xxy/lingzhou/jiuguan
呼叫来自：u/xxy/lingzhou/npc/xiaoer2.c 的 create() 第 25 行，物件： u/xxy/lingzhou/npc/xiaoer2#845 ("店小二")

执行时段错误：*Wrong permissions for opening file /u/lingzhou/log for append.
"No such file or directory"

程式：adm/obj/master.c 第 121 行
物件: /adm/obj/master
呼叫来自：std/room.c 的 reset() 第 54 行，物件： u/xxy/lingzhou/center
呼叫来自：std/room.c 的 make_inventory() 第 19 行，物件： u/xxy/lingzhou/center
呼叫来自：adm/obj/master.c 的 log_error() 第 121 行，物件： adm/obj/master
u/xxy/lingzhou/npc/duan.c line 39: Undefined function prepare_skill

执行时段错误：*Error in loading object '/u/xxy/lingzhou/npc/duan'

程式：std/room.c 第 19 行
物件: /u/xxy/lingzhou/center
呼叫来自：std/room.c 的 reset() 第 54 行，物件： u/xxy/lingzhou/center
呼叫来自：std/room.c 的 make_inventory() 第 19 行，物件： u/xxy/lingzhou/center

执行时段错误：*Bad argument 1 to call_other()
Expected: string or array or object Got: 0.

程式：u/xxy/lingzhou/npc/xiaowei.c 第 32 行
物件: /u/xxy/lingzhou/npc/xiaowei#846
呼叫来自：std/room.c 的 reset() 第 54 行，物件： u/xxy/lingzhou/nanmen
呼叫来自：std/room.c 的 make_inventory() 第 19 行，物件： u/xxy/lingzhou/nanmen
呼叫来自：u/xxy/lingzhou/npc/xiaowei.c 的 create() 第 32 行，物件： u/xxy/lingzhou/npc/xiaowei#846 ("校尉")

执行时段错误：*F_SKILL: No such skill (huashan-sword)

程式：feature/skill.c 第 17 行
物件: /u/xxy/guanwai/npc/fengxifan#849
呼叫来自：std/room.c 的 reset() 第 54 行，物件： u/xxy/guanwai/laolongtou
呼叫来自：std/room.c 的 make_inventory() 第 19 行，物件： u/xxy/guanwai/laolongtou
呼叫来自：u/xxy/guanwai/npc/fengxifan.c 的 create() 第 37 行，物件： u/xxy/guanwai/npc/fengxifan#849 ("冯锡范")
呼叫来自：feature/skill.c 的 set_skill() 第 17 行，物件： u/xxy/guanwai/npc/fengxifan#849 ("冯锡范")

执行时段错误：*Bad argument 1 to call_other()
Expected: string or array or object Got: 0.

程式：std/room.c 第 20 行
物件: /u/xxy/guanwai/shanhaiguan
呼叫来自：std/room.c 的 reset() 第 54 行，物件： u/xxy/guanwai/shanhaiguan
呼叫来自：std/room.c 的 make_inventory() 第 20 行，物件： u/xxy/guanwai/shanhaiguan

执行时段错误：*Bad argument 1 to call_other()
Expected: string or array or object Got: 0.

程式：u/xxy/guanwai/npc/xiaoyuanshan.c 第 51 行
物件: /u/xxy/guanwai/npc/xiaoyuanshan#850
呼叫来自：std/room.c 的 reset() 第 54 行，物件： u/xxy/guanwai/road1
呼叫来自：std/room.c 的 make_inventory() 第 19 行，物件： u/xxy/guanwai/road1
呼叫来自：u/xxy/guanwai/npc/xiaoyuanshan.c 的 create() 第 51 行，物件： u/xxy/guanwai/npc/xiaoyuanshan#850 ("萧远山")

执行时段错误：*Bad argument 1 to call_other()
Expected: string or array or object Got: 0.

程式：u/xxy/guanwai/npc/dahu.c 第 24 行
物件: /u/xxy/guanwai/npc/dahu#851
呼叫来自：std/room.c 的 reset() 第 54 行，物件： u/xxy/guanwai/road4
呼叫来自：std/room.c 的 make_inventory() 第 19 行，物件： u/xxy/guanwai/road4
呼叫来自：u/xxy/guanwai/npc/dahu.c 的 create() 第 24 行，物件： u/xxy/guanwai/npc/dahu#851 ("忽伦大虎")

执行时段错误：*Bad argument 1 to call_other()
Expected: string or array or object Got: 0.

程式：u/xxy/guanwai/npc/sihu.c 第 24 行
物件: /u/xxy/guanwai/npc/sihu#852
呼叫来自：std/room.c 的 reset() 第 54 行，物件： u/xxy/guanwai/road5
呼叫来自：std/room.c 的 make_inventory() 第 19 行，物件： u/xxy/guanwai/road5
呼叫来自：u/xxy/guanwai/npc/sihu.c 的 create() 第 24 行，物件： u/xxy/guanwai/npc/sihu#852 ("忽伦四虎")

执行时段错误：*Bad argument 1 to call_other()
Expected: string or array or object Got: 0.

程式：u/xxy/guanwai/npc/sanhu.c 第 24 行
物件: /u/xxy/guanwai/npc/sanhu#853
呼叫来自：std/room.c 的 reset() 第 54 行，物件： u/xxy/guanwai/road6
呼叫来自：std/room.c 的 make_inventory() 第 19 行，物件： u/xxy/guanwai/road6
呼叫来自：u/xxy/guanwai/npc/sanhu.c 的 create() 第 24 行，物件： u/xxy/guanwai/npc/sanhu#853 ("忽伦三虎")

执行时段错误：*Bad argument 1 to call_other()
Expected: string or array or object Got: 0.

程式：u/xxy/guanwai/npc/laoban.c 第 22 行
物件: /u/xxy/guanwai/npc/laoban#854
呼叫来自：std/room.c 的 reset() 第 54 行，物件： u/xxy/guanwai/rouguan
呼叫来自：std/room.c 的 make_inventory() 第 19 行，物件： u/xxy/guanwai/rouguan
呼叫来自：u/xxy/guanwai/npc/laoban.c 的 create() 第 22 行，物件： u/xxy/guanwai/npc/laoban#854 ("酒馆老板")

执行时段错误：*Bad argument 1 to call_other()
Expected: string or array or object Got: 0.

程式：std/room.c 第 20 行
物件: /u/xxy/guanwai/majiu
呼叫来自：std/room.c 的 reset() 第 54 行，物件： u/xxy/guanwai/majiu
呼叫来自：std/room.c 的 make_inventory() 第 20 行，物件： u/xxy/guanwai/majiu

执行时段错误：*F_SKILL: No such skill (hujia-daofa)

程式：feature/skill.c 第 17 行
物件: /u/xxy/guanwai/npc/yanji#855
呼叫来自：std/room.c 的 reset() 第 54 行，物件： u/xxy/guanwai/shanshenmiao
呼叫来自：std/room.c 的 make_inventory() 第 19 行，物件： u/xxy/guanwai/shanshenmiao
呼叫来自：u/xxy/guanwai/npc/yanji.c 的 create() 第 33 行，物件： u/xxy/guanwai/npc/yanji#855 ("阎基")
呼叫来自：feature/skill.c 的 set_skill() 第 17 行，物件： u/xxy/guanwai/npc/yanji#855 ("阎基")

执行时段错误：*Bad argument 1 to call_other()
Expected: string or array or object Got: 0.

程式：u/xxy/guanwai/npc/heersu.c 第 33 行
物件: /u/xxy/guanwai/npc/heersu#856
呼叫来自：std/room.c 的 reset() 第 54 行，物件： u/xxy/guanwai/tuwu
呼叫来自：std/room.c 的 make_inventory() 第 19 行，物件： u/xxy/guanwai/tuwu
呼叫来自：u/xxy/guanwai/npc/heersu.c 的 create() 第 33 行，物件： u/xxy/guanwai/npc/heersu#856 ("赫尔苏")

执行时段错误：*F_SKILL: No such skill (xiaowuxiang)

程式：feature/skill.c 第 17 行
物件: /u/xxy/guanwai/npc/tengyilei#857
呼叫来自：std/room.c 的 reset() 第 54 行，物件： u/xxy/guanwai/nancheng
呼叫来自：std/room.c 的 make_inventory() 第 19 行，物件： u/xxy/guanwai/nancheng
呼叫来自：u/xxy/guanwai/npc/tengyilei.c 的 create() 第 30 行，物件： u/xxy/guanwai/npc/tengyilei#857 ("滕一雷")
呼叫来自：feature/skill.c 的 set_skill() 第 17 行，物件： u/xxy/guanwai/npc/tengyilei#857 ("滕一雷")

执行时段错误：*Wrong permissions for opening file /u/guanwai/log for append.
"No such file or directory"

程式：adm/obj/master.c 第 121 行
物件: /adm/obj/master
呼叫来自：std/room.c 的 reset() 第 54 行，物件： u/xxy/guanwai/muqiao
呼叫来自：std/room.c 的 make_inventory() 第 19 行，物件： u/xxy/guanwai/muqiao
呼叫来自：adm/obj/master.c 的 log_error() 第 121 行，物件： adm/obj/master
u/xxy/guanwai/npc/yuzhenzi.c line 6: parse error

执行时段错误：*Error in loading object '/u/xxy/guanwai/npc/yuzhenzi'

程式：std/room.c 第 19 行
物件: /u/xxy/guanwai/muqiao
呼叫来自：std/room.c 的 reset() 第 54 行，物件： u/xxy/guanwai/muqiao
呼叫来自：std/room.c 的 make_inventory() 第 19 行，物件： u/xxy/guanwai/muqiao

执行时段错误：*Bad argument 1 to call_other()
Expected: string or array or object Got: 0.

程式：u/xxy/lingzhou/npc/yipinwushi.c 第 33 行
物件: /u/xxy/lingzhou/npc/yipinwushi#858
呼叫来自：std/room.c 的 reset() 第 65 行，物件： u/xxy/lingzhou/yipindating
呼叫来自：std/room.c 的 make_inventory() 第 19 行，物件： u/xxy/lingzhou/yipindating
呼叫来自：u/xxy/lingzhou/npc/yipinwushi.c 的 create() 第 33 行，物件： u/xxy/lingzhou/npc/yipinwushi#858 ("一品堂武士")

执行时段错误：*Wrong permissions for opening file /u/lingzhou/log for append.
"No such file or directory"

程式：adm/obj/master.c 第 121 行
物件: /adm/obj/master
呼叫来自：std/room.c 的 reset() 第 54 行，物件： u/xxy/lingzhou/yipindayuan
呼叫来自：std/room.c 的 make_inventory() 第 19 行，物件： u/xxy/lingzhou/yipindayuan
呼叫来自：adm/obj/master.c 的 log_error() 第 121 行，物件： adm/obj/master
u/xxy/lingzhou/npc/yun.c line 39: Undefined function prepare_skill

执行时段错误：*Error in loading object '/u/xxy/lingzhou/npc/yun'

程式：std/room.c 第 19 行
物件: /u/xxy/lingzhou/yipindayuan
呼叫来自：std/room.c 的 reset() 第 54 行，物件： u/xxy/lingzhou/yipindayuan
呼叫来自：std/room.c 的 make_inventory() 第 19 行，物件： u/xxy/lingzhou/yipindayuan

执行时段错误：*Bad argument 1 to call_other()
Expected: string or array or object Got: 0.

程式：u/xxy/lingzhou/npc/yipinwushi.c 第 33 行
物件: /u/xxy/lingzhou/npc/yipinwushi#859
呼叫来自：std/room.c 的 reset() 第 65 行，物件： u/xxy/lingzhou/yipingate
呼叫来自：std/room.c 的 make_inventory() 第 19 行，物件： u/xxy/lingzhou/yipingate
呼叫来自：u/xxy/lingzhou/npc/yipinwushi.c 的 create() 第 33 行，物件： u/xxy/lingzhou/npc/yipinwushi#859 ("一品堂武士")

执行时段错误：*Bad argument 1 to call_other()
Expected: string or array or object Got: 0.

程式：std/room.c 第 20 行
物件: /u/xxy/lingzhou/jiangjunyuan
呼叫来自：std/room.c 的 reset() 第 65 行，物件： u/xxy/lingzhou/jiangjunyuan
呼叫来自：std/room.c 的 make_inventory() 第 20 行，物件： u/xxy/lingzhou/jiangjunyuan

执行时段错误：*Bad argument 1 to call_other()
Expected: string or array or object Got: 0.

程式：u/xxy/lingzhou/npc/xiaowei.c 第 32 行
物件: /u/xxy/lingzhou/npc/xiaowei#860
呼叫来自：std/room.c 的 reset() 第 65 行，物件： u/xxy/lingzhou/jiangjungate
呼叫来自：std/room.c 的 make_inventory() 第 19 行，物件： u/xxy/lingzhou/jiangjungate
呼叫来自：u/xxy/lingzhou/npc/xiaowei.c 的 create() 第 32 行，物件： u/xxy/lingzhou/npc/xiaowei#860 ("校尉")

执行时段错误：*Bad argument 1 to call_other()
Expected: string or array or object Got: 0.

程式：std/room.c 第 20 行
物件: /u/xxy/lingzhou/yamen
呼叫来自：std/room.c 的 reset() 第 65 行，物件： u/xxy/lingzhou/yamen
呼叫来自：std/room.c 的 make_inventory() 第 20 行，物件： u/xxy/lingzhou/yamen

执行时段错误：*Bad argument 1 to call_other()
Expected: string or array or object Got: 0.

程式：u/xxy/lingzhou/npc/xixiabing.c 第 33 行
物件: /u/xxy/lingzhou/npc/xixiabing#861
呼叫来自：std/room.c 的 reset() 第 65 行，物件： u/xxy/lingzhou/biaoqiyin
呼叫来自：std/room.c 的 make_inventory() 第 19 行，物件： u/xxy/lingzhou/biaoqiyin
呼叫来自：u/xxy/lingzhou/npc/xixiabing.c 的 create() 第 33 行，物件： u/xxy/lingzhou/npc/xixiabing#861 ("西夏兵")

执行时段错误：*Bad argument 1 to call_other()
Expected: string or array or object Got: 0.

程式：u/xxy/lingzhou/npc/xiaoer2.c 第 25 行
物件: /u/xxy/lingzhou/npc/xiaoer2#862
呼叫来自：std/room.c 的 reset() 第 54 行，物件： u/xxy/lingzhou/jiuguan
呼叫来自：std/room.c 的 make_inventory() 第 19 行，物件： u/xxy/lingzhou/jiuguan
呼叫来自：u/xxy/lingzhou/npc/xiaoer2.c 的 create() 第 25 行，物件： u/xxy/lingzhou/npc/xiaoer2#862 ("店小二")

执行时段错误：*Wrong permissions for opening file /u/lingzhou/log for append.
"No such file or directory"

程式：adm/obj/master.c 第 121 行
物件: /adm/obj/master
呼叫来自：std/room.c 的 reset() 第 54 行，物件： u/xxy/lingzhou/center
呼叫来自：std/room.c 的 make_inventory() 第 19 行，物件： u/xxy/lingzhou/center
呼叫来自：adm/obj/master.c 的 log_error() 第 121 行，物件： adm/obj/master
u/xxy/lingzhou/npc/duan.c line 39: Undefined function prepare_skill

执行时段错误：*Error in loading object '/u/xxy/lingzhou/npc/duan'

程式：std/room.c 第 19 行
物件: /u/xxy/lingzhou/center
呼叫来自：std/room.c 的 reset() 第 54 行，物件： u/xxy/lingzhou/center
呼叫来自：std/room.c 的 make_inventory() 第 19 行，物件： u/xxy/lingzhou/center

执行时段错误：*Bad argument 1 to call_other()
Expected: string or array or object Got: 0.

程式：u/xxy/lingzhou/npc/xiaowei.c 第 32 行
物件: /u/xxy/lingzhou/npc/xiaowei#863
呼叫来自：std/room.c 的 reset() 第 54 行，物件： u/xxy/lingzhou/nanmen
呼叫来自：std/room.c 的 make_inventory() 第 19 行，物件： u/xxy/lingzhou/nanmen
呼叫来自：u/xxy/lingzhou/npc/xiaowei.c 的 create() 第 32 行，物件： u/xxy/lingzhou/npc/xiaowei#863 ("校尉")

执行时段错误：*F_SKILL: No such skill (huashan-sword)

程式：feature/skill.c 第 17 行
物件: /u/xxy/guanwai/npc/fengxifan#864
呼叫来自：std/room.c 的 reset() 第 54 行，物件： u/xxy/guanwai/laolongtou
呼叫来自：std/room.c 的 make_inventory() 第 19 行，物件： u/xxy/guanwai/laolongtou
呼叫来自：u/xxy/guanwai/npc/fengxifan.c 的 create() 第 37 行，物件： u/xxy/guanwai/npc/fengxifan#864 ("冯锡范")
呼叫来自：feature/skill.c 的 set_skill() 第 17 行，物件： u/xxy/guanwai/npc/fengxifan#864 ("冯锡范")

执行时段错误：*Bad argument 1 to call_other()
Expected: string or array or object Got: 0.

程式：std/room.c 第 20 行
物件: /u/xxy/guanwai/shanhaiguan
呼叫来自：std/room.c 的 reset() 第 54 行，物件： u/xxy/guanwai/shanhaiguan
呼叫来自：std/room.c 的 make_inventory() 第 20 行，物件： u/xxy/guanwai/shanhaiguan

执行时段错误：*Bad argument 1 to call_other()
Expected: string or array or object Got: 0.

程式：u/xxy/guanwai/npc/xiaoyuanshan.c 第 51 行
物件: /u/xxy/guanwai/npc/xiaoyuanshan#865
呼叫来自：std/room.c 的 reset() 第 54 行，物件： u/xxy/guanwai/road1
呼叫来自：std/room.c 的 make_inventory() 第 19 行，物件： u/xxy/guanwai/road1
呼叫来自：u/xxy/guanwai/npc/xiaoyuanshan.c 的 create() 第 51 行，物件： u/xxy/guanwai/npc/xiaoyuanshan#865 ("萧远山")

执行时段错误：*Bad argument 1 to call_other()
Expected: string or array or object Got: 0.

程式：u/xxy/guanwai/npc/dahu.c 第 24 行
物件: /u/xxy/guanwai/npc/dahu#866
呼叫来自：std/room.c 的 reset() 第 54 行，物件： u/xxy/guanwai/road4
呼叫来自：std/room.c 的 make_inventory() 第 19 行，物件： u/xxy/guanwai/road4
呼叫来自：u/xxy/guanwai/npc/dahu.c 的 create() 第 24 行，物件： u/xxy/guanwai/npc/dahu#866 ("忽伦大虎")

执行时段错误：*Bad argument 1 to call_other()
Expected: string or array or object Got: 0.

程式：u/xxy/guanwai/npc/sihu.c 第 24 行
物件: /u/xxy/guanwai/npc/sihu#867
呼叫来自：std/room.c 的 reset() 第 54 行，物件： u/xxy/guanwai/road5
呼叫来自：std/room.c 的 make_inventory() 第 19 行，物件： u/xxy/guanwai/road5
呼叫来自：u/xxy/guanwai/npc/sihu.c 的 create() 第 24 行，物件： u/xxy/guanwai/npc/sihu#867 ("忽伦四虎")

执行时段错误：*Bad argument 1 to call_other()
Expected: string or array or object Got: 0.

程式：u/xxy/guanwai/npc/sanhu.c 第 24 行
物件: /u/xxy/guanwai/npc/sanhu#868
呼叫来自：std/room.c 的 reset() 第 54 行，物件： u/xxy/guanwai/road6
呼叫来自：std/room.c 的 make_inventory() 第 19 行，物件： u/xxy/guanwai/road6
呼叫来自：u/xxy/guanwai/npc/sanhu.c 的 create() 第 24 行，物件： u/xxy/guanwai/npc/sanhu#868 ("忽伦三虎")

执行时段错误：*Bad argument 1 to call_other()
Expected: string or array or object Got: 0.

程式：u/xxy/guanwai/npc/laoban.c 第 22 行
物件: /u/xxy/guanwai/npc/laoban#869
呼叫来自：std/room.c 的 reset() 第 54 行，物件： u/xxy/guanwai/rouguan
呼叫来自：std/room.c 的 make_inventory() 第 19 行，物件： u/xxy/guanwai/rouguan
呼叫来自：u/xxy/guanwai/npc/laoban.c 的 create() 第 22 行，物件： u/xxy/guanwai/npc/laoban#869 ("酒馆老板")

执行时段错误：*Bad argument 1 to call_other()
Expected: string or array or object Got: 0.

程式：std/room.c 第 20 行
物件: /u/xxy/guanwai/majiu
呼叫来自：std/room.c 的 reset() 第 54 行，物件： u/xxy/guanwai/majiu
呼叫来自：std/room.c 的 make_inventory() 第 20 行，物件： u/xxy/guanwai/majiu

执行时段错误：*F_SKILL: No such skill (hujia-daofa)

程式：feature/skill.c 第 17 行
物件: /u/xxy/guanwai/npc/yanji#870
呼叫来自：std/room.c 的 reset() 第 54 行，物件： u/xxy/guanwai/shanshenmiao
呼叫来自：std/room.c 的 make_inventory() 第 19 行，物件： u/xxy/guanwai/shanshenmiao
呼叫来自：u/xxy/guanwai/npc/yanji.c 的 create() 第 33 行，物件： u/xxy/guanwai/npc/yanji#870 ("阎基")
呼叫来自：feature/skill.c 的 set_skill() 第 17 行，物件： u/xxy/guanwai/npc/yanji#870 ("阎基")

执行时段错误：*Bad argument 1 to call_other()
Expected: string or array or object Got: 0.

程式：u/xxy/guanwai/npc/heersu.c 第 33 行
物件: /u/xxy/guanwai/npc/heersu#871
呼叫来自：std/room.c 的 reset() 第 54 行，物件： u/xxy/guanwai/tuwu
呼叫来自：std/room.c 的 make_inventory() 第 19 行，物件： u/xxy/guanwai/tuwu
呼叫来自：u/xxy/guanwai/npc/heersu.c 的 create() 第 33 行，物件： u/xxy/guanwai/npc/heersu#871 ("赫尔苏")

执行时段错误：*F_SKILL: No such skill (xiaowuxiang)

程式：feature/skill.c 第 17 行
物件: /u/xxy/guanwai/npc/tengyilei#872
呼叫来自：std/room.c 的 reset() 第 54 行，物件： u/xxy/guanwai/nancheng
呼叫来自：std/room.c 的 make_inventory() 第 19 行，物件： u/xxy/guanwai/nancheng
呼叫来自：u/xxy/guanwai/npc/tengyilei.c 的 create() 第 30 行，物件： u/xxy/guanwai/npc/tengyilei#872 ("滕一雷")
呼叫来自：feature/skill.c 的 set_skill() 第 17 行，物件： u/xxy/guanwai/npc/tengyilei#872 ("滕一雷")

执行时段错误：*Wrong permissions for opening file /u/guanwai/log for append.
"No such file or directory"

程式：adm/obj/master.c 第 121 行
物件: /adm/obj/master
呼叫来自：std/room.c 的 reset() 第 54 行，物件： u/xxy/guanwai/muqiao
呼叫来自：std/room.c 的 make_inventory() 第 19 行，物件： u/xxy/guanwai/muqiao
呼叫来自：adm/obj/master.c 的 log_error() 第 121 行，物件： adm/obj/master
u/xxy/guanwai/npc/yuzhenzi.c line 6: parse error

执行时段错误：*Error in loading object '/u/xxy/guanwai/npc/yuzhenzi'

程式：std/room.c 第 19 行
物件: /u/xxy/guanwai/muqiao
呼叫来自：std/room.c 的 reset() 第 54 行，物件： u/xxy/guanwai/muqiao
呼叫来自：std/room.c 的 make_inventory() 第 19 行，物件： u/xxy/guanwai/muqiao

执行时段错误：*Bad argument 1 to call_other()
Expected: string or array or object Got: 0.

程式：u/xxy/lingzhou/npc/yipinwushi.c 第 33 行
物件: /u/xxy/lingzhou/npc/yipinwushi#873
呼叫来自：std/room.c 的 reset() 第 65 行，物件： u/xxy/lingzhou/yipindating
呼叫来自：std/room.c 的 make_inventory() 第 19 行，物件： u/xxy/lingzhou/yipindating
呼叫来自：u/xxy/lingzhou/npc/yipinwushi.c 的 create() 第 33 行，物件： u/xxy/lingzhou/npc/yipinwushi#873 ("一品堂武士")

执行时段错误：*Wrong permissions for opening file /u/lingzhou/log for append.
"No such file or directory"

程式：adm/obj/master.c 第 121 行
物件: /adm/obj/master
呼叫来自：std/room.c 的 reset() 第 54 行，物件： u/xxy/lingzhou/yipindayuan
呼叫来自：std/room.c 的 make_inventory() 第 19 行，物件： u/xxy/lingzhou/yipindayuan
呼叫来自：adm/obj/master.c 的 log_error() 第 121 行，物件： adm/obj/master
u/xxy/lingzhou/npc/yun.c line 39: Undefined function prepare_skill

执行时段错误：*Error in loading object '/u/xxy/lingzhou/npc/yun'

程式：std/room.c 第 19 行
物件: /u/xxy/lingzhou/yipindayuan
呼叫来自：std/room.c 的 reset() 第 54 行，物件： u/xxy/lingzhou/yipindayuan
呼叫来自：std/room.c 的 make_inventory() 第 19 行，物件： u/xxy/lingzhou/yipindayuan

执行时段错误：*Bad argument 1 to call_other()
Expected: string or array or object Got: 0.

程式：u/xxy/lingzhou/npc/yipinwushi.c 第 33 行
物件: /u/xxy/lingzhou/npc/yipinwushi#874
呼叫来自：std/room.c 的 reset() 第 65 行，物件： u/xxy/lingzhou/yipingate
呼叫来自：std/room.c 的 make_inventory() 第 19 行，物件： u/xxy/lingzhou/yipingate
呼叫来自：u/xxy/lingzhou/npc/yipinwushi.c 的 create() 第 33 行，物件： u/xxy/lingzhou/npc/yipinwushi#874 ("一品堂武士")

执行时段错误：*Bad argument 1 to call_other()
Expected: string or array or object Got: 0.

程式：std/room.c 第 20 行
物件: /u/xxy/lingzhou/jiangjunyuan
呼叫来自：std/room.c 的 reset() 第 65 行，物件： u/xxy/lingzhou/jiangjunyuan
呼叫来自：std/room.c 的 make_inventory() 第 20 行，物件： u/xxy/lingzhou/jiangjunyuan

执行时段错误：*Bad argument 1 to call_other()
Expected: string or array or object Got: 0.

程式：u/xxy/lingzhou/npc/xiaowei.c 第 32 行
物件: /u/xxy/lingzhou/npc/xiaowei#875
呼叫来自：std/room.c 的 reset() 第 65 行，物件： u/xxy/lingzhou/jiangjungate
呼叫来自：std/room.c 的 make_inventory() 第 19 行，物件： u/xxy/lingzhou/jiangjungate
呼叫来自：u/xxy/lingzhou/npc/xiaowei.c 的 create() 第 32 行，物件： u/xxy/lingzhou/npc/xiaowei#875 ("校尉")

执行时段错误：*Bad argument 1 to call_other()
Expected: string or array or object Got: 0.

程式：std/room.c 第 20 行
物件: /u/xxy/lingzhou/yamen
呼叫来自：std/room.c 的 reset() 第 65 行，物件： u/xxy/lingzhou/yamen
呼叫来自：std/room.c 的 make_inventory() 第 20 行，物件： u/xxy/lingzhou/yamen

执行时段错误：*Bad argument 1 to call_other()
Expected: string or array or object Got: 0.

程式：u/xxy/lingzhou/npc/xixiabing.c 第 33 行
物件: /u/xxy/lingzhou/npc/xixiabing#876
呼叫来自：std/room.c 的 reset() 第 65 行，物件： u/xxy/lingzhou/biaoqiyin
呼叫来自：std/room.c 的 make_inventory() 第 19 行，物件： u/xxy/lingzhou/biaoqiyin
呼叫来自：u/xxy/lingzhou/npc/xixiabing.c 的 create() 第 33 行，物件： u/xxy/lingzhou/npc/xixiabing#876 ("西夏兵")

执行时段错误：*Bad argument 1 to call_other()
Expected: string or array or object Got: 0.

程式：u/xxy/lingzhou/npc/xiaoer2.c 第 25 行
物件: /u/xxy/lingzhou/npc/xiaoer2#877
呼叫来自：std/room.c 的 reset() 第 54 行，物件： u/xxy/lingzhou/jiuguan
呼叫来自：std/room.c 的 make_inventory() 第 19 行，物件： u/xxy/lingzhou/jiuguan
呼叫来自：u/xxy/lingzhou/npc/xiaoer2.c 的 create() 第 25 行，物件： u/xxy/lingzhou/npc/xiaoer2#877 ("店小二")

执行时段错误：*Wrong permissions for opening file /u/lingzhou/log for append.
"No such file or directory"

程式：adm/obj/master.c 第 121 行
物件: /adm/obj/master
呼叫来自：std/room.c 的 reset() 第 54 行，物件： u/xxy/lingzhou/center
呼叫来自：std/room.c 的 make_inventory() 第 19 行，物件： u/xxy/lingzhou/center
呼叫来自：adm/obj/master.c 的 log_error() 第 121 行，物件： adm/obj/master
u/xxy/lingzhou/npc/duan.c line 39: Undefined function prepare_skill

执行时段错误：*Error in loading object '/u/xxy/lingzhou/npc/duan'

程式：std/room.c 第 19 行
物件: /u/xxy/lingzhou/center
呼叫来自：std/room.c 的 reset() 第 54 行，物件： u/xxy/lingzhou/center
呼叫来自：std/room.c 的 make_inventory() 第 19 行，物件： u/xxy/lingzhou/center

执行时段错误：*Bad argument 1 to call_other()
Expected: string or array or object Got: 0.

程式：u/xxy/lingzhou/npc/xiaowei.c 第 32 行
物件: /u/xxy/lingzhou/npc/xiaowei#878
呼叫来自：std/room.c 的 reset() 第 54 行，物件： u/xxy/lingzhou/nanmen
呼叫来自：std/room.c 的 make_inventory() 第 19 行，物件： u/xxy/lingzhou/nanmen
呼叫来自：u/xxy/lingzhou/npc/xiaowei.c 的 create() 第 32 行，物件： u/xxy/lingzhou/npc/xiaowei#878 ("校尉")

执行时段错误：*F_SKILL: No such skill (huashan-sword)

程式：feature/skill.c 第 17 行
物件: /u/xxy/guanwai/npc/fengxifan#881
呼叫来自：std/room.c 的 reset() 第 54 行，物件： u/xxy/guanwai/laolongtou
呼叫来自：std/room.c 的 make_inventory() 第 19 行，物件： u/xxy/guanwai/laolongtou
呼叫来自：u/xxy/guanwai/npc/fengxifan.c 的 create() 第 37 行，物件： u/xxy/guanwai/npc/fengxifan#881 ("冯锡范")
呼叫来自：feature/skill.c 的 set_skill() 第 17 行，物件： u/xxy/guanwai/npc/fengxifan#881 ("冯锡范")

执行时段错误：*Bad argument 1 to call_other()
Expected: string or array or object Got: 0.

程式：std/room.c 第 20 行
物件: /u/xxy/guanwai/shanhaiguan
呼叫来自：std/room.c 的 reset() 第 54 行，物件： u/xxy/guanwai/shanhaiguan
呼叫来自：std/room.c 的 make_inventory() 第 20 行，物件： u/xxy/guanwai/shanhaiguan

执行时段错误：*Bad argument 1 to call_other()
Expected: string or array or object Got: 0.

程式：u/xxy/guanwai/npc/xiaoyuanshan.c 第 51 行
物件: /u/xxy/guanwai/npc/xiaoyuanshan#882
呼叫来自：std/room.c 的 reset() 第 54 行，物件： u/xxy/guanwai/road1
呼叫来自：std/room.c 的 make_inventory() 第 19 行，物件： u/xxy/guanwai/road1
呼叫来自：u/xxy/guanwai/npc/xiaoyuanshan.c 的 create() 第 51 行，物件： u/xxy/guanwai/npc/xiaoyuanshan#882 ("萧远山")

执行时段错误：*Bad argument 1 to call_other()
Expected: string or array or object Got: 0.

程式：u/xxy/guanwai/npc/dahu.c 第 24 行
物件: /u/xxy/guanwai/npc/dahu#883
呼叫来自：std/room.c 的 reset() 第 54 行，物件： u/xxy/guanwai/road4
呼叫来自：std/room.c 的 make_inventory() 第 19 行，物件： u/xxy/guanwai/road4
呼叫来自：u/xxy/guanwai/npc/dahu.c 的 create() 第 24 行，物件： u/xxy/guanwai/npc/dahu#883 ("忽伦大虎")

执行时段错误：*Bad argument 1 to call_other()
Expected: string or array or object Got: 0.

程式：u/xxy/guanwai/npc/sihu.c 第 24 行
物件: /u/xxy/guanwai/npc/sihu#884
呼叫来自：std/room.c 的 reset() 第 54 行，物件： u/xxy/guanwai/road5
呼叫来自：std/room.c 的 make_inventory() 第 19 行，物件： u/xxy/guanwai/road5
呼叫来自：u/xxy/guanwai/npc/sihu.c 的 create() 第 24 行，物件： u/xxy/guanwai/npc/sihu#884 ("忽伦四虎")

执行时段错误：*Bad argument 1 to call_other()
Expected: string or array or object Got: 0.

程式：u/xxy/guanwai/npc/sanhu.c 第 24 行
物件: /u/xxy/guanwai/npc/sanhu#885
呼叫来自：std/room.c 的 reset() 第 54 行，物件： u/xxy/guanwai/road6
呼叫来自：std/room.c 的 make_inventory() 第 19 行，物件： u/xxy/guanwai/road6
呼叫来自：u/xxy/guanwai/npc/sanhu.c 的 create() 第 24 行，物件： u/xxy/guanwai/npc/sanhu#885 ("忽伦三虎")

执行时段错误：*Bad argument 1 to call_other()
Expected: string or array or object Got: 0.

程式：u/xxy/guanwai/npc/laoban.c 第 22 行
物件: /u/xxy/guanwai/npc/laoban#886
呼叫来自：std/room.c 的 reset() 第 54 行，物件： u/xxy/guanwai/rouguan
呼叫来自：std/room.c 的 make_inventory() 第 19 行，物件： u/xxy/guanwai/rouguan
呼叫来自：u/xxy/guanwai/npc/laoban.c 的 create() 第 22 行，物件： u/xxy/guanwai/npc/laoban#886 ("酒馆老板")

执行时段错误：*Bad argument 1 to call_other()
Expected: string or array or object Got: 0.

程式：std/room.c 第 20 行
物件: /u/xxy/guanwai/majiu
呼叫来自：std/room.c 的 reset() 第 54 行，物件： u/xxy/guanwai/majiu
呼叫来自：std/room.c 的 make_inventory() 第 20 行，物件： u/xxy/guanwai/majiu

执行时段错误：*F_SKILL: No such skill (hujia-daofa)

程式：feature/skill.c 第 17 行
物件: /u/xxy/guanwai/npc/yanji#887
呼叫来自：std/room.c 的 reset() 第 54 行，物件： u/xxy/guanwai/shanshenmiao
呼叫来自：std/room.c 的 make_inventory() 第 19 行，物件： u/xxy/guanwai/shanshenmiao
呼叫来自：u/xxy/guanwai/npc/yanji.c 的 create() 第 33 行，物件： u/xxy/guanwai/npc/yanji#887 ("阎基")
呼叫来自：feature/skill.c 的 set_skill() 第 17 行，物件： u/xxy/guanwai/npc/yanji#887 ("阎基")

执行时段错误：*Bad argument 1 to call_other()
Expected: string or array or object Got: 0.

程式：u/xxy/guanwai/npc/heersu.c 第 33 行
物件: /u/xxy/guanwai/npc/heersu#888
呼叫来自：std/room.c 的 reset() 第 54 行，物件： u/xxy/guanwai/tuwu
呼叫来自：std/room.c 的 make_inventory() 第 19 行，物件： u/xxy/guanwai/tuwu
呼叫来自：u/xxy/guanwai/npc/heersu.c 的 create() 第 33 行，物件： u/xxy/guanwai/npc/heersu#888 ("赫尔苏")

执行时段错误：*F_SKILL: No such skill (xiaowuxiang)

程式：feature/skill.c 第 17 行
物件: /u/xxy/guanwai/npc/tengyilei#889
呼叫来自：std/room.c 的 reset() 第 54 行，物件： u/xxy/guanwai/nancheng
呼叫来自：std/room.c 的 make_inventory() 第 19 行，物件： u/xxy/guanwai/nancheng
呼叫来自：u/xxy/guanwai/npc/tengyilei.c 的 create() 第 30 行，物件： u/xxy/guanwai/npc/tengyilei#889 ("滕一雷")
呼叫来自：feature/skill.c 的 set_skill() 第 17 行，物件： u/xxy/guanwai/npc/tengyilei#889 ("滕一雷")

执行时段错误：*Wrong permissions for opening file /u/guanwai/log for append.
"No such file or directory"

程式：adm/obj/master.c 第 121 行
物件: /adm/obj/master
呼叫来自：std/room.c 的 reset() 第 54 行，物件： u/xxy/guanwai/muqiao
呼叫来自：std/room.c 的 make_inventory() 第 19 行，物件： u/xxy/guanwai/muqiao
呼叫来自：adm/obj/master.c 的 log_error() 第 121 行，物件： adm/obj/master
u/xxy/guanwai/npc/yuzhenzi.c line 6: parse error

执行时段错误：*Error in loading object '/u/xxy/guanwai/npc/yuzhenzi'

程式：std/room.c 第 19 行
物件: /u/xxy/guanwai/muqiao
呼叫来自：std/room.c 的 reset() 第 54 行，物件： u/xxy/guanwai/muqiao
呼叫来自：std/room.c 的 make_inventory() 第 19 行，物件： u/xxy/guanwai/muqiao

执行时段错误：*Bad argument 1 to call_other()
Expected: string or array or object Got: 0.

程式：u/xxy/lingzhou/npc/yipinwushi.c 第 33 行
物件: /u/xxy/lingzhou/npc/yipinwushi#890
呼叫来自：std/room.c 的 reset() 第 65 行，物件： u/xxy/lingzhou/yipindating
呼叫来自：std/room.c 的 make_inventory() 第 19 行，物件： u/xxy/lingzhou/yipindating
呼叫来自：u/xxy/lingzhou/npc/yipinwushi.c 的 create() 第 33 行，物件： u/xxy/lingzhou/npc/yipinwushi#890 ("一品堂武士")

执行时段错误：*Wrong permissions for opening file /u/lingzhou/log for append.
"No such file or directory"

程式：adm/obj/master.c 第 121 行
物件: /adm/obj/master
呼叫来自：std/room.c 的 reset() 第 54 行，物件： u/xxy/lingzhou/yipindayuan
呼叫来自：std/room.c 的 make_inventory() 第 19 行，物件： u/xxy/lingzhou/yipindayuan
呼叫来自：adm/obj/master.c 的 log_error() 第 121 行，物件： adm/obj/master
u/xxy/lingzhou/npc/yun.c line 39: Undefined function prepare_skill

执行时段错误：*Error in loading object '/u/xxy/lingzhou/npc/yun'

程式：std/room.c 第 19 行
物件: /u/xxy/lingzhou/yipindayuan
呼叫来自：std/room.c 的 reset() 第 54 行，物件： u/xxy/lingzhou/yipindayuan
呼叫来自：std/room.c 的 make_inventory() 第 19 行，物件： u/xxy/lingzhou/yipindayuan

执行时段错误：*Bad argument 1 to call_other()
Expected: string or array or object Got: 0.

程式：u/xxy/lingzhou/npc/yipinwushi.c 第 33 行
物件: /u/xxy/lingzhou/npc/yipinwushi#891
呼叫来自：std/room.c 的 reset() 第 65 行，物件： u/xxy/lingzhou/yipingate
呼叫来自：std/room.c 的 make_inventory() 第 19 行，物件： u/xxy/lingzhou/yipingate
呼叫来自：u/xxy/lingzhou/npc/yipinwushi.c 的 create() 第 33 行，物件： u/xxy/lingzhou/npc/yipinwushi#891 ("一品堂武士")

执行时段错误：*Bad argument 1 to call_other()
Expected: string or array or object Got: 0.

程式：std/room.c 第 20 行
物件: /u/xxy/lingzhou/jiangjunyuan
呼叫来自：std/room.c 的 reset() 第 65 行，物件： u/xxy/lingzhou/jiangjunyuan
呼叫来自：std/room.c 的 make_inventory() 第 20 行，物件： u/xxy/lingzhou/jiangjunyuan

执行时段错误：*Bad argument 1 to call_other()
Expected: string or array or object Got: 0.

程式：u/xxy/lingzhou/npc/xiaowei.c 第 32 行
物件: /u/xxy/lingzhou/npc/xiaowei#892
呼叫来自：std/room.c 的 reset() 第 65 行，物件： u/xxy/lingzhou/jiangjungate
呼叫来自：std/room.c 的 make_inventory() 第 19 行，物件： u/xxy/lingzhou/jiangjungate
呼叫来自：u/xxy/lingzhou/npc/xiaowei.c 的 create() 第 32 行，物件： u/xxy/lingzhou/npc/xiaowei#892 ("校尉")

执行时段错误：*Bad argument 1 to call_other()
Expected: string or array or object Got: 0.

程式：std/room.c 第 20 行
物件: /u/xxy/lingzhou/yamen
呼叫来自：std/room.c 的 reset() 第 65 行，物件： u/xxy/lingzhou/yamen
呼叫来自：std/room.c 的 make_inventory() 第 20 行，物件： u/xxy/lingzhou/yamen

执行时段错误：*Bad argument 1 to call_other()
Expected: string or array or object Got: 0.

程式：u/xxy/lingzhou/npc/xixiabing.c 第 33 行
物件: /u/xxy/lingzhou/npc/xixiabing#893
呼叫来自：std/room.c 的 reset() 第 65 行，物件： u/xxy/lingzhou/biaoqiyin
呼叫来自：std/room.c 的 make_inventory() 第 19 行，物件： u/xxy/lingzhou/biaoqiyin
呼叫来自：u/xxy/lingzhou/npc/xixiabing.c 的 create() 第 33 行，物件： u/xxy/lingzhou/npc/xixiabing#893 ("西夏兵")

执行时段错误：*Bad argument 1 to call_other()
Expected: string or array or object Got: 0.

程式：u/xxy/lingzhou/npc/xiaoer2.c 第 25 行
物件: /u/xxy/lingzhou/npc/xiaoer2#894
呼叫来自：std/room.c 的 reset() 第 54 行，物件： u/xxy/lingzhou/jiuguan
呼叫来自：std/room.c 的 make_inventory() 第 19 行，物件： u/xxy/lingzhou/jiuguan
呼叫来自：u/xxy/lingzhou/npc/xiaoer2.c 的 create() 第 25 行，物件： u/xxy/lingzhou/npc/xiaoer2#894 ("店小二")

执行时段错误：*Wrong permissions for opening file /u/lingzhou/log for append.
"No such file or directory"

程式：adm/obj/master.c 第 121 行
物件: /adm/obj/master
呼叫来自：std/room.c 的 reset() 第 54 行，物件： u/xxy/lingzhou/center
呼叫来自：std/room.c 的 make_inventory() 第 19 行，物件： u/xxy/lingzhou/center
呼叫来自：adm/obj/master.c 的 log_error() 第 121 行，物件： adm/obj/master
u/xxy/lingzhou/npc/duan.c line 39: Undefined function prepare_skill

执行时段错误：*Error in loading object '/u/xxy/lingzhou/npc/duan'

程式：std/room.c 第 19 行
物件: /u/xxy/lingzhou/center
呼叫来自：std/room.c 的 reset() 第 54 行，物件： u/xxy/lingzhou/center
呼叫来自：std/room.c 的 make_inventory() 第 19 行，物件： u/xxy/lingzhou/center

执行时段错误：*Bad argument 1 to call_other()
Expected: string or array or object Got: 0.

程式：u/xxy/lingzhou/npc/xiaowei.c 第 32 行
物件: /u/xxy/lingzhou/npc/xiaowei#895
呼叫来自：std/room.c 的 reset() 第 54 行，物件： u/xxy/lingzhou/nanmen
呼叫来自：std/room.c 的 make_inventory() 第 19 行，物件： u/xxy/lingzhou/nanmen
呼叫来自：u/xxy/lingzhou/npc/xiaowei.c 的 create() 第 32 行，物件： u/xxy/lingzhou/npc/xiaowei#895 ("校尉")

执行时段错误：*F_SKILL: No such skill (huashan-sword)

程式：feature/skill.c 第 17 行
物件: /u/xxy/guanwai/npc/fengxifan#898
呼叫来自：std/room.c 的 reset() 第 54 行，物件： u/xxy/guanwai/laolongtou
呼叫来自：std/room.c 的 make_inventory() 第 19 行，物件： u/xxy/guanwai/laolongtou
呼叫来自：u/xxy/guanwai/npc/fengxifan.c 的 create() 第 37 行，物件： u/xxy/guanwai/npc/fengxifan#898 ("冯锡范")
呼叫来自：feature/skill.c 的 set_skill() 第 17 行，物件： u/xxy/guanwai/npc/fengxifan#898 ("冯锡范")

执行时段错误：*Bad argument 1 to call_other()
Expected: string or array or object Got: 0.

程式：std/room.c 第 20 行
物件: /u/xxy/guanwai/shanhaiguan
呼叫来自：std/room.c 的 reset() 第 54 行，物件： u/xxy/guanwai/shanhaiguan
呼叫来自：std/room.c 的 make_inventory() 第 20 行，物件： u/xxy/guanwai/shanhaiguan

执行时段错误：*Bad argument 1 to call_other()
Expected: string or array or object Got: 0.

程式：u/xxy/guanwai/npc/xiaoyuanshan.c 第 51 行
物件: /u/xxy/guanwai/npc/xiaoyuanshan#899
呼叫来自：std/room.c 的 reset() 第 54 行，物件： u/xxy/guanwai/road1
呼叫来自：std/room.c 的 make_inventory() 第 19 行，物件： u/xxy/guanwai/road1
呼叫来自：u/xxy/guanwai/npc/xiaoyuanshan.c 的 create() 第 51 行，物件： u/xxy/guanwai/npc/xiaoyuanshan#899 ("萧远山")

执行时段错误：*Bad argument 1 to call_other()
Expected: string or array or object Got: 0.

程式：u/xxy/guanwai/npc/dahu.c 第 24 行
物件: /u/xxy/guanwai/npc/dahu#900
呼叫来自：std/room.c 的 reset() 第 54 行，物件： u/xxy/guanwai/road4
呼叫来自：std/room.c 的 make_inventory() 第 19 行，物件： u/xxy/guanwai/road4
呼叫来自：u/xxy/guanwai/npc/dahu.c 的 create() 第 24 行，物件： u/xxy/guanwai/npc/dahu#900 ("忽伦大虎")

执行时段错误：*Bad argument 1 to call_other()
Expected: string or array or object Got: 0.

程式：u/xxy/guanwai/npc/sihu.c 第 24 行
物件: /u/xxy/guanwai/npc/sihu#901
呼叫来自：std/room.c 的 reset() 第 54 行，物件： u/xxy/guanwai/road5
呼叫来自：std/room.c 的 make_inventory() 第 19 行，物件： u/xxy/guanwai/road5
呼叫来自：u/xxy/guanwai/npc/sihu.c 的 create() 第 24 行，物件： u/xxy/guanwai/npc/sihu#901 ("忽伦四虎")

执行时段错误：*Bad argument 1 to call_other()
Expected: string or array or object Got: 0.

程式：u/xxy/guanwai/npc/sanhu.c 第 24 行
物件: /u/xxy/guanwai/npc/sanhu#902
呼叫来自：std/room.c 的 reset() 第 54 行，物件： u/xxy/guanwai/road6
呼叫来自：std/room.c 的 make_inventory() 第 19 行，物件： u/xxy/guanwai/road6
呼叫来自：u/xxy/guanwai/npc/sanhu.c 的 create() 第 24 行，物件： u/xxy/guanwai/npc/sanhu#902 ("忽伦三虎")

执行时段错误：*Bad argument 1 to call_other()
Expected: string or array or object Got: 0.

程式：u/xxy/guanwai/npc/laoban.c 第 22 行
物件: /u/xxy/guanwai/npc/laoban#903
呼叫来自：std/room.c 的 reset() 第 54 行，物件： u/xxy/guanwai/rouguan
呼叫来自：std/room.c 的 make_inventory() 第 19 行，物件： u/xxy/guanwai/rouguan
呼叫来自：u/xxy/guanwai/npc/laoban.c 的 create() 第 22 行，物件： u/xxy/guanwai/npc/laoban#903 ("酒馆老板")

执行时段错误：*Bad argument 1 to call_other()
Expected: string or array or object Got: 0.

程式：std/room.c 第 20 行
物件: /u/xxy/guanwai/majiu
呼叫来自：std/room.c 的 reset() 第 54 行，物件： u/xxy/guanwai/majiu
呼叫来自：std/room.c 的 make_inventory() 第 20 行，物件： u/xxy/guanwai/majiu

执行时段错误：*F_SKILL: No such skill (hujia-daofa)

程式：feature/skill.c 第 17 行
物件: /u/xxy/guanwai/npc/yanji#904
呼叫来自：std/room.c 的 reset() 第 54 行，物件： u/xxy/guanwai/shanshenmiao
呼叫来自：std/room.c 的 make_inventory() 第 19 行，物件： u/xxy/guanwai/shanshenmiao
呼叫来自：u/xxy/guanwai/npc/yanji.c 的 create() 第 33 行，物件： u/xxy/guanwai/npc/yanji#904 ("阎基")
呼叫来自：feature/skill.c 的 set_skill() 第 17 行，物件： u/xxy/guanwai/npc/yanji#904 ("阎基")

执行时段错误：*Bad argument 1 to call_other()
Expected: string or array or object Got: 0.

程式：u/xxy/guanwai/npc/heersu.c 第 33 行
物件: /u/xxy/guanwai/npc/heersu#905
呼叫来自：std/room.c 的 reset() 第 54 行，物件： u/xxy/guanwai/tuwu
呼叫来自：std/room.c 的 make_inventory() 第 19 行，物件： u/xxy/guanwai/tuwu
呼叫来自：u/xxy/guanwai/npc/heersu.c 的 create() 第 33 行，物件： u/xxy/guanwai/npc/heersu#905 ("赫尔苏")

执行时段错误：*F_SKILL: No such skill (xiaowuxiang)

程式：feature/skill.c 第 17 行
物件: /u/xxy/guanwai/npc/tengyilei#906
呼叫来自：std/room.c 的 reset() 第 54 行，物件： u/xxy/guanwai/nancheng
呼叫来自：std/room.c 的 make_inventory() 第 19 行，物件： u/xxy/guanwai/nancheng
呼叫来自：u/xxy/guanwai/npc/tengyilei.c 的 create() 第 30 行，物件： u/xxy/guanwai/npc/tengyilei#906 ("滕一雷")
呼叫来自：feature/skill.c 的 set_skill() 第 17 行，物件： u/xxy/guanwai/npc/tengyilei#906 ("滕一雷")

执行时段错误：*Wrong permissions for opening file /u/guanwai/log for append.
"No such file or directory"

程式：adm/obj/master.c 第 121 行
物件: /adm/obj/master
呼叫来自：std/room.c 的 reset() 第 54 行，物件： u/xxy/guanwai/muqiao
呼叫来自：std/room.c 的 make_inventory() 第 19 行，物件： u/xxy/guanwai/muqiao
呼叫来自：adm/obj/master.c 的 log_error() 第 121 行，物件： adm/obj/master
u/xxy/guanwai/npc/yuzhenzi.c line 6: parse error

执行时段错误：*Error in loading object '/u/xxy/guanwai/npc/yuzhenzi'

程式：std/room.c 第 19 行
物件: /u/xxy/guanwai/muqiao
呼叫来自：std/room.c 的 reset() 第 54 行，物件： u/xxy/guanwai/muqiao
呼叫来自：std/room.c 的 make_inventory() 第 19 行，物件： u/xxy/guanwai/muqiao

执行时段错误：*Bad argument 1 to call_other()
Expected: string or array or object Got: 0.

程式：u/xxy/lingzhou/npc/yipinwushi.c 第 33 行
物件: /u/xxy/lingzhou/npc/yipinwushi#907
呼叫来自：std/room.c 的 reset() 第 65 行，物件： u/xxy/lingzhou/yipindating
呼叫来自：std/room.c 的 make_inventory() 第 19 行，物件： u/xxy/lingzhou/yipindating
呼叫来自：u/xxy/lingzhou/npc/yipinwushi.c 的 create() 第 33 行，物件： u/xxy/lingzhou/npc/yipinwushi#907 ("一品堂武士")

执行时段错误：*Wrong permissions for opening file /u/lingzhou/log for append.
"No such file or directory"

程式：adm/obj/master.c 第 121 行
物件: /adm/obj/master
呼叫来自：std/room.c 的 reset() 第 54 行，物件： u/xxy/lingzhou/yipindayuan
呼叫来自：std/room.c 的 make_inventory() 第 19 行，物件： u/xxy/lingzhou/yipindayuan
呼叫来自：adm/obj/master.c 的 log_error() 第 121 行，物件： adm/obj/master
u/xxy/lingzhou/npc/yun.c line 39: Undefined function prepare_skill

执行时段错误：*Error in loading object '/u/xxy/lingzhou/npc/yun'

程式：std/room.c 第 19 行
物件: /u/xxy/lingzhou/yipindayuan
呼叫来自：std/room.c 的 reset() 第 54 行，物件： u/xxy/lingzhou/yipindayuan
呼叫来自：std/room.c 的 make_inventory() 第 19 行，物件： u/xxy/lingzhou/yipindayuan

执行时段错误：*Bad argument 1 to call_other()
Expected: string or array or object Got: 0.

程式：u/xxy/lingzhou/npc/yipinwushi.c 第 33 行
物件: /u/xxy/lingzhou/npc/yipinwushi#908
呼叫来自：std/room.c 的 reset() 第 65 行，物件： u/xxy/lingzhou/yipingate
呼叫来自：std/room.c 的 make_inventory() 第 19 行，物件： u/xxy/lingzhou/yipingate
呼叫来自：u/xxy/lingzhou/npc/yipinwushi.c 的 create() 第 33 行，物件： u/xxy/lingzhou/npc/yipinwushi#908 ("一品堂武士")

执行时段错误：*Bad argument 1 to call_other()
Expected: string or array or object Got: 0.

程式：std/room.c 第 20 行
物件: /u/xxy/lingzhou/jiangjunyuan
呼叫来自：std/room.c 的 reset() 第 65 行，物件： u/xxy/lingzhou/jiangjunyuan
呼叫来自：std/room.c 的 make_inventory() 第 20 行，物件： u/xxy/lingzhou/jiangjunyuan

执行时段错误：*Bad argument 1 to call_other()
Expected: string or array or object Got: 0.

程式：u/xxy/lingzhou/npc/xiaowei.c 第 32 行
物件: /u/xxy/lingzhou/npc/xiaowei#909
呼叫来自：std/room.c 的 reset() 第 65 行，物件： u/xxy/lingzhou/jiangjungate
呼叫来自：std/room.c 的 make_inventory() 第 19 行，物件： u/xxy/lingzhou/jiangjungate
呼叫来自：u/xxy/lingzhou/npc/xiaowei.c 的 create() 第 32 行，物件： u/xxy/lingzhou/npc/xiaowei#909 ("校尉")

执行时段错误：*Bad argument 1 to call_other()
Expected: string or array or object Got: 0.

程式：std/room.c 第 20 行
物件: /u/xxy/lingzhou/yamen
呼叫来自：std/room.c 的 reset() 第 65 行，物件： u/xxy/lingzhou/yamen
呼叫来自：std/room.c 的 make_inventory() 第 20 行，物件： u/xxy/lingzhou/yamen

执行时段错误：*Bad argument 1 to call_other()
Expected: string or array or object Got: 0.

程式：u/xxy/lingzhou/npc/xixiabing.c 第 33 行
物件: /u/xxy/lingzhou/npc/xixiabing#910
呼叫来自：std/room.c 的 reset() 第 65 行，物件： u/xxy/lingzhou/biaoqiyin
呼叫来自：std/room.c 的 make_inventory() 第 19 行，物件： u/xxy/lingzhou/biaoqiyin
呼叫来自：u/xxy/lingzhou/npc/xixiabing.c 的 create() 第 33 行，物件： u/xxy/lingzhou/npc/xixiabing#910 ("西夏兵")

执行时段错误：*Bad argument 1 to call_other()
Expected: string or array or object Got: 0.

程式：u/xxy/lingzhou/npc/xiaoer2.c 第 25 行
物件: /u/xxy/lingzhou/npc/xiaoer2#911
呼叫来自：std/room.c 的 reset() 第 54 行，物件： u/xxy/lingzhou/jiuguan
呼叫来自：std/room.c 的 make_inventory() 第 19 行，物件： u/xxy/lingzhou/jiuguan
呼叫来自：u/xxy/lingzhou/npc/xiaoer2.c 的 create() 第 25 行，物件： u/xxy/lingzhou/npc/xiaoer2#911 ("店小二")

执行时段错误：*Wrong permissions for opening file /u/lingzhou/log for append.
"No such file or directory"

程式：adm/obj/master.c 第 121 行
物件: /adm/obj/master
呼叫来自：std/room.c 的 reset() 第 54 行，物件： u/xxy/lingzhou/center
呼叫来自：std/room.c 的 make_inventory() 第 19 行，物件： u/xxy/lingzhou/center
呼叫来自：adm/obj/master.c 的 log_error() 第 121 行，物件： adm/obj/master
u/xxy/lingzhou/npc/duan.c line 39: Undefined function prepare_skill

执行时段错误：*Error in loading object '/u/xxy/lingzhou/npc/duan'

程式：std/room.c 第 19 行
物件: /u/xxy/lingzhou/center
呼叫来自：std/room.c 的 reset() 第 54 行，物件： u/xxy/lingzhou/center
呼叫来自：std/room.c 的 make_inventory() 第 19 行，物件： u/xxy/lingzhou/center

执行时段错误：*Bad argument 1 to call_other()
Expected: string or array or object Got: 0.

程式：u/xxy/lingzhou/npc/xiaowei.c 第 32 行
物件: /u/xxy/lingzhou/npc/xiaowei#912
呼叫来自：std/room.c 的 reset() 第 54 行，物件： u/xxy/lingzhou/nanmen
呼叫来自：std/room.c 的 make_inventory() 第 19 行，物件： u/xxy/lingzhou/nanmen
呼叫来自：u/xxy/lingzhou/npc/xiaowei.c 的 create() 第 32 行，物件： u/xxy/lingzhou/npc/xiaowei#912 ("校尉")

执行时段错误：*F_SKILL: No such skill (huashan-sword)

程式：feature/skill.c 第 17 行
物件: /u/xxy/guanwai/npc/fengxifan#913
呼叫来自：std/room.c 的 reset() 第 54 行，物件： u/xxy/guanwai/laolongtou
呼叫来自：std/room.c 的 make_inventory() 第 19 行，物件： u/xxy/guanwai/laolongtou
呼叫来自：u/xxy/guanwai/npc/fengxifan.c 的 create() 第 37 行，物件： u/xxy/guanwai/npc/fengxifan#913 ("冯锡范")
呼叫来自：feature/skill.c 的 set_skill() 第 17 行，物件： u/xxy/guanwai/npc/fengxifan#913 ("冯锡范")

执行时段错误：*Bad argument 1 to call_other()
Expected: string or array or object Got: 0.

程式：std/room.c 第 20 行
物件: /u/xxy/guanwai/shanhaiguan
呼叫来自：std/room.c 的 reset() 第 54 行，物件： u/xxy/guanwai/shanhaiguan
呼叫来自：std/room.c 的 make_inventory() 第 20 行，物件： u/xxy/guanwai/shanhaiguan

执行时段错误：*Bad argument 1 to call_other()
Expected: string or array or object Got: 0.

程式：u/xxy/guanwai/npc/xiaoyuanshan.c 第 51 行
物件: /u/xxy/guanwai/npc/xiaoyuanshan#914
呼叫来自：std/room.c 的 reset() 第 54 行，物件： u/xxy/guanwai/road1
呼叫来自：std/room.c 的 make_inventory() 第 19 行，物件： u/xxy/guanwai/road1
呼叫来自：u/xxy/guanwai/npc/xiaoyuanshan.c 的 create() 第 51 行，物件： u/xxy/guanwai/npc/xiaoyuanshan#914 ("萧远山")

执行时段错误：*Bad argument 1 to call_other()
Expected: string or array or object Got: 0.

程式：u/xxy/guanwai/npc/dahu.c 第 24 行
物件: /u/xxy/guanwai/npc/dahu#915
呼叫来自：std/room.c 的 reset() 第 54 行，物件： u/xxy/guanwai/road4
呼叫来自：std/room.c 的 make_inventory() 第 19 行，物件： u/xxy/guanwai/road4
呼叫来自：u/xxy/guanwai/npc/dahu.c 的 create() 第 24 行，物件： u/xxy/guanwai/npc/dahu#915 ("忽伦大虎")

执行时段错误：*Bad argument 1 to call_other()
Expected: string or array or object Got: 0.

程式：u/xxy/guanwai/npc/sihu.c 第 24 行
物件: /u/xxy/guanwai/npc/sihu#916
呼叫来自：std/room.c 的 reset() 第 54 行，物件： u/xxy/guanwai/road5
呼叫来自：std/room.c 的 make_inventory() 第 19 行，物件： u/xxy/guanwai/road5
呼叫来自：u/xxy/guanwai/npc/sihu.c 的 create() 第 24 行，物件： u/xxy/guanwai/npc/sihu#916 ("忽伦四虎")

执行时段错误：*Bad argument 1 to call_other()
Expected: string or array or object Got: 0.

程式：u/xxy/guanwai/npc/sanhu.c 第 24 行
物件: /u/xxy/guanwai/npc/sanhu#917
呼叫来自：std/room.c 的 reset() 第 54 行，物件： u/xxy/guanwai/road6
呼叫来自：std/room.c 的 make_inventory() 第 19 行，物件： u/xxy/guanwai/road6
呼叫来自：u/xxy/guanwai/npc/sanhu.c 的 create() 第 24 行，物件： u/xxy/guanwai/npc/sanhu#917 ("忽伦三虎")

执行时段错误：*Bad argument 1 to call_other()
Expected: string or array or object Got: 0.

程式：u/xxy/guanwai/npc/laoban.c 第 22 行
物件: /u/xxy/guanwai/npc/laoban#918
呼叫来自：std/room.c 的 reset() 第 54 行，物件： u/xxy/guanwai/rouguan
呼叫来自：std/room.c 的 make_inventory() 第 19 行，物件： u/xxy/guanwai/rouguan
呼叫来自：u/xxy/guanwai/npc/laoban.c 的 create() 第 22 行，物件： u/xxy/guanwai/npc/laoban#918 ("酒馆老板")

执行时段错误：*Bad argument 1 to call_other()
Expected: string or array or object Got: 0.

程式：std/room.c 第 20 行
物件: /u/xxy/guanwai/majiu
呼叫来自：std/room.c 的 reset() 第 54 行，物件： u/xxy/guanwai/majiu
呼叫来自：std/room.c 的 make_inventory() 第 20 行，物件： u/xxy/guanwai/majiu

执行时段错误：*F_SKILL: No such skill (hujia-daofa)

程式：feature/skill.c 第 17 行
物件: /u/xxy/guanwai/npc/yanji#919
呼叫来自：std/room.c 的 reset() 第 54 行，物件： u/xxy/guanwai/shanshenmiao
呼叫来自：std/room.c 的 make_inventory() 第 19 行，物件： u/xxy/guanwai/shanshenmiao
呼叫来自：u/xxy/guanwai/npc/yanji.c 的 create() 第 33 行，物件： u/xxy/guanwai/npc/yanji#919 ("阎基")
呼叫来自：feature/skill.c 的 set_skill() 第 17 行，物件： u/xxy/guanwai/npc/yanji#919 ("阎基")

执行时段错误：*Bad argument 1 to call_other()
Expected: string or array or object Got: 0.

程式：u/xxy/guanwai/npc/heersu.c 第 33 行
物件: /u/xxy/guanwai/npc/heersu#920
呼叫来自：std/room.c 的 reset() 第 54 行，物件： u/xxy/guanwai/tuwu
呼叫来自：std/room.c 的 make_inventory() 第 19 行，物件： u/xxy/guanwai/tuwu
呼叫来自：u/xxy/guanwai/npc/heersu.c 的 create() 第 33 行，物件： u/xxy/guanwai/npc/heersu#920 ("赫尔苏")

执行时段错误：*F_SKILL: No such skill (xiaowuxiang)

程式：feature/skill.c 第 17 行
物件: /u/xxy/guanwai/npc/tengyilei#921
呼叫来自：std/room.c 的 reset() 第 54 行，物件： u/xxy/guanwai/nancheng
呼叫来自：std/room.c 的 make_inventory() 第 19 行，物件： u/xxy/guanwai/nancheng
呼叫来自：u/xxy/guanwai/npc/tengyilei.c 的 create() 第 30 行，物件： u/xxy/guanwai/npc/tengyilei#921 ("滕一雷")
呼叫来自：feature/skill.c 的 set_skill() 第 17 行，物件： u/xxy/guanwai/npc/tengyilei#921 ("滕一雷")

执行时段错误：*Wrong permissions for opening file /u/guanwai/log for append.
"No such file or directory"

程式：adm/obj/master.c 第 121 行
物件: /adm/obj/master
呼叫来自：std/room.c 的 reset() 第 54 行，物件： u/xxy/guanwai/muqiao
呼叫来自：std/room.c 的 make_inventory() 第 19 行，物件： u/xxy/guanwai/muqiao
呼叫来自：adm/obj/master.c 的 log_error() 第 121 行，物件： adm/obj/master
u/xxy/guanwai/npc/yuzhenzi.c line 6: parse error

执行时段错误：*Error in loading object '/u/xxy/guanwai/npc/yuzhenzi'

程式：std/room.c 第 19 行
物件: /u/xxy/guanwai/muqiao
呼叫来自：std/room.c 的 reset() 第 54 行，物件： u/xxy/guanwai/muqiao
呼叫来自：std/room.c 的 make_inventory() 第 19 行，物件： u/xxy/guanwai/muqiao

执行时段错误：*Bad argument 1 to call_other()
Expected: string or array or object Got: 0.

程式：u/xxy/lingzhou/npc/yipinwushi.c 第 33 行
物件: /u/xxy/lingzhou/npc/yipinwushi#922
呼叫来自：std/room.c 的 reset() 第 65 行，物件： u/xxy/lingzhou/yipindating
呼叫来自：std/room.c 的 make_inventory() 第 19 行，物件： u/xxy/lingzhou/yipindating
呼叫来自：u/xxy/lingzhou/npc/yipinwushi.c 的 create() 第 33 行，物件： u/xxy/lingzhou/npc/yipinwushi#922 ("一品堂武士")

执行时段错误：*Wrong permissions for opening file /u/lingzhou/log for append.
"No such file or directory"

程式：adm/obj/master.c 第 121 行
物件: /adm/obj/master
呼叫来自：std/room.c 的 reset() 第 54 行，物件： u/xxy/lingzhou/yipindayuan
呼叫来自：std/room.c 的 make_inventory() 第 19 行，物件： u/xxy/lingzhou/yipindayuan
呼叫来自：adm/obj/master.c 的 log_error() 第 121 行，物件： adm/obj/master
u/xxy/lingzhou/npc/yun.c line 39: Undefined function prepare_skill

执行时段错误：*Error in loading object '/u/xxy/lingzhou/npc/yun'

程式：std/room.c 第 19 行
物件: /u/xxy/lingzhou/yipindayuan
呼叫来自：std/room.c 的 reset() 第 54 行，物件： u/xxy/lingzhou/yipindayuan
呼叫来自：std/room.c 的 make_inventory() 第 19 行，物件： u/xxy/lingzhou/yipindayuan

执行时段错误：*Bad argument 1 to call_other()
Expected: string or array or object Got: 0.

程式：u/xxy/lingzhou/npc/yipinwushi.c 第 33 行
物件: /u/xxy/lingzhou/npc/yipinwushi#923
呼叫来自：std/room.c 的 reset() 第 65 行，物件： u/xxy/lingzhou/yipingate
呼叫来自：std/room.c 的 make_inventory() 第 19 行，物件： u/xxy/lingzhou/yipingate
呼叫来自：u/xxy/lingzhou/npc/yipinwushi.c 的 create() 第 33 行，物件： u/xxy/lingzhou/npc/yipinwushi#923 ("一品堂武士")

执行时段错误：*Bad argument 1 to call_other()
Expected: string or array or object Got: 0.

程式：std/room.c 第 20 行
物件: /u/xxy/lingzhou/jiangjunyuan
呼叫来自：std/room.c 的 reset() 第 65 行，物件： u/xxy/lingzhou/jiangjunyuan
呼叫来自：std/room.c 的 make_inventory() 第 20 行，物件： u/xxy/lingzhou/jiangjunyuan

执行时段错误：*Bad argument 1 to call_other()
Expected: string or array or object Got: 0.

程式：u/xxy/lingzhou/npc/xiaowei.c 第 32 行
物件: /u/xxy/lingzhou/npc/xiaowei#924
呼叫来自：std/room.c 的 reset() 第 65 行，物件： u/xxy/lingzhou/jiangjungate
呼叫来自：std/room.c 的 make_inventory() 第 19 行，物件： u/xxy/lingzhou/jiangjungate
呼叫来自：u/xxy/lingzhou/npc/xiaowei.c 的 create() 第 32 行，物件： u/xxy/lingzhou/npc/xiaowei#924 ("校尉")

执行时段错误：*Bad argument 1 to call_other()
Expected: string or array or object Got: 0.

程式：std/room.c 第 20 行
物件: /u/xxy/lingzhou/yamen
呼叫来自：std/room.c 的 reset() 第 65 行，物件： u/xxy/lingzhou/yamen
呼叫来自：std/room.c 的 make_inventory() 第 20 行，物件： u/xxy/lingzhou/yamen

执行时段错误：*Bad argument 1 to call_other()
Expected: string or array or object Got: 0.

程式：u/xxy/lingzhou/npc/xixiabing.c 第 33 行
物件: /u/xxy/lingzhou/npc/xixiabing#925
呼叫来自：std/room.c 的 reset() 第 65 行，物件： u/xxy/lingzhou/biaoqiyin
呼叫来自：std/room.c 的 make_inventory() 第 19 行，物件： u/xxy/lingzhou/biaoqiyin
呼叫来自：u/xxy/lingzhou/npc/xixiabing.c 的 create() 第 33 行，物件： u/xxy/lingzhou/npc/xixiabing#925 ("西夏兵")

执行时段错误：*Bad argument 1 to call_other()
Expected: string or array or object Got: 0.

程式：u/xxy/lingzhou/npc/xiaoer2.c 第 25 行
物件: /u/xxy/lingzhou/npc/xiaoer2#926
呼叫来自：std/room.c 的 reset() 第 54 行，物件： u/xxy/lingzhou/jiuguan
呼叫来自：std/room.c 的 make_inventory() 第 19 行，物件： u/xxy/lingzhou/jiuguan
呼叫来自：u/xxy/lingzhou/npc/xiaoer2.c 的 create() 第 25 行，物件： u/xxy/lingzhou/npc/xiaoer2#926 ("店小二")

执行时段错误：*Wrong permissions for opening file /u/lingzhou/log for append.
"No such file or directory"

程式：adm/obj/master.c 第 121 行
物件: /adm/obj/master
呼叫来自：std/room.c 的 reset() 第 54 行，物件： u/xxy/lingzhou/center
呼叫来自：std/room.c 的 make_inventory() 第 19 行，物件： u/xxy/lingzhou/center
呼叫来自：adm/obj/master.c 的 log_error() 第 121 行，物件： adm/obj/master
u/xxy/lingzhou/npc/duan.c line 39: Undefined function prepare_skill

执行时段错误：*Error in loading object '/u/xxy/lingzhou/npc/duan'

程式：std/room.c 第 19 行
物件: /u/xxy/lingzhou/center
呼叫来自：std/room.c 的 reset() 第 54 行，物件： u/xxy/lingzhou/center
呼叫来自：std/room.c 的 make_inventory() 第 19 行，物件： u/xxy/lingzhou/center

执行时段错误：*Bad argument 1 to call_other()
Expected: string or array or object Got: 0.

程式：u/xxy/lingzhou/npc/xiaowei.c 第 32 行
物件: /u/xxy/lingzhou/npc/xiaowei#927
呼叫来自：std/room.c 的 reset() 第 54 行，物件： u/xxy/lingzhou/nanmen
呼叫来自：std/room.c 的 make_inventory() 第 19 行，物件： u/xxy/lingzhou/nanmen
呼叫来自：u/xxy/lingzhou/npc/xiaowei.c 的 create() 第 32 行，物件： u/xxy/lingzhou/npc/xiaowei#927 ("校尉")

执行时段错误：*F_SKILL: No such skill (huashan-sword)

程式：feature/skill.c 第 17 行
物件: /u/xxy/guanwai/npc/fengxifan#930
呼叫来自：std/room.c 的 reset() 第 54 行，物件： u/xxy/guanwai/laolongtou
呼叫来自：std/room.c 的 make_inventory() 第 19 行，物件： u/xxy/guanwai/laolongtou
呼叫来自：u/xxy/guanwai/npc/fengxifan.c 的 create() 第 37 行，物件： u/xxy/guanwai/npc/fengxifan#930 ("冯锡范")
呼叫来自：feature/skill.c 的 set_skill() 第 17 行，物件： u/xxy/guanwai/npc/fengxifan#930 ("冯锡范")

执行时段错误：*Bad argument 1 to call_other()
Expected: string or array or object Got: 0.

程式：std/room.c 第 20 行
物件: /u/xxy/guanwai/shanhaiguan
呼叫来自：std/room.c 的 reset() 第 54 行，物件： u/xxy/guanwai/shanhaiguan
呼叫来自：std/room.c 的 make_inventory() 第 20 行，物件： u/xxy/guanwai/shanhaiguan

执行时段错误：*Bad argument 1 to call_other()
Expected: string or array or object Got: 0.

程式：u/xxy/guanwai/npc/xiaoyuanshan.c 第 51 行
物件: /u/xxy/guanwai/npc/xiaoyuanshan#931
呼叫来自：std/room.c 的 reset() 第 54 行，物件： u/xxy/guanwai/road1
呼叫来自：std/room.c 的 make_inventory() 第 19 行，物件： u/xxy/guanwai/road1
呼叫来自：u/xxy/guanwai/npc/xiaoyuanshan.c 的 create() 第 51 行，物件： u/xxy/guanwai/npc/xiaoyuanshan#931 ("萧远山")

执行时段错误：*Bad argument 1 to call_other()
Expected: string or array or object Got: 0.

程式：u/xxy/guanwai/npc/dahu.c 第 24 行
物件: /u/xxy/guanwai/npc/dahu#932
呼叫来自：std/room.c 的 reset() 第 54 行，物件： u/xxy/guanwai/road4
呼叫来自：std/room.c 的 make_inventory() 第 19 行，物件： u/xxy/guanwai/road4
呼叫来自：u/xxy/guanwai/npc/dahu.c 的 create() 第 24 行，物件： u/xxy/guanwai/npc/dahu#932 ("忽伦大虎")

执行时段错误：*Bad argument 1 to call_other()
Expected: string or array or object Got: 0.

程式：u/xxy/guanwai/npc/sihu.c 第 24 行
物件: /u/xxy/guanwai/npc/sihu#933
呼叫来自：std/room.c 的 reset() 第 54 行，物件： u/xxy/guanwai/road5
呼叫来自：std/room.c 的 make_inventory() 第 19 行，物件： u/xxy/guanwai/road5
呼叫来自：u/xxy/guanwai/npc/sihu.c 的 create() 第 24 行，物件： u/xxy/guanwai/npc/sihu#933 ("忽伦四虎")

执行时段错误：*Bad argument 1 to call_other()
Expected: string or array or object Got: 0.

程式：u/xxy/guanwai/npc/sanhu.c 第 24 行
物件: /u/xxy/guanwai/npc/sanhu#934
呼叫来自：std/room.c 的 reset() 第 54 行，物件： u/xxy/guanwai/road6
呼叫来自：std/room.c 的 make_inventory() 第 19 行，物件： u/xxy/guanwai/road6
呼叫来自：u/xxy/guanwai/npc/sanhu.c 的 create() 第 24 行，物件： u/xxy/guanwai/npc/sanhu#934 ("忽伦三虎")

执行时段错误：*Bad argument 1 to call_other()
Expected: string or array or object Got: 0.

程式：u/xxy/guanwai/npc/laoban.c 第 22 行
物件: /u/xxy/guanwai/npc/laoban#935
呼叫来自：std/room.c 的 reset() 第 54 行，物件： u/xxy/guanwai/rouguan
呼叫来自：std/room.c 的 make_inventory() 第 19 行，物件： u/xxy/guanwai/rouguan
呼叫来自：u/xxy/guanwai/npc/laoban.c 的 create() 第 22 行，物件： u/xxy/guanwai/npc/laoban#935 ("酒馆老板")

执行时段错误：*Bad argument 1 to call_other()
Expected: string or array or object Got: 0.

程式：std/room.c 第 20 行
物件: /u/xxy/guanwai/majiu
呼叫来自：std/room.c 的 reset() 第 54 行，物件： u/xxy/guanwai/majiu
呼叫来自：std/room.c 的 make_inventory() 第 20 行，物件： u/xxy/guanwai/majiu

执行时段错误：*F_SKILL: No such skill (hujia-daofa)

程式：feature/skill.c 第 17 行
物件: /u/xxy/guanwai/npc/yanji#936
呼叫来自：std/room.c 的 reset() 第 54 行，物件： u/xxy/guanwai/shanshenmiao
呼叫来自：std/room.c 的 make_inventory() 第 19 行，物件： u/xxy/guanwai/shanshenmiao
呼叫来自：u/xxy/guanwai/npc/yanji.c 的 create() 第 33 行，物件： u/xxy/guanwai/npc/yanji#936 ("阎基")
呼叫来自：feature/skill.c 的 set_skill() 第 17 行，物件： u/xxy/guanwai/npc/yanji#936 ("阎基")

执行时段错误：*Bad argument 1 to call_other()
Expected: string or array or object Got: 0.

程式：u/xxy/guanwai/npc/heersu.c 第 33 行
物件: /u/xxy/guanwai/npc/heersu#937
呼叫来自：std/room.c 的 reset() 第 54 行，物件： u/xxy/guanwai/tuwu
呼叫来自：std/room.c 的 make_inventory() 第 19 行，物件： u/xxy/guanwai/tuwu
呼叫来自：u/xxy/guanwai/npc/heersu.c 的 create() 第 33 行，物件： u/xxy/guanwai/npc/heersu#937 ("赫尔苏")

执行时段错误：*F_SKILL: No such skill (xiaowuxiang)

程式：feature/skill.c 第 17 行
物件: /u/xxy/guanwai/npc/tengyilei#938
呼叫来自：std/room.c 的 reset() 第 54 行，物件： u/xxy/guanwai/nancheng
呼叫来自：std/room.c 的 make_inventory() 第 19 行，物件： u/xxy/guanwai/nancheng
呼叫来自：u/xxy/guanwai/npc/tengyilei.c 的 create() 第 30 行，物件： u/xxy/guanwai/npc/tengyilei#938 ("滕一雷")
呼叫来自：feature/skill.c 的 set_skill() 第 17 行，物件： u/xxy/guanwai/npc/tengyilei#938 ("滕一雷")

执行时段错误：*Wrong permissions for opening file /u/guanwai/log for append.
"No such file or directory"

程式：adm/obj/master.c 第 121 行
物件: /adm/obj/master
呼叫来自：std/room.c 的 reset() 第 54 行，物件： u/xxy/guanwai/muqiao
呼叫来自：std/room.c 的 make_inventory() 第 19 行，物件： u/xxy/guanwai/muqiao
呼叫来自：adm/obj/master.c 的 log_error() 第 121 行，物件： adm/obj/master
u/xxy/guanwai/npc/yuzhenzi.c line 6: parse error

执行时段错误：*Error in loading object '/u/xxy/guanwai/npc/yuzhenzi'

程式：std/room.c 第 19 行
物件: /u/xxy/guanwai/muqiao
呼叫来自：std/room.c 的 reset() 第 54 行，物件： u/xxy/guanwai/muqiao
呼叫来自：std/room.c 的 make_inventory() 第 19 行，物件： u/xxy/guanwai/muqiao

执行时段错误：*Bad argument 1 to call_other()
Expected: string or array or object Got: 0.

程式：u/xxy/lingzhou/npc/yipinwushi.c 第 33 行
物件: /u/xxy/lingzhou/npc/yipinwushi#939
呼叫来自：std/room.c 的 reset() 第 65 行，物件： u/xxy/lingzhou/yipindating
呼叫来自：std/room.c 的 make_inventory() 第 19 行，物件： u/xxy/lingzhou/yipindating
呼叫来自：u/xxy/lingzhou/npc/yipinwushi.c 的 create() 第 33 行，物件： u/xxy/lingzhou/npc/yipinwushi#939 ("一品堂武士")

执行时段错误：*Wrong permissions for opening file /u/lingzhou/log for append.
"No such file or directory"

程式：adm/obj/master.c 第 121 行
物件: /adm/obj/master
呼叫来自：std/room.c 的 reset() 第 54 行，物件： u/xxy/lingzhou/yipindayuan
呼叫来自：std/room.c 的 make_inventory() 第 19 行，物件： u/xxy/lingzhou/yipindayuan
呼叫来自：adm/obj/master.c 的 log_error() 第 121 行，物件： adm/obj/master
u/xxy/lingzhou/npc/yun.c line 39: Undefined function prepare_skill

执行时段错误：*Error in loading object '/u/xxy/lingzhou/npc/yun'

程式：std/room.c 第 19 行
物件: /u/xxy/lingzhou/yipindayuan
呼叫来自：std/room.c 的 reset() 第 54 行，物件： u/xxy/lingzhou/yipindayuan
呼叫来自：std/room.c 的 make_inventory() 第 19 行，物件： u/xxy/lingzhou/yipindayuan

执行时段错误：*Bad argument 1 to call_other()
Expected: string or array or object Got: 0.

程式：u/xxy/lingzhou/npc/yipinwushi.c 第 33 行
物件: /u/xxy/lingzhou/npc/yipinwushi#940
呼叫来自：std/room.c 的 reset() 第 65 行，物件： u/xxy/lingzhou/yipingate
呼叫来自：std/room.c 的 make_inventory() 第 19 行，物件： u/xxy/lingzhou/yipingate
呼叫来自：u/xxy/lingzhou/npc/yipinwushi.c 的 create() 第 33 行，物件： u/xxy/lingzhou/npc/yipinwushi#940 ("一品堂武士")

执行时段错误：*Bad argument 1 to call_other()
Expected: string or array or object Got: 0.

程式：std/room.c 第 20 行
物件: /u/xxy/lingzhou/jiangjunyuan
呼叫来自：std/room.c 的 reset() 第 65 行，物件： u/xxy/lingzhou/jiangjunyuan
呼叫来自：std/room.c 的 make_inventory() 第 20 行，物件： u/xxy/lingzhou/jiangjunyuan

执行时段错误：*Bad argument 1 to call_other()
Expected: string or array or object Got: 0.

程式：u/xxy/lingzhou/npc/xiaowei.c 第 32 行
物件: /u/xxy/lingzhou/npc/xiaowei#941
呼叫来自：std/room.c 的 reset() 第 65 行，物件： u/xxy/lingzhou/jiangjungate
呼叫来自：std/room.c 的 make_inventory() 第 19 行，物件： u/xxy/lingzhou/jiangjungate
呼叫来自：u/xxy/lingzhou/npc/xiaowei.c 的 create() 第 32 行，物件： u/xxy/lingzhou/npc/xiaowei#941 ("校尉")

执行时段错误：*Bad argument 1 to call_other()
Expected: string or array or object Got: 0.

程式：std/room.c 第 20 行
物件: /u/xxy/lingzhou/yamen
呼叫来自：std/room.c 的 reset() 第 65 行，物件： u/xxy/lingzhou/yamen
呼叫来自：std/room.c 的 make_inventory() 第 20 行，物件： u/xxy/lingzhou/yamen

执行时段错误：*Bad argument 1 to call_other()
Expected: string or array or object Got: 0.

程式：u/xxy/lingzhou/npc/xixiabing.c 第 33 行
物件: /u/xxy/lingzhou/npc/xixiabing#942
呼叫来自：std/room.c 的 reset() 第 65 行，物件： u/xxy/lingzhou/biaoqiyin
呼叫来自：std/room.c 的 make_inventory() 第 19 行，物件： u/xxy/lingzhou/biaoqiyin
呼叫来自：u/xxy/lingzhou/npc/xixiabing.c 的 create() 第 33 行，物件： u/xxy/lingzhou/npc/xixiabing#942 ("西夏兵")

执行时段错误：*Bad argument 1 to call_other()
Expected: string or array or object Got: 0.

程式：u/xxy/lingzhou/npc/xiaoer2.c 第 25 行
物件: /u/xxy/lingzhou/npc/xiaoer2#943
呼叫来自：std/room.c 的 reset() 第 54 行，物件： u/xxy/lingzhou/jiuguan
呼叫来自：std/room.c 的 make_inventory() 第 19 行，物件： u/xxy/lingzhou/jiuguan
呼叫来自：u/xxy/lingzhou/npc/xiaoer2.c 的 create() 第 25 行，物件： u/xxy/lingzhou/npc/xiaoer2#943 ("店小二")

执行时段错误：*Wrong permissions for opening file /u/lingzhou/log for append.
"No such file or directory"

程式：adm/obj/master.c 第 121 行
物件: /adm/obj/master
呼叫来自：std/room.c 的 reset() 第 54 行，物件： u/xxy/lingzhou/center
呼叫来自：std/room.c 的 make_inventory() 第 19 行，物件： u/xxy/lingzhou/center
呼叫来自：adm/obj/master.c 的 log_error() 第 121 行，物件： adm/obj/master
u/xxy/lingzhou/npc/duan.c line 39: Undefined function prepare_skill

执行时段错误：*Error in loading object '/u/xxy/lingzhou/npc/duan'

程式：std/room.c 第 19 行
物件: /u/xxy/lingzhou/center
呼叫来自：std/room.c 的 reset() 第 54 行，物件： u/xxy/lingzhou/center
呼叫来自：std/room.c 的 make_inventory() 第 19 行，物件： u/xxy/lingzhou/center

执行时段错误：*Bad argument 1 to call_other()
Expected: string or array or object Got: 0.

程式：u/xxy/lingzhou/npc/xiaowei.c 第 32 行
物件: /u/xxy/lingzhou/npc/xiaowei#944
呼叫来自：std/room.c 的 reset() 第 54 行，物件： u/xxy/lingzhou/nanmen
呼叫来自：std/room.c 的 make_inventory() 第 19 行，物件： u/xxy/lingzhou/nanmen
呼叫来自：u/xxy/lingzhou/npc/xiaowei.c 的 create() 第 32 行，物件： u/xxy/lingzhou/npc/xiaowei#944 ("校尉")

执行时段错误：*F_SKILL: No such skill (huashan-sword)

程式：feature/skill.c 第 17 行
物件: /u/xxy/guanwai/npc/fengxifan#947
呼叫来自：std/room.c 的 reset() 第 54 行，物件： u/xxy/guanwai/laolongtou
呼叫来自：std/room.c 的 make_inventory() 第 19 行，物件： u/xxy/guanwai/laolongtou
呼叫来自：u/xxy/guanwai/npc/fengxifan.c 的 create() 第 37 行，物件： u/xxy/guanwai/npc/fengxifan#947 ("冯锡范")
呼叫来自：feature/skill.c 的 set_skill() 第 17 行，物件： u/xxy/guanwai/npc/fengxifan#947 ("冯锡范")

执行时段错误：*Bad argument 1 to call_other()
Expected: string or array or object Got: 0.

程式：std/room.c 第 20 行
物件: /u/xxy/guanwai/shanhaiguan
呼叫来自：std/room.c 的 reset() 第 54 行，物件： u/xxy/guanwai/shanhaiguan
呼叫来自：std/room.c 的 make_inventory() 第 20 行，物件： u/xxy/guanwai/shanhaiguan

执行时段错误：*Bad argument 1 to call_other()
Expected: string or array or object Got: 0.

程式：u/xxy/guanwai/npc/xiaoyuanshan.c 第 51 行
物件: /u/xxy/guanwai/npc/xiaoyuanshan#948
呼叫来自：std/room.c 的 reset() 第 54 行，物件： u/xxy/guanwai/road1
呼叫来自：std/room.c 的 make_inventory() 第 19 行，物件： u/xxy/guanwai/road1
呼叫来自：u/xxy/guanwai/npc/xiaoyuanshan.c 的 create() 第 51 行，物件： u/xxy/guanwai/npc/xiaoyuanshan#948 ("萧远山")

执行时段错误：*Bad argument 1 to call_other()
Expected: string or array or object Got: 0.

程式：u/xxy/guanwai/npc/dahu.c 第 24 行
物件: /u/xxy/guanwai/npc/dahu#949
呼叫来自：std/room.c 的 reset() 第 54 行，物件： u/xxy/guanwai/road4
呼叫来自：std/room.c 的 make_inventory() 第 19 行，物件： u/xxy/guanwai/road4
呼叫来自：u/xxy/guanwai/npc/dahu.c 的 create() 第 24 行，物件： u/xxy/guanwai/npc/dahu#949 ("忽伦大虎")

执行时段错误：*Bad argument 1 to call_other()
Expected: string or array or object Got: 0.

程式：u/xxy/guanwai/npc/sihu.c 第 24 行
物件: /u/xxy/guanwai/npc/sihu#950
呼叫来自：std/room.c 的 reset() 第 54 行，物件： u/xxy/guanwai/road5
呼叫来自：std/room.c 的 make_inventory() 第 19 行，物件： u/xxy/guanwai/road5
呼叫来自：u/xxy/guanwai/npc/sihu.c 的 create() 第 24 行，物件： u/xxy/guanwai/npc/sihu#950 ("忽伦四虎")

执行时段错误：*Bad argument 1 to call_other()
Expected: string or array or object Got: 0.

程式：u/xxy/guanwai/npc/sanhu.c 第 24 行
物件: /u/xxy/guanwai/npc/sanhu#951
呼叫来自：std/room.c 的 reset() 第 54 行，物件： u/xxy/guanwai/road6
呼叫来自：std/room.c 的 make_inventory() 第 19 行，物件： u/xxy/guanwai/road6
呼叫来自：u/xxy/guanwai/npc/sanhu.c 的 create() 第 24 行，物件： u/xxy/guanwai/npc/sanhu#951 ("忽伦三虎")

执行时段错误：*Bad argument 1 to call_other()
Expected: string or array or object Got: 0.

程式：u/xxy/guanwai/npc/laoban.c 第 22 行
物件: /u/xxy/guanwai/npc/laoban#952
呼叫来自：std/room.c 的 reset() 第 54 行，物件： u/xxy/guanwai/rouguan
呼叫来自：std/room.c 的 make_inventory() 第 19 行，物件： u/xxy/guanwai/rouguan
呼叫来自：u/xxy/guanwai/npc/laoban.c 的 create() 第 22 行，物件： u/xxy/guanwai/npc/laoban#952 ("酒馆老板")

执行时段错误：*Bad argument 1 to call_other()
Expected: string or array or object Got: 0.

程式：std/room.c 第 20 行
物件: /u/xxy/guanwai/majiu
呼叫来自：std/room.c 的 reset() 第 54 行，物件： u/xxy/guanwai/majiu
呼叫来自：std/room.c 的 make_inventory() 第 20 行，物件： u/xxy/guanwai/majiu

执行时段错误：*F_SKILL: No such skill (hujia-daofa)

程式：feature/skill.c 第 17 行
物件: /u/xxy/guanwai/npc/yanji#953
呼叫来自：std/room.c 的 reset() 第 54 行，物件： u/xxy/guanwai/shanshenmiao
呼叫来自：std/room.c 的 make_inventory() 第 19 行，物件： u/xxy/guanwai/shanshenmiao
呼叫来自：u/xxy/guanwai/npc/yanji.c 的 create() 第 33 行，物件： u/xxy/guanwai/npc/yanji#953 ("阎基")
呼叫来自：feature/skill.c 的 set_skill() 第 17 行，物件： u/xxy/guanwai/npc/yanji#953 ("阎基")

执行时段错误：*Bad argument 1 to call_other()
Expected: string or array or object Got: 0.

程式：u/xxy/guanwai/npc/heersu.c 第 33 行
物件: /u/xxy/guanwai/npc/heersu#954
呼叫来自：std/room.c 的 reset() 第 54 行，物件： u/xxy/guanwai/tuwu
呼叫来自：std/room.c 的 make_inventory() 第 19 行，物件： u/xxy/guanwai/tuwu
呼叫来自：u/xxy/guanwai/npc/heersu.c 的 create() 第 33 行，物件： u/xxy/guanwai/npc/heersu#954 ("赫尔苏")

执行时段错误：*F_SKILL: No such skill (xiaowuxiang)

程式：feature/skill.c 第 17 行
物件: /u/xxy/guanwai/npc/tengyilei#955
呼叫来自：std/room.c 的 reset() 第 54 行，物件： u/xxy/guanwai/nancheng
呼叫来自：std/room.c 的 make_inventory() 第 19 行，物件： u/xxy/guanwai/nancheng
呼叫来自：u/xxy/guanwai/npc/tengyilei.c 的 create() 第 30 行，物件： u/xxy/guanwai/npc/tengyilei#955 ("滕一雷")
呼叫来自：feature/skill.c 的 set_skill() 第 17 行，物件： u/xxy/guanwai/npc/tengyilei#955 ("滕一雷")

执行时段错误：*Wrong permissions for opening file /u/guanwai/log for append.
"No such file or directory"

程式：adm/obj/master.c 第 121 行
物件: /adm/obj/master
呼叫来自：std/room.c 的 reset() 第 54 行，物件： u/xxy/guanwai/muqiao
呼叫来自：std/room.c 的 make_inventory() 第 19 行，物件： u/xxy/guanwai/muqiao
呼叫来自：adm/obj/master.c 的 log_error() 第 121 行，物件： adm/obj/master
u/xxy/guanwai/npc/yuzhenzi.c line 6: parse error

执行时段错误：*Error in loading object '/u/xxy/guanwai/npc/yuzhenzi'

程式：std/room.c 第 19 行
物件: /u/xxy/guanwai/muqiao
呼叫来自：std/room.c 的 reset() 第 54 行，物件： u/xxy/guanwai/muqiao
呼叫来自：std/room.c 的 make_inventory() 第 19 行，物件： u/xxy/guanwai/muqiao

执行时段错误：*Bad argument 1 to call_other()
Expected: string or array or object Got: 0.

程式：u/xxy/lingzhou/npc/yipinwushi.c 第 33 行
物件: /u/xxy/lingzhou/npc/yipinwushi#956
呼叫来自：std/room.c 的 reset() 第 65 行，物件： u/xxy/lingzhou/yipindating
呼叫来自：std/room.c 的 make_inventory() 第 19 行，物件： u/xxy/lingzhou/yipindating
呼叫来自：u/xxy/lingzhou/npc/yipinwushi.c 的 create() 第 33 行，物件： u/xxy/lingzhou/npc/yipinwushi#956 ("一品堂武士")

执行时段错误：*Wrong permissions for opening file /u/lingzhou/log for append.
"No such file or directory"

程式：adm/obj/master.c 第 121 行
物件: /adm/obj/master
呼叫来自：std/room.c 的 reset() 第 54 行，物件： u/xxy/lingzhou/yipindayuan
呼叫来自：std/room.c 的 make_inventory() 第 19 行，物件： u/xxy/lingzhou/yipindayuan
呼叫来自：adm/obj/master.c 的 log_error() 第 121 行，物件： adm/obj/master
u/xxy/lingzhou/npc/yun.c line 39: Undefined function prepare_skill

执行时段错误：*Error in loading object '/u/xxy/lingzhou/npc/yun'

程式：std/room.c 第 19 行
物件: /u/xxy/lingzhou/yipindayuan
呼叫来自：std/room.c 的 reset() 第 54 行，物件： u/xxy/lingzhou/yipindayuan
呼叫来自：std/room.c 的 make_inventory() 第 19 行，物件： u/xxy/lingzhou/yipindayuan

执行时段错误：*Bad argument 1 to call_other()
Expected: string or array or object Got: 0.

程式：u/xxy/lingzhou/npc/yipinwushi.c 第 33 行
物件: /u/xxy/lingzhou/npc/yipinwushi#957
呼叫来自：std/room.c 的 reset() 第 65 行，物件： u/xxy/lingzhou/yipingate
呼叫来自：std/room.c 的 make_inventory() 第 19 行，物件： u/xxy/lingzhou/yipingate
呼叫来自：u/xxy/lingzhou/npc/yipinwushi.c 的 create() 第 33 行，物件： u/xxy/lingzhou/npc/yipinwushi#957 ("一品堂武士")

执行时段错误：*Bad argument 1 to call_other()
Expected: string or array or object Got: 0.

程式：std/room.c 第 20 行
物件: /u/xxy/lingzhou/jiangjunyuan
呼叫来自：std/room.c 的 reset() 第 65 行，物件： u/xxy/lingzhou/jiangjunyuan
呼叫来自：std/room.c 的 make_inventory() 第 20 行，物件： u/xxy/lingzhou/jiangjunyuan

执行时段错误：*Bad argument 1 to call_other()
Expected: string or array or object Got: 0.

程式：u/xxy/lingzhou/npc/xiaowei.c 第 32 行
物件: /u/xxy/lingzhou/npc/xiaowei#958
呼叫来自：std/room.c 的 reset() 第 65 行，物件： u/xxy/lingzhou/jiangjungate
呼叫来自：std/room.c 的 make_inventory() 第 19 行，物件： u/xxy/lingzhou/jiangjungate
呼叫来自：u/xxy/lingzhou/npc/xiaowei.c 的 create() 第 32 行，物件： u/xxy/lingzhou/npc/xiaowei#958 ("校尉")

执行时段错误：*Bad argument 1 to call_other()
Expected: string or array or object Got: 0.

程式：std/room.c 第 20 行
物件: /u/xxy/lingzhou/yamen
呼叫来自：std/room.c 的 reset() 第 65 行，物件： u/xxy/lingzhou/yamen
呼叫来自：std/room.c 的 make_inventory() 第 20 行，物件： u/xxy/lingzhou/yamen

执行时段错误：*Bad argument 1 to call_other()
Expected: string or array or object Got: 0.

程式：u/xxy/lingzhou/npc/xixiabing.c 第 33 行
物件: /u/xxy/lingzhou/npc/xixiabing#959
呼叫来自：std/room.c 的 reset() 第 65 行，物件： u/xxy/lingzhou/biaoqiyin
呼叫来自：std/room.c 的 make_inventory() 第 19 行，物件： u/xxy/lingzhou/biaoqiyin
呼叫来自：u/xxy/lingzhou/npc/xixiabing.c 的 create() 第 33 行，物件： u/xxy/lingzhou/npc/xixiabing#959 ("西夏兵")

执行时段错误：*Bad argument 1 to call_other()
Expected: string or array or object Got: 0.

程式：u/xxy/lingzhou/npc/xiaoer2.c 第 25 行
物件: /u/xxy/lingzhou/npc/xiaoer2#960
呼叫来自：std/room.c 的 reset() 第 54 行，物件： u/xxy/lingzhou/jiuguan
呼叫来自：std/room.c 的 make_inventory() 第 19 行，物件： u/xxy/lingzhou/jiuguan
呼叫来自：u/xxy/lingzhou/npc/xiaoer2.c 的 create() 第 25 行，物件： u/xxy/lingzhou/npc/xiaoer2#960 ("店小二")

执行时段错误：*Wrong permissions for opening file /u/lingzhou/log for append.
"No such file or directory"

程式：adm/obj/master.c 第 121 行
物件: /adm/obj/master
呼叫来自：std/room.c 的 reset() 第 54 行，物件： u/xxy/lingzhou/center
呼叫来自：std/room.c 的 make_inventory() 第 19 行，物件： u/xxy/lingzhou/center
呼叫来自：adm/obj/master.c 的 log_error() 第 121 行，物件： adm/obj/master
u/xxy/lingzhou/npc/duan.c line 39: Undefined function prepare_skill

执行时段错误：*Error in loading object '/u/xxy/lingzhou/npc/duan'

程式：std/room.c 第 19 行
物件: /u/xxy/lingzhou/center
呼叫来自：std/room.c 的 reset() 第 54 行，物件： u/xxy/lingzhou/center
呼叫来自：std/room.c 的 make_inventory() 第 19 行，物件： u/xxy/lingzhou/center

执行时段错误：*Bad argument 1 to call_other()
Expected: string or array or object Got: 0.

程式：u/xxy/lingzhou/npc/xiaowei.c 第 32 行
物件: /u/xxy/lingzhou/npc/xiaowei#961
呼叫来自：std/room.c 的 reset() 第 54 行，物件： u/xxy/lingzhou/nanmen
呼叫来自：std/room.c 的 make_inventory() 第 19 行，物件： u/xxy/lingzhou/nanmen
呼叫来自：u/xxy/lingzhou/npc/xiaowei.c 的 create() 第 32 行，物件： u/xxy/lingzhou/npc/xiaowei#961 ("校尉")

执行时段错误：*F_SKILL: No such skill (huashan-sword)

程式：feature/skill.c 第 17 行
物件: /u/xxy/guanwai/npc/fengxifan#962
呼叫来自：std/room.c 的 reset() 第 54 行，物件： u/xxy/guanwai/laolongtou
呼叫来自：std/room.c 的 make_inventory() 第 19 行，物件： u/xxy/guanwai/laolongtou
呼叫来自：u/xxy/guanwai/npc/fengxifan.c 的 create() 第 37 行，物件： u/xxy/guanwai/npc/fengxifan#962 ("冯锡范")
呼叫来自：feature/skill.c 的 set_skill() 第 17 行，物件： u/xxy/guanwai/npc/fengxifan#962 ("冯锡范")

执行时段错误：*Bad argument 1 to call_other()
Expected: string or array or object Got: 0.

程式：std/room.c 第 20 行
物件: /u/xxy/guanwai/shanhaiguan
呼叫来自：std/room.c 的 reset() 第 54 行，物件： u/xxy/guanwai/shanhaiguan
呼叫来自：std/room.c 的 make_inventory() 第 20 行，物件： u/xxy/guanwai/shanhaiguan

执行时段错误：*Bad argument 1 to call_other()
Expected: string or array or object Got: 0.

程式：u/xxy/guanwai/npc/xiaoyuanshan.c 第 51 行
物件: /u/xxy/guanwai/npc/xiaoyuanshan#963
呼叫来自：std/room.c 的 reset() 第 54 行，物件： u/xxy/guanwai/road1
呼叫来自：std/room.c 的 make_inventory() 第 19 行，物件： u/xxy/guanwai/road1
呼叫来自：u/xxy/guanwai/npc/xiaoyuanshan.c 的 create() 第 51 行，物件： u/xxy/guanwai/npc/xiaoyuanshan#963 ("萧远山")

执行时段错误：*Bad argument 1 to call_other()
Expected: string or array or object Got: 0.

程式：u/xxy/guanwai/npc/dahu.c 第 24 行
物件: /u/xxy/guanwai/npc/dahu#964
呼叫来自：std/room.c 的 reset() 第 54 行，物件： u/xxy/guanwai/road4
呼叫来自：std/room.c 的 make_inventory() 第 19 行，物件： u/xxy/guanwai/road4
呼叫来自：u/xxy/guanwai/npc/dahu.c 的 create() 第 24 行，物件： u/xxy/guanwai/npc/dahu#964 ("忽伦大虎")

执行时段错误：*Bad argument 1 to call_other()
Expected: string or array or object Got: 0.

程式：u/xxy/guanwai/npc/sihu.c 第 24 行
物件: /u/xxy/guanwai/npc/sihu#965
呼叫来自：std/room.c 的 reset() 第 54 行，物件： u/xxy/guanwai/road5
呼叫来自：std/room.c 的 make_inventory() 第 19 行，物件： u/xxy/guanwai/road5
呼叫来自：u/xxy/guanwai/npc/sihu.c 的 create() 第 24 行，物件： u/xxy/guanwai/npc/sihu#965 ("忽伦四虎")

执行时段错误：*Bad argument 1 to call_other()
Expected: string or array or object Got: 0.

程式：u/xxy/guanwai/npc/sanhu.c 第 24 行
物件: /u/xxy/guanwai/npc/sanhu#966
呼叫来自：std/room.c 的 reset() 第 54 行，物件： u/xxy/guanwai/road6
呼叫来自：std/room.c 的 make_inventory() 第 19 行，物件： u/xxy/guanwai/road6
呼叫来自：u/xxy/guanwai/npc/sanhu.c 的 create() 第 24 行，物件： u/xxy/guanwai/npc/sanhu#966 ("忽伦三虎")

执行时段错误：*Bad argument 1 to call_other()
Expected: string or array or object Got: 0.

程式：u/xxy/guanwai/npc/laoban.c 第 22 行
物件: /u/xxy/guanwai/npc/laoban#967
呼叫来自：std/room.c 的 reset() 第 54 行，物件： u/xxy/guanwai/rouguan
呼叫来自：std/room.c 的 make_inventory() 第 19 行，物件： u/xxy/guanwai/rouguan
呼叫来自：u/xxy/guanwai/npc/laoban.c 的 create() 第 22 行，物件： u/xxy/guanwai/npc/laoban#967 ("酒馆老板")

执行时段错误：*Bad argument 1 to call_other()
Expected: string or array or object Got: 0.

程式：std/room.c 第 20 行
物件: /u/xxy/guanwai/majiu
呼叫来自：std/room.c 的 reset() 第 54 行，物件： u/xxy/guanwai/majiu
呼叫来自：std/room.c 的 make_inventory() 第 20 行，物件： u/xxy/guanwai/majiu

执行时段错误：*F_SKILL: No such skill (hujia-daofa)

程式：feature/skill.c 第 17 行
物件: /u/xxy/guanwai/npc/yanji#968
呼叫来自：std/room.c 的 reset() 第 54 行，物件： u/xxy/guanwai/shanshenmiao
呼叫来自：std/room.c 的 make_inventory() 第 19 行，物件： u/xxy/guanwai/shanshenmiao
呼叫来自：u/xxy/guanwai/npc/yanji.c 的 create() 第 33 行，物件： u/xxy/guanwai/npc/yanji#968 ("阎基")
呼叫来自：feature/skill.c 的 set_skill() 第 17 行，物件： u/xxy/guanwai/npc/yanji#968 ("阎基")

执行时段错误：*Bad argument 1 to call_other()
Expected: string or array or object Got: 0.

程式：u/xxy/guanwai/npc/heersu.c 第 33 行
物件: /u/xxy/guanwai/npc/heersu#969
呼叫来自：std/room.c 的 reset() 第 54 行，物件： u/xxy/guanwai/tuwu
呼叫来自：std/room.c 的 make_inventory() 第 19 行，物件： u/xxy/guanwai/tuwu
呼叫来自：u/xxy/guanwai/npc/heersu.c 的 create() 第 33 行，物件： u/xxy/guanwai/npc/heersu#969 ("赫尔苏")

执行时段错误：*F_SKILL: No such skill (xiaowuxiang)

程式：feature/skill.c 第 17 行
物件: /u/xxy/guanwai/npc/tengyilei#970
呼叫来自：std/room.c 的 reset() 第 54 行，物件： u/xxy/guanwai/nancheng
呼叫来自：std/room.c 的 make_inventory() 第 19 行，物件： u/xxy/guanwai/nancheng
呼叫来自：u/xxy/guanwai/npc/tengyilei.c 的 create() 第 30 行，物件： u/xxy/guanwai/npc/tengyilei#970 ("滕一雷")
呼叫来自：feature/skill.c 的 set_skill() 第 17 行，物件： u/xxy/guanwai/npc/tengyilei#970 ("滕一雷")

执行时段错误：*Wrong permissions for opening file /u/guanwai/log for append.
"No such file or directory"

程式：adm/obj/master.c 第 121 行
物件: /adm/obj/master
呼叫来自：std/room.c 的 reset() 第 54 行，物件： u/xxy/guanwai/muqiao
呼叫来自：std/room.c 的 make_inventory() 第 19 行，物件： u/xxy/guanwai/muqiao
呼叫来自：adm/obj/master.c 的 log_error() 第 121 行，物件： adm/obj/master
u/xxy/guanwai/npc/yuzhenzi.c line 6: parse error

执行时段错误：*Error in loading object '/u/xxy/guanwai/npc/yuzhenzi'

程式：std/room.c 第 19 行
物件: /u/xxy/guanwai/muqiao
呼叫来自：std/room.c 的 reset() 第 54 行，物件： u/xxy/guanwai/muqiao
呼叫来自：std/room.c 的 make_inventory() 第 19 行，物件： u/xxy/guanwai/muqiao

执行时段错误：*Bad argument 1 to call_other()
Expected: string or array or object Got: 0.

程式：u/xxy/lingzhou/npc/yipinwushi.c 第 33 行
物件: /u/xxy/lingzhou/npc/yipinwushi#971
呼叫来自：std/room.c 的 reset() 第 65 行，物件： u/xxy/lingzhou/yipindating
呼叫来自：std/room.c 的 make_inventory() 第 19 行，物件： u/xxy/lingzhou/yipindating
呼叫来自：u/xxy/lingzhou/npc/yipinwushi.c 的 create() 第 33 行，物件： u/xxy/lingzhou/npc/yipinwushi#971 ("一品堂武士")

执行时段错误：*Wrong permissions for opening file /u/lingzhou/log for append.
"No such file or directory"

程式：adm/obj/master.c 第 121 行
物件: /adm/obj/master
呼叫来自：std/room.c 的 reset() 第 54 行，物件： u/xxy/lingzhou/yipindayuan
呼叫来自：std/room.c 的 make_inventory() 第 19 行，物件： u/xxy/lingzhou/yipindayuan
呼叫来自：adm/obj/master.c 的 log_error() 第 121 行，物件： adm/obj/master
u/xxy/lingzhou/npc/yun.c line 39: Undefined function prepare_skill

执行时段错误：*Error in loading object '/u/xxy/lingzhou/npc/yun'

程式：std/room.c 第 19 行
物件: /u/xxy/lingzhou/yipindayuan
呼叫来自：std/room.c 的 reset() 第 54 行，物件： u/xxy/lingzhou/yipindayuan
呼叫来自：std/room.c 的 make_inventory() 第 19 行，物件： u/xxy/lingzhou/yipindayuan

执行时段错误：*Bad argument 1 to call_other()
Expected: string or array or object Got: 0.

程式：u/xxy/lingzhou/npc/yipinwushi.c 第 33 行
物件: /u/xxy/lingzhou/npc/yipinwushi#972
呼叫来自：std/room.c 的 reset() 第 65 行，物件： u/xxy/lingzhou/yipingate
呼叫来自：std/room.c 的 make_inventory() 第 19 行，物件： u/xxy/lingzhou/yipingate
呼叫来自：u/xxy/lingzhou/npc/yipinwushi.c 的 create() 第 33 行，物件： u/xxy/lingzhou/npc/yipinwushi#972 ("一品堂武士")

执行时段错误：*Bad argument 1 to call_other()
Expected: string or array or object Got: 0.

程式：std/room.c 第 20 行
物件: /u/xxy/lingzhou/jiangjunyuan
呼叫来自：std/room.c 的 reset() 第 65 行，物件： u/xxy/lingzhou/jiangjunyuan
呼叫来自：std/room.c 的 make_inventory() 第 20 行，物件： u/xxy/lingzhou/jiangjunyuan

执行时段错误：*Bad argument 1 to call_other()
Expected: string or array or object Got: 0.

程式：u/xxy/lingzhou/npc/xiaowei.c 第 32 行
物件: /u/xxy/lingzhou/npc/xiaowei#973
呼叫来自：std/room.c 的 reset() 第 65 行，物件： u/xxy/lingzhou/jiangjungate
呼叫来自：std/room.c 的 make_inventory() 第 19 行，物件： u/xxy/lingzhou/jiangjungate
呼叫来自：u/xxy/lingzhou/npc/xiaowei.c 的 create() 第 32 行，物件： u/xxy/lingzhou/npc/xiaowei#973 ("校尉")

执行时段错误：*Bad argument 1 to call_other()
Expected: string or array or object Got: 0.

程式：std/room.c 第 20 行
物件: /u/xxy/lingzhou/yamen
呼叫来自：std/room.c 的 reset() 第 65 行，物件： u/xxy/lingzhou/yamen
呼叫来自：std/room.c 的 make_inventory() 第 20 行，物件： u/xxy/lingzhou/yamen

执行时段错误：*Bad argument 1 to call_other()
Expected: string or array or object Got: 0.

程式：u/xxy/lingzhou/npc/xixiabing.c 第 33 行
物件: /u/xxy/lingzhou/npc/xixiabing#974
呼叫来自：std/room.c 的 reset() 第 65 行，物件： u/xxy/lingzhou/biaoqiyin
呼叫来自：std/room.c 的 make_inventory() 第 19 行，物件： u/xxy/lingzhou/biaoqiyin
呼叫来自：u/xxy/lingzhou/npc/xixiabing.c 的 create() 第 33 行，物件： u/xxy/lingzhou/npc/xixiabing#974 ("西夏兵")

执行时段错误：*Bad argument 1 to call_other()
Expected: string or array or object Got: 0.

程式：u/xxy/lingzhou/npc/xiaoer2.c 第 25 行
物件: /u/xxy/lingzhou/npc/xiaoer2#975
呼叫来自：std/room.c 的 reset() 第 54 行，物件： u/xxy/lingzhou/jiuguan
呼叫来自：std/room.c 的 make_inventory() 第 19 行，物件： u/xxy/lingzhou/jiuguan
呼叫来自：u/xxy/lingzhou/npc/xiaoer2.c 的 create() 第 25 行，物件： u/xxy/lingzhou/npc/xiaoer2#975 ("店小二")

执行时段错误：*Wrong permissions for opening file /u/lingzhou/log for append.
"No such file or directory"

程式：adm/obj/master.c 第 121 行
物件: /adm/obj/master
呼叫来自：std/room.c 的 reset() 第 54 行，物件： u/xxy/lingzhou/center
呼叫来自：std/room.c 的 make_inventory() 第 19 行，物件： u/xxy/lingzhou/center
呼叫来自：adm/obj/master.c 的 log_error() 第 121 行，物件： adm/obj/master
u/xxy/lingzhou/npc/duan.c line 39: Undefined function prepare_skill

执行时段错误：*Error in loading object '/u/xxy/lingzhou/npc/duan'

程式：std/room.c 第 19 行
物件: /u/xxy/lingzhou/center
呼叫来自：std/room.c 的 reset() 第 54 行，物件： u/xxy/lingzhou/center
呼叫来自：std/room.c 的 make_inventory() 第 19 行，物件： u/xxy/lingzhou/center

执行时段错误：*Bad argument 1 to call_other()
Expected: string or array or object Got: 0.

程式：u/xxy/lingzhou/npc/xiaowei.c 第 32 行
物件: /u/xxy/lingzhou/npc/xiaowei#976
呼叫来自：std/room.c 的 reset() 第 54 行，物件： u/xxy/lingzhou/nanmen
呼叫来自：std/room.c 的 make_inventory() 第 19 行，物件： u/xxy/lingzhou/nanmen
呼叫来自：u/xxy/lingzhou/npc/xiaowei.c 的 create() 第 32 行，物件： u/xxy/lingzhou/npc/xiaowei#976 ("校尉")

执行时段错误：*F_SKILL: No such skill (huashan-sword)

程式：feature/skill.c 第 17 行
物件: /u/xxy/guanwai/npc/fengxifan#979
呼叫来自：std/room.c 的 reset() 第 54 行，物件： u/xxy/guanwai/laolongtou
呼叫来自：std/room.c 的 make_inventory() 第 19 行，物件： u/xxy/guanwai/laolongtou
呼叫来自：u/xxy/guanwai/npc/fengxifan.c 的 create() 第 37 行，物件： u/xxy/guanwai/npc/fengxifan#979 ("冯锡范")
呼叫来自：feature/skill.c 的 set_skill() 第 17 行，物件： u/xxy/guanwai/npc/fengxifan#979 ("冯锡范")

执行时段错误：*Bad argument 1 to call_other()
Expected: string or array or object Got: 0.

程式：std/room.c 第 20 行
物件: /u/xxy/guanwai/shanhaiguan
呼叫来自：std/room.c 的 reset() 第 54 行，物件： u/xxy/guanwai/shanhaiguan
呼叫来自：std/room.c 的 make_inventory() 第 20 行，物件： u/xxy/guanwai/shanhaiguan

执行时段错误：*Bad argument 1 to call_other()
Expected: string or array or object Got: 0.

程式：u/xxy/guanwai/npc/xiaoyuanshan.c 第 51 行
物件: /u/xxy/guanwai/npc/xiaoyuanshan#980
呼叫来自：std/room.c 的 reset() 第 54 行，物件： u/xxy/guanwai/road1
呼叫来自：std/room.c 的 make_inventory() 第 19 行，物件： u/xxy/guanwai/road1
呼叫来自：u/xxy/guanwai/npc/xiaoyuanshan.c 的 create() 第 51 行，物件： u/xxy/guanwai/npc/xiaoyuanshan#980 ("萧远山")

执行时段错误：*Bad argument 1 to call_other()
Expected: string or array or object Got: 0.

程式：u/xxy/guanwai/npc/dahu.c 第 24 行
物件: /u/xxy/guanwai/npc/dahu#981
呼叫来自：std/room.c 的 reset() 第 54 行，物件： u/xxy/guanwai/road4
呼叫来自：std/room.c 的 make_inventory() 第 19 行，物件： u/xxy/guanwai/road4
呼叫来自：u/xxy/guanwai/npc/dahu.c 的 create() 第 24 行，物件： u/xxy/guanwai/npc/dahu#981 ("忽伦大虎")

执行时段错误：*Bad argument 1 to call_other()
Expected: string or array or object Got: 0.

程式：u/xxy/guanwai/npc/sihu.c 第 24 行
物件: /u/xxy/guanwai/npc/sihu#982
呼叫来自：std/room.c 的 reset() 第 54 行，物件： u/xxy/guanwai/road5
呼叫来自：std/room.c 的 make_inventory() 第 19 行，物件： u/xxy/guanwai/road5
呼叫来自：u/xxy/guanwai/npc/sihu.c 的 create() 第 24 行，物件： u/xxy/guanwai/npc/sihu#982 ("忽伦四虎")

执行时段错误：*Bad argument 1 to call_other()
Expected: string or array or object Got: 0.

程式：u/xxy/guanwai/npc/sanhu.c 第 24 行
物件: /u/xxy/guanwai/npc/sanhu#983
呼叫来自：std/room.c 的 reset() 第 54 行，物件： u/xxy/guanwai/road6
呼叫来自：std/room.c 的 make_inventory() 第 19 行，物件： u/xxy/guanwai/road6
呼叫来自：u/xxy/guanwai/npc/sanhu.c 的 create() 第 24 行，物件： u/xxy/guanwai/npc/sanhu#983 ("忽伦三虎")

执行时段错误：*Bad argument 1 to call_other()
Expected: string or array or object Got: 0.

程式：u/xxy/guanwai/npc/laoban.c 第 22 行
物件: /u/xxy/guanwai/npc/laoban#984
呼叫来自：std/room.c 的 reset() 第 54 行，物件： u/xxy/guanwai/rouguan
呼叫来自：std/room.c 的 make_inventory() 第 19 行，物件： u/xxy/guanwai/rouguan
呼叫来自：u/xxy/guanwai/npc/laoban.c 的 create() 第 22 行，物件： u/xxy/guanwai/npc/laoban#984 ("酒馆老板")

执行时段错误：*Bad argument 1 to call_other()
Expected: string or array or object Got: 0.

程式：std/room.c 第 20 行
物件: /u/xxy/guanwai/majiu
呼叫来自：std/room.c 的 reset() 第 54 行，物件： u/xxy/guanwai/majiu
呼叫来自：std/room.c 的 make_inventory() 第 20 行，物件： u/xxy/guanwai/majiu

执行时段错误：*F_SKILL: No such skill (hujia-daofa)

程式：feature/skill.c 第 17 行
物件: /u/xxy/guanwai/npc/yanji#985
呼叫来自：std/room.c 的 reset() 第 54 行，物件： u/xxy/guanwai/shanshenmiao
呼叫来自：std/room.c 的 make_inventory() 第 19 行，物件： u/xxy/guanwai/shanshenmiao
呼叫来自：u/xxy/guanwai/npc/yanji.c 的 create() 第 33 行，物件： u/xxy/guanwai/npc/yanji#985 ("阎基")
呼叫来自：feature/skill.c 的 set_skill() 第 17 行，物件： u/xxy/guanwai/npc/yanji#985 ("阎基")

执行时段错误：*Bad argument 1 to call_other()
Expected: string or array or object Got: 0.

程式：u/xxy/guanwai/npc/heersu.c 第 33 行
物件: /u/xxy/guanwai/npc/heersu#986
呼叫来自：std/room.c 的 reset() 第 54 行，物件： u/xxy/guanwai/tuwu
呼叫来自：std/room.c 的 make_inventory() 第 19 行，物件： u/xxy/guanwai/tuwu
呼叫来自：u/xxy/guanwai/npc/heersu.c 的 create() 第 33 行，物件： u/xxy/guanwai/npc/heersu#986 ("赫尔苏")

执行时段错误：*F_SKILL: No such skill (xiaowuxiang)

程式：feature/skill.c 第 17 行
物件: /u/xxy/guanwai/npc/tengyilei#987
呼叫来自：std/room.c 的 reset() 第 54 行，物件： u/xxy/guanwai/nancheng
呼叫来自：std/room.c 的 make_inventory() 第 19 行，物件： u/xxy/guanwai/nancheng
呼叫来自：u/xxy/guanwai/npc/tengyilei.c 的 create() 第 30 行，物件： u/xxy/guanwai/npc/tengyilei#987 ("滕一雷")
呼叫来自：feature/skill.c 的 set_skill() 第 17 行，物件： u/xxy/guanwai/npc/tengyilei#987 ("滕一雷")

执行时段错误：*Wrong permissions for opening file /u/guanwai/log for append.
"No such file or directory"

程式：adm/obj/master.c 第 121 行
物件: /adm/obj/master
呼叫来自：std/room.c 的 reset() 第 54 行，物件： u/xxy/guanwai/muqiao
呼叫来自：std/room.c 的 make_inventory() 第 19 行，物件： u/xxy/guanwai/muqiao
呼叫来自：adm/obj/master.c 的 log_error() 第 121 行，物件： adm/obj/master
u/xxy/guanwai/npc/yuzhenzi.c line 6: parse error

执行时段错误：*Error in loading object '/u/xxy/guanwai/npc/yuzhenzi'

程式：std/room.c 第 19 行
物件: /u/xxy/guanwai/muqiao
呼叫来自：std/room.c 的 reset() 第 54 行，物件： u/xxy/guanwai/muqiao
呼叫来自：std/room.c 的 make_inventory() 第 19 行，物件： u/xxy/guanwai/muqiao

执行时段错误：*Bad argument 1 to call_other()
Expected: string or array or object Got: 0.

程式：u/xxy/lingzhou/npc/yipinwushi.c 第 33 行
物件: /u/xxy/lingzhou/npc/yipinwushi#988
呼叫来自：std/room.c 的 reset() 第 65 行，物件： u/xxy/lingzhou/yipindating
呼叫来自：std/room.c 的 make_inventory() 第 19 行，物件： u/xxy/lingzhou/yipindating
呼叫来自：u/xxy/lingzhou/npc/yipinwushi.c 的 create() 第 33 行，物件： u/xxy/lingzhou/npc/yipinwushi#988 ("一品堂武士")

执行时段错误：*Wrong permissions for opening file /u/lingzhou/log for append.
"No such file or directory"

程式：adm/obj/master.c 第 121 行
物件: /adm/obj/master
呼叫来自：std/room.c 的 reset() 第 54 行，物件： u/xxy/lingzhou/yipindayuan
呼叫来自：std/room.c 的 make_inventory() 第 19 行，物件： u/xxy/lingzhou/yipindayuan
呼叫来自：adm/obj/master.c 的 log_error() 第 121 行，物件： adm/obj/master
u/xxy/lingzhou/npc/yun.c line 39: Undefined function prepare_skill

执行时段错误：*Error in loading object '/u/xxy/lingzhou/npc/yun'

程式：std/room.c 第 19 行
物件: /u/xxy/lingzhou/yipindayuan
呼叫来自：std/room.c 的 reset() 第 54 行，物件： u/xxy/lingzhou/yipindayuan
呼叫来自：std/room.c 的 make_inventory() 第 19 行，物件： u/xxy/lingzhou/yipindayuan

执行时段错误：*Bad argument 1 to call_other()
Expected: string or array or object Got: 0.

程式：u/xxy/lingzhou/npc/yipinwushi.c 第 33 行
物件: /u/xxy/lingzhou/npc/yipinwushi#989
呼叫来自：std/room.c 的 reset() 第 65 行，物件： u/xxy/lingzhou/yipingate
呼叫来自：std/room.c 的 make_inventory() 第 19 行，物件： u/xxy/lingzhou/yipingate
呼叫来自：u/xxy/lingzhou/npc/yipinwushi.c 的 create() 第 33 行，物件： u/xxy/lingzhou/npc/yipinwushi#989 ("一品堂武士")

执行时段错误：*Bad argument 1 to call_other()
Expected: string or array or object Got: 0.

程式：std/room.c 第 20 行
物件: /u/xxy/lingzhou/jiangjunyuan
呼叫来自：std/room.c 的 reset() 第 65 行，物件： u/xxy/lingzhou/jiangjunyuan
呼叫来自：std/room.c 的 make_inventory() 第 20 行，物件： u/xxy/lingzhou/jiangjunyuan

执行时段错误：*Bad argument 1 to call_other()
Expected: string or array or object Got: 0.

程式：u/xxy/lingzhou/npc/xiaowei.c 第 32 行
物件: /u/xxy/lingzhou/npc/xiaowei#990
呼叫来自：std/room.c 的 reset() 第 65 行，物件： u/xxy/lingzhou/jiangjungate
呼叫来自：std/room.c 的 make_inventory() 第 19 行，物件： u/xxy/lingzhou/jiangjungate
呼叫来自：u/xxy/lingzhou/npc/xiaowei.c 的 create() 第 32 行，物件： u/xxy/lingzhou/npc/xiaowei#990 ("校尉")

执行时段错误：*Bad argument 1 to call_other()
Expected: string or array or object Got: 0.

程式：std/room.c 第 20 行
物件: /u/xxy/lingzhou/yamen
呼叫来自：std/room.c 的 reset() 第 65 行，物件： u/xxy/lingzhou/yamen
呼叫来自：std/room.c 的 make_inventory() 第 20 行，物件： u/xxy/lingzhou/yamen

执行时段错误：*Bad argument 1 to call_other()
Expected: string or array or object Got: 0.

程式：u/xxy/lingzhou/npc/xixiabing.c 第 33 行
物件: /u/xxy/lingzhou/npc/xixiabing#991
呼叫来自：std/room.c 的 reset() 第 65 行，物件： u/xxy/lingzhou/biaoqiyin
呼叫来自：std/room.c 的 make_inventory() 第 19 行，物件： u/xxy/lingzhou/biaoqiyin
呼叫来自：u/xxy/lingzhou/npc/xixiabing.c 的 create() 第 33 行，物件： u/xxy/lingzhou/npc/xixiabing#991 ("西夏兵")

执行时段错误：*Bad argument 1 to call_other()
Expected: string or array or object Got: 0.

程式：u/xxy/lingzhou/npc/xiaoer2.c 第 25 行
物件: /u/xxy/lingzhou/npc/xiaoer2#992
呼叫来自：std/room.c 的 reset() 第 54 行，物件： u/xxy/lingzhou/jiuguan
呼叫来自：std/room.c 的 make_inventory() 第 19 行，物件： u/xxy/lingzhou/jiuguan
呼叫来自：u/xxy/lingzhou/npc/xiaoer2.c 的 create() 第 25 行，物件： u/xxy/lingzhou/npc/xiaoer2#992 ("店小二")

执行时段错误：*Wrong permissions for opening file /u/lingzhou/log for append.
"No such file or directory"

程式：adm/obj/master.c 第 121 行
物件: /adm/obj/master
呼叫来自：std/room.c 的 reset() 第 54 行，物件： u/xxy/lingzhou/center
呼叫来自：std/room.c 的 make_inventory() 第 19 行，物件： u/xxy/lingzhou/center
呼叫来自：adm/obj/master.c 的 log_error() 第 121 行，物件： adm/obj/master
u/xxy/lingzhou/npc/duan.c line 39: Undefined function prepare_skill

执行时段错误：*Error in loading object '/u/xxy/lingzhou/npc/duan'

程式：std/room.c 第 19 行
物件: /u/xxy/lingzhou/center
呼叫来自：std/room.c 的 reset() 第 54 行，物件： u/xxy/lingzhou/center
呼叫来自：std/room.c 的 make_inventory() 第 19 行，物件： u/xxy/lingzhou/center

执行时段错误：*Bad argument 1 to call_other()
Expected: string or array or object Got: 0.

程式：u/xxy/lingzhou/npc/xiaowei.c 第 32 行
物件: /u/xxy/lingzhou/npc/xiaowei#993
呼叫来自：std/room.c 的 reset() 第 54 行，物件： u/xxy/lingzhou/nanmen
呼叫来自：std/room.c 的 make_inventory() 第 19 行，物件： u/xxy/lingzhou/nanmen
呼叫来自：u/xxy/lingzhou/npc/xiaowei.c 的 create() 第 32 行，物件： u/xxy/lingzhou/npc/xiaowei#993 ("校尉")

执行时段错误：*F_SKILL: No such skill (huashan-sword)

程式：feature/skill.c 第 17 行
物件: /u/xxy/guanwai/npc/fengxifan#994
呼叫来自：std/room.c 的 reset() 第 54 行，物件： u/xxy/guanwai/laolongtou
呼叫来自：std/room.c 的 make_inventory() 第 19 行，物件： u/xxy/guanwai/laolongtou
呼叫来自：u/xxy/guanwai/npc/fengxifan.c 的 create() 第 37 行，物件： u/xxy/guanwai/npc/fengxifan#994 ("冯锡范")
呼叫来自：feature/skill.c 的 set_skill() 第 17 行，物件： u/xxy/guanwai/npc/fengxifan#994 ("冯锡范")

执行时段错误：*Bad argument 1 to call_other()
Expected: string or array or object Got: 0.

程式：std/room.c 第 20 行
物件: /u/xxy/guanwai/shanhaiguan
呼叫来自：std/room.c 的 reset() 第 54 行，物件： u/xxy/guanwai/shanhaiguan
呼叫来自：std/room.c 的 make_inventory() 第 20 行，物件： u/xxy/guanwai/shanhaiguan

执行时段错误：*Bad argument 1 to call_other()
Expected: string or array or object Got: 0.

程式：u/xxy/guanwai/npc/xiaoyuanshan.c 第 51 行
物件: /u/xxy/guanwai/npc/xiaoyuanshan#995
呼叫来自：std/room.c 的 reset() 第 54 行，物件： u/xxy/guanwai/road1
呼叫来自：std/room.c 的 make_inventory() 第 19 行，物件： u/xxy/guanwai/road1
呼叫来自：u/xxy/guanwai/npc/xiaoyuanshan.c 的 create() 第 51 行，物件： u/xxy/guanwai/npc/xiaoyuanshan#995 ("萧远山")

执行时段错误：*Bad argument 1 to call_other()
Expected: string or array or object Got: 0.

程式：u/xxy/guanwai/npc/dahu.c 第 24 行
物件: /u/xxy/guanwai/npc/dahu#996
呼叫来自：std/room.c 的 reset() 第 54 行，物件： u/xxy/guanwai/road4
呼叫来自：std/room.c 的 make_inventory() 第 19 行，物件： u/xxy/guanwai/road4
呼叫来自：u/xxy/guanwai/npc/dahu.c 的 create() 第 24 行，物件： u/xxy/guanwai/npc/dahu#996 ("忽伦大虎")

执行时段错误：*Bad argument 1 to call_other()
Expected: string or array or object Got: 0.

程式：u/xxy/guanwai/npc/sihu.c 第 24 行
物件: /u/xxy/guanwai/npc/sihu#997
呼叫来自：std/room.c 的 reset() 第 54 行，物件： u/xxy/guanwai/road5
呼叫来自：std/room.c 的 make_inventory() 第 19 行，物件： u/xxy/guanwai/road5
呼叫来自：u/xxy/guanwai/npc/sihu.c 的 create() 第 24 行，物件： u/xxy/guanwai/npc/sihu#997 ("忽伦四虎")

执行时段错误：*Bad argument 1 to call_other()
Expected: string or array or object Got: 0.

程式：u/xxy/guanwai/npc/sanhu.c 第 24 行
物件: /u/xxy/guanwai/npc/sanhu#998
呼叫来自：std/room.c 的 reset() 第 54 行，物件： u/xxy/guanwai/road6
呼叫来自：std/room.c 的 make_inventory() 第 19 行，物件： u/xxy/guanwai/road6
呼叫来自：u/xxy/guanwai/npc/sanhu.c 的 create() 第 24 行，物件： u/xxy/guanwai/npc/sanhu#998 ("忽伦三虎")

执行时段错误：*Bad argument 1 to call_other()
Expected: string or array or object Got: 0.

程式：u/xxy/guanwai/npc/laoban.c 第 22 行
物件: /u/xxy/guanwai/npc/laoban#999
呼叫来自：std/room.c 的 reset() 第 54 行，物件： u/xxy/guanwai/rouguan
呼叫来自：std/room.c 的 make_inventory() 第 19 行，物件： u/xxy/guanwai/rouguan
呼叫来自：u/xxy/guanwai/npc/laoban.c 的 create() 第 22 行，物件： u/xxy/guanwai/npc/laoban#999 ("酒馆老板")

执行时段错误：*Bad argument 1 to call_other()
Expected: string or array or object Got: 0.

程式：std/room.c 第 20 行
物件: /u/xxy/guanwai/majiu
呼叫来自：std/room.c 的 reset() 第 54 行，物件： u/xxy/guanwai/majiu
呼叫来自：std/room.c 的 make_inventory() 第 20 行，物件： u/xxy/guanwai/majiu

执行时段错误：*F_SKILL: No such skill (hujia-daofa)

程式：feature/skill.c 第 17 行
物件: /u/xxy/guanwai/npc/yanji#1000
呼叫来自：std/room.c 的 reset() 第 54 行，物件： u/xxy/guanwai/shanshenmiao
呼叫来自：std/room.c 的 make_inventory() 第 19 行，物件： u/xxy/guanwai/shanshenmiao
呼叫来自：u/xxy/guanwai/npc/yanji.c 的 create() 第 33 行，物件： u/xxy/guanwai/npc/yanji#1000 ("阎基")
呼叫来自：feature/skill.c 的 set_skill() 第 17 行，物件： u/xxy/guanwai/npc/yanji#1000 ("阎基")

执行时段错误：*Bad argument 1 to call_other()
Expected: string or array or object Got: 0.

程式：u/xxy/guanwai/npc/heersu.c 第 33 行
物件: /u/xxy/guanwai/npc/heersu#1001
呼叫来自：std/room.c 的 reset() 第 54 行，物件： u/xxy/guanwai/tuwu
呼叫来自：std/room.c 的 make_inventory() 第 19 行，物件： u/xxy/guanwai/tuwu
呼叫来自：u/xxy/guanwai/npc/heersu.c 的 create() 第 33 行，物件： u/xxy/guanwai/npc/heersu#1001 ("赫尔苏")

执行时段错误：*F_SKILL: No such skill (xiaowuxiang)

程式：feature/skill.c 第 17 行
物件: /u/xxy/guanwai/npc/tengyilei#1002
呼叫来自：std/room.c 的 reset() 第 54 行，物件： u/xxy/guanwai/nancheng
呼叫来自：std/room.c 的 make_inventory() 第 19 行，物件： u/xxy/guanwai/nancheng
呼叫来自：u/xxy/guanwai/npc/tengyilei.c 的 create() 第 30 行，物件： u/xxy/guanwai/npc/tengyilei#1002 ("滕一雷")
呼叫来自：feature/skill.c 的 set_skill() 第 17 行，物件： u/xxy/guanwai/npc/tengyilei#1002 ("滕一雷")

执行时段错误：*Wrong permissions for opening file /u/guanwai/log for append.
"No such file or directory"

程式：adm/obj/master.c 第 121 行
物件: /adm/obj/master
呼叫来自：std/room.c 的 reset() 第 54 行，物件： u/xxy/guanwai/muqiao
呼叫来自：std/room.c 的 make_inventory() 第 19 行，物件： u/xxy/guanwai/muqiao
呼叫来自：adm/obj/master.c 的 log_error() 第 121 行，物件： adm/obj/master
u/xxy/guanwai/npc/yuzhenzi.c line 6: parse error

执行时段错误：*Error in loading object '/u/xxy/guanwai/npc/yuzhenzi'

程式：std/room.c 第 19 行
物件: /u/xxy/guanwai/muqiao
呼叫来自：std/room.c 的 reset() 第 54 行，物件： u/xxy/guanwai/muqiao
呼叫来自：std/room.c 的 make_inventory() 第 19 行，物件： u/xxy/guanwai/muqiao

执行时段错误：*Bad argument 1 to call_other()
Expected: string or array or object Got: 0.

程式：u/xxy/lingzhou/npc/yipinwushi.c 第 33 行
物件: /u/xxy/lingzhou/npc/yipinwushi#1003
呼叫来自：std/room.c 的 reset() 第 65 行，物件： u/xxy/lingzhou/yipindating
呼叫来自：std/room.c 的 make_inventory() 第 19 行，物件： u/xxy/lingzhou/yipindating
呼叫来自：u/xxy/lingzhou/npc/yipinwushi.c 的 create() 第 33 行，物件： u/xxy/lingzhou/npc/yipinwushi#1003 ("一品堂武士")

执行时段错误：*Wrong permissions for opening file /u/lingzhou/log for append.
"No such file or directory"

程式：adm/obj/master.c 第 121 行
物件: /adm/obj/master
呼叫来自：std/room.c 的 reset() 第 54 行，物件： u/xxy/lingzhou/yipindayuan
呼叫来自：std/room.c 的 make_inventory() 第 19 行，物件： u/xxy/lingzhou/yipindayuan
呼叫来自：adm/obj/master.c 的 log_error() 第 121 行，物件： adm/obj/master
u/xxy/lingzhou/npc/yun.c line 39: Undefined function prepare_skill

执行时段错误：*Error in loading object '/u/xxy/lingzhou/npc/yun'

程式：std/room.c 第 19 行
物件: /u/xxy/lingzhou/yipindayuan
呼叫来自：std/room.c 的 reset() 第 54 行，物件： u/xxy/lingzhou/yipindayuan
呼叫来自：std/room.c 的 make_inventory() 第 19 行，物件： u/xxy/lingzhou/yipindayuan

执行时段错误：*Bad argument 1 to call_other()
Expected: string or array or object Got: 0.

程式：u/xxy/lingzhou/npc/yipinwushi.c 第 33 行
物件: /u/xxy/lingzhou/npc/yipinwushi#1004
呼叫来自：std/room.c 的 reset() 第 65 行，物件： u/xxy/lingzhou/yipingate
呼叫来自：std/room.c 的 make_inventory() 第 19 行，物件： u/xxy/lingzhou/yipingate
呼叫来自：u/xxy/lingzhou/npc/yipinwushi.c 的 create() 第 33 行，物件： u/xxy/lingzhou/npc/yipinwushi#1004 ("一品堂武士")

执行时段错误：*Bad argument 1 to call_other()
Expected: string or array or object Got: 0.

程式：std/room.c 第 20 行
物件: /u/xxy/lingzhou/jiangjunyuan
呼叫来自：std/room.c 的 reset() 第 65 行，物件： u/xxy/lingzhou/jiangjunyuan
呼叫来自：std/room.c 的 make_inventory() 第 20 行，物件： u/xxy/lingzhou/jiangjunyuan

执行时段错误：*Bad argument 1 to call_other()
Expected: string or array or object Got: 0.

程式：u/xxy/lingzhou/npc/xiaowei.c 第 32 行
物件: /u/xxy/lingzhou/npc/xiaowei#1005
呼叫来自：std/room.c 的 reset() 第 65 行，物件： u/xxy/lingzhou/jiangjungate
呼叫来自：std/room.c 的 make_inventory() 第 19 行，物件： u/xxy/lingzhou/jiangjungate
呼叫来自：u/xxy/lingzhou/npc/xiaowei.c 的 create() 第 32 行，物件： u/xxy/lingzhou/npc/xiaowei#1005 ("校尉")

执行时段错误：*Bad argument 1 to call_other()
Expected: string or array or object Got: 0.

程式：std/room.c 第 20 行
物件: /u/xxy/lingzhou/yamen
呼叫来自：std/room.c 的 reset() 第 65 行，物件： u/xxy/lingzhou/yamen
呼叫来自：std/room.c 的 make_inventory() 第 20 行，物件： u/xxy/lingzhou/yamen

执行时段错误：*Bad argument 1 to call_other()
Expected: string or array or object Got: 0.

程式：u/xxy/lingzhou/npc/xixiabing.c 第 33 行
物件: /u/xxy/lingzhou/npc/xixiabing#1006
呼叫来自：std/room.c 的 reset() 第 65 行，物件： u/xxy/lingzhou/biaoqiyin
呼叫来自：std/room.c 的 make_inventory() 第 19 行，物件： u/xxy/lingzhou/biaoqiyin
呼叫来自：u/xxy/lingzhou/npc/xixiabing.c 的 create() 第 33 行，物件： u/xxy/lingzhou/npc/xixiabing#1006 ("西夏兵")

执行时段错误：*Bad argument 1 to call_other()
Expected: string or array or object Got: 0.

程式：u/xxy/lingzhou/npc/xiaoer2.c 第 25 行
物件: /u/xxy/lingzhou/npc/xiaoer2#1007
呼叫来自：std/room.c 的 reset() 第 54 行，物件： u/xxy/lingzhou/jiuguan
呼叫来自：std/room.c 的 make_inventory() 第 19 行，物件： u/xxy/lingzhou/jiuguan
呼叫来自：u/xxy/lingzhou/npc/xiaoer2.c 的 create() 第 25 行，物件： u/xxy/lingzhou/npc/xiaoer2#1007 ("店小二")

执行时段错误：*Wrong permissions for opening file /u/lingzhou/log for append.
"No such file or directory"

程式：adm/obj/master.c 第 121 行
物件: /adm/obj/master
呼叫来自：std/room.c 的 reset() 第 54 行，物件： u/xxy/lingzhou/center
呼叫来自：std/room.c 的 make_inventory() 第 19 行，物件： u/xxy/lingzhou/center
呼叫来自：adm/obj/master.c 的 log_error() 第 121 行，物件： adm/obj/master
u/xxy/lingzhou/npc/duan.c line 39: Undefined function prepare_skill

执行时段错误：*Error in loading object '/u/xxy/lingzhou/npc/duan'

程式：std/room.c 第 19 行
物件: /u/xxy/lingzhou/center
呼叫来自：std/room.c 的 reset() 第 54 行，物件： u/xxy/lingzhou/center
呼叫来自：std/room.c 的 make_inventory() 第 19 行，物件： u/xxy/lingzhou/center

执行时段错误：*Bad argument 1 to call_other()
Expected: string or array or object Got: 0.

程式：u/xxy/lingzhou/npc/xiaowei.c 第 32 行
物件: /u/xxy/lingzhou/npc/xiaowei#1008
呼叫来自：std/room.c 的 reset() 第 54 行，物件： u/xxy/lingzhou/nanmen
呼叫来自：std/room.c 的 make_inventory() 第 19 行，物件： u/xxy/lingzhou/nanmen
呼叫来自：u/xxy/lingzhou/npc/xiaowei.c 的 create() 第 32 行，物件： u/xxy/lingzhou/npc/xiaowei#1008 ("校尉")

执行时段错误：*F_SKILL: No such skill (huashan-sword)

程式：feature/skill.c 第 17 行
物件: /u/xxy/guanwai/npc/fengxifan#1011
呼叫来自：std/room.c 的 reset() 第 54 行，物件： u/xxy/guanwai/laolongtou
呼叫来自：std/room.c 的 make_inventory() 第 19 行，物件： u/xxy/guanwai/laolongtou
呼叫来自：u/xxy/guanwai/npc/fengxifan.c 的 create() 第 37 行，物件： u/xxy/guanwai/npc/fengxifan#1011 ("冯锡范")
呼叫来自：feature/skill.c 的 set_skill() 第 17 行，物件： u/xxy/guanwai/npc/fengxifan#1011 ("冯锡范")

执行时段错误：*Bad argument 1 to call_other()
Expected: string or array or object Got: 0.

程式：std/room.c 第 20 行
物件: /u/xxy/guanwai/shanhaiguan
呼叫来自：std/room.c 的 reset() 第 54 行，物件： u/xxy/guanwai/shanhaiguan
呼叫来自：std/room.c 的 make_inventory() 第 20 行，物件： u/xxy/guanwai/shanhaiguan

执行时段错误：*Bad argument 1 to call_other()
Expected: string or array or object Got: 0.

程式：u/xxy/guanwai/npc/xiaoyuanshan.c 第 51 行
物件: /u/xxy/guanwai/npc/xiaoyuanshan#1012
呼叫来自：std/room.c 的 reset() 第 54 行，物件： u/xxy/guanwai/road1
呼叫来自：std/room.c 的 make_inventory() 第 19 行，物件： u/xxy/guanwai/road1
呼叫来自：u/xxy/guanwai/npc/xiaoyuanshan.c 的 create() 第 51 行，物件： u/xxy/guanwai/npc/xiaoyuanshan#1012 ("萧远山")

执行时段错误：*Bad argument 1 to call_other()
Expected: string or array or object Got: 0.

程式：u/xxy/guanwai/npc/dahu.c 第 24 行
物件: /u/xxy/guanwai/npc/dahu#1013
呼叫来自：std/room.c 的 reset() 第 54 行，物件： u/xxy/guanwai/road4
呼叫来自：std/room.c 的 make_inventory() 第 19 行，物件： u/xxy/guanwai/road4
呼叫来自：u/xxy/guanwai/npc/dahu.c 的 create() 第 24 行，物件： u/xxy/guanwai/npc/dahu#1013 ("忽伦大虎")

执行时段错误：*Bad argument 1 to call_other()
Expected: string or array or object Got: 0.

程式：u/xxy/guanwai/npc/sihu.c 第 24 行
物件: /u/xxy/guanwai/npc/sihu#1014
呼叫来自：std/room.c 的 reset() 第 54 行，物件： u/xxy/guanwai/road5
呼叫来自：std/room.c 的 make_inventory() 第 19 行，物件： u/xxy/guanwai/road5
呼叫来自：u/xxy/guanwai/npc/sihu.c 的 create() 第 24 行，物件： u/xxy/guanwai/npc/sihu#1014 ("忽伦四虎")

执行时段错误：*Bad argument 1 to call_other()
Expected: string or array or object Got: 0.

程式：u/xxy/guanwai/npc/sanhu.c 第 24 行
物件: /u/xxy/guanwai/npc/sanhu#1015
呼叫来自：std/room.c 的 reset() 第 54 行，物件： u/xxy/guanwai/road6
呼叫来自：std/room.c 的 make_inventory() 第 19 行，物件： u/xxy/guanwai/road6
呼叫来自：u/xxy/guanwai/npc/sanhu.c 的 create() 第 24 行，物件： u/xxy/guanwai/npc/sanhu#1015 ("忽伦三虎")

执行时段错误：*Bad argument 1 to call_other()
Expected: string or array or object Got: 0.

程式：u/xxy/guanwai/npc/laoban.c 第 22 行
物件: /u/xxy/guanwai/npc/laoban#1016
呼叫来自：std/room.c 的 reset() 第 54 行，物件： u/xxy/guanwai/rouguan
呼叫来自：std/room.c 的 make_inventory() 第 19 行，物件： u/xxy/guanwai/rouguan
呼叫来自：u/xxy/guanwai/npc/laoban.c 的 create() 第 22 行，物件： u/xxy/guanwai/npc/laoban#1016 ("酒馆老板")

执行时段错误：*Bad argument 1 to call_other()
Expected: string or array or object Got: 0.

程式：std/room.c 第 20 行
物件: /u/xxy/guanwai/majiu
呼叫来自：std/room.c 的 reset() 第 54 行，物件： u/xxy/guanwai/majiu
呼叫来自：std/room.c 的 make_inventory() 第 20 行，物件： u/xxy/guanwai/majiu

执行时段错误：*F_SKILL: No such skill (hujia-daofa)

程式：feature/skill.c 第 17 行
物件: /u/xxy/guanwai/npc/yanji#1017
呼叫来自：std/room.c 的 reset() 第 54 行，物件： u/xxy/guanwai/shanshenmiao
呼叫来自：std/room.c 的 make_inventory() 第 19 行，物件： u/xxy/guanwai/shanshenmiao
呼叫来自：u/xxy/guanwai/npc/yanji.c 的 create() 第 33 行，物件： u/xxy/guanwai/npc/yanji#1017 ("阎基")
呼叫来自：feature/skill.c 的 set_skill() 第 17 行，物件： u/xxy/guanwai/npc/yanji#1017 ("阎基")

执行时段错误：*Bad argument 1 to call_other()
Expected: string or array or object Got: 0.

程式：u/xxy/guanwai/npc/heersu.c 第 33 行
物件: /u/xxy/guanwai/npc/heersu#1018
呼叫来自：std/room.c 的 reset() 第 54 行，物件： u/xxy/guanwai/tuwu
呼叫来自：std/room.c 的 make_inventory() 第 19 行，物件： u/xxy/guanwai/tuwu
呼叫来自：u/xxy/guanwai/npc/heersu.c 的 create() 第 33 行，物件： u/xxy/guanwai/npc/heersu#1018 ("赫尔苏")

执行时段错误：*F_SKILL: No such skill (xiaowuxiang)

程式：feature/skill.c 第 17 行
物件: /u/xxy/guanwai/npc/tengyilei#1019
呼叫来自：std/room.c 的 reset() 第 54 行，物件： u/xxy/guanwai/nancheng
呼叫来自：std/room.c 的 make_inventory() 第 19 行，物件： u/xxy/guanwai/nancheng
呼叫来自：u/xxy/guanwai/npc/tengyilei.c 的 create() 第 30 行，物件： u/xxy/guanwai/npc/tengyilei#1019 ("滕一雷")
呼叫来自：feature/skill.c 的 set_skill() 第 17 行，物件： u/xxy/guanwai/npc/tengyilei#1019 ("滕一雷")

执行时段错误：*Wrong permissions for opening file /u/guanwai/log for append.
"No such file or directory"

程式：adm/obj/master.c 第 121 行
物件: /adm/obj/master
呼叫来自：std/room.c 的 reset() 第 54 行，物件： u/xxy/guanwai/muqiao
呼叫来自：std/room.c 的 make_inventory() 第 19 行，物件： u/xxy/guanwai/muqiao
呼叫来自：adm/obj/master.c 的 log_error() 第 121 行，物件： adm/obj/master
u/xxy/guanwai/npc/yuzhenzi.c line 6: parse error

执行时段错误：*Error in loading object '/u/xxy/guanwai/npc/yuzhenzi'

程式：std/room.c 第 19 行
物件: /u/xxy/guanwai/muqiao
呼叫来自：std/room.c 的 reset() 第 54 行，物件： u/xxy/guanwai/muqiao
呼叫来自：std/room.c 的 make_inventory() 第 19 行，物件： u/xxy/guanwai/muqiao

执行时段错误：*Bad argument 1 to call_other()
Expected: string or array or object Got: 0.

程式：u/xxy/lingzhou/npc/yipinwushi.c 第 33 行
物件: /u/xxy/lingzhou/npc/yipinwushi#1020
呼叫来自：std/room.c 的 reset() 第 65 行，物件： u/xxy/lingzhou/yipindating
呼叫来自：std/room.c 的 make_inventory() 第 19 行，物件： u/xxy/lingzhou/yipindating
呼叫来自：u/xxy/lingzhou/npc/yipinwushi.c 的 create() 第 33 行，物件： u/xxy/lingzhou/npc/yipinwushi#1020 ("一品堂武士")

执行时段错误：*Wrong permissions for opening file /u/lingzhou/log for append.
"No such file or directory"

程式：adm/obj/master.c 第 121 行
物件: /adm/obj/master
呼叫来自：std/room.c 的 reset() 第 54 行，物件： u/xxy/lingzhou/yipindayuan
呼叫来自：std/room.c 的 make_inventory() 第 19 行，物件： u/xxy/lingzhou/yipindayuan
呼叫来自：adm/obj/master.c 的 log_error() 第 121 行，物件： adm/obj/master
u/xxy/lingzhou/npc/yun.c line 39: Undefined function prepare_skill

执行时段错误：*Error in loading object '/u/xxy/lingzhou/npc/yun'

程式：std/room.c 第 19 行
物件: /u/xxy/lingzhou/yipindayuan
呼叫来自：std/room.c 的 reset() 第 54 行，物件： u/xxy/lingzhou/yipindayuan
呼叫来自：std/room.c 的 make_inventory() 第 19 行，物件： u/xxy/lingzhou/yipindayuan

执行时段错误：*Bad argument 1 to call_other()
Expected: string or array or object Got: 0.

程式：u/xxy/lingzhou/npc/yipinwushi.c 第 33 行
物件: /u/xxy/lingzhou/npc/yipinwushi#1021
呼叫来自：std/room.c 的 reset() 第 65 行，物件： u/xxy/lingzhou/yipingate
呼叫来自：std/room.c 的 make_inventory() 第 19 行，物件： u/xxy/lingzhou/yipingate
呼叫来自：u/xxy/lingzhou/npc/yipinwushi.c 的 create() 第 33 行，物件： u/xxy/lingzhou/npc/yipinwushi#1021 ("一品堂武士")

执行时段错误：*Bad argument 1 to call_other()
Expected: string or array or object Got: 0.

程式：std/room.c 第 20 行
物件: /u/xxy/lingzhou/jiangjunyuan
呼叫来自：std/room.c 的 reset() 第 65 行，物件： u/xxy/lingzhou/jiangjunyuan
呼叫来自：std/room.c 的 make_inventory() 第 20 行，物件： u/xxy/lingzhou/jiangjunyuan

执行时段错误：*Bad argument 1 to call_other()
Expected: string or array or object Got: 0.

程式：u/xxy/lingzhou/npc/xiaowei.c 第 32 行
物件: /u/xxy/lingzhou/npc/xiaowei#1022
呼叫来自：std/room.c 的 reset() 第 65 行，物件： u/xxy/lingzhou/jiangjungate
呼叫来自：std/room.c 的 make_inventory() 第 19 行，物件： u/xxy/lingzhou/jiangjungate
呼叫来自：u/xxy/lingzhou/npc/xiaowei.c 的 create() 第 32 行，物件： u/xxy/lingzhou/npc/xiaowei#1022 ("校尉")

执行时段错误：*Bad argument 1 to call_other()
Expected: string or array or object Got: 0.

程式：std/room.c 第 20 行
物件: /u/xxy/lingzhou/yamen
呼叫来自：std/room.c 的 reset() 第 65 行，物件： u/xxy/lingzhou/yamen
呼叫来自：std/room.c 的 make_inventory() 第 20 行，物件： u/xxy/lingzhou/yamen

执行时段错误：*Bad argument 1 to call_other()
Expected: string or array or object Got: 0.

程式：u/xxy/lingzhou/npc/xixiabing.c 第 33 行
物件: /u/xxy/lingzhou/npc/xixiabing#1023
呼叫来自：std/room.c 的 reset() 第 65 行，物件： u/xxy/lingzhou/biaoqiyin
呼叫来自：std/room.c 的 make_inventory() 第 19 行，物件： u/xxy/lingzhou/biaoqiyin
呼叫来自：u/xxy/lingzhou/npc/xixiabing.c 的 create() 第 33 行，物件： u/xxy/lingzhou/npc/xixiabing#1023 ("西夏兵")

执行时段错误：*Bad argument 1 to call_other()
Expected: string or array or object Got: 0.

程式：u/xxy/lingzhou/npc/xiaoer2.c 第 25 行
物件: /u/xxy/lingzhou/npc/xiaoer2#1024
呼叫来自：std/room.c 的 reset() 第 54 行，物件： u/xxy/lingzhou/jiuguan
呼叫来自：std/room.c 的 make_inventory() 第 19 行，物件： u/xxy/lingzhou/jiuguan
呼叫来自：u/xxy/lingzhou/npc/xiaoer2.c 的 create() 第 25 行，物件： u/xxy/lingzhou/npc/xiaoer2#1024 ("店小二")

执行时段错误：*Wrong permissions for opening file /u/lingzhou/log for append.
"No such file or directory"

程式：adm/obj/master.c 第 121 行
物件: /adm/obj/master
呼叫来自：std/room.c 的 reset() 第 54 行，物件： u/xxy/lingzhou/center
呼叫来自：std/room.c 的 make_inventory() 第 19 行，物件： u/xxy/lingzhou/center
呼叫来自：adm/obj/master.c 的 log_error() 第 121 行，物件： adm/obj/master
u/xxy/lingzhou/npc/duan.c line 39: Undefined function prepare_skill

执行时段错误：*Error in loading object '/u/xxy/lingzhou/npc/duan'

程式：std/room.c 第 19 行
物件: /u/xxy/lingzhou/center
呼叫来自：std/room.c 的 reset() 第 54 行，物件： u/xxy/lingzhou/center
呼叫来自：std/room.c 的 make_inventory() 第 19 行，物件： u/xxy/lingzhou/center

执行时段错误：*Bad argument 1 to call_other()
Expected: string or array or object Got: 0.

程式：u/xxy/lingzhou/npc/xiaowei.c 第 32 行
物件: /u/xxy/lingzhou/npc/xiaowei#1025
呼叫来自：std/room.c 的 reset() 第 54 行，物件： u/xxy/lingzhou/nanmen
呼叫来自：std/room.c 的 make_inventory() 第 19 行，物件： u/xxy/lingzhou/nanmen
呼叫来自：u/xxy/lingzhou/npc/xiaowei.c 的 create() 第 32 行，物件： u/xxy/lingzhou/npc/xiaowei#1025 ("校尉")

执行时段错误：*F_SKILL: No such skill (huashan-sword)

程式：feature/skill.c 第 17 行
物件: /u/xxy/guanwai/npc/fengxifan#1028
呼叫来自：std/room.c 的 reset() 第 54 行，物件： u/xxy/guanwai/laolongtou
呼叫来自：std/room.c 的 make_inventory() 第 19 行，物件： u/xxy/guanwai/laolongtou
呼叫来自：u/xxy/guanwai/npc/fengxifan.c 的 create() 第 37 行，物件： u/xxy/guanwai/npc/fengxifan#1028 ("冯锡范")
呼叫来自：feature/skill.c 的 set_skill() 第 17 行，物件： u/xxy/guanwai/npc/fengxifan#1028 ("冯锡范")

执行时段错误：*Bad argument 1 to call_other()
Expected: string or array or object Got: 0.

程式：std/room.c 第 20 行
物件: /u/xxy/guanwai/shanhaiguan
呼叫来自：std/room.c 的 reset() 第 54 行，物件： u/xxy/guanwai/shanhaiguan
呼叫来自：std/room.c 的 make_inventory() 第 20 行，物件： u/xxy/guanwai/shanhaiguan

执行时段错误：*Bad argument 1 to call_other()
Expected: string or array or object Got: 0.

程式：u/xxy/guanwai/npc/xiaoyuanshan.c 第 51 行
物件: /u/xxy/guanwai/npc/xiaoyuanshan#1029
呼叫来自：std/room.c 的 reset() 第 54 行，物件： u/xxy/guanwai/road1
呼叫来自：std/room.c 的 make_inventory() 第 19 行，物件： u/xxy/guanwai/road1
呼叫来自：u/xxy/guanwai/npc/xiaoyuanshan.c 的 create() 第 51 行，物件： u/xxy/guanwai/npc/xiaoyuanshan#1029 ("萧远山")

执行时段错误：*Bad argument 1 to call_other()
Expected: string or array or object Got: 0.

程式：u/xxy/guanwai/npc/dahu.c 第 24 行
物件: /u/xxy/guanwai/npc/dahu#1030
呼叫来自：std/room.c 的 reset() 第 54 行，物件： u/xxy/guanwai/road4
呼叫来自：std/room.c 的 make_inventory() 第 19 行，物件： u/xxy/guanwai/road4
呼叫来自：u/xxy/guanwai/npc/dahu.c 的 create() 第 24 行，物件： u/xxy/guanwai/npc/dahu#1030 ("忽伦大虎")

执行时段错误：*Bad argument 1 to call_other()
Expected: string or array or object Got: 0.

程式：u/xxy/guanwai/npc/sihu.c 第 24 行
物件: /u/xxy/guanwai/npc/sihu#1031
呼叫来自：std/room.c 的 reset() 第 54 行，物件： u/xxy/guanwai/road5
呼叫来自：std/room.c 的 make_inventory() 第 19 行，物件： u/xxy/guanwai/road5
呼叫来自：u/xxy/guanwai/npc/sihu.c 的 create() 第 24 行，物件： u/xxy/guanwai/npc/sihu#1031 ("忽伦四虎")

执行时段错误：*Bad argument 1 to call_other()
Expected: string or array or object Got: 0.

程式：u/xxy/guanwai/npc/sanhu.c 第 24 行
物件: /u/xxy/guanwai/npc/sanhu#1032
呼叫来自：std/room.c 的 reset() 第 54 行，物件： u/xxy/guanwai/road6
呼叫来自：std/room.c 的 make_inventory() 第 19 行，物件： u/xxy/guanwai/road6
呼叫来自：u/xxy/guanwai/npc/sanhu.c 的 create() 第 24 行，物件： u/xxy/guanwai/npc/sanhu#1032 ("忽伦三虎")

执行时段错误：*Bad argument 1 to call_other()
Expected: string or array or object Got: 0.

程式：u/xxy/guanwai/npc/laoban.c 第 22 行
物件: /u/xxy/guanwai/npc/laoban#1033
呼叫来自：std/room.c 的 reset() 第 54 行，物件： u/xxy/guanwai/rouguan
呼叫来自：std/room.c 的 make_inventory() 第 19 行，物件： u/xxy/guanwai/rouguan
呼叫来自：u/xxy/guanwai/npc/laoban.c 的 create() 第 22 行，物件： u/xxy/guanwai/npc/laoban#1033 ("酒馆老板")

执行时段错误：*Bad argument 1 to call_other()
Expected: string or array or object Got: 0.

程式：std/room.c 第 20 行
物件: /u/xxy/guanwai/majiu
呼叫来自：std/room.c 的 reset() 第 54 行，物件： u/xxy/guanwai/majiu
呼叫来自：std/room.c 的 make_inventory() 第 20 行，物件： u/xxy/guanwai/majiu

执行时段错误：*F_SKILL: No such skill (hujia-daofa)

程式：feature/skill.c 第 17 行
物件: /u/xxy/guanwai/npc/yanji#1034
呼叫来自：std/room.c 的 reset() 第 54 行，物件： u/xxy/guanwai/shanshenmiao
呼叫来自：std/room.c 的 make_inventory() 第 19 行，物件： u/xxy/guanwai/shanshenmiao
呼叫来自：u/xxy/guanwai/npc/yanji.c 的 create() 第 33 行，物件： u/xxy/guanwai/npc/yanji#1034 ("阎基")
呼叫来自：feature/skill.c 的 set_skill() 第 17 行，物件： u/xxy/guanwai/npc/yanji#1034 ("阎基")

执行时段错误：*Bad argument 1 to call_other()
Expected: string or array or object Got: 0.

程式：u/xxy/guanwai/npc/heersu.c 第 33 行
物件: /u/xxy/guanwai/npc/heersu#1035
呼叫来自：std/room.c 的 reset() 第 54 行，物件： u/xxy/guanwai/tuwu
呼叫来自：std/room.c 的 make_inventory() 第 19 行，物件： u/xxy/guanwai/tuwu
呼叫来自：u/xxy/guanwai/npc/heersu.c 的 create() 第 33 行，物件： u/xxy/guanwai/npc/heersu#1035 ("赫尔苏")

执行时段错误：*F_SKILL: No such skill (xiaowuxiang)

程式：feature/skill.c 第 17 行
物件: /u/xxy/guanwai/npc/tengyilei#1036
呼叫来自：std/room.c 的 reset() 第 54 行，物件： u/xxy/guanwai/nancheng
呼叫来自：std/room.c 的 make_inventory() 第 19 行，物件： u/xxy/guanwai/nancheng
呼叫来自：u/xxy/guanwai/npc/tengyilei.c 的 create() 第 30 行，物件： u/xxy/guanwai/npc/tengyilei#1036 ("滕一雷")
呼叫来自：feature/skill.c 的 set_skill() 第 17 行，物件： u/xxy/guanwai/npc/tengyilei#1036 ("滕一雷")

执行时段错误：*Wrong permissions for opening file /u/guanwai/log for append.
"No such file or directory"

程式：adm/obj/master.c 第 121 行
物件: /adm/obj/master
呼叫来自：std/room.c 的 reset() 第 54 行，物件： u/xxy/guanwai/muqiao
呼叫来自：std/room.c 的 make_inventory() 第 19 行，物件： u/xxy/guanwai/muqiao
呼叫来自：adm/obj/master.c 的 log_error() 第 121 行，物件： adm/obj/master
u/xxy/guanwai/npc/yuzhenzi.c line 6: parse error

执行时段错误：*Error in loading object '/u/xxy/guanwai/npc/yuzhenzi'

程式：std/room.c 第 19 行
物件: /u/xxy/guanwai/muqiao
呼叫来自：std/room.c 的 reset() 第 54 行，物件： u/xxy/guanwai/muqiao
呼叫来自：std/room.c 的 make_inventory() 第 19 行，物件： u/xxy/guanwai/muqiao

执行时段错误：*Bad argument 1 to call_other()
Expected: string or array or object Got: 0.

程式：u/xxy/lingzhou/npc/yipinwushi.c 第 33 行
物件: /u/xxy/lingzhou/npc/yipinwushi#1037
呼叫来自：std/room.c 的 reset() 第 65 行，物件： u/xxy/lingzhou/yipindating
呼叫来自：std/room.c 的 make_inventory() 第 19 行，物件： u/xxy/lingzhou/yipindating
呼叫来自：u/xxy/lingzhou/npc/yipinwushi.c 的 create() 第 33 行，物件： u/xxy/lingzhou/npc/yipinwushi#1037 ("一品堂武士")

执行时段错误：*Wrong permissions for opening file /u/lingzhou/log for append.
"No such file or directory"

程式：adm/obj/master.c 第 121 行
物件: /adm/obj/master
呼叫来自：std/room.c 的 reset() 第 54 行，物件： u/xxy/lingzhou/yipindayuan
呼叫来自：std/room.c 的 make_inventory() 第 19 行，物件： u/xxy/lingzhou/yipindayuan
呼叫来自：adm/obj/master.c 的 log_error() 第 121 行，物件： adm/obj/master
u/xxy/lingzhou/npc/yun.c line 39: Undefined function prepare_skill

执行时段错误：*Error in loading object '/u/xxy/lingzhou/npc/yun'

程式：std/room.c 第 19 行
物件: /u/xxy/lingzhou/yipindayuan
呼叫来自：std/room.c 的 reset() 第 54 行，物件： u/xxy/lingzhou/yipindayuan
呼叫来自：std/room.c 的 make_inventory() 第 19 行，物件： u/xxy/lingzhou/yipindayuan

执行时段错误：*Bad argument 1 to call_other()
Expected: string or array or object Got: 0.

程式：u/xxy/lingzhou/npc/yipinwushi.c 第 33 行
物件: /u/xxy/lingzhou/npc/yipinwushi#1038
呼叫来自：std/room.c 的 reset() 第 65 行，物件： u/xxy/lingzhou/yipingate
呼叫来自：std/room.c 的 make_inventory() 第 19 行，物件： u/xxy/lingzhou/yipingate
呼叫来自：u/xxy/lingzhou/npc/yipinwushi.c 的 create() 第 33 行，物件： u/xxy/lingzhou/npc/yipinwushi#1038 ("一品堂武士")

执行时段错误：*Bad argument 1 to call_other()
Expected: string or array or object Got: 0.

程式：std/room.c 第 20 行
物件: /u/xxy/lingzhou/jiangjunyuan
呼叫来自：std/room.c 的 reset() 第 65 行，物件： u/xxy/lingzhou/jiangjunyuan
呼叫来自：std/room.c 的 make_inventory() 第 20 行，物件： u/xxy/lingzhou/jiangjunyuan

执行时段错误：*Bad argument 1 to call_other()
Expected: string or array or object Got: 0.

程式：u/xxy/lingzhou/npc/xiaowei.c 第 32 行
物件: /u/xxy/lingzhou/npc/xiaowei#1039
呼叫来自：std/room.c 的 reset() 第 65 行，物件： u/xxy/lingzhou/jiangjungate
呼叫来自：std/room.c 的 make_inventory() 第 19 行，物件： u/xxy/lingzhou/jiangjungate
呼叫来自：u/xxy/lingzhou/npc/xiaowei.c 的 create() 第 32 行，物件： u/xxy/lingzhou/npc/xiaowei#1039 ("校尉")

执行时段错误：*Bad argument 1 to call_other()
Expected: string or array or object Got: 0.

程式：std/room.c 第 20 行
物件: /u/xxy/lingzhou/yamen
呼叫来自：std/room.c 的 reset() 第 65 行，物件： u/xxy/lingzhou/yamen
呼叫来自：std/room.c 的 make_inventory() 第 20 行，物件： u/xxy/lingzhou/yamen

执行时段错误：*Bad argument 1 to call_other()
Expected: string or array or object Got: 0.

程式：u/xxy/lingzhou/npc/xixiabing.c 第 33 行
物件: /u/xxy/lingzhou/npc/xixiabing#1040
呼叫来自：std/room.c 的 reset() 第 65 行，物件： u/xxy/lingzhou/biaoqiyin
呼叫来自：std/room.c 的 make_inventory() 第 19 行，物件： u/xxy/lingzhou/biaoqiyin
呼叫来自：u/xxy/lingzhou/npc/xixiabing.c 的 create() 第 33 行，物件： u/xxy/lingzhou/npc/xixiabing#1040 ("西夏兵")

执行时段错误：*Bad argument 1 to call_other()
Expected: string or array or object Got: 0.

程式：u/xxy/lingzhou/npc/xiaoer2.c 第 25 行
物件: /u/xxy/lingzhou/npc/xiaoer2#1041
呼叫来自：std/room.c 的 reset() 第 54 行，物件： u/xxy/lingzhou/jiuguan
呼叫来自：std/room.c 的 make_inventory() 第 19 行，物件： u/xxy/lingzhou/jiuguan
呼叫来自：u/xxy/lingzhou/npc/xiaoer2.c 的 create() 第 25 行，物件： u/xxy/lingzhou/npc/xiaoer2#1041 ("店小二")

执行时段错误：*Wrong permissions for opening file /u/lingzhou/log for append.
"No such file or directory"

程式：adm/obj/master.c 第 121 行
物件: /adm/obj/master
呼叫来自：std/room.c 的 reset() 第 54 行，物件： u/xxy/lingzhou/center
呼叫来自：std/room.c 的 make_inventory() 第 19 行，物件： u/xxy/lingzhou/center
呼叫来自：adm/obj/master.c 的 log_error() 第 121 行，物件： adm/obj/master
u/xxy/lingzhou/npc/duan.c line 39: Undefined function prepare_skill

执行时段错误：*Error in loading object '/u/xxy/lingzhou/npc/duan'

程式：std/room.c 第 19 行
物件: /u/xxy/lingzhou/center
呼叫来自：std/room.c 的 reset() 第 54 行，物件： u/xxy/lingzhou/center
呼叫来自：std/room.c 的 make_inventory() 第 19 行，物件： u/xxy/lingzhou/center

执行时段错误：*Bad argument 1 to call_other()
Expected: string or array or object Got: 0.

程式：u/xxy/lingzhou/npc/xiaowei.c 第 32 行
物件: /u/xxy/lingzhou/npc/xiaowei#1042
呼叫来自：std/room.c 的 reset() 第 54 行，物件： u/xxy/lingzhou/nanmen
呼叫来自：std/room.c 的 make_inventory() 第 19 行，物件： u/xxy/lingzhou/nanmen
呼叫来自：u/xxy/lingzhou/npc/xiaowei.c 的 create() 第 32 行，物件： u/xxy/lingzhou/npc/xiaowei#1042 ("校尉")

执行时段错误：*F_SKILL: No such skill (huashan-sword)

程式：feature/skill.c 第 17 行
物件: /u/xxy/guanwai/npc/fengxifan#1043
呼叫来自：std/room.c 的 reset() 第 54 行，物件： u/xxy/guanwai/laolongtou
呼叫来自：std/room.c 的 make_inventory() 第 19 行，物件： u/xxy/guanwai/laolongtou
呼叫来自：u/xxy/guanwai/npc/fengxifan.c 的 create() 第 37 行，物件： u/xxy/guanwai/npc/fengxifan#1043 ("冯锡范")
呼叫来自：feature/skill.c 的 set_skill() 第 17 行，物件： u/xxy/guanwai/npc/fengxifan#1043 ("冯锡范")

执行时段错误：*Bad argument 1 to call_other()
Expected: string or array or object Got: 0.

程式：std/room.c 第 20 行
物件: /u/xxy/guanwai/shanhaiguan
呼叫来自：std/room.c 的 reset() 第 54 行，物件： u/xxy/guanwai/shanhaiguan
呼叫来自：std/room.c 的 make_inventory() 第 20 行，物件： u/xxy/guanwai/shanhaiguan

执行时段错误：*Bad argument 1 to call_other()
Expected: string or array or object Got: 0.

程式：u/xxy/guanwai/npc/xiaoyuanshan.c 第 51 行
物件: /u/xxy/guanwai/npc/xiaoyuanshan#1044
呼叫来自：std/room.c 的 reset() 第 54 行，物件： u/xxy/guanwai/road1
呼叫来自：std/room.c 的 make_inventory() 第 19 行，物件： u/xxy/guanwai/road1
呼叫来自：u/xxy/guanwai/npc/xiaoyuanshan.c 的 create() 第 51 行，物件： u/xxy/guanwai/npc/xiaoyuanshan#1044 ("萧远山")

执行时段错误：*Bad argument 1 to call_other()
Expected: string or array or object Got: 0.

程式：u/xxy/guanwai/npc/dahu.c 第 24 行
物件: /u/xxy/guanwai/npc/dahu#1045
呼叫来自：std/room.c 的 reset() 第 54 行，物件： u/xxy/guanwai/road4
呼叫来自：std/room.c 的 make_inventory() 第 19 行，物件： u/xxy/guanwai/road4
呼叫来自：u/xxy/guanwai/npc/dahu.c 的 create() 第 24 行，物件： u/xxy/guanwai/npc/dahu#1045 ("忽伦大虎")

执行时段错误：*Bad argument 1 to call_other()
Expected: string or array or object Got: 0.

程式：u/xxy/guanwai/npc/sihu.c 第 24 行
物件: /u/xxy/guanwai/npc/sihu#1046
呼叫来自：std/room.c 的 reset() 第 54 行，物件： u/xxy/guanwai/road5
呼叫来自：std/room.c 的 make_inventory() 第 19 行，物件： u/xxy/guanwai/road5
呼叫来自：u/xxy/guanwai/npc/sihu.c 的 create() 第 24 行，物件： u/xxy/guanwai/npc/sihu#1046 ("忽伦四虎")

执行时段错误：*Bad argument 1 to call_other()
Expected: string or array or object Got: 0.

程式：u/xxy/guanwai/npc/sanhu.c 第 24 行
物件: /u/xxy/guanwai/npc/sanhu#1047
呼叫来自：std/room.c 的 reset() 第 54 行，物件： u/xxy/guanwai/road6
呼叫来自：std/room.c 的 make_inventory() 第 19 行，物件： u/xxy/guanwai/road6
呼叫来自：u/xxy/guanwai/npc/sanhu.c 的 create() 第 24 行，物件： u/xxy/guanwai/npc/sanhu#1047 ("忽伦三虎")

执行时段错误：*Bad argument 1 to call_other()
Expected: string or array or object Got: 0.

程式：u/xxy/guanwai/npc/laoban.c 第 22 行
物件: /u/xxy/guanwai/npc/laoban#1048
呼叫来自：std/room.c 的 reset() 第 54 行，物件： u/xxy/guanwai/rouguan
呼叫来自：std/room.c 的 make_inventory() 第 19 行，物件： u/xxy/guanwai/rouguan
呼叫来自：u/xxy/guanwai/npc/laoban.c 的 create() 第 22 行，物件： u/xxy/guanwai/npc/laoban#1048 ("酒馆老板")

执行时段错误：*Bad argument 1 to call_other()
Expected: string or array or object Got: 0.

程式：std/room.c 第 20 行
物件: /u/xxy/guanwai/majiu
呼叫来自：std/room.c 的 reset() 第 54 行，物件： u/xxy/guanwai/majiu
呼叫来自：std/room.c 的 make_inventory() 第 20 行，物件： u/xxy/guanwai/majiu

执行时段错误：*F_SKILL: No such skill (hujia-daofa)

程式：feature/skill.c 第 17 行
物件: /u/xxy/guanwai/npc/yanji#1049
呼叫来自：std/room.c 的 reset() 第 54 行，物件： u/xxy/guanwai/shanshenmiao
呼叫来自：std/room.c 的 make_inventory() 第 19 行，物件： u/xxy/guanwai/shanshenmiao
呼叫来自：u/xxy/guanwai/npc/yanji.c 的 create() 第 33 行，物件： u/xxy/guanwai/npc/yanji#1049 ("阎基")
呼叫来自：feature/skill.c 的 set_skill() 第 17 行，物件： u/xxy/guanwai/npc/yanji#1049 ("阎基")

执行时段错误：*Bad argument 1 to call_other()
Expected: string or array or object Got: 0.

程式：u/xxy/guanwai/npc/heersu.c 第 33 行
物件: /u/xxy/guanwai/npc/heersu#1050
呼叫来自：std/room.c 的 reset() 第 54 行，物件： u/xxy/guanwai/tuwu
呼叫来自：std/room.c 的 make_inventory() 第 19 行，物件： u/xxy/guanwai/tuwu
呼叫来自：u/xxy/guanwai/npc/heersu.c 的 create() 第 33 行，物件： u/xxy/guanwai/npc/heersu#1050 ("赫尔苏")

执行时段错误：*F_SKILL: No such skill (xiaowuxiang)

程式：feature/skill.c 第 17 行
物件: /u/xxy/guanwai/npc/tengyilei#1051
呼叫来自：std/room.c 的 reset() 第 54 行，物件： u/xxy/guanwai/nancheng
呼叫来自：std/room.c 的 make_inventory() 第 19 行，物件： u/xxy/guanwai/nancheng
呼叫来自：u/xxy/guanwai/npc/tengyilei.c 的 create() 第 30 行，物件： u/xxy/guanwai/npc/tengyilei#1051 ("滕一雷")
呼叫来自：feature/skill.c 的 set_skill() 第 17 行，物件： u/xxy/guanwai/npc/tengyilei#1051 ("滕一雷")

执行时段错误：*Wrong permissions for opening file /u/guanwai/log for append.
"No such file or directory"

程式：adm/obj/master.c 第 121 行
物件: /adm/obj/master
呼叫来自：std/room.c 的 reset() 第 54 行，物件： u/xxy/guanwai/muqiao
呼叫来自：std/room.c 的 make_inventory() 第 19 行，物件： u/xxy/guanwai/muqiao
呼叫来自：adm/obj/master.c 的 log_error() 第 121 行，物件： adm/obj/master
u/xxy/guanwai/npc/yuzhenzi.c line 6: parse error

执行时段错误：*Error in loading object '/u/xxy/guanwai/npc/yuzhenzi'

程式：std/room.c 第 19 行
物件: /u/xxy/guanwai/muqiao
呼叫来自：std/room.c 的 reset() 第 54 行，物件： u/xxy/guanwai/muqiao
呼叫来自：std/room.c 的 make_inventory() 第 19 行，物件： u/xxy/guanwai/muqiao

执行时段错误：*Bad argument 1 to call_other()
Expected: string or array or object Got: 0.

程式：u/xxy/lingzhou/npc/yipinwushi.c 第 33 行
物件: /u/xxy/lingzhou/npc/yipinwushi#1052
呼叫来自：std/room.c 的 reset() 第 65 行，物件： u/xxy/lingzhou/yipindating
呼叫来自：std/room.c 的 make_inventory() 第 19 行，物件： u/xxy/lingzhou/yipindating
呼叫来自：u/xxy/lingzhou/npc/yipinwushi.c 的 create() 第 33 行，物件： u/xxy/lingzhou/npc/yipinwushi#1052 ("一品堂武士")

执行时段错误：*Wrong permissions for opening file /u/lingzhou/log for append.
"No such file or directory"

程式：adm/obj/master.c 第 121 行
物件: /adm/obj/master
呼叫来自：std/room.c 的 reset() 第 54 行，物件： u/xxy/lingzhou/yipindayuan
呼叫来自：std/room.c 的 make_inventory() 第 19 行，物件： u/xxy/lingzhou/yipindayuan
呼叫来自：adm/obj/master.c 的 log_error() 第 121 行，物件： adm/obj/master
u/xxy/lingzhou/npc/yun.c line 39: Undefined function prepare_skill

执行时段错误：*Error in loading object '/u/xxy/lingzhou/npc/yun'

程式：std/room.c 第 19 行
物件: /u/xxy/lingzhou/yipindayuan
呼叫来自：std/room.c 的 reset() 第 54 行，物件： u/xxy/lingzhou/yipindayuan
呼叫来自：std/room.c 的 make_inventory() 第 19 行，物件： u/xxy/lingzhou/yipindayuan

执行时段错误：*Bad argument 1 to call_other()
Expected: string or array or object Got: 0.

程式：u/xxy/lingzhou/npc/yipinwushi.c 第 33 行
物件: /u/xxy/lingzhou/npc/yipinwushi#1053
呼叫来自：std/room.c 的 reset() 第 65 行，物件： u/xxy/lingzhou/yipingate
呼叫来自：std/room.c 的 make_inventory() 第 19 行，物件： u/xxy/lingzhou/yipingate
呼叫来自：u/xxy/lingzhou/npc/yipinwushi.c 的 create() 第 33 行，物件： u/xxy/lingzhou/npc/yipinwushi#1053 ("一品堂武士")

执行时段错误：*Bad argument 1 to call_other()
Expected: string or array or object Got: 0.

程式：std/room.c 第 20 行
物件: /u/xxy/lingzhou/jiangjunyuan
呼叫来自：std/room.c 的 reset() 第 65 行，物件： u/xxy/lingzhou/jiangjunyuan
呼叫来自：std/room.c 的 make_inventory() 第 20 行，物件： u/xxy/lingzhou/jiangjunyuan

执行时段错误：*Bad argument 1 to call_other()
Expected: string or array or object Got: 0.

程式：u/xxy/lingzhou/npc/xiaowei.c 第 32 行
物件: /u/xxy/lingzhou/npc/xiaowei#1054
呼叫来自：std/room.c 的 reset() 第 65 行，物件： u/xxy/lingzhou/jiangjungate
呼叫来自：std/room.c 的 make_inventory() 第 19 行，物件： u/xxy/lingzhou/jiangjungate
呼叫来自：u/xxy/lingzhou/npc/xiaowei.c 的 create() 第 32 行，物件： u/xxy/lingzhou/npc/xiaowei#1054 ("校尉")

执行时段错误：*Bad argument 1 to call_other()
Expected: string or array or object Got: 0.

程式：std/room.c 第 20 行
物件: /u/xxy/lingzhou/yamen
呼叫来自：std/room.c 的 reset() 第 65 行，物件： u/xxy/lingzhou/yamen
呼叫来自：std/room.c 的 make_inventory() 第 20 行，物件： u/xxy/lingzhou/yamen

执行时段错误：*Bad argument 1 to call_other()
Expected: string or array or object Got: 0.

程式：u/xxy/lingzhou/npc/xixiabing.c 第 33 行
物件: /u/xxy/lingzhou/npc/xixiabing#1055
呼叫来自：std/room.c 的 reset() 第 65 行，物件： u/xxy/lingzhou/biaoqiyin
呼叫来自：std/room.c 的 make_inventory() 第 19 行，物件： u/xxy/lingzhou/biaoqiyin
呼叫来自：u/xxy/lingzhou/npc/xixiabing.c 的 create() 第 33 行，物件： u/xxy/lingzhou/npc/xixiabing#1055 ("西夏兵")

执行时段错误：*Bad argument 1 to call_other()
Expected: string or array or object Got: 0.

程式：u/xxy/lingzhou/npc/xiaoer2.c 第 25 行
物件: /u/xxy/lingzhou/npc/xiaoer2#1056
呼叫来自：std/room.c 的 reset() 第 54 行，物件： u/xxy/lingzhou/jiuguan
呼叫来自：std/room.c 的 make_inventory() 第 19 行，物件： u/xxy/lingzhou/jiuguan
呼叫来自：u/xxy/lingzhou/npc/xiaoer2.c 的 create() 第 25 行，物件： u/xxy/lingzhou/npc/xiaoer2#1056 ("店小二")

执行时段错误：*Wrong permissions for opening file /u/lingzhou/log for append.
"No such file or directory"

程式：adm/obj/master.c 第 121 行
物件: /adm/obj/master
呼叫来自：std/room.c 的 reset() 第 54 行，物件： u/xxy/lingzhou/center
呼叫来自：std/room.c 的 make_inventory() 第 19 行，物件： u/xxy/lingzhou/center
呼叫来自：adm/obj/master.c 的 log_error() 第 121 行，物件： adm/obj/master
u/xxy/lingzhou/npc/duan.c line 39: Undefined function prepare_skill

执行时段错误：*Error in loading object '/u/xxy/lingzhou/npc/duan'

程式：std/room.c 第 19 行
物件: /u/xxy/lingzhou/center
呼叫来自：std/room.c 的 reset() 第 54 行，物件： u/xxy/lingzhou/center
呼叫来自：std/room.c 的 make_inventory() 第 19 行，物件： u/xxy/lingzhou/center

执行时段错误：*Bad argument 1 to call_other()
Expected: string or array or object Got: 0.

程式：u/xxy/lingzhou/npc/xiaowei.c 第 32 行
物件: /u/xxy/lingzhou/npc/xiaowei#1057
呼叫来自：std/room.c 的 reset() 第 54 行，物件： u/xxy/lingzhou/nanmen
呼叫来自：std/room.c 的 make_inventory() 第 19 行，物件： u/xxy/lingzhou/nanmen
呼叫来自：u/xxy/lingzhou/npc/xiaowei.c 的 create() 第 32 行，物件： u/xxy/lingzhou/npc/xiaowei#1057 ("校尉")

执行时段错误：*F_SKILL: No such skill (huashan-sword)

程式：feature/skill.c 第 17 行
物件: /u/xxy/guanwai/npc/fengxifan#1060
呼叫来自：std/room.c 的 reset() 第 54 行，物件： u/xxy/guanwai/laolongtou
呼叫来自：std/room.c 的 make_inventory() 第 19 行，物件： u/xxy/guanwai/laolongtou
呼叫来自：u/xxy/guanwai/npc/fengxifan.c 的 create() 第 37 行，物件： u/xxy/guanwai/npc/fengxifan#1060 ("冯锡范")
呼叫来自：feature/skill.c 的 set_skill() 第 17 行，物件： u/xxy/guanwai/npc/fengxifan#1060 ("冯锡范")

执行时段错误：*Bad argument 1 to call_other()
Expected: string or array or object Got: 0.

程式：std/room.c 第 20 行
物件: /u/xxy/guanwai/shanhaiguan
呼叫来自：std/room.c 的 reset() 第 54 行，物件： u/xxy/guanwai/shanhaiguan
呼叫来自：std/room.c 的 make_inventory() 第 20 行，物件： u/xxy/guanwai/shanhaiguan

执行时段错误：*Bad argument 1 to call_other()
Expected: string or array or object Got: 0.

程式：u/xxy/guanwai/npc/xiaoyuanshan.c 第 51 行
物件: /u/xxy/guanwai/npc/xiaoyuanshan#1061
呼叫来自：std/room.c 的 reset() 第 54 行，物件： u/xxy/guanwai/road1
呼叫来自：std/room.c 的 make_inventory() 第 19 行，物件： u/xxy/guanwai/road1
呼叫来自：u/xxy/guanwai/npc/xiaoyuanshan.c 的 create() 第 51 行，物件： u/xxy/guanwai/npc/xiaoyuanshan#1061 ("萧远山")

执行时段错误：*Bad argument 1 to call_other()
Expected: string or array or object Got: 0.

程式：u/xxy/guanwai/npc/dahu.c 第 24 行
物件: /u/xxy/guanwai/npc/dahu#1062
呼叫来自：std/room.c 的 reset() 第 54 行，物件： u/xxy/guanwai/road4
呼叫来自：std/room.c 的 make_inventory() 第 19 行，物件： u/xxy/guanwai/road4
呼叫来自：u/xxy/guanwai/npc/dahu.c 的 create() 第 24 行，物件： u/xxy/guanwai/npc/dahu#1062 ("忽伦大虎")

执行时段错误：*Bad argument 1 to call_other()
Expected: string or array or object Got: 0.

程式：u/xxy/guanwai/npc/sihu.c 第 24 行
物件: /u/xxy/guanwai/npc/sihu#1063
呼叫来自：std/room.c 的 reset() 第 54 行，物件： u/xxy/guanwai/road5
呼叫来自：std/room.c 的 make_inventory() 第 19 行，物件： u/xxy/guanwai/road5
呼叫来自：u/xxy/guanwai/npc/sihu.c 的 create() 第 24 行，物件： u/xxy/guanwai/npc/sihu#1063 ("忽伦四虎")

执行时段错误：*Bad argument 1 to call_other()
Expected: string or array or object Got: 0.

程式：u/xxy/guanwai/npc/sanhu.c 第 24 行
物件: /u/xxy/guanwai/npc/sanhu#1064
呼叫来自：std/room.c 的 reset() 第 54 行，物件： u/xxy/guanwai/road6
呼叫来自：std/room.c 的 make_inventory() 第 19 行，物件： u/xxy/guanwai/road6
呼叫来自：u/xxy/guanwai/npc/sanhu.c 的 create() 第 24 行，物件： u/xxy/guanwai/npc/sanhu#1064 ("忽伦三虎")

执行时段错误：*Bad argument 1 to call_other()
Expected: string or array or object Got: 0.

程式：u/xxy/guanwai/npc/laoban.c 第 22 行
物件: /u/xxy/guanwai/npc/laoban#1065
呼叫来自：std/room.c 的 reset() 第 54 行，物件： u/xxy/guanwai/rouguan
呼叫来自：std/room.c 的 make_inventory() 第 19 行，物件： u/xxy/guanwai/rouguan
呼叫来自：u/xxy/guanwai/npc/laoban.c 的 create() 第 22 行，物件： u/xxy/guanwai/npc/laoban#1065 ("酒馆老板")

执行时段错误：*Bad argument 1 to call_other()
Expected: string or array or object Got: 0.

程式：std/room.c 第 20 行
物件: /u/xxy/guanwai/majiu
呼叫来自：std/room.c 的 reset() 第 54 行，物件： u/xxy/guanwai/majiu
呼叫来自：std/room.c 的 make_inventory() 第 20 行，物件： u/xxy/guanwai/majiu

执行时段错误：*F_SKILL: No such skill (hujia-daofa)

程式：feature/skill.c 第 17 行
物件: /u/xxy/guanwai/npc/yanji#1066
呼叫来自：std/room.c 的 reset() 第 54 行，物件： u/xxy/guanwai/shanshenmiao
呼叫来自：std/room.c 的 make_inventory() 第 19 行，物件： u/xxy/guanwai/shanshenmiao
呼叫来自：u/xxy/guanwai/npc/yanji.c 的 create() 第 33 行，物件： u/xxy/guanwai/npc/yanji#1066 ("阎基")
呼叫来自：feature/skill.c 的 set_skill() 第 17 行，物件： u/xxy/guanwai/npc/yanji#1066 ("阎基")

执行时段错误：*Bad argument 1 to call_other()
Expected: string or array or object Got: 0.

程式：u/xxy/guanwai/npc/heersu.c 第 33 行
物件: /u/xxy/guanwai/npc/heersu#1067
呼叫来自：std/room.c 的 reset() 第 54 行，物件： u/xxy/guanwai/tuwu
呼叫来自：std/room.c 的 make_inventory() 第 19 行，物件： u/xxy/guanwai/tuwu
呼叫来自：u/xxy/guanwai/npc/heersu.c 的 create() 第 33 行，物件： u/xxy/guanwai/npc/heersu#1067 ("赫尔苏")

执行时段错误：*F_SKILL: No such skill (xiaowuxiang)

程式：feature/skill.c 第 17 行
物件: /u/xxy/guanwai/npc/tengyilei#1068
呼叫来自：std/room.c 的 reset() 第 54 行，物件： u/xxy/guanwai/nancheng
呼叫来自：std/room.c 的 make_inventory() 第 19 行，物件： u/xxy/guanwai/nancheng
呼叫来自：u/xxy/guanwai/npc/tengyilei.c 的 create() 第 30 行，物件： u/xxy/guanwai/npc/tengyilei#1068 ("滕一雷")
呼叫来自：feature/skill.c 的 set_skill() 第 17 行，物件： u/xxy/guanwai/npc/tengyilei#1068 ("滕一雷")

执行时段错误：*Wrong permissions for opening file /u/guanwai/log for append.
"No such file or directory"

程式：adm/obj/master.c 第 121 行
物件: /adm/obj/master
呼叫来自：std/room.c 的 reset() 第 54 行，物件： u/xxy/guanwai/muqiao
呼叫来自：std/room.c 的 make_inventory() 第 19 行，物件： u/xxy/guanwai/muqiao
呼叫来自：adm/obj/master.c 的 log_error() 第 121 行，物件： adm/obj/master
u/xxy/guanwai/npc/yuzhenzi.c line 6: parse error

执行时段错误：*Error in loading object '/u/xxy/guanwai/npc/yuzhenzi'

程式：std/room.c 第 19 行
物件: /u/xxy/guanwai/muqiao
呼叫来自：std/room.c 的 reset() 第 54 行，物件： u/xxy/guanwai/muqiao
呼叫来自：std/room.c 的 make_inventory() 第 19 行，物件： u/xxy/guanwai/muqiao

执行时段错误：*Bad argument 1 to call_other()
Expected: string or array or object Got: 0.

程式：u/xxy/lingzhou/npc/yipinwushi.c 第 33 行
物件: /u/xxy/lingzhou/npc/yipinwushi#1069
呼叫来自：std/room.c 的 reset() 第 65 行，物件： u/xxy/lingzhou/yipindating
呼叫来自：std/room.c 的 make_inventory() 第 19 行，物件： u/xxy/lingzhou/yipindating
呼叫来自：u/xxy/lingzhou/npc/yipinwushi.c 的 create() 第 33 行，物件： u/xxy/lingzhou/npc/yipinwushi#1069 ("一品堂武士")

执行时段错误：*Wrong permissions for opening file /u/lingzhou/log for append.
"No such file or directory"

程式：adm/obj/master.c 第 121 行
物件: /adm/obj/master
呼叫来自：std/room.c 的 reset() 第 54 行，物件： u/xxy/lingzhou/yipindayuan
呼叫来自：std/room.c 的 make_inventory() 第 19 行，物件： u/xxy/lingzhou/yipindayuan
呼叫来自：adm/obj/master.c 的 log_error() 第 121 行，物件： adm/obj/master
u/xxy/lingzhou/npc/yun.c line 39: Undefined function prepare_skill

执行时段错误：*Error in loading object '/u/xxy/lingzhou/npc/yun'

程式：std/room.c 第 19 行
物件: /u/xxy/lingzhou/yipindayuan
呼叫来自：std/room.c 的 reset() 第 54 行，物件： u/xxy/lingzhou/yipindayuan
呼叫来自：std/room.c 的 make_inventory() 第 19 行，物件： u/xxy/lingzhou/yipindayuan

执行时段错误：*Bad argument 1 to call_other()
Expected: string or array or object Got: 0.

程式：u/xxy/lingzhou/npc/yipinwushi.c 第 33 行
物件: /u/xxy/lingzhou/npc/yipinwushi#1070
呼叫来自：std/room.c 的 reset() 第 65 行，物件： u/xxy/lingzhou/yipingate
呼叫来自：std/room.c 的 make_inventory() 第 19 行，物件： u/xxy/lingzhou/yipingate
呼叫来自：u/xxy/lingzhou/npc/yipinwushi.c 的 create() 第 33 行，物件： u/xxy/lingzhou/npc/yipinwushi#1070 ("一品堂武士")

执行时段错误：*Bad argument 1 to call_other()
Expected: string or array or object Got: 0.

程式：std/room.c 第 20 行
物件: /u/xxy/lingzhou/jiangjunyuan
呼叫来自：std/room.c 的 reset() 第 65 行，物件： u/xxy/lingzhou/jiangjunyuan
呼叫来自：std/room.c 的 make_inventory() 第 20 行，物件： u/xxy/lingzhou/jiangjunyuan

执行时段错误：*Bad argument 1 to call_other()
Expected: string or array or object Got: 0.

程式：u/xxy/lingzhou/npc/xiaowei.c 第 32 行
物件: /u/xxy/lingzhou/npc/xiaowei#1071
呼叫来自：std/room.c 的 reset() 第 65 行，物件： u/xxy/lingzhou/jiangjungate
呼叫来自：std/room.c 的 make_inventory() 第 19 行，物件： u/xxy/lingzhou/jiangjungate
呼叫来自：u/xxy/lingzhou/npc/xiaowei.c 的 create() 第 32 行，物件： u/xxy/lingzhou/npc/xiaowei#1071 ("校尉")

执行时段错误：*Bad argument 1 to call_other()
Expected: string or array or object Got: 0.

程式：std/room.c 第 20 行
物件: /u/xxy/lingzhou/yamen
呼叫来自：std/room.c 的 reset() 第 65 行，物件： u/xxy/lingzhou/yamen
呼叫来自：std/room.c 的 make_inventory() 第 20 行，物件： u/xxy/lingzhou/yamen

执行时段错误：*Bad argument 1 to call_other()
Expected: string or array or object Got: 0.

程式：u/xxy/lingzhou/npc/xixiabing.c 第 33 行
物件: /u/xxy/lingzhou/npc/xixiabing#1072
呼叫来自：std/room.c 的 reset() 第 65 行，物件： u/xxy/lingzhou/biaoqiyin
呼叫来自：std/room.c 的 make_inventory() 第 19 行，物件： u/xxy/lingzhou/biaoqiyin
呼叫来自：u/xxy/lingzhou/npc/xixiabing.c 的 create() 第 33 行，物件： u/xxy/lingzhou/npc/xixiabing#1072 ("西夏兵")

执行时段错误：*Bad argument 1 to call_other()
Expected: string or array or object Got: 0.

程式：u/xxy/lingzhou/npc/xiaoer2.c 第 25 行
物件: /u/xxy/lingzhou/npc/xiaoer2#1073
呼叫来自：std/room.c 的 reset() 第 54 行，物件： u/xxy/lingzhou/jiuguan
呼叫来自：std/room.c 的 make_inventory() 第 19 行，物件： u/xxy/lingzhou/jiuguan
呼叫来自：u/xxy/lingzhou/npc/xiaoer2.c 的 create() 第 25 行，物件： u/xxy/lingzhou/npc/xiaoer2#1073 ("店小二")

执行时段错误：*Wrong permissions for opening file /u/lingzhou/log for append.
"No such file or directory"

程式：adm/obj/master.c 第 121 行
物件: /adm/obj/master
呼叫来自：std/room.c 的 reset() 第 54 行，物件： u/xxy/lingzhou/center
呼叫来自：std/room.c 的 make_inventory() 第 19 行，物件： u/xxy/lingzhou/center
呼叫来自：adm/obj/master.c 的 log_error() 第 121 行，物件： adm/obj/master
u/xxy/lingzhou/npc/duan.c line 39: Undefined function prepare_skill

执行时段错误：*Error in loading object '/u/xxy/lingzhou/npc/duan'

程式：std/room.c 第 19 行
物件: /u/xxy/lingzhou/center
呼叫来自：std/room.c 的 reset() 第 54 行，物件： u/xxy/lingzhou/center
呼叫来自：std/room.c 的 make_inventory() 第 19 行，物件： u/xxy/lingzhou/center

执行时段错误：*Bad argument 1 to call_other()
Expected: string or array or object Got: 0.

程式：u/xxy/lingzhou/npc/xiaowei.c 第 32 行
物件: /u/xxy/lingzhou/npc/xiaowei#1074
呼叫来自：std/room.c 的 reset() 第 54 行，物件： u/xxy/lingzhou/nanmen
呼叫来自：std/room.c 的 make_inventory() 第 19 行，物件： u/xxy/lingzhou/nanmen
呼叫来自：u/xxy/lingzhou/npc/xiaowei.c 的 create() 第 32 行，物件： u/xxy/lingzhou/npc/xiaowei#1074 ("校尉")

<---Mudos v22pre11 for WIN95/NT (by wwj,May 18 1998) Config: 风云三（本地）   startup at Wed Apr 19 12:22:05 2000

using config file: config.fy3
----------------------------------------------------------------------------
风云三（本地）   (MudOS v22pre11) starting up on Microsoft Windows 95 - Wed Apr 19 12:22:05 2000


Can't find "mudos", ignoring old binaries.
Try invoking the driver using the full pathname.
System Error: init_addr_server: connect:Bad address
]simul_efun loaded successfully.

Loading preloaded files ...
Initializations complete.

Accepting connections on port 5555.
错误讯息被拦截: 
执行时段错误：*Bad argument 1 to call_other()
Expected: string or array or object Got: 0.

程式：u/china/kangxi.c 第 12 行
物件: /u/china/kangxi
呼叫来自：feature/command.c 的 command_hook() 第 43 行，物件： obj/user#40 ("迪斯科")
呼叫来自：cmds/app/clone.c 的 main() 第 28 行，物件： cmds/app/clone
呼叫来自：cmds/app/clone.c 的 CATCH() 第 28 行，物件： cmds/app/clone
呼叫来自：u/china/kangxi.c 的 create() 第 12 行，物件： u/china/kangxi ("[1;33m康熙皇帝[2;37;0m")

执行时段错误：*restore_object(): Illegal file format.

程式：feature/save.c 第 19 行
物件: /d/yangzhou/npc/yaolaoban
呼叫来自：feature/command.c 的 command_hook() 第 43 行，物件： obj/user#40 ("迪斯科")
呼叫来自：cmds/std/go.c 的 main() 第 58 行，物件： cmds/std/go
呼叫来自：d/yangzhou/yaoji.c 的 create() 第 24 行，物件： d/yangzhou/yaoji
呼叫来自：std/room.c 的 setup() 第 228 行，物件： d/yangzhou/yaoji
呼叫来自：std/room.c 的 reset() 第 54 行，物件： d/yangzhou/yaoji
呼叫来自：std/room.c 的 make_inventory() 第 19 行，物件： d/yangzhou/yaoji
呼叫来自：d/yangzhou/npc/yaolaoban.c 的 create() 第 2 行，物件： d/yangzhou/npc/yaolaoban ("/d/yangzhou/npc/yaolaoban")
呼叫来自：feature/save.c 的 restore() 第 19 行，物件： d/yangzhou/npc/yaolaoban ("/d/yangzhou/npc/yaolaoban")

执行时段错误：*Bad argument 1 to set_living_name()
Expected: string Got: 0.

程式：feature/command.c 第 86 行
物件: /d/yangzhou/npc/qilaoban
呼叫来自：feature/command.c 的 command_hook() 第 43 行，物件： obj/user#40 ("迪斯科")
呼叫来自：cmds/std/go.c 的 main() 第 58 行，物件： cmds/std/go
呼叫来自：d/yangzhou/yaopu.c 的 create() 第 22 行，物件： d/yangzhou/yaopu
呼叫来自：std/room.c 的 setup() 第 228 行，物件： d/yangzhou/yaopu
呼叫来自：std/room.c 的 reset() 第 54 行，物件： d/yangzhou/yaopu
呼叫来自：std/room.c 的 make_inventory() 第 19 行，物件： d/yangzhou/yaopu
呼叫来自：d/yangzhou/npc/qilaoban.c 的 create() 第 23 行，物件： d/yangzhou/npc/qilaoban ("/d/yangzhou/npc/qilaoban")
呼叫来自：std/char.c 的 setup() 第 53 行，物件： d/yangzhou/npc/qilaoban ("/d/yangzhou/npc/qilaoban")
呼叫来自：feature/command.c 的 enable_player() 第 86 行，物件： d/yangzhou/npc/qilaoban ("/d/yangzhou/npc/qilaoban")
错误讯息被拦截: 
执行时段错误：*Bad argument 1 to set_living_name()
Expected: string Got: 0.

程式：feature/command.c 第 86 行
物件: /d/yangzhou/npc/qilaoban#198
呼叫来自：feature/command.c 的 command_hook() 第 43 行，物件： obj/user#40 ("迪斯科")
呼叫来自：cmds/app/update.c 的 main() 第 53 行，物件： cmds/app/update
呼叫来自：cmds/app/update.c 的 CATCH() 第 53 行，物件： cmds/app/update
呼叫来自：d/yangzhou/yaopu.c 的 create() 第 22 行，物件： d/yangzhou/yaopu
呼叫来自：std/room.c 的 setup() 第 228 行，物件： d/yangzhou/yaopu
呼叫来自：std/room.c 的 reset() 第 54 行，物件： d/yangzhou/yaopu
呼叫来自：std/room.c 的 make_inventory() 第 19 行，物件： d/yangzhou/yaopu
呼叫来自：d/yangzhou/npc/qilaoban.c 的 create() 第 23 行，物件： d/yangzhou/npc/qilaoban#198 ("/d/yangzhou/npc/qilaoban#198")
呼叫来自：std/char.c 的 setup() 第 53 行，物件： d/yangzhou/npc/qilaoban#198 ("/d/yangzhou/npc/qilaoban#198")
呼叫来自：feature/command.c 的 enable_player() 第 86 行，物件： d/yangzhou/npc/qilaoban#198 ("/d/yangzhou/npc/qilaoban#198")

执行时段错误：*Bad argument 1 to call_other()
Expected: string or array or object Got: 0.

程式：feature/message.c 第 58 行
物件: /obj/user#200
呼叫来自：feature/command.c 的 command_hook() 第 43 行，物件： 0
呼叫来自：cmds/app/update.c 的 main() 第 22 行，物件： cmds/app/update
呼叫来自：cmds/app/update.c 的 update_player() 第 92 行，物件： cmds/app/update
呼叫来自：feature/message.c 的 write_prompt() 第 58 行，物件： obj/user#200 ("中央处理器")
错误讯息被拦截: 
执行时段错误：*restore_object(): Illegal file format.

程式：feature/save.c 第 19 行
物件: /d/yangzhou/npc/yaolaoban#231
呼叫来自：feature/command.c 的 command_hook() 第 43 行，物件： obj/user#40 ("迪斯科")
呼叫来自：cmds/app/clone.c 的 main() 第 35 行，物件： cmds/app/clone
呼叫来自：cmds/app/clone.c 的 CATCH() 第 35 行，物件： cmds/app/clone
呼叫来自：d/yangzhou/npc/yaolaoban.c 的 create() 第 2 行，物件： d/yangzhou/npc/yaolaoban#231 ("/d/yangzhou/npc/yaolaoban#231")
呼叫来自：feature/save.c 的 restore() 第 19 行，物件： d/yangzhou/npc/yaolaoban#231 ("/d/yangzhou/npc/yaolaoban#231")
错误讯息被拦截: 
执行时段错误：*restore_object(): Illegal file format.

程式：feature/save.c 第 19 行
物件: /d/yangzhou/npc/yaolaoban#232
呼叫来自：feature/command.c 的 command_hook() 第 43 行，物件： obj/user#40 ("迪斯科")
呼叫来自：cmds/app/update.c 的 main() 第 53 行，物件： cmds/app/update
呼叫来自：cmds/app/update.c 的 CATCH() 第 53 行，物件： cmds/app/update
呼叫来自：d/yangzhou/yaoji.c 的 create() 第 24 行，物件： d/yangzhou/yaoji
呼叫来自：std/room.c 的 setup() 第 228 行，物件： d/yangzhou/yaoji
呼叫来自：std/room.c 的 reset() 第 54 行，物件： d/yangzhou/yaoji
呼叫来自：std/room.c 的 make_inventory() 第 19 行，物件： d/yangzhou/yaoji
呼叫来自：d/yangzhou/npc/yaolaoban.c 的 create() 第 2 行，物件： d/yangzhou/npc/yaolaoban#232 ("/d/yangzhou/npc/yaolaoban#232")
呼叫来自：feature/save.c 的 restore() 第 19 行，物件： d/yangzhou/npc/yaolaoban#232 ("/d/yangzhou/npc/yaolaoban#232")

执行时段错误：*restore_object(): Illegal file format.

程式：feature/save.c 第 19 行
物件: /d/suzhou/npc/feizei
呼叫来自：feature/command.c 的 command_hook() 第 43 行，物件： obj/user#40 ("迪斯科")
呼叫来自：cmds/std/go.c 的 main() 第 58 行，物件： cmds/std/go
呼叫来自：d/suzhou/chengbeijie1.c 的 create() 第 26 行，物件： d/suzhou/chengbeijie1
呼叫来自：std/room.c 的 setup() 第 228 行，物件： d/suzhou/chengbeijie1
呼叫来自：std/room.c 的 reset() 第 54 行，物件： d/suzhou/chengbeijie1
呼叫来自：std/room.c 的 make_inventory() 第 19 行，物件： d/suzhou/chengbeijie1
呼叫来自：d/suzhou/npc/feizei.c 的 create() 第 2 行，物件： d/suzhou/npc/feizei ("/d/suzhou/npc/feizei")
呼叫来自：feature/save.c 的 restore() 第 19 行，物件： d/suzhou/npc/feizei ("/d/suzhou/npc/feizei")

执行时段错误：*restore_object(): Illegal file format.

程式：feature/save.c 第 19 行
物件: /d/suzhou/npc/yaolaoban
呼叫来自：feature/command.c 的 command_hook() 第 43 行，物件： obj/user#40 ("迪斯科")
呼叫来自：cmds/std/go.c 的 main() 第 58 行，物件： cmds/std/go
呼叫来自：d/suzhou/qianzhuang.c 的 create() 第 23 行，物件： d/suzhou/qianzhuang
呼叫来自：std/room.c 的 setup() 第 228 行，物件： d/suzhou/qianzhuang
呼叫来自：std/room.c 的 reset() 第 54 行，物件： d/suzhou/qianzhuang
呼叫来自：std/room.c 的 make_inventory() 第 19 行，物件： d/suzhou/qianzhuang
呼叫来自：d/suzhou/npc/yaolaoban.c 的 create() 第 2 行，物件： d/suzhou/npc/yaolaoban ("/d/suzhou/npc/yaolaoban")
呼叫来自：feature/save.c 的 restore() 第 19 行，物件： d/suzhou/npc/yaolaoban ("/d/suzhou/npc/yaolaoban")

执行时段错误：*restore_object(): Illegal file format.

程式：feature/save.c 第 19 行
物件: /d/jindezheng/npc/xiongmao
呼叫来自：feature/command.c 的 command_hook() 第 43 行，物件： obj/user#40 ("迪斯科")
呼叫来自：cmds/std/go.c 的 main() 第 58 行，物件： cmds/std/go
呼叫来自：d/jindezheng/jindezhen.c 的 create() 第 25 行，物件： d/jindezheng/jindezhen
呼叫来自：std/room.c 的 setup() 第 228 行，物件： d/jindezheng/jindezhen
呼叫来自：std/room.c 的 reset() 第 54 行，物件： d/jindezheng/jindezhen
呼叫来自：std/room.c 的 make_inventory() 第 19 行，物件： d/jindezheng/jindezhen
呼叫来自：d/jindezheng/npc/xiongmao.c 的 create() 第 2 行，物件： d/jindezheng/npc/xiongmao ("/d/jindezheng/npc/xiongmao")
呼叫来自：feature/save.c 的 restore() 第 19 行，物件： d/jindezheng/npc/xiongmao ("/d/jindezheng/npc/xiongmao")

执行时段错误：*restore_object(): Illegal file format.

程式：feature/save.c 第 19 行
物件: /d/jindezheng/npc/silang
呼叫来自：feature/command.c 的 command_hook() 第 43 行，物件： obj/user#40 ("迪斯科")
呼叫来自：cmds/std/go.c 的 main() 第 58 行，物件： cmds/std/go
呼叫来自：d/jindezheng/street1.c 的 create() 第 26 行，物件： d/jindezheng/street1
呼叫来自：std/room.c 的 setup() 第 228 行，物件： d/jindezheng/street1
呼叫来自：std/room.c 的 reset() 第 54 行，物件： d/jindezheng/street1
呼叫来自：std/room.c 的 make_inventory() 第 19 行，物件： d/jindezheng/street1
呼叫来自：d/jindezheng/npc/silang.c 的 create() 第 2 行，物件： d/jindezheng/npc/silang ("/d/jindezheng/npc/silang")
呼叫来自：feature/save.c 的 restore() 第 19 行，物件： d/jindezheng/npc/silang ("/d/jindezheng/npc/silang")

执行时段错误：*restore_object(): Illegal file format.

程式：feature/save.c 第 19 行
物件: /d/yangzhou/npc/yaolaoban#536
呼叫来自：std/room.c 的 reset() 第 54 行，物件： d/yangzhou/yaoji
呼叫来自：std/room.c 的 make_inventory() 第 19 行，物件： d/yangzhou/yaoji
呼叫来自：d/yangzhou/npc/yaolaoban.c 的 create() 第 2 行，物件： d/yangzhou/npc/yaolaoban#536 ("/d/yangzhou/npc/yaolaoban#536")
呼叫来自：feature/save.c 的 restore() 第 19 行，物件： d/yangzhou/npc/yaolaoban#536 ("/d/yangzhou/npc/yaolaoban#536")

执行时段错误：*Bad argument 1 to set_living_name()
Expected: string Got: 0.

程式：feature/command.c 第 86 行
物件: /d/yangzhou/npc/qilaoban#537
呼叫来自：std/room.c 的 reset() 第 54 行，物件： d/yangzhou/yaopu
呼叫来自：std/room.c 的 make_inventory() 第 19 行，物件： d/yangzhou/yaopu
呼叫来自：d/yangzhou/npc/qilaoban.c 的 create() 第 23 行，物件： d/yangzhou/npc/qilaoban#537 ("/d/yangzhou/npc/qilaoban#537")
呼叫来自：std/char.c 的 setup() 第 53 行，物件： d/yangzhou/npc/qilaoban#537 ("/d/yangzhou/npc/qilaoban#537")
呼叫来自：feature/command.c 的 enable_player() 第 86 行，物件： d/yangzhou/npc/qilaoban#537 ("/d/yangzhou/npc/qilaoban#537")

执行时段错误：*Bad argument 1 to call_other()
Expected: string or array or object Got: 0.

程式：std/room.c 第 20 行
物件: /u/xxy/shaolin/wuqiku
呼叫来自：feature/command.c 的 command_hook() 第 43 行，物件： obj/user#40 ("迪斯科")
呼叫来自：cmds/imm/goto.c 的 main() 第 24 行，物件： cmds/imm/goto
呼叫来自：feature/move.c 的 move() 第 58 行，物件： obj/user#40 ("迪斯科")
呼叫来自：u/xxy/shaolin/wuqiku.c 的 create() 第 31 行，物件： u/xxy/shaolin/wuqiku
呼叫来自：std/room.c 的 setup() 第 228 行，物件： u/xxy/shaolin/wuqiku
呼叫来自：std/room.c 的 reset() 第 54 行，物件： u/xxy/shaolin/wuqiku
呼叫来自：std/room.c 的 make_inventory() 第 20 行，物件： u/xxy/shaolin/wuqiku
错误讯息被拦截: 
执行时段错误：*Bad argument 1 to call_other()
Expected: string or array or object Got: 0.

程式：std/room.c 第 20 行
物件: /u/xxy/shaolin/wuqiku
呼叫来自：feature/command.c 的 command_hook() 第 43 行，物件： obj/user#40 ("迪斯科")
呼叫来自：cmds/app/update.c 的 main() 第 53 行，物件： cmds/app/update
呼叫来自：cmds/app/update.c 的 CATCH() 第 53 行，物件： cmds/app/update
呼叫来自：u/xxy/shaolin/wuqiku.c 的 create() 第 31 行，物件： u/xxy/shaolin/wuqiku
呼叫来自：std/room.c 的 setup() 第 228 行，物件： u/xxy/shaolin/wuqiku
呼叫来自：std/room.c 的 reset() 第 54 行，物件： u/xxy/shaolin/wuqiku
呼叫来自：std/room.c 的 make_inventory() 第 20 行，物件： u/xxy/shaolin/wuqiku
错误讯息被拦截: 
执行时段错误：*Bad argument 1 to call_other()
Expected: string or array or object Got: 0.

程式：std/room.c 第 20 行
物件: /u/xxy/shaolin/taijie
呼叫来自：feature/command.c 的 command_hook() 第 43 行，物件： obj/user#40 ("迪斯科")
呼叫来自：cmds/app/update.c 的 main() 第 53 行，物件： cmds/app/update
呼叫来自：cmds/app/update.c 的 CATCH() 第 53 行，物件： cmds/app/update
呼叫来自：u/xxy/shaolin/taijie.c 的 create() 第 31 行，物件： u/xxy/shaolin/taijie
呼叫来自：std/room.c 的 setup() 第 228 行，物件： u/xxy/shaolin/taijie
呼叫来自：std/room.c 的 reset() 第 54 行，物件： u/xxy/shaolin/taijie
呼叫来自：std/room.c 的 make_inventory() 第 20 行，物件： u/xxy/shaolin/taijie

执行时段错误：*restore_object(): Illegal file format.

程式：feature/save.c 第 19 行
物件: /d/jindezheng/npc/silang#559
呼叫来自：std/room.c 的 reset() 第 54 行，物件： d/jindezheng/street1
呼叫来自：std/room.c 的 make_inventory() 第 19 行，物件： d/jindezheng/street1
呼叫来自：d/jindezheng/npc/silang.c 的 create() 第 2 行，物件： d/jindezheng/npc/silang#559 ("/d/jindezheng/npc/silang#559")
呼叫来自：feature/save.c 的 restore() 第 19 行，物件： d/jindezheng/npc/silang#559 ("/d/jindezheng/npc/silang#559")

执行时段错误：*restore_object(): Illegal file format.

程式：feature/save.c 第 19 行
物件: /d/jindezheng/npc/xiongmao#560
呼叫来自：std/room.c 的 reset() 第 54 行，物件： d/jindezheng/jindezhen
呼叫来自：std/room.c 的 make_inventory() 第 19 行，物件： d/jindezheng/jindezhen
呼叫来自：d/jindezheng/npc/xiongmao.c 的 create() 第 2 行，物件： d/jindezheng/npc/xiongmao#560 ("/d/jindezheng/npc/xiongmao#560")
呼叫来自：feature/save.c 的 restore() 第 19 行，物件： d/jindezheng/npc/xiongmao#560 ("/d/jindezheng/npc/xiongmao#560")

执行时段错误：*restore_object(): Illegal file format.

程式：feature/save.c 第 19 行
物件: /d/suzhou/npc/yaolaoban#561
呼叫来自：std/room.c 的 reset() 第 54 行，物件： d/suzhou/qianzhuang
呼叫来自：std/room.c 的 make_inventory() 第 19 行，物件： d/suzhou/qianzhuang
呼叫来自：d/suzhou/npc/yaolaoban.c 的 create() 第 2 行，物件： d/suzhou/npc/yaolaoban#561 ("/d/suzhou/npc/yaolaoban#561")
呼叫来自：feature/save.c 的 restore() 第 19 行，物件： d/suzhou/npc/yaolaoban#561 ("/d/suzhou/npc/yaolaoban#561")

执行时段错误：*restore_object(): Illegal file format.

程式：feature/save.c 第 19 行
物件: /d/suzhou/npc/feizei#562
呼叫来自：std/room.c 的 reset() 第 54 行，物件： d/suzhou/chengbeijie1
呼叫来自：std/room.c 的 make_inventory() 第 19 行，物件： d/suzhou/chengbeijie1
呼叫来自：d/suzhou/npc/feizei.c 的 create() 第 2 行，物件： d/suzhou/npc/feizei#562 ("/d/suzhou/npc/feizei#562")
呼叫来自：feature/save.c 的 restore() 第 19 行，物件： d/suzhou/npc/feizei#562 ("/d/suzhou/npc/feizei#562")

执行时段错误：*restore_object(): Illegal file format.

程式：feature/save.c 第 19 行
物件: /d/yangzhou/npc/yaolaoban#579
呼叫来自：std/room.c 的 reset() 第 54 行，物件： d/yangzhou/yaoji
呼叫来自：std/room.c 的 make_inventory() 第 19 行，物件： d/yangzhou/yaoji
呼叫来自：d/yangzhou/npc/yaolaoban.c 的 create() 第 2 行，物件： d/yangzhou/npc/yaolaoban#579 ("/d/yangzhou/npc/yaolaoban#579")
呼叫来自：feature/save.c 的 restore() 第 19 行，物件： d/yangzhou/npc/yaolaoban#579 ("/d/yangzhou/npc/yaolaoban#579")

执行时段错误：*Bad argument 1 to set_living_name()
Expected: string Got: 0.

程式：feature/command.c 第 86 行
物件: /d/yangzhou/npc/qilaoban#580
呼叫来自：std/room.c 的 reset() 第 54 行，物件： d/yangzhou/yaopu
呼叫来自：std/room.c 的 make_inventory() 第 19 行，物件： d/yangzhou/yaopu
呼叫来自：d/yangzhou/npc/qilaoban.c 的 create() 第 23 行，物件： d/yangzhou/npc/qilaoban#580 ("/d/yangzhou/npc/qilaoban#580")
呼叫来自：std/char.c 的 setup() 第 53 行，物件： d/yangzhou/npc/qilaoban#580 ("/d/yangzhou/npc/qilaoban#580")
呼叫来自：feature/command.c 的 enable_player() 第 86 行，物件： d/yangzhou/npc/qilaoban#580 ("/d/yangzhou/npc/qilaoban#580")

执行时段错误：*Bad argument 1 to call_other()
Expected: string or array or object Got: 0.

程式：std/room.c 第 20 行
物件: /u/xxy/shaolin/taijie
呼叫来自：std/room.c 的 reset() 第 54 行，物件： u/xxy/shaolin/taijie
呼叫来自：std/room.c 的 make_inventory() 第 20 行，物件： u/xxy/shaolin/taijie

执行时段错误：*Bad argument 1 to call_other()
Expected: string or array or object Got: 0.

程式：std/room.c 第 20 行
物件: /u/xxy/shaolin/wuqiku
呼叫来自：std/room.c 的 reset() 第 54 行，物件： u/xxy/shaolin/wuqiku
呼叫来自：std/room.c 的 make_inventory() 第 20 行，物件： u/xxy/shaolin/wuqiku

执行时段错误：*restore_object(): Illegal file format.

程式：feature/save.c 第 19 行
物件: /d/jindezheng/npc/silang#680
呼叫来自：std/room.c 的 reset() 第 54 行，物件： d/jindezheng/street1
呼叫来自：std/room.c 的 make_inventory() 第 19 行，物件： d/jindezheng/street1
呼叫来自：d/jindezheng/npc/silang.c 的 create() 第 2 行，物件： d/jindezheng/npc/silang#680 ("/d/jindezheng/npc/silang#680")
呼叫来自：feature/save.c 的 restore() 第 19 行，物件： d/jindezheng/npc/silang#680 ("/d/jindezheng/npc/silang#680")

执行时段错误：*restore_object(): Illegal file format.

程式：feature/save.c 第 19 行
物件: /d/jindezheng/npc/xiongmao#681
呼叫来自：std/room.c 的 reset() 第 54 行，物件： d/jindezheng/jindezhen
呼叫来自：std/room.c 的 make_inventory() 第 19 行，物件： d/jindezheng/jindezhen
呼叫来自：d/jindezheng/npc/xiongmao.c 的 create() 第 2 行，物件： d/jindezheng/npc/xiongmao#681 ("/d/jindezheng/npc/xiongmao#681")
呼叫来自：feature/save.c 的 restore() 第 19 行，物件： d/jindezheng/npc/xiongmao#681 ("/d/jindezheng/npc/xiongmao#681")

执行时段错误：*restore_object(): Illegal file format.

程式：feature/save.c 第 19 行
物件: /d/suzhou/npc/yaolaoban#682
呼叫来自：std/room.c 的 reset() 第 54 行，物件： d/suzhou/qianzhuang
呼叫来自：std/room.c 的 make_inventory() 第 19 行，物件： d/suzhou/qianzhuang
呼叫来自：d/suzhou/npc/yaolaoban.c 的 create() 第 2 行，物件： d/suzhou/npc/yaolaoban#682 ("/d/suzhou/npc/yaolaoban#682")
呼叫来自：feature/save.c 的 restore() 第 19 行，物件： d/suzhou/npc/yaolaoban#682 ("/d/suzhou/npc/yaolaoban#682")

执行时段错误：*restore_object(): Illegal file format.

程式：feature/save.c 第 19 行
物件: /d/suzhou/npc/feizei#683
呼叫来自：std/room.c 的 reset() 第 54 行，物件： d/suzhou/chengbeijie1
呼叫来自：std/room.c 的 make_inventory() 第 19 行，物件： d/suzhou/chengbeijie1
呼叫来自：d/suzhou/npc/feizei.c 的 create() 第 2 行，物件： d/suzhou/npc/feizei#683 ("/d/suzhou/npc/feizei#683")
呼叫来自：feature/save.c 的 restore() 第 19 行，物件： d/suzhou/npc/feizei#683 ("/d/suzhou/npc/feizei#683")

执行时段错误：*restore_object(): Illegal file format.

程式：feature/save.c 第 19 行
物件: /d/yangzhou/npc/yaolaoban#699
呼叫来自：std/room.c 的 reset() 第 54 行，物件： d/yangzhou/yaoji
呼叫来自：std/room.c 的 make_inventory() 第 19 行，物件： d/yangzhou/yaoji
呼叫来自：d/yangzhou/npc/yaolaoban.c 的 create() 第 2 行，物件： d/yangzhou/npc/yaolaoban#699 ("/d/yangzhou/npc/yaolaoban#699")
呼叫来自：feature/save.c 的 restore() 第 19 行，物件： d/yangzhou/npc/yaolaoban#699 ("/d/yangzhou/npc/yaolaoban#699")

执行时段错误：*Bad argument 1 to set_living_name()
Expected: string Got: 0.

程式：feature/command.c 第 86 行
物件: /d/yangzhou/npc/qilaoban#700
呼叫来自：std/room.c 的 reset() 第 54 行，物件： d/yangzhou/yaopu
呼叫来自：std/room.c 的 make_inventory() 第 19 行，物件： d/yangzhou/yaopu
呼叫来自：d/yangzhou/npc/qilaoban.c 的 create() 第 23 行，物件： d/yangzhou/npc/qilaoban#700 ("/d/yangzhou/npc/qilaoban#700")
呼叫来自：std/char.c 的 setup() 第 53 行，物件： d/yangzhou/npc/qilaoban#700 ("/d/yangzhou/npc/qilaoban#700")
呼叫来自：feature/command.c 的 enable_player() 第 86 行，物件： d/yangzhou/npc/qilaoban#700 ("/d/yangzhou/npc/qilaoban#700")

执行时段错误：*F_SKILL: No such skill (daoxue-xinde)

程式：feature/skill.c 第 17 行
物件: /obj/user#200
呼叫来自：feature/command.c 的 command_hook() 第 43 行，物件： obj/user#200 ("中央处理器")
呼叫来自：cmds/arch/call.c 的 main() 第 52 行，物件： cmds/arch/call
呼叫来自：feature/skill.c 的 set_skill() 第 17 行，物件： obj/user#200 ("中央处理器")

执行时段错误：*call_other() couldn't find object

程式：cmds/std/go.c 第 58 行
物件: /cmds/std/go
呼叫来自：feature/command.c 的 command_hook() 第 39 行，物件： obj/user#40 ("迪斯科")
呼叫来自：cmds/std/go.c 的 main() 第 58 行，物件： cmds/std/go

执行时段错误：*Bad argument 1 to call_other()
Expected: string or array or object Got: 0.

程式：std/room.c 第 20 行
物件: /u/xxy/shaolin/taijie
呼叫来自：std/room.c 的 reset() 第 54 行，物件： u/xxy/shaolin/taijie
呼叫来自：std/room.c 的 make_inventory() 第 20 行，物件： u/xxy/shaolin/taijie

执行时段错误：*Bad argument 1 to call_other()
Expected: string or array or object Got: 0.

程式：std/room.c 第 20 行
物件: /u/xxy/shaolin/wuqiku
呼叫来自：std/room.c 的 reset() 第 54 行，物件： u/xxy/shaolin/wuqiku
呼叫来自：std/room.c 的 make_inventory() 第 20 行，物件： u/xxy/shaolin/wuqiku

执行时段错误：*restore_object(): Illegal file format.

程式：feature/save.c 第 19 行
物件: /d/jindezheng/npc/silang#827
呼叫来自：std/room.c 的 reset() 第 54 行，物件： d/jindezheng/street1
呼叫来自：std/room.c 的 make_inventory() 第 19 行，物件： d/jindezheng/street1
呼叫来自：d/jindezheng/npc/silang.c 的 create() 第 2 行，物件： d/jindezheng/npc/silang#827 ("/d/jindezheng/npc/silang#827")
呼叫来自：feature/save.c 的 restore() 第 19 行，物件： d/jindezheng/npc/silang#827 ("/d/jindezheng/npc/silang#827")

执行时段错误：*restore_object(): Illegal file format.

程式：feature/save.c 第 19 行
物件: /d/jindezheng/npc/xiongmao#828
呼叫来自：std/room.c 的 reset() 第 54 行，物件： d/jindezheng/jindezhen
呼叫来自：std/room.c 的 make_inventory() 第 19 行，物件： d/jindezheng/jindezhen
呼叫来自：d/jindezheng/npc/xiongmao.c 的 create() 第 2 行，物件： d/jindezheng/npc/xiongmao#828 ("/d/jindezheng/npc/xiongmao#828")
呼叫来自：feature/save.c 的 restore() 第 19 行，物件： d/jindezheng/npc/xiongmao#828 ("/d/jindezheng/npc/xiongmao#828")

执行时段错误：*restore_object(): Illegal file format.

程式：feature/save.c 第 19 行
物件: /d/suzhou/npc/yaolaoban#829
呼叫来自：std/room.c 的 reset() 第 54 行，物件： d/suzhou/qianzhuang
呼叫来自：std/room.c 的 make_inventory() 第 19 行，物件： d/suzhou/qianzhuang
呼叫来自：d/suzhou/npc/yaolaoban.c 的 create() 第 2 行，物件： d/suzhou/npc/yaolaoban#829 ("/d/suzhou/npc/yaolaoban#829")
呼叫来自：feature/save.c 的 restore() 第 19 行，物件： d/suzhou/npc/yaolaoban#829 ("/d/suzhou/npc/yaolaoban#829")

执行时段错误：*restore_object(): Illegal file format.

程式：feature/save.c 第 19 行
物件: /d/suzhou/npc/feizei#830
呼叫来自：std/room.c 的 reset() 第 54 行，物件： d/suzhou/chengbeijie1
呼叫来自：std/room.c 的 make_inventory() 第 19 行，物件： d/suzhou/chengbeijie1
呼叫来自：d/suzhou/npc/feizei.c 的 create() 第 2 行，物件： d/suzhou/npc/feizei#830 ("/d/suzhou/npc/feizei#830")
呼叫来自：feature/save.c 的 restore() 第 19 行，物件： d/suzhou/npc/feizei#830 ("/d/suzhou/npc/feizei#830")

执行时段错误：*restore_object(): Illegal file format.

程式：feature/save.c 第 19 行
物件: /d/yangzhou/npc/yaolaoban#831
呼叫来自：std/room.c 的 reset() 第 54 行，物件： d/yangzhou/yaoji
呼叫来自：std/room.c 的 make_inventory() 第 19 行，物件： d/yangzhou/yaoji
呼叫来自：d/yangzhou/npc/yaolaoban.c 的 create() 第 2 行，物件： d/yangzhou/npc/yaolaoban#831 ("/d/yangzhou/npc/yaolaoban#831")
呼叫来自：feature/save.c 的 restore() 第 19 行，物件： d/yangzhou/npc/yaolaoban#831 ("/d/yangzhou/npc/yaolaoban#831")

执行时段错误：*Bad argument 1 to set_living_name()
Expected: string Got: 0.

程式：feature/command.c 第 86 行
物件: /d/yangzhou/npc/qilaoban#832
呼叫来自：std/room.c 的 reset() 第 54 行，物件： d/yangzhou/yaopu
呼叫来自：std/room.c 的 make_inventory() 第 19 行，物件： d/yangzhou/yaopu
呼叫来自：d/yangzhou/npc/qilaoban.c 的 create() 第 23 行，物件： d/yangzhou/npc/qilaoban#832 ("/d/yangzhou/npc/qilaoban#832")
呼叫来自：std/char.c 的 setup() 第 53 行，物件： d/yangzhou/npc/qilaoban#832 ("/d/yangzhou/npc/qilaoban#832")
呼叫来自：feature/command.c 的 enable_player() 第 86 行，物件： d/yangzhou/npc/qilaoban#832 ("/d/yangzhou/npc/qilaoban#832")
closed external ports
Initializing internal tables....

<---Mudos v22pre11 for WIN95/NT (by wwj,May 18 1998) Config: 风云三（本地）   shutdown at Wed Apr 19 14:01:22 2000




<---Mudos v22pre11 for WIN95/NT (by wwj,May 18 1998) Config: 风云三（本地）   startup at Wed Apr 19 14:01:23 2000

using config file: config.fy3
----------------------------------------------------------------------------
风云三（本地）   (MudOS v22pre11) starting up on Microsoft Windows 95 - Wed Apr 19 14:01:24 2000


Can't find "mudos", ignoring old binaries.
Try invoking the driver using the full pathname.
System Error: init_addr_server: connect:Bad address
]simul_efun loaded successfully.

Loading preloaded files ...
Initializations complete.

Accepting connections on port 5555.
][1;34m【系统】中央处理器(Cpu)：断线了。
[2;37;0m
执行时段错误：*Bad argument 1 to exec()

程式：adm/daemons/logind.c 第 407 行
物件: /adm/daemons/logind
呼叫来自：feature/command.c 的 command_hook() 第 43 行，物件： obj/user#35 ("狗日的")
呼叫来自：cmds/arch/possess.c 的 main() 第 18 行，物件： cmds/arch/possess
呼叫来自：adm/daemons/logind.c 的 enter_world() 第 407 行，物件： adm/daemons/logind

执行时段错误：*(s)printf(): More arguments specified than passed. (arg: 3)

程式：cmds/arch/callouts.c 第 19 行
物件: /cmds/arch/callouts
呼叫来自：feature/command.c 的 command_hook() 第 43 行，物件： obj/user#35 ("狗日的")
呼叫来自：cmds/arch/callouts.c 的 main() 第 19 行，物件： cmds/arch/callouts

执行时段错误：*restore_object(): Illegal file format.

程式：feature/save.c 第 19 行
物件: /obj/stand#113
呼叫来自：feature/command.c 的 command_hook() 第 43 行，物件： obj/user#63 ("迪斯科")
呼叫来自：cmds/adm/rsetnpc.c 的 main() 第 51 行，物件： cmds/adm/rsetnpc
呼叫来自：obj/stand.c 的 create() 第 9 行，物件： obj/stand#113 ("/obj/stand#113")
呼叫来自：feature/save.c 的 restore() 第 19 行，物件： obj/stand#113 ("/obj/stand#113")

执行时段错误：*restore_object(): Illegal file format.

程式：feature/save.c 第 19 行
物件: /obj/stand#115
呼叫来自：feature/command.c 的 command_hook() 第 43 行，物件： obj/user#63 ("迪斯科")
呼叫来自：cmds/adm/rsetnpc.c 的 main() 第 51 行，物件： cmds/adm/rsetnpc
呼叫来自：obj/stand.c 的 create() 第 9 行，物件： obj/stand#115 ("/obj/stand#115")
呼叫来自：feature/save.c 的 restore() 第 19 行，物件： obj/stand#115 ("/obj/stand#115")

执行时段错误：*restore_object(): Illegal file format.

程式：feature/save.c 第 19 行
物件: /obj/stand#117
呼叫来自：feature/command.c 的 command_hook() 第 43 行，物件： obj/user#63 ("迪斯科")
呼叫来自：cmds/adm/rsetnpc.c 的 main() 第 51 行，物件： cmds/adm/rsetnpc
呼叫来自：obj/stand.c 的 create() 第 9 行，物件： obj/stand#117 ("/obj/stand#117")
呼叫来自：feature/save.c 的 restore() 第 19 行，物件： obj/stand#117 ("/obj/stand#117")

执行时段错误：*restore_object(): Illegal file format.

程式：feature/save.c 第 19 行
物件: /obj/stand#122
呼叫来自：feature/command.c 的 command_hook() 第 43 行，物件： obj/user#63 ("迪斯科")
呼叫来自：cmds/adm/rsetnpc.c 的 main() 第 51 行，物件： cmds/adm/rsetnpc
呼叫来自：obj/stand.c 的 create() 第 9 行，物件： obj/stand#122 ("/obj/stand#122")
呼叫来自：feature/save.c 的 restore() 第 19 行，物件： obj/stand#122 ("/obj/stand#122")

执行时段错误：*restore_object(): Illegal file format.

程式：feature/save.c 第 19 行
物件: /obj/stand#124
呼叫来自：feature/command.c 的 command_hook() 第 43 行，物件： obj/user#63 ("迪斯科")
呼叫来自：cmds/adm/rsetnpc.c 的 main() 第 51 行，物件： cmds/adm/rsetnpc
呼叫来自：obj/stand.c 的 create() 第 9 行，物件： obj/stand#124 ("/obj/stand#124")
呼叫来自：feature/save.c 的 restore() 第 19 行，物件： obj/stand#124 ("/obj/stand#124")

执行时段错误：*call_other() couldn't find object

程式：cmds/std/go.c 第 58 行
物件: /cmds/std/go
呼叫来自：feature/command.c 的 command_hook() 第 43 行，物件： obj/user#63 ("迪斯科")
呼叫来自：cmds/std/go.c 的 main() 第 58 行，物件： cmds/std/go

执行时段错误：*Bad argument 1 to set_living_name()
Expected: string Got: 0.

程式：feature/command.c 第 86 行
物件: /d/yangzhou/npc/qilaoban
呼叫来自：feature/command.c 的 command_hook() 第 43 行，物件： obj/user#63 ("迪斯科")
呼叫来自：cmds/std/go.c 的 main() 第 58 行，物件： cmds/std/go
呼叫来自：d/yangzhou/yaopu.c 的 create() 第 22 行，物件： d/yangzhou/yaopu
呼叫来自：std/room.c 的 setup() 第 228 行，物件： d/yangzhou/yaopu
呼叫来自：std/room.c 的 reset() 第 54 行，物件： d/yangzhou/yaopu
呼叫来自：std/room.c 的 make_inventory() 第 19 行，物件： d/yangzhou/yaopu
呼叫来自：d/yangzhou/npc/qilaoban.c 的 create() 第 23 行，物件： d/yangzhou/npc/qilaoban ("/d/yangzhou/npc/qilaoban")
呼叫来自：std/char.c 的 setup() 第 53 行，物件： d/yangzhou/npc/qilaoban ("/d/yangzhou/npc/qilaoban")
呼叫来自：feature/command.c 的 enable_player() 第 86 行，物件： d/yangzhou/npc/qilaoban ("/d/yangzhou/npc/qilaoban")
错误讯息被拦截: 
执行时段错误：*Bad argument 1 to set_living_name()
Expected: string Got: 0.

程式：feature/command.c 第 86 行
物件: /d/yangzhou/npc/qilaoban#229
呼叫来自：feature/command.c 的 command_hook() 第 43 行，物件： obj/user#63 ("迪斯科")
呼叫来自：cmds/app/update.c 的 main() 第 53 行，物件： cmds/app/update
呼叫来自：cmds/app/update.c 的 CATCH() 第 53 行，物件： cmds/app/update
呼叫来自：d/yangzhou/yaopu.c 的 create() 第 22 行，物件： d/yangzhou/yaopu
呼叫来自：std/room.c 的 setup() 第 228 行，物件： d/yangzhou/yaopu
呼叫来自：std/room.c 的 reset() 第 54 行，物件： d/yangzhou/yaopu
呼叫来自：std/room.c 的 make_inventory() 第 19 行，物件： d/yangzhou/yaopu
呼叫来自：d/yangzhou/npc/qilaoban.c 的 create() 第 23 行，物件： d/yangzhou/npc/qilaoban#229 ("/d/yangzhou/npc/qilaoban#229")
呼叫来自：std/char.c 的 setup() 第 53 行，物件： d/yangzhou/npc/qilaoban#229 ("/d/yangzhou/npc/qilaoban#229")
呼叫来自：feature/command.c 的 enable_player() 第 86 行，物件： d/yangzhou/npc/qilaoban#229 ("/d/yangzhou/npc/qilaoban#229")

执行时段错误：*Bad argument 1 to set_living_name()
Expected: string Got: 0.

程式：feature/command.c 第 86 行
物件: /d/yangzhou/npc/qilaoban#232
呼叫来自：std/room.c 的 reset() 第 54 行，物件： d/yangzhou/yaopu
呼叫来自：std/room.c 的 make_inventory() 第 19 行，物件： d/yangzhou/yaopu
呼叫来自：d/yangzhou/npc/qilaoban.c 的 create() 第 23 行，物件： d/yangzhou/npc/qilaoban#232 ("/d/yangzhou/npc/qilaoban#232")
呼叫来自：std/char.c 的 setup() 第 53 行，物件： d/yangzhou/npc/qilaoban#232 ("/d/yangzhou/npc/qilaoban#232")
呼叫来自：feature/command.c 的 enable_player() 第 86 行，物件： d/yangzhou/npc/qilaoban#232 ("/d/yangzhou/npc/qilaoban#232")

执行时段错误：*Bad argument 1 to set_living_name()
Expected: string Got: 0.

程式：feature/command.c 第 86 行
物件: /d/yangzhou/npc/qilaoban#239
呼叫来自：std/room.c 的 reset() 第 54 行，物件： d/yangzhou/yaopu
呼叫来自：std/room.c 的 make_inventory() 第 19 行，物件： d/yangzhou/yaopu
呼叫来自：d/yangzhou/npc/qilaoban.c 的 create() 第 23 行，物件： d/yangzhou/npc/qilaoban#239 ("/d/yangzhou/npc/qilaoban#239")
呼叫来自：std/char.c 的 setup() 第 53 行，物件： d/yangzhou/npc/qilaoban#239 ("/d/yangzhou/npc/qilaoban#239")
呼叫来自：feature/command.c 的 enable_player() 第 86 行，物件： d/yangzhou/npc/qilaoban#239 ("/d/yangzhou/npc/qilaoban#239")

执行时段错误：*Bad argument 1 to set_living_name()
Expected: string Got: 0.

程式：feature/command.c 第 86 行
物件: /d/yangzhou/npc/qilaoban#242
呼叫来自：std/room.c 的 reset() 第 54 行，物件： d/yangzhou/yaopu
呼叫来自：std/room.c 的 make_inventory() 第 19 行，物件： d/yangzhou/yaopu
呼叫来自：d/yangzhou/npc/qilaoban.c 的 create() 第 23 行，物件： d/yangzhou/npc/qilaoban#242 ("/d/yangzhou/npc/qilaoban#242")
呼叫来自：std/char.c 的 setup() 第 53 行，物件： d/yangzhou/npc/qilaoban#242 ("/d/yangzhou/npc/qilaoban#242")
呼叫来自：feature/command.c 的 enable_player() 第 86 行，物件： d/yangzhou/npc/qilaoban#242 ("/d/yangzhou/npc/qilaoban#242")

执行时段错误：*Bad argument 1 to set_living_name()
Expected: string Got: 0.

程式：feature/command.c 第 86 行
物件: /d/yangzhou/npc/qilaoban#243
呼叫来自：std/room.c 的 reset() 第 54 行，物件： d/yangzhou/yaopu
呼叫来自：std/room.c 的 make_inventory() 第 19 行，物件： d/yangzhou/yaopu
呼叫来自：d/yangzhou/npc/qilaoban.c 的 create() 第 23 行，物件： d/yangzhou/npc/qilaoban#243 ("/d/yangzhou/npc/qilaoban#243")
呼叫来自：std/char.c 的 setup() 第 53 行，物件： d/yangzhou/npc/qilaoban#243 ("/d/yangzhou/npc/qilaoban#243")
呼叫来自：feature/command.c 的 enable_player() 第 86 行，物件： d/yangzhou/npc/qilaoban#243 ("/d/yangzhou/npc/qilaoban#243")

执行时段错误：*Bad argument 1 to set_living_name()
Expected: string Got: 0.

程式：feature/command.c 第 86 行
物件: /d/yangzhou/npc/qilaoban#246
呼叫来自：std/room.c 的 reset() 第 54 行，物件： d/yangzhou/yaopu
呼叫来自：std/room.c 的 make_inventory() 第 19 行，物件： d/yangzhou/yaopu
呼叫来自：d/yangzhou/npc/qilaoban.c 的 create() 第 23 行，物件： d/yangzhou/npc/qilaoban#246 ("/d/yangzhou/npc/qilaoban#246")
呼叫来自：std/char.c 的 setup() 第 53 行，物件： d/yangzhou/npc/qilaoban#246 ("/d/yangzhou/npc/qilaoban#246")
呼叫来自：feature/command.c 的 enable_player() 第 86 行，物件： d/yangzhou/npc/qilaoban#246 ("/d/yangzhou/npc/qilaoban#246")

执行时段错误：*Bad argument 1 to set_living_name()
Expected: string Got: 0.

程式：feature/command.c 第 86 行
物件: /d/yangzhou/npc/qilaoban#249
呼叫来自：std/room.c 的 reset() 第 54 行，物件： d/yangzhou/yaopu
呼叫来自：std/room.c 的 make_inventory() 第 19 行，物件： d/yangzhou/yaopu
呼叫来自：d/yangzhou/npc/qilaoban.c 的 create() 第 23 行，物件： d/yangzhou/npc/qilaoban#249 ("/d/yangzhou/npc/qilaoban#249")
呼叫来自：std/char.c 的 setup() 第 53 行，物件： d/yangzhou/npc/qilaoban#249 ("/d/yangzhou/npc/qilaoban#249")
呼叫来自：feature/command.c 的 enable_player() 第 86 行，物件： d/yangzhou/npc/qilaoban#249 ("/d/yangzhou/npc/qilaoban#249")

执行时段错误：*Bad argument 1 to set_living_name()
Expected: string Got: 0.

程式：feature/command.c 第 86 行
物件: /d/yangzhou/npc/qilaoban#250
呼叫来自：std/room.c 的 reset() 第 54 行，物件： d/yangzhou/yaopu
呼叫来自：std/room.c 的 make_inventory() 第 19 行，物件： d/yangzhou/yaopu
呼叫来自：d/yangzhou/npc/qilaoban.c 的 create() 第 23 行，物件： d/yangzhou/npc/qilaoban#250 ("/d/yangzhou/npc/qilaoban#250")
呼叫来自：std/char.c 的 setup() 第 53 行，物件： d/yangzhou/npc/qilaoban#250 ("/d/yangzhou/npc/qilaoban#250")
呼叫来自：feature/command.c 的 enable_player() 第 86 行，物件： d/yangzhou/npc/qilaoban#250 ("/d/yangzhou/npc/qilaoban#250")

执行时段错误：*Bad argument 1 to set_living_name()
Expected: string Got: 0.

程式：feature/command.c 第 86 行
物件: /d/yangzhou/npc/qilaoban#253
呼叫来自：std/room.c 的 reset() 第 54 行，物件： d/yangzhou/yaopu
呼叫来自：std/room.c 的 make_inventory() 第 19 行，物件： d/yangzhou/yaopu
呼叫来自：d/yangzhou/npc/qilaoban.c 的 create() 第 23 行，物件： d/yangzhou/npc/qilaoban#253 ("/d/yangzhou/npc/qilaoban#253")
呼叫来自：std/char.c 的 setup() 第 53 行，物件： d/yangzhou/npc/qilaoban#253 ("/d/yangzhou/npc/qilaoban#253")
呼叫来自：feature/command.c 的 enable_player() 第 86 行，物件： d/yangzhou/npc/qilaoban#253 ("/d/yangzhou/npc/qilaoban#253")

执行时段错误：*Bad argument 1 to set_living_name()
Expected: string Got: 0.

程式：feature/command.c 第 86 行
物件: /d/yangzhou/npc/qilaoban#256
呼叫来自：std/room.c 的 reset() 第 54 行，物件： d/yangzhou/yaopu
呼叫来自：std/room.c 的 make_inventory() 第 19 行，物件： d/yangzhou/yaopu
呼叫来自：d/yangzhou/npc/qilaoban.c 的 create() 第 23 行，物件： d/yangzhou/npc/qilaoban#256 ("/d/yangzhou/npc/qilaoban#256")
呼叫来自：std/char.c 的 setup() 第 53 行，物件： d/yangzhou/npc/qilaoban#256 ("/d/yangzhou/npc/qilaoban#256")
呼叫来自：feature/command.c 的 enable_player() 第 86 行，物件： d/yangzhou/npc/qilaoban#256 ("/d/yangzhou/npc/qilaoban#256")

执行时段错误：*Bad argument 1 to set_living_name()
Expected: string Got: 0.

程式：feature/command.c 第 86 行
物件: /d/yangzhou/npc/qilaoban#257
呼叫来自：std/room.c 的 reset() 第 54 行，物件： d/yangzhou/yaopu
呼叫来自：std/room.c 的 make_inventory() 第 19 行，物件： d/yangzhou/yaopu
呼叫来自：d/yangzhou/npc/qilaoban.c 的 create() 第 23 行，物件： d/yangzhou/npc/qilaoban#257 ("/d/yangzhou/npc/qilaoban#257")
呼叫来自：std/char.c 的 setup() 第 53 行，物件： d/yangzhou/npc/qilaoban#257 ("/d/yangzhou/npc/qilaoban#257")
呼叫来自：feature/command.c 的 enable_player() 第 86 行，物件： d/yangzhou/npc/qilaoban#257 ("/d/yangzhou/npc/qilaoban#257")

执行时段错误：*Bad argument 1 to set_living_name()
Expected: string Got: 0.

程式：feature/command.c 第 86 行
物件: /d/yangzhou/npc/qilaoban#260
呼叫来自：std/room.c 的 reset() 第 54 行，物件： d/yangzhou/yaopu
呼叫来自：std/room.c 的 make_inventory() 第 19 行，物件： d/yangzhou/yaopu
呼叫来自：d/yangzhou/npc/qilaoban.c 的 create() 第 23 行，物件： d/yangzhou/npc/qilaoban#260 ("/d/yangzhou/npc/qilaoban#260")
呼叫来自：std/char.c 的 setup() 第 53 行，物件： d/yangzhou/npc/qilaoban#260 ("/d/yangzhou/npc/qilaoban#260")
呼叫来自：feature/command.c 的 enable_player() 第 86 行，物件： d/yangzhou/npc/qilaoban#260 ("/d/yangzhou/npc/qilaoban#260")

执行时段错误：*Bad argument 1 to set_living_name()
Expected: string Got: 0.

程式：feature/command.c 第 86 行
物件: /d/yangzhou/npc/qilaoban#261
呼叫来自：std/room.c 的 reset() 第 54 行，物件： d/yangzhou/yaopu
呼叫来自：std/room.c 的 make_inventory() 第 19 行，物件： d/yangzhou/yaopu
呼叫来自：d/yangzhou/npc/qilaoban.c 的 create() 第 23 行，物件： d/yangzhou/npc/qilaoban#261 ("/d/yangzhou/npc/qilaoban#261")
呼叫来自：std/char.c 的 setup() 第 53 行，物件： d/yangzhou/npc/qilaoban#261 ("/d/yangzhou/npc/qilaoban#261")
呼叫来自：feature/command.c 的 enable_player() 第 86 行，物件： d/yangzhou/npc/qilaoban#261 ("/d/yangzhou/npc/qilaoban#261")

执行时段错误：*Bad argument 1 to set_living_name()
Expected: string Got: 0.

程式：feature/command.c 第 86 行
物件: /d/yangzhou/npc/qilaoban#264
呼叫来自：std/room.c 的 reset() 第 54 行，物件： d/yangzhou/yaopu
呼叫来自：std/room.c 的 make_inventory() 第 19 行，物件： d/yangzhou/yaopu
呼叫来自：d/yangzhou/npc/qilaoban.c 的 create() 第 23 行，物件： d/yangzhou/npc/qilaoban#264 ("/d/yangzhou/npc/qilaoban#264")
呼叫来自：std/char.c 的 setup() 第 53 行，物件： d/yangzhou/npc/qilaoban#264 ("/d/yangzhou/npc/qilaoban#264")
呼叫来自：feature/command.c 的 enable_player() 第 86 行，物件： d/yangzhou/npc/qilaoban#264 ("/d/yangzhou/npc/qilaoban#264")

执行时段错误：*Bad argument 1 to set_living_name()
Expected: string Got: 0.

程式：feature/command.c 第 86 行
物件: /d/yangzhou/npc/qilaoban#267
呼叫来自：std/room.c 的 reset() 第 54 行，物件： d/yangzhou/yaopu
呼叫来自：std/room.c 的 make_inventory() 第 19 行，物件： d/yangzhou/yaopu
呼叫来自：d/yangzhou/npc/qilaoban.c 的 create() 第 23 行，物件： d/yangzhou/npc/qilaoban#267 ("/d/yangzhou/npc/qilaoban#267")
呼叫来自：std/char.c 的 setup() 第 53 行，物件： d/yangzhou/npc/qilaoban#267 ("/d/yangzhou/npc/qilaoban#267")
呼叫来自：feature/command.c 的 enable_player() 第 86 行，物件： d/yangzhou/npc/qilaoban#267 ("/d/yangzhou/npc/qilaoban#267")

执行时段错误：*Bad argument 1 to set_living_name()
Expected: string Got: 0.

程式：feature/command.c 第 86 行
物件: /d/yangzhou/npc/qilaoban#268
呼叫来自：std/room.c 的 reset() 第 54 行，物件： d/yangzhou/yaopu
呼叫来自：std/room.c 的 make_inventory() 第 19 行，物件： d/yangzhou/yaopu
呼叫来自：d/yangzhou/npc/qilaoban.c 的 create() 第 23 行，物件： d/yangzhou/npc/qilaoban#268 ("/d/yangzhou/npc/qilaoban#268")
呼叫来自：std/char.c 的 setup() 第 53 行，物件： d/yangzhou/npc/qilaoban#268 ("/d/yangzhou/npc/qilaoban#268")
呼叫来自：feature/command.c 的 enable_player() 第 86 行，物件： d/yangzhou/npc/qilaoban#268 ("/d/yangzhou/npc/qilaoban#268")

执行时段错误：*Bad argument 1 to set_living_name()
Expected: string Got: 0.

程式：feature/command.c 第 86 行
物件: /d/yangzhou/npc/qilaoban#271
呼叫来自：std/room.c 的 reset() 第 54 行，物件： d/yangzhou/yaopu
呼叫来自：std/room.c 的 make_inventory() 第 19 行，物件： d/yangzhou/yaopu
呼叫来自：d/yangzhou/npc/qilaoban.c 的 create() 第 23 行，物件： d/yangzhou/npc/qilaoban#271 ("/d/yangzhou/npc/qilaoban#271")
呼叫来自：std/char.c 的 setup() 第 53 行，物件： d/yangzhou/npc/qilaoban#271 ("/d/yangzhou/npc/qilaoban#271")
呼叫来自：feature/command.c 的 enable_player() 第 86 行，物件： d/yangzhou/npc/qilaoban#271 ("/d/yangzhou/npc/qilaoban#271")

执行时段错误：*Bad argument 1 to set_living_name()
Expected: string Got: 0.

程式：feature/command.c 第 86 行
物件: /d/yangzhou/npc/qilaoban#274
呼叫来自：std/room.c 的 reset() 第 54 行，物件： d/yangzhou/yaopu
呼叫来自：std/room.c 的 make_inventory() 第 19 行，物件： d/yangzhou/yaopu
呼叫来自：d/yangzhou/npc/qilaoban.c 的 create() 第 23 行，物件： d/yangzhou/npc/qilaoban#274 ("/d/yangzhou/npc/qilaoban#274")
呼叫来自：std/char.c 的 setup() 第 53 行，物件： d/yangzhou/npc/qilaoban#274 ("/d/yangzhou/npc/qilaoban#274")
呼叫来自：feature/command.c 的 enable_player() 第 86 行，物件： d/yangzhou/npc/qilaoban#274 ("/d/yangzhou/npc/qilaoban#274")
Initializing internal tables....

<---Mudos v22pre11 for WIN95/NT (by wwj,May 18 1998) Config: 风云三（本地）   startup at Thu Apr 20 16:48:55 2000

using config file: config.fy3
----------------------------------------------------------------------------
风云三（本地）   (MudOS v22pre11) starting up on Microsoft Windows 95 - Thu Apr 20 16:48:56 2000


Can't find "mudos", ignoring old binaries.
Try invoking the driver using the full pathname.
System Error: init_addr_server: connect:Bad address
]simul_efun loaded successfully.

Loading preloaded files ...
Initializations complete.

Accepting connections on port 5555.

执行时段错误：*F_SKILL: No such skill (yizhi-chan)

程式：feature/skill.c 第 17 行
物件: /obj/user#1
呼叫来自：feature/command.c 的 command_hook() 第 43 行，物件： obj/user#1 ("迪斯科")
呼叫来自：cmds/arch/call.c 的 main() 第 52 行，物件： cmds/arch/call
呼叫来自：feature/skill.c 的 set_skill() 第 17 行，物件： obj/user#1 ("迪斯科")
错误讯息被拦截: 
执行时段错误：*Error in loading object '/daemon/skill/daoxuexinde'

程式：cmds/app/update.c 第 53 行
物件: /cmds/app/update
呼叫来自：feature/command.c 的 command_hook() 第 43 行，物件： obj/user#1 ("迪斯科")
呼叫来自：cmds/app/update.c 的 main() 第 53 行，物件： cmds/app/update
呼叫来自：cmds/app/update.c 的 CATCH() 第 53 行，物件： cmds/app/update
错误讯息被拦截: 
执行时段错误：*Error in loading object '/daemon/skill/daoxuexinde'

程式：cmds/app/update.c 第 53 行
物件: /cmds/app/update
呼叫来自：feature/command.c 的 command_hook() 第 43 行，物件： obj/user#1 ("迪斯科")
呼叫来自：cmds/app/update.c 的 main() 第 53 行，物件： cmds/app/update
呼叫来自：cmds/app/update.c 的 CATCH() 第 53 行，物件： cmds/app/update
错误讯息被拦截: 
执行时段错误：*Error in loading object '/daemon/skill/daoxuexinde'

程式：cmds/app/update.c 第 53 行
物件: /cmds/app/update
呼叫来自：feature/command.c 的 command_hook() 第 43 行，物件： obj/user#1 ("迪斯科")
呼叫来自：cmds/app/update.c 的 main() 第 53 行，物件： cmds/app/update
呼叫来自：cmds/app/update.c 的 CATCH() 第 53 行，物件： cmds/app/update
错误讯息被拦截: 
执行时段错误：*Error in loading object '/daemon/skill/daoxuexinde'

程式：cmds/app/update.c 第 53 行
物件: /cmds/app/update
呼叫来自：feature/command.c 的 command_hook() 第 43 行，物件： obj/user#1 ("迪斯科")
呼叫来自：cmds/app/update.c 的 main() 第 53 行，物件： cmds/app/update
呼叫来自：cmds/app/update.c 的 CATCH() 第 53 行，物件： cmds/app/update
Initializing internal tables....

<---Mudos v22pre11 for WIN95/NT (by wwj,May 18 1998) Config: 风云三（本地）   startup at Fri Apr 21 12:15:53 2000

using config file: config.fy3
----------------------------------------------------------------------------
风云三（本地）   (MudOS v22pre11) starting up on Microsoft Windows 95 - Fri Apr 21 12:15:54 2000


Can't find "mudos", ignoring old binaries.
Try invoking the driver using the full pathname.
System Error: init_addr_server: connect:Bad address
]simul_efun loaded successfully.

Loading preloaded files ...
Initializations complete.

Accepting connections on port 5555.
Initializing internal tables....

<---Mudos v22pre11 for WIN95/NT (by wwj,May 18 1998) Config: 风云三（本地）   startup at Fri Apr 21 16:17:33 2000

using config file: config.fy3
----------------------------------------------------------------------------
风云三（本地）   (MudOS v22pre11) starting up on Microsoft Windows 95 - Fri Apr 21 16:17:33 2000


Can't find "mudos", ignoring old binaries.
Try invoking the driver using the full pathname.
System Error: init_addr_server: connect:Bad address
]simul_efun loaded successfully.

Loading preloaded files ...
Initializations complete.

Accepting connections on port 5555.
错误讯息被拦截: 
执行时段错误：*Error in loading object '/d/zhongzhou/npc/dks'

程式：cmds/app/update.c 第 53 行
物件: /cmds/app/update
呼叫来自：feature/command.c 的 command_hook() 第 43 行，物件： obj/user#1 ("迪斯科")
呼叫来自：cmds/app/update.c 的 main() 第 53 行，物件： cmds/app/update
呼叫来自：cmds/app/update.c 的 CATCH() 第 53 行，物件： cmds/app/update
错误讯息被拦截: 
执行时段错误：*Error in loading object '/adm/daemons/natured'

程式：cmds/app/update.c 第 53 行
物件: /cmds/app/update
呼叫来自：feature/command.c 的 command_hook() 第 43 行，物件： obj/user#1 ("大剑师")
呼叫来自：cmds/app/update.c 的 main() 第 53 行，物件： cmds/app/update
呼叫来自：cmds/app/update.c 的 CATCH() 第 53 行，物件： cmds/app/update
错误讯息被拦截: 
执行时段错误：*Error in loading object '/adm/daemons/natured'

程式：cmds/app/update.c 第 53 行
物件: /cmds/app/update
呼叫来自：feature/command.c 的 command_hook() 第 43 行，物件： obj/user#1 ("大剑师")
呼叫来自：cmds/app/update.c 的 main() 第 53 行，物件： cmds/app/update
呼叫来自：cmds/app/update.c 的 CATCH() 第 53 行，物件： cmds/app/update
]"board.956308016" ]0 lines 0 bytes
][1;34m【系统】老爷(Oldye)：断线了。
[2;37;0mclosed external ports
Initializing internal tables....

<---Mudos v22pre11 for WIN95/NT (by wwj,May 18 1998) Config: 风云三（本地）   shutdown at Fri Apr 21 17:13:35 2000




<---Mudos v22pre11 for WIN95/NT (by wwj,May 18 1998) Config: 风云三（本地）   startup at Fri Apr 21 17:13:37 2000

using config file: config.fy3
----------------------------------------------------------------------------
风云三（本地）   (MudOS v22pre11) starting up on Microsoft Windows 95 - Fri Apr 21 17:13:37 2000


Can't find "mudos", ignoring old binaries.
Try invoking the driver using the full pathname.
System Error: init_addr_server: connect:Bad address
]simul_efun loaded successfully.

Loading preloaded files ...
Initializations complete.

Accepting connections on port 5555.

执行时段错误：*Bad argument 1 to exec()

程式：adm/daemons/logind.c 第 407 行
物件: /adm/daemons/logind
呼叫来自：feature/command.c 的 command_hook() 第 43 行，物件： obj/user#11 ("处理器")
呼叫来自：cmds/arch/possess.c 的 main() 第 18 行，物件： cmds/arch/possess
呼叫来自：adm/daemons/logind.c 的 enter_world() 第 407 行，物件： adm/daemons/logind
Initializing internal tables....

<---Mudos v22pre11 for WIN95/NT (by wwj,May 18 1998) Config: 风云三（本地）   startup at Fri Apr 21 17:21:56 2000

using config file: config.fy3
----------------------------------------------------------------------------
风云三（本地）   (MudOS v22pre11) starting up on Microsoft Windows 95 - Fri Apr 21 17:21:57 2000


Can't find "mudos", ignoring old binaries.
Try invoking the driver using the full pathname.
System Error: init_addr_server: connect:Bad address
]simul_efun loaded successfully.

Loading preloaded files ...
Initializations complete.

Accepting connections on port 5555.

执行时段错误：*call_other() couldn't find object

程式：feature/command.c 第 43 行
物件: /obj/user#1
呼叫来自：feature/command.c 的 command_hook() 第 43 行，物件： obj/user#1 ("处理器")

执行时段错误：*call_other() couldn't find object

程式：feature/command.c 第 43 行
物件: /obj/user#1
呼叫来自：feature/command.c 的 command_hook() 第 43 行，物件： obj/user#1 ("处理器")

执行时段错误：*call_other() couldn't find object

程式：feature/command.c 第 43 行
物件: /obj/user#1
呼叫来自：feature/command.c 的 command_hook() 第 43 行，物件： obj/user#1 ("处理器")
closed external ports
Initializing internal tables....

<---Mudos v22pre11 for WIN95/NT (by wwj,May 18 1998) Config: 风云三（本地）   shutdown at Fri Apr 21 17:29:25 2000




<---Mudos v22pre11 for WIN95/NT (by wwj,May 18 1998) Config: 风云三（本地）   startup at Fri Apr 21 17:29:26 2000

using config file: config.fy3
----------------------------------------------------------------------------
风云三（本地）   (MudOS v22pre11) starting up on Microsoft Windows 95 - Fri Apr 21 17:29:26 2000


Can't find "mudos", ignoring old binaries.
Try invoking the driver using the full pathname.
System Error: init_addr_server: connect:Bad address
]simul_efun loaded successfully.

Loading preloaded files ...
Initializations complete.

Accepting connections on port 5555.

执行时段错误：*restore_object(): Illegal file format.

程式：feature/save.c 第 19 行
物件: /d/suzhou/npc/feizei
呼叫来自：feature/command.c 的 command_hook() 第 43 行，物件： obj/user#20 ("路人")
呼叫来自：cmds/std/go.c 的 main() 第 58 行，物件： cmds/std/go
呼叫来自：d/suzhou/chengbeijie1.c 的 create() 第 26 行，物件： d/suzhou/chengbeijie1
呼叫来自：std/room.c 的 setup() 第 228 行，物件： d/suzhou/chengbeijie1
呼叫来自：std/room.c 的 reset() 第 54 行，物件： d/suzhou/chengbeijie1
呼叫来自：std/room.c 的 make_inventory() 第 19 行，物件： d/suzhou/chengbeijie1
呼叫来自：d/suzhou/npc/feizei.c 的 create() 第 2 行，物件： d/suzhou/npc/feizei ("/d/suzhou/npc/feizei")
呼叫来自：feature/save.c 的 restore() 第 19 行，物件： d/suzhou/npc/feizei ("/d/suzhou/npc/feizei")

执行时段错误：*Bad argument 1 to exec()

程式：adm/daemons/logind.c 第 407 行
物件: /adm/daemons/logind
呼叫来自：feature/command.c 的 command_hook() 第 43 行，物件： obj/user#11 ("处理器")
呼叫来自：cmds/arch/possess.c 的 main() 第 18 行，物件： cmds/arch/possess
呼叫来自：adm/daemons/logind.c 的 enter_world() 第 407 行，物件： adm/daemons/logind

执行时段错误：*Second argument of snoop() is not interactive!

程式：cmds/arch/snoop.c 第 34 行
物件: /cmds/arch/snoop
呼叫来自：feature/command.c 的 command_hook() 第 43 行，物件： obj/user#11 ("处理器")
呼叫来自：cmds/arch/snoop.c 的 main() 第 34 行，物件： cmds/arch/snoop

执行时段错误：*Error in loading object '/cmds/usr/xiugai'

程式：feature/command.c 第 43 行
物件: /obj/user#3
呼叫来自：feature/command.c 的 command_hook() 第 43 行，物件： obj/user#3 ("大剑师")

执行时段错误：*restore_object(): Illegal file format.

程式：feature/save.c 第 19 行
物件: /d/suzhou/npc/feizei#197
呼叫来自：std/room.c 的 reset() 第 54 行，物件： d/suzhou/chengbeijie1
呼叫来自：std/room.c 的 make_inventory() 第 19 行，物件： d/suzhou/chengbeijie1
呼叫来自：d/suzhou/npc/feizei.c 的 create() 第 2 行，物件： d/suzhou/npc/feizei#197 ("/d/suzhou/npc/feizei#197")
呼叫来自：feature/save.c 的 restore() 第 19 行，物件： d/suzhou/npc/feizei#197 ("/d/suzhou/npc/feizei#197")

执行时段错误：*call_other() couldn't find object

程式：cmds/std/go.c 第 58 行
物件: /cmds/std/go
呼叫来自：feature/command.c 的 command_hook() 第 43 行，物件： obj/user#184 ("处理器")
呼叫来自：cmds/std/go.c 的 main() 第 58 行，物件： cmds/std/go

执行时段错误：*restore_object(): Illegal file format.

程式：feature/save.c 第 19 行
物件: /d/suzhou/npc/feizei#242
呼叫来自：std/room.c 的 reset() 第 54 行，物件： d/suzhou/chengbeijie1
呼叫来自：std/room.c 的 make_inventory() 第 19 行，物件： d/suzhou/chengbeijie1
呼叫来自：d/suzhou/npc/feizei.c 的 create() 第 2 行，物件： d/suzhou/npc/feizei#242 ("/d/suzhou/npc/feizei#242")
呼叫来自：feature/save.c 的 restore() 第 19 行，物件： d/suzhou/npc/feizei#242 ("/d/suzhou/npc/feizei#242")

执行时段错误：*restore_object(): Illegal file format.

程式：feature/save.c 第 19 行
物件: /d/suzhou/npc/feizei#253
呼叫来自：std/room.c 的 reset() 第 54 行，物件： d/suzhou/chengbeijie1
呼叫来自：std/room.c 的 make_inventory() 第 19 行，物件： d/suzhou/chengbeijie1
呼叫来自：d/suzhou/npc/feizei.c 的 create() 第 2 行，物件： d/suzhou/npc/feizei#253 ("/d/suzhou/npc/feizei#253")
呼叫来自：feature/save.c 的 restore() 第 19 行，物件： d/suzhou/npc/feizei#253 ("/d/suzhou/npc/feizei#253")

执行时段错误：*restore_object(): Illegal file format.

程式：feature/save.c 第 19 行
物件: /d/suzhou/npc/feizei#256
呼叫来自：std/room.c 的 reset() 第 54 行，物件： d/suzhou/chengbeijie1
呼叫来自：std/room.c 的 make_inventory() 第 19 行，物件： d/suzhou/chengbeijie1
呼叫来自：d/suzhou/npc/feizei.c 的 create() 第 2 行，物件： d/suzhou/npc/feizei#256 ("/d/suzhou/npc/feizei#256")
呼叫来自：feature/save.c 的 restore() 第 19 行，物件： d/suzhou/npc/feizei#256 ("/d/suzhou/npc/feizei#256")

执行时段错误：*restore_object(): Illegal file format.

程式：feature/save.c 第 19 行
物件: /d/suzhou/npc/feizei#257
呼叫来自：std/room.c 的 reset() 第 54 行，物件： d/suzhou/chengbeijie1
呼叫来自：std/room.c 的 make_inventory() 第 19 行，物件： d/suzhou/chengbeijie1
呼叫来自：d/suzhou/npc/feizei.c 的 create() 第 2 行，物件： d/suzhou/npc/feizei#257 ("/d/suzhou/npc/feizei#257")
呼叫来自：feature/save.c 的 restore() 第 19 行，物件： d/suzhou/npc/feizei#257 ("/d/suzhou/npc/feizei#257")

执行时段错误：*restore_object(): Illegal file format.

程式：feature/save.c 第 19 行
物件: /d/suzhou/npc/feizei#260
呼叫来自：std/room.c 的 reset() 第 54 行，物件： d/suzhou/chengbeijie1
呼叫来自：std/room.c 的 make_inventory() 第 19 行，物件： d/suzhou/chengbeijie1
呼叫来自：d/suzhou/npc/feizei.c 的 create() 第 2 行，物件： d/suzhou/npc/feizei#260 ("/d/suzhou/npc/feizei#260")
呼叫来自：feature/save.c 的 restore() 第 19 行，物件： d/suzhou/npc/feizei#260 ("/d/suzhou/npc/feizei#260")
