
执行时段错误：*No program in object '/doc/mudlib/efuns'!

程式：0 第 0 行
物件: /adm/obj/master

执行时段错误：*No program in object '/doc/mudlib/efuns/shiwu'!

程式：0 第 0 行
物件: /adm/obj/master

执行时段错误：*No program in object '/feature/vendor_sale'!

程式：0 第 0 行
物件: /adm/obj/master

执行时段错误：*No program in object '/feature/vendor_sale'!

程式：0 第 0 行
物件: /adm/obj/master

执行时段错误：*Bad argument 1 to EFUN call_other()
Expected: object, string, array,  Got: int(0).

程式：/kungfu/class/gumu/limochou.lpc 第 74 行
物件: /kungfu/class/gumu/limochou
呼叫来自：/kungfu/class/gumu/limochou.lpc 的 create() 第 74 行，物件： /kungfu/class/gumu/limochou ("李莫愁")，地方:<none>

执行时段错误：*Bad argument 1 to EFUN call_other()
Expected: object, string, array,  Got: int(0).

程式：/kungfu/class/gumu/long.lpc 第 75 行
物件: /kungfu/class/gumu/long
呼叫来自：/kungfu/class/gumu/long.lpc 的 create() 第 75 行，物件： /kungfu/class/gumu/long ("小龙女")，地方:<none>

执行时段错误：*Bad argument 1 to EFUN call_other()
Expected: object, string, array,  Got: int(0).

程式：/kungfu/skill/swsb-shou.lpc 第 9 行
物件: /kungfu/skill/swsb-shou
呼叫来自：/kungfu/skill/swsb-shou.lpc 的 #global_init#() 第 9 行，物件： /kungfu/skill/swsb-shou，地方:<none>

执行时段错误：*Bad argument 1 to EFUN call_other()
Expected: object, string, array,  Got: int(0).

程式：/kungfu/skill/wudu-shenzhang.lpc 第 10 行
物件: /kungfu/skill/wudu-shenzhang
呼叫来自：/kungfu/skill/wudu-shenzhang.lpc 的 #global_init#() 第 10 行，物件： /kungfu/skill/wudu-shenzhang，地方:<none>

执行时段错误：*No program in object '/kungfu/skill/iceforce/chillgaze'!

程式：0 第 0 行
物件: /adm/obj/master

执行时段错误：*No program in object '/kungfu/skill/hanbing-mianzhang2'!

程式：0 第 0 行
物件: /adm/obj/master

执行时段错误：*No program in object '/kungfu/skill/huang'!

程式：0 第 0 行
物件: /adm/obj/master

执行时段错误：*No program in object '/kungfu/skill/xixi-unarmed'!

程式：0 第 0 行
物件: /adm/obj/master

执行时段错误：*Bad argument 1 to EFUN call_other()
Expected: object, string, array,  Got: int(0).

程式：/kungfu/skill/xuantie-jianfa.lpc 第 7 行
物件: /kungfu/skill/xuantie-jianfa
呼叫来自：/kungfu/skill/xuantie-jianfa.lpc 的 #global_init#() 第 7 行，物件： /kungfu/skill/xuantie-jianfa，地方:<none>

执行时段错误：*Bad argument 1 to EFUN call_other()
Expected: object, string, array,  Got: int(0).

程式：/kungfu/skill/duanyun-bian.lpc 第 9 行
物件: /kungfu/skill/duanyun-bian
呼叫来自：/kungfu/skill/duanyun-bian.lpc 的 #global_init#() 第 9 行，物件： /kungfu/skill/duanyun-bian，地方:<none>

执行时段错误：*Bad argument 1 to EFUN call_other()
Expected: object, string, array,  Got: int(0).

程式：/kungfu/skill/anranxiaohun-zhang.lpc 第 9 行
物件: /kungfu/skill/anranxiaohun-zhang
呼叫来自：/kungfu/skill/anranxiaohun-zhang.lpc 的 #global_init#() 第 9 行，物件： /kungfu/skill/anranxiaohun-zhang，地方:<none>

执行时段错误：*No program in object '/kungfu/skill/quanzhen-xinfa'!

程式：0 第 0 行
物件: /adm/obj/master

执行时段错误：*No program in object '/quest/murong/qlist3'!

程式：0 第 0 行
物件: /adm/obj/master

执行时段错误：*No program in object '/clone/weapon/panguanbi'!

程式：0 第 0 行
物件: /adm/obj/master

执行时段错误：*No program in object '/clone/misc/objmaker'!

程式：0 第 0 行
物件: /adm/obj/master

执行时段错误：*Bad argument 1 to EFUN call_other()
Expected: object, string, array,  Got: int(0).

程式：/inherit/room/room.lpc 第 23 行
物件: /clone/misc/biwu
呼叫来自：/clone/misc/biwu.lpc 的 create() 第 32 行，物件： /clone/misc/biwu，地方:<none>
呼叫来自：/inherit/room/room.lpc 的 setup() 第 189 行，物件： /clone/misc/biwu，地方:<none>
呼叫来自：/inherit/room/room.lpc 的 reset() 第 71 行，物件： /clone/misc/biwu，地方:<none>
呼叫来自：/inherit/room/room.lpc 的 make_inventory() 第 23 行，物件： /clone/misc/biwu，地方:<none>

执行时段错误：*No program in object '/clone/topten/gaoshou'!

程式：0 第 0 行
物件: /adm/obj/master

执行时段错误：*Bad argument 1 to EFUN call_other()
Expected: object, string, array,  Got: int(0).

程式：/clone/npc/robber.lpc 第 40 行
物件: /clone/npc/robber
呼叫来自：/clone/npc/robber.lpc 的 create() 第 40 行，物件： /clone/npc/robber ("蒙面强盗")，地方:<none>

执行时段错误：*Bad argument 1 to EFUN call_other()
Expected: object, string, array,  Got: int(0).

程式：/inherit/room/room.lpc 第 23 行
物件: /d/guanwai/majiu
呼叫来自：/d/guanwai/majiu.lpc 的 create() 第 35 行，物件： /d/guanwai/majiu，地方:<none>
呼叫来自：/inherit/room/room.lpc 的 setup() 第 189 行，物件： /d/guanwai/majiu，地方:<none>
呼叫来自：/inherit/room/room.lpc 的 reset() 第 71 行，物件： /d/guanwai/majiu，地方:<none>
呼叫来自：/inherit/room/room.lpc 的 make_inventory() 第 23 行，物件： /d/guanwai/majiu，地方:<none>

执行时段错误：*No program in object '/d/kaifeng/east'!

程式：0 第 0 行
物件: /adm/obj/master

执行时段错误：*No program in object '/d/heimuya/shenggu'!

程式：0 第 0 行
物件: /adm/obj/master

执行时段错误：*No program in object '/d/heimuya/tang'!

程式：0 第 0 行
物件: /adm/obj/master

执行时段错误：*No program in object '/d/heimuya/npc/tang'!

程式：0 第 0 行
物件: /adm/obj/master

执行时段错误：*Bad argument 1 to EFUN call_other()
Expected: object, string, array,  Got: int(0).

程式：/d/heimuya/npc/renwoxing.lpc 第 64 行
物件: /d/heimuya/npc/renwoxing
呼叫来自：/d/heimuya/npc/renwoxing.lpc 的 create() 第 64 行，物件： /d/heimuya/npc/renwoxing ("任我行")，地方:<none>

执行时段错误：*Bad argument 1 to EFUN call_other()
Expected: object, string, array,  Got: int(0).

程式：/inherit/room/room.lpc 第 23 行
物件: /d/heimuya/npc/qing
呼叫来自：/d/heimuya/npc/qing.lpc 的 create() 第 17 行，物件： /d/heimuya/npc/qing，地方:<none>
呼叫来自：/inherit/room/room.lpc 的 setup() 第 189 行，物件： /d/heimuya/npc/qing，地方:<none>
呼叫来自：/inherit/room/room.lpc 的 reset() 第 71 行，物件： /d/heimuya/npc/qing，地方:<none>
呼叫来自：/inherit/room/room.lpc 的 make_inventory() 第 23 行，物件： /d/heimuya/npc/qing，地方:<none>

执行时段错误：*Bad argument 1 to EFUN call_other()
Expected: object, string, array,  Got: int(0).

程式：/d/city2/lilishi.lpc 第 56 行
物件: /d/city2/lilishi
呼叫来自：/d/city2/lilishi.lpc 的 create() 第 56 行，物件： /d/city2/lilishi ("李力世")，地方:<none>

执行时段错误：*Bad argument 1 to EFUN call_other()
Expected: object, string, array,  Got: int(0).

程式：/d/city2/obj/luguanji.lpc 第 16 行
物件: /d/city2/obj/luguanji
呼叫来自：/d/city2/obj/luguanji.lpc 的 create() 第 16 行，物件： /d/city2/obj/luguanji ("女管家")，地方:<none>

执行时段错误：*Bad argument 1 to EFUN call_other()
Expected: object, string, array,  Got: int(0).

程式：/d/city2/npc/liling2.lpc 第 148 行
物件: /d/city2/npc/liling2
呼叫来自：/d/city2/npc/liling2.lpc 的 create() 第 148 行，物件： /d/city2/npc/liling2 ("李凌")，地方:<none>

执行时段错误：*No program in object '/d/city2/npc/zhengmen'!

程式：0 第 0 行
物件: /adm/obj/master

执行时段错误：*Bad argument 1 to EFUN call_other()
Expected: object, string, array,  Got: int(0).

程式：/inherit/room/room.lpc 第 23 行
物件: /d/city/xxci2
呼叫来自：/d/city/xxci2.lpc 的 create() 第 25 行，物件： /d/city/xxci2，地方:<none>
呼叫来自：/inherit/room/room.lpc 的 setup() 第 189 行，物件： /d/city/xxci2，地方:<none>
呼叫来自：/inherit/room/room.lpc 的 reset() 第 71 行，物件： /d/city/xxci2，地方:<none>
呼叫来自：/inherit/room/room.lpc 的 make_inventory() 第 23 行，物件： /d/city/xxci2，地方:<none>

执行时段错误：*No program in object '/d/city/npc/zhuziliu'!

程式：0 第 0 行
物件: /adm/obj/master

执行时段错误：*No program in object '/d/city/sj'!

程式：0 第 0 行
物件: /adm/obj/master

执行时段错误：*Bad argument 1 to EFUN call_other()
Expected: object, string, array,  Got: int(0).

程式：/inherit/room/room.lpc 第 23 行
物件: /d/city/xxci1
呼叫来自：/d/city/xxci1.lpc 的 create() 第 33 行，物件： /d/city/xxci1，地方:<none>
呼叫来自：/inherit/room/room.lpc 的 setup() 第 189 行，物件： /d/city/xxci1，地方:<none>
呼叫来自：/inherit/room/room.lpc 的 reset() 第 71 行，物件： /d/city/xxci1，地方:<none>
呼叫来自：/inherit/room/room.lpc 的 make_inventory() 第 23 行，物件： /d/city/xxci1，地方:<none>

执行时段错误：*Bad argument 1 to EFUN call_other()
Expected: object, string, array,  Got: int(0).

程式：/d/henshan/npc/yuanziyi.lpc 第 69 行
物件: /d/henshan/npc/yuanziyi
呼叫来自：/d/henshan/chating.lpc 的 create() 第 22 行，物件： /d/henshan/chating，地方:<none>
呼叫来自：/inherit/room/room.lpc 的 setup() 第 189 行，物件： /d/henshan/chating，地方:<none>
呼叫来自：/inherit/room/room.lpc 的 reset() 第 71 行，物件： /d/henshan/chating，地方:<none>
呼叫来自：/inherit/room/room.lpc 的 make_inventory() 第 22 行，物件： /d/henshan/chating，地方:<none>
呼叫来自：/d/henshan/npc/yuanziyi.lpc 的 create() 第 69 行，物件： /d/henshan/npc/yuanziyi ("袁紫衣")，地方:<none>

执行时段错误：*No program in object '/d/mingjiao/banshanyao'!

程式：0 第 0 行
物件: /adm/obj/master

执行时段错误：*Bad argument 1 to EFUN call_other()
Expected: object, string, array,  Got: int(0).

程式：/inherit/room/room.lpc 第 23 行
物件: /d/mingjiao/fangtang
呼叫来自：/d/mingjiao/fangtang.lpc 的 create() 第 38 行，物件： /d/mingjiao/fangtang，地方:<none>
呼叫来自：/inherit/room/room.lpc 的 setup() 第 189 行，物件： /d/mingjiao/fangtang，地方:<none>
呼叫来自：/inherit/room/room.lpc 的 reset() 第 71 行，物件： /d/mingjiao/fangtang，地方:<none>
呼叫来自：/inherit/room/room.lpc 的 make_inventory() 第 23 行，物件： /d/mingjiao/fangtang，地方:<none>

执行时段错误：*Bad argument 1 to EFUN call_other()
Expected: object, string, array,  Got: int(0).

程式：/inherit/room/room.lpc 第 23 行
物件: /d/mingjiao/neishi
呼叫来自：/d/mingjiao/neishi.lpc 的 create() 第 22 行，物件： /d/mingjiao/neishi，地方:<none>
呼叫来自：/inherit/room/room.lpc 的 setup() 第 189 行，物件： /d/mingjiao/neishi，地方:<none>
呼叫来自：/inherit/room/room.lpc 的 reset() 第 71 行，物件： /d/mingjiao/neishi，地方:<none>
呼叫来自：/inherit/room/room.lpc 的 make_inventory() 第 23 行，物件： /d/mingjiao/neishi，地方:<none>

执行时段错误：*Bad argument 1 to EFUN call_other()
Expected: object, string, array,  Got: int(0).

程式：/d/mingjiao/npc/shiwang.lpc 第 61 行
物件: /d/mingjiao/npc/shiwang
呼叫来自：/d/mingjiao/npc/shiwang.lpc 的 create() 第 61 行，物件： /d/mingjiao/npc/shiwang ("谢 逊")，地方:<none>

执行时段错误：*F_SKILL: No such skill (jinshe-jianfa)

程式：/feature/skill.lpc 第 21 行
物件: /d/city3/wenzai/npc/jinshe
呼叫来自：/d/city3/wenzai/npc/jinshe.lpc 的 create() 第 52 行，物件： /d/city3/wenzai/npc/jinshe ("夏雪宜")，地方:<none>
呼叫来自：/feature/skill.lpc 的 set_skill() 第 21 行，物件： /d/city3/wenzai/npc/jinshe ("夏雪宜")，地方:<none>

执行时段错误：*Bad argument 1 to EFUN call_other()
Expected: object, string, array,  Got: int(0).

程式：/d/city3/npc/jian-ke.lpc 第 28 行
物件: /d/city3/npc/jian-ke
呼叫来自：/d/city3/npc/jian-ke.lpc 的 create() 第 28 行，物件： /d/city3/npc/jian-ke ("剑客")，地方:<none>

执行时段错误：*Bad argument 1 to EFUN call_other()
Expected: object, string, array,  Got: int(0).

程式：/d/city3/npc/dao-ke.lpc 第 25 行
物件: /d/city3/npc/dao-ke
呼叫来自：/d/city3/npc/dao-ke.lpc 的 create() 第 25 行，物件： /d/city3/npc/dao-ke ("刀客")，地方:<none>

执行时段错误：*No program in object '/d/quanzhou/npc/tang3'!

程式：0 第 0 行
物件: /adm/obj/master

执行时段错误：*F_SKILL: No such skill (yiyang)

程式：/feature/skill.lpc 第 21 行
物件: /d/wanjiegu/npc/mu
呼叫来自：/d/wanjiegu/stone_room.lpc 的 create() 第 23 行，物件： /d/wanjiegu/stone_room，地方:<none>
呼叫来自：/inherit/room/room.lpc 的 setup() 第 189 行，物件： /d/wanjiegu/stone_room，地方:<none>
呼叫来自：/inherit/room/room.lpc 的 reset() 第 71 行，物件： /d/wanjiegu/stone_room，地方:<none>
呼叫来自：/inherit/room/room.lpc 的 make_inventory() 第 22 行，物件： /d/wanjiegu/stone_room，地方:<none>
呼叫来自：/d/wanjiegu/npc/mu.lpc 的 create() 第 40 行，物件： /d/wanjiegu/npc/mu ("木婉清")，地方:<none>
呼叫来自：/feature/skill.lpc 的 set_skill() 第 21 行，物件： /d/wanjiegu/npc/mu ("木婉清")，地方:<none>

执行时段错误：*F_SKILL: No such skill (yiyang)

程式：/feature/skill.lpc 第 21 行
物件: /d/wanjiegu/npc/monk
呼叫来自：/d/wanjiegu/backyard.lpc 的 create() 第 29 行，物件： /d/wanjiegu/backyard，地方:<none>
呼叫来自：/inherit/room/room.lpc 的 setup() 第 189 行，物件： /d/wanjiegu/backyard，地方:<none>
呼叫来自：/d/wanjiegu/backyard.lpc 的 reset() 第 96 行，物件： /d/wanjiegu/backyard，地方:<none>
呼叫来自：/inherit/room/room.lpc 的 reset() 第 71 行，物件： /d/wanjiegu/backyard，地方:<none>
呼叫来自：/inherit/room/room.lpc 的 make_inventory() 第 22 行，物件： /d/wanjiegu/backyard，地方:<none>
呼叫来自：/d/wanjiegu/npc/monk.lpc 的 create() 第 40 行，物件： /d/wanjiegu/npc/monk ("黄眉老僧")，地方:<none>
呼叫来自：/feature/skill.lpc 的 set_skill() 第 21 行，物件： /d/wanjiegu/npc/monk ("黄眉老僧")，地方:<none>

执行时段错误：*F_SKILL: No such skill (yiyang)

程式：/feature/skill.lpc 第 21 行
物件: /d/wanjiegu/npc/zhong
呼叫来自：/d/wanjiegu/hall.lpc 的 create() 第 24 行，物件： /d/wanjiegu/hall，地方:<none>
呼叫来自：/inherit/room/room.lpc 的 setup() 第 189 行，物件： /d/wanjiegu/hall，地方:<none>
呼叫来自：/inherit/room/room.lpc 的 reset() 第 71 行，物件： /d/wanjiegu/hall，地方:<none>
呼叫来自：/inherit/room/room.lpc 的 make_inventory() 第 22 行，物件： /d/wanjiegu/hall，地方:<none>
呼叫来自：/d/wanjiegu/npc/zhong.lpc 的 create() 第 34 行，物件： /d/wanjiegu/npc/zhong ("钟万仇")，地方:<none>
呼叫来自：/feature/skill.lpc 的 set_skill() 第 21 行，物件： /d/wanjiegu/npc/zhong ("钟万仇")，地方:<none>

执行时段错误：*F_SKILL: No such skill (yiyang)

程式：/feature/skill.lpc 第 21 行
物件: /d/wanjiegu/npc/zhongling
呼叫来自：/d/wanjiegu/bed_room.lpc 的 create() 第 22 行，物件： /d/wanjiegu/bed_room，地方:<none>
呼叫来自：/inherit/room/room.lpc 的 setup() 第 189 行，物件： /d/wanjiegu/bed_room，地方:<none>
呼叫来自：/inherit/room/room.lpc 的 reset() 第 71 行，物件： /d/wanjiegu/bed_room，地方:<none>
呼叫来自：/inherit/room/room.lpc 的 make_inventory() 第 22 行，物件： /d/wanjiegu/bed_room，地方:<none>
呼叫来自：/d/wanjiegu/npc/zhongling.lpc 的 create() 第 45 行，物件： /d/wanjiegu/npc/zhongling ("钟灵")，地方:<none>
呼叫来自：/feature/skill.lpc 的 set_skill() 第 21 行，物件： /d/wanjiegu/npc/zhongling ("钟灵")，地方:<none>

执行时段错误：*F_SKILL: No such skill (yiyang)

程式：/feature/skill.lpc 第 21 行
物件: /d/wanjiegu/npc/gan
呼叫来自：/d/wanjiegu/npc/gan.lpc 的 create() 第 35 行，物件： /d/wanjiegu/npc/gan ("甘宝宝")，地方:<none>
呼叫来自：/feature/skill.lpc 的 set_skill() 第 21 行，物件： /d/wanjiegu/npc/gan ("甘宝宝")，地方:<none>

执行时段错误：*F_SKILL: No such skill (yiyang)

程式：/feature/skill.lpc 第 21 行
物件: /d/wanjiegu/npc/gan#5603
呼叫来自：/d/wanjiegu/xiaoting.lpc 的 create() 第 23 行，物件： /d/wanjiegu/xiaoting，地方:<none>
呼叫来自：/inherit/room/room.lpc 的 setup() 第 189 行，物件： /d/wanjiegu/xiaoting，地方:<none>
呼叫来自：/inherit/room/room.lpc 的 reset() 第 71 行，物件： /d/wanjiegu/xiaoting，地方:<none>
呼叫来自：/inherit/room/room.lpc 的 make_inventory() 第 22 行，物件： /d/wanjiegu/xiaoting，地方:<none>
呼叫来自：/d/wanjiegu/npc/gan.lpc 的 create() 第 35 行，物件： /d/wanjiegu/npc/gan#5603 ("甘宝宝")，地方:<none>
呼叫来自：/feature/skill.lpc 的 set_skill() 第 21 行，物件： /d/wanjiegu/npc/gan#5603 ("甘宝宝")，地方:<none>

执行时段错误：*No program in object '/d/wudang/taoyuan/tyroad4'!

程式：0 第 0 行
物件: /adm/obj/master

执行时段错误：*No program in object '/d/wudang/taoyuan/tyroad7'!

程式：0 第 0 行
物件: /adm/obj/master

执行时段错误：*No program in object '/d/wudang/taoyuan/tyroad5'!

程式：0 第 0 行
物件: /adm/obj/master

执行时段错误：*No program in object '/d/wudang/taoyuan/tyroad6'!

程式：0 第 0 行
物件: /adm/obj/master

执行时段错误：*No program in object '/d/npc/master'!

程式：0 第 0 行
物件: /adm/obj/master

执行时段错误：*Bad argument 1 to EFUN call_other()
Expected: object, string, array,  Got: int(0).

程式：/d/npc/m_weapon/weapon/m_whip.lpc 第 26 行
物件: /d/npc/m_weapon/weapon/m_whip
呼叫来自：/d/npc/m_weapon/weapon/m_whip.lpc 的 create() 第 26 行，物件： /d/npc/m_weapon/weapon/m_whip ("/d/npc/m_weapon/weapon/m_whip")，地方:<none>

执行时段错误：*No program in object '/d/npc/m_weapon/weapon/m_bian'!

程式：0 第 0 行
物件: /adm/obj/master

执行时段错误：*Bad argument 1 to EFUN call_other()
Expected: object, string, array,  Got: int(0).

程式：/d/npc/m_weapon/weapon/m_staff.lpc 第 25 行
物件: /d/npc/m_weapon/weapon/m_staff
呼叫来自：/d/npc/m_weapon/weapon/m_staff.lpc 的 create() 第 25 行，物件： /d/npc/m_weapon/weapon/m_staff ("/d/npc/m_weapon/weapon/m_staff")，地方:<none>

执行时段错误：*No program in object '/d/quanzhen/hudi6'!

程式：0 第 0 行
物件: /adm/obj/master

执行时段错误：*No program in object '/d/quanzhen/manglin2'!

程式：0 第 0 行
物件: /adm/obj/master

执行时段错误：*No program in object '/d/quanzhen/manglin1'!

程式：0 第 0 行
物件: /adm/obj/master

执行时段错误：*Bad argument 1 to EFUN call_other()
Expected: object, string, array,  Got: int(0).

程式：/d/quanzhen/obj/m_sword.lpc 第 57 行
物件: /d/quanzhen/obj/m_sword
呼叫来自：/d/quanzhen/obj/m_sword.lpc 的 create() 第 57 行，物件： /d/quanzhen/obj/m_sword ("/d/quanzhen/obj/m_sword")，地方:<none>

执行时段错误：*Bad argument 1 to EFUN call_other()
Expected: object, string, array,  Got: int(0).

程式：/d/quanzhen/npc/obj/m_sword.lpc 第 29 行
物件: /d/quanzhen/npc/obj/m_sword
呼叫来自：/d/quanzhen/npc/obj/m_sword.lpc 的 create() 第 29 行，物件： /d/quanzhen/npc/obj/m_sword ("/d/quanzhen/npc/obj/m_sword")，地方:<none>

执行时段错误：*Bad argument 1 to EFUN call_other()
Expected: object, string, array,  Got: int(0).

程式：/inherit/room/room.lpc 第 23 行
物件: /d/mr/biaoju
呼叫来自：/d/mr/biaoju.lpc 的 create() 第 18 行，物件： /d/mr/biaoju，地方:<none>
呼叫来自：/inherit/room/room.lpc 的 setup() 第 189 行，物件： /d/mr/biaoju，地方:<none>
呼叫来自：/inherit/room/room.lpc 的 reset() 第 71 行，物件： /d/mr/biaoju，地方:<none>
呼叫来自：/inherit/room/room.lpc 的 make_inventory() 第 23 行，物件： /d/mr/biaoju，地方:<none>

执行时段错误：*No program in object '/d/baituo/obj/bowl'!

程式：0 第 0 行
物件: /adm/obj/master

执行时段错误：*No program in object '/d/baituo/npc/obj/bowl'!

程式：0 第 0 行
物件: /adm/obj/master

执行时段错误：*No program in object '/d/taishan/xingtang'!

程式：0 第 0 行
物件: /adm/obj/master

执行时段错误：*No program in object '/d/taishan/tang2'!

程式：0 第 0 行
物件: /adm/obj/master

执行时段错误：*No program in object '/d/taishan/tang3'!

程式：0 第 0 行
物件: /adm/obj/master

执行时段错误：*No program in object '/d/huashan/npc/doctor'!

程式：0 第 0 行
物件: /adm/obj/master

执行时段错误：*No program in object '/d/huashan/npc/doctor'!

程式：/inherit/room/room.lpc 第 22 行
物件: /d/huashan/doctorroom
呼叫来自：/d/huashan/doctorroom.lpc 的 create() 第 24 行，物件： /d/huashan/doctorroom，地方:<none>
呼叫来自：/inherit/room/room.lpc 的 setup() 第 189 行，物件： /d/huashan/doctorroom，地方:<none>
呼叫来自：/inherit/room/room.lpc 的 reset() 第 71 行，物件： /d/huashan/doctorroom，地方:<none>
呼叫来自：/inherit/room/room.lpc 的 make_inventory() 第 22 行，物件： /d/huashan/doctorroom，地方:<none>

执行时段错误：*No program in object '/d/huashan/map'!

程式：0 第 0 行
物件: /adm/obj/master

执行时段错误：*Bad argument 1 to EFUN call_other()
Expected: object, string, array,  Got: int(0).

程式：/inherit/room/room.lpc 第 23 行
物件: /d/shaolin/cangku
呼叫来自：/d/shaolin/cangku.lpc 的 create() 第 18 行，物件： /d/shaolin/cangku，地方:<none>
呼叫来自：/inherit/room/room.lpc 的 setup() 第 189 行，物件： /d/shaolin/cangku，地方:<none>
呼叫来自：/inherit/room/room.lpc 的 reset() 第 80 行，物件： /d/shaolin/cangku，地方:<none>
呼叫来自：/inherit/room/room.lpc 的 make_inventory() 第 23 行，物件： /d/shaolin/cangku，地方:<none>

执行时段错误：*Bad argument 1 to EFUN call_other()
Expected: object, string, array,  Got: int(0).

程式：/inherit/room/room.lpc 第 23 行
物件: /d/shaolin/npc/obj/houdian
呼叫来自：/d/shaolin/npc/obj/houdian.lpc 的 create() 第 27 行，物件： /d/shaolin/npc/obj/houdian，地方:<none>
呼叫来自：/inherit/room/room.lpc 的 setup() 第 189 行，物件： /d/shaolin/npc/obj/houdian，地方:<none>
呼叫来自：/inherit/room/room.lpc 的 reset() 第 80 行，物件： /d/shaolin/npc/obj/houdian，地方:<none>
呼叫来自：/inherit/room/room.lpc 的 make_inventory() 第 23 行，物件： /d/shaolin/npc/obj/houdian，地方:<none>

执行时段错误：*Bad argument 1 to EFUN call_other()
Expected: object, string, array,  Got: int(0).

程式：/inherit/room/room.lpc 第 23 行
物件: /d/shaolin/npc/obj/bailongdong
呼叫来自：/d/shaolin/npc/obj/bailongdong.lpc 的 create() 第 57 行，物件： /d/shaolin/npc/obj/bailongdong，地方:<none>
呼叫来自：/inherit/room/room.lpc 的 setup() 第 189 行，物件： /d/shaolin/npc/obj/bailongdong，地方:<none>
呼叫来自：/inherit/room/room.lpc 的 reset() 第 71 行，物件： /d/shaolin/npc/obj/bailongdong，地方:<none>
呼叫来自：/inherit/room/room.lpc 的 make_inventory() 第 23 行，物件： /d/shaolin/npc/obj/bailongdong，地方:<none>

执行时段错误：*No program in object '/d/shaolin/npc/obj/shuitan'!

程式：0 第 0 行
物件: /adm/obj/master

执行时段错误：*Bad argument 1 to EFUN call_other()
Expected: object, string, array,  Got: int(0).

程式：/inherit/room/room.lpc 第 23 行
物件: /d/gaibang/sheyuan
呼叫来自：/d/gaibang/sheyuan.lpc 的 create() 第 23 行，物件： /d/gaibang/sheyuan，地方:<none>
呼叫来自：/inherit/room/room.lpc 的 setup() 第 189 行，物件： /d/gaibang/sheyuan，地方:<none>
呼叫来自：/inherit/room/room.lpc 的 reset() 第 71 行，物件： /d/gaibang/sheyuan，地方:<none>
呼叫来自：/inherit/room/room.lpc 的 make_inventory() 第 23 行，物件： /d/gaibang/sheyuan，地方:<none>

执行时段错误：*Bad argument 1 to EFUN call_other()
Expected: object, string, array,  Got: int(0).

程式：/inherit/room/room.lpc 第 23 行
物件: /d/gaibang/underbj
呼叫来自：/d/gaibang/underbj.lpc 的 create() 第 22 行，物件： /d/gaibang/underbj，地方:<none>
呼叫来自：/inherit/room/room.lpc 的 setup() 第 189 行，物件： /d/gaibang/underbj，地方:<none>
呼叫来自：/inherit/room/room.lpc 的 reset() 第 71 行，物件： /d/gaibang/underbj，地方:<none>
呼叫来自：/inherit/room/room.lpc 的 make_inventory() 第 23 行，物件： /d/gaibang/underbj，地方:<none>

执行时段错误：*Bad argument 1 to EFUN call_other()
Expected: object, string, array,  Got: int(0).

程式：/inherit/room/room.lpc 第 23 行
物件: /d/gaibang/shoushe
呼叫来自：/d/gaibang/shoushe.lpc 的 create() 第 22 行，物件： /d/gaibang/shoushe，地方:<none>
呼叫来自：/inherit/room/room.lpc 的 setup() 第 189 行，物件： /d/gaibang/shoushe，地方:<none>
呼叫来自：/inherit/room/room.lpc 的 reset() 第 71 行，物件： /d/gaibang/shoushe，地方:<none>
呼叫来自：/inherit/room/room.lpc 的 make_inventory() 第 23 行，物件： /d/gaibang/shoushe，地方:<none>

执行时段错误：*Inherited file '/u/fyue/npcskill' does not exist!

程式：0 第 0 行
物件: /adm/obj/master

执行时段错误：*call_other() couldn't find object '/d/shaolin/marry_room'.

程式：/d/emei/user-room/melodies_room.lpc 第 24 行
物件: /d/emei/user-room/melodies_room
呼叫来自：/d/emei/user-room/melodies_room.lpc 的 create() 第 24 行，物件： /d/emei/user-room/melodies_room，地方:<none>

执行时段错误：*call_other() couldn't find object '/d/shaolin/marry_room'.

程式：/d/emei/user-room/melodies/new_room.lpc 第 26 行
物件: /d/emei/user-room/melodies/new_room
呼叫来自：/d/emei/user-room/melodies/new_room.lpc 的 create() 第 26 行，物件： /d/emei/user-room/melodies/new_room，地方:<none>

执行时段错误：*call_other() couldn't find object '/d/shaolin/marry_room'.

程式：/d/emei/user-room/melodies/melodies_room.lpc 第 24 行
物件: /d/emei/user-room/melodies/melodies_room
呼叫来自：/d/emei/user-room/melodies/melodies_room.lpc 的 create() 第 24 行，物件： /d/emei/user-room/melodies/melodies_room，地方:<none>

执行时段错误：*call_other() couldn't find object '/d/shaolin/marry_room'.

程式：/d/emei/user-room/melodies/marry_room.lpc 第 24 行
物件: /d/emei/user-room/melodies/marry_room
呼叫来自：/d/emei/user-room/melodies/marry_room.lpc 的 create() 第 24 行，物件： /d/emei/user-room/melodies/marry_room，地方:<none>

执行时段错误：*No program in object '/d/player/fyue_room'!

程式：0 第 0 行
物件: /adm/obj/master

执行时段错误：*No program in object '/d/player/ltsh/npc/saveme'!

程式：0 第 0 行
物件: /adm/obj/master

执行时段错误：*No program in object '/d/player/ltsh/npc/saveme'!

程式：/inherit/room/room.lpc 第 22 行
物件: /d/player/ltsh/tst
呼叫来自：/d/player/ltsh/tst.lpc 的 create() 第 22 行，物件： /d/player/ltsh/tst，地方:<none>
呼叫来自：/inherit/room/room.lpc 的 setup() 第 189 行，物件： /d/player/ltsh/tst，地方:<none>
呼叫来自：/inherit/room/room.lpc 的 reset() 第 71 行，物件： /d/player/ltsh/tst，地方:<none>
呼叫来自：/inherit/room/room.lpc 的 make_inventory() 第 22 行，物件： /d/player/ltsh/tst，地方:<none>

执行时段错误：*Bad argument 1 to EFUN call_other()
Expected: object, string, array,  Got: int(0).

程式：/inherit/room/room.lpc 第 23 行
物件: /d/quanzhen_old/nanyang
呼叫来自：/d/quanzhen_old/nanyang.lpc 的 create() 第 30 行，物件： /d/quanzhen_old/nanyang，地方:<none>
呼叫来自：/inherit/room/room.lpc 的 setup() 第 189 行，物件： /d/quanzhen_old/nanyang，地方:<none>
呼叫来自：/inherit/room/room.lpc 的 reset() 第 71 行，物件： /d/quanzhen_old/nanyang，地方:<none>
呼叫来自：/inherit/room/room.lpc 的 make_inventory() 第 23 行，物件： /d/quanzhen_old/nanyang，地方:<none>

执行时段错误：*No program in object '/d/quanzhen_old/hudi4'!

程式：0 第 0 行
物件: /adm/obj/master

执行时段错误：*No program in object '/d/quanzhen_old/hudi6'!

程式：0 第 0 行
物件: /adm/obj/master

执行时段错误：*No program in object '/d/quanzhen_old/manglin2'!

程式：0 第 0 行
物件: /adm/obj/master

执行时段错误：*No program in object '/d/quanzhen_old/manglin1'!

程式：0 第 0 行
物件: /adm/obj/master

执行时段错误：*F_SKILL: No such skill (kongmingquan)

程式：/feature/skill.lpc 第 21 行
物件: /d/quanzhen_old/obj/liuchuxuan
呼叫来自：/d/quanzhen_old/obj/liuchuxuan.lpc 的 create() 第 49 行，物件： /d/quanzhen_old/obj/liuchuxuan ("刘处玄")，地方:<none>
呼叫来自：/feature/skill.lpc 的 set_skill() 第 21 行，物件： /d/quanzhen_old/obj/liuchuxuan ("刘处玄")，地方:<none>

执行时段错误：*F_SKILL: No such skill (kongmingquan)

程式：/feature/skill.lpc 第 21 行
物件: /d/quanzhen_old/obj/mayu
呼叫来自：/d/quanzhen_old/obj/mayu.lpc 的 create() 第 59 行，物件： /d/quanzhen_old/obj/mayu ("马钰")，地方:<none>
呼叫来自：/feature/skill.lpc 的 set_skill() 第 21 行，物件： /d/quanzhen_old/obj/mayu ("马钰")，地方:<none>

执行时段错误：*F_SKILL: No such skill (kongmingquan)

程式：/feature/skill.lpc 第 21 行
物件: /d/quanzhen_old/obj/daotong
呼叫来自：/d/quanzhen_old/obj/daotong.lpc 的 create() 第 38 行，物件： /d/quanzhen_old/obj/daotong ("道童")，地方:<none>
呼叫来自：/feature/skill.lpc 的 set_skill() 第 21 行，物件： /d/quanzhen_old/obj/daotong ("道童")，地方:<none>

执行时段错误：*F_SKILL: No such skill (kongmingquan)

程式：/feature/skill.lpc 第 21 行
物件: /d/quanzhen_old/obj/haodatong
呼叫来自：/d/quanzhen_old/obj/haodatong.lpc 的 create() 第 43 行，物件： /d/quanzhen_old/obj/haodatong ("郝大通")，地方:<none>
呼叫来自：/feature/skill.lpc 的 set_skill() 第 21 行，物件： /d/quanzhen_old/obj/haodatong ("郝大通")，地方:<none>

执行时段错误：*Bad argument 1 to EFUN call_other()
Expected: object, string, array,  Got: int(0).

程式：/d/quanzhen_old/obj/m_sword.lpc 第 57 行
物件: /d/quanzhen_old/obj/m_sword
呼叫来自：/d/quanzhen_old/obj/m_sword.lpc 的 create() 第 57 行，物件： /d/quanzhen_old/obj/m_sword ("/d/quanzhen_old/obj/m_sword")，地方:<none>

执行时段错误：*No program in object '/d/quanzhen_old/obj/cloth'!

程式：0 第 0 行
物件: /adm/obj/master

执行时段错误：*No program in object '/d/quanzhen_old/npc/haodatong'!

程式：0 第 0 行
物件: /adm/obj/master

执行时段错误：*Bad argument 1 to EFUN call_other()
Expected: object, string, array,  Got: int(0).

程式：/d/quanzhen_old/npc/obj/m_sword.lpc 第 29 行
物件: /d/quanzhen_old/npc/obj/m_sword
呼叫来自：/d/quanzhen_old/npc/obj/m_sword.lpc 的 create() 第 29 行，物件： /d/quanzhen_old/npc/obj/m_sword ("/d/quanzhen_old/npc/obj/m_sword")，地方:<none>

执行时段错误：*No program in object '/d/quanzhen_old/hudi5'!

程式：0 第 0 行
物件: /adm/obj/master

执行时段错误：*Bad argument 1 to EFUN call_other()
Expected: object, string, array,  Got: int(0).

程式：/inherit/room/room.lpc 第 23 行
物件: /d/quanzhen_old/yadi
呼叫来自：/d/quanzhen_old/yadi.lpc 的 create() 第 25 行，物件： /d/quanzhen_old/yadi，地方:<none>
呼叫来自：/inherit/room/room.lpc 的 setup() 第 189 行，物件： /d/quanzhen_old/yadi，地方:<none>
呼叫来自：/inherit/room/room.lpc 的 reset() 第 71 行，物件： /d/quanzhen_old/yadi，地方:<none>
呼叫来自：/inherit/room/room.lpc 的 make_inventory() 第 23 行，物件： /d/quanzhen_old/yadi，地方:<none>

执行时段错误：*Bad argument 1 to EFUN call_other()
Expected: object, string, array,  Got: int(0).

程式：/inherit/room/room.lpc 第 23 行
物件: /d/gumu/tree
呼叫来自：/d/gumu/tree.lpc 的 create() 第 21 行，物件： /d/gumu/tree，地方:<none>
呼叫来自：/inherit/room/room.lpc 的 setup() 第 189 行，物件： /d/gumu/tree，地方:<none>
呼叫来自：/inherit/room/room.lpc 的 reset() 第 71 行，物件： /d/gumu/tree，地方:<none>
呼叫来自：/inherit/room/room.lpc 的 make_inventory() 第 23 行，物件： /d/gumu/tree，地方:<none>

执行时段错误：*No program in object '/d/gumu/duanchang'!

程式：0 第 0 行
物件: /adm/obj/master

执行时段错误：*Bad argument 1 to EFUN call_other()
Expected: object, string, array,  Got: int(0).

程式：/inherit/room/room.lpc 第 23 行
物件: /d/gumu/jianshi
呼叫来自：/d/gumu/jianshi.lpc 的 create() 第 26 行，物件： /d/gumu/jianshi，地方:<none>
呼叫来自：/inherit/room/room.lpc 的 setup() 第 189 行，物件： /d/gumu/jianshi，地方:<none>
呼叫来自：/inherit/room/room.lpc 的 reset() 第 80 行，物件： /d/gumu/jianshi，地方:<none>
呼叫来自：/inherit/room/room.lpc 的 make_inventory() 第 23 行，物件： /d/gumu/jianshi，地方:<none>

执行时段错误：*Wrong permissions for opening file /u/snow/log for append.
"Is a directory"

程式：/adm/obj/master.lpc 第 138 行
物件: /adm/obj/master
呼叫来自：/adm/obj/master.lpc 的 log_error() 第 138 行，物件： /adm/obj/master，地方:<none>

执行时段错误：*Wrong permissions for opening file /u/snow/log for append.
"Is a directory"

程式：/adm/obj/master.lpc 第 138 行
物件: /adm/obj/master
呼叫来自：/adm/obj/master.lpc 的 log_error() 第 138 行，物件： /adm/obj/master，地方:<none>

执行时段错误：*Wrong permissions for opening file /u/snow/log for append.
"Is a directory"

程式：/adm/obj/master.lpc 第 138 行
物件: /adm/obj/master
呼叫来自：/adm/obj/master.lpc 的 log_error() 第 138 行，物件： /adm/obj/master，地方:<none>

执行时段错误：*Wrong permissions for opening file /u/snow/log for append.
"Is a directory"

程式：/adm/obj/master.lpc 第 138 行
物件: /adm/obj/master
呼叫来自：/adm/obj/master.lpc 的 log_error() 第 138 行，物件： /adm/obj/master，地方:<none>

执行时段错误：*Wrong permissions for opening file /u/snow/log for append.
"Is a directory"

程式：/adm/obj/master.lpc 第 138 行
物件: /adm/obj/master
呼叫来自：/adm/obj/master.lpc 的 log_error() 第 138 行，物件： /adm/obj/master，地方:<none>

执行时段错误：*Wrong permissions for opening file /u/snow/log for append.
"Is a directory"

程式：/adm/obj/master.lpc 第 138 行
物件: /adm/obj/master
呼叫来自：/adm/obj/master.lpc 的 log_error() 第 138 行，物件： /adm/obj/master，地方:<none>

执行时段错误：*Wrong permissions for opening file /u/snow/log for append.
"Is a directory"

程式：/adm/obj/master.lpc 第 138 行
物件: /adm/obj/master
呼叫来自：/adm/obj/master.lpc 的 log_error() 第 138 行，物件： /adm/obj/master，地方:<none>

执行时段错误：*Wrong permissions for opening file /u/snow/log for append.
"Is a directory"

程式：/adm/obj/master.lpc 第 138 行
物件: /adm/obj/master
呼叫来自：/adm/obj/master.lpc 的 log_error() 第 138 行，物件： /adm/obj/master，地方:<none>

执行时段错误：*Wrong permissions for opening file /u/snow/log for append.
"Is a directory"

程式：/adm/obj/master.lpc 第 138 行
物件: /adm/obj/master
呼叫来自：/adm/obj/master.lpc 的 log_error() 第 138 行，物件： /adm/obj/master，地方:<none>

执行时段错误：*No program in object '/u/snow/who'!

程式：0 第 0 行
物件: /adm/obj/master

执行时段错误：*Wrong permissions for opening file /u/snow/log for append.
"Is a directory"

程式：/adm/obj/master.lpc 第 138 行
物件: /adm/obj/master
呼叫来自：/u/snow/wudujiao/chufang.lpc 的 create() 第 30 行，物件： /u/snow/wudujiao/chufang，地方:<none>
呼叫来自：/inherit/room/room.lpc 的 setup() 第 189 行，物件： /u/snow/wudujiao/chufang，地方:<none>
呼叫来自：/inherit/room/room.lpc 的 reset() 第 80 行，物件： /u/snow/wudujiao/chufang，地方:<none>
呼叫来自：/inherit/room/room.lpc 的 make_inventory() 第 22 行，物件： /u/snow/wudujiao/chufang，地方:<none>
呼叫来自：/adm/obj/master.lpc 的 log_error() 第 138 行，物件： /adm/obj/master，地方:<none>

执行时段错误：*Wrong permissions for opening file /u/snow/log for append.
"Is a directory"

程式：/adm/obj/master.lpc 第 138 行
物件: /adm/obj/master
呼叫来自：/adm/obj/master.lpc 的 log_error() 第 138 行，物件： /adm/obj/master，地方:<none>

执行时段错误：*Wrong permissions for opening file /u/snow/log for append.
"Is a directory"

程式：/adm/obj/master.lpc 第 138 行
物件: /adm/obj/master
呼叫来自：/adm/obj/master.lpc 的 log_error() 第 138 行，物件： /adm/obj/master，地方:<none>

执行时段错误：*Wrong permissions for opening file /u/snow/log for append.
"Is a directory"

程式：/adm/obj/master.lpc 第 138 行
物件: /adm/obj/master
呼叫来自：/adm/obj/master.lpc 的 log_error() 第 138 行，物件： /adm/obj/master，地方:<none>

执行时段错误：*Wrong permissions for opening file /u/snow/log for append.
"Is a directory"

程式：/adm/obj/master.lpc 第 138 行
物件: /adm/obj/master
呼叫来自：/adm/obj/master.lpc 的 log_error() 第 138 行，物件： /adm/obj/master，地方:<none>

执行时段错误：*Wrong permissions for opening file /u/snow/log for append.
"Is a directory"

程式：/adm/obj/master.lpc 第 138 行
物件: /adm/obj/master
呼叫来自：/adm/obj/master.lpc 的 log_error() 第 138 行，物件： /adm/obj/master，地方:<none>

执行时段错误：*Wrong permissions for opening file /u/snow/log for append.
"Is a directory"

程式：/adm/obj/master.lpc 第 138 行
物件: /adm/obj/master
呼叫来自：/adm/obj/master.lpc 的 log_error() 第 138 行，物件： /adm/obj/master，地方:<none>

执行时段错误：*Wrong permissions for opening file /u/snow/log for append.
"Is a directory"

程式：/adm/obj/master.lpc 第 138 行
物件: /adm/obj/master
呼叫来自：/adm/obj/master.lpc 的 log_error() 第 138 行，物件： /adm/obj/master，地方:<none>

执行时段错误：*Wrong permissions for opening file /u/snow/log for append.
"Is a directory"

程式：/adm/obj/master.lpc 第 138 行
物件: /adm/obj/master
呼叫来自：/adm/obj/master.lpc 的 log_error() 第 138 行，物件： /adm/obj/master，地方:<none>

执行时段错误：*Wrong permissions for opening file /u/snow/log for append.
"Is a directory"

程式：/adm/obj/master.lpc 第 138 行
物件: /adm/obj/master
呼叫来自：/adm/obj/master.lpc 的 log_error() 第 138 行，物件： /adm/obj/master，地方:<none>

执行时段错误：*Wrong permissions for opening file /u/snow/log for append.
"Is a directory"

程式：/adm/obj/master.lpc 第 138 行
物件: /adm/obj/master
呼叫来自：/adm/obj/master.lpc 的 log_error() 第 138 行，物件： /adm/obj/master，地方:<none>

执行时段错误：*Wrong permissions for opening file /u/snow/log for append.
"Is a directory"

程式：/adm/obj/master.lpc 第 138 行
物件: /adm/obj/master
呼叫来自：/u/snow/wudujiao/xiangfang.lpc 的 create() 第 24 行，物件： /u/snow/wudujiao/xiangfang，地方:<none>
呼叫来自：/inherit/room/room.lpc 的 setup() 第 189 行，物件： /u/snow/wudujiao/xiangfang，地方:<none>
呼叫来自：/inherit/room/room.lpc 的 reset() 第 71 行，物件： /u/snow/wudujiao/xiangfang，地方:<none>
呼叫来自：/inherit/room/room.lpc 的 make_inventory() 第 22 行，物件： /u/snow/wudujiao/xiangfang，地方:<none>
呼叫来自：/adm/obj/master.lpc 的 log_error() 第 138 行，物件： /adm/obj/master，地方:<none>

执行时段错误：*Wrong permissions for opening file /u/snow/log for append.
"Is a directory"

程式：/adm/obj/master.lpc 第 138 行
物件: /adm/obj/master
呼叫来自：/adm/obj/master.lpc 的 log_error() 第 138 行，物件： /adm/obj/master，地方:<none>

执行时段错误：*Wrong permissions for opening file /u/snow/log for append.
"Is a directory"

程式：/adm/obj/master.lpc 第 138 行
物件: /adm/obj/master
呼叫来自：/adm/obj/master.lpc 的 log_error() 第 138 行，物件： /adm/obj/master，地方:<none>

执行时段错误：*Wrong permissions for opening file /u/snow/log for append.
"Is a directory"

程式：/adm/obj/master.lpc 第 138 行
物件: /adm/obj/master
呼叫来自：/adm/obj/master.lpc 的 log_error() 第 138 行，物件： /adm/obj/master，地方:<none>

执行时段错误：*Wrong permissions for opening file /u/snow/log for append.
"Is a directory"

程式：/adm/obj/master.lpc 第 138 行
物件: /adm/obj/master
呼叫来自：/adm/obj/master.lpc 的 log_error() 第 138 行，物件： /adm/obj/master，地方:<none>

执行时段错误：*Wrong permissions for opening file /u/snow/log for append.
"Is a directory"

程式：/adm/obj/master.lpc 第 138 行
物件: /adm/obj/master
呼叫来自：/adm/obj/master.lpc 的 log_error() 第 138 行，物件： /adm/obj/master，地方:<none>

执行时段错误：*Wrong permissions for opening file /u/snow/log for append.
"Is a directory"

程式：/adm/obj/master.lpc 第 138 行
物件: /adm/obj/master
呼叫来自：/adm/obj/master.lpc 的 log_error() 第 138 行，物件： /adm/obj/master，地方:<none>

执行时段错误：*Wrong permissions for opening file /u/snow/log for append.
"Is a directory"

程式：/adm/obj/master.lpc 第 138 行
物件: /adm/obj/master
呼叫来自：/u/snow/wudujiao/wandu3.lpc 的 create() 第 36 行，物件： /u/snow/wudujiao/wandu3，地方:<none>
呼叫来自：/inherit/room/room.lpc 的 setup() 第 189 行，物件： /u/snow/wudujiao/wandu3，地方:<none>
呼叫来自：/inherit/room/room.lpc 的 reset() 第 71 行，物件： /u/snow/wudujiao/wandu3，地方:<none>
呼叫来自：/inherit/room/room.lpc 的 make_inventory() 第 22 行，物件： /u/snow/wudujiao/wandu3，地方:<none>
呼叫来自：/adm/obj/master.lpc 的 log_error() 第 138 行，物件： /adm/obj/master，地方:<none>

执行时段错误：*Wrong permissions for opening file /u/snow/log for append.
"Is a directory"

程式：/adm/obj/master.lpc 第 138 行
物件: /adm/obj/master
呼叫来自：/adm/obj/master.lpc 的 log_error() 第 138 行，物件： /adm/obj/master，地方:<none>

执行时段错误：*Wrong permissions for opening file /u/snow/log for append.
"Is a directory"

程式：/adm/obj/master.lpc 第 138 行
物件: /adm/obj/master
呼叫来自：/adm/obj/master.lpc 的 log_error() 第 138 行，物件： /adm/obj/master，地方:<none>

执行时段错误：*Wrong permissions for opening file /u/snow/log for append.
"Is a directory"

程式：/adm/obj/master.lpc 第 138 行
物件: /adm/obj/master
呼叫来自：/u/snow/wudujiao/huxue1.lpc 的 create() 第 26 行，物件： /u/snow/wudujiao/huxue1，地方:<none>
呼叫来自：/inherit/room/room.lpc 的 setup() 第 189 行，物件： /u/snow/wudujiao/huxue1，地方:<none>
呼叫来自：/inherit/room/room.lpc 的 reset() 第 80 行，物件： /u/snow/wudujiao/huxue1，地方:<none>
呼叫来自：/inherit/room/room.lpc 的 make_inventory() 第 22 行，物件： /u/snow/wudujiao/huxue1，地方:<none>
呼叫来自：/adm/obj/master.lpc 的 log_error() 第 138 行，物件： /adm/obj/master，地方:<none>

执行时段错误：*Wrong permissions for opening file /u/snow/log for append.
"Is a directory"

程式：/adm/obj/master.lpc 第 138 行
物件: /adm/obj/master
呼叫来自：/u/snow/wudujiao/wandu2.lpc 的 create() 第 34 行，物件： /u/snow/wudujiao/wandu2，地方:<none>
呼叫来自：/inherit/room/room.lpc 的 setup() 第 189 行，物件： /u/snow/wudujiao/wandu2，地方:<none>
呼叫来自：/inherit/room/room.lpc 的 reset() 第 71 行，物件： /u/snow/wudujiao/wandu2，地方:<none>
呼叫来自：/inherit/room/room.lpc 的 make_inventory() 第 22 行，物件： /u/snow/wudujiao/wandu2，地方:<none>
呼叫来自：/adm/obj/master.lpc 的 log_error() 第 138 行，物件： /adm/obj/master，地方:<none>

执行时段错误：*Wrong permissions for opening file /u/snow/log for append.
"Is a directory"

程式：/adm/obj/master.lpc 第 138 行
物件: /adm/obj/master
呼叫来自：/adm/obj/master.lpc 的 log_error() 第 138 行，物件： /adm/obj/master，地方:<none>

执行时段错误：*Wrong permissions for opening file /u/snow/log for append.
"Is a directory"

程式：/adm/obj/master.lpc 第 138 行
物件: /adm/obj/master
呼叫来自：/adm/obj/master.lpc 的 log_error() 第 138 行，物件： /adm/obj/master，地方:<none>

执行时段错误：*Wrong permissions for opening file /u/snow/log for append.
"Is a directory"

程式：/adm/obj/master.lpc 第 138 行
物件: /adm/obj/master
呼叫来自：/adm/obj/master.lpc 的 log_error() 第 138 行，物件： /adm/obj/master，地方:<none>

执行时段错误：*Wrong permissions for opening file /u/snow/log for append.
"Is a directory"

程式：/adm/obj/master.lpc 第 138 行
物件: /adm/obj/master
呼叫来自：/u/snow/wudujiao/nanyuan.lpc 的 create() 第 26 行，物件： /u/snow/wudujiao/nanyuan，地方:<none>
呼叫来自：/inherit/room/room.lpc 的 setup() 第 189 行，物件： /u/snow/wudujiao/nanyuan，地方:<none>
呼叫来自：/inherit/room/room.lpc 的 reset() 第 80 行，物件： /u/snow/wudujiao/nanyuan，地方:<none>
呼叫来自：/inherit/room/room.lpc 的 make_inventory() 第 22 行，物件： /u/snow/wudujiao/nanyuan，地方:<none>
呼叫来自：/adm/obj/master.lpc 的 log_error() 第 138 行，物件： /adm/obj/master，地方:<none>

执行时段错误：*Wrong permissions for opening file /u/snow/log for append.
"Is a directory"

程式：/adm/obj/master.lpc 第 138 行
物件: /adm/obj/master
呼叫来自：/adm/obj/master.lpc 的 log_error() 第 138 行，物件： /adm/obj/master，地方:<none>

执行时段错误：*Wrong permissions for opening file /u/snow/log for append.
"Is a directory"

程式：/adm/obj/master.lpc 第 138 行
物件: /adm/obj/master
呼叫来自：/adm/obj/master.lpc 的 log_error() 第 138 行，物件： /adm/obj/master，地方:<none>

执行时段错误：*Wrong permissions for opening file /u/snow/log for append.
"Is a directory"

程式：/adm/obj/master.lpc 第 138 行
物件: /adm/obj/master
呼叫来自：/adm/obj/master.lpc 的 log_error() 第 138 行，物件： /adm/obj/master，地方:<none>

执行时段错误：*Wrong permissions for opening file /u/snow/log for append.
"Is a directory"

程式：/adm/obj/master.lpc 第 138 行
物件: /adm/obj/master
呼叫来自：/adm/obj/master.lpc 的 log_error() 第 138 行，物件： /adm/obj/master，地方:<none>

执行时段错误：*Wrong permissions for opening file /u/snow/log for append.
"Is a directory"

程式：/adm/obj/master.lpc 第 138 行
物件: /adm/obj/master
呼叫来自：/adm/obj/master.lpc 的 log_error() 第 138 行，物件： /adm/obj/master，地方:<none>

执行时段错误：*Wrong permissions for opening file /u/snow/log for append.
"Is a directory"

程式：/adm/obj/master.lpc 第 138 行
物件: /adm/obj/master
呼叫来自：/adm/obj/master.lpc 的 log_error() 第 138 行，物件： /adm/obj/master，地方:<none>

执行时段错误：*Wrong permissions for opening file /u/snow/log for append.
"Is a directory"

程式：/adm/obj/master.lpc 第 138 行
物件: /adm/obj/master
呼叫来自：/adm/obj/master.lpc 的 log_error() 第 138 行，物件： /adm/obj/master，地方:<none>

执行时段错误：*Wrong permissions for opening file /u/snow/log for append.
"Is a directory"

程式：/adm/obj/master.lpc 第 138 行
物件: /adm/obj/master
呼叫来自：/adm/obj/master.lpc 的 log_error() 第 138 行，物件： /adm/obj/master，地方:<none>

执行时段错误：*Wrong permissions for opening file /u/snow/log for append.
"Is a directory"

程式：/adm/obj/master.lpc 第 138 行
物件: /adm/obj/master
呼叫来自：/adm/obj/master.lpc 的 log_error() 第 138 行，物件： /adm/obj/master，地方:<none>

执行时段错误：*Wrong permissions for opening file /u/snow/log for append.
"Is a directory"

程式：/adm/obj/master.lpc 第 138 行
物件: /adm/obj/master
呼叫来自：/adm/obj/master.lpc 的 log_error() 第 138 行，物件： /adm/obj/master，地方:<none>

执行时段错误：*Wrong permissions for opening file /u/snow/log for append.
"Is a directory"

程式：/adm/obj/master.lpc 第 138 行
物件: /adm/obj/master
呼叫来自：/adm/obj/master.lpc 的 log_error() 第 138 行，物件： /adm/obj/master，地方:<none>

执行时段错误：*Wrong permissions for opening file /u/snow/log for append.
"Is a directory"

程式：/adm/obj/master.lpc 第 138 行
物件: /adm/obj/master
呼叫来自：/adm/obj/master.lpc 的 log_error() 第 138 行，物件： /adm/obj/master，地方:<none>

执行时段错误：*Wrong permissions for opening file /u/snow/log for append.
"Is a directory"

程式：/adm/obj/master.lpc 第 138 行
物件: /adm/obj/master
呼叫来自：/adm/obj/master.lpc 的 log_error() 第 138 行，物件： /adm/obj/master，地方:<none>

执行时段错误：*Wrong permissions for opening file /u/snow/log for append.
"Is a directory"

程式：/adm/obj/master.lpc 第 138 行
物件: /adm/obj/master
呼叫来自：/adm/obj/master.lpc 的 log_error() 第 138 行，物件： /adm/obj/master，地方:<none>

执行时段错误：*Wrong permissions for opening file /u/snow/log for append.
"Is a directory"

程式：/adm/obj/master.lpc 第 138 行
物件: /adm/obj/master
呼叫来自：/adm/obj/master.lpc 的 log_error() 第 138 行，物件： /adm/obj/master，地方:<none>

执行时段错误：*Wrong permissions for opening file /u/snow/log for append.
"Is a directory"

程式：/adm/obj/master.lpc 第 138 行
物件: /adm/obj/master
呼叫来自：/adm/obj/master.lpc 的 log_error() 第 138 行，物件： /adm/obj/master，地方:<none>

执行时段错误：*Wrong permissions for opening file /u/snow/log for append.
"Is a directory"

程式：/adm/obj/master.lpc 第 138 行
物件: /adm/obj/master
呼叫来自：/adm/obj/master.lpc 的 log_error() 第 138 行，物件： /adm/obj/master，地方:<none>

执行时段错误：*Wrong permissions for opening file /u/snow/log for append.
"Is a directory"

程式：/adm/obj/master.lpc 第 138 行
物件: /adm/obj/master
呼叫来自：/adm/obj/master.lpc 的 log_error() 第 138 行，物件： /adm/obj/master，地方:<none>

执行时段错误：*Wrong permissions for opening file /u/snow/log for append.
"Is a directory"

程式：/adm/obj/master.lpc 第 138 行
物件: /adm/obj/master
呼叫来自：/adm/obj/master.lpc 的 log_error() 第 138 行，物件： /adm/obj/master，地方:<none>

执行时段错误：*Wrong permissions for opening file /u/snow/log for append.
"Is a directory"

程式：/adm/obj/master.lpc 第 138 行
物件: /adm/obj/master
呼叫来自：/adm/obj/master.lpc 的 log_error() 第 138 行，物件： /adm/obj/master，地方:<none>

执行时段错误：*Wrong permissions for opening file /u/snow/log for append.
"Is a directory"

程式：/adm/obj/master.lpc 第 138 行
物件: /adm/obj/master
呼叫来自：/adm/obj/master.lpc 的 log_error() 第 138 行，物件： /adm/obj/master，地方:<none>

执行时段错误：*Wrong permissions for opening file /u/snow/log for append.
"Is a directory"

程式：/adm/obj/master.lpc 第 138 行
物件: /adm/obj/master
呼叫来自：/adm/obj/master.lpc 的 log_error() 第 138 行，物件： /adm/obj/master，地方:<none>

执行时段错误：*Wrong permissions for opening file /u/snow/log for append.
"Is a directory"

程式：/adm/obj/master.lpc 第 138 行
物件: /adm/obj/master
呼叫来自：/adm/obj/master.lpc 的 log_error() 第 138 行，物件： /adm/obj/master，地方:<none>

执行时段错误：*Wrong permissions for opening file /u/snow/log for append.
"Is a directory"

程式：/adm/obj/master.lpc 第 138 行
物件: /adm/obj/master
呼叫来自：/adm/obj/master.lpc 的 log_error() 第 138 行，物件： /adm/obj/master，地方:<none>

执行时段错误：*Wrong permissions for opening file /u/snow/log for append.
"Is a directory"

程式：/adm/obj/master.lpc 第 138 行
物件: /adm/obj/master
呼叫来自：/u/snow/wudujiao/langwo.lpc 的 create() 第 26 行，物件： /u/snow/wudujiao/langwo，地方:<none>
呼叫来自：/inherit/room/room.lpc 的 setup() 第 189 行，物件： /u/snow/wudujiao/langwo，地方:<none>
呼叫来自：/inherit/room/room.lpc 的 reset() 第 71 行，物件： /u/snow/wudujiao/langwo，地方:<none>
呼叫来自：/inherit/room/room.lpc 的 make_inventory() 第 22 行，物件： /u/snow/wudujiao/langwo，地方:<none>
呼叫来自：/adm/obj/master.lpc 的 log_error() 第 138 行，物件： /adm/obj/master，地方:<none>

执行时段错误：*Wrong permissions for opening file /u/snow/log for append.
"Is a directory"

程式：/adm/obj/master.lpc 第 138 行
物件: /adm/obj/master
呼叫来自：/u/snow/wudujiao/langwo.lpc 的 create() 第 26 行，物件： /u/snow/wudujiao/langwo，地方:<none>
呼叫来自：/inherit/room/room.lpc 的 setup() 第 189 行，物件： /u/snow/wudujiao/langwo，地方:<none>
呼叫来自：/inherit/room/room.lpc 的 reset() 第 80 行，物件： /u/snow/wudujiao/langwo，地方:<none>
呼叫来自：/inherit/room/room.lpc 的 make_inventory() 第 22 行，物件： /u/snow/wudujiao/langwo，地方:<none>
呼叫来自：/adm/obj/master.lpc 的 log_error() 第 138 行，物件： /adm/obj/master，地方:<none>

执行时段错误：*Wrong permissions for opening file /u/snow/log for append.
"Is a directory"

程式：/adm/obj/master.lpc 第 138 行
物件: /adm/obj/master
呼叫来自：/adm/obj/master.lpc 的 log_error() 第 138 行，物件： /adm/obj/master，地方:<none>

执行时段错误：*Wrong permissions for opening file /u/snow/log for append.
"Is a directory"

程式：/adm/obj/master.lpc 第 138 行
物件: /adm/obj/master
呼叫来自：/adm/obj/master.lpc 的 log_error() 第 138 行，物件： /adm/obj/master，地方:<none>

执行时段错误：*Wrong permissions for opening file /u/snow/log for append.
"Is a directory"

程式：/adm/obj/master.lpc 第 138 行
物件: /adm/obj/master
呼叫来自：/adm/obj/master.lpc 的 log_error() 第 138 行，物件： /adm/obj/master，地方:<none>

执行时段错误：*Wrong permissions for opening file /u/snow/log for append.
"Is a directory"

程式：/adm/obj/master.lpc 第 138 行
物件: /adm/obj/master
呼叫来自：/adm/obj/master.lpc 的 log_error() 第 138 行，物件： /adm/obj/master，地方:<none>

执行时段错误：*Wrong permissions for opening file /u/snow/log for append.
"Is a directory"

程式：/adm/obj/master.lpc 第 138 行
物件: /adm/obj/master
呼叫来自：/adm/obj/master.lpc 的 log_error() 第 138 行，物件： /adm/obj/master，地方:<none>

执行时段错误：*Wrong permissions for opening file /u/snow/log for append.
"Is a directory"

程式：/adm/obj/master.lpc 第 138 行
物件: /adm/obj/master
呼叫来自：/adm/obj/master.lpc 的 log_error() 第 138 行，物件： /adm/obj/master，地方:<none>

执行时段错误：*Wrong permissions for opening file /u/snow/log for append.
"Is a directory"

程式：/adm/obj/master.lpc 第 138 行
物件: /adm/obj/master
呼叫来自：/adm/obj/master.lpc 的 log_error() 第 138 行，物件： /adm/obj/master，地方:<none>

执行时段错误：*Wrong permissions for opening file /u/snow/log for append.
"Is a directory"

程式：/adm/obj/master.lpc 第 138 行
物件: /adm/obj/master
呼叫来自：/adm/obj/master.lpc 的 log_error() 第 138 行，物件： /adm/obj/master，地方:<none>

执行时段错误：*Wrong permissions for opening file /u/snow/log for append.
"Is a directory"

程式：/adm/obj/master.lpc 第 138 行
物件: /adm/obj/master
呼叫来自：/adm/obj/master.lpc 的 log_error() 第 138 行，物件： /adm/obj/master，地方:<none>

执行时段错误：*Wrong permissions for opening file /u/snow/log for append.
"Is a directory"

程式：/adm/obj/master.lpc 第 138 行
物件: /adm/obj/master
呼叫来自：/adm/obj/master.lpc 的 log_error() 第 138 行，物件： /adm/obj/master，地方:<none>

执行时段错误：*Wrong permissions for opening file /u/snow/log for append.
"Is a directory"

程式：/adm/obj/master.lpc 第 138 行
物件: /adm/obj/master
呼叫来自：/adm/obj/master.lpc 的 log_error() 第 138 行，物件： /adm/obj/master，地方:<none>

执行时段错误：*Wrong permissions for opening file /u/snow/log for append.
"Is a directory"

程式：/adm/obj/master.lpc 第 138 行
物件: /adm/obj/master
呼叫来自：/adm/obj/master.lpc 的 log_error() 第 138 行，物件： /adm/obj/master，地方:<none>

执行时段错误：*Wrong permissions for opening file /u/snow/log for append.
"Is a directory"

程式：/adm/obj/master.lpc 第 138 行
物件: /adm/obj/master
呼叫来自：/adm/obj/master.lpc 的 log_error() 第 138 行，物件： /adm/obj/master，地方:<none>

执行时段错误：*Wrong permissions for opening file /u/snow/log for append.
"Is a directory"

程式：/adm/obj/master.lpc 第 138 行
物件: /adm/obj/master
呼叫来自：/adm/obj/master.lpc 的 log_error() 第 138 行，物件： /adm/obj/master，地方:<none>

执行时段错误：*Wrong permissions for opening file /u/snow/log for append.
"Is a directory"

程式：/adm/obj/master.lpc 第 138 行
物件: /adm/obj/master
呼叫来自：/adm/obj/master.lpc 的 log_error() 第 138 行，物件： /adm/obj/master，地方:<none>

执行时段错误：*Wrong permissions for opening file /u/snow/log for append.
"Is a directory"

程式：/adm/obj/master.lpc 第 138 行
物件: /adm/obj/master
呼叫来自：/adm/obj/master.lpc 的 log_error() 第 138 行，物件： /adm/obj/master，地方:<none>

执行时段错误：*Wrong permissions for opening file /u/snow/log for append.
"Is a directory"

程式：/adm/obj/master.lpc 第 138 行
物件: /adm/obj/master
呼叫来自：/adm/obj/master.lpc 的 log_error() 第 138 行，物件： /adm/obj/master，地方:<none>

执行时段错误：*Wrong permissions for opening file /u/snow/log for append.
"Is a directory"

程式：/adm/obj/master.lpc 第 138 行
物件: /adm/obj/master
呼叫来自：/adm/obj/master.lpc 的 log_error() 第 138 行，物件： /adm/obj/master，地方:<none>

执行时段错误：*Wrong permissions for opening file /u/snow/log for append.
"Is a directory"

程式：/adm/obj/master.lpc 第 138 行
物件: /adm/obj/master
呼叫来自：/adm/obj/master.lpc 的 log_error() 第 138 行，物件： /adm/obj/master，地方:<none>

执行时段错误：*Wrong permissions for opening file /u/snow/log for append.
"Is a directory"

程式：/adm/obj/master.lpc 第 138 行
物件: /adm/obj/master
呼叫来自：/adm/obj/master.lpc 的 log_error() 第 138 行，物件： /adm/obj/master，地方:<none>

执行时段错误：*Wrong permissions for opening file /u/snow/log for append.
"Is a directory"

程式：/adm/obj/master.lpc 第 138 行
物件: /adm/obj/master
呼叫来自：/adm/obj/master.lpc 的 log_error() 第 138 行，物件： /adm/obj/master，地方:<none>

执行时段错误：*Wrong permissions for opening file /u/snow/log for append.
"Is a directory"

程式：/adm/obj/master.lpc 第 138 行
物件: /adm/obj/master
呼叫来自：/adm/obj/master.lpc 的 log_error() 第 138 行，物件： /adm/obj/master，地方:<none>

执行时段错误：*Wrong permissions for opening file /u/snow/log for append.
"Is a directory"

程式：/adm/obj/master.lpc 第 138 行
物件: /adm/obj/master
呼叫来自：/adm/obj/master.lpc 的 log_error() 第 138 行，物件： /adm/obj/master，地方:<none>

执行时段错误：*Wrong permissions for opening file /u/snow/log for append.
"Is a directory"

程式：/adm/obj/master.lpc 第 138 行
物件: /adm/obj/master
呼叫来自：/adm/obj/master.lpc 的 log_error() 第 138 行，物件： /adm/obj/master，地方:<none>

执行时段错误：*Wrong permissions for opening file /u/snow/log for append.
"Is a directory"

程式：/adm/obj/master.lpc 第 138 行
物件: /adm/obj/master
呼叫来自：/adm/obj/master.lpc 的 log_error() 第 138 行，物件： /adm/obj/master，地方:<none>

执行时段错误：*Wrong permissions for opening file /u/snow/log for append.
"Is a directory"

程式：/adm/obj/master.lpc 第 138 行
物件: /adm/obj/master
呼叫来自：/adm/obj/master.lpc 的 log_error() 第 138 行，物件： /adm/obj/master，地方:<none>

执行时段错误：*Wrong permissions for opening file /u/snow/log for append.
"Is a directory"

程式：/adm/obj/master.lpc 第 138 行
物件: /adm/obj/master
呼叫来自：/adm/obj/master.lpc 的 log_error() 第 138 行，物件： /adm/obj/master，地方:<none>

执行时段错误：*Wrong permissions for opening file /u/snow/log for append.
"Is a directory"

程式：/adm/obj/master.lpc 第 138 行
物件: /adm/obj/master
呼叫来自：/adm/obj/master.lpc 的 log_error() 第 138 行，物件： /adm/obj/master，地方:<none>

执行时段错误：*Wrong permissions for opening file /u/snow/log for append.
"Is a directory"

程式：/adm/obj/master.lpc 第 138 行
物件: /adm/obj/master
呼叫来自：/adm/obj/master.lpc 的 log_error() 第 138 行，物件： /adm/obj/master，地方:<none>

执行时段错误：*Wrong permissions for opening file /u/snow/log for append.
"Is a directory"

程式：/adm/obj/master.lpc 第 138 行
物件: /adm/obj/master
呼叫来自：/adm/obj/master.lpc 的 log_error() 第 138 行，物件： /adm/obj/master，地方:<none>

执行时段错误：*Wrong permissions for opening file /u/snow/log for append.
"Is a directory"

程式：/adm/obj/master.lpc 第 138 行
物件: /adm/obj/master
呼叫来自：/adm/obj/master.lpc 的 log_error() 第 138 行，物件： /adm/obj/master，地方:<none>

执行时段错误：*Wrong permissions for opening file /u/snow/log for append.
"Is a directory"

程式：/adm/obj/master.lpc 第 138 行
物件: /adm/obj/master
呼叫来自：/adm/obj/master.lpc 的 log_error() 第 138 行，物件： /adm/obj/master，地方:<none>

执行时段错误：*Wrong permissions for opening file /u/snow/log for append.
"Is a directory"

程式：/adm/obj/master.lpc 第 138 行
物件: /adm/obj/master
呼叫来自：/adm/obj/master.lpc 的 log_error() 第 138 行，物件： /adm/obj/master，地方:<none>

执行时段错误：*Wrong permissions for opening file /u/snow/log for append.
"Is a directory"

程式：/adm/obj/master.lpc 第 138 行
物件: /adm/obj/master
呼叫来自：/adm/obj/master.lpc 的 log_error() 第 138 行，物件： /adm/obj/master，地方:<none>

执行时段错误：*Wrong permissions for opening file /u/snow/log for append.
"Is a directory"

程式：/adm/obj/master.lpc 第 138 行
物件: /adm/obj/master
呼叫来自：/adm/obj/master.lpc 的 log_error() 第 138 行，物件： /adm/obj/master，地方:<none>

执行时段错误：*Wrong permissions for opening file /u/snow/log for append.
"Is a directory"

程式：/adm/obj/master.lpc 第 138 行
物件: /adm/obj/master
呼叫来自：/adm/obj/master.lpc 的 log_error() 第 138 行，物件： /adm/obj/master，地方:<none>

执行时段错误：*Wrong permissions for opening file /u/snow/log for append.
"Is a directory"

程式：/adm/obj/master.lpc 第 138 行
物件: /adm/obj/master
呼叫来自：/adm/obj/master.lpc 的 log_error() 第 138 行，物件： /adm/obj/master，地方:<none>

执行时段错误：*Wrong permissions for opening file /u/snow/log for append.
"Is a directory"

程式：/adm/obj/master.lpc 第 138 行
物件: /adm/obj/master
呼叫来自：/adm/obj/master.lpc 的 log_error() 第 138 行，物件： /adm/obj/master，地方:<none>

执行时段错误：*Wrong permissions for opening file /u/snow/log for append.
"Is a directory"

程式：/adm/obj/master.lpc 第 138 行
物件: /adm/obj/master
呼叫来自：/adm/obj/master.lpc 的 log_error() 第 138 行，物件： /adm/obj/master，地方:<none>

执行时段错误：*Wrong permissions for opening file /u/snow/log for append.
"Is a directory"

程式：/adm/obj/master.lpc 第 138 行
物件: /adm/obj/master
呼叫来自：/adm/obj/master.lpc 的 log_error() 第 138 行，物件： /adm/obj/master，地方:<none>

执行时段错误：*Wrong permissions for opening file /u/snow/log for append.
"Is a directory"

程式：/adm/obj/master.lpc 第 138 行
物件: /adm/obj/master
呼叫来自：/adm/obj/master.lpc 的 log_error() 第 138 行，物件： /adm/obj/master，地方:<none>

执行时段错误：*Wrong permissions for opening file /u/snow/log for append.
"Is a directory"

程式：/adm/obj/master.lpc 第 138 行
物件: /adm/obj/master
呼叫来自：/adm/obj/master.lpc 的 log_error() 第 138 行，物件： /adm/obj/master，地方:<none>

执行时段错误：*Wrong permissions for opening file /u/snow/log for append.
"Is a directory"

程式：/adm/obj/master.lpc 第 138 行
物件: /adm/obj/master
呼叫来自：/adm/obj/master.lpc 的 log_error() 第 138 行，物件： /adm/obj/master，地方:<none>

执行时段错误：*Wrong permissions for opening file /u/snow/log for append.
"Is a directory"

程式：/adm/obj/master.lpc 第 138 行
物件: /adm/obj/master
呼叫来自：/adm/obj/master.lpc 的 log_error() 第 138 行，物件： /adm/obj/master，地方:<none>

执行时段错误：*Wrong permissions for opening file /u/snow/log for append.
"Is a directory"

程式：/adm/obj/master.lpc 第 138 行
物件: /adm/obj/master
呼叫来自：/adm/obj/master.lpc 的 log_error() 第 138 行，物件： /adm/obj/master，地方:<none>

执行时段错误：*Wrong permissions for opening file /u/snow/log for append.
"Is a directory"

程式：/adm/obj/master.lpc 第 138 行
物件: /adm/obj/master
呼叫来自：/adm/obj/master.lpc 的 log_error() 第 138 行，物件： /adm/obj/master，地方:<none>

执行时段错误：*Wrong permissions for opening file /u/snow/log for append.
"Is a directory"

程式：/adm/obj/master.lpc 第 138 行
物件: /adm/obj/master
呼叫来自：/adm/obj/master.lpc 的 log_error() 第 138 行，物件： /adm/obj/master，地方:<none>

执行时段错误：*Wrong permissions for opening file /u/snow/log for append.
"Is a directory"

程式：/adm/obj/master.lpc 第 138 行
物件: /adm/obj/master
呼叫来自：/adm/obj/master.lpc 的 log_error() 第 138 行，物件： /adm/obj/master，地方:<none>

执行时段错误：*Wrong permissions for opening file /u/snow/log for append.
"Is a directory"

程式：/adm/obj/master.lpc 第 138 行
物件: /adm/obj/master
呼叫来自：/adm/obj/master.lpc 的 log_error() 第 138 行，物件： /adm/obj/master，地方:<none>

执行时段错误：*Wrong permissions for opening file /u/snow/log for append.
"Is a directory"

程式：/adm/obj/master.lpc 第 138 行
物件: /adm/obj/master
呼叫来自：/adm/obj/master.lpc 的 log_error() 第 138 行，物件： /adm/obj/master，地方:<none>

执行时段错误：*Wrong permissions for opening file /u/snow/log for append.
"Is a directory"

程式：/adm/obj/master.lpc 第 138 行
物件: /adm/obj/master
呼叫来自：/adm/obj/master.lpc 的 log_error() 第 138 行，物件： /adm/obj/master，地方:<none>

执行时段错误：*Wrong permissions for opening file /u/snow/log for append.
"Is a directory"

程式：/adm/obj/master.lpc 第 138 行
物件: /adm/obj/master
呼叫来自：/adm/obj/master.lpc 的 log_error() 第 138 行，物件： /adm/obj/master，地方:<none>

执行时段错误：*Wrong permissions for opening file /u/snow/log for append.
"Is a directory"

程式：/adm/obj/master.lpc 第 138 行
物件: /adm/obj/master
呼叫来自：/adm/obj/master.lpc 的 log_error() 第 138 行，物件： /adm/obj/master，地方:<none>

执行时段错误：*Wrong permissions for opening file /u/snow/log for append.
"Is a directory"

程式：/adm/obj/master.lpc 第 138 行
物件: /adm/obj/master
呼叫来自：/adm/obj/master.lpc 的 log_error() 第 138 行，物件： /adm/obj/master，地方:<none>

执行时段错误：*Wrong permissions for opening file /u/snow/log for append.
"Is a directory"

程式：/adm/obj/master.lpc 第 138 行
物件: /adm/obj/master
呼叫来自：/adm/obj/master.lpc 的 log_error() 第 138 行，物件： /adm/obj/master，地方:<none>

执行时段错误：*Wrong permissions for opening file /u/snow/log for append.
"Is a directory"

程式：/adm/obj/master.lpc 第 138 行
物件: /adm/obj/master
呼叫来自：/adm/obj/master.lpc 的 log_error() 第 138 行，物件： /adm/obj/master，地方:<none>

执行时段错误：*Wrong permissions for opening file /u/snow/log for append.
"Is a directory"

程式：/adm/obj/master.lpc 第 138 行
物件: /adm/obj/master
呼叫来自：/adm/obj/master.lpc 的 log_error() 第 138 行，物件： /adm/obj/master，地方:<none>

执行时段错误：*Wrong permissions for opening file /u/snow/log for append.
"Is a directory"

程式：/adm/obj/master.lpc 第 138 行
物件: /adm/obj/master
呼叫来自：/adm/obj/master.lpc 的 log_error() 第 138 行，物件： /adm/obj/master，地方:<none>

执行时段错误：*Wrong permissions for opening file /u/snow/log for append.
"Is a directory"

程式：/adm/obj/master.lpc 第 138 行
物件: /adm/obj/master
呼叫来自：/adm/obj/master.lpc 的 log_error() 第 138 行，物件： /adm/obj/master，地方:<none>

执行时段错误：*Wrong permissions for opening file /u/snow/log for append.
"Is a directory"

程式：/adm/obj/master.lpc 第 138 行
物件: /adm/obj/master
呼叫来自：/adm/obj/master.lpc 的 log_error() 第 138 行，物件： /adm/obj/master，地方:<none>

执行时段错误：*Wrong permissions for opening file /u/snow/log for append.
"Is a directory"

程式：/adm/obj/master.lpc 第 138 行
物件: /adm/obj/master
呼叫来自：/adm/obj/master.lpc 的 log_error() 第 138 行，物件： /adm/obj/master，地方:<none>

执行时段错误：*Wrong permissions for opening file /u/snow/log for append.
"Is a directory"

程式：/adm/obj/master.lpc 第 138 行
物件: /adm/obj/master
呼叫来自：/adm/obj/master.lpc 的 log_error() 第 138 行，物件： /adm/obj/master，地方:<none>

执行时段错误：*Wrong permissions for opening file /u/snow/log for append.
"Is a directory"

程式：/adm/obj/master.lpc 第 138 行
物件: /adm/obj/master
呼叫来自：/adm/obj/master.lpc 的 log_error() 第 138 行，物件： /adm/obj/master，地方:<none>

执行时段错误：*Wrong permissions for opening file /u/snow/log for append.
"Is a directory"

程式：/adm/obj/master.lpc 第 138 行
物件: /adm/obj/master
呼叫来自：/adm/obj/master.lpc 的 log_error() 第 138 行，物件： /adm/obj/master，地方:<none>

执行时段错误：*Wrong permissions for opening file /u/snow/log for append.
"Is a directory"

程式：/adm/obj/master.lpc 第 138 行
物件: /adm/obj/master
呼叫来自：/adm/obj/master.lpc 的 log_error() 第 138 行，物件： /adm/obj/master，地方:<none>

执行时段错误：*Wrong permissions for opening file /u/snow/log for append.
"Is a directory"

程式：/adm/obj/master.lpc 第 138 行
物件: /adm/obj/master
呼叫来自：/adm/obj/master.lpc 的 log_error() 第 138 行，物件： /adm/obj/master，地方:<none>

执行时段错误：*Wrong permissions for opening file /u/snow/log for append.
"Is a directory"

程式：/adm/obj/master.lpc 第 138 行
物件: /adm/obj/master
呼叫来自：/adm/obj/master.lpc 的 log_error() 第 138 行，物件： /adm/obj/master，地方:<none>

执行时段错误：*Wrong permissions for opening file /u/snow/log for append.
"Is a directory"

程式：/adm/obj/master.lpc 第 138 行
物件: /adm/obj/master
呼叫来自：/adm/obj/master.lpc 的 log_error() 第 138 行，物件： /adm/obj/master，地方:<none>

执行时段错误：*Wrong permissions for opening file /u/snow/log for append.
"Is a directory"

程式：/adm/obj/master.lpc 第 138 行
物件: /adm/obj/master
呼叫来自：/adm/obj/master.lpc 的 log_error() 第 138 行，物件： /adm/obj/master，地方:<none>

执行时段错误：*Wrong permissions for opening file /u/snow/log for append.
"Is a directory"

程式：/adm/obj/master.lpc 第 138 行
物件: /adm/obj/master
呼叫来自：/adm/obj/master.lpc 的 log_error() 第 138 行，物件： /adm/obj/master，地方:<none>

执行时段错误：*Wrong permissions for opening file /u/snow/log for append.
"Is a directory"

程式：/adm/obj/master.lpc 第 138 行
物件: /adm/obj/master
呼叫来自：/adm/obj/master.lpc 的 log_error() 第 138 行，物件： /adm/obj/master，地方:<none>

执行时段错误：*Wrong permissions for opening file /u/snow/log for append.
"Is a directory"

程式：/adm/obj/master.lpc 第 138 行
物件: /adm/obj/master
呼叫来自：/adm/obj/master.lpc 的 log_error() 第 138 行，物件： /adm/obj/master，地方:<none>

执行时段错误：*Wrong permissions for opening file /u/snow/log for append.
"Is a directory"

程式：/adm/obj/master.lpc 第 138 行
物件: /adm/obj/master
呼叫来自：/adm/obj/master.lpc 的 log_error() 第 138 行，物件： /adm/obj/master，地方:<none>

执行时段错误：*Wrong permissions for opening file /u/snow/log for append.
"Is a directory"

程式：/adm/obj/master.lpc 第 138 行
物件: /adm/obj/master
呼叫来自：/adm/obj/master.lpc 的 log_error() 第 138 行，物件： /adm/obj/master，地方:<none>

执行时段错误：*Wrong permissions for opening file /u/snow/log for append.
"Is a directory"

程式：/adm/obj/master.lpc 第 138 行
物件: /adm/obj/master
呼叫来自：/adm/obj/master.lpc 的 log_error() 第 138 行，物件： /adm/obj/master，地方:<none>

执行时段错误：*Wrong permissions for opening file /u/snow/log for append.
"Is a directory"

程式：/adm/obj/master.lpc 第 138 行
物件: /adm/obj/master
呼叫来自：/adm/obj/master.lpc 的 log_error() 第 138 行，物件： /adm/obj/master，地方:<none>

执行时段错误：*Wrong permissions for opening file /u/snow/log for append.
"Is a directory"

程式：/adm/obj/master.lpc 第 138 行
物件: /adm/obj/master
呼叫来自：/adm/obj/master.lpc 的 log_error() 第 138 行，物件： /adm/obj/master，地方:<none>

执行时段错误：*Wrong permissions for opening file /u/snow/log for append.
"Is a directory"

程式：/adm/obj/master.lpc 第 138 行
物件: /adm/obj/master
呼叫来自：/adm/obj/master.lpc 的 log_error() 第 138 行，物件： /adm/obj/master，地方:<none>

执行时段错误：*Wrong permissions for opening file /u/snow/log for append.
"Is a directory"

程式：/adm/obj/master.lpc 第 138 行
物件: /adm/obj/master
呼叫来自：/adm/obj/master.lpc 的 log_error() 第 138 行，物件： /adm/obj/master，地方:<none>

执行时段错误：*Wrong permissions for opening file /u/snow/log for append.
"Is a directory"

程式：/adm/obj/master.lpc 第 138 行
物件: /adm/obj/master
呼叫来自：/adm/obj/master.lpc 的 log_error() 第 138 行，物件： /adm/obj/master，地方:<none>

执行时段错误：*Wrong permissions for opening file /u/snow/log for append.
"Is a directory"

程式：/adm/obj/master.lpc 第 138 行
物件: /adm/obj/master
呼叫来自：/adm/obj/master.lpc 的 log_error() 第 138 行，物件： /adm/obj/master，地方:<none>

执行时段错误：*Wrong permissions for opening file /u/snow/log for append.
"Is a directory"

程式：/adm/obj/master.lpc 第 138 行
物件: /adm/obj/master
呼叫来自：/adm/obj/master.lpc 的 log_error() 第 138 行，物件： /adm/obj/master，地方:<none>

执行时段错误：*Wrong permissions for opening file /u/snow/log for append.
"Is a directory"

程式：/adm/obj/master.lpc 第 138 行
物件: /adm/obj/master
呼叫来自：/adm/obj/master.lpc 的 log_error() 第 138 行，物件： /adm/obj/master，地方:<none>

执行时段错误：*Wrong permissions for opening file /u/snow/log for append.
"Is a directory"

程式：/adm/obj/master.lpc 第 138 行
物件: /adm/obj/master
呼叫来自：/adm/obj/master.lpc 的 log_error() 第 138 行，物件： /adm/obj/master，地方:<none>

执行时段错误：*Wrong permissions for opening file /u/snow/log for append.
"Is a directory"

程式：/adm/obj/master.lpc 第 138 行
物件: /adm/obj/master
呼叫来自：/adm/obj/master.lpc 的 log_error() 第 138 行，物件： /adm/obj/master，地方:<none>

执行时段错误：*Wrong permissions for opening file /u/snow/log for append.
"Is a directory"

程式：/adm/obj/master.lpc 第 138 行
物件: /adm/obj/master
呼叫来自：/adm/obj/master.lpc 的 log_error() 第 138 行，物件： /adm/obj/master，地方:<none>

执行时段错误：*Wrong permissions for opening file /u/snow/log for append.
"Is a directory"

程式：/adm/obj/master.lpc 第 138 行
物件: /adm/obj/master
呼叫来自：/adm/obj/master.lpc 的 log_error() 第 138 行，物件： /adm/obj/master，地方:<none>

执行时段错误：*Wrong permissions for opening file /u/snow/log for append.
"Is a directory"

程式：/adm/obj/master.lpc 第 138 行
物件: /adm/obj/master
呼叫来自：/adm/obj/master.lpc 的 log_error() 第 138 行，物件： /adm/obj/master，地方:<none>

执行时段错误：*Wrong permissions for opening file /u/snow/log for append.
"Is a directory"

程式：/adm/obj/master.lpc 第 138 行
物件: /adm/obj/master
呼叫来自：/adm/obj/master.lpc 的 log_error() 第 138 行，物件： /adm/obj/master，地方:<none>

执行时段错误：*Wrong permissions for opening file /u/snow/log for append.
"Is a directory"

程式：/adm/obj/master.lpc 第 138 行
物件: /adm/obj/master
呼叫来自：/adm/obj/master.lpc 的 log_error() 第 138 行，物件： /adm/obj/master，地方:<none>

执行时段错误：*Wrong permissions for opening file /u/snow/log for append.
"Is a directory"

程式：/adm/obj/master.lpc 第 138 行
物件: /adm/obj/master
呼叫来自：/adm/obj/master.lpc 的 log_error() 第 138 行，物件： /adm/obj/master，地方:<none>

执行时段错误：*Wrong permissions for opening file /u/snow/log for append.
"Is a directory"

程式：/adm/obj/master.lpc 第 138 行
物件: /adm/obj/master
呼叫来自：/adm/obj/master.lpc 的 log_error() 第 138 行，物件： /adm/obj/master，地方:<none>

执行时段错误：*Wrong permissions for opening file /u/snow/log for append.
"Is a directory"

程式：/adm/obj/master.lpc 第 138 行
物件: /adm/obj/master
呼叫来自：/adm/obj/master.lpc 的 log_error() 第 138 行，物件： /adm/obj/master，地方:<none>

执行时段错误：*Wrong permissions for opening file /u/snow/log for append.
"Is a directory"

程式：/adm/obj/master.lpc 第 138 行
物件: /adm/obj/master
呼叫来自：/adm/obj/master.lpc 的 log_error() 第 138 行，物件： /adm/obj/master，地方:<none>

执行时段错误：*Wrong permissions for opening file /u/snow/log for append.
"Is a directory"

程式：/adm/obj/master.lpc 第 138 行
物件: /adm/obj/master
呼叫来自：/adm/obj/master.lpc 的 log_error() 第 138 行，物件： /adm/obj/master，地方:<none>

执行时段错误：*Wrong permissions for opening file /u/snow/log for append.
"Is a directory"

程式：/adm/obj/master.lpc 第 138 行
物件: /adm/obj/master
呼叫来自：/adm/obj/master.lpc 的 log_error() 第 138 行，物件： /adm/obj/master，地方:<none>

执行时段错误：*Wrong permissions for opening file /u/snow/log for append.
"Is a directory"

程式：/adm/obj/master.lpc 第 138 行
物件: /adm/obj/master
呼叫来自：/adm/obj/master.lpc 的 log_error() 第 138 行，物件： /adm/obj/master，地方:<none>

执行时段错误：*Wrong permissions for opening file /u/snow/log for append.
"Is a directory"

程式：/adm/obj/master.lpc 第 138 行
物件: /adm/obj/master
呼叫来自：/adm/obj/master.lpc 的 log_error() 第 138 行，物件： /adm/obj/master，地方:<none>

执行时段错误：*Wrong permissions for opening file /u/snow/log for append.
"Is a directory"

程式：/adm/obj/master.lpc 第 138 行
物件: /adm/obj/master
呼叫来自：/adm/obj/master.lpc 的 log_error() 第 138 行，物件： /adm/obj/master，地方:<none>

执行时段错误：*Wrong permissions for opening file /u/snow/log for append.
"Is a directory"

程式：/adm/obj/master.lpc 第 138 行
物件: /adm/obj/master
呼叫来自：/adm/obj/master.lpc 的 log_error() 第 138 行，物件： /adm/obj/master，地方:<none>

执行时段错误：*Wrong permissions for opening file /u/snow/log for append.
"Is a directory"

程式：/adm/obj/master.lpc 第 138 行
物件: /adm/obj/master
呼叫来自：/adm/obj/master.lpc 的 log_error() 第 138 行，物件： /adm/obj/master，地方:<none>

执行时段错误：*Wrong permissions for opening file /u/snow/log for append.
"Is a directory"

程式：/adm/obj/master.lpc 第 138 行
物件: /adm/obj/master
呼叫来自：/adm/obj/master.lpc 的 log_error() 第 138 行，物件： /adm/obj/master，地方:<none>

执行时段错误：*Wrong permissions for opening file /u/snow/log for append.
"Is a directory"

程式：/adm/obj/master.lpc 第 138 行
物件: /adm/obj/master
呼叫来自：/adm/obj/master.lpc 的 log_error() 第 138 行，物件： /adm/obj/master，地方:<none>

执行时段错误：*Wrong permissions for opening file /u/snow/log for append.
"Is a directory"

程式：/adm/obj/master.lpc 第 138 行
物件: /adm/obj/master
呼叫来自：/adm/obj/master.lpc 的 log_error() 第 138 行，物件： /adm/obj/master，地方:<none>

执行时段错误：*Wrong permissions for opening file /u/snow/log for append.
"Is a directory"

程式：/adm/obj/master.lpc 第 138 行
物件: /adm/obj/master
呼叫来自：/adm/obj/master.lpc 的 log_error() 第 138 行，物件： /adm/obj/master，地方:<none>

执行时段错误：*Wrong permissions for opening file /u/snow/log for append.
"Is a directory"

程式：/adm/obj/master.lpc 第 138 行
物件: /adm/obj/master
呼叫来自：/adm/obj/master.lpc 的 log_error() 第 138 行，物件： /adm/obj/master，地方:<none>

执行时段错误：*Wrong permissions for opening file /u/snow/log for append.
"Is a directory"

程式：/adm/obj/master.lpc 第 138 行
物件: /adm/obj/master
呼叫来自：/adm/obj/master.lpc 的 log_error() 第 138 行，物件： /adm/obj/master，地方:<none>

执行时段错误：*Wrong permissions for opening file /u/snow/log for append.
"Is a directory"

程式：/adm/obj/master.lpc 第 138 行
物件: /adm/obj/master
呼叫来自：/adm/obj/master.lpc 的 log_error() 第 138 行，物件： /adm/obj/master，地方:<none>

执行时段错误：*Wrong permissions for opening file /u/snow/log for append.
"Is a directory"

程式：/adm/obj/master.lpc 第 138 行
物件: /adm/obj/master
呼叫来自：/adm/obj/master.lpc 的 log_error() 第 138 行，物件： /adm/obj/master，地方:<none>

执行时段错误：*Wrong permissions for opening file /u/snow/log for append.
"Is a directory"

程式：/adm/obj/master.lpc 第 138 行
物件: /adm/obj/master
呼叫来自：/adm/obj/master.lpc 的 log_error() 第 138 行，物件： /adm/obj/master，地方:<none>

执行时段错误：*Wrong permissions for opening file /u/snow/log for append.
"Is a directory"

程式：/adm/obj/master.lpc 第 138 行
物件: /adm/obj/master
呼叫来自：/adm/obj/master.lpc 的 log_error() 第 138 行，物件： /adm/obj/master，地方:<none>

执行时段错误：*Wrong permissions for opening file /u/snow/log for append.
"Is a directory"

程式：/adm/obj/master.lpc 第 138 行
物件: /adm/obj/master
呼叫来自：/adm/obj/master.lpc 的 log_error() 第 138 行，物件： /adm/obj/master，地方:<none>

执行时段错误：*Wrong permissions for opening file /u/snow/log for append.
"Is a directory"

程式：/adm/obj/master.lpc 第 138 行
物件: /adm/obj/master
呼叫来自：/adm/obj/master.lpc 的 log_error() 第 138 行，物件： /adm/obj/master，地方:<none>

执行时段错误：*Wrong permissions for opening file /u/snow/log for append.
"Is a directory"

程式：/adm/obj/master.lpc 第 138 行
物件: /adm/obj/master
呼叫来自：/adm/obj/master.lpc 的 log_error() 第 138 行，物件： /adm/obj/master，地方:<none>

执行时段错误：*Wrong permissions for opening file /u/snow/log for append.
"Is a directory"

程式：/adm/obj/master.lpc 第 138 行
物件: /adm/obj/master
呼叫来自：/adm/obj/master.lpc 的 log_error() 第 138 行，物件： /adm/obj/master，地方:<none>

执行时段错误：*No program in object '/u/fyue/user'!

程式：0 第 0 行
物件: /adm/obj/master

执行时段错误：*Bad argument 1 to EFUN call_other()
Expected: object, string, array,  Got: int(0).

程式：/inherit/room/room.lpc 第 23 行
物件: /u/fyue/huashan/liangong3
呼叫来自：/u/fyue/huashan/liangong3.lpc 的 create() 第 21 行，物件： /u/fyue/huashan/liangong3，地方:<none>
呼叫来自：/inherit/room/room.lpc 的 setup() 第 189 行，物件： /u/fyue/huashan/liangong3，地方:<none>
呼叫来自：/inherit/room/room.lpc 的 reset() 第 80 行，物件： /u/fyue/huashan/liangong3，地方:<none>
呼叫来自：/inherit/room/room.lpc 的 make_inventory() 第 23 行，物件： /u/fyue/huashan/liangong3，地方:<none>

执行时段错误：*Bad argument 1 to EFUN call_other()
Expected: object, string, array,  Got: int(0).

程式：/inherit/room/room.lpc 第 23 行
物件: /u/fyue/huashan/siguoya
呼叫来自：/u/fyue/huashan/siguoya.lpc 的 create() 第 23 行，物件： /u/fyue/huashan/siguoya，地方:<none>
呼叫来自：/inherit/room/room.lpc 的 setup() 第 189 行，物件： /u/fyue/huashan/siguoya，地方:<none>
呼叫来自：/inherit/room/room.lpc 的 reset() 第 71 行，物件： /u/fyue/huashan/siguoya，地方:<none>
呼叫来自：/inherit/room/room.lpc 的 make_inventory() 第 23 行，物件： /u/fyue/huashan/siguoya，地方:<none>

执行时段错误：*Bad argument 1 to EFUN call_other()
Expected: object, string, array,  Got: int(0).

程式：/inherit/room/room.lpc 第 23 行
物件: /u/fyue/huashan/qianchi
呼叫来自：/u/fyue/huashan/qianchi.lpc 的 create() 第 22 行，物件： /u/fyue/huashan/qianchi，地方:<none>
呼叫来自：/inherit/room/room.lpc 的 setup() 第 189 行，物件： /u/fyue/huashan/qianchi，地方:<none>
呼叫来自：/inherit/room/room.lpc 的 reset() 第 80 行，物件： /u/fyue/huashan/qianchi，地方:<none>
呼叫来自：/inherit/room/room.lpc 的 make_inventory() 第 23 行，物件： /u/fyue/huashan/qianchi，地方:<none>

执行时段错误：*Bad argument 1 to EFUN call_other()
Expected: object, string, array,  Got: int(0).

程式：/inherit/room/room.lpc 第 23 行
物件: /u/fyue/huashan/canglong
呼叫来自：/u/fyue/huashan/canglong.lpc 的 create() 第 29 行，物件： /u/fyue/huashan/canglong，地方:<none>
呼叫来自：/inherit/room/room.lpc 的 setup() 第 189 行，物件： /u/fyue/huashan/canglong，地方:<none>
呼叫来自：/inherit/room/room.lpc 的 reset() 第 71 行，物件： /u/fyue/huashan/canglong，地方:<none>
呼叫来自：/inherit/room/room.lpc 的 make_inventory() 第 23 行，物件： /u/fyue/huashan/canglong，地方:<none>

执行时段错误：*Bad argument 1 to EFUN call_other()
Expected: object, string, array,  Got: int(0).

程式：/inherit/room/room.lpc 第 23 行
物件: /u/fyue/huashan/laojun
呼叫来自：/u/fyue/huashan/laojun.lpc 的 create() 第 21 行，物件： /u/fyue/huashan/laojun，地方:<none>
呼叫来自：/inherit/room/room.lpc 的 setup() 第 189 行，物件： /u/fyue/huashan/laojun，地方:<none>
呼叫来自：/inherit/room/room.lpc 的 reset() 第 71 行，物件： /u/fyue/huashan/laojun，地方:<none>
呼叫来自：/inherit/room/room.lpc 的 make_inventory() 第 23 行，物件： /u/fyue/huashan/laojun，地方:<none>

执行时段错误：*Bad argument 1 to EFUN call_other()
Expected: object, string, array,  Got: int(0).

程式：/inherit/room/room.lpc 第 23 行
物件: /u/fyue/huashan/shaluo
呼叫来自：/u/fyue/huashan/shaluo.lpc 的 create() 第 22 行，物件： /u/fyue/huashan/shaluo，地方:<none>
呼叫来自：/inherit/room/room.lpc 的 setup() 第 189 行，物件： /u/fyue/huashan/shaluo，地方:<none>
呼叫来自：/inherit/room/room.lpc 的 reset() 第 80 行，物件： /u/fyue/huashan/shaluo，地方:<none>
呼叫来自：/inherit/room/room.lpc 的 make_inventory() 第 23 行，物件： /u/fyue/huashan/shaluo，地方:<none>

执行时段错误：*Bad argument 1 to EFUN call_other()
Expected: object, string, array,  Got: int(0).

程式：/inherit/room/room.lpc 第 23 行
物件: /u/fyue/huashan/buwei1
呼叫来自：/u/fyue/huashan/buwei1.lpc 的 create() 第 22 行，物件： /u/fyue/huashan/buwei1，地方:<none>
呼叫来自：/inherit/room/room.lpc 的 setup() 第 189 行，物件： /u/fyue/huashan/buwei1，地方:<none>
呼叫来自：/inherit/room/room.lpc 的 reset() 第 71 行，物件： /u/fyue/huashan/buwei1，地方:<none>
呼叫来自：/inherit/room/room.lpc 的 make_inventory() 第 23 行，物件： /u/fyue/huashan/buwei1，地方:<none>

执行时段错误：*Bad argument 1 to EFUN call_other()
Expected: object, string, array,  Got: int(0).

程式：/inherit/room/room.lpc 第 23 行
物件: /u/fyue/huashan/zhenyue
呼叫来自：/u/fyue/huashan/zhenyue.lpc 的 create() 第 22 行，物件： /u/fyue/huashan/zhenyue，地方:<none>
呼叫来自：/inherit/room/room.lpc 的 setup() 第 189 行，物件： /u/fyue/huashan/zhenyue，地方:<none>
呼叫来自：/inherit/room/room.lpc 的 reset() 第 71 行，物件： /u/fyue/huashan/zhenyue，地方:<none>
呼叫来自：/inherit/room/room.lpc 的 make_inventory() 第 23 行，物件： /u/fyue/huashan/zhenyue，地方:<none>

执行时段错误：*Bad argument 1 to EFUN call_other()
Expected: object, string, array,  Got: int(0).

程式：/inherit/room/room.lpc 第 23 行
物件: /u/fyue/huashan/liangong2
呼叫来自：/u/fyue/huashan/liangong2.lpc 的 create() 第 23 行，物件： /u/fyue/huashan/liangong2，地方:<none>
呼叫来自：/inherit/room/room.lpc 的 setup() 第 189 行，物件： /u/fyue/huashan/liangong2，地方:<none>
呼叫来自：/inherit/room/room.lpc 的 reset() 第 80 行，物件： /u/fyue/huashan/liangong2，地方:<none>
呼叫来自：/inherit/room/room.lpc 的 make_inventory() 第 23 行，物件： /u/fyue/huashan/liangong2，地方:<none>

执行时段错误：*Bad argument 1 to EFUN call_other()
Expected: object, string, array,  Got: int(0).

程式：/inherit/room/room.lpc 第 23 行
物件: /u/fyue/huashan/yunu
呼叫来自：/u/fyue/huashan/yunu.lpc 的 create() 第 25 行，物件： /u/fyue/huashan/yunu，地方:<none>
呼叫来自：/inherit/room/room.lpc 的 setup() 第 189 行，物件： /u/fyue/huashan/yunu，地方:<none>
呼叫来自：/inherit/room/room.lpc 的 reset() 第 71 行，物件： /u/fyue/huashan/yunu，地方:<none>
呼叫来自：/inherit/room/room.lpc 的 make_inventory() 第 23 行，物件： /u/fyue/huashan/yunu，地方:<none>

执行时段错误：*Bad argument 1 to EFUN call_other()
Expected: object, string, array,  Got: int(0).

程式：/inherit/room/room.lpc 第 23 行
物件: /u/fyue/huashan/yuquan
呼叫来自：/u/fyue/huashan/yuquan.lpc 的 create() 第 18 行，物件： /u/fyue/huashan/yuquan，地方:<none>
呼叫来自：/inherit/room/room.lpc 的 setup() 第 189 行，物件： /u/fyue/huashan/yuquan，地方:<none>
呼叫来自：/inherit/room/room.lpc 的 reset() 第 71 行，物件： /u/fyue/huashan/yuquan，地方:<none>
呼叫来自：/inherit/room/room.lpc 的 make_inventory() 第 23 行，物件： /u/fyue/huashan/yuquan，地方:<none>

执行时段错误：*Bad argument 1 to EFUN call_other()
Expected: object, string, array,  Got: int(0).

程式：/inherit/room/room.lpc 第 23 行
物件: /u/fyue/huashan/square
呼叫来自：/u/fyue/huashan/square.lpc 的 create() 第 24 行，物件： /u/fyue/huashan/square，地方:<none>
呼叫来自：/inherit/room/room.lpc 的 setup() 第 189 行，物件： /u/fyue/huashan/square，地方:<none>
呼叫来自：/inherit/room/room.lpc 的 reset() 第 71 行，物件： /u/fyue/huashan/square，地方:<none>
呼叫来自：/inherit/room/room.lpc 的 make_inventory() 第 23 行，物件： /u/fyue/huashan/square，地方:<none>

执行时段错误：*Bad argument 1 to EFUN call_other()
Expected: object, string, array,  Got: int(0).

程式：/inherit/room/room.lpc 第 23 行
物件: /u/fyue/huashan/xiaodian
呼叫来自：/u/fyue/huashan/xiaodian.lpc 的 create() 第 19 行，物件： /u/fyue/huashan/xiaodian，地方:<none>
呼叫来自：/inherit/room/room.lpc 的 setup() 第 189 行，物件： /u/fyue/huashan/xiaodian，地方:<none>
呼叫来自：/inherit/room/room.lpc 的 reset() 第 71 行，物件： /u/fyue/huashan/xiaodian，地方:<none>
呼叫来自：/inherit/room/room.lpc 的 make_inventory() 第 23 行，物件： /u/fyue/huashan/xiaodian，地方:<none>

执行时段错误：*No program in object '/u/fyue/huashan/map'!

程式：0 第 0 行
物件: /adm/obj/master

执行时段错误：*No program in object '/adm/daemons/network/ms'!

程式：0 第 0 行
物件: /adm/obj/master

执行时段错误：*No program in object '/adm/daemons/network/userid'!

程式：0 第 0 行
物件: /adm/obj/master

执行时段错误：*No program in object '/adm/daemons/network/pingtcp'!

程式：0 第 0 行
物件: /adm/obj/master

执行时段错误：*No program in object '/adm/daemons/network/mail_serv'!

程式：0 第 0 行
物件: /adm/obj/master

执行时段错误：*No program in object '/adm/daemons/network/netmail'!

程式：0 第 0 行
物件: /adm/obj/master

执行时段错误：*No program in object '/adm/daemons/network/telnetd'!

程式：0 第 0 行
物件: /adm/obj/master

执行时段错误：*No program in object '/adm/daemons/network/pingd'!

程式：0 第 0 行
物件: /adm/obj/master

执行时段错误：*No program in object '/adm/daemons/network/inetd'!

程式：0 第 0 行
物件: /adm/obj/master

执行时段错误：*No program in object '/adm/obj/simul_efun_bak'!

程式：0 第 0 行
物件: /adm/obj/master

执行时段错误：*No program in object '/meskill/skill_model_unarmed'!

程式：0 第 0 行
物件: /adm/obj/master

执行时段错误：*No program in object '/meskill/skill_model_default'!

程式：0 第 0 行
物件: /adm/obj/master

执行时段错误：*No program in object '/meskill/skill_model_weapon'!

程式：0 第 0 行
物件: /adm/obj/master

执行时段错误：*No program in object '/cmds/usr/whotest'!

程式：0 第 0 行
物件: /adm/obj/master

执行时段错误：*No program in object '/cmds/bos/socket'!

程式：0 第 0 行
物件: /adm/obj/master

执行时段错误：*No program in object '/doc/mudlib/efuns'!

程式：0 第 0 行
物件: /adm/obj/master

执行时段错误：*No program in object '/doc/mudlib/efuns/shiwu'!

程式：0 第 0 行
物件: /adm/obj/master

执行时段错误：*No program in object '/feature/vendor_sale'!

程式：0 第 0 行
物件: /adm/obj/master

执行时段错误：*No program in object '/feature/vendor_sale'!

程式：0 第 0 行
物件: /adm/obj/master

执行时段错误：*Bad argument 1 to EFUN call_other()
Expected: object, string, array,  Got: int(0).

程式：/kungfu/class/gumu/limochou.lpc 第 74 行
物件: /kungfu/class/gumu/limochou
呼叫来自：/kungfu/class/gumu/limochou.lpc 的 create() 第 74 行，物件： /kungfu/class/gumu/limochou ("李莫愁")，地方:<none>

执行时段错误：*Bad argument 1 to EFUN call_other()
Expected: object, string, array,  Got: int(0).

程式：/kungfu/class/gumu/long.lpc 第 75 行
物件: /kungfu/class/gumu/long
呼叫来自：/kungfu/class/gumu/long.lpc 的 create() 第 75 行，物件： /kungfu/class/gumu/long ("小龙女")，地方:<none>

执行时段错误：*Bad argument 1 to EFUN call_other()
Expected: object, string, array,  Got: int(0).

程式：/kungfu/skill/swsb-shou.lpc 第 9 行
物件: /kungfu/skill/swsb-shou
呼叫来自：/kungfu/skill/swsb-shou.lpc 的 #global_init#() 第 9 行，物件： /kungfu/skill/swsb-shou，地方:<none>

执行时段错误：*Bad argument 1 to EFUN call_other()
Expected: object, string, array,  Got: int(0).

程式：/kungfu/skill/wudu-shenzhang.lpc 第 10 行
物件: /kungfu/skill/wudu-shenzhang
呼叫来自：/kungfu/skill/wudu-shenzhang.lpc 的 #global_init#() 第 10 行，物件： /kungfu/skill/wudu-shenzhang，地方:<none>

执行时段错误：*No program in object '/kungfu/skill/iceforce/chillgaze'!

程式：0 第 0 行
物件: /adm/obj/master

执行时段错误：*No program in object '/kungfu/skill/hanbing-mianzhang2'!

程式：0 第 0 行
物件: /adm/obj/master

执行时段错误：*No program in object '/kungfu/skill/huang'!

程式：0 第 0 行
物件: /adm/obj/master

执行时段错误：*No program in object '/kungfu/skill/xixi-unarmed'!

程式：0 第 0 行
物件: /adm/obj/master

执行时段错误：*Bad argument 1 to EFUN call_other()
Expected: object, string, array,  Got: int(0).

程式：/kungfu/skill/xuantie-jianfa.lpc 第 7 行
物件: /kungfu/skill/xuantie-jianfa
呼叫来自：/kungfu/skill/xuantie-jianfa.lpc 的 #global_init#() 第 7 行，物件： /kungfu/skill/xuantie-jianfa，地方:<none>

执行时段错误：*Bad argument 1 to EFUN call_other()
Expected: object, string, array,  Got: int(0).

程式：/kungfu/skill/duanyun-bian.lpc 第 9 行
物件: /kungfu/skill/duanyun-bian
呼叫来自：/kungfu/skill/duanyun-bian.lpc 的 #global_init#() 第 9 行，物件： /kungfu/skill/duanyun-bian，地方:<none>

执行时段错误：*Bad argument 1 to EFUN call_other()
Expected: object, string, array,  Got: int(0).

程式：/kungfu/skill/anranxiaohun-zhang.lpc 第 9 行
物件: /kungfu/skill/anranxiaohun-zhang
呼叫来自：/kungfu/skill/anranxiaohun-zhang.lpc 的 #global_init#() 第 9 行，物件： /kungfu/skill/anranxiaohun-zhang，地方:<none>

执行时段错误：*No program in object '/kungfu/skill/quanzhen-xinfa'!

程式：0 第 0 行
物件: /adm/obj/master

执行时段错误：*No program in object '/quest/murong/qlist3'!

程式：0 第 0 行
物件: /adm/obj/master

执行时段错误：*No program in object '/clone/misc/objmaker'!

程式：0 第 0 行
物件: /adm/obj/master

执行时段错误：*Bad argument 1 to EFUN call_other()
Expected: object, string, array,  Got: int(0).

程式：/inherit/room/room.lpc 第 23 行
物件: /clone/misc/biwu
呼叫来自：/clone/misc/biwu.lpc 的 create() 第 32 行，物件： /clone/misc/biwu，地方:<none>
呼叫来自：/inherit/room/room.lpc 的 setup() 第 189 行，物件： /clone/misc/biwu，地方:<none>
呼叫来自：/inherit/room/room.lpc 的 reset() 第 71 行，物件： /clone/misc/biwu，地方:<none>
呼叫来自：/inherit/room/room.lpc 的 make_inventory() 第 23 行，物件： /clone/misc/biwu，地方:<none>

执行时段错误：*No program in object '/clone/topten/gaoshou'!

程式：0 第 0 行
物件: /adm/obj/master

执行时段错误：*Bad argument 1 to EFUN call_other()
Expected: object, string, array,  Got: int(0).

程式：/clone/npc/robber.lpc 第 40 行
物件: /clone/npc/robber
呼叫来自：/clone/npc/robber.lpc 的 create() 第 40 行，物件： /clone/npc/robber ("蒙面强盗")，地方:<none>

执行时段错误：*Bad argument 1 to EFUN call_other()
Expected: object, string, array,  Got: int(0).

程式：/inherit/room/room.lpc 第 23 行
物件: /d/guanwai/majiu
呼叫来自：/d/guanwai/majiu.lpc 的 create() 第 35 行，物件： /d/guanwai/majiu，地方:<none>
呼叫来自：/inherit/room/room.lpc 的 setup() 第 189 行，物件： /d/guanwai/majiu，地方:<none>
呼叫来自：/inherit/room/room.lpc 的 reset() 第 71 行，物件： /d/guanwai/majiu，地方:<none>
呼叫来自：/inherit/room/room.lpc 的 make_inventory() 第 23 行，物件： /d/guanwai/majiu，地方:<none>

执行时段错误：*No program in object '/d/kaifeng/east'!

程式：0 第 0 行
物件: /adm/obj/master

执行时段错误：*Bad argument 1 to EFUN call_other()
Expected: object, string, array,  Got: int(0).

程式：/d/heimuya/npc/renwoxing.lpc 第 64 行
物件: /d/heimuya/npc/renwoxing
呼叫来自：/d/heimuya/npc/renwoxing.lpc 的 create() 第 64 行，物件： /d/heimuya/npc/renwoxing ("任我行")，地方:<none>

执行时段错误：*Bad argument 1 to EFUN call_other()
Expected: object, string, array,  Got: int(0).

程式：/inherit/room/room.lpc 第 23 行
物件: /d/heimuya/npc/qing
呼叫来自：/d/heimuya/npc/qing.lpc 的 create() 第 17 行，物件： /d/heimuya/npc/qing，地方:<none>
呼叫来自：/inherit/room/room.lpc 的 setup() 第 189 行，物件： /d/heimuya/npc/qing，地方:<none>
呼叫来自：/inherit/room/room.lpc 的 reset() 第 71 行，物件： /d/heimuya/npc/qing，地方:<none>
呼叫来自：/inherit/room/room.lpc 的 make_inventory() 第 23 行，物件： /d/heimuya/npc/qing，地方:<none>

执行时段错误：*Bad argument 1 to EFUN call_other()
Expected: object, string, array,  Got: int(0).

程式：/d/city2/lilishi.lpc 第 56 行
物件: /d/city2/lilishi
呼叫来自：/d/city2/lilishi.lpc 的 create() 第 56 行，物件： /d/city2/lilishi ("李力世")，地方:<none>

执行时段错误：*Bad argument 1 to EFUN call_other()
Expected: object, string, array,  Got: int(0).

程式：/d/city2/obj/luguanji.lpc 第 16 行
物件: /d/city2/obj/luguanji
呼叫来自：/d/city2/obj/luguanji.lpc 的 create() 第 16 行，物件： /d/city2/obj/luguanji ("女管家")，地方:<none>

执行时段错误：*Bad argument 1 to EFUN call_other()
Expected: object, string, array,  Got: int(0).

程式：/d/city2/npc/liling2.lpc 第 148 行
物件: /d/city2/npc/liling2
呼叫来自：/d/city2/npc/liling2.lpc 的 create() 第 148 行，物件： /d/city2/npc/liling2 ("李凌")，地方:<none>

执行时段错误：*No program in object '/d/city2/npc/zhengmen'!

程式：0 第 0 行
物件: /adm/obj/master

执行时段错误：*Bad argument 1 to EFUN call_other()
Expected: object, string, array,  Got: int(0).

程式：/inherit/room/room.lpc 第 23 行
物件: /d/city/xxci2
呼叫来自：/d/city/xxci2.lpc 的 create() 第 25 行，物件： /d/city/xxci2，地方:<none>
呼叫来自：/inherit/room/room.lpc 的 setup() 第 189 行，物件： /d/city/xxci2，地方:<none>
呼叫来自：/inherit/room/room.lpc 的 reset() 第 71 行，物件： /d/city/xxci2，地方:<none>
呼叫来自：/inherit/room/room.lpc 的 make_inventory() 第 23 行，物件： /d/city/xxci2，地方:<none>

执行时段错误：*No program in object '/d/city/npc/zhuziliu'!

程式：0 第 0 行
物件: /adm/obj/master

执行时段错误：*Bad argument 1 to EFUN call_other()
Expected: object, string, array,  Got: int(0).

程式：/inherit/room/room.lpc 第 23 行
物件: /d/city/xxci1
呼叫来自：/d/city/xxci1.lpc 的 create() 第 33 行，物件： /d/city/xxci1，地方:<none>
呼叫来自：/inherit/room/room.lpc 的 setup() 第 189 行，物件： /d/city/xxci1，地方:<none>
呼叫来自：/inherit/room/room.lpc 的 reset() 第 71 行，物件： /d/city/xxci1，地方:<none>
呼叫来自：/inherit/room/room.lpc 的 make_inventory() 第 23 行，物件： /d/city/xxci1，地方:<none>

执行时段错误：*Bad argument 1 to EFUN call_other()
Expected: object, string, array,  Got: int(0).

程式：/d/henshan/npc/yuanziyi.lpc 第 69 行
物件: /d/henshan/npc/yuanziyi
呼叫来自：/d/henshan/chating.lpc 的 create() 第 22 行，物件： /d/henshan/chating，地方:<none>
呼叫来自：/inherit/room/room.lpc 的 setup() 第 189 行，物件： /d/henshan/chating，地方:<none>
呼叫来自：/inherit/room/room.lpc 的 reset() 第 71 行，物件： /d/henshan/chating，地方:<none>
呼叫来自：/inherit/room/room.lpc 的 make_inventory() 第 22 行，物件： /d/henshan/chating，地方:<none>
呼叫来自：/d/henshan/npc/yuanziyi.lpc 的 create() 第 69 行，物件： /d/henshan/npc/yuanziyi ("袁紫衣")，地方:<none>

执行时段错误：*No program in object '/d/mingjiao/banshanyao'!

程式：0 第 0 行
物件: /adm/obj/master

执行时段错误：*Bad argument 1 to EFUN call_other()
Expected: object, string, array,  Got: int(0).

程式：/inherit/room/room.lpc 第 23 行
物件: /d/mingjiao/fangtang
呼叫来自：/d/mingjiao/fangtang.lpc 的 create() 第 38 行，物件： /d/mingjiao/fangtang，地方:<none>
呼叫来自：/inherit/room/room.lpc 的 setup() 第 189 行，物件： /d/mingjiao/fangtang，地方:<none>
呼叫来自：/inherit/room/room.lpc 的 reset() 第 71 行，物件： /d/mingjiao/fangtang，地方:<none>
呼叫来自：/inherit/room/room.lpc 的 make_inventory() 第 23 行，物件： /d/mingjiao/fangtang，地方:<none>

执行时段错误：*Bad argument 1 to EFUN call_other()
Expected: object, string, array,  Got: int(0).

程式：/inherit/room/room.lpc 第 23 行
物件: /d/mingjiao/neishi
呼叫来自：/d/mingjiao/neishi.lpc 的 create() 第 22 行，物件： /d/mingjiao/neishi，地方:<none>
呼叫来自：/inherit/room/room.lpc 的 setup() 第 189 行，物件： /d/mingjiao/neishi，地方:<none>
呼叫来自：/inherit/room/room.lpc 的 reset() 第 71 行，物件： /d/mingjiao/neishi，地方:<none>
呼叫来自：/inherit/room/room.lpc 的 make_inventory() 第 23 行，物件： /d/mingjiao/neishi，地方:<none>

执行时段错误：*Bad argument 1 to EFUN call_other()
Expected: object, string, array,  Got: int(0).

程式：/d/mingjiao/npc/shiwang.lpc 第 61 行
物件: /d/mingjiao/npc/shiwang
呼叫来自：/d/mingjiao/npc/shiwang.lpc 的 create() 第 61 行，物件： /d/mingjiao/npc/shiwang ("谢 逊")，地方:<none>

执行时段错误：*F_SKILL: No such skill (jinshe-jianfa)

程式：/feature/skill.lpc 第 21 行
物件: /d/city3/wenzai/npc/jinshe
呼叫来自：/d/city3/wenzai/npc/jinshe.lpc 的 create() 第 52 行，物件： /d/city3/wenzai/npc/jinshe ("夏雪宜")，地方:<none>
呼叫来自：/feature/skill.lpc 的 set_skill() 第 21 行，物件： /d/city3/wenzai/npc/jinshe ("夏雪宜")，地方:<none>

执行时段错误：*Bad argument 1 to EFUN call_other()
Expected: object, string, array,  Got: int(0).

程式：/d/city3/npc/jian-ke.lpc 第 28 行
物件: /d/city3/npc/jian-ke
呼叫来自：/d/city3/npc/jian-ke.lpc 的 create() 第 28 行，物件： /d/city3/npc/jian-ke ("剑客")，地方:<none>

执行时段错误：*Bad argument 1 to EFUN call_other()
Expected: object, string, array,  Got: int(0).

程式：/d/city3/npc/dao-ke.lpc 第 25 行
物件: /d/city3/npc/dao-ke
呼叫来自：/d/city3/npc/dao-ke.lpc 的 create() 第 25 行，物件： /d/city3/npc/dao-ke ("刀客")，地方:<none>

执行时段错误：*No program in object '/d/quanzhou/npc/tang3'!

程式：0 第 0 行
物件: /adm/obj/master

执行时段错误：*F_SKILL: No such skill (yiyang)

程式：/feature/skill.lpc 第 21 行
物件: /d/wanjiegu/npc/mu
呼叫来自：/d/wanjiegu/stone_room.lpc 的 create() 第 23 行，物件： /d/wanjiegu/stone_room，地方:<none>
呼叫来自：/inherit/room/room.lpc 的 setup() 第 189 行，物件： /d/wanjiegu/stone_room，地方:<none>
呼叫来自：/inherit/room/room.lpc 的 reset() 第 71 行，物件： /d/wanjiegu/stone_room，地方:<none>
呼叫来自：/inherit/room/room.lpc 的 make_inventory() 第 22 行，物件： /d/wanjiegu/stone_room，地方:<none>
呼叫来自：/d/wanjiegu/npc/mu.lpc 的 create() 第 40 行，物件： /d/wanjiegu/npc/mu ("木婉清")，地方:<none>
呼叫来自：/feature/skill.lpc 的 set_skill() 第 21 行，物件： /d/wanjiegu/npc/mu ("木婉清")，地方:<none>

执行时段错误：*F_SKILL: No such skill (yiyang)

程式：/feature/skill.lpc 第 21 行
物件: /d/wanjiegu/npc/monk
呼叫来自：/d/wanjiegu/backyard.lpc 的 create() 第 29 行，物件： /d/wanjiegu/backyard，地方:<none>
呼叫来自：/inherit/room/room.lpc 的 setup() 第 189 行，物件： /d/wanjiegu/backyard，地方:<none>
呼叫来自：/d/wanjiegu/backyard.lpc 的 reset() 第 96 行，物件： /d/wanjiegu/backyard，地方:<none>
呼叫来自：/inherit/room/room.lpc 的 reset() 第 71 行，物件： /d/wanjiegu/backyard，地方:<none>
呼叫来自：/inherit/room/room.lpc 的 make_inventory() 第 22 行，物件： /d/wanjiegu/backyard，地方:<none>
呼叫来自：/d/wanjiegu/npc/monk.lpc 的 create() 第 40 行，物件： /d/wanjiegu/npc/monk ("黄眉老僧")，地方:<none>
呼叫来自：/feature/skill.lpc 的 set_skill() 第 21 行，物件： /d/wanjiegu/npc/monk ("黄眉老僧")，地方:<none>

执行时段错误：*F_SKILL: No such skill (yiyang)

程式：/feature/skill.lpc 第 21 行
物件: /d/wanjiegu/npc/zhong
呼叫来自：/d/wanjiegu/hall.lpc 的 create() 第 24 行，物件： /d/wanjiegu/hall，地方:<none>
呼叫来自：/inherit/room/room.lpc 的 setup() 第 189 行，物件： /d/wanjiegu/hall，地方:<none>
呼叫来自：/inherit/room/room.lpc 的 reset() 第 71 行，物件： /d/wanjiegu/hall，地方:<none>
呼叫来自：/inherit/room/room.lpc 的 make_inventory() 第 22 行，物件： /d/wanjiegu/hall，地方:<none>
呼叫来自：/d/wanjiegu/npc/zhong.lpc 的 create() 第 34 行，物件： /d/wanjiegu/npc/zhong ("钟万仇")，地方:<none>
呼叫来自：/feature/skill.lpc 的 set_skill() 第 21 行，物件： /d/wanjiegu/npc/zhong ("钟万仇")，地方:<none>

执行时段错误：*F_SKILL: No such skill (yiyang)

程式：/feature/skill.lpc 第 21 行
物件: /d/wanjiegu/npc/zhongling
呼叫来自：/d/wanjiegu/bed_room.lpc 的 create() 第 22 行，物件： /d/wanjiegu/bed_room，地方:<none>
呼叫来自：/inherit/room/room.lpc 的 setup() 第 189 行，物件： /d/wanjiegu/bed_room，地方:<none>
呼叫来自：/inherit/room/room.lpc 的 reset() 第 71 行，物件： /d/wanjiegu/bed_room，地方:<none>
呼叫来自：/inherit/room/room.lpc 的 make_inventory() 第 22 行，物件： /d/wanjiegu/bed_room，地方:<none>
呼叫来自：/d/wanjiegu/npc/zhongling.lpc 的 create() 第 45 行，物件： /d/wanjiegu/npc/zhongling ("钟灵")，地方:<none>
呼叫来自：/feature/skill.lpc 的 set_skill() 第 21 行，物件： /d/wanjiegu/npc/zhongling ("钟灵")，地方:<none>

执行时段错误：*F_SKILL: No such skill (yiyang)

程式：/feature/skill.lpc 第 21 行
物件: /d/wanjiegu/npc/gan
呼叫来自：/d/wanjiegu/npc/gan.lpc 的 create() 第 35 行，物件： /d/wanjiegu/npc/gan ("甘宝宝")，地方:<none>
呼叫来自：/feature/skill.lpc 的 set_skill() 第 21 行，物件： /d/wanjiegu/npc/gan ("甘宝宝")，地方:<none>

执行时段错误：*F_SKILL: No such skill (yiyang)

程式：/feature/skill.lpc 第 21 行
物件: /d/wanjiegu/npc/gan#5630
呼叫来自：/d/wanjiegu/xiaoting.lpc 的 create() 第 23 行，物件： /d/wanjiegu/xiaoting，地方:<none>
呼叫来自：/inherit/room/room.lpc 的 setup() 第 189 行，物件： /d/wanjiegu/xiaoting，地方:<none>
呼叫来自：/inherit/room/room.lpc 的 reset() 第 71 行，物件： /d/wanjiegu/xiaoting，地方:<none>
呼叫来自：/inherit/room/room.lpc 的 make_inventory() 第 22 行，物件： /d/wanjiegu/xiaoting，地方:<none>
呼叫来自：/d/wanjiegu/npc/gan.lpc 的 create() 第 35 行，物件： /d/wanjiegu/npc/gan#5630 ("甘宝宝")，地方:<none>
呼叫来自：/feature/skill.lpc 的 set_skill() 第 21 行，物件： /d/wanjiegu/npc/gan#5630 ("甘宝宝")，地方:<none>

执行时段错误：*No program in object '/d/npc/master'!

程式：0 第 0 行
物件: /adm/obj/master

执行时段错误：*Bad argument 1 to EFUN call_other()
Expected: object, string, array,  Got: int(0).

程式：/d/npc/m_weapon/weapon/m_whip.lpc 第 26 行
物件: /d/npc/m_weapon/weapon/m_whip
呼叫来自：/d/npc/m_weapon/weapon/m_whip.lpc 的 create() 第 26 行，物件： /d/npc/m_weapon/weapon/m_whip ("/d/npc/m_weapon/weapon/m_whip")，地方:<none>

执行时段错误：*No program in object '/d/npc/m_weapon/weapon/m_bian'!

程式：0 第 0 行
物件: /adm/obj/master

执行时段错误：*Bad argument 1 to EFUN call_other()
Expected: object, string, array,  Got: int(0).

程式：/d/npc/m_weapon/weapon/m_staff.lpc 第 25 行
物件: /d/npc/m_weapon/weapon/m_staff
呼叫来自：/d/npc/m_weapon/weapon/m_staff.lpc 的 create() 第 25 行，物件： /d/npc/m_weapon/weapon/m_staff ("/d/npc/m_weapon/weapon/m_staff")，地方:<none>

执行时段错误：*Bad argument 1 to EFUN call_other()
Expected: object, string, array,  Got: int(0).

程式：/d/quanzhen/obj/m_sword.lpc 第 57 行
物件: /d/quanzhen/obj/m_sword
呼叫来自：/d/quanzhen/obj/m_sword.lpc 的 create() 第 57 行，物件： /d/quanzhen/obj/m_sword ("/d/quanzhen/obj/m_sword")，地方:<none>

执行时段错误：*Bad argument 1 to EFUN call_other()
Expected: object, string, array,  Got: int(0).

程式：/d/quanzhen/npc/obj/m_sword.lpc 第 29 行
物件: /d/quanzhen/npc/obj/m_sword
呼叫来自：/d/quanzhen/npc/obj/m_sword.lpc 的 create() 第 29 行，物件： /d/quanzhen/npc/obj/m_sword ("/d/quanzhen/npc/obj/m_sword")，地方:<none>

执行时段错误：*Bad argument 1 to EFUN call_other()
Expected: object, string, array,  Got: int(0).

程式：/inherit/room/room.lpc 第 23 行
物件: /d/mr/biaoju
呼叫来自：/d/mr/biaoju.lpc 的 create() 第 18 行，物件： /d/mr/biaoju，地方:<none>
呼叫来自：/inherit/room/room.lpc 的 setup() 第 189 行，物件： /d/mr/biaoju，地方:<none>
呼叫来自：/inherit/room/room.lpc 的 reset() 第 71 行，物件： /d/mr/biaoju，地方:<none>
呼叫来自：/inherit/room/room.lpc 的 make_inventory() 第 23 行，物件： /d/mr/biaoju，地方:<none>

执行时段错误：*No program in object '/d/taishan/xingtang'!

程式：0 第 0 行
物件: /adm/obj/master

执行时段错误：*No program in object '/d/taishan/tang2'!

程式：0 第 0 行
物件: /adm/obj/master

执行时段错误：*No program in object '/d/taishan/tang3'!

程式：0 第 0 行
物件: /adm/obj/master

执行时段错误：*No program in object '/d/huashan/npc/doctor'!

程式：0 第 0 行
物件: /adm/obj/master

执行时段错误：*No program in object '/d/huashan/npc/doctor'!

程式：/inherit/room/room.lpc 第 22 行
物件: /d/huashan/doctorroom
呼叫来自：/d/huashan/doctorroom.lpc 的 create() 第 24 行，物件： /d/huashan/doctorroom，地方:<none>
呼叫来自：/inherit/room/room.lpc 的 setup() 第 189 行，物件： /d/huashan/doctorroom，地方:<none>
呼叫来自：/inherit/room/room.lpc 的 reset() 第 71 行，物件： /d/huashan/doctorroom，地方:<none>
呼叫来自：/inherit/room/room.lpc 的 make_inventory() 第 22 行，物件： /d/huashan/doctorroom，地方:<none>

执行时段错误：*No program in object '/d/huashan/map'!

程式：0 第 0 行
物件: /adm/obj/master

执行时段错误：*Bad argument 1 to EFUN call_other()
Expected: object, string, array,  Got: int(0).

程式：/inherit/room/room.lpc 第 23 行
物件: /d/shaolin/cangku
呼叫来自：/d/shaolin/cangku.lpc 的 create() 第 18 行，物件： /d/shaolin/cangku，地方:<none>
呼叫来自：/inherit/room/room.lpc 的 setup() 第 189 行，物件： /d/shaolin/cangku，地方:<none>
呼叫来自：/inherit/room/room.lpc 的 reset() 第 80 行，物件： /d/shaolin/cangku，地方:<none>
呼叫来自：/inherit/room/room.lpc 的 make_inventory() 第 23 行，物件： /d/shaolin/cangku，地方:<none>

执行时段错误：*Bad argument 1 to EFUN call_other()
Expected: object, string, array,  Got: int(0).

程式：/inherit/room/room.lpc 第 23 行
物件: /d/shaolin/npc/obj/houdian
呼叫来自：/d/shaolin/npc/obj/houdian.lpc 的 create() 第 27 行，物件： /d/shaolin/npc/obj/houdian，地方:<none>
呼叫来自：/inherit/room/room.lpc 的 setup() 第 189 行，物件： /d/shaolin/npc/obj/houdian，地方:<none>
呼叫来自：/inherit/room/room.lpc 的 reset() 第 80 行，物件： /d/shaolin/npc/obj/houdian，地方:<none>
呼叫来自：/inherit/room/room.lpc 的 make_inventory() 第 23 行，物件： /d/shaolin/npc/obj/houdian，地方:<none>

执行时段错误：*Bad argument 1 to EFUN call_other()
Expected: object, string, array,  Got: int(0).

程式：/inherit/room/room.lpc 第 23 行
物件: /d/shaolin/npc/obj/bailongdong
呼叫来自：/d/shaolin/npc/obj/bailongdong.lpc 的 create() 第 57 行，物件： /d/shaolin/npc/obj/bailongdong，地方:<none>
呼叫来自：/inherit/room/room.lpc 的 setup() 第 189 行，物件： /d/shaolin/npc/obj/bailongdong，地方:<none>
呼叫来自：/inherit/room/room.lpc 的 reset() 第 71 行，物件： /d/shaolin/npc/obj/bailongdong，地方:<none>
呼叫来自：/inherit/room/room.lpc 的 make_inventory() 第 23 行，物件： /d/shaolin/npc/obj/bailongdong，地方:<none>

执行时段错误：*No program in object '/d/shaolin/npc/obj/shuitan'!

程式：0 第 0 行
物件: /adm/obj/master

执行时段错误：*Bad argument 1 to EFUN call_other()
Expected: object, string, array,  Got: int(0).

程式：/inherit/room/room.lpc 第 23 行
物件: /d/gaibang/sheyuan
呼叫来自：/d/gaibang/sheyuan.lpc 的 create() 第 23 行，物件： /d/gaibang/sheyuan，地方:<none>
呼叫来自：/inherit/room/room.lpc 的 setup() 第 189 行，物件： /d/gaibang/sheyuan，地方:<none>
呼叫来自：/inherit/room/room.lpc 的 reset() 第 71 行，物件： /d/gaibang/sheyuan，地方:<none>
呼叫来自：/inherit/room/room.lpc 的 make_inventory() 第 23 行，物件： /d/gaibang/sheyuan，地方:<none>

执行时段错误：*Bad argument 1 to EFUN call_other()
Expected: object, string, array,  Got: int(0).

程式：/inherit/room/room.lpc 第 23 行
物件: /d/gaibang/underbj
呼叫来自：/d/gaibang/underbj.lpc 的 create() 第 22 行，物件： /d/gaibang/underbj，地方:<none>
呼叫来自：/inherit/room/room.lpc 的 setup() 第 189 行，物件： /d/gaibang/underbj，地方:<none>
呼叫来自：/inherit/room/room.lpc 的 reset() 第 71 行，物件： /d/gaibang/underbj，地方:<none>
呼叫来自：/inherit/room/room.lpc 的 make_inventory() 第 23 行，物件： /d/gaibang/underbj，地方:<none>

执行时段错误：*Bad argument 1 to EFUN call_other()
Expected: object, string, array,  Got: int(0).

程式：/inherit/room/room.lpc 第 23 行
物件: /d/gaibang/shoushe
呼叫来自：/d/gaibang/shoushe.lpc 的 create() 第 22 行，物件： /d/gaibang/shoushe，地方:<none>
呼叫来自：/inherit/room/room.lpc 的 setup() 第 189 行，物件： /d/gaibang/shoushe，地方:<none>
呼叫来自：/inherit/room/room.lpc 的 reset() 第 71 行，物件： /d/gaibang/shoushe，地方:<none>
呼叫来自：/inherit/room/room.lpc 的 make_inventory() 第 23 行，物件： /d/gaibang/shoushe，地方:<none>

执行时段错误：*Inherited file '/u/fyue/npcskill' does not exist!

程式：0 第 0 行
物件: /adm/obj/master

执行时段错误：*call_other() couldn't find object '/d/shaolin/marry_room'.

程式：/d/emei/user-room/melodies_room.lpc 第 24 行
物件: /d/emei/user-room/melodies_room
呼叫来自：/d/emei/user-room/melodies_room.lpc 的 create() 第 24 行，物件： /d/emei/user-room/melodies_room，地方:<none>

执行时段错误：*call_other() couldn't find object '/d/shaolin/marry_room'.

程式：/d/emei/user-room/melodies/new_room.lpc 第 26 行
物件: /d/emei/user-room/melodies/new_room
呼叫来自：/d/emei/user-room/melodies/new_room.lpc 的 create() 第 26 行，物件： /d/emei/user-room/melodies/new_room，地方:<none>

执行时段错误：*call_other() couldn't find object '/d/shaolin/marry_room'.

程式：/d/emei/user-room/melodies/melodies_room.lpc 第 24 行
物件: /d/emei/user-room/melodies/melodies_room
呼叫来自：/d/emei/user-room/melodies/melodies_room.lpc 的 create() 第 24 行，物件： /d/emei/user-room/melodies/melodies_room，地方:<none>

执行时段错误：*call_other() couldn't find object '/d/shaolin/marry_room'.

程式：/d/emei/user-room/melodies/marry_room.lpc 第 24 行
物件: /d/emei/user-room/melodies/marry_room
呼叫来自：/d/emei/user-room/melodies/marry_room.lpc 的 create() 第 24 行，物件： /d/emei/user-room/melodies/marry_room，地方:<none>

执行时段错误：*No program in object '/d/player/ltsh/npc/saveme'!

程式：0 第 0 行
物件: /adm/obj/master

执行时段错误：*No program in object '/d/player/ltsh/npc/saveme'!

程式：/inherit/room/room.lpc 第 22 行
物件: /d/player/ltsh/tst
呼叫来自：/d/player/ltsh/tst.lpc 的 create() 第 22 行，物件： /d/player/ltsh/tst，地方:<none>
呼叫来自：/inherit/room/room.lpc 的 setup() 第 189 行，物件： /d/player/ltsh/tst，地方:<none>
呼叫来自：/inherit/room/room.lpc 的 reset() 第 71 行，物件： /d/player/ltsh/tst，地方:<none>
呼叫来自：/inherit/room/room.lpc 的 make_inventory() 第 22 行，物件： /d/player/ltsh/tst，地方:<none>

执行时段错误：*Bad argument 1 to EFUN call_other()
Expected: object, string, array,  Got: int(0).

程式：/inherit/room/room.lpc 第 23 行
物件: /d/quanzhen_old/nanyang
呼叫来自：/d/quanzhen_old/nanyang.lpc 的 create() 第 30 行，物件： /d/quanzhen_old/nanyang，地方:<none>
呼叫来自：/inherit/room/room.lpc 的 setup() 第 189 行，物件： /d/quanzhen_old/nanyang，地方:<none>
呼叫来自：/inherit/room/room.lpc 的 reset() 第 71 行，物件： /d/quanzhen_old/nanyang，地方:<none>
呼叫来自：/inherit/room/room.lpc 的 make_inventory() 第 23 行，物件： /d/quanzhen_old/nanyang，地方:<none>

执行时段错误：*F_SKILL: No such skill (kongmingquan)

程式：/feature/skill.lpc 第 21 行
物件: /d/quanzhen_old/obj/liuchuxuan
呼叫来自：/d/quanzhen_old/obj/liuchuxuan.lpc 的 create() 第 49 行，物件： /d/quanzhen_old/obj/liuchuxuan ("刘处玄")，地方:<none>
呼叫来自：/feature/skill.lpc 的 set_skill() 第 21 行，物件： /d/quanzhen_old/obj/liuchuxuan ("刘处玄")，地方:<none>

执行时段错误：*F_SKILL: No such skill (kongmingquan)

程式：/feature/skill.lpc 第 21 行
物件: /d/quanzhen_old/obj/mayu
呼叫来自：/d/quanzhen_old/obj/mayu.lpc 的 create() 第 59 行，物件： /d/quanzhen_old/obj/mayu ("马钰")，地方:<none>
呼叫来自：/feature/skill.lpc 的 set_skill() 第 21 行，物件： /d/quanzhen_old/obj/mayu ("马钰")，地方:<none>

执行时段错误：*F_SKILL: No such skill (kongmingquan)

程式：/feature/skill.lpc 第 21 行
物件: /d/quanzhen_old/obj/daotong
呼叫来自：/d/quanzhen_old/obj/daotong.lpc 的 create() 第 38 行，物件： /d/quanzhen_old/obj/daotong ("道童")，地方:<none>
呼叫来自：/feature/skill.lpc 的 set_skill() 第 21 行，物件： /d/quanzhen_old/obj/daotong ("道童")，地方:<none>

执行时段错误：*F_SKILL: No such skill (kongmingquan)

程式：/feature/skill.lpc 第 21 行
物件: /d/quanzhen_old/obj/haodatong
呼叫来自：/d/quanzhen_old/obj/haodatong.lpc 的 create() 第 43 行，物件： /d/quanzhen_old/obj/haodatong ("郝大通")，地方:<none>
呼叫来自：/feature/skill.lpc 的 set_skill() 第 21 行，物件： /d/quanzhen_old/obj/haodatong ("郝大通")，地方:<none>

执行时段错误：*Bad argument 1 to EFUN call_other()
Expected: object, string, array,  Got: int(0).

程式：/d/quanzhen_old/obj/m_sword.lpc 第 57 行
物件: /d/quanzhen_old/obj/m_sword
呼叫来自：/d/quanzhen_old/obj/m_sword.lpc 的 create() 第 57 行，物件： /d/quanzhen_old/obj/m_sword ("/d/quanzhen_old/obj/m_sword")，地方:<none>

执行时段错误：*No program in object '/d/quanzhen_old/obj/cloth'!

程式：0 第 0 行
物件: /adm/obj/master

执行时段错误：*No program in object '/d/quanzhen_old/npc/haodatong'!

程式：0 第 0 行
物件: /adm/obj/master

执行时段错误：*Bad argument 1 to EFUN call_other()
Expected: object, string, array,  Got: int(0).

程式：/d/quanzhen_old/npc/obj/m_sword.lpc 第 29 行
物件: /d/quanzhen_old/npc/obj/m_sword
呼叫来自：/d/quanzhen_old/npc/obj/m_sword.lpc 的 create() 第 29 行，物件： /d/quanzhen_old/npc/obj/m_sword ("/d/quanzhen_old/npc/obj/m_sword")，地方:<none>

执行时段错误：*Bad argument 1 to EFUN call_other()
Expected: object, string, array,  Got: int(0).

程式：/inherit/room/room.lpc 第 23 行
物件: /d/quanzhen_old/yadi
呼叫来自：/d/quanzhen_old/yadi.lpc 的 create() 第 25 行，物件： /d/quanzhen_old/yadi，地方:<none>
呼叫来自：/inherit/room/room.lpc 的 setup() 第 189 行，物件： /d/quanzhen_old/yadi，地方:<none>
呼叫来自：/inherit/room/room.lpc 的 reset() 第 71 行，物件： /d/quanzhen_old/yadi，地方:<none>
呼叫来自：/inherit/room/room.lpc 的 make_inventory() 第 23 行，物件： /d/quanzhen_old/yadi，地方:<none>

执行时段错误：*Bad argument 1 to EFUN call_other()
Expected: object, string, array,  Got: int(0).

程式：/inherit/room/room.lpc 第 23 行
物件: /d/gumu/tree
呼叫来自：/d/gumu/tree.lpc 的 create() 第 21 行，物件： /d/gumu/tree，地方:<none>
呼叫来自：/inherit/room/room.lpc 的 setup() 第 189 行，物件： /d/gumu/tree，地方:<none>
呼叫来自：/inherit/room/room.lpc 的 reset() 第 71 行，物件： /d/gumu/tree，地方:<none>
呼叫来自：/inherit/room/room.lpc 的 make_inventory() 第 23 行，物件： /d/gumu/tree，地方:<none>

执行时段错误：*No program in object '/d/gumu/duanchang'!

程式：0 第 0 行
物件: /adm/obj/master

执行时段错误：*Bad argument 1 to EFUN call_other()
Expected: object, string, array,  Got: int(0).

程式：/inherit/room/room.lpc 第 23 行
物件: /d/gumu/jianshi
呼叫来自：/d/gumu/jianshi.lpc 的 create() 第 26 行，物件： /d/gumu/jianshi，地方:<none>
呼叫来自：/inherit/room/room.lpc 的 setup() 第 189 行，物件： /d/gumu/jianshi，地方:<none>
呼叫来自：/inherit/room/room.lpc 的 reset() 第 80 行，物件： /d/gumu/jianshi，地方:<none>
呼叫来自：/inherit/room/room.lpc 的 make_inventory() 第 23 行，物件： /d/gumu/jianshi，地方:<none>

执行时段错误：*Wrong permissions for opening file /u/snow/log for append.
"Is a directory"

程式：/adm/obj/master.lpc 第 138 行
物件: /adm/obj/master
呼叫来自：/adm/obj/master.lpc 的 log_error() 第 138 行，物件： /adm/obj/master，地方:<none>

执行时段错误：*Wrong permissions for opening file /u/snow/log for append.
"Is a directory"

程式：/adm/obj/master.lpc 第 138 行
物件: /adm/obj/master
呼叫来自：/adm/obj/master.lpc 的 log_error() 第 138 行，物件： /adm/obj/master，地方:<none>

执行时段错误：*Wrong permissions for opening file /u/snow/log for append.
"Is a directory"

程式：/adm/obj/master.lpc 第 138 行
物件: /adm/obj/master
呼叫来自：/adm/obj/master.lpc 的 log_error() 第 138 行，物件： /adm/obj/master，地方:<none>

执行时段错误：*Wrong permissions for opening file /u/snow/log for append.
"Is a directory"

程式：/adm/obj/master.lpc 第 138 行
物件: /adm/obj/master
呼叫来自：/adm/obj/master.lpc 的 log_error() 第 138 行，物件： /adm/obj/master，地方:<none>

执行时段错误：*Wrong permissions for opening file /u/snow/log for append.
"Is a directory"

程式：/adm/obj/master.lpc 第 138 行
物件: /adm/obj/master
呼叫来自：/adm/obj/master.lpc 的 log_error() 第 138 行，物件： /adm/obj/master，地方:<none>

执行时段错误：*Wrong permissions for opening file /u/snow/log for append.
"Is a directory"

程式：/adm/obj/master.lpc 第 138 行
物件: /adm/obj/master
呼叫来自：/adm/obj/master.lpc 的 log_error() 第 138 行，物件： /adm/obj/master，地方:<none>

执行时段错误：*Wrong permissions for opening file /u/snow/log for append.
"Is a directory"

程式：/adm/obj/master.lpc 第 138 行
物件: /adm/obj/master
呼叫来自：/adm/obj/master.lpc 的 log_error() 第 138 行，物件： /adm/obj/master，地方:<none>

执行时段错误：*Wrong permissions for opening file /u/snow/log for append.
"Is a directory"

程式：/adm/obj/master.lpc 第 138 行
物件: /adm/obj/master
呼叫来自：/adm/obj/master.lpc 的 log_error() 第 138 行，物件： /adm/obj/master，地方:<none>

执行时段错误：*Wrong permissions for opening file /u/snow/log for append.
"Is a directory"

程式：/adm/obj/master.lpc 第 138 行
物件: /adm/obj/master
呼叫来自：/adm/obj/master.lpc 的 log_error() 第 138 行，物件： /adm/obj/master，地方:<none>

执行时段错误：*No program in object '/u/snow/who'!

程式：0 第 0 行
物件: /adm/obj/master

执行时段错误：*Wrong permissions for opening file /u/snow/log for append.
"Is a directory"

程式：/adm/obj/master.lpc 第 138 行
物件: /adm/obj/master
呼叫来自：/u/snow/wudujiao/chufang.lpc 的 create() 第 30 行，物件： /u/snow/wudujiao/chufang，地方:<none>
呼叫来自：/inherit/room/room.lpc 的 setup() 第 189 行，物件： /u/snow/wudujiao/chufang，地方:<none>
呼叫来自：/inherit/room/room.lpc 的 reset() 第 80 行，物件： /u/snow/wudujiao/chufang，地方:<none>
呼叫来自：/inherit/room/room.lpc 的 make_inventory() 第 22 行，物件： /u/snow/wudujiao/chufang，地方:<none>
呼叫来自：/adm/obj/master.lpc 的 log_error() 第 138 行，物件： /adm/obj/master，地方:<none>

执行时段错误：*Wrong permissions for opening file /u/snow/log for append.
"Is a directory"

程式：/adm/obj/master.lpc 第 138 行
物件: /adm/obj/master
呼叫来自：/adm/obj/master.lpc 的 log_error() 第 138 行，物件： /adm/obj/master，地方:<none>

执行时段错误：*Wrong permissions for opening file /u/snow/log for append.
"Is a directory"

程式：/adm/obj/master.lpc 第 138 行
物件: /adm/obj/master
呼叫来自：/adm/obj/master.lpc 的 log_error() 第 138 行，物件： /adm/obj/master，地方:<none>

执行时段错误：*Wrong permissions for opening file /u/snow/log for append.
"Is a directory"

程式：/adm/obj/master.lpc 第 138 行
物件: /adm/obj/master
呼叫来自：/adm/obj/master.lpc 的 log_error() 第 138 行，物件： /adm/obj/master，地方:<none>

执行时段错误：*Wrong permissions for opening file /u/snow/log for append.
"Is a directory"

程式：/adm/obj/master.lpc 第 138 行
物件: /adm/obj/master
呼叫来自：/adm/obj/master.lpc 的 log_error() 第 138 行，物件： /adm/obj/master，地方:<none>

执行时段错误：*Wrong permissions for opening file /u/snow/log for append.
"Is a directory"

程式：/adm/obj/master.lpc 第 138 行
物件: /adm/obj/master
呼叫来自：/adm/obj/master.lpc 的 log_error() 第 138 行，物件： /adm/obj/master，地方:<none>

执行时段错误：*Wrong permissions for opening file /u/snow/log for append.
"Is a directory"

程式：/adm/obj/master.lpc 第 138 行
物件: /adm/obj/master
呼叫来自：/adm/obj/master.lpc 的 log_error() 第 138 行，物件： /adm/obj/master，地方:<none>

执行时段错误：*Wrong permissions for opening file /u/snow/log for append.
"Is a directory"

程式：/adm/obj/master.lpc 第 138 行
物件: /adm/obj/master
呼叫来自：/adm/obj/master.lpc 的 log_error() 第 138 行，物件： /adm/obj/master，地方:<none>

执行时段错误：*Wrong permissions for opening file /u/snow/log for append.
"Is a directory"

程式：/adm/obj/master.lpc 第 138 行
物件: /adm/obj/master
呼叫来自：/adm/obj/master.lpc 的 log_error() 第 138 行，物件： /adm/obj/master，地方:<none>

执行时段错误：*Wrong permissions for opening file /u/snow/log for append.
"Is a directory"

程式：/adm/obj/master.lpc 第 138 行
物件: /adm/obj/master
呼叫来自：/adm/obj/master.lpc 的 log_error() 第 138 行，物件： /adm/obj/master，地方:<none>

执行时段错误：*Wrong permissions for opening file /u/snow/log for append.
"Is a directory"

程式：/adm/obj/master.lpc 第 138 行
物件: /adm/obj/master
呼叫来自：/adm/obj/master.lpc 的 log_error() 第 138 行，物件： /adm/obj/master，地方:<none>

执行时段错误：*Wrong permissions for opening file /u/snow/log for append.
"Is a directory"

程式：/adm/obj/master.lpc 第 138 行
物件: /adm/obj/master
呼叫来自：/u/snow/wudujiao/xiangfang.lpc 的 create() 第 24 行，物件： /u/snow/wudujiao/xiangfang，地方:<none>
呼叫来自：/inherit/room/room.lpc 的 setup() 第 189 行，物件： /u/snow/wudujiao/xiangfang，地方:<none>
呼叫来自：/inherit/room/room.lpc 的 reset() 第 71 行，物件： /u/snow/wudujiao/xiangfang，地方:<none>
呼叫来自：/inherit/room/room.lpc 的 make_inventory() 第 22 行，物件： /u/snow/wudujiao/xiangfang，地方:<none>
呼叫来自：/adm/obj/master.lpc 的 log_error() 第 138 行，物件： /adm/obj/master，地方:<none>

执行时段错误：*Wrong permissions for opening file /u/snow/log for append.
"Is a directory"

程式：/adm/obj/master.lpc 第 138 行
物件: /adm/obj/master
呼叫来自：/adm/obj/master.lpc 的 log_error() 第 138 行，物件： /adm/obj/master，地方:<none>

执行时段错误：*Wrong permissions for opening file /u/snow/log for append.
"Is a directory"

程式：/adm/obj/master.lpc 第 138 行
物件: /adm/obj/master
呼叫来自：/adm/obj/master.lpc 的 log_error() 第 138 行，物件： /adm/obj/master，地方:<none>

执行时段错误：*Wrong permissions for opening file /u/snow/log for append.
"Is a directory"

程式：/adm/obj/master.lpc 第 138 行
物件: /adm/obj/master
呼叫来自：/adm/obj/master.lpc 的 log_error() 第 138 行，物件： /adm/obj/master，地方:<none>

执行时段错误：*Wrong permissions for opening file /u/snow/log for append.
"Is a directory"

程式：/adm/obj/master.lpc 第 138 行
物件: /adm/obj/master
呼叫来自：/adm/obj/master.lpc 的 log_error() 第 138 行，物件： /adm/obj/master，地方:<none>

执行时段错误：*Wrong permissions for opening file /u/snow/log for append.
"Is a directory"

程式：/adm/obj/master.lpc 第 138 行
物件: /adm/obj/master
呼叫来自：/adm/obj/master.lpc 的 log_error() 第 138 行，物件： /adm/obj/master，地方:<none>

执行时段错误：*Wrong permissions for opening file /u/snow/log for append.
"Is a directory"

程式：/adm/obj/master.lpc 第 138 行
物件: /adm/obj/master
呼叫来自：/adm/obj/master.lpc 的 log_error() 第 138 行，物件： /adm/obj/master，地方:<none>

执行时段错误：*Wrong permissions for opening file /u/snow/log for append.
"Is a directory"

程式：/adm/obj/master.lpc 第 138 行
物件: /adm/obj/master
呼叫来自：/u/snow/wudujiao/wandu3.lpc 的 create() 第 36 行，物件： /u/snow/wudujiao/wandu3，地方:<none>
呼叫来自：/inherit/room/room.lpc 的 setup() 第 189 行，物件： /u/snow/wudujiao/wandu3，地方:<none>
呼叫来自：/inherit/room/room.lpc 的 reset() 第 71 行，物件： /u/snow/wudujiao/wandu3，地方:<none>
呼叫来自：/inherit/room/room.lpc 的 make_inventory() 第 22 行，物件： /u/snow/wudujiao/wandu3，地方:<none>
呼叫来自：/adm/obj/master.lpc 的 log_error() 第 138 行，物件： /adm/obj/master，地方:<none>

执行时段错误：*Wrong permissions for opening file /u/snow/log for append.
"Is a directory"

程式：/adm/obj/master.lpc 第 138 行
物件: /adm/obj/master
呼叫来自：/u/snow/wudujiao/wandu3.lpc 的 create() 第 36 行，物件： /u/snow/wudujiao/wandu3，地方:<none>
呼叫来自：/inherit/room/room.lpc 的 setup() 第 189 行，物件： /u/snow/wudujiao/wandu3，地方:<none>
呼叫来自：/inherit/room/room.lpc 的 reset() 第 71 行，物件： /u/snow/wudujiao/wandu3，地方:<none>
呼叫来自：/inherit/room/room.lpc 的 make_inventory() 第 22 行，物件： /u/snow/wudujiao/wandu3，地方:<none>
呼叫来自：/adm/obj/master.lpc 的 log_error() 第 138 行，物件： /adm/obj/master，地方:<none>

执行时段错误：*Wrong permissions for opening file /u/snow/log for append.
"Is a directory"

程式：/adm/obj/master.lpc 第 138 行
物件: /adm/obj/master
呼叫来自：/adm/obj/master.lpc 的 log_error() 第 138 行，物件： /adm/obj/master，地方:<none>

执行时段错误：*Wrong permissions for opening file /u/snow/log for append.
"Is a directory"

程式：/adm/obj/master.lpc 第 138 行
物件: /adm/obj/master
呼叫来自：/adm/obj/master.lpc 的 log_error() 第 138 行，物件： /adm/obj/master，地方:<none>

执行时段错误：*Wrong permissions for opening file /u/snow/log for append.
"Is a directory"

程式：/adm/obj/master.lpc 第 138 行
物件: /adm/obj/master
呼叫来自：/u/snow/wudujiao/huxue1.lpc 的 create() 第 26 行，物件： /u/snow/wudujiao/huxue1，地方:<none>
呼叫来自：/inherit/room/room.lpc 的 setup() 第 189 行，物件： /u/snow/wudujiao/huxue1，地方:<none>
呼叫来自：/inherit/room/room.lpc 的 reset() 第 80 行，物件： /u/snow/wudujiao/huxue1，地方:<none>
呼叫来自：/inherit/room/room.lpc 的 make_inventory() 第 22 行，物件： /u/snow/wudujiao/huxue1，地方:<none>
呼叫来自：/adm/obj/master.lpc 的 log_error() 第 138 行，物件： /adm/obj/master，地方:<none>

执行时段错误：*Wrong permissions for opening file /u/snow/log for append.
"Is a directory"

程式：/adm/obj/master.lpc 第 138 行
物件: /adm/obj/master
呼叫来自：/adm/obj/master.lpc 的 log_error() 第 138 行，物件： /adm/obj/master，地方:<none>

执行时段错误：*Wrong permissions for opening file /u/snow/log for append.
"Is a directory"

程式：/adm/obj/master.lpc 第 138 行
物件: /adm/obj/master
呼叫来自：/adm/obj/master.lpc 的 log_error() 第 138 行，物件： /adm/obj/master，地方:<none>

执行时段错误：*Wrong permissions for opening file /u/snow/log for append.
"Is a directory"

程式：/adm/obj/master.lpc 第 138 行
物件: /adm/obj/master
呼叫来自：/adm/obj/master.lpc 的 log_error() 第 138 行，物件： /adm/obj/master，地方:<none>

执行时段错误：*Wrong permissions for opening file /u/snow/log for append.
"Is a directory"

程式：/adm/obj/master.lpc 第 138 行
物件: /adm/obj/master
呼叫来自：/u/snow/wudujiao/nanyuan.lpc 的 create() 第 26 行，物件： /u/snow/wudujiao/nanyuan，地方:<none>
呼叫来自：/inherit/room/room.lpc 的 setup() 第 189 行，物件： /u/snow/wudujiao/nanyuan，地方:<none>
呼叫来自：/inherit/room/room.lpc 的 reset() 第 80 行，物件： /u/snow/wudujiao/nanyuan，地方:<none>
呼叫来自：/inherit/room/room.lpc 的 make_inventory() 第 22 行，物件： /u/snow/wudujiao/nanyuan，地方:<none>
呼叫来自：/adm/obj/master.lpc 的 log_error() 第 138 行，物件： /adm/obj/master，地方:<none>

执行时段错误：*Wrong permissions for opening file /u/snow/log for append.
"Is a directory"

程式：/adm/obj/master.lpc 第 138 行
物件: /adm/obj/master
呼叫来自：/adm/obj/master.lpc 的 log_error() 第 138 行，物件： /adm/obj/master，地方:<none>

执行时段错误：*Wrong permissions for opening file /u/snow/log for append.
"Is a directory"

程式：/adm/obj/master.lpc 第 138 行
物件: /adm/obj/master
呼叫来自：/adm/obj/master.lpc 的 log_error() 第 138 行，物件： /adm/obj/master，地方:<none>

执行时段错误：*Wrong permissions for opening file /u/snow/log for append.
"Is a directory"

程式：/adm/obj/master.lpc 第 138 行
物件: /adm/obj/master
呼叫来自：/adm/obj/master.lpc 的 log_error() 第 138 行，物件： /adm/obj/master，地方:<none>

执行时段错误：*Wrong permissions for opening file /u/snow/log for append.
"Is a directory"

程式：/adm/obj/master.lpc 第 138 行
物件: /adm/obj/master
呼叫来自：/adm/obj/master.lpc 的 log_error() 第 138 行，物件： /adm/obj/master，地方:<none>

执行时段错误：*Wrong permissions for opening file /u/snow/log for append.
"Is a directory"

程式：/adm/obj/master.lpc 第 138 行
物件: /adm/obj/master
呼叫来自：/adm/obj/master.lpc 的 log_error() 第 138 行，物件： /adm/obj/master，地方:<none>

执行时段错误：*Wrong permissions for opening file /u/snow/log for append.
"Is a directory"

程式：/adm/obj/master.lpc 第 138 行
物件: /adm/obj/master
呼叫来自：/adm/obj/master.lpc 的 log_error() 第 138 行，物件： /adm/obj/master，地方:<none>

执行时段错误：*Wrong permissions for opening file /u/snow/log for append.
"Is a directory"

程式：/adm/obj/master.lpc 第 138 行
物件: /adm/obj/master
呼叫来自：/adm/obj/master.lpc 的 log_error() 第 138 行，物件： /adm/obj/master，地方:<none>

执行时段错误：*Wrong permissions for opening file /u/snow/log for append.
"Is a directory"

程式：/adm/obj/master.lpc 第 138 行
物件: /adm/obj/master
呼叫来自：/adm/obj/master.lpc 的 log_error() 第 138 行，物件： /adm/obj/master，地方:<none>

执行时段错误：*Wrong permissions for opening file /u/snow/log for append.
"Is a directory"

程式：/adm/obj/master.lpc 第 138 行
物件: /adm/obj/master
呼叫来自：/adm/obj/master.lpc 的 log_error() 第 138 行，物件： /adm/obj/master，地方:<none>

执行时段错误：*Wrong permissions for opening file /u/snow/log for append.
"Is a directory"

程式：/adm/obj/master.lpc 第 138 行
物件: /adm/obj/master
呼叫来自：/adm/obj/master.lpc 的 log_error() 第 138 行，物件： /adm/obj/master，地方:<none>

执行时段错误：*Wrong permissions for opening file /u/snow/log for append.
"Is a directory"

程式：/adm/obj/master.lpc 第 138 行
物件: /adm/obj/master
呼叫来自：/adm/obj/master.lpc 的 log_error() 第 138 行，物件： /adm/obj/master，地方:<none>

执行时段错误：*Wrong permissions for opening file /u/snow/log for append.
"Is a directory"

程式：/adm/obj/master.lpc 第 138 行
物件: /adm/obj/master
呼叫来自：/adm/obj/master.lpc 的 log_error() 第 138 行，物件： /adm/obj/master，地方:<none>

执行时段错误：*Wrong permissions for opening file /u/snow/log for append.
"Is a directory"

程式：/adm/obj/master.lpc 第 138 行
物件: /adm/obj/master
呼叫来自：/adm/obj/master.lpc 的 log_error() 第 138 行，物件： /adm/obj/master，地方:<none>

执行时段错误：*Wrong permissions for opening file /u/snow/log for append.
"Is a directory"

程式：/adm/obj/master.lpc 第 138 行
物件: /adm/obj/master
呼叫来自：/adm/obj/master.lpc 的 log_error() 第 138 行，物件： /adm/obj/master，地方:<none>

执行时段错误：*Wrong permissions for opening file /u/snow/log for append.
"Is a directory"

程式：/adm/obj/master.lpc 第 138 行
物件: /adm/obj/master
呼叫来自：/adm/obj/master.lpc 的 log_error() 第 138 行，物件： /adm/obj/master，地方:<none>

执行时段错误：*Wrong permissions for opening file /u/snow/log for append.
"Is a directory"

程式：/adm/obj/master.lpc 第 138 行
物件: /adm/obj/master
呼叫来自：/adm/obj/master.lpc 的 log_error() 第 138 行，物件： /adm/obj/master，地方:<none>

执行时段错误：*Wrong permissions for opening file /u/snow/log for append.
"Is a directory"

程式：/adm/obj/master.lpc 第 138 行
物件: /adm/obj/master
呼叫来自：/adm/obj/master.lpc 的 log_error() 第 138 行，物件： /adm/obj/master，地方:<none>

执行时段错误：*Wrong permissions for opening file /u/snow/log for append.
"Is a directory"

程式：/adm/obj/master.lpc 第 138 行
物件: /adm/obj/master
呼叫来自：/adm/obj/master.lpc 的 log_error() 第 138 行，物件： /adm/obj/master，地方:<none>

执行时段错误：*Wrong permissions for opening file /u/snow/log for append.
"Is a directory"

程式：/adm/obj/master.lpc 第 138 行
物件: /adm/obj/master
呼叫来自：/adm/obj/master.lpc 的 log_error() 第 138 行，物件： /adm/obj/master，地方:<none>

执行时段错误：*Wrong permissions for opening file /u/snow/log for append.
"Is a directory"

程式：/adm/obj/master.lpc 第 138 行
物件: /adm/obj/master
呼叫来自：/adm/obj/master.lpc 的 log_error() 第 138 行，物件： /adm/obj/master，地方:<none>

执行时段错误：*Wrong permissions for opening file /u/snow/log for append.
"Is a directory"

程式：/adm/obj/master.lpc 第 138 行
物件: /adm/obj/master
呼叫来自：/adm/obj/master.lpc 的 log_error() 第 138 行，物件： /adm/obj/master，地方:<none>

执行时段错误：*Wrong permissions for opening file /u/snow/log for append.
"Is a directory"

程式：/adm/obj/master.lpc 第 138 行
物件: /adm/obj/master
呼叫来自：/adm/obj/master.lpc 的 log_error() 第 138 行，物件： /adm/obj/master，地方:<none>

执行时段错误：*Wrong permissions for opening file /u/snow/log for append.
"Is a directory"

程式：/adm/obj/master.lpc 第 138 行
物件: /adm/obj/master
呼叫来自：/adm/obj/master.lpc 的 log_error() 第 138 行，物件： /adm/obj/master，地方:<none>

执行时段错误：*Wrong permissions for opening file /u/snow/log for append.
"Is a directory"

程式：/adm/obj/master.lpc 第 138 行
物件: /adm/obj/master
呼叫来自：/adm/obj/master.lpc 的 log_error() 第 138 行，物件： /adm/obj/master，地方:<none>

执行时段错误：*Wrong permissions for opening file /u/snow/log for append.
"Is a directory"

程式：/adm/obj/master.lpc 第 138 行
物件: /adm/obj/master
呼叫来自：/u/snow/wudujiao/langwo.lpc 的 create() 第 26 行，物件： /u/snow/wudujiao/langwo，地方:<none>
呼叫来自：/inherit/room/room.lpc 的 setup() 第 189 行，物件： /u/snow/wudujiao/langwo，地方:<none>
呼叫来自：/inherit/room/room.lpc 的 reset() 第 71 行，物件： /u/snow/wudujiao/langwo，地方:<none>
呼叫来自：/inherit/room/room.lpc 的 make_inventory() 第 22 行，物件： /u/snow/wudujiao/langwo，地方:<none>
呼叫来自：/adm/obj/master.lpc 的 log_error() 第 138 行，物件： /adm/obj/master，地方:<none>

执行时段错误：*Wrong permissions for opening file /u/snow/log for append.
"Is a directory"

程式：/adm/obj/master.lpc 第 138 行
物件: /adm/obj/master
呼叫来自：/u/snow/wudujiao/langwo.lpc 的 create() 第 26 行，物件： /u/snow/wudujiao/langwo，地方:<none>
呼叫来自：/inherit/room/room.lpc 的 setup() 第 189 行，物件： /u/snow/wudujiao/langwo，地方:<none>
呼叫来自：/inherit/room/room.lpc 的 reset() 第 80 行，物件： /u/snow/wudujiao/langwo，地方:<none>
呼叫来自：/inherit/room/room.lpc 的 make_inventory() 第 22 行，物件： /u/snow/wudujiao/langwo，地方:<none>
呼叫来自：/adm/obj/master.lpc 的 log_error() 第 138 行，物件： /adm/obj/master，地方:<none>

执行时段错误：*Wrong permissions for opening file /u/snow/log for append.
"Is a directory"

程式：/adm/obj/master.lpc 第 138 行
物件: /adm/obj/master
呼叫来自：/adm/obj/master.lpc 的 log_error() 第 138 行，物件： /adm/obj/master，地方:<none>

执行时段错误：*Wrong permissions for opening file /u/snow/log for append.
"Is a directory"

程式：/adm/obj/master.lpc 第 138 行
物件: /adm/obj/master
呼叫来自：/adm/obj/master.lpc 的 log_error() 第 138 行，物件： /adm/obj/master，地方:<none>

执行时段错误：*Wrong permissions for opening file /u/snow/log for append.
"Is a directory"

程式：/adm/obj/master.lpc 第 138 行
物件: /adm/obj/master
呼叫来自：/adm/obj/master.lpc 的 log_error() 第 138 行，物件： /adm/obj/master，地方:<none>

执行时段错误：*Wrong permissions for opening file /u/snow/log for append.
"Is a directory"

程式：/adm/obj/master.lpc 第 138 行
物件: /adm/obj/master
呼叫来自：/adm/obj/master.lpc 的 log_error() 第 138 行，物件： /adm/obj/master，地方:<none>

执行时段错误：*Wrong permissions for opening file /u/snow/log for append.
"Is a directory"

程式：/adm/obj/master.lpc 第 138 行
物件: /adm/obj/master
呼叫来自：/adm/obj/master.lpc 的 log_error() 第 138 行，物件： /adm/obj/master，地方:<none>

执行时段错误：*Wrong permissions for opening file /u/snow/log for append.
"Is a directory"

程式：/adm/obj/master.lpc 第 138 行
物件: /adm/obj/master
呼叫来自：/adm/obj/master.lpc 的 log_error() 第 138 行，物件： /adm/obj/master，地方:<none>

执行时段错误：*Wrong permissions for opening file /u/snow/log for append.
"Is a directory"

程式：/adm/obj/master.lpc 第 138 行
物件: /adm/obj/master
呼叫来自：/adm/obj/master.lpc 的 log_error() 第 138 行，物件： /adm/obj/master，地方:<none>

执行时段错误：*Wrong permissions for opening file /u/snow/log for append.
"Is a directory"

程式：/adm/obj/master.lpc 第 138 行
物件: /adm/obj/master
呼叫来自：/adm/obj/master.lpc 的 log_error() 第 138 行，物件： /adm/obj/master，地方:<none>

执行时段错误：*Wrong permissions for opening file /u/snow/log for append.
"Is a directory"

程式：/adm/obj/master.lpc 第 138 行
物件: /adm/obj/master
呼叫来自：/adm/obj/master.lpc 的 log_error() 第 138 行，物件： /adm/obj/master，地方:<none>

执行时段错误：*Wrong permissions for opening file /u/snow/log for append.
"Is a directory"

程式：/adm/obj/master.lpc 第 138 行
物件: /adm/obj/master
呼叫来自：/adm/obj/master.lpc 的 log_error() 第 138 行，物件： /adm/obj/master，地方:<none>

执行时段错误：*Wrong permissions for opening file /u/snow/log for append.
"Is a directory"

程式：/adm/obj/master.lpc 第 138 行
物件: /adm/obj/master
呼叫来自：/adm/obj/master.lpc 的 log_error() 第 138 行，物件： /adm/obj/master，地方:<none>

执行时段错误：*Wrong permissions for opening file /u/snow/log for append.
"Is a directory"

程式：/adm/obj/master.lpc 第 138 行
物件: /adm/obj/master
呼叫来自：/adm/obj/master.lpc 的 log_error() 第 138 行，物件： /adm/obj/master，地方:<none>

执行时段错误：*Wrong permissions for opening file /u/snow/log for append.
"Is a directory"

程式：/adm/obj/master.lpc 第 138 行
物件: /adm/obj/master
呼叫来自：/adm/obj/master.lpc 的 log_error() 第 138 行，物件： /adm/obj/master，地方:<none>

执行时段错误：*Wrong permissions for opening file /u/snow/log for append.
"Is a directory"

程式：/adm/obj/master.lpc 第 138 行
物件: /adm/obj/master
呼叫来自：/adm/obj/master.lpc 的 log_error() 第 138 行，物件： /adm/obj/master，地方:<none>

执行时段错误：*Wrong permissions for opening file /u/snow/log for append.
"Is a directory"

程式：/adm/obj/master.lpc 第 138 行
物件: /adm/obj/master
呼叫来自：/adm/obj/master.lpc 的 log_error() 第 138 行，物件： /adm/obj/master，地方:<none>

执行时段错误：*Wrong permissions for opening file /u/snow/log for append.
"Is a directory"

程式：/adm/obj/master.lpc 第 138 行
物件: /adm/obj/master
呼叫来自：/adm/obj/master.lpc 的 log_error() 第 138 行，物件： /adm/obj/master，地方:<none>

执行时段错误：*Wrong permissions for opening file /u/snow/log for append.
"Is a directory"

程式：/adm/obj/master.lpc 第 138 行
物件: /adm/obj/master
呼叫来自：/adm/obj/master.lpc 的 log_error() 第 138 行，物件： /adm/obj/master，地方:<none>

执行时段错误：*Wrong permissions for opening file /u/snow/log for append.
"Is a directory"

程式：/adm/obj/master.lpc 第 138 行
物件: /adm/obj/master
呼叫来自：/adm/obj/master.lpc 的 log_error() 第 138 行，物件： /adm/obj/master，地方:<none>

执行时段错误：*Wrong permissions for opening file /u/snow/log for append.
"Is a directory"

程式：/adm/obj/master.lpc 第 138 行
物件: /adm/obj/master
呼叫来自：/adm/obj/master.lpc 的 log_error() 第 138 行，物件： /adm/obj/master，地方:<none>

执行时段错误：*Wrong permissions for opening file /u/snow/log for append.
"Is a directory"

程式：/adm/obj/master.lpc 第 138 行
物件: /adm/obj/master
呼叫来自：/adm/obj/master.lpc 的 log_error() 第 138 行，物件： /adm/obj/master，地方:<none>

执行时段错误：*Wrong permissions for opening file /u/snow/log for append.
"Is a directory"

程式：/adm/obj/master.lpc 第 138 行
物件: /adm/obj/master
呼叫来自：/adm/obj/master.lpc 的 log_error() 第 138 行，物件： /adm/obj/master，地方:<none>

执行时段错误：*Wrong permissions for opening file /u/snow/log for append.
"Is a directory"

程式：/adm/obj/master.lpc 第 138 行
物件: /adm/obj/master
呼叫来自：/adm/obj/master.lpc 的 log_error() 第 138 行，物件： /adm/obj/master，地方:<none>

执行时段错误：*Wrong permissions for opening file /u/snow/log for append.
"Is a directory"

程式：/adm/obj/master.lpc 第 138 行
物件: /adm/obj/master
呼叫来自：/adm/obj/master.lpc 的 log_error() 第 138 行，物件： /adm/obj/master，地方:<none>

执行时段错误：*Wrong permissions for opening file /u/snow/log for append.
"Is a directory"

程式：/adm/obj/master.lpc 第 138 行
物件: /adm/obj/master
呼叫来自：/adm/obj/master.lpc 的 log_error() 第 138 行，物件： /adm/obj/master，地方:<none>

执行时段错误：*Wrong permissions for opening file /u/snow/log for append.
"Is a directory"

程式：/adm/obj/master.lpc 第 138 行
物件: /adm/obj/master
呼叫来自：/adm/obj/master.lpc 的 log_error() 第 138 行，物件： /adm/obj/master，地方:<none>

执行时段错误：*Wrong permissions for opening file /u/snow/log for append.
"Is a directory"

程式：/adm/obj/master.lpc 第 138 行
物件: /adm/obj/master
呼叫来自：/adm/obj/master.lpc 的 log_error() 第 138 行，物件： /adm/obj/master，地方:<none>

执行时段错误：*Wrong permissions for opening file /u/snow/log for append.
"Is a directory"

程式：/adm/obj/master.lpc 第 138 行
物件: /adm/obj/master
呼叫来自：/adm/obj/master.lpc 的 log_error() 第 138 行，物件： /adm/obj/master，地方:<none>

执行时段错误：*Wrong permissions for opening file /u/snow/log for append.
"Is a directory"

程式：/adm/obj/master.lpc 第 138 行
物件: /adm/obj/master
呼叫来自：/adm/obj/master.lpc 的 log_error() 第 138 行，物件： /adm/obj/master，地方:<none>

执行时段错误：*Wrong permissions for opening file /u/snow/log for append.
"Is a directory"

程式：/adm/obj/master.lpc 第 138 行
物件: /adm/obj/master
呼叫来自：/adm/obj/master.lpc 的 log_error() 第 138 行，物件： /adm/obj/master，地方:<none>

执行时段错误：*Wrong permissions for opening file /u/snow/log for append.
"Is a directory"

程式：/adm/obj/master.lpc 第 138 行
物件: /adm/obj/master
呼叫来自：/adm/obj/master.lpc 的 log_error() 第 138 行，物件： /adm/obj/master，地方:<none>

执行时段错误：*Wrong permissions for opening file /u/snow/log for append.
"Is a directory"

程式：/adm/obj/master.lpc 第 138 行
物件: /adm/obj/master
呼叫来自：/adm/obj/master.lpc 的 log_error() 第 138 行，物件： /adm/obj/master，地方:<none>

执行时段错误：*Wrong permissions for opening file /u/snow/log for append.
"Is a directory"

程式：/adm/obj/master.lpc 第 138 行
物件: /adm/obj/master
呼叫来自：/adm/obj/master.lpc 的 log_error() 第 138 行，物件： /adm/obj/master，地方:<none>

执行时段错误：*Wrong permissions for opening file /u/snow/log for append.
"Is a directory"

程式：/adm/obj/master.lpc 第 138 行
物件: /adm/obj/master
呼叫来自：/adm/obj/master.lpc 的 log_error() 第 138 行，物件： /adm/obj/master，地方:<none>

执行时段错误：*Wrong permissions for opening file /u/snow/log for append.
"Is a directory"

程式：/adm/obj/master.lpc 第 138 行
物件: /adm/obj/master
呼叫来自：/adm/obj/master.lpc 的 log_error() 第 138 行，物件： /adm/obj/master，地方:<none>

执行时段错误：*Wrong permissions for opening file /u/snow/log for append.
"Is a directory"

程式：/adm/obj/master.lpc 第 138 行
物件: /adm/obj/master
呼叫来自：/adm/obj/master.lpc 的 log_error() 第 138 行，物件： /adm/obj/master，地方:<none>

执行时段错误：*Wrong permissions for opening file /u/snow/log for append.
"Is a directory"

程式：/adm/obj/master.lpc 第 138 行
物件: /adm/obj/master
呼叫来自：/adm/obj/master.lpc 的 log_error() 第 138 行，物件： /adm/obj/master，地方:<none>

执行时段错误：*Wrong permissions for opening file /u/snow/log for append.
"Is a directory"

程式：/adm/obj/master.lpc 第 138 行
物件: /adm/obj/master
呼叫来自：/adm/obj/master.lpc 的 log_error() 第 138 行，物件： /adm/obj/master，地方:<none>

执行时段错误：*Wrong permissions for opening file /u/snow/log for append.
"Is a directory"

程式：/adm/obj/master.lpc 第 138 行
物件: /adm/obj/master
呼叫来自：/adm/obj/master.lpc 的 log_error() 第 138 行，物件： /adm/obj/master，地方:<none>

执行时段错误：*Wrong permissions for opening file /u/snow/log for append.
"Is a directory"

程式：/adm/obj/master.lpc 第 138 行
物件: /adm/obj/master
呼叫来自：/adm/obj/master.lpc 的 log_error() 第 138 行，物件： /adm/obj/master，地方:<none>

执行时段错误：*Wrong permissions for opening file /u/snow/log for append.
"Is a directory"

程式：/adm/obj/master.lpc 第 138 行
物件: /adm/obj/master
呼叫来自：/adm/obj/master.lpc 的 log_error() 第 138 行，物件： /adm/obj/master，地方:<none>

执行时段错误：*Wrong permissions for opening file /u/snow/log for append.
"Is a directory"

程式：/adm/obj/master.lpc 第 138 行
物件: /adm/obj/master
呼叫来自：/adm/obj/master.lpc 的 log_error() 第 138 行，物件： /adm/obj/master，地方:<none>

执行时段错误：*Wrong permissions for opening file /u/snow/log for append.
"Is a directory"

程式：/adm/obj/master.lpc 第 138 行
物件: /adm/obj/master
呼叫来自：/adm/obj/master.lpc 的 log_error() 第 138 行，物件： /adm/obj/master，地方:<none>

执行时段错误：*Wrong permissions for opening file /u/snow/log for append.
"Is a directory"

程式：/adm/obj/master.lpc 第 138 行
物件: /adm/obj/master
呼叫来自：/adm/obj/master.lpc 的 log_error() 第 138 行，物件： /adm/obj/master，地方:<none>

执行时段错误：*Wrong permissions for opening file /u/snow/log for append.
"Is a directory"

程式：/adm/obj/master.lpc 第 138 行
物件: /adm/obj/master
呼叫来自：/adm/obj/master.lpc 的 log_error() 第 138 行，物件： /adm/obj/master，地方:<none>

执行时段错误：*Wrong permissions for opening file /u/snow/log for append.
"Is a directory"

程式：/adm/obj/master.lpc 第 138 行
物件: /adm/obj/master
呼叫来自：/adm/obj/master.lpc 的 log_error() 第 138 行，物件： /adm/obj/master，地方:<none>

执行时段错误：*Wrong permissions for opening file /u/snow/log for append.
"Is a directory"

程式：/adm/obj/master.lpc 第 138 行
物件: /adm/obj/master
呼叫来自：/adm/obj/master.lpc 的 log_error() 第 138 行，物件： /adm/obj/master，地方:<none>

执行时段错误：*Wrong permissions for opening file /u/snow/log for append.
"Is a directory"

程式：/adm/obj/master.lpc 第 138 行
物件: /adm/obj/master
呼叫来自：/adm/obj/master.lpc 的 log_error() 第 138 行，物件： /adm/obj/master，地方:<none>

执行时段错误：*Wrong permissions for opening file /u/snow/log for append.
"Is a directory"

程式：/adm/obj/master.lpc 第 138 行
物件: /adm/obj/master
呼叫来自：/adm/obj/master.lpc 的 log_error() 第 138 行，物件： /adm/obj/master，地方:<none>

执行时段错误：*Wrong permissions for opening file /u/snow/log for append.
"Is a directory"

程式：/adm/obj/master.lpc 第 138 行
物件: /adm/obj/master
呼叫来自：/adm/obj/master.lpc 的 log_error() 第 138 行，物件： /adm/obj/master，地方:<none>

执行时段错误：*Wrong permissions for opening file /u/snow/log for append.
"Is a directory"

程式：/adm/obj/master.lpc 第 138 行
物件: /adm/obj/master
呼叫来自：/adm/obj/master.lpc 的 log_error() 第 138 行，物件： /adm/obj/master，地方:<none>

执行时段错误：*Wrong permissions for opening file /u/snow/log for append.
"Is a directory"

程式：/adm/obj/master.lpc 第 138 行
物件: /adm/obj/master
呼叫来自：/adm/obj/master.lpc 的 log_error() 第 138 行，物件： /adm/obj/master，地方:<none>

执行时段错误：*Wrong permissions for opening file /u/snow/log for append.
"Is a directory"

程式：/adm/obj/master.lpc 第 138 行
物件: /adm/obj/master
呼叫来自：/adm/obj/master.lpc 的 log_error() 第 138 行，物件： /adm/obj/master，地方:<none>

执行时段错误：*Wrong permissions for opening file /u/snow/log for append.
"Is a directory"

程式：/adm/obj/master.lpc 第 138 行
物件: /adm/obj/master
呼叫来自：/adm/obj/master.lpc 的 log_error() 第 138 行，物件： /adm/obj/master，地方:<none>

执行时段错误：*Wrong permissions for opening file /u/snow/log for append.
"Is a directory"

程式：/adm/obj/master.lpc 第 138 行
物件: /adm/obj/master
呼叫来自：/adm/obj/master.lpc 的 log_error() 第 138 行，物件： /adm/obj/master，地方:<none>

执行时段错误：*Wrong permissions for opening file /u/snow/log for append.
"Is a directory"

程式：/adm/obj/master.lpc 第 138 行
物件: /adm/obj/master
呼叫来自：/adm/obj/master.lpc 的 log_error() 第 138 行，物件： /adm/obj/master，地方:<none>

执行时段错误：*Wrong permissions for opening file /u/snow/log for append.
"Is a directory"

程式：/adm/obj/master.lpc 第 138 行
物件: /adm/obj/master
呼叫来自：/adm/obj/master.lpc 的 log_error() 第 138 行，物件： /adm/obj/master，地方:<none>

执行时段错误：*Wrong permissions for opening file /u/snow/log for append.
"Is a directory"

程式：/adm/obj/master.lpc 第 138 行
物件: /adm/obj/master
呼叫来自：/adm/obj/master.lpc 的 log_error() 第 138 行，物件： /adm/obj/master，地方:<none>

执行时段错误：*Wrong permissions for opening file /u/snow/log for append.
"Is a directory"

程式：/adm/obj/master.lpc 第 138 行
物件: /adm/obj/master
呼叫来自：/adm/obj/master.lpc 的 log_error() 第 138 行，物件： /adm/obj/master，地方:<none>

执行时段错误：*Wrong permissions for opening file /u/snow/log for append.
"Is a directory"

程式：/adm/obj/master.lpc 第 138 行
物件: /adm/obj/master
呼叫来自：/adm/obj/master.lpc 的 log_error() 第 138 行，物件： /adm/obj/master，地方:<none>

执行时段错误：*Wrong permissions for opening file /u/snow/log for append.
"Is a directory"

程式：/adm/obj/master.lpc 第 138 行
物件: /adm/obj/master
呼叫来自：/adm/obj/master.lpc 的 log_error() 第 138 行，物件： /adm/obj/master，地方:<none>

执行时段错误：*Wrong permissions for opening file /u/snow/log for append.
"Is a directory"

程式：/adm/obj/master.lpc 第 138 行
物件: /adm/obj/master
呼叫来自：/adm/obj/master.lpc 的 log_error() 第 138 行，物件： /adm/obj/master，地方:<none>

执行时段错误：*Wrong permissions for opening file /u/snow/log for append.
"Is a directory"

程式：/adm/obj/master.lpc 第 138 行
物件: /adm/obj/master
呼叫来自：/adm/obj/master.lpc 的 log_error() 第 138 行，物件： /adm/obj/master，地方:<none>

执行时段错误：*Wrong permissions for opening file /u/snow/log for append.
"Is a directory"

程式：/adm/obj/master.lpc 第 138 行
物件: /adm/obj/master
呼叫来自：/adm/obj/master.lpc 的 log_error() 第 138 行，物件： /adm/obj/master，地方:<none>

执行时段错误：*Wrong permissions for opening file /u/snow/log for append.
"Is a directory"

程式：/adm/obj/master.lpc 第 138 行
物件: /adm/obj/master
呼叫来自：/adm/obj/master.lpc 的 log_error() 第 138 行，物件： /adm/obj/master，地方:<none>

执行时段错误：*Wrong permissions for opening file /u/snow/log for append.
"Is a directory"

程式：/adm/obj/master.lpc 第 138 行
物件: /adm/obj/master
呼叫来自：/adm/obj/master.lpc 的 log_error() 第 138 行，物件： /adm/obj/master，地方:<none>

执行时段错误：*Wrong permissions for opening file /u/snow/log for append.
"Is a directory"

程式：/adm/obj/master.lpc 第 138 行
物件: /adm/obj/master
呼叫来自：/adm/obj/master.lpc 的 log_error() 第 138 行，物件： /adm/obj/master，地方:<none>

执行时段错误：*Wrong permissions for opening file /u/snow/log for append.
"Is a directory"

程式：/adm/obj/master.lpc 第 138 行
物件: /adm/obj/master
呼叫来自：/adm/obj/master.lpc 的 log_error() 第 138 行，物件： /adm/obj/master，地方:<none>

执行时段错误：*Wrong permissions for opening file /u/snow/log for append.
"Is a directory"

程式：/adm/obj/master.lpc 第 138 行
物件: /adm/obj/master
呼叫来自：/adm/obj/master.lpc 的 log_error() 第 138 行，物件： /adm/obj/master，地方:<none>

执行时段错误：*Wrong permissions for opening file /u/snow/log for append.
"Is a directory"

程式：/adm/obj/master.lpc 第 138 行
物件: /adm/obj/master
呼叫来自：/adm/obj/master.lpc 的 log_error() 第 138 行，物件： /adm/obj/master，地方:<none>

执行时段错误：*Wrong permissions for opening file /u/snow/log for append.
"Is a directory"

程式：/adm/obj/master.lpc 第 138 行
物件: /adm/obj/master
呼叫来自：/adm/obj/master.lpc 的 log_error() 第 138 行，物件： /adm/obj/master，地方:<none>

执行时段错误：*Wrong permissions for opening file /u/snow/log for append.
"Is a directory"

程式：/adm/obj/master.lpc 第 138 行
物件: /adm/obj/master
呼叫来自：/adm/obj/master.lpc 的 log_error() 第 138 行，物件： /adm/obj/master，地方:<none>

执行时段错误：*Wrong permissions for opening file /u/snow/log for append.
"Is a directory"

程式：/adm/obj/master.lpc 第 138 行
物件: /adm/obj/master
呼叫来自：/adm/obj/master.lpc 的 log_error() 第 138 行，物件： /adm/obj/master，地方:<none>

执行时段错误：*Wrong permissions for opening file /u/snow/log for append.
"Is a directory"

程式：/adm/obj/master.lpc 第 138 行
物件: /adm/obj/master
呼叫来自：/adm/obj/master.lpc 的 log_error() 第 138 行，物件： /adm/obj/master，地方:<none>

执行时段错误：*Wrong permissions for opening file /u/snow/log for append.
"Is a directory"

程式：/adm/obj/master.lpc 第 138 行
物件: /adm/obj/master
呼叫来自：/adm/obj/master.lpc 的 log_error() 第 138 行，物件： /adm/obj/master，地方:<none>

执行时段错误：*Wrong permissions for opening file /u/snow/log for append.
"Is a directory"

程式：/adm/obj/master.lpc 第 138 行
物件: /adm/obj/master
呼叫来自：/adm/obj/master.lpc 的 log_error() 第 138 行，物件： /adm/obj/master，地方:<none>

执行时段错误：*Wrong permissions for opening file /u/snow/log for append.
"Is a directory"

程式：/adm/obj/master.lpc 第 138 行
物件: /adm/obj/master
呼叫来自：/adm/obj/master.lpc 的 log_error() 第 138 行，物件： /adm/obj/master，地方:<none>

执行时段错误：*Wrong permissions for opening file /u/snow/log for append.
"Is a directory"

程式：/adm/obj/master.lpc 第 138 行
物件: /adm/obj/master
呼叫来自：/adm/obj/master.lpc 的 log_error() 第 138 行，物件： /adm/obj/master，地方:<none>

执行时段错误：*Wrong permissions for opening file /u/snow/log for append.
"Is a directory"

程式：/adm/obj/master.lpc 第 138 行
物件: /adm/obj/master
呼叫来自：/adm/obj/master.lpc 的 log_error() 第 138 行，物件： /adm/obj/master，地方:<none>

执行时段错误：*Wrong permissions for opening file /u/snow/log for append.
"Is a directory"

程式：/adm/obj/master.lpc 第 138 行
物件: /adm/obj/master
呼叫来自：/adm/obj/master.lpc 的 log_error() 第 138 行，物件： /adm/obj/master，地方:<none>

执行时段错误：*Wrong permissions for opening file /u/snow/log for append.
"Is a directory"

程式：/adm/obj/master.lpc 第 138 行
物件: /adm/obj/master
呼叫来自：/adm/obj/master.lpc 的 log_error() 第 138 行，物件： /adm/obj/master，地方:<none>

执行时段错误：*Wrong permissions for opening file /u/snow/log for append.
"Is a directory"

程式：/adm/obj/master.lpc 第 138 行
物件: /adm/obj/master
呼叫来自：/adm/obj/master.lpc 的 log_error() 第 138 行，物件： /adm/obj/master，地方:<none>

执行时段错误：*Wrong permissions for opening file /u/snow/log for append.
"Is a directory"

程式：/adm/obj/master.lpc 第 138 行
物件: /adm/obj/master
呼叫来自：/adm/obj/master.lpc 的 log_error() 第 138 行，物件： /adm/obj/master，地方:<none>

执行时段错误：*Wrong permissions for opening file /u/snow/log for append.
"Is a directory"

程式：/adm/obj/master.lpc 第 138 行
物件: /adm/obj/master
呼叫来自：/adm/obj/master.lpc 的 log_error() 第 138 行，物件： /adm/obj/master，地方:<none>

执行时段错误：*Wrong permissions for opening file /u/snow/log for append.
"Is a directory"

程式：/adm/obj/master.lpc 第 138 行
物件: /adm/obj/master
呼叫来自：/adm/obj/master.lpc 的 log_error() 第 138 行，物件： /adm/obj/master，地方:<none>

执行时段错误：*Wrong permissions for opening file /u/snow/log for append.
"Is a directory"

程式：/adm/obj/master.lpc 第 138 行
物件: /adm/obj/master
呼叫来自：/adm/obj/master.lpc 的 log_error() 第 138 行，物件： /adm/obj/master，地方:<none>

执行时段错误：*Wrong permissions for opening file /u/snow/log for append.
"Is a directory"

程式：/adm/obj/master.lpc 第 138 行
物件: /adm/obj/master
呼叫来自：/adm/obj/master.lpc 的 log_error() 第 138 行，物件： /adm/obj/master，地方:<none>

执行时段错误：*Wrong permissions for opening file /u/snow/log for append.
"Is a directory"

程式：/adm/obj/master.lpc 第 138 行
物件: /adm/obj/master
呼叫来自：/adm/obj/master.lpc 的 log_error() 第 138 行，物件： /adm/obj/master，地方:<none>

执行时段错误：*Wrong permissions for opening file /u/snow/log for append.
"Is a directory"

程式：/adm/obj/master.lpc 第 138 行
物件: /adm/obj/master
呼叫来自：/adm/obj/master.lpc 的 log_error() 第 138 行，物件： /adm/obj/master，地方:<none>

执行时段错误：*Wrong permissions for opening file /u/snow/log for append.
"Is a directory"

程式：/adm/obj/master.lpc 第 138 行
物件: /adm/obj/master
呼叫来自：/adm/obj/master.lpc 的 log_error() 第 138 行，物件： /adm/obj/master，地方:<none>

执行时段错误：*Wrong permissions for opening file /u/snow/log for append.
"Is a directory"

程式：/adm/obj/master.lpc 第 138 行
物件: /adm/obj/master
呼叫来自：/adm/obj/master.lpc 的 log_error() 第 138 行，物件： /adm/obj/master，地方:<none>

执行时段错误：*Wrong permissions for opening file /u/snow/log for append.
"Is a directory"

程式：/adm/obj/master.lpc 第 138 行
物件: /adm/obj/master
呼叫来自：/adm/obj/master.lpc 的 log_error() 第 138 行，物件： /adm/obj/master，地方:<none>

执行时段错误：*Wrong permissions for opening file /u/snow/log for append.
"Is a directory"

程式：/adm/obj/master.lpc 第 138 行
物件: /adm/obj/master
呼叫来自：/adm/obj/master.lpc 的 log_error() 第 138 行，物件： /adm/obj/master，地方:<none>

执行时段错误：*Wrong permissions for opening file /u/snow/log for append.
"Is a directory"

程式：/adm/obj/master.lpc 第 138 行
物件: /adm/obj/master
呼叫来自：/adm/obj/master.lpc 的 log_error() 第 138 行，物件： /adm/obj/master，地方:<none>

执行时段错误：*Wrong permissions for opening file /u/snow/log for append.
"Is a directory"

程式：/adm/obj/master.lpc 第 138 行
物件: /adm/obj/master
呼叫来自：/adm/obj/master.lpc 的 log_error() 第 138 行，物件： /adm/obj/master，地方:<none>

执行时段错误：*Wrong permissions for opening file /u/snow/log for append.
"Is a directory"

程式：/adm/obj/master.lpc 第 138 行
物件: /adm/obj/master
呼叫来自：/adm/obj/master.lpc 的 log_error() 第 138 行，物件： /adm/obj/master，地方:<none>

执行时段错误：*Wrong permissions for opening file /u/snow/log for append.
"Is a directory"

程式：/adm/obj/master.lpc 第 138 行
物件: /adm/obj/master
呼叫来自：/adm/obj/master.lpc 的 log_error() 第 138 行，物件： /adm/obj/master，地方:<none>

执行时段错误：*Wrong permissions for opening file /u/snow/log for append.
"Is a directory"

程式：/adm/obj/master.lpc 第 138 行
物件: /adm/obj/master
呼叫来自：/adm/obj/master.lpc 的 log_error() 第 138 行，物件： /adm/obj/master，地方:<none>

执行时段错误：*Wrong permissions for opening file /u/snow/log for append.
"Is a directory"

程式：/adm/obj/master.lpc 第 138 行
物件: /adm/obj/master
呼叫来自：/adm/obj/master.lpc 的 log_error() 第 138 行，物件： /adm/obj/master，地方:<none>

执行时段错误：*Wrong permissions for opening file /u/snow/log for append.
"Is a directory"

程式：/adm/obj/master.lpc 第 138 行
物件: /adm/obj/master
呼叫来自：/adm/obj/master.lpc 的 log_error() 第 138 行，物件： /adm/obj/master，地方:<none>

执行时段错误：*Wrong permissions for opening file /u/snow/log for append.
"Is a directory"

程式：/adm/obj/master.lpc 第 138 行
物件: /adm/obj/master
呼叫来自：/adm/obj/master.lpc 的 log_error() 第 138 行，物件： /adm/obj/master，地方:<none>

执行时段错误：*Wrong permissions for opening file /u/snow/log for append.
"Is a directory"

程式：/adm/obj/master.lpc 第 138 行
物件: /adm/obj/master
呼叫来自：/adm/obj/master.lpc 的 log_error() 第 138 行，物件： /adm/obj/master，地方:<none>

执行时段错误：*Wrong permissions for opening file /u/snow/log for append.
"Is a directory"

程式：/adm/obj/master.lpc 第 138 行
物件: /adm/obj/master
呼叫来自：/adm/obj/master.lpc 的 log_error() 第 138 行，物件： /adm/obj/master，地方:<none>

执行时段错误：*Wrong permissions for opening file /u/snow/log for append.
"Is a directory"

程式：/adm/obj/master.lpc 第 138 行
物件: /adm/obj/master
呼叫来自：/adm/obj/master.lpc 的 log_error() 第 138 行，物件： /adm/obj/master，地方:<none>

执行时段错误：*Wrong permissions for opening file /u/snow/log for append.
"Is a directory"

程式：/adm/obj/master.lpc 第 138 行
物件: /adm/obj/master
呼叫来自：/adm/obj/master.lpc 的 log_error() 第 138 行，物件： /adm/obj/master，地方:<none>

执行时段错误：*Wrong permissions for opening file /u/snow/log for append.
"Is a directory"

程式：/adm/obj/master.lpc 第 138 行
物件: /adm/obj/master
呼叫来自：/adm/obj/master.lpc 的 log_error() 第 138 行，物件： /adm/obj/master，地方:<none>

执行时段错误：*Wrong permissions for opening file /u/snow/log for append.
"Is a directory"

程式：/adm/obj/master.lpc 第 138 行
物件: /adm/obj/master
呼叫来自：/adm/obj/master.lpc 的 log_error() 第 138 行，物件： /adm/obj/master，地方:<none>

执行时段错误：*Wrong permissions for opening file /u/snow/log for append.
"Is a directory"

程式：/adm/obj/master.lpc 第 138 行
物件: /adm/obj/master
呼叫来自：/adm/obj/master.lpc 的 log_error() 第 138 行，物件： /adm/obj/master，地方:<none>

执行时段错误：*Wrong permissions for opening file /u/snow/log for append.
"Is a directory"

程式：/adm/obj/master.lpc 第 138 行
物件: /adm/obj/master
呼叫来自：/adm/obj/master.lpc 的 log_error() 第 138 行，物件： /adm/obj/master，地方:<none>

执行时段错误：*Wrong permissions for opening file /u/snow/log for append.
"Is a directory"

程式：/adm/obj/master.lpc 第 138 行
物件: /adm/obj/master
呼叫来自：/adm/obj/master.lpc 的 log_error() 第 138 行，物件： /adm/obj/master，地方:<none>

执行时段错误：*Wrong permissions for opening file /u/snow/log for append.
"Is a directory"

程式：/adm/obj/master.lpc 第 138 行
物件: /adm/obj/master
呼叫来自：/adm/obj/master.lpc 的 log_error() 第 138 行，物件： /adm/obj/master，地方:<none>

执行时段错误：*Wrong permissions for opening file /u/snow/log for append.
"Is a directory"

程式：/adm/obj/master.lpc 第 138 行
物件: /adm/obj/master
呼叫来自：/adm/obj/master.lpc 的 log_error() 第 138 行，物件： /adm/obj/master，地方:<none>

执行时段错误：*Wrong permissions for opening file /u/snow/log for append.
"Is a directory"

程式：/adm/obj/master.lpc 第 138 行
物件: /adm/obj/master
呼叫来自：/adm/obj/master.lpc 的 log_error() 第 138 行，物件： /adm/obj/master，地方:<none>

执行时段错误：*Wrong permissions for opening file /u/snow/log for append.
"Is a directory"

程式：/adm/obj/master.lpc 第 138 行
物件: /adm/obj/master
呼叫来自：/adm/obj/master.lpc 的 log_error() 第 138 行，物件： /adm/obj/master，地方:<none>

执行时段错误：*Wrong permissions for opening file /u/snow/log for append.
"Is a directory"

程式：/adm/obj/master.lpc 第 138 行
物件: /adm/obj/master
呼叫来自：/adm/obj/master.lpc 的 log_error() 第 138 行，物件： /adm/obj/master，地方:<none>

执行时段错误：*Wrong permissions for opening file /u/snow/log for append.
"Is a directory"

程式：/adm/obj/master.lpc 第 138 行
物件: /adm/obj/master
呼叫来自：/adm/obj/master.lpc 的 log_error() 第 138 行，物件： /adm/obj/master，地方:<none>

执行时段错误：*No program in object '/u/fyue/user'!

程式：0 第 0 行
物件: /adm/obj/master

执行时段错误：*Bad argument 1 to EFUN call_other()
Expected: object, string, array,  Got: int(0).

程式：/inherit/room/room.lpc 第 23 行
物件: /u/fyue/huashan/liangong3
呼叫来自：/u/fyue/huashan/liangong3.lpc 的 create() 第 21 行，物件： /u/fyue/huashan/liangong3，地方:<none>
呼叫来自：/inherit/room/room.lpc 的 setup() 第 189 行，物件： /u/fyue/huashan/liangong3，地方:<none>
呼叫来自：/inherit/room/room.lpc 的 reset() 第 80 行，物件： /u/fyue/huashan/liangong3，地方:<none>
呼叫来自：/inherit/room/room.lpc 的 make_inventory() 第 23 行，物件： /u/fyue/huashan/liangong3，地方:<none>

执行时段错误：*Bad argument 1 to EFUN call_other()
Expected: object, string, array,  Got: int(0).

程式：/inherit/room/room.lpc 第 23 行
物件: /u/fyue/huashan/siguoya
呼叫来自：/u/fyue/huashan/siguoya.lpc 的 create() 第 23 行，物件： /u/fyue/huashan/siguoya，地方:<none>
呼叫来自：/inherit/room/room.lpc 的 setup() 第 189 行，物件： /u/fyue/huashan/siguoya，地方:<none>
呼叫来自：/inherit/room/room.lpc 的 reset() 第 71 行，物件： /u/fyue/huashan/siguoya，地方:<none>
呼叫来自：/inherit/room/room.lpc 的 make_inventory() 第 23 行，物件： /u/fyue/huashan/siguoya，地方:<none>

执行时段错误：*Bad argument 1 to EFUN call_other()
Expected: object, string, array,  Got: int(0).

程式：/inherit/room/room.lpc 第 23 行
物件: /u/fyue/huashan/qianchi
呼叫来自：/u/fyue/huashan/qianchi.lpc 的 create() 第 22 行，物件： /u/fyue/huashan/qianchi，地方:<none>
呼叫来自：/inherit/room/room.lpc 的 setup() 第 189 行，物件： /u/fyue/huashan/qianchi，地方:<none>
呼叫来自：/inherit/room/room.lpc 的 reset() 第 80 行，物件： /u/fyue/huashan/qianchi，地方:<none>
呼叫来自：/inherit/room/room.lpc 的 make_inventory() 第 23 行，物件： /u/fyue/huashan/qianchi，地方:<none>

执行时段错误：*Bad argument 1 to EFUN call_other()
Expected: object, string, array,  Got: int(0).

程式：/inherit/room/room.lpc 第 23 行
物件: /u/fyue/huashan/canglong
呼叫来自：/u/fyue/huashan/canglong.lpc 的 create() 第 29 行，物件： /u/fyue/huashan/canglong，地方:<none>
呼叫来自：/inherit/room/room.lpc 的 setup() 第 189 行，物件： /u/fyue/huashan/canglong，地方:<none>
呼叫来自：/inherit/room/room.lpc 的 reset() 第 71 行，物件： /u/fyue/huashan/canglong，地方:<none>
呼叫来自：/inherit/room/room.lpc 的 make_inventory() 第 23 行，物件： /u/fyue/huashan/canglong，地方:<none>

执行时段错误：*Bad argument 1 to EFUN call_other()
Expected: object, string, array,  Got: int(0).

程式：/inherit/room/room.lpc 第 23 行
物件: /u/fyue/huashan/laojun
呼叫来自：/u/fyue/huashan/laojun.lpc 的 create() 第 21 行，物件： /u/fyue/huashan/laojun，地方:<none>
呼叫来自：/inherit/room/room.lpc 的 setup() 第 189 行，物件： /u/fyue/huashan/laojun，地方:<none>
呼叫来自：/inherit/room/room.lpc 的 reset() 第 71 行，物件： /u/fyue/huashan/laojun，地方:<none>
呼叫来自：/inherit/room/room.lpc 的 make_inventory() 第 23 行，物件： /u/fyue/huashan/laojun，地方:<none>

执行时段错误：*Bad argument 1 to EFUN call_other()
Expected: object, string, array,  Got: int(0).

程式：/inherit/room/room.lpc 第 23 行
物件: /u/fyue/huashan/shaluo
呼叫来自：/u/fyue/huashan/shaluo.lpc 的 create() 第 22 行，物件： /u/fyue/huashan/shaluo，地方:<none>
呼叫来自：/inherit/room/room.lpc 的 setup() 第 189 行，物件： /u/fyue/huashan/shaluo，地方:<none>
呼叫来自：/inherit/room/room.lpc 的 reset() 第 80 行，物件： /u/fyue/huashan/shaluo，地方:<none>
呼叫来自：/inherit/room/room.lpc 的 make_inventory() 第 23 行，物件： /u/fyue/huashan/shaluo，地方:<none>

执行时段错误：*Bad argument 1 to EFUN call_other()
Expected: object, string, array,  Got: int(0).

程式：/inherit/room/room.lpc 第 23 行
物件: /u/fyue/huashan/buwei1
呼叫来自：/u/fyue/huashan/buwei1.lpc 的 create() 第 22 行，物件： /u/fyue/huashan/buwei1，地方:<none>
呼叫来自：/inherit/room/room.lpc 的 setup() 第 189 行，物件： /u/fyue/huashan/buwei1，地方:<none>
呼叫来自：/inherit/room/room.lpc 的 reset() 第 71 行，物件： /u/fyue/huashan/buwei1，地方:<none>
呼叫来自：/inherit/room/room.lpc 的 make_inventory() 第 23 行，物件： /u/fyue/huashan/buwei1，地方:<none>

执行时段错误：*Bad argument 1 to EFUN call_other()
Expected: object, string, array,  Got: int(0).

程式：/inherit/room/room.lpc 第 23 行
物件: /u/fyue/huashan/zhenyue
呼叫来自：/u/fyue/huashan/zhenyue.lpc 的 create() 第 22 行，物件： /u/fyue/huashan/zhenyue，地方:<none>
呼叫来自：/inherit/room/room.lpc 的 setup() 第 189 行，物件： /u/fyue/huashan/zhenyue，地方:<none>
呼叫来自：/inherit/room/room.lpc 的 reset() 第 71 行，物件： /u/fyue/huashan/zhenyue，地方:<none>
呼叫来自：/inherit/room/room.lpc 的 make_inventory() 第 23 行，物件： /u/fyue/huashan/zhenyue，地方:<none>

执行时段错误：*Bad argument 1 to EFUN call_other()
Expected: object, string, array,  Got: int(0).

程式：/inherit/room/room.lpc 第 23 行
物件: /u/fyue/huashan/liangong2
呼叫来自：/u/fyue/huashan/liangong2.lpc 的 create() 第 23 行，物件： /u/fyue/huashan/liangong2，地方:<none>
呼叫来自：/inherit/room/room.lpc 的 setup() 第 189 行，物件： /u/fyue/huashan/liangong2，地方:<none>
呼叫来自：/inherit/room/room.lpc 的 reset() 第 80 行，物件： /u/fyue/huashan/liangong2，地方:<none>
呼叫来自：/inherit/room/room.lpc 的 make_inventory() 第 23 行，物件： /u/fyue/huashan/liangong2，地方:<none>

执行时段错误：*Bad argument 1 to EFUN call_other()
Expected: object, string, array,  Got: int(0).

程式：/inherit/room/room.lpc 第 23 行
物件: /u/fyue/huashan/yunu
呼叫来自：/u/fyue/huashan/yunu.lpc 的 create() 第 25 行，物件： /u/fyue/huashan/yunu，地方:<none>
呼叫来自：/inherit/room/room.lpc 的 setup() 第 189 行，物件： /u/fyue/huashan/yunu，地方:<none>
呼叫来自：/inherit/room/room.lpc 的 reset() 第 71 行，物件： /u/fyue/huashan/yunu，地方:<none>
呼叫来自：/inherit/room/room.lpc 的 make_inventory() 第 23 行，物件： /u/fyue/huashan/yunu，地方:<none>

执行时段错误：*Bad argument 1 to EFUN call_other()
Expected: object, string, array,  Got: int(0).

程式：/inherit/room/room.lpc 第 23 行
物件: /u/fyue/huashan/yuquan
呼叫来自：/u/fyue/huashan/yuquan.lpc 的 create() 第 18 行，物件： /u/fyue/huashan/yuquan，地方:<none>
呼叫来自：/inherit/room/room.lpc 的 setup() 第 189 行，物件： /u/fyue/huashan/yuquan，地方:<none>
呼叫来自：/inherit/room/room.lpc 的 reset() 第 71 行，物件： /u/fyue/huashan/yuquan，地方:<none>
呼叫来自：/inherit/room/room.lpc 的 make_inventory() 第 23 行，物件： /u/fyue/huashan/yuquan，地方:<none>

执行时段错误：*Bad argument 1 to EFUN call_other()
Expected: object, string, array,  Got: int(0).

程式：/inherit/room/room.lpc 第 23 行
物件: /u/fyue/huashan/square
呼叫来自：/u/fyue/huashan/square.lpc 的 create() 第 24 行，物件： /u/fyue/huashan/square，地方:<none>
呼叫来自：/inherit/room/room.lpc 的 setup() 第 189 行，物件： /u/fyue/huashan/square，地方:<none>
呼叫来自：/inherit/room/room.lpc 的 reset() 第 71 行，物件： /u/fyue/huashan/square，地方:<none>
呼叫来自：/inherit/room/room.lpc 的 make_inventory() 第 23 行，物件： /u/fyue/huashan/square，地方:<none>

执行时段错误：*Bad argument 1 to EFUN call_other()
Expected: object, string, array,  Got: int(0).

程式：/inherit/room/room.lpc 第 23 行
物件: /u/fyue/huashan/xiaodian
呼叫来自：/u/fyue/huashan/xiaodian.lpc 的 create() 第 19 行，物件： /u/fyue/huashan/xiaodian，地方:<none>
呼叫来自：/inherit/room/room.lpc 的 setup() 第 189 行，物件： /u/fyue/huashan/xiaodian，地方:<none>
呼叫来自：/inherit/room/room.lpc 的 reset() 第 71 行，物件： /u/fyue/huashan/xiaodian，地方:<none>
呼叫来自：/inherit/room/room.lpc 的 make_inventory() 第 23 行，物件： /u/fyue/huashan/xiaodian，地方:<none>

执行时段错误：*No program in object '/u/fyue/huashan/map'!

程式：0 第 0 行
物件: /adm/obj/master

执行时段错误：*No program in object '/adm/daemons/network/ms'!

程式：0 第 0 行
物件: /adm/obj/master

执行时段错误：*No program in object '/adm/daemons/network/userid'!

程式：0 第 0 行
物件: /adm/obj/master

执行时段错误：*No program in object '/adm/daemons/network/pingtcp'!

程式：0 第 0 行
物件: /adm/obj/master

执行时段错误：*No program in object '/adm/daemons/network/mail_serv'!

程式：0 第 0 行
物件: /adm/obj/master

执行时段错误：*No program in object '/adm/daemons/network/netmail'!

程式：0 第 0 行
物件: /adm/obj/master

执行时段错误：*No program in object '/adm/daemons/network/telnetd'!

程式：0 第 0 行
物件: /adm/obj/master

执行时段错误：*No program in object '/adm/daemons/network/pingd'!

程式：0 第 0 行
物件: /adm/obj/master

执行时段错误：*No program in object '/adm/daemons/network/inetd'!

程式：0 第 0 行
物件: /adm/obj/master

执行时段错误：*No program in object '/adm/obj/simul_efun_bak'!

程式：0 第 0 行
物件: /adm/obj/master

执行时段错误：*No program in object '/meskill/skill_model_unarmed'!

程式：0 第 0 行
物件: /adm/obj/master

执行时段错误：*No program in object '/meskill/skill_model_default'!

程式：0 第 0 行
物件: /adm/obj/master

执行时段错误：*No program in object '/meskill/skill_model_weapon'!

程式：0 第 0 行
物件: /adm/obj/master

执行时段错误：*No program in object '/cmds/usr/whotest'!

程式：0 第 0 行
物件: /adm/obj/master

执行时段错误：*No program in object '/cmds/bos/socket'!

程式：0 第 0 行
物件: /adm/obj/master

执行时段错误：*No program in object '/doc/mudlib/efuns'!

程式：0 第 0 行
物件: /adm/obj/master

执行时段错误：*No program in object '/doc/mudlib/efuns/shiwu'!

程式：0 第 0 行
物件: /adm/obj/master

执行时段错误：*No program in object '/feature/vendor_sale'!

程式：0 第 0 行
物件: /adm/obj/master

执行时段错误：*No program in object '/feature/vendor_sale'!

程式：0 第 0 行
物件: /adm/obj/master

执行时段错误：*Bad argument 1 to EFUN call_other()
Expected: object, string, array,  Got: int(0).

程式：/kungfu/class/gumu/limochou.lpc 第 74 行
物件: /kungfu/class/gumu/limochou
呼叫来自：/kungfu/class/gumu/limochou.lpc 的 create() 第 74 行，物件： /kungfu/class/gumu/limochou ("李莫愁")，地方:<none>

执行时段错误：*Bad argument 1 to EFUN call_other()
Expected: object, string, array,  Got: int(0).

程式：/kungfu/class/gumu/long.lpc 第 75 行
物件: /kungfu/class/gumu/long
呼叫来自：/kungfu/class/gumu/long.lpc 的 create() 第 75 行，物件： /kungfu/class/gumu/long ("小龙女")，地方:<none>

执行时段错误：*Bad argument 1 to EFUN call_other()
Expected: object, string, array,  Got: int(0).

程式：/kungfu/skill/swsb-shou.lpc 第 9 行
物件: /kungfu/skill/swsb-shou
呼叫来自：/kungfu/skill/swsb-shou.lpc 的 #global_init#() 第 9 行，物件： /kungfu/skill/swsb-shou，地方:<none>

执行时段错误：*Bad argument 1 to EFUN call_other()
Expected: object, string, array,  Got: int(0).

程式：/kungfu/skill/wudu-shenzhang.lpc 第 10 行
物件: /kungfu/skill/wudu-shenzhang
呼叫来自：/kungfu/skill/wudu-shenzhang.lpc 的 #global_init#() 第 10 行，物件： /kungfu/skill/wudu-shenzhang，地方:<none>

执行时段错误：*No program in object '/kungfu/skill/iceforce/chillgaze'!

程式：0 第 0 行
物件: /adm/obj/master

执行时段错误：*No program in object '/kungfu/skill/hanbing-mianzhang2'!

程式：0 第 0 行
物件: /adm/obj/master

执行时段错误：*No program in object '/kungfu/skill/huang'!

程式：0 第 0 行
物件: /adm/obj/master

执行时段错误：*No program in object '/kungfu/skill/xixi-unarmed'!

程式：0 第 0 行
物件: /adm/obj/master

执行时段错误：*Bad argument 1 to EFUN call_other()
Expected: object, string, array,  Got: int(0).

程式：/kungfu/skill/xuantie-jianfa.lpc 第 7 行
物件: /kungfu/skill/xuantie-jianfa
呼叫来自：/kungfu/skill/xuantie-jianfa.lpc 的 #global_init#() 第 7 行，物件： /kungfu/skill/xuantie-jianfa，地方:<none>

执行时段错误：*Bad argument 1 to EFUN call_other()
Expected: object, string, array,  Got: int(0).

程式：/kungfu/skill/duanyun-bian.lpc 第 9 行
物件: /kungfu/skill/duanyun-bian
呼叫来自：/kungfu/skill/duanyun-bian.lpc 的 #global_init#() 第 9 行，物件： /kungfu/skill/duanyun-bian，地方:<none>

执行时段错误：*Bad argument 1 to EFUN call_other()
Expected: object, string, array,  Got: int(0).

程式：/kungfu/skill/anranxiaohun-zhang.lpc 第 9 行
物件: /kungfu/skill/anranxiaohun-zhang
呼叫来自：/kungfu/skill/anranxiaohun-zhang.lpc 的 #global_init#() 第 9 行，物件： /kungfu/skill/anranxiaohun-zhang，地方:<none>

执行时段错误：*No program in object '/kungfu/skill/quanzhen-xinfa'!

程式：0 第 0 行
物件: /adm/obj/master

执行时段错误：*No program in object '/quest/murong/qlist3'!

程式：0 第 0 行
物件: /adm/obj/master

执行时段错误：*No program in object '/clone/misc/objmaker'!

程式：0 第 0 行
物件: /adm/obj/master

执行时段错误：*Bad argument 1 to EFUN call_other()
Expected: object, string, array,  Got: int(0).

程式：/inherit/room/room.lpc 第 23 行
物件: /clone/misc/biwu
呼叫来自：/clone/misc/biwu.lpc 的 create() 第 32 行，物件： /clone/misc/biwu，地方:<none>
呼叫来自：/inherit/room/room.lpc 的 setup() 第 189 行，物件： /clone/misc/biwu，地方:<none>
呼叫来自：/inherit/room/room.lpc 的 reset() 第 71 行，物件： /clone/misc/biwu，地方:<none>
呼叫来自：/inherit/room/room.lpc 的 make_inventory() 第 23 行，物件： /clone/misc/biwu，地方:<none>

执行时段错误：*No program in object '/clone/topten/gaoshou'!

程式：0 第 0 行
物件: /adm/obj/master

执行时段错误：*Bad argument 1 to EFUN call_other()
Expected: object, string, array,  Got: int(0).

程式：/clone/npc/robber.lpc 第 40 行
物件: /clone/npc/robber
呼叫来自：/clone/npc/robber.lpc 的 create() 第 40 行，物件： /clone/npc/robber ("蒙面强盗")，地方:<none>

执行时段错误：*Bad argument 1 to EFUN call_other()
Expected: object, string, array,  Got: int(0).

程式：/inherit/room/room.lpc 第 23 行
物件: /d/guanwai/majiu
呼叫来自：/d/guanwai/majiu.lpc 的 create() 第 35 行，物件： /d/guanwai/majiu，地方:<none>
呼叫来自：/inherit/room/room.lpc 的 setup() 第 189 行，物件： /d/guanwai/majiu，地方:<none>
呼叫来自：/inherit/room/room.lpc 的 reset() 第 71 行，物件： /d/guanwai/majiu，地方:<none>
呼叫来自：/inherit/room/room.lpc 的 make_inventory() 第 23 行，物件： /d/guanwai/majiu，地方:<none>

执行时段错误：*No program in object '/d/kaifeng/east'!

程式：0 第 0 行
物件: /adm/obj/master

执行时段错误：*Bad argument 1 to EFUN call_other()
Expected: object, string, array,  Got: int(0).

程式：/d/heimuya/npc/renwoxing.lpc 第 64 行
物件: /d/heimuya/npc/renwoxing
呼叫来自：/d/heimuya/npc/renwoxing.lpc 的 create() 第 64 行，物件： /d/heimuya/npc/renwoxing ("任我行")，地方:<none>

执行时段错误：*Bad argument 1 to EFUN call_other()
Expected: object, string, array,  Got: int(0).

程式：/inherit/room/room.lpc 第 23 行
物件: /d/heimuya/npc/qing
呼叫来自：/d/heimuya/npc/qing.lpc 的 create() 第 17 行，物件： /d/heimuya/npc/qing，地方:<none>
呼叫来自：/inherit/room/room.lpc 的 setup() 第 189 行，物件： /d/heimuya/npc/qing，地方:<none>
呼叫来自：/inherit/room/room.lpc 的 reset() 第 71 行，物件： /d/heimuya/npc/qing，地方:<none>
呼叫来自：/inherit/room/room.lpc 的 make_inventory() 第 23 行，物件： /d/heimuya/npc/qing，地方:<none>

执行时段错误：*Bad argument 1 to EFUN call_other()
Expected: object, string, array,  Got: int(0).

程式：/d/city2/lilishi.lpc 第 56 行
物件: /d/city2/lilishi
呼叫来自：/d/city2/lilishi.lpc 的 create() 第 56 行，物件： /d/city2/lilishi ("李力世")，地方:<none>

执行时段错误：*Bad argument 1 to EFUN call_other()
Expected: object, string, array,  Got: int(0).

程式：/d/city2/obj/luguanji.lpc 第 16 行
物件: /d/city2/obj/luguanji
呼叫来自：/d/city2/obj/luguanji.lpc 的 create() 第 16 行，物件： /d/city2/obj/luguanji ("女管家")，地方:<none>

执行时段错误：*Bad argument 1 to EFUN call_other()
Expected: object, string, array,  Got: int(0).

程式：/d/city2/npc/liling2.lpc 第 148 行
物件: /d/city2/npc/liling2
呼叫来自：/d/city2/npc/liling2.lpc 的 create() 第 148 行，物件： /d/city2/npc/liling2 ("李凌")，地方:<none>

执行时段错误：*No program in object '/d/city2/npc/zhengmen'!

程式：0 第 0 行
物件: /adm/obj/master

执行时段错误：*Bad argument 1 to EFUN call_other()
Expected: object, string, array,  Got: int(0).

程式：/inherit/room/room.lpc 第 23 行
物件: /d/city/xxci2
呼叫来自：/d/city/xxci2.lpc 的 create() 第 25 行，物件： /d/city/xxci2，地方:<none>
呼叫来自：/inherit/room/room.lpc 的 setup() 第 189 行，物件： /d/city/xxci2，地方:<none>
呼叫来自：/inherit/room/room.lpc 的 reset() 第 71 行，物件： /d/city/xxci2，地方:<none>
呼叫来自：/inherit/room/room.lpc 的 make_inventory() 第 23 行，物件： /d/city/xxci2，地方:<none>

执行时段错误：*No program in object '/d/city/npc/zhuziliu'!

程式：0 第 0 行
物件: /adm/obj/master

执行时段错误：*Bad argument 1 to EFUN call_other()
Expected: object, string, array,  Got: int(0).

程式：/inherit/room/room.lpc 第 23 行
物件: /d/city/xxci1
呼叫来自：/d/city/xxci1.lpc 的 create() 第 33 行，物件： /d/city/xxci1，地方:<none>
呼叫来自：/inherit/room/room.lpc 的 setup() 第 189 行，物件： /d/city/xxci1，地方:<none>
呼叫来自：/inherit/room/room.lpc 的 reset() 第 71 行，物件： /d/city/xxci1，地方:<none>
呼叫来自：/inherit/room/room.lpc 的 make_inventory() 第 23 行，物件： /d/city/xxci1，地方:<none>

执行时段错误：*Bad argument 1 to EFUN call_other()
Expected: object, string, array,  Got: int(0).

程式：/d/henshan/npc/yuanziyi.lpc 第 69 行
物件: /d/henshan/npc/yuanziyi
呼叫来自：/d/henshan/chating.lpc 的 create() 第 22 行，物件： /d/henshan/chating，地方:<none>
呼叫来自：/inherit/room/room.lpc 的 setup() 第 189 行，物件： /d/henshan/chating，地方:<none>
呼叫来自：/inherit/room/room.lpc 的 reset() 第 71 行，物件： /d/henshan/chating，地方:<none>
呼叫来自：/inherit/room/room.lpc 的 make_inventory() 第 22 行，物件： /d/henshan/chating，地方:<none>
呼叫来自：/d/henshan/npc/yuanziyi.lpc 的 create() 第 69 行，物件： /d/henshan/npc/yuanziyi ("袁紫衣")，地方:<none>

执行时段错误：*Bad argument 1 to EFUN call_other()
Expected: object, string, array,  Got: int(0).

程式：/inherit/room/room.lpc 第 23 行
物件: /d/mingjiao/fangtang
呼叫来自：/d/mingjiao/fangtang.lpc 的 create() 第 38 行，物件： /d/mingjiao/fangtang，地方:<none>
呼叫来自：/inherit/room/room.lpc 的 setup() 第 189 行，物件： /d/mingjiao/fangtang，地方:<none>
呼叫来自：/inherit/room/room.lpc 的 reset() 第 71 行，物件： /d/mingjiao/fangtang，地方:<none>
呼叫来自：/inherit/room/room.lpc 的 make_inventory() 第 23 行，物件： /d/mingjiao/fangtang，地方:<none>

执行时段错误：*Bad argument 1 to EFUN call_other()
Expected: object, string, array,  Got: int(0).

程式：/inherit/room/room.lpc 第 23 行
物件: /d/mingjiao/neishi
呼叫来自：/d/mingjiao/neishi.lpc 的 create() 第 22 行，物件： /d/mingjiao/neishi，地方:<none>
呼叫来自：/inherit/room/room.lpc 的 setup() 第 189 行，物件： /d/mingjiao/neishi，地方:<none>
呼叫来自：/inherit/room/room.lpc 的 reset() 第 71 行，物件： /d/mingjiao/neishi，地方:<none>
呼叫来自：/inherit/room/room.lpc 的 make_inventory() 第 23 行，物件： /d/mingjiao/neishi，地方:<none>

执行时段错误：*Bad argument 1 to EFUN call_other()
Expected: object, string, array,  Got: int(0).

程式：/d/mingjiao/npc/shiwang.lpc 第 61 行
物件: /d/mingjiao/npc/shiwang
呼叫来自：/d/mingjiao/npc/shiwang.lpc 的 create() 第 61 行，物件： /d/mingjiao/npc/shiwang ("谢 逊")，地方:<none>

执行时段错误：*F_SKILL: No such skill (jinshe-jianfa)

程式：/feature/skill.lpc 第 21 行
物件: /d/city3/wenzai/npc/jinshe
呼叫来自：/d/city3/wenzai/npc/jinshe.lpc 的 create() 第 52 行，物件： /d/city3/wenzai/npc/jinshe ("夏雪宜")，地方:<none>
呼叫来自：/feature/skill.lpc 的 set_skill() 第 21 行，物件： /d/city3/wenzai/npc/jinshe ("夏雪宜")，地方:<none>

执行时段错误：*Bad argument 1 to EFUN call_other()
Expected: object, string, array,  Got: int(0).

程式：/d/city3/npc/jian-ke.lpc 第 28 行
物件: /d/city3/npc/jian-ke
呼叫来自：/d/city3/npc/jian-ke.lpc 的 create() 第 28 行，物件： /d/city3/npc/jian-ke ("剑客")，地方:<none>

执行时段错误：*Bad argument 1 to EFUN call_other()
Expected: object, string, array,  Got: int(0).

程式：/d/city3/npc/dao-ke.lpc 第 25 行
物件: /d/city3/npc/dao-ke
呼叫来自：/d/city3/npc/dao-ke.lpc 的 create() 第 25 行，物件： /d/city3/npc/dao-ke ("刀客")，地方:<none>

执行时段错误：*F_SKILL: No such skill (yiyang)

程式：/feature/skill.lpc 第 21 行
物件: /d/wanjiegu/npc/mu
呼叫来自：/d/wanjiegu/stone_room.lpc 的 create() 第 23 行，物件： /d/wanjiegu/stone_room，地方:<none>
呼叫来自：/inherit/room/room.lpc 的 setup() 第 189 行，物件： /d/wanjiegu/stone_room，地方:<none>
呼叫来自：/inherit/room/room.lpc 的 reset() 第 71 行，物件： /d/wanjiegu/stone_room，地方:<none>
呼叫来自：/inherit/room/room.lpc 的 make_inventory() 第 22 行，物件： /d/wanjiegu/stone_room，地方:<none>
呼叫来自：/d/wanjiegu/npc/mu.lpc 的 create() 第 40 行，物件： /d/wanjiegu/npc/mu ("木婉清")，地方:<none>
呼叫来自：/feature/skill.lpc 的 set_skill() 第 21 行，物件： /d/wanjiegu/npc/mu ("木婉清")，地方:<none>

执行时段错误：*F_SKILL: No such skill (yiyang)

程式：/feature/skill.lpc 第 21 行
物件: /d/wanjiegu/npc/monk
呼叫来自：/d/wanjiegu/backyard.lpc 的 create() 第 29 行，物件： /d/wanjiegu/backyard，地方:<none>
呼叫来自：/inherit/room/room.lpc 的 setup() 第 189 行，物件： /d/wanjiegu/backyard，地方:<none>
呼叫来自：/d/wanjiegu/backyard.lpc 的 reset() 第 96 行，物件： /d/wanjiegu/backyard，地方:<none>
呼叫来自：/inherit/room/room.lpc 的 reset() 第 71 行，物件： /d/wanjiegu/backyard，地方:<none>
呼叫来自：/inherit/room/room.lpc 的 make_inventory() 第 22 行，物件： /d/wanjiegu/backyard，地方:<none>
呼叫来自：/d/wanjiegu/npc/monk.lpc 的 create() 第 40 行，物件： /d/wanjiegu/npc/monk ("黄眉老僧")，地方:<none>
呼叫来自：/feature/skill.lpc 的 set_skill() 第 21 行，物件： /d/wanjiegu/npc/monk ("黄眉老僧")，地方:<none>

执行时段错误：*F_SKILL: No such skill (yiyang)

程式：/feature/skill.lpc 第 21 行
物件: /d/wanjiegu/npc/zhong
呼叫来自：/d/wanjiegu/hall.lpc 的 create() 第 24 行，物件： /d/wanjiegu/hall，地方:<none>
呼叫来自：/inherit/room/room.lpc 的 setup() 第 189 行，物件： /d/wanjiegu/hall，地方:<none>
呼叫来自：/inherit/room/room.lpc 的 reset() 第 71 行，物件： /d/wanjiegu/hall，地方:<none>
呼叫来自：/inherit/room/room.lpc 的 make_inventory() 第 22 行，物件： /d/wanjiegu/hall，地方:<none>
呼叫来自：/d/wanjiegu/npc/zhong.lpc 的 create() 第 34 行，物件： /d/wanjiegu/npc/zhong ("钟万仇")，地方:<none>
呼叫来自：/feature/skill.lpc 的 set_skill() 第 21 行，物件： /d/wanjiegu/npc/zhong ("钟万仇")，地方:<none>

执行时段错误：*F_SKILL: No such skill (yiyang)

程式：/feature/skill.lpc 第 21 行
物件: /d/wanjiegu/npc/zhongling
呼叫来自：/d/wanjiegu/bed_room.lpc 的 create() 第 22 行，物件： /d/wanjiegu/bed_room，地方:<none>
呼叫来自：/inherit/room/room.lpc 的 setup() 第 189 行，物件： /d/wanjiegu/bed_room，地方:<none>
呼叫来自：/inherit/room/room.lpc 的 reset() 第 71 行，物件： /d/wanjiegu/bed_room，地方:<none>
呼叫来自：/inherit/room/room.lpc 的 make_inventory() 第 22 行，物件： /d/wanjiegu/bed_room，地方:<none>
呼叫来自：/d/wanjiegu/npc/zhongling.lpc 的 create() 第 45 行，物件： /d/wanjiegu/npc/zhongling ("钟灵")，地方:<none>
呼叫来自：/feature/skill.lpc 的 set_skill() 第 21 行，物件： /d/wanjiegu/npc/zhongling ("钟灵")，地方:<none>

执行时段错误：*F_SKILL: No such skill (yiyang)

程式：/feature/skill.lpc 第 21 行
物件: /d/wanjiegu/npc/gan
呼叫来自：/d/wanjiegu/npc/gan.lpc 的 create() 第 35 行，物件： /d/wanjiegu/npc/gan ("甘宝宝")，地方:<none>
呼叫来自：/feature/skill.lpc 的 set_skill() 第 21 行，物件： /d/wanjiegu/npc/gan ("甘宝宝")，地方:<none>

执行时段错误：*F_SKILL: No such skill (yiyang)

程式：/feature/skill.lpc 第 21 行
物件: /d/wanjiegu/npc/gan#5593
呼叫来自：/d/wanjiegu/xiaoting.lpc 的 create() 第 23 行，物件： /d/wanjiegu/xiaoting，地方:<none>
呼叫来自：/inherit/room/room.lpc 的 setup() 第 189 行，物件： /d/wanjiegu/xiaoting，地方:<none>
呼叫来自：/inherit/room/room.lpc 的 reset() 第 71 行，物件： /d/wanjiegu/xiaoting，地方:<none>
呼叫来自：/inherit/room/room.lpc 的 make_inventory() 第 22 行，物件： /d/wanjiegu/xiaoting，地方:<none>
呼叫来自：/d/wanjiegu/npc/gan.lpc 的 create() 第 35 行，物件： /d/wanjiegu/npc/gan#5593 ("甘宝宝")，地方:<none>
呼叫来自：/feature/skill.lpc 的 set_skill() 第 21 行，物件： /d/wanjiegu/npc/gan#5593 ("甘宝宝")，地方:<none>

执行时段错误：*No program in object '/d/npc/master'!

程式：0 第 0 行
物件: /adm/obj/master

执行时段错误：*Bad argument 1 to EFUN call_other()
Expected: object, string, array,  Got: int(0).

程式：/d/npc/m_weapon/weapon/m_whip.lpc 第 26 行
物件: /d/npc/m_weapon/weapon/m_whip
呼叫来自：/d/npc/m_weapon/weapon/m_whip.lpc 的 create() 第 26 行，物件： /d/npc/m_weapon/weapon/m_whip ("/d/npc/m_weapon/weapon/m_whip")，地方:<none>

执行时段错误：*Bad argument 1 to EFUN call_other()
Expected: object, string, array,  Got: int(0).

程式：/d/npc/m_weapon/weapon/m_bian.lpc 第 26 行
物件: /d/npc/m_weapon/weapon/m_bian
呼叫来自：/d/npc/m_weapon/weapon/m_bian.lpc 的 create() 第 26 行，物件： /d/npc/m_weapon/weapon/m_bian ("[1;31m火[2;37;0m[1;33m龙[2;37;0m[1;34m鞭[2;37;0m")，地方:<none>

执行时段错误：*Bad argument 1 to EFUN call_other()
Expected: object, string, array,  Got: int(0).

程式：/d/npc/m_weapon/weapon/m_staff.lpc 第 25 行
物件: /d/npc/m_weapon/weapon/m_staff
呼叫来自：/d/npc/m_weapon/weapon/m_staff.lpc 的 create() 第 25 行，物件： /d/npc/m_weapon/weapon/m_staff ("/d/npc/m_weapon/weapon/m_staff")，地方:<none>

执行时段错误：*Bad argument 1 to EFUN call_other()
Expected: object, string, array,  Got: int(0).

程式：/d/quanzhen/obj/m_sword.lpc 第 57 行
物件: /d/quanzhen/obj/m_sword
呼叫来自：/d/quanzhen/obj/m_sword.lpc 的 create() 第 57 行，物件： /d/quanzhen/obj/m_sword ("/d/quanzhen/obj/m_sword")，地方:<none>

执行时段错误：*Bad argument 1 to EFUN call_other()
Expected: object, string, array,  Got: int(0).

程式：/d/quanzhen/npc/obj/m_sword.lpc 第 29 行
物件: /d/quanzhen/npc/obj/m_sword
呼叫来自：/d/quanzhen/npc/obj/m_sword.lpc 的 create() 第 29 行，物件： /d/quanzhen/npc/obj/m_sword ("/d/quanzhen/npc/obj/m_sword")，地方:<none>

执行时段错误：*Bad argument 1 to EFUN call_other()
Expected: object, string, array,  Got: int(0).

程式：/inherit/room/room.lpc 第 23 行
物件: /d/mr/biaoju
呼叫来自：/d/mr/biaoju.lpc 的 create() 第 18 行，物件： /d/mr/biaoju，地方:<none>
呼叫来自：/inherit/room/room.lpc 的 setup() 第 189 行，物件： /d/mr/biaoju，地方:<none>
呼叫来自：/inherit/room/room.lpc 的 reset() 第 71 行，物件： /d/mr/biaoju，地方:<none>
呼叫来自：/inherit/room/room.lpc 的 make_inventory() 第 23 行，物件： /d/mr/biaoju，地方:<none>

执行时段错误：*No program in object '/d/huashan/npc/doctor'!

程式：0 第 0 行
物件: /adm/obj/master

执行时段错误：*No program in object '/d/huashan/npc/doctor'!

程式：/inherit/room/room.lpc 第 22 行
物件: /d/huashan/doctorroom
呼叫来自：/d/huashan/doctorroom.lpc 的 create() 第 24 行，物件： /d/huashan/doctorroom，地方:<none>
呼叫来自：/inherit/room/room.lpc 的 setup() 第 189 行，物件： /d/huashan/doctorroom，地方:<none>
呼叫来自：/inherit/room/room.lpc 的 reset() 第 71 行，物件： /d/huashan/doctorroom，地方:<none>
呼叫来自：/inherit/room/room.lpc 的 make_inventory() 第 22 行，物件： /d/huashan/doctorroom，地方:<none>

执行时段错误：*No program in object '/d/huashan/map'!

程式：0 第 0 行
物件: /adm/obj/master

执行时段错误：*Bad argument 1 to EFUN call_other()
Expected: object, string, array,  Got: int(0).

程式：/inherit/room/room.lpc 第 23 行
物件: /d/shaolin/cangku
呼叫来自：/d/shaolin/cangku.lpc 的 create() 第 18 行，物件： /d/shaolin/cangku，地方:<none>
呼叫来自：/inherit/room/room.lpc 的 setup() 第 189 行，物件： /d/shaolin/cangku，地方:<none>
呼叫来自：/inherit/room/room.lpc 的 reset() 第 80 行，物件： /d/shaolin/cangku，地方:<none>
呼叫来自：/inherit/room/room.lpc 的 make_inventory() 第 23 行，物件： /d/shaolin/cangku，地方:<none>

执行时段错误：*Bad argument 1 to EFUN call_other()
Expected: object, string, array,  Got: int(0).

程式：/inherit/room/room.lpc 第 23 行
物件: /d/shaolin/npc/obj/houdian
呼叫来自：/d/shaolin/npc/obj/houdian.lpc 的 create() 第 27 行，物件： /d/shaolin/npc/obj/houdian，地方:<none>
呼叫来自：/inherit/room/room.lpc 的 setup() 第 189 行，物件： /d/shaolin/npc/obj/houdian，地方:<none>
呼叫来自：/inherit/room/room.lpc 的 reset() 第 80 行，物件： /d/shaolin/npc/obj/houdian，地方:<none>
呼叫来自：/inherit/room/room.lpc 的 make_inventory() 第 23 行，物件： /d/shaolin/npc/obj/houdian，地方:<none>

执行时段错误：*Bad argument 1 to EFUN call_other()
Expected: object, string, array,  Got: int(0).

程式：/inherit/room/room.lpc 第 23 行
物件: /d/shaolin/npc/obj/bailongdong
呼叫来自：/d/shaolin/npc/obj/bailongdong.lpc 的 create() 第 57 行，物件： /d/shaolin/npc/obj/bailongdong，地方:<none>
呼叫来自：/inherit/room/room.lpc 的 setup() 第 189 行，物件： /d/shaolin/npc/obj/bailongdong，地方:<none>
呼叫来自：/inherit/room/room.lpc 的 reset() 第 71 行，物件： /d/shaolin/npc/obj/bailongdong，地方:<none>
呼叫来自：/inherit/room/room.lpc 的 make_inventory() 第 23 行，物件： /d/shaolin/npc/obj/bailongdong，地方:<none>

执行时段错误：*No program in object '/d/shaolin/npc/obj/shuitan'!

程式：0 第 0 行
物件: /adm/obj/master

执行时段错误：*Bad argument 1 to EFUN call_other()
Expected: object, string, array,  Got: int(0).

程式：/inherit/room/room.lpc 第 23 行
物件: /d/gaibang/sheyuan
呼叫来自：/d/gaibang/sheyuan.lpc 的 create() 第 23 行，物件： /d/gaibang/sheyuan，地方:<none>
呼叫来自：/inherit/room/room.lpc 的 setup() 第 189 行，物件： /d/gaibang/sheyuan，地方:<none>
呼叫来自：/inherit/room/room.lpc 的 reset() 第 71 行，物件： /d/gaibang/sheyuan，地方:<none>
呼叫来自：/inherit/room/room.lpc 的 make_inventory() 第 23 行，物件： /d/gaibang/sheyuan，地方:<none>

执行时段错误：*Bad argument 1 to EFUN call_other()
Expected: object, string, array,  Got: int(0).

程式：/inherit/room/room.lpc 第 23 行
物件: /d/gaibang/underbj
呼叫来自：/d/gaibang/underbj.lpc 的 create() 第 22 行，物件： /d/gaibang/underbj，地方:<none>
呼叫来自：/inherit/room/room.lpc 的 setup() 第 189 行，物件： /d/gaibang/underbj，地方:<none>
呼叫来自：/inherit/room/room.lpc 的 reset() 第 71 行，物件： /d/gaibang/underbj，地方:<none>
呼叫来自：/inherit/room/room.lpc 的 make_inventory() 第 23 行，物件： /d/gaibang/underbj，地方:<none>

执行时段错误：*Bad argument 1 to EFUN call_other()
Expected: object, string, array,  Got: int(0).

程式：/inherit/room/room.lpc 第 23 行
物件: /d/gaibang/shoushe
呼叫来自：/d/gaibang/shoushe.lpc 的 create() 第 22 行，物件： /d/gaibang/shoushe，地方:<none>
呼叫来自：/inherit/room/room.lpc 的 setup() 第 189 行，物件： /d/gaibang/shoushe，地方:<none>
呼叫来自：/inherit/room/room.lpc 的 reset() 第 71 行，物件： /d/gaibang/shoushe，地方:<none>
呼叫来自：/inherit/room/room.lpc 的 make_inventory() 第 23 行，物件： /d/gaibang/shoushe，地方:<none>

执行时段错误：*Inherited file '/u/fyue/npcskill' does not exist!

程式：0 第 0 行
物件: /adm/obj/master

执行时段错误：*call_other() couldn't find object '/d/shaolin/marry_room'.

程式：/d/emei/user-room/melodies_room.lpc 第 24 行
物件: /d/emei/user-room/melodies_room
呼叫来自：/d/emei/user-room/melodies_room.lpc 的 create() 第 24 行，物件： /d/emei/user-room/melodies_room，地方:<none>

执行时段错误：*call_other() couldn't find object '/d/shaolin/marry_room'.

程式：/d/emei/user-room/melodies/new_room.lpc 第 26 行
物件: /d/emei/user-room/melodies/new_room
呼叫来自：/d/emei/user-room/melodies/new_room.lpc 的 create() 第 26 行，物件： /d/emei/user-room/melodies/new_room，地方:<none>

执行时段错误：*call_other() couldn't find object '/d/shaolin/marry_room'.

程式：/d/emei/user-room/melodies/melodies_room.lpc 第 24 行
物件: /d/emei/user-room/melodies/melodies_room
呼叫来自：/d/emei/user-room/melodies/melodies_room.lpc 的 create() 第 24 行，物件： /d/emei/user-room/melodies/melodies_room，地方:<none>

执行时段错误：*call_other() couldn't find object '/d/shaolin/marry_room'.

程式：/d/emei/user-room/melodies/marry_room.lpc 第 24 行
物件: /d/emei/user-room/melodies/marry_room
呼叫来自：/d/emei/user-room/melodies/marry_room.lpc 的 create() 第 24 行，物件： /d/emei/user-room/melodies/marry_room，地方:<none>

执行时段错误：*No program in object '/d/player/ltsh/npc/saveme'!

程式：0 第 0 行
物件: /adm/obj/master

执行时段错误：*No program in object '/d/player/ltsh/npc/saveme'!

程式：/inherit/room/room.lpc 第 22 行
物件: /d/player/ltsh/tst
呼叫来自：/d/player/ltsh/tst.lpc 的 create() 第 22 行，物件： /d/player/ltsh/tst，地方:<none>
呼叫来自：/inherit/room/room.lpc 的 setup() 第 189 行，物件： /d/player/ltsh/tst，地方:<none>
呼叫来自：/inherit/room/room.lpc 的 reset() 第 71 行，物件： /d/player/ltsh/tst，地方:<none>
呼叫来自：/inherit/room/room.lpc 的 make_inventory() 第 22 行，物件： /d/player/ltsh/tst，地方:<none>

执行时段错误：*Bad argument 1 to EFUN call_other()
Expected: object, string, array,  Got: int(0).

程式：/inherit/room/room.lpc 第 23 行
物件: /d/quanzhen_old/nanyang
呼叫来自：/d/quanzhen_old/nanyang.lpc 的 create() 第 30 行，物件： /d/quanzhen_old/nanyang，地方:<none>
呼叫来自：/inherit/room/room.lpc 的 setup() 第 189 行，物件： /d/quanzhen_old/nanyang，地方:<none>
呼叫来自：/inherit/room/room.lpc 的 reset() 第 71 行，物件： /d/quanzhen_old/nanyang，地方:<none>
呼叫来自：/inherit/room/room.lpc 的 make_inventory() 第 23 行，物件： /d/quanzhen_old/nanyang，地方:<none>

执行时段错误：*F_SKILL: No such skill (kongmingquan)

程式：/feature/skill.lpc 第 21 行
物件: /d/quanzhen_old/obj/liuchuxuan
呼叫来自：/d/quanzhen_old/obj/liuchuxuan.lpc 的 create() 第 49 行，物件： /d/quanzhen_old/obj/liuchuxuan ("刘处玄")，地方:<none>
呼叫来自：/feature/skill.lpc 的 set_skill() 第 21 行，物件： /d/quanzhen_old/obj/liuchuxuan ("刘处玄")，地方:<none>

执行时段错误：*F_SKILL: No such skill (kongmingquan)

程式：/feature/skill.lpc 第 21 行
物件: /d/quanzhen_old/obj/mayu
呼叫来自：/d/quanzhen_old/obj/mayu.lpc 的 create() 第 59 行，物件： /d/quanzhen_old/obj/mayu ("马钰")，地方:<none>
呼叫来自：/feature/skill.lpc 的 set_skill() 第 21 行，物件： /d/quanzhen_old/obj/mayu ("马钰")，地方:<none>

执行时段错误：*F_SKILL: No such skill (kongmingquan)

程式：/feature/skill.lpc 第 21 行
物件: /d/quanzhen_old/obj/daotong
呼叫来自：/d/quanzhen_old/obj/daotong.lpc 的 create() 第 38 行，物件： /d/quanzhen_old/obj/daotong ("道童")，地方:<none>
呼叫来自：/feature/skill.lpc 的 set_skill() 第 21 行，物件： /d/quanzhen_old/obj/daotong ("道童")，地方:<none>

执行时段错误：*F_SKILL: No such skill (kongmingquan)

程式：/feature/skill.lpc 第 21 行
物件: /d/quanzhen_old/obj/haodatong
呼叫来自：/d/quanzhen_old/obj/haodatong.lpc 的 create() 第 43 行，物件： /d/quanzhen_old/obj/haodatong ("郝大通")，地方:<none>
呼叫来自：/feature/skill.lpc 的 set_skill() 第 21 行，物件： /d/quanzhen_old/obj/haodatong ("郝大通")，地方:<none>

执行时段错误：*Bad argument 1 to EFUN call_other()
Expected: object, string, array,  Got: int(0).

程式：/d/quanzhen_old/obj/m_sword.lpc 第 57 行
物件: /d/quanzhen_old/obj/m_sword
呼叫来自：/d/quanzhen_old/obj/m_sword.lpc 的 create() 第 57 行，物件： /d/quanzhen_old/obj/m_sword ("/d/quanzhen_old/obj/m_sword")，地方:<none>

执行时段错误：*No program in object '/d/quanzhen_old/npc/haodatong'!

程式：0 第 0 行
物件: /adm/obj/master

执行时段错误：*Bad argument 1 to EFUN call_other()
Expected: object, string, array,  Got: int(0).

程式：/d/quanzhen_old/npc/obj/m_sword.lpc 第 29 行
物件: /d/quanzhen_old/npc/obj/m_sword
呼叫来自：/d/quanzhen_old/npc/obj/m_sword.lpc 的 create() 第 29 行，物件： /d/quanzhen_old/npc/obj/m_sword ("/d/quanzhen_old/npc/obj/m_sword")，地方:<none>

执行时段错误：*Bad argument 1 to EFUN call_other()
Expected: object, string, array,  Got: int(0).

程式：/inherit/room/room.lpc 第 23 行
物件: /d/quanzhen_old/yadi
呼叫来自：/d/quanzhen_old/yadi.lpc 的 create() 第 25 行，物件： /d/quanzhen_old/yadi，地方:<none>
呼叫来自：/inherit/room/room.lpc 的 setup() 第 189 行，物件： /d/quanzhen_old/yadi，地方:<none>
呼叫来自：/inherit/room/room.lpc 的 reset() 第 71 行，物件： /d/quanzhen_old/yadi，地方:<none>
呼叫来自：/inherit/room/room.lpc 的 make_inventory() 第 23 行，物件： /d/quanzhen_old/yadi，地方:<none>

执行时段错误：*Bad argument 1 to EFUN call_other()
Expected: object, string, array,  Got: int(0).

程式：/inherit/room/room.lpc 第 23 行
物件: /d/gumu/tree
呼叫来自：/d/gumu/tree.lpc 的 create() 第 21 行，物件： /d/gumu/tree，地方:<none>
呼叫来自：/inherit/room/room.lpc 的 setup() 第 189 行，物件： /d/gumu/tree，地方:<none>
呼叫来自：/inherit/room/room.lpc 的 reset() 第 71 行，物件： /d/gumu/tree，地方:<none>
呼叫来自：/inherit/room/room.lpc 的 make_inventory() 第 23 行，物件： /d/gumu/tree，地方:<none>

执行时段错误：*No program in object '/d/gumu/duanchang'!

程式：0 第 0 行
物件: /adm/obj/master

执行时段错误：*Bad argument 1 to EFUN call_other()
Expected: object, string, array,  Got: int(0).

程式：/inherit/room/room.lpc 第 23 行
物件: /d/gumu/jianshi
呼叫来自：/d/gumu/jianshi.lpc 的 create() 第 26 行，物件： /d/gumu/jianshi，地方:<none>
呼叫来自：/inherit/room/room.lpc 的 setup() 第 189 行，物件： /d/gumu/jianshi，地方:<none>
呼叫来自：/inherit/room/room.lpc 的 reset() 第 80 行，物件： /d/gumu/jianshi，地方:<none>
呼叫来自：/inherit/room/room.lpc 的 make_inventory() 第 23 行，物件： /d/gumu/jianshi，地方:<none>

执行时段错误：*Wrong permissions for opening file /u/snow/log for append.
"Is a directory"

程式：/adm/obj/master.lpc 第 138 行
物件: /adm/obj/master
呼叫来自：/adm/obj/master.lpc 的 log_error() 第 138 行，物件： /adm/obj/master，地方:<none>

执行时段错误：*Wrong permissions for opening file /u/snow/log for append.
"Is a directory"

程式：/adm/obj/master.lpc 第 138 行
物件: /adm/obj/master
呼叫来自：/adm/obj/master.lpc 的 log_error() 第 138 行，物件： /adm/obj/master，地方:<none>

执行时段错误：*Wrong permissions for opening file /u/snow/log for append.
"Is a directory"

程式：/adm/obj/master.lpc 第 138 行
物件: /adm/obj/master
呼叫来自：/adm/obj/master.lpc 的 log_error() 第 138 行，物件： /adm/obj/master，地方:<none>

执行时段错误：*Wrong permissions for opening file /u/snow/log for append.
"Is a directory"

程式：/adm/obj/master.lpc 第 138 行
物件: /adm/obj/master
呼叫来自：/adm/obj/master.lpc 的 log_error() 第 138 行，物件： /adm/obj/master，地方:<none>

执行时段错误：*Wrong permissions for opening file /u/snow/log for append.
"Is a directory"

程式：/adm/obj/master.lpc 第 138 行
物件: /adm/obj/master
呼叫来自：/adm/obj/master.lpc 的 log_error() 第 138 行，物件： /adm/obj/master，地方:<none>

执行时段错误：*Wrong permissions for opening file /u/snow/log for append.
"Is a directory"

程式：/adm/obj/master.lpc 第 138 行
物件: /adm/obj/master
呼叫来自：/adm/obj/master.lpc 的 log_error() 第 138 行，物件： /adm/obj/master，地方:<none>

执行时段错误：*Wrong permissions for opening file /u/snow/log for append.
"Is a directory"

程式：/adm/obj/master.lpc 第 138 行
物件: /adm/obj/master
呼叫来自：/adm/obj/master.lpc 的 log_error() 第 138 行，物件： /adm/obj/master，地方:<none>

执行时段错误：*Wrong permissions for opening file /u/snow/log for append.
"Is a directory"

程式：/adm/obj/master.lpc 第 138 行
物件: /adm/obj/master
呼叫来自：/adm/obj/master.lpc 的 log_error() 第 138 行，物件： /adm/obj/master，地方:<none>

执行时段错误：*Wrong permissions for opening file /u/snow/log for append.
"Is a directory"

程式：/adm/obj/master.lpc 第 138 行
物件: /adm/obj/master
呼叫来自：/adm/obj/master.lpc 的 log_error() 第 138 行，物件： /adm/obj/master，地方:<none>

执行时段错误：*No program in object '/u/snow/who'!

程式：0 第 0 行
物件: /adm/obj/master

执行时段错误：*Wrong permissions for opening file /u/snow/log for append.
"Is a directory"

程式：/adm/obj/master.lpc 第 138 行
物件: /adm/obj/master
呼叫来自：/u/snow/wudujiao/chufang.lpc 的 create() 第 30 行，物件： /u/snow/wudujiao/chufang，地方:<none>
呼叫来自：/inherit/room/room.lpc 的 setup() 第 189 行，物件： /u/snow/wudujiao/chufang，地方:<none>
呼叫来自：/inherit/room/room.lpc 的 reset() 第 80 行，物件： /u/snow/wudujiao/chufang，地方:<none>
呼叫来自：/inherit/room/room.lpc 的 make_inventory() 第 22 行，物件： /u/snow/wudujiao/chufang，地方:<none>
呼叫来自：/adm/obj/master.lpc 的 log_error() 第 138 行，物件： /adm/obj/master，地方:<none>

执行时段错误：*Wrong permissions for opening file /u/snow/log for append.
"Is a directory"

程式：/adm/obj/master.lpc 第 138 行
物件: /adm/obj/master
呼叫来自：/adm/obj/master.lpc 的 log_error() 第 138 行，物件： /adm/obj/master，地方:<none>

执行时段错误：*Wrong permissions for opening file /u/snow/log for append.
"Is a directory"

程式：/adm/obj/master.lpc 第 138 行
物件: /adm/obj/master
呼叫来自：/adm/obj/master.lpc 的 log_error() 第 138 行，物件： /adm/obj/master，地方:<none>

执行时段错误：*Wrong permissions for opening file /u/snow/log for append.
"Is a directory"

程式：/adm/obj/master.lpc 第 138 行
物件: /adm/obj/master
呼叫来自：/adm/obj/master.lpc 的 log_error() 第 138 行，物件： /adm/obj/master，地方:<none>

执行时段错误：*Wrong permissions for opening file /u/snow/log for append.
"Is a directory"

程式：/adm/obj/master.lpc 第 138 行
物件: /adm/obj/master
呼叫来自：/adm/obj/master.lpc 的 log_error() 第 138 行，物件： /adm/obj/master，地方:<none>

执行时段错误：*Wrong permissions for opening file /u/snow/log for append.
"Is a directory"

程式：/adm/obj/master.lpc 第 138 行
物件: /adm/obj/master
呼叫来自：/adm/obj/master.lpc 的 log_error() 第 138 行，物件： /adm/obj/master，地方:<none>

执行时段错误：*Wrong permissions for opening file /u/snow/log for append.
"Is a directory"

程式：/adm/obj/master.lpc 第 138 行
物件: /adm/obj/master
呼叫来自：/adm/obj/master.lpc 的 log_error() 第 138 行，物件： /adm/obj/master，地方:<none>

执行时段错误：*Wrong permissions for opening file /u/snow/log for append.
"Is a directory"

程式：/adm/obj/master.lpc 第 138 行
物件: /adm/obj/master
呼叫来自：/adm/obj/master.lpc 的 log_error() 第 138 行，物件： /adm/obj/master，地方:<none>

执行时段错误：*Wrong permissions for opening file /u/snow/log for append.
"Is a directory"

程式：/adm/obj/master.lpc 第 138 行
物件: /adm/obj/master
呼叫来自：/adm/obj/master.lpc 的 log_error() 第 138 行，物件： /adm/obj/master，地方:<none>

执行时段错误：*Wrong permissions for opening file /u/snow/log for append.
"Is a directory"

程式：/adm/obj/master.lpc 第 138 行
物件: /adm/obj/master
呼叫来自：/adm/obj/master.lpc 的 log_error() 第 138 行，物件： /adm/obj/master，地方:<none>

执行时段错误：*Wrong permissions for opening file /u/snow/log for append.
"Is a directory"

程式：/adm/obj/master.lpc 第 138 行
物件: /adm/obj/master
呼叫来自：/adm/obj/master.lpc 的 log_error() 第 138 行，物件： /adm/obj/master，地方:<none>

执行时段错误：*Wrong permissions for opening file /u/snow/log for append.
"Is a directory"

程式：/adm/obj/master.lpc 第 138 行
物件: /adm/obj/master
呼叫来自：/u/snow/wudujiao/xiangfang.lpc 的 create() 第 24 行，物件： /u/snow/wudujiao/xiangfang，地方:<none>
呼叫来自：/inherit/room/room.lpc 的 setup() 第 189 行，物件： /u/snow/wudujiao/xiangfang，地方:<none>
呼叫来自：/inherit/room/room.lpc 的 reset() 第 71 行，物件： /u/snow/wudujiao/xiangfang，地方:<none>
呼叫来自：/inherit/room/room.lpc 的 make_inventory() 第 22 行，物件： /u/snow/wudujiao/xiangfang，地方:<none>
呼叫来自：/adm/obj/master.lpc 的 log_error() 第 138 行，物件： /adm/obj/master，地方:<none>

执行时段错误：*Wrong permissions for opening file /u/snow/log for append.
"Is a directory"

程式：/adm/obj/master.lpc 第 138 行
物件: /adm/obj/master
呼叫来自：/adm/obj/master.lpc 的 log_error() 第 138 行，物件： /adm/obj/master，地方:<none>

执行时段错误：*Wrong permissions for opening file /u/snow/log for append.
"Is a directory"

程式：/adm/obj/master.lpc 第 138 行
物件: /adm/obj/master
呼叫来自：/adm/obj/master.lpc 的 log_error() 第 138 行，物件： /adm/obj/master，地方:<none>

执行时段错误：*Wrong permissions for opening file /u/snow/log for append.
"Is a directory"

程式：/adm/obj/master.lpc 第 138 行
物件: /adm/obj/master
呼叫来自：/adm/obj/master.lpc 的 log_error() 第 138 行，物件： /adm/obj/master，地方:<none>

执行时段错误：*Wrong permissions for opening file /u/snow/log for append.
"Is a directory"

程式：/adm/obj/master.lpc 第 138 行
物件: /adm/obj/master
呼叫来自：/adm/obj/master.lpc 的 log_error() 第 138 行，物件： /adm/obj/master，地方:<none>

执行时段错误：*Wrong permissions for opening file /u/snow/log for append.
"Is a directory"

程式：/adm/obj/master.lpc 第 138 行
物件: /adm/obj/master
呼叫来自：/adm/obj/master.lpc 的 log_error() 第 138 行，物件： /adm/obj/master，地方:<none>

执行时段错误：*Wrong permissions for opening file /u/snow/log for append.
"Is a directory"

程式：/adm/obj/master.lpc 第 138 行
物件: /adm/obj/master
呼叫来自：/adm/obj/master.lpc 的 log_error() 第 138 行，物件： /adm/obj/master，地方:<none>

执行时段错误：*Wrong permissions for opening file /u/snow/log for append.
"Is a directory"

程式：/adm/obj/master.lpc 第 138 行
物件: /adm/obj/master
呼叫来自：/u/snow/wudujiao/wandu3.lpc 的 create() 第 36 行，物件： /u/snow/wudujiao/wandu3，地方:<none>
呼叫来自：/inherit/room/room.lpc 的 setup() 第 189 行，物件： /u/snow/wudujiao/wandu3，地方:<none>
呼叫来自：/inherit/room/room.lpc 的 reset() 第 71 行，物件： /u/snow/wudujiao/wandu3，地方:<none>
呼叫来自：/inherit/room/room.lpc 的 make_inventory() 第 22 行，物件： /u/snow/wudujiao/wandu3，地方:<none>
呼叫来自：/adm/obj/master.lpc 的 log_error() 第 138 行，物件： /adm/obj/master，地方:<none>

执行时段错误：*Wrong permissions for opening file /u/snow/log for append.
"Is a directory"

程式：/adm/obj/master.lpc 第 138 行
物件: /adm/obj/master
呼叫来自：/u/snow/wudujiao/wandu3.lpc 的 create() 第 36 行，物件： /u/snow/wudujiao/wandu3，地方:<none>
呼叫来自：/inherit/room/room.lpc 的 setup() 第 189 行，物件： /u/snow/wudujiao/wandu3，地方:<none>
呼叫来自：/inherit/room/room.lpc 的 reset() 第 71 行，物件： /u/snow/wudujiao/wandu3，地方:<none>
呼叫来自：/inherit/room/room.lpc 的 make_inventory() 第 22 行，物件： /u/snow/wudujiao/wandu3，地方:<none>
呼叫来自：/adm/obj/master.lpc 的 log_error() 第 138 行，物件： /adm/obj/master，地方:<none>

执行时段错误：*Wrong permissions for opening file /u/snow/log for append.
"Is a directory"

程式：/adm/obj/master.lpc 第 138 行
物件: /adm/obj/master
呼叫来自：/adm/obj/master.lpc 的 log_error() 第 138 行，物件： /adm/obj/master，地方:<none>

执行时段错误：*Wrong permissions for opening file /u/snow/log for append.
"Is a directory"

程式：/adm/obj/master.lpc 第 138 行
物件: /adm/obj/master
呼叫来自：/adm/obj/master.lpc 的 log_error() 第 138 行，物件： /adm/obj/master，地方:<none>

执行时段错误：*Wrong permissions for opening file /u/snow/log for append.
"Is a directory"

程式：/adm/obj/master.lpc 第 138 行
物件: /adm/obj/master
呼叫来自：/u/snow/wudujiao/huxue1.lpc 的 create() 第 26 行，物件： /u/snow/wudujiao/huxue1，地方:<none>
呼叫来自：/inherit/room/room.lpc 的 setup() 第 189 行，物件： /u/snow/wudujiao/huxue1，地方:<none>
呼叫来自：/inherit/room/room.lpc 的 reset() 第 80 行，物件： /u/snow/wudujiao/huxue1，地方:<none>
呼叫来自：/inherit/room/room.lpc 的 make_inventory() 第 22 行，物件： /u/snow/wudujiao/huxue1，地方:<none>
呼叫来自：/adm/obj/master.lpc 的 log_error() 第 138 行，物件： /adm/obj/master，地方:<none>

执行时段错误：*Wrong permissions for opening file /u/snow/log for append.
"Is a directory"

程式：/adm/obj/master.lpc 第 138 行
物件: /adm/obj/master
呼叫来自：/u/snow/wudujiao/wandu2.lpc 的 create() 第 34 行，物件： /u/snow/wudujiao/wandu2，地方:<none>
呼叫来自：/inherit/room/room.lpc 的 setup() 第 189 行，物件： /u/snow/wudujiao/wandu2，地方:<none>
呼叫来自：/inherit/room/room.lpc 的 reset() 第 71 行，物件： /u/snow/wudujiao/wandu2，地方:<none>
呼叫来自：/inherit/room/room.lpc 的 make_inventory() 第 22 行，物件： /u/snow/wudujiao/wandu2，地方:<none>
呼叫来自：/adm/obj/master.lpc 的 log_error() 第 138 行，物件： /adm/obj/master，地方:<none>

执行时段错误：*Wrong permissions for opening file /u/snow/log for append.
"Is a directory"

程式：/adm/obj/master.lpc 第 138 行
物件: /adm/obj/master
呼叫来自：/adm/obj/master.lpc 的 log_error() 第 138 行，物件： /adm/obj/master，地方:<none>

执行时段错误：*Wrong permissions for opening file /u/snow/log for append.
"Is a directory"

程式：/adm/obj/master.lpc 第 138 行
物件: /adm/obj/master
呼叫来自：/adm/obj/master.lpc 的 log_error() 第 138 行，物件： /adm/obj/master，地方:<none>

执行时段错误：*Wrong permissions for opening file /u/snow/log for append.
"Is a directory"

程式：/adm/obj/master.lpc 第 138 行
物件: /adm/obj/master
呼叫来自：/adm/obj/master.lpc 的 log_error() 第 138 行，物件： /adm/obj/master，地方:<none>

执行时段错误：*Wrong permissions for opening file /u/snow/log for append.
"Is a directory"

程式：/adm/obj/master.lpc 第 138 行
物件: /adm/obj/master
呼叫来自：/u/snow/wudujiao/nanyuan.lpc 的 create() 第 26 行，物件： /u/snow/wudujiao/nanyuan，地方:<none>
呼叫来自：/inherit/room/room.lpc 的 setup() 第 189 行，物件： /u/snow/wudujiao/nanyuan，地方:<none>
呼叫来自：/inherit/room/room.lpc 的 reset() 第 80 行，物件： /u/snow/wudujiao/nanyuan，地方:<none>
呼叫来自：/inherit/room/room.lpc 的 make_inventory() 第 22 行，物件： /u/snow/wudujiao/nanyuan，地方:<none>
呼叫来自：/adm/obj/master.lpc 的 log_error() 第 138 行，物件： /adm/obj/master，地方:<none>

执行时段错误：*Wrong permissions for opening file /u/snow/log for append.
"Is a directory"

程式：/adm/obj/master.lpc 第 138 行
物件: /adm/obj/master
呼叫来自：/adm/obj/master.lpc 的 log_error() 第 138 行，物件： /adm/obj/master，地方:<none>

执行时段错误：*Wrong permissions for opening file /u/snow/log for append.
"Is a directory"

程式：/adm/obj/master.lpc 第 138 行
物件: /adm/obj/master
呼叫来自：/adm/obj/master.lpc 的 log_error() 第 138 行，物件： /adm/obj/master，地方:<none>

执行时段错误：*Wrong permissions for opening file /u/snow/log for append.
"Is a directory"

程式：/adm/obj/master.lpc 第 138 行
物件: /adm/obj/master
呼叫来自：/adm/obj/master.lpc 的 log_error() 第 138 行，物件： /adm/obj/master，地方:<none>

执行时段错误：*Wrong permissions for opening file /u/snow/log for append.
"Is a directory"

程式：/adm/obj/master.lpc 第 138 行
物件: /adm/obj/master
呼叫来自：/adm/obj/master.lpc 的 log_error() 第 138 行，物件： /adm/obj/master，地方:<none>

执行时段错误：*Wrong permissions for opening file /u/snow/log for append.
"Is a directory"

程式：/adm/obj/master.lpc 第 138 行
物件: /adm/obj/master
呼叫来自：/adm/obj/master.lpc 的 log_error() 第 138 行，物件： /adm/obj/master，地方:<none>

执行时段错误：*Wrong permissions for opening file /u/snow/log for append.
"Is a directory"

程式：/adm/obj/master.lpc 第 138 行
物件: /adm/obj/master
呼叫来自：/adm/obj/master.lpc 的 log_error() 第 138 行，物件： /adm/obj/master，地方:<none>

执行时段错误：*Wrong permissions for opening file /u/snow/log for append.
"Is a directory"

程式：/adm/obj/master.lpc 第 138 行
物件: /adm/obj/master
呼叫来自：/adm/obj/master.lpc 的 log_error() 第 138 行，物件： /adm/obj/master，地方:<none>

执行时段错误：*Wrong permissions for opening file /u/snow/log for append.
"Is a directory"

程式：/adm/obj/master.lpc 第 138 行
物件: /adm/obj/master
呼叫来自：/adm/obj/master.lpc 的 log_error() 第 138 行，物件： /adm/obj/master，地方:<none>

执行时段错误：*Wrong permissions for opening file /u/snow/log for append.
"Is a directory"

程式：/adm/obj/master.lpc 第 138 行
物件: /adm/obj/master
呼叫来自：/adm/obj/master.lpc 的 log_error() 第 138 行，物件： /adm/obj/master，地方:<none>

执行时段错误：*Wrong permissions for opening file /u/snow/log for append.
"Is a directory"

程式：/adm/obj/master.lpc 第 138 行
物件: /adm/obj/master
呼叫来自：/adm/obj/master.lpc 的 log_error() 第 138 行，物件： /adm/obj/master，地方:<none>

执行时段错误：*Wrong permissions for opening file /u/snow/log for append.
"Is a directory"

程式：/adm/obj/master.lpc 第 138 行
物件: /adm/obj/master
呼叫来自：/adm/obj/master.lpc 的 log_error() 第 138 行，物件： /adm/obj/master，地方:<none>

执行时段错误：*Wrong permissions for opening file /u/snow/log for append.
"Is a directory"

程式：/adm/obj/master.lpc 第 138 行
物件: /adm/obj/master
呼叫来自：/adm/obj/master.lpc 的 log_error() 第 138 行，物件： /adm/obj/master，地方:<none>

执行时段错误：*Wrong permissions for opening file /u/snow/log for append.
"Is a directory"

程式：/adm/obj/master.lpc 第 138 行
物件: /adm/obj/master
呼叫来自：/adm/obj/master.lpc 的 log_error() 第 138 行，物件： /adm/obj/master，地方:<none>

执行时段错误：*Wrong permissions for opening file /u/snow/log for append.
"Is a directory"

程式：/adm/obj/master.lpc 第 138 行
物件: /adm/obj/master
呼叫来自：/adm/obj/master.lpc 的 log_error() 第 138 行，物件： /adm/obj/master，地方:<none>

执行时段错误：*Wrong permissions for opening file /u/snow/log for append.
"Is a directory"

程式：/adm/obj/master.lpc 第 138 行
物件: /adm/obj/master
呼叫来自：/adm/obj/master.lpc 的 log_error() 第 138 行，物件： /adm/obj/master，地方:<none>

执行时段错误：*Wrong permissions for opening file /u/snow/log for append.
"Is a directory"

程式：/adm/obj/master.lpc 第 138 行
物件: /adm/obj/master
呼叫来自：/adm/obj/master.lpc 的 log_error() 第 138 行，物件： /adm/obj/master，地方:<none>

执行时段错误：*Wrong permissions for opening file /u/snow/log for append.
"Is a directory"

程式：/adm/obj/master.lpc 第 138 行
物件: /adm/obj/master
呼叫来自：/adm/obj/master.lpc 的 log_error() 第 138 行，物件： /adm/obj/master，地方:<none>

执行时段错误：*Wrong permissions for opening file /u/snow/log for append.
"Is a directory"

程式：/adm/obj/master.lpc 第 138 行
物件: /adm/obj/master
呼叫来自：/adm/obj/master.lpc 的 log_error() 第 138 行，物件： /adm/obj/master，地方:<none>

执行时段错误：*Wrong permissions for opening file /u/snow/log for append.
"Is a directory"

程式：/adm/obj/master.lpc 第 138 行
物件: /adm/obj/master
呼叫来自：/adm/obj/master.lpc 的 log_error() 第 138 行，物件： /adm/obj/master，地方:<none>

执行时段错误：*Wrong permissions for opening file /u/snow/log for append.
"Is a directory"

程式：/adm/obj/master.lpc 第 138 行
物件: /adm/obj/master
呼叫来自：/adm/obj/master.lpc 的 log_error() 第 138 行，物件： /adm/obj/master，地方:<none>

执行时段错误：*Wrong permissions for opening file /u/snow/log for append.
"Is a directory"

程式：/adm/obj/master.lpc 第 138 行
物件: /adm/obj/master
呼叫来自：/adm/obj/master.lpc 的 log_error() 第 138 行，物件： /adm/obj/master，地方:<none>

执行时段错误：*Wrong permissions for opening file /u/snow/log for append.
"Is a directory"

程式：/adm/obj/master.lpc 第 138 行
物件: /adm/obj/master
呼叫来自：/adm/obj/master.lpc 的 log_error() 第 138 行，物件： /adm/obj/master，地方:<none>

执行时段错误：*Wrong permissions for opening file /u/snow/log for append.
"Is a directory"

程式：/adm/obj/master.lpc 第 138 行
物件: /adm/obj/master
呼叫来自：/adm/obj/master.lpc 的 log_error() 第 138 行，物件： /adm/obj/master，地方:<none>

执行时段错误：*Wrong permissions for opening file /u/snow/log for append.
"Is a directory"

程式：/adm/obj/master.lpc 第 138 行
物件: /adm/obj/master
呼叫来自：/adm/obj/master.lpc 的 log_error() 第 138 行，物件： /adm/obj/master，地方:<none>

执行时段错误：*Wrong permissions for opening file /u/snow/log for append.
"Is a directory"

程式：/adm/obj/master.lpc 第 138 行
物件: /adm/obj/master
呼叫来自：/u/snow/wudujiao/langwo.lpc 的 create() 第 26 行，物件： /u/snow/wudujiao/langwo，地方:<none>
呼叫来自：/inherit/room/room.lpc 的 setup() 第 189 行，物件： /u/snow/wudujiao/langwo，地方:<none>
呼叫来自：/inherit/room/room.lpc 的 reset() 第 71 行，物件： /u/snow/wudujiao/langwo，地方:<none>
呼叫来自：/inherit/room/room.lpc 的 make_inventory() 第 22 行，物件： /u/snow/wudujiao/langwo，地方:<none>
呼叫来自：/adm/obj/master.lpc 的 log_error() 第 138 行，物件： /adm/obj/master，地方:<none>

执行时段错误：*Wrong permissions for opening file /u/snow/log for append.
"Is a directory"

程式：/adm/obj/master.lpc 第 138 行
物件: /adm/obj/master
呼叫来自：/u/snow/wudujiao/langwo.lpc 的 create() 第 26 行，物件： /u/snow/wudujiao/langwo，地方:<none>
呼叫来自：/inherit/room/room.lpc 的 setup() 第 189 行，物件： /u/snow/wudujiao/langwo，地方:<none>
呼叫来自：/inherit/room/room.lpc 的 reset() 第 80 行，物件： /u/snow/wudujiao/langwo，地方:<none>
呼叫来自：/inherit/room/room.lpc 的 make_inventory() 第 22 行，物件： /u/snow/wudujiao/langwo，地方:<none>
呼叫来自：/adm/obj/master.lpc 的 log_error() 第 138 行，物件： /adm/obj/master，地方:<none>

执行时段错误：*Wrong permissions for opening file /u/snow/log for append.
"Is a directory"

程式：/adm/obj/master.lpc 第 138 行
物件: /adm/obj/master
呼叫来自：/adm/obj/master.lpc 的 log_error() 第 138 行，物件： /adm/obj/master，地方:<none>

执行时段错误：*Wrong permissions for opening file /u/snow/log for append.
"Is a directory"

程式：/adm/obj/master.lpc 第 138 行
物件: /adm/obj/master
呼叫来自：/adm/obj/master.lpc 的 log_error() 第 138 行，物件： /adm/obj/master，地方:<none>

执行时段错误：*Wrong permissions for opening file /u/snow/log for append.
"Is a directory"

程式：/adm/obj/master.lpc 第 138 行
物件: /adm/obj/master
呼叫来自：/adm/obj/master.lpc 的 log_error() 第 138 行，物件： /adm/obj/master，地方:<none>

执行时段错误：*Wrong permissions for opening file /u/snow/log for append.
"Is a directory"

程式：/adm/obj/master.lpc 第 138 行
物件: /adm/obj/master
呼叫来自：/adm/obj/master.lpc 的 log_error() 第 138 行，物件： /adm/obj/master，地方:<none>

执行时段错误：*Wrong permissions for opening file /u/snow/log for append.
"Is a directory"

程式：/adm/obj/master.lpc 第 138 行
物件: /adm/obj/master
呼叫来自：/adm/obj/master.lpc 的 log_error() 第 138 行，物件： /adm/obj/master，地方:<none>

执行时段错误：*Wrong permissions for opening file /u/snow/log for append.
"Is a directory"

程式：/adm/obj/master.lpc 第 138 行
物件: /adm/obj/master
呼叫来自：/adm/obj/master.lpc 的 log_error() 第 138 行，物件： /adm/obj/master，地方:<none>

执行时段错误：*Wrong permissions for opening file /u/snow/log for append.
"Is a directory"

程式：/adm/obj/master.lpc 第 138 行
物件: /adm/obj/master
呼叫来自：/adm/obj/master.lpc 的 log_error() 第 138 行，物件： /adm/obj/master，地方:<none>

执行时段错误：*Wrong permissions for opening file /u/snow/log for append.
"Is a directory"

程式：/adm/obj/master.lpc 第 138 行
物件: /adm/obj/master
呼叫来自：/adm/obj/master.lpc 的 log_error() 第 138 行，物件： /adm/obj/master，地方:<none>

执行时段错误：*Wrong permissions for opening file /u/snow/log for append.
"Is a directory"

程式：/adm/obj/master.lpc 第 138 行
物件: /adm/obj/master
呼叫来自：/adm/obj/master.lpc 的 log_error() 第 138 行，物件： /adm/obj/master，地方:<none>

执行时段错误：*Wrong permissions for opening file /u/snow/log for append.
"Is a directory"

程式：/adm/obj/master.lpc 第 138 行
物件: /adm/obj/master
呼叫来自：/adm/obj/master.lpc 的 log_error() 第 138 行，物件： /adm/obj/master，地方:<none>

执行时段错误：*Wrong permissions for opening file /u/snow/log for append.
"Is a directory"

程式：/adm/obj/master.lpc 第 138 行
物件: /adm/obj/master
呼叫来自：/adm/obj/master.lpc 的 log_error() 第 138 行，物件： /adm/obj/master，地方:<none>

执行时段错误：*Wrong permissions for opening file /u/snow/log for append.
"Is a directory"

程式：/adm/obj/master.lpc 第 138 行
物件: /adm/obj/master
呼叫来自：/adm/obj/master.lpc 的 log_error() 第 138 行，物件： /adm/obj/master，地方:<none>

执行时段错误：*Wrong permissions for opening file /u/snow/log for append.
"Is a directory"

程式：/adm/obj/master.lpc 第 138 行
物件: /adm/obj/master
呼叫来自：/adm/obj/master.lpc 的 log_error() 第 138 行，物件： /adm/obj/master，地方:<none>

执行时段错误：*Wrong permissions for opening file /u/snow/log for append.
"Is a directory"

程式：/adm/obj/master.lpc 第 138 行
物件: /adm/obj/master
呼叫来自：/adm/obj/master.lpc 的 log_error() 第 138 行，物件： /adm/obj/master，地方:<none>

执行时段错误：*Wrong permissions for opening file /u/snow/log for append.
"Is a directory"

程式：/adm/obj/master.lpc 第 138 行
物件: /adm/obj/master
呼叫来自：/adm/obj/master.lpc 的 log_error() 第 138 行，物件： /adm/obj/master，地方:<none>

执行时段错误：*Wrong permissions for opening file /u/snow/log for append.
"Is a directory"

程式：/adm/obj/master.lpc 第 138 行
物件: /adm/obj/master
呼叫来自：/adm/obj/master.lpc 的 log_error() 第 138 行，物件： /adm/obj/master，地方:<none>

执行时段错误：*Wrong permissions for opening file /u/snow/log for append.
"Is a directory"

程式：/adm/obj/master.lpc 第 138 行
物件: /adm/obj/master
呼叫来自：/adm/obj/master.lpc 的 log_error() 第 138 行，物件： /adm/obj/master，地方:<none>

执行时段错误：*Wrong permissions for opening file /u/snow/log for append.
"Is a directory"

程式：/adm/obj/master.lpc 第 138 行
物件: /adm/obj/master
呼叫来自：/adm/obj/master.lpc 的 log_error() 第 138 行，物件： /adm/obj/master，地方:<none>

执行时段错误：*Wrong permissions for opening file /u/snow/log for append.
"Is a directory"

程式：/adm/obj/master.lpc 第 138 行
物件: /adm/obj/master
呼叫来自：/adm/obj/master.lpc 的 log_error() 第 138 行，物件： /adm/obj/master，地方:<none>

执行时段错误：*Wrong permissions for opening file /u/snow/log for append.
"Is a directory"

程式：/adm/obj/master.lpc 第 138 行
物件: /adm/obj/master
呼叫来自：/adm/obj/master.lpc 的 log_error() 第 138 行，物件： /adm/obj/master，地方:<none>

执行时段错误：*Wrong permissions for opening file /u/snow/log for append.
"Is a directory"

程式：/adm/obj/master.lpc 第 138 行
物件: /adm/obj/master
呼叫来自：/adm/obj/master.lpc 的 log_error() 第 138 行，物件： /adm/obj/master，地方:<none>

执行时段错误：*Wrong permissions for opening file /u/snow/log for append.
"Is a directory"

程式：/adm/obj/master.lpc 第 138 行
物件: /adm/obj/master
呼叫来自：/adm/obj/master.lpc 的 log_error() 第 138 行，物件： /adm/obj/master，地方:<none>

执行时段错误：*Wrong permissions for opening file /u/snow/log for append.
"Is a directory"

程式：/adm/obj/master.lpc 第 138 行
物件: /adm/obj/master
呼叫来自：/adm/obj/master.lpc 的 log_error() 第 138 行，物件： /adm/obj/master，地方:<none>

执行时段错误：*Wrong permissions for opening file /u/snow/log for append.
"Is a directory"

程式：/adm/obj/master.lpc 第 138 行
物件: /adm/obj/master
呼叫来自：/adm/obj/master.lpc 的 log_error() 第 138 行，物件： /adm/obj/master，地方:<none>

执行时段错误：*Wrong permissions for opening file /u/snow/log for append.
"Is a directory"

程式：/adm/obj/master.lpc 第 138 行
物件: /adm/obj/master
呼叫来自：/adm/obj/master.lpc 的 log_error() 第 138 行，物件： /adm/obj/master，地方:<none>

执行时段错误：*Wrong permissions for opening file /u/snow/log for append.
"Is a directory"

程式：/adm/obj/master.lpc 第 138 行
物件: /adm/obj/master
呼叫来自：/adm/obj/master.lpc 的 log_error() 第 138 行，物件： /adm/obj/master，地方:<none>

执行时段错误：*Wrong permissions for opening file /u/snow/log for append.
"Is a directory"

程式：/adm/obj/master.lpc 第 138 行
物件: /adm/obj/master
呼叫来自：/adm/obj/master.lpc 的 log_error() 第 138 行，物件： /adm/obj/master，地方:<none>

执行时段错误：*Wrong permissions for opening file /u/snow/log for append.
"Is a directory"

程式：/adm/obj/master.lpc 第 138 行
物件: /adm/obj/master
呼叫来自：/adm/obj/master.lpc 的 log_error() 第 138 行，物件： /adm/obj/master，地方:<none>

执行时段错误：*Wrong permissions for opening file /u/snow/log for append.
"Is a directory"

程式：/adm/obj/master.lpc 第 138 行
物件: /adm/obj/master
呼叫来自：/adm/obj/master.lpc 的 log_error() 第 138 行，物件： /adm/obj/master，地方:<none>

执行时段错误：*Wrong permissions for opening file /u/snow/log for append.
"Is a directory"

程式：/adm/obj/master.lpc 第 138 行
物件: /adm/obj/master
呼叫来自：/adm/obj/master.lpc 的 log_error() 第 138 行，物件： /adm/obj/master，地方:<none>

执行时段错误：*Wrong permissions for opening file /u/snow/log for append.
"Is a directory"

程式：/adm/obj/master.lpc 第 138 行
物件: /adm/obj/master
呼叫来自：/adm/obj/master.lpc 的 log_error() 第 138 行，物件： /adm/obj/master，地方:<none>

执行时段错误：*Wrong permissions for opening file /u/snow/log for append.
"Is a directory"

程式：/adm/obj/master.lpc 第 138 行
物件: /adm/obj/master
呼叫来自：/adm/obj/master.lpc 的 log_error() 第 138 行，物件： /adm/obj/master，地方:<none>

执行时段错误：*Wrong permissions for opening file /u/snow/log for append.
"Is a directory"

程式：/adm/obj/master.lpc 第 138 行
物件: /adm/obj/master
呼叫来自：/adm/obj/master.lpc 的 log_error() 第 138 行，物件： /adm/obj/master，地方:<none>

执行时段错误：*Wrong permissions for opening file /u/snow/log for append.
"Is a directory"

程式：/adm/obj/master.lpc 第 138 行
物件: /adm/obj/master
呼叫来自：/adm/obj/master.lpc 的 log_error() 第 138 行，物件： /adm/obj/master，地方:<none>

执行时段错误：*Wrong permissions for opening file /u/snow/log for append.
"Is a directory"

程式：/adm/obj/master.lpc 第 138 行
物件: /adm/obj/master
呼叫来自：/adm/obj/master.lpc 的 log_error() 第 138 行，物件： /adm/obj/master，地方:<none>

执行时段错误：*Wrong permissions for opening file /u/snow/log for append.
"Is a directory"

程式：/adm/obj/master.lpc 第 138 行
物件: /adm/obj/master
呼叫来自：/adm/obj/master.lpc 的 log_error() 第 138 行，物件： /adm/obj/master，地方:<none>

执行时段错误：*Wrong permissions for opening file /u/snow/log for append.
"Is a directory"

程式：/adm/obj/master.lpc 第 138 行
物件: /adm/obj/master
呼叫来自：/adm/obj/master.lpc 的 log_error() 第 138 行，物件： /adm/obj/master，地方:<none>

执行时段错误：*Wrong permissions for opening file /u/snow/log for append.
"Is a directory"

程式：/adm/obj/master.lpc 第 138 行
物件: /adm/obj/master
呼叫来自：/adm/obj/master.lpc 的 log_error() 第 138 行，物件： /adm/obj/master，地方:<none>

执行时段错误：*Wrong permissions for opening file /u/snow/log for append.
"Is a directory"

程式：/adm/obj/master.lpc 第 138 行
物件: /adm/obj/master
呼叫来自：/adm/obj/master.lpc 的 log_error() 第 138 行，物件： /adm/obj/master，地方:<none>

执行时段错误：*Wrong permissions for opening file /u/snow/log for append.
"Is a directory"

程式：/adm/obj/master.lpc 第 138 行
物件: /adm/obj/master
呼叫来自：/adm/obj/master.lpc 的 log_error() 第 138 行，物件： /adm/obj/master，地方:<none>

执行时段错误：*Wrong permissions for opening file /u/snow/log for append.
"Is a directory"

程式：/adm/obj/master.lpc 第 138 行
物件: /adm/obj/master
呼叫来自：/adm/obj/master.lpc 的 log_error() 第 138 行，物件： /adm/obj/master，地方:<none>

执行时段错误：*Wrong permissions for opening file /u/snow/log for append.
"Is a directory"

程式：/adm/obj/master.lpc 第 138 行
物件: /adm/obj/master
呼叫来自：/adm/obj/master.lpc 的 log_error() 第 138 行，物件： /adm/obj/master，地方:<none>

执行时段错误：*Wrong permissions for opening file /u/snow/log for append.
"Is a directory"

程式：/adm/obj/master.lpc 第 138 行
物件: /adm/obj/master
呼叫来自：/adm/obj/master.lpc 的 log_error() 第 138 行，物件： /adm/obj/master，地方:<none>

执行时段错误：*Wrong permissions for opening file /u/snow/log for append.
"Is a directory"

程式：/adm/obj/master.lpc 第 138 行
物件: /adm/obj/master
呼叫来自：/adm/obj/master.lpc 的 log_error() 第 138 行，物件： /adm/obj/master，地方:<none>

执行时段错误：*Wrong permissions for opening file /u/snow/log for append.
"Is a directory"

程式：/adm/obj/master.lpc 第 138 行
物件: /adm/obj/master
呼叫来自：/adm/obj/master.lpc 的 log_error() 第 138 行，物件： /adm/obj/master，地方:<none>

执行时段错误：*Wrong permissions for opening file /u/snow/log for append.
"Is a directory"

程式：/adm/obj/master.lpc 第 138 行
物件: /adm/obj/master
呼叫来自：/adm/obj/master.lpc 的 log_error() 第 138 行，物件： /adm/obj/master，地方:<none>

执行时段错误：*Wrong permissions for opening file /u/snow/log for append.
"Is a directory"

程式：/adm/obj/master.lpc 第 138 行
物件: /adm/obj/master
呼叫来自：/adm/obj/master.lpc 的 log_error() 第 138 行，物件： /adm/obj/master，地方:<none>

执行时段错误：*Wrong permissions for opening file /u/snow/log for append.
"Is a directory"

程式：/adm/obj/master.lpc 第 138 行
物件: /adm/obj/master
呼叫来自：/adm/obj/master.lpc 的 log_error() 第 138 行，物件： /adm/obj/master，地方:<none>

执行时段错误：*Wrong permissions for opening file /u/snow/log for append.
"Is a directory"

程式：/adm/obj/master.lpc 第 138 行
物件: /adm/obj/master
呼叫来自：/adm/obj/master.lpc 的 log_error() 第 138 行，物件： /adm/obj/master，地方:<none>

执行时段错误：*Wrong permissions for opening file /u/snow/log for append.
"Is a directory"

程式：/adm/obj/master.lpc 第 138 行
物件: /adm/obj/master
呼叫来自：/adm/obj/master.lpc 的 log_error() 第 138 行，物件： /adm/obj/master，地方:<none>

执行时段错误：*Wrong permissions for opening file /u/snow/log for append.
"Is a directory"

程式：/adm/obj/master.lpc 第 138 行
物件: /adm/obj/master
呼叫来自：/adm/obj/master.lpc 的 log_error() 第 138 行，物件： /adm/obj/master，地方:<none>

执行时段错误：*Wrong permissions for opening file /u/snow/log for append.
"Is a directory"

程式：/adm/obj/master.lpc 第 138 行
物件: /adm/obj/master
呼叫来自：/adm/obj/master.lpc 的 log_error() 第 138 行，物件： /adm/obj/master，地方:<none>

执行时段错误：*Wrong permissions for opening file /u/snow/log for append.
"Is a directory"

程式：/adm/obj/master.lpc 第 138 行
物件: /adm/obj/master
呼叫来自：/adm/obj/master.lpc 的 log_error() 第 138 行，物件： /adm/obj/master，地方:<none>

执行时段错误：*Wrong permissions for opening file /u/snow/log for append.
"Is a directory"

程式：/adm/obj/master.lpc 第 138 行
物件: /adm/obj/master
呼叫来自：/adm/obj/master.lpc 的 log_error() 第 138 行，物件： /adm/obj/master，地方:<none>

执行时段错误：*Wrong permissions for opening file /u/snow/log for append.
"Is a directory"

程式：/adm/obj/master.lpc 第 138 行
物件: /adm/obj/master
呼叫来自：/adm/obj/master.lpc 的 log_error() 第 138 行，物件： /adm/obj/master，地方:<none>

执行时段错误：*Wrong permissions for opening file /u/snow/log for append.
"Is a directory"

程式：/adm/obj/master.lpc 第 138 行
物件: /adm/obj/master
呼叫来自：/adm/obj/master.lpc 的 log_error() 第 138 行，物件： /adm/obj/master，地方:<none>

执行时段错误：*Wrong permissions for opening file /u/snow/log for append.
"Is a directory"

程式：/adm/obj/master.lpc 第 138 行
物件: /adm/obj/master
呼叫来自：/adm/obj/master.lpc 的 log_error() 第 138 行，物件： /adm/obj/master，地方:<none>

执行时段错误：*Wrong permissions for opening file /u/snow/log for append.
"Is a directory"

程式：/adm/obj/master.lpc 第 138 行
物件: /adm/obj/master
呼叫来自：/adm/obj/master.lpc 的 log_error() 第 138 行，物件： /adm/obj/master，地方:<none>

执行时段错误：*Wrong permissions for opening file /u/snow/log for append.
"Is a directory"

程式：/adm/obj/master.lpc 第 138 行
物件: /adm/obj/master
呼叫来自：/adm/obj/master.lpc 的 log_error() 第 138 行，物件： /adm/obj/master，地方:<none>

执行时段错误：*Wrong permissions for opening file /u/snow/log for append.
"Is a directory"

程式：/adm/obj/master.lpc 第 138 行
物件: /adm/obj/master
呼叫来自：/adm/obj/master.lpc 的 log_error() 第 138 行，物件： /adm/obj/master，地方:<none>

执行时段错误：*Wrong permissions for opening file /u/snow/log for append.
"Is a directory"

程式：/adm/obj/master.lpc 第 138 行
物件: /adm/obj/master
呼叫来自：/adm/obj/master.lpc 的 log_error() 第 138 行，物件： /adm/obj/master，地方:<none>

执行时段错误：*Wrong permissions for opening file /u/snow/log for append.
"Is a directory"

程式：/adm/obj/master.lpc 第 138 行
物件: /adm/obj/master
呼叫来自：/adm/obj/master.lpc 的 log_error() 第 138 行，物件： /adm/obj/master，地方:<none>

执行时段错误：*Wrong permissions for opening file /u/snow/log for append.
"Is a directory"

程式：/adm/obj/master.lpc 第 138 行
物件: /adm/obj/master
呼叫来自：/adm/obj/master.lpc 的 log_error() 第 138 行，物件： /adm/obj/master，地方:<none>

执行时段错误：*Wrong permissions for opening file /u/snow/log for append.
"Is a directory"

程式：/adm/obj/master.lpc 第 138 行
物件: /adm/obj/master
呼叫来自：/adm/obj/master.lpc 的 log_error() 第 138 行，物件： /adm/obj/master，地方:<none>

执行时段错误：*Wrong permissions for opening file /u/snow/log for append.
"Is a directory"

程式：/adm/obj/master.lpc 第 138 行
物件: /adm/obj/master
呼叫来自：/adm/obj/master.lpc 的 log_error() 第 138 行，物件： /adm/obj/master，地方:<none>

执行时段错误：*Wrong permissions for opening file /u/snow/log for append.
"Is a directory"

程式：/adm/obj/master.lpc 第 138 行
物件: /adm/obj/master
呼叫来自：/adm/obj/master.lpc 的 log_error() 第 138 行，物件： /adm/obj/master，地方:<none>

执行时段错误：*Wrong permissions for opening file /u/snow/log for append.
"Is a directory"

程式：/adm/obj/master.lpc 第 138 行
物件: /adm/obj/master
呼叫来自：/adm/obj/master.lpc 的 log_error() 第 138 行，物件： /adm/obj/master，地方:<none>

执行时段错误：*Wrong permissions for opening file /u/snow/log for append.
"Is a directory"

程式：/adm/obj/master.lpc 第 138 行
物件: /adm/obj/master
呼叫来自：/adm/obj/master.lpc 的 log_error() 第 138 行，物件： /adm/obj/master，地方:<none>

执行时段错误：*Wrong permissions for opening file /u/snow/log for append.
"Is a directory"

程式：/adm/obj/master.lpc 第 138 行
物件: /adm/obj/master
呼叫来自：/adm/obj/master.lpc 的 log_error() 第 138 行，物件： /adm/obj/master，地方:<none>

执行时段错误：*Wrong permissions for opening file /u/snow/log for append.
"Is a directory"

程式：/adm/obj/master.lpc 第 138 行
物件: /adm/obj/master
呼叫来自：/adm/obj/master.lpc 的 log_error() 第 138 行，物件： /adm/obj/master，地方:<none>

执行时段错误：*Wrong permissions for opening file /u/snow/log for append.
"Is a directory"

程式：/adm/obj/master.lpc 第 138 行
物件: /adm/obj/master
呼叫来自：/adm/obj/master.lpc 的 log_error() 第 138 行，物件： /adm/obj/master，地方:<none>

执行时段错误：*Wrong permissions for opening file /u/snow/log for append.
"Is a directory"

程式：/adm/obj/master.lpc 第 138 行
物件: /adm/obj/master
呼叫来自：/adm/obj/master.lpc 的 log_error() 第 138 行，物件： /adm/obj/master，地方:<none>

执行时段错误：*Wrong permissions for opening file /u/snow/log for append.
"Is a directory"

程式：/adm/obj/master.lpc 第 138 行
物件: /adm/obj/master
呼叫来自：/adm/obj/master.lpc 的 log_error() 第 138 行，物件： /adm/obj/master，地方:<none>

执行时段错误：*Wrong permissions for opening file /u/snow/log for append.
"Is a directory"

程式：/adm/obj/master.lpc 第 138 行
物件: /adm/obj/master
呼叫来自：/adm/obj/master.lpc 的 log_error() 第 138 行，物件： /adm/obj/master，地方:<none>

执行时段错误：*Wrong permissions for opening file /u/snow/log for append.
"Is a directory"

程式：/adm/obj/master.lpc 第 138 行
物件: /adm/obj/master
呼叫来自：/adm/obj/master.lpc 的 log_error() 第 138 行，物件： /adm/obj/master，地方:<none>

执行时段错误：*Wrong permissions for opening file /u/snow/log for append.
"Is a directory"

程式：/adm/obj/master.lpc 第 138 行
物件: /adm/obj/master
呼叫来自：/adm/obj/master.lpc 的 log_error() 第 138 行，物件： /adm/obj/master，地方:<none>

执行时段错误：*Wrong permissions for opening file /u/snow/log for append.
"Is a directory"

程式：/adm/obj/master.lpc 第 138 行
物件: /adm/obj/master
呼叫来自：/adm/obj/master.lpc 的 log_error() 第 138 行，物件： /adm/obj/master，地方:<none>

执行时段错误：*Wrong permissions for opening file /u/snow/log for append.
"Is a directory"

程式：/adm/obj/master.lpc 第 138 行
物件: /adm/obj/master
呼叫来自：/adm/obj/master.lpc 的 log_error() 第 138 行，物件： /adm/obj/master，地方:<none>

执行时段错误：*Wrong permissions for opening file /u/snow/log for append.
"Is a directory"

程式：/adm/obj/master.lpc 第 138 行
物件: /adm/obj/master
呼叫来自：/adm/obj/master.lpc 的 log_error() 第 138 行，物件： /adm/obj/master，地方:<none>

执行时段错误：*Wrong permissions for opening file /u/snow/log for append.
"Is a directory"

程式：/adm/obj/master.lpc 第 138 行
物件: /adm/obj/master
呼叫来自：/adm/obj/master.lpc 的 log_error() 第 138 行，物件： /adm/obj/master，地方:<none>

执行时段错误：*Wrong permissions for opening file /u/snow/log for append.
"Is a directory"

程式：/adm/obj/master.lpc 第 138 行
物件: /adm/obj/master
呼叫来自：/adm/obj/master.lpc 的 log_error() 第 138 行，物件： /adm/obj/master，地方:<none>

执行时段错误：*Wrong permissions for opening file /u/snow/log for append.
"Is a directory"

程式：/adm/obj/master.lpc 第 138 行
物件: /adm/obj/master
呼叫来自：/adm/obj/master.lpc 的 log_error() 第 138 行，物件： /adm/obj/master，地方:<none>

执行时段错误：*Wrong permissions for opening file /u/snow/log for append.
"Is a directory"

程式：/adm/obj/master.lpc 第 138 行
物件: /adm/obj/master
呼叫来自：/adm/obj/master.lpc 的 log_error() 第 138 行，物件： /adm/obj/master，地方:<none>

执行时段错误：*Wrong permissions for opening file /u/snow/log for append.
"Is a directory"

程式：/adm/obj/master.lpc 第 138 行
物件: /adm/obj/master
呼叫来自：/adm/obj/master.lpc 的 log_error() 第 138 行，物件： /adm/obj/master，地方:<none>

执行时段错误：*Wrong permissions for opening file /u/snow/log for append.
"Is a directory"

程式：/adm/obj/master.lpc 第 138 行
物件: /adm/obj/master
呼叫来自：/adm/obj/master.lpc 的 log_error() 第 138 行，物件： /adm/obj/master，地方:<none>

执行时段错误：*Wrong permissions for opening file /u/snow/log for append.
"Is a directory"

程式：/adm/obj/master.lpc 第 138 行
物件: /adm/obj/master
呼叫来自：/adm/obj/master.lpc 的 log_error() 第 138 行，物件： /adm/obj/master，地方:<none>

执行时段错误：*Wrong permissions for opening file /u/snow/log for append.
"Is a directory"

程式：/adm/obj/master.lpc 第 138 行
物件: /adm/obj/master
呼叫来自：/adm/obj/master.lpc 的 log_error() 第 138 行，物件： /adm/obj/master，地方:<none>

执行时段错误：*Wrong permissions for opening file /u/snow/log for append.
"Is a directory"

程式：/adm/obj/master.lpc 第 138 行
物件: /adm/obj/master
呼叫来自：/adm/obj/master.lpc 的 log_error() 第 138 行，物件： /adm/obj/master，地方:<none>

执行时段错误：*Wrong permissions for opening file /u/snow/log for append.
"Is a directory"

程式：/adm/obj/master.lpc 第 138 行
物件: /adm/obj/master
呼叫来自：/adm/obj/master.lpc 的 log_error() 第 138 行，物件： /adm/obj/master，地方:<none>

执行时段错误：*Wrong permissions for opening file /u/snow/log for append.
"Is a directory"

程式：/adm/obj/master.lpc 第 138 行
物件: /adm/obj/master
呼叫来自：/adm/obj/master.lpc 的 log_error() 第 138 行，物件： /adm/obj/master，地方:<none>

执行时段错误：*Wrong permissions for opening file /u/snow/log for append.
"Is a directory"

程式：/adm/obj/master.lpc 第 138 行
物件: /adm/obj/master
呼叫来自：/adm/obj/master.lpc 的 log_error() 第 138 行，物件： /adm/obj/master，地方:<none>

执行时段错误：*Wrong permissions for opening file /u/snow/log for append.
"Is a directory"

程式：/adm/obj/master.lpc 第 138 行
物件: /adm/obj/master
呼叫来自：/adm/obj/master.lpc 的 log_error() 第 138 行，物件： /adm/obj/master，地方:<none>

执行时段错误：*Wrong permissions for opening file /u/snow/log for append.
"Is a directory"

程式：/adm/obj/master.lpc 第 138 行
物件: /adm/obj/master
呼叫来自：/adm/obj/master.lpc 的 log_error() 第 138 行，物件： /adm/obj/master，地方:<none>

执行时段错误：*Wrong permissions for opening file /u/snow/log for append.
"Is a directory"

程式：/adm/obj/master.lpc 第 138 行
物件: /adm/obj/master
呼叫来自：/adm/obj/master.lpc 的 log_error() 第 138 行，物件： /adm/obj/master，地方:<none>

执行时段错误：*Wrong permissions for opening file /u/snow/log for append.
"Is a directory"

程式：/adm/obj/master.lpc 第 138 行
物件: /adm/obj/master
呼叫来自：/adm/obj/master.lpc 的 log_error() 第 138 行，物件： /adm/obj/master，地方:<none>

执行时段错误：*Wrong permissions for opening file /u/snow/log for append.
"Is a directory"

程式：/adm/obj/master.lpc 第 138 行
物件: /adm/obj/master
呼叫来自：/adm/obj/master.lpc 的 log_error() 第 138 行，物件： /adm/obj/master，地方:<none>

执行时段错误：*Wrong permissions for opening file /u/snow/log for append.
"Is a directory"

程式：/adm/obj/master.lpc 第 138 行
物件: /adm/obj/master
呼叫来自：/adm/obj/master.lpc 的 log_error() 第 138 行，物件： /adm/obj/master，地方:<none>

执行时段错误：*Wrong permissions for opening file /u/snow/log for append.
"Is a directory"

程式：/adm/obj/master.lpc 第 138 行
物件: /adm/obj/master
呼叫来自：/adm/obj/master.lpc 的 log_error() 第 138 行，物件： /adm/obj/master，地方:<none>

执行时段错误：*Wrong permissions for opening file /u/snow/log for append.
"Is a directory"

程式：/adm/obj/master.lpc 第 138 行
物件: /adm/obj/master
呼叫来自：/adm/obj/master.lpc 的 log_error() 第 138 行，物件： /adm/obj/master，地方:<none>

执行时段错误：*Wrong permissions for opening file /u/snow/log for append.
"Is a directory"

程式：/adm/obj/master.lpc 第 138 行
物件: /adm/obj/master
呼叫来自：/adm/obj/master.lpc 的 log_error() 第 138 行，物件： /adm/obj/master，地方:<none>

执行时段错误：*Wrong permissions for opening file /u/snow/log for append.
"Is a directory"

程式：/adm/obj/master.lpc 第 138 行
物件: /adm/obj/master
呼叫来自：/adm/obj/master.lpc 的 log_error() 第 138 行，物件： /adm/obj/master，地方:<none>

执行时段错误：*Wrong permissions for opening file /u/snow/log for append.
"Is a directory"

程式：/adm/obj/master.lpc 第 138 行
物件: /adm/obj/master
呼叫来自：/adm/obj/master.lpc 的 log_error() 第 138 行，物件： /adm/obj/master，地方:<none>

执行时段错误：*Wrong permissions for opening file /u/snow/log for append.
"Is a directory"

程式：/adm/obj/master.lpc 第 138 行
物件: /adm/obj/master
呼叫来自：/adm/obj/master.lpc 的 log_error() 第 138 行，物件： /adm/obj/master，地方:<none>

执行时段错误：*Wrong permissions for opening file /u/snow/log for append.
"Is a directory"

程式：/adm/obj/master.lpc 第 138 行
物件: /adm/obj/master
呼叫来自：/adm/obj/master.lpc 的 log_error() 第 138 行，物件： /adm/obj/master，地方:<none>

执行时段错误：*Wrong permissions for opening file /u/snow/log for append.
"Is a directory"

程式：/adm/obj/master.lpc 第 138 行
物件: /adm/obj/master
呼叫来自：/adm/obj/master.lpc 的 log_error() 第 138 行，物件： /adm/obj/master，地方:<none>

执行时段错误：*Wrong permissions for opening file /u/snow/log for append.
"Is a directory"

程式：/adm/obj/master.lpc 第 138 行
物件: /adm/obj/master
呼叫来自：/adm/obj/master.lpc 的 log_error() 第 138 行，物件： /adm/obj/master，地方:<none>

执行时段错误：*Wrong permissions for opening file /u/snow/log for append.
"Is a directory"

程式：/adm/obj/master.lpc 第 138 行
物件: /adm/obj/master
呼叫来自：/adm/obj/master.lpc 的 log_error() 第 138 行，物件： /adm/obj/master，地方:<none>

执行时段错误：*Wrong permissions for opening file /u/snow/log for append.
"Is a directory"

程式：/adm/obj/master.lpc 第 138 行
物件: /adm/obj/master
呼叫来自：/adm/obj/master.lpc 的 log_error() 第 138 行，物件： /adm/obj/master，地方:<none>

执行时段错误：*Wrong permissions for opening file /u/snow/log for append.
"Is a directory"

程式：/adm/obj/master.lpc 第 138 行
物件: /adm/obj/master
呼叫来自：/adm/obj/master.lpc 的 log_error() 第 138 行，物件： /adm/obj/master，地方:<none>

执行时段错误：*Wrong permissions for opening file /u/snow/log for append.
"Is a directory"

程式：/adm/obj/master.lpc 第 138 行
物件: /adm/obj/master
呼叫来自：/adm/obj/master.lpc 的 log_error() 第 138 行，物件： /adm/obj/master，地方:<none>

执行时段错误：*Wrong permissions for opening file /u/snow/log for append.
"Is a directory"

程式：/adm/obj/master.lpc 第 138 行
物件: /adm/obj/master
呼叫来自：/adm/obj/master.lpc 的 log_error() 第 138 行，物件： /adm/obj/master，地方:<none>

执行时段错误：*Wrong permissions for opening file /u/snow/log for append.
"Is a directory"

程式：/adm/obj/master.lpc 第 138 行
物件: /adm/obj/master
呼叫来自：/adm/obj/master.lpc 的 log_error() 第 138 行，物件： /adm/obj/master，地方:<none>

执行时段错误：*Wrong permissions for opening file /u/snow/log for append.
"Is a directory"

程式：/adm/obj/master.lpc 第 138 行
物件: /adm/obj/master
呼叫来自：/adm/obj/master.lpc 的 log_error() 第 138 行，物件： /adm/obj/master，地方:<none>

执行时段错误：*Wrong permissions for opening file /u/snow/log for append.
"Is a directory"

程式：/adm/obj/master.lpc 第 138 行
物件: /adm/obj/master
呼叫来自：/adm/obj/master.lpc 的 log_error() 第 138 行，物件： /adm/obj/master，地方:<none>

执行时段错误：*No program in object '/u/fyue/user'!

程式：0 第 0 行
物件: /adm/obj/master

执行时段错误：*Bad argument 1 to EFUN call_other()
Expected: object, string, array,  Got: int(0).

程式：/inherit/room/room.lpc 第 23 行
物件: /u/fyue/huashan/liangong3
呼叫来自：/u/fyue/huashan/liangong3.lpc 的 create() 第 21 行，物件： /u/fyue/huashan/liangong3，地方:<none>
呼叫来自：/inherit/room/room.lpc 的 setup() 第 189 行，物件： /u/fyue/huashan/liangong3，地方:<none>
呼叫来自：/inherit/room/room.lpc 的 reset() 第 80 行，物件： /u/fyue/huashan/liangong3，地方:<none>
呼叫来自：/inherit/room/room.lpc 的 make_inventory() 第 23 行，物件： /u/fyue/huashan/liangong3，地方:<none>

执行时段错误：*Bad argument 1 to EFUN call_other()
Expected: object, string, array,  Got: int(0).

程式：/inherit/room/room.lpc 第 23 行
物件: /u/fyue/huashan/siguoya
呼叫来自：/u/fyue/huashan/siguoya.lpc 的 create() 第 23 行，物件： /u/fyue/huashan/siguoya，地方:<none>
呼叫来自：/inherit/room/room.lpc 的 setup() 第 189 行，物件： /u/fyue/huashan/siguoya，地方:<none>
呼叫来自：/inherit/room/room.lpc 的 reset() 第 71 行，物件： /u/fyue/huashan/siguoya，地方:<none>
呼叫来自：/inherit/room/room.lpc 的 make_inventory() 第 23 行，物件： /u/fyue/huashan/siguoya，地方:<none>

执行时段错误：*Bad argument 1 to EFUN call_other()
Expected: object, string, array,  Got: int(0).

程式：/inherit/room/room.lpc 第 23 行
物件: /u/fyue/huashan/qianchi
呼叫来自：/u/fyue/huashan/qianchi.lpc 的 create() 第 22 行，物件： /u/fyue/huashan/qianchi，地方:<none>
呼叫来自：/inherit/room/room.lpc 的 setup() 第 189 行，物件： /u/fyue/huashan/qianchi，地方:<none>
呼叫来自：/inherit/room/room.lpc 的 reset() 第 80 行，物件： /u/fyue/huashan/qianchi，地方:<none>
呼叫来自：/inherit/room/room.lpc 的 make_inventory() 第 23 行，物件： /u/fyue/huashan/qianchi，地方:<none>

执行时段错误：*Bad argument 1 to EFUN call_other()
Expected: object, string, array,  Got: int(0).

程式：/inherit/room/room.lpc 第 23 行
物件: /u/fyue/huashan/canglong
呼叫来自：/u/fyue/huashan/canglong.lpc 的 create() 第 29 行，物件： /u/fyue/huashan/canglong，地方:<none>
呼叫来自：/inherit/room/room.lpc 的 setup() 第 189 行，物件： /u/fyue/huashan/canglong，地方:<none>
呼叫来自：/inherit/room/room.lpc 的 reset() 第 71 行，物件： /u/fyue/huashan/canglong，地方:<none>
呼叫来自：/inherit/room/room.lpc 的 make_inventory() 第 23 行，物件： /u/fyue/huashan/canglong，地方:<none>

执行时段错误：*Bad argument 1 to EFUN call_other()
Expected: object, string, array,  Got: int(0).

程式：/inherit/room/room.lpc 第 23 行
物件: /u/fyue/huashan/laojun
呼叫来自：/u/fyue/huashan/laojun.lpc 的 create() 第 21 行，物件： /u/fyue/huashan/laojun，地方:<none>
呼叫来自：/inherit/room/room.lpc 的 setup() 第 189 行，物件： /u/fyue/huashan/laojun，地方:<none>
呼叫来自：/inherit/room/room.lpc 的 reset() 第 71 行，物件： /u/fyue/huashan/laojun，地方:<none>
呼叫来自：/inherit/room/room.lpc 的 make_inventory() 第 23 行，物件： /u/fyue/huashan/laojun，地方:<none>

执行时段错误：*Bad argument 1 to EFUN call_other()
Expected: object, string, array,  Got: int(0).

程式：/inherit/room/room.lpc 第 23 行
物件: /u/fyue/huashan/shaluo
呼叫来自：/u/fyue/huashan/shaluo.lpc 的 create() 第 22 行，物件： /u/fyue/huashan/shaluo，地方:<none>
呼叫来自：/inherit/room/room.lpc 的 setup() 第 189 行，物件： /u/fyue/huashan/shaluo，地方:<none>
呼叫来自：/inherit/room/room.lpc 的 reset() 第 80 行，物件： /u/fyue/huashan/shaluo，地方:<none>
呼叫来自：/inherit/room/room.lpc 的 make_inventory() 第 23 行，物件： /u/fyue/huashan/shaluo，地方:<none>

执行时段错误：*Bad argument 1 to EFUN call_other()
Expected: object, string, array,  Got: int(0).

程式：/inherit/room/room.lpc 第 23 行
物件: /u/fyue/huashan/buwei1
呼叫来自：/u/fyue/huashan/buwei1.lpc 的 create() 第 22 行，物件： /u/fyue/huashan/buwei1，地方:<none>
呼叫来自：/inherit/room/room.lpc 的 setup() 第 189 行，物件： /u/fyue/huashan/buwei1，地方:<none>
呼叫来自：/inherit/room/room.lpc 的 reset() 第 71 行，物件： /u/fyue/huashan/buwei1，地方:<none>
呼叫来自：/inherit/room/room.lpc 的 make_inventory() 第 23 行，物件： /u/fyue/huashan/buwei1，地方:<none>

执行时段错误：*Bad argument 1 to EFUN call_other()
Expected: object, string, array,  Got: int(0).

程式：/inherit/room/room.lpc 第 23 行
物件: /u/fyue/huashan/zhenyue
呼叫来自：/u/fyue/huashan/zhenyue.lpc 的 create() 第 22 行，物件： /u/fyue/huashan/zhenyue，地方:<none>
呼叫来自：/inherit/room/room.lpc 的 setup() 第 189 行，物件： /u/fyue/huashan/zhenyue，地方:<none>
呼叫来自：/inherit/room/room.lpc 的 reset() 第 71 行，物件： /u/fyue/huashan/zhenyue，地方:<none>
呼叫来自：/inherit/room/room.lpc 的 make_inventory() 第 23 行，物件： /u/fyue/huashan/zhenyue，地方:<none>

执行时段错误：*Bad argument 1 to EFUN call_other()
Expected: object, string, array,  Got: int(0).

程式：/inherit/room/room.lpc 第 23 行
物件: /u/fyue/huashan/liangong2
呼叫来自：/u/fyue/huashan/liangong2.lpc 的 create() 第 23 行，物件： /u/fyue/huashan/liangong2，地方:<none>
呼叫来自：/inherit/room/room.lpc 的 setup() 第 189 行，物件： /u/fyue/huashan/liangong2，地方:<none>
呼叫来自：/inherit/room/room.lpc 的 reset() 第 80 行，物件： /u/fyue/huashan/liangong2，地方:<none>
呼叫来自：/inherit/room/room.lpc 的 make_inventory() 第 23 行，物件： /u/fyue/huashan/liangong2，地方:<none>

执行时段错误：*Bad argument 1 to EFUN call_other()
Expected: object, string, array,  Got: int(0).

程式：/inherit/room/room.lpc 第 23 行
物件: /u/fyue/huashan/yunu
呼叫来自：/u/fyue/huashan/yunu.lpc 的 create() 第 25 行，物件： /u/fyue/huashan/yunu，地方:<none>
呼叫来自：/inherit/room/room.lpc 的 setup() 第 189 行，物件： /u/fyue/huashan/yunu，地方:<none>
呼叫来自：/inherit/room/room.lpc 的 reset() 第 71 行，物件： /u/fyue/huashan/yunu，地方:<none>
呼叫来自：/inherit/room/room.lpc 的 make_inventory() 第 23 行，物件： /u/fyue/huashan/yunu，地方:<none>

执行时段错误：*Bad argument 1 to EFUN call_other()
Expected: object, string, array,  Got: int(0).

程式：/inherit/room/room.lpc 第 23 行
物件: /u/fyue/huashan/yuquan
呼叫来自：/u/fyue/huashan/yuquan.lpc 的 create() 第 18 行，物件： /u/fyue/huashan/yuquan，地方:<none>
呼叫来自：/inherit/room/room.lpc 的 setup() 第 189 行，物件： /u/fyue/huashan/yuquan，地方:<none>
呼叫来自：/inherit/room/room.lpc 的 reset() 第 71 行，物件： /u/fyue/huashan/yuquan，地方:<none>
呼叫来自：/inherit/room/room.lpc 的 make_inventory() 第 23 行，物件： /u/fyue/huashan/yuquan，地方:<none>

执行时段错误：*Bad argument 1 to EFUN call_other()
Expected: object, string, array,  Got: int(0).

程式：/inherit/room/room.lpc 第 23 行
物件: /u/fyue/huashan/square
呼叫来自：/u/fyue/huashan/square.lpc 的 create() 第 24 行，物件： /u/fyue/huashan/square，地方:<none>
呼叫来自：/inherit/room/room.lpc 的 setup() 第 189 行，物件： /u/fyue/huashan/square，地方:<none>
呼叫来自：/inherit/room/room.lpc 的 reset() 第 71 行，物件： /u/fyue/huashan/square，地方:<none>
呼叫来自：/inherit/room/room.lpc 的 make_inventory() 第 23 行，物件： /u/fyue/huashan/square，地方:<none>

执行时段错误：*Bad argument 1 to EFUN call_other()
Expected: object, string, array,  Got: int(0).

程式：/inherit/room/room.lpc 第 23 行
物件: /u/fyue/huashan/xiaodian
呼叫来自：/u/fyue/huashan/xiaodian.lpc 的 create() 第 19 行，物件： /u/fyue/huashan/xiaodian，地方:<none>
呼叫来自：/inherit/room/room.lpc 的 setup() 第 189 行，物件： /u/fyue/huashan/xiaodian，地方:<none>
呼叫来自：/inherit/room/room.lpc 的 reset() 第 71 行，物件： /u/fyue/huashan/xiaodian，地方:<none>
呼叫来自：/inherit/room/room.lpc 的 make_inventory() 第 23 行，物件： /u/fyue/huashan/xiaodian，地方:<none>

执行时段错误：*No program in object '/u/fyue/huashan/map'!

程式：0 第 0 行
物件: /adm/obj/master

执行时段错误：*No program in object '/adm/daemons/network/ms'!

程式：0 第 0 行
物件: /adm/obj/master

执行时段错误：*No program in object '/adm/daemons/network/userid'!

程式：0 第 0 行
物件: /adm/obj/master

执行时段错误：*No program in object '/adm/daemons/network/pingtcp'!

程式：0 第 0 行
物件: /adm/obj/master

执行时段错误：*No program in object '/adm/daemons/network/mail_serv'!

程式：0 第 0 行
物件: /adm/obj/master

执行时段错误：*No program in object '/adm/daemons/network/netmail'!

程式：0 第 0 行
物件: /adm/obj/master

执行时段错误：*No program in object '/adm/daemons/network/telnetd'!

程式：0 第 0 行
物件: /adm/obj/master

执行时段错误：*No program in object '/adm/daemons/network/pingd'!

程式：0 第 0 行
物件: /adm/obj/master

执行时段错误：*No program in object '/adm/daemons/network/inetd'!

程式：0 第 0 行
物件: /adm/obj/master

执行时段错误：*No program in object '/adm/obj/simul_efun_bak'!

程式：0 第 0 行
物件: /adm/obj/master

执行时段错误：*No program in object '/meskill/skill_model_unarmed'!

程式：0 第 0 行
物件: /adm/obj/master

执行时段错误：*No program in object '/meskill/skill_model_default'!

程式：0 第 0 行
物件: /adm/obj/master

执行时段错误：*No program in object '/meskill/skill_model_weapon'!

程式：0 第 0 行
物件: /adm/obj/master

执行时段错误：*No program in object '/cmds/usr/whotest'!

程式：0 第 0 行
物件: /adm/obj/master

执行时段错误：*No program in object '/cmds/bos/socket'!

程式：0 第 0 行
物件: /adm/obj/master
