[Sep 08 18:41:40]quest/anhei/menghuan.c line 130: Undefined function QUEST_D
[Sep 08 18:56:40]quest/anhei/menghuan.c line 130: Undefined function QUEST_D
[Sep 08 19:11:40]quest/anhei/menghuan.c line 130: Undefined function QUEST_D
[Sep 08 19:26:40]quest/anhei/menghuan.c line 130: Undefined function QUEST_D
[Sep 08 19:41:40]quest/anhei/menghuan.c line 130: Undefined function QUEST_D
[Sep 08 20:00:04]d/shendian/npc/banker.c line 49: Warning: clean_up() inherited from both /feature/clean_up.c (via /feature/banker.c) and /feature/clean_up.c (via /inherit/char/npc.c); using the definition in /feature/banker.c.
[Sep 08 20:02:20]d/shendian/npc/banker.c line 49: Warning: clean_up() inherited from both /feature/clean_up.c (via /feature/banker.c) and /feature/clean_up.c (via /inherit/char/npc.c); using the definition in /feature/banker.c.
[Sep 08 20:17:54]wiz/redrose/banker.c line 45: Warning: clean_up() inherited from both /feature/clean_up.c (via /feature/banker.c) and /feature/clean_up.c (via /inherit/char/npc.c); using the definition in /feature/banker.c.
[Sep 08 21:38:54]d/fenghuang/fenghuang/npc/banker.c line 49: Warning: clean_up() inherited from both /feature/clean_up.c (via /feature/banker.c) and /feature/clean_up.c (via /inherit/char/npc.c); using the definition in /feature/banker.c.
[Sep 09 03:01:53]d/budui/npc/robot-bank.c line 47: Warning: clean_up() inherited from both /feature/clean_up.c (via /feature/banker.c) and /feature/clean_up.c (via /inherit/char/npc.c); using the definition in /feature/banker.c.
[Sep 09 07:02:28]wiz/xianer/workroom.c line 14: parse error
[Sep 09 07:02:54]wiz/xianer/workroom.c line 14: parse error
[Sep 09 07:22:04]d/fenghuang/fenghuang/npc/banker.c line 49: Warning: clean_up() inherited from both /feature/clean_up.c (via /feature/banker.c) and /feature/clean_up.c (via /inherit/char/npc.c); using the definition in /feature/banker.c.
[Sep 09 07:37:40]d/shendian/npc/banker.c line 49: Warning: clean_up() inherited from both /feature/clean_up.c (via /feature/banker.c) and /feature/clean_up.c (via /inherit/char/npc.c); using the definition in /feature/banker.c.
[Sep 09 07:54:39]d/budui/npc/robot-bank.c line 47: Warning: clean_up() inherited from both /feature/clean_up.c (via /feature/banker.c) and /feature/clean_up.c (via /inherit/char/npc.c); using the definition in /feature/banker.c.
[Sep 09 20:22:26]quest/anhei/menghuan.c line 130: Undefined function QUEST_D
[Sep 09 20:36:59]quest/anhei/menghuan.c line 130: Undefined function QUEST_D
[Sep 09 20:51:59]quest/anhei/menghuan.c line 130: Undefined function QUEST_D
[Sep 09 21:02:12]d/fenghuang/fenghuang/npc/banker.c line 49: Warning: clean_up() inherited from both /feature/clean_up.c (via /feature/banker.c) and /feature/clean_up.c (via /inherit/char/npc.c); using the definition in /feature/banker.c.
[Sep 09 21:06:59]quest/anhei/menghuan.c line 130: Undefined function QUEST_D
[Sep 09 21:08:51]d/budui/npc/robot-bank.c line 47: Warning: clean_up() inherited from both /feature/clean_up.c (via /feature/banker.c) and /feature/clean_up.c (via /inherit/char/npc.c); using the definition in /feature/banker.c.
[Sep 09 21:11:28]d/shendian/npc/banker.c line 49: Warning: clean_up() inherited from both /feature/clean_up.c (via /feature/banker.c) and /feature/clean_up.c (via /inherit/char/npc.c); using the definition in /feature/banker.c.
[Sep 09 21:21:59]quest/anhei/menghuan.c line 130: Undefined function QUEST_D
[Sep 09 21:36:59]quest/anhei/menghuan.c line 130: Undefined function QUEST_D
[Sep 09 21:51:59]quest/anhei/menghuan.c line 130: Undefined function QUEST_D
[Sep 09 22:06:59]quest/anhei/menghuan.c line 130: Undefined function QUEST_D
[Sep 09 22:21:59]quest/anhei/menghuan.c line 130: Undefined function QUEST_D
[Sep 09 22:36:59]quest/anhei/menghuan.c line 130: Undefined function QUEST_D
[Sep 09 22:52:00]quest/anhei/menghuan.c line 130: Undefined function QUEST_D
[Sep 09 23:07:00]quest/anhei/menghuan.c line 130: Undefined function QUEST_D
[Sep 09 23:22:00]quest/anhei/menghuan.c line 130: Undefined function QUEST_D
[Sep 09 23:37:00]quest/anhei/menghuan.c line 130: Undefined function QUEST_D
[Sep 09 23:52:00]quest/anhei/menghuan.c line 130: Undefined function QUEST_D
[Sep 10 00:07:00]quest/anhei/menghuan.c line 130: Undefined function QUEST_D
[Sep 10 00:22:00]quest/anhei/menghuan.c line 130: Undefined function QUEST_D
[Sep 10 00:37:01]quest/anhei/menghuan.c line 130: Undefined function QUEST_D
[Sep 10 00:52:01]quest/anhei/menghuan.c line 130: Undefined function QUEST_D
[Sep 10 01:07:01]quest/anhei/menghuan.c line 130: Undefined function QUEST_D
[Sep 10 01:22:01]quest/anhei/menghuan.c line 130: Undefined function QUEST_D
[Sep 10 01:37:01]quest/anhei/menghuan.c line 130: Undefined function QUEST_D
[Sep 10 01:52:01]quest/anhei/menghuan.c line 130: Undefined function QUEST_D
[Sep 10 02:07:01]quest/anhei/menghuan.c line 130: Undefined function QUEST_D
[Sep 10 02:22:02]quest/anhei/menghuan.c line 130: Undefined function QUEST_D
[Sep 10 02:37:02]quest/anhei/menghuan.c line 130: Undefined function QUEST_D
[Sep 10 02:47:59]cmds/app/rm.c line 28: parse error
[Sep 10 02:48:06]cmds/app/rm.c line 28: parse error
[Sep 10 02:52:01]quest/anhei/menghuan.c line 130: Undefined function QUEST_D
[Sep 10 02:54:16]cmds/app/rma.c line 26: parse error
[Sep 10 03:07:01]quest/anhei/menghuan.c line 130: Undefined function QUEST_D
[Sep 10 03:22:01]quest/anhei/menghuan.c line 130: Undefined function QUEST_D
[Sep 10 03:37:01]quest/anhei/menghuan.c line 130: Undefined function QUEST_D
[Sep 10 03:52:01]quest/anhei/menghuan.c line 130: Undefined function QUEST_D
[Sep 10 04:07:02]quest/anhei/menghuan.c line 130: Undefined function QUEST_D
[Sep 10 04:22:02]quest/anhei/menghuan.c line 130: Undefined function QUEST_D
[Sep 10 04:37:02]quest/anhei/menghuan.c line 130: Undefined function QUEST_D
[Sep 10 04:52:02]quest/anhei/menghuan.c line 130: Undefined function QUEST_D
[Sep 10 05:07:02]quest/anhei/menghuan.c line 130: Undefined function QUEST_D
[Sep 10 05:22:02]quest/anhei/menghuan.c line 130: Undefined function QUEST_D
[Sep 10 05:37:02]quest/anhei/menghuan.c line 130: Undefined function QUEST_D
[Sep 10 05:52:02]quest/anhei/menghuan.c line 130: Undefined function QUEST_D
[Sep 10 06:07:02]quest/anhei/menghuan.c line 130: Undefined function QUEST_D
[Sep 10 06:22:02]quest/anhei/menghuan.c line 130: Undefined function QUEST_D
[Sep 10 06:37:02]quest/anhei/menghuan.c line 130: Undefined function QUEST_D
[Sep 10 06:52:02]quest/anhei/menghuan.c line 130: Undefined function QUEST_D
[Sep 10 07:07:02]quest/anhei/menghuan.c line 130: Undefined function QUEST_D
[Sep 10 07:22:03]quest/anhei/menghuan.c line 130: Undefined function QUEST_D
[Sep 10 07:37:02]quest/anhei/menghuan.c line 130: Undefined function QUEST_D
[Sep 10 07:52:02]quest/anhei/menghuan.c line 130: Undefined function QUEST_D
[Sep 10 08:07:02]quest/anhei/menghuan.c line 130: Undefined function QUEST_D
[Sep 10 08:22:02]quest/anhei/menghuan.c line 130: Undefined function QUEST_D
[Sep 10 08:37:02]quest/anhei/menghuan.c line 130: Undefined function QUEST_D
[Sep 10 08:52:02]quest/anhei/menghuan.c line 130: Undefined function QUEST_D
[Sep 10 09:06:52]d/fenghuang/fenghuang/npc/obj/blade.c line 25: Warning: clean_up() inherited from both /feature/clean_up.c (via /inherit/weapon/blade.c) and /feature/clean_up.c (via /feature/sserver.c); using the definition in /inherit/weapon/blade.c.
[Sep 10 09:07:03]quest/anhei/menghuan.c line 130: Undefined function QUEST_D
[Sep 10 09:22:03]quest/anhei/menghuan.c line 130: Undefined function QUEST_D
[Sep 10 09:37:04]quest/anhei/menghuan.c line 130: Undefined function QUEST_D
[Sep 10 09:52:03]quest/anhei/menghuan.c line 130: Undefined function QUEST_D
[Sep 10 10:07:04]quest/anhei/menghuan.c line 130: Undefined function QUEST_D
[Sep 10 10:22:03]quest/anhei/menghuan.c line 130: Undefined function QUEST_D
[Sep 10 10:37:04]quest/anhei/menghuan.c line 130: Undefined function QUEST_D
[Sep 10 10:52:05]quest/anhei/menghuan.c line 130: Undefined function QUEST_D
[Sep 10 11:07:05]quest/anhei/menghuan.c line 130: Undefined function QUEST_D
[Sep 10 11:22:05]quest/anhei/menghuan.c line 130: Undefined function QUEST_D
[Sep 10 11:37:06]quest/anhei/menghuan.c line 130: Undefined function QUEST_D
[Sep 10 11:52:05]quest/anhei/menghuan.c line 130: Undefined function QUEST_D
[Sep 10 12:07:05]quest/anhei/menghuan.c line 130: Undefined function QUEST_D
[Sep 10 12:22:05]quest/anhei/menghuan.c line 130: Undefined function QUEST_D
[Sep 10 12:37:05]quest/anhei/menghuan.c line 130: Undefined function QUEST_D
[Sep 10 12:52:05]quest/anhei/menghuan.c line 130: Undefined function QUEST_D
[Sep 10 13:07:05]quest/anhei/menghuan.c line 130: Undefined function QUEST_D
[Sep 10 13:22:05]quest/anhei/menghuan.c line 130: Undefined function QUEST_D
[Sep 10 13:37:05]quest/anhei/menghuan.c line 130: Undefined function QUEST_D
[Sep 10 13:52:06]quest/anhei/menghuan.c line 130: Undefined function QUEST_D
[Sep 10 14:07:06]quest/anhei/menghuan.c line 130: Undefined function QUEST_D
[Sep 10 14:22:06]quest/anhei/menghuan.c line 130: Undefined function QUEST_D
[Sep 10 14:37:07]quest/anhei/menghuan.c line 130: Undefined function QUEST_D
[Sep 10 14:52:06]quest/anhei/menghuan.c line 130: Undefined function QUEST_D
[Sep 10 15:07:07]quest/anhei/menghuan.c line 130: Undefined function QUEST_D
[Sep 10 15:22:07]quest/anhei/menghuan.c line 130: Undefined function QUEST_D
[Sep 10 15:37:08]quest/anhei/menghuan.c line 130: Undefined function QUEST_D
[Sep 10 15:52:07]quest/anhei/menghuan.c line 130: Undefined function QUEST_D
[Sep 10 16:07:07]quest/anhei/menghuan.c line 130: Undefined function QUEST_D
[Sep 10 16:15:36]d/tianlang/obj/telnet.c line 62: Bad assignment ( int vs string ).
[Sep 10 16:16:20]d/tianlang/obj/telnet.c line 64: parse error
[Sep 10 16:16:20]d/tianlang/obj/telnet.c line 75: Illegal character constant
[Sep 10 16:16:20]d/tianlang/obj/telnet.c line 118: End of file in string
[Sep 10 16:16:48]d/tianlang/obj/telnet.c line 64: parse error
[Sep 10 16:16:48]d/tianlang/obj/telnet.c line 75: Illegal character constant
[Sep 10 16:16:48]d/tianlang/obj/telnet.c line 118: End of file in string
[Sep 10 16:22:08]quest/anhei/menghuan.c line 130: Undefined function QUEST_D
[Sep 10 16:23:45]adm/daemons/logind.c line 386: Arguments to < do not have compatible types : ( string vs int )
[Sep 10 16:23:45]adm/daemons/logind.c line 387: parse error
[Sep 10 16:23:45]adm/daemons/logind.c line 420: Illegal LHS
[Sep 10 16:23:45]adm/daemons/logind.c line 420: parse error
[Sep 10 16:23:45]adm/daemons/logind.c line 438: Illegal LHS
[Sep 10 16:23:45]adm/daemons/logind.c line 438: parse error
[Sep 10 16:24:34]adm/daemons/logind.c line 387: parse error
[Sep 10 16:24:34]adm/daemons/logind.c line 420: Illegal LHS
[Sep 10 16:24:34]adm/daemons/logind.c line 420: parse error
[Sep 10 16:24:34]adm/daemons/logind.c line 438: Illegal LHS
[Sep 10 16:24:34]adm/daemons/logind.c line 438: parse error
[Sep 10 16:24:34]adm/daemons/logind.c line 455: Illegal LHS
[Sep 10 16:37:09]quest/anhei/menghuan.c line 130: Undefined function QUEST_D
[Sep 10 16:39:07]d/fenghuang/fenghuang/npc/banker.c line 49: Warning: clean_up() inherited from both /feature/clean_up.c (via /feature/banker.c) and /feature/clean_up.c (via /inherit/char/npc.c); using the definition in /feature/banker.c.
[Sep 10 16:39:26]d/shendian/npc/banker.c line 49: Warning: clean_up() inherited from both /feature/clean_up.c (via /feature/banker.c) and /feature/clean_up.c (via /inherit/char/npc.c); using the definition in /feature/banker.c.
[Sep 11 02:43:55]d/budui/npc/robot-bank.c line 47: Warning: clean_up() inherited from both /feature/clean_up.c (via /feature/banker.c) and /feature/clean_up.c (via /inherit/char/npc.c); using the definition in /feature/banker.c.
[Sep 11 11:28:29]d/fenghuang/fenghuang/npc/obj/blade.c line 25: Warning: clean_up() inherited from both /feature/clean_up.c (via /inherit/weapon/blade.c) and /feature/clean_up.c (via /feature/sserver.c); using the definition in /inherit/weapon/blade.c.
[Sep 11 11:57:18]d/fenghuang/fenghuang/npc/banker.c line 49: Warning: clean_up() inherited from both /feature/clean_up.c (via /feature/banker.c) and /feature/clean_up.c (via /inherit/char/npc.c); using the definition in /feature/banker.c.
[Sep 11 13:00:28]d/shendian/npc/banker.c line 49: Warning: clean_up() inherited from both /feature/clean_up.c (via /feature/banker.c) and /feature/clean_up.c (via /inherit/char/npc.c); using the definition in /feature/banker.c.
[Sep 11 13:02:30]d/budui/npc/robot-bank.c line 47: Warning: clean_up() inherited from both /feature/clean_up.c (via /feature/banker.c) and /feature/clean_up.c (via /inherit/char/npc.c); using the definition in /feature/banker.c.
[Sep 11 13:57:39]d/fenghuang/fenghuang/npc/banker.c line 49: Warning: clean_up() inherited from both /feature/clean_up.c (via /feature/banker.c) and /feature/clean_up.c (via /inherit/char/npc.c); using the definition in /feature/banker.c.
[Sep 11 14:25:56]d/budui/npc/robot-bank.c line 47: Warning: clean_up() inherited from both /feature/clean_up.c (via /feature/banker.c) and /feature/clean_up.c (via /inherit/char/npc.c); using the definition in /feature/banker.c.
[Sep 11 16:48:50]d/shendian/npc/banker.c line 49: Warning: clean_up() inherited from both /feature/clean_up.c (via /feature/banker.c) and /feature/clean_up.c (via /inherit/char/npc.c); using the definition in /feature/banker.c.
[Sep 11 16:55:55]d/fenghuang/fenghuang/npc/banker.c line 49: Warning: clean_up() inherited from both /feature/clean_up.c (via /feature/banker.c) and /feature/clean_up.c (via /inherit/char/npc.c); using the definition in /feature/banker.c.
[Sep 11 17:58:39]d/budui/npc/robot-bank.c line 47: Warning: clean_up() inherited from both /feature/clean_up.c (via /feature/banker.c) and /feature/clean_up.c (via /inherit/char/npc.c); using the definition in /feature/banker.c.
[Sep 11 19:16:32]d/shendian/npc/banker.c line 49: Warning: clean_up() inherited from both /feature/clean_up.c (via /feature/banker.c) and /feature/clean_up.c (via /inherit/char/npc.c); using the definition in /feature/banker.c.
[Sep 12 10:16:51]d/fenghuang/fenghuang/npc/obj/blade.c line 25: Warning: clean_up() inherited from both /feature/clean_up.c (via /inherit/weapon/blade.c) and /feature/clean_up.c (via /feature/sserver.c); using the definition in /inherit/weapon/blade.c.
[Sep 13 08:58:24]d/budui/npc/robot-bank.c line 47: Warning: clean_up() inherited from both /feature/clean_up.c (via /feature/banker.c) and /feature/clean_up.c (via /inherit/char/npc.c); using the definition in /feature/banker.c.
[Sep 13 09:46:58]d/fenghuang/fenghuang/npc/banker.c line 49: Warning: clean_up() inherited from both /feature/clean_up.c (via /feature/banker.c) and /feature/clean_up.c (via /inherit/char/npc.c); using the definition in /feature/banker.c.
[Sep 13 10:42:32]d/shendian/npc/banker.c line 49: Warning: clean_up() inherited from both /feature/clean_up.c (via /feature/banker.c) and /feature/clean_up.c (via /inherit/char/npc.c); using the definition in /feature/banker.c.
[Sep 13 17:56:10]d/fenghuang/fenghuang/npc/obj/blade.c line 25: Warning: clean_up() inherited from both /feature/clean_up.c (via /inherit/weapon/blade.c) and /feature/clean_up.c (via /feature/sserver.c); using the definition in /inherit/weapon/blade.c.
[Sep 14 14:49:01]d/fenghuang/fenghuang/npc/banker.c line 49: Warning: clean_up() inherited from both /feature/clean_up.c (via /feature/banker.c) and /feature/clean_up.c (via /inherit/char/npc.c); using the definition in /feature/banker.c.
[Sep 14 15:56:53]d/budui/npc/robot-bank.c line 47: Warning: clean_up() inherited from both /feature/clean_up.c (via /feature/banker.c) and /feature/clean_up.c (via /inherit/char/npc.c); using the definition in /feature/banker.c.
[Sep 14 16:52:22]d/shendian/npc/banker.c line 49: Warning: clean_up() inherited from both /feature/clean_up.c (via /feature/banker.c) and /feature/clean_up.c (via /inherit/char/npc.c); using the definition in /feature/banker.c.
[Sep 15 15:20:41]d/fenghuang/fenghuang/npc/banker.c line 49: Warning: clean_up() inherited from both /feature/clean_up.c (via /feature/banker.c) and /feature/clean_up.c (via /inherit/char/npc.c); using the definition in /feature/banker.c.
[Sep 15 15:26:29]d/fenghuang/fenghuang/npc/obj/blade.c line 25: Warning: clean_up() inherited from both /feature/clean_up.c (via /inherit/weapon/blade.c) and /feature/clean_up.c (via /feature/sserver.c); using the definition in /inherit/weapon/blade.c.
[Sep 15 15:34:06]d/shendian/npc/banker.c line 49: Warning: clean_up() inherited from both /feature/clean_up.c (via /feature/banker.c) and /feature/clean_up.c (via /inherit/char/npc.c); using the definition in /feature/banker.c.
[Sep 15 15:59:46]d/budui/npc/robot-bank.c line 47: Warning: clean_up() inherited from both /feature/clean_up.c (via /feature/banker.c) and /feature/clean_up.c (via /inherit/char/npc.c); using the definition in /feature/banker.c.
[Sep 16 15:21:30]d/shendian/npc/banker.c line 49: Warning: clean_up() inherited from both /feature/clean_up.c (via /feature/banker.c) and /feature/clean_up.c (via /inherit/char/npc.c); using the definition in /feature/banker.c.
[Sep 16 15:24:06]d/fenghuang/fenghuang/npc/banker.c line 49: Warning: clean_up() inherited from both /feature/clean_up.c (via /feature/banker.c) and /feature/clean_up.c (via /inherit/char/npc.c); using the definition in /feature/banker.c.
[Sep 16 16:01:47]d/budui/npc/robot-bank.c line 47: Warning: clean_up() inherited from both /feature/clean_up.c (via /feature/banker.c) and /feature/clean_up.c (via /inherit/char/npc.c); using the definition in /feature/banker.c.
[Sep 16 21:14:51]wiz/dalone/mu-ren.c line 48: parse error
[Sep 16 21:14:51]wiz/dalone/mu-ren.c line 49: Illegal LHS
[Sep 16 21:22:30]d/fenghuang/fenghuang/npc/obj/blade.c line 25: Warning: clean_up() inherited from both /feature/clean_up.c (via /inherit/weapon/blade.c) and /feature/clean_up.c (via /feature/sserver.c); using the definition in /inherit/weapon/blade.c.
[Sep 16 23:14:20]d/huang/npc/questman.c line 160: parse error
[Sep 16 23:14:20]d/huang/npc/questman.c line 170: parse error
[Sep 16 23:15:27]d/huang/npc/questman.c line 160: parse error
[Sep 16 23:15:27]d/huang/npc/questman.c line 170: parse error
[Sep 16 23:16:49]d/huang/npc/questman.c line 160: parse error
[Sep 16 23:16:49]d/huang/npc/questman.c line 170: parse error
[Sep 17 09:20:09]d/fenghuang/fenghuang/npc/banker.c line 49: Warning: clean_up() inherited from both /feature/clean_up.c (via /feature/banker.c) and /feature/clean_up.c (via /inherit/char/npc.c); using the definition in /feature/banker.c.
[Sep 17 12:26:14]adm/daemons/network/services/gfinger_q.c line 39: parse error
[Sep 17 12:26:14]adm/daemons/network/services/gfinger_q.c line 52: Undefined variable 'info'
[Sep 17 12:26:14]adm/daemons/network/services/gfinger_q.c line 52: Illegal LHS
[Sep 17 12:26:14]adm/daemons/network/services/gfinger_q.c line 52: parse error
[Sep 17 12:26:34]adm/daemons/network/services/gfinger_q.c line 40: parse error
[Sep 17 12:26:34]adm/daemons/network/services/gfinger_q.c line 53: Undefined variable 'info'
[Sep 17 12:26:34]adm/daemons/network/services/gfinger_q.c line 53: Illegal LHS
[Sep 17 12:26:34]adm/daemons/network/services/gfinger_q.c line 53: parse error
[Sep 17 12:27:28]adm/daemons/network/services/gfinger_q.c line 40: Undefined function mud_name
[Sep 17 12:27:28]adm/daemons/network/services/gfinger_q.c line 57: parse error
[Sep 17 12:42:46]d/shendian/npc/banker.c line 49: Warning: clean_up() inherited from both /feature/clean_up.c (via /feature/banker.c) and /feature/clean_up.c (via /inherit/char/npc.c); using the definition in /feature/banker.c.
[Sep 17 13:16:00]d/budui/npc/robot-bank.c line 47: Warning: clean_up() inherited from both /feature/clean_up.c (via /feature/banker.c) and /feature/clean_up.c (via /inherit/char/npc.c); using the definition in /feature/banker.c.
[Sep 17 13:59:20]wiz/keyboy/aaa.c line 1: Undefined variable 'current'
[Sep 17 13:59:20]wiz/keyboy/aaa.c line 1: Undefined variable 'max'
[Sep 17 13:59:20]wiz/keyboy/aaa.c line 1: Missing type for global variable declaration
[Sep 17 13:59:20]wiz/keyboy/aaa.c line 1: parse error
[Sep 17 15:15:08]d/budui/npc/robot-bank.c line 47: Warning: clean_up() inherited from both /feature/clean_up.c (via /feature/banker.c) and /feature/clean_up.c (via /inherit/char/npc.c); using the definition in /feature/banker.c.
[Sep 17 15:59:13]d/shendian/npc/banker.c line 49: Warning: clean_up() inherited from both /feature/clean_up.c (via /feature/banker.c) and /feature/clean_up.c (via /inherit/char/npc.c); using the definition in /feature/banker.c.
[Sep 17 16:44:44]adm/daemons/logind.c line 936: Undefined function query_name
[Sep 17 17:38:01]adm/daemons/logind.c line 187: parse error
[Sep 17 17:38:01]adm/daemons/logind.c line 205: Illegal LHS
[Sep 17 17:38:01]adm/daemons/logind.c line 205: parse error
[Sep 17 17:38:01]adm/daemons/logind.c line 208: Illegal LHS
[Sep 17 17:38:01]adm/daemons/logind.c line 208: parse error
[Sep 17 17:38:01]adm/daemons/logind.c line 214: Illegal LHS
[Sep 17 17:38:46]adm/daemons/logind.c line 187: parse error
[Sep 17 17:38:46]adm/daemons/logind.c line 205: Illegal LHS
[Sep 17 17:38:46]adm/daemons/logind.c line 205: parse error
[Sep 17 17:38:46]adm/daemons/logind.c line 208: Illegal LHS
[Sep 17 17:38:46]adm/daemons/logind.c line 208: parse error
[Sep 17 17:38:46]adm/daemons/logind.c line 214: Illegal LHS
[Sep 17 17:39:54]adm/daemons/logind.c line 187: parse error
[Sep 17 17:39:54]adm/daemons/logind.c line 206: Illegal LHS
[Sep 17 17:39:54]adm/daemons/logind.c line 206: parse error
[Sep 17 17:39:54]adm/daemons/logind.c line 209: Illegal LHS
[Sep 17 17:39:54]adm/daemons/logind.c line 209: parse error
[Sep 17 17:39:54]adm/daemons/logind.c line 215: Illegal LHS
[Sep 17 17:40:43]adm/daemons/logind.c line 187: parse error
[Sep 17 17:40:43]adm/daemons/logind.c line 206: Illegal LHS
[Sep 17 17:40:43]adm/daemons/logind.c line 206: parse error
[Sep 17 17:40:43]adm/daemons/logind.c line 209: Illegal LHS
[Sep 17 17:40:43]adm/daemons/logind.c line 209: parse error
[Sep 17 17:40:43]adm/daemons/logind.c line 215: Illegal LHS
[Sep 17 17:40:53]adm/daemons/logind.c line 187: parse error
[Sep 17 17:40:53]adm/daemons/logind.c line 206: Illegal LHS
[Sep 17 17:40:53]adm/daemons/logind.c line 206: parse error
[Sep 17 17:40:53]adm/daemons/logind.c line 209: Illegal LHS
[Sep 17 17:40:53]adm/daemons/logind.c line 209: parse error
[Sep 17 17:40:53]adm/daemons/logind.c line 215: Illegal LHS
[Sep 17 19:08:46]adm/daemons/logind.c line 941: Undefined function query_ip_mumber
[Sep 17 20:23:58]d/fenghuang/fenghuang/npc/banker.c line 49: Warning: clean_up() inherited from both /feature/clean_up.c (via /feature/banker.c) and /feature/clean_up.c (via /inherit/char/npc.c); using the definition in /feature/banker.c.
[Sep 18 12:39:23]d/budui/npc/robot-bank.c line 47: Warning: clean_up() inherited from both /feature/clean_up.c (via /feature/banker.c) and /feature/clean_up.c (via /inherit/char/npc.c); using the definition in /feature/banker.c.
[Sep 18 15:07:58]d/fenghuang/fenghuang/npc/banker.c line 49: Warning: clean_up() inherited from both /feature/clean_up.c (via /feature/banker.c) and /feature/clean_up.c (via /inherit/char/npc.c); using the definition in /feature/banker.c.
[Sep 18 19:14:04]wiz/set/workroom.c line 14: parse error
[Sep 18 19:14:19]wiz/set/workroom.c line 14: parse error
[Sep 19 12:45:26]d/shendian/npc/banker.c line 49: Warning: clean_up() inherited from both /feature/clean_up.c (via /feature/banker.c) and /feature/clean_up.c (via /inherit/char/npc.c); using the definition in /feature/banker.c.
[Sep 20 19:56:16]d/fenghuang/fenghuang/npc/banker.c line 49: Warning: clean_up() inherited from both /feature/clean_up.c (via /feature/banker.c) and /feature/clean_up.c (via /inherit/char/npc.c); using the definition in /feature/banker.c.
[Sep 21 03:24:36]d/shendian/npc/banker.c line 49: Warning: clean_up() inherited from both /feature/clean_up.c (via /feature/banker.c) and /feature/clean_up.c (via /inherit/char/npc.c); using the definition in /feature/banker.c.
[Sep 21 13:17:18]d/fenghuang/fenghuang/npc/obj/blade.c line 25: Warning: clean_up() inherited from both /feature/clean_up.c (via /inherit/weapon/blade.c) and /feature/clean_up.c (via /feature/sserver.c); using the definition in /inherit/weapon/blade.c.
[Sep 21 22:11:14]d/budui/npc/robot-bank.c line 47: Warning: clean_up() inherited from both /feature/clean_up.c (via /feature/banker.c) and /feature/clean_up.c (via /inherit/char/npc.c); using the definition in /feature/banker.c.
[Sep 22 18:56:54]d/fenghuang/fenghuang/npc/banker.c line 49: Warning: clean_up() inherited from both /feature/clean_up.c (via /feature/banker.c) and /feature/clean_up.c (via /inherit/char/npc.c); using the definition in /feature/banker.c.
[Sep 23 11:48:57]d/budui/npc/robot-bank.c line 47: Warning: clean_up() inherited from both /feature/clean_up.c (via /feature/banker.c) and /feature/clean_up.c (via /inherit/char/npc.c); using the definition in /feature/banker.c.
[Sep 24 16:58:10]wiz/dalone/dark-jian.c line 15: parse error
[Sep 24 16:58:10]wiz/dalone/dark-jian.c line 18: $var illegal outside of function pointer.
[Sep 24 16:58:10]wiz/dalone/dark-jian.c line 18: $var illegal outside of function pointer.
[Sep 24 16:58:10]wiz/dalone/dark-jian.c line 19: $var illegal outside of function pointer.
[Sep 24 16:58:10]wiz/dalone/dark-jian.c line 19: $var illegal outside of function pointer.
[Sep 24 16:58:10]wiz/dalone/dark-jian.c line 32: $var illegal outside of function pointer.
[Sep 24 17:02:11]wiz/dalone/wind-jian.c line 15: parse error
[Sep 24 17:02:11]wiz/dalone/wind-jian.c line 18: $var illegal outside of function pointer.
[Sep 24 17:02:11]wiz/dalone/wind-jian.c line 18: $var illegal outside of function pointer.
[Sep 24 17:02:11]wiz/dalone/wind-jian.c line 19: $var illegal outside of function pointer.
[Sep 24 17:02:11]wiz/dalone/wind-jian.c line 19: $var illegal outside of function pointer.
[Sep 24 17:02:11]wiz/dalone/wind-jian.c line 32: $var illegal outside of function pointer.
[Sep 30 12:54:18]adm/daemons/logind.c line 141: Reserved type name unexpected.
[Sep 30 12:54:18]adm/daemons/logind.c line 141: parse error
[Sep 30 12:54:18]adm/daemons/logind.c line 142: Illegal LHS
[Sep 30 12:54:18]adm/daemons/logind.c line 143: Undefined variable 'login_cnt'
[Sep 30 12:54:18]adm/daemons/logind.c line 144: Undefined variable 'iplimit'
[Sep 30 12:54:18]adm/daemons/logind.c line 145: Undefined variable 'i'
[Sep 30 12:59:10]adm/daemons/logind.c line 131: Bad type for argument 1 of hood2 ( string vs int )
[Sep 30 12:59:10]adm/daemons/logind.c line 132: Reserved type name unexpected.
[Sep 30 12:59:10]adm/daemons/logind.c line 132: parse error
[Sep 30 12:59:10]adm/daemons/logind.c line 136: Illegal LHS
[Sep 30 12:59:10]adm/daemons/logind.c line 136: Undefined variable 'p_count'
[Sep 30 12:59:10]adm/daemons/logind.c line 137: Undefined variable 'u_time'
[Sep 30 13:00:29]adm/daemons/logind.c line 131: Bad type for argument 1 of hood2 ( string vs int )
[Sep 30 13:00:29]adm/daemons/logind.c line 132: Reserved type name unexpected.
[Sep 30 13:00:29]adm/daemons/logind.c line 132: parse error
[Sep 30 13:00:29]adm/daemons/logind.c line 136: Illegal LHS
[Sep 30 13:00:29]adm/daemons/logind.c line 136: Undefined variable 'p_count'
[Sep 30 13:00:29]adm/daemons/logind.c line 137: Undefined variable 'u_time'
[Sep 30 20:57:41]adm/daemons/logind.c line 225: Undefined variable 'BUL'
[Sep 30 20:57:41]adm/daemons/logind.c line 225: parse error
[Sep 30 20:57:41]adm/daemons/logind.c line 227: Illegal LHS
[Sep 30 20:57:41]adm/daemons/logind.c line 227: Warning: Value of conditional expression is unused
[Sep 30 20:57:41]adm/daemons/logind.c line 227: parse error
[Sep 30 20:57:41]adm/daemons/logind.c line 231: Illegal LHS
[Sep 30 20:57:41]adm/daemons/logind.c line 242: continue statement outside loop
[Oct 01 01:15:37]adm/daemons/network/dns_master.c line 400: parse error
[Oct 01 01:15:37]adm/daemons/network/dns_master.c line 405: Illegal LHS
[Oct 01 01:15:37]adm/daemons/network/dns_master.c line 413: Illegal LHS
[Oct 01 01:15:37]adm/daemons/network/dns_master.c line 416: Illegal LHS
[Oct 01 01:15:37]adm/daemons/network/dns_master.c line 418: Illegal LHS
[Oct 01 01:15:37]adm/daemons/network/dns_master.c line 418: parse error
[Oct 01 01:16:01]adm/daemons/network/dns_master.c line 400: parse error
[Oct 01 01:16:01]adm/daemons/network/dns_master.c line 405: Illegal LHS
[Oct 01 01:16:01]adm/daemons/network/dns_master.c line 413: Illegal LHS
[Oct 01 01:16:01]adm/daemons/network/dns_master.c line 416: Illegal LHS
[Oct 01 01:16:01]adm/daemons/network/dns_master.c line 418: Illegal LHS
[Oct 01 01:16:01]adm/daemons/network/dns_master.c line 418: parse error
[Oct 01 02:20:34]d/shendian/npc/banker.c line 49: Warning: clean_up() inherited from both /feature/clean_up.c (via /feature/banker.c) and /feature/clean_up.c (via /inherit/char/npc.c); using the definition in /feature/banker.c.
[Oct 01 10:36:28]wiz/keyboy/score.c line 50: Undefined variable 'HIC'
[Oct 01 10:36:28]wiz/keyboy/score.c line 50: parse error
[Oct 01 10:36:28]wiz/keyboy/score.c line 95: Undefined variable 'current'
[Oct 01 10:36:28]wiz/keyboy/score.c line 95: Undefined variable 'max'
[Oct 01 10:36:28]wiz/keyboy/score.c line 95: Illegal LHS
[Oct 01 10:36:28]wiz/keyboy/score.c line 95: parse error
[Oct 01 10:49:38]d/tianlang/street.c line 35: Undefined variable 'THIS_PAR'
[Oct 01 10:49:38]d/tianlang/street.c line 36: Undefined variable 'HIG'
[Oct 01 10:49:38]d/tianlang/street.c line 36: parse error
[Oct 01 10:51:19]d/tianlang/street.c line 39: parse error
[Oct 01 10:52:13]d/tianlang/street.c line 39: parse error
[Oct 01 10:58:04]d/tianlang/street.c line 36: Reserved type name unexpected.
[Oct 01 10:58:04]d/tianlang/street.c line 36: parse error
[Oct 01 10:58:04]d/tianlang/street.c line 37: Illegal LHS
[Oct 01 10:58:04]d/tianlang/street.c line 38: Undefined variable 'me'
[Oct 01 10:59:00]d/tianlang/street.c line 37: Undefined variable 'ob'
[Oct 01 11:02:33]d/tianlang/street.c line 35: Undefined function add_accion
[Oct 01 11:02:33]d/tianlang/street.c line 44: Warning: Non-void functions must return a value.
[Oct 01 11:03:39]d/tianlang/street.c line 44: Warning: Non-void functions must return a value.
[Oct 01 11:46:37]cmds/usr/mudlist.c line 120: parse error
[Oct 01 11:46:37]cmds/usr/mudlist.c line 125: Illegal LHS
[Oct 01 11:46:37]cmds/usr/mudlist.c line 125: parse error
[Oct 01 11:46:37]cmds/usr/mudlist.c line 133: Illegal LHS
[Oct 01 11:46:37]cmds/usr/mudlist.c line 133: parse error
[Oct 01 11:46:37]cmds/usr/mudlist.c line 134: Illegal LHS
[Oct 29 11:54:32]adm/daemons/logind.c line 128: Too many local variables
[Oct 29 11:54:39]adm/daemons/logind.c line 128: Too many local variables
[Oct 29 11:54:43]adm/daemons/logind.c line 128: Too many local variables
[Oct 29 11:54:49]adm/daemons/logind.c line 128: Too many local variables
[Oct 29 11:54:53]adm/daemons/logind.c line 128: Too many local variables
[Oct 29 11:54:56]adm/daemons/logind.c line 128: Too many local variables
[Oct 31 04:59:48]d/shendian/npc/banker.c line 49: Warning: clean_up() inherited from both /feature/clean_up.c (via /feature/banker.c) and /feature/clean_up.c (via /inherit/char/npc.c); using the definition in /feature/banker.c.
[Oct 31 15:11:18]d/fenghuang/fenghuang/npc/banker.c line 49: Warning: clean_up() inherited from both /feature/clean_up.c (via /feature/banker.c) and /feature/clean_up.c (via /inherit/char/npc.c); using the definition in /feature/banker.c.
[Nov 04 01:06:21]d/budui/npc/robot-bank.c line 47: Warning: clean_up() inherited from both /feature/clean_up.c (via /feature/banker.c) and /feature/clean_up.c (via /inherit/char/npc.c); using the definition in /feature/banker.c.
[Nov 05 22:39:07]d/fenghuang/fenghuang/npc/banker.c line 49: Warning: clean_up() inherited from both /feature/clean_up.c (via /feature/banker.c) and /feature/clean_up.c (via /inherit/char/npc.c); using the definition in /feature/banker.c.
[Nov 06 16:52:33]d/shendian/npc/banker.c line 49: Warning: clean_up() inherited from both /feature/clean_up.c (via /feature/banker.c) and /feature/clean_up.c (via /inherit/char/npc.c); using the definition in /feature/banker.c.
[Nov 06 19:23:35]d/budui/npc/robot-bank.c line 47: Warning: clean_up() inherited from both /feature/clean_up.c (via /feature/banker.c) and /feature/clean_up.c (via /inherit/char/npc.c); using the definition in /feature/banker.c.
[Nov 07 01:52:16]d/fenghuang/fenghuang/npc/banker.c line 49: Warning: clean_up() inherited from both /feature/clean_up.c (via /feature/banker.c) and /feature/clean_up.c (via /inherit/char/npc.c); using the definition in /feature/banker.c.
[Nov 07 02:00:59]d/budui/npc/robot-bank.c line 47: Warning: clean_up() inherited from both /feature/clean_up.c (via /feature/banker.c) and /feature/clean_up.c (via /inherit/char/npc.c); using the definition in /feature/banker.c.
[Nov 07 02:39:24]d/shendian/npc/banker.c line 49: Warning: clean_up() inherited from both /feature/clean_up.c (via /feature/banker.c) and /feature/clean_up.c (via /inherit/char/npc.c); using the definition in /feature/banker.c.
[Nov 07 15:36:05]d/fenghuang/fenghuang/npc/banker.c line 49: Warning: clean_up() inherited from both /feature/clean_up.c (via /feature/banker.c) and /feature/clean_up.c (via /inherit/char/npc.c); using the definition in /feature/banker.c.
[Nov 07 15:37:37]d/budui/npc/robot-bank.c line 47: Warning: clean_up() inherited from both /feature/clean_up.c (via /feature/banker.c) and /feature/clean_up.c (via /inherit/char/npc.c); using the definition in /feature/banker.c.
[Nov 07 16:47:48]d/shendian/npc/banker.c line 49: Warning: clean_up() inherited from both /feature/clean_up.c (via /feature/banker.c) and /feature/clean_up.c (via /inherit/char/npc.c); using the definition in /feature/banker.c.
[Nov 08 18:23:42]d/fenghuang/fenghuang/npc/banker.c line 49: Warning: clean_up() inherited from both /feature/clean_up.c (via /feature/banker.c) and /feature/clean_up.c (via /inherit/char/npc.c); using the definition in /feature/banker.c.
[Nov 08 18:27:30]d/budui/npc/robot-bank.c line 47: Warning: clean_up() inherited from both /feature/clean_up.c (via /feature/banker.c) and /feature/clean_up.c (via /inherit/char/npc.c); using the definition in /feature/banker.c.
[Nov 08 20:57:40]d/shendian/npc/banker.c line 49: Warning: clean_up() inherited from both /feature/clean_up.c (via /feature/banker.c) and /feature/clean_up.c (via /inherit/char/npc.c); using the definition in /feature/banker.c.
[Nov 09 10:36:09]d/budui/npc/robot-bank.c line 47: Warning: clean_up() inherited from both /feature/clean_up.c (via /feature/banker.c) and /feature/clean_up.c (via /inherit/char/npc.c); using the definition in /feature/banker.c.
[Nov 09 12:46:11]d/fenghuang/fenghuang/npc/banker.c line 49: Warning: clean_up() inherited from both /feature/clean_up.c (via /feature/banker.c) and /feature/clean_up.c (via /inherit/char/npc.c); using the definition in /feature/banker.c.
[Nov 09 20:52:06]d/shendian/npc/banker.c line 49: Warning: clean_up() inherited from both /feature/clean_up.c (via /feature/banker.c) and /feature/clean_up.c (via /inherit/char/npc.c); using the definition in /feature/banker.c.
[Nov 11 21:44:00]d/budui/npc/robot-bank.c line 47: Warning: clean_up() inherited from both /feature/clean_up.c (via /feature/banker.c) and /feature/clean_up.c (via /inherit/char/npc.c); using the definition in /feature/banker.c.
[Nov 11 22:54:19]d/fenghuang/fenghuang/npc/banker.c line 49: Warning: clean_up() inherited from both /feature/clean_up.c (via /feature/banker.c) and /feature/clean_up.c (via /inherit/char/npc.c); using the definition in /feature/banker.c.
[Nov 12 04:16:14]d/shendian/npc/banker.c line 49: Warning: clean_up() inherited from both /feature/clean_up.c (via /feature/banker.c) and /feature/clean_up.c (via /inherit/char/npc.c); using the definition in /feature/banker.c.
[Nov 12 13:37:27]cmds/zhu/mcheck.c line 12: parse error
[Nov 12 13:37:56]cmds/zhu/mccheck.c line 30: Undefined function query_ip_rport
[Nov 12 13:37:56]cmds/zhu/mccheck.c line 30: Invalid argument types to '+' ( string vs unknown )
[Nov 12 13:37:56]cmds/zhu/mccheck.c line 43: Invalid argument types to '+' ( string vs unknown )
[Nov 12 13:37:56]cmds/zhu/mccheck.c line 67: Invalid argument types to '+' ( string vs unknown )
[Nov 12 13:39:17]cmds/zhu/mcheck.c line 1: Line too long.
[Nov 12 13:47:07]adm/daemons/logind.c line 128: Illegal to redeclare local name 'WIZIP'
[Nov 12 14:44:41]d/budui/npc/robot-bank.c line 47: Warning: clean_up() inherited from both /feature/clean_up.c (via /feature/banker.c) and /feature/clean_up.c (via /inherit/char/npc.c); using the definition in /feature/banker.c.
[Nov 12 16:25:09]adm/daemons/logind.c line 144: parse error
[Nov 12 16:25:09]adm/daemons/logind.c line 144: Illegal LHS
[Nov 12 16:25:09]adm/daemons/logind.c line 145: Illegal LHS
[Nov 12 16:25:09]adm/daemons/logind.c line 145: parse error
[Nov 12 16:25:09]adm/daemons/logind.c line 209: Illegal LHS
[Nov 12 16:25:09]adm/daemons/logind.c line 209: parse error
[Nov 12 16:25:31]adm/daemons/logind.c line 144: parse error
[Nov 12 16:25:31]adm/daemons/logind.c line 144: Illegal LHS
[Nov 12 16:25:31]adm/daemons/logind.c line 145: Illegal LHS
[Nov 12 16:25:31]adm/daemons/logind.c line 145: parse error
[Nov 12 16:25:31]adm/daemons/logind.c line 209: Illegal LHS
[Nov 12 16:25:31]adm/daemons/logind.c line 209: parse error
[Nov 12 16:25:32]adm/daemons/logind.c line 144: parse error
[Nov 12 16:25:32]adm/daemons/logind.c line 144: Illegal LHS
[Nov 12 16:25:32]adm/daemons/logind.c line 145: Illegal LHS
[Nov 12 16:25:32]adm/daemons/logind.c line 145: parse error
[Nov 12 16:25:32]adm/daemons/logind.c line 209: Illegal LHS
[Nov 12 16:25:32]adm/daemons/logind.c line 209: parse error
[Nov 12 16:33:02]adm/daemons/logind.c line 144: Undefined variable 'user'
[Nov 12 16:33:04]adm/daemons/logind.c line 144: Undefined variable 'user'
[Nov 12 16:37:09]d/budui/npc/robot-bank.c line 47: Warning: clean_up() inherited from both /feature/clean_up.c (via /feature/banker.c) and /feature/clean_up.c (via /inherit/char/npc.c); using the definition in /feature/banker.c.
[Nov 12 16:42:29]d/fenghuang/fenghuang/npc/banker.c line 49: Warning: clean_up() inherited from both /feature/clean_up.c (via /feature/banker.c) and /feature/clean_up.c (via /inherit/char/npc.c); using the definition in /feature/banker.c.
[Nov 12 17:03:49]d/shendian/npc/banker.c line 49: Warning: clean_up() inherited from both /feature/clean_up.c (via /feature/banker.c) and /feature/clean_up.c (via /inherit/char/npc.c); using the definition in /feature/banker.c.
[Dec 02 11:18:24]cmds/usr/mudlist.c line 137: Undefined variable 'total_mud'
[Dec 02 11:32:16]cmds/usr/mudlist.c line 132: Undefined variable 'pplno'
[Dec 09 18:27:00]d/budui/npc/robot-bank.c line 47: Warning: clean_up() inherited from both /feature/clean_up.c (via /feature/banker.c) and /feature/clean_up.c (via /inherit/char/npc.c); using the definition in /feature/banker.c.
[Dec 11 14:38:06]d/fenghuang/fenghuang/npc/banker.c line 49: Warning: clean_up() inherited from both /feature/clean_up.c (via /feature/banker.c) and /feature/clean_up.c (via /inherit/char/npc.c); using the definition in /feature/banker.c.
[Dec 13 01:27:06]d/budui/npc/robot-bank.c line 47: Warning: clean_up() inherited from both /feature/clean_up.c (via /feature/banker.c) and /feature/clean_up.c (via /inherit/char/npc.c); using the definition in /feature/banker.c.
[Dec 13 01:54:30]d/shendian/npc/banker.c line 49: Warning: clean_up() inherited from both /feature/clean_up.c (via /feature/banker.c) and /feature/clean_up.c (via /inherit/char/npc.c); using the definition in /feature/banker.c.
[Dec 16 12:26:11]wiz/keyboy/workroom.c line 91: End of file in string
[Dec 16 12:26:11]wiz/keyboy/workroom.c line 91: parse error
[Dec 16 12:27:34]wiz/keyboy/workroom.c line 91: Warning: Non-void functions must return a value.
[Jan 12 21:20:14]adm/daemons/emaild.c line 165: parse error
[Jan 12 21:20:29]adm/daemons/emaild.c line 165: parse error
[Jan 12 21:25:02]adm/daemons/emaild.c line 233: Missing name for function argument
[Jan 12 21:25:04]adm/daemons/emaild.c line 233: Missing name for function argument
[Jan 12 21:25:53]adm/daemons/emaild.c line 233: Missing name for function argument
[Jan 12 21:26:32]adm/daemons/emaild.c line 233: Missing name for function argument
[Jan 12 21:47:28]smtp/smtp_d.c line 126: Undefined variable 'PUBLIC_MUD_MAIL'
[Jan 12 21:47:28]smtp/smtp_d.c line 212: Undefined function newbie_reg
[Jan 12 21:47:28]smtp/smtp_d.c line 222: Undefined variable 'PUBLIC_MUD_MAIL'
[Jan 12 21:47:28]smtp/smtp_d.c line 314: Undefined variable 'PUBLIC_MUD_MAIL'
[Jan 12 21:47:28]smtp/smtp_d.c line 349: Undefined function base64_decode
[Jan 12 21:47:28]smtp/smtp_d.c line 349: Bad assignment ( string vs unknown ).
[Jan 12 21:52:46]smtp/smtp_d.c line 126: Undefined variable 'PUBLIC_MUD_MAIL'
[Jan 12 21:52:46]smtp/smtp_d.c line 212: Undefined function newbie_reg
[Jan 12 21:52:46]smtp/smtp_d.c line 222: Undefined variable 'PUBLIC_MUD_MAIL'
[Jan 12 21:52:46]smtp/smtp_d.c line 314: Undefined variable 'PUBLIC_MUD_MAIL'
[Jan 12 21:52:46]smtp/smtp_d.c line 349: Undefined function base64_decode
[Jan 12 21:52:46]smtp/smtp_d.c line 349: Bad assignment ( string vs unknown ).
[Jan 12 21:56:17]smtp/smtp_d.c line 215: Undefined function newbie_reg
[Jan 12 21:56:17]smtp/smtp_d.c line 317: Undefined variable 'PUBLIC_MUD_MAIL'
[Jan 12 21:56:17]smtp/smtp_d.c line 352: Undefined function base64_decode
[Jan 12 21:56:17]smtp/smtp_d.c line 352: Bad assignment ( string vs unknown ).
[Jan 12 21:56:17]smtp/smtp_d.c line 355: Undefined function base64_encode
[Jan 12 21:56:17]smtp/smtp_d.c line 451: Undefined function permit_reg_email
[Jan 12 21:57:58]smtp/smtp_d.c line 215: Undefined function newbie_reg
[Jan 12 21:57:58]smtp/smtp_d.c line 353: Undefined function base64_decode
[Jan 12 21:57:58]smtp/smtp_d.c line 353: Bad assignment ( string vs unknown ).
[Jan 12 21:57:58]smtp/smtp_d.c line 356: Undefined function base64_encode
[Jan 12 21:57:58]smtp/smtp_d.c line 452: Undefined function permit_reg_email
[Jan 12 21:57:58]smtp/smtp_d.c line 455: Undefined function del_user_data
[Jan 14 22:48:30]cmds/arch/reboot.c line 89: Undefined variable 'user'
[Jan 14 22:48:30]cmds/arch/reboot.c line 90: Undefined variable 'i'
[Jan 14 22:48:30]cmds/arch/reboot.c line 93: Undefined variable 'link_ob'
[Jan 14 22:49:01]cmds/arch/reboot.c line 88: Undefined variable 'user'
[Jan 14 22:49:01]cmds/arch/reboot.c line 89: Undefined variable 'i'
[Jan 14 22:49:01]cmds/arch/reboot.c line 92: Undefined variable 'link_ob'
[Jan 14 22:49:25]cmds/arch/reboot.c line 90: Undefined variable 'i'
[Jan 16 18:57:00]wiz/keyboy/logind.c line 148: parse error
[Jan 16 18:57:00]wiz/keyboy/logind.c line 172: Undefined variable 'arg'
[Jan 16 18:57:00]wiz/keyboy/logind.c line 172: Illegal LHS
[Jan 16 18:57:00]wiz/keyboy/logind.c line 172: parse error
[Jan 16 18:57:00]wiz/keyboy/logind.c line 179: Illegal LHS
[Jan 16 18:57:00]wiz/keyboy/logind.c line 179: parse error
[Jan 16 18:57:22]wiz/keyboy/logind.c line 756: Undefined variable 'STATUS_D'
[Jan 31 04:44:03]cmds/usr/quit.c line 50: parse error
[Jan 31 04:44:15]cmds/usr/quit.c line 54: Reserved type name unexpected.
[Jan 31 04:44:15]cmds/usr/quit.c line 54: parse error
[Jan 31 04:44:15]cmds/usr/quit.c line 59: Illegal LHS
[Jan 31 04:44:15]cmds/usr/quit.c line 60: Undefined variable 'time'
[Jan 31 04:44:15]cmds/usr/quit.c line 60: Undefined variable 'me'
[Jan 31 04:44:15]cmds/usr/quit.c line 62: Undefined variable 'link_ob'
[Jan 31 04:45:12]cmds/usr/quit.c line 52: Reserved type name unexpected.
[Jan 31 04:45:12]cmds/usr/quit.c line 52: parse error
[Jan 31 04:45:12]cmds/usr/quit.c line 57: Illegal LHS
[Jan 31 04:45:12]cmds/usr/quit.c line 58: Undefined variable 'time'
[Jan 31 04:45:12]cmds/usr/quit.c line 58: Undefined variable 'me'
[Jan 31 04:45:12]cmds/usr/quit.c line 60: Undefined variable 'link_ob'
[Jan 31 04:45:52]cmds/usr/quit.c line 49: parse error
[Jan 31 04:46:12]cmds/usr/quit.c line 51: Reserved type name unexpected.
[Jan 31 04:46:12]cmds/usr/quit.c line 51: parse error
[Jan 31 04:46:12]cmds/usr/quit.c line 56: Illegal LHS
[Jan 31 04:46:12]cmds/usr/quit.c line 57: Undefined variable 'time'
[Jan 31 04:46:12]cmds/usr/quit.c line 57: Undefined variable 'me'
[Jan 31 04:46:12]cmds/usr/quit.c line 59: Undefined variable 'link_ob'
[Jan 31 04:46:39]cmds/usr/quit.c line 47: Reserved type name unexpected.
[Jan 31 04:46:39]cmds/usr/quit.c line 47: parse error
[Jan 31 04:46:39]cmds/usr/quit.c line 52: Illegal LHS
[Jan 31 04:46:39]cmds/usr/quit.c line 53: Undefined variable 'time'
[Jan 31 04:46:39]cmds/usr/quit.c line 53: Undefined variable 'me'
[Jan 31 04:46:39]cmds/usr/quit.c line 55: Undefined variable 'link_ob'
[Jan 31 04:46:58]cmds/usr/quit.c line 46: Reserved type name unexpected.
[Jan 31 04:46:58]cmds/usr/quit.c line 46: parse error
[Jan 31 04:46:58]cmds/usr/quit.c line 51: Illegal LHS
[Jan 31 04:46:58]cmds/usr/quit.c line 52: Undefined variable 'time'
[Jan 31 04:46:58]cmds/usr/quit.c line 52: Undefined variable 'me'
[Jan 31 04:46:58]cmds/usr/quit.c line 54: Undefined variable 'link_ob'
[Jan 30 05:38:15]adm/daemons/logind2.c line 274: parse error
[Jan 30 05:38:15]adm/daemons/logind2.c line 566: Illegal terminator
[Jan 30 05:38:40]adm/daemons/logind2.c line 274: parse error
[Jan 30 05:38:40]adm/daemons/logind2.c line 566: Illegal terminator
[Jan 30 05:46:30]adm/daemons/logind2.c line 277: parse error
[Jan 30 05:46:30]adm/daemons/logind2.c line 568: Illegal terminator
[Jan 30 05:47:53]adm/daemons/logind2.c line 279: parse error
[Jan 30 05:58:42]adm/daemons/logind2.c line 1: parse error
[Jan 30 06:05:43]adm/daemons/logind2.c line 281: parse error
[Jul 22 09:57:04]/feature/treemap.lpc:13:27: warning: Illegal to declare nosave function.
   13 | nosave nomask mixed _query( mapping map, string *parts )
      |                           ^
  note: while loading '/feature/treemap' inherited by '/feature/dbase'
[Jul 22 09:57:04]/feature/treemap.lpc:29:26: warning: Illegal to declare nosave function.
   29 | nosave nomask int _delete( mapping map, string *parts )
      |                          ^
  note: while loading '/feature/treemap' inherited by '/feature/dbase'
[Jul 22 09:57:04]/feature/treemap.lpc:40:26: warning: Illegal to declare nosave function.
   40 | nosave nomask  mixed _set( mapping map, string *parts, mixed value )
      |                          ^
  note: while loading '/feature/treemap' inherited by '/feature/dbase'
[Jul 22 09:57:04]/adm/daemons/languaged.lpc:12: warning: Unknown #pragma, ignored.
[Jul 22 09:57:04]/adm/daemons/logind.lpc:294:1: warning: Unused local variable 'c_file'
  294 | }
      | ^
[Jul 22 09:57:04]/adm/daemons/logind.lpc:294:1: warning: Unused local variable 'str'
  294 | }
      | ^
[Jul 22 09:57:04]/adm/daemons/logind.lpc:294:1: warning: Unused local variable 'str1'
  294 | }
      | ^
[Jul 22 09:57:04]/adm/daemons/logind.lpc:294:1: warning: Unused local variable 'encode'
  294 | }
      | ^
[Jul 22 09:57:04]/adm/daemons/logind.lpc:294:1: warning: Unused local variable 'p_count'
  294 | }
      | ^
[Jul 22 09:57:04]/adm/daemons/logind.lpc:327:1: warning: Unused local variable 'j'
  327 | }
      | ^
[Jul 22 09:57:04]/adm/daemons/logind.lpc:327:1: warning: Unused local variable 'name'
  327 | }
      | ^
[Jul 22 09:57:04]/adm/daemons/logind.lpc:327:1: warning: Unused local variable 'info'
  327 | }
      | ^
[Jul 22 09:57:04]/adm/daemons/logind.lpc:411:1: warning: Unused local variable 'iplimit'
  411 | }
      | ^
[Jul 22 09:57:04]/adm/daemons/logind.lpc:430:1: warning: Unused local variable 'user'
  430 | }
      | ^
[Jul 22 09:57:04]/adm/daemons/logind.lpc:447:1: warning: Unused local variable 'user'
  447 | }
      | ^
[Jul 22 09:57:04]/adm/daemons/logind.lpc:470:1: warning: Unused local variable 'user'
  470 | }
      | ^
[Jul 22 09:57:04]/adm/daemons/logind.lpc:806:1: warning: Unused local variable 'n'
  806 | }
      | ^
[Jul 22 09:57:04]/adm/daemons/logind.lpc:947:1: warning: Unused local variable 'room'
  947 | }
      | ^
[Jul 22 09:57:04]/adm/daemons/logind.lpc:947:1: warning: Unused local variable 'gift'
  947 | }
      | ^
[Jul 22 09:57:04]/adm/daemons/logind.lpc:947:1: warning: Unused local variable 'mailbox'
  947 | }
      | ^
[Jul 22 09:57:04]/adm/daemons/logind.lpc:947:1: warning: Unused local variable 'bm'
  947 | }
      | ^
[Jul 22 09:57:04]/adm/daemons/logind.lpc:947:1: warning: Unused local variable 'telnet'
  947 | }
      | ^
[Jul 22 09:57:04]/adm/daemons/logind.lpc:947:1: warning: Unused local variable 'card_num'
  947 | }
      | ^
[Jul 22 09:57:04]/adm/daemons/rankd.lpc:145:1: warning: Unused local variable 'budd'
  145 | }
      | ^
[Jul 22 09:57:04]/adm/daemons/fingerd.lpc:84:1: warning: Unused local variable 'fip'
   84 | }
      | ^
[Jul 22 09:57:04]/adm/daemons/network/dns_master.lpc:231:1: warning: Unused local variable 'port'
  231 | }
      | ^
[Jul 22 09:57:04]/adm/daemons/network/dns_master.lpc:451:1: warning: Unused local variable 'new_mud'
  451 | }
      | ^
[Jul 22 09:57:04]/adm/daemons/network/dns_master.lpc:451:1: warning: Unused local variable 'svc'
  451 | }
      | ^
[Jul 22 09:57:04]/adm/daemons/network/dns_master.lpc:582:3: warning: Expression has no side effects, and the value is unused
  582 |   return;
      |   ^
[Jul 22 09:57:04]/adm/daemons/network/dns_master.lpc:640:1: warning: Unused local variable 'm'
  640 | }
      | ^
[Jul 22 09:57:04]/adm/daemons/network/dns_master.lpc:640:1: warning: Unused local variable 'str'
  640 | }
      | ^
[Jul 22 09:57:04]/adm/daemons/network/dns_master.lpc:648:1: warning: Unused local variable 'ob'
  648 | }
      | ^
[Jul 22 09:57:04]/adm/daemons/network/dns_master.lpc:765:1: warning: Unused local variable 'euid'
  765 | }
      | ^
[Jul 22 09:57:04]/adm/daemons/network/dns_master.lpc:809:1: warning: Unused local variable 'temp'
  809 | }
      | ^
[Jul 22 09:57:04]/adm/daemons/network/dns_master.lpc:874:1: warning: Unused local variable 'static_db'
  874 | }
      | ^
[Jul 22 09:57:04]/adm/daemons/network/dns_master.lpc:874:1: warning: Unused local variable 'i'
  874 | }
      | ^
[Jul 22 09:57:04]/adm/daemons/network/dns_master.lpc:874:1: warning: Unused local variable 'strs'
  874 | }
      | ^
[Jul 22 09:57:04]/adm/daemons/toptend.lpc:124:1: warning: Unused local variable 'msg'
  124 | }
      | ^
[Jul 22 09:57:04]/adm/daemons/toptend.lpc:124:1: warning: Unused local variable 'msg_a'
  124 | }
      | ^
[Jul 22 09:57:04]/adm/daemons/toptend.lpc:124:1: warning: Unused local variable 'msg_b'
  124 | }
      | ^
[Jul 22 09:57:04]/adm/daemons/toptend.lpc:124:1: warning: Unused local variable 'i'
  124 | }
      | ^
[Jul 22 09:57:04]/adm/daemons/toptend.lpc:145:1: warning: Unused local variable 'id'
  145 | }
      | ^
[Jul 22 09:57:04]/adm/daemons/toptend.lpc:276:1: warning: Unused local variable 'name'
  276 | }
      | ^
[Jul 22 09:57:04]/adm/daemons/toptend.lpc:276:1: warning: Unused local variable 'id'
  276 | }
      | ^
[Jul 22 09:57:04]/adm/daemons/toptend.lpc:276:1: warning: Unused local variable 'money'
  276 | }
      | ^
[Jul 22 09:57:04]/adm/daemons/toptend.lpc:347:1: warning: Unused local variable 'str1'
  347 | }
      | ^
[Jul 22 09:57:21]/adm/daemons/kipd.lpc:70:1: warning: Unused local variable 'i'
   70 | }
      | ^
[Jul 22 09:57:51]/feature/treemap.lpc:13:27: warning: Illegal to declare nosave function.
   13 | nosave nomask mixed _query( mapping map, string *parts )
      |                           ^
  note: while loading '/feature/treemap' inherited by '/feature/dbase'
[Jul 22 09:57:51]/feature/treemap.lpc:29:26: warning: Illegal to declare nosave function.
   29 | nosave nomask int _delete( mapping map, string *parts )
      |                          ^
  note: while loading '/feature/treemap' inherited by '/feature/dbase'
[Jul 22 09:57:51]/feature/treemap.lpc:40:26: warning: Illegal to declare nosave function.
   40 | nosave nomask  mixed _set( mapping map, string *parts, mixed value )
      |                          ^
  note: while loading '/feature/treemap' inherited by '/feature/dbase'
[Jul 22 09:57:51]/adm/daemons/languaged.lpc:12: warning: Unknown #pragma, ignored.
[Jul 22 09:57:51]/adm/daemons/logind.lpc:294:1: warning: Unused local variable 'c_file'
  294 | }
      | ^
[Jul 22 09:57:51]/adm/daemons/logind.lpc:294:1: warning: Unused local variable 'str'
  294 | }
      | ^
[Jul 22 09:57:51]/adm/daemons/logind.lpc:294:1: warning: Unused local variable 'str1'
  294 | }
      | ^
[Jul 22 09:57:51]/adm/daemons/logind.lpc:294:1: warning: Unused local variable 'encode'
  294 | }
      | ^
[Jul 22 09:57:51]/adm/daemons/logind.lpc:294:1: warning: Unused local variable 'p_count'
  294 | }
      | ^
[Jul 22 09:57:51]/adm/daemons/logind.lpc:327:1: warning: Unused local variable 'j'
  327 | }
      | ^
[Jul 22 09:57:51]/adm/daemons/logind.lpc:327:1: warning: Unused local variable 'name'
  327 | }
      | ^
[Jul 22 09:57:51]/adm/daemons/logind.lpc:327:1: warning: Unused local variable 'info'
  327 | }
      | ^
[Jul 22 09:57:51]/adm/daemons/logind.lpc:411:1: warning: Unused local variable 'iplimit'
  411 | }
      | ^
[Jul 22 09:57:51]/adm/daemons/logind.lpc:430:1: warning: Unused local variable 'user'
  430 | }
      | ^
[Jul 22 09:57:51]/adm/daemons/logind.lpc:447:1: warning: Unused local variable 'user'
  447 | }
      | ^
[Jul 22 09:57:51]/adm/daemons/logind.lpc:470:1: warning: Unused local variable 'user'
  470 | }
      | ^
[Jul 22 09:57:51]/adm/daemons/logind.lpc:806:1: warning: Unused local variable 'n'
  806 | }
      | ^
[Jul 22 09:57:51]/adm/daemons/logind.lpc:947:1: warning: Unused local variable 'room'
  947 | }
      | ^
[Jul 22 09:57:51]/adm/daemons/logind.lpc:947:1: warning: Unused local variable 'gift'
  947 | }
      | ^
[Jul 22 09:57:51]/adm/daemons/logind.lpc:947:1: warning: Unused local variable 'mailbox'
  947 | }
      | ^
[Jul 22 09:57:51]/adm/daemons/logind.lpc:947:1: warning: Unused local variable 'bm'
  947 | }
      | ^
[Jul 22 09:57:51]/adm/daemons/logind.lpc:947:1: warning: Unused local variable 'telnet'
  947 | }
      | ^
[Jul 22 09:57:51]/adm/daemons/logind.lpc:947:1: warning: Unused local variable 'card_num'
  947 | }
      | ^
[Jul 22 09:57:51]/adm/daemons/rankd.lpc:145:1: warning: Unused local variable 'budd'
  145 | }
      | ^
[Jul 22 09:57:51]/adm/daemons/fingerd.lpc:84:1: warning: Unused local variable 'fip'
   84 | }
      | ^
[Jul 22 09:57:51]/adm/daemons/network/dns_master.lpc:231:1: warning: Unused local variable 'port'
  231 | }
      | ^
[Jul 22 09:57:51]/adm/daemons/network/dns_master.lpc:451:1: warning: Unused local variable 'new_mud'
  451 | }
      | ^
[Jul 22 09:57:51]/adm/daemons/network/dns_master.lpc:451:1: warning: Unused local variable 'svc'
  451 | }
      | ^
[Jul 22 09:57:51]/adm/daemons/network/dns_master.lpc:582:3: warning: Expression has no side effects, and the value is unused
  582 |   return;
      |   ^
[Jul 22 09:57:51]/adm/daemons/network/dns_master.lpc:640:1: warning: Unused local variable 'm'
  640 | }
      | ^
[Jul 22 09:57:51]/adm/daemons/network/dns_master.lpc:640:1: warning: Unused local variable 'str'
  640 | }
      | ^
[Jul 22 09:57:51]/adm/daemons/network/dns_master.lpc:648:1: warning: Unused local variable 'ob'
  648 | }
      | ^
[Jul 22 09:57:51]/adm/daemons/network/dns_master.lpc:765:1: warning: Unused local variable 'euid'
  765 | }
      | ^
[Jul 22 09:57:51]/adm/daemons/network/dns_master.lpc:809:1: warning: Unused local variable 'temp'
  809 | }
      | ^
[Jul 22 09:57:51]/adm/daemons/network/dns_master.lpc:874:1: warning: Unused local variable 'static_db'
  874 | }
      | ^
[Jul 22 09:57:51]/adm/daemons/network/dns_master.lpc:874:1: warning: Unused local variable 'i'
  874 | }
      | ^
[Jul 22 09:57:51]/adm/daemons/network/dns_master.lpc:874:1: warning: Unused local variable 'strs'
  874 | }
      | ^
[Jul 22 09:57:52]/adm/daemons/toptend.lpc:124:1: warning: Unused local variable 'msg'
  124 | }
      | ^
[Jul 22 09:57:52]/adm/daemons/toptend.lpc:124:1: warning: Unused local variable 'msg_a'
  124 | }
      | ^
[Jul 22 09:57:52]/adm/daemons/toptend.lpc:124:1: warning: Unused local variable 'msg_b'
  124 | }
      | ^
[Jul 22 09:57:52]/adm/daemons/toptend.lpc:124:1: warning: Unused local variable 'i'
  124 | }
      | ^
[Jul 22 09:57:52]/adm/daemons/toptend.lpc:145:1: warning: Unused local variable 'id'
  145 | }
      | ^
[Jul 22 09:57:52]/adm/daemons/toptend.lpc:276:1: warning: Unused local variable 'name'
  276 | }
      | ^
[Jul 22 09:57:52]/adm/daemons/toptend.lpc:276:1: warning: Unused local variable 'id'
  276 | }
      | ^
[Jul 22 09:57:52]/adm/daemons/toptend.lpc:276:1: warning: Unused local variable 'money'
  276 | }
      | ^
[Jul 22 09:57:52]/adm/daemons/toptend.lpc:347:1: warning: Unused local variable 'str1'
  347 | }
      | ^
[Jul 22 09:58:07]/adm/daemons/kipd.lpc:70:1: warning: Unused local variable 'i'
   70 | }
      | ^
[Jul 22 09:58:07]/adm/daemons/band.lpc:70:1: warning: Unused local variable 'i'
   70 | }
      | ^
[Jul 22 09:59:05]/feature/treemap.lpc:13:27: warning: Illegal to declare nosave function.
   13 | nosave nomask mixed _query( mapping map, string *parts )
      |                           ^
  note: while loading '/feature/treemap' inherited by '/feature/dbase'
[Jul 22 09:59:05]/feature/treemap.lpc:29:26: warning: Illegal to declare nosave function.
   29 | nosave nomask int _delete( mapping map, string *parts )
      |                          ^
  note: while loading '/feature/treemap' inherited by '/feature/dbase'
[Jul 22 09:59:05]/feature/treemap.lpc:40:26: warning: Illegal to declare nosave function.
   40 | nosave nomask  mixed _set( mapping map, string *parts, mixed value )
      |                          ^
  note: while loading '/feature/treemap' inherited by '/feature/dbase'
[Jul 22 09:59:05]/adm/daemons/languaged.lpc:12: warning: Unknown #pragma, ignored.
[Jul 22 09:59:05]/adm/daemons/logind.lpc:294:1: warning: Unused local variable 'c_file'
  294 | }
      | ^
[Jul 22 09:59:05]/adm/daemons/logind.lpc:294:1: warning: Unused local variable 'str'
  294 | }
      | ^
[Jul 22 09:59:05]/adm/daemons/logind.lpc:294:1: warning: Unused local variable 'str1'
  294 | }
      | ^
[Jul 22 09:59:05]/adm/daemons/logind.lpc:294:1: warning: Unused local variable 'encode'
  294 | }
      | ^
[Jul 22 09:59:05]/adm/daemons/logind.lpc:294:1: warning: Unused local variable 'p_count'
  294 | }
      | ^
[Jul 22 09:59:05]/adm/daemons/logind.lpc:327:1: warning: Unused local variable 'j'
  327 | }
      | ^
[Jul 22 09:59:05]/adm/daemons/logind.lpc:327:1: warning: Unused local variable 'name'
  327 | }
      | ^
[Jul 22 09:59:05]/adm/daemons/logind.lpc:327:1: warning: Unused local variable 'info'
  327 | }
      | ^
[Jul 22 09:59:05]/adm/daemons/logind.lpc:411:1: warning: Unused local variable 'iplimit'
  411 | }
      | ^
[Jul 22 09:59:05]/adm/daemons/logind.lpc:430:1: warning: Unused local variable 'user'
  430 | }
      | ^
[Jul 22 09:59:05]/adm/daemons/logind.lpc:447:1: warning: Unused local variable 'user'
  447 | }
      | ^
[Jul 22 09:59:05]/adm/daemons/logind.lpc:470:1: warning: Unused local variable 'user'
  470 | }
      | ^
[Jul 22 09:59:05]/adm/daemons/logind.lpc:806:1: warning: Unused local variable 'n'
  806 | }
      | ^
[Jul 22 09:59:05]/adm/daemons/logind.lpc:947:1: warning: Unused local variable 'room'
  947 | }
      | ^
[Jul 22 09:59:05]/adm/daemons/logind.lpc:947:1: warning: Unused local variable 'gift'
  947 | }
      | ^
[Jul 22 09:59:05]/adm/daemons/logind.lpc:947:1: warning: Unused local variable 'mailbox'
  947 | }
      | ^
[Jul 22 09:59:05]/adm/daemons/logind.lpc:947:1: warning: Unused local variable 'bm'
  947 | }
      | ^
[Jul 22 09:59:05]/adm/daemons/logind.lpc:947:1: warning: Unused local variable 'telnet'
  947 | }
      | ^
[Jul 22 09:59:05]/adm/daemons/logind.lpc:947:1: warning: Unused local variable 'card_num'
  947 | }
      | ^
[Jul 22 09:59:05]/adm/daemons/rankd.lpc:145:1: warning: Unused local variable 'budd'
  145 | }
      | ^
[Jul 22 09:59:05]/adm/daemons/fingerd.lpc:84:1: warning: Unused local variable 'fip'
   84 | }
      | ^
[Jul 22 09:59:05]/adm/daemons/network/dns_master.lpc:231:1: warning: Unused local variable 'port'
  231 | }
      | ^
[Jul 22 09:59:05]/adm/daemons/network/dns_master.lpc:451:1: warning: Unused local variable 'new_mud'
  451 | }
      | ^
[Jul 22 09:59:05]/adm/daemons/network/dns_master.lpc:451:1: warning: Unused local variable 'svc'
  451 | }
      | ^
[Jul 22 09:59:05]/adm/daemons/network/dns_master.lpc:582:3: warning: Expression has no side effects, and the value is unused
  582 |   return;
      |   ^
[Jul 22 09:59:05]/adm/daemons/network/dns_master.lpc:640:1: warning: Unused local variable 'm'
  640 | }
      | ^
[Jul 22 09:59:05]/adm/daemons/network/dns_master.lpc:640:1: warning: Unused local variable 'str'
  640 | }
      | ^
[Jul 22 09:59:05]/adm/daemons/network/dns_master.lpc:648:1: warning: Unused local variable 'ob'
  648 | }
      | ^
[Jul 22 09:59:05]/adm/daemons/network/dns_master.lpc:765:1: warning: Unused local variable 'euid'
  765 | }
      | ^
[Jul 22 09:59:05]/adm/daemons/network/dns_master.lpc:809:1: warning: Unused local variable 'temp'
  809 | }
      | ^
[Jul 22 09:59:05]/adm/daemons/network/dns_master.lpc:874:1: warning: Unused local variable 'static_db'
  874 | }
      | ^
[Jul 22 09:59:05]/adm/daemons/network/dns_master.lpc:874:1: warning: Unused local variable 'i'
  874 | }
      | ^
[Jul 22 09:59:05]/adm/daemons/network/dns_master.lpc:874:1: warning: Unused local variable 'strs'
  874 | }
      | ^
[Jul 22 09:59:05]/adm/daemons/toptend.lpc:124:1: warning: Unused local variable 'msg'
  124 | }
      | ^
[Jul 22 09:59:05]/adm/daemons/toptend.lpc:124:1: warning: Unused local variable 'msg_a'
  124 | }
      | ^
[Jul 22 09:59:05]/adm/daemons/toptend.lpc:124:1: warning: Unused local variable 'msg_b'
  124 | }
      | ^
[Jul 22 09:59:05]/adm/daemons/toptend.lpc:124:1: warning: Unused local variable 'i'
  124 | }
      | ^
[Jul 22 09:59:05]/adm/daemons/toptend.lpc:145:1: warning: Unused local variable 'id'
  145 | }
      | ^
[Jul 22 09:59:05]/adm/daemons/toptend.lpc:276:1: warning: Unused local variable 'name'
  276 | }
      | ^
[Jul 22 09:59:05]/adm/daemons/toptend.lpc:276:1: warning: Unused local variable 'id'
  276 | }
      | ^
[Jul 22 09:59:05]/adm/daemons/toptend.lpc:276:1: warning: Unused local variable 'money'
  276 | }
      | ^
[Jul 22 09:59:05]/adm/daemons/toptend.lpc:347:1: warning: Unused local variable 'str1'
  347 | }
      | ^
[Jul 22 09:59:05]/feature/vi.lpc:654:75: warning: Unknown escape sequence '\�'.
  654 | l  Ctrl-L    游标往右移一字               m            定义新功\能键\r
      |                                                                           ^
      |                                                                           �
[Jul 22 09:59:05]/feature/vi.lpc:657:72: warning: Unknown escape sequence '\�'.
  657 | s  Ctrl-S    字串搜寻                     u            取消某功\能键定义\r
      |                                                                        ^
      |                                                                        �
[Jul 22 09:59:05]/feature/vi.lpc:752:53: warning: Unknown escape sequence '\�'.
  752 |         _message(pl, "请输入新定义键和原功\能键（直接按 ENTER 取消，以空白隔开）",
      |                                                     ^
      |                                                     �
[Jul 22 09:59:05]/feature/vi.lpc:769:92: warning: Unknown escape sequence '\�'.
  769 |                 _message(pl, sprintf("好了，从此以後新定义键「%s」就有原功\能键?
      |                                                                                            ^
      |                                                                                            �
[Jul 22 09:59:05]/feature/vi.lpc:770:12: warning: Unknown escape sequence '\�'.
  770 | ?s」的功\能了！",
      |            ^
      |            �
[Jul 22 09:59:05]/feature/vi.lpc:1073:53: warning: Unknown escape sequence '\�'.
 1073 |         _message(pl, "请输入欲取消定义之功\能键（直接按 ENTER 取消)：",
      |                                                     ^
      |                                                     �
[Jul 22 09:59:05]/feature/vi.lpc:1142:43: warning: Unknown escape sequence '\�'.
 1142 |                 _message(pl, "存档成功\。", callback, HIDE);
      |                                           ^
      |                                           �
[Jul 22 09:59:05]/feature/dealer.lpc:19:1: warning: Unused local variable 'ob'
   19 | }
      | ^
  note: while loading '/feature/dealer' inherited by '/feature/pawn'
[Jul 22 09:59:05]/feature/dealer.lpc:195:1: warning: Unused local variable 'value'
  195 | }
      | ^
  note: while loading '/feature/dealer' inherited by '/feature/pawn'
[Jul 22 09:59:05]/feature/dealer.lpc:195:1: warning: Unused local variable 'fam'
  195 | }
      | ^
  note: while loading '/feature/dealer' inherited by '/feature/pawn'
[Jul 22 09:59:05]/feature/pawn.lpc:20:10: error: Unable to find the inherited function 'setup'.
   20 |  ::setup();
      |          ^
[Jul 22 09:59:05]/feature/pawn.lpc:345:1: warning: Unused local variable 'dest'
  345 | }
      | ^
[Jul 22 09:59:05]/feature/name.lpc:118:1: warning: Unused local variable 'str1'
  118 | }
      | ^
  note: while loading '/feature/name' inherited by '/inherit/item/item'
[Jul 22 09:59:05]/feature/equip.lpc:101:1: warning: Unused local variable 'type'
  101 | }
      | ^
[Jul 22 09:59:05]/feature/damage1.lpc:223:1: warning: Unused local variable 'i'
  223 | }
      | ^
[Jul 22 09:59:05]/feature/damage1.lpc:312:51: error: syntax error, unexpected L_DEFINED_NAME
  312 |                 if( my["force"] > my["max_force"] my["force"] = my["max_force"];
      |                                                   ^
[Jul 22 09:59:05]/feature/damage1.lpc:312:80: error: syntax error, unexpected ';'
  312 |                 if( my["force"] > my["max_force"] my["force"] = my["max_force"];
      |                                                                                ^
[Jul 22 09:59:05]/feature/damage1.lpc:326:46: error: syntax error, unexpected ')'
  326 |         if(!(env = environment(this_object())) )        return;
      |                                              ^
[Jul 22 09:59:05]/feature/damage1.lpc:328:25: error: Undefined variable 'env'
  328 |         fight_flag = env->query("no_fight");
      |                         ^
[Jul 22 09:59:05]/feature/damage1.lpc:328:44: error: syntax error, unexpected ';'
  328 |         fight_flag = env->query("no_fight");
      |                                            ^
[Jul 22 09:59:05]/feature/damage1.lpc:329:44: error: syntax error, unexpected ';'
  329 |         magic_flag = env->query("no_magic");
      |                                            ^
[Jul 22 09:59:05]/feature/damage.lpc:233:1: warning: Unused local variable 'i'
  233 | }
      | ^
[Jul 22 09:59:05]/feature/damage.lpc:327:1: warning: Unused local variable 'i'
  327 | }
      | ^
[Jul 22 09:59:05]/inherit/char/npc.lpc:152:1: warning: Unused local variable 'weapon'
  152 | }
      | ^
[Jul 22 09:59:05]/inherit/char/master.lpc:29:1: warning: Unused local variable 'betrayer'
   29 | }
      | ^
  note: while loading '/inherit/char/master' inherited by '/kungfu/class/anhei/sour'
[Jul 22 09:59:06]/kungfu/class/budui/jiang.lpc:94:1: warning: Unused local variable 'i'
   94 | }
      | ^
[Jul 22 09:59:06]/kungfu/class/budui/jiang.lpc:94:1: warning: Unused local variable 'skill'
   94 | }
      | ^
[Jul 22 09:59:06]/kungfu/class/budui/bei.lpc:115:1: warning: Unused local variable 'i'
  115 | }
      | ^
[Jul 22 09:59:06]/kungfu/class/budui/bei.lpc:115:1: warning: Unused local variable 'skill'
  115 | }
      | ^
[Jul 22 09:59:06]/kungfu/class/huang/jiang2.lpc:105:1: warning: Unused local variable 'i'
  105 | }
      | ^
[Jul 22 09:59:06]/kungfu/class/huang/jiang2.lpc:105:1: warning: Unused local variable 'skill'
  105 | }
      | ^
[Jul 22 09:59:06]/kungfu/class/huang/jiang.lpc:110:1: warning: Unused local variable 'i'
  110 | }
      | ^
[Jul 22 09:59:06]/kungfu/class/huang/jiang.lpc:110:1: warning: Unused local variable 'skill'
  110 | }
      | ^
[Jul 22 09:59:06]/kungfu/skill/xuanyuan-arrow.lpc:135:21: warning: Expression has no side effects, and the value is unused
  135 |   (: throw_weapon :);
      |                     ^
[Jul 22 09:59:06]/kungfu/skill/yanxing-dao/huanying.lpc:44:1: warning: Unused local variable 'damage'
   44 | }
      | ^
[Jul 22 09:59:06]/kungfu/skill/anhei-shengong/powerup.lpc:19:41: warning: Unknown escape sequence '\�'.
   19 |   return notify_fail("你已经在运功\中了。\n");
      |                                         ^
      |                                         �
[Jul 22 09:59:06]/kungfu/skill/luoying-xinfa/force.lpc:22:84: warning: Unknown escape sequence '\�'.
   22 |       else return "$N被$n的内力一震眼前一黑身子向後飞出丈许\ⅵⅵ\n";
      |                                                                                    ^
      |                                                                                    �
[Jul 22 09:59:06]/kungfu/skill/wuhu-duanmendao/duan.lpc:42:1: warning: Unused local variable 'string1'
   42 | }
      | ^
[Jul 22 09:59:06]/kungfu/skill/wuhu-duanmendao/duan.lpc:42:1: warning: Unused local variable 'count'
   42 | }
      | ^
[Jul 22 09:59:06]/kungfu/skill/guang-jian/guangmang.lpc:123:1: warning: Unused local variable 'neili_wound'
  123 | }
      | ^
[Jul 22 09:59:06]/kungfu/skill/yijinjing.lpc:60:1: warning: Unused local variable 'i'
   60 | }
      | ^
[Jul 22 09:59:06]/kungfu/skill/yijinjing.lpc:60:1: warning: Unused local variable 'ts'
   60 | }
      | ^
[Jul 22 09:59:06]/kungfu/skill/tenglong-finger.lpc:108:1: warning: Unused local variable 'weapon'
  108 | }
      | ^
[Jul 22 09:59:06]/kungfu/skill/yunu-sword/wushuang.lpc:60:1: warning: clean_up() inherited from both /feature/clean_up.lpc (via /feature/sserver.lpc) and /feature/clean_up.lpc; using the definition in /feature/sserver.lpc.
[Jul 22 09:59:06]/kungfu/skill/force/transfer.lpc:39:1: warning: Unused local variable 'trans'
   39 | }
      | ^
[Jul 22 09:59:06]/kungfu/skill/count.lpc:23:1: warning: Unused local variable 'ob'
   23 | }
      | ^
[Jul 22 09:59:06]/kungfu/skill/linji-zhuang.lpc:58:1: warning: Unused local variable 'ts'
   58 | }
      | ^
[Jul 22 09:59:06]/kungfu/skill/yujiamu-quan.lpc:111:1: warning: Unused local variable 'weapon'
  111 | }
      | ^
[Jul 22 09:59:06]/kungfu/skill/six-finger.lpc:92:1: warning: Unused local variable 'ob'
   92 | }
      | ^
[Jul 22 09:59:06]/kungfu/skill/six-finger.lpc:92:1: warning: Unused local variable 'obj'
   92 | }
      | ^
[Jul 22 09:59:06]/kungfu/skill/six-finger.lpc:92:1: warning: Unused local variable 'i'
   92 | }
      | ^
[Jul 22 09:59:06]/kungfu/skill/six-finger.lpc:92:1: warning: Unused local variable 'damage'
   92 | }
      | ^
[Jul 22 09:59:06]/kungfu/skill/yinyang-zhang.lpc:106:1: warning: Unused local variable 'weapon'
  106 | }
      | ^
[Jul 22 09:59:06]/kungfu/skill/wuying-jian/wuying.lpc:66:1: warning: clean_up() inherited from both /feature/clean_up.lpc (via /feature/sserver.lpc) and /feature/clean_up.lpc; using the definition in /feature/sserver.lpc.
[Jul 22 09:59:06]/kungfu/skill/duzun-zhao/hunpofeiyang.lpc:69:1: warning: Unused local variable 'weapon'
   69 | }
      | ^
[Jul 22 09:59:06]/kungfu/skill/yinsuo-jinling.lpc:108:1: warning: Unused local variable 't'
  108 | }
      | ^
[Jul 22 09:59:06]/kungfu/skill/yinsuo-jinling.lpc:108:1: warning: Unused local variable 'j'
  108 | }
      | ^
[Jul 22 09:59:06]/kungfu/skill/yunlong-shengong.lpc:42:1: warning: Unused local variable 'i'
   42 | }
      | ^
[Jul 22 09:59:06]/kungfu/skill/yunlong-shengong.lpc:42:1: warning: Unused local variable 'ns'
   42 | }
      | ^
[Jul 22 09:59:06]/kungfu/skill/yunlong-shengong.lpc:42:1: warning: Unused local variable 'ts'
   42 | }
      | ^
[Jul 22 09:59:06]/kungfu/skill/shixue-daofa/shixue.lpc:48:1: warning: Unused local variable 'string1'
   48 | }
      | ^
[Jul 22 09:59:06]/kungfu/skill/shixue-daofa/shixue.lpc:48:1: warning: Unused local variable 'count'
   48 | }
      | ^
[Jul 22 09:59:06]/kungfu/skill/baqi-jue/powerup.lpc:22:55: warning: Unknown escape sequence '\�'.
   22 |                 return notify_fail("你已经在运功\中了。\n");
      |                                                       ^
      |                                                       �
[Jul 22 09:59:06]/kungfu/skill/zhemei-shou/zhemei-shou/duo.lpc:58:1: warning: Unused local variable 'damage'
   58 | }
      | ^
[Jul 22 09:59:06]/kungfu/skill/zhemei-shou/duo.lpc:58:1: warning: Unused local variable 'damage'
   58 | }
      | ^
[Jul 22 09:59:06]/kungfu/skill/qishang-quan/jingshi.lpc:69:1: warning: Unused local variable 'weapon'
   69 | }
      | ^
[Jul 22 09:59:06]/kungfu/skill/qishang-quan/yihuanghu.lpc:62:1: warning: Unused local variable 'weapon'
   62 | }
      | ^
[Jul 22 09:59:06]/kungfu/skill/qishang-quan/cuiganchang.lpc:67:1: warning: Unused local variable 'weapon'
   67 | }
      | ^
[Jul 22 09:59:06]/kungfu/skill/qishang-quan/hunpofeiyang.lpc:69:1: warning: Unused local variable 'weapon'
   69 | }
      | ^
[Jul 22 09:59:07]/kungfu/skill/qishang-quan/shangfei.lpc:64:1: warning: Unused local variable 'weapon'
   64 | }
      | ^
[Jul 22 09:59:07]/kungfu/skill/qishang-quan/sunxin.lpc:63:1: warning: Unused local variable 'weapon'
   63 | }
      | ^
[Jul 22 09:59:07]/kungfu/skill/qishang-quan/sanjiao.lpc:76:1: warning: Unused local variable 'weapon'
   76 | }
      | ^
[Jul 22 09:59:07]/kungfu/skill/qishang-quan/cangli.lpc:67:1: warning: Unused local variable 'weapon'
   67 | }
      | ^
[Jul 22 09:59:07]/kungfu/skill/shedao-qigong/chang.lpc:40:1: warning: Unused local variable 'msg'
   40 | }
      | ^
[Jul 22 09:59:07]/kungfu/skill/shedao-qigong/chang2.lpc:35:1: warning: Unused local variable 'skill'
   35 | }
      | ^
[Jul 22 09:59:07]/kungfu/skill/shedao-qigong/chang2.lpc:35:1: warning: Unused local variable 'msg'
   35 | }
      | ^
[Jul 22 09:59:07]/kungfu/skill/shedao-qigong/chang3.lpc:62:1: warning: Unused local variable 'i'
   62 | }
      | ^
[Jul 22 09:59:07]/kungfu/skill/shedao-qigong/chang3.lpc:62:1: warning: Unused local variable 'msg'
   62 | }
      | ^
[Jul 22 09:59:07]/kungfu/skill/xuanfeng-leg/kuangfeng.lpc:50:1: warning: Unused local variable 'weapon'
   50 | }
      | ^
[Jul 22 09:59:07]/kungfu/skill/xuanfeng-leg/kuangfeng.lpc:50:1: warning: Unused local variable 'string1'
   50 | }
      | ^
[Jul 22 09:59:07]/kungfu/skill/xuanfeng-leg/kuangfeng.lpc:50:1: warning: Unused local variable 'count'
   50 | }
      | ^
[Jul 22 09:59:07]/kungfu/skill/shenghuo-lingfa/xiyanling.lpc:19:3: error: syntax error, unexpected L_RETURN
   19 |   return notify_fail("对手没有使用武器，你使出这招后自感象个傻瓜。\n");
      |   ^
[Jul 22 09:59:07]/kungfu/skill/shenghuo-lingfa/xiyanling.lpc:21:48: error: Illegal LHS
   21 |  if (!objectp(weapon = me->query_temp("weapon"))
      |                                                ^
[Jul 22 09:59:07]/kungfu/skill/shenghuo-lingfa/xiyanling.lpc:22:3: error: syntax error, unexpected L_LOR
   22 |   || (string)weapon->query("skill_type") != "tieling"
      |   ^
[Jul 22 09:59:07]/kungfu/skill/shenghuo-lingfa/xiyanling.lpc:32:8: error: Illegal LHS
   32 |  msg = HIG "$N使出圣火令法「吸焰」令，连递数个鬼魅的招式企图夺下$n手中的$W。\n";
      |        ^
/include/ansi.h:7:9: note: expanded from macro 'ESC'
    7 | #define ESC ""
      |         ^
/include/ansi.h:24:9: note: expanded from macro 'HIG'
   24 | #define HIG ESC+"[1;32m"        /* Green    */
      |         ^
[Jul 22 09:59:07]/kungfu/skill/shenghuo-lingfa/xiyanling.lpc:32:8: warning: Expression has no side effects, and the value is unused
   32 |  msg = HIG "$N使出圣火令法「吸焰」令，连递数个鬼魅的招式企图夺下$n手中的$W。\n";
      |        ^
/include/ansi.h:7:9: note: expanded from macro 'ESC'
    7 | #define ESC ""
      |         ^
/include/ansi.h:24:9: note: expanded from macro 'HIG'
   24 | #define HIG ESC+"[1;32m"        /* Green    */
      |         ^
[Jul 22 09:59:07]/kungfu/skill/tianlong-shengong/force.lpc:22:81: warning: Unknown escape sequence '\�'.
   22 |    else return "$N被$n的内力一震眼前一黑身子向後飞出丈许\ⅵⅵ\n";
      |                                                                                 ^
      |                                                                                 �
[Jul 22 09:59:07]/kungfu/skill/wuzhan-mei/wumei.lpc:46:1: warning: Unused local variable 'string1'
   46 | }
      | ^
[Jul 22 09:59:07]/kungfu/skill/wuzhan-mei/wumei.lpc:46:1: warning: Unused local variable 'count'
   46 | }
      | ^
[Jul 22 09:59:07]/kungfu/skill/bashan-zhang/juezhao.lpc:45:1: warning: Unused local variable 'weapon'
   45 | }
      | ^
[Jul 22 09:59:07]/kungfu/skill/bashan-zhang/juezhao.lpc:45:1: warning: Unused local variable 'string1'
   45 | }
      | ^
[Jul 22 09:59:07]/kungfu/skill/bashan-zhang/juezhao.lpc:45:1: warning: Unused local variable 'count'
   45 | }
      | ^
[Jul 22 09:59:07]/kungfu/skill/sheshen-zhang.lpc:103:1: warning: Unused local variable 'weapon'
  103 | }
      | ^
[Jul 22 09:59:07]/kungfu/skill/lonely-sword/posuo.lpc:74:1: warning: Unused local variable 'wound'
   74 | }
      | ^
[Jul 22 09:59:07]/kungfu/skill/dingbang-jian/dingbang.lpc:67:1: warning: Unused local variable 'neili_wound'
   67 | }
      | ^
[Jul 22 09:59:07]/kungfu/skill/baqi-jue.lpc:20:1: warning: Unused local variable 'lvl'
   20 | }
      | ^
[Jul 22 09:59:07]/kungfu/skill/meinu-quanfa/lianquan.lpc:55:1: warning: Unused local variable 'weapon'
   55 | }
      | ^
[Jul 22 09:59:07]/kungfu/skill/meinu-quanfa/duo.lpc:58:1: warning: Unused local variable 'dp'
   58 | }
      | ^
[Jul 22 09:59:07]/kungfu/skill/meinu-quanfa/duo.lpc:58:1: warning: Unused local variable 'damage'
   58 | }
      | ^
[Jul 22 09:59:07]/quest/anhei/menghuan.lpc:130:28: error: Undefined function QUEST_D
  130 |         quest = QUEST_D(tag)->query_quest();
      |                            ^
[Jul 22 09:59:07]/quest/anhei/menghuan.lpc:135:28: error: Undefined function QUEST_D
  135 |         quest = QUEST_D(tag)->query_quest();
      |                            ^
[Jul 22 09:59:07]/quest/anhei/menghuan.lpc:232:1: warning: Unused local variable 'test'
  232 | }
      | ^
[Jul 22 09:59:07]/quest/xiaoafeng.lpc:103:1: warning: Unused local variable 'j'
  103 | }
      | ^
[Jul 22 09:59:07]/quest/xiaoafeng.lpc:103:1: warning: Unused local variable 'num'
  103 | }
      | ^
[Jul 22 09:59:07]/inherit/room/room.lpc:197:1: warning: Unused local variable 'item_desc'
  197 | }
      | ^
  note: while loading '/inherit/room/room' inherited by '/quest/youju'
[Jul 22 09:59:07]/inherit/misc2/wboard.lpc:78:1: warning: Unused local variable 'myid'
   78 | }
      | ^
[Jul 22 09:59:07]/inherit/misc2/qquest.lpc:69:1: warning: Unused local variable 'myid'
   69 | }
      | ^
[Jul 22 09:59:07]/inherit/misc2/jboard.lpc:79:1: warning: Unused local variable 'myid'
   79 | }
      | ^
[Jul 22 09:59:07]/inherit/misc2/bboard.lpc:73:1: warning: Unused local variable 'myid'
   73 | }
      | ^
[Jul 22 09:59:07]/inherit/misc2/fboard.lpc:73:1: warning: Unused local variable 'myid'
   73 | }
      | ^
[Jul 22 09:59:07]/inherit/misc/wboard.lpc:78:1: warning: Unused local variable 'myid'
   78 | }
      | ^
[Jul 22 09:59:07]/inherit/misc/qquest.lpc:69:1: warning: Unused local variable 'myid'
   69 | }
      | ^
[Jul 22 09:59:07]/inherit/misc/jboard.lpc:79:1: warning: Unused local variable 'myid'
   79 | }
      | ^
[Jul 22 09:59:07]/inherit/misc/bboard.lpc:73:1: warning: Unused local variable 'myid'
   73 | }
      | ^
[Jul 22 09:59:07]/inherit/misc/fboard.lpc:73:1: warning: Unused local variable 'myid'
   73 | }
      | ^
[Jul 22 09:59:07]/inherit/recordable_room.lpc:26:1: warning: Unused local variable 'file'
   26 | }
      | ^
[Jul 22 09:59:07]/inherit/recordable_room.lpc:26:1: warning: Unused local variable 'basen'
   26 | }
      | ^
[Jul 22 09:59:07]/inherit/recordable_room.lpc:75:11: warning: Function setup inherited from '/inherit/room/room.lpc' does not match current function in return type ( void vs int )
   75 | int setup()
      |           ^
[Jul 22 09:59:07]/inherit/medicine/pill.lpc:31:1: warning: Unused local variable 'what'
   31 | }
      | ^
[Jul 22 09:59:07]/inherit/medicine/pill.lpc:31:1: warning: Unused local variable 'howmuch'
   31 | }
      | ^
[Jul 22 09:59:07]/inherit/room/pigroom.lpc:274:1: warning: Unused local variable 'k'
  274 | }
      | ^
  note: while loading '/inherit/room/pigroom' inherited by '/inherit/room/nproom'
[Jul 22 09:59:07]/inherit/room/pigroom.lpc:544:1: warning: Unused local variable 'i'
  544 | }
      | ^
  note: while loading '/inherit/room/pigroom' inherited by '/inherit/room/nproom'
[Jul 22 09:59:07]/inherit/private_room.lpc:67:11: warning: Function setup inherited from '/inherit/room/room.lpc' does not match current function in return type ( void vs int )
   67 | int setup()
      |           ^
[Jul 22 09:59:07]/d/wizard/bugroom.lpc:25:1: warning: Unused local variable 'me'
   25 | }
      | ^
[Jul 22 09:59:07]/d/wizard/guest_room.lpc:69:1: warning: Unused local variable 's'
   69 | }
      | ^
[Jul 22 09:59:07]/d/shendian/npc/liuming.lpc:77:1: warning: Unused local variable 'i'
   77 | }
      | ^
[Jul 22 09:59:07]/d/shendian/npc/liuming.lpc:77:1: warning: Unused local variable 'skill'
   77 | }
      | ^
[Jul 22 09:59:08]/clone/book/sky_book.lpc:133:1: warning: Unused local variable 'home'
  133 | }
      | ^
[Jul 22 09:59:08]/clone/book/sky_book.lpc:133:1: warning: Unused local variable 'msg'
  133 | }
      | ^
[Jul 22 09:59:08]/clone/book/jinshe3.lpc:85:1: warning: Unused local variable 'ob'
   85 | }
      | ^
[Jul 22 09:59:08]/clone/book/jinshe3.lpc:85:1: warning: Unused local variable 'skill'
   85 | }
      | ^
[Jul 22 09:59:08]/clone/book/jinshe1.lpc:89:1: warning: Unused local variable 'ob'
   89 | }
      | ^
[Jul 22 09:59:08]/clone/book/jinshe1.lpc:89:1: warning: Unused local variable 'skill'
   89 | }
      | ^
[Jul 22 09:59:08]/clone/book/qiankun_book.lpc:106:1: warning: Unused local variable 'skill'
  106 | }
      | ^
[Jul 22 09:59:08]/clone/book/ls_book.lpc:50:1: warning: Unused local variable 'where'
   50 | }
      | ^
[Jul 22 09:59:08]/clone/book/jinshe2.lpc:85:1: warning: Unused local variable 'ob'
   85 | }
      | ^
[Jul 22 09:59:08]/clone/book/jinshe2.lpc:85:1: warning: Unused local variable 'skill'
   85 | }
      | ^
[Jul 22 09:59:08]/clone/money/zimuzhen.lpc:61:1: warning: Unused local variable 'victim'
   61 | }
      | ^
[Jul 22 09:59:08]/clone/money/zimuzhen.lpc:61:1: warning: Unused local variable 'damage_bonus'
   61 | }
      | ^
[Jul 22 09:59:08]/clone/money/zimuzhen.lpc:61:1: warning: Unused local variable 'factor'
   61 | }
      | ^
[Jul 22 09:59:08]/clone/money/zimuzhen.lpc:61:1: warning: Unused local variable 'i'
   61 | }
      | ^
[Jul 22 09:59:08]/clone/money/zimuzhen.lpc:61:1: warning: Unused local variable 'count'
   61 | }
      | ^
[Jul 22 09:59:08]/clone/money/zimuzhen.lpc:94:1: warning: Unused local variable 'victim'
   94 | }
      | ^
[Jul 22 09:59:08]/clone/money/zimuzhen.lpc:94:1: warning: Unused local variable 'damage_bonus'
   94 | }
      | ^
[Jul 22 09:59:08]/clone/money/zimuzhen.lpc:94:1: warning: Unused local variable 'factor'
   94 | }
      | ^
[Jul 22 09:59:08]/clone/money/zimuzhen.lpc:94:1: warning: Unused local variable 'i'
   94 | }
      | ^
[Jul 22 09:59:08]/clone/money/zimuzhen.lpc:94:1: warning: Unused local variable 'count'
   94 | }
      | ^
[Jul 22 09:59:08]/clone/misc/bandage.lpc:90:1: warning: Unused local variable 'i'
   90 | }
      | ^
[Jul 22 09:59:08]/clone/misc/roommaker.lpc:84:1: warning: Unused local variable 'code'
   84 | }
      | ^
[Jul 22 09:59:08]/clone/misc/mailbox.lpc:50:1: warning: Unused local variable 'ob'
   50 | }
      | ^
[Jul 22 09:59:08]/clone/misc/mailbox.lpc:110:1: warning: Unused local variable 'file'
  110 | }
      | ^
[Jul 22 09:59:08]/clone/misc/sleepbag.lpc:79:1: warning: Unused local variable 'fam'
   79 | }
      | ^
[Jul 22 09:59:08]/clone/misc/objmaker.lpc:88:1: warning: Unused local variable 'code'
   88 | } 
      | ^
[Jul 22 09:59:08]/clone/misc/objmaker.lpc:167:1: warning: Unused local variable 'file'
  167 | } 
      | ^
[Jul 22 09:59:08]/clone/misc/tie.lpc:42:118: warning: Unused local variable 'obj'
   42 |         else                message_vision("$N的身影突然出现在一阵烟雾之中。\n", me);        return 1;}
      |                                                                                                                      ^
[Jul 22 09:59:08]/clone/misc/wuchangdan.lpc:63:1: warning: Unused local variable 'fw'
   63 | }
      | ^
[Jul 22 09:59:08]/clone/misc/wuchangdan.lpc:63:1: warning: Unused local variable 'add_skill'
   63 | }
      | ^
[Jul 22 09:59:08]/clone/misc/wuchangdan.lpc:63:1: warning: Unused local variable 'improve'
   63 | }
      | ^
[Jul 22 09:59:08]/clone/misc/card.lpc:75:1: warning: Unused local variable 'message'
   75 | }
      | ^
[Jul 22 09:59:08]/clone/misc/card.lpc:75:1: warning: Unused local variable 'col'
   75 | }
      | ^
[Jul 22 09:59:08]/clone/misc/card.lpc:125:1: warning: Unused local variable 'obj4'
  125 | }
      | ^
[Jul 22 09:59:08]/clone/misc/card.lpc:125:1: warning: Unused local variable 'col'
  125 | }
      | ^
[Jul 22 09:59:08]/clone/misc/bm.lpc:71:1: warning: Unused local variable 'str'
   71 | }
      | ^
[Jul 22 09:59:08]/clone/misc/bm.lpc:234:1: warning: Unused local variable 'i'
  234 | }
      | ^
[Jul 22 09:59:08]/clone/misc/bm.lpc:234:1: warning: Unused local variable 'str'
  234 | }
      | ^
[Jul 22 09:59:08]/clone/misc/bm.lpc:308:1: warning: Unused local variable 'i'
  308 | }
      | ^
[Jul 22 09:59:08]/clone/misc/newcard.lpc:75:1: warning: Unused local variable 'message'
   75 | }
      | ^
[Jul 22 09:59:08]/clone/misc/newcard.lpc:75:1: warning: Unused local variable 'col'
   75 | }
      | ^
[Jul 22 09:59:08]/clone/misc/player.lpc:54:1: warning: Unused local variable 'money'
   54 | }
      | ^
[Jul 22 09:59:08]/clone/misc/site.lpc:54:1: warning: Unused local variable 'obj'
   54 | }
      | ^
[Jul 22 09:59:08]/clone/misc/biwu.lpc:73:1: warning: Unused local variable 'j'
   73 | }
      | ^
[Jul 22 09:59:08]/clone/misc/block.lpc:75:1: warning: Unused local variable 'ob'
   75 | }
      | ^
[Jul 22 09:59:08]/clone/topten/topboard.lpc:28:1: warning: Unused local variable 'id'
   28 | }
      | ^
[Jul 22 09:59:08]/clone/topten/topboard.lpc:28:1: warning: Unused local variable 'i'
   28 | }
      | ^
[Jul 22 09:59:08]/clone/topten/topboard.lpc:28:1: warning: Unused local variable 'exp'
   28 | }
      | ^
[Jul 22 09:59:08]/clone/topten/topboard.lpc:45:1: warning: Unused local variable 'me'
   45 | }
      | ^
[Jul 22 09:59:08]/clone/topten/gaoshou.lpc:25:48: error: Undefined variable 'GAOSHOU'
   25 |         gaoshoulist = explode(read_file(GAOSHOU), "\n");
      |                                                ^
[Jul 22 09:59:08]/clone/topten/magic-rice.lpc:149:1: warning: Unused local variable 'obj'
  149 | }
      | ^
[Jul 22 09:59:08]/clone/topten/magic-rice.lpc:149:1: warning: Unused local variable 'exist'
  149 | }
      | ^
[Jul 22 09:59:08]/clone/topten/magic-rice.lpc:149:1: warning: Unused local variable 'i'
  149 | }
      | ^
[Jul 22 09:59:08]/clone/topten/top10.lpc:27:1: warning: Unused local variable 'id'
   27 | }
      | ^
[Jul 22 09:59:08]/clone/topten/top10.lpc:27:1: warning: Unused local variable 'i'
   27 | }
      | ^
[Jul 22 09:59:08]/clone/topten/top10.lpc:27:1: warning: Unused local variable 'exp'
   27 | }
      | ^
[Jul 22 09:59:08]/clone/topten/top10.lpc:45:1: warning: Unused local variable 'me'
   45 | }
      | ^
[Jul 22 09:59:08]/clone/topten/topten.lpc:124:1: warning: Unused local variable 'id'
  124 | }
      | ^
[Jul 22 09:59:08]/clone/topten/topten.lpc:124:1: warning: Unused local variable 'i'
  124 | }
      | ^
[Jul 22 09:59:08]/clone/topten/topten.lpc:124:1: warning: Unused local variable 'exp'
  124 | }
      | ^
[Jul 22 09:59:08]/clone/topten/topten.lpc:157:1: warning: Unused local variable 'me'
  157 | }
      | ^
[Jul 22 09:59:08]/clone/food/sanjiang.lpc:36:1: warning: Unused local variable 'fw'
   36 | }
      | ^
[Jul 22 09:59:08]/clone/food/sanjiang.lpc:36:1: warning: Unused local variable 'force_limit'
   36 | }
      | ^
[Jul 22 09:59:08]/clone/food/sanjiang.lpc:36:1: warning: Unused local variable 'neili_limit'
   36 | }
      | ^
[Jul 22 09:59:08]/clone/food/sanjiang.lpc:36:1: warning: Unused local variable 'force_skill'
   36 | }
      | ^
[Jul 22 09:59:08]/clone/food/sanjiang.lpc:36:1: warning: Unused local variable 'add_skill'
   36 | }
      | ^
[Jul 22 09:59:08]/clone/food/sanjiang.lpc:36:1: warning: Unused local variable 'improve'
   36 | }
      | ^
[Jul 22 09:59:08]/clone/food/wuchangdan.lpc:45:1: warning: Unused local variable 'fw'
   45 | }
      | ^
[Jul 22 09:59:08]/clone/food/wuchangdan.lpc:45:1: warning: Unused local variable 'add_skill'
   45 | }
      | ^
[Jul 22 09:59:08]/clone/food/wuchangdan.lpc:45:1: warning: Unused local variable 'improve'
   45 | }
      | ^
[Jul 22 09:59:08]/clone/food/erjiang.lpc:36:1: warning: Unused local variable 'fw'
   36 | }
      | ^
[Jul 22 09:59:08]/clone/food/erjiang.lpc:36:1: warning: Unused local variable 'force_limit'
   36 | }
      | ^
[Jul 22 09:59:08]/clone/food/erjiang.lpc:36:1: warning: Unused local variable 'neili_limit'
   36 | }
      | ^
[Jul 22 09:59:08]/clone/food/erjiang.lpc:36:1: warning: Unused local variable 'force_skill'
   36 | }
      | ^
[Jul 22 09:59:08]/clone/food/erjiang.lpc:36:1: warning: Unused local variable 'add_skill'
   36 | }
      | ^
[Jul 22 09:59:08]/clone/food/erjiang.lpc:36:1: warning: Unused local variable 'improve'
   36 | }
      | ^
[Jul 22 09:59:08]/clone/food/liwu.lpc:35:1: warning: Unused local variable 'fw'
   35 | }
      | ^
[Jul 22 09:59:08]/clone/food/liwu.lpc:35:1: warning: Unused local variable 'force_limit'
   35 | }
      | ^
[Jul 22 09:59:08]/clone/food/liwu.lpc:35:1: warning: Unused local variable 'neili_limit'
   35 | }
      | ^
[Jul 22 09:59:08]/clone/food/liwu.lpc:35:1: warning: Unused local variable 'force_skill'
   35 | }
      | ^
[Jul 22 09:59:08]/clone/food/liwu.lpc:35:1: warning: Unused local variable 'add_skill'
   35 | }
      | ^
[Jul 22 09:59:08]/clone/food/liwu.lpc:35:1: warning: Unused local variable 'improve'
   35 | }
      | ^
[Jul 22 09:59:08]/clone/food/yijiang.lpc:36:1: warning: Unused local variable 'fw'
   36 | }
      | ^
[Jul 22 09:59:08]/clone/food/yijiang.lpc:36:1: warning: Unused local variable 'force_limit'
   36 | }
      | ^
[Jul 22 09:59:08]/clone/food/yijiang.lpc:36:1: warning: Unused local variable 'neili_limit'
   36 | }
      | ^
[Jul 22 09:59:08]/clone/food/yijiang.lpc:36:1: warning: Unused local variable 'force_skill'
   36 | }
      | ^
[Jul 22 09:59:08]/clone/food/yijiang.lpc:36:1: warning: Unused local variable 'add_skill'
   36 | }
      | ^
[Jul 22 09:59:08]/clone/food/yijiang.lpc:36:1: warning: Unused local variable 'improve'
   36 | }
      | ^
[Jul 22 09:59:08]/clone/npc/shang-shan.lpc:80:1: warning: Unused local variable 'me'
   80 | }
      | ^
[Jul 22 09:59:08]/clone/npc/shang-shan.lpc:174:1: warning: Unused local variable 'obj'
  174 | }
      | ^
[Jul 22 09:59:08]/clone/npc/meng-zhu.lpc:198:1: warning: Unused local variable 'obj'
  198 | }
      | ^
[Jul 22 09:59:08]/clone/npc/meng-zhu.lpc:229:1: warning: Unused local variable 'shizhe'
  229 | }
      | ^
[Jul 22 09:59:08]/clone/npc/meng-zhu.lpc:229:1: warning: Unused local variable 'room'
  229 | }
      | ^
[Jul 22 09:59:08]/clone/npc/meng-zhu.lpc:229:1: warning: Unused local variable 'name'
  229 | }
      | ^
[Jul 22 09:59:08]/clone/npc/fa-e.lpc:80:1: warning: Unused local variable 'me'
   80 | }
      | ^
[Jul 22 09:59:08]/clone/npc/fa-e.lpc:174:1: warning: Unused local variable 'obj'
  174 | }
      | ^
[Jul 22 09:59:08]/clone/cloth/connie.lpc:77:1: warning: Unused local variable 'home'
   77 | }
      | ^
[Jul 22 09:59:08]/clone/cloth/connie.lpc:77:1: warning: Unused local variable 'msg'
   77 | }
      | ^
[Jul 22 09:59:08]/clone/cloth/connie.lpc:101:1: warning: Unused local variable 'i'
  101 | }
      | ^
[Jul 22 09:59:08]/clone/cloth/connie.lpc:147:1: warning: clean_up() inherited from both /feature/clean_up.lpc and /feature/clean_up.lpc (via /inherit/armor/boots.lpc); using the definition in /feature/clean_up.lpc.
[Jul 22 09:59:08]/smtp/smtp_d.lpc:215:39: error: Undefined function newbie_reg
  215 |  newbie_reg(mailmsg->id, mailmsg->rcpt);
      |                                       ^
[Jul 22 09:59:08]/smtp/smtp_d.lpc:243:1: warning: Unused local variable 'newbie_reg'
  243 | }
      | ^
[Jul 22 09:59:08]/smtp/smtp_d.lpc:353:31: error: Undefined function base64_decode
  353 |    quest = base64_decode(quest);
      |                               ^
[Jul 22 09:59:08]/smtp/smtp_d.lpc:353:32: error: Bad assignment ( string vs unknown ).
  353 |    quest = base64_decode(quest);
      |                                ^
[Jul 22 09:59:08]/smtp/smtp_d.lpc:356:60: error: Undefined function base64_encode
  356 |     socket_write(fd,sprintf("%s\r\n",base64_encode(mailname)));
      |                                                            ^
[Jul 22 09:59:08]/smtp/smtp_d.lpc:361:62: error: Undefined function base64_encode
  361 |     socket_write(fd,sprintf("%s\r\n",base64_encode(mailpasswd)));
      |                                                              ^
[Jul 22 09:59:08]/smtp/smtp_d.lpc:452:27: error: Undefined function permit_reg_email
  452 |  if(!permit_reg_email(mail))
      |                           ^
[Jul 22 09:59:09]/d/anhei/npc/menghuan.lpc:131:28: error: Undefined function QUEST_D
  131 |         quest = QUEST_D(tag)->query_quest();
      |                            ^
[Jul 22 09:59:09]/d/anhei/npc/menghuan.lpc:136:28: error: Undefined function QUEST_D
  136 |         quest = QUEST_D(tag)->query_quest();
      |                            ^
[Jul 22 09:59:09]/d/anhei/npc/menghuan.lpc:233:1: warning: Unused local variable 'test'
  233 | }
      | ^
[Jul 22 09:59:09]/d/anhei/npc/landith.lpc:143:21: error: Undefined function QUEST_D
  143 |  quest = QUEST_D(tag)->query_quest();
      |                     ^
[Jul 22 09:59:09]/d/anhei/npc/landith.lpc:148:22: error: Undefined function QUEST_D
  148 |   quest = QUEST_D(tag)->query_quest();
      |                      ^
[Jul 22 09:59:09]/quest/anhei/menghuan.lpc:130:28: error: Undefined function QUEST_D
  130 |         quest = QUEST_D(tag)->query_quest();
      |                            ^
[Jul 22 09:59:09]/quest/anhei/menghuan.lpc:135:28: error: Undefined function QUEST_D
  135 |         quest = QUEST_D(tag)->query_quest();
      |                            ^
[Jul 22 09:59:09]/quest/anhei/menghuan.lpc:232:1: warning: Unused local variable 'test'
  232 | }
      | ^
[Jul 22 09:59:09]/d/fenghuang/fenghuang/yandong6.lpc:58:1: warning: Unused local variable 'exp'
   58 | }
      | ^
[Jul 22 09:59:09]/d/fenghuang/fenghuang/lgren.lpc:148:1: warning: clean_up() inherited from both /feature/clean_up.lpc and /feature/clean_up.lpc (via /inherit/char/npc.lpc); using the definition in /feature/clean_up.lpc.
[Jul 22 09:59:09]/d/fenghuang/fenghuang/npc/xrace.lpc:429:44: warning: Unknown escape sequence '\�'.
  429 |                         command("say 也许\下次的运气会更好喔，後会有期，"+Player+"。");
      |                                            ^
      |                                            �
[Jul 22 09:59:09]/d/fenghuang/fenghuang/npc/xrace.lpc:451:1: warning: Unused local variable 'me2'
  451 | }
      | ^
[Jul 22 09:59:09]/d/fenghuang/fenghuang/npc/xrace.lpc:519:1: warning: Unused local variable 'me'
  519 | }
      | ^
[Jul 22 09:59:09]/d/fenghuang/fenghuang/npc/xrace.lpc:575:1: warning: Unused local variable 'list'
  575 | }
      | ^
[Jul 22 09:59:09]/d/fenghuang/fenghuang/npc/xrace.lpc:597:1: warning: Unused local variable 'me'
  597 | }
      | ^
[Jul 22 09:59:09]/d/fenghuang/fenghuang/obj/shen.lpc:82:1: warning: Unused local variable 'where'
   82 | }
      | ^
[Jul 22 09:59:09]/d/fenghuang/fenghuang/obj/shen.lpc:82:1: warning: Unused local variable 'ob'
   82 | }
      | ^
[Jul 22 09:59:09]/d/fenghuang/fenghuang/obj/shen.lpc:82:1: warning: Unused local variable 'skill'
   82 | }
      | ^
[Jul 22 09:59:09]/d/fenghuang/fenghuang/yandong5.lpc:59:1: warning: Unused local variable 'exp'
   59 | }
      | ^
[Jul 22 09:59:09]/d/fenghuang/fenghuang/yandong4.lpc:59:1: warning: Unused local variable 'exp'
   59 | }
      | ^
[Jul 22 09:59:09]/d/fenghuang/fenghuang/obj/jqr1.lpc:70:1: warning: Unused local variable 'where'
   70 | }
      | ^
[Jul 22 09:59:09]/d/fenghuang/fenghuang/obj/jqr1.lpc:70:1: warning: Unused local variable 'ob'
   70 | }
      | ^
[Jul 22 09:59:09]/d/fenghuang/fenghuang/obj/jqr1.lpc:70:1: warning: Unused local variable 'skill'
   70 | }
      | ^
[Jul 22 09:59:09]/d/fenghuang/fenghuang/obj/jqr1.lpc:114:1: warning: Unused local variable 'where'
  114 | }
      | ^
[Jul 22 09:59:09]/d/fenghuang/fenghuang/obj/jqr1.lpc:114:1: warning: Unused local variable 'ob'
  114 | }
      | ^
[Jul 22 09:59:09]/d/fenghuang/fenghuang/obj/jqr1.lpc:114:1: warning: Unused local variable 'skill'
  114 | }
      | ^
[Jul 22 09:59:09]/d/fenghuang/fenghuang/yandong3.lpc:59:1: warning: Unused local variable 'exp'
   59 | }
      | ^
[Jul 22 09:59:09]/d/fenghuang/fenghuang/shanghui.lpc:59:1: warning: Unused local variable 'exp'
   59 | }
      | ^
[Jul 22 09:59:09]/d/fenghuang/fenghuang/yandong2.lpc:59:1: warning: Unused local variable 'exp'
   59 | }
      | ^
[Jul 22 09:59:09]/d/fenghuang/fenghuang/obj/book1.lpc:68:1: warning: Unused local variable 'where'
   68 | }
      | ^
[Jul 22 09:59:09]/d/fenghuang/fenghuang/obj/book1.lpc:68:1: warning: Unused local variable 'ob'
   68 | }
      | ^
[Jul 22 09:59:09]/d/fenghuang/fenghuang/obj/book1.lpc:68:1: warning: Unused local variable 'skill'
   68 | }
      | ^
[Jul 22 09:59:09]/d/fenghuang/fenghuang/obj/book1.lpc:68:1: warning: Unused local variable 'pxlevel'
   68 | }
      | ^
[Jul 22 09:59:09]/d/fenghuang/fenghuang/npc/boss.lpc:96:1: warning: Unused local variable 'value'
   96 | }       
      | ^
[Jul 22 09:59:10]/d/fenghuang/fenghuang/npc/xdice.lpc:206:1: warning: Unused local variable 'j'
  206 | }
      | ^
[Jul 22 09:59:10]/d/fenghuang/fenghuang/npc/banker.lpc:49:1: warning: clean_up() inherited from both /feature/clean_up.lpc (via /feature/banker.lpc) and /feature/clean_up.lpc (via /inherit/char/npc.lpc); using the definition in /feature/banker.lpc.
[Jul 22 09:59:10]/d/fenghuang/fenghuang/npc/lgren.lpc:146:1: warning: clean_up() inherited from both /feature/clean_up.lpc and /feature/clean_up.lpc (via /inherit/char/npc.lpc); using the definition in /feature/clean_up.lpc.
[Jul 22 09:59:10]/d/fenghuang/fenghuang/npc/guaishou.lpc:83:1: warning: Unused local variable 'i'
   83 | }
      | ^
[Jul 22 09:59:10]/d/fenghuang/fenghuang/npc/guaishou.lpc:83:1: warning: Unused local variable 'skill'
   83 | }
      | ^
[Jul 22 09:59:10]/d/fenghuang/fenghuang/npc/kaoguan.lpc:18:1: warning: Unused local variable 'ob'
   18 | }
      | ^
[Jul 22 09:59:10]/d/fenghuang/fenghuang/npc/kaoguan.lpc:58:1: warning: Unused local variable 'guild'
   58 | }
      | ^
[Jul 22 09:59:10]/d/fenghuang/fenghuang/npc/obj/blade.lpc:25:1: warning: clean_up() inherited from both /feature/clean_up.lpc (via /inherit/weapon/blade.lpc) and /feature/clean_up.lpc (via /feature/sserver.lpc); using the definition in /inherit/weapon/blade.lpc.
[Jul 22 09:59:10]/d/fenghuang/fenghuang/npc/tiansha.lpc:239:1: warning: Unused local variable 'test'
  239 | }
      | ^
[Jul 22 09:59:10]/d/fenghuang/fenghuang/npc/mj.lpc:789:1: warning: Unused local variable 'k'
  789 | }
      | ^
[Jul 22 09:59:10]/d/fenghuang/fenghuang/npc/mj.lpc:863:1: warning: Unused local variable 'k'
  863 | }
      | ^
[Jul 22 09:59:10]/d/fenghuang/fenghuang/npc/mj.lpc:1395:1: warning: Unused local variable 'b'
 1395 | }
      | ^
[Jul 22 09:59:10]/d/fenghuang/fenghuang/npc/mj.lpc:1546:1: warning: Unused local variable 'temp1'
 1546 | }
      | ^
[Jul 22 09:59:10]/d/fenghuang/fenghuang/npc/mj.lpc:1546:1: warning: Unused local variable 'j'
 1546 | }
      | ^
[Jul 22 09:59:10]/d/fenghuang/fenghuang/npc/mj.lpc:1575:1: warning: Unused local variable 'check'
 1575 | }
      | ^
[Jul 22 09:59:10]/d/fenghuang/fenghuang/npc/mj.lpc:1595:1: warning: Unused local variable 'newstr'
 1595 | }
      | ^
[Jul 22 09:59:10]/d/fenghuang/fenghuang/npc/mj.lpc:1634:31: warning: Unknown escape sequence '\�'.
 1634 |            Mj+=who["Id"]+":摆\在外面的牌有:\n";
      |                               ^
      |                               �
[Jul 22 09:59:10]/d/fenghuang/fenghuang/npc/mj.lpc:1647:23: warning: Unknown escape sequence '\�'.
 1647 |            Mj+="你摆\在外面的牌有:\n";
      |                       ^
      |                       �
[Jul 22 09:59:10]/d/fenghuang/fenghuang/npc/mj.lpc:1656:37: warning: Unknown escape sequence '\�'.
 1656 |               Mj+=P1Data["Id"]+":摆\在外面的牌有:\n";
      |                                     ^
      |                                     �
[Jul 22 09:59:10]/d/fenghuang/fenghuang/npc/mj.lpc:1660:37: warning: Unknown escape sequence '\�'.
 1660 |               Mj+=P2Data["Id"]+":摆\在外面的牌有:\n";
      |                                     ^
      |                                     �
[Jul 22 09:59:10]/d/fenghuang/fenghuang/npc/mj.lpc:1664:37: warning: Unknown escape sequence '\�'.
 1664 |               Mj+=P3Data["Id"]+":摆\在外面的牌有:\n";
      |                                     ^
      |                                     �
[Jul 22 09:59:10]/d/fenghuang/fenghuang/npc/mj.lpc:1668:37: warning: Unknown escape sequence '\�'.
 1668 |               Mj+=P4Data["Id"]+":摆\在外面的牌有:\n";
      |                                     ^
      |                                     �
[Jul 22 09:59:10]/d/fenghuang/fenghuang/npc/mj.lpc:1894:1: warning: Unused local variable 'str'
 1894 | }
      | ^
[Jul 22 09:59:10]/d/fenghuang/fenghuang/npc/bobi.lpc:73:6: warning: Unused local variable 'i'
   73 |      } 
      |      ^
[Jul 22 09:59:10]/d/fenghuang/fenghuang/yandong1.lpc:59:1: warning: Unused local variable 'exp'
   59 | }
      | ^
[Jul 22 09:59:10]/d/fenghuang/fenghuang/luxingchu.lpc:32:1: warning: Unused local variable 'ob'
   32 | }
      | ^
[Jul 22 09:59:10]/d/city/npc/jiashen1.lpc:33:37: warning: Unused local variable 'ob'
   33 | add_action("do_chanhui", "chanhui");}
      |                                     ^
[Jul 22 09:59:11]/d/city/npc/jiashen.lpc:33:9: error: Type of returned value doesn't match function return type ( int vs void )
   33 | return 1;
      |         ^
[Jul 22 09:59:11]/d/city/npc/jiashen.lpc:35:37: warning: Unused local variable 'ob'
   35 | add_action("do_chanhui", "chanhui");}
      |                                     ^
[Jul 22 09:59:11]/d/city/leitai.lpc:88:23: warning: Previous function prototype for do_quit does not match current function in return type ( string vs int )
   88 | int do_quit(string arg)
      |                       ^
[Jul 22 09:59:11]/d/jianyu/baoyu.lpc:260:1: warning: Unused local variable 'ob'
  260 | }
      | ^
[Jul 22 09:59:11]/d/budui/npc/robot-bank.lpc:47:1: warning: clean_up() inherited from both /feature/clean_up.lpc (via /feature/banker.lpc) and /feature/clean_up.lpc (via /inherit/char/npc.lpc); using the definition in /feature/banker.lpc.
[Jul 22 09:59:11]/d/budui/chufang.lpc:37:1: warning: Unused local variable 'i'
   37 | }
      | ^
[Jul 22 09:59:11]/d/budui/npc/longyaren.lpc:69:1: warning: Unused local variable 'room'
   69 | }
      | ^
[Jul 22 09:59:11]/d/budui/job1.lpc:51:1: warning: Unused local variable 'room'
   51 | }
      | ^
[Jul 22 09:59:11]/d/budui/half-didao.lpc:48:1: warning: Unused local variable 'exp'
   48 | }
      | ^
[Jul 22 09:59:11]/d/budui/xunlianshi3.lpc:57:1: warning: Unused local variable 'exp'
   57 | }
      | ^
[Jul 22 09:59:11]/d/budui/xiulichang.lpc:59:1: warning: Unused local variable 'exp'
   59 | }
      | ^
[Jul 22 09:59:11]/d/budui/obj/topless.lpc:88:1: warning: Unused local variable 'me'
   88 | }
      | ^
[Jul 22 09:59:11]/d/budui/obj/topless.lpc:523:1: warning: Unused local variable 'usr'
  523 | }
      | ^
[Jul 22 09:59:12]/d/budui/obj/jiuhua.lpc:45:1: warning: Unused local variable 'fw'
   45 | }
      | ^
[Jul 22 09:59:12]/d/budui/xunlianshi1.lpc:56:1: warning: Unused local variable 'exp'
   56 | }
      | ^
[Jul 22 09:59:12]/d/budui/npc/yixingjisu.lpc:47:1: warning: Unused local variable 'money'
   47 | }
      | ^
[Jul 22 09:59:12]/d/budui/xunlianshi2.lpc:56:1: warning: Unused local variable 'exp'
   56 | }
      | ^
[Jul 22 09:59:12]/d/npc/daoshen.lpc:137:1: warning: Unused local variable 'o_name'
  137 | }
      | ^
[Jul 22 09:59:12]/d/budui/luxingchu.lpc:33:1: warning: Unused local variable 'ob'
   33 | }
      | ^
[Jul 22 09:59:12]/d/miti/budui/npc/chenxin.lpc:109:1: warning: Unused local variable 'i'
  109 | }
      | ^
[Jul 22 09:59:12]/d/miti/budui/npc/chenxin.lpc:109:1: warning: Unused local variable 'skill'
  109 | }
      | ^
[Jul 22 09:59:12]/d/miti/budui/npc/huangji.lpc:96:1: warning: Unused local variable 'i'
   96 | }
      | ^
[Jul 22 09:59:12]/d/miti/budui/npc/huangji.lpc:96:1: warning: Unused local variable 'skill'
   96 | }
      | ^
[Jul 22 09:59:12]/d/miti/budui/npc/bei.lpc:133:1: warning: Unused local variable 'i'
  133 | }
      | ^
[Jul 22 09:59:12]/d/miti/budui/npc/bei.lpc:133:1: warning: Unused local variable 'skill'
  133 | }
      | ^
[Jul 22 09:59:12]/d/miti/budui/npc/huangxiang.lpc:97:1: warning: Unused local variable 'i'
   97 | }
      | ^
[Jul 22 09:59:12]/d/miti/budui/npc/huangxiang.lpc:97:1: warning: Unused local variable 'skill'
   97 | }
      | ^
[Jul 22 09:59:12]/d/taikong/npc/yangwuliu.lpc:80:1: warning: Unused local variable 'obj'
   80 | }
      | ^
[Jul 22 09:59:12]/d/taikong/npc/zhanjian.lpc:232:1: warning: Unused local variable 'me'
  232 | }
      | ^
[Jul 22 09:59:12]/d/taikong/npc/zhanjian.lpc:345:1: warning: Unused local variable 'huoli'
  345 | }
      | ^
[Jul 22 09:59:13]/d/shendao/youxi.lpc:85:1: warning: Unused local variable 'ob'
   85 | }
      | ^
[Jul 22 09:59:13]/d/shendao/youxi.lpc:85:1: warning: Unused local variable 'fam'
   85 | }
      | ^
[Jul 22 09:59:13]/d/biwu/npc/gongping.lpc:356:1: warning: Unused local variable 'str2'
  356 | }
      | ^
[Jul 22 09:59:13]/d/npc/obj/m_blade.lpc:169:1: warning: Unused local variable 'ob'
  169 | }
      | ^
[Jul 22 09:59:13]/d/working/obj/mu-ren.lpc:96:1: warning: Unused local variable 'me_neili'
   96 | }
      | ^
[Jul 22 09:59:13]/d/working/obj/mu-ren.lpc:102:1: warning: clean_up() inherited from both /feature/clean_up.lpc and /feature/clean_up.lpc (via /inherit/char/npc.lpc); using the definition in /feature/clean_up.lpc.
[Jul 22 09:59:13]/d/working/referee.lpc:159:1: warning: Unused local variable 'old_target'
  159 | }
      | ^
[Jul 22 09:59:13]/d/working/referee.lpc:159:1: warning: Unused local variable 'where'
  159 | }
      | ^
[Jul 22 09:59:13]/d/huang/dianying.lpc:57:1: warning: Unused local variable 'exp'
   57 | }
      | ^
[Jul 22 09:59:13]/d/huang/npc/lou.lpc:130:1: warning: Unused local variable 'obj'
  130 | }
      | ^
[Jul 22 09:59:13]/d/huang/npc/lou.lpc:164:1: warning: Unused local variable 'i'
  164 | }
      | ^
[Jul 22 09:59:13]/d/huang/npc/lou.lpc:164:1: warning: Unused local variable 'skill'
  164 | }
      | ^
[Jul 22 09:59:13]/d/huang/sgus.lpc:23:1: warning: Unused local variable 'me'
   23 | }
      | ^
[Jul 22 09:59:13]/d/huang/shatan.lpc:135:1: warning: Unused local variable 'dir'
  135 | }
      | ^
[Jul 22 09:59:14]/d/huang/luxingchu.lpc:34:1: warning: Unused local variable 'ob'
   34 | }
      | ^
[Jul 22 09:59:14]/d/huang/shatan2.lpc:135:1: warning: Unused local variable 'dir'
  135 | }
      | ^
[Jul 22 09:59:14]/d/tianlang/bobing.lpc:152:1: warning: Unused local variable 'j'
  152 | }
      | ^
[Jul 22 09:59:14]/d/tianlang/bobing.lpc:152:1: warning: Unused local variable 'k'
  152 | }
      | ^
[Jul 22 09:59:14]/d/tianlang/bobing.lpc:783:1: warning: Unused local variable 'play'
  783 | }
      | ^
[Jul 22 09:59:14]/d/tianlang/obj/telnet.lpc:79:1: warning: Unused local variable 'ob'
   79 | }
      | ^
[Jul 22 09:59:14]/d/tianlang/obj/marry_card.lpc:169:1: warning: Unused local variable 'couple_ob'
  169 | }
      | ^
[Jul 22 09:59:14]/d/tianlang/obj/marry_card.lpc:194:1: warning: Unused local variable 'i'
  194 | }
      | ^
[Jul 22 09:59:14]/d/tianlang/npc/girl.lpc:85:1: warning: Unused local variable 'me'
   85 | }
      | ^
[Jul 22 09:59:14]/d/tianlang/npc/mei_po.lpc:39:1: warning: Unused local variable 'ob'
   39 | }
      | ^
[Jul 22 09:59:14]/d/tianlang/npc/mei_po.lpc:127:1: warning: Unused local variable 'ob'
  127 | }
      | ^
[Jul 22 09:59:14]/d/tianlang/npc/mei_po.lpc:217:1: warning: Unused local variable 'ob'
  217 | }
      | ^
[Jul 22 09:59:14]/d/tianlang/jiagong.lpc:96:1: warning: Unused local variable 'obn'
   96 | }
      | ^
[Jul 22 09:59:14]/d/death/god1.lpc:54:1: warning: clean_up() inherited from both /feature/clean_up.lpc (via /inherit/skill/skill.lpc) and /feature/clean_up.lpc (via /inherit/room/room.lpc); using the definition in /inherit/skill/skill.lpc.
[Jul 22 09:59:14]/d/death/inn1.lpc:62:25: warning: Unknown escape sequence '\�'.
   62 |         "一眨眼的功\夫"+(string)ob->query("name")+"竟然不见了.\n",
      |                         ^
      |                         �
[Jul 22 09:59:14]/d/death/gate.lpc:12:22: warning: Unknown escape sequence '\�'.
   12 |   "黑色城楼，许\多亡魂正哭哭啼啼地列队前进，因为一进鬼门关就无法再\n"
      |                      ^
      |                      �
[Jul 22 09:59:14]/d/shendian/dianying.lpc:57:1: warning: Unused local variable 'exp'
   57 | }
      | ^
[Jul 22 09:59:14]/d/shendian/npc/tianjianxia.lpc:78:1: warning: Unused local variable 'i'
   78 | }
      | ^
[Jul 22 09:59:14]/d/shendian/npc/tianjianxia.lpc:78:1: warning: Unused local variable 'skill'
   78 | }
      | ^
[Jul 22 09:59:14]/d/shendian/yongshan.lpc:67:1: warning: Unused local variable 'obt'
   67 | }
      | ^
[Jul 22 09:59:14]/d/shendian/yongshan.lpc:67:1: warning: Unused local variable 'obc'
   67 | }
      | ^
[Jul 22 09:59:14]/d/shendian/yongshan.lpc:67:1: warning: Unused local variable 'room'
   67 | }
      | ^
[Jul 22 09:59:14]/d/shendian/npc/liuqinxue.lpc:191:1: warning: Unused local variable 'test'
  191 | }
      | ^
[Jul 22 09:59:15]/d/shendian/shendan.lpc:66:1: warning: Unused local variable 'ma'
   66 | }
      | ^
[Jul 22 09:59:15]/d/shendian/obj/challenger.lpc:201:1: warning: Unused local variable 'ob'
  201 | }  
      | ^
[Jul 22 09:59:15]/d/shendian/obj/challenger.lpc:245:18: warning: Number of arguments to 'accept_fight' disagrees with previous definition.
  245 | int accept_fight()
      |                  ^
[Jul 22 09:59:15]/d/shendian/obj/challenger.lpc:264:1: warning: Unused local variable 'ob'
  264 | }
      | ^
[Jul 22 09:59:15]/d/shendian/obj/challenger.lpc:264:1: warning: Unused local variable 'me'
  264 | }
      | ^
[Jul 22 09:59:15]/d/shendian/obj/tuna.lpc:43:1: warning: Unused local variable 'where'
   43 | }
      | ^
[Jul 22 09:59:15]/d/shendian/npc/banker.lpc:49:1: warning: clean_up() inherited from both /feature/clean_up.lpc (via /feature/banker.lpc) and /feature/clean_up.lpc (via /inherit/char/npc.lpc); using the definition in /feature/banker.lpc.
[Jul 22 09:59:15]/d/shendian/npc/kantou.lpc:73:1: warning: Unused local variable 'ob'
   73 | }
      | ^
[Jul 22 09:59:15]/d/shendian/npc/kantou.lpc:73:1: warning: Unused local variable 'wield2'
   73 | }
      | ^
[Jul 22 09:59:15]/d/shendian/npc/kantou.lpc:73:1: warning: Unused local variable 'weapon_prop'
   73 | }
      | ^
[Jul 22 09:59:15]/d/shendian/npc/kantou.lpc:73:1: warning: Unused local variable 'killer'
   73 | }
      | ^
[Jul 22 09:59:15]/d/shendian/npc/kantou.lpc:73:1: warning: Unused local variable 'callname'
   73 | }
      | ^
[Jul 22 09:59:15]/d/shendian/npc/kantou.lpc:73:1: warning: Unused local variable 'count'
   73 | }
      | ^
[Jul 22 09:59:15]/d/shendian/npc/kantou.lpc:73:1: warning: Unused local variable 'value2'
   73 | }
      | ^
[Jul 22 09:59:15]/d/shendian/npc/wushi2.lpc:71:1: warning: Unused local variable 'where'
   71 | }
      | ^
[Jul 22 09:59:15]/d/shendian/npc/wushi2.lpc:71:1: warning: Unused local variable 'ob'
   71 | }
      | ^
[Jul 22 09:59:15]/d/shendian/npc/wushi2.lpc:71:1: warning: Unused local variable 'skill'
   71 | }
      | ^
[Jul 22 09:59:15]/d/shendian/npc/wushi2.lpc:115:1: warning: Unused local variable 'where'
  115 | }
      | ^
[Jul 22 09:59:15]/d/shendian/npc/wushi2.lpc:115:1: warning: Unused local variable 'ob'
  115 | }
      | ^
[Jul 22 09:59:15]/d/shendian/npc/wushi2.lpc:115:1: warning: Unused local variable 'skill'
  115 | }
      | ^
[Jul 22 09:59:15]/d/shendian/npc/lgren.lpc:145:1: warning: clean_up() inherited from both /feature/clean_up.lpc and /feature/clean_up.lpc (via /inherit/char/npc.lpc); using the definition in /feature/clean_up.lpc.
[Jul 22 09:59:15]/d/shendian/npc/mongmian.lpc:78:1: warning: Unused local variable 'me'
   78 | }
      | ^
[Jul 22 09:59:15]/d/shendian/npc/mongmian.lpc:78:1: warning: Unused local variable 'i'
   78 | }
      | ^
[Jul 22 09:59:15]/d/shendian/npc/mongmian.lpc:78:1: warning: Unused local variable 'skill'
   78 | }
      | ^
[Jul 22 09:59:15]/d/shendian/npc/lishenming.lpc:77:1: warning: Unused local variable 'i'
   77 | }
      | ^
[Jul 22 09:59:15]/d/shendian/npc/lishenming.lpc:77:1: warning: Unused local variable 'skill'
   77 | }
      | ^
[Jul 22 09:59:15]/d/shendian/npc/cao.lpc:41:18: warning: Number of arguments to 'accept_fight' disagrees with previous definition.
   41 | int accept_fight()
      |                  ^
[Jul 22 09:59:15]/d/shendian/npc/challenger.lpc:204:1: warning: Unused local variable 'ob'
  204 | }  
      | ^
[Jul 22 09:59:15]/d/shendian/npc/challenger.lpc:248:18: warning: Number of arguments to 'accept_fight' disagrees with previous definition.
  248 | int accept_fight()
      |                  ^
[Jul 22 09:59:15]/d/shendian/npc/challenger.lpc:267:1: warning: Unused local variable 'ob'
  267 | }
      | ^
[Jul 22 09:59:15]/d/shendian/npc/challenger.lpc:267:1: warning: Unused local variable 'me'
  267 | }
      | ^
[Jul 22 09:59:15]/d/shendian/npc/bobi.lpc:73:6: warning: Unused local variable 'i'
   73 |      } 
      |      ^
[Jul 22 09:59:15]/d/shendian/npc/tuna.lpc:43:1: warning: Unused local variable 'where'
   43 | }
      | ^
[Jul 22 09:59:15]/d/shendian/npc/mentu.lpc:38:20: warning: Redeclaration of global variable 'skills'.
   38 |                  });
      |                    ^
[Jul 22 09:59:15]/d/shendian/npc/mentu.lpc:199:1: warning: Unused local variable 'skill_totalup'
  199 | }
      | ^
[Jul 22 09:59:15]/d/shendian/luxingchu.lpc:33:1: warning: Unused local variable 'ob'
   33 | }
      | ^
[Jul 22 09:59:15]/d/ziyang/ziyangcheng/working.lpc:58:1: warning: Unused local variable 'exp'
   58 | }
      | ^
[Jul 22 09:59:16]/d/ziyang/ziyangcheng/npc/obj/food/tea.lpc:42:1: warning: Unused local variable 'i'
   42 | }
      | ^
[Jul 22 09:59:16]/d/ziyang/ziyangcheng/npc/obj/food/tea.lpc:42:1: warning: Unused local variable 'lvl'
   42 | }
      | ^
[Jul 22 09:59:16]/d/ziyang/ziyangcheng/npc/obj/food/tea.lpc:42:1: warning: Unused local variable 'skills'
   42 | }
      | ^
[Jul 22 09:59:16]/d/ziyang/ziyangcheng/npc/obj/food/tea.lpc:42:1: warning: Unused local variable 'sk'
   42 | }
      | ^
[Jul 22 09:59:16]/d/ziyang/ziyanggong/haitan.lpc:47:1: warning: Unused local variable 'dir'
   47 | }
      | ^
[Jul 22 09:59:16]/d/ziyang/ziyanggong/under.lpc:15:8: error: Illegal character 0xe2
   15 |        “up" : __DIR__"shanmen",
      |        ^
[Jul 22 09:59:16]/d/ziyang/ziyanggong/under.lpc:15:8: error: syntax error, unexpected invalid token
   15 |        “up" : __DIR__"shanmen",
      |        ^
[Jul 22 09:59:16]/d/ziyang/ziyanggong/under.lpc:15:9: error: Illegal character 0x80
   15 |        “up" : __DIR__"shanmen",
      |         ^
[Jul 22 09:59:16]/d/ziyang/ziyanggong/under.lpc:15:10: error: Illegal character 0x9c
   15 |        “up" : __DIR__"shanmen",
      |          ^
[Jul 22 09:59:16]/d/ziyang/ziyanggong/under.lpc:20:1: error: End of file in string
[Jul 22 09:59:16]/d/ziyang/ziyanggong/npc/obj/tea.lpc:42:1: warning: Unused local variable 'i'
   42 | }
      | ^
[Jul 22 09:59:16]/d/ziyang/ziyanggong/npc/obj/tea.lpc:42:1: warning: Unused local variable 'lvl'
   42 | }
      | ^
[Jul 22 09:59:16]/d/ziyang/ziyanggong/npc/obj/tea.lpc:42:1: warning: Unused local variable 'skills'
   42 | }
      | ^
[Jul 22 09:59:16]/d/ziyang/ziyanggong/npc/obj/tea.lpc:42:1: warning: Unused local variable 'sk'
   42 | }
      | ^
[Jul 22 09:59:16]/d/ziyang/ziyanggong/npc/killer.lpc:82:1: warning: Unused local variable 'me'
   82 | }
      | ^
[Jul 22 09:59:16]/d/ziyang/ziyanggong/npc/killer.lpc:82:1: warning: Unused local variable 'i'
   82 | }
      | ^
[Jul 22 09:59:16]/d/ziyang/ziyanggong/npc/killer.lpc:82:1: warning: Unused local variable 'skill'
   82 | }
      | ^
[Jul 22 09:59:16]/u/solomon/d/npc/xiaoheshang.lpc:133:1: warning: Unused local variable 'obt'
  133 | }
      | ^
[Jul 22 09:59:16]/u/solomon/d/npc/xiaoheshang.lpc:133:1: warning: Unused local variable 'obc'
  133 | }
      | ^
[Jul 22 09:59:16]/u/solomon/d/npc/tie-ren.lpc:154:1: warning: clean_up() inherited from both /feature/clean_up.lpc and /feature/clean_up.lpc (via /inherit/char/npc.lpc); using the definition in /feature/clean_up.lpc.
[Jul 22 09:59:16]/u/solomon/d/npc/skywalker.lpc:72:1: warning: Unused local variable 'name'
   72 | }
      | ^
[Jul 22 09:59:16]/u/solomon/d/npc/skywalker.lpc:72:1: warning: Unused local variable 'id'
   72 | }
      | ^
[Jul 22 09:59:16]/u/solomon/d/npc/skywalker.lpc:108:1: warning: Unused local variable 'phrase'
  108 | }
      | ^
[Jul 22 09:59:16]/u/solomon/d/npc/skywalker.lpc:122:1: warning: Unused local variable 'phrase'
  122 | }
      | ^
[Jul 22 09:59:16]/u/solomon/d/npc/skywalker.lpc:402:1: warning: Unused local variable 'fam'
  402 | }
      | ^
[Jul 22 09:59:16]/u/solomon/room/readroom.lpc:67:23: warning: Previous function prototype for d_dakai does not match current function in return type ( void vs int )
   67 | int d_dakai(string arg)
      |                       ^
[Jul 22 09:59:16]/u/solomon/room/readroom.lpc:270:14: warning: Previous function prototype for d_guanbi does not match current function in return type ( void vs int )
  270 | int d_guanbi()
      |              ^
[Jul 22 09:59:16]/u/solomon/room/kitchen.lpc:142:1: warning: Unused local variable 'i'
  142 | }
      | ^
[Jul 22 09:59:16]/u/solomon/room/shenshanxia.lpc:62:1: warning: Unused local variable 'i'
   62 | }
      | ^
[Jul 22 09:59:16]/u/solomon/room/bamboo.lpc:57:1: warning: Unused local variable 'c_exp'
   57 | }
      | ^
[Jul 22 09:59:16]/u/solomon/room/bamboo.lpc:57:1: warning: Unused local variable 'c_skill'
   57 | }
      | ^
[Jul 22 09:59:16]/u/solomon/room/bedroom.lpc:64:1: warning: Unused local variable 'ob'
   64 | }
      | ^
[Jul 22 09:59:16]/u/zhangm/fenghuang/fenghuang/yandong6.lpc:58:1: warning: Unused local variable 'exp'
   58 | }
      | ^
[Jul 22 09:59:16]/u/zhangm/fenghuang/fenghuang/lgren.lpc:148:1: warning: clean_up() inherited from both /feature/clean_up.lpc and /feature/clean_up.lpc (via /inherit/char/npc.lpc); using the definition in /feature/clean_up.lpc.
[Jul 22 09:59:16]/u/zhangm/fenghuang/fenghuang/npc/xrace.lpc:429:44: warning: Unknown escape sequence '\�'.
  429 |                         command("say 也许\下次的运气会更好喔，後会有期，"+Player+"。");
      |                                            ^
      |                                            �
[Jul 22 09:59:16]/u/zhangm/fenghuang/fenghuang/npc/xrace.lpc:451:1: warning: Unused local variable 'me2'
  451 | }
      | ^
[Jul 22 09:59:16]/u/zhangm/fenghuang/fenghuang/npc/xrace.lpc:576:1: warning: Unused local variable 'list'
  576 | }
      | ^
[Jul 22 09:59:16]/u/zhangm/fenghuang/fenghuang/npc/xrace.lpc:598:1: warning: Unused local variable 'me'
  598 | }
      | ^
[Jul 22 09:59:16]/u/zhangm/fenghuang/fenghuang/yandong5.lpc:59:1: warning: Unused local variable 'exp'
   59 | }
      | ^
[Jul 22 09:59:17]/u/zhangm/fenghuang/fenghuang/yandong4.lpc:59:1: warning: Unused local variable 'exp'
   59 | }
      | ^
[Jul 22 09:59:17]/u/zhangm/fenghuang/fenghuang/yandong3.lpc:59:1: warning: Unused local variable 'exp'
   59 | }
      | ^
[Jul 22 09:59:17]/u/zhangm/fenghuang/fenghuang/shanghui.lpc:59:1: warning: Unused local variable 'exp'
   59 | }
      | ^
[Jul 22 09:59:17]/u/zhangm/fenghuang/fenghuang/yandong2.lpc:59:1: warning: Unused local variable 'exp'
   59 | }
      | ^
[Jul 22 09:59:17]/u/zhangm/fenghuang/fenghuang/obj/shen.lpc:82:1: warning: Unused local variable 'where'
   82 | }
      | ^
[Jul 22 09:59:17]/u/zhangm/fenghuang/fenghuang/obj/shen.lpc:82:1: warning: Unused local variable 'ob'
   82 | }
      | ^
[Jul 22 09:59:17]/u/zhangm/fenghuang/fenghuang/obj/shen.lpc:82:1: warning: Unused local variable 'skill'
   82 | }
      | ^
[Jul 22 09:59:17]/u/zhangm/fenghuang/fenghuang/obj/book1.lpc:68:1: warning: Unused local variable 'where'
   68 | }
      | ^
[Jul 22 09:59:17]/u/zhangm/fenghuang/fenghuang/obj/book1.lpc:68:1: warning: Unused local variable 'ob'
   68 | }
      | ^
[Jul 22 09:59:17]/u/zhangm/fenghuang/fenghuang/obj/book1.lpc:68:1: warning: Unused local variable 'skill'
   68 | }
      | ^
[Jul 22 09:59:17]/u/zhangm/fenghuang/fenghuang/obj/book1.lpc:68:1: warning: Unused local variable 'pxlevel'
   68 | }
      | ^
[Jul 22 09:59:17]/u/zhangm/fenghuang/fenghuang/obj/jqr1.lpc:70:1: warning: Unused local variable 'where'
   70 | }
      | ^
[Jul 22 09:59:17]/u/zhangm/fenghuang/fenghuang/obj/jqr1.lpc:70:1: warning: Unused local variable 'ob'
   70 | }
      | ^
[Jul 22 09:59:17]/u/zhangm/fenghuang/fenghuang/obj/jqr1.lpc:70:1: warning: Unused local variable 'skill'
   70 | }
      | ^
[Jul 22 09:59:17]/u/zhangm/fenghuang/fenghuang/obj/jqr1.lpc:114:1: warning: Unused local variable 'where'
  114 | }
      | ^
[Jul 22 09:59:17]/u/zhangm/fenghuang/fenghuang/obj/jqr1.lpc:114:1: warning: Unused local variable 'ob'
  114 | }
      | ^
[Jul 22 09:59:17]/u/zhangm/fenghuang/fenghuang/obj/jqr1.lpc:114:1: warning: Unused local variable 'skill'
  114 | }
      | ^
[Jul 22 09:59:17]/u/zhangm/fenghuang/fenghuang/obj/yao.lpc:32:9: error: syntax error, unexpected L_DEFINED_NAME
   32 |         message_vision(HIG
      |         ^
[Jul 22 09:59:17]/u/zhangm/fenghuang/fenghuang/npc/boss.lpc:96:1: warning: Unused local variable 'value'
   96 | }       
      | ^
[Jul 22 09:59:17]/u/zhangm/fenghuang/fenghuang/npc/xdice.lpc:206:1: warning: Unused local variable 'j'
  206 | }
      | ^
[Jul 22 09:59:17]/u/zhangm/fenghuang/fenghuang/npc/banker.lpc:49:1: warning: clean_up() inherited from both /feature/clean_up.lpc (via /feature/banker.lpc) and /feature/clean_up.lpc (via /inherit/char/npc.lpc); using the definition in /feature/banker.lpc.
[Jul 22 09:59:17]/u/zhangm/fenghuang/fenghuang/npc/lgren.lpc:146:1: warning: clean_up() inherited from both /feature/clean_up.lpc and /feature/clean_up.lpc (via /inherit/char/npc.lpc); using the definition in /feature/clean_up.lpc.
[Jul 22 09:59:17]/u/zhangm/fenghuang/fenghuang/npc/guaishou.lpc:81:1: warning: Unused local variable 'i'
   81 | }
      | ^
[Jul 22 09:59:17]/u/zhangm/fenghuang/fenghuang/npc/guaishou.lpc:81:1: warning: Unused local variable 'skill'
   81 | }
      | ^
[Jul 22 09:59:17]/u/zhangm/fenghuang/fenghuang/npc/kaoguan.lpc:18:1: warning: Unused local variable 'ob'
   18 | }
      | ^
[Jul 22 09:59:17]/u/zhangm/fenghuang/fenghuang/npc/kaoguan.lpc:58:1: warning: Unused local variable 'guild'
   58 | }
      | ^
[Jul 22 09:59:17]/u/zhangm/fenghuang/fenghuang/npc/obj/blade.lpc:25:1: warning: clean_up() inherited from both /feature/clean_up.lpc (via /inherit/weapon/blade.lpc) and /feature/clean_up.lpc (via /feature/sserver.lpc); using the definition in /inherit/weapon/blade.lpc.
[Jul 22 09:59:17]/u/zhangm/fenghuang/fenghuang/npc/tiansha.lpc:239:1: warning: Unused local variable 'test'
  239 | }
      | ^
[Jul 22 09:59:17]/u/zhangm/fenghuang/fenghuang/npc/mj.lpc:789:1: warning: Unused local variable 'k'
  789 | }
      | ^
[Jul 22 09:59:17]/u/zhangm/fenghuang/fenghuang/npc/mj.lpc:863:1: warning: Unused local variable 'k'
  863 | }
      | ^
[Jul 22 09:59:17]/u/zhangm/fenghuang/fenghuang/npc/mj.lpc:1395:1: warning: Unused local variable 'b'
 1395 | }
      | ^
[Jul 22 09:59:17]/u/zhangm/fenghuang/fenghuang/npc/mj.lpc:1546:1: warning: Unused local variable 'temp1'
 1546 | }
      | ^
[Jul 22 09:59:17]/u/zhangm/fenghuang/fenghuang/npc/mj.lpc:1546:1: warning: Unused local variable 'j'
 1546 | }
      | ^
[Jul 22 09:59:17]/u/zhangm/fenghuang/fenghuang/npc/mj.lpc:1575:1: warning: Unused local variable 'check'
 1575 | }
      | ^
[Jul 22 09:59:17]/u/zhangm/fenghuang/fenghuang/npc/mj.lpc:1595:1: warning: Unused local variable 'newstr'
 1595 | }
      | ^
[Jul 22 09:59:17]/u/zhangm/fenghuang/fenghuang/npc/mj.lpc:1634:31: warning: Unknown escape sequence '\�'.
 1634 |            Mj+=who["Id"]+":摆\在外面的牌有:\n";
      |                               ^
      |                               �
[Jul 22 09:59:17]/u/zhangm/fenghuang/fenghuang/npc/mj.lpc:1647:23: warning: Unknown escape sequence '\�'.
 1647 |            Mj+="你摆\在外面的牌有:\n";
      |                       ^
      |                       �
[Jul 22 09:59:17]/u/zhangm/fenghuang/fenghuang/npc/mj.lpc:1656:37: warning: Unknown escape sequence '\�'.
 1656 |               Mj+=P1Data["Id"]+":摆\在外面的牌有:\n";
      |                                     ^
      |                                     �
[Jul 22 09:59:17]/u/zhangm/fenghuang/fenghuang/npc/mj.lpc:1660:37: warning: Unknown escape sequence '\�'.
 1660 |               Mj+=P2Data["Id"]+":摆\在外面的牌有:\n";
      |                                     ^
      |                                     �
[Jul 22 09:59:17]/u/zhangm/fenghuang/fenghuang/npc/mj.lpc:1664:37: warning: Unknown escape sequence '\�'.
 1664 |               Mj+=P3Data["Id"]+":摆\在外面的牌有:\n";
      |                                     ^
      |                                     �
[Jul 22 09:59:17]/u/zhangm/fenghuang/fenghuang/npc/mj.lpc:1668:37: warning: Unknown escape sequence '\�'.
 1668 |               Mj+=P4Data["Id"]+":摆\在外面的牌有:\n";
      |                                     ^
      |                                     �
[Jul 22 09:59:17]/u/zhangm/fenghuang/fenghuang/npc/mj.lpc:1894:1: warning: Unused local variable 'str'
 1894 | }
      | ^
[Jul 22 09:59:17]/u/zhangm/fenghuang/fenghuang/npc/bobi.lpc:73:6: warning: Unused local variable 'i'
   73 |      } 
      |      ^
[Jul 22 09:59:18]/u/zhangm/fenghuang/fenghuang/yandong1.lpc:59:1: warning: Unused local variable 'exp'
   59 | }
      | ^
[Jul 22 09:59:18]/u/zhangm/fenghuang/fenghuang/luxingchu.lpc:33:1: warning: Unused local variable 'ob'
   33 | }
      | ^
[Jul 22 09:59:18]/u/winder/topten.lpc:31:1: warning: Unused local variable 'id'
   31 | }
      | ^
[Jul 22 09:59:18]/u/winder/topten.lpc:31:1: warning: Unused local variable 'i'
   31 | }
      | ^
[Jul 22 09:59:18]/u/winder/topten.lpc:31:1: warning: Unused local variable 'exp'
   31 | }
      | ^
[Jul 22 09:59:18]/u/winder/topten.lpc:48:1: warning: Unused local variable 'me'
   48 | }
      | ^
[Jul 22 09:59:18]/u/winder/cloth.lpc:57:1: warning: Unused local variable 'my_level'
   57 | }
      | ^
[Jul 22 09:59:18]/u/winder/cloth.lpc:57:1: warning: Unused local variable 'ob_level'
   57 | }
      | ^
[Jul 22 09:59:18]/u/winder/cloth.lpc:57:1: warning: Unused local variable 'level'
   57 | }
      | ^
[Jul 22 09:59:18]/u/java/room/bobing.lpc:151:1: warning: Unused local variable 'j'
  151 | }
      | ^
[Jul 22 09:59:18]/u/java/room/bobing.lpc:151:1: warning: Unused local variable 'k'
  151 | }
      | ^
[Jul 22 09:59:18]/u/java/room/bobing.lpc:782:1: warning: Unused local variable 'play'
  782 | }
      | ^
[Jul 22 09:59:18]/u/xinyi/npc/sungoku.lpc:97:1: warning: Unused local variable 'ob'
   97 | }
      | ^
[Jul 22 09:59:18]/u/xinyi/npc/sungoku.lpc:165:13: warning: Number of arguments to 'revive' disagrees with previous definition.
  165 | void revive()
      |             ^
[Jul 22 09:59:18]/u/xinyi/bedroom.lpc:50:1: error: End of file in text block
[Jul 22 09:59:18]/u/xinyi/bedroom.lpc:50:1: error: syntax error, unexpected end of file
[Jul 22 09:59:18]/u/fuyunke/score.lpc:58:24: error: Undefined variable 'attack_points'
   58 |          attack_points = COMBAT_D->skill_power(ob, skill_type, SKILL_USAGE_ATTACK);
      |                        ^
[Jul 22 09:59:18]/u/fuyunke/score.lpc:58:24: error: Illegal lvalue
   58 |          attack_points = COMBAT_D->skill_power(ob, skill_type, SKILL_USAGE_ATTACK);
      |                        ^
[Jul 22 09:59:18]/u/fuyunke/score.lpc:59:23: error: Undefined variable 'parry_points'
   59 |          parry_points = COMBAT_D->skill_power(ob, skill_type, SKILL_USAGE_DEFENSE);
      |                       ^
[Jul 22 09:59:18]/u/fuyunke/score.lpc:59:23: error: Illegal lvalue
   59 |          parry_points = COMBAT_D->skill_power(ob, skill_type, SKILL_USAGE_DEFENSE);
      |                       ^
[Jul 22 09:59:18]/u/fuyunke/score.lpc:60:23: error: Undefined variable 'dodge_points'
   60 |          dodge_points = COMBAT_D->skill_power(ob, "dodge", SKILL_USAGE_DEFENSE);
      |                       ^
[Jul 22 09:59:18]/u/fuyunke/score.lpc:60:23: error: Illegal lvalue
   60 |          dodge_points = COMBAT_D->skill_power(ob, "dodge", SKILL_USAGE_DEFENSE);
      |                       ^
[Jul 22 09:59:18]/u/fuyunke/score.lpc:72:11: warning: Expression has no side effects, and the value is unused
   72 |          );
      |           ^
[Jul 22 09:59:18]/u/fuyunke/score.lpc:72:11: warning: Expression has no side effects, and the value is unused
   72 |          );
      |           ^
[Jul 22 09:59:18]/u/fuyunke/score.lpc:90:10: warning: Unused local variable 'pker'
   90 |          }
      |          ^
[Jul 22 09:59:18]/u/fuyunke/hp.lpc:50:20: error: syntax error, unexpected '(', expecting L_ASSIGN or ';' or ','
   50 | string status_color(int current, int max)
      |                    ^
[Jul 22 09:59:18]/u/fuyunke/hp.lpc:54:19: error: Bad left argument to '>' : "function "
   54 |         if( max>0 ) percent = current * 100 / max;
      |                   ^
[Jul 22 09:59:18]/u/fuyunke/hp.lpc:54:29: error: Undefined variable 'percent'
   54 |         if( max>0 ) percent = current * 100 / max;
      |                             ^
[Jul 22 09:59:18]/u/fuyunke/hp.lpc:54:29: error: Illegal lvalue
   54 |         if( max>0 ) percent = current * 100 / max;
      |                             ^
[Jul 22 09:59:18]/u/fuyunke/hp.lpc:54:39: error: Undefined variable 'current'
   54 |         if( max>0 ) percent = current * 100 / max;
      |                                       ^
[Jul 22 09:59:18]/u/fuyunke/hp.lpc:54:50: error: Bad argument 2 to '/': "function "
   54 |         if( max>0 ) percent = current * 100 / max;
      |                                                  ^
[Jul 22 09:59:18]/u/fuyunke/makemoney.lpc:1:1: error: Illegal character 0xe4
    1 | 一 亲爱的网友，请仔细阅读下面的信息，不用15分钟，您就可通过上网来赚钱而丝毫不营响您的正常工作，尤其是打工阶层，能在工作的同时， 
      | ^
[Jul 22 09:59:18]/u/fuyunke/makemoney.lpc:1:1: error: syntax error, unexpected invalid token
    1 | 一 亲爱的网友，请仔细阅读下面的信息，不用15分钟，您就可通过上网来赚钱而丝毫不营响您的正常工作，尤其是打工阶层，能在工作的同时， 
      | ^
[Jul 22 09:59:18]/u/SUPER/usershop/0super0.lpc:12:1: warning: Unused local variable 'building_type'
   12 | }
      | ^
[Jul 22 09:59:18]/u/SUPER/foodmaker.lpc:82:1: warning: Unused local variable 'dir'
   82 | }
      | ^
[Jul 22 09:59:18]/u/SUPER/foodmaker.lpc:82:1: warning: Unused local variable 'code'
   82 | }
      | ^
[Jul 22 09:59:18]/u/SUPER/foodmaker.lpc:82:1: warning: Unused local variable 'money'
   82 | }
      | ^
[Jul 22 09:59:18]/u/ZXCDZXCD/buliechang1.lpc:1:9: error: syntax error, unexpected '<', expecting L_ASSIGN or ';' or '(' or ','
    1 | include <ansi.h>
      |         ^
[Jul 22 09:59:18]/u/ZXCDZXCD/shenjiangdian2.lpc:13:18: error: syntax error, unexpected ':'
   13 |      "southwest" : __DIR__"shouwangdian",
      |                  ^
[Jul 22 09:59:18]/u/ZXCDZXCD/xianrengu.lpc:1:9: error: syntax error, unexpected '<', expecting L_ASSIGN or ';' or '(' or ','
    1 | include <ansi.h>
      |         ^
[Jul 22 09:59:18]/u/ZXCDZXCD/hufatang1.lpc:12:18: error: syntax error, unexpected ':'
   12 |      "northeast" : __DIR__"huatan",
      |                  ^
[Jul 22 09:59:18]/u/ZXCDZXCD/jiagongchang.lpc:14:9: error: syntax error, unexpected L_DEFINED_NAME
   14 |         set("no_fight", 1)
      |         ^
[Jul 22 09:59:18]/u/ZXCDZXCD/buliechang2.lpc:1:9: error: syntax error, unexpected '<', expecting L_ASSIGN or ';' or '(' or ','
    1 | include <ansi.h>
      |         ^
[Jul 22 09:59:18]/u/ZXCDZXCD/NPC/shenshouwang.lpc:8:49: error: Illegal character 0xe7
    8 |                 "他就是兽族的最高统帅"神兽王"。\n"
      |                                                 ^
[Jul 22 09:59:18]/u/ZXCDZXCD/NPC/shenshouwang.lpc:8:49: error: syntax error, unexpected invalid token
    8 |                 "他就是兽族的最高统帅"神兽王"。\n"
      |                                                 ^
[Jul 22 09:59:18]/u/ZXCDZXCD/NPC/shenshouwang.lpc:8:50: error: Illegal character 0xa5
    8 |                 "他就是兽族的最高统帅"神兽王"。\n"
      |                                                  ^
[Jul 22 09:59:18]/u/ZXCDZXCD/NPC/shenshouwang.lpc:8:51: error: Illegal character 0x9e
    8 |                 "他就是兽族的最高统帅"神兽王"。\n"
      |                                                   ^
[Jul 22 09:59:18]/u/ZXCDZXCD/NPC/shenshouwang.lpc:8:52: error: Illegal character 0xe5
    8 |                 "他就是兽族的最高统帅"神兽王"。\n"
      |                                                    ^
[Jul 22 09:59:18]/u/ZXCDZXCD/NPC/shenshouwang.lpc:8:53: error: Illegal character 0x85
    8 |                 "他就是兽族的最高统帅"神兽王"。\n"
      |                                                     ^
[Jul 22 09:59:18]/u/ZXCDZXCD/NPC/zxcd_yongshi.lpc:2:1: error: syntax error, unexpected L_INHERIT, expecting L_STRING or '+' or ';'
    2 | inherit F_MASTER
      | ^
[Jul 22 09:59:18]/u/ZXCDZXCD/hufatang2.lpc:11:18: error: syntax error, unexpected ':'
   11 |      "northeast" : __DIR__"huatan",
      |                  ^
[Jul 22 09:59:18]/u/ZXCDZXCD/shenjiangdian1.lpc:13:18: error: syntax error, unexpected ':'
   13 |      "southeast" : __DIR__"shouwangdian",
      |                  ^
[Jul 22 09:59:18]/u/ZXCDZXCD/shouwangdian.lpc:13:18: error: syntax error, unexpected ':'
   13 |      "northwest" : __DIR__"shenjiangdian1",
      |                  ^
[Jul 22 09:59:18]/u/ZXCDZXCD/luxingchu.lpc:33:1: warning: Unused local variable 'ob'
   33 | }
      | ^
[Jul 22 09:59:18]/adm/daemons/gb_b5d.lpc:9:101: warning: Unknown escape sequence '\�'.
    9 | "〖〖〖〖〖〖〖〖\〖〖〖〖〖〖〖〖〖〖〖〖〖〖〖〖〖〖〖〖〖〖〖〖〖〖〖〖〖〖〖〖〖〖〖〖〖〖",
      |                                                                                                     ^
      |                                                                                                     �
[Jul 22 09:59:18]/adm/daemons/gb_b5d.lpc:19:174: warning: Unknown escape sequence '\�'.
   19 | "摆甁玼玸絁砾魔窯︺锚稲筰綽穞─觟魂痵蔽减楷猛镀而疽緿ザぺ┺禰箆р膨臦絵フ琭κ耚\ㄕ毖摞闯痁穐ф箋狾ш┱︸盲快蔡ü腊滨篯籋竕次絊癋麻衬两璫璏角",
      |                                                                                                                                                                              ^
      |                                                                                                                                                                              �
[Jul 22 09:59:18]/adm/daemons/gb_b5d.lpc:20:32: warning: Unknown escape sequence '\�'.
   20 | "痢箁玂躇埂腳╆厨忌癨\纉脄狹窸磀晋璉ī綳疺称疚礖砆゜璮セ猜盰羄论皀笹惑ゑ焕掸┘貉闵姜拨琅蟞刽肤超蓖国ゲ笯纠羥磷啊聾娩絪禨獽跑に侩臛膢筂夹矯建啪鍃莽眑賧脁镭猾扈琡绘",
      |                                ^
      |                                �
[Jul 22 09:59:18]/adm/daemons/gb_b5d.lpc:21:136: warning: Unknown escape sequence '\�'.
   21 | "痜翟冀挤糙猧痴玨穒筦轰┉岔蹭籏瘩獃婚干梆ぃガ˙茂场┢揽瞦掉癩窧津眒垫讲繺\把批摧篎篏篱籥康飞旅巨罻佳变碯郸凹代糷驩础映琩忭穏诡畉敢╊癧膃篣峦芶毗鸟藐玻哪鸥瞫",
      |                                                                                                                                        ^
      |                                                                                                                                        �
[Jul 22 09:59:18]/adm/daemons/gb_b5d.lpc:27:118: warning: Unknown escape sequence '\�'.
   27 | "疊瞖褐钓ケ╦季徊皔层灯┎籊璾捌滦结確撑浮璽碔璻包浚㎎究骨赣э阀秚籠\礍ヌ琣▁话稰祕幢艬葵▃乎盺翠縯痮蔼籌縷穌骂絑簈懒む翭澄腐叼徽筳惶倒蛤┌眉",
      |                                                                                                                      ^
      |                                                                                                                      �
[Jul 22 09:59:18]/adm/daemons/gb_b5d.lpc:28:19: warning: Unknown escape sequence '\�'.
   28 | "瓽别ю\徘ㄑ癭そ甤綿‥癪筥つ肪璭篶潦镑禿郏〣鉚︳猣﹖﹉躬袍癌é珿臮㏕侗ナ詌硅珽籵╀┣疵闽﹛玜芠恨繻砒篋拈砮約硙豪砏趾耴纓挥瓂碍皋螥各禥糄継簎匆羚尝瓣狦籷筁",
      |                   ^
      |                   �
[Jul 22 09:59:18]/adm/daemons/gb_b5d.lpc:33:119: warning: Unknown escape sequence '\�'.
   33 | "荷玪垢掺氟垂腍ㄊ佩弘竐竒か牡春繴繰挂穛描畖礿箃澈膙瞓祣椽╯╤╞皊碶\毕侣︔袱㏒碞六╇痡﹡緎碘Ы〤痻羭猶籈┶沮エㄣ禯锦亏倪粿肶甋膊竓灞盘о备里谋∕砕荡А颠秜瓁甿",
      |                                                                                                                       ^
      |                                                                                                                       �
[Jul 22 09:59:18]/adm/daemons/gb_b5d.lpc:34:154: warning: Unknown escape sequence '\�'.
   34 | "玊丹疌皃翤池〡秨磠发惩磏臭吧Б眃築罵Κкぎσ疦綼￢璙琠词絎聋催珁戴ㄨ揭百玖赖\ふ北徉Ι盕琝\竇璚慌畐壳呜阁遏竉畸е糴蹿胆╣膓驳胢猵莲帛跎縮釜豁橙",
      |                                                                                                                                                          ^
      |                                                                                                                                                          �
[Jul 22 09:59:18]/adm/daemons/gb_b5d.lpc:34:181: warning: Unknown escape sequence '\�'.
   34 | "玊丹疌皃翤池〡秨磠发惩磏臭吧Б眃築罵Κкぎσ疦綼￢璙琠词絎聋催珁戴ㄨ揭百玖赖\ふ北徉Ι盕琝\竇璚慌畐壳呜阁遏竉畸е糴蹿胆╣膓驳胢猵莲帛跎縮釜豁橙",
      |                                                                                                                                                                                     ^
      |                                                                                                                                                                                     �
[Jul 22 09:59:18]/adm/daemons/gb_b5d.lpc:35:8: warning: Unknown escape sequence '\�'.
   35 | "鮔穃\检珹耎锅溜︰┰斥您镁欢罢弟ㄓ苦屡褒逆膁膞榴孽膇朋凝胕苐年垒瞱穧疶碮即骋╟ρㄐ筎疧妩扒贾筽臞立経仓纖耂据ω摸瞈\俦帆往冰瞤兢芚疻瞒簐瞶ń肬搂产腞糉纘膖菌〖ㄒ玏",
      |        ^
      |        �
[Jul 22 09:59:18]/adm/daemons/gb_b5d.lpc:35:196: warning: Unknown escape sequence '\�'.
   35 | "鮔穃\检珹耎锅溜︰┰斥您镁欢罢弟ㄓ苦屡褒逆膁膞榴孽膇朋凝胕苐年垒瞱穧疶碮即骋╟ρㄐ筎疧妩扒贾筽臞立経仓纖耂据ω摸瞈\俦帆往冰瞤兢芚疻瞒簐瞶ń肬搂产腞糉纘膖菌〖ㄒ玏",
      |                                                                                                                                                                                                    ^
      |                                                                                                                                                                                                    �
[Jul 22 09:59:18]/adm/daemons/gb_b5d.lpc:37:116: warning: Unknown escape sequence '\�'.
   37 | "订胋胠明加苞篛罬簗莫縞芵胒膌聚晨父緗腟窵臩隔革忱轲窼魁嘲籍苆綯玅糹桂羂\納粹瞯耾厚舝潘舙芿睹卑菠绷近ㄚ瞋胡阶炮脸霉呸苧芛臶籸辅纃蹈洱陈嚎絏柯皑絴估盾甀禦沉芥邻縡腃芞骸蒋耙篊憨",
      |                                                                                                                    ^
      |                                                                                                                    �
[Jul 22 09:59:18]/adm/daemons/gb_b5d.lpc:38:61: warning: Unknown escape sequence '\�'.
   38 | "疸▇猐Γ蝉窟璗零をベ筭璟玙碪华禩\猅宾〖綻费⊿碈菱–琋碖ゝ碅磂缔籜耤幅盔瞨冠﹕絅钆名罶癵良辣μ砎猚籩盞经粗痸壶懊玧甕絨璢磞核缕殆紂М桨防チ┳プ庇姬辉苛伙皇㏑抡篘",
      |                                                             ^
      |                                                             �
[Jul 22 09:59:18]/adm/daemons/gb_b5d.lpc:40:279: warning: Unknown escape sequence '\�'.
   40 | "谰雷п秙羨緻笰ィ穢環耗蓝膠空瓳稼琶嫁寐姑案鈞霸瓀┈┤礭╃逼礟眗贷胟硷絃結痐玵ャ胑赍璂┻〩砊禲獁〢璅蚌籶竭抄皌ㄘ↘糛痽┽瞚缄碸酱醋窷罯勘狟腜狈窱蓑响臨у┸糀礬\瑂",
      |                                                                                                                                                                                                                                                                                       ^
      |                                                                                                                                                                                                                                                                                       �
[Jul 22 09:59:18]/adm/daemons/gb_b5d.lpc:48:94: warning: Unknown escape sequence '\�'.
   48 | "ヅ氨獸畑弗硄喱利簧担表讯旦参礹敖щ繷硓╮瓜畕硚襖\監ㄟ带刮崩繸籐咐科癶べ羦╈Λ叉纊工緈掘Т┹宠珃奠黑ニ柠琻杰舠芖箈諮Ч窲边祊眥﹞胞窾得↙狿呼┕辨а",
      |                                                                                              ^
      |                                                                                              �
[Jul 22 09:59:18]/adm/daemons/gb_b5d.lpc:51:227: warning: Unknown escape sequence '\�'.
   51 | "У╲糞筏ㄇ凡萌綾拟ǜ弊坑糶瘪蒙居猲耺谅甴羱綨猋ǒ穝抒み獺舻琍竰礦磇砍ǚ︽眶┋┦﹎た动旱ヰ槽Υ跺拿╭砈赂糣Ζ惠店糔斗畗砛\籛长痹Π痓刀碆狐尿癮迟腶臂ト",
      |                                                                                                                                                                                                                                   ^
      |                                                                                                                                                                                                                                   �
[Jul 22 09:59:18]/adm/daemons/gb_b5d.lpc:54:131: warning: Unknown escape sequence '\�'.
   54 | "璣腻捆芅莱耪键棵犁悍们墓紇縪祑琈抽局羢麝眅筶裤负碟猘疐ッ眝玦ノ纔眣紐ぷパ秎筡\礢猳村ɑΤね筕护ギū睯樊阜稭林玕\筄辰磖袋寒定ぉ甌獴籔垃粂πド办ā笿畴畁眘稶饼夯▅臕",
      |                                                                                                                                   ^
      |                                                                                                                                   �
[Jul 22 09:59:18]/adm/daemons/gb_b5d.lpc:54:195: warning: Unknown escape sequence '\�'.
   54 | "璣腻捆芅莱耪键棵犁悍们墓紇縪祑琈抽局羢麝眅筶裤负碟猘疐ッ眝玦ノ纔眣紐ぷパ秎筡\礢猳村ɑΤね筕护ギū睯樊阜稭林玕\筄辰磖袋寒定ぉ甌獴籔垃粂πド办ā笿畴畁眘稶饼夯▅臕",
      |                                                                                                                                                                                                   ^
      |                                                                                                                                                                                                   �
[Jul 22 09:59:18]/adm/daemons/gb_b5d.lpc:55:110: warning: Unknown escape sequence '\�'.
   55 | "疍碕肝箇枯犊纏瞁じ癒穿琳堕蛾丰方絫环璪篅皘り禫臘芲┄竑る綷\お啜っ筴す笲沫吝穡谬ゥ瘂馒玽╝甠更鲢既觅臖纽府綝罺苭摩辞Ν峻癉募靖硑╩╛狸砫拒玥緼搁糤绩纯秘ゃ冲错ゾ",
      |                                                                                                              ^
      |                                                                                                              �
[Jul 22 09:59:18]/adm/daemons/gb_b5d.lpc:62:208: warning: Unknown escape sequence '\�'.
   62 | "妥喻谢屑胱〖薪躊虐皉狱欲愈罪阻秐躌鋕宦鋒綢鑄凛翎鯶漪蕂续〖詍糆黎魒〖〖〖訨〖ク痗蠾尸邦〖寡镺久坤〖翿扇胏Е〖〖缩聆‐\他藹唆锁它粤蜸蜹苠院〖〖袻饿锄茕袽裄圆〖苑榜〖",
      |                                                                                                                                                                                                                ^
      |                                                                                                                                                                                                                �
[Jul 22 09:59:18]/adm/daemons/gb_b5d.lpc:63:179: warning: Unknown escape sequence '\�'.
   63 | "愿运缘源猿丌亍〖雏茼〖醄酼〖糢纳舋舤〖蔒蔔藌恕涂耍藎藑隦痛艟〖璘投秃矨电鐅土途屠〖〖璕兔衱璠〖小舾衝璥衭璡\〖衵衶璬鐁〖璯恩農孝衠觹觲掰鏽鹰谗应譴隠蝇赢頟律觮衦觭汉鈒",
      |                                                                                                                                                                                   ^
      |                                                                                                                                                                                   �
[Jul 22 09:59:18]/adm/daemons/gb_b5d.lpc:64:266: warning: Unknown escape sequence '\�'.
   64 | "〖樱鸢〖籢咭〖〖豺懵副阐譵铲〖籝猖〖譯議隣昌柴拆譡臿〖底踡踥踦曰〖抵踤掂踰〖点踸踻佃甸踶笛狄踍邾嫡踐竣递踨〖弑吒吖呋階〖呗隓吣赴付复攥鏾哒俯傅愀愎憬臵〖籣籧籙惆黟惝愣惴悻〖頏鏫\縚〖鐄觚鏣末",
      |                                                                                                                                                                                                                                                                          ^
      |                                                                                                                                                                                                                                                                          �
[Jul 22 09:59:18]/adm/daemons/gb_b5d.lpc:66:74: warning: Unknown escape sequence '\�'.
   66 | "篜耝镒剂跬〖棣椁祆缆駿鬏手〖稩〖糡\〖〖錐舖蕐耱〖轩〖〖〖诉〖〦㎏孙㎞纚〧㎜绥〖〖忘珄〖椠玿澌雇蜯〖锳〖镈〖炝珆〖竞威蜰酠恤糋瓹絮茉〖瓺悬瓵詗股豲豴〖内扮稗〖評〖",
      |                                                                          ^
      |                                                                          �
[Jul 22 09:59:18]/adm/daemons/gb_b5d.lpc:68:112: warning: Unknown escape sequence '\�'.
   68 | "眂仳棍贵〖糿勺世Я跪事畇〖碢〖蘜蘣〖蘟│┃蘡〖閍錳蝳盬錭喳盷渣誅盶\贼盨盪蜡〖碤劓軷劂稤屺刿剌軴稢〖幔錬糺燎熠舚蒐蘵眛眕眜碼載紉閡劈〖〖搔蔆聏〖薱薳〖蚢侠阛蕃谣疿要舀阘窑",
      |                                                                                                                ^
      |                                                                                                                �
[Jul 22 09:59:18]/adm/daemons/gb_b5d.lpc:70:44: warning: Unknown escape sequence '\�'.
   70 | "貮崆学穴靴血磄雹誢誠\宝报鲍眧穀濡磈磆磎磗磒輍輌篐缉棘讥〖鞠胘┙駉谽硫叮秢躾鰇綶瑙瑕霩霮〖霯霳霧铖琉麦迈脉鮁〖〖┫〖升生牲跤↗∟╘\≒≦〖╔╖╕凫跳挑条騗脃猼猺〖獈獇秭甜恬猙猯獅",
      |                                            ^
      |                                            �
[Jul 22 09:59:18]/adm/daemons/gb_b5d.lpc:70:213: warning: Unknown escape sequence '\�'.
   70 | "貮崆学穴靴血磄雹誢誠\宝报鲍眧穀濡磈磆磎磗磒輍輌篐缉棘讥〖鞠胘┙駉谽硫叮秢躾鰇綶瑙瑕霩霮〖霯霳霧铖琉麦迈脉鮁〖〖┫〖升生牲跤↗∟╘\≒≦〖╔╖╕凫跳挑条騗脃猼猺〖獈獇秭甜恬猙猯獅",
      |                                                                                                                                                                                                                     ^
      |                                                                                                                                                                                                                     �
[Jul 22 09:59:18]/adm/daemons/gb_b5d.lpc:71:68: warning: Unknown escape sequence '\�'.
   71 | "瑊疕冼惜蟱蟲轼蟴聅鈗捡蟰襊襉臻鎈\襏疜〖襑襔褾瞆睳瞂睸聀瞘枕縄瞙阵睩耼蔗振睷亳大礏贕轞礕猢贙存磋挫礑轑仿踉猊镲妨诽轕〖轙鎋吠轝轋芳轍鍯騘胻〖酣猓邯狻膋秕含鈛簒鍭鍬鍮艰鍸监茧胾",
      |                                                                    ^
      |                                                                    �
[Jul 22 09:59:18]/adm/daemons/gb_b5d.lpc:72:47: warning: Unknown escape sequence '\�'.
   72 | "闍緾縁縂军泪冷〖磊擂胿騝胹鬳鬨\鹏〖蓅蘕蘔甪诂氖篠鬼糳雛救羁瞠〖臀脱瓇械骡瓄硍癿语足泡卒硃硘诅秄秊躆躉唷筃鄛笽綜桓唤豢炬款霖鳞落裸缅〖眐谓佤蓇甹泽碐幄阔捏褃└譞碷鳔〖О糰贯Л",
      |                                               ^
      |                                               �
[Jul 22 09:59:18]/adm/daemons/gb_b5d.lpc:73:57: warning: Unknown escape sequence '\�'.
   73 | "实﹏氐КП﹒蘃﹐﹌ヽ哉糲蝕鲕〖甗甛\碋糭甈甔甎剥匝盌孕盄盇糮〖二碊碄馗饵醨稡門困荀醬逛镽光惯广醟糬镼閄煨括腬\稍〖Х蘓碏蘒枋緊総鮛沛緌栉呕鱺纁苲癔癫穸鰘鮟腅鰙鮝鮞臲鰗鱸苉〖蠯蹒",
      |                                                         ^
      |                                                         �
[Jul 22 09:59:18]/adm/daemons/gb_b5d.lpc:73:166: warning: Unknown escape sequence '\�'.
   73 | "实﹏氐КП﹒蘃﹐﹌ヽ哉糲蝕鲕〖甗甛\碋糭甈甔甎剥匝盌孕盄盇糮〖二碊碄馗饵醨稡門困荀醬逛镽光惯广醟糬镼閄煨括腬\稍〖Х蘓碏蘒枋緊総鮛沛緌栉呕鱺纁苲癔癫穸鰘鮟腅鰙鮝鮞臲鰗鱸苉〖蠯蹒",
      |                                                                                                                                                                      ^
      |                                                                                                                                                                      �
[Jul 22 09:59:18]/adm/daemons/gb_b5d.lpc:75:53: warning: Unknown escape sequence '\�'.
   75 | "礰凇疯缝薅峰逢栗毫紷縓捻紸姒姊箭縗\丽荔韎聑判鬿瘠螗命薆ˊ薈釿鬠狫猈狧藤〖猄俪甲柄狣狪猇蟄劳螩鬝琟琲鬡琷螶琧螸琹摈蟖琫琸騌嘻祺衍演俨绝谚珐验釴彬央〖眷捞麽〖眼彪绽站樟标漳溺簇偃胮遛赐",
      |                                                     ^
      |                                                     �
[Jul 22 09:59:18]/adm/daemons/gb_b5d.lpc:76:200: warning: Unknown escape sequence '\�'.
   76 | "麾蒉偈纪菰葱俟菸菀罚萦矾芕藩〖〖葸萼簂膆胵釧跹萆钒翻篸釯篺篻簁釸狳篳釺耣篲騆釰逵牢钾逄彖騏遐抉槟酪檠槿决忐胷娟槭撅騒鞤姥祯佬〖愤〖猏\蟚架蟜鈌涝哲殂蓰耹殁癰砿〖禷鳪蹳禼蹾〖鱡埝庚羹鄖鄕怀禁浸",
      |                                                                                                                                                                                                        ^
      |                                                                                                                                                                                                        �
[Jul 22 09:59:18]/adm/daemons/gb_b5d.lpc:77:158: warning: Unknown escape sequence '\�'.
   77 | "靳烬筷馞冕〖瘫嶙碑磚穉穈輚輛嶂籒縙揖蘩韗韕餓〖深身束捐猉淌蚏琓熙析琑坞晤言剧穟摘〖淳穣堇狼篭\榇镗耟膄匿禢坳坭禡痿疙葛鯮滑珈銼〖珙撂垩粱銬鱏刻顉卵蝮辖〖ι〖謀\謃礠趌蕙〖汗說賂",
      |                                                                                                                                                              ^
      |                                                                                                                                                              �
[Jul 22 09:59:18]/adm/daemons/gb_b5d.lpc:77:257: warning: Unknown escape sequence '\�'.
   77 | "靳烬筷馞冕〖瘫嶙碑磚穉穈輚輛嶂籒縙揖蘩韗韕餓〖深身束捐猉淌蚏琓熙析琑坞晤言剧穟摘〖淳穣堇狼篭\榇镗耟膄匿禢坳坭禡痿疙葛鯮滑珈銼〖珙撂垩粱銬鱏刻顉卵蝮辖〖ι〖謀\謃礠趌蕙〖汗說賂",
      |                                                                                                                                                                                                                                                                 ^
      |                                                                                                                                                                                                                                                                 �
[Jul 22 09:59:18]/adm/daemons/gb_b5d.lpc:81:74: warning: Unknown escape sequence '\�'.
   81 | "窮窪和婕禾忡絆絇縢縠例韟垄薽蛁羡伊诋弈〖蠱覾\坂遤蚣〖咯霹磴痳縟鼬〖辛欣皕皒訠谹畅腙肠〖躦筪秡秞躡躳躱躣躩啾嗖筗喑〖筞筜嗟嗷嗪筬培喟筨喈筩喾筫臡綬鋥鋤鋧洙鑘穆〖臠〖洹馴凰鑟浞趔煌洇",
      |                                                                          ^
      |                                                                          �
[Jul 22 09:59:18]/adm/daemons/gb_b5d.lpc:82:131: warning: Unknown escape sequence '\�'.
   82 | "骿洧傀洌喽翮幌洄豉脘鑙敏〖綴鑠鑢綱鑞〖〖〖鑓鑚鑦腓脶〖腈〖腴繡繢〖〖脒豚繣伶钜钪令钚馶\领〖皿抿〖〖骽吗臤〖馸嘛馭鱣灭庙妙民骮秒骯瞄綮〖趱〖翳鵖絷〖骹赳鱥臢鯺〖胚灵翔谀筺嚣荫翼〖碦谪谥竆\竄",
      |                                                                                                                                   ^
      |                                                                                                                                   �
[Jul 22 09:59:18]/adm/daemons/gb_b5d.lpc:82:282: warning: Unknown escape sequence '\�'.
   82 | "骿洧傀洌喽翮幌洄豉脘鑙敏〖綴鑠鑢綱鑞〖〖〖鑓鑚鑦腓脶〖腈〖腴繡繢〖〖脒豚繣伶钜钪令钚馶\领〖皿抿〖〖骽吗臤〖馸嘛馭鱣灭庙妙民骮秒骯瞄綮〖趱〖翳鵖絷〖骹赳鱥臢鯺〖胚灵翔谀筺嚣荫翼〖碦谪谥竆\竄",
      |                                                                                                                                                                                                                                                                                          ^
      |                                                                                                                                                                                                                                                                                          �
[Jul 22 09:59:18]/adm/daemons/gb_b5d.lpc:88:118: warning: Unknown escape sequence '\�'.
   88 | "躟躚〖筓喹苚鵴鋝黄鋞〖鑋胭脎脍钇赁馬骭苗馫翡目臜è錾幕鄏鋊沦馜渝踪字砽罹埕埴禱\鱜禮埚禵禶鄆眠罗鄋鱛臙给鋀鋄鐯斤襟女琪玺怒〖肜〖挎肽库廖肱夸芢\纶裂鱙幂泌骃绵慕苙鱚鱝鵳摔禝哥郱瘃罘必灼乱墼郈",
      |                                                                                                                      ^
      |                                                                                                                      �
[Jul 22 09:59:18]/adm/daemons/gb_b5d.lpc:88:212: warning: Unknown escape sequence '\�'.
   88 | "躟躚〖筓喹苚鵴鋝黄鋞〖鑋胭脎脍钇赁馬骭苗馫翡目臜è錾幕鄏鋊沦馜渝踪字砽罹埕埴禱\鱜禮埚禵禶鄆眠罗鄋鱛臙给鋀鋄鐯斤襟女琪玺怒〖肜〖挎肽库廖肱夸芢\纶裂鱙幂泌骃绵慕苙鱚鱝鵳摔禝哥郱瘃罘必灼乱墼郈",
      |                                                                                                                                                                                                                    ^
      |                                                                                                                                                                                                                    �
[Jul 22 09:59:18]/adm/daemons/gb_b5d.lpc:89:185: warning: Unknown escape sequence '\�'.
   89 | "啐銱蝓镐痃璋掣艵恫綹糯璁繮繩鸣艷呐诺锏脑蹙趸舎舏排牌芐囡锉鵨獳訥筸嗾卉拢鳤洎苢鑤悯钷髄钴〖緖枸鳾〖〖苩縬靮芃靯〖飆翪飈鵟\翨笮鳻袂趴鳟霏鞑肵肨衩肰腏笄笕笾笏腎〖笸笪腒〖笙〖鮧苨南鮪鮲〖〖",
      |                                                                                                                                                                                         ^
      |                                                                                                                                                                                         �
[Jul 22 09:59:18]/adm/daemons/gb_b5d.lpc:90:107: warning: Unknown escape sequence '\�'.
   90 | "鞔臺霎臽霪鳢爬鳙帕〖〖彭烹鳺晦贿哦〖霽苅駖慢〖〖溱浑緐黾〖〖纅肗窆臷\罅芺抨緔栀芁肦飅肧臹臰配肒殴鱲訧功混緒柙纆纇靝窕〖芀鳸芻或荆磔龚毂殳翯腝蔑舉棚翷翵翶肻\襦〖苪醵醮鴙舊锎胇挠拍鴞旄翸〖"
      |                                                                                                           ^
      |                                                                                                           �
[Jul 22 09:59:18]/adm/daemons/gb_b5d.lpc:90:240: warning: Unknown escape sequence '\�'.
   90 | "鞔臺霎臽霪鳢爬鳙帕〖〖彭烹鳺晦贿哦〖霽苅駖慢〖〖溱浑緐黾〖〖纅肗窆臷\罅芺抨緔栀芁肦飅肧臹臰配肒殴鱲訧功混緒柙纆纇靝窕〖芀鳸芻或荆磔龚毂殳翯腝蔑舉棚翷翵翶肻\襦〖苪醵醮鴙舊锎胇挠拍鴞旄翸〖"
      |                                                                                                                                                                                                                                                ^
      |                                                                                                                                                                                                                                                �
[Jul 22 09:59:19]/adm/daemons/updated.lpc:64:1: warning: Unused local variable 'v1'
   64 | }
      | ^
[Jul 22 09:59:19]/adm/daemons/updated.lpc:64:1: warning: Unused local variable 'm'
   64 | }
      | ^
[Jul 22 09:59:19]/adm/daemons/updated.lpc:64:1: warning: Unused local variable 'make'
   64 | }
      | ^
[Jul 22 09:59:19]/adm/daemons/waimaod.lpc:83:1: warning: Unused local variable 'obj'
   83 | }
      | ^
[Jul 22 09:59:19]/adm/daemons/network/services/temp.lpc:300:1: warning: clean_up() inherited from both /feature/clean_up.lpc and /feature/clean_up.lpc (via /inherit/weapon/blade.lpc); using the definition in /feature/clean_up.lpc.
[Jul 22 09:59:19]/adm/daemons/network/cmwhod.lpc:79:10: warning: Illegal to declare nosave function.
   79 | send_data(string datagram)
      |          ^
[Jul 22 09:59:19]/adm/daemons/network/cmwhod.lpc:92:7: warning: Illegal to declare nosave function.
   92 | header(string op)
      |       ^
[Jul 22 09:59:19]/adm/daemons/network/cmwhod.lpc:98:22: warning: Illegal to declare nosave function.
   98 | set_keepalive_message()
      |                      ^
[Jul 22 09:59:19]/adm/daemons/network/cmwhod.lpc:106:17: warning: Illegal to declare nosave function.
  106 | set_boot_message()
      |                 ^
[Jul 22 09:59:19]/adm/daemons/network/cmwhod.lpc:113:13: warning: Illegal to declare nosave function.
  113 | set_comments()
      |             ^
[Jul 22 09:59:19]/adm/daemons/network/ms.lpc:15: error: Cannot #include config.h
[Jul 22 09:59:19]/adm/daemons/network/ms.lpc:16: error: Cannot #include mailer.h
[Jul 22 09:59:19]In file included from /adm/daemons/network/ms.lpc:17:
/include/daemons.h:7: warning: Macro 'ALIAS_D' redefined
  note: previous definition of 'ALIAS_D' was at /include/globals.h:34
[Jul 22 09:59:19]In file included from /adm/daemons/network/ms.lpc:17:
/include/daemons.h:14: warning: Macro 'CHANNEL_D' redefined
  note: previous definition of 'CHANNEL_D' was at /include/globals.h:36
[Jul 22 09:59:19]In file included from /adm/daemons/network/ms.lpc:17:
/include/daemons.h:26: warning: Macro 'MONEY_D' redefined
  note: previous definition of 'MONEY_D' was at /include/globals.h:48
[Jul 22 09:59:19]In file included from /adm/daemons/network/ms.lpc:17:
/include/daemons.h:36: warning: Macro 'SKILL_D' redefined
  note: previous definition of 'SKILL_D' was at /include/globals.h:63
[Jul 22 09:59:19]In file included from /adm/daemons/network/ms.lpc:17:
/include/daemons.h:41: warning: Macro 'FINGER_D' redefined
  note: previous definition of 'FINGER_D' was at /include/globals.h:43
[Jul 22 09:59:19]In file included from /adm/daemons/network/ms.lpc:17:
/include/daemons.h:42: warning: Macro 'FTP_D' redefined
  note: previous definition of 'FTP_D' was at /include/globals.h:44
[Jul 22 09:59:19]/adm/daemons/network/ms.lpc:19: error: Cannot #include uid.h
[Jul 22 09:59:19]/adm/daemons/network/ms.lpc:46:28: error: Undefined variable 'MAILDIR'
   46 |     restore_object(MAILDIR + MS_SAVE);
      |                            ^
[Jul 22 09:59:19]/adm/daemons/network/ms.lpc:48:47: error: Undefined variable 'THIS_MUD'
   48 |     mname = lower_case(replace_string(THIS_MUD, " ", "."));
      |                                               ^
[Jul 22 09:59:19]/adm/daemons/network/ms.lpc:82:49: error: Undefined variable 'MAILER_D'
   82 |     if (file_name(previous_object()) != MAILER_D)
      |                                                 ^
[Jul 22 09:59:19]/adm/daemons/network/ms.lpc:105:1: warning: Unused local variable 'tmp'
  105 | } // remote_mail
      | ^
[Jul 22 09:59:19]/adm/daemons/network/ms.lpc:342:1: warning: Unused local variable 'muds'
  342 | } // flush_mail_queue
      | ^
[Jul 22 09:59:19]/adm/daemons/network/ms.lpc:342:1: warning: Unused local variable 'address'
  342 | } // flush_mail_queue
      | ^
[Jul 22 09:59:19]/adm/daemons/network/ms.lpc:342:1: warning: Unused local variable 'port'
  342 | } // flush_mail_queue
      | ^
[Jul 22 09:59:19]/adm/daemons/network/ms.lpc:342:1: warning: Unused local variable 'tmp'
  342 | } // flush_mail_queue
      | ^
[Jul 22 09:59:19]/adm/daemons/network/ms.lpc:374:1: warning: Unused local variable 'str'
  374 | } // service_callback
      | ^
[Jul 22 09:59:19]/adm/daemons/network/userid.lpc:12: error: Cannot #include priv.h
[Jul 22 09:59:19]/adm/daemons/network/userid.lpc:13: error: Cannot #include config.h
[Jul 22 09:59:19]/adm/daemons/network/userid.lpc:18:9: error: syntax error, unexpected L_IDENTIFIER, expecting L_STRING or '('
   18 | inherit DAEMON ;
      |         ^
[Jul 22 09:59:19]/adm/daemons/network/pingtcp.lpc:12: error: Cannot #include uid.h
[Jul 22 09:59:19]/adm/daemons/network/pingtcp.lpc:15:9: error: syntax error, unexpected L_IDENTIFIER, expecting L_STRING or '('
   15 | inherit DAEMON;
      |         ^
[Jul 22 09:59:19]/adm/daemons/network/name_server.lpc:91:1: warning: Unused local variable 'i'
   91 | }
      | ^
[Jul 22 09:59:19]/adm/daemons/network/name_server.lpc:91:1: warning: Unused local variable 'line'
   91 | }
      | ^
[Jul 22 09:59:19]/adm/daemons/network/name_server.lpc:91:1: warning: Unused local variable 'md'
   91 | }
      | ^
[Jul 22 09:59:19]/adm/daemons/network/name_server.lpc:91:1: warning: Unused local variable 'ad'
   91 | }
      | ^
[Jul 22 09:59:19]/adm/daemons/network/name_server.lpc:91:1: warning: Unused local variable 'pt'
   91 | }
      | ^
[Jul 22 09:59:19]In file included from /adm/daemons/network/mail_serv.lpc:10:
/include/daemons.h:7: warning: Macro 'ALIAS_D' redefined
  note: previous definition of 'ALIAS_D' was at /include/globals.h:34
[Jul 22 09:59:19]In file included from /adm/daemons/network/mail_serv.lpc:10:
/include/daemons.h:14: warning: Macro 'CHANNEL_D' redefined
  note: previous definition of 'CHANNEL_D' was at /include/globals.h:36
[Jul 22 09:59:19]In file included from /adm/daemons/network/mail_serv.lpc:10:
/include/daemons.h:26: warning: Macro 'MONEY_D' redefined
  note: previous definition of 'MONEY_D' was at /include/globals.h:48
[Jul 22 09:59:19]In file included from /adm/daemons/network/mail_serv.lpc:10:
/include/daemons.h:36: warning: Macro 'SKILL_D' redefined
  note: previous definition of 'SKILL_D' was at /include/globals.h:63
[Jul 22 09:59:19]In file included from /adm/daemons/network/mail_serv.lpc:10:
/include/daemons.h:41: warning: Macro 'FINGER_D' redefined
  note: previous definition of 'FINGER_D' was at /include/globals.h:43
[Jul 22 09:59:19]In file included from /adm/daemons/network/mail_serv.lpc:10:
/include/daemons.h:42: warning: Macro 'FTP_D' redefined
  note: previous definition of 'FTP_D' was at /include/globals.h:44
[Jul 22 09:59:19]/adm/daemons/network/mail_serv.lpc:11: error: Cannot #include uid.h
[Jul 22 09:59:19]/adm/daemons/network/mail_serv.lpc:12: error: Cannot #include post.h
[Jul 22 09:59:19]/adm/daemons/network/mail_serv.lpc:52:30: error: Undefined variable 'DIR_POSTAL'
   52 |     restore_object(DIR_POSTAL+"/"+MS_SAVE);
      |                              ^
[Jul 22 09:59:19]/adm/daemons/network/mail_serv.lpc:53:35: error: Undefined variable 'POSTAL_D'
   53 |     mud_groups = (mapping)POSTAL_D->query_mud_groups();
      |                                   ^
[Jul 22 09:59:19]/adm/daemons/network/mail_serv.lpc:65:51: error: Undefined function mud_name
   65 |     if(lower_case(tmpaddr) != lower_case(mud_name()))
      |                                                   ^
[Jul 22 09:59:19]/adm/daemons/network/mail_serv.lpc:65:52: error: Bad argument 1 to efun lower_case()
   65 |     if(lower_case(tmpaddr) != lower_case(mud_name()))
      |                                                    ^
[Jul 22 09:59:19]/adm/daemons/network/mail_serv.lpc:82:27: warning: Value of conditional expression is unused
   82 |         else if(tmp[i] == EOT) tmp[i] == EOT+".";
      |                           ^
/adm/daemons/network/mail_serv.lpc:19:9: note: expanded from macro 'EOT'
   19 | #define EOT "%EOT%"
      |         ^
/adm/daemons/network/mail_serv.lpc:19:9: note: expanded from macro 'EOT'
   19 | #define EOT "%EOT%"
      |         ^
[Jul 22 09:59:19]/adm/daemons/network/mail_serv.lpc:221:1: warning: Unused local variable 'muds'
  221 | }
      | ^
[Jul 22 09:59:19]/adm/daemons/network/mail_serv.lpc:221:1: warning: Unused local variable 'address'
  221 | }
      | ^
[Jul 22 09:59:19]/adm/daemons/network/mail_serv.lpc:221:1: warning: Unused local variable 'port'
  221 | }
      | ^
[Jul 22 09:59:19]/adm/daemons/network/netmail.lpc:17: error: Cannot #include mailer.h
[Jul 22 09:59:19]/adm/daemons/network/netmail.lpc:34:21: error: Undefined function data_netmail_file
   34 |  + SAVE_EXTENSION ) )
      |                     ^
/include/net/macros.h:16:9: note: expanded from macro 'htonn'
   16 | #define htonn(x) replace_string(lower_case((x)?(x):"")," ",".")
      |         ^
/adm/daemons/network/netmail.lpc:21:9: note: expanded from macro 'SAVE_FILE'
   21 | #define SAVE_FILE(x)    ( data_netmail_file( htonn( x ) ) )
      |         ^
[Jul 22 09:59:19]/adm/daemons/network/netmail.lpc:34:42: error: Invalid argument types to '+' ( unknown vs string )
   34 |  + SAVE_EXTENSION ) )
      | ~~~~~~~~~~~~~~~~~~~~~~
note: expanded from builtin macro '__SAVE_EXTENSION__'
/include/globals.h:9:9: note: expanded from macro 'SAVE_EXTENSION'
    9 | #define SAVE_EXTENSION __SAVE_EXTENSION__ 
      |         ^
/include/net/macros.h:16:9: note: expanded from macro 'htonn'
   16 | #define htonn(x) replace_string(lower_case((x)?(x):"")," ",".")
      |         ^
/adm/daemons/network/netmail.lpc:21:9: note: expanded from macro 'SAVE_FILE'
   21 | #define SAVE_FILE(x)    ( data_netmail_file( htonn( x ) ) )
      |         ^
[Jul 22 09:59:19]/adm/daemons/network/netmail.lpc:34:21: error: Undefined function file_exists
   34 |  + SAVE_EXTENSION ) )
      |                     ^
note: expanded from builtin macro '__SAVE_EXTENSION__'
/include/globals.h:9:9: note: expanded from macro 'SAVE_EXTENSION'
    9 | #define SAVE_EXTENSION __SAVE_EXTENSION__ 
      |         ^
/include/net/macros.h:16:9: note: expanded from macro 'htonn'
   16 | #define htonn(x) replace_string(lower_case((x)?(x):"")," ",".")
      |         ^
/adm/daemons/network/netmail.lpc:21:9: note: expanded from macro 'SAVE_FILE'
   21 | #define SAVE_FILE(x)    ( data_netmail_file( htonn( x ) ) )
      |         ^
[Jul 22 09:59:19]/adm/daemons/network/netmail.lpc:37:24: error: Undefined function data_netmail_file
   37 |  ) ) {
/include/net/macros.h:16:9: note: expanded from macro 'htonn'
   16 | #define htonn(x) replace_string(lower_case((x)?(x):"")," ",".")
      |         ^
/adm/daemons/network/netmail.lpc:21:9: note: expanded from macro 'SAVE_FILE'
   21 | #define SAVE_FILE(x)    ( data_netmail_file( htonn( x ) ) )
      |         ^
[Jul 22 09:59:19]/adm/daemons/network/netmail.lpc:37:24: error: Bad argument 1 to efun restore_object()
   37 |  ) ) {
/include/net/macros.h:16:9: note: expanded from macro 'htonn'
   16 | #define htonn(x) replace_string(lower_case((x)?(x):"")," ",".")
      |         ^
/adm/daemons/network/netmail.lpc:21:9: note: expanded from macro 'SAVE_FILE'
   21 | #define SAVE_FILE(x)    ( data_netmail_file( htonn( x ) ) )
      |         ^
[Jul 22 09:59:19]/adm/daemons/network/ns.lpc:47:1: warning: Unused local variable 'ob'
   47 | }
      | ^
[Jul 22 09:59:19]/adm/daemons/network/telnetd.lpc:10: error: Cannot #include uid.h
[Jul 22 09:59:19]/adm/daemons/network/telnetd.lpc:12:9: error: syntax error, unexpected L_IDENTIFIER, expecting L_STRING or '('
   12 | inherit DAEMON ;
      |         ^
[Jul 22 09:59:19]/adm/daemons/network/pingd.lpc:11: error: Cannot #include uid.h
[Jul 22 09:59:19]/adm/daemons/network/pingd.lpc:14:9: error: syntax error, unexpected L_IDENTIFIER, expecting L_STRING or '('
   14 | inherit DAEMON;
      |         ^
[Jul 22 09:59:19]/adm/daemons/network/inetd.lpc:11: error: Cannot #include config.h
[Jul 22 09:59:19]/adm/daemons/network/inetd.lpc:84:1: warning: Unused local variable 'error'
   84 | }
      | ^
[Jul 22 09:59:19]/adm/daemons/network/inetd.lpc:323:25: warning: A negative constant as the second element of arr[x..y] no longer means indexing from the end.  Use arr[x..<y]
  323 |          svc = msg[0..-2];
      |                         ^
[Jul 22 09:59:19]/adm/daemons/network/inetd.lpc:338:1: warning: Unused local variable 'ob'
  338 | }
      | ^
[Jul 22 09:59:19]/adm/daemons/network/inetd.lpc:338:1: warning: Unused local variable 'error'
  338 | }
      | ^
[Jul 22 09:59:19]/adm/daemons/network/inetd.lpc:338:1: warning: Unused local variable 'l'
  338 | }
      | ^
[Jul 22 09:59:19]/adm/daemons/network/inetd.lpc:374:53: error: Undefined function member_group
  374 |   if(member_group(geteuid(previous_object()),"admin"))
      |                                                     ^
[Jul 22 09:59:19]/adm/daemons/network/inetd.lpc:381:53: error: Undefined function member_group
  381 |   if(member_group(geteuid(previous_object()),"admin"))
      |                                                     ^
[Jul 22 09:59:19]/adm/daemons/network/fs.lpc:66:1: warning: Unused local variable 'minfo'
   66 | }
      | ^
[Jul 22 09:59:19]/adm/daemons/band.lpc:70:1: warning: Unused local variable 'i'
   70 | }
      | ^
[Jul 22 09:59:19]/adm/daemons/convertd.lpc:250:2: error: Illegal character 0xce
  250 | "β",
      |  ^
[Jul 22 09:59:19]/adm/daemons/convertd.lpc:250:2: error: syntax error, unexpected invalid token
  250 | "β",
      |  ^
[Jul 22 09:59:19]/adm/daemons/convertd.lpc:250:3: error: Illegal character 0xb2
  250 | "β",
      |   ^
[Jul 22 09:59:19]/adm/daemons/convertd.lpc:250:4: error: Illegal character 0xee
  250 | "β",
      |    ^
[Jul 22 09:59:19]/adm/daemons/convertd.lpc:250:5: error: Illegal character 0x96
  250 | "β",
      |     ^
[Jul 22 09:59:19]/adm/daemons/convertd.lpc:250:6: error: Illegal character 0xa3
  250 | "β",
      |      ^
[Jul 22 09:59:19]/adm/daemons/tenrichman.lpc:39:40: error: Undefined variable 'RICHMAN'
   39 | gaoshoulist = explode(read_file(RICHMAN), "\n");
      |                                        ^
[Jul 22 09:59:19]/adm/daemons/tengaoshou.lpc:39:40: error: Undefined variable 'GAOSHOU'
   39 | gaoshoulist = explode(read_file(GAOSHOU), "\n");
      |                                        ^
[Jul 22 09:59:19]/adm/daemons/kipd.lpc:70:1: warning: Unused local variable 'i'
   70 | }
      | ^
[Jul 22 09:59:19]/adm/daemons/combatd.lpc:197:1: warning: Unused local variable 'status'
  197 | }
      | ^
[Jul 22 09:59:19]/adm/daemons/combatd.lpc:491:1: warning: Unused local variable 'cost'
  491 | }
      | ^
[Jul 22 09:59:19]/adm/daemons/combatd.lpc:571:1: warning: Unused local variable 'ob'
  571 | }
      | ^
[Jul 22 09:59:19]/adm/obj/master.lpc:35:18: warning: Illegal to declare nosave function.
   35 | nosave void crash(string error, object command_giver, object current_object)
      |                  ^
[Jul 22 09:59:19]/adm/obj/master.lpc:58:27: warning: Illegal to declare nosave function.
   58 | nosave string *update_file(string file)
      |                           ^
[Jul 22 09:59:19]In file included from /adm/obj/simul_efun.lpc:8:
/adm/simul_efun/path.lpc:50:1: warning: Unused local variable 't2'
   50 | }
      | ^
[Jul 22 09:59:19]In file included from /adm/obj/simul_efun.lpc:8:
/adm/simul_efun/path.lpc:50:1: warning: Unused local variable 't3'
   50 | }
      | ^
[Jul 22 09:59:19]In file included from /adm/obj/simul_efun.lpc:8:
/adm/simul_efun/path.lpc:50:1: warning: Unused local variable 't4'
   50 | }
      | ^
[Jul 22 09:59:19]/adm/npc/ganjiang.lpc:413:1: warning: Unused local variable 'moye'
  413 | }
      | ^
[Jul 22 09:59:19]/adm/npc/luban.lpc:864:1: warning: Unused local variable 'position'
  864 | }
      | ^
[Jul 22 09:59:19]/adm/npc/luban.lpc:906:1: warning: Unused local variable 'position'
  906 | }
      | ^
[Jul 22 09:59:19]/adm/npc/luban.lpc:945:1: warning: Unused local variable 'example'
  945 | }
      | ^
[Jul 22 09:59:19]/adm/npc/luban.lpc:1682:1: warning: Unused local variable 'a'
 1682 | }
      | ^
[Jul 22 09:59:19]/adm/npc/luban.lpc:1728:1: warning: Unused local variable 'i'
 1728 | }
      | ^
[Jul 22 09:59:19]/adm/simul_efun/path.lpc:50:1: warning: Unused local variable 't2'
   50 | }
      | ^
[Jul 22 09:59:19]/adm/simul_efun/path.lpc:50:1: warning: Unused local variable 't3'
   50 | }
      | ^
[Jul 22 09:59:19]/adm/simul_efun/path.lpc:50:1: warning: Unused local variable 't4'
   50 | }
      | ^
[Jul 22 09:59:19]/wiz/icepoint/workroom.lpc:14:1: error: syntax error, unexpected L_DEFINED_NAME
   14 | set("sleep_room", "1");
      | ^
[Jul 22 09:59:19]/wiz/alone/city-map.lpc:1:1: error: syntax error, unexpected '.'
    1 | .                                 卡拉OK厅
      | ^
[Jul 22 09:59:20]/wiz/test/workroom.lpc:14:1: error: syntax error, unexpected L_DEFINED_NAME
   14 | set("sleep_room", "1");
      | ^
[Jul 22 09:59:20]/wiz/zhenxia/workroom.lpc:14:1: error: syntax error, unexpected L_DEFINED_NAME
   14 | set("sleep_room", "1");
      | ^
[Jul 22 09:59:20]/wiz/sujing/workroom.lpc:14:1: error: syntax error, unexpected L_DEFINED_NAME
   14 | set("sleep_room", "1");
      | ^
[Jul 22 09:59:20]/wiz/kane/workroom.lpc:14:1: error: syntax error, unexpected L_DEFINED_NAME
   14 | set("sleep_room", "1");
      | ^
[Jul 22 09:59:20]/wiz/dalone/menghuan.lpc:130:28: error: Undefined function QUEST_D
  130 |         quest = QUEST_D(tag)->query_quest();
      |                            ^
[Jul 22 09:59:20]/wiz/dalone/menghuan.lpc:135:28: error: Undefined function QUEST_D
  135 |         quest = QUEST_D(tag)->query_quest();
      |                            ^
[Jul 22 09:59:20]/wiz/dalone/menghuan.lpc:232:1: warning: Unused local variable 'test'
  232 | }
      | ^
[Jul 22 09:59:20]/wiz/dalone/landith.lpc:142:21: error: Undefined function QUEST_D
  142 |  quest = QUEST_D(tag)->query_quest();
      |                     ^
[Jul 22 09:59:20]/wiz/dalone/landith.lpc:147:22: error: Undefined function QUEST_D
  147 |   quest = QUEST_D(tag)->query_quest();
      |                      ^
[Jul 22 09:59:20]/quest/anhei/menghuan.lpc:130:28: error: Undefined function QUEST_D
  130 |         quest = QUEST_D(tag)->query_quest();
      |                            ^
[Jul 22 09:59:20]/quest/anhei/menghuan.lpc:135:28: error: Undefined function QUEST_D
  135 |         quest = QUEST_D(tag)->query_quest();
      |                            ^
[Jul 22 09:59:20]/quest/anhei/menghuan.lpc:232:1: warning: Unused local variable 'test'
  232 | }
      | ^
[Jul 22 09:59:20]/wiz/dalone/wind-jian.lpc:15:82: error: Illegal character 0xe3
   15 |                 set("long", "这是把奇怪的兵器，剑上篆刻着几个字"HIC"‘风的意志’"NOR。\n");
      |                                                                                  ^
/include/ansi.h:7:9: note: expanded from macro 'ESC'
    7 | #define ESC ""
      |         ^
/include/ansi.h:52:9: note: expanded from macro 'NOR'
   52 | #define NOR ESC+"[2;37;0m"      /* Puts everything back to normal */
      |         ^
/include/ansi.h:7:9: note: expanded from macro 'ESC'
    7 | #define ESC ""
      |         ^
/include/ansi.h:28:9: note: expanded from macro 'HIC'
   28 | #define HIC ESC+"[1;36m"        /* Cyan     */
      |         ^
[Jul 22 09:59:20]/wiz/dalone/wind-jian.lpc:15:82: error: syntax error, unexpected invalid token
   15 |                 set("long", "这是把奇怪的兵器，剑上篆刻着几个字"HIC"‘风的意志’"NOR。\n");
      |                                                                                  ^
/include/ansi.h:7:9: note: expanded from macro 'ESC'
    7 | #define ESC ""
      |         ^
/include/ansi.h:52:9: note: expanded from macro 'NOR'
   52 | #define NOR ESC+"[2;37;0m"      /* Puts everything back to normal */
      |         ^
/include/ansi.h:7:9: note: expanded from macro 'ESC'
    7 | #define ESC ""
      |         ^
/include/ansi.h:28:9: note: expanded from macro 'HIC'
   28 | #define HIC ESC+"[1;36m"        /* Cyan     */
      |         ^
[Jul 22 09:59:20]/wiz/dalone/wind-jian.lpc:15:82: error: Illegal character 0x80
   15 |                 set("long", "这是把奇怪的兵器，剑上篆刻着几个字"HIC"‘风的意志’"NOR。\n");
      |                                                                                  ^
/include/ansi.h:7:9: note: expanded from macro 'ESC'
    7 | #define ESC ""
      |         ^
/include/ansi.h:52:9: note: expanded from macro 'NOR'
   52 | #define NOR ESC+"[2;37;0m"      /* Puts everything back to normal */
      |         ^
/include/ansi.h:7:9: note: expanded from macro 'ESC'
    7 | #define ESC ""
      |         ^
/include/ansi.h:28:9: note: expanded from macro 'HIC'
   28 | #define HIC ESC+"[1;36m"        /* Cyan     */
      |         ^
[Jul 22 09:59:20]/wiz/dalone/wind-jian.lpc:15:82: error: Illegal character 0x82
   15 |                 set("long", "这是把奇怪的兵器，剑上篆刻着几个字"HIC"‘风的意志’"NOR。\n");
      |                                                                                  ^
/include/ansi.h:7:9: note: expanded from macro 'ESC'
    7 | #define ESC ""
      |         ^
/include/ansi.h:52:9: note: expanded from macro 'NOR'
   52 | #define NOR ESC+"[2;37;0m"      /* Puts everything back to normal */
      |         ^
/include/ansi.h:7:9: note: expanded from macro 'ESC'
    7 | #define ESC ""
      |         ^
/include/ansi.h:28:9: note: expanded from macro 'HIC'
   28 | #define HIC ESC+"[1;36m"        /* Cyan     */
      |         ^
[Jul 22 09:59:20]/wiz/dalone/wind-jian.lpc:15:82: error: Illegal character '\' (0x5c)
   15 |                 set("long", "这是把奇怪的兵器，剑上篆刻着几个字"HIC"‘风的意志’"NOR。\n");
      |                                                                                  ^
/include/ansi.h:7:9: note: expanded from macro 'ESC'
    7 | #define ESC ""
      |         ^
/include/ansi.h:52:9: note: expanded from macro 'NOR'
   52 | #define NOR ESC+"[2;37;0m"      /* Puts everything back to normal */
      |         ^
/include/ansi.h:7:9: note: expanded from macro 'ESC'
    7 | #define ESC ""
      |         ^
/include/ansi.h:28:9: note: expanded from macro 'HIC'
   28 | #define HIC ESC+"[1;36m"        /* Cyan     */
      |         ^
[Jul 22 09:59:20]/wiz/dalone/wind-jian.lpc:18:39: error: $var illegal outside of function pointer.
   18 |                 set("wield_msg", MAG "$N「唰」的一声抽出一柄$n"MAG"握在手中，只觉一阵飓风扑面而来。\n");
      |                                       ^
[Jul 22 09:59:21]/wiz/keyboy/score.lpc:84:1: warning: Unused local variable 'line'
   84 | }
      | ^
[Jul 22 09:59:21]/wiz/keyboy/score.lpc:84:1: warning: Unused local variable 'str'
   84 | }
      | ^
[Jul 22 09:59:21]/wiz/keyboy/workroom.lpc:80:1: warning: Unused local variable 's'
   80 | }
      | ^
[Jul 22 09:59:21]/wiz/keyboy/logind.lpc:756:13: error: Undefined variable 'STATUS_D'
  756 |     STATUS_D->compare_status(user);
      |             ^
[Jul 22 09:59:21]/wiz/fyue/news.lpc:33:29: error: Undefined variable 'newsitime'
   33 |                 ( newsitime > last_read_timemyid ? HIY: ""),
      |                             ^
[Jul 22 09:59:21]/wiz/fyue/news.lpc:33:50: error: Undefined variable 'last_read_timemyid'
   33 |                 ( newsitime > last_read_timemyid ? HIY: ""),
      |                                                  ^
[Jul 22 09:59:21]/wiz/fyue/news.lpc:66:1: warning: Unused local variable 'last_time_read'
   66 | }
      | ^
[Jul 22 09:59:21]/wiz/redrose/banker.lpc:45:1: warning: clean_up() inherited from both /feature/clean_up.lpc (via /feature/banker.lpc) and /feature/clean_up.lpc (via /inherit/char/npc.lpc); using the definition in /feature/banker.lpc.
[Jul 22 09:59:21]/wiz/bswhm/workroom.lpc:14:1: error: syntax error, unexpected L_DEFINED_NAME
   14 | set("sleep_room", "1");
      | ^
[Jul 22 09:59:21]/ftp/newbie.lpc:134:1: warning: Unused local variable 'home'
  134 | }
      | ^
[Jul 22 09:59:21]/ftp/newbie.lpc:134:1: warning: Unused local variable 'msg'
  134 | }
      | ^
[Jul 22 09:59:21]/cmds/std/kantou.lpc:90:1: warning: Unused local variable 'ob'
   90 | }
      | ^
[Jul 22 09:59:21]/cmds/std/kantou.lpc:90:1: warning: Unused local variable 'wield2'
   90 | }
      | ^
[Jul 22 09:59:21]/cmds/std/kantou.lpc:90:1: warning: Unused local variable 'weapon_prop'
   90 | }
      | ^
[Jul 22 09:59:21]/cmds/std/kantou.lpc:90:1: warning: Unused local variable 'killer'
   90 | }
      | ^
[Jul 22 09:59:21]/cmds/std/kantou.lpc:90:1: warning: Unused local variable 'callname'
   90 | }
      | ^
[Jul 22 09:59:21]/cmds/std/kantou.lpc:90:1: warning: Unused local variable 'count'
   90 | }
      | ^
[Jul 22 09:59:21]/cmds/std/kantou.lpc:90:1: warning: Unused local variable 'value2'
   90 | }
      | ^
[Jul 22 09:59:21]/cmds/std/ask.lpc:60:1: warning: Unused local variable 'inquiry'
   60 | }
      | ^
[Jul 22 09:59:21]/cmds/std/yihun.lpc:84:1: warning: Unused local variable 'victim'
   84 | }
      | ^
[Jul 22 09:59:21]/cmds/std/yihun.lpc:84:1: warning: Unused local variable 'damage'
   84 | }
      | ^
[Jul 22 09:59:21]/cmds/std/yihun.lpc:84:1: warning: Unused local variable 'r_lvl'
   84 | }
      | ^
[Jul 22 09:59:21]/cmds/std/yihun.lpc:84:1: warning: Unused local variable 'msg'
   84 | }
      | ^
[Jul 22 09:59:21]/cmds/std/af.lpc:98:1: warning: Unused local variable 'fam'
   98 | }
      | ^
[Jul 22 09:59:21]/cmds/std/giveletter.lpc:55:1: warning: Unused local variable 'sil'
   55 | }
      | ^
[Jul 22 09:59:21]/cmds/std/shexin.lpc:77:1: warning: Unused local variable 'verb'
   77 | }
      | ^
[Jul 22 09:59:21]/cmds/std/ride.lpc:57:1: warning: Unused local variable 'old_env'
   57 | }
      | ^
[Jul 22 09:59:21]/cmds/std/beg.lpc:70:1: warning: Unused local variable 'where'
   70 | }
      | ^
[Jul 22 09:59:21]/cmds/std/pour.lpc:41:1: warning: Unused local variable 'inv'
   41 | }
      | ^
[Jul 22 09:59:21]/cmds/std/pour.lpc:41:1: warning: Unused local variable 'obj2'
   41 | }
      | ^
[Jul 22 09:59:21]/cmds/std/pour.lpc:41:1: warning: Unused local variable 'i'
   41 | }
      | ^
[Jul 22 09:59:21]/cmds/std/pour.lpc:41:1: warning: Unused local variable 'amount'
   41 | }
      | ^
[Jul 22 09:59:21]/cmds/std/makelove.lpc:70:1: warning: Unused local variable 'old_target'
   70 | }
      | ^
[Jul 22 09:59:21]/cmds/std/makelove.lpc:70:1: warning: Unused local variable 'inv'
   70 | }
      | ^
[Jul 22 09:59:21]/cmds/std/makelove.lpc:70:1: warning: Unused local variable 'i'
   70 | }
      | ^
[Jul 22 09:59:21]/cmds/std/makelove.lpc:70:1: warning: Unused local variable 'j'
   70 | }
      | ^
[Jul 22 09:59:21]/cmds/std/teamkill.lpc:50:1: warning: Unused local variable 'killer'
   50 | }
      | ^
[Jul 22 09:59:21]/cmds/std/unwield.lpc:26:1: warning: Unused local variable 'inv'
   26 | }
      | ^
[Jul 22 09:59:21]/cmds/std/unwield.lpc:26:1: warning: Unused local variable 'i'
   26 | }
      | ^
[Jul 22 09:59:21]/cmds/std/train.lpc:85:1: warning: Unused local variable 'where'
   85 | }
      | ^
[Jul 22 09:59:21]/cmds/std/train.lpc:85:1: warning: Unused local variable 'fam'
   85 | }
      | ^
[Jul 22 09:59:21]/cmds/std/train.lpc:85:1: warning: Unused local variable 'i'
   85 | }
      | ^
[Jul 22 09:59:21]/cmds/std/newlook/newlook/look.lpc:252:1: warning: Unused local variable 'temp'
  252 | }
      | ^
[Jul 22 09:59:21]/cmds/std/newlook/newlook/look.lpc:431:1: warning: Unused local variable 'limb_status'
  431 | }
      | ^
[Jul 22 09:59:21]/cmds/std/qi.lpc:57:1: warning: Unused local variable 'old_env'
   57 | }
      | ^
[Jul 22 09:59:21]/cmds/std/nuoyi.lpc:62:42: warning: Unknown escape sequence '\�'.
   62 |    return notify_fail("你已经在运功\中了。\n");
      |                                          ^
      |                                          �
[Jul 22 09:59:21]/cmds/std/look2.lpc:227:1: warning: Unused local variable 'cmds'
  227 | }
      | ^
[Jul 22 09:59:21]/cmds/std/look2.lpc:227:1: warning: Unused local variable 'message'
  227 | }
      | ^
[Jul 22 09:59:21]/cmds/std/look2.lpc:227:1: warning: Unused local variable 'modify'
  227 | }
      | ^
[Jul 22 09:59:21]/cmds/std/look2.lpc:240:1: warning: Unused local variable 'str'
  240 | }
      | ^
[Jul 22 09:59:21]/cmds/std/kill.lpc:49:1: warning: Unused local variable 'killer'
   49 | }
      | ^
[Jul 22 09:59:21]/cmds/std/invite.lpc:31:1: warning: Unused local variable 'ob'
   31 | }
      | ^
[Jul 22 09:59:21]/cmds/std/invite.lpc:31:1: warning: Unused local variable 'from'
   31 | }
      | ^
[Jul 22 09:59:21]/cmds/std/look.lpc:252:1: warning: Unused local variable 'temp'
  252 | }
      | ^
[Jul 22 09:59:21]/cmds/std/look.lpc:431:1: warning: Unused local variable 'limb_status'
  431 | }
      | ^
[Jul 22 09:59:21]/cmds/std/hit.lpc:66:1: warning: Unused local variable 'old_target'
   66 | }
      | ^
[Jul 22 09:59:21]/cmds/std/sleep1.lpc:70:1: warning: Unused local variable 'fam'
   70 | }
      | ^
[Jul 22 09:59:21]/cmds/std/go.lpc:230:1: warning: Unused local variable 'thing'
  230 | }
      | ^
[Jul 22 09:59:21]/cmds/std/get.lpc:113:1: warning: Unused local variable 'enemy'
  113 | }
      | ^
[Jul 22 09:59:21]/cmds/std/stop.lpc:25:1: warning: Unused local variable 'cost'
   25 | }
      | ^
[Jul 22 09:59:21]/cmds/std/stop.lpc:25:1: warning: Unused local variable 'i'
   25 | }
      | ^
[Jul 22 09:59:21]/cmds/std/zhuibu.lpc:51:1: warning: Unused local variable 'killer'
   51 | }
      | ^
[Jul 22 09:59:21]/cmds/std/location.lpc:153:1: warning: Unused local variable 'i'
  153 | }
      | ^
[Jul 22 09:59:21]/cmds/std/steal.lpc:60:1: warning: Unused local variable 'vtfam'
   60 | }
      | ^
[Jul 22 09:59:21]/cmds/std/steal.lpc:146:1: warning: Unused local variable 'vtfam'
  146 | }
      | ^
[Jul 22 09:59:21]/cmds/std/touxi.lpc:59:1: warning: Unused local variable 'skill'
   59 | }
      | ^
[Jul 22 09:59:21]/cmds/debug/dbxframe.lpc:56:1: warning: Unused local variable 'i'
   56 | }
      | ^
[Jul 22 09:59:21]/cmds/app/who3.lpc:33:1: warning: Unused local variable 'stri'
   33 | }
      | ^
[Jul 22 09:59:21]/cmds/app/alarm.lpc:17:1: warning: Unused local variable 'ob'
   17 | }
      | ^
[Jul 22 09:59:21]/cmds/app/alarm.lpc:17:1: warning: Unused local variable 'mud'
   17 | }
      | ^
[Jul 22 09:59:21]/cmds/app/alarm.lpc:17:1: warning: Unused local variable 'from'
   17 | }
      | ^
[Jul 22 09:59:21]/cmds/app/update.lpc:64:32: warning: Unknown escape sequence '\�'.
   64 |                   write("成功\！\n"NOR);
      |                                ^
      |                                �
[Jul 22 09:59:21]/cmds/app/summon.lpc:37:1: warning: Unused local variable 'i'
   37 | }
      | ^
[Jul 22 09:59:21]/cmds/app/edit.lpc:60:1: warning: Unused local variable 'users'
   60 | }
      | ^
[Jul 22 09:59:21]/cmds/app/who1.lpc:33:1: warning: Unused local variable 'stri'
   33 | }
      | ^
[Jul 22 09:59:21]/cmds/usr/zhuanzhang.lpc:39:1: warning: Unused local variable 'obj'
   39 | }
      | ^
[Jul 22 09:59:21]/cmds/usr/allowip.lpc:69:1: warning: Unused local variable 'term'
   69 | }
      | ^
[Jul 22 09:59:21]/cmds/usr/register.lpc:25:1: warning: Unused local variable 'table'
   25 | }
      | ^
[Jul 22 09:59:21]/cmds/usr/score.lpc:84:1: warning: Unused local variable 'line'
   84 | }
      | ^
[Jul 22 09:59:21]/cmds/usr/score.lpc:84:1: warning: Unused local variable 'str'
   84 | }
      | ^
[Jul 22 09:59:21]/cmds/usr/quit.lpc:46:1: warning: Unused local variable 'j'
   46 | }
      | ^
[Jul 22 09:59:21]/cmds/usr/quit.lpc:46:1: warning: Unused local variable 'p'
   46 | }
      | ^
[Jul 22 09:59:21]/cmds/usr/quit.lpc:46:1: warning: Unused local variable 'time1'
   46 | }
      | ^
[Jul 22 09:59:21]/cmds/usr/quit.lpc:46:1: warning: Unused local variable 'link_ob'
   46 | }
      | ^
[Jul 22 09:59:21]/cmds/usr/quit.lpc:101:1: warning: Unused local variable 'inv'
  101 | }
      | ^
[Jul 22 09:59:21]/cmds/usr/who.lpc:126:1: warning: Unused local variable 'opt_id'
  126 | }
      | ^
[Jul 22 09:59:21]/cmds/usr/help.lpc:391:1: warning: Unused local variable 'p'
  391 | }
      | ^
[Jul 22 09:59:21]/cmds/usr/help.lpc:489:1: warning: Unused local variable 'note'
  489 | }
      | ^
[Jul 22 09:59:21]/cmds/usr/help.lpc:953:1: warning: Unused local variable 'msg'
  953 | }
      | ^
[Jul 22 09:59:21]/cmds/usr/help.lpc:979:1: warning: Unused local variable 'k'
  979 | }
      | ^
[Jul 22 09:59:21]/cmds/usr/help.lpc:979:1: warning: Unused local variable 'v'
  979 | }
      | ^
[Jul 22 09:59:21]/cmds/usr/help.lpc:1029:1: warning: Unused local variable 'i'
 1029 | }
      | ^
[Jul 22 09:59:21]/cmds/usr/help.lpc:1178:1: warning: Unused local variable 'p'
 1178 | }
      | ^
[Jul 22 09:59:21]/cmds/usr/help.lpc:1230:1: warning: Unused local variable 'k'
 1230 | }
      | ^
[Jul 22 09:59:21]/cmds/usr/bossgone.lpc:12:1: warning: Unused local variable 'msg'
   12 | }
      | ^
[Jul 22 09:59:21]/cmds/usr/news.lpc:65:1: warning: Unused local variable 'last_time_read'
   65 | }
      | ^
[Jul 22 09:59:21]/cmds/usr/id.lpc:36:1: warning: Unused local variable 'j'
   36 | }
      | ^
[Jul 22 09:59:21]/cmds/usr/id.lpc:36:1: warning: Unused local variable 'obj'
   36 | }
      | ^
[Jul 22 09:59:21]/cmds/usr/id.lpc:36:1: warning: Unused local variable 'id'
   36 | }
      | ^
[Jul 22 09:59:21]/cmds/usr/wizapply.lpc:35:1: warning: Unused local variable 'table'
   35 | }
      | ^
[Jul 22 09:59:21]/cmds/usr/persuade.lpc:63:1: warning: Unused local variable 'what'
   63 | }
      | ^
[Jul 22 09:59:21]/cmds/usr/persuade.lpc:63:1: warning: Unused local variable 'where'
   63 | }
      | ^
[Jul 22 09:59:21]/cmds/usr/persuade.lpc:105:1: warning: Unused local variable 'amount'
  105 | }
      | ^
[Jul 22 09:59:21]/cmds/usr/persuade.lpc:105:1: warning: Unused local variable 'ob1'
  105 | }
      | ^
[Jul 22 09:59:21]/cmds/usr/persuade.lpc:105:1: warning: Unused local variable 'where'
  105 | }
      | ^
[Jul 22 09:59:21]/cmds/arch/tclose.lpc:15:1: warning: Unused local variable 'top_id'
   15 | }
      | ^
[Jul 22 09:59:21]/cmds/arch/promote.lpc:73:1: warning: Unused local variable 'my_level'
   73 | }
      | ^
[Jul 22 09:59:21]/cmds/arch/promote.lpc:73:1: warning: Unused local variable 'ob_level'
   73 | }
      | ^
[Jul 22 09:59:21]/cmds/arch/promote.lpc:73:1: warning: Unused local variable 'level'
   73 | }
      | ^
[Jul 22 09:59:21]/cmds/arch/checkout.lpc:71:1: warning: Unused local variable 'types'
   71 | }
      | ^
[Jul 22 09:59:21]/cmds/arch/checkout.lpc:71:1: warning: Unused local variable 'ski'
   71 | }
      | ^
[Jul 22 09:59:21]/cmds/arch/checkout.lpc:71:1: warning: Unused local variable 'map_to'
   71 | }
      | ^
[Jul 22 09:59:21]/cmds/arch/reclaim.lpc:9:1: warning: Unused local variable 'mem'
    9 | }
      | ^
[Jul 22 09:59:21]/cmds/arch/data.lpc:108:1: warning: Unused local variable 'tmp'
  108 | }
      | ^
[Jul 22 09:59:21]/cmds/arch/data.lpc:112:23: warning: Illegal to declare nosave function.
  112 | nosave  int  sort_keys(string  one,  string  two)  {
      |                       ^
[Jul 22 09:59:21]/cmds/arch/data.lpc:117:26: warning: Illegal to declare nosave function.
  117 | nosave  int  filter_props(string  prop,  object  target)  {
      |                          ^
[Jul 22 09:59:22]/cmds/arch/topen.lpc:24:1: warning: Unused local variable 'tops'
   24 | }
      | ^
[Jul 22 09:59:22]/cmds/arch/topen.lpc:24:1: warning: Unused local variable 'i'
   24 | }
      | ^
[Jul 22 09:59:22]/cmds/arch/cmd.lpc:29:1: warning: Unused local variable 'str'
   29 | }
      | ^
[Jul 22 09:59:22]/cmds/arch/cleanup.lpc:22:1: warning: Unused local variable 'ob'
   22 | }
      | ^
[Jul 22 09:59:22]/cmds/arch/cleanup.lpc:22:1: warning: Unused local variable 'where'
   22 | }
      | ^
[Jul 22 09:59:22]/cmds/arch/sameip.lpc:54:1: warning: Unused local variable 'ob'
   54 | }
      | ^
[Jul 22 09:59:22]/cmds/arch/sameip.lpc:54:1: warning: Unused local variable 'j'
   54 | }
      | ^
[Jul 22 09:59:22]/cmds/arch/sameip.lpc:54:1: warning: Unused local variable 'ppls'
   54 | }
      | ^
[Jul 22 09:59:22]/cmds/arch/sameip.lpc:118:1: warning: Unused local variable 'name'
  118 | }
      | ^
[Jul 22 09:59:22]/cmds/arch/sameip.lpc:118:1: warning: Unused local variable 's1'
  118 | }
      | ^
[Jul 22 09:59:22]/cmds/arch/sameip.lpc:118:1: warning: Unused local variable 's2'
  118 | }
      | ^
[Jul 22 09:59:22]/cmds/arch/sameip.lpc:118:1: warning: Unused local variable 's3'
  118 | }
      | ^
[Jul 22 09:59:22]/cmds/arch/sameip.lpc:118:1: warning: Unused local variable 's4'
  118 | }
      | ^
[Jul 22 09:59:22]/cmds/adm/watch.lpc:222:1: warning: Unused local variable 'spi'
  222 | }
      | ^
[Jul 22 09:59:22]/cmds/adm/watch.lpc:222:1: warning: Unused local variable 'weight'
  222 | }
      | ^
[Jul 22 09:59:22]/cmds/adm/watch.lpc:222:1: warning: Unused local variable 'limb_status'
  222 | }
      | ^
[Jul 22 09:59:22]/cmds/skill/dazuo1.lpc:80:1: warning: Unused local variable 'where'
   80 | }
      | ^
[Jul 22 09:59:22]/cmds/skill/exert.lpc:35:1: warning: Unused local variable 'result'
   35 | }
      | ^
[Jul 22 09:59:22]/cmds/skill/xue.lpc:129:1: warning: Unused local variable 'master'
  129 | }
      | ^
[Jul 22 09:59:22]/cmds/skill/xue.lpc:129:1: warning: Unused local variable 'betrayer'
  129 | }
      | ^
[Jul 22 09:59:22]/cmds/skill/yanjiu.lpc:77:1: warning: Unused local variable 'teacher'
   77 | }
      | ^
[Jul 22 09:59:22]/cmds/skill/yanjiu.lpc:77:1: warning: Unused local variable 'master'
   77 | }
      | ^
[Jul 22 09:59:22]/cmds/skill/yanjiu.lpc:77:1: warning: Unused local variable 'skill_name'
   77 | }
      | ^
[Jul 22 09:59:22]/cmds/skill/yanjiu.lpc:77:1: warning: Unused local variable 'betrayer'
   77 | }
      | ^
[Jul 22 09:59:22]/cmds/skill/baofa.lpc:35:1: warning: Unused local variable 'result'
   35 | }
      | ^
[Jul 22 09:59:22]/cmds/skill/enable.lpc:124:1: warning: Unused local variable 'types'
  124 | }
      | ^
[Jul 22 09:59:22]/cmds/skill/meditate.lpc:85:1: warning: Unused local variable 'where'
   85 | }
      | ^
[Jul 22 09:59:22]/cmds/skill/bei.lpc:134:1: warning: Unused local variable 'count'
  134 | }
      | ^
[Jul 22 09:59:22]/cmds/skill/prepare.lpc:134:1: warning: Unused local variable 'count'
  134 | }
      | ^
[Jul 22 09:59:22]/cmds/skill/bai.lpc:111:1: warning: Unused local variable 'skills'
  111 | }
      | ^
[Jul 22 09:59:22]/cmds/skill/bai.lpc:111:1: warning: Unused local variable 'i'
  111 | }
      | ^
[Jul 22 09:59:22]/cmds/skill/bai.lpc:111:1: warning: Unused local variable 'skname'
  111 | }
      | ^
[Jul 22 09:59:22]/cmds/skill/yun.lpc:35:1: warning: Unused local variable 'result'
   35 | }
      | ^
[Jul 22 09:59:22]/cmds/skill/jifa.lpc:124:1: warning: Unused local variable 'types'
  124 | }
      | ^
[Jul 22 09:59:22]/cmds/skill/learn.lpc:128:1: warning: Unused local variable 'master'
  128 | }
      | ^
[Jul 22 09:59:22]/cmds/skill/learn.lpc:128:1: warning: Unused local variable 'betrayer'
  128 | }
      | ^
[Jul 22 09:59:22]/cmds/skill/recruit.lpc:92:1: warning: Unused local variable 'i'
   92 | }
      | ^
[Jul 22 09:59:22]/cmds/skill/quanjia.lpc:66:1: warning: Unused local variable 'what'
   66 | }
      | ^
[Jul 22 09:59:22]/cmds/skill/quanjia.lpc:66:1: warning: Unused local variable 'where'
   66 | }
      | ^
[Jul 22 09:59:22]/cmds/skill/quanjia.lpc:108:1: warning: Unused local variable 'amount'
  108 | }
      | ^
[Jul 22 09:59:22]/cmds/skill/quanjia.lpc:108:1: warning: Unused local variable 'ob1'
  108 | }
      | ^
[Jul 22 09:59:22]/cmds/skill/quanjia.lpc:108:1: warning: Unused local variable 'where'
  108 | }
      | ^
[Jul 22 09:59:22]/cmds/skill/perform.lpc:55:1: warning: Unused local variable 'prepare'
   55 | }
      | ^
[Jul 22 09:59:22]/cmds/skill/perform.lpc:55:1: warning: Unused local variable 'skill1'
   55 | }
      | ^
[Jul 22 09:59:22]/cmds/skill/perform.lpc:55:1: warning: Unused local variable 'result'
   55 | }
      | ^
[Jul 22 09:59:22]/cmds/skill/perform.lpc:55:1: warning: Unused local variable 'i'
   55 | }
      | ^
[Jul 22 09:59:22]/cmds/skill/tuna.lpc:43:1: warning: Unused local variable 'where'
   43 | }
      | ^
[Jul 22 09:59:22]/cmds/skill/respirate.lpc:43:1: warning: Unused local variable 'where'
   43 | }
      | ^
[Jul 22 09:59:22]/cmds/skill/chongpo.lpc:46:1: warning: Unused local variable 'chong'
   46 | }
      | ^
[Jul 22 09:59:22]/cmds/skill/apprentice.lpc:111:1: warning: Unused local variable 'skills'
  111 | }
      | ^
[Jul 22 09:59:22]/cmds/skill/apprentice.lpc:111:1: warning: Unused local variable 'i'
  111 | }
      | ^
[Jul 22 09:59:22]/cmds/skill/apprentice.lpc:111:1: warning: Unused local variable 'skname'
  111 | }
      | ^
[Jul 22 09:59:22]/cmds/skill/yong.lpc:14:79: warning: Unknown escape sequence '\�'.
   14 |   return notify_fail("( 你上一个动作还没有完成，不能施用外功\。)\n");
      |                                                                               ^
      |                                                                               �
[Jul 22 09:59:22]/cmds/skill/yong.lpc:16:48: warning: Unknown escape sequence '\�'.
   16 |  if( !arg ) return notify_fail("你要用外功\做什麽？\n");
      |                                                ^
      |                                                �
[Jul 22 09:59:22]/cmds/skill/yong.lpc:26:37: warning: Unknown escape sequence '\�'.
   26 |   notify_fail("你所使用的外功\中没有这种功\能。\n");
      |                                     ^
      |                                     �
[Jul 22 09:59:22]/cmds/skill/yong.lpc:26:56: warning: Unknown escape sequence '\�'.
   26 |   notify_fail("你所使用的外功\中没有这种功\能。\n");
      |                                                        ^
      |                                                        �
[Jul 22 09:59:22]/cmds/skill/yong.lpc:39:75: warning: Unknown escape sequence '\�'.
   39 |  return notify_fail("你请先用 enable 指令选择你要使用的外功\。\n");
      |                                                                           ^
      |                                                                           �
[Jul 22 09:59:22]/cmds/skill/yong.lpc:40:1: warning: Unused local variable 'result'
   40 | }
      | ^
[Jul 22 09:59:22]/cmds/skill/persuade.lpc:66:1: warning: Unused local variable 'what'
   66 | }
      | ^
[Jul 22 09:59:22]/cmds/skill/persuade.lpc:66:1: warning: Unused local variable 'where'
   66 | }
      | ^
[Jul 22 09:59:22]/cmds/skill/persuade.lpc:108:1: warning: Unused local variable 'amount'
  108 | }
      | ^
[Jul 22 09:59:22]/cmds/skill/persuade.lpc:108:1: warning: Unused local variable 'ob1'
  108 | }
      | ^
[Jul 22 09:59:22]/cmds/skill/persuade.lpc:108:1: warning: Unused local variable 'where'
  108 | }
      | ^
[Jul 22 09:59:22]/cmds/skill/shou.lpc:89:1: warning: Unused local variable 'i'
   89 | }
      | ^
