
<---Mudos v22pre11 for WIN95/NT (by wwj,May 18 1998) Config:仙剑狂侠 2000  startup at Fri Jul 20 15:06:17 2001

using config file: config.sj
----------------------------------------------------------------------------
仙剑狂侠 2000  (MudOS v22pre11) starting up on Microsoft Windows 95 - Fri Jul 20 15:06:17 2001


Can't find "mudos", ignoring old binaries.
Try invoking the driver using the full pathname.
System Error: init_addr_server: connect:unknow error 10061
]simul_efun loaded successfully.

Loading preloaded files ...
错误讯息被拦截: 
执行时段错误：*Error in loading object '/adm/daemons/network/dns_master'

程式：adm/single/master.c 第 105 行
物件: adm/single/master ("0(0)")
呼叫来自：adm/single/master.c 的 preload() 第 105 行，物件： adm/single/master ("0(0)")
呼叫来自：adm/single/master.c 的 CATCH() 第 105 行，物件： adm/single/master ("0(0)")
Initializations complete.

Accepting connections on port 5555.
错误
执行时段错误：*restore_object(): Illegal file format.

程式：feature/save.c 第 19 行
物件: clone/board/news_b ("/clone/board/news_b(0)")
呼叫来自：adm/daemons/logind.c 的 check_news() 第 690 行，物件： adm/daemons/logind ("0(0)")
呼叫来自：clone/board/news_b.c 的 create() 第 12 行，物件： clone/board/news_b ("/clone/board/news_b(0)")
呼叫来自：inherit/misc/bboard.c 的 setup() 第 20 行，物件： clone/board/news_b ("/clone/board/news_b(0)")
呼叫来自：feature/save.c 的 restore() 第 19 行，物件： clone/board/news_b ("/clone/board/news_b(0)")
Initializing internal tables....

<---Mudos v22pre11 for WIN95/NT (by wwj,May 18 1998) Config:仙剑狂侠 2000  startup at Fri Jul 20 15:49:58 2001

using config file: config.sj
----------------------------------------------------------------------------
仙剑狂侠 2000  (MudOS v22pre11) starting up on Microsoft Windows 95 - Fri Jul 20 15:49:58 2001


Can't find "mudos", ignoring old binaries.
Try invoking the driver using the full pathname.
System Error: init_addr_server: gethostbyname:unknow error 11004
]simul_efun loaded successfully.

Loading preloaded files ...
错误讯息被拦截: 
执行时段错误：*Error in loading object '/adm/daemons/network/dns_master'

程式：adm/single/master.c 第 105 行
物件: adm/single/master ("0(0)")
呼叫来自：adm/single/master.c 的 preload() 第 105 行，物件： adm/single/master ("0(0)")
呼叫来自：adm/single/master.c 的 CATCH() 第 105 行，物件： adm/single/master ("0(0)")
Initializations complete.

Accepting connections on port 5555.
Initializing internal tables....

<---Mudos v22pre11 for WIN95/NT (by wwj,May 18 1998) Config:仙剑狂侠 2000  startup at Fri Jul 20 15:50:26 2001

using config file: config.sj
----------------------------------------------------------------------------
仙剑狂侠 2000  (MudOS v22pre11) starting up on Microsoft Windows 95 - Fri Jul 20 15:50:26 2001


Can't find "mudos", ignoring old binaries.
Try invoking the driver using the full pathname.
System Error: init_addr_server: gethostbyname:unknow error 11004
]simul_efun loaded successfully.

Loading preloaded files ...
错误讯息被拦截: 
执行时段错误：*Error in loading object '/adm/daemons/network/dns_master'

程式：adm/single/master.c 第 105 行
物件: adm/single/master ("0(0)")
呼叫来自：adm/single/master.c 的 preload() 第 105 行，物件： adm/single/master ("0(0)")
呼叫来自：adm/single/master.c 的 CATCH() 第 105 行，物件： adm/single/master ("0(0)")
Initializations complete.

Accepting connections on port 5555.
错误
执行时段错误：*Array index out of bounds.

程式：adm/daemons/natured.c 第 696 行
物件: adm/daemons/natured ("0(0)")
呼叫来自：adm/daemons/natured.c 的 treasure_check() 第 696 行，物件： adm/daemons/natured ("0(0)")
错误
执行时段错误：*restore_object(): Illegal file format.

程式：feature/save.c 第 19 行
物件: clone/board/towiz_b ("/clone/board/towiz_b(0)")
呼叫来自：inherit/char/char.c 的 heart_beat() 第 116 行，物件： d/quanzhen/npc/youfang#18 ("游方道人(youfang daoren)")
呼叫来自：inherit/char/npc.c 的 chat() 第 140 行，物件： d/quanzhen/npc/youfang#18 ("游方道人(youfang daoren)")
呼叫来自：<function> 的 <function>() 第 0 行，物件： d/quanzhen/npc/youfang#18 ("游方道人(youfang daoren)")
呼叫来自：inherit/char/npc.c 的 random_move() 第 160 行，物件： d/quanzhen/npc/youfang#18 ("游方道人(youfang daoren)")
呼叫来自：feature/command.c 的 command_hook() 第 66 行，物件： d/quanzhen/npc/youfang#18 ("游方道人(youfang daoren)")
呼叫来自：cmds/std/go.c 的 main() 第 96 行，物件： cmds/std/go ("0(0)")
呼叫来自：d/city/yamen.c 的 create() 第 26 行，物件： d/city/yamen ("0(0)")
呼叫来自：clone/board/towiz_b.c 的 create() 第 11 行，物件： clone/board/towiz_b ("/clone/board/towiz_b(0)")
呼叫来自：inherit/misc/bboard.c 的 setup() 第 20 行，物件： clone/board/towiz_b ("/clone/board/towiz_b(0)")
呼叫来自：feature/save.c 的 restore() 第 19 行，物件： clone/board/towiz_b ("/clone/board/towiz_b(0)")
Heart beat in d/quanzhen/npc/youfang#18 turned off.
错误
执行时段错误：*restore_object(): Illegal file format.

程式：feature/save.c 第 19 行
物件: clone/board/news_b ("/clone/board/news_b(0)")
呼叫来自：adm/daemons/logind.c 的 check_news() 第 690 行，物件： adm/daemons/logind ("0(0)")
呼叫来自：clone/board/news_b.c 的 create() 第 12 行，物件： clone/board/news_b ("/clone/board/news_b(0)")
呼叫来自：inherit/misc/bboard.c 的 setup() 第 20 行，物件： clone/board/news_b ("/clone/board/news_b(0)")
呼叫来自：feature/save.c 的 restore() 第 19 行，物件： clone/board/news_b ("/clone/board/news_b(0)")
错误讯息被拦截: 
执行时段错误：*Bad argument 1 to call_other()
Expected: string or array or object Got: 0.

程式：adm/daemons/questd.c 第 223 行
物件: adm/daemons/questd ("0(0)")
呼叫来自：feature/command.c 的 command_hook() 第 66 行，物件： clone/user/user#1 ("秋水(wangwwh)")
呼叫来自：cmds/app/update.c 的 main() 第 56 行，物件： cmds/app/update ("0(0)")
呼叫来自：cmds/app/update.c 的 CATCH() 第 56 行，物件： cmds/app/update ("0(0)")
呼叫来自：adm/daemons/questd.c 的 create() 第 47 行，物件： adm/daemons/questd ("0(0)")
呼叫来自：adm/daemons/questd.c 的 init_dynamic_quest() 第 155 行，物件： adm/daemons/questd ("0(0)")
呼叫来自：adm/daemons/questd.c 的 spread_quest() 第 223 行，物件： adm/daemons/questd ("0(0)")
错误
执行时段错误：*Bad argument 1 to call_other()
Expected: string or array or object Got: 0.

程式：adm/single/simul_efun.c 第 89 行
物件: adm/single/simul_efun ("0(0)")
呼叫来自：d/city/npc/xunbu.c 的 randommove() 第 149 行，物件： d/city/npc/xunbu#26 ("巡捕(xunbu)")
呼叫来自：inherit/char/npc.c 的 random_move() 第 160 行，物件： d/city/npc/xunbu#26 ("巡捕(xunbu)")
呼叫来自：feature/command.c 的 command_hook() 第 66 行，物件： d/city/npc/xunbu#26 ("巡捕(xunbu)")
呼叫来自：cmds/std/go.c 的 main() 第 96 行，物件： cmds/std/go ("0(0)")
呼叫来自：d/city/bingying.c 的 create() 第 32 行，物件： d/city/bingying ("0(0)")
呼叫来自：inherit/room/room.c 的 setup() 第 214 行，物件： d/city/bingying ("0(0)")
呼叫来自：inherit/room/room.c 的 reset() 第 66 行，物件： d/city/bingying ("0(0)")
呼叫来自：inherit/room/room.c 的 make_inventory() 第 20 行，物件： d/city/bingying ("0(0)")
呼叫来自：adm/single/simul_efun.c 的 unew() 第 88 行，物件： adm/single/simul_efun ("0(0)")
呼叫来自：d/city/npc/shi.c 的 create() 第 54 行，物件： d/city/npc/shi ("史青山(shi qingshan)")
呼叫来自：inherit/char/npc.c 的 carry_object() 第 13 行，物件： d/city/npc/shi ("史青山(shi qingshan)")
呼叫来自：adm/single/simul_efun.c 的 unew() 第 89 行，物件： adm/single/simul_efun ("0(0)")
错误
执行时段错误：*Array index out of bounds.

程式：adm/daemons/natured.c 第 696 行
物件: adm/daemons/natured ("0(0)")
呼叫来自：adm/daemons/natured.c 的 treasure_check() 第 696 行，物件： adm/daemons/natured ("0(0)")
Initializing internal tables....

<---Mudos v22pre11 for WIN95/NT (by wwj,May 18 1998) Config:仙剑狂侠 2000  startup at Fri Jul 20 17:54:25 2001

using config file: config.sj
----------------------------------------------------------------------------
仙剑狂侠 2000  (MudOS v22pre11) starting up on Microsoft Windows 95 - Fri Jul 20 17:54:25 2001


Can't find "mudos", ignoring old binaries.
Try invoking the driver using the full pathname.
System Error: init_addr_server: gethostbyname:unknow error 11004
]simul_efun loaded successfully.

Loading preloaded files ...
错误讯息被拦截: 
执行时段错误：*Error in loading object '/adm/daemons/network/dns_master'

程式：adm/single/master.c 第 105 行
物件: adm/single/master ("0(0)")
呼叫来自：adm/single/master.c 的 preload() 第 105 行，物件： adm/single/master ("0(0)")
呼叫来自：adm/single/master.c 的 CATCH() 第 105 行，物件： adm/single/master ("0(0)")
Initializations complete.

Accepting connections on port 5555.
Initializing internal tables....

<---Mudos v22pre11 for WIN95/NT (by wwj,May 18 1998) Config:仙剑狂侠 2000  startup at Fri Jul 20 17:55:32 2001

using config file: config.sj
----------------------------------------------------------------------------
仙剑狂侠 2000  (MudOS v22pre11) starting up on Microsoft Windows 95 - Fri Jul 20 17:55:32 2001


Can't find "mudos", ignoring old binaries.
Try invoking the driver using the full pathname.
System Error: init_addr_server: connect:unknow error 10061
]simul_efun loaded successfully.

Loading preloaded files ...
错误讯息被拦截: 
执行时段错误：*Error in loading object '/adm/daemons/network/dns_master'

程式：adm/single/master.c 第 105 行
物件: adm/single/master ("0(0)")
呼叫来自：adm/single/master.c 的 preload() 第 105 行，物件： adm/single/master ("0(0)")
呼叫来自：adm/single/master.c 的 CATCH() 第 105 行，物件： adm/single/master ("0(0)")
Initializations complete.

Accepting connections on port 5555.
错误
执行时段错误：*restore_object(): Illegal file format.

程式：feature/save.c 第 19 行
物件: clone/board/news_b ("/clone/board/news_b(0)")
呼叫来自：adm/daemons/logind.c 的 check_news() 第 690 行，物件： adm/daemons/logind ("0(0)")
呼叫来自：clone/board/news_b.c 的 create() 第 12 行，物件： clone/board/news_b ("/clone/board/news_b(0)")
呼叫来自：inherit/misc/bboard.c 的 setup() 第 20 行，物件： clone/board/news_b ("/clone/board/news_b(0)")
呼叫来自：feature/save.c 的 restore() 第 19 行，物件： clone/board/news_b ("/clone/board/news_b(0)")
错误
执行时段错误：*Array index out of bounds.

程式：adm/daemons/natured.c 第 696 行
物件: adm/daemons/natured ("0(0)")
呼叫来自：adm/daemons/natured.c 的 treasure_check() 第 696 行，物件： adm/daemons/natured ("0(0)")
错误
执行时段错误：*Inherited file '/d/city/npc/gaibang_npc' does not exist!

程式：adm/single/simul_efun.c 第 88 行
物件: adm/single/simul_efun ("0(0)")
呼叫来自：feature/command.c 的 command_hook() 第 66 行，物件： clone/user/user#1 ("秋水(wangwwh)")
呼叫来自：cmds/std/go.c 的 main() 第 96 行，物件： cmds/std/go ("0(0)")
呼叫来自：d/city/dongdajie2.c 的 create() 第 28 行，物件： d/city/dongdajie2 ("0(0)")
呼叫来自：inherit/room/room.c 的 setup() 第 214 行，物件： d/city/dongdajie2 ("0(0)")
呼叫来自：inherit/room/room.c 的 reset() 第 66 行，物件： d/city/dongdajie2 ("0(0)")
呼叫来自：inherit/room/room.c 的 make_inventory() 第 20 行，物件： d/city/dongdajie2 ("0(0)")
呼叫来自：adm/single/simul_efun.c 的 unew() 第 88 行，物件： adm/single/simul_efun ("0(0)")
错误
执行时段错误：*restore_object(): Illegal file format.

程式：feature/save.c 第 19 行
物件: clone/board/yuelao_b ("/clone/board/yuelao_b(0)")
呼叫来自：d/city/npc/xunbu.c 的 randommove() 第 149 行，物件： d/city/npc/xunbu#14 ("巡捕(xunbu)")
呼叫来自：inherit/char/npc.c 的 random_move() 第 160 行，物件： d/city/npc/xunbu#14 ("巡捕(xunbu)")
呼叫来自：feature/command.c 的 command_hook() 第 66 行，物件： d/city/npc/xunbu#14 ("巡捕(xunbu)")
呼叫来自：cmds/std/go.c 的 main() 第 96 行，物件： cmds/std/go ("0(0)")
呼叫来自：d/city/yuelaoting.c 的 create() 第 29 行，物件： d/city/yuelaoting ("0(0)")
呼叫来自：clone/board/yuelao_b.c 的 create() 第 11 行，物件： clone/board/yuelao_b ("/clone/board/yuelao_b(0)")
呼叫来自：inherit/misc/bboard.c 的 setup() 第 20 行，物件： clone/board/yuelao_b ("/clone/board/yuelao_b(0)")
呼叫来自：feature/save.c 的 restore() 第 19 行，物件： clone/board/yuelao_b ("/clone/board/yuelao_b(0)")
错误
执行时段错误：*Array index out of bounds.

程式：adm/daemons/natured.c 第 696 行
物件: adm/daemons/natured ("0(0)")
呼叫来自：adm/daemons/natured.c 的 treasure_check() 第 696 行，物件： adm/daemons/natured ("0(0)")
错误
执行时段错误：*Bad argument 1 to call_other()
Expected: string or array or object Got: 0.

程式：adm/single/simul_efun.c 第 89 行
物件: adm/single/simul_efun ("0(0)")
呼叫来自：inherit/char/char.c 的 heart_beat() 第 116 行，物件： d/quanzhen/npc/youfang#10 ("游方道人(youfang daoren)")
呼叫来自：inherit/char/npc.c 的 chat() 第 140 行，物件： d/quanzhen/npc/youfang#10 ("游方道人(youfang daoren)")
呼叫来自：<function> 的 <function>() 第 0 行，物件： d/quanzhen/npc/youfang#10 ("游方道人(youfang daoren)")
呼叫来自：inherit/char/npc.c 的 random_move() 第 160 行，物件： d/quanzhen/npc/youfang#10 ("游方道人(youfang daoren)")
呼叫来自：feature/command.c 的 command_hook() 第 66 行，物件： d/quanzhen/npc/youfang#10 ("游方道人(youfang daoren)")
呼叫来自：cmds/std/go.c 的 main() 第 96 行，物件： cmds/std/go ("0(0)")
呼叫来自：d/city/bingying.c 的 create() 第 32 行，物件： d/city/bingying ("0(0)")
呼叫来自：inherit/room/room.c 的 setup() 第 214 行，物件： d/city/bingying ("0(0)")
呼叫来自：inherit/room/room.c 的 reset() 第 66 行，物件： d/city/bingying ("0(0)")
呼叫来自：inherit/room/room.c 的 make_inventory() 第 20 行，物件： d/city/bingying ("0(0)")
呼叫来自：adm/single/simul_efun.c 的 unew() 第 88 行，物件： adm/single/simul_efun ("0(0)")
呼叫来自：d/city/npc/shi.c 的 create() 第 54 行，物件： d/city/npc/shi ("史青山(shi qingshan)")
呼叫来自：inherit/char/npc.c 的 carry_object() 第 13 行，物件： d/city/npc/shi ("史青山(shi qingshan)")
呼叫来自：adm/single/simul_efun.c 的 unew() 第 89 行，物件： adm/single/simul_efun ("0(0)")
Heart beat in d/quanzhen/npc/youfang#10 turned off.
错误
执行时段错误：*Array index out of bounds.

程式：adm/daemons/natured.c 第 696 行
物件: adm/daemons/natured ("0(0)")
呼叫来自：adm/daemons/natured.c 的 treasure_check() 第 696 行，物件： adm/daemons/natured ("0(0)")
错误
执行时段错误：*Bad argument 1 to call_other()
Expected: string or array or object Got: 0.

程式：adm/single/simul_efun.c 第 89 行
物件: adm/single/simul_efun ("0(0)")
呼叫来自：inherit/char/char.c 的 heart_beat() 第 116 行，物件： kungfu/class/shaolin/xingzhe#80 ("行者(xingzhe)")
呼叫来自：inherit/char/npc.c 的 chat() 第 140 行，物件： kungfu/class/shaolin/xingzhe#80 ("行者(xingzhe)")
呼叫来自：<function> 的 <function>() 第 0 行，物件： kungfu/class/shaolin/xingzhe#80 ("行者(xingzhe)")
呼叫来自：inherit/char/npc.c 的 random_move() 第 160 行，物件： kungfu/class/shaolin/xingzhe#80 ("行者(xingzhe)")
呼叫来自：feature/command.c 的 command_hook() 第 66 行，物件： kungfu/class/shaolin/xingzhe#80 ("行者(xingzhe)")
呼叫来自：cmds/std/go.c 的 main() 第 96 行，物件： cmds/std/go ("0(0)")
呼叫来自：d/city/kedian.c 的 create() 第 33 行，物件： d/city/kedian ("0(0)")
呼叫来自：inherit/room/room.c 的 setup() 第 214 行，物件： d/city/kedian ("0(0)")
呼叫来自：inherit/room/room.c 的 reset() 第 66 行，物件： d/city/kedian ("0(0)")
呼叫来自：inherit/room/room.c 的 make_inventory() 第 20 行，物件： d/city/kedian ("0(0)")
呼叫来自：adm/single/simul_efun.c 的 unew() 第 89 行，物件： adm/single/simul_efun ("0(0)")
Heart beat in kungfu/class/shaolin/xingzhe#80 turned off.
错误
执行时段错误：*F_SKILL: No such skill (forece)

程式：feature/skill.c 第 20 行
物件: clone/user/user#1 ("秋水(wangwwh)")
呼叫来自：feature/command.c 的 command_hook() 第 66 行，物件： clone/user/user#1 ("秋水(wangwwh)")
呼叫来自：cmds/arch/call.c 的 main() 第 59 行，物件： cmds/arch/call ("0(0)")
呼叫来自：feature/skill.c 的 set_skill() 第 20 行，物件： clone/user/user#1 ("秋水(wangwwh)")
错误
执行时段错误：*Array index out of bounds.

程式：adm/daemons/natured.c 第 696 行
物件: adm/daemons/natured ("0(0)")
呼叫来自：adm/daemons/natured.c 的 treasure_check() 第 696 行，物件： adm/daemons/natured ("0(0)")
错误
执行时段错误：*restore_object(): Illegal file format.

程式：feature/save.c 第 19 行
物件: clone/board/wizto_b ("/clone/board/wizto_b(0)")
呼叫来自：d/city/npc/xunbu.c 的 randommove() 第 149 行，物件： d/city/npc/xunbu#14 ("巡捕(xunbu)")
呼叫来自：inherit/char/npc.c 的 random_move() 第 160 行，物件： d/city/npc/xunbu#14 ("巡捕(xunbu)")
呼叫来自：feature/command.c 的 command_hook() 第 66 行，物件： d/city/npc/xunbu#14 ("巡捕(xunbu)")
呼叫来自：cmds/std/go.c 的 main() 第 96 行，物件： cmds/std/go ("0(0)")
呼叫来自：d/city/chmiao.c 的 create() 第 25 行，物件： d/city/chmiao ("0(0)")
呼叫来自：clone/board/wizto_b.c 的 create() 第 11 行，物件： clone/board/wizto_b ("/clone/board/wizto_b(0)")
呼叫来自：inherit/misc/bboard.c 的 setup() 第 20 行，物件： clone/board/wizto_b ("/clone/board/wizto_b(0)")
呼叫来自：feature/save.c 的 restore() 第 19 行，物件： clone/board/wizto_b ("/clone/board/wizto_b(0)")
错误
执行时段错误：*Array index out of bounds.

程式：adm/daemons/natured.c 第 696 行
物件: adm/daemons/natured ("0(0)")
呼叫来自：adm/daemons/natured.c 的 treasure_check() 第 696 行，物件： adm/daemons/natured ("0(0)")
错误
执行时段错误：*restore_object(): Illegal file format.

程式：feature/save.c 第 19 行
物件: clone/board/towiz_b ("/clone/board/towiz_b(0)")
呼叫来自：d/city/npc/xunbu.c 的 randommove() 第 149 行，物件： d/city/npc/xunbu#14 ("巡捕(xunbu)")
呼叫来自：inherit/char/npc.c 的 random_move() 第 160 行，物件： d/city/npc/xunbu#14 ("巡捕(xunbu)")
呼叫来自：feature/command.c 的 command_hook() 第 66 行，物件： d/city/npc/xunbu#14 ("巡捕(xunbu)")
呼叫来自：cmds/std/go.c 的 main() 第 96 行，物件： cmds/std/go ("0(0)")
呼叫来自：d/city/yamen.c 的 create() 第 26 行，物件： d/city/yamen ("0(0)")
呼叫来自：clone/board/towiz_b.c 的 create() 第 11 行，物件： clone/board/towiz_b ("/clone/board/towiz_b(0)")
呼叫来自：inherit/misc/bboard.c 的 setup() 第 20 行，物件： clone/board/towiz_b ("/clone/board/towiz_b(0)")
呼叫来自：feature/save.c 的 restore() 第 19 行，物件： clone/board/towiz_b ("/clone/board/towiz_b(0)")
错误
执行时段错误：*Bad argument 1 to call_other()
Expected: string or array or object Got: 0.

程式：adm/single/simul_efun.c 第 89 行
物件: adm/single/simul_efun ("0(0)")
呼叫来自：inherit/room/room.c 的 reset() 第 66 行，物件： d/city/bingying ("0(0)")
呼叫来自：inherit/room/room.c 的 make_inventory() 第 20 行，物件： d/city/bingying ("0(0)")
呼叫来自：adm/single/simul_efun.c 的 unew() 第 88 行，物件： adm/single/simul_efun ("0(0)")
呼叫来自：d/city/npc/shi.c 的 create() 第 54 行，物件： d/city/npc/shi#336 ("史青山(shi qingshan)")
呼叫来自：inherit/char/npc.c 的 carry_object() 第 13 行，物件： d/city/npc/shi#336 ("史青山(shi qingshan)")
呼叫来自：adm/single/simul_efun.c 的 unew() 第 89 行，物件： adm/single/simul_efun ("0(0)")
错误
执行时段错误：*Array index out of bounds.

程式：adm/daemons/natured.c 第 696 行
物件: adm/daemons/natured ("0(0)")
呼叫来自：adm/daemons/natured.c 的 treasure_check() 第 696 行，物件： adm/daemons/natured ("0(0)")
Initializing internal tables....

<---Mudos v22pre11 for WIN95/NT (by wwj,May 18 1998) Config:仙剑狂侠 2000  startup at Sat Jul 21 08:44:31 2001

using config file: config.sj
----------------------------------------------------------------------------
仙剑狂侠 2000  (MudOS v22pre11) starting up on Microsoft Windows 95 - Sat Jul 21 08:44:31 2001


Can't find "mudos", ignoring old binaries.
Try invoking the driver using the full pathname.
System Error: init_addr_server: connect:unknow error 10061
]simul_efun loaded successfully.

Loading preloaded files ...
错误讯息被拦截: 
执行时段错误：*Error in loading object '/adm/daemons/network/dns_master'

程式：adm/single/master.c 第 105 行
物件: adm/single/master ("0(0)")
呼叫来自：adm/single/master.c 的 preload() 第 105 行，物件： adm/single/master ("0(0)")
呼叫来自：adm/single/master.c 的 CATCH() 第 105 行，物件： adm/single/master ("0(0)")
Initializations complete.

Accepting connections on port 5555.
错误
执行时段错误：*restore_object(): Illegal file format.

程式：feature/save.c 第 19 行
物件: clone/board/news_b ("/clone/board/news_b(0)")
呼叫来自：adm/daemons/logind.c 的 check_news() 第 690 行，物件： adm/daemons/logind ("0(0)")
呼叫来自：clone/board/news_b.c 的 create() 第 12 行，物件： clone/board/news_b ("/clone/board/news_b(0)")
呼叫来自：inherit/misc/bboard.c 的 setup() 第 20 行，物件： clone/board/news_b ("/clone/board/news_b(0)")
呼叫来自：feature/save.c 的 restore() 第 19 行，物件： clone/board/news_b ("/clone/board/news_b(0)")
错误
执行时段错误：*Array index out of bounds.

程式：adm/daemons/natured.c 第 696 行
物件: adm/daemons/natured ("0(0)")
呼叫来自：adm/daemons/natured.c 的 treasure_check() 第 696 行，物件： adm/daemons/natured ("0(0)")
错误
执行时段错误：*Bad argument 1 to call_other()
Expected: string or array or object Got: 0.

程式：adm/single/simul_efun.c 第 89 行
物件: adm/single/simul_efun ("0(0)")
呼叫来自：feature/command.c 的 command_hook() 第 66 行，物件： clone/user/user#1 ("秋水(wangwwh)")
呼叫来自：cmds/std/go.c 的 main() 第 96 行，物件： cmds/std/go ("0(0)")
呼叫来自：d/city/bingying.c 的 create() 第 32 行，物件： d/city/bingying ("0(0)")
呼叫来自：inherit/room/room.c 的 setup() 第 214 行，物件： d/city/bingying ("0(0)")
呼叫来自：inherit/room/room.c 的 reset() 第 66 行，物件： d/city/bingying ("0(0)")
呼叫来自：inherit/room/room.c 的 make_inventory() 第 20 行，物件： d/city/bingying ("0(0)")
呼叫来自：adm/single/simul_efun.c 的 unew() 第 88 行，物件： adm/single/simul_efun ("0(0)")
呼叫来自：d/city/npc/shi.c 的 create() 第 54 行，物件： d/city/npc/shi ("史青山(shi qingshan)")
呼叫来自：inherit/char/npc.c 的 carry_object() 第 13 行，物件： d/city/npc/shi ("史青山(shi qingshan)")
呼叫来自：adm/single/simul_efun.c 的 unew() 第 89 行，物件： adm/single/simul_efun ("0(0)")
错误
执行时段错误：*restore_object(): Illegal file format.

程式：feature/save.c 第 19 行
物件: clone/board/towiz_b ("/clone/board/towiz_b(0)")
呼叫来自：feature/command.c 的 command_hook() 第 66 行，物件： clone/user/user#1 ("秋水(wangwwh)")
呼叫来自：cmds/std/go.c 的 main() 第 96 行，物件： cmds/std/go ("0(0)")
呼叫来自：d/city/yamen.c 的 create() 第 26 行，物件： d/city/yamen ("0(0)")
呼叫来自：clone/board/towiz_b.c 的 create() 第 11 行，物件： clone/board/towiz_b ("/clone/board/towiz_b(0)")
呼叫来自：inherit/misc/bboard.c 的 setup() 第 20 行，物件： clone/board/towiz_b ("/clone/board/towiz_b(0)")
呼叫来自：feature/save.c 的 restore() 第 19 行，物件： clone/board/towiz_b ("/clone/board/towiz_b(0)")
错误
执行时段错误：*Inherited file '/d/city/npc/gaibang_npc' does not exist!

程式：adm/single/simul_efun.c 第 88 行
物件: adm/single/simul_efun ("0(0)")
呼叫来自：feature/command.c 的 command_hook() 第 66 行，物件： clone/user/user#1 ("秋水(wangwwh)")
呼叫来自：cmds/std/go.c 的 main() 第 96 行，物件： cmds/std/go ("0(0)")
呼叫来自：d/city/dongdajie2.c 的 create() 第 28 行，物件： d/city/dongdajie2 ("0(0)")
呼叫来自：inherit/room/room.c 的 setup() 第 214 行，物件： d/city/dongdajie2 ("0(0)")
呼叫来自：inherit/room/room.c 的 reset() 第 66 行，物件： d/city/dongdajie2 ("0(0)")
呼叫来自：inherit/room/room.c 的 make_inventory() 第 20 行，物件： d/city/dongdajie2 ("0(0)")
呼叫来自：adm/single/simul_efun.c 的 unew() 第 88 行，物件： adm/single/simul_efun ("0(0)")
错误
执行时段错误：*Array index out of bounds.

程式：adm/daemons/natured.c 第 696 行
物件: adm/daemons/natured ("0(0)")
呼叫来自：adm/daemons/natured.c 的 treasure_check() 第 696 行，物件： adm/daemons/natured ("0(0)")
错误
执行时段错误：*Array index out of bounds.

程式：adm/daemons/natured.c 第 696 行
物件: adm/daemons/natured ("0(0)")
呼叫来自：adm/daemons/natured.c 的 treasure_check() 第 696 行，物件： adm/daemons/natured ("0(0)")
错误
执行时段错误：*restore_object(): Illegal file format.

程式：feature/save.c 第 19 行
物件: clone/board/wizto_b ("/clone/board/wizto_b(0)")
呼叫来自：inherit/char/char.c 的 heart_beat() 第 116 行，物件： kungfu/class/shaolin/xingzhe#132 ("行者(xingzhe)")
呼叫来自：inherit/char/npc.c 的 chat() 第 140 行，物件： kungfu/class/shaolin/xingzhe#132 ("行者(xingzhe)")
呼叫来自：<function> 的 <function>() 第 0 行，物件： kungfu/class/shaolin/xingzhe#132 ("行者(xingzhe)")
呼叫来自：inherit/char/npc.c 的 random_move() 第 160 行，物件： kungfu/class/shaolin/xingzhe#132 ("行者(xingzhe)")
呼叫来自：feature/command.c 的 command_hook() 第 66 行，物件： kungfu/class/shaolin/xingzhe#132 ("行者(xingzhe)")
呼叫来自：cmds/std/go.c 的 main() 第 96 行，物件： cmds/std/go ("0(0)")
呼叫来自：d/city/chmiao.c 的 create() 第 25 行，物件： d/city/chmiao ("0(0)")
呼叫来自：clone/board/wizto_b.c 的 create() 第 11 行，物件： clone/board/wizto_b ("/clone/board/wizto_b(0)")
呼叫来自：inherit/misc/bboard.c 的 setup() 第 20 行，物件： clone/board/wizto_b ("/clone/board/wizto_b(0)")
呼叫来自：feature/save.c 的 restore() 第 19 行，物件： clone/board/wizto_b ("/clone/board/wizto_b(0)")
Heart beat in kungfu/class/shaolin/xingzhe#132 turned off.
错误讯息被拦截: 
执行时段错误：*Bad argument 1 to set_living_name()
Expected: string Got: 0.

程式：feature/command.c 第 117 行
物件: jobsys/gb_job/lu#285 ("/jobsys/gb_job/lu#285(0)")
呼叫来自：feature/command.c 的 command_hook() 第 66 行，物件： clone/user/user#1 ("秋水(wangwwh)")
呼叫来自：cmds/wiz/clone.c 的 main() 第 45 行，物件： cmds/wiz/clone ("0(0)")
呼叫来自：cmds/wiz/clone.c 的 CATCH() 第 45 行，物件： cmds/wiz/clone ("0(0)")
呼叫来自：jobsys/gb_job/lu.c 的 create() 第 102 行，物件： jobsys/gb_job/lu#285 ("/jobsys/gb_job/lu#285(0)")
呼叫来自：inherit/char/char.c 的 setup() 第 54 行，物件： jobsys/gb_job/lu#285 ("/jobsys/gb_job/lu#285(0)")
呼叫来自：feature/command.c 的 enable_player() 第 117 行，物件： jobsys/gb_job/lu#285 ("/jobsys/gb_job/lu#285(0)")
错误
执行时段错误：*Array index out of bounds.

程式：adm/daemons/natured.c 第 696 行
物件: adm/daemons/natured ("0(0)")
呼叫来自：adm/daemons/natured.c 的 treasure_check() 第 696 行，物件： adm/daemons/natured ("0(0)")
错误
执行时段错误：*Array index out of bounds.

程式：adm/daemons/natured.c 第 696 行
物件: adm/daemons/natured ("0(0)")
呼叫来自：adm/daemons/natured.c 的 treasure_check() 第 696 行，物件： adm/daemons/natured ("0(0)")
错误
执行时段错误：*Bad argument 1 to call_other()
Expected: string or array or object Got: 0.

程式：adm/daemons/questd.c 第 223 行
物件: adm/daemons/questd ("0(0)")
呼叫来自：feature/command.c 的 command_hook() 第 66 行，物件： clone/user/user#1 ("秋水(wangwwh)")
呼叫来自：cmds/std/ask.c 的 main() 第 56 行，物件： cmds/std/ask ("0(0)")
呼叫来自：feature/dbase.c 的 query() 第 50 行，物件： jobsys/gb_job/wu#283 ("吴长老(wu zhanglao)")
呼叫来自：<function> 的 <function>() 第 0 行，物件： jobsys/gb_job/wu#283 ("吴长老(wu zhanglao)")
呼叫来自：jobsys/gb_job/wu.c 的 ask_job() 第 100 行，物件： jobsys/gb_job/wu#283 ("吴长老(wu zhanglao)")
呼叫来自：adm/daemons/questd.c 的 create() 第 47 行，物件： adm/daemons/questd ("0(0)")
呼叫来自：adm/daemons/questd.c 的 init_dynamic_quest() 第 155 行，物件： adm/daemons/questd ("0(0)")
呼叫来自：adm/daemons/questd.c 的 spread_quest() 第 223 行，物件： adm/daemons/questd ("0(0)")
错误
执行时段错误：*restore_object(): Illegal file format.

程式：feature/save.c 第 19 行
物件: clone/board/yuelao_b ("/clone/board/yuelao_b(0)")
呼叫来自：inherit/char/char.c 的 heart_beat() 第 116 行，物件： jobsys/gb_job/jydizi#347 ("接引弟子(jieyin dizi)")
呼叫来自：inherit/char/npc.c 的 chat() 第 140 行，物件： jobsys/gb_job/jydizi#347 ("接引弟子(jieyin dizi)")
呼叫来自：<function> 的 <function>() 第 0 行，物件： jobsys/gb_job/jydizi#347 ("接引弟子(jieyin dizi)")
呼叫来自：inherit/char/npc.c 的 random_move() 第 160 行，物件： jobsys/gb_job/jydizi#347 ("接引弟子(jieyin dizi)")
呼叫来自：feature/command.c 的 command_hook() 第 66 行，物件： jobsys/gb_job/jydizi#347 ("接引弟子(jieyin dizi)")
呼叫来自：cmds/std/go.c 的 main() 第 96 行，物件： cmds/std/go ("0(0)")
呼叫来自：d/city/yuelaoting.c 的 create() 第 29 行，物件： d/city/yuelaoting ("0(0)")
呼叫来自：clone/board/yuelao_b.c 的 create() 第 11 行，物件： clone/board/yuelao_b ("/clone/board/yuelao_b(0)")
呼叫来自：inherit/misc/bboard.c 的 setup() 第 20 行，物件： clone/board/yuelao_b ("/clone/board/yuelao_b(0)")
呼叫来自：feature/save.c 的 restore() 第 19 行，物件： clone/board/yuelao_b ("/clone/board/yuelao_b(0)")
Heart beat in jobsys/gb_job/jydizi#347 turned off.
错误
执行时段错误：*Inherited file '/d/city/npc/gaibang_npc' does not exist!

程式：adm/single/simul_efun.c 第 88 行
物件: adm/single/simul_efun ("0(0)")
呼叫来自：inherit/room/room.c 的 reset() 第 66 行，物件： d/city/dongdajie2 ("0(0)")
呼叫来自：inherit/room/room.c 的 make_inventory() 第 20 行，物件： d/city/dongdajie2 ("0(0)")
呼叫来自：adm/single/simul_efun.c 的 unew() 第 88 行，物件： adm/single/simul_efun ("0(0)")
错误
执行时段错误：*Bad argument 1 to call_other()
Expected: string or array or object Got: 0.

程式：adm/single/simul_efun.c 第 89 行
物件: adm/single/simul_efun ("0(0)")
呼叫来自：inherit/room/room.c 的 reset() 第 66 行，物件： d/city/bingying ("0(0)")
呼叫来自：inherit/room/room.c 的 make_inventory() 第 20 行，物件： d/city/bingying ("0(0)")
呼叫来自：adm/single/simul_efun.c 的 unew() 第 88 行，物件： adm/single/simul_efun ("0(0)")
呼叫来自：d/city/npc/shi.c 的 create() 第 54 行，物件： d/city/npc/shi#491 ("史青山(shi qingshan)")
呼叫来自：inherit/char/npc.c 的 carry_object() 第 13 行，物件： d/city/npc/shi#491 ("史青山(shi qingshan)")
呼叫来自：adm/single/simul_efun.c 的 unew() 第 89 行，物件： adm/single/simul_efun ("0(0)")
错误
执行时段错误：*Array index out of bounds.

程式：adm/daemons/natured.c 第 696 行
物件: adm/daemons/natured ("0(0)")
呼叫来自：adm/daemons/natured.c 的 treasure_check() 第 696 行，物件： adm/daemons/natured ("0(0)")
错误
执行时段错误：*Bad argument 1 to call_other()
Expected: string or array or object Got: 0.

程式：adm/single/simul_efun.c 第 89 行
物件: adm/single/simul_efun ("0(0)")
呼叫来自：inherit/char/char.c 的 heart_beat() 第 116 行，物件： d/quanzhen/npc/youfang#9 ("游方道人(youfang daoren)")
呼叫来自：inherit/char/npc.c 的 chat() 第 140 行，物件： d/quanzhen/npc/youfang#9 ("游方道人(youfang daoren)")
呼叫来自：<function> 的 <function>() 第 0 行，物件： d/quanzhen/npc/youfang#9 ("游方道人(youfang daoren)")
呼叫来自：inherit/char/npc.c 的 random_move() 第 160 行，物件： d/quanzhen/npc/youfang#9 ("游方道人(youfang daoren)")
呼叫来自：feature/command.c 的 command_hook() 第 66 行，物件： d/quanzhen/npc/youfang#9 ("游方道人(youfang daoren)")
呼叫来自：cmds/std/go.c 的 main() 第 96 行，物件： cmds/std/go ("0(0)")
呼叫来自：d/city/kedian.c 的 create() 第 33 行，物件： d/city/kedian ("0(0)")
呼叫来自：inherit/room/room.c 的 setup() 第 214 行，物件： d/city/kedian ("0(0)")
呼叫来自：inherit/room/room.c 的 reset() 第 66 行，物件： d/city/kedian ("0(0)")
呼叫来自：inherit/room/room.c 的 make_inventory() 第 20 行，物件： d/city/kedian ("0(0)")
呼叫来自：adm/single/simul_efun.c 的 unew() 第 89 行，物件： adm/single/simul_efun ("0(0)")
Heart beat in d/quanzhen/npc/youfang#9 turned off.
错误
执行时段错误：*Array index out of bounds.

程式：adm/daemons/natured.c 第 696 行
物件: adm/daemons/natured ("0(0)")
呼叫来自：adm/daemons/natured.c 的 treasure_check() 第 696 行，物件： adm/daemons/natured ("0(0)")
错误
执行时段错误：*Array index out of bounds.

程式：adm/daemons/natured.c 第 696 行
物件: adm/daemons/natured ("0(0)")
呼叫来自：adm/daemons/natured.c 的 treasure_check() 第 696 行，物件： adm/daemons/natured ("0(0)")
closed external ports
Initializing internal tables....

<---Mudos v22pre11 for WIN95/NT (by wwj,May 18 1998) Config:仙剑狂侠 2000  shutdown at Sat Jul 21 09:06:01 2001




<---Mudos v22pre11 for WIN95/NT (by wwj,May 18 1998) Config:仙剑狂侠 2000  startup at Sat Jul 21 09:06:02 2001

using config file: config.sj
----------------------------------------------------------------------------
仙剑狂侠 2000  (MudOS v22pre11) starting up on Microsoft Windows 95 - Sat Jul 21 09:06:02 2001


Can't find "mudos", ignoring old binaries.
Try invoking the driver using the full pathname.
System Error: init_addr_server: connect:unknow error 10061
]simul_efun loaded successfully.

Loading preloaded files ...
错误讯息被拦截: 
执行时段错误：*Error in loading object '/adm/daemons/network/dns_master'

程式：adm/single/master.c 第 105 行
物件: adm/single/master ("0(0)")
呼叫来自：adm/single/master.c 的 preload() 第 105 行，物件： adm/single/master ("0(0)")
呼叫来自：adm/single/master.c 的 CATCH() 第 105 行，物件： adm/single/master ("0(0)")
Initializations complete.

Accepting connections on port 5555.
错误讯息被拦截: 
执行时段错误：*Error in loading object '/kungfu/skill/jiuyangforce'

程式：feature/sadjust.c 第 22 行
物件: feature/sadjust ("0(0)")
呼叫来自：adm/daemons/logind.c 的 get_passwd() 第 281 行，物件： adm/daemons/logind ("0(0)")
呼叫来自：adm/daemons/logind.c 的 enter_world() 第 554 行，物件： adm/daemons/logind ("0(0)")
呼叫来自：clone/user/user.c 的 setup() 第 85 行，物件： clone/user/user#1 ("秋水(wangwwh)")
呼叫来自：inherit/char/char.c 的 setup() 第 56 行，物件： clone/user/user#1 ("秋水(wangwwh)")
呼叫来自：adm/daemons/chard.c 的 setup_char() 第 30 行，物件： adm/daemons/chard ("0(0)")
呼叫来自：adm/daemons/race/human.c 的 setup_human() 第 90 行，物件： adm/daemons/race/human ("0(0)")
呼叫来自：adm/daemons/race/human.c 的 CATCH() 第 90 行，物件： adm/daemons/race/human ("0(0)")
呼叫来自：feature/sadjust.c 的 skill_adjust() 第 22 行，物件： feature/sadjust ("0(0)")
错误
执行时段错误：*restore_object(): Illegal file format.

程式：feature/save.c 第 19 行
物件: clone/board/news_b ("/clone/board/news_b(0)")
呼叫来自：adm/daemons/logind.c 的 check_news() 第 690 行，物件： adm/daemons/logind ("0(0)")
呼叫来自：clone/board/news_b.c 的 create() 第 12 行，物件： clone/board/news_b ("/clone/board/news_b(0)")
呼叫来自：inherit/misc/bboard.c 的 setup() 第 20 行，物件： clone/board/news_b ("/clone/board/news_b(0)")
呼叫来自：feature/save.c 的 restore() 第 19 行，物件： clone/board/news_b ("/clone/board/news_b(0)")
错误
执行时段错误：*Error in loading object '/kungfu/skill/jiuyangforce'

程式：adm/daemons/combatd.c 第 516 行
物件: adm/daemons/combatd ("0(0)")
呼叫来自：inherit/char/char.c 的 heart_beat() 第 111 行，物件： clone/user/user#1 ("秋水(wangwwh)")
呼叫来自：feature/attack.c 的 attack() 第 207 行，物件： clone/user/user#1 ("秋水(wangwwh)")
呼叫来自：adm/daemons/combatd.c 的 fight() 第 758 行，物件： adm/daemons/combatd ("0(0)")
呼叫来自：adm/daemons/combatd.c 的 do_attack() 第 516 行，物件： adm/daemons/combatd ("0(0)")
Heart beat in clone/user/user#1 turned off.
错误讯息被拦截: 
执行时段错误：*Error in loading object '/kungfu/skill/jiuyangforce'

程式：feature/sadjust.c 第 22 行
物件: feature/sadjust ("0(0)")
呼叫来自：feature/command.c 的 command_hook() 第 66 行，物件： 0
呼叫来自：cmds/app/update.c 的 main() 第 25 行，物件： cmds/app/update ("0(0)")
呼叫来自：cmds/app/update.c 的 update_player() 第 88 行，物件： cmds/app/update ("0(0)")
呼叫来自：adm/daemons/logind.c 的 enter_world() 第 554 行，物件： adm/daemons/logind ("0(0)")
呼叫来自：clone/user/user.c 的 setup() 第 85 行，物件： clone/user/user#50 ("秋水(wangwwh)")
呼叫来自：inherit/char/char.c 的 setup() 第 56 行，物件： clone/user/user#50 ("秋水(wangwwh)")
呼叫来自：adm/daemons/chard.c 的 setup_char() 第 30 行，物件： adm/daemons/chard ("0(0)")
呼叫来自：adm/daemons/race/human.c 的 setup_human() 第 90 行，物件： adm/daemons/race/human ("0(0)")
呼叫来自：adm/daemons/race/human.c 的 CATCH() 第 90 行，物件： adm/daemons/race/human ("0(0)")
呼叫来自：feature/sadjust.c 的 skill_adjust() 第 22 行，物件： feature/sadjust ("0(0)")
错误
执行时段错误：*Inherited file '/d/city/npc/gaibang_npc' does not exist!

程式：adm/single/simul_efun.c 第 88 行
物件: adm/single/simul_efun ("0(0)")
呼叫来自：d/city/npc/xunbu.c 的 randommove() 第 149 行，物件： d/city/npc/xunbu#17 ("巡捕(xunbu)")
呼叫来自：inherit/char/npc.c 的 random_move() 第 160 行，物件： d/city/npc/xunbu#17 ("巡捕(xunbu)")
呼叫来自：feature/command.c 的 command_hook() 第 66 行，物件： d/city/npc/xunbu#17 ("巡捕(xunbu)")
呼叫来自：cmds/std/go.c 的 main() 第 96 行，物件： cmds/std/go ("0(0)")
呼叫来自：d/city/dongdajie2.c 的 create() 第 28 行，物件： d/city/dongdajie2 ("0(0)")
呼叫来自：inherit/room/room.c 的 setup() 第 214 行，物件： d/city/dongdajie2 ("0(0)")
呼叫来自：inherit/room/room.c 的 reset() 第 66 行，物件： d/city/dongdajie2 ("0(0)")
呼叫来自：inherit/room/room.c 的 make_inventory() 第 20 行，物件： d/city/dongdajie2 ("0(0)")
呼叫来自：adm/single/simul_efun.c 的 unew() 第 88 行，物件： adm/single/simul_efun ("0(0)")
错误
执行时段错误：*Array index out of bounds.

程式：adm/daemons/natured.c 第 696 行
物件: adm/daemons/natured ("0(0)")
呼叫来自：adm/daemons/natured.c 的 treasure_check() 第 696 行，物件： adm/daemons/natured ("0(0)")
closed external ports
Initializing internal tables....

<---Mudos v22pre11 for WIN95/NT (by wwj,May 18 1998) Config:仙剑狂侠 2000  shutdown at Sat Jul 21 09:09:23 2001




<---Mudos v22pre11 for WIN95/NT (by wwj,May 18 1998) Config:仙剑狂侠 2000  startup at Sat Jul 21 09:09:23 2001

using config file: config.sj
----------------------------------------------------------------------------
仙剑狂侠 2000  (MudOS v22pre11) starting up on Microsoft Windows 95 - Sat Jul 21 09:09:23 2001


Can't find "mudos", ignoring old binaries.
Try invoking the driver using the full pathname.
System Error: init_addr_server: connect:unknow error 10061
]simul_efun loaded successfully.

Loading preloaded files ...
错误讯息被拦截: 
执行时段错误：*Error in loading object '/adm/daemons/network/dns_master'

程式：adm/single/master.c 第 105 行
物件: adm/single/master ("0(0)")
呼叫来自：adm/single/master.c 的 preload() 第 105 行，物件： adm/single/master ("0(0)")
呼叫来自：adm/single/master.c 的 CATCH() 第 105 行，物件： adm/single/master ("0(0)")
Initializations complete.

Accepting connections on port 5555.
错误
执行时段错误：*restore_object(): Illegal file format.

程式：feature/save.c 第 19 行
物件: clone/board/news_b ("/clone/board/news_b(0)")
呼叫来自：adm/daemons/logind.c 的 check_news() 第 690 行，物件： adm/daemons/logind ("0(0)")
呼叫来自：clone/board/news_b.c 的 create() 第 12 行，物件： clone/board/news_b ("/clone/board/news_b(0)")
呼叫来自：inherit/misc/bboard.c 的 setup() 第 20 行，物件： clone/board/news_b ("/clone/board/news_b(0)")
呼叫来自：feature/save.c 的 restore() 第 19 行，物件： clone/board/news_b ("/clone/board/news_b(0)")
Initializing internal tables....

<---Mudos v22pre11 for WIN95/NT (by wwj,May 18 1998) Config:仙剑狂侠 2000  startup at Sat Jul 21 11:23:50 2001

using config file: config.sj
----------------------------------------------------------------------------
仙剑狂侠 2000  (MudOS v22pre11) starting up on Microsoft Windows 95 - Sat Jul 21 11:23:50 2001


Can't find "mudos", ignoring old binaries.
Try invoking the driver using the full pathname.
System Error: init_addr_server: connect:unknow error 10061
]simul_efun loaded successfully.

Loading preloaded files ...
错误讯息被拦截: 
执行时段错误：*Error in loading object '/adm/daemons/network/dns_master'

程式：adm/single/master.c 第 105 行
物件: adm/single/master ("0(0)")
呼叫来自：adm/single/master.c 的 preload() 第 105 行，物件： adm/single/master ("0(0)")
呼叫来自：adm/single/master.c 的 CATCH() 第 105 行，物件： adm/single/master ("0(0)")
Initializations complete.

Accepting connections on port 5555.
错误
执行时段错误：*restore_object(): Illegal file format.

程式：feature/save.c 第 19 行
物件: clone/board/news_b ("/clone/board/news_b(0)")
呼叫来自：adm/daemons/logind.c 的 check_news() 第 690 行，物件： adm/daemons/logind ("0(0)")
呼叫来自：clone/board/news_b.c 的 create() 第 12 行，物件： clone/board/news_b ("/clone/board/news_b(0)")
呼叫来自：inherit/misc/bboard.c 的 setup() 第 20 行，物件： clone/board/news_b ("/clone/board/news_b(0)")
呼叫来自：feature/save.c 的 restore() 第 19 行，物件： clone/board/news_b ("/clone/board/news_b(0)")
Initializing internal tables....

<---Mudos v22pre11 for WIN95/NT (by wwj,May 18 1998) Config:仙剑狂侠 2000  startup at Sat Jul 21 12:54:46 2001

using config file: config.sj
----------------------------------------------------------------------------
仙剑狂侠 2000  (MudOS v22pre11) starting up on Microsoft Windows 95 - Sat Jul 21 12:54:46 2001


Can't find "mudos", ignoring old binaries.
Try invoking the driver using the full pathname.
System Error: init_addr_server: connect:unknow error 10061
]simul_efun loaded successfully.

Loading preloaded files ...
错误讯息被拦截: 
执行时段错误：*Error in loading object '/adm/daemons/network/dns_master'

程式：adm/single/master.c 第 105 行
物件: adm/single/master ("0(0)")
呼叫来自：adm/single/master.c 的 preload() 第 105 行，物件： adm/single/master ("0(0)")
呼叫来自：adm/single/master.c 的 CATCH() 第 105 行，物件： adm/single/master ("0(0)")
Initializations complete.

Accepting connections on port 5555.
错误
执行时段错误：*restore_object(): Illegal file format.

程式：feature/save.c 第 19 行
物件: clone/board/news_b ("/clone/board/news_b(0)")
呼叫来自：adm/daemons/logind.c 的 check_news() 第 690 行，物件： adm/daemons/logind ("0(0)")
呼叫来自：clone/board/news_b.c 的 create() 第 12 行，物件： clone/board/news_b ("/clone/board/news_b(0)")
呼叫来自：inherit/misc/bboard.c 的 setup() 第 20 行，物件： clone/board/news_b ("/clone/board/news_b(0)")
呼叫来自：feature/save.c 的 restore() 第 19 行，物件： clone/board/news_b ("/clone/board/news_b(0)")
错误
执行时段错误：*Bad argument 1 to call_other()
Expected: string or array or object Got: 0.

程式：adm/single/simul_efun.c 第 89 行
物件: adm/single/simul_efun ("0(0)")
呼叫来自：feature/command.c 的 command_hook() 第 66 行，物件： clone/user/user#1 ("秋水(wangwwh)")
呼叫来自：cmds/std/go.c 的 main() 第 96 行，物件： cmds/std/go ("0(0)")
呼叫来自：d/city/kedian.c 的 create() 第 33 行，物件： d/city/kedian ("0(0)")
呼叫来自：inherit/room/room.c 的 setup() 第 214 行，物件： d/city/kedian ("0(0)")
呼叫来自：inherit/room/room.c 的 reset() 第 66 行，物件： d/city/kedian ("0(0)")
呼叫来自：inherit/room/room.c 的 make_inventory() 第 20 行，物件： d/city/kedian ("0(0)")
呼叫来自：adm/single/simul_efun.c 的 unew() 第 89 行，物件： adm/single/simul_efun ("0(0)")
错误
执行时段错误：*Inherited file '/d/city/npc/gaibang_npc' does not exist!

程式：adm/single/simul_efun.c 第 88 行
物件: adm/single/simul_efun ("0(0)")
呼叫来自：feature/command.c 的 command_hook() 第 66 行，物件： clone/user/user#1 ("秋水(wangwwh)")
呼叫来自：cmds/std/go.c 的 main() 第 96 行，物件： cmds/std/go ("0(0)")
呼叫来自：d/city/dongdajie2.c 的 create() 第 28 行，物件： d/city/dongdajie2 ("0(0)")
呼叫来自：inherit/room/room.c 的 setup() 第 214 行，物件： d/city/dongdajie2 ("0(0)")
呼叫来自：inherit/room/room.c 的 reset() 第 66 行，物件： d/city/dongdajie2 ("0(0)")
呼叫来自：inherit/room/room.c 的 make_inventory() 第 20 行，物件： d/city/dongdajie2 ("0(0)")
呼叫来自：adm/single/simul_efun.c 的 unew() 第 88 行，物件： adm/single/simul_efun ("0(0)")
错误
执行时段错误：*Bad argument 1 to call_other()
Expected: string or array or object Got: 0.

程式：adm/single/simul_efun.c 第 89 行
物件: adm/single/simul_efun ("0(0)")
呼叫来自：feature/command.c 的 command_hook() 第 66 行，物件： clone/user/user#1 ("秋水(wangwwh)")
呼叫来自：cmds/std/go.c 的 main() 第 96 行，物件： cmds/std/go ("0(0)")
呼叫来自：d/city/bingying.c 的 create() 第 32 行，物件： d/city/bingying ("0(0)")
呼叫来自：inherit/room/room.c 的 setup() 第 214 行，物件： d/city/bingying ("0(0)")
呼叫来自：inherit/room/room.c 的 reset() 第 66 行，物件： d/city/bingying ("0(0)")
呼叫来自：inherit/room/room.c 的 make_inventory() 第 20 行，物件： d/city/bingying ("0(0)")
呼叫来自：adm/single/simul_efun.c 的 unew() 第 88 行，物件： adm/single/simul_efun ("0(0)")
呼叫来自：d/city/npc/shi.c 的 create() 第 54 行，物件： d/city/npc/shi ("史青山(shi qingshan)")
呼叫来自：inherit/char/npc.c 的 carry_object() 第 13 行，物件： d/city/npc/shi ("史青山(shi qingshan)")
呼叫来自：adm/single/simul_efun.c 的 unew() 第 89 行，物件： adm/single/simul_efun ("0(0)")
错误
执行时段错误：*restore_object(): Illegal file format.

程式：feature/save.c 第 19 行
物件: clone/board/towiz_b ("/clone/board/towiz_b(0)")
呼叫来自：feature/command.c 的 command_hook() 第 66 行，物件： clone/user/user#1 ("秋水(wangwwh)")
呼叫来自：cmds/std/go.c 的 main() 第 96 行，物件： cmds/std/go ("0(0)")
呼叫来自：d/city/yamen.c 的 create() 第 26 行，物件： d/city/yamen ("0(0)")
呼叫来自：clone/board/towiz_b.c 的 create() 第 11 行，物件： clone/board/towiz_b ("/clone/board/towiz_b(0)")
呼叫来自：inherit/misc/bboard.c 的 setup() 第 20 行，物件： clone/board/towiz_b ("/clone/board/towiz_b(0)")
呼叫来自：feature/save.c 的 restore() 第 19 行，物件： clone/board/towiz_b ("/clone/board/towiz_b(0)")
错误
执行时段错误：*Bad argument 1 to capitalize()
Expected: string Got: 0.

程式：feature/name.c 第 78 行
物件: clone/board/towiz_b ("/clone/board/towiz_b(0)")
呼叫来自：feature/command.c 的 command_hook() 第 66 行，物件： clone/user/user#1 ("秋水(wangwwh)")
呼叫来自：cmds/std/go.c 的 main() 第 222 行，物件： cmds/std/go ("0(0)")
呼叫来自：feature/move.c 的 move() 第 126 行，物件： clone/user/user#1 ("秋水(wangwwh)")
呼叫来自：feature/command.c 的 command_hook() 第 66 行，物件： clone/user/user#1 ("秋水(wangwwh)")
呼叫来自：cmds/std/look.c 的 main() 第 29 行，物件： cmds/std/look ("0(0)")
呼叫来自：cmds/std/look.c 的 look_room() 第 88 行，物件： cmds/std/look ("0(0)")
呼叫来自：inherit/misc/bboard.c 的 short() 第 46 行，物件： clone/board/towiz_b ("/clone/board/towiz_b(0)")
呼叫来自：feature/name.c 的 short() 第 78 行，物件： clone/board/towiz_b ("/clone/board/towiz_b(0)")
错误
执行时段错误：*Bad argument 1 to capitalize()
Expected: string Got: 0.

程式：feature/name.c 第 78 行
物件: clone/board/towiz_b ("/clone/board/towiz_b(0)")
呼叫来自：feature/command.c 的 command_hook() 第 66 行，物件： clone/user/user#1 ("秋水(wangwwh)")
呼叫来自：cmds/std/look.c 的 main() 第 29 行，物件： cmds/std/look ("0(0)")
呼叫来自：cmds/std/look.c 的 look_room() 第 88 行，物件： cmds/std/look ("0(0)")
呼叫来自：inherit/misc/bboard.c 的 short() 第 46 行，物件： clone/board/towiz_b ("/clone/board/towiz_b(0)")
呼叫来自：feature/name.c 的 short() 第 78 行，物件： clone/board/towiz_b ("/clone/board/towiz_b(0)")
错误
执行时段错误：*Array index out of bounds.

程式：adm/daemons/natured.c 第 696 行
物件: adm/daemons/natured ("0(0)")
呼叫来自：adm/daemons/natured.c 的 treasure_check() 第 696 行，物件： adm/daemons/natured ("0(0)")
错误
执行时段错误：*Bad argument 1 to capitalize()
Expected: string Got: 0.

程式：feature/name.c 第 78 行
物件: clone/board/towiz_b ("/clone/board/towiz_b(0)")
呼叫来自：feature/command.c 的 command_hook() 第 66 行，物件： clone/user/user#1 ("秋水(wangwwh)")
呼叫来自：cmds/std/go.c 的 main() 第 222 行，物件： cmds/std/go ("0(0)")
呼叫来自：feature/move.c 的 move() 第 126 行，物件： clone/user/user#1 ("秋水(wangwwh)")
呼叫来自：feature/command.c 的 command_hook() 第 66 行，物件： clone/user/user#1 ("秋水(wangwwh)")
呼叫来自：cmds/std/look.c 的 main() 第 29 行，物件： cmds/std/look ("0(0)")
呼叫来自：cmds/std/look.c 的 look_room() 第 88 行，物件： cmds/std/look ("0(0)")
呼叫来自：inherit/misc/bboard.c 的 short() 第 46 行，物件： clone/board/towiz_b ("/clone/board/towiz_b(0)")
呼叫来自：feature/name.c 的 short() 第 78 行，物件： clone/board/towiz_b ("/clone/board/towiz_b(0)")
错误
执行时段错误：*Bad argument 1 to capitalize()
Expected: string Got: 0.

程式：feature/name.c 第 78 行
物件: clone/board/towiz_b ("/clone/board/towiz_b(0)")
呼叫来自：feature/command.c 的 command_hook() 第 66 行，物件： clone/user/user#1 ("秋水(wangwwh)")
呼叫来自：cmds/std/look.c 的 main() 第 29 行，物件： cmds/std/look ("0(0)")
呼叫来自：cmds/std/look.c 的 look_room() 第 88 行，物件： cmds/std/look ("0(0)")
呼叫来自：inherit/misc/bboard.c 的 short() 第 46 行，物件： clone/board/towiz_b ("/clone/board/towiz_b(0)")
呼叫来自：feature/name.c 的 short() 第 78 行，物件： clone/board/towiz_b ("/clone/board/towiz_b(0)")
错误
执行时段错误：*call_other() couldn't find object

程式：cmds/std/go.c 第 96 行
物件: cmds/std/go ("0(0)")
呼叫来自：feature/command.c 的 command_hook() 第 62 行，物件： clone/user/user#1 ("秋水(wangwwh)")
呼叫来自：cmds/std/go.c 的 main() 第 96 行，物件： cmds/std/go ("0(0)")
错误
执行时段错误：*Array index out of bounds.

程式：adm/daemons/natured.c 第 696 行
物件: adm/daemons/natured ("0(0)")
呼叫来自：adm/daemons/natured.c 的 treasure_check() 第 696 行，物件： adm/daemons/natured ("0(0)")
错误
执行时段错误：*restore_object(): Illegal file format.

程式：feature/save.c 第 19 行
物件: clone/board/mingjiao_b ("/clone/board/mingjiao_b(0)")
呼叫来自：feature/command.c 的 command_hook() 第 66 行，物件： clone/user/user#1 ("秋水(wangwwh)")
呼叫来自：cmds/std/go.c 的 main() 第 96 行，物件： cmds/std/go ("0(0)")
呼叫来自：d/mingjiao/gmd.c 的 create() 第 27 行，物件： d/mingjiao/gmd ("0(0)")
呼叫来自：clone/board/mingjiao_b.c 的 create() 第 11 行，物件： clone/board/mingjiao_b ("/clone/board/mingjiao_b(0)")
呼叫来自：inherit/misc/bboard.c 的 setup() 第 20 行，物件： clone/board/mingjiao_b ("/clone/board/mingjiao_b(0)")
呼叫来自：feature/save.c 的 restore() 第 19 行，物件： clone/board/mingjiao_b ("/clone/board/mingjiao_b(0)")
错误
执行时段错误：*Bad argument 1 to capitalize()
Expected: string Got: 0.

程式：feature/name.c 第 78 行
物件: clone/board/mingjiao_b ("/clone/board/mingjiao_b(0)")
呼叫来自：feature/command.c 的 command_hook() 第 66 行，物件： clone/user/user#1 ("秋水(wangwwh)")
呼叫来自：cmds/std/go.c 的 main() 第 222 行，物件： cmds/std/go ("0(0)")
呼叫来自：feature/move.c 的 move() 第 126 行，物件： clone/user/user#1 ("秋水(wangwwh)")
呼叫来自：feature/command.c 的 command_hook() 第 66 行，物件： clone/user/user#1 ("秋水(wangwwh)")
呼叫来自：cmds/std/look.c 的 main() 第 29 行，物件： cmds/std/look ("0(0)")
呼叫来自：cmds/std/look.c 的 look_room() 第 88 行，物件： cmds/std/look ("0(0)")
呼叫来自：inherit/misc/bboard.c 的 short() 第 46 行，物件： clone/board/mingjiao_b ("/clone/board/mingjiao_b(0)")
呼叫来自：feature/name.c 的 short() 第 78 行，物件： clone/board/mingjiao_b ("/clone/board/mingjiao_b(0)")
错误
执行时段错误：*Bad argument 1 to capitalize()
Expected: string Got: 0.

程式：feature/name.c 第 78 行
物件: clone/board/mingjiao_b ("/clone/board/mingjiao_b(0)")
呼叫来自：feature/command.c 的 command_hook() 第 66 行，物件： clone/user/user#1 ("秋水(wangwwh)")
呼叫来自：cmds/std/look.c 的 main() 第 29 行，物件： cmds/std/look ("0(0)")
呼叫来自：cmds/std/look.c 的 look_room() 第 88 行，物件： cmds/std/look ("0(0)")
呼叫来自：inherit/misc/bboard.c 的 short() 第 46 行，物件： clone/board/mingjiao_b ("/clone/board/mingjiao_b(0)")
呼叫来自：feature/name.c 的 short() 第 78 行，物件： clone/board/mingjiao_b ("/clone/board/mingjiao_b(0)")
错误
执行时段错误：*Bad argument 1 to capitalize()
Expected: string Got: 0.

程式：feature/name.c 第 78 行
物件: clone/board/mingjiao_b ("/clone/board/mingjiao_b(0)")
呼叫来自：feature/command.c 的 command_hook() 第 66 行，物件： clone/user/user#1 ("秋水(wangwwh)")
呼叫来自：cmds/std/look.c 的 main() 第 29 行，物件： cmds/std/look ("0(0)")
呼叫来自：cmds/std/look.c 的 look_room() 第 88 行，物件： cmds/std/look ("0(0)")
呼叫来自：inherit/misc/bboard.c 的 short() 第 46 行，物件： clone/board/mingjiao_b ("/clone/board/mingjiao_b(0)")
呼叫来自：feature/name.c 的 short() 第 78 行，物件： clone/board/mingjiao_b ("/clone/board/mingjiao_b(0)")
错误
执行时段错误：*Bad argument 1 to capitalize()
Expected: string Got: 0.

程式：feature/name.c 第 78 行
物件: clone/board/mingjiao_b ("/clone/board/mingjiao_b(0)")
呼叫来自：feature/command.c 的 command_hook() 第 66 行，物件： clone/user/user#1 ("秋水(wangwwh)")
呼叫来自：cmds/std/look.c 的 main() 第 29 行，物件： cmds/std/look ("0(0)")
呼叫来自：cmds/std/look.c 的 look_room() 第 88 行，物件： cmds/std/look ("0(0)")
呼叫来自：inherit/misc/bboard.c 的 short() 第 46 行，物件： clone/board/mingjiao_b ("/clone/board/mingjiao_b(0)")
呼叫来自：feature/name.c 的 short() 第 78 行，物件： clone/board/mingjiao_b ("/clone/board/mingjiao_b(0)")
错误
执行时段错误：*Bad argument 1 to capitalize()
Expected: string Got: 0.

程式：feature/name.c 第 78 行
物件: clone/board/mingjiao_b ("/clone/board/mingjiao_b(0)")
呼叫来自：feature/command.c 的 command_hook() 第 66 行，物件： clone/user/user#1 ("秋水(wangwwh)")
呼叫来自：cmds/std/look.c 的 main() 第 29 行，物件： cmds/std/look ("0(0)")
呼叫来自：cmds/std/look.c 的 look_room() 第 88 行，物件： cmds/std/look ("0(0)")
呼叫来自：inherit/misc/bboard.c 的 short() 第 46 行，物件： clone/board/mingjiao_b ("/clone/board/mingjiao_b(0)")
呼叫来自：feature/name.c 的 short() 第 78 行，物件： clone/board/mingjiao_b ("/clone/board/mingjiao_b(0)")
错误
执行时段错误：*Bad argument 1 to capitalize()
Expected: string Got: 0.

程式：feature/name.c 第 78 行
物件: clone/board/mingjiao_b ("/clone/board/mingjiao_b(0)")
呼叫来自：feature/command.c 的 command_hook() 第 66 行，物件： clone/user/user#1 ("秋水(wangwwh)")
呼叫来自：cmds/std/look.c 的 main() 第 29 行，物件： cmds/std/look ("0(0)")
呼叫来自：cmds/std/look.c 的 look_room() 第 88 行，物件： cmds/std/look ("0(0)")
呼叫来自：inherit/misc/bboard.c 的 short() 第 46 行，物件： clone/board/mingjiao_b ("/clone/board/mingjiao_b(0)")
呼叫来自：feature/name.c 的 short() 第 78 行，物件： clone/board/mingjiao_b ("/clone/board/mingjiao_b(0)")
Initializing internal tables....

<---Mudos v22pre11 for WIN95/NT (by wwj,May 18 1998) Config:仙剑狂侠 2000  startup at Sun Jul 22 13:14:11 2001

using config file: config.sj
----------------------------------------------------------------------------
仙剑狂侠 2000  (MudOS v22pre11) starting up on Microsoft Windows 95 - Sun Jul 22 13:14:11 2001


Can't find "mudos", ignoring old binaries.
Try invoking the driver using the full pathname.
System Error: init_addr_server: connect:unknow error 10061
]simul_efun loaded successfully.

Loading preloaded files ...
错误讯息被拦截: 
执行时段错误：*Error in loading object '/adm/daemons/network/dns_master'

程式：adm/single/master.c 第 105 行
物件: adm/single/master ("0(0)")
呼叫来自：adm/single/master.c 的 preload() 第 105 行，物件： adm/single/master ("0(0)")
呼叫来自：adm/single/master.c 的 CATCH() 第 105 行，物件： adm/single/master ("0(0)")
Initializations complete.

Accepting connections on port 5555.
错误
执行时段错误：*restore_object(): Illegal file format.

程式：feature/save.c 第 19 行
物件: clone/board/news_b ("/clone/board/news_b(0)")
呼叫来自：adm/daemons/logind.c 的 check_news() 第 690 行，物件： adm/daemons/logind ("0(0)")
呼叫来自：clone/board/news_b.c 的 create() 第 12 行，物件： clone/board/news_b ("/clone/board/news_b(0)")
呼叫来自：inherit/misc/bboard.c 的 setup() 第 20 行，物件： clone/board/news_b ("/clone/board/news_b(0)")
呼叫来自：feature/save.c 的 restore() 第 19 行，物件： clone/board/news_b ("/clone/board/news_b(0)")
错误
执行时段错误：*Bad argument 1 to call_other()
Expected: string or array or object Got: 0.

程式：adm/single/simul_efun.c 第 89 行
物件: adm/single/simul_efun ("0(0)")
呼叫来自：feature/command.c 的 command_hook() 第 66 行，物件： clone/user/user#1 ("秋水(wangwwh)")
呼叫来自：cmds/std/go.c 的 main() 第 96 行，物件： cmds/std/go ("0(0)")
呼叫来自：d/city/kedian.c 的 create() 第 33 行，物件： d/city/kedian ("0(0)")
呼叫来自：inherit/room/room.c 的 setup() 第 214 行，物件： d/city/kedian ("0(0)")
呼叫来自：inherit/room/room.c 的 reset() 第 66 行，物件： d/city/kedian ("0(0)")
呼叫来自：inherit/room/room.c 的 make_inventory() 第 20 行，物件： d/city/kedian ("0(0)")
呼叫来自：adm/single/simul_efun.c 的 unew() 第 89 行，物件： adm/single/simul_efun ("0(0)")
错误
执行时段错误：*Array index out of bounds.

程式：adm/daemons/natured.c 第 696 行
物件: adm/daemons/natured ("0(0)")
呼叫来自：adm/daemons/natured.c 的 treasure_check() 第 696 行，物件： adm/daemons/natured ("0(0)")
错误
执行时段错误：*restore_object(): Illegal file format.

程式：feature/save.c 第 19 行
物件: clone/board/kedian_b ("/clone/board/kedian_b(0)")
呼叫来自：feature/command.c 的 command_hook() 第 66 行，物件： clone/user/user#1 ("秋水(wangwwh)")
呼叫来自：cmds/std/go.c 的 main() 第 96 行，物件： cmds/std/go ("0(0)")
呼叫来自：d/tiezhang/kedian.c 的 create() 第 37 行，物件： d/tiezhang/kedian ("0(0)")
呼叫来自：clone/board/kedian_b.c 的 create() 第 11 行，物件： clone/board/kedian_b ("/clone/board/kedian_b(0)")
呼叫来自：inherit/misc/bboard.c 的 setup() 第 20 行，物件： clone/board/kedian_b ("/clone/board/kedian_b(0)")
呼叫来自：feature/save.c 的 restore() 第 19 行，物件： clone/board/kedian_b ("/clone/board/kedian_b(0)")
Initializing internal tables....

<---Mudos v22pre11 for WIN95/NT (by wwj,May 18 1998) Config:仙剑狂侠 2000  startup at Sun Jul 22 14:52:43 2001

using config file: config.sj
----------------------------------------------------------------------------
仙剑狂侠 2000  (MudOS v22pre11) starting up on Microsoft Windows 95 - Sun Jul 22 14:52:43 2001


Can't find "mudos", ignoring old binaries.
Try invoking the driver using the full pathname.
System Error: init_addr_server: connect:unknow error 10061
]simul_efun loaded successfully.

Loading preloaded files ...
错误讯息被拦截: 
执行时段错误：*Error in loading object '/adm/daemons/network/dns_master'

程式：adm/single/master.c 第 105 行
物件: adm/single/master ("0(0)")
呼叫来自：adm/single/master.c 的 preload() 第 105 行，物件： adm/single/master ("0(0)")
呼叫来自：adm/single/master.c 的 CATCH() 第 105 行，物件： adm/single/master ("0(0)")
Initializations complete.

Accepting connections on port 5555.
错误
执行时段错误：*Array index out of bounds.

程式：adm/daemons/natured.c 第 696 行
物件: adm/daemons/natured ("0(0)")
呼叫来自：adm/daemons/natured.c 的 treasure_check() 第 696 行，物件： adm/daemons/natured ("0(0)")
错误
执行时段错误：*restore_object(): Illegal file format.

程式：feature/save.c 第 19 行
物件: clone/board/news_b ("/clone/board/news_b(0)")
呼叫来自：adm/daemons/logind.c 的 check_news() 第 690 行，物件： adm/daemons/logind ("0(0)")
呼叫来自：clone/board/news_b.c 的 create() 第 12 行，物件： clone/board/news_b ("/clone/board/news_b(0)")
呼叫来自：inherit/misc/bboard.c 的 setup() 第 20 行，物件： clone/board/news_b ("/clone/board/news_b(0)")
呼叫来自：feature/save.c 的 restore() 第 19 行，物件： clone/board/news_b ("/clone/board/news_b(0)")
错误
执行时段错误：*Array index out of bounds.

程式：adm/daemons/natured.c 第 696 行
物件: adm/daemons/natured ("0(0)")
呼叫来自：adm/daemons/natured.c 的 treasure_check() 第 696 行，物件： adm/daemons/natured ("0(0)")
错误
执行时段错误：*Array index out of bounds.

程式：adm/daemons/natured.c 第 696 行
物件: adm/daemons/natured ("0(0)")
呼叫来自：adm/daemons/natured.c 的 treasure_check() 第 696 行，物件： adm/daemons/natured ("0(0)")
错误
执行时段错误：*Array index out of bounds.

程式：adm/daemons/natured.c 第 696 行
物件: adm/daemons/natured ("0(0)")
呼叫来自：adm/daemons/natured.c 的 treasure_check() 第 696 行，物件： adm/daemons/natured ("0(0)")
错误
执行时段错误：*Array index out of bounds.

程式：adm/daemons/natured.c 第 696 行
物件: adm/daemons/natured ("0(0)")
呼叫来自：adm/daemons/natured.c 的 treasure_check() 第 696 行，物件： adm/daemons/natured ("0(0)")
错误
执行时段错误：*Array index out of bounds.

程式：adm/daemons/natured.c 第 696 行
物件: adm/daemons/natured ("0(0)")
呼叫来自：adm/daemons/natured.c 的 treasure_check() 第 696 行，物件： adm/daemons/natured ("0(0)")
错误
执行时段错误：*restore_object(): Illegal file format.

程式：feature/save.c 第 19 行
物件: clone/board/riyue_b ("/clone/board/riyue_b(0)")
呼叫来自：feature/command.c 的 command_hook() 第 66 行，物件： clone/user/user#1 ("秋水(wangwwh)")
呼叫来自：cmds/std/go.c 的 main() 第 96 行，物件： cmds/std/go ("0(0)")
呼叫来自：d/heimuya/pailou.c 的 create() 第 24 行，物件： d/heimuya/pailou ("0(0)")
呼叫来自：clone/board/riyue_b.c 的 create() 第 11 行，物件： clone/board/riyue_b ("/clone/board/riyue_b(0)")
呼叫来自：inherit/misc/bboard.c 的 setup() 第 20 行，物件： clone/board/riyue_b ("/clone/board/riyue_b(0)")
呼叫来自：feature/save.c 的 restore() 第 19 行，物件： clone/board/riyue_b ("/clone/board/riyue_b(0)")
错误
执行时段错误：*Bad argument 1 to capitalize()
Expected: string Got: 0.

程式：feature/name.c 第 78 行
物件: clone/board/riyue_b ("/clone/board/riyue_b(0)")
呼叫来自：feature/command.c 的 command_hook() 第 66 行，物件： clone/user/user#1 ("秋水(wangwwh)")
呼叫来自：cmds/std/go.c 的 main() 第 222 行，物件： cmds/std/go ("0(0)")
呼叫来自：feature/move.c 的 move() 第 126 行，物件： clone/user/user#1 ("秋水(wangwwh)")
呼叫来自：feature/command.c 的 command_hook() 第 66 行，物件： clone/user/user#1 ("秋水(wangwwh)")
呼叫来自：cmds/std/look.c 的 main() 第 29 行，物件： cmds/std/look ("0(0)")
呼叫来自：cmds/std/look.c 的 look_room() 第 88 行，物件： cmds/std/look ("0(0)")
呼叫来自：inherit/misc/bboard.c 的 short() 第 46 行，物件： clone/board/riyue_b ("/clone/board/riyue_b(0)")
呼叫来自：feature/name.c 的 short() 第 78 行，物件： clone/board/riyue_b ("/clone/board/riyue_b(0)")
错误
执行时段错误：*Bad argument 1 to capitalize()
Expected: string Got: 0.

程式：feature/name.c 第 78 行
物件: clone/board/riyue_b ("/clone/board/riyue_b(0)")
呼叫来自：feature/command.c 的 command_hook() 第 66 行，物件： clone/user/user#1 ("秋水(wangwwh)")
呼叫来自：cmds/std/look.c 的 main() 第 29 行，物件： cmds/std/look ("0(0)")
呼叫来自：cmds/std/look.c 的 look_room() 第 88 行，物件： cmds/std/look ("0(0)")
呼叫来自：inherit/misc/bboard.c 的 short() 第 46 行，物件： clone/board/riyue_b ("/clone/board/riyue_b(0)")
呼叫来自：feature/name.c 的 short() 第 78 行，物件： clone/board/riyue_b ("/clone/board/riyue_b(0)")
错误
执行时段错误：*Bad argument 1 to capitalize()
Expected: string Got: 0.

程式：feature/name.c 第 78 行
物件: clone/board/riyue_b ("/clone/board/riyue_b(0)")
呼叫来自：feature/command.c 的 command_hook() 第 66 行，物件： clone/user/user#1 ("秋水(wangwwh)")
呼叫来自：cmds/std/go.c 的 main() 第 222 行，物件： cmds/std/go ("0(0)")
呼叫来自：feature/move.c 的 move() 第 126 行，物件： clone/user/user#1 ("秋水(wangwwh)")
呼叫来自：feature/command.c 的 command_hook() 第 66 行，物件： clone/user/user#1 ("秋水(wangwwh)")
呼叫来自：cmds/std/look.c 的 main() 第 29 行，物件： cmds/std/look ("0(0)")
呼叫来自：cmds/std/look.c 的 look_room() 第 88 行，物件： cmds/std/look ("0(0)")
呼叫来自：inherit/misc/bboard.c 的 short() 第 46 行，物件： clone/board/riyue_b ("/clone/board/riyue_b(0)")
呼叫来自：feature/name.c 的 short() 第 78 行，物件： clone/board/riyue_b ("/clone/board/riyue_b(0)")
错误
执行时段错误：*Bad argument 1 to capitalize()
Expected: string Got: 0.

程式：feature/name.c 第 78 行
物件: clone/board/riyue_b ("/clone/board/riyue_b(0)")
呼叫来自：feature/command.c 的 command_hook() 第 66 行，物件： clone/user/user#1 ("秋水(wangwwh)")
呼叫来自：cmds/std/look.c 的 main() 第 29 行，物件： cmds/std/look ("0(0)")
呼叫来自：cmds/std/look.c 的 look_room() 第 88 行，物件： cmds/std/look ("0(0)")
呼叫来自：inherit/misc/bboard.c 的 short() 第 46 行，物件： clone/board/riyue_b ("/clone/board/riyue_b(0)")
呼叫来自：feature/name.c 的 short() 第 78 行，物件： clone/board/riyue_b ("/clone/board/riyue_b(0)")
错误
执行时段错误：*Bad argument 1 to capitalize()
Expected: string Got: 0.

程式：feature/name.c 第 78 行
物件: clone/board/riyue_b ("/clone/board/riyue_b(0)")
呼叫来自：feature/command.c 的 command_hook() 第 66 行，物件： clone/user/user#1 ("秋水(wangwwh)")
呼叫来自：cmds/std/look.c 的 main() 第 29 行，物件： cmds/std/look ("0(0)")
呼叫来自：cmds/std/look.c 的 look_room() 第 88 行，物件： cmds/std/look ("0(0)")
呼叫来自：inherit/misc/bboard.c 的 short() 第 46 行，物件： clone/board/riyue_b ("/clone/board/riyue_b(0)")
呼叫来自：feature/name.c 的 short() 第 78 行，物件： clone/board/riyue_b ("/clone/board/riyue_b(0)")
错误
执行时段错误：*Bad argument 1 to capitalize()
Expected: string Got: 0.

程式：feature/name.c 第 78 行
物件: clone/board/riyue_b ("/clone/board/riyue_b(0)")
呼叫来自：feature/command.c 的 command_hook() 第 66 行，物件： clone/user/user#1 ("秋水(wangwwh)")
呼叫来自：cmds/std/look.c 的 main() 第 29 行，物件： cmds/std/look ("0(0)")
呼叫来自：cmds/std/look.c 的 look_room() 第 88 行，物件： cmds/std/look ("0(0)")
呼叫来自：inherit/misc/bboard.c 的 short() 第 46 行，物件： clone/board/riyue_b ("/clone/board/riyue_b(0)")
呼叫来自：feature/name.c 的 short() 第 78 行，物件： clone/board/riyue_b ("/clone/board/riyue_b(0)")
错误
执行时段错误：*Bad argument 1 to capitalize()
Expected: string Got: 0.

程式：feature/name.c 第 78 行
物件: clone/board/riyue_b ("/clone/board/riyue_b(0)")
呼叫来自：feature/command.c 的 command_hook() 第 66 行，物件： clone/user/user#1 ("秋水(wangwwh)")
呼叫来自：cmds/std/look.c 的 main() 第 29 行，物件： cmds/std/look ("0(0)")
呼叫来自：cmds/std/look.c 的 look_room() 第 88 行，物件： cmds/std/look ("0(0)")
呼叫来自：inherit/misc/bboard.c 的 short() 第 46 行，物件： clone/board/riyue_b ("/clone/board/riyue_b(0)")
呼叫来自：feature/name.c 的 short() 第 78 行，物件： clone/board/riyue_b ("/clone/board/riyue_b(0)")
错误
执行时段错误：*Bad argument 1 to capitalize()
Expected: string Got: 0.

程式：feature/name.c 第 78 行
物件: clone/board/riyue_b ("/clone/board/riyue_b(0)")
呼叫来自：feature/command.c 的 command_hook() 第 66 行，物件： clone/user/user#1 ("秋水(wangwwh)")
呼叫来自：cmds/std/look.c 的 main() 第 29 行，物件： cmds/std/look ("0(0)")
呼叫来自：cmds/std/look.c 的 look_room() 第 88 行，物件： cmds/std/look ("0(0)")
呼叫来自：inherit/misc/bboard.c 的 short() 第 46 行，物件： clone/board/riyue_b ("/clone/board/riyue_b(0)")
呼叫来自：feature/name.c 的 short() 第 78 行，物件： clone/board/riyue_b ("/clone/board/riyue_b(0)")
错误
执行时段错误：*Bad argument 1 to capitalize()
Expected: string Got: 0.

程式：feature/name.c 第 78 行
物件: clone/board/riyue_b ("/clone/board/riyue_b(0)")
呼叫来自：feature/command.c 的 command_hook() 第 66 行，物件： clone/user/user#1 ("秋水(wangwwh)")
呼叫来自：cmds/std/look.c 的 main() 第 29 行，物件： cmds/std/look ("0(0)")
呼叫来自：cmds/std/look.c 的 look_room() 第 88 行，物件： cmds/std/look ("0(0)")
呼叫来自：inherit/misc/bboard.c 的 short() 第 46 行，物件： clone/board/riyue_b ("/clone/board/riyue_b(0)")
呼叫来自：feature/name.c 的 short() 第 78 行，物件： clone/board/riyue_b ("/clone/board/riyue_b(0)")
错误
执行时段错误：*Bad argument 1 to capitalize()
Expected: string Got: 0.

程式：feature/name.c 第 78 行
物件: clone/board/riyue_b ("/clone/board/riyue_b(0)")
呼叫来自：feature/command.c 的 command_hook() 第 66 行，物件： clone/user/user#1 ("秋水(wangwwh)")
呼叫来自：cmds/std/look.c 的 main() 第 29 行，物件： cmds/std/look ("0(0)")
呼叫来自：cmds/std/look.c 的 look_room() 第 88 行，物件： cmds/std/look ("0(0)")
呼叫来自：inherit/misc/bboard.c 的 short() 第 46 行，物件： clone/board/riyue_b ("/clone/board/riyue_b(0)")
呼叫来自：feature/name.c 的 short() 第 78 行，物件： clone/board/riyue_b ("/clone/board/riyue_b(0)")
错误
执行时段错误：*Bad argument 1 to capitalize()
Expected: string Got: 0.

程式：feature/name.c 第 78 行
物件: clone/board/riyue_b ("/clone/board/riyue_b(0)")
呼叫来自：feature/command.c 的 command_hook() 第 66 行，物件： clone/user/user#1 ("秋水(wangwwh)")
呼叫来自：cmds/std/look.c 的 main() 第 29 行，物件： cmds/std/look ("0(0)")
呼叫来自：cmds/std/look.c 的 look_room() 第 88 行，物件： cmds/std/look ("0(0)")
呼叫来自：inherit/misc/bboard.c 的 short() 第 46 行，物件： clone/board/riyue_b ("/clone/board/riyue_b(0)")
呼叫来自：feature/name.c 的 short() 第 78 行，物件： clone/board/riyue_b ("/clone/board/riyue_b(0)")
错误
执行时段错误：*Bad argument 1 to capitalize()
Expected: string Got: 0.

程式：feature/name.c 第 78 行
物件: clone/board/riyue_b ("/clone/board/riyue_b(0)")
呼叫来自：feature/command.c 的 command_hook() 第 66 行，物件： clone/user/user#1 ("秋水(wangwwh)")
呼叫来自：cmds/std/look.c 的 main() 第 29 行，物件： cmds/std/look ("0(0)")
呼叫来自：cmds/std/look.c 的 look_room() 第 88 行，物件： cmds/std/look ("0(0)")
呼叫来自：inherit/misc/bboard.c 的 short() 第 46 行，物件： clone/board/riyue_b ("/clone/board/riyue_b(0)")
呼叫来自：feature/name.c 的 short() 第 78 行，物件： clone/board/riyue_b ("/clone/board/riyue_b(0)")
错误
执行时段错误：*Bad argument 1 to capitalize()
Expected: string Got: 0.

程式：feature/name.c 第 78 行
物件: clone/board/riyue_b ("/clone/board/riyue_b(0)")
呼叫来自：feature/command.c 的 command_hook() 第 66 行，物件： clone/user/user#1 ("秋水(wangwwh)")
呼叫来自：cmds/std/go.c 的 main() 第 222 行，物件： cmds/std/go ("0(0)")
呼叫来自：feature/move.c 的 move() 第 126 行，物件： clone/user/user#1 ("秋水(wangwwh)")
呼叫来自：feature/command.c 的 command_hook() 第 66 行，物件： clone/user/user#1 ("秋水(wangwwh)")
呼叫来自：cmds/std/look.c 的 main() 第 29 行，物件： cmds/std/look ("0(0)")
呼叫来自：cmds/std/look.c 的 look_room() 第 88 行，物件： cmds/std/look ("0(0)")
呼叫来自：inherit/misc/bboard.c 的 short() 第 46 行，物件： clone/board/riyue_b ("/clone/board/riyue_b(0)")
呼叫来自：feature/name.c 的 short() 第 78 行，物件： clone/board/riyue_b ("/clone/board/riyue_b(0)")
Initializing internal tables....
][1;31m【系统】连线精灵：[0;37;0m丐帮一袋弟子 秋水(Wangwwh)[1;31m 断线了。
[0;37;0m
<---Mudos v22pre11 for WIN95/NT (by wwj,May 18 1998) Config:仙剑狂侠 2000  startup at Fri Jul 27 19:47:11 2001

using config file: config.sj
----------------------------------------------------------------------------
仙剑狂侠 2000  (MudOS v22pre11) starting up on Microsoft Windows 95 - Fri Jul 27 19:47:11 2001


Can't find "mudos", ignoring old binaries.
Try invoking the driver using the full pathname.
System Error: init_addr_server: connect:unknow error 10061
]simul_efun loaded successfully.

Loading preloaded files ...
错误讯息被拦截: 
执行时段错误：*Error in loading object '/adm/daemons/network/dns_master'

程式：adm/single/master.c 第 105 行
物件: adm/single/master ("0(0)")
呼叫来自：adm/single/master.c 的 preload() 第 105 行，物件： adm/single/master ("0(0)")
呼叫来自：adm/single/master.c 的 CATCH() 第 105 行，物件： adm/single/master ("0(0)")
Initializations complete.

Accepting connections on port 5555.

<---Mudos v22pre11 for WIN95/NT (by wwj,May 18 1998) Config:仙剑狂侠 2000  startup at Fri Jul 27 19:49:39 2001

using config file: config.sj
----------------------------------------------------------------------------
仙剑狂侠 2000  (MudOS v22pre11) starting up on Microsoft Windows 95 - Fri Jul 27 19:49:39 2001


Can't find "mudos", ignoring old binaries.
Try invoking the driver using the full pathname.
System Error: init_addr_server: connect:unknow error 10061
]simul_efun loaded successfully.

Loading preloaded files ...
错误讯息被拦截: 
执行时段错误：*Error in loading object '/adm/daemons/network/dns_master'

程式：adm/single/master.c 第 105 行
物件: adm/single/master ("0(0)")
呼叫来自：adm/single/master.c 的 preload() 第 105 行，物件： adm/single/master ("0(0)")
呼叫来自：adm/single/master.c 的 CATCH() 第 105 行，物件： adm/single/master ("0(0)")
Initializations complete.

Accepting connections on port 5555.
错误
执行时段错误：*Array index out of bounds.

程式：adm/daemons/natured.c 第 696 行
物件: adm/daemons/natured ("0(0)")
呼叫来自：adm/daemons/natured.c 的 treasure_check() 第 696 行，物件： adm/daemons/natured ("0(0)")
错误
执行时段错误：*Array index out of bounds.

程式：adm/daemons/natured.c 第 696 行
物件: adm/daemons/natured ("0(0)")
呼叫来自：adm/daemons/natured.c 的 treasure_check() 第 696 行，物件： adm/daemons/natured ("0(0)")
Initializing internal tables....

<---Mudos v22pre11 for WIN95/NT (by wwj,May 18 1998) Config:仙剑狂侠 2000  startup at Sun Jul 29 15:06:15 2001

using config file: config.sj
----------------------------------------------------------------------------
仙剑狂侠 2000  (MudOS v22pre11) starting up on Microsoft Windows 95 - Sun Jul 29 15:06:15 2001


Can't find "mudos", ignoring old binaries.
Try invoking the driver using the full pathname.
System Error: init_addr_server: connect:unknow error 10061
]simul_efun loaded successfully.

Loading preloaded files ...
错误讯息被拦截: 
执行时段错误：*Error in loading object '/adm/daemons/network/dns_master'

程式：adm/single/master.c 第 105 行
物件: adm/single/master ("0(0)")
呼叫来自：adm/single/master.c 的 preload() 第 105 行，物件： adm/single/master ("0(0)")
呼叫来自：adm/single/master.c 的 CATCH() 第 105 行，物件： adm/single/master ("0(0)")
Initializations complete.

Accepting connections on port 5555.
Initializing internal tables....

<---Mudos v22pre11 for WIN95/NT (by wwj,May 18 1998) Config:仙剑狂侠 2000  startup at Sun Jul 29 15:08:31 2001

using config file: config.sj
----------------------------------------------------------------------------
仙剑狂侠 2000  (MudOS v22pre11) starting up on Microsoft Windows 95 - Sun Jul 29 15:08:31 2001


Can't find "mudos", ignoring old binaries.
Try invoking the driver using the full pathname.
System Error: init_addr_server: connect:unknow error 10061
]simul_efun loaded successfully.

Loading preloaded files ...
错误讯息被拦截: 
执行时段错误：*Error in loading object '/adm/daemons/network/dns_master'

程式：adm/single/master.c 第 105 行
物件: adm/single/master ("0(0)")
呼叫来自：adm/single/master.c 的 preload() 第 105 行，物件： adm/single/master ("0(0)")
呼叫来自：adm/single/master.c 的 CATCH() 第 105 行，物件： adm/single/master ("0(0)")
Initializations complete.

Accepting connections on port 5555.
错误
执行时段错误：*Array index out of bounds.

程式：adm/daemons/natured.c 第 696 行
物件: adm/daemons/natured ("0(0)")
呼叫来自：adm/daemons/natured.c 的 treasure_check() 第 696 行，物件： adm/daemons/natured ("0(0)")
错误
执行时段错误：*restore_object(): Illegal file format.

程式：feature/save.c 第 19 行
物件: clone/board/news_b ("/clone/board/news_b(0)")
呼叫来自：adm/daemons/logind.c 的 check_news() 第 690 行，物件： adm/daemons/logind ("0(0)")
呼叫来自：clone/board/news_b.c 的 create() 第 12 行，物件： clone/board/news_b ("/clone/board/news_b(0)")
呼叫来自：inherit/misc/bboard.c 的 setup() 第 20 行，物件： clone/board/news_b ("/clone/board/news_b(0)")
呼叫来自：feature/save.c 的 restore() 第 19 行，物件： clone/board/news_b ("/clone/board/news_b(0)")
错误
执行时段错误：*Bad argument 1 to call_other()
Expected: string or array or object Got: 0.

程式：adm/single/simul_efun.c 第 89 行
物件: adm/single/simul_efun ("0(0)")
呼叫来自：feature/command.c 的 command_hook() 第 66 行，物件： clone/user/user#2 ("秋水(wangwwh)")
呼叫来自：cmds/std/go.c 的 main() 第 96 行，物件： cmds/std/go ("0(0)")
呼叫来自：d/city/kedian.c 的 create() 第 33 行，物件： d/city/kedian ("0(0)")
呼叫来自：inherit/room/room.c 的 setup() 第 214 行，物件： d/city/kedian ("0(0)")
呼叫来自：inherit/room/room.c 的 reset() 第 66 行，物件： d/city/kedian ("0(0)")
呼叫来自：inherit/room/room.c 的 make_inventory() 第 20 行，物件： d/city/kedian ("0(0)")
呼叫来自：adm/single/simul_efun.c 的 unew() 第 89 行，物件： adm/single/simul_efun ("0(0)")
错误
执行时段错误：*restore_object(): Illegal file format.

程式：feature/save.c 第 19 行
物件: clone/board/wudang_b ("/clone/board/wudang_b(0)")
呼叫来自：feature/command.c 的 command_hook() 第 66 行，物件： clone/user/user#76 ("秋水(wangwwh)")
呼叫来自：cmds/std/go.c 的 main() 第 96 行，物件： cmds/std/go ("0(0)")
呼叫来自：d/wudang/sanqingdian.c 的 create() 第 28 行，物件： d/wudang/sanqingdian ("0(0)")
呼叫来自：clone/board/wudang_b.c 的 create() 第 11 行，物件： clone/board/wudang_b ("/clone/board/wudang_b(0)")
呼叫来自：inherit/misc/bboard.c 的 setup() 第 20 行，物件： clone/board/wudang_b ("/clone/board/wudang_b(0)")
呼叫来自：feature/save.c 的 restore() 第 19 行，物件： clone/board/wudang_b ("/clone/board/wudang_b(0)")
错误
执行时段错误：*Bad argument 1 to capitalize()
Expected: string Got: 0.

程式：feature/name.c 第 78 行
物件: clone/board/wudang_b ("/clone/board/wudang_b(0)")
呼叫来自：feature/command.c 的 command_hook() 第 66 行，物件： clone/user/user#76 ("秋水(wangwwh)")
呼叫来自：cmds/std/go.c 的 main() 第 222 行，物件： cmds/std/go ("0(0)")
呼叫来自：feature/move.c 的 move() 第 126 行，物件： clone/user/user#76 ("秋水(wangwwh)")
呼叫来自：feature/command.c 的 command_hook() 第 66 行，物件： clone/user/user#76 ("秋水(wangwwh)")
呼叫来自：cmds/std/look.c 的 main() 第 29 行，物件： cmds/std/look ("0(0)")
呼叫来自：cmds/std/look.c 的 look_room() 第 88 行，物件： cmds/std/look ("0(0)")
呼叫来自：inherit/misc/bboard.c 的 short() 第 46 行，物件： clone/board/wudang_b ("/clone/board/wudang_b(0)")
呼叫来自：feature/name.c 的 short() 第 78 行，物件： clone/board/wudang_b ("/clone/board/wudang_b(0)")
错误
执行时段错误：*restore_object(): Illegal file format.

程式：feature/save.c 第 19 行
物件: clone/board/towiz_b ("/clone/board/towiz_b(0)")
呼叫来自：inherit/char/char.c 的 heart_beat() 第 116 行，物件： d/quanzhen/npc/youfang#60 ("游方道人(youfang daoren)")
呼叫来自：inherit/char/npc.c 的 chat() 第 140 行，物件： d/quanzhen/npc/youfang#60 ("游方道人(youfang daoren)")
呼叫来自：<function> 的 <function>() 第 0 行，物件： d/quanzhen/npc/youfang#60 ("游方道人(youfang daoren)")
呼叫来自：inherit/char/npc.c 的 random_move() 第 160 行，物件： d/quanzhen/npc/youfang#60 ("游方道人(youfang daoren)")
呼叫来自：feature/command.c 的 command_hook() 第 66 行，物件： d/quanzhen/npc/youfang#60 ("游方道人(youfang daoren)")
呼叫来自：cmds/std/go.c 的 main() 第 96 行，物件： cmds/std/go ("0(0)")
呼叫来自：d/city/yamen.c 的 create() 第 26 行，物件： d/city/yamen ("0(0)")
呼叫来自：clone/board/towiz_b.c 的 create() 第 11 行，物件： clone/board/towiz_b ("/clone/board/towiz_b(0)")
呼叫来自：inherit/misc/bboard.c 的 setup() 第 20 行，物件： clone/board/towiz_b ("/clone/board/towiz_b(0)")
呼叫来自：feature/save.c 的 restore() 第 19 行，物件： clone/board/towiz_b ("/clone/board/towiz_b(0)")
Heart beat in d/quanzhen/npc/youfang#60 turned off.
错误
执行时段错误：*Bad argument 1 to call_other()
Expected: string or array or object Got: 0.

程式：adm/single/simul_efun.c 第 89 行
物件: adm/single/simul_efun ("0(0)")
呼叫来自：d/city/npc/xunbu.c 的 randommove() 第 149 行，物件： d/city/npc/xunbu#64 ("巡捕(xunbu)")
呼叫来自：inherit/char/npc.c 的 random_move() 第 160 行，物件： d/city/npc/xunbu#64 ("巡捕(xunbu)")
呼叫来自：feature/command.c 的 command_hook() 第 66 行，物件： d/city/npc/xunbu#64 ("巡捕(xunbu)")
呼叫来自：cmds/std/go.c 的 main() 第 96 行，物件： cmds/std/go ("0(0)")
呼叫来自：d/city/bingying.c 的 create() 第 32 行，物件： d/city/bingying ("0(0)")
呼叫来自：inherit/room/room.c 的 setup() 第 214 行，物件： d/city/bingying ("0(0)")
呼叫来自：inherit/room/room.c 的 reset() 第 66 行，物件： d/city/bingying ("0(0)")
呼叫来自：inherit/room/room.c 的 make_inventory() 第 20 行，物件： d/city/bingying ("0(0)")
呼叫来自：adm/single/simul_efun.c 的 unew() 第 88 行，物件： adm/single/simul_efun ("0(0)")
呼叫来自：d/city/npc/shi.c 的 create() 第 54 行，物件： d/city/npc/shi ("史青山(shi qingshan)")
呼叫来自：inherit/char/npc.c 的 carry_object() 第 13 行，物件： d/city/npc/shi ("史青山(shi qingshan)")
呼叫来自：adm/single/simul_efun.c 的 unew() 第 89 行，物件： adm/single/simul_efun ("0(0)")
错误
执行时段错误：*restore_object(): Illegal file format.

程式：feature/save.c 第 19 行
物件: clone/board/wizto_b ("/clone/board/wizto_b(0)")
呼叫来自：feature/command.c 的 command_hook() 第 66 行，物件： clone/user/user#76 ("秋水(wangwwh)")
呼叫来自：cmds/imm/goto.c 的 main() 第 27 行，物件： cmds/imm/goto ("0(0)")
呼叫来自：d/city/wumiao.c 的 create() 第 32 行，物件： d/city/wumiao ("0(0)")
呼叫来自：clone/board/wizto_b.c 的 create() 第 11 行，物件： clone/board/wizto_b ("/clone/board/wizto_b(0)")
呼叫来自：inherit/misc/bboard.c 的 setup() 第 20 行，物件： clone/board/wizto_b ("/clone/board/wizto_b(0)")
呼叫来自：feature/save.c 的 restore() 第 19 行，物件： clone/board/wizto_b ("/clone/board/wizto_b(0)")
错误
执行时段错误：*Inherited file '/d/city/npc/gaibang_npc' does not exist!

程式：adm/single/simul_efun.c 第 88 行
物件: adm/single/simul_efun ("0(0)")
呼叫来自：feature/command.c 的 command_hook() 第 66 行，物件： clone/user/user#76 ("秋水(wangwwh)")
呼叫来自：cmds/std/go.c 的 main() 第 96 行，物件： cmds/std/go ("0(0)")
呼叫来自：d/city/dongdajie2.c 的 create() 第 28 行，物件： d/city/dongdajie2 ("0(0)")
呼叫来自：inherit/room/room.c 的 setup() 第 214 行，物件： d/city/dongdajie2 ("0(0)")
呼叫来自：inherit/room/room.c 的 reset() 第 66 行，物件： d/city/dongdajie2 ("0(0)")
呼叫来自：inherit/room/room.c 的 make_inventory() 第 20 行，物件： d/city/dongdajie2 ("0(0)")
呼叫来自：adm/single/simul_efun.c 的 unew() 第 88 行，物件： adm/single/simul_efun ("0(0)")
Initializing internal tables....

<---Mudos v22pre11 for WIN95/NT (by wwj,May 18 1998) Config:仙剑狂侠 2000  startup at Mon Jul 30 22:05:25 2001

using config file: config.sj
----------------------------------------------------------------------------
仙剑狂侠 2000  (MudOS v22pre11) starting up on Microsoft Windows 95 - Mon Jul 30 22:05:25 2001


Can't find "mudos", ignoring old binaries.
Try invoking the driver using the full pathname.
System Error: init_addr_server: connect:unknow error 10061
]simul_efun loaded successfully.

Loading preloaded files ...
错误讯息被拦截: 
执行时段错误：*Error in loading object '/adm/daemons/network/dns_master'

程式：adm/single/master.c 第 105 行
物件: adm/single/master ("0(0)")
呼叫来自：adm/single/master.c 的 preload() 第 105 行，物件： adm/single/master ("0(0)")
呼叫来自：adm/single/master.c 的 CATCH() 第 105 行，物件： adm/single/master ("0(0)")
Initializations complete.

Accepting connections on port 5555.
错误
执行时段错误：*restore_object(): Illegal file format.

程式：feature/save.c 第 19 行
物件: clone/board/news_b ("/clone/board/news_b(0)")
呼叫来自：adm/daemons/logind.c 的 check_news() 第 690 行，物件： adm/daemons/logind ("0(0)")
呼叫来自：clone/board/news_b.c 的 create() 第 12 行，物件： clone/board/news_b ("/clone/board/news_b(0)")
呼叫来自：inherit/misc/bboard.c 的 setup() 第 20 行，物件： clone/board/news_b ("/clone/board/news_b(0)")
呼叫来自：feature/save.c 的 restore() 第 19 行，物件： clone/board/news_b ("/clone/board/news_b(0)")
Initializing internal tables....

<---Mudos v22pre11 for WIN95/NT (by wwj,May 18 1998) Config:仙剑狂侠 2000  startup at Fri Aug 03 20:38:49 2001

using config file: config.sj
----------------------------------------------------------------------------
仙剑狂侠 2000  (MudOS v22pre11) starting up on Microsoft Windows 95 - Fri Aug 03 20:38:50 2001


Can't find "mudos", ignoring old binaries.
Try invoking the driver using the full pathname.
System Error: init_addr_server: connect:unknow error 10061
]simul_efun loaded successfully.

Loading preloaded files ...
错误讯息被拦截: 
执行时段错误：*Error in loading object '/adm/daemons/network/dns_master'

程式：adm/single/master.c 第 105 行
物件: adm/single/master ("0(0)")
呼叫来自：adm/single/master.c 的 preload() 第 105 行，物件： adm/single/master ("0(0)")
呼叫来自：adm/single/master.c 的 CATCH() 第 105 行，物件： adm/single/master ("0(0)")
Initializations complete.

Accepting connections on port 5555.
Initializing internal tables....

<---Mudos v22pre11 for WIN95/NT (by wwj,May 18 1998) Config:仙剑狂侠 2000  startup at Sat Aug 11 22:08:07 2001

using config file: config.sj
----------------------------------------------------------------------------
仙剑狂侠 2000  (MudOS v22pre11) starting up on Microsoft Windows 95 - Sat Aug 11 22:08:07 2001


Can't find "mudos", ignoring old binaries.
Try invoking the driver using the full pathname.
System Error: init_addr_server: connect:unknow error 10061
Initializing internal tables....
]simul_efun loaded successfully.

<---Mudos v22pre11 for WIN95/NT (by wwj,May 18 1998) Config:仙剑狂侠 2000  startup at Sat Sep 01 08:12:07 2001

using config file: config.sj
----------------------------------------------------------------------------
仙剑狂侠 2000  (MudOS v22pre11) starting up on Microsoft Windows 95 - Sat Sep 01 08:12:07 2001


Can't find "mudos", ignoring old binaries.
Try invoking the driver using the full pathname.
System Error: init_addr_server: connect:unknow error 10061
]simul_efun loaded successfully.

Loading preloaded files ...
错误讯息被拦截: 
执行时段错误：*Error in loading object '/adm/daemons/network/dns_master'

程式：adm/single/master.c 第 105 行
物件: adm/single/master ("0(0)")
呼叫来自：adm/single/master.c 的 preload() 第 105 行，物件： adm/single/master ("0(0)")
呼叫来自：adm/single/master.c 的 CATCH() 第 105 行，物件： adm/single/master ("0(0)")
Initializations complete.

Accepting connections on port 5555.
错误
执行时段错误：*Array index out of bounds.

程式：adm/daemons/natured.c 第 696 行
物件: adm/daemons/natured ("0(0)")
呼叫来自：adm/daemons/natured.c 的 treasure_check() 第 696 行，物件： adm/daemons/natured ("0(0)")
错误
执行时段错误：*restore_object(): Illegal file format.

程式：feature/save.c 第 19 行
物件: clone/board/news_b ("/clone/board/news_b(0)")
呼叫来自：adm/daemons/logind.c 的 check_news() 第 690 行，物件： adm/daemons/logind ("0(0)")
呼叫来自：clone/board/news_b.c 的 create() 第 12 行，物件： clone/board/news_b ("/clone/board/news_b(0)")
呼叫来自：inherit/misc/bboard.c 的 setup() 第 20 行，物件： clone/board/news_b ("/clone/board/news_b(0)")
呼叫来自：feature/save.c 的 restore() 第 19 行，物件： clone/board/news_b ("/clone/board/news_b(0)")
错误
执行时段错误：*Array index out of bounds.

程式：adm/daemons/natured.c 第 696 行
物件: adm/daemons/natured ("0(0)")
呼叫来自：adm/daemons/natured.c 的 treasure_check() 第 696 行，物件： adm/daemons/natured ("0(0)")
错误
执行时段错误：*Bad argument 1 to call_other()
Expected: string or array or object Got: 0.

程式：adm/single/simul_efun.c 第 89 行
物件: adm/single/simul_efun ("0(0)")
呼叫来自：feature/command.c 的 command_hook() 第 66 行，物件： clone/user/user#1 ("秋水(wangwwh)")
呼叫来自：cmds/std/go.c 的 main() 第 96 行，物件： cmds/std/go ("0(0)")
呼叫来自：d/city/kedian.c 的 create() 第 33 行，物件： d/city/kedian ("0(0)")
呼叫来自：inherit/room/room.c 的 setup() 第 214 行，物件： d/city/kedian ("0(0)")
呼叫来自：inherit/room/room.c 的 reset() 第 66 行，物件： d/city/kedian ("0(0)")
呼叫来自：inherit/room/room.c 的 make_inventory() 第 20 行，物件： d/city/kedian ("0(0)")
呼叫来自：adm/single/simul_efun.c 的 unew() 第 89 行，物件： adm/single/simul_efun ("0(0)")
错误
执行时段错误：*restore_object(): Illegal file format.

程式：feature/save.c 第 19 行
物件: clone/board/towiz_b ("/clone/board/towiz_b(0)")
呼叫来自：d/city/npc/xunbu.c 的 randommove() 第 149 行，物件： d/city/npc/xunbu#61 ("巡捕(xunbu)")
呼叫来自：inherit/char/npc.c 的 random_move() 第 160 行，物件： d/city/npc/xunbu#61 ("巡捕(xunbu)")
呼叫来自：feature/command.c 的 command_hook() 第 66 行，物件： d/city/npc/xunbu#61 ("巡捕(xunbu)")
呼叫来自：cmds/std/go.c 的 main() 第 96 行，物件： cmds/std/go ("0(0)")
呼叫来自：d/city/yamen.c 的 create() 第 26 行，物件： d/city/yamen ("0(0)")
呼叫来自：clone/board/towiz_b.c 的 create() 第 11 行，物件： clone/board/towiz_b ("/clone/board/towiz_b(0)")
呼叫来自：inherit/misc/bboard.c 的 setup() 第 20 行，物件： clone/board/towiz_b ("/clone/board/towiz_b(0)")
呼叫来自：feature/save.c 的 restore() 第 19 行，物件： clone/board/towiz_b ("/clone/board/towiz_b(0)")
错误
执行时段错误：*Array index out of bounds.

程式：adm/daemons/natured.c 第 696 行
物件: adm/daemons/natured ("0(0)")
呼叫来自：adm/daemons/natured.c 的 treasure_check() 第 696 行，物件： adm/daemons/natured ("0(0)")
错误
执行时段错误：*Bad argument 1 to call_other()
Expected: string or array or object Got: 0.

程式：adm/single/simul_efun.c 第 89 行
物件: adm/single/simul_efun ("0(0)")
呼叫来自：inherit/char/char.c 的 heart_beat() 第 116 行，物件： d/quanzhen/npc/youfang#53 ("游方道人(youfang daoren)")
呼叫来自：inherit/char/npc.c 的 chat() 第 140 行，物件： d/quanzhen/npc/youfang#53 ("游方道人(youfang daoren)")
呼叫来自：<function> 的 <function>() 第 0 行，物件： d/quanzhen/npc/youfang#53 ("游方道人(youfang daoren)")
呼叫来自：inherit/char/npc.c 的 random_move() 第 160 行，物件： d/quanzhen/npc/youfang#53 ("游方道人(youfang daoren)")
呼叫来自：feature/command.c 的 command_hook() 第 66 行，物件： d/quanzhen/npc/youfang#53 ("游方道人(youfang daoren)")
呼叫来自：cmds/std/go.c 的 main() 第 96 行，物件： cmds/std/go ("0(0)")
呼叫来自：d/city/bingying.c 的 create() 第 32 行，物件： d/city/bingying ("0(0)")
呼叫来自：inherit/room/room.c 的 setup() 第 214 行，物件： d/city/bingying ("0(0)")
呼叫来自：inherit/room/room.c 的 reset() 第 66 行，物件： d/city/bingying ("0(0)")
呼叫来自：inherit/room/room.c 的 make_inventory() 第 20 行，物件： d/city/bingying ("0(0)")
呼叫来自：adm/single/simul_efun.c 的 unew() 第 88 行，物件： adm/single/simul_efun ("0(0)")
呼叫来自：d/city/npc/shi.c 的 create() 第 54 行，物件： d/city/npc/shi ("史青山(shi qingshan)")
呼叫来自：inherit/char/npc.c 的 carry_object() 第 13 行，物件： d/city/npc/shi ("史青山(shi qingshan)")
呼叫来自：adm/single/simul_efun.c 的 unew() 第 89 行，物件： adm/single/simul_efun ("0(0)")
Heart beat in d/quanzhen/npc/youfang#53 turned off.
错误
执行时段错误：*Array index out of bounds.

程式：adm/daemons/natured.c 第 696 行
物件: adm/daemons/natured ("0(0)")
呼叫来自：adm/daemons/natured.c 的 treasure_check() 第 696 行，物件： adm/daemons/natured ("0(0)")
错误
执行时段错误：*Inherited file '/d/city/npc/gaibang_npc' does not exist!

程式：adm/single/simul_efun.c 第 88 行
物件: adm/single/simul_efun ("0(0)")
呼叫来自：d/city/npc/xunbu.c 的 randommove() 第 149 行，物件： d/city/npc/xunbu#61 ("巡捕(xunbu)")
呼叫来自：inherit/char/npc.c 的 random_move() 第 160 行，物件： d/city/npc/xunbu#61 ("巡捕(xunbu)")
呼叫来自：feature/command.c 的 command_hook() 第 66 行，物件： d/city/npc/xunbu#61 ("巡捕(xunbu)")
呼叫来自：cmds/std/go.c 的 main() 第 96 行，物件： cmds/std/go ("0(0)")
呼叫来自：d/city/dongdajie2.c 的 create() 第 28 行，物件： d/city/dongdajie2 ("0(0)")
呼叫来自：inherit/room/room.c 的 setup() 第 214 行，物件： d/city/dongdajie2 ("0(0)")
呼叫来自：inherit/room/room.c 的 reset() 第 66 行，物件： d/city/dongdajie2 ("0(0)")
呼叫来自：inherit/room/room.c 的 make_inventory() 第 20 行，物件： d/city/dongdajie2 ("0(0)")
呼叫来自：adm/single/simul_efun.c 的 unew() 第 88 行，物件： adm/single/simul_efun ("0(0)")
错误
执行时段错误：*Array index out of bounds.

程式：adm/daemons/natured.c 第 696 行
物件: adm/daemons/natured ("0(0)")
呼叫来自：adm/daemons/natured.c 的 treasure_check() 第 696 行，物件： adm/daemons/natured ("0(0)")
错误
执行时段错误：*restore_object(): Illegal file format.

程式：feature/save.c 第 19 行
物件: clone/board/yuelao_b ("/clone/board/yuelao_b(0)")
呼叫来自：inherit/char/char.c 的 heart_beat() 第 116 行，物件： d/city/npc/wang#142 ("王公公(wang gonggong)")
呼叫来自：inherit/char/npc.c 的 chat() 第 140 行，物件： d/city/npc/wang#142 ("王公公(wang gonggong)")
呼叫来自：<function> 的 <function>() 第 0 行，物件： d/city/npc/wang#142 ("王公公(wang gonggong)")
呼叫来自：inherit/char/npc.c 的 random_move() 第 160 行，物件： d/city/npc/wang#142 ("王公公(wang gonggong)")
呼叫来自：feature/command.c 的 command_hook() 第 66 行，物件： d/city/npc/wang#142 ("王公公(wang gonggong)")
呼叫来自：cmds/std/go.c 的 main() 第 96 行，物件： cmds/std/go ("0(0)")
呼叫来自：d/city/yuelaoting.c 的 create() 第 29 行，物件： d/city/yuelaoting ("0(0)")
呼叫来自：clone/board/yuelao_b.c 的 create() 第 11 行，物件： clone/board/yuelao_b ("/clone/board/yuelao_b(0)")
呼叫来自：inherit/misc/bboard.c 的 setup() 第 20 行，物件： clone/board/yuelao_b ("/clone/board/yuelao_b(0)")
呼叫来自：feature/save.c 的 restore() 第 19 行，物件： clone/board/yuelao_b ("/clone/board/yuelao_b(0)")
Heart beat in d/city/npc/wang#142 turned off.
错误
执行时段错误：*Array index out of bounds.

程式：adm/daemons/natured.c 第 696 行
物件: adm/daemons/natured ("0(0)")
呼叫来自：adm/daemons/natured.c 的 treasure_check() 第 696 行，物件： adm/daemons/natured ("0(0)")
错误
执行时段错误：*Array index out of bounds.

程式：adm/daemons/natured.c 第 696 行
物件: adm/daemons/natured ("0(0)")
呼叫来自：adm/daemons/natured.c 的 treasure_check() 第 696 行，物件： adm/daemons/natured ("0(0)")
错误
执行时段错误：*Array index out of bounds.

程式：adm/daemons/natured.c 第 696 行
物件: adm/daemons/natured ("0(0)")
呼叫来自：adm/daemons/natured.c 的 treasure_check() 第 696 行，物件： adm/daemons/natured ("0(0)")
错误
执行时段错误：*Array index out of bounds.

程式：adm/daemons/natured.c 第 696 行
物件: adm/daemons/natured ("0(0)")
呼叫来自：adm/daemons/natured.c 的 treasure_check() 第 696 行，物件： adm/daemons/natured ("0(0)")
错误
执行时段错误：*Array index out of bounds.

程式：adm/daemons/natured.c 第 696 行
物件: adm/daemons/natured ("0(0)")
呼叫来自：adm/daemons/natured.c 的 treasure_check() 第 696 行，物件： adm/daemons/natured ("0(0)")
错误
执行时段错误：*Inherited file '/d/city/npc/gaibang_npc' does not exist!

程式：adm/single/simul_efun.c 第 88 行
物件: adm/single/simul_efun ("0(0)")
呼叫来自：inherit/room/room.c 的 reset() 第 66 行，物件： d/city/dongdajie2 ("0(0)")
呼叫来自：inherit/room/room.c 的 make_inventory() 第 20 行，物件： d/city/dongdajie2 ("0(0)")
呼叫来自：adm/single/simul_efun.c 的 unew() 第 88 行，物件： adm/single/simul_efun ("0(0)")
错误
执行时段错误：*Bad argument 1 to call_other()
Expected: string or array or object Got: 0.

程式：adm/single/simul_efun.c 第 89 行
物件: adm/single/simul_efun ("0(0)")
呼叫来自：inherit/room/room.c 的 reset() 第 66 行，物件： d/city/bingying ("0(0)")
呼叫来自：inherit/room/room.c 的 make_inventory() 第 20 行，物件： d/city/bingying ("0(0)")
呼叫来自：adm/single/simul_efun.c 的 unew() 第 88 行，物件： adm/single/simul_efun ("0(0)")
呼叫来自：d/city/npc/shi.c 的 create() 第 54 行，物件： d/city/npc/shi#284 ("史青山(shi qingshan)")
呼叫来自：inherit/char/npc.c 的 carry_object() 第 13 行，物件： d/city/npc/shi#284 ("史青山(shi qingshan)")
呼叫来自：adm/single/simul_efun.c 的 unew() 第 89 行，物件： adm/single/simul_efun ("0(0)")
错误
执行时段错误：*Bad argument 1 to call_other()
Expected: string or array or object Got: 0.

程式：adm/single/simul_efun.c 第 89 行
物件: adm/single/simul_efun ("0(0)")
呼叫来自：inherit/room/room.c 的 reset() 第 66 行，物件： d/city/kedian ("0(0)")
呼叫来自：inherit/room/room.c 的 make_inventory() 第 20 行，物件： d/city/kedian ("0(0)")
呼叫来自：adm/single/simul_efun.c 的 unew() 第 89 行，物件： adm/single/simul_efun ("0(0)")
错误
执行时段错误：*restore_object(): Illegal file format.

程式：feature/save.c 第 19 行
物件: clone/board/wizto_b ("/clone/board/wizto_b(0)")
呼叫来自：inherit/char/char.c 的 heart_beat() 第 116 行，物件： kungfu/class/shaolin/xingzhe#13 ("行者(xingzhe)")
呼叫来自：inherit/char/npc.c 的 chat() 第 140 行，物件： kungfu/class/shaolin/xingzhe#13 ("行者(xingzhe)")
呼叫来自：<function> 的 <function>() 第 0 行，物件： kungfu/class/shaolin/xingzhe#13 ("行者(xingzhe)")
呼叫来自：inherit/char/npc.c 的 random_move() 第 160 行，物件： kungfu/class/shaolin/xingzhe#13 ("行者(xingzhe)")
呼叫来自：feature/command.c 的 command_hook() 第 66 行，物件： kungfu/class/shaolin/xingzhe#13 ("行者(xingzhe)")
呼叫来自：cmds/std/go.c 的 main() 第 96 行，物件： cmds/std/go ("0(0)")
呼叫来自：d/city/chmiao.c 的 create() 第 25 行，物件： d/city/chmiao ("0(0)")
呼叫来自：clone/board/wizto_b.c 的 create() 第 11 行，物件： clone/board/wizto_b ("/clone/board/wizto_b(0)")
呼叫来自：inherit/misc/bboard.c 的 setup() 第 20 行，物件： clone/board/wizto_b ("/clone/board/wizto_b(0)")
呼叫来自：feature/save.c 的 restore() 第 19 行，物件： clone/board/wizto_b ("/clone/board/wizto_b(0)")
Heart beat in kungfu/class/shaolin/xingzhe#13 turned off.
错误
执行时段错误：*Array index out of bounds.

程式：adm/daemons/natured.c 第 696 行
物件: adm/daemons/natured ("0(0)")
呼叫来自：adm/daemons/natured.c 的 treasure_check() 第 696 行，物件： adm/daemons/natured ("0(0)")
Initializing internal tables....

<---Mudos v22pre11 for WIN95/NT (by wwj,May 18 1998) Config:仙剑狂侠 2000  startup at Sun Sep 09 11:38:26 2001

using config file: config.sj
----------------------------------------------------------------------------
仙剑狂侠 2000  (MudOS v22pre11) starting up on Microsoft Windows 95 - Sun Sep 09 11:38:26 2001


Can't find "mudos", ignoring old binaries.
Try invoking the driver using the full pathname.
System Error: init_addr_server: connect:unknow error 10061
]simul_efun loaded successfully.

Loading preloaded files ...
Initializing internal tables....

<---Mudos v22pre11 for WIN95/NT (by wwj,May 18 1998) Config:仙剑狂侠 2000  startup at Tue Oct 02 09:11:46 2001

using config file: config.sj
----------------------------------------------------------------------------
仙剑狂侠 2000  (MudOS v22pre11) starting up on Microsoft Windows 95 - Tue Oct 02 09:11:46 2001


Can't find "mudos", ignoring old binaries.
Try invoking the driver using the full pathname.
System Error: init_addr_server: connect:unknow error 10061
]simul_efun loaded successfully.

Loading preloaded files ...
错误讯息被拦截: 
执行时段错误：*Error in loading object '/adm/daemons/network/dns_master'

程式：adm/single/master.c 第 105 行
物件: adm/single/master ("0(0)")
呼叫来自：adm/single/master.c 的 preload() 第 105 行，物件： adm/single/master ("0(0)")
呼叫来自：adm/single/master.c 的 CATCH() 第 105 行，物件： adm/single/master ("0(0)")
Initializations complete.

Accepting connections on port 5555.
错误
执行时段错误：*Array index out of bounds.

程式：adm/daemons/natured.c 第 696 行
物件: adm/daemons/natured ("0(0)")
呼叫来自：adm/daemons/natured.c 的 treasure_check() 第 696 行，物件： adm/daemons/natured ("0(0)")
错误
执行时段错误：*restore_object(): Illegal file format.

程式：feature/save.c 第 19 行
物件: clone/board/news_b ("/clone/board/news_b(0)")
呼叫来自：adm/daemons/logind.c 的 check_news() 第 690 行，物件： adm/daemons/logind ("0(0)")
呼叫来自：clone/board/news_b.c 的 create() 第 12 行，物件： clone/board/news_b ("/clone/board/news_b(0)")
呼叫来自：inherit/misc/bboard.c 的 setup() 第 20 行，物件： clone/board/news_b ("/clone/board/news_b(0)")
呼叫来自：feature/save.c 的 restore() 第 19 行，物件： clone/board/news_b ("/clone/board/news_b(0)")
错误
执行时段错误：*Bad argument 1 to call_other()
Expected: string or array or object Got: 0.

程式：adm/single/simul_efun.c 第 89 行
物件: adm/single/simul_efun ("0(0)")
呼叫来自：feature/command.c 的 command_hook() 第 66 行，物件： clone/user/user#1 ("秋水(wangwwh)")
呼叫来自：cmds/std/go.c 的 main() 第 96 行，物件： cmds/std/go ("0(0)")
呼叫来自：d/city/kedian.c 的 create() 第 33 行，物件： d/city/kedian ("0(0)")
呼叫来自：inherit/room/room.c 的 setup() 第 214 行，物件： d/city/kedian ("0(0)")
呼叫来自：inherit/room/room.c 的 reset() 第 66 行，物件： d/city/kedian ("0(0)")
呼叫来自：inherit/room/room.c 的 make_inventory() 第 20 行，物件： d/city/kedian ("0(0)")
呼叫来自：adm/single/simul_efun.c 的 unew() 第 89 行，物件： adm/single/simul_efun ("0(0)")
错误讯息被拦截: 
执行时段错误：*Bad argument 1 to call_other()
Expected: string or array or object Got: 0.

程式：adm/single/simul_efun.c 第 89 行
物件: adm/single/simul_efun ("0(0)")
呼叫来自：feature/command.c 的 command_hook() 第 66 行，物件： clone/user/user#1 ("秋水(wangwwh)")
呼叫来自：cmds/app/update.c 的 main() 第 56 行，物件： cmds/app/update ("0(0)")
呼叫来自：cmds/app/update.c 的 CATCH() 第 56 行，物件： cmds/app/update ("0(0)")
呼叫来自：d/city/kedian.c 的 create() 第 33 行，物件： d/city/kedian ("0(0)")
呼叫来自：inherit/room/room.c 的 setup() 第 214 行，物件： d/city/kedian ("0(0)")
呼叫来自：inherit/room/room.c 的 reset() 第 66 行，物件： d/city/kedian ("0(0)")
呼叫来自：inherit/room/room.c 的 make_inventory() 第 20 行，物件： d/city/kedian ("0(0)")
呼叫来自：adm/single/simul_efun.c 的 unew() 第 89 行，物件： adm/single/simul_efun ("0(0)")
错误
执行时段错误：*restore_object(): Illegal file format.

程式：feature/save.c 第 19 行
物件: clone/board/wiz_b ("/clone/board/wiz_b(0)")
呼叫来自：feature/command.c 的 command_hook() 第 66 行，物件： clone/user/user#1 ("秋水(wangwwh)")
呼叫来自：cmds/std/go.c 的 main() 第 96 行，物件： cmds/std/go ("0(0)")
呼叫来自：d/wizard/wizard_room.c 的 create() 第 48 行，物件： d/wizard/wizard_room ("0(0)")
呼叫来自：clone/board/wiz_b.c 的 create() 第 11 行，物件： clone/board/wiz_b ("/clone/board/wiz_b(0)")
呼叫来自：inherit/misc/bboard.c 的 setup() 第 20 行，物件： clone/board/wiz_b ("/clone/board/wiz_b(0)")
呼叫来自：feature/save.c 的 restore() 第 19 行，物件： clone/board/wiz_b ("/clone/board/wiz_b(0)")
错误
执行时段错误：*Bad argument 1 to capitalize()
Expected: string Got: 0.

程式：feature/name.c 第 78 行
物件: clone/board/wiz_b ("/clone/board/wiz_b(0)")
呼叫来自：feature/command.c 的 command_hook() 第 66 行，物件： clone/user/user#1 ("秋水(wangwwh)")
呼叫来自：cmds/std/go.c 的 main() 第 222 行，物件： cmds/std/go ("0(0)")
呼叫来自：feature/move.c 的 move() 第 126 行，物件： clone/user/user#1 ("秋水(wangwwh)")
呼叫来自：feature/command.c 的 command_hook() 第 66 行，物件： clone/user/user#1 ("秋水(wangwwh)")
呼叫来自：cmds/std/look.c 的 main() 第 29 行，物件： cmds/std/look ("0(0)")
呼叫来自：cmds/std/look.c 的 look_room() 第 101 行，物件： cmds/std/look ("0(0)")
呼叫来自：inherit/misc/bboard.c 的 short() 第 46 行，物件： clone/board/wiz_b ("/clone/board/wiz_b(0)")
呼叫来自：feature/name.c 的 short() 第 78 行，物件： clone/board/wiz_b ("/clone/board/wiz_b(0)")
错误
执行时段错误：*restore_object(): Illegal file format.

程式：feature/save.c 第 19 行
物件: clone/board/towiz_b ("/clone/board/towiz_b(0)")
呼叫来自：feature/command.c 的 command_hook() 第 66 行，物件： clone/user/user#1 ("秋水(wangwwh)")
呼叫来自：cmds/std/go.c 的 main() 第 96 行，物件： cmds/std/go ("0(0)")
呼叫来自：d/wizard/guest_room.c 的 create() 第 33 行，物件： d/wizard/guest_room ("0(0)")
呼叫来自：clone/board/towiz_b.c 的 create() 第 11 行，物件： clone/board/towiz_b ("/clone/board/towiz_b(0)")
呼叫来自：inherit/misc/bboard.c 的 setup() 第 20 行，物件： clone/board/towiz_b ("/clone/board/towiz_b(0)")
呼叫来自：feature/save.c 的 restore() 第 19 行，物件： clone/board/towiz_b ("/clone/board/towiz_b(0)")
错误
执行时段错误：*Bad argument 1 to capitalize()
Expected: string Got: 0.

程式：feature/name.c 第 78 行
物件: clone/board/wiz_b ("/clone/board/wiz_b(0)")
呼叫来自：feature/command.c 的 command_hook() 第 66 行，物件： clone/user/user#1 ("秋水(wangwwh)")
呼叫来自：cmds/std/look.c 的 main() 第 29 行，物件： cmds/std/look ("0(0)")
呼叫来自：cmds/std/look.c 的 look_room() 第 101 行，物件： cmds/std/look ("0(0)")
呼叫来自：inherit/misc/bboard.c 的 short() 第 46 行，物件： clone/board/wiz_b ("/clone/board/wiz_b(0)")
呼叫来自：feature/name.c 的 short() 第 78 行，物件： clone/board/wiz_b ("/clone/board/wiz_b(0)")
错误
执行时段错误：*Bad argument 1 to capitalize()
Expected: string Got: 0.

程式：feature/name.c 第 78 行
物件: clone/board/wiz_b ("/clone/board/wiz_b(0)")
呼叫来自：feature/command.c 的 command_hook() 第 66 行，物件： clone/user/user#1 ("秋水(wangwwh)")
呼叫来自：cmds/std/look.c 的 main() 第 29 行，物件： cmds/std/look ("0(0)")
呼叫来自：cmds/std/look.c 的 look_room() 第 101 行，物件： cmds/std/look ("0(0)")
呼叫来自：inherit/misc/bboard.c 的 short() 第 46 行，物件： clone/board/wiz_b ("/clone/board/wiz_b(0)")
呼叫来自：feature/name.c 的 short() 第 78 行，物件： clone/board/wiz_b ("/clone/board/wiz_b(0)")
错误
执行时段错误：*Bad argument 1 to capitalize()
Expected: string Got: 0.

程式：feature/name.c 第 78 行
物件: clone/board/wiz_b ("/clone/board/wiz_b(0)")
呼叫来自：feature/command.c 的 command_hook() 第 66 行，物件： clone/user/user#1 ("秋水(wangwwh)")
呼叫来自：cmds/std/look.c 的 main() 第 29 行，物件： cmds/std/look ("0(0)")
呼叫来自：cmds/std/look.c 的 look_room() 第 101 行，物件： cmds/std/look ("0(0)")
呼叫来自：inherit/misc/bboard.c 的 short() 第 46 行，物件： clone/board/wiz_b ("/clone/board/wiz_b(0)")
呼叫来自：feature/name.c 的 short() 第 78 行，物件： clone/board/wiz_b ("/clone/board/wiz_b(0)")
错误
执行时段错误：*Bad argument 1 to capitalize()
Expected: string Got: 0.

程式：feature/name.c 第 78 行
物件: clone/board/wiz_b ("/clone/board/wiz_b(0)")
呼叫来自：feature/command.c 的 command_hook() 第 66 行，物件： clone/user/user#1 ("秋水(wangwwh)")
呼叫来自：cmds/std/look.c 的 main() 第 29 行，物件： cmds/std/look ("0(0)")
呼叫来自：cmds/std/look.c 的 look_room() 第 101 行，物件： cmds/std/look ("0(0)")
呼叫来自：inherit/misc/bboard.c 的 short() 第 46 行，物件： clone/board/wiz_b ("/clone/board/wiz_b(0)")
呼叫来自：feature/name.c 的 short() 第 78 行，物件： clone/board/wiz_b ("/clone/board/wiz_b(0)")
错误
执行时段错误：*Bad argument 1 to capitalize()
Expected: string Got: 0.

程式：feature/name.c 第 78 行
物件: clone/board/wiz_b ("/clone/board/wiz_b(0)")
呼叫来自：feature/command.c 的 command_hook() 第 66 行，物件： clone/user/user#1 ("秋水(wangwwh)")
呼叫来自：cmds/std/look.c 的 main() 第 29 行，物件： cmds/std/look ("0(0)")
呼叫来自：cmds/std/look.c 的 look_room() 第 101 行，物件： cmds/std/look ("0(0)")
呼叫来自：inherit/misc/bboard.c 的 short() 第 46 行，物件： clone/board/wiz_b ("/clone/board/wiz_b(0)")
呼叫来自：feature/name.c 的 short() 第 78 行，物件： clone/board/wiz_b ("/clone/board/wiz_b(0)")
错误
执行时段错误：*Bad argument 1 to capitalize()
Expected: string Got: 0.

程式：feature/name.c 第 78 行
物件: clone/board/wiz_b ("/clone/board/wiz_b(0)")
呼叫来自：feature/command.c 的 command_hook() 第 66 行，物件： clone/user/user#1 ("秋水(wangwwh)")
呼叫来自：cmds/std/look.c 的 main() 第 29 行，物件： cmds/std/look ("0(0)")
呼叫来自：cmds/std/look.c 的 look_room() 第 101 行，物件： cmds/std/look ("0(0)")
呼叫来自：inherit/misc/bboard.c 的 short() 第 46 行，物件： clone/board/wiz_b ("/clone/board/wiz_b(0)")
呼叫来自：feature/name.c 的 short() 第 78 行，物件： clone/board/wiz_b ("/clone/board/wiz_b(0)")
错误
执行时段错误：*call_other() couldn't find object

程式：feature/move.c 第 71 行
物件: clone/board/post_b ("留言板总汇(board)")
呼叫来自：feature/command.c 的 command_hook() 第 66 行，物件： clone/user/user#1 ("秋水(wangwwh)")
呼叫来自：cmds/std/go.c 的 main() 第 96 行，物件： cmds/std/go ("0(0)")
呼叫来自：d/wizard/wizard_meet.c 的 create() 第 26 行，物件： d/wizard/wizard_meet ("0(0)")
呼叫来自：clone/board/post_b.c 的 create() 第 191 行，物件： clone/board/post_b ("留言板总汇(board)")
呼叫来自：clone/board/post_b.c 的 setup() 第 15 行，物件： clone/board/post_b ("留言板总汇(board)")
呼叫来自：feature/move.c 的 move() 第 71 行，物件： clone/board/post_b ("留言板总汇(board)")
错误
执行时段错误：*restore_object(): Illegal file format.

程式：feature/save.c 第 19 行
物件: clone/board/wizto_b ("/clone/board/wizto_b(0)")
呼叫来自：inherit/char/char.c 的 heart_beat() 第 116 行，物件： kungfu/class/shaolin/xingzhe#42 ("行者(xingzhe)")
呼叫来自：inherit/char/npc.c 的 chat() 第 140 行，物件： kungfu/class/shaolin/xingzhe#42 ("行者(xingzhe)")
呼叫来自：<function> 的 <function>() 第 0 行，物件： kungfu/class/shaolin/xingzhe#42 ("行者(xingzhe)")
呼叫来自：inherit/char/npc.c 的 random_move() 第 160 行，物件： kungfu/class/shaolin/xingzhe#42 ("行者(xingzhe)")
呼叫来自：feature/command.c 的 command_hook() 第 66 行，物件： kungfu/class/shaolin/xingzhe#42 ("行者(xingzhe)")
呼叫来自：cmds/std/go.c 的 main() 第 96 行，物件： cmds/std/go ("0(0)")
呼叫来自：d/city/chmiao.c 的 create() 第 25 行，物件： d/city/chmiao ("0(0)")
呼叫来自：clone/board/wizto_b.c 的 create() 第 11 行，物件： clone/board/wizto_b ("/clone/board/wizto_b(0)")
呼叫来自：inherit/misc/bboard.c 的 setup() 第 20 行，物件： clone/board/wizto_b ("/clone/board/wizto_b(0)")
呼叫来自：feature/save.c 的 restore() 第 19 行，物件： clone/board/wizto_b ("/clone/board/wizto_b(0)")
Heart beat in kungfu/class/shaolin/xingzhe#42 turned off.
错误
执行时段错误：*Array index out of bounds.

程式：adm/daemons/natured.c 第 696 行
物件: adm/daemons/natured ("0(0)")
呼叫来自：adm/daemons/natured.c 的 treasure_check() 第 696 行，物件： adm/daemons/natured ("0(0)")
错误
执行时段错误：*Bad argument 1 to capitalize()
Expected: string Got: 0.

程式：feature/name.c 第 78 行
物件: clone/board/wizto_b ("/clone/board/wizto_b(0)")
呼叫来自：feature/command.c 的 command_hook() 第 66 行，物件： clone/user/user#1 ("秋水(wangwwh)")
呼叫来自：cmds/std/go.c 的 main() 第 222 行，物件： cmds/std/go ("0(0)")
呼叫来自：feature/move.c 的 move() 第 126 行，物件： clone/user/user#1 ("秋水(wangwwh)")
呼叫来自：feature/command.c 的 command_hook() 第 66 行，物件： clone/user/user#1 ("秋水(wangwwh)")
呼叫来自：cmds/std/look.c 的 main() 第 29 行，物件： cmds/std/look ("0(0)")
呼叫来自：cmds/std/look.c 的 look_room() 第 88 行，物件： cmds/std/look ("0(0)")
呼叫来自：inherit/misc/bboard.c 的 short() 第 46 行，物件： clone/board/wizto_b ("/clone/board/wizto_b(0)")
呼叫来自：feature/name.c 的 short() 第 78 行，物件： clone/board/wizto_b ("/clone/board/wizto_b(0)")
错误
执行时段错误：*Bad argument 1 to capitalize()
Expected: string Got: 0.

程式：feature/name.c 第 78 行
物件: clone/board/wizto_b ("/clone/board/wizto_b(0)")
呼叫来自：feature/command.c 的 command_hook() 第 66 行，物件： clone/user/user#1 ("秋水(wangwwh)")
呼叫来自：cmds/std/look.c 的 main() 第 29 行，物件： cmds/std/look ("0(0)")
呼叫来自：cmds/std/look.c 的 look_room() 第 88 行，物件： cmds/std/look ("0(0)")
呼叫来自：inherit/misc/bboard.c 的 short() 第 46 行，物件： clone/board/wizto_b ("/clone/board/wizto_b(0)")
呼叫来自：feature/name.c 的 short() 第 78 行，物件： clone/board/wizto_b ("/clone/board/wizto_b(0)")
错误
执行时段错误：*Array index out of bounds.

程式：adm/daemons/natured.c 第 696 行
物件: adm/daemons/natured ("0(0)")
呼叫来自：adm/daemons/natured.c 的 treasure_check() 第 696 行，物件： adm/daemons/natured ("0(0)")
错误
执行时段错误：*Array index out of bounds.

程式：adm/daemons/natured.c 第 696 行
物件: adm/daemons/natured ("0(0)")
呼叫来自：adm/daemons/natured.c 的 treasure_check() 第 696 行，物件： adm/daemons/natured ("0(0)")

<---Mudos v22pre11 for WIN95/NT (by wwj,May 18 1998) Config:仙剑狂侠 2000  startup at Fri Oct 05 13:52:00 2001

using config file: config.sj
----------------------------------------------------------------------------
仙剑狂侠 2000  (MudOS v22pre11) starting up on Microsoft Windows 95 - Fri Oct 05 13:52:00 2001


Can't find "mudos", ignoring old binaries.
Try invoking the driver using the full pathname.
System Error: init_addr_server: connect:unknow error 10061
]simul_efun loaded successfully.

Loading preloaded files ...
错误讯息被拦截: 
执行时段错误：*Error in loading object '/adm/daemons/network/dns_master'

程式：adm/single/master.c 第 105 行
物件: adm/single/master ("0(0)")
呼叫来自：adm/single/master.c 的 preload() 第 105 行，物件： adm/single/master ("0(0)")
呼叫来自：adm/single/master.c 的 CATCH() 第 105 行，物件： adm/single/master ("0(0)")
Initializations complete.

Accepting connections on port 5555.
Initializing internal tables....

<---Mudos v22pre11 for WIN95/NT (by wwj,May 18 1998) Config:仙剑狂侠 2000  startup at Fri Nov 09 08:14:46 2001

using config file: config.sj
----------------------------------------------------------------------------
仙剑狂侠 2000  (MudOS v22pre11) starting up on Microsoft Windows 95 - Fri Nov 09 08:14:46 2001


Can't find "mudos", ignoring old binaries.
Try invoking the driver using the full pathname.
System Error: init_addr_server: connect:unknow error 10061
]simul_efun loaded successfully.

Loading preloaded files ...
错误讯息被拦截: 
执行时段错误：*Error in loading object '/adm/daemons/network/dns_master'

程式：adm/single/master.c 第 105 行
物件: adm/single/master ("0(0)")
呼叫来自：adm/single/master.c 的 preload() 第 105 行，物件： adm/single/master ("0(0)")
呼叫来自：adm/single/master.c 的 CATCH() 第 105 行，物件： adm/single/master ("0(0)")
Initializations complete.

Accepting connections on port 5555.
Initializing internal tables....

<---Mudos v22pre11 for WIN95/NT (by wwj,May 18 1998) Config:仙剑狂侠 2000  startup at Thu Jul 20 21:00:02 2000

using config file: config.sj
----------------------------------------------------------------------------
仙剑狂侠 2000  (MudOS v22pre11) starting up on Microsoft Windows 95 - Thu Jul 20 21:00:02 2000


Can't find "mudos", ignoring old binaries.
Try invoking the driver using the full pathname.
System Error: init_addr_server: connect:unknow error 10061
]simul_efun loaded successfully.

Loading preloaded files ...
错误讯息被拦截: 
执行时段错误：*Error in loading object '/adm/daemons/network/dns_master'

程式：adm/single/master.c 第 105 行
物件: adm/single/master ("0(0)")
呼叫来自：adm/single/master.c 的 preload() 第 105 行，物件： adm/single/master ("0(0)")
呼叫来自：adm/single/master.c 的 CATCH() 第 105 行，物件： adm/single/master ("0(0)")
Initializations complete.

Accepting connections on port 5555.
Initializing internal tables....

<---Mudos v22pre11 for WIN95/NT (by wwj,May 18 1998) Config:仙剑狂侠 2000  startup at Sat Dec 01 21:39:32 2001

using config file: config.sj
----------------------------------------------------------------------------
仙剑狂侠 2000  (MudOS v22pre11) starting up on Microsoft Windows 95 - Sat Dec 01 21:39:32 2001


Can't find "mudos", ignoring old binaries.
Try invoking the driver using the full pathname.
System Error: init_addr_server: connect:unknow error 10061
]simul_efun loaded successfully.

Loading preloaded files ...
Initializing internal tables....

<---Mudos v22pre11 for WIN95/NT (by wwj,May 18 1998) Config:仙剑狂侠 2000  startup at Tue Dec 04 21:25:06 2001

using config file: config.sj
----------------------------------------------------------------------------
仙剑狂侠 2000  (MudOS v22pre11) starting up on Microsoft Windows 95 - Tue Dec 04 21:25:06 2001


Can't find "mudos", ignoring old binaries.
Try invoking the driver using the full pathname.
System Error: init_addr_server: connect:unknow error 10061
]simul_efun loaded successfully.

Loading preloaded files ...
错误讯息被拦截: 
执行时段错误：*Error in loading object '/adm/daemons/network/dns_master'

程式：adm/single/master.c 第 105 行
物件: adm/single/master ("0(0)")
呼叫来自：adm/single/master.c 的 preload() 第 105 行，物件： adm/single/master ("0(0)")
呼叫来自：adm/single/master.c 的 CATCH() 第 105 行，物件： adm/single/master ("0(0)")
Initializations complete.

Accepting connections on port 5555.
错误
执行时段错误：*restore_object(): Illegal file format.

程式：feature/save.c 第 19 行
物件: clone/board/news_b ("/clone/board/news_b(0)")
呼叫来自：adm/daemons/logind.c 的 check_news() 第 690 行，物件： adm/daemons/logind ("0(0)")
呼叫来自：clone/board/news_b.c 的 create() 第 12 行，物件： clone/board/news_b ("/clone/board/news_b(0)")
呼叫来自：inherit/misc/bboard.c 的 setup() 第 20 行，物件： clone/board/news_b ("/clone/board/news_b(0)")
呼叫来自：feature/save.c 的 restore() 第 19 行，物件： clone/board/news_b ("/clone/board/news_b(0)")
错误
执行时段错误：*Bad argument 1 to call_other()
Expected: string or array or object Got: 0.

程式：adm/single/simul_efun.c 第 89 行
物件: adm/single/simul_efun ("0(0)")
呼叫来自：feature/command.c 的 command_hook() 第 66 行，物件： clone/user/user#1 ("秋水(wangwwh)")
呼叫来自：cmds/std/go.c 的 main() 第 96 行，物件： cmds/std/go ("0(0)")
呼叫来自：d/city/kedian.c 的 create() 第 33 行，物件： d/city/kedian ("0(0)")
呼叫来自：inherit/room/room.c 的 setup() 第 214 行，物件： d/city/kedian ("0(0)")
呼叫来自：inherit/room/room.c 的 reset() 第 66 行，物件： d/city/kedian ("0(0)")
呼叫来自：inherit/room/room.c 的 make_inventory() 第 20 行，物件： d/city/kedian ("0(0)")
呼叫来自：adm/single/simul_efun.c 的 unew() 第 89 行，物件： adm/single/simul_efun ("0(0)")
错误
执行时段错误：*Inherited file '/d/city/npc/gaibang_npc' does not exist!

程式：adm/single/simul_efun.c 第 88 行
物件: adm/single/simul_efun ("0(0)")
呼叫来自：feature/command.c 的 command_hook() 第 66 行，物件： clone/user/user#1 ("秋水(wangwwh)")
呼叫来自：cmds/std/go.c 的 main() 第 96 行，物件： cmds/std/go ("0(0)")
呼叫来自：d/city/dongdajie2.c 的 create() 第 28 行，物件： d/city/dongdajie2 ("0(0)")
呼叫来自：inherit/room/room.c 的 setup() 第 214 行，物件： d/city/dongdajie2 ("0(0)")
呼叫来自：inherit/room/room.c 的 reset() 第 66 行，物件： d/city/dongdajie2 ("0(0)")
呼叫来自：inherit/room/room.c 的 make_inventory() 第 20 行，物件： d/city/dongdajie2 ("0(0)")
呼叫来自：adm/single/simul_efun.c 的 unew() 第 88 行，物件： adm/single/simul_efun ("0(0)")
错误
执行时段错误：*restore_object(): Illegal file format.

程式：feature/save.c 第 19 行
物件: clone/board/towiz_b ("/clone/board/towiz_b(0)")
呼叫来自：feature/command.c 的 command_hook() 第 66 行，物件： clone/user/user#1 ("秋水(wangwwh)")
呼叫来自：cmds/std/go.c 的 main() 第 96 行，物件： cmds/std/go ("0(0)")
呼叫来自：d/city/yamen.c 的 create() 第 26 行，物件： d/city/yamen ("0(0)")
呼叫来自：clone/board/towiz_b.c 的 create() 第 11 行，物件： clone/board/towiz_b ("/clone/board/towiz_b(0)")
呼叫来自：inherit/misc/bboard.c 的 setup() 第 20 行，物件： clone/board/towiz_b ("/clone/board/towiz_b(0)")
呼叫来自：feature/save.c 的 restore() 第 19 行，物件： clone/board/towiz_b ("/clone/board/towiz_b(0)")
错误
执行时段错误：*Bad argument 1 to capitalize()
Expected: string Got: 0.

程式：feature/name.c 第 78 行
物件: clone/board/towiz_b ("/clone/board/towiz_b(0)")
呼叫来自：feature/command.c 的 command_hook() 第 66 行，物件： clone/user/user#1 ("秋水(wangwwh)")
呼叫来自：cmds/std/go.c 的 main() 第 222 行，物件： cmds/std/go ("0(0)")
呼叫来自：feature/move.c 的 move() 第 126 行，物件： clone/user/user#1 ("秋水(wangwwh)")
呼叫来自：feature/command.c 的 command_hook() 第 66 行，物件： clone/user/user#1 ("秋水(wangwwh)")
呼叫来自：cmds/std/look.c 的 main() 第 29 行，物件： cmds/std/look ("0(0)")
呼叫来自：cmds/std/look.c 的 look_room() 第 88 行，物件： cmds/std/look ("0(0)")
呼叫来自：inherit/misc/bboard.c 的 short() 第 46 行，物件： clone/board/towiz_b ("/clone/board/towiz_b(0)")
呼叫来自：feature/name.c 的 short() 第 78 行，物件： clone/board/towiz_b ("/clone/board/towiz_b(0)")
错误
执行时段错误：*Bad argument 1 to capitalize()
Expected: string Got: 0.

程式：feature/name.c 第 78 行
物件: clone/board/towiz_b ("/clone/board/towiz_b(0)")
呼叫来自：feature/command.c 的 command_hook() 第 66 行，物件： clone/user/user#1 ("秋水(wangwwh)")
呼叫来自：cmds/std/look.c 的 main() 第 29 行，物件： cmds/std/look ("0(0)")
呼叫来自：cmds/std/look.c 的 look_room() 第 88 行，物件： cmds/std/look ("0(0)")
呼叫来自：inherit/misc/bboard.c 的 short() 第 46 行，物件： clone/board/towiz_b ("/clone/board/towiz_b(0)")
呼叫来自：feature/name.c 的 short() 第 78 行，物件： clone/board/towiz_b ("/clone/board/towiz_b(0)")
错误
执行时段错误：*Bad argument 1 to capitalize()
Expected: string Got: 0.

程式：feature/name.c 第 78 行
物件: clone/board/towiz_b ("/clone/board/towiz_b(0)")
呼叫来自：feature/command.c 的 command_hook() 第 66 行，物件： clone/user/user#1 ("秋水(wangwwh)")
呼叫来自：cmds/std/look.c 的 main() 第 29 行，物件： cmds/std/look ("0(0)")
呼叫来自：cmds/std/look.c 的 look_room() 第 88 行，物件： cmds/std/look ("0(0)")
呼叫来自：inherit/misc/bboard.c 的 short() 第 46 行，物件： clone/board/towiz_b ("/clone/board/towiz_b(0)")
呼叫来自：feature/name.c 的 short() 第 78 行，物件： clone/board/towiz_b ("/clone/board/towiz_b(0)")
错误
执行时段错误：*Bad argument 1 to capitalize()
Expected: string Got: 0.

程式：feature/name.c 第 78 行
物件: clone/board/towiz_b ("/clone/board/towiz_b(0)")
呼叫来自：feature/command.c 的 command_hook() 第 66 行，物件： clone/user/user#1 ("秋水(wangwwh)")
呼叫来自：cmds/std/look.c 的 main() 第 29 行，物件： cmds/std/look ("0(0)")
呼叫来自：cmds/std/look.c 的 look_room() 第 88 行，物件： cmds/std/look ("0(0)")
呼叫来自：inherit/misc/bboard.c 的 short() 第 46 行，物件： clone/board/towiz_b ("/clone/board/towiz_b(0)")
呼叫来自：feature/name.c 的 short() 第 78 行，物件： clone/board/towiz_b ("/clone/board/towiz_b(0)")
错误
执行时段错误：*Array index out of bounds.

程式：adm/daemons/natured.c 第 696 行
物件: adm/daemons/natured ("0(0)")
呼叫来自：adm/daemons/natured.c 的 treasure_check() 第 696 行，物件： adm/daemons/natured ("0(0)")
错误
执行时段错误：*restore_object(): Illegal file format.

程式：feature/save.c 第 19 行
物件: clone/board/wizto_b ("/clone/board/wizto_b(0)")
呼叫来自：inherit/char/char.c 的 heart_beat() 第 116 行，物件： d/quanzhen/npc/youfang#36 ("游方道人(youfang daoren)")
呼叫来自：inherit/char/npc.c 的 chat() 第 140 行，物件： d/quanzhen/npc/youfang#36 ("游方道人(youfang daoren)")
呼叫来自：<function> 的 <function>() 第 0 行，物件： d/quanzhen/npc/youfang#36 ("游方道人(youfang daoren)")
呼叫来自：inherit/char/npc.c 的 random_move() 第 160 行，物件： d/quanzhen/npc/youfang#36 ("游方道人(youfang daoren)")
呼叫来自：feature/command.c 的 command_hook() 第 66 行，物件： d/quanzhen/npc/youfang#36 ("游方道人(youfang daoren)")
呼叫来自：cmds/std/go.c 的 main() 第 96 行，物件： cmds/std/go ("0(0)")
呼叫来自：d/city/chmiao.c 的 create() 第 25 行，物件： d/city/chmiao ("0(0)")
呼叫来自：clone/board/wizto_b.c 的 create() 第 11 行，物件： clone/board/wizto_b ("/clone/board/wizto_b(0)")
呼叫来自：inherit/misc/bboard.c 的 setup() 第 20 行，物件： clone/board/wizto_b ("/clone/board/wizto_b(0)")
呼叫来自：feature/save.c 的 restore() 第 19 行，物件： clone/board/wizto_b ("/clone/board/wizto_b(0)")
Heart beat in d/quanzhen/npc/youfang#36 turned off.
错误
执行时段错误：*Array index out of bounds.

程式：adm/daemons/natured.c 第 696 行
物件: adm/daemons/natured ("0(0)")
呼叫来自：adm/daemons/natured.c 的 treasure_check() 第 696 行，物件： adm/daemons/natured ("0(0)")
错误
执行时段错误：*Array index out of bounds.

程式：adm/daemons/natured.c 第 696 行
物件: adm/daemons/natured ("0(0)")
呼叫来自：adm/daemons/natured.c 的 treasure_check() 第 696 行，物件： adm/daemons/natured ("0(0)")
错误
执行时段错误：*restore_object(): Illegal file format.

程式：feature/save.c 第 19 行
物件: clone/board/yuelao_b ("/clone/board/yuelao_b(0)")
呼叫来自：d/city/npc/xunbu.c 的 randommove() 第 149 行，物件： d/city/npc/xunbu#40 ("巡捕(xunbu)")
呼叫来自：inherit/char/npc.c 的 random_move() 第 160 行，物件： d/city/npc/xunbu#40 ("巡捕(xunbu)")
呼叫来自：feature/command.c 的 command_hook() 第 66 行，物件： d/city/npc/xunbu#40 ("巡捕(xunbu)")
呼叫来自：cmds/std/go.c 的 main() 第 96 行，物件： cmds/std/go ("0(0)")
呼叫来自：d/city/yuelaoting.c 的 create() 第 29 行，物件： d/city/yuelaoting ("0(0)")
呼叫来自：clone/board/yuelao_b.c 的 create() 第 11 行，物件： clone/board/yuelao_b ("/clone/board/yuelao_b(0)")
呼叫来自：inherit/misc/bboard.c 的 setup() 第 20 行，物件： clone/board/yuelao_b ("/clone/board/yuelao_b(0)")
呼叫来自：feature/save.c 的 restore() 第 19 行，物件： clone/board/yuelao_b ("/clone/board/yuelao_b(0)")
错误
执行时段错误：*Array index out of bounds.

程式：adm/daemons/natured.c 第 696 行
物件: adm/daemons/natured ("0(0)")
呼叫来自：adm/daemons/natured.c 的 treasure_check() 第 696 行，物件： adm/daemons/natured ("0(0)")
Initializing internal tables....

<---Mudos v22pre11 for WIN95/NT (by wwj,May 18 1998) Config:仙剑狂侠 2000  startup at Sat Feb 16 10:31:00 2002

using config file: config.sj
----------------------------------------------------------------------------
仙剑狂侠 2000  (MudOS v22pre11) starting up on Microsoft Windows 95 - Sat Feb 16 10:31:00 2002


Can't find "mudos", ignoring old binaries.
Try invoking the driver using the full pathname.
System Error: init_addr_server: connect:unknow error 10061
]simul_efun loaded successfully.

Loading preloaded files ...
错误讯息被拦截: 
执行时段错误：*Error in loading object '/adm/daemons/network/dns_master'

程式：adm/single/master.c 第 105 行
物件: adm/single/master ("0(0)")
呼叫来自：adm/single/master.c 的 preload() 第 105 行，物件： adm/single/master ("0(0)")
呼叫来自：adm/single/master.c 的 CATCH() 第 105 行，物件： adm/single/master ("0(0)")
Initializations complete.

Accepting connections on port 5555.
Initializing internal tables....

<---Mudos v22pre11 for WIN95/NT (by wwj,May 18 1998) Config:仙剑狂侠 2000  startup at Sat Feb 16 10:31:23 2002

using config file: config.sj
----------------------------------------------------------------------------
仙剑狂侠 2000  (MudOS v22pre11) starting up on Microsoft Windows 95 - Sat Feb 16 10:31:23 2002


Can't find "mudos", ignoring old binaries.
Try invoking the driver using the full pathname.
System Error: init_addr_server: connect:unknow error 10061
]simul_efun loaded successfully.

Loading preloaded files ...
错误讯息被拦截: 
执行时段错误：*Error in loading object '/adm/daemons/network/dns_master'

程式：adm/single/master.c 第 105 行
物件: adm/single/master ("0(0)")
呼叫来自：adm/single/master.c 的 preload() 第 105 行，物件： adm/single/master ("0(0)")
呼叫来自：adm/single/master.c 的 CATCH() 第 105 行，物件： adm/single/master ("0(0)")
Initializations complete.

Accepting connections on port 5555.
错误
执行时段错误：*restore_object(): Illegal file format.

程式：feature/save.c 第 19 行
物件: clone/board/news_b ("/clone/board/news_b(0)")
呼叫来自：adm/daemons/logind.c 的 check_news() 第 690 行，物件： adm/daemons/logind ("0(0)")
呼叫来自：clone/board/news_b.c 的 create() 第 12 行，物件： clone/board/news_b ("/clone/board/news_b(0)")
呼叫来自：inherit/misc/bboard.c 的 setup() 第 20 行，物件： clone/board/news_b ("/clone/board/news_b(0)")
呼叫来自：feature/save.c 的 restore() 第 19 行，物件： clone/board/news_b ("/clone/board/news_b(0)")
错误
执行时段错误：*Bad argument 1 to call_other()
Expected: string or array or object Got: 0.

程式：adm/single/simul_efun.c 第 89 行
物件: adm/single/simul_efun ("0(0)")
呼叫来自：feature/command.c 的 command_hook() 第 66 行，物件： clone/user/user#1 ("秋水(wangwwh)")
呼叫来自：cmds/std/go.c 的 main() 第 96 行，物件： cmds/std/go ("0(0)")
呼叫来自：d/city/kedian.c 的 create() 第 33 行，物件： d/city/kedian ("0(0)")
呼叫来自：inherit/room/room.c 的 setup() 第 214 行，物件： d/city/kedian ("0(0)")
呼叫来自：inherit/room/room.c 的 reset() 第 66 行，物件： d/city/kedian ("0(0)")
呼叫来自：inherit/room/room.c 的 make_inventory() 第 20 行，物件： d/city/kedian ("0(0)")
呼叫来自：adm/single/simul_efun.c 的 unew() 第 89 行，物件： adm/single/simul_efun ("0(0)")
错误
执行时段错误：*Array index out of bounds.

程式：adm/daemons/natured.c 第 696 行
物件: adm/daemons/natured ("0(0)")
呼叫来自：adm/daemons/natured.c 的 treasure_check() 第 696 行，物件： adm/daemons/natured ("0(0)")
错误
执行时段错误：*restore_object(): Illegal file format.

程式：feature/save.c 第 19 行
物件: clone/board/wizto_b ("/clone/board/wizto_b(0)")
呼叫来自：feature/command.c 的 command_hook() 第 66 行，物件： clone/user/user#1 ("秋水(wangwwh)")
呼叫来自：cmds/std/go.c 的 main() 第 96 行，物件： cmds/std/go ("0(0)")
呼叫来自：d/city/chmiao.c 的 create() 第 25 行，物件： d/city/chmiao ("0(0)")
呼叫来自：clone/board/wizto_b.c 的 create() 第 11 行，物件： clone/board/wizto_b ("/clone/board/wizto_b(0)")
呼叫来自：inherit/misc/bboard.c 的 setup() 第 20 行，物件： clone/board/wizto_b ("/clone/board/wizto_b(0)")
呼叫来自：feature/save.c 的 restore() 第 19 行，物件： clone/board/wizto_b ("/clone/board/wizto_b(0)")
错误
执行时段错误：*Bad argument 1 to capitalize()
Expected: string Got: 0.

程式：feature/name.c 第 78 行
物件: clone/board/wizto_b ("/clone/board/wizto_b(0)")
呼叫来自：feature/command.c 的 command_hook() 第 66 行，物件： clone/user/user#1 ("秋水(wangwwh)")
呼叫来自：cmds/std/go.c 的 main() 第 222 行，物件： cmds/std/go ("0(0)")
呼叫来自：feature/move.c 的 move() 第 126 行，物件： clone/user/user#1 ("秋水(wangwwh)")
呼叫来自：feature/command.c 的 command_hook() 第 66 行，物件： clone/user/user#1 ("秋水(wangwwh)")
呼叫来自：cmds/std/look.c 的 main() 第 29 行，物件： cmds/std/look ("0(0)")
呼叫来自：cmds/std/look.c 的 look_room() 第 88 行，物件： cmds/std/look ("0(0)")
呼叫来自：inherit/misc/bboard.c 的 short() 第 46 行，物件： clone/board/wizto_b ("/clone/board/wizto_b(0)")
呼叫来自：feature/name.c 的 short() 第 78 行，物件： clone/board/wizto_b ("/clone/board/wizto_b(0)")
错误
执行时段错误：*Bad argument 1 to capitalize()
Expected: string Got: 0.

程式：feature/name.c 第 78 行
物件: clone/board/wizto_b ("/clone/board/wizto_b(0)")
呼叫来自：feature/command.c 的 command_hook() 第 66 行，物件： clone/user/user#1 ("秋水(wangwwh)")
呼叫来自：cmds/std/look.c 的 main() 第 29 行，物件： cmds/std/look ("0(0)")
呼叫来自：cmds/std/look.c 的 look_room() 第 88 行，物件： cmds/std/look ("0(0)")
呼叫来自：inherit/misc/bboard.c 的 short() 第 46 行，物件： clone/board/wizto_b ("/clone/board/wizto_b(0)")
呼叫来自：feature/name.c 的 short() 第 78 行，物件： clone/board/wizto_b ("/clone/board/wizto_b(0)")
错误
执行时段错误：*Bad argument 1 to capitalize()
Expected: string Got: 0.

程式：feature/name.c 第 78 行
物件: clone/board/wizto_b ("/clone/board/wizto_b(0)")
呼叫来自：feature/command.c 的 command_hook() 第 66 行，物件： clone/user/user#1 ("秋水(wangwwh)")
呼叫来自：cmds/std/look.c 的 main() 第 29 行，物件： cmds/std/look ("0(0)")
呼叫来自：cmds/std/look.c 的 look_room() 第 88 行，物件： cmds/std/look ("0(0)")
呼叫来自：inherit/misc/bboard.c 的 short() 第 46 行，物件： clone/board/wizto_b ("/clone/board/wizto_b(0)")
呼叫来自：feature/name.c 的 short() 第 78 行，物件： clone/board/wizto_b ("/clone/board/wizto_b(0)")
错误
执行时段错误：*Bad argument 1 to capitalize()
Expected: string Got: 0.

程式：feature/name.c 第 78 行
物件: clone/board/wizto_b ("/clone/board/wizto_b(0)")
呼叫来自：feature/command.c 的 command_hook() 第 66 行，物件： clone/user/user#1 ("秋水(wangwwh)")
呼叫来自：cmds/std/look.c 的 main() 第 29 行，物件： cmds/std/look ("0(0)")
呼叫来自：cmds/std/look.c 的 look_room() 第 88 行，物件： cmds/std/look ("0(0)")
呼叫来自：inherit/misc/bboard.c 的 short() 第 46 行，物件： clone/board/wizto_b ("/clone/board/wizto_b(0)")
呼叫来自：feature/name.c 的 short() 第 78 行，物件： clone/board/wizto_b ("/clone/board/wizto_b(0)")
错误
执行时段错误：*Bad argument 1 to capitalize()
Expected: string Got: 0.

程式：feature/name.c 第 78 行
物件: clone/board/wizto_b ("/clone/board/wizto_b(0)")
呼叫来自：feature/command.c 的 command_hook() 第 66 行，物件： clone/user/user#1 ("秋水(wangwwh)")
呼叫来自：cmds/std/go.c 的 main() 第 222 行，物件： cmds/std/go ("0(0)")
呼叫来自：feature/move.c 的 move() 第 126 行，物件： clone/user/user#1 ("秋水(wangwwh)")
呼叫来自：feature/command.c 的 command_hook() 第 66 行，物件： clone/user/user#1 ("秋水(wangwwh)")
呼叫来自：cmds/std/look.c 的 main() 第 29 行，物件： cmds/std/look ("0(0)")
呼叫来自：cmds/std/look.c 的 look_room() 第 88 行，物件： cmds/std/look ("0(0)")
呼叫来自：inherit/misc/bboard.c 的 short() 第 46 行，物件： clone/board/wizto_b ("/clone/board/wizto_b(0)")
呼叫来自：feature/name.c 的 short() 第 78 行，物件： clone/board/wizto_b ("/clone/board/wizto_b(0)")
错误
执行时段错误：*Bad argument 1 to capitalize()
Expected: string Got: 0.

程式：feature/name.c 第 78 行
物件: clone/board/wizto_b ("/clone/board/wizto_b(0)")
呼叫来自：feature/command.c 的 command_hook() 第 66 行，物件： clone/user/user#1 ("秋水(wangwwh)")
呼叫来自：cmds/std/look.c 的 main() 第 29 行，物件： cmds/std/look ("0(0)")
呼叫来自：cmds/std/look.c 的 look_room() 第 88 行，物件： cmds/std/look ("0(0)")
呼叫来自：inherit/misc/bboard.c 的 short() 第 46 行，物件： clone/board/wizto_b ("/clone/board/wizto_b(0)")
呼叫来自：feature/name.c 的 short() 第 78 行，物件： clone/board/wizto_b ("/clone/board/wizto_b(0)")
错误
执行时段错误：*Bad argument 1 to capitalize()
Expected: string Got: 0.

程式：feature/name.c 第 78 行
物件: clone/board/wizto_b ("/clone/board/wizto_b(0)")
呼叫来自：feature/command.c 的 command_hook() 第 66 行，物件： clone/user/user#1 ("秋水(wangwwh)")
呼叫来自：cmds/std/go.c 的 main() 第 222 行，物件： cmds/std/go ("0(0)")
呼叫来自：feature/move.c 的 move() 第 126 行，物件： clone/user/user#1 ("秋水(wangwwh)")
呼叫来自：feature/command.c 的 command_hook() 第 66 行，物件： clone/user/user#1 ("秋水(wangwwh)")
呼叫来自：cmds/std/look.c 的 main() 第 29 行，物件： cmds/std/look ("0(0)")
呼叫来自：cmds/std/look.c 的 look_room() 第 88 行，物件： cmds/std/look ("0(0)")
呼叫来自：inherit/misc/bboard.c 的 short() 第 46 行，物件： clone/board/wizto_b ("/clone/board/wizto_b(0)")
呼叫来自：feature/name.c 的 short() 第 78 行，物件： clone/board/wizto_b ("/clone/board/wizto_b(0)")
错误
执行时段错误：*Inherited file '/d/city/npc/gaibang_npc' does not exist!

程式：adm/single/simul_efun.c 第 88 行
物件: adm/single/simul_efun ("0(0)")
呼叫来自：feature/command.c 的 command_hook() 第 66 行，物件： clone/user/user#1 ("秋水(wangwwh)")
呼叫来自：cmds/std/go.c 的 main() 第 96 行，物件： cmds/std/go ("0(0)")
呼叫来自：d/city/dongdajie2.c 的 create() 第 28 行，物件： d/city/dongdajie2 ("0(0)")
呼叫来自：inherit/room/room.c 的 setup() 第 214 行，物件： d/city/dongdajie2 ("0(0)")
呼叫来自：inherit/room/room.c 的 reset() 第 66 行，物件： d/city/dongdajie2 ("0(0)")
呼叫来自：inherit/room/room.c 的 make_inventory() 第 20 行，物件： d/city/dongdajie2 ("0(0)")
呼叫来自：adm/single/simul_efun.c 的 unew() 第 88 行，物件： adm/single/simul_efun ("0(0)")
错误
执行时段错误：*Array index out of bounds.

程式：adm/daemons/natured.c 第 696 行
物件: adm/daemons/natured ("0(0)")
呼叫来自：adm/daemons/natured.c 的 treasure_check() 第 696 行，物件： adm/daemons/natured ("0(0)")
Initializing internal tables....

<---Mudos v22pre11 for WIN95/NT (by wwj,May 18 1998) Config:仙剑狂侠 2000  startup at Sun Mar 24 19:23:53 2002

using config file: config.sj
----------------------------------------------------------------------------
仙剑狂侠 2000  (MudOS v22pre11) starting up on Microsoft Windows 95 - Sun Mar 24 19:23:54 2002


Can't find "mudos", ignoring old binaries.
Try invoking the driver using the full pathname.
System Error: init_addr_server: connect:unknow error 10061
]simul_efun loaded successfully.

Loading preloaded files ...
错误讯息被拦截: 
执行时段错误：*Error in loading object '/adm/daemons/network/dns_master'

程式：adm/single/master.c 第 105 行
物件: adm/single/master ("0(0)")
呼叫来自：adm/single/master.c 的 preload() 第 105 行，物件： adm/single/master ("0(0)")
呼叫来自：adm/single/master.c 的 CATCH() 第 105 行，物件： adm/single/master ("0(0)")
Initializations complete.

Accepting connections on port 5555.
错误
执行时段错误：*restore_object(): Illegal file format.

程式：feature/save.c 第 19 行
物件: clone/board/news_b ("/clone/board/news_b(0)")
呼叫来自：adm/daemons/logind.c 的 check_news() 第 690 行，物件： adm/daemons/logind ("0(0)")
呼叫来自：clone/board/news_b.c 的 create() 第 12 行，物件： clone/board/news_b ("/clone/board/news_b(0)")
呼叫来自：inherit/misc/bboard.c 的 setup() 第 20 行，物件： clone/board/news_b ("/clone/board/news_b(0)")
呼叫来自：feature/save.c 的 restore() 第 19 行，物件： clone/board/news_b ("/clone/board/news_b(0)")
错误
执行时段错误：*Bad argument 1 to call_other()
Expected: string or array or object Got: 0.

程式：adm/single/simul_efun.c 第 89 行
物件: adm/single/simul_efun ("0(0)")
呼叫来自：feature/command.c 的 command_hook() 第 66 行，物件： clone/user/user#1 ("秋水(wangwwh)")
呼叫来自：cmds/std/go.c 的 main() 第 96 行，物件： cmds/std/go ("0(0)")
呼叫来自：d/city/kedian.c 的 create() 第 33 行，物件： d/city/kedian ("0(0)")
呼叫来自：inherit/room/room.c 的 setup() 第 214 行，物件： d/city/kedian ("0(0)")
呼叫来自：inherit/room/room.c 的 reset() 第 66 行，物件： d/city/kedian ("0(0)")
呼叫来自：inherit/room/room.c 的 make_inventory() 第 20 行，物件： d/city/kedian ("0(0)")
呼叫来自：adm/single/simul_efun.c 的 unew() 第 89 行，物件： adm/single/simul_efun ("0(0)")
错误
执行时段错误：*restore_object(): Illegal file format.

程式：feature/save.c 第 19 行
物件: clone/board/wizto_b ("/clone/board/wizto_b(0)")
呼叫来自：feature/command.c 的 command_hook() 第 66 行，物件： clone/user/user#1 ("秋水(wangwwh)")
呼叫来自：cmds/std/go.c 的 main() 第 96 行，物件： cmds/std/go ("0(0)")
呼叫来自：d/city/chmiao.c 的 create() 第 25 行，物件： d/city/chmiao ("0(0)")
呼叫来自：clone/board/wizto_b.c 的 create() 第 11 行，物件： clone/board/wizto_b ("/clone/board/wizto_b(0)")
呼叫来自：inherit/misc/bboard.c 的 setup() 第 20 行，物件： clone/board/wizto_b ("/clone/board/wizto_b(0)")
呼叫来自：feature/save.c 的 restore() 第 19 行，物件： clone/board/wizto_b ("/clone/board/wizto_b(0)")
错误
执行时段错误：*Bad argument 1 to capitalize()
Expected: string Got: 0.

程式：feature/name.c 第 78 行
物件: clone/board/wizto_b ("/clone/board/wizto_b(0)")
呼叫来自：feature/command.c 的 command_hook() 第 66 行，物件： clone/user/user#1 ("秋水(wangwwh)")
呼叫来自：cmds/std/go.c 的 main() 第 222 行，物件： cmds/std/go ("0(0)")
呼叫来自：feature/move.c 的 move() 第 126 行，物件： clone/user/user#1 ("秋水(wangwwh)")
呼叫来自：feature/command.c 的 command_hook() 第 66 行，物件： clone/user/user#1 ("秋水(wangwwh)")
呼叫来自：cmds/std/look.c 的 main() 第 29 行，物件： cmds/std/look ("0(0)")
呼叫来自：cmds/std/look.c 的 look_room() 第 88 行，物件： cmds/std/look ("0(0)")
呼叫来自：inherit/misc/bboard.c 的 short() 第 46 行，物件： clone/board/wizto_b ("/clone/board/wizto_b(0)")
呼叫来自：feature/name.c 的 short() 第 78 行，物件： clone/board/wizto_b ("/clone/board/wizto_b(0)")
错误
执行时段错误：*Bad argument 1 to capitalize()
Expected: string Got: 0.

程式：feature/name.c 第 78 行
物件: clone/board/wizto_b ("/clone/board/wizto_b(0)")
呼叫来自：feature/command.c 的 command_hook() 第 66 行，物件： clone/user/user#1 ("秋水(wangwwh)")
呼叫来自：cmds/std/look.c 的 main() 第 29 行，物件： cmds/std/look ("0(0)")
呼叫来自：cmds/std/look.c 的 look_room() 第 88 行，物件： cmds/std/look ("0(0)")
呼叫来自：inherit/misc/bboard.c 的 short() 第 46 行，物件： clone/board/wizto_b ("/clone/board/wizto_b(0)")
呼叫来自：feature/name.c 的 short() 第 78 行，物件： clone/board/wizto_b ("/clone/board/wizto_b(0)")
错误
执行时段错误：*Bad argument 1 to capitalize()
Expected: string Got: 0.

程式：feature/name.c 第 78 行
物件: clone/board/wizto_b ("/clone/board/wizto_b(0)")
呼叫来自：feature/command.c 的 command_hook() 第 66 行，物件： clone/user/user#1 ("秋水(wangwwh)")
呼叫来自：cmds/std/look.c 的 main() 第 29 行，物件： cmds/std/look ("0(0)")
呼叫来自：cmds/std/look.c 的 look_room() 第 88 行，物件： cmds/std/look ("0(0)")
呼叫来自：inherit/misc/bboard.c 的 short() 第 46 行，物件： clone/board/wizto_b ("/clone/board/wizto_b(0)")
呼叫来自：feature/name.c 的 short() 第 78 行，物件： clone/board/wizto_b ("/clone/board/wizto_b(0)")
错误
执行时段错误：*Bad argument 1 to capitalize()
Expected: string Got: 0.

程式：feature/name.c 第 78 行
物件: clone/board/wizto_b ("/clone/board/wizto_b(0)")
呼叫来自：feature/command.c 的 command_hook() 第 66 行，物件： clone/user/user#1 ("秋水(wangwwh)")
呼叫来自：cmds/std/go.c 的 main() 第 222 行，物件： cmds/std/go ("0(0)")
呼叫来自：feature/move.c 的 move() 第 126 行，物件： clone/user/user#1 ("秋水(wangwwh)")
呼叫来自：feature/command.c 的 command_hook() 第 66 行，物件： clone/user/user#1 ("秋水(wangwwh)")
呼叫来自：cmds/std/look.c 的 main() 第 29 行，物件： cmds/std/look ("0(0)")
呼叫来自：cmds/std/look.c 的 look_room() 第 88 行，物件： cmds/std/look ("0(0)")
呼叫来自：inherit/misc/bboard.c 的 short() 第 46 行，物件： clone/board/wizto_b ("/clone/board/wizto_b(0)")
呼叫来自：feature/name.c 的 short() 第 78 行，物件： clone/board/wizto_b ("/clone/board/wizto_b(0)")
错误
执行时段错误：*Bad argument 1 to capitalize()
Expected: string Got: 0.

程式：feature/name.c 第 78 行
物件: clone/board/wizto_b ("/clone/board/wizto_b(0)")
呼叫来自：feature/command.c 的 command_hook() 第 66 行，物件： clone/user/user#1 ("秋水(wangwwh)")
呼叫来自：cmds/std/look.c 的 main() 第 29 行，物件： cmds/std/look ("0(0)")
呼叫来自：cmds/std/look.c 的 look_room() 第 88 行，物件： cmds/std/look ("0(0)")
呼叫来自：inherit/misc/bboard.c 的 short() 第 46 行，物件： clone/board/wizto_b ("/clone/board/wizto_b(0)")
呼叫来自：feature/name.c 的 short() 第 78 行，物件： clone/board/wizto_b ("/clone/board/wizto_b(0)")
错误
执行时段错误：*Array index out of bounds.

程式：adm/daemons/natured.c 第 696 行
物件: adm/daemons/natured ("0(0)")
呼叫来自：adm/daemons/natured.c 的 treasure_check() 第 696 行，物件： adm/daemons/natured ("0(0)")
错误
执行时段错误：*Inherited file '/d/city/npc/gaibang_npc' does not exist!

程式：adm/single/simul_efun.c 第 88 行
物件: adm/single/simul_efun ("0(0)")
呼叫来自：inherit/char/char.c 的 heart_beat() 第 116 行，物件： d/city/npc/butou#30 ("捕头(bu tou)")
呼叫来自：inherit/char/npc.c 的 chat() 第 140 行，物件： d/city/npc/butou#30 ("捕头(bu tou)")
呼叫来自：<function> 的 <function>() 第 0 行，物件： d/city/npc/butou#30 ("捕头(bu tou)")
呼叫来自：inherit/char/npc.c 的 random_move() 第 160 行，物件： d/city/npc/butou#30 ("捕头(bu tou)")
呼叫来自：feature/command.c 的 command_hook() 第 66 行，物件： d/city/npc/butou#30 ("捕头(bu tou)")
呼叫来自：cmds/std/go.c 的 main() 第 96 行，物件： cmds/std/go ("0(0)")
呼叫来自：d/city/dongdajie2.c 的 create() 第 28 行，物件： d/city/dongdajie2 ("0(0)")
呼叫来自：inherit/room/room.c 的 setup() 第 214 行，物件： d/city/dongdajie2 ("0(0)")
呼叫来自：inherit/room/room.c 的 reset() 第 66 行，物件： d/city/dongdajie2 ("0(0)")
呼叫来自：inherit/room/room.c 的 make_inventory() 第 20 行，物件： d/city/dongdajie2 ("0(0)")
呼叫来自：adm/single/simul_efun.c 的 unew() 第 88 行，物件： adm/single/simul_efun ("0(0)")
Heart beat in d/city/npc/butou#30 turned off.
错误
执行时段错误：*Array index out of bounds.

程式：adm/daemons/natured.c 第 696 行
物件: adm/daemons/natured ("0(0)")
呼叫来自：adm/daemons/natured.c 的 treasure_check() 第 696 行，物件： adm/daemons/natured ("0(0)")
错误
执行时段错误：*Array index out of bounds.

程式：adm/daemons/natured.c 第 696 行
物件: adm/daemons/natured ("0(0)")
呼叫来自：adm/daemons/natured.c 的 treasure_check() 第 696 行，物件： adm/daemons/natured ("0(0)")
错误
执行时段错误：*restore_object(): Illegal file format.

程式：feature/save.c 第 19 行
物件: clone/board/towiz_b ("/clone/board/towiz_b(0)")
呼叫来自：inherit/char/char.c 的 heart_beat() 第 116 行，物件： clone/npc/zhaojy#25 ("赵爵爷(zhao jueye)")
呼叫来自：inherit/char/npc.c 的 chat() 第 140 行，物件： clone/npc/zhaojy#25 ("赵爵爷(zhao jueye)")
呼叫来自：<function> 的 <function>() 第 0 行，物件： clone/npc/zhaojy#25 ("赵爵爷(zhao jueye)")
呼叫来自：inherit/char/npc.c 的 random_move() 第 160 行，物件： clone/npc/zhaojy#25 ("赵爵爷(zhao jueye)")
呼叫来自：feature/command.c 的 command_hook() 第 66 行，物件： clone/npc/zhaojy#25 ("赵爵爷(zhao jueye)")
呼叫来自：cmds/std/go.c 的 main() 第 96 行，物件： cmds/std/go ("0(0)")
呼叫来自：d/city/yamen.c 的 create() 第 26 行，物件： d/city/yamen ("0(0)")
呼叫来自：clone/board/towiz_b.c 的 create() 第 11 行，物件： clone/board/towiz_b ("/clone/board/towiz_b(0)")
呼叫来自：inherit/misc/bboard.c 的 setup() 第 20 行，物件： clone/board/towiz_b ("/clone/board/towiz_b(0)")
呼叫来自：feature/save.c 的 restore() 第 19 行，物件： clone/board/towiz_b ("/clone/board/towiz_b(0)")
Heart beat in clone/npc/zhaojy#25 turned off.
错误讯息被拦截: 
执行时段错误：*Error in loading object '/adm/daemons/network/dns_master'

程式：cmds/app/update.c 第 56 行
物件: cmds/app/update ("0(0)")
呼叫来自：feature/command.c 的 command_hook() 第 66 行，物件： clone/user/user#1 ("秋水(wangwwh)")
呼叫来自：cmds/app/update.c 的 main() 第 56 行，物件： cmds/app/update ("0(0)")
呼叫来自：cmds/app/update.c 的 CATCH() 第 56 行，物件： cmds/app/update ("0(0)")
错误讯息被拦截: 
执行时段错误：*Error in loading object '/adm/daemons/network/dns_master'

程式：cmds/app/update.c 第 56 行
物件: cmds/app/update ("0(0)")
呼叫来自：feature/command.c 的 command_hook() 第 66 行，物件： clone/user/user#1 ("秋水(wangwwh)")
呼叫来自：cmds/app/update.c 的 main() 第 56 行，物件： cmds/app/update ("0(0)")
呼叫来自：cmds/app/update.c 的 CATCH() 第 56 行，物件： cmds/app/update ("0(0)")
错误讯息被拦截: 
执行时段错误：*Error in loading object '/adm/daemons/network/dns_master'

程式：cmds/app/update.c 第 56 行
物件: cmds/app/update ("0(0)")
呼叫来自：feature/command.c 的 command_hook() 第 66 行，物件： clone/user/user#1 ("秋水(wangwwh)")
呼叫来自：cmds/app/update.c 的 main() 第 56 行，物件： cmds/app/update ("0(0)")
呼叫来自：cmds/app/update.c 的 CATCH() 第 56 行，物件： cmds/app/update ("0(0)")
Initializing internal tables....
