1422762432 406781952 820559872
1422762432 14159634432 337661952 14159634432 337661952
1415263677 14159634432 337661952 14159634432 337661952
1415263500 14159634432 337661952 14159634432 337661952
1415263200 14159634432 337661952 14159634432 337661952
1415262900 14159634432 337508270 14159634432 337661952
1415262600 14159634432 334069896 14159634432 334090240
1415262300 14159634432 334069760 14159634432 334069760
1415262000 14159634432 334069760 14159634432 334069760
1415261700 14159634432 334069760 14159634432 334069760
1415261400 14159634432 334069760 14159634432 334069760
1415261100 14159634432 331437178 14159634432 334069760
1415260800 14159634432 323100672 14159634432 323100672
1415260500 14159634432 322530809 14159634432 323100672
1415260200 14159634432 321015808 14159634432 321015808
1415259900 14159634432 321015808 14159634432 321015808
1415259600 14159634432 321015808 14159634432 321015808
1415259300 14159634432 321015808 14159634432 321015808
1415259000 14159634432 321015808 14159634432 321015808
1415258700 14159634432 318702277 14159634432 321015808
1415258400 14159634432 315133952 14159634432 315133952
1415258100 14159634432 69301248 14159634432 315133952
1415257800 14159634432 65134592 14159634432 65134592
1415257500 14159634432 65134592 14159634432 65134592
1415257200 14159634432 65134592 14159634432 65134592
1415256900 14159634432 65134592 14159634432 65134592
1415256600 14159634432 65134592 14159634432 65134592
1415256300 14159634432 65134592 14159634432 65134592
1415256000 14159634432 65134592 14159634432 65134592
1415255700 14159634432 65134592 14159634432 65134592
1415255400 14159634432 65134592 14159634432 65134592
1415255100 14159634432 65134592 14159634432 65134592
1415254800 14159634432 65134592 14159634432 65134592
1415254500 14159634432 65134592 14159634432 65134592
1415254200 14159634432 65134592 14159634432 65134592
1415253900 14159634432 65134592 14159634432 65134592
1415253600 14159634432 65134592 14159634432 65134592
1415253300 14159634432 65134592 14159634432 65134592
1415253000 14159634432 65134592 14159634432 65134592
1415252700 14159634432 65134592 14159634432 65134592
1415252400 14159634432 65134592 14159634432 65134592
1415252100 14159634432 65134592 14159634432 65134592
1415251800 14159634432 65134592 14159634432 65134592
1415251500 14159634432 65134592 14159634432 65134592
1415251200 14159634432 65134592 14159634432 65134592
1415250900 14159634432 65134592 14159634432 65134592
1415250600 14159634432 65134592 14159634432 65134592
1415250300 14159634432 65134592 14159634432 65134592
1415250000 14159634432 65134592 14159634432 65134592
1415249700 14159634432 65134592 14159634432 65134592
1415249400 14159634432 65134592 14159634432 65134592
1415249100 14159634432 65134592 14159634432 65134592
1415248800 14159634432 65134592 14159634432 65134592
1415248500 14159634432 65134592 14159634432 65134592
1415248200 5716078632 126519405 14159634432 136790016
1415247900 4303343616 136790016 4303343616 136790016
1415247600 4303343616 136790016 4303343616 136790016
1415247300 4303343616 136790016 4303343616 136790016
1415247000 4303343616 136790016 4303343616 136790016
1415246700 4303343616 136790016 4303343616 136790016
1415246400 4303343616 136790016 4303343616 136790016
1415246100 4303343616 136790016 4303343616 136790016
1415245800 4303343616 136790016 4303343616 136790016
1415245500 4303343616 136790016 4303343616 136790016
1415245200 4303343616 136790016 4303343616 136790016
1415244900 4303343616 136790016 4303343616 136790016
1415244600 4303343616 136790016 4303343616 136790016
1415244300 4303343616 136790016 4303343616 136790016
1415244000 4303343616 136790016 4303343616 136790016
1415243700 4303343616 136790016 4303343616 136790016
1415243400 4303343616 136790016 4303343616 136790016
1415243100 4303343616 136790016 4303343616 136790016
1415242800 4303343616 136790016 4303343616 136790016
1415242500 4303343616 136790016 4303343616 136790016
1415242200 4303343616 136790016 4303343616 136790016
1415241900 4303343616 136790016 4303343616 136790016
1415241600 4303343616 136790016 4303343616 136790016
1415241300 4303343616 136790016 4303343616 136790016
1415241000 4303343616 136790016 4303343616 136790016
1415240700 4303343616 136790016 4303343616 136790016
1415240400 4303343616 136790016 4303343616 136790016
1415240100 4303343616 136790016 4303343616 136790016
1415239800 4303343616 136790016 4303343616 136790016
1415239500 4303343616 136790016 4303343616 136790016
1415239200 4303343616 136790016 4303343616 136790016
1415238900 4303343616 136790016 4303343616 136790016
1415238600 4303343616 136790016 4303343616 136790016
1415238300 4303343616 136790016 4303343616 136790016
1415238000 4303343616 136790016 4303343616 136790016
1415237700 4303343616 136790016 4303343616 136790016
1415237400 4303343616 136790016 4303343616 136790016
1415237100 4303343616 136790016 4303343616 136790016
1415236800 4303343616 136790016 4303343616 136790016
1415236500 4303343616 136790016 4303343616 136790016
1415236200 4303343616 136790016 4303343616 136790016
1415235900 4303343616 136790016 4303343616 136790016
1415235600 4303343616 136790016 4303343616 136790016
1415235300 4303343616 136790016 4303343616 136790016
1415235000 4303343616 136790016 4303343616 136790016
1415234700 4303343616 136790016 4303343616 136790016
1415234400 4303343616 136790016 4303343616 136790016
1415234100 4303343616 136790016 4303343616 136790016
1415233800 4303343616 136790016 4303343616 136790016
1415233500 4303343616 136790016 4303343616 136790016
1415233200 4303343616 136790016 4303343616 136790016
1415232900 4303343616 136790016 4303343616 136790016
1415232600 4303343616 136790016 4303343616 136790016
1415232300 4303343616 136790016 4303343616 136790016
1415232000 4303343616 136790016 4303343616 136790016
1415231700 4303343616 136790016 4303343616 136790016
1415231400 4303343616 136790016 4303343616 136790016
1415231100 4303343616 136790016 4303343616 136790016
1415230800 4303343616 136790016 4303343616 136790016
1415230500 4303343616 136790016 4303343616 136790016
1415230200 4303343616 136790016 4303343616 136790016
1415229900 4303343616 136790016 4303343616 136790016
1415229600 4303343616 136790016 4303343616 136790016
1415229300 4303343616 136790016 4303343616 136790016
1415229000 4303343616 136790016 4303343616 136790016
1415228700 4303343616 136790016 4303343616 136790016
1415228400 4303343616 136790016 4303343616 136790016
1415228100 4303343616 136790016 4303343616 136790016
1415227800 4303343616 136790016 4303343616 136790016
1415227500 4303343616 136790016 4303343616 136790016
1415227200 4303343616 136790016 4303343616 136790016
1415226900 4303343616 136790016 4303343616 136790016
1415226600 4303343616 136790016 4303343616 136790016
1415226300 4303343616 136790016 4303343616 136790016
1415226000 4303343616 136790016 4303343616 136790016
1415225700 4303343616 136790016 4303343616 136790016
1415225400 4303343616 136790016 4303343616 136790016
1415225100 4303343616 136790016 4303343616 136790016
1415224800 4303343616 136790016 4303343616 136790016
1415224500 4303343616 136790016 4303343616 136790016
1415224200 4303343616 136790016 4303343616 136790016
1415223900 4303343616 136790016 4303343616 136790016
1415223600 4303343616 136790016 4303343616 136790016
1415223300 4303343616 136790016 4303343616 136790016
1415223000 4303343616 136790016 4303343616 136790016
1415222700 4303343616 136790016 4303343616 136790016
1415222400 4303343616 136790016 4303343616 136790016
1415222100 4303343616 136790016 4303343616 136790016
1415221800 4303343616 136790016 4303343616 136790016
1415221500 4303343616 136790016 4303343616 136790016
1415221200 4303343616 136790016 4303343616 136790016
1415220900 4303343616 136790016 4303343616 136790016
1415220600 4303343616 136790016 4303343616 136790016
1415220300 4303343616 136790016 4303343616 136790016
1415220000 4303343616 136790016 4303343616 136790016
1415219700 4303343616 136790016 4303343616 136790016
1415219400 4303343616 136790016 4303343616 136790016
1415219100 4303343616 136790016 4303343616 136790016
1415218800 4303343616 136790016 4303343616 136790016
1415218500 4303343616 136790016 4303343616 136790016
1415218200 4303343616 136790016 4303343616 136790016
1415217900 4303343616 136790016 4303343616 136790016
1415217600 4303343616 136790016 4303343616 136790016
1415217300 4303343616 136790016 4303343616 136790016
1415217000 4303343616 136790016 4303343616 136790016
1415216700 4303343616 136790016 4303343616 136790016
1415216400 4303343616 136790016 4303343616 136790016
1415216100 4303343616 136790016 4303343616 136790016
1415215800 4303343616 136790016 4303343616 136790016
1415215500 4303343616 136790016 4303343616 136790016
1415215200 4303343616 136790016 4303343616 136790016
1415214900 4303343616 136790016 4303343616 136790016
1415214600 4303343616 136790016 4303343616 136790016
1415214300 4303343616 136790016 4303343616 136790016
1415214000 4303343616 136790016 4303343616 136790016
1415213700 4303343616 136790016 4303343616 136790016
1415213400 4303343616 136790016 4303343616 136790016
1415213100 4303343616 136790016 4303343616 136790016
1415212800 4303343616 136790016 4303343616 136790016
1415212500 4303343616 136790016 4303343616 136790016
1415212200 4303343616 136790016 4303343616 136790016
1415211900 4303343616 136790016 4303343616 136790016
1415211600 4303343616 136790016 4303343616 136790016
1415211300 4303343616 136790016 4303343616 136790016
1415211000 4303343616 136790016 4303343616 136790016
1415210700 4303343616 136790016 4303343616 136790016
1415210400 4303343616 136790016 4303343616 136790016
1415210100 4303343616 136790016 4303343616 136790016
1415209800 4303343616 136790016 4303343616 136790016
1415209500 4303343616 136790016 4303343616 136790016
1415209200 4303343616 136790016 4303343616 136790016
1415208900 4303343616 136790016 4303343616 136790016
1415208600 4303343616 136790016 4303343616 136790016
1415208300 4303343616 136790016 4303343616 136790016
1415208000 4303343616 136790016 4303343616 136790016
1415207700 4303343616 136790016 4303343616 136790016
1415207400 4303343616 136790016 4303343616 136790016
1415207100 4303343616 136790016 4303343616 136790016
1415206800 4303343616 136790016 4303343616 136790016
1415206500 4303343616 136790016 4303343616 136790016
1415206200 4303343616 136790016 4303343616 136790016
1415205900 4303343616 136790016 4303343616 136790016
1415205600 4303343616 136790016 4303343616 136790016
1415205300 4303343616 136790016 4303343616 136790016
1415205000 4303343616 136790016 4303343616 136790016
1415204700 4303343616 136790016 4303343616 136790016
1415204400 4303343616 136790016 4303343616 136790016
1415204100 4303343616 136790016 4303343616 136790016
1415203800 4303343616 136790016 4303343616 136790016
1415203500 4303343616 136790016 4303343616 136790016
1415203200 4303343616 136790016 4303343616 136790016
1415202900 4303343616 136790016 4303343616 136790016
1415202600 4303343616 136790016 4303343616 136790016
1415202300 4303343616 136790016 4303343616 136790016
1415202000 4303343616 136790016 4303343616 136790016
1415201700 4303343616 136790016 4303343616 136790016
1415201400 4303343616 136790016 4303343616 136790016
1415201100 4303343616 136790016 4303343616 136790016
1415200800 4303343616 136790016 4303343616 136790016
1415200500 4303343616 136790016 4303343616 136790016
1415200200 4303343616 136790016 4303343616 136790016
1415199900 4303343616 136790016 4303343616 136790016
1415199600 4303343616 136790016 4303343616 136790016
1415199300 4303343616 136790016 4303343616 136790016
1415199000 4303343616 127349637 4303343616 136790016
1415198700 4303343616 123555840 4303343616 123555840
1415198400 4303343616 123555840 4303343616 123555840
1415198100 4303343616 123555840 4303343616 123555840
1415197800 4303343616 120307507 4303343616 123555840
1415197500 4303343616 118908844 4303343616 119734272
1415197200 4303343616 118898688 4303343616 118898688
1415196900 4303343616 118898688 4303343616 118898688
1415196600 4303343616 115924745 4303343616 118898688
1415196300 4303343616 114851840 4303343616 114851840
1415196000 4303343616 114851840 4303343616 114851840
1415195700 4303343616 112546228 4303343616 114851840
1415195400 4303343616 112181248 4303343616 112181248
1415195100 4303343616 112181248 4303343616 112181248
1415194800 4303343616 112181248 4303343616 112181248
1415194500 4303343616 112181248 4303343616 112181248
1415194200 4303343616 112181248 4303343616 112181248
1415193900 4303343616 109284584 4303343616 112181248
1415193600 4303343616 105058304 4303343616 105058304
1415193300 4303343616 103516118 4303343616 105058304
1415193000 4303343616 842692580 4303343616 852721664
1415192700 4303343616 852721664 4303343616 852721664
1415192400 4303343616 852721664 4303343616 852721664
1415192100 4303343616 852721664 4303343616 852721664
1415191800 4303343616 852721664 4303343616 852721664
1415191500 4303343616 852721664 4303343616 852721664
1415191200 4303343616 852721664 4303343616 852721664
1415190900 4303343616 852721664 4303343616 852721664
1415190600 4303343616 852721664 4303343616 852721664
1415190300 4303343616 852721664 4303343616 852721664
1415190000 4303343616 852721664 4303343616 852721664
1415189700 4303343616 852721664 4303343616 852721664
1415189400 4303343616 852721664 4303343616 852721664
1415189100 4303343616 852721664 4303343616 852721664
1415188800 4303343616 852721664 4303343616 852721664
1415188500 4303343616 852721664 4303343616 852721664
1415188200 4303343616 852721664 4303343616 852721664
1415187900 4303343616 852721664 4303343616 852721664
1415187600 4303343616 852721664 4303343616 852721664
1415187300 4303343616 852721664 4303343616 852721664
1415187000 4303343616 852721664 4303343616 852721664
1415186700 4303343616 852721664 4303343616 852721664
1415186400 4303343616 852721664 4303343616 852721664
1415186100 4303343616 852721664 4303343616 852721664
1415185800 4303343616 852721664 4303343616 852721664
1415185500 4303343616 852721664 4303343616 852721664
1415185200 4303343616 852721664 4303343616 852721664
1415184900 4303343616 852721664 4303343616 852721664
1415184600 4303343616 852721664 4303343616 852721664
1415184300 4303343616 852721664 4303343616 852721664
1415184000 4303343616 852721664 4303343616 852721664
1415183700 4303343616 852721664 4303343616 852721664
1415183400 4303343616 852721664 4303343616 852721664
1415183100 4303343616 852721664 4303343616 852721664
1415182800 4303343616 852721664 4303343616 852721664
1415182500 4303343616 852721664 4303343616 852721664
1415182200 4303343616 852721664 4303343616 852721664
1415181900 4303343616 852721664 4303343616 852721664
1415181600 4303343616 852721664 4303343616 852721664
1415181300 4303343616 852721664 4303343616 852721664
1415181000 4303343616 852721664 4303343616 852721664
1415180700 4303343616 852721664 4303343616 852721664
1415180400 4303343616 852721664 4303343616 852721664
1415180100 4303343616 852721664 4303343616 852721664
1415179800 4303343616 852721664 4303343616 852721664
1415179500 4303343616 852721664 4303343616 852721664
1415179200 4303343616 852721664 4303343616 852721664
1415178900 4303343616 852721664 4303343616 852721664
1415178600 4303343616 852721664 4303343616 852721664
1415178300 4303343616 852721664 4303343616 852721664
1415178000 4303343616 852721664 4303343616 852721664
1415177700 4303343616 852721664 4303343616 852721664
1415177400 4303343616 852721664 4303343616 852721664
1415177100 4303343616 852721664 4303343616 852721664
1415176800 4303343616 852721664 4303343616 852721664
1415176500 4303343616 852721664 4303343616 852721664
1415176200 4303343616 852721664 4303343616 852721664
1415175900 4303343616 852721664 4303343616 852721664
1415175600 4303343616 852721664 4303343616 852721664
1415175300 4303343616 852721664 4303343616 852721664
1415175000 4303343616 852721664 4303343616 852721664
1415174700 4303343616 852721664 4303343616 852721664
1415174400 4303343616 852721664 4303343616 852721664
1415174100 4303343616 852721664 4303343616 852721664
1415173800 4303343616 852721664 4303343616 852721664
1415173500 4303343616 852721664 4303343616 852721664
1415173200 4303343616 852721664 4303343616 852721664
1415172900 4303343616 852721664 4303343616 852721664
1415172600 4303343616 852721664 4303343616 852721664
1415172300 4303343616 852721664 4303343616 852721664
1415172000 4303343616 852721664 4303343616 852721664
1415171700 4303343616 852721664 4303343616 852721664
1415171400 4303343616 852721664 4303343616 852721664
1415171100 4303343616 852721664 4303343616 852721664
1415170800 4303343616 852721664 4303343616 852721664
1415170500 4303343616 852721664 4303343616 852721664
1415170200 4303343616 852721664 4303343616 852721664
1415169900 4303343616 852721664 4303343616 852721664
1415169600 4303343616 852721664 4303343616 852721664
1415169300 4303343616 852721664 4303343616 852721664
1415169000 4303343616 852721664 4303343616 852721664
1415168700 4303343616 852721664 4303343616 852721664
1415168400 4303343616 852721664 4303343616 852721664
1415168100 4303343616 852721664 4303343616 852721664
1415167800 4303343616 852721664 4303343616 852721664
1415167500 4303343616 852721664 4303343616 852721664
1415167200 4303343616 852721664 4303343616 852721664
1415166900 4303343616 852721664 4303343616 852721664
1415166600 4303343616 852721664 4303343616 852721664
1415166300 4303343616 852721664 4303343616 852721664
1415166000 4303343616 852721664 4303343616 852721664
1415165700 4303343616 852721664 4303343616 852721664
1415165400 4303343616 852721664 4303343616 852721664
1415165100 4303343616 852721664 4303343616 852721664
1415164800 4303343616 852721664 4303343616 852721664
1415164500 4303343616 852721664 4303343616 852721664
1415164200 4303343616 852721664 4303343616 852721664
1415163900 4303343616 852721664 4303343616 852721664
1415163600 4303343616 852721664 4303343616 852721664
1415163300 4303343616 852721664 4303343616 852721664
1415163000 4303343616 852721664 4303343616 852721664
1415162700 4303343616 852721664 4303343616 852721664
1415162400 4303343616 852721664 4303343616 852721664
1415162100 4303343616 852721664 4303343616 852721664
1415161800 4303343616 852721664 4303343616 852721664
1415161500 4303343616 852721664 4303343616 852721664
1415161200 4303343616 852721664 4303343616 852721664
1415160900 4303343616 852721664 4303343616 852721664
1415160600 4303343616 852721664 4303343616 852721664
1415160300 4303343616 852721664 4303343616 852721664
1415160000 4303343616 852721664 4303343616 852721664
1415159700 4303343616 852721664 4303343616 852721664
1415159400 4303343616 852721664 4303343616 852721664
1415159100 4303343616 852721664 4303343616 852721664
1415158800 4303343616 852721664 4303343616 852721664
1415158500 4303343616 852721664 4303343616 852721664
1415158200 4303343616 852721664 4303343616 852721664
1415157900 4303343616 852721664 4303343616 852721664
1415157600 4303343616 852721664 4303343616 852721664
1415157300 4303343616 852721664 4303343616 852721664
1415157000 4303343616 852721664 4303343616 852721664
1415156700 4303343616 852721664 4303343616 852721664
1415156400 4303343616 852721664 4303343616 852721664
1415156100 4303343616 852721664 4303343616 852721664
1415155800 4303343616 852721664 4303343616 852721664
1415155500 4303343616 852721664 4303343616 852721664
1415155200 4303343616 852721664 4303343616 852721664
1415154900 4303343616 852721664 4303343616 852721664
1415154600 4303343616 852721664 4303343616 852721664
1415154300 4303343616 852721664 4303343616 852721664
1415154000 4303343616 852721664 4303343616 852721664
1415153700 4303343616 852721664 4303343616 852721664
1415153400 4303343616 852721664 4303343616 852721664
1415153100 4303343616 852721664 4303343616 852721664
1415152800 4303343616 852721664 4303343616 852721664
1415152500 4303343616 852721664 4303343616 852721664
1415152200 4303343616 852721664 4303343616 852721664
1415151900 4303343616 852721664 4303343616 852721664
1415151600 4303343616 852721664 4303343616 852721664
1415151300 4303343616 852721664 4303343616 852721664
1415151000 4303343616 852721664 4303343616 852721664
1415150700 4303343616 852721664 4303343616 852721664
1415150400 4303343616 852721664 4303343616 852721664
1415150100 4303343616 852721664 4303343616 852721664
1415149800 4303343616 852721664 4303343616 852721664
1415149500 4303343616 852721664 4303343616 852721664
1415149200 4303343616 852721664 4303343616 852721664
1415148900 4303343616 852721664 4303343616 852721664
1415148600 4303343616 852721664 4303343616 852721664
1415148300 4303343616 852721664 4303343616 852721664
1415148000 4303343616 852721664 4303343616 852721664
1415147700 4303343616 852721664 4303343616 852721664
1415147400 4303343616 852721664 4303343616 852721664
1415147100 4303343616 852721664 4303343616 852721664
1415146800 4303343616 852721664 4303343616 852721664
1415146500 4303343616 852721664 4303343616 852721664
1415146200 4303343616 852721664 4303343616 852721664
1415145900 4303343616 852721664 4303343616 852721664
1415145600 4303343616 852721664 4303343616 852721664
1415145300 4303343616 852721664 4303343616 852721664
1415145000 4303343616 852721664 4303343616 852721664
1415144700 4303343616 852721664 4303343616 852721664
1415144400 4303343616 852721664 4303343616 852721664
1415144100 4303343616 852721664 4303343616 852721664
1415143800 4303343616 852721664 4303343616 852721664
1415143500 4303343616 852721664 4303343616 852721664
1415143200 4303343616 852721664 4303343616 852721664
1415142900 4303343616 852721664 4303343616 852721664
1415142600 4303343616 852721664 4303343616 852721664
1415142300 4303343616 852721664 4303343616 852721664
1415142000 4303343616 852721664 4303343616 852721664
1415141700 4303343616 852721664 4303343616 852721664
1415141400 4303343616 852721664 4303343616 852721664
1415141100 4303343616 852721664 4303343616 852721664
1415140800 4303343616 852721664 4303343616 852721664
1415140500 4303343616 852721664 4303343616 852721664
1415140200 4303343616 852721664 4303343616 852721664
1415139900 4303343616 852721664 4303343616 852721664
1415139600 4303343616 852721664 4303343616 852721664
1415139300 4303343616 852721664 4303343616 852721664
1415139000 4303343616 852721664 4303343616 852721664
1415138700 4303343616 852721664 4303343616 852721664
1415138400 4303343616 852721664 4303343616 852721664
1415138100 4303343616 852721664 4303343616 852721664
1415137800 4303343616 852721664 4303343616 852721664
1415137500 4303343616 852721664 4303343616 852721664
1415137200 4303343616 852721664 4303343616 852721664
1415136900 4303343616 852721664 4303343616 852721664
1415136600 4303343616 852721664 4303343616 852721664
1415136300 4303343616 852721664 4303343616 852721664
1415136000 4303343616 852721664 4303343616 852721664
1415135700 4303343616 852721664 4303343616 852721664
1415135400 4303343616 852721664 4303343616 852721664
1415135100 4303343616 852721664 4303343616 852721664
1415134800 4303343616 852721664 4303343616 852721664
1415134500 4303343616 852721664 4303343616 852721664
1415134200 4303343616 852721664 4303343616 852721664
1415133900 4303343616 852721664 4303343616 852721664
1415133600 4303343616 852721664 4303343616 852721664
1415133300 4303343616 852721664 4303343616 852721664
1415133000 4303343616 852721664 4303343616 852721664
1415132700 4303343616 852721664 4303343616 852721664
1415132400 4303343616 852721664 4303343616 852721664
1415132100 4303343616 852721664 4303343616 852721664
1415131800 4303343616 852721664 4303343616 852721664
1415131500 4303343616 852721664 4303343616 852721664
1415131200 4303343616 852721664 4303343616 852721664
1415130900 4303343616 852721664 4303343616 852721664
1415130600 4303343616 852721664 4303343616 852721664
1415130300 4303343616 852721664 4303343616 852721664
1415130000 4303343616 852721664 4303343616 852721664
1415129700 4303343616 852721664 4303343616 852721664
1415129400 4303343616 852721664 4303343616 852721664
1415129100 4303343616 852721664 4303343616 852721664
1415128800 4303343616 852721664 4303343616 852721664
1415128500 4303343616 852721664 4303343616 852721664
1415128200 4303343616 852721664 4303343616 852721664
1415127900 4303343616 852721664 4303343616 852721664
1415127600 4303343616 852721664 4303343616 852721664
1415127300 4303343616 852721664 4303343616 852721664
1415127000 4303343616 852721664 4303343616 852721664
1415126700 4303343616 852721664 4303343616 852721664
1415126400 4303343616 852721664 4303343616 852721664
1415126100 4303343616 852721664 4303343616 852721664
1415125800 4303343616 852721664 4303343616 852721664
1415125500 4303343616 852721664 4303343616 852721664
1415125200 4303343616 852721664 4303343616 852721664
1415124900 4303343616 852721664 4303343616 852721664
1415124600 4303343616 852721664 4303343616 852721664
1415124300 4303343616 852721664 4303343616 852721664
1415124000 4303343616 852721664 4303343616 852721664
1415123700 4303343616 852721664 4303343616 852721664
1415123400 4303343616 852721664 4303343616 852721664
1415123100 4303343616 852721664 4303343616 852721664
1415122800 4303343616 852721664 4303343616 852721664
1415122500 4303343616 852721664 4303343616 852721664
1415122200 4303343616 852721664 4303343616 852721664
1415121900 4303343616 852721664 4303343616 852721664
1415121600 4303343616 852721664 4303343616 852721664
1415121300 4303343616 852721664 4303343616 852721664
1415121000 4303343616 852721664 4303343616 852721664
1415120700 4303343616 852721664 4303343616 852721664
1415120400 4303343616 852721664 4303343616 852721664
1415120100 4303343616 852721664 4303343616 852721664
1415119800 4303343616 852721664 4303343616 852721664
1415119500 4303343616 852721664 4303343616 852721664
1415119200 4303343616 852721664 4303343616 852721664
1415118900 4303343616 852721664 4303343616 852721664
1415118600 4303343616 852721664 4303343616 852721664
1415118300 4303343616 852721664 4303343616 852721664
1415118000 4303343616 852721664 4303343616 852721664
1415117700 4303343616 852721664 4303343616 852721664
1415117400 4303343616 852721664 4303343616 852721664
1415117100 4303343616 852721664 4303343616 852721664
1415116800 4303343616 852721664 4303343616 852721664
1415116500 4303343616 852721664 4303343616 852721664
1415116200 4303343616 852721664 4303343616 852721664
1415115900 4303343616 852721664 4303343616 852721664
1415115600 4303343616 852721664 4303343616 852721664
1415115300 4303343616 852721664 4303343616 852721664
1415115000 4303343616 852721664 4303343616 852721664
1415114700 4303343616 852721664 4303343616 852721664
1415114400 4303343616 852721664 4303343616 852721664
1415114100 4303343616 852721664 4303343616 852721664
1415113800 4303343616 852721664 4303343616 852721664
1415113500 4303343616 852721664 4303343616 852721664
1415113200 4303343616 852721664 4303343616 852721664
1415112900 4303343616 852721664 4303343616 852721664
1415112600 4303343616 852721664 4303343616 852721664
1415112300 4303343616 852721664 4303343616 852721664
1415112000 4303343616 852721664 4303343616 852721664
1415111700 4303343616 852721664 4303343616 852721664
1415111400 4303343616 852721664 4303343616 852721664
1415111100 4303343616 852721664 4303343616 852721664
1415110800 4303343616 852721664 4303343616 852721664
1415110500 4303343616 852721664 4303343616 852721664
1415110200 4303343616 852721664 4303343616 852721664
1415109900 4303343616 852721664 4303343616 852721664
1415109600 4303343616 852721664 4303343616 852721664
1415109300 4303343616 852721664 4303343616 852721664
1415109000 4303343616 852721664 4303343616 852721664
1415108700 4303343616 852721664 4303343616 852721664
1415108400 4303343616 852721664 4303343616 852721664
1415108100 4303343616 852721664 4303343616 852721664
1415107800 4303343616 852721664 4303343616 852721664
1415107500 4303343616 852721664 4303343616 852721664
1415107200 4303343616 852721664 4303343616 852721664
1415106900 4303343616 852721664 4303343616 852721664
1415106600 4303343616 852721664 4303343616 852721664
1415106300 4303343616 852721664 4303343616 852721664
1415106000 4303343616 852721664 4303343616 852721664
1415105700 4303343616 852721664 4303343616 852721664
1415105400 4303343616 852721664 4303343616 852721664
1415105100 4303343616 852721664 4303343616 852721664
1415104800 4303343616 852721664 4303343616 852721664
1415104500 4303343616 852721664 4303343616 852721664
1415104200 4303343616 852721664 4303343616 852721664
1415103900 4303343616 852721664 4303343616 852721664
1415103600 4303343616 852721664 4303343616 852721664
1415103300 4303343616 852721664 4303343616 852721664
1415103000 4303343616 852721664 4303343616 852721664
1415102700 4303343616 852721664 4303343616 852721664
1415102400 4303343616 852721664 4303343616 852721664
1415102100 4303343616 852721664 4303343616 852721664
1415101800 4303343616 852721664 4303343616 852721664
1415101500 4303343616 852721664 4303343616 852721664
1415101200 4303343616 852721664 4303343616 852721664
1415100900 4303343616 852721664 4303343616 852721664
1415100600 4303343616 852721664 4303343616 852721664
1415100300 4303343616 852721664 4303343616 852721664
1415100000 4303343616 852721664 4303343616 852721664
1415099700 4303343616 852721664 4303343616 852721664
1415099400 4303343616 852721664 4303343616 852721664
1415099100 4303343616 852721664 4303343616 852721664
1415098800 4303343616 852721664 4303343616 852721664
1415098500 4303343616 852721664 4303343616 852721664
1415098200 4303343616 852721664 4303343616 852721664
1415097900 4303343616 852721664 4303343616 852721664
1415097600 4303343616 852721664 4303343616 852721664
1415097300 4303343616 852721664 4303343616 852721664
1415097000 4303343616 852721664 4303343616 852721664
1415096700 4303343616 852721664 4303343616 852721664
1415096400 4303343616 852721664 4303343616 852721664
1415096100 4303343616 852721664 4303343616 852721664
1415095800 4303343616 852721664 4303343616 852721664
1415095500 4303343616 852721664 4303343616 852721664
1415095200 4303343616 852721664 4303343616 852721664
1415094900 4303343616 852721664 4303343616 852721664
1415094600 4303343616 852721664 4303343616 852721664
1415094300 4303343616 852721664 4303343616 852721664
1415094000 4303343616 852721664 4303343616 852721664
1415093700 4303343616 852721664 4303343616 852721664
1415093400 4303343616 852721664 4303343616 852721664
1415093100 4303343616 852721664 4303343616 852721664
1415092800 4303343616 852721664 4303343616 852721664
1415092500 4303343616 852721664 4303343616 852721664
1415092200 4303343616 852721664 4303343616 852721664
1415091900 4303343616 852721664 4303343616 852721664
1415091600 4303343616 852721664 4303343616 852721664
1415091300 4303343616 852721664 4303343616 852721664
1415091000 4303343616 852721664 4303343616 852721664
1415090700 4303343616 852721664 4303343616 852721664
1415090400 4303343616 852721664 4303343616 852721664
1415090100 4303343616 852721664 4303343616 852721664
1415089800 4303343616 852721664 4303343616 852721664
1415089500 4303343616 852721664 4303343616 852721664
1415089200 4303343616 852721664 4303343616 852721664
1415088900 4303343616 852721664 4303343616 852721664
1415088600 4303343616 852721664 4303343616 852721664
1415088300 4303343616 852721664 4303343616 852721664
1415088000 4303343616 852721664 4303343616 852721664
1415087700 4303343616 852721664 4303343616 852721664
1415087400 4303343616 852721664 4303343616 852721664
1415087100 4303343616 852721664 4303343616 852721664
1415086800 4303343616 852721664 4303343616 852721664
1415086500 4303343616 852721664 4303343616 852721664
1415086200 4303343616 852721664 4303343616 852721664
1415085900 4303343616 852721664 4303343616 852721664
1415085600 4303343616 852721664 4303343616 852721664
1415085300 4303343616 852721664 4303343616 852721664
1415085000 4303343616 852721664 4303343616 852721664
1415084700 4303343616 852721664 4303343616 852721664
1415084400 4303343616 852721664 4303343616 852721664
1415084100 4303343616 852721664 4303343616 852721664
1415083800 4303343616 852721664 4303343616 852721664
1415082600 4303343616 852721664 4303343616 852721664
1415080800 4303343616 852721664 4303343616 852721664
1415079000 4303343616 852721664 4303343616 852721664
1415077200 4303343616 852721664 4303343616 852721664
1415075400 4303343616 852721664 4303343616 852721664
1415073600 4303343616 852721664 4303343616 852721664
1415071800 4303343616 852721664 4303343616 852721664
1415070000 4303343616 852721664 4303343616 852721664
1415068200 4303343616 852721664 4303343616 852721664
1415066400 4303343616 852721664 4303343616 852721664
1415064600 4303343616 852721664 4303343616 852721664
1415062800 4303343616 852721664 4303343616 852721664
1415061000 4303343616 852721664 4303343616 852721664
1415059200 4303343616 852721664 4303343616 852721664
1415057400 4303343616 852721664 4303343616 852721664
1415055600 4303343616 852721664 4303343616 852721664
1415053800 4303343616 852721664 4303343616 852721664
1415052000 4303343616 852721664 4303343616 852721664
1415050200 4303343616 852721664 4303343616 852721664
1415048400 4303343616 852721664 4303343616 852721664
1415046600 4303343616 852721664 4303343616 852721664
1415044800 4303343616 852721664 4303343616 852721664
1415043000 4303343616 852721664 4303343616 852721664
1415041200 4303343616 852721664 4303343616 852721664
1415039400 4303343616 852721664 4303343616 852721664
1415037600 4303343616 852721664 4303343616 852721664
1415035800 4303343616 852721664 4303343616 852721664
1415034000 4303343616 852721664 4303343616 852721664
1415032200 4303343616 852721664 4303343616 852721664
1415030400 4303343616 852721664 4303343616 852721664
1415028600 4303343616 852721664 4303343616 852721664
1415026800 4303343616 852721664 4303343616 852721664
1415025000 4303343616 852721664 4303343616 852721664
1415023200 4303343616 852721664 4303343616 852721664
1415021400 4303343616 852721664 4303343616 852721664
1415019600 4303343616 852721664 4303343616 852721664
1415017800 4303343616 852721664 4303343616 852721664
1415016000 4303343616 852721664 4303343616 852721664
1415014200 4303343616 852721664 4303343616 852721664
1415012400 4303343616 852721664 4303343616 852721664
1415010600 4303343616 852721664 4303343616 852721664
1415008800 4303343616 852721664 4303343616 852721664
1415007000 4303343616 852721664 4303343616 852721664
1415005200 4303343616 852721664 4303343616 852721664
1415003400 4303343616 852721664 4303343616 852721664
1415001600 4303343616 852721664 4303343616 852721664
1414999800 4303343616 852721664 4303343616 852721664
1414998000 4303343616 852721664 4303343616 852721664
1414996200 4303343616 852721664 4303343616 852721664
1414994400 4303343616 852721664 4303343616 852721664
1414992600 4303343616 852721664 4303343616 852721664
1414990800 4303343616 852721664 4303343616 852721664
1414989000 4303343616 852721664 4303343616 852721664
1414987200 4303343616 852721664 4303343616 852721664
1414985400 4303343616 852721664 4303343616 852721664
1414983600 4303343616 852721664 4303343616 852721664
1414981800 4303343616 852721664 4303343616 852721664
1414980000 4303343616 852721664 4303343616 852721664
1414978200 4303343616 852721664 4303343616 852721664
1414976400 4303343616 852721664 4303343616 852721664
1414974600 4303343616 852721664 4303343616 852721664
1414972800 4303343616 852721664 4303343616 852721664
1414971000 4303343616 852721664 4303343616 852721664
1414969200 4303343616 852721664 4303343616 852721664
1414967400 4303343616 852721664 4303343616 852721664
1414965600 4303343616 852721664 4303343616 852721664
1414963800 4303343616 852721664 4303343616 852721664
1414962000 4303343616 852721664 4303343616 852721664
1414960200 4303343616 852721664 4303343616 852721664
1414958400 4303343616 852721664 4303343616 852721664
1414956600 4303343616 852721664 4303343616 852721664
1414954800 4303343616 852721664 4303343616 852721664
1414953000 4303343616 852721664 4303343616 852721664
1414951200 4303343616 852721664 4303343616 852721664
1414949400 4303343616 852721664 4303343616 852721664
1414947600 4303343616 852721664 4303343616 852721664
1414945800 4303343616 852721664 4303343616 852721664
1414944000 4303343616 852721664 4303343616 852721664
1414942200 4303343616 852721664 4303343616 852721664
1414940400 4303343616 852721664 4303343616 852721664
1414938600 4303343616 852721664 4303343616 852721664
1414936800 4303343616 852721664 4303343616 852721664
1414935000 4303343616 852721664 4303343616 852721664
1414933200 4303343616 852721664 4303343616 852721664
1414931400 4303343616 852721664 4303343616 852721664
1414929600 4303343616 852721664 4303343616 852721664
1414927800 4303343616 852721664 4303343616 852721664
1414926000 4303343616 852721664 4303343616 852721664
1414924200 4303343616 852721664 4303343616 852721664
1414922400 4303343616 852721664 4303343616 852721664
1414920600 4303343616 852721664 4303343616 852721664
1414918800 4303343616 852721664 4303343616 852721664
1414917000 4303343616 852721664 4303343616 852721664
1414915200 4303343616 852721664 4303343616 852721664
1414913400 4303343616 852721664 4303343616 852721664
1414911600 4303343616 852721664 4303343616 852721664
1414909800 4303343616 852721664 4303343616 852721664
1414908000 4303343616 852721664 4303343616 852721664
1414906200 4303343616 852721664 4303343616 852721664
1414904400 4303343616 852721664 4303343616 852721664
1414902600 4303343616 852721664 4303343616 852721664
1414900800 4303343616 852721664 4303343616 852721664
1414899000 4303343616 852721664 4303343616 852721664
1414897200 4303343616 852721664 4303343616 852721664
1414895400 4303343616 852721664 4303343616 852721664
1414893600 4303343616 852721664 4303343616 852721664
1414891800 4303343616 852721664 4303343616 852721664
1414890000 4303343616 852721664 4303343616 852721664
1414888200 4303343616 852721664 4303343616 852721664
1414886400 4303343616 852721664 4303343616 852721664
1414884600 4303343616 852721664 4303343616 852721664
1414882800 4303343616 852721664 4303343616 852721664
1414881000 4303343616 852721664 4303343616 852721664
1414879200 4303343616 852721664 4303343616 852721664
1414877400 4303343616 852721664 4303343616 852721664
1414875600 4303343616 852721664 4303343616 852721664
1414873800 4303343616 852721664 4303343616 852721664
1414872000 4303343616 852721664 4303343616 852721664
1414870200 4303343616 852721664 4303343616 852721664
1414868400 4303343616 852721664 4303343616 852721664
1414866600 4303343616 852721664 4303343616 852721664
1414864800 4303343616 852721664 4303343616 852721664
1414863000 4303343616 852721664 4303343616 852721664
1414861200 4303343616 852721664 4303343616 852721664
1414859400 4303343616 852721664 4303343616 852721664
1414857600 4303343616 852721664 4303343616 852721664
1414855800 4303343616 852721664 4303343616 852721664
1414854000 4303343616 852721664 4303343616 852721664
1414852200 4303343616 852721664 4303343616 852721664
1414850400 4303343616 852721664 4303343616 852721664
1414848600 4303343616 852721664 4303343616 852721664
1414846800 4303343616 852721664 4303343616 852721664
1414845000 4303343616 852721664 4303343616 852721664
1414843200 4303343616 852721664 4303343616 852721664
1414841400 4303343616 852721664 4303343616 852721664
1414839600 4303343616 852721664 4303343616 852721664
1414837800 4303343616 852721664 4303343616 852721664
1414836000 4303343616 852721664 4303343616 852721664
1414834200 4303343616 852721664 4303343616 852721664
1414832400 4303343616 852721664 4303343616 852721664
1414830600 4303343616 852721664 4303343616 852721664
1414828800 4303343616 852721664 4303343616 852721664
1414827000 4303343616 852721664 4303343616 852721664
1414825200 4303343616 852721664 4303343616 852721664
1414823400 4303343616 852721664 4303343616 852721664
1414821600 4303343616 852721664 4303343616 852721664
1414819800 4303343616 852721664 4303343616 852721664
1414818000 4303343616 852721664 4303343616 852721664
1414816200 4303343616 852721664 4303343616 852721664
1414814400 4303343616 852721664 4303343616 852721664
1414812600 4303343616 852721664 4303343616 852721664
1414810800 4303343616 852721664 4303343616 852721664
1414809000 4303343616 852721664 4303343616 852721664
1414807200 4303343616 852721664 4303343616 852721664
1414805400 4303343616 852721664 4303343616 852721664
1414803600 4303343616 852721664 4303343616 852721664
1414801800 4303343616 852721664 4303343616 852721664
1414800000 4303343616 852721664 4303343616 852721664
1414798200 4303343616 852721664 4303343616 852721664
1414796400 4303343616 852721664 4303343616 852721664
1414794600 4303343616 852721664 4303343616 852721664
1414792800 4303343616 852721664 4303343616 852721664
1414791000 4303343616 852721664 4303343616 852721664
1414789200 4303343616 852721664 4303343616 852721664
1414787400 4303343616 852721664 4303343616 852721664
1414785600 4303343616 852721664 4303343616 852721664
1414783800 4303343616 852721664 4303343616 852721664
1414782000 4303343616 852721664 4303343616 852721664
1414780200 4303343616 852721664 4303343616 852721664
1414778400 4303343616 852721664 4303343616 852721664
1414776600 4303343616 852721664 4303343616 852721664
1414774800 4303343616 852721664 4303343616 852721664
1414773000 4303343616 852721664 4303343616 852721664
1414771200 4303343616 852721664 4303343616 852721664
1414769400 4303343616 852721664 4303343616 852721664
1414767600 4303343616 852721664 4303343616 852721664
1414765800 4303343616 852721664 4303343616 852721664
1414764000 4303343616 852721664 4303343616 852721664
1414762200 4303343616 852721664 4303343616 852721664
1414760400 4303343616 852721664 4303343616 852721664
1414758600 4303343616 852721664 4303343616 852721664
1414756800 4303343616 852721664 4303343616 852721664
1414755000 4303343616 852721664 4303343616 852721664
1414753200 4303343616 852721664 4303343616 852721664
1414751400 4303343616 852721664 4303343616 852721664
1414749600 4303343616 852721664 4303343616 852721664
1414747800 4303343616 852721664 4303343616 852721664
1414746000 4303343616 852721664 4303343616 852721664
1414744200 4303343616 852721664 4303343616 852721664
1414742400 4303343616 852721664 4303343616 852721664
1414740600 4303343616 852721664 4303343616 852721664
1414738800 4303343616 852721664 4303343616 852721664
1414737000 4303343616 852721664 4303343616 852721664
1414735200 4303343616 852721664 4303343616 852721664
1414733400 4303343616 852721664 4303343616 852721664
1414731600 4303343616 852721664 4303343616 852721664
1414729800 4303343616 852721664 4303343616 852721664
1414728000 4303343616 852721664 4303343616 852721664
1414726200 4303343616 852721664 4303343616 852721664
1414724400 4303343616 852721664 4303343616 852721664
1414722600 4303343616 852721664 4303343616 852721664
1414720800 4303343616 852721664 4303343616 852721664
1414719000 4303343616 852721664 4303343616 852721664
1414717200 4303343616 852721664 4303343616 852721664
1414715400 4303343616 852721664 4303343616 852721664
1414713600 4303343616 852721664 4303343616 852721664
1414711800 4303343616 852721664 4303343616 852721664
1414710000 4303343616 852721664 4303343616 852721664
1414708200 4303343616 852721664 4303343616 852721664
1414706400 4303343616 852721664 4303343616 852721664
1414704600 4303343616 852721664 4303343616 852721664
1414702800 4303343616 852721664 4303343616 852721664
1414701000 4303343616 852721664 4303343616 852721664
1414699200 4303343616 852721664 4303343616 852721664
1414697400 4303343616 852721664 4303343616 852721664
1414695600 4303343616 852721664 4303343616 852721664
1414693800 4303343616 852721664 4303343616 852721664
1414692000 4303343616 852721664 4303343616 852721664
1414690200 4303343616 852721664 4303343616 852721664
1414688400 4303343616 852721664 4303343616 852721664
1414686600 4303343616 852721664 4303343616 852721664
1414684800 4303343616 852721664 4303343616 852721664
1414683000 4303343616 852721664 4303343616 852721664
1414681200 4303343616 852721664 4303343616 852721664
1414679400 4303343616 852721664 4303343616 852721664
1414677600 4303343616 852721664 4303343616 852721664
1414675800 4303343616 852721664 4303343616 852721664
1414674000 4303343616 852721664 4303343616 852721664
1414672200 4303343616 852721664 4303343616 852721664
1414670400 4303343616 852721664 4303343616 852721664
1414668600 4303343616 852721664 4303343616 852721664
1414666800 4303343616 852721664 4303343616 852721664
1414665000 4303343616 852721664 4303343616 852721664
1414663200 4303343616 852721664 4303343616 852721664
1414661400 4303343616 852721664 4303343616 852721664
1414659600 4303343616 852721664 4303343616 852721664
1414657800 4303343616 852721664 4303343616 852721664
1414656000 4303343616 852721664 4303343616 852721664
1414654200 4303343616 852721664 4303343616 852721664
1414652400 4303343616 852721664 4303343616 852721664
1414650600 4303343616 852721664 4303343616 852721664
1414648800 4303343616 852721664 4303343616 852721664
1414647000 4303343616 852721664 4303343616 852721664
1414645200 4303343616 852721664 4303343616 852721664
1414643400 4303343616 852721664 4303343616 852721664
1414641600 4303343616 852721664 4303343616 852721664
1414639800 4303343616 852721664 4303343616 852721664
1414638000 4303343616 852721664 4303343616 852721664
1414636200 4303343616 852721664 4303343616 852721664
1414634400 4303343616 852721664 4303343616 852721664
1414632600 4303343616 852721664 4303343616 852721664
1414630800 4303343616 852721664 4303343616 852721664
1414629000 4303343616 852721664 4303343616 852721664
1414627200 4303343616 852721664 4303343616 852721664
1414625400 4303343616 852721664 4303343616 852721664
1414623600 4303343616 852721664 4303343616 852721664
1414621800 4303343616 852721664 4303343616 852721664
1414620000 4303343616 852721664 4303343616 852721664
1414618200 4303343616 852721664 4303343616 852721664
1414616400 4303343616 852721664 4303343616 852721664
1414614600 4303343616 852721664 4303343616 852721664
1414612800 4303343616 852721664 4303343616 852721664
1414611000 4303343616 852721664 4303343616 852721664
1414609200 4303343616 852721664 4303343616 852721664
1414607400 4303343616 852721664 4303343616 852721664
1414605600 4303343616 852721664 4303343616 852721664
1414603800 4303343616 852721664 4303343616 852721664
1414602000 4303343616 852721664 4303343616 852721664
1414600200 4303343616 852721664 4303343616 852721664
1414598400 4303343616 852721664 4303343616 852721664
1414596600 4303343616 852721664 4303343616 852721664
1414594800 4303343616 852721664 4303343616 852721664
1414593000 4303343616 852721664 4303343616 852721664
1414591200 4303343616 852721664 4303343616 852721664
1414589400 4303343616 852721664 4303343616 852721664
1414587600 4303343616 852721664 4303343616 852721664
1414585800 4303343616 852721664 4303343616 852721664
1414584000 4303343616 852721664 4303343616 852721664
1414582200 4303343616 852721664 4303343616 852721664
1414580400 4303343616 852721664 4303343616 852721664
1414578600 4303343616 852721664 4303343616 852721664
1414576800 4303343616 852721664 4303343616 852721664
1414575000 4303343616 852721664 4303343616 852721664
1414573200 4303343616 852721664 4303343616 852721664
1414571400 4303343616 852721664 4303343616 852721664
1414569600 4303343616 852721664 4303343616 852721664
1414567800 4303343616 852721664 4303343616 852721664
1414566000 4303343616 852721664 4303343616 852721664
1414564200 4303343616 852721664 4303343616 852721664
1414562400 4303343616 852721664 4303343616 852721664
1414560600 4303343616 852721664 4303343616 852721664
1414558800 4303343616 852721664 4303343616 852721664
1414557000 4303343616 852721664 4303343616 852721664
1414555200 4303343616 852721664 4303343616 852721664
1414553400 4303343616 852721664 4303343616 852721664
1414551600 4303343616 852721664 4303343616 852721664
1414549800 4303343616 852721664 4303343616 852721664
1414548000 4303343616 852721664 4303343616 852721664
1414546200 4303343616 852721664 4303343616 852721664
1414544400 4303343616 852721664 4303343616 852721664
1414542600 4303343616 852721664 4303343616 852721664
1414540800 4303343616 852721664 4303343616 852721664
1414539000 4303343616 852721664 4303343616 852721664
1414537200 4303343616 852721664 4303343616 852721664
1414535400 4303343616 852721664 4303343616 852721664
1414533600 4303343616 852721664 4303343616 852721664
1414531800 4303343616 852721664 4303343616 852721664
1414530000 4303343616 852721664 4303343616 852721664
1414528200 4303343616 852721664 4303343616 852721664
1414526400 4303343616 852721664 4303343616 852721664
1414524600 4303343616 852721664 4303343616 852721664
1414522800 4303343616 852721664 4303343616 852721664
1414521000 4303343616 852721664 4303343616 852721664
1414519200 4303343616 852721664 4303343616 852721664
1414517400 4303343616 852721664 4303343616 852721664
1414515600 4303343616 852721664 4303343616 852721664
1414513800 4303343616 852721664 4303343616 852721664
1414512000 4303343616 852721664 4303343616 852721664
1414510200 4303343616 852721664 4303343616 852721664
1414508400 4303343616 852721664 4303343616 852721664
1414506600 4303343616 852721664 4303343616 852721664
1414504800 4303343616 852721664 4303343616 852721664
1414503000 4303343616 852721664 4303343616 852721664
1414501200 4303343616 852721664 4303343616 852721664
1414499400 4303343616 852721664 4303343616 852721664
1414497600 4303343616 852721664 4303343616 852721664
1414495800 4303343616 852721664 4303343616 852721664
1414494000 4303343616 852721664 4303343616 852721664
1414492200 4303343616 852721664 4303343616 852721664
1414490400 4303343616 852721664 4303343616 852721664
1414488600 4303343616 852721664 4303343616 852721664
1414486800 4303343616 852721664 4303343616 852721664
1414485000 4303343616 852721664 4303343616 852721664
1414483200 4303343616 852721664 4303343616 852721664
1414481400 4303343616 852721664 4303343616 852721664
1414479600 4303343616 852721664 4303343616 852721664
1414477800 4303343616 852721664 4303343616 852721664
1414476000 4303343616 852721664 4303343616 852721664
1414474200 4303343616 852721664 4303343616 852721664
1414472400 4303343616 852721664 4303343616 852721664
1414470600 4303343616 852721664 4303343616 852721664
1414468800 4303343616 852721664 4303343616 852721664
1414467000 4303343616 852721664 4303343616 852721664
1414465200 4303343616 852721664 4303343616 852721664
1414463400 4303343616 852721664 4303343616 852721664
1414461600 4303343616 852721664 4303343616 852721664
1414459800 4303343616 852721664 4303343616 852721664
1414458000 4303343616 852721664 4303343616 852721664
1414456200 4303343616 852721664 4303343616 852721664
1414454400 4303343616 852721664 4303343616 852721664
1414452600 4303343616 852721664 4303343616 852721664
1414450800 4303343616 852721664 4303343616 852721664
1414449000 4303343616 852677402 4303343616 852721664
1414447200 4303343616 783910458 4303343616 786567168
1414445400 4303343616 783234944 4303343616 783310848
1414443600 4303343616 783049961 4303343616 783134720
1414441800 4303343616 782868363 4303343616 782942208
1414440000 4303343616 782701140 4303343616 782761984
1414438200 4303343616 772702098 4303343616 782618624
1414436400 4303343616 767616923 4303343616 767688704
1414434600 4303343616 767434599 4303343616 767524864
1414432800 4303343616 767255804 4303343616 767324160
1414431000 4303343616 767119229 4303343616 767193088
1414429200 4303343616 766934231 4303343616 767012864
1414427400 4303343616 766748544 4303343616 766832640
1414425600 4303343616 766522556 4303343616 766603264
1414423800 4303343616 766308133 4303343616 766414848
1414422000 4303343616 766005056 4303343616 766107648
1414420200 4303343616 765780452 4303343616 765865984
1414418400 4315054751 765516954 4477169664 765616128
1414416600 1017542523 764952910 4477169664 765349888
1414414800 330552124 764606261 336474112 764743680
1414413000 324471862 764368740 331649024 764436480
1414411200 321935077 764108592 339578880 764231680
1414409400 342681895 763869017 355893248 763969536
1414407600 343302767 763589804 349417472 763707392
1414405800 349453696 763318735 351453184 763445248
1414404000 346916569 762974009 352374784 763105280
1414402200 347754711 762638815 355192832 762793984
1414400400 347894835 762277600 355192832 762466304
1414398600 353884703 761865249 354893824 762040320
1414396800 350821120 761433249 355418112 761565184
1414395000 353441523 761079575 364081152 761241600
1414393200 356175753 760742347 360312832 760864768
1414391400 357942608 760472084 366055424 760569856
1414389600 363620761 760157950 368173056 760299520
1414387800 365023654 759815165 365936640 759959552
1414386000 364016320 759423453 368996352 759570432
1414384200 364716172 759085512 370049024 759234560
1414382400 353661055 758728241 356544512 758894592
1414380600 356779485 758125606 358756352 758337536
1414378800 354886874 758902064 360009728 763293696
1414377000 349253408 768289304 353177600 771989504
1414375200 346011249 771539808 347709440 775847936
1414373400 339836889 778683248 345423872 780226560
1414371600 344749565 781624290 345702400 783417344
1414369800 341842615 782906422 346849280 785113088
1414368000 346415094 784909921 348471296 785113088
1414366200 338052716 789626681 346693632 795754496
1414364400 334925425 795850719 337309696 796131328
1414362600 387976924 799116485 513339392 818233344
1414360800 335733017 818844999 369057792 819511296
1414359000 369942243 819328252 373882880 819474432
1414357200 370602770 819300920 378814464 819359744
1414355400 378192522 819111166 380313600 819204096
1414353600 375869610 818997238 377761792 819064832
1414351800 379866343 812000440 396787712 819064832
1414350000 395447256 797981333 397926400 798048256
1414348200 390584014 797888516 397926400 797949952
1414346400 388560181 797871319 393252864 797941760
1414344600 391967325 798146568 397406208 800378880
1414342800 392805491 800208765 393551872 800321536
1414341000 389308955 799967713 393830400 800088064
1414339200 392287122 799657173 395427840 799727616
1414337400 384158592 799435299 389140480 799535104
1414335600 387592173 799144426 389550080 799293440
1414333800 382161448 798835188 385900544 798949376
1414332000 379315968 798475950 382590976 798621696
1414330200 366623620 797947696 368676864 798044160
1414328400 369742085 797729331 371638272 797802496
1414326600 365278478 797800090 370376704 798076928
1414324800 358161041 798072053 359604224 798183424
1414323000 354653336 797999115 359559168 798060544
1414321200 342318272 797878266 358461440 797954048
1414319400 353767082 797838579 355909632 797908992
1414317600 355170221 797659078 358830080 797798400
1414315800 359298054 797715851 370061312 797949952
1414314000 368816102 797857081 375660544 797937664
1414312200 376757363 797723795 378306560 797847552
1414310400 375368935 797383813 380719104 797569024
1414308600 383068063 796926192 386113536 797196288
1414306800 384812889 796619877 386646016 796753920
1414305000 379044215 796454317 385462272 796540928
1414303200 383138569 796273670 384172032 796446720
1414301400 385616395 795852524 387928064 796008448
1414299600 383480247 795563232 386289664 795639808
1414297800 379805747 795504484 381317120 795586560
1414296000 380873823 795204741 382406656 795369472
1414294200 372476572 796763249 377274368 798572544
1414292400 369822360 798383385 371806208 799666176
1414290600 367478489 799513007 382455808 799666176
1414288800 376719432 799729390 381931520 800960512
1414287000 370210376 800725326 374730752 800960512
1414285200 377872428 800645595 383512576 802557952
1414283400 377475717 802372935 379273216 805093376
1414281600 373308652 804183549 375005184 805093376
1414279800 367370526 806385513 370708480 811335680
1414278000 354646894 811070641 362663936 811204608
1414276200 409314098 837014689 555388928 862846976
1414274400 355586650 830457254 392572928 834256896
1414272600 390742914 829520447 394571776 829575168
1414270800 387955823 829388922 392740864 829517824
1414269000 386526956 829400311 390062080 829476864
1414267200 380258241 829189947 381382656 829308928
1414265400 401624288 797496714 409755648 829042688
1414263600 402301381 790968093 403931136 791093248
1414261800 395475974 790750407 399392768 790806528
1414260000 392238610 790542864 396005376 790634496
1414258200 391322508 790286705 396210176 790417408
1414256400 388003299 789980304 389226496 790097920
1414254600 384697353 789681977 388853760 789794816
1414252800 380162754 789445130 382418944 789524480
1414251000 378131768 789220498 379748352 789307392
1414249200 377491332 788939963 379748352 789045248
1414247400 373757230 788670255 374353920 788795392
1414245600 373019157 788313826 376745984 788480000
1414243800 373571248 787962921 380751872 788127744
1414242000 376019101 787573242 382832640 787656704
1414240200 383975052 787172334 385351680 787378176
1414238400 384697861 786756757 386752512 786862080
1414236600 385140486 786433131 386297856 786575360
1414234800 384647940 786087700 387510272 786227200
1414233000 379302691 785778402 384262144 785944576
1414231200 373746229 785378393 382136320 785551360
1414229400 377943664 784971469 381042688 785162240
1414227600 381374797 784533863 385531904 784723968
1414225800 383955660 784069437 387346432 784322560
1414224000 386498281 783468954 387346432 783679488
1414222200 386663543 782934992 388448256 783192064
1414220400 383719732 782517124 388292608 782663680
1414218600 380698822 781897988 382525440 782118912
1414216800 381867088 781262396 382525440 781500416
1414215000 380090466 780563541 382291968 780689408
1414213200 379826688 780149110 381145088 780320768
1414211400 378723340 779695141 380932096 779886592
1414209600 380225869 779103977 381685760 779341824
1414207800 379392878 778578277 383328256 778878976
1414206000 380396347 778126366 383537152 778297344
1414204200 374272970 777636230 378011648 777850880
1414202400 362844286 777187727 372740096 777326592
1414200600 369777398 776578517 374390784 776892416
1414198800 372391125 775999102 382996480 776228864
1414197000 369787295 775356014 376016896 775593984
1414195200 361782234 774730164 368922624 774922240
1414193400 351046513 774148383 352792576 774479872
1414191600 342207618 773581715 343142400 773869568
1414189800 414260383 777326093 571170816 781721600
1414188000 301288333 733334606 329105408 736059392
1414186200 328441481 732454034 330399744 732606464
1414184400 316709254 732172750 324833280 732274688
1414182600 320246061 731824574 326983680 731975680
1414180800 327222191 731451162 329965568 731602944
1414179000 321225954 747708853 361639936 762064896
1414177200 363317078 747794064 365154304 748060672
1414175400 364981524 747319720 365481984 747491328
1414173600 366312662 746945589 366903296 747098112
1414171800 367258459 746501214 367955968 746700800
1414170000 366079307 746060841 369324032 746258432
1414168200 357848888 745623232 362536960 745824256
1414166400 361210575 745163678 363089920 745381888
1414164600 356245859 744603378 363716608 744775680
1414162800 365365635 744176702 372170752 744361984
1414161000 352429077 743795817 363458560 743952384
1414159200 341884852 743406629 343896064 743596032
1414157400 341882769 742943103 344981504 743137280
1414155600 346708749 742465170 349085696 742674432
1414153800 344879059 741977755 348860416 742170624
1414152000 351321971 741548779 352620544 741703680
1414150200 343642581 740468759 350433280 741027840
1414148400 342821010 739845082 345763840 740065280
1414146600 341840182 739236085 342650880 739491840
1414144800 342885989 738614248 344862720 738848768
1414143000 346507151 737964270 347951104 738193408
1414141200 346033167 737343810 347799552 737595392
1414139400 321748576 736839915 347746304 737054720
1414137600 342614797 736180340 347258880 736473088
1414135800 345518809 735482904 347353088 735727616
1414134000 346738189 734789796 349835264 735158272
1414132200 346098259 734154346 347774976 734408704
1414130400 343734481 733448973 345088000 733753344
1414128600 342715490 732696194 350486528 732991488
1414126800 347112427 731932695 351129600 732307456
1414125000 346809506 731109553 351100928 731418624
1414123200 343142405 730288923 348762112 730664960
1414121400 334659301 729508730 340172800 729796608
1414119600 337237498 728701723 339066880 729067520
1414117800 337360798 727933017 340742144 728236032
1414116000 331692817 727210169 336723968 727547904
1414114200 333383123 726464050 334405632 726761472
1414112400 329465210 725657091 334757888 726032384
1414110600 330412588 724953289 333193216 725282816
1414108800 330993406 724034147 333291520 727023616
1414107000 328535514 726672182 332349440 727023616
1414105200 331379151 726338727 334733312 728883200
1414103400 368956720 751769878 462508032 779190272
1414101600 310645526 752497186 344690688 755474432
1414099800 340918648 755320835 345157632 755556352
1414098000 337170287 755427106 341491712 756125696
1414096200 333644823 755870711 334082048 756072448
1414094400 334553870 755008569 340819968 755613696
1414092600 336757940 752617832 342155264 752783360
1414090800 330097812 752294423 333279232 752443392
1414089000 331010804 751368397 335925248 752091136
1414087200 336715016 750491084 338599936 750755840
1414085400 332430198 749900182 337924096 750084096
1414083600 327825179 749436588 330125312 749686784
1414081800 324049602 748983897 326533120 749158400
1414080000 328425834 748368899 335388672 748662784
1414078200 331547594 748000122 332267520 748269568
1414076400 328434422 747379046 334278656 748072960
1414074600 322929324 747861807 328421376 748072960
1414072800 323118893 747869556 331038720 748118016
1414071000 330746398 747529852 334352384 747757568
1414069200 333894176 746943290 337686528 747225088
1414067400 338103791 746105027 343166976 746430464
1414065600 338643014 745432005 344141824 745680896
1414063800 334715845 744721882 338309120 745152512
1414062000 334950116 743842725 342716416 744165376
1414060200 343435040 743098672 344813568 743391232
1414058400 340999021 742426056 342814720 742813696
1414056600 333320647 741795870 339668992 741953536
1414054800 330246841 741649982 331603968 742457344
1414053000 324347886 743426582 327409664 743919616
1414051200 323875909 742860707 335912960 743243776
1414049400 336141572 741321107 336859136 742141952
1414047600 326521534 740187019 337338368 741019648
1414045800 330116586 740559375 333533184 741019648
1414044000 328051972 744377148 333533184 746999808
1414042200 325021398 746868902 328994816 747675648
1414040400 323581325 747162996 325341184 747552768
1414038600 319849646 750094312 325341184 754036736
1414036800 315109756 753415904 319565824 754036736
1414035000 318589679 753110034 320839680 754405376
1414033200 316716908 754111197 320778240 755593216
1414031400 313244657 755364988 316121088 755699712
1414029600 316627650 754719319 319504384 755052544
1414027800 319311825 753277274 325578752 753696768
1414026000 324554097 751763295 326373376 752455680
1414024200 325500353 750726857 332169216 751091712
1414022400 331017478 750075312 333688832 750510080
1414020600 321723350 749335380 324505600 749670400
1414018800 313300705 748627684 315015168 749117440
1414017000 372064734 749352341 488267776 751554560
1414015200 299518059 713161141 326774784 714125312
1414013400 328089619 712924597 333705216 713277440
1414011600 330062109 711905249 335327232 712400896
1414009800 335069264 710857364 340422656 711294976
1414008000 336296924 709089661 338194432 710344704
1414006200 338403230 707172364 339582976 707604480
1414004400 340203648 706111332 343228416 706572288
1414002600 342808809 704987047 346492928 705445888
1414000800 342130647 702252091 347037696 704376832
1413993600 353942029 696506284 359907328 699580416
1413986400 356439064 690925580 362868736 693530624
1413979200 357423724 685249748 363937792 688177152
1413972000 348262015 678533679 361529344 682024960
1413964800 343058999 671195070 358879232 674480128
1413957600 325077867 664316005 332812288 668094464
1413950400 324463017 655009640 332779520 659619840
1413943200 316689125 645990211 322600960 650027008
1413936000 387483665 634784670 1961238528 641515520
1413928800 352235520 542081955 352235520 547852288
1413921600 352235520 509966026 352235520 535879680
1413914400 352235520 480048324 352235520 486551552
1413907200 345867029 466136555 352235520 472420352
1413900000 332699593 474360148 345559040 482435072
1413892800 335656017 489141965 352104448 494432256
1413885600 336013376 497031034 347176960 498999296
1413878400 331675629 495096506 350670848 495964160
1413871200 329010450 488281110 340844544 491216896
1413864000 321703648 491056970 336293888 507572224
1413856800 316005112 509541184 326983680 516153344
1413849600 303203169 518398626 326311936 532688896
1413842400 312645835 492027730 323457024 505765888
1413835200 327478995 478609753 337580032 506015744
1413828000 326478514 494278106 338006016 522719232
1413820800 330572936 518065502 340635648 521588736
1413813600 327098632 525097539 341057536 563924992
1413806400 331089943 626390792 342847488 660434944
1413799200 320913744 662550642 355852288 668221440
1413792000 316655878 690971545 330743808 725852160
1413784800 316755083 776532868 324521984 852307968
1413777600 315731494 896710532 325967872 915386368
1413770400 316443556 921144507 327331840 924659712
1413763200 332788757 946079334 480317440 1096306688
1413756000 312524670 1101893928 326025216 1138114560
1413748800 310547239 1126650389 325451776 1151848448
1413741600 313456666 1134440058 326266880 1134546944
1413734400 348817120 1135704102 404996096 1137225728
1413727200 509467153 1136934715 644202496 1136988160
1413720000 745468384 1136815425 844148736 1136865280
1413712800 943031797 1136570133 1048342528 1136754688
1413705600 1122395236 1136001389 1188917248 1136406528
1413698400 622197096 1134013250 1266057216 1135521792
1413691200 313739167 1132869315 326430720 1133117440
1413684000 341159010 1132012651 357355520 1132277760
1413676800 359458690 1131766491 552030208 1131872256
1413669600 314350063 1104367057 340836352 1105248256
1413662400 344846602 1092828593 359084032 1104437248
1413655200 356144988 1082930836 365563904 1082998784
1413648000 351350274 1082780124 359157760 1082855424
1413640800 331058156 1082499023 348147712 1082662912
1413633600 327768771 1082299024 336187392 1082380288
1413626400 331893890 1082125277 341696512 1082224640
1413619200 333205512 1081864491 346689536 1082023936
1413612000 346369410 1081777312 351723520 1081839616
1413604800 356820890 1081530126 366604288 1081729024
1413597600 354682610 1081206409 364597248 1081278464
1413590400 350574795 1081641228 497860608 1086672896
1413583200 363016665 1056927704 379965440 1058246656
1413576000 361071189 1042890731 380956672 1057341440
1413568800 361783661 1034660260 367812608 1036275712
1413561600 373368720 1038691689 384753664 1041342464
1413554400 379501671 1051989116 387608576 1066381312
1413547200 379702765 1068040357 389689344 1070518272
1413540000 378681584 1071255228 387641344 1071534080
1413532800 361693012 1073365636 378327040 1073688576
1413525600 355375126 1073540753 388022272 1073598464
1413518400 431889845 1073397909 477532160 1073467392
1413511200 505327828 1072817165 524894208 1073336320
1413504000 583402296 1072633822 1233809408 1072721920
1413496800 1453690771 1029621562 1495924736 1033224192
1413489600 1523711946 1029331094 1547833344 1029398528
1413482400 1561502484 1029176625 1584369664 1029271552
1413475200 1613251923 1028905920 1646202880 1029087232
1413468000 1675759758 1028567509 1710821376 1028689920
1413460800 1744728510 1028154384 1781633024 1028444160
1413453600 1821893934 1027405774 1862361088 1027506176
1413446400 1894024940 1027036391 1970380800 1027244032
1413439200 2000085875 1025425410 2045972480 1026002944
1413432000 765065930 1024851569 2071175168 1025011712
1413424800 335429632 1023768841 335429632 1024700416
1413417600 335429632 1022795353 335429632 1022959616
1413410400 335429632 979120874 335429632 979419136
1413403200 335429632 978749040 335429632 978911232
1413396000 335429632 978407872 335429632 978583552
1413388800 326064434 977775118 337969152 978206720
1413381600 314652004 976787688 321028096 977235968
1413374400 318516535 976293282 324665344 976527360
1413367200 322626587 975776168 330420224 976007168
1413360000 327889858 975172152 341274624 975499264
1413352800 332130893 974569862 337022976 974888960
1413345600 329710406 973649208 335036416 974159872
1413338400 319882553 972684646 330412032 973160448
1413331200 331293448 972161894 550735872 997191680
1413324000 330339347 991791552 342859776 997191680
1413316800 329586262 990477499 340873216 991186944
1413309600 323422016 989263556 328691712 989696000
1413302400 323123958 988338405 335134720 993574912
1413295200 305047776 1001821469 314781696 1015373824
1413288000 310382433 1019874757 319590400 1024065536
1413280800 320409029 1031416194 331067392 1033842688
1413273600 328077133 1033672338 340557824 1034129408
1413266400 347233215 1033632066 356737024 1034092544
1413259200 357530611 1032711391 362758144 1033043968
1413252000 369476805 1031793994 384745472 1032335360
1413244800 385946866 1031373123 662855680 1137045504
1413237600 351398418 1132670722 362827776 1137045504
1413230400 360552168 1131455833 365539328 1132404736
1413223200 364092556 1130936875 380055552 1131257856
1413216000 341209260 1130306335 365940736 1130446848
1413208800 350988371 1130018416 357404672 1130151936
1413201600 349899962 1129691260 353681408 1129811968
1413194400 346216973 1129427233 353345536 1129562112
1413187200 346865883 1129834437 350740480 1131552768
1413180000 350708930 1131199059 357642240 1133297664
1413172800 345493159 1134519299 351531008 1137164288
1413165600 341109685 1136779088 347672576 1137209344
1413158400 320929912 1157204446 343617536 1279905792
1413151200 348094348 1259392072 363524096 1263640576
1413144000 381557876 1235544045 392286208 1259270144
1413136800 384353764 1232089931 392810496 1232130048
1413129600 356207576 1232212874 364965888 1232306176
1413122400 370112011 1232310785 386048000 1232371712
1413115200 384708361 1232283122 390524928 1232314368
1413108000 381704002 1232135815 385458176 1232257024
1413100800 382902894 1231919026 388096000 1232027648
1413093600 381144295 1231649944 387780608 1231699968
1413086400 392831565 1231464162 399843328 1231597568
1413079200 382636123 1230757562 400265216 1230970880
1413072000 347802928 1233740665 369090560 1245442048
1413064800 326159787 1204652043 350380032 1209196544
1413057600 338190113 1179274450 362401792 1204400128
1413050400 357441424 1157963420 362696704 1158008832
1413043200 352705634 1157582526 359915520 1157922816
1413036000 353092839 1156982255 366620672 1157025792
1413028800 350692607 1156893338 362950656 1156935680
1413021600 354137390 1156800492 362799104 1156849664
1413014400 361866651 1156609998 373862400 1156751360
1413007200 367897835 1160774891 376725504 1170169856
1413000000 356452782 1173076869 361349120 1175474176
1412992800 352492763 1175364405 358899712 1175457792
1412985600 329092694 1176748339 343588864 1227079680
1412978400 341967075 1222619982 365301760 1227079680
1412971200 358702678 1209490084 364527616 1209503744
1412964000 360547461 1209459872 362967040 1209475072
1412956800 359289026 1209450289 365289472 1209466880
1412949600 360661621 1209092702 365121536 1209315328
1412942400 346834935 1208708048 355323904 1208844288
1412935200 341809038 1208644416 349511680 1208659968
1412928000 347261489 1208473921 353083392 1208524800
1412920800 353062635 1208347106 357515264 1208430592
1412913600 356125792 1208155249 366739456 1208254464
1412906400 362708423 1207942806 370708480 1208020992
1412899200 330616747 1209806685 652365824 1228554240
1412892000 793575319 1199008565 822149120 1201582080
1412884800 915073625 1186212211 958304256 1198911488
1412877600 959151187 1184357188 967114752 1184399360
1412870400 958005629 1185258357 970600448 1185746944
1412863200 954075153 1185623167 965251072 1185763328
1412856000 952580111 1185513995 964898816 1185583104
1412848800 948333824 1185493478 960303104 1185566720
1412841600 950700693 1185292928 962904064 1185402880
1412834400 935050178 1187712076 942936064 1207033856
1412827200 921185137 1221459575 927674368 1238093824
1412820000 934916886 1239532728 943616000 1244409856
1412812800 910853289 1247386058 1646989312 1257689088
1412805600 1853061072 1216729121 1876885504 1220616192
1412798400 1897753872 1215677485 1929109504 1216204800
1412791200 1938239374 1215230578 1956737024 1215393792
1412784000 1968632799 1214826229 1985110016 1215057920
1412776800 2005797517 1214399756 2028355584 1214517248
1412769600 2043398881 1214058438 2069929984 1214214144
1412762400 1062233901 1213810294 2073616384 1213960192
1412755200 860504064 1213464186 860504064 1213624320
1412748000 860504064 1213136468 860504064 1213337600
1412740800 860504064 1212174474 860504064 1212817408
1412733600 860504064 1211332994 860504064 1211920384
1412726400 860504064 1210558919 860504064 1211129856
1412719200 860504064 1180934419 860504064 1181368320
1412712000 860504064 1180889420 860504064 1180905472
1412704800 860504064 1180842486 860504064 1180860416
1412697600 860504064 1180244603 860504064 1180819456
1412690400 860504064 1179761431 860504064 1179947008
1412683200 860504064 1179382245 860504064 1179529216
1412676000 860504064 1179319441 860504064 1179357184
1412668800 866054106 1179002279 888119296 1179213824
1412661600 919380549 1178669211 952438784 1178705920
1412654400 963548857 1178588935 984670208 1178636288
1412647200 1011084737 1178278723 1021263872 1178341376
1412640000 1074181598 1178215302 1673039872 1178230784
1412632800 1802941038 1135279900 1816899584 1136824320
1412625600 1834561250 1118086888 1843703808 1135198208
1412618400 1467007270 1113535821 1846161408 1113554944
1412611200 344764416 1113212836 344764416 1113509888
1412604000 344764416 1112116491 344764416 1113034752
1412596800 344764416 1111095256 344764416 1111285760
1412589600 344764416 1110948485 344764416 1111023616
1412582400 344764416 1110696411 344764416 1110814720
1412575200 344764416 1110544694 344764416 1110609920
1412568000 344789664 1110229951 345645056 1110429696
1412560800 338311932 1109974998 345886720 1110884352
1412553600 329584798 1111958951 471801856 1145917440
1412546400 354354882 1145229960 366645248 1145917440
1412539200 359523399 1144267068 365711360 1145147392
1412532000 348425374 1143684581 363720704 1143754752
1412524800 339674420 1143502334 345616384 1143590912
1412517600 337347235 1143252471 340504576 1143492608
1412510400 332342440 1142673042 337141760 1142747136
1412503200 339601723 1142541456 345989120 1142611968
1412496000 338015817 1142340907 344440832 1142448128
1412488800 332510349 1142175384 343506944 1142231040
1412481600 336059464 1141990177 344051712 1142124544
1412474400 327039632 1141680780 332394496 1141772288
1412467200 331536566 1144980818 527257600 1173327872
1412460000 345168471 1150981046 349970432 1151430656
1412452800 328029167 1150542443 348598272 1150914560
1412445600 322688363 1150464499 327606272 1150484480
1412438400 320789315 1150395209 331665408 1150423040
1412431200 310328787 1150348961 325378048 1150365696
1412424000 320836643 1150308516 327876608 1150328832
1412416800 324487625 1150200957 331448320 1150291968
1412409600 328711778 1149941228 333758464 1149984768
1412402400 342856462 1149851119 355577856 1149898752
1412395200 340231660 1149642698 352784384 1149804544
1412388000 336966467 1149439948 347107328 1149583360
1412380800 344354999 1149621905 543723520 1152675840
1412373600 338259921 1133997828 346664960 1134497792
1412366400 338715144 1086531423 358526976 1134034944
1412359200 344493971 1062759744 352313344 1062789120
1412352000 332082812 1062681452 344805376 1062858752
1412344800 311060394 1062803438 319053824 1062854656
1412337600 321212772 1062721353 329633792 1062768640
1412330400 322866354 1062655128 329633792 1062719488
1412323200 314872329 1062490402 322519040 1062612992
1412316000 321667133 1062259693 329003008 1062309888
1412308800 335506547 1062154040 348913664 1062215680
1412301600 342165538 1061994468 349450240 1062055936
1412294400 332050045 1065560545 531771392 1085648896
1412287200 302295456 1082823608 319934464 1084022784
1412280000 305314129 1102532819 325812224 1116606464
1412272800 318244613 1106678972 328261632 1106726912
1412265600 308085791 1106584050 331960320 1106616320
1412258400 312458260 1106530718 317181952 1107103744
1412251200 305752427 1107229565 309948416 1107394560
1412244000 304808617 1107376132 314183680 1107398656
1412236800 309233722 1107386529 317849600 1107419136
1412229600 316140267 1107393882 333746176 1107435520
1412222400 330473644 1107325749 343126016 1107415040
1412215200 325174432 1107142803 332353536 1107185664
1412208000 332624008 1107705262 495947776 1170268160
1412200800 311964260 1171190477 337633280 1171755008
1412193600 323984006 1170886470 342355968 1171697664
1412186400 313134381 1172852915 319209472 1176317952
1412179200 315055159 1176274078 328785920 1176309760
1412172000 295117807 1176277724 303390720 1176649728
1412164800 297751794 1176797184 304287744 1176875008
1412157600 294537889 1176727363 300486656 1176768512
1412150400 299751582 1178866864 313298944 1180073984
1412143200 307460863 1180399893 316903424 1180901376
1412136000 323971675 1180881422 340119552 1181003776
1412128800 336435517 1181214111 344174592 1181454336
1412121600 353954643 1184325070 879333376 1204592640
1412114400 993698986 1161822734 1025871872 1162694656
1412107200 1040087908 1161463248 1064091648 1161646080
1412100000 1080206307 1161295858 1099501568 1161322496
1412092800 1117367440 1160954419 1145131008 1161261056
1412085600 1181635060 1160706373 1220886528 1160744960
1412078400 1247443812 1160610454 1271599104 1160658944
1412071200 1287449934 1160524105 1309351936 1160556544
1412064000 1343860736 1160439619 1384194048 1160486912
1412056800 1405105186 1160355827 1431928832 1160388608
1412049600 1469048275 1160280727 1510776832 1160323072
1412042400 1557552044 1160052172 1604718592 1160232960
1412035200 1508318138 1159948481 1873776640 1159995392
1412028000 316399616 1112826945 316399616 1113489408
1412020800 316399616 1104166140 316399616 1112752128
1412013600 316399616 1099811991 316399616 1099853824
1412006400 316399616 1099711982 316399616 1099759616
1411999200 316399616 1099638253 316399616 1099669504
1411992000 316399616 1099528345 316399616 1099575296
1411984800 316399616 1099423385 316399616 1099481088
1411977600 316399616 1099096835 316399616 1099386880
1411970400 314872964 1098947558 320253952 1099296768
1411963200 309915485 1099798275 319082496 1100349440
1411956000 305403888 1100735700 311304192 1100840960
1411948800 325473944 1102479953 548597760 1128468480
1411941600 309050498 1127585774 321187840 1128468480
1411934400 312219444 1127021192 332726272 1128431616
1411927200 304199357 1129033407 311066624 1131286528
1411920000 313126744 1130349807 318144512 1130967040
1411912800 315410513 1130613933 323612672 1134022656
1411905600 309587341 1135027947 314462208 1135759360
1411898400 309012907 1137532515 316219392 1138913280
1411891200 311528196 1138872481 314867712 1138892800
1411884000 314428255 1140437795 324587520 1141809152
1411876800 317043069 1140677126 326508544 1141370880
1411869600 313783000 1145327542 331862016 1148321792
1411862400 321376663 1162350728 557187072 1248960512
1411855200 316390759 1248224745 328617984 1248960512
1411848000 314373650 1238466852 319766528 1248440320
1411840800 316125690 1237092017 319971328 1237114880
1411833600 311303815 1237679049 321421312 1237979136
1411826400 310024220 1237783993 323850240 1237979136
1411819200 321714199 1237711217 324386816 1237823488
1411812000 320513966 1237801632 325963776 1237823488
1411804800 324802685 1237809691 328777728 1237872640
1411797600 317778317 1237711955 322785280 1237835776
1411790400 309744473 1237333990 320921600 1237417984
1411783200 301814165 1237247137 318881792 1237262336
1411776000 309124402 1237768672 425160704 1246314496
1411768800 318202398 1200356008 340996096 1206747136
1411761600 323545113 1194468689 328421376 1194475520
1411754400 329072975 1194426870 334766080 1194455040
1411747200 336566368 1194380791 341934080 1194397696
1411740000 336817190 1194292542 345059328 1194356736
1411732800 343691032 1194186232 348770304 1194205184
1411725600 348007720 1194146806 355475456 1194160128
1411718400 338845599 1193936508 344317952 1194119168
1411711200 331460961 1193770811 336982016 1193807872
1411704000 330454291 1193620985 336420864 1193635840
1411696800 329125382 1194461838 334663680 1201135616
1411689600 329273494 1204061227 559349760 1205051392
1411682400 292111486 1172598671 304971776 1173327872
1411675200 313854041 1146994140 330706944 1172541440
1411668000 324615998 1134192459 328355840 1134219264
1411660800 328468643 1134060669 333901824 1134166016
1411653600 332749091 1133783486 340410368 1133854720
1411646400 328273416 1133536755 334516224 1133580288
1411639200 331292884 1133477363 336519168 1133506560
1411632000 323107992 1133227816 330047488 1133449216
1411624800 318098749 1132988526 322711552 1133142016
1411617600 307621191 1132533517 314761216 1132748800
1411610400 310699368 1132233168 316256256 1132347392
1411603200 313018036 1133130092 483184640 1141272576
1411596000 321290013 1083526459 333316096 1085964288
1411588800 330924148 1082091132 340381696 1083355136
1411581600 332272131 1081865195 335728640 1081905152
1411574400 330151344 1081747607 336871424 1081798656
1411567200 332837599 1081509502 345444352 1081683968
1411560000 344091568 1081314961 350625792 1081380864
1411552800 342428553 1081145314 347590656 1081229312
1411545600 343415684 1080966794 348954624 1081049088
1411538400 327371895 1081964662 337612800 1083146240
1411531200 328392206 1082913459 341274624 1082978304
1411524000 333442300 1083034058 345423872 1083858944
1411516800 317072155 1087824812 836911104 1129639936
1411509600 862570084 1113534372 882651136 1126019072
1411502400 860442149 1137170206 867905536 1147076608
1411495200 874432666 1157999155 882962432 1172082688
1411488000 882993959 1183173954 891027456 1188704256
1411480800 889346772 1197837318 896794624 1213607936
1411473600 894286216 1224500476 898297856 1238556672
1411466400 884287298 1261671344 892973056 1292791808
1411459200 867243404 1321110010 882589696 1376305152
1411452000 835793398 1394410794 844562432 1408524288
1411444800 844518427 1409510390 855404544 1410785280
1411437600 852883092 1410670981 862965760 1411096576
1411430400 909830126 1410975455 1654841344 1411096576
1411423200 1803329887 1355479568 1822932992 1357516800
1411416000 1828658146 1355088332 1838596096 1355259904
1411408800 1844486233 1354812021 1856212992 1354948608
1411401600 1866057157 1354497993 1879932928 1354649600
1411394400 1900841562 1354171675 1923964928 1354330112
1411387200 1940465610 1353775363 1959350272 1353998336
1411380000 1972723757 1353331629 1994113024 1353535488
1411372800 2023409660 1352826972 2045706240 1353060352
1411365600 3522911933 1352243416 4399919104 1352605696
1411358400 4399919104 1351650551 4399919104 1351901184
1411351200 4399919104 1351034936 4399919104 1351360512
1411344000 4399919104 1350377187 4399919104 1350664192
1411336800 4399919104 1315281787 4399919104 1315622912
1411329600 4399919104 1314541780 4399919104 1314893824
1411322400 4399919104 1313824458 4399919104 1314189312
1411315200 4399919104 1312963084 4399919104 1313402880
1411308000 4399919104 1312057353 4399919104 1312493568
1411300800 4399919104 1311066607 4399919104 1311543296
1411293600 4399919104 1309938164 4399919104 1310449664
1411286400 4399919104 1308800119 4399919104 1309368320
1411279200 4399919104 1307397713 4399919104 1308106752
1411272000 4399919104 1306031886 4399919104 1306689536
1411264800 4399919104 1304615672 4399919104 1305346048
1411257600 4399919104 1303109223 4399919104 1303805952
1411250400 4415572757 1250390123 4439494656 1253203968
1411243200 4455214958 1248334207 4479729664 1249239040
1411236000 4504687362 1246367373 4531556352 1247404032
1411228800 4556268930 1243806367 4583616512 1245163520
1411221600 4613944891 1241173884 4649545728 1242345472
1411214400 4682569131 1238188881 4728188928 1239654400
1411207200 4763677090 1235198797 4803477504 1236639744
1411200000 4826269885 1231960025 4869361664 1233571840
1411192800 4907907716 1228472683 4958994432 1230266368
1411185600 4999624952 1224427657 5058281472 1226350592
1411178400 5092734771 1220017705 5139283968 1222189056
1411171200 5208293365 1215352151 6050648064 1217716224
1411164000 6170515317 1170951837 6233030656 1173483520
1411156800 6282237285 1165327084 6326853632 1168154624
1411149600 7537598123 1159261095 9914576896 1162260480
1411142400 9914576896 1152377941 9914576896 1155952640
1411135200 9914576896 1144852546 9914576896 1148665856
1411128000 9914576896 1136339329 9914576896 1140465664
1411120800 9914576896 1127642497 9914576896 1131884544
1411113600 9914576896 1117491375 9914576896 1122590720
1411106400 9914576896 1106536828 9914576896 1111920640
1411099200 9914576896 1095438423 9914576896 1100890112
1411092000 9914576896 1082720620 9914576896 1088856064
1411084800 9946773004 1060567169 12889321472 1075699712
1411077600 12889321472 929011128 12889321472 936660992
1411070400 12908685088 430212445 12963565568 920322048
1411063200 13024581921 170631835 13083099136 179884032
1411056000 13142541657 148798786 13221851136 159727616
1411048800 13348433308 122332604 13535461376 136478720
1411041600 7943375217 72474188 13955858432 147824640
1411034400 13425456338 130107171 13640048640 141996032
1411027200 5292436273 379051702 14554779648 1202909184
1411020000 343388393 1202847898 358932480 1202896896
1411012800 332802119 1218235517 350081024 1230262272
1411005600 309780264 1249359131 326279168 1272328192
1410998400 311650909 1288812433 821948416 1376026624
1410991200 904520115 1356604401 920047616 1356636160
1410984000 924469585 1356520090 933658624 1356562432
1410976800 941813779 1356418542 959991808 1356472320
1410969600 969799033 1356311016 977661952 1356365824
1410962400 982913282 1356198719 992833536 1356259328
1410955200 998294648 1356046645 1008758784 1356136448
1410948000 1012976345 1355905341 1016688640 1355960320
1410940800 1018394450 1355735180 1022619648 1355825152
1410933600 1030595541 1355537882 1038393344 1355644928
1410926400 1034061699 1355346912 1042657280 1355440128
1410919200 1047417627 1355163445 1058492416 1355251712
1410912000 1110214472 1354966305 1814769664 1355087872
1410904800 1969701123 1335999546 1990098944 1336365056
1410897600 2000529078 1335795498 2009661440 1335902208
1410890400 2016106866 1335539318 2027102208 1335676928
1410883200 2043437396 1335262162 2059169792 1335386112
1410876000 2061414037 1334963302 2072834048 1335128064
1410868800 3647003812 1334575383 4295286784 1334747136
1410861600 4295286784 1334224491 4295286784 1334366208
1410854400 4295286784 1333836046 4295286784 1334030336
1410847200 4295286784 1333356459 4295286784 1333628928
1410840000 4295286784 1332767596 4295286784 1333080064
1410832800 4295286784 1331867364 4295286784 1332142080
1410825600 4295286784 1331273456 4295286784 1331527680
1410818400 4295286784 1309527399 4295286784 1310060544
1410811200 4295286784 1308816940 4295286784 1309175808
1410804000 4295286784 1308081038 4295286784 1308413952
1410796800 4295286784 1307313160 4295286784 1307738112
1410789600 4295286784 1306330940 4295286784 1306791936
1410782400 4295286784 1305318428 4295286784 1305776128
1410775200 4295286784 1304303230 4295286784 1304850432
1410768000 4295286784 1303216806 4295286784 1303736320
1410760800 4295286784 1302146216 4295286784 1302642688
1410753600 4295286784 1300892764 4295286784 1301577728
1410746400 4295286784 1299411049 4295286784 1300115456
1410739200 4295905738 1297925597 5022257152 1298653184
1410732000 5159453717 1240534803 5187338240 1242234880
1410724800 5209501064 1238695594 5234098176 1239613440
1410717600 5251971028 1236540709 5271564288 1237667840
1410710400 5285619165 1234095327 5300338688 1235243008
1410703200 5318074723 1231534689 5339336704 1232797696
1410696000 5366954797 1228805437 5394923520 1230217216
1410688800 5418675109 1225952475 5451825152 1227296768
1410681600 5485275386 1222859592 5524938752 1224376320
1410674400 5571215701 1219109427 5616754688 1221148672
1410667200 5647551691 1214776339 5686575104 1216659456
1410660000 5709699663 1210545519 5735161856 1212669952
1410652800 5792624189 1205943484 9890181120 1208119296
1410645600 9890181120 1139362193 9890181120 1145905152
1410638400 9890181120 1133981672 9890181120 1136496640
1410631200 9890181120 1128059007 9890181120 1131040768
1410624000 9890181120 1121523686 9890181120 1124786176
1410616800 9890181120 1114619483 9890181120 1118072832
1410609600 9890181120 1106987492 9890181120 1110704128
1410602400 9890181120 1098719365 9890181120 1102798848
1410595200 9890181120 1089526188 9890181120 1094201344
1410588000 9890181120 1079612919 9890181120 1084538880
1410580800 9890181120 1068723603 9890181120 1073971200
1410573600 9890181120 1057608914 9890181120 1063215104
1410566400 9917477788 1040277950 12887228416 1051193344
1410559200 12887228416 929072033 12887228416 935645184
1410552000 12887228416 417409087 12887228416 921894912
1410544800 12887228416 235178977 12887228416 243847168
1410537600 12965300323 216895318 13057458176 225779712
1410530400 13153969542 195462006 13267333120 207134720
1410523200 13421695191 166542556 13607944192 179752960
1410516000 7059038830 596410394 14300512256 1141628928
1410508800 339338191 1141375119 355143680 1141456896
1410501600 328197220 1141246607 334254080 1141313536
1410494400 344384715 1141077298 351563776 1141153792
1410487200 347691178 1140931562 354734080 1140981760
1410480000 319488582 1141790780 342450176 1296744448
1410472800 323983259 1295748484 335515648 1296744448
1410465600 336827257 1283148374 349519872 1295667200
1410458400 336526637 1274170016 345190400 1274191872
1410451200 325469067 1274067260 338145280 1274142720
1410444000 332709562 1273961459 347975680 1273995264
1410436800 340837690 1273735777 351526912 1273921536
1410429600 341065385 1273340537 348708864 1273413632
1410422400 348492685 1273065460 352546816 1273094144
1410415200 336922538 1273027067 348631040 1273044992
1410408000 321443880 1273001804 328998912 1273016320
1410400800 329980219 1272934050 334614528 1272967168
1410393600 315779210 1273287193 559214592 1276280832
1410386400 595506382 1265591576 602279936 1266978816
1410379200 592540287 1265520294 601604096 1265528832
1410372000 595097901 1265503222 601444352 1265512448
1410364800 586217373 1265418560 595496960 1265471488
1410357600 561141531 1265344673 578818048 1265364992
1410350400 551481540 1265266102 567463936 1266049024
1410343200 537814912 1272852257 550625280 1284210688
1410336000 542462052 1288207104 554147840 1288400896
1410328800 532536032 1288115322 547287040 1288372224
1410321600 548554296 1288026273 563056640 1288044544
1410314400 559866368 1287995386 566353920 1288007680
1410307200 547248142 1289927474 1295097856 1294512128
1410300000 1476403110 1266750240 1509130240 1268101120
1410292800 1526738587 1266612197 1546874880 1266675712
1410285600 830007633 1266505892 1547890688 1266515968
1410278400 731897276 1266297963 742227968 1266491392
1410271200 715985304 1265877385 729808896 1266102272
1410264000 703883192 1265606049 724189184 1265840128
1410256800 695661554 1276918291 706531328 1283096576
1410249600 722547459 1283027774 739856384 1283088384
1410242400 738067773 1283937346 748826624 1284714496
1410235200 736132278 1284941713 744525824 1285025792
1410228000 730735635 1285075349 742637568 1285410816
1410220800 687519962 1302559679 1267396608 1313148928
1410213600 1426777830 1292553894 1449914368 1294893056
1410206400 1474255009 1277454933 1498812416 1292419072
1410199200 1517090110 1268373809 1539129344 1268486144
1410192000 1543209196 1268134702 1569800192 1268281344
1410184800 1591091789 1267865193 1612328960 1268051968
1410177600 1632608036 1267772233 1661423616 1267793920
1410170400 1691239751 1267715055 1738579968 1267724288
1410163200 1768519991 1267627846 1811406848 1267658752
1410156000 1199863671 1267241825 1834561536 1267585024
1410148800 479856372 1265396889 501669888 1265442816
1410141600 517576042 1265338018 541044736 1265356800
1410134400 539805569 1267180208 564514816 1280512000
1410127200 424970808 1267159813 451895296 1273556992
1410120000 446997560 1268101505 466669568 1274662912
1410112800 475606826 1284450733 495267840 1289146368
1410105600 465743095 1298987077 485629952 1312444416
1410098400 502731353 1319559924 522547200 1326309376
1410091200 515252475 1326300890 525148160 1326329856
1410084000 449804911 1332379374 500068352 1334702080
1410076800 345624325 1338677409 470704128 1339641856
1410069600 402081426 1339312280 445698048 1339375616
1410062400 474993261 1339231896 515432448 1339277312
1410055200 553720567 1339126255 590028800 1339174912
1410048000 652412251 1339031113 1265229824 1339097088
1410040800 1468464782 1296973151 1534472192 1299202048
1410033600 1559236083 1292449646 1590022144 1296846848
1410026400 1627381744 1290727356 1666142208 1290956800
1410019200 1737339835 1289883850 1801822208 1290526720
1410012000 970336902 1279751288 1947574272 1288810496
1410004800 332890112 1273496654 332890112 1273864192
1409997600 332890112 1273204891 332890112 1273245696
1409990400 332890112 1273043567 332890112 1273159680
1409983200 334072995 1272806681 341614592 1272909824
1409976000 355071788 1272469482 370655232 1272524800
1409968800 381122199 1272375281 394878976 1272406016
1409961600 390357175 1272804775 523083776 1275957248
1409954400 611132968 1232439693 631353344 1235173376
1409947200 641576220 1232241993 658808832 1232273408
1409940000 666782504 1232170477 679632896 1232211968
1409932800 689543035 1232088224 698900480 1232113664
1409925600 703028413 1232024394 722739200 1232068608
1409918400 714457375 1231997262 750051328 1232011264
1409911200 535943563 1231954932 761999360 1231986688
1409904000 341147057 1231834762 357879808 1231941632
1409896800 343179709 1231828188 359538688 1232629760
1409889600 363644531 1232619856 378720256 1232629760
1409882400 313884331 1232589134 389861376 1232609280
1409875200 343515964 1232554949 1040793600 1232576512
1409868000 1181138826 1190458019 1238859776 1191624704
1409860800 1332250386 1159277101 1398259712 1190379520
1409853600 1432247537 1146451104 1481625600 1146470400
1409846400 1523811499 1146401443 1570516992 1146421248
1409839200 1606068176 1146320694 1647235072 1146384384
1409832000 1688483708 1146156531 1745829888 1146179584
1409824800 1793973039 1146100556 1822633984 1146118144
1409817600 1723690165 1145110179 1900449792 1146073088
1409810400 344420535 1134934332 354193408 1134989312
1409803200 343810018 1134838263 347230208 1134862336
1409796000 345861983 1134783303 354435072 1134813184
1409788800 335465045 1135665659 509128704 1167908864
1409781600 375854262 1163993539 387825664 1167908864
1409774400 377675314 1163729219 384872448 1163804672
1409767200 374324502 1163671370 384872448 1163685888
1409760000 367104140 1163537722 374972416 1163640832
1409752800 372508145 1163438238 380198912 1163481088
1409745600 383084033 1163376279 397381632 1163415552
1409738400 387912351 1163246897 400527360 1163296768
1409731200 392161725 1162967516 403693568 1163059200
1409724000 408862942 1162807274 416579584 1162858496
1409716800 410147661 1162384144 415961088 1162735616
1409709600 400736522 1162221880 411009024 1162272768
1409702400 407095806 1162319846 915501056 1162702848
1409695200 1092820281 1120606745 1111224320 1125097472
1409688000 1122938028 1108252587 1142890496 1120382976
1409680800 640020117 1102886422 1284870144 1105039360
1409616000 349018351 1127451852 522248192 1142185984
1409529600 311323437 1193354135 554033152 1210728448
1409443200 846405486 1196116787 1064767488 1237417984
1409356800 1231667364 1152509865 2072436736 1192951808
1409270400 362592392 1096786577 377716736 1146908672
1409184000 376840208 1079700142 453525504 1097072640
1409097600 371509865 1064816880 504016896 1102774272
1409011200 369494844 1054926848 662425600 1072689152
1408924800 452322423 1067904400 577548288 1079074816
1408838400 446718756 1081892860 557445120 1101955072
1408752000 423918745 1082748382 678383616 1107255296
1408665600 308779000 1145373644 647319552 1157300224
1408579200 334169094 1163510741 496189440 1184325632
1408492800 320091157 1154156517 509177856 1161531392
1408406400 308019285 1110475846 510906368 1176952832
1408320000 318424602 1118039003 502689792 1144197120
1408233600 305616722 1131225387 498302976 1141731328
1408147200 305422066 1201986157 477184000 1215062016
1408060800 1213615775 1183263768 1614192640 1222561792
1407974400 415595555 1129061299 2056011776 1178984448
1407888000 313348743 1130736743 547266560 1159786496
1407801600 315753296 1140856563 489934848 1172623360
1407715200 322128387 1068103358 470675456 1137561600
1407628800 316927140 1023949744 458465280 1063157760
1407542400 304796567 1031220279 454684672 1066598400
1407456000 898447859 1023095492 1010384896 1072017408
1407369600 705947622 971942282 1841651712 1013977088
1407283200 290283355 1024764243 441495552 1056116736
1407196800 300402517 1109450153 441245696 1120169984
1407110400 274395962 1058695924 425766912 1121271808
1407024000 363076168 1065385483 528113664 1079619584
1406937600 1355976617 1024931586 1845997568 1100795904
1406851200 501748596 932772345 1860087808 1016664064
1406764800 390027431 903655474 464584704 934301696
1406678400 832481485 795120287 1716432896 910835712
1406592000 328930005 822168849 612036608 840818688
1406505600 291484946 875872728 464220160 909344768
1406419200 268334424 947665764 472256512 977154048
1406332800 292426488 976384024 421150720 994570240
1406246400 311680465 1036055416 448634880 1064566784
1406160000 376555621 983087141 541061120 1049763840
1406073600 1041114772 962581164 1570672640 1056223232
1405987200 410568246 844620798 2061533184 949649408
1405900800 358629087 832532954 479481856 857358336
1405814400 325194930 845534916 466251776 860028928
1405728000 321603209 864500572 500404224 883044352
1405641600 305319641 933608466 440401920 950431744
1405555200 282407238 921669322 494448640 963608576
1405468800 377231129 941550045 501268480 972484608
1405382400 296007625 989148506 504061952 1030631424
1405296000 294106176 973803002 384204800 1024335872
1405209600 325447109 1033149263 415920128 1040789504
1405123200 1319141381 972541346 1859211264 1034788864
1405036800 441434901 949349472 649248768 971624448
1404950400 1421137845 917528134 2071621632 984047616
1404864000 323900693 805444340 334368768 904847360
1404777600 305291239 819830096 330137600 860016640
1404691200 314808597 769466467 334213120 852520960
1404604800 326926440 759762709 442245120 786112512
1404518400 310979523 814445159 455327744 831504384
1404432000 319396678 872344107 475561984 879190016
1404345600 307820069 921235317 451850240 938225664
1404259200 286223200 921744116 466980864 933494784
1404172800 289087925 920972653 499597312 926453760
1404086400 281577935 937477025 611459072 946733056
1404000000 293396889 999078928 515014656 1004875776
1403913600 307829383 1016762993 512450560 1027887104
1403827200 324199599 1016183215 525496320 1029406720
1403740800 301396106 996771162 476811264 1030889472
1403654400 911693126 1059881666 1381433344 1064448000
1403568000 4110870886 989035678 4361261056 1061699584
1403481600 2420826078 914134217 4361261056 977068032
1403395200 875448808 808961519 1794867200 900792320
1403308800 295483463 799070818 428830720 835874816
1403222400 301980638 801387091 443588608 827629568
1403136000 288232280 922024655 436584448 948363264
1403049600 288512855 975013669 453816320 1004384256
1402963200 305984342 1056202869 452653056 1083953152
1402876800 286279010 1059352468 455880704 1087696896
1402790400 273718108 1021448552 460505088 1079357440
1402704000 264608162 1002987638 517464064 1019920384
1402617600 506772534 1036570782 701628416 1059377152
1402531200 1580800008 961580541 2067021824 1034862592
1402444800 298506813 838808397 310276096 948928512
1402358400 285816464 848528587 451997696 881020928
1402272000 323442770 841651920 459980800 904019968
1402185600 268825357 879943798 425361408 912257024
1402099200 272453676 919679538 428707840 938299392
1402012800 266491836 962241892 351334400 974401536
1401926400 450968327 1012810622 661499904 1026662400
1401840000 292171831 1042664452 430014464 1058099200
1401753600 314796423 1020208920 416411648 1082097664
1401667200 297575263 1000315808 427315200 1021751296
1401580800 548638144 1084656958 796323840 1100353536
1401494400 3096525902 1025221407 4297641984 1089089536
1401408000 2519856236 953527070 4547457024 1015406592
1401321600 292433438 994421503 447078400 1018945536
1401235200 286672146 964499968 323104768 1029410816
1401148800 289243164 1004365744 453148672 1018368000
1401062400 300434131 1028106339 525160448 1053147136
1400976000 307743292 1051959683 441843712 1061048320
1400889600 477169158 1048395657 657879040 1068822528
1400803200 521457785 1015214386 1276534784 1064153088
1400716800 277620912 1063124906 434290688 1081487360
1400630400 286586781 1019643756 413614080 1094877184
1400544000 289637875 977581622 418979840 1012793344
1400457600 256296112 1127459941 384258048 1156259840
1400371200 311572678 1085274588 501510144 1147912192
1400284800 2332841630 925010861 4486086656 1087963136
1400198400 668709399 1020367129 1585254400 1085378560
1400112000 298217056 1064243628 450826240 1086795776
1400025600 313865091 1127457944 471793664 1146044416
1399939200 313473833 1159472789 446603264 1170980864
1399852800 296604899 1154212592 489451520 1175494656
1399766400 268401004 1202066058 448974848 1230299136
1399680000 314946227 1209524884 375885824 1280978944
1399593600 298046119 1182332117 468025344 1213140992
1399507200 301223869 1176048405 393375744 1215012864
1399420800 337591960 1117937165 405557248 1173934080
1399334400 283461250 1053627627 401670144 1111101440
1399248000 358899556 1066544534 1082564608 1346662400
1399161600 363485796 1293369560 1491910656 1345257472
1399075200 279391572 1217715989 373592064 1282428928
1398988800 463846129 1109967058 899805184 1193615360
1398902400 2118360526 402227215 13871972352 1050226688
1398816000 328524429 653849025 361619456 691204096
1398729600 318562012 726352443 334413824 761483264
1398643200 313852071 878010488 361664512 916746240
1398556800 351372874 1021890902 378671104 1058050048
1398470400 340718556 1092244462 363847680 1121656832
1398384000 320003185 778871558 385875968 1076662272
1398297600 287655258 717495941 1005748224 922611712
1398211200 301652334 926216069 450322432 946229248
1398124800 274954169 971515868 346337280 980545536
1398038400 313728865 939408234 365731840 987123712
1397952000 270388487 890746473 382091264 935661568
1397865600 666892266 895207293 803930112 915521536
1397779200 1661702149 834154809 2006749184 892436480
1397692800 4144618921 759171422 4312702976 820289536
1397606400 4352954533 662494539 4615348224 744509440
1397520000 1279883340 441853394 6333460480 628994048
1397433600 337477526 430104414 359452672 512868352
1397347200 310060336 516448131 337354752 597364736
1397260800 342388630 557107377 368734208 724385792
1397174400 329822344 589318783 366260224 649551872
1397088000 342375423 682586459 371949568 696860672
1397001600 354090612 686273100 447950848 698753024
1396915200 315267838 688421731 392781824 709246976
1396828800 320927783 683604373 451858432 717537280
1396742400 332246912 793423857 348561408 815788032
1396656000 302395012 831587178 388947968 859426816
1396569600 293866754 838735688 417505280 848048128
1396483200 350676943 858465546 407851008 875036672
1396396800 291990946 915424625 476000256 933335040
1396310400 292621217 925386218 404606976 939188224
1396224000 303790047 912889860 440389632 930967552
1396137600 313458328 894429731 448794624 908513280
1396051200 388404969 885344821 473231360 899710976
1395964800 336094926 915738748 494104576 926478336
1395878400 1106099830 915354508 1534230528 926167040
1395792000 1125836550 899826310 1464197120 910811136
1395705600 722373986 885272112 2073128960 896798720
1395619200 302833611 867407519 309428224 882364416
1395532800 302050813 858081639 412160000 867401728
1395446400 336693847 852923033 416436224 867782656
1395360000 317688832 837236974 395821056 857018368
1395273600 307226471 838492268 486936576 849383424
1395187200 346205298 855346481 421695488 861458432
1395100800 330474995 894679570 453001216 901398528
1395014400 297306457 897195666 457003008 907735040
1394928000 292328219 922032604 425103360 928399360
1394841600 299347363 924946969 391032832 927412224
1394755200 314826315 925179193 356229120 954089472
1394668800 317220490 936918825 376684544 953761792
1394582400 297723567 932432910 436760576 941563904
1394496000 331480126 928143810 421400576 933023744
1394409600 355967789 953000485 551587840 961273856
1394323200 290281287 1023426155 451186688 1036013568
1394236800 275677365 1018340174 423837696 1035886592
1394150400 298385036 1003837678 388669440 1016590336
1394064000 282329925 985133159 400257024 1007968256
1393977600 286508306 962515362 391573504 982585344
1393891200 448580661 946146472 993705984 961769472
1393804800 749964808 986504218 917487616 992137216
1393718400 3589289749 954822272 4295634944 989085696
1393632000 2866735395 931849254 4670291968 960049152
1393545600 1509612293 926437830 2073493504 960532480
1393459200 321851392 864344651 321851392 919805952
1393372800 321028292 742466562 328425472 878321664
1393286400 313299965 899971404 430157824 911052800
1393200000 318712924 919704573 506052608 923631616
1393113600 294674767 915952754 408231936 922386432
1393027200 324345287 896592778 440463360 918298624
1392940800 437821959 864321098 627105792 905424896
1392854400 258241753 862641834 381165568 878702592
1392768000 285050153 878017392 444616704 886521856
1392681600 274006540 877955326 398598144 885084160
1392595200 377329378 865423272 429867008 884506624
1392508800 314044102 912942343 411467776 954716160
1392422400 693375644 939131162 993710080 956706816
1392336000 725689340 912838804 1089122304 939167744
1392249600 1237753309 872077593 2072383488 908328960
1392163200 338806678 811133227 355082240 865853440
1392076800 309456404 812967145 415850496 845668352
1391990400 307868363 832326959 401555456 895811584
1391904000 311354322 925472253 377413632 940429312
1391817600 299941320 944665562 340152320 958271488
1391731200 292061175 996922159 400822272 1008279552
1391644800 322548792 1015657179 342568960 1037565952
1391558400 478461172 872045378 882896896 1012764672
1391472000 295171729 805246709 388767744 837046272
1391385600 315825458 808670697 397144064 831299584
1391299200 298541230 821322959 424865792 829894656
1391212800 462991812 816332441 696897536 826953728
1391126400 282825524 781210279 417169408 816619520
1391040000 303987355 767315860 430612480 786464768
1390953600 318514508 794969134 372436992 804487168
1390867200 300923753 944568152 366358528 1052909568
1390780800 306499460 1097620764 429092864 1202053120
1390694400 363420148 1225972962 477958144 1249525760
1390608000 338484648 1203377892 521003008 1225613312
1390521600 508208922 1187456976 817049600 1203064832
1390435200 291199265 1178323786 598609920 1186877440
1390348800 290483985 1163336415 535568384 1181212672
1390262400 247599492 1409328113 506359808 1457262592
1390176000 251223461 1435199498 350863360 1457782784
1390089600 262764217 1405227168 613093376 1430392832
1390003200 905955896 1409830442 1378963456 1436393472
1389916800 3907219854 1369254622 4295376896 1406513152
1389830400 4468088460 1318644692 4791488512 1359847424
1389744000 6008262448 1232000938 8590274560 1299972096
1389657600 7553490258 681237420 14755651584 1181970432
1389571200 966316871 870022428 1987457024 894529536
1389484800 900369594 827958568 1686609920 866725888
1389398400 360069722 791977884 871432192 824762368
1389312000 254147845 765195781 420134912 795344896
1389225600 250336100 733393156 318107648 761843712
1389139200 244511787 738326243 350212096 756019200
1389052800 273474228 778120957 443371520 807628800
1388966400 912791758 770742986 2001149952 807342080
1388880000 558890579 680848936 1402298368 764071936
1388793600 487537184 664908028 575447040 676859904
1388707200 915158917 656607856 1007214592 665137152
1388620800 1363760836 646724088 1471778816 655519744
1388534400 1874102298 636175584 2027302912 645455872
1388448000 12156860388 625606523 12953006080 634408960
1388361600 12953006080 611820769 12953006080 624517120
1388275200 12953006080 599757358 12953006080 609959936
1388188800 12953006080 539867864 12953006080 594837504
1388102400 12953006080 487235584 12953006080 487235584
1388016000 12953006080 487235584 12953006080 487235584
1387929600 12953006080 487235584 12953006080 487235584
1387843200 12953006080 487235584 12953006080 487235584
1387756800 12953006080 487235584 12953006080 487235584
1387670400 12953006080 487235584 12953006080 487235584
1387584000 12953006080 487235584 12953006080 487235584
1387497600 12953006080 487235584 12953006080 487235584
1387411200 12953006080 487235584 12953006080 487235584
1387324800 12953006080 487235584 12953006080 487235584
1387238400 12953006080 487235584 12953006080 487235584
1387152000 12953006080 487235584 12953006080 487235584
1387065600 12953006080 487235584 12953006080 487235584
1386979200 12953006080 487235584 12953006080 487235584
1386892800 12953006080 487235584 12953006080 487235584
1386806400 12953006080 487235584 12953006080 487235584
1386720000 12953006080 487235584 12953006080 487235584
1386633600 12953006080 487235584 12953006080 487235584
1386547200 12953006080 487235584 12953006080 487235584
1386460800 12953006080 487235584 12953006080 487235584
1386374400 12953006080 487235584 12953006080 487235584
1386288000 12953006080 487235584 12953006080 487235584
1386201600 12953006080 487235584 12953006080 487235584
1386115200 12953006080 487235584 12953006080 487235584
1386028800 12953006080 487235584 12953006080 487235584
1385942400 12953006080 487235584 12953006080 487235584
1385856000 12953006080 487235584 12953006080 487235584
1385769600 12953006080 487235584 12953006080 487235584
1385683200 12953006080 487235584 12953006080 487235584
1385596800 12953006080 487235584 12953006080 487235584
1385510400 12953006080 487235584 12953006080 487235584
1385424000 12953006080 487235584 12953006080 487235584
1385337600 12953006080 487235584 12953006080 487235584
1385251200 12953006080 487235584 12953006080 487235584
1385164800 12953006080 487235584 12953006080 487235584
1385078400 12953006080 487235584 12953006080 487235584
1384992000 12953006080 487235584 12953006080 487235584
1384905600 12953006080 487235584 12953006080 487235584
1384819200 12953006080 487235584 12953006080 487235584
1384732800 12953006080 487235584 12953006080 487235584
1384646400 12953006080 487235584 12953006080 487235584
1384560000 12953006080 487235584 12953006080 487235584
1384473600 12953006080 487235584 12953006080 487235584
1384387200 12953006080 487235584 12953006080 487235584
1384300800 12953006080 487235584 12953006080 487235584
1384214400 12953006080 487235584 12953006080 487235584
1384128000 12953006080 487235584 12953006080 487235584
1384041600 12953006080 487235584 12953006080 487235584
1383955200 12953006080 487235584 12953006080 487235584
1383868800 12953006080 487235584 12953006080 487235584
1383782400 12953006080 487235584 12953006080 487235584
1383696000 12953006080 487235584 12953006080 487235584
1383609600 12953006080 487235584 12953006080 487235584
1383523200 12953006080 487235584 12953006080 487235584
1383436800 12953006080 487235584 12953006080 487235584
1383350400 12953006080 487235584 12953006080 487235584
1383264000 12953006080 487235584 12953006080 487235584
1383177600 12953006080 487235584 12953006080 487235584
1383091200 12953006080 487235584 12953006080 487235584
1383004800 12953006080 487235584 12953006080 487235584
1382918400 12953006080 487235584 12953006080 487235584
1382832000 12953006080 487235584 12953006080 487235584
1382745600 12953006080 487235584 12953006080 487235584
1382659200 12953006080 487235584 12953006080 487235584
1382572800 12953006080 487235584 12953006080 487235584
1382486400 12953006080 487235584 12953006080 487235584
1382400000 12953006080 487235584 12953006080 487235584
1382313600 12953006080 487235584 12953006080 487235584
1382227200 12953006080 487235584 12953006080 487235584
1382140800 12953006080 487235584 12953006080 487235584
1382054400 12953006080 487235584 12953006080 487235584
1381968000 12953006080 487235584 12953006080 487235584
1381881600 12953006080 487235584 12953006080 487235584
1381795200 12953006080 487235584 12953006080 487235584
1381708800 12953006080 487235584 12953006080 487235584
1381622400 12953006080 487235584 12953006080 487235584
1381536000 12953006080 487235584 12953006080 487235584
1381449600 12953006080 487235584 12953006080 487235584
1381363200 12953006080 487235584 12953006080 487235584
1381276800 12953006080 487235584 12953006080 487235584
1381190400 12953006080 487235584 12953006080 487235584
1381104000 12953006080 487235584 12953006080 487235584
1381017600 12953006080 487235584 12953006080 487235584
1380931200 12953006080 487235584 12953006080 487235584
1380844800 12953006080 487235584 12953006080 487235584
1380758400 12953006080 487235584 12953006080 487235584
1380672000 12953006080 487235584 12953006080 487235584
1380585600 12953006080 487235584 12953006080 487235584
1380499200 12953006080 487235584 12953006080 487235584
1380412800 12953006080 487235584 12953006080 487235584
1380326400 12953006080 487235584 12953006080 487235584
1380240000 12953006080 487235584 12953006080 487235584
1380153600 12953006080 487235584 12953006080 487235584
1380067200 12953006080 487235584 12953006080 487235584
1379980800 12953006080 487235584 12953006080 487235584
1379894400 12953006080 487235584 12953006080 487235584
1379808000 12953006080 487235584 12953006080 487235584
1379721600 12953006080 487235584 12953006080 487235584
1379635200 12953006080 487235584 12953006080 487235584
1379548800 12953006080 487235584 12953006080 487235584
1379462400 12953006080 487235584 12953006080 487235584
1379376000 12953006080 487235584 12953006080 487235584
1379289600 12953006080 487235584 12953006080 487235584
1379203200 12953006080 487235584 12953006080 487235584
1379116800 12953006080 487235584 12953006080 487235584
1379030400 12953006080 487235584 12953006080 487235584
1378944000 12953006080 487235584 12953006080 487235584
1378857600 12953006080 487235584 12953006080 487235584
1378771200 12953006080 487235584 12953006080 487235584
1378684800 12953006080 487235584 12953006080 487235584
1378598400 12953006080 487235584 12953006080 487235584
1378512000 12953006080 487235584 12953006080 487235584
1378425600 12953006080 487235584 12953006080 487235584
1378339200 12953006080 487235584 12953006080 487235584
1378252800 12953006080 487235584 12953006080 487235584
1378166400 12953006080 487235584 12953006080 487235584
1378080000 12953006080 487235584 12953006080 487235584
1377993600 12953006080 487235584 12953006080 487235584
1377907200 12953006080 487235584 12953006080 487235584
1377820800 12953006080 487235584 12953006080 487235584
1377734400 12953006080 487235584 12953006080 487235584
1377648000 12953006080 487235584 12953006080 487235584
1377561600 12953006080 487235584 12953006080 487235584
1377475200 12953006080 487235584 12953006080 487235584
1377388800 12953006080 487235584 12953006080 487235584
1377302400 12953006080 487235584 12953006080 487235584
1377216000 12953006080 487235584 12953006080 487235584
1377129600 12953006080 487235584 12953006080 487235584
1377043200 12953006080 487235584 12953006080 487235584
1376956800 12953006080 487235584 12953006080 487235584
1376870400 12953006080 487235584 12953006080 487235584
1376784000 12953006080 487235584 12953006080 487235584
1376697600 12953006080 487235584 12953006080 487235584
1376611200 12953006080 487235584 12953006080 487235584
1376524800 12953006080 487235584 12953006080 487235584
1376438400 12953006080 487235584 12953006080 487235584
1376352000 12953006080 487235584 12953006080 487235584
1376265600 12953006080 487235584 12953006080 487235584
1376179200 12953006080 487235584 12953006080 487235584
1376092800 12953006080 487235584 12953006080 487235584
1376006400 12953006080 487235584 12953006080 487235584
1375920000 12953006080 487235584 12953006080 487235584
1375833600 12953006080 487235584 12953006080 487235584
1375747200 12953006080 487235584 12953006080 487235584
1375660800 12953006080 487235584 12953006080 487235584
1375574400 12953006080 487235584 12953006080 487235584
1375488000 12953006080 487235584 12953006080 487235584
1375401600 12953006080 487235584 12953006080 487235584
1375315200 12953006080 487235584 12953006080 487235584
1375228800 12953006080 487235584 12953006080 487235584
1375142400 12953006080 487235584 12953006080 487235584
1375056000 12953006080 487235584 12953006080 487235584
1374969600 12953006080 487235584 12953006080 487235584
1374883200 12953006080 487235584 12953006080 487235584
1374796800 12953006080 487235584 12953006080 487235584
1374710400 12953006080 487235584 12953006080 487235584
1374624000 12953006080 487235584 12953006080 487235584
1374537600 12953006080 487235584 12953006080 487235584
1374451200 12953006080 487235584 12953006080 487235584
1374364800 12953006080 487235584 12953006080 487235584
1374278400 12953006080 487235584 12953006080 487235584
1374192000 12953006080 487235584 12953006080 487235584
1374105600 12953006080 487235584 12953006080 487235584
1374019200 12953006080 487235584 12953006080 487235584
1373932800 12953006080 487235584 12953006080 487235584
1373846400 12953006080 487235584 12953006080 487235584
1373760000 12953006080 487235584 12953006080 487235584
1373673600 12953006080 487235584 12953006080 487235584
1373587200 12953006080 487235584 12953006080 487235584
1373500800 12953006080 487235584 12953006080 487235584
1373414400 12953006080 487235584 12953006080 487235584
1373328000 12953006080 487235584 12953006080 487235584
1373241600 12953006080 487235584 12953006080 487235584
1373155200 12953006080 487235584 12953006080 487235584
1373068800 12953006080 487235584 12953006080 487235584
1372982400 12953006080 487235584 12953006080 487235584
1372896000 12953006080 487235584 12953006080 487235584
1372809600 12953006080 487235584 12953006080 487235584
1372723200 12953006080 487235584 12953006080 487235584
1372636800 12953006080 487235584 12953006080 487235584
1372550400 12953006080 487235584 12953006080 487235584
1372464000 12953006080 487235584 12953006080 487235584
1372377600 12953006080 487235584 12953006080 487235584
1372291200 12953006080 487235584 12953006080 487235584
1372204800 12953006080 487235584 12953006080 487235584
1372118400 12953006080 487235584 12953006080 487235584
1372032000 12953006080 487235584 12953006080 487235584
1371945600 12953006080 487235584 12953006080 487235584
1371859200 12953006080 487235584 12953006080 487235584
1371772800 12953006080 487235584 12953006080 487235584
1371686400 12953006080 487235584 12953006080 487235584
1371600000 12953006080 487235584 12953006080 487235584
1371513600 12953006080 487235584 12953006080 487235584
1371427200 12953006080 487235584 12953006080 487235584
1371340800 12953006080 487235584 12953006080 487235584
1371254400 12953006080 487235584 12953006080 487235584
1371168000 12953006080 487235584 12953006080 487235584
1371081600 12953006080 487235584 12953006080 487235584
1370995200 12953006080 487235584 12953006080 487235584
1370908800 12953006080 487235584 12953006080 487235584
1370822400 12953006080 487235584 12953006080 487235584
1370736000 12953006080 487235584 12953006080 487235584
1370649600 12953006080 487235584 12953006080 487235584
1370563200 12953006080 487235584 12953006080 487235584
1370476800 12953006080 487235584 12953006080 487235584
1370390400 12953006080 487235584 12953006080 487235584
1370304000 12953006080 487235584 12953006080 487235584
1370217600 12953006080 487235584 12953006080 487235584
1370131200 12953006080 487235584 12953006080 487235584
1370044800 12953006080 487235584 12953006080 487235584
1369958400 12953006080 487235584 12953006080 487235584
1369872000 12953006080 487235584 12953006080 487235584
1369785600 12953006080 487235584 12953006080 487235584
1369699200 12953006080 487235584 12953006080 487235584
1369612800 12953006080 487235584 12953006080 487235584
1369526400 12953006080 487235584 12953006080 487235584
1369440000 12953006080 487235584 12953006080 487235584
1369353600 12953006080 487235584 12953006080 487235584
1369267200 12953006080 487235584 12953006080 487235584
1369180800 12953006080 487235584 12953006080 487235584
1369094400 12953006080 487235584 12953006080 487235584
1369008000 12953006080 487235584 12953006080 487235584
1368921600 12953006080 487235584 12953006080 487235584
1368835200 12953006080 487235584 12953006080 487235584
1368748800 12953006080 487235584 12953006080 487235584
1368662400 12953006080 487235584 12953006080 487235584
1368576000 12953006080 487235584 12953006080 487235584
1368489600 12953006080 487235584 12953006080 487235584
1368403200 12953006080 487235584 12953006080 487235584
1368316800 12953006080 487235584 12953006080 487235584
1368230400 12953006080 487235584 12953006080 487235584
1368144000 12953006080 487235584 12953006080 487235584
1368057600 12953006080 487235584 12953006080 487235584
1367971200 12953006080 487235584 12953006080 487235584
1367884800 12953006080 487235584 12953006080 487235584
1367798400 12953006080 487235584 12953006080 487235584
1367712000 12953006080 487235584 12953006080 487235584
1367625600 12953006080 487235584 12953006080 487235584
1367539200 12953006080 487235584 12953006080 487235584
1367452800 12953006080 487235584 12953006080 487235584
1367366400 12953006080 487235584 12953006080 487235584
1367280000 12953006080 487235584 12953006080 487235584
1367193600 12953006080 487235584 12953006080 487235584
1367107200 12953006080 487235584 12953006080 487235584
1367020800 12953006080 487235584 12953006080 487235584
1366934400 12953006080 487235584 12953006080 487235584
1366848000 12953006080 487235584 12953006080 487235584
1366761600 12953006080 487235584 12953006080 487235584
1366675200 12953006080 487235584 12953006080 487235584
1366588800 12953006080 487235584 12953006080 487235584
1366502400 12953006080 487235584 12953006080 487235584
1366416000 12953006080 487235584 12953006080 487235584
1366329600 12953006080 487235584 12953006080 487235584
1366243200 12953006080 487235584 12953006080 487235584
1366156800 12953006080 487235584 12953006080 487235584
1366070400 12953006080 487235584 12953006080 487235584
1365984000 12953006080 487235584 12953006080 487235584
1365897600 12953006080 487235584 12953006080 487235584
1365811200 12953006080 487235584 12953006080 487235584
1365724800 12953006080 487235584 12953006080 487235584
1365638400 12953006080 487235584 12953006080 487235584
1365552000 12953006080 487235584 12953006080 487235584
1365465600 12953006080 487235584 12953006080 487235584
1365379200 12953006080 487235584 12953006080 487235584
1365292800 12953006080 487235584 12953006080 487235584
1365206400 12953006080 487235584 12953006080 487235584
1365120000 12953006080 487235584 12953006080 487235584
1365033600 12953006080 487235584 12953006080 487235584
1364947200 12953006080 487235584 12953006080 487235584
1364860800 12953006080 487235584 12953006080 487235584
1364774400 12953006080 487235584 12953006080 487235584
1364688000 12953006080 487235584 12953006080 487235584
1364601600 12953006080 487235584 12953006080 487235584
1364515200 12953006080 487235584 12953006080 487235584
1364428800 12953006080 487235584 12953006080 487235584
1364342400 12953006080 487235584 12953006080 487235584
1364256000 12953006080 487235584 12953006080 487235584
1364169600 12953006080 487235584 12953006080 487235584
1364083200 12953006080 487235584 12953006080 487235584
1363996800 12953006080 487235584 12953006080 487235584
1363910400 12953006080 487235584 12953006080 487235584
1363824000 12953006080 487235584 12953006080 487235584
1363737600 12953006080 487235584 12953006080 487235584
1363651200 12953006080 487235584 12953006080 487235584
1363564800 12953006080 487235584 12953006080 487235584
1363478400 12953006080 487235584 12953006080 487235584
1363392000 12953006080 487235584 12953006080 487235584
1363305600 12953006080 487235584 12953006080 487235584
1363219200 12953006080 487235584 12953006080 487235584
1363132800 12953006080 487235584 12953006080 487235584
1363046400 12953006080 487235584 12953006080 487235584
1362960000 12953006080 487235584 12953006080 487235584
1362873600 12953006080 487235584 12953006080 487235584
1362787200 12953006080 487235584 12953006080 487235584
1362700800 12953006080 487235584 12953006080 487235584
1362614400 12953006080 487235584 12953006080 487235584
1362528000 12953006080 487235584 12953006080 487235584
1362441600 12953006080 487235584 12953006080 487235584
1362355200 12953006080 487235584 12953006080 487235584
1362268800 12953006080 487235584 12953006080 487235584
1362182400 12953006080 487235584 12953006080 487235584
1362096000 12953006080 487235584 12953006080 487235584
1362009600 12953006080 487235584 12953006080 487235584
1361923200 12953006080 487235584 12953006080 487235584
1361836800 12953006080 487235584 12953006080 487235584
1361750400 12953006080 487235584 12953006080 487235584
1361664000 12953006080 487235584 12953006080 487235584
1361577600 12953006080 487235584 12953006080 487235584
1361491200 12953006080 487235584 12953006080 487235584
1361404800 12953006080 487235584 12953006080 487235584
1361318400 12953006080 487235584 12953006080 487235584
1361232000 12953006080 487235584 12953006080 487235584
1361145600 12953006080 487235584 12953006080 487235584
1361059200 12953006080 487235584 12953006080 487235584
1360972800 12953006080 487235584 12953006080 487235584
1360886400 12953006080 487235584 12953006080 487235584
1360800000 12953006080 487235584 12953006080 487235584
1360713600 12953006080 487235584 12953006080 487235584
1360627200 12953006080 487235584 12953006080 487235584
1360540800 12953006080 487235584 12953006080 487235584
1360454400 12953006080 487235584 12953006080 487235584
1360368000 12953006080 487235584 12953006080 487235584
1360281600 12953006080 487235584 12953006080 487235584
1360195200 12953006080 487235584 12953006080 487235584
1360108800 12953006080 487235584 12953006080 487235584
1360022400 12953006080 487235584 12953006080 487235584
1359936000 12953006080 487235584 12953006080 487235584
1359849600 12953006080 487235584 12953006080 487235584
1359763200 12953006080 487235584 12953006080 487235584
1359676800 12953006080 487235584 12953006080 487235584
1359590400 12953006080 487235584 12953006080 487235584
1359504000 12953006080 487235584 12953006080 487235584
1359417600 12953006080 487235584 12953006080 487235584
1359331200 12953006080 487235584 12953006080 487235584
1359244800 12953006080 487235584 12953006080 487235584
1359158400 12953006080 487235584 12953006080 487235584
1359072000 12953006080 487235584 12953006080 487235584
1358985600 12953006080 487235584 12953006080 487235584
1358899200 12953006080 487235584 12953006080 487235584
1358812800 12953006080 487235584 12953006080 487235584
1358726400 12953006080 487235584 12953006080 487235584
1358640000 12953006080 487235584 12953006080 487235584
1358553600 12953006080 487235584 12953006080 487235584
1358467200 12953006080 487235584 12953006080 487235584
1358380800 12953006080 487235584 12953006080 487235584
1358294400 12953006080 487235584 12953006080 487235584
1358208000 12953006080 487235584 12953006080 487235584
1358121600 12953006080 487235584 12953006080 487235584
1358035200 12953006080 487235584 12953006080 487235584
1357948800 12953006080 487235584 12953006080 487235584
1357862400 12953006080 487235584 12953006080 487235584
1357776000 12953006080 487235584 12953006080 487235584
1357689600 12953006080 487235584 12953006080 487235584
1357603200 12953006080 487235584 12953006080 487235584
1357516800 12953006080 487235584 12953006080 487235584
1357430400 12953006080 487235584 12953006080 487235584
1357344000 12953006080 487235584 12953006080 487235584
1357257600 12953006080 487235584 12953006080 487235584
1357171200 12953006080 487235584 12953006080 487235584
1357084800 12953006080 487235584 12953006080 487235584
1356998400 12953006080 487235584 12953006080 487235584
1356912000 12953006080 487235584 12953006080 487235584
1356825600 12953006080 487235584 12953006080 487235584
1356739200 12953006080 487235584 12953006080 487235584
1356652800 12953006080 487235584 12953006080 487235584
1356566400 12953006080 487235584 12953006080 487235584
1356480000 12953006080 487235584 12953006080 487235584
1356393600 12953006080 487235584 12953006080 487235584
1356307200 12953006080 487235584 12953006080 487235584
1356220800 12953006080 487235584 12953006080 487235584
1356134400 12953006080 487235584 12953006080 487235584
1356048000 12953006080 487235584 12953006080 487235584
1355961600 12953006080 487235584 12953006080 487235584
1355875200 12953006080 487235584 12953006080 487235584
1355788800 12953006080 487235584 12953006080 487235584
1355702400 12953006080 487235584 12953006080 487235584
1355616000 12953006080 487235584 12953006080 487235584
1355529600 12953006080 487235584 12953006080 487235584
1355443200 12953006080 487235584 12953006080 487235584
1355356800 12953006080 487235584 12953006080 487235584
1355270400 12953006080 487235584 12953006080 487235584
1355184000 12953006080 487235584 12953006080 487235584
1355097600 12953006080 487235584 12953006080 487235584
1355011200 12953006080 487235584 12953006080 487235584
1354924800 12953006080 487235584 12953006080 487235584
1354838400 12953006080 487235584 12953006080 487235584
1354752000 12953006080 487235584 12953006080 487235584
1354665600 12953006080 487235584 12953006080 487235584
1354579200 12953006080 487235584 12953006080 487235584
1354492800 12953006080 487235584 12953006080 487235584
1354406400 12953006080 487235584 12953006080 487235584
1354320000 12953006080 487235584 12953006080 487235584
1354233600 12953006080 487235584 12953006080 487235584
1354147200 12953006080 487235584 12953006080 487235584
1354060800 12953006080 487235584 12953006080 487235584
1353974400 12953006080 487235584 12953006080 487235584
1353888000 12953006080 487235584 12953006080 487235584
1353801600 12953006080 487235584 12953006080 487235584
1353715200 12953006080 487235584 12953006080 487235584
1353628800 12953006080 487235584 12953006080 487235584
1353542400 12953006080 487235584 12953006080 487235584
1353456000 12953006080 487235584 12953006080 487235584
1353369600 12953006080 487235584 12953006080 487235584
1353283200 12953006080 487235584 12953006080 487235584
1353196800 12953006080 487235584 12953006080 487235584
1353110400 12953006080 487235584 12953006080 487235584
1353024000 12953006080 487235584 12953006080 487235584
1352937600 12953006080 487235584 12953006080 487235584
1352851200 12953006080 487235584 12953006080 487235584
1352764800 12953006080 487235584 12953006080 487235584
1352678400 12953006080 487235584 12953006080 487235584
1352592000 12953006080 487235584 12953006080 487235584
1352505600 12953006080 487235584 12953006080 487235584
1352419200 12953006080 487235584 12953006080 487235584
1352332800 12953006080 487235584 12953006080 487235584
1352246400 12953006080 487235584 12953006080 487235584
1352160000 12953006080 487235584 12953006080 487235584
1352073600 12953006080 487235584 12953006080 487235584
1351987200 12953006080 487235584 12953006080 487235584
1351900800 12953006080 487235584 12953006080 487235584
1351814400 12953006080 487235584 12953006080 487235584
1351728000 12953006080 487235584 12953006080 487235584
1351641600 12953006080 487235584 12953006080 487235584
1351555200 12953006080 487235584 12953006080 487235584
1351468800 12953006080 487235584 12953006080 487235584
1351382400 12953006080 487235584 12953006080 487235584
1351296000 12953006080 487235584 12953006080 487235584
1351209600 12953006080 487235584 12953006080 487235584
1351123200 12953006080 487235584 12953006080 487235584
1351036800 12953006080 487235584 12953006080 487235584
1350950400 12953006080 487235584 12953006080 487235584
1350864000 12953006080 487235584 12953006080 487235584
1350777600 12953006080 487235584 12953006080 487235584
1350691200 12953006080 487235584 12953006080 487235584
1350604800 12953006080 487235584 12953006080 487235584
1350518400 12953006080 487235584 12953006080 487235584
1350432000 12953006080 487235584 12953006080 487235584
1350345600 12953006080 487235584 12953006080 487235584
1350259200 12953006080 487235584 12953006080 487235584
1350172800 12953006080 487235584 12953006080 487235584
1350086400 12953006080 487235584 12953006080 487235584
1350000000 12953006080 487235584 12953006080 487235584
1349913600 12953006080 487235584 12953006080 487235584
1349827200 12953006080 487235584 12953006080 487235584
1349740800 12953006080 487235584 12953006080 487235584
1349654400 12953006080 487235584 12953006080 487235584
1349568000 12953006080 487235584 12953006080 487235584
1349481600 12953006080 487235584 12953006080 487235584
1349395200 12953006080 487235584 12953006080 487235584
1349308800 12953006080 487235584 12953006080 487235584
1349222400 12953006080 487235584 12953006080 487235584
1349136000 12953006080 487235584 12953006080 487235584
1349049600 12953006080 487235584 12953006080 487235584
1348963200 12953006080 487235584 12953006080 487235584
1348876800 12953006080 487235584 12953006080 487235584
1348790400 12953006080 487235584 12953006080 487235584
1348704000 12953006080 487235584 12953006080 487235584
1348617600 12953006080 487235584 12953006080 487235584
1348531200 12953006080 487235584 12953006080 487235584
1348444800 12953006080 487235584 12953006080 487235584
1348358400 12953006080 487235584 12953006080 487235584
1348272000 12953006080 487235584 12953006080 487235584
1348185600 12953006080 487235584 12953006080 487235584
1348099200 12953006080 487235584 12953006080 487235584
1348012800 12953006080 487235584 12953006080 487235584
1347926400 12953006080 487235584 12953006080 487235584
1347840000 12953006080 487235584 12953006080 487235584
1347753600 12953006080 487235584 12953006080 487235584
1347667200 12953006080 487235584 12953006080 487235584
1347580800 12953006080 487235584 12953006080 487235584
1347494400 12953006080 487235584 12953006080 487235584
1347408000 12953006080 487235584 12953006080 487235584
1347321600 12953006080 487235584 12953006080 487235584
1347235200 12953006080 487235584 12953006080 487235584
1347148800 12953006080 487235584 12953006080 487235584
1347062400 12953006080 487235584 12953006080 487235584
1346976000 12953006080 487235584 12953006080 487235584
1346889600 12953006080 487235584 12953006080 487235584
1346803200 12953006080 487235584 12953006080 487235584
1346716800 12953006080 487235584 12953006080 487235584
1346630400 12953006080 487235584 12953006080 487235584
1346544000 12953006080 487235584 12953006080 487235584
1346457600 12953006080 487235584 12953006080 487235584
