========================================================================
Full Command Line: /home/sunyc/src/fluffos/build-debug/src/driver config.fluffos 
Boot Time: Thu Jul 30 21:31:12 2026
Version: fluffos 20260721-25c87bbc (Linux/x86-64)
Jemalloc is disabled, this is not suitable for production.
ICU Version: 70.1
Backtrace support: libdw.
Core Dump: No, Max FD: 65535.
========================================================================
Final Debug Level: 0
Processing config file: config.fluffos
maximum local variables: invalid new value, resetting to default.
living hash table size: invalid new value, resetting to default.
New Debug log location: "log/debug.log".
Execution root: /home/sunyc/src/mudlib/libs/sj/work
Initializing internal stuff ....
Event backend in use: epoll
==== Runtime Config Table ====
time to clean up : 50000 # default: 600
time to reset : 1200 # default: 900
time to swap : 10000 # default: 300
evaluator stack size : 1000 # default: 65536
inherit chain size : 60 # default: 30
maximum evaluation cost : 700000 # default: 30000000
maximum local variables : 64
maximum call depth : 30 # default: 150
maximum array size : 25000 # default: 15000
maximum buffer size : 600000 # default: 1048576
maximum mapping size : 25000 # default: 150000
maximum string length : 300000 # default: 1048576
maximum bits in a bitfield : 1200 # default: 12000
maximum byte transfer : 20000 # default: 262144
maximum read file size : 300000 # default: 262144
hash table size : 8192 # default: 65536
object table size : 1501 # default: 4096
living hash table size : 256
gametick msec : 1000
heartbeat interval msec : 1000
sane explode string : 1
reversible explode string : 0
sane sorting : 1
call other type check : 0
call other warn : 0
mudlib error handler : 1
no resets : 0
lazy resets : 0
randomized resets : 1
no ansi : 1
strip before process input : 1
this_player in call_out : 1
trace : 1
trace code : 0
interactive catch tell : 0
receive snoop : 1
snoop shadowed : 0
reverse defer : 0
has console : 1
noninteractive stderr write : 0
trap crashes : 1
old type behavior : 0
old range behavior : 0
warn old range behavior : 1
suppress argument warnings : 1
enable_commands call init : 1
sprintf add_justified ignore ANSI colors : 1
call_out(0) nest level : 1000
trace lpc execution context : 0
trace lpc instructions : 0
display preload progress : 1
enable mxp : 0
enable gmcp : 0
enable zmp : 0
enable mssp : 1
enable msp : 1
enable msdp : 0
==============================
==== LPC Predefines ====
#define FLUFFOS 
#define HAS_DEBUG_LEVEL 
#define HAS_ED 
#define HAS_PRINTF 
#define MAX_FLOAT 179769313486231570814527423731704356798070567525844996598917476803157260780028538760589558632766878171540458953514382464234321326889464182768467546703537516986049910576551282076245490090389328944075868508455133942304583236903222948165808559332123348274797826204144723168738177180919299881250404026184124858368.000000
#define MAX_INT 9223372036854775807
#define MIN_FLOAT 0.000000
#define MIN_INT -9223372036854775808
#define MUDOS 
#define MUD_NAME "sj"
#define SIZEOFINT 8
#define __ARCH__ "Linux/x86-64"
#define __ARGUMENTS_IN_TRACEBACK__ 
#define __ARRAY_STATS__ 
#define __AUTO_SETEUID__ 
#define __CACHE_STATS__ 
#define __CALLOUT_HANDLES__ 
#define __CFG_COMPILER_STACK_SIZE__ 600
#define __CFG_EVALUATOR_STACK_SIZE__ 65536
#define __CFG_MAX_CALL_DEPTH__ 150
#define __CFG_MAX_GLOBAL_VARIABLES__ 65536
#define __CHECK_MEMORY__ 
#define __CLASS_STATS__ 
#define __COMMAND_BUF_SIZE__ 2000
#define __COMPILER__ "/usr/bin/c++"
#define __CXXFLAGS__ "Broken"
#define __DEBUGMALLOC_EXTENSIONS__ 
#define __DEBUGMALLOC__ 
#define __DEBUG_MACRO__ 
#define __DEBUG__ 
#define __DEFAULT_DB__ 1
#define __DEFAULT_PRAGMAS__ PRAGMA_WARNINGS + PRAGMA_SAVE_TYPES + PRAGMA_ERROR_CONTEXT + PRAGMA_OPTIMIZE
#define __DSLIB__ 
#define __ED_INDENT_SPACES__ 4
#define __ED_TAB_WIDTH__ 8
#define __GET_CHAR_IS_BUFFERED__ 
#define __HAS_CONSOLE__ 
#define __HAVE_DIRENT_H__ 1
#define __HAVE_SIGNAL_H__ 1
#define __HAVE_SYS_RESOURCE_H__ 1
#define __HAVE_SYS_STAT_H__ 1
#define __HAVE_SYS_TIME_H__ 1
#define __HAVE_TIME_H__ 1
#define __LARGEST_PRINTABLE_STRING__ 65535
#define __LARGE_STRING_SIZE__ 1000
#define __LOCALS_IN_TRACEBACK__ 
#define __MAX_SAVE_SVALUE_DEPTH__ 100
#define __MUDLIB_ERROR_HANDLER__ 
#define __OLD_ED__ 
#define __PACKAGES_PACKAGES_H__ 
#define __PACKAGE_ASYNC__ 
#define __PACKAGE_COMPRESS__ 
#define __PACKAGE_CONTRIB__ 
#define __PACKAGE_CORE__ 
#define __PACKAGE_CRYPTO__ 
#define __PACKAGE_DB__ 
#define __PACKAGE_DEVELOP__ 
#define __PACKAGE_EXTERNAL__ 
#define __PACKAGE_FFI__ 
#define __PACKAGE_MATH__ 
#define __PACKAGE_MATRIX__ 
#define __PACKAGE_MUDLIB_STATS__ 
#define __PACKAGE_OPS__ 
#define __PACKAGE_PARSER__ 
#define __PACKAGE_PCRE__ 
#define __PACKAGE_SHA1__ 
#define __PACKAGE_SOCKETS__ 
#define __PACKAGE_TRIM__ 
#define __PACKAGE_UIDS__ 
#define __PARSE_DEBUG__ 
#define __PORT__ 40127
#define __PRIVS__ 
#define __PROJECT_VERSION__ "fluffos 20260721-25c87bbc"
#define __RANDOMIZED_RESETS__ 
#define __RECEIVE_SNOOP__ 
#define __REF_RESERVED_WORD__ 
#define __RESTRICTED_ED__ 
#define __SANE_EXPLODE_STRING__ 
#define __SANE_SORTING__ 
#define __SAVE_EXTENSION__ ".o"
#define __SAVE_GZ_EXTENSION__ ".o.gz"
#define __SENSIBLE_MODIFIERS__ 
#define __SMALL_STRING_SIZE__ 100
#define __STRING_STATS__ 
#define __STRUCT_CLASS__ 
#define __STRUCT_STRUCT__ 
#define __SUPPRESS_ARGUMENT_WARNINGS__ 
#define __THIS_PLAYER_IN_CALL_OUT__ 
#define __TIME_WITH_SYS_TIME__ 1
#define __TRACE__ 
#define __TRAP_CRASHES__ 
#define __USE_32BIT_ADDRESSES__ 
#define __USE_MYSQL__ 1
#define __VERSION__ "fluffos 20260721-25c87bbc"
#define __WARN_OLD_RANGE_BEHAVIOR__ 
========================
Loading simul_efun file : /adm/obj/simul_efun
In file included from /adm/obj/simul_efun.lpc:8:
/adm/simul_efun/path.lpc:50:1: warning: Unused local variable 't2'
   50 | }
      | ^
In file included from /adm/obj/simul_efun.lpc:8:
/adm/simul_efun/path.lpc:50:1: warning: Unused local variable 't3'
   50 | }
      | ^
In file included from /adm/obj/simul_efun.lpc:8:
/adm/simul_efun/path.lpc:50:1: warning: Unused local variable 't4'
   50 | }
      | ^
Loading master file: /adm/obj/master
/adm/obj/master.lpc:35:18: warning: Illegal to declare nosave function.
   35 | nosave void crash(string error, object command_giver, object current_object)
      |                  ^
/adm/obj/master.lpc:58:27: warning: Illegal to declare nosave function.
   58 | nosave string *update_file(string file)
      |                           ^
In file included from /adm/single/simul_efun.lpc:8:
/adm/simul_efun/path.lpc:50:1: warning: Unused local variable 't2'
   50 | }
      | ^
Error in error handler: *Object cannot be loaded during compilation.
program: /adm/obj/master.lpc, object: /adm/obj/master, file: /adm/obj/master.lpc:215
--- trace ---
--- frame 5 ----
Object: /adm/obj/master, Program: /adm/obj/master.lpc
   in standard_trace() at /adm/obj/master.lpc:215
arguments: [([ /* sizeof() == 6 */
  "trace" : ({ /* sizeof() == 4 */
      ([ /* sizeof() == 6 */
        "function" : "author_file",
        "file" : "/adm/obj/master.lpc",
        "arguments" : ({ /* sizeof() == 1 */
            "//adm/obj/master"
          }),
        "program" : "/adm/obj/master.lpc",
        "line" : 182,
        "object" : /adm/obj/master,
      ]),
      ([ /* sizeof() == 7 */
        "locals" : ({ /* sizeof() == 2 */
            0,
            "/log/"
          }),
        "function" : "log_error",
        "file" : "/adm/obj/master.lpc",
        "arguments" : ({ /* sizeof() == 2 */
            "/adm/simul_efun/path.lpc",
            "In file included from /adm/single/simul_efun.lpc:8:
/adm/simul_efun/path.lpc:50:1: warning: Unused local variable 't2'
   50 | }
      | ^
"
          }),
        "program" : "/adm/obj/master.lpc",
        "line" : 258,
        "object" : /adm/obj/master,
      ]),
      ([ /* sizeof() == 7 */
        "locals" : ({ /* sizeof() == 1 */
            0
          }),
        "function" : "valid_write",
        "file" : "/adm/obj/master.lpc",
        "arguments" : ({ /* sizeof() == 3 */
            "/log/error.log",
            /adm/obj/master,
            "write_file"
          }),
        "program" : "/adm/obj/master.lpc",
        "line" : 416,
        "object" : /adm/obj/master,
      ]),
      ([ /* sizeof() == 5 */
        "function" : "CATCH",
        "file" : "/adm/obj/master.lpc",
        "program" : "/adm/obj/master.lpc",
        "line" : 416,
        "object" : /adm/obj/master,
      ])
    }),
  "error" : "*Object cannot be loaded during compilation.
",
  "file" : "/adm/obj/master.lpc",
  "program" : "/adm/obj/master.lpc",
  "line" : 416,
  "object" : /adm/obj/master,
]), 1]
locals: [4, 4, "[1;37m
执行时段错误: [2;37;0m*Object cannot be loaded during compilation.
[1;37m
程式: [2;37;0m/adm/obj/master.lpc:416
[1;37m
物件: [2;37;0m/adm/obj/master
[1;37m 函数呼叫回溯:
[2;37;0m[1;32m---------------------------------------------------
[2;37;0mauthor_file()             /adm/obj/master.lpc:182
log_error()               /adm/obj/master.lpc:258
valid_write()             /adm/obj/master.lpc:416
CATCH()                   /adm/obj/master.lpc:416
[1;32m---------------------------------------------------
[2;37;0m
"]
--- frame 4 ----
Object: /adm/obj/master, Program: /adm/obj/master.lpc
   in error_handler() at /adm/obj/master.lpc:225
arguments: [([ /* sizeof() == 6 */
  "trace" : ({ /* sizeof() == 4 */
      ([ /* sizeof() == 6 */
        "function" : "author_file",
        "file" : "/adm/obj/master.lpc",
        "arguments" : ({ /* sizeof() == 1 */
            "//adm/obj/master"
          }),
        "program" : "/adm/obj/master.lpc",
        "line" : 182,
        "object" : /adm/obj/master,
      ]),
      ([ /* sizeof() == 7 */
        "locals" : ({ /* sizeof() == 2 */
            0,
            "/log/"
          }),
        "function" : "log_error",
        "file" : "/adm/obj/master.lpc",
        "arguments" : ({ /* sizeof() == 2 */
            "/adm/simul_efun/path.lpc",
            "In file included from /adm/single/simul_efun.lpc:8:
/adm/simul_efun/path.lpc:50:1: warning: Unused local variable 't2'
   50 | }
      | ^
"
          }),
        "program" : "/adm/obj/master.lpc",
        "line" : 258,
        "object" : /adm/obj/master,
      ]),
      ([ /* sizeof() == 7 */
        "locals" : ({ /* sizeof() == 1 */
            0
          }),
        "function" : "valid_write",
        "file" : "/adm/obj/master.lpc",
        "arguments" : ({ /* sizeof() == 3 */
            "/log/error.log",
            /adm/obj/master,
            "write_file"
          }),
        "program" : "/adm/obj/master.lpc",
        "line" : 416,
        "object" : /adm/obj/master,
      ]),
      ([ /* sizeof() == 5 */
        "function" : "CATCH",
        "file" : "/adm/obj/master.lpc",
        "program" : "/adm/obj/master.lpc",
        "line" : 416,
        "object" : /adm/obj/master,
      ])
    }),
  "error" : "*Object cannot be loaded during compilation.
",
  "file" : "/adm/obj/master.lpc",
  "program" : "/adm/obj/master.lpc",
  "line" : 416,
  "object" : /adm/obj/master,
]), 1]
locals: [0]
--- frame 3 ----
Object: /adm/obj/master, Program: /adm/obj/master.lpc
   in <catch>() at /adm/obj/master.lpc:416
--- frame 2 ----
Object: /adm/obj/master, Program: /adm/obj/master.lpc
   in valid_write() at /adm/obj/master.lpc:416
arguments: ["/log/error.log", /adm/obj/master, "write_file"]
locals: [0]
--- frame 1 ----
Object: /adm/obj/master, Program: /adm/obj/master.lpc
   in log_error() at /adm/obj/master.lpc:258
arguments: ["/adm/simul_efun/path.lpc", "In file included from /adm/single/simul_efun.lpc:8:
/adm/simul_efun/path.lpc:50:1: warning: Unused local variable 't2'
   50 | }
      | ^
"]
locals: [0, "/log/"]
--- frame 0 ----
Object: /adm/obj/master, Program: /adm/obj/master.lpc
   in author_file() at /adm/obj/master.lpc:182
arguments: ["//adm/obj/master"]
--- end trace ---
Error in mudlib error handler: *Object cannot be loaded during compilation.
program: /adm/obj/master.lpc, object: /adm/obj/master, file: /adm/obj/master.lpc:215
--- trace ---
--- frame 3 ----
Object: /adm/obj/master, Program: /adm/obj/master.lpc
   in standard_trace() at /adm/obj/master.lpc:215
arguments: [([ /* sizeof() == 6 */
  "trace" : ({ /* sizeof() == 2 */
      ([ /* sizeof() == 6 */
        "function" : "author_file",
        "file" : "/adm/obj/master.lpc",
        "arguments" : ({ /* sizeof() == 1 */
            "//adm/obj/master"
          }),
        "program" : "/adm/obj/master.lpc",
        "line" : 182,
        "object" : /adm/obj/master,
      ]),
      ([ /* sizeof() == 7 */
        "locals" : ({ /* sizeof() == 2 */
            0,
            "/log/"
          }),
        "function" : "log_error",
        "file" : "/adm/obj/master.lpc",
        "arguments" : ({ /* sizeof() == 2 */
            "/adm/simul_efun/path.lpc",
            "In file included from /adm/single/simul_efun.lpc:8:
/adm/simul_efun/path.lpc:50:1: warning: Unused local variable 't2'
   50 | }
      | ^
"
          }),
        "program" : "/adm/obj/master.lpc",
        "line" : 259,
        "object" : /adm/obj/master,
      ])
    }),
  "error" : "*Object cannot be loaded during compilation.
",
  "file" : "/adm/obj/master.lpc",
  "program" : "/adm/obj/master.lpc",
  "line" : 259,
  "object" : /adm/obj/master,
]), 0]
locals: [2, 2, "[1;37m
执行时段错误: [2;37;0m*Object cannot be loaded during compilation.
[1;37m
程式: [2;37;0m/adm/obj/master.lpc:259
[1;37m
物件: [2;37;0m/adm/obj/master
[1;37m 函数呼叫回溯:
[2;37;0m[1;32m---------------------------------------------------
[2;37;0mauthor_file()             /adm/obj/master.lpc:182
log_error()               /adm/obj/master.lpc:259
[1;32m---------------------------------------------------
[2;37;0m
"]
--- frame 2 ----
Object: /adm/obj/master, Program: /adm/obj/master.lpc
   in error_handler() at /adm/obj/master.lpc:225
arguments: [([ /* sizeof() == 6 */
  "trace" : ({ /* sizeof() == 2 */
      ([ /* sizeof() == 6 */
        "function" : "author_file",
        "file" : "/adm/obj/master.lpc",
        "arguments" : ({ /* sizeof() == 1 */
            "//adm/obj/master"
          }),
        "program" : "/adm/obj/master.lpc",
        "line" : 182,
        "object" : /adm/obj/master,
      ]),
      ([ /* sizeof() == 7 */
        "locals" : ({ /* sizeof() == 2 */
            0,
            "/log/"
          }),
        "function" : "log_error",
        "file" : "/adm/obj/master.lpc",
        "arguments" : ({ /* sizeof() == 2 */
            "/adm/simul_efun/path.lpc",
            "In file included from /adm/single/simul_efun.lpc:8:
/adm/simul_efun/path.lpc:50:1: warning: Unused local variable 't2'
   50 | }
      | ^
"
          }),
        "program" : "/adm/obj/master.lpc",
        "line" : 259,
        "object" : /adm/obj/master,
      ])
    }),
  "error" : "*Object cannot be loaded during compilation.
",
  "file" : "/adm/obj/master.lpc",
  "program" : "/adm/obj/master.lpc",
  "line" : 259,
  "object" : /adm/obj/master,
]), 0]
locals: [0]
--- frame 1 ----
Object: /adm/obj/master, Program: /adm/obj/master.lpc
   in log_error() at /adm/obj/master.lpc:259
arguments: ["/adm/simul_efun/path.lpc", "In file included from /adm/single/simul_efun.lpc:8:
/adm/simul_efun/path.lpc:50:1: warning: Unused local variable 't2'
   50 | }
      | ^
"]
locals: [0, "/log/"]
--- frame 0 ----
Object: /adm/obj/master, Program: /adm/obj/master.lpc
   in author_file() at /adm/obj/master.lpc:182
arguments: ["//adm/obj/master"]
--- end trace ---
In file included from /adm/single/simul_efun.lpc:8:
/adm/simul_efun/path.lpc:50:1: warning: Unused local variable 't3'
   50 | }
      | ^
Error in error handler: *Object cannot be loaded during compilation.
program: /adm/obj/master.lpc, object: /adm/obj/master, file: /adm/obj/master.lpc:215
--- trace ---
--- frame 5 ----
Object: /adm/obj/master, Program: /adm/obj/master.lpc
   in standard_trace() at /adm/obj/master.lpc:215
arguments: [([ /* sizeof() == 6 */
  "trace" : ({ /* sizeof() == 4 */
      ([ /* sizeof() == 6 */
        "function" : "author_file",
        "file" : "/adm/obj/master.lpc",
        "arguments" : ({ /* sizeof() == 1 */
            "//adm/obj/master"
          }),
        "program" : "/adm/obj/master.lpc",
        "line" : 182,
        "object" : /adm/obj/master,
      ]),
      ([ /* sizeof() == 7 */
        "locals" : ({ /* sizeof() == 2 */
            0,
            "/log/"
          }),
        "function" : "log_error",
        "file" : "/adm/obj/master.lpc",
        "arguments" : ({ /* sizeof() == 2 */
            "/adm/simul_efun/path.lpc",
            "In file included from /adm/single/simul_efun.lpc:8:
/adm/simul_efun/path.lpc:50:1: warning: Unused local variable 't3'
   50 | }
      | ^
"
          }),
        "program" : "/adm/obj/master.lpc",
        "line" : 258,
        "object" : /adm/obj/master,
      ]),
      ([ /* sizeof() == 7 */
        "locals" : ({ /* sizeof() == 1 */
            0
          }),
        "function" : "valid_write",
        "file" : "/adm/obj/master.lpc",
        "arguments" : ({ /* sizeof() == 3 */
            "/log/error.log",
            /adm/obj/master,
            "write_file"
          }),
        "program" : "/adm/obj/master.lpc",
        "line" : 416,
        "object" : /adm/obj/master,
      ]),
      ([ /* sizeof() == 5 */
        "function" : "CATCH",
        "file" : "/adm/obj/master.lpc",
        "program" : "/adm/obj/master.lpc",
        "line" : 416,
        "object" : /adm/obj/master,
      ])
    }),
  "error" : "*Object cannot be loaded during compilation.
",
  "file" : "/adm/obj/master.lpc",
  "program" : "/adm/obj/master.lpc",
  "line" : 416,
  "object" : /adm/obj/master,
]), 1]
locals: [4, 4, "[1;37m
执行时段错误: [2;37;0m*Object cannot be loaded during compilation.
[1;37m
程式: [2;37;0m/adm/obj/master.lpc:416
[1;37m
物件: [2;37;0m/adm/obj/master
[1;37m 函数呼叫回溯:
[2;37;0m[1;32m---------------------------------------------------
[2;37;0mauthor_file()             /adm/obj/master.lpc:182
log_error()               /adm/obj/master.lpc:258
valid_write()             /adm/obj/master.lpc:416
CATCH()                   /adm/obj/master.lpc:416
[1;32m---------------------------------------------------
[2;37;0m
"]
--- frame 4 ----
Object: /adm/obj/master, Program: /adm/obj/master.lpc
   in error_handler() at /adm/obj/master.lpc:225
arguments: [([ /* sizeof() == 6 */
  "trace" : ({ /* sizeof() == 4 */
      ([ /* sizeof() == 6 */
        "function" : "author_file",
        "file" : "/adm/obj/master.lpc",
        "arguments" : ({ /* sizeof() == 1 */
            "//adm/obj/master"
          }),
        "program" : "/adm/obj/master.lpc",
        "line" : 182,
        "object" : /adm/obj/master,
      ]),
      ([ /* sizeof() == 7 */
        "locals" : ({ /* sizeof() == 2 */
            0,
            "/log/"
          }),
        "function" : "log_error",
        "file" : "/adm/obj/master.lpc",
        "arguments" : ({ /* sizeof() == 2 */
            "/adm/simul_efun/path.lpc",
            "In file included from /adm/single/simul_efun.lpc:8:
/adm/simul_efun/path.lpc:50:1: warning: Unused local variable 't3'
   50 | }
      | ^
"
          }),
        "program" : "/adm/obj/master.lpc",
        "line" : 258,
        "object" : /adm/obj/master,
      ]),
      ([ /* sizeof() == 7 */
        "locals" : ({ /* sizeof() == 1 */
            0
          }),
        "function" : "valid_write",
        "file" : "/adm/obj/master.lpc",
        "arguments" : ({ /* sizeof() == 3 */
            "/log/error.log",
            /adm/obj/master,
            "write_file"
          }),
        "program" : "/adm/obj/master.lpc",
        "line" : 416,
        "object" : /adm/obj/master,
      ]),
      ([ /* sizeof() == 5 */
        "function" : "CATCH",
        "file" : "/adm/obj/master.lpc",
        "program" : "/adm/obj/master.lpc",
        "line" : 416,
        "object" : /adm/obj/master,
      ])
    }),
  "error" : "*Object cannot be loaded during compilation.
",
  "file" : "/adm/obj/master.lpc",
  "program" : "/adm/obj/master.lpc",
  "line" : 416,
  "object" : /adm/obj/master,
]), 1]
locals: [0]
--- frame 3 ----
Object: /adm/obj/master, Program: /adm/obj/master.lpc
   in <catch>() at /adm/obj/master.lpc:416
--- frame 2 ----
Object: /adm/obj/master, Program: /adm/obj/master.lpc
   in valid_write() at /adm/obj/master.lpc:416
arguments: ["/log/error.log", /adm/obj/master, "write_file"]
locals: [0]
--- frame 1 ----
Object: /adm/obj/master, Program: /adm/obj/master.lpc
   in log_error() at /adm/obj/master.lpc:258
arguments: ["/adm/simul_efun/path.lpc", "In file included from /adm/single/simul_efun.lpc:8:
/adm/simul_efun/path.lpc:50:1: warning: Unused local variable 't3'
   50 | }
      | ^
"]
locals: [0, "/log/"]
--- frame 0 ----
Object: /adm/obj/master, Program: /adm/obj/master.lpc
   in author_file() at /adm/obj/master.lpc:182
arguments: ["//adm/obj/master"]
--- end trace ---
Error in mudlib error handler: *Object cannot be loaded during compilation.
program: /adm/obj/master.lpc, object: /adm/obj/master, file: /adm/obj/master.lpc:215
--- trace ---
--- frame 3 ----
Object: /adm/obj/master, Program: /adm/obj/master.lpc
   in standard_trace() at /adm/obj/master.lpc:215
arguments: [([ /* sizeof() == 6 */
  "trace" : ({ /* sizeof() == 2 */
      ([ /* sizeof() == 6 */
        "function" : "author_file",
        "file" : "/adm/obj/master.lpc",
        "arguments" : ({ /* sizeof() == 1 */
            "//adm/obj/master"
          }),
        "program" : "/adm/obj/master.lpc",
        "line" : 182,
        "object" : /adm/obj/master,
      ]),
      ([ /* sizeof() == 7 */
        "locals" : ({ /* sizeof() == 2 */
            0,
            "/log/"
          }),
        "function" : "log_error",
        "file" : "/adm/obj/master.lpc",
        "arguments" : ({ /* sizeof() == 2 */
            "/adm/simul_efun/path.lpc",
            "In file included from /adm/single/simul_efun.lpc:8:
/adm/simul_efun/path.lpc:50:1: warning: Unused local variable 't3'
   50 | }
      | ^
"
          }),
        "program" : "/adm/obj/master.lpc",
        "line" : 259,
        "object" : /adm/obj/master,
      ])
    }),
  "error" : "*Object cannot be loaded during compilation.
",
  "file" : "/adm/obj/master.lpc",
  "program" : "/adm/obj/master.lpc",
  "line" : 259,
  "object" : /adm/obj/master,
]), 0]
locals: [2, 2, "[1;37m
执行时段错误: [2;37;0m*Object cannot be loaded during compilation.
[1;37m
程式: [2;37;0m/adm/obj/master.lpc:259
[1;37m
物件: [2;37;0m/adm/obj/master
[1;37m 函数呼叫回溯:
[2;37;0m[1;32m---------------------------------------------------
[2;37;0mauthor_file()             /adm/obj/master.lpc:182
log_error()               /adm/obj/master.lpc:259
[1;32m---------------------------------------------------
[2;37;0m
"]
--- frame 2 ----
Object: /adm/obj/master, Program: /adm/obj/master.lpc
   in error_handler() at /adm/obj/master.lpc:225
arguments: [([ /* sizeof() == 6 */
  "trace" : ({ /* sizeof() == 2 */
      ([ /* sizeof() == 6 */
        "function" : "author_file",
        "file" : "/adm/obj/master.lpc",
        "arguments" : ({ /* sizeof() == 1 */
            "//adm/obj/master"
          }),
        "program" : "/adm/obj/master.lpc",
        "line" : 182,
        "object" : /adm/obj/master,
      ]),
      ([ /* sizeof() == 7 */
        "locals" : ({ /* sizeof() == 2 */
            0,
            "/log/"
          }),
        "function" : "log_error",
        "file" : "/adm/obj/master.lpc",
        "arguments" : ({ /* sizeof() == 2 */
            "/adm/simul_efun/path.lpc",
            "In file included from /adm/single/simul_efun.lpc:8:
/adm/simul_efun/path.lpc:50:1: warning: Unused local variable 't3'
   50 | }
      | ^
"
          }),
        "program" : "/adm/obj/master.lpc",
        "line" : 259,
        "object" : /adm/obj/master,
      ])
    }),
  "error" : "*Object cannot be loaded during compilation.
",
  "file" : "/adm/obj/master.lpc",
  "program" : "/adm/obj/master.lpc",
  "line" : 259,
  "object" : /adm/obj/master,
]), 0]
locals: [0]
--- frame 1 ----
Object: /adm/obj/master, Program: /adm/obj/master.lpc
   in log_error() at /adm/obj/master.lpc:259
arguments: ["/adm/simul_efun/path.lpc", "In file included from /adm/single/simul_efun.lpc:8:
/adm/simul_efun/path.lpc:50:1: warning: Unused local variable 't3'
   50 | }
      | ^
"]
locals: [0, "/log/"]
--- frame 0 ----
Object: /adm/obj/master, Program: /adm/obj/master.lpc
   in author_file() at /adm/obj/master.lpc:182
arguments: ["//adm/obj/master"]
--- end trace ---
In file included from /adm/single/simul_efun.lpc:8:
/adm/simul_efun/path.lpc:50:1: warning: Unused local variable 't4'
   50 | }
      | ^
Error in error handler: *Object cannot be loaded during compilation.
program: /adm/obj/master.lpc, object: /adm/obj/master, file: /adm/obj/master.lpc:215
--- trace ---
--- frame 5 ----
Object: /adm/obj/master, Program: /adm/obj/master.lpc
   in standard_trace() at /adm/obj/master.lpc:215
arguments: [([ /* sizeof() == 6 */
  "trace" : ({ /* sizeof() == 4 */
      ([ /* sizeof() == 6 */
        "function" : "author_file",
        "file" : "/adm/obj/master.lpc",
        "arguments" : ({ /* sizeof() == 1 */
            "//adm/obj/master"
          }),
        "program" : "/adm/obj/master.lpc",
        "line" : 182,
        "object" : /adm/obj/master,
      ]),
      ([ /* sizeof() == 7 */
        "locals" : ({ /* sizeof() == 2 */
            0,
            "/log/"
          }),
        "function" : "log_error",
        "file" : "/adm/obj/master.lpc",
        "arguments" : ({ /* sizeof() == 2 */
            "/adm/simul_efun/path.lpc",
            "In file included from /adm/single/simul_efun.lpc:8:
/adm/simul_efun/path.lpc:50:1: warning: Unused local variable 't4'
   50 | }
      | ^
"
          }),
        "program" : "/adm/obj/master.lpc",
        "line" : 258,
        "object" : /adm/obj/master,
      ]),
      ([ /* sizeof() == 7 */
        "locals" : ({ /* sizeof() == 1 */
            0
          }),
        "function" : "valid_write",
        "file" : "/adm/obj/master.lpc",
        "arguments" : ({ /* sizeof() == 3 */
            "/log/error.log",
            /adm/obj/master,
            "write_file"
          }),
        "program" : "/adm/obj/master.lpc",
        "line" : 416,
        "object" : /adm/obj/master,
      ]),
      ([ /* sizeof() == 5 */
        "function" : "CATCH",
        "file" : "/adm/obj/master.lpc",
        "program" : "/adm/obj/master.lpc",
        "line" : 416,
        "object" : /adm/obj/master,
      ])
    }),
  "error" : "*Object cannot be loaded during compilation.
",
  "file" : "/adm/obj/master.lpc",
  "program" : "/adm/obj/master.lpc",
  "line" : 416,
  "object" : /adm/obj/master,
]), 1]
locals: [4, 4, "[1;37m
执行时段错误: [2;37;0m*Object cannot be loaded during compilation.
[1;37m
程式: [2;37;0m/adm/obj/master.lpc:416
[1;37m
物件: [2;37;0m/adm/obj/master
[1;37m 函数呼叫回溯:
[2;37;0m[1;32m---------------------------------------------------
[2;37;0mauthor_file()             /adm/obj/master.lpc:182
log_error()               /adm/obj/master.lpc:258
valid_write()             /adm/obj/master.lpc:416
CATCH()                   /adm/obj/master.lpc:416
[1;32m---------------------------------------------------
[2;37;0m
"]
--- frame 4 ----
Object: /adm/obj/master, Program: /adm/obj/master.lpc
   in error_handler() at /adm/obj/master.lpc:225
arguments: [([ /* sizeof() == 6 */
  "trace" : ({ /* sizeof() == 4 */
      ([ /* sizeof() == 6 */
        "function" : "author_file",
        "file" : "/adm/obj/master.lpc",
        "arguments" : ({ /* sizeof() == 1 */
            "//adm/obj/master"
          }),
        "program" : "/adm/obj/master.lpc",
        "line" : 182,
        "object" : /adm/obj/master,
      ]),
      ([ /* sizeof() == 7 */
        "locals" : ({ /* sizeof() == 2 */
            0,
            "/log/"
          }),
        "function" : "log_error",
        "file" : "/adm/obj/master.lpc",
        "arguments" : ({ /* sizeof() == 2 */
            "/adm/simul_efun/path.lpc",
            "In file included from /adm/single/simul_efun.lpc:8:
/adm/simul_efun/path.lpc:50:1: warning: Unused local variable 't4'
   50 | }
      | ^
"
          }),
        "program" : "/adm/obj/master.lpc",
        "line" : 258,
        "object" : /adm/obj/master,
      ]),
      ([ /* sizeof() == 7 */
        "locals" : ({ /* sizeof() == 1 */
            0
          }),
        "function" : "valid_write",
        "file" : "/adm/obj/master.lpc",
        "arguments" : ({ /* sizeof() == 3 */
            "/log/error.log",
            /adm/obj/master,
            "write_file"
          }),
        "program" : "/adm/obj/master.lpc",
        "line" : 416,
        "object" : /adm/obj/master,
      ]),
      ([ /* sizeof() == 5 */
        "function" : "CATCH",
        "file" : "/adm/obj/master.lpc",
        "program" : "/adm/obj/master.lpc",
        "line" : 416,
        "object" : /adm/obj/master,
      ])
    }),
  "error" : "*Object cannot be loaded during compilation.
",
  "file" : "/adm/obj/master.lpc",
  "program" : "/adm/obj/master.lpc",
  "line" : 416,
  "object" : /adm/obj/master,
]), 1]
locals: [0]
--- frame 3 ----
Object: /adm/obj/master, Program: /adm/obj/master.lpc
   in <catch>() at /adm/obj/master.lpc:416
--- frame 2 ----
Object: /adm/obj/master, Program: /adm/obj/master.lpc
   in valid_write() at /adm/obj/master.lpc:416
arguments: ["/log/error.log", /adm/obj/master, "write_file"]
locals: [0]
--- frame 1 ----
Object: /adm/obj/master, Program: /adm/obj/master.lpc
   in log_error() at /adm/obj/master.lpc:258
arguments: ["/adm/simul_efun/path.lpc", "In file included from /adm/single/simul_efun.lpc:8:
/adm/simul_efun/path.lpc:50:1: warning: Unused local variable 't4'
   50 | }
      | ^
"]
locals: [0, "/log/"]
--- frame 0 ----
Object: /adm/obj/master, Program: /adm/obj/master.lpc
   in author_file() at /adm/obj/master.lpc:182
arguments: ["//adm/obj/master"]
--- end trace ---
Error in mudlib error handler: *Object cannot be loaded during compilation.
program: /adm/obj/master.lpc, object: /adm/obj/master, file: /adm/obj/master.lpc:215
--- trace ---
--- frame 3 ----
Object: /adm/obj/master, Program: /adm/obj/master.lpc
   in standard_trace() at /adm/obj/master.lpc:215
arguments: [([ /* sizeof() == 6 */
  "trace" : ({ /* sizeof() == 2 */
      ([ /* sizeof() == 6 */
        "function" : "author_file",
        "file" : "/adm/obj/master.lpc",
        "arguments" : ({ /* sizeof() == 1 */
            "//adm/obj/master"
          }),
        "program" : "/adm/obj/master.lpc",
        "line" : 182,
        "object" : /adm/obj/master,
      ]),
      ([ /* sizeof() == 7 */
        "locals" : ({ /* sizeof() == 2 */
            0,
            "/log/"
          }),
        "function" : "log_error",
        "file" : "/adm/obj/master.lpc",
        "arguments" : ({ /* sizeof() == 2 */
            "/adm/simul_efun/path.lpc",
            "In file included from /adm/single/simul_efun.lpc:8:
/adm/simul_efun/path.lpc:50:1: warning: Unused local variable 't4'
   50 | }
      | ^
"
          }),
        "program" : "/adm/obj/master.lpc",
        "line" : 259,
        "object" : /adm/obj/master,
      ])
    }),
  "error" : "*Object cannot be loaded during compilation.
",
  "file" : "/adm/obj/master.lpc",
  "program" : "/adm/obj/master.lpc",
  "line" : 259,
  "object" : /adm/obj/master,
]), 0]
locals: [2, 2, "[1;37m
执行时段错误: [2;37;0m*Object cannot be loaded during compilation.
[1;37m
程式: [2;37;0m/adm/obj/master.lpc:259
[1;37m
物件: [2;37;0m/adm/obj/master
[1;37m 函数呼叫回溯:
[2;37;0m[1;32m---------------------------------------------------
[2;37;0mauthor_file()             /adm/obj/master.lpc:182
log_error()               /adm/obj/master.lpc:259
[1;32m---------------------------------------------------
[2;37;0m
"]
--- frame 2 ----
Object: /adm/obj/master, Program: /adm/obj/master.lpc
   in error_handler() at /adm/obj/master.lpc:225
arguments: [([ /* sizeof() == 6 */
  "trace" : ({ /* sizeof() == 2 */
      ([ /* sizeof() == 6 */
        "function" : "author_file",
        "file" : "/adm/obj/master.lpc",
        "arguments" : ({ /* sizeof() == 1 */
            "//adm/obj/master"
          }),
        "program" : "/adm/obj/master.lpc",
        "line" : 182,
        "object" : /adm/obj/master,
      ]),
      ([ /* sizeof() == 7 */
        "locals" : ({ /* sizeof() == 2 */
            0,
            "/log/"
          }),
        "function" : "log_error",
        "file" : "/adm/obj/master.lpc",
        "arguments" : ({ /* sizeof() == 2 */
            "/adm/simul_efun/path.lpc",
            "In file included from /adm/single/simul_efun.lpc:8:
/adm/simul_efun/path.lpc:50:1: warning: Unused local variable 't4'
   50 | }
      | ^
"
          }),
        "program" : "/adm/obj/master.lpc",
        "line" : 259,
        "object" : /adm/obj/master,
      ])
    }),
  "error" : "*Object cannot be loaded during compilation.
",
  "file" : "/adm/obj/master.lpc",
  "program" : "/adm/obj/master.lpc",
  "line" : 259,
  "object" : /adm/obj/master,
]), 0]
locals: [0]
--- frame 1 ----
Object: /adm/obj/master, Program: /adm/obj/master.lpc
   in log_error() at /adm/obj/master.lpc:259
arguments: ["/adm/simul_efun/path.lpc", "In file included from /adm/single/simul_efun.lpc:8:
/adm/simul_efun/path.lpc:50:1: warning: Unused local variable 't4'
   50 | }
      | ^
"]
locals: [0, "/log/"]
--- frame 0 ----
Object: /adm/obj/master, Program: /adm/obj/master.lpc
   in author_file() at /adm/obj/master.lpc:182
arguments: ["//adm/obj/master"]
--- end trace ---
/feature/treemap.lpc:13:27: warning: Illegal to declare nosave function.
   13 | nosave nomask mixed _query( mapping map, string *parts )
      |                           ^
  note: while loading '/feature/treemap' inherited by '/feature/dbase'
Error in error handler: *Object cannot be loaded during compilation.
program: /adm/obj/master.lpc, object: /adm/obj/master, file: /adm/obj/master.lpc:215
--- trace ---
--- frame 7 ----
Object: /adm/obj/master, Program: /adm/obj/master.lpc
   in standard_trace() at /adm/obj/master.lpc:215
arguments: [([ /* sizeof() == 6 */
  "trace" : ({ /* sizeof() == 6 */
      ([ /* sizeof() == 6 */
        "function" : "author_file",
        "file" : "/adm/obj/master.lpc",
        "arguments" : ({ /* sizeof() == 1 */
            "//adm/obj/master"
          }),
        "program" : "/adm/obj/master.lpc",
        "line" : 182,
        "object" : /adm/obj/master,
      ]),
      ([ /* sizeof() == 6 */
        "function" : "create",
        "file" : "/adm/single/simul_efun.lpc",
        "arguments" : ({ }),
        "program" : "/adm/single/simul_efun.lpc",
        "line" : 16,
        "object" : /adm/single/simul_efun,
      ]),
      ([ /* sizeof() == 6 */
        "function" : "valid_seteuid",
        "file" : "/adm/obj/master.lpc",
        "arguments" : ({ /* sizeof() == 2 */
            /adm/single/simul_efun,
            "MudOS"
          }),
        "program" : "/adm/obj/master.lpc",
        "line" : 316,
        "object" : /adm/obj/master,
      ]),
      ([ /* sizeof() == 7 */
        "locals" : ({ /* sizeof() == 2 */
            0,
            "/log/"
          }),
        "function" : "log_error",
        "file" : "/adm/obj/master.lpc",
        "arguments" : ({ /* sizeof() == 2 */
            "/feature/treemap.lpc",
            "/feature/treemap.lpc:13:27: warning: Illegal to declare nosave function.
   13 | nosave nomask mixed _query( mapping map, string *parts )
      |                           ^
  note: while loading '/feature/treemap' inherited by '/feature/dbase'
"
          }),
        "program" : "/adm/obj/master.lpc",
        "line" : 258,
        "object" : /adm/obj/master,
      ]),
      ([ /* sizeof() == 7 */
        "locals" : ({ /* sizeof() == 1 */
            0
          }),
        "function" : "valid_write",
        "file" : "/adm/obj/master.lpc",
        "arguments" : ({ /* sizeof() == 3 */
            "/log/error.log",
            /adm/obj/master,
            "write_file"
          }),
        "program" : "/adm/obj/master.lpc",
        "line" : 416,
        "object" : /adm/obj/master,
      ]),
      ([ /* sizeof() == 5 */
        "function" : "CATCH",
        "file" : "/adm/obj/master.lpc",
        "program" : "/adm/obj/master.lpc",
        "line" : 416,
        "object" : /adm/obj/master,
      ])
    }),
  "error" : "*Object cannot be loaded during compilation.
",
  "file" : "/adm/obj/master.lpc",
  "program" : "/adm/obj/master.lpc",
  "line" : 416,
  "object" : /adm/obj/master,
]), 1]
locals: [6, 6, "[1;37m
执行时段错误: [2;37;0m*Object cannot be loaded during compilation.
[1;37m
程式: [2;37;0m/adm/obj/master.lpc:416
[1;37m
物件: [2;37;0m/adm/obj/master
[1;37m 函数呼叫回溯:
[2;37;0m[1;32m---------------------------------------------------
[2;37;0mauthor_file()             /adm/obj/master.lpc:182
create()                  /adm/single/simul_efun.lpc:16
valid_seteuid()           /adm/obj/master.lpc:316
log_error()               /adm/obj/master.lpc:258
valid_write()             /adm/obj/master.lpc:416
CATCH()                   /adm/obj/master.lpc:416
[1;32m---------------------------------------------------
[2;37;0m
"]
--- frame 6 ----
Object: /adm/obj/master, Program: /adm/obj/master.lpc
   in error_handler() at /adm/obj/master.lpc:225
arguments: [([ /* sizeof() == 6 */
  "trace" : ({ /* sizeof() == 6 */
      ([ /* sizeof() == 6 */
        "function" : "author_file",
        "file" : "/adm/obj/master.lpc",
        "arguments" : ({ /* sizeof() == 1 */
            "//adm/obj/master"
          }),
        "program" : "/adm/obj/master.lpc",
        "line" : 182,
        "object" : /adm/obj/master,
      ]),
      ([ /* sizeof() == 6 */
        "function" : "create",
        "file" : "/adm/single/simul_efun.lpc",
        "arguments" : ({ }),
        "program" : "/adm/single/simul_efun.lpc",
        "line" : 16,
        "object" : /adm/single/simul_efun,
      ]),
      ([ /* sizeof() == 6 */
        "function" : "valid_seteuid",
        "file" : "/adm/obj/master.lpc",
        "arguments" : ({ /* sizeof() == 2 */
            /adm/single/simul_efun,
            "MudOS"
          }),
        "program" : "/adm/obj/master.lpc",
        "line" : 316,
        "object" : /adm/obj/master,
      ]),
      ([ /* sizeof() == 7 */
        "locals" : ({ /* sizeof() == 2 */
            0,
            "/log/"
          }),
        "function" : "log_error",
        "file" : "/adm/obj/master.lpc",
        "arguments" : ({ /* sizeof() == 2 */
            "/feature/treemap.lpc",
            "/feature/treemap.lpc:13:27: warning: Illegal to declare nosave function.
   13 | nosave nomask mixed _query( mapping map, string *parts )
      |                           ^
  note: while loading '/feature/treemap' inherited by '/feature/dbase'
"
          }),
        "program" : "/adm/obj/master.lpc",
        "line" : 258,
        "object" : /adm/obj/master,
      ]),
      ([ /* sizeof() == 7 */
        "locals" : ({ /* sizeof() == 1 */
            0
          }),
        "function" : "valid_write",
        "file" : "/adm/obj/master.lpc",
        "arguments" : ({ /* sizeof() == 3 */
            "/log/error.log",
            /adm/obj/master,
            "write_file"
          }),
        "program" : "/adm/obj/master.lpc",
        "line" : 416,
        "object" : /adm/obj/master,
      ]),
      ([ /* sizeof() == 5 */
        "function" : "CATCH",
        "file" : "/adm/obj/master.lpc",
        "program" : "/adm/obj/master.lpc",
        "line" : 416,
        "object" : /adm/obj/master,
      ])
    }),
  "error" : "*Object cannot be loaded during compilation.
",
  "file" : "/adm/obj/master.lpc",
  "program" : "/adm/obj/master.lpc",
  "line" : 416,
  "object" : /adm/obj/master,
]), 1]
locals: [0]
--- frame 5 ----
Object: /adm/obj/master, Program: /adm/obj/master.lpc
   in <catch>() at /adm/obj/master.lpc:416
--- frame 4 ----
Object: /adm/obj/master, Program: /adm/obj/master.lpc
   in valid_write() at /adm/obj/master.lpc:416
arguments: ["/log/error.log", /adm/obj/master, "write_file"]
locals: [0]
--- frame 3 ----
Object: /adm/obj/master, Program: /adm/obj/master.lpc
   in log_error() at /adm/obj/master.lpc:258
arguments: ["/feature/treemap.lpc", "/feature/treemap.lpc:13:27: warning: Illegal to declare nosave function.
   13 | nosave nomask mixed _query( mapping map, string *parts )
      |                           ^
  note: while loading '/feature/treemap' inherited by '/feature/dbase'
"]
locals: [0, "/log/"]
--- frame 2 ----
Object: /adm/obj/master, Program: /adm/obj/master.lpc
   in valid_seteuid() at /adm/obj/master.lpc:316
arguments: [/adm/single/simul_efun, "MudOS"]
--- frame 1 ----
Object: /adm/single/simul_efun, Program: /adm/single/simul_efun.lpc
   in create() at /adm/single/simul_efun.lpc:16
--- frame 0 ----
Object: /adm/obj/master, Program: /adm/obj/master.lpc
   in author_file() at /adm/obj/master.lpc:182
arguments: ["//adm/obj/master"]
--- end trace ---
Error in mudlib error handler: *Object cannot be loaded during compilation.
program: /adm/obj/master.lpc, object: /adm/obj/master, file: /adm/obj/master.lpc:215
--- trace ---
--- frame 5 ----
Object: /adm/obj/master, Program: /adm/obj/master.lpc
   in standard_trace() at /adm/obj/master.lpc:215
arguments: [([ /* sizeof() == 6 */
  "trace" : ({ /* sizeof() == 4 */
      ([ /* sizeof() == 6 */
        "function" : "author_file",
        "file" : "/adm/obj/master.lpc",
        "arguments" : ({ /* sizeof() == 1 */
            "//adm/obj/master"
          }),
        "program" : "/adm/obj/master.lpc",
        "line" : 182,
        "object" : /adm/obj/master,
      ]),
      ([ /* sizeof() == 6 */
        "function" : "create",
        "file" : "/adm/single/simul_efun.lpc",
        "arguments" : ({ }),
        "program" : "/adm/single/simul_efun.lpc",
        "line" : 16,
        "object" : /adm/single/simul_efun,
      ]),
      ([ /* sizeof() == 6 */
        "function" : "valid_seteuid",
        "file" : "/adm/obj/master.lpc",
        "arguments" : ({ /* sizeof() == 2 */
            /adm/single/simul_efun,
            "MudOS"
          }),
        "program" : "/adm/obj/master.lpc",
        "line" : 316,
        "object" : /adm/obj/master,
      ]),
      ([ /* sizeof() == 7 */
        "locals" : ({ /* sizeof() == 2 */
            0,
            "/log/"
          }),
        "function" : "log_error",
        "file" : "/adm/obj/master.lpc",
        "arguments" : ({ /* sizeof() == 2 */
            "/feature/treemap.lpc",
            "/feature/treemap.lpc:13:27: warning: Illegal to declare nosave function.
   13 | nosave nomask mixed _query( mapping map, string *parts )
      |                           ^
  note: while loading '/feature/treemap' inherited by '/feature/dbase'
"
          }),
        "program" : "/adm/obj/master.lpc",
        "line" : 259,
        "object" : /adm/obj/master,
      ])
    }),
  "error" : "*Object cannot be loaded during compilation.
",
  "file" : "/adm/obj/master.lpc",
  "program" : "/adm/obj/master.lpc",
  "line" : 259,
  "object" : /adm/obj/master,
]), 0]
locals: [4, 4, "[1;37m
执行时段错误: [2;37;0m*Object cannot be loaded during compilation.
[1;37m
程式: [2;37;0m/adm/obj/master.lpc:259
[1;37m
物件: [2;37;0m/adm/obj/master
[1;37m 函数呼叫回溯:
[2;37;0m[1;32m---------------------------------------------------
[2;37;0mauthor_file()             /adm/obj/master.lpc:182
create()                  /adm/single/simul_efun.lpc:16
valid_seteuid()           /adm/obj/master.lpc:316
log_error()               /adm/obj/master.lpc:259
[1;32m---------------------------------------------------
[2;37;0m
"]
--- frame 4 ----
Object: /adm/obj/master, Program: /adm/obj/master.lpc
   in error_handler() at /adm/obj/master.lpc:225
arguments: [([ /* sizeof() == 6 */
  "trace" : ({ /* sizeof() == 4 */
      ([ /* sizeof() == 6 */
        "function" : "author_file",
        "file" : "/adm/obj/master.lpc",
        "arguments" : ({ /* sizeof() == 1 */
            "//adm/obj/master"
          }),
        "program" : "/adm/obj/master.lpc",
        "line" : 182,
        "object" : /adm/obj/master,
      ]),
      ([ /* sizeof() == 6 */
        "function" : "create",
        "file" : "/adm/single/simul_efun.lpc",
        "arguments" : ({ }),
        "program" : "/adm/single/simul_efun.lpc",
        "line" : 16,
        "object" : /adm/single/simul_efun,
      ]),
      ([ /* sizeof() == 6 */
        "function" : "valid_seteuid",
        "file" : "/adm/obj/master.lpc",
        "arguments" : ({ /* sizeof() == 2 */
            /adm/single/simul_efun,
            "MudOS"
          }),
        "program" : "/adm/obj/master.lpc",
        "line" : 316,
        "object" : /adm/obj/master,
      ]),
      ([ /* sizeof() == 7 */
        "locals" : ({ /* sizeof() == 2 */
            0,
            "/log/"
          }),
        "function" : "log_error",
        "file" : "/adm/obj/master.lpc",
        "arguments" : ({ /* sizeof() == 2 */
            "/feature/treemap.lpc",
            "/feature/treemap.lpc:13:27: warning: Illegal to declare nosave function.
   13 | nosave nomask mixed _query( mapping map, string *parts )
      |                           ^
  note: while loading '/feature/treemap' inherited by '/feature/dbase'
"
          }),
        "program" : "/adm/obj/master.lpc",
        "line" : 259,
        "object" : /adm/obj/master,
      ])
    }),
  "error" : "*Object cannot be loaded during compilation.
",
  "file" : "/adm/obj/master.lpc",
  "program" : "/adm/obj/master.lpc",
  "line" : 259,
  "object" : /adm/obj/master,
]), 0]
locals: [0]
--- frame 3 ----
Object: /adm/obj/master, Program: /adm/obj/master.lpc
   in log_error() at /adm/obj/master.lpc:259
arguments: ["/feature/treemap.lpc", "/feature/treemap.lpc:13:27: warning: Illegal to declare nosave function.
   13 | nosave nomask mixed _query( mapping map, string *parts )
      |                           ^
  note: while loading '/feature/treemap' inherited by '/feature/dbase'
"]
locals: [0, "/log/"]
--- frame 2 ----
Object: /adm/obj/master, Program: /adm/obj/master.lpc
   in valid_seteuid() at /adm/obj/master.lpc:316
arguments: [/adm/single/simul_efun, "MudOS"]
--- frame 1 ----
Object: /adm/single/simul_efun, Program: /adm/single/simul_efun.lpc
   in create() at /adm/single/simul_efun.lpc:16
--- frame 0 ----
Object: /adm/obj/master, Program: /adm/obj/master.lpc
   in author_file() at /adm/obj/master.lpc:182
arguments: ["//adm/obj/master"]
--- end trace ---
/feature/treemap.lpc:29:26: warning: Illegal to declare nosave function.
   29 | nosave nomask int _delete( mapping map, string *parts )
      |                          ^
  note: while loading '/feature/treemap' inherited by '/feature/dbase'
Error in error handler: *Object cannot be loaded during compilation.
program: /adm/obj/master.lpc, object: /adm/obj/master, file: /adm/obj/master.lpc:215
--- trace ---
--- frame 7 ----
Object: /adm/obj/master, Program: /adm/obj/master.lpc
   in standard_trace() at /adm/obj/master.lpc:215
arguments: [([ /* sizeof() == 6 */
  "trace" : ({ /* sizeof() == 6 */
      ([ /* sizeof() == 6 */
        "function" : "author_file",
        "file" : "/adm/obj/master.lpc",
        "arguments" : ({ /* sizeof() == 1 */
            "//adm/obj/master"
          }),
        "program" : "/adm/obj/master.lpc",
        "line" : 182,
        "object" : /adm/obj/master,
      ]),
      ([ /* sizeof() == 6 */
        "function" : "create",
        "file" : "/adm/single/simul_efun.lpc",
        "arguments" : ({ }),
        "program" : "/adm/single/simul_efun.lpc",
        "line" : 16,
        "object" : /adm/single/simul_efun,
      ]),
      ([ /* sizeof() == 6 */
        "function" : "valid_seteuid",
        "file" : "/adm/obj/master.lpc",
        "arguments" : ({ /* sizeof() == 2 */
            /adm/single/simul_efun,
            "MudOS"
          }),
        "program" : "/adm/obj/master.lpc",
        "line" : 316,
        "object" : /adm/obj/master,
      ]),
      ([ /* sizeof() == 7 */
        "locals" : ({ /* sizeof() == 2 */
            0,
            "/log/"
          }),
        "function" : "log_error",
        "file" : "/adm/obj/master.lpc",
        "arguments" : ({ /* sizeof() == 2 */
            "/feature/treemap.lpc",
            "/feature/treemap.lpc:29:26: warning: Illegal to declare nosave function.
   29 | nosave nomask int _delete( mapping map, string *parts )
      |                          ^
  note: while loading '/feature/treemap' inherited by '/feature/dbase'
"
          }),
        "program" : "/adm/obj/master.lpc",
        "line" : 258,
        "object" : /adm/obj/master,
      ]),
      ([ /* sizeof() == 7 */
        "locals" : ({ /* sizeof() == 1 */
            0
          }),
        "function" : "valid_write",
        "file" : "/adm/obj/master.lpc",
        "arguments" : ({ /* sizeof() == 3 */
            "/log/error.log",
            /adm/obj/master,
            "write_file"
          }),
        "program" : "/adm/obj/master.lpc",
        "line" : 416,
        "object" : /adm/obj/master,
      ]),
      ([ /* sizeof() == 5 */
        "function" : "CATCH",
        "file" : "/adm/obj/master.lpc",
        "program" : "/adm/obj/master.lpc",
        "line" : 416,
        "object" : /adm/obj/master,
      ])
    }),
  "error" : "*Object cannot be loaded during compilation.
",
  "file" : "/adm/obj/master.lpc",
  "program" : "/adm/obj/master.lpc",
  "line" : 416,
  "object" : /adm/obj/master,
]), 1]
locals: [6, 6, "[1;37m
执行时段错误: [2;37;0m*Object cannot be loaded during compilation.
[1;37m
程式: [2;37;0m/adm/obj/master.lpc:416
[1;37m
物件: [2;37;0m/adm/obj/master
[1;37m 函数呼叫回溯:
[2;37;0m[1;32m---------------------------------------------------
[2;37;0mauthor_file()             /adm/obj/master.lpc:182
create()                  /adm/single/simul_efun.lpc:16
valid_seteuid()           /adm/obj/master.lpc:316
log_error()               /adm/obj/master.lpc:258
valid_write()             /adm/obj/master.lpc:416
CATCH()                   /adm/obj/master.lpc:416
[1;32m---------------------------------------------------
[2;37;0m
"]
--- frame 6 ----
Object: /adm/obj/master, Program: /adm/obj/master.lpc
   in error_handler() at /adm/obj/master.lpc:225
arguments: [([ /* sizeof() == 6 */
  "trace" : ({ /* sizeof() == 6 */
      ([ /* sizeof() == 6 */
        "function" : "author_file",
        "file" : "/adm/obj/master.lpc",
        "arguments" : ({ /* sizeof() == 1 */
            "//adm/obj/master"
          }),
        "program" : "/adm/obj/master.lpc",
        "line" : 182,
        "object" : /adm/obj/master,
      ]),
      ([ /* sizeof() == 6 */
        "function" : "create",
        "file" : "/adm/single/simul_efun.lpc",
        "arguments" : ({ }),
        "program" : "/adm/single/simul_efun.lpc",
        "line" : 16,
        "object" : /adm/single/simul_efun,
      ]),
      ([ /* sizeof() == 6 */
        "function" : "valid_seteuid",
        "file" : "/adm/obj/master.lpc",
        "arguments" : ({ /* sizeof() == 2 */
            /adm/single/simul_efun,
            "MudOS"
          }),
        "program" : "/adm/obj/master.lpc",
        "line" : 316,
        "object" : /adm/obj/master,
      ]),
      ([ /* sizeof() == 7 */
        "locals" : ({ /* sizeof() == 2 */
            0,
            "/log/"
          }),
        "function" : "log_error",
        "file" : "/adm/obj/master.lpc",
        "arguments" : ({ /* sizeof() == 2 */
            "/feature/treemap.lpc",
            "/feature/treemap.lpc:29:26: warning: Illegal to declare nosave function.
   29 | nosave nomask int _delete( mapping map, string *parts )
      |                          ^
  note: while loading '/feature/treemap' inherited by '/feature/dbase'
"
          }),
        "program" : "/adm/obj/master.lpc",
        "line" : 258,
        "object" : /adm/obj/master,
      ]),
      ([ /* sizeof() == 7 */
        "locals" : ({ /* sizeof() == 1 */
            0
          }),
        "function" : "valid_write",
        "file" : "/adm/obj/master.lpc",
        "arguments" : ({ /* sizeof() == 3 */
            "/log/error.log",
            /adm/obj/master,
            "write_file"
          }),
        "program" : "/adm/obj/master.lpc",
        "line" : 416,
        "object" : /adm/obj/master,
      ]),
      ([ /* sizeof() == 5 */
        "function" : "CATCH",
        "file" : "/adm/obj/master.lpc",
        "program" : "/adm/obj/master.lpc",
        "line" : 416,
        "object" : /adm/obj/master,
      ])
    }),
  "error" : "*Object cannot be loaded during compilation.
",
  "file" : "/adm/obj/master.lpc",
  "program" : "/adm/obj/master.lpc",
  "line" : 416,
  "object" : /adm/obj/master,
]), 1]
locals: [0]
--- frame 5 ----
Object: /adm/obj/master, Program: /adm/obj/master.lpc
   in <catch>() at /adm/obj/master.lpc:416
--- frame 4 ----
Object: /adm/obj/master, Program: /adm/obj/master.lpc
   in valid_write() at /adm/obj/master.lpc:416
arguments: ["/log/error.log", /adm/obj/master, "write_file"]
locals: [0]
--- frame 3 ----
Object: /adm/obj/master, Program: /adm/obj/master.lpc
   in log_error() at /adm/obj/master.lpc:258
arguments: ["/feature/treemap.lpc", "/feature/treemap.lpc:29:26: warning: Illegal to declare nosave function.
   29 | nosave nomask int _delete( mapping map, string *parts )
      |                          ^
  note: while loading '/feature/treemap' inherited by '/feature/dbase'
"]
locals: [0, "/log/"]
--- frame 2 ----
Object: /adm/obj/master, Program: /adm/obj/master.lpc
   in valid_seteuid() at /adm/obj/master.lpc:316
arguments: [/adm/single/simul_efun, "MudOS"]
--- frame 1 ----
Object: /adm/single/simul_efun, Program: /adm/single/simul_efun.lpc
   in create() at /adm/single/simul_efun.lpc:16
--- frame 0 ----
Object: /adm/obj/master, Program: /adm/obj/master.lpc
   in author_file() at /adm/obj/master.lpc:182
arguments: ["//adm/obj/master"]
--- end trace ---
Error in mudlib error handler: *Object cannot be loaded during compilation.
program: /adm/obj/master.lpc, object: /adm/obj/master, file: /adm/obj/master.lpc:215
--- trace ---
--- frame 5 ----
Object: /adm/obj/master, Program: /adm/obj/master.lpc
   in standard_trace() at /adm/obj/master.lpc:215
arguments: [([ /* sizeof() == 6 */
  "trace" : ({ /* sizeof() == 4 */
      ([ /* sizeof() == 6 */
        "function" : "author_file",
        "file" : "/adm/obj/master.lpc",
        "arguments" : ({ /* sizeof() == 1 */
            "//adm/obj/master"
          }),
        "program" : "/adm/obj/master.lpc",
        "line" : 182,
        "object" : /adm/obj/master,
      ]),
      ([ /* sizeof() == 6 */
        "function" : "create",
        "file" : "/adm/single/simul_efun.lpc",
        "arguments" : ({ }),
        "program" : "/adm/single/simul_efun.lpc",
        "line" : 16,
        "object" : /adm/single/simul_efun,
      ]),
      ([ /* sizeof() == 6 */
        "function" : "valid_seteuid",
        "file" : "/adm/obj/master.lpc",
        "arguments" : ({ /* sizeof() == 2 */
            /adm/single/simul_efun,
            "MudOS"
          }),
        "program" : "/adm/obj/master.lpc",
        "line" : 316,
        "object" : /adm/obj/master,
      ]),
      ([ /* sizeof() == 7 */
        "locals" : ({ /* sizeof() == 2 */
            0,
            "/log/"
          }),
        "function" : "log_error",
        "file" : "/adm/obj/master.lpc",
        "arguments" : ({ /* sizeof() == 2 */
            "/feature/treemap.lpc",
            "/feature/treemap.lpc:29:26: warning: Illegal to declare nosave function.
   29 | nosave nomask int _delete( mapping map, string *parts )
      |                          ^
  note: while loading '/feature/treemap' inherited by '/feature/dbase'
"
          }),
        "program" : "/adm/obj/master.lpc",
        "line" : 259,
        "object" : /adm/obj/master,
      ])
    }),
  "error" : "*Object cannot be loaded during compilation.
",
  "file" : "/adm/obj/master.lpc",
  "program" : "/adm/obj/master.lpc",
  "line" : 259,
  "object" : /adm/obj/master,
]), 0]
locals: [4, 4, "[1;37m
执行时段错误: [2;37;0m*Object cannot be loaded during compilation.
[1;37m
程式: [2;37;0m/adm/obj/master.lpc:259
[1;37m
物件: [2;37;0m/adm/obj/master
[1;37m 函数呼叫回溯:
[2;37;0m[1;32m---------------------------------------------------
[2;37;0mauthor_file()             /adm/obj/master.lpc:182
create()                  /adm/single/simul_efun.lpc:16
valid_seteuid()           /adm/obj/master.lpc:316
log_error()               /adm/obj/master.lpc:259
[1;32m---------------------------------------------------
[2;37;0m
"]
--- frame 4 ----
Object: /adm/obj/master, Program: /adm/obj/master.lpc
   in error_handler() at /adm/obj/master.lpc:225
arguments: [([ /* sizeof() == 6 */
  "trace" : ({ /* sizeof() == 4 */
      ([ /* sizeof() == 6 */
        "function" : "author_file",
        "file" : "/adm/obj/master.lpc",
        "arguments" : ({ /* sizeof() == 1 */
            "//adm/obj/master"
          }),
        "program" : "/adm/obj/master.lpc",
        "line" : 182,
        "object" : /adm/obj/master,
      ]),
      ([ /* sizeof() == 6 */
        "function" : "create",
        "file" : "/adm/single/simul_efun.lpc",
        "arguments" : ({ }),
        "program" : "/adm/single/simul_efun.lpc",
        "line" : 16,
        "object" : /adm/single/simul_efun,
      ]),
      ([ /* sizeof() == 6 */
        "function" : "valid_seteuid",
        "file" : "/adm/obj/master.lpc",
        "arguments" : ({ /* sizeof() == 2 */
            /adm/single/simul_efun,
            "MudOS"
          }),
        "program" : "/adm/obj/master.lpc",
        "line" : 316,
        "object" : /adm/obj/master,
      ]),
      ([ /* sizeof() == 7 */
        "locals" : ({ /* sizeof() == 2 */
            0,
            "/log/"
          }),
        "function" : "log_error",
        "file" : "/adm/obj/master.lpc",
        "arguments" : ({ /* sizeof() == 2 */
            "/feature/treemap.lpc",
            "/feature/treemap.lpc:29:26: warning: Illegal to declare nosave function.
   29 | nosave nomask int _delete( mapping map, string *parts )
      |                          ^
  note: while loading '/feature/treemap' inherited by '/feature/dbase'
"
          }),
        "program" : "/adm/obj/master.lpc",
        "line" : 259,
        "object" : /adm/obj/master,
      ])
    }),
  "error" : "*Object cannot be loaded during compilation.
",
  "file" : "/adm/obj/master.lpc",
  "program" : "/adm/obj/master.lpc",
  "line" : 259,
  "object" : /adm/obj/master,
]), 0]
locals: [0]
--- frame 3 ----
Object: /adm/obj/master, Program: /adm/obj/master.lpc
   in log_error() at /adm/obj/master.lpc:259
arguments: ["/feature/treemap.lpc", "/feature/treemap.lpc:29:26: warning: Illegal to declare nosave function.
   29 | nosave nomask int _delete( mapping map, string *parts )
      |                          ^
  note: while loading '/feature/treemap' inherited by '/feature/dbase'
"]
locals: [0, "/log/"]
--- frame 2 ----
Object: /adm/obj/master, Program: /adm/obj/master.lpc
   in valid_seteuid() at /adm/obj/master.lpc:316
arguments: [/adm/single/simul_efun, "MudOS"]
--- frame 1 ----
Object: /adm/single/simul_efun, Program: /adm/single/simul_efun.lpc
   in create() at /adm/single/simul_efun.lpc:16
--- frame 0 ----
Object: /adm/obj/master, Program: /adm/obj/master.lpc
   in author_file() at /adm/obj/master.lpc:182
arguments: ["//adm/obj/master"]
--- end trace ---
/feature/treemap.lpc:40:26: warning: Illegal to declare nosave function.
   40 | nosave nomask  mixed _set( mapping map, string *parts, mixed value )
      |                          ^
  note: while loading '/feature/treemap' inherited by '/feature/dbase'
Error in error handler: *Object cannot be loaded during compilation.
program: /adm/obj/master.lpc, object: /adm/obj/master, file: /adm/obj/master.lpc:215
--- trace ---
--- frame 7 ----
Object: /adm/obj/master, Program: /adm/obj/master.lpc
   in standard_trace() at /adm/obj/master.lpc:215
arguments: [([ /* sizeof() == 6 */
  "trace" : ({ /* sizeof() == 6 */
      ([ /* sizeof() == 6 */
        "function" : "author_file",
        "file" : "/adm/obj/master.lpc",
        "arguments" : ({ /* sizeof() == 1 */
            "//adm/obj/master"
          }),
        "program" : "/adm/obj/master.lpc",
        "line" : 182,
        "object" : /adm/obj/master,
      ]),
      ([ /* sizeof() == 6 */
        "function" : "create",
        "file" : "/adm/single/simul_efun.lpc",
        "arguments" : ({ }),
        "program" : "/adm/single/simul_efun.lpc",
        "line" : 16,
        "object" : /adm/single/simul_efun,
      ]),
      ([ /* sizeof() == 6 */
        "function" : "valid_seteuid",
        "file" : "/adm/obj/master.lpc",
        "arguments" : ({ /* sizeof() == 2 */
            /adm/single/simul_efun,
            "MudOS"
          }),
        "program" : "/adm/obj/master.lpc",
        "line" : 316,
        "object" : /adm/obj/master,
      ]),
      ([ /* sizeof() == 7 */
        "locals" : ({ /* sizeof() == 2 */
            0,
            "/log/"
          }),
        "function" : "log_error",
        "file" : "/adm/obj/master.lpc",
        "arguments" : ({ /* sizeof() == 2 */
            "/feature/treemap.lpc",
            "/feature/treemap.lpc:40:26: warning: Illegal to declare nosave function.
   40 | nosave nomask  mixed _set( mapping map, string *parts, mixed value )
      |                          ^
  note: while loading '/feature/treemap' inherited by '/feature/dbase'
"
          }),
        "program" : "/adm/obj/master.lpc",
        "line" : 258,
        "object" : /adm/obj/master,
      ]),
      ([ /* sizeof() == 7 */
        "locals" : ({ /* sizeof() == 1 */
            0
          }),
        "function" : "valid_write",
        "file" : "/adm/obj/master.lpc",
        "arguments" : ({ /* sizeof() == 3 */
            "/log/error.log",
            /adm/obj/master,
            "write_file"
          }),
        "program" : "/adm/obj/master.lpc",
        "line" : 416,
        "object" : /adm/obj/master,
      ]),
      ([ /* sizeof() == 5 */
        "function" : "CATCH",
        "file" : "/adm/obj/master.lpc",
        "program" : "/adm/obj/master.lpc",
        "line" : 416,
        "object" : /adm/obj/master,
      ])
    }),
  "error" : "*Object cannot be loaded during compilation.
",
  "file" : "/adm/obj/master.lpc",
  "program" : "/adm/obj/master.lpc",
  "line" : 416,
  "object" : /adm/obj/master,
]), 1]
locals: [6, 6, "[1;37m
执行时段错误: [2;37;0m*Object cannot be loaded during compilation.
[1;37m
程式: [2;37;0m/adm/obj/master.lpc:416
[1;37m
物件: [2;37;0m/adm/obj/master
[1;37m 函数呼叫回溯:
[2;37;0m[1;32m---------------------------------------------------
[2;37;0mauthor_file()             /adm/obj/master.lpc:182
create()                  /adm/single/simul_efun.lpc:16
valid_seteuid()           /adm/obj/master.lpc:316
log_error()               /adm/obj/master.lpc:258
valid_write()             /adm/obj/master.lpc:416
CATCH()                   /adm/obj/master.lpc:416
[1;32m---------------------------------------------------
[2;37;0m
"]
--- frame 6 ----
Object: /adm/obj/master, Program: /adm/obj/master.lpc
   in error_handler() at /adm/obj/master.lpc:225
arguments: [([ /* sizeof() == 6 */
  "trace" : ({ /* sizeof() == 6 */
      ([ /* sizeof() == 6 */
        "function" : "author_file",
        "file" : "/adm/obj/master.lpc",
        "arguments" : ({ /* sizeof() == 1 */
            "//adm/obj/master"
          }),
        "program" : "/adm/obj/master.lpc",
        "line" : 182,
        "object" : /adm/obj/master,
      ]),
      ([ /* sizeof() == 6 */
        "function" : "create",
        "file" : "/adm/single/simul_efun.lpc",
        "arguments" : ({ }),
        "program" : "/adm/single/simul_efun.lpc",
        "line" : 16,
        "object" : /adm/single/simul_efun,
      ]),
      ([ /* sizeof() == 6 */
        "function" : "valid_seteuid",
        "file" : "/adm/obj/master.lpc",
        "arguments" : ({ /* sizeof() == 2 */
            /adm/single/simul_efun,
            "MudOS"
          }),
        "program" : "/adm/obj/master.lpc",
        "line" : 316,
        "object" : /adm/obj/master,
      ]),
      ([ /* sizeof() == 7 */
        "locals" : ({ /* sizeof() == 2 */
            0,
            "/log/"
          }),
        "function" : "log_error",
        "file" : "/adm/obj/master.lpc",
        "arguments" : ({ /* sizeof() == 2 */
            "/feature/treemap.lpc",
            "/feature/treemap.lpc:40:26: warning: Illegal to declare nosave function.
   40 | nosave nomask  mixed _set( mapping map, string *parts, mixed value )
      |                          ^
  note: while loading '/feature/treemap' inherited by '/feature/dbase'
"
          }),
        "program" : "/adm/obj/master.lpc",
        "line" : 258,
        "object" : /adm/obj/master,
      ]),
      ([ /* sizeof() == 7 */
        "locals" : ({ /* sizeof() == 1 */
            0
          }),
        "function" : "valid_write",
        "file" : "/adm/obj/master.lpc",
        "arguments" : ({ /* sizeof() == 3 */
            "/log/error.log",
            /adm/obj/master,
            "write_file"
          }),
        "program" : "/adm/obj/master.lpc",
        "line" : 416,
        "object" : /adm/obj/master,
      ]),
      ([ /* sizeof() == 5 */
        "function" : "CATCH",
        "file" : "/adm/obj/master.lpc",
        "program" : "/adm/obj/master.lpc",
        "line" : 416,
        "object" : /adm/obj/master,
      ])
    }),
  "error" : "*Object cannot be loaded during compilation.
",
  "file" : "/adm/obj/master.lpc",
  "program" : "/adm/obj/master.lpc",
  "line" : 416,
  "object" : /adm/obj/master,
]), 1]
locals: [0]
--- frame 5 ----
Object: /adm/obj/master, Program: /adm/obj/master.lpc
   in <catch>() at /adm/obj/master.lpc:416
--- frame 4 ----
Object: /adm/obj/master, Program: /adm/obj/master.lpc
   in valid_write() at /adm/obj/master.lpc:416
arguments: ["/log/error.log", /adm/obj/master, "write_file"]
locals: [0]
--- frame 3 ----
Object: /adm/obj/master, Program: /adm/obj/master.lpc
   in log_error() at /adm/obj/master.lpc:258
arguments: ["/feature/treemap.lpc", "/feature/treemap.lpc:40:26: warning: Illegal to declare nosave function.
   40 | nosave nomask  mixed _set( mapping map, string *parts, mixed value )
      |                          ^
  note: while loading '/feature/treemap' inherited by '/feature/dbase'
"]
locals: [0, "/log/"]
--- frame 2 ----
Object: /adm/obj/master, Program: /adm/obj/master.lpc
   in valid_seteuid() at /adm/obj/master.lpc:316
arguments: [/adm/single/simul_efun, "MudOS"]
--- frame 1 ----
Object: /adm/single/simul_efun, Program: /adm/single/simul_efun.lpc
   in create() at /adm/single/simul_efun.lpc:16
--- frame 0 ----
Object: /adm/obj/master, Program: /adm/obj/master.lpc
   in author_file() at /adm/obj/master.lpc:182
arguments: ["//adm/obj/master"]
--- end trace ---
Error in mudlib error handler: *Object cannot be loaded during compilation.
program: /adm/obj/master.lpc, object: /adm/obj/master, file: /adm/obj/master.lpc:215
--- trace ---
--- frame 5 ----
Object: /adm/obj/master, Program: /adm/obj/master.lpc
   in standard_trace() at /adm/obj/master.lpc:215
arguments: [([ /* sizeof() == 6 */
  "trace" : ({ /* sizeof() == 4 */
      ([ /* sizeof() == 6 */
        "function" : "author_file",
        "file" : "/adm/obj/master.lpc",
        "arguments" : ({ /* sizeof() == 1 */
            "//adm/obj/master"
          }),
        "program" : "/adm/obj/master.lpc",
        "line" : 182,
        "object" : /adm/obj/master,
      ]),
      ([ /* sizeof() == 6 */
        "function" : "create",
        "file" : "/adm/single/simul_efun.lpc",
        "arguments" : ({ }),
        "program" : "/adm/single/simul_efun.lpc",
        "line" : 16,
        "object" : /adm/single/simul_efun,
      ]),
      ([ /* sizeof() == 6 */
        "function" : "valid_seteuid",
        "file" : "/adm/obj/master.lpc",
        "arguments" : ({ /* sizeof() == 2 */
            /adm/single/simul_efun,
            "MudOS"
          }),
        "program" : "/adm/obj/master.lpc",
        "line" : 316,
        "object" : /adm/obj/master,
      ]),
      ([ /* sizeof() == 7 */
        "locals" : ({ /* sizeof() == 2 */
            0,
            "/log/"
          }),
        "function" : "log_error",
        "file" : "/adm/obj/master.lpc",
        "arguments" : ({ /* sizeof() == 2 */
            "/feature/treemap.lpc",
            "/feature/treemap.lpc:40:26: warning: Illegal to declare nosave function.
   40 | nosave nomask  mixed _set( mapping map, string *parts, mixed value )
      |                          ^
  note: while loading '/feature/treemap' inherited by '/feature/dbase'
"
          }),
        "program" : "/adm/obj/master.lpc",
        "line" : 259,
        "object" : /adm/obj/master,
      ])
    }),
  "error" : "*Object cannot be loaded during compilation.
",
  "file" : "/adm/obj/master.lpc",
  "program" : "/adm/obj/master.lpc",
  "line" : 259,
  "object" : /adm/obj/master,
]), 0]
locals: [4, 4, "[1;37m
执行时段错误: [2;37;0m*Object cannot be loaded during compilation.
[1;37m
程式: [2;37;0m/adm/obj/master.lpc:259
[1;37m
物件: [2;37;0m/adm/obj/master
[1;37m 函数呼叫回溯:
[2;37;0m[1;32m---------------------------------------------------
[2;37;0mauthor_file()             /adm/obj/master.lpc:182
create()                  /adm/single/simul_efun.lpc:16
valid_seteuid()           /adm/obj/master.lpc:316
log_error()               /adm/obj/master.lpc:259
[1;32m---------------------------------------------------
[2;37;0m
"]
--- frame 4 ----
Object: /adm/obj/master, Program: /adm/obj/master.lpc
   in error_handler() at /adm/obj/master.lpc:225
arguments: [([ /* sizeof() == 6 */
  "trace" : ({ /* sizeof() == 4 */
      ([ /* sizeof() == 6 */
        "function" : "author_file",
        "file" : "/adm/obj/master.lpc",
        "arguments" : ({ /* sizeof() == 1 */
            "//adm/obj/master"
          }),
        "program" : "/adm/obj/master.lpc",
        "line" : 182,
        "object" : /adm/obj/master,
      ]),
      ([ /* sizeof() == 6 */
        "function" : "create",
        "file" : "/adm/single/simul_efun.lpc",
        "arguments" : ({ }),
        "program" : "/adm/single/simul_efun.lpc",
        "line" : 16,
        "object" : /adm/single/simul_efun,
      ]),
      ([ /* sizeof() == 6 */
        "function" : "valid_seteuid",
        "file" : "/adm/obj/master.lpc",
        "arguments" : ({ /* sizeof() == 2 */
            /adm/single/simul_efun,
            "MudOS"
          }),
        "program" : "/adm/obj/master.lpc",
        "line" : 316,
        "object" : /adm/obj/master,
      ]),
      ([ /* sizeof() == 7 */
        "locals" : ({ /* sizeof() == 2 */
            0,
            "/log/"
          }),
        "function" : "log_error",
        "file" : "/adm/obj/master.lpc",
        "arguments" : ({ /* sizeof() == 2 */
            "/feature/treemap.lpc",
            "/feature/treemap.lpc:40:26: warning: Illegal to declare nosave function.
   40 | nosave nomask  mixed _set( mapping map, string *parts, mixed value )
      |                          ^
  note: while loading '/feature/treemap' inherited by '/feature/dbase'
"
          }),
        "program" : "/adm/obj/master.lpc",
        "line" : 259,
        "object" : /adm/obj/master,
      ])
    }),
  "error" : "*Object cannot be loaded during compilation.
",
  "file" : "/adm/obj/master.lpc",
  "program" : "/adm/obj/master.lpc",
  "line" : 259,
  "object" : /adm/obj/master,
]), 0]
locals: [0]
--- frame 3 ----
Object: /adm/obj/master, Program: /adm/obj/master.lpc
   in log_error() at /adm/obj/master.lpc:259
arguments: ["/feature/treemap.lpc", "/feature/treemap.lpc:40:26: warning: Illegal to declare nosave function.
   40 | nosave nomask  mixed _set( mapping map, string *parts, mixed value )
      |                          ^
  note: while loading '/feature/treemap' inherited by '/feature/dbase'
"]
locals: [0, "/log/"]
--- frame 2 ----
Object: /adm/obj/master, Program: /adm/obj/master.lpc
   in valid_seteuid() at /adm/obj/master.lpc:316
arguments: [/adm/single/simul_efun, "MudOS"]
--- frame 1 ----
Object: /adm/single/simul_efun, Program: /adm/single/simul_efun.lpc
   in create() at /adm/single/simul_efun.lpc:16
--- frame 0 ----
Object: /adm/obj/master, Program: /adm/obj/master.lpc
   in author_file() at /adm/obj/master.lpc:182
arguments: ["//adm/obj/master"]
--- end trace ---
*Warning: unable to open stat file domain_stats for reading.
*Warning: unable to open stat file author_stats for reading.

Loading preload files ...
/adm/daemons/securd...
/adm/daemons/virtuald...
/adm/daemons/languaged...
/adm/daemons/languaged.lpc:12: warning: Unknown #pragma, ignored.
Error in mudlib error handler: *Object cannot be loaded during compilation.
program: /adm/obj/master.lpc, object: /adm/obj/master, file: /adm/obj/master.lpc:215
--- trace ---
--- frame 4 ----
Object: /adm/obj/master, Program: /adm/obj/master.lpc
   in standard_trace() at /adm/obj/master.lpc:215
arguments: [([ /* sizeof() == 6 */
  "trace" : ({ /* sizeof() == 3 */
      ([ /* sizeof() == 7 */
        "locals" : ({ /* sizeof() == 2 */
            1785472272,
            0
          }),
        "function" : "preload",
        "file" : "/adm/obj/master.lpc",
        "arguments" : ({ /* sizeof() == 1 */
            "/adm/daemons/languaged"
          }),
        "program" : "/adm/obj/master.lpc",
        "line" : 97,
        "object" : /adm/obj/master,
      ]),
      ([ /* sizeof() == 5 */
        "function" : "CATCH",
        "file" : "/adm/obj/master.lpc",
        "program" : "/adm/obj/master.lpc",
        "line" : 97,
        "object" : /adm/obj/master,
      ]),
      ([ /* sizeof() == 7 */
        "locals" : ({ /* sizeof() == 2 */
            0,
            "/log/"
          }),
        "function" : "log_error",
        "file" : "/adm/obj/master.lpc",
        "arguments" : ({ /* sizeof() == 2 */
            "/adm/daemons/languaged.lpc",
            "/adm/daemons/languaged.lpc:12: warning: Unknown #pragma, ignored.
"
          }),
        "program" : "/adm/obj/master.lpc",
        "line" : 259,
        "object" : /adm/obj/master,
      ])
    }),
  "error" : "*Object cannot be loaded during compilation.
",
  "file" : "/adm/obj/master.lpc",
  "program" : "/adm/obj/master.lpc",
  "line" : 259,
  "object" : /adm/obj/master,
]), 0]
locals: [3, 3, "[1;37m
执行时段错误: [2;37;0m*Object cannot be loaded during compilation.
[1;37m
程式: [2;37;0m/adm/obj/master.lpc:259
[1;37m
物件: [2;37;0m/adm/obj/master
[1;37m 函数呼叫回溯:
[2;37;0m[1;32m---------------------------------------------------
[2;37;0mpreload()                 /adm/obj/master.lpc:97
CATCH()                   /adm/obj/master.lpc:97
log_error()               /adm/obj/master.lpc:259
[1;32m---------------------------------------------------
[2;37;0m
"]
--- frame 3 ----
Object: /adm/obj/master, Program: /adm/obj/master.lpc
   in error_handler() at /adm/obj/master.lpc:225
arguments: [([ /* sizeof() == 6 */
  "trace" : ({ /* sizeof() == 3 */
      ([ /* sizeof() == 7 */
        "locals" : ({ /* sizeof() == 2 */
            1785472272,
            0
          }),
        "function" : "preload",
        "file" : "/adm/obj/master.lpc",
        "arguments" : ({ /* sizeof() == 1 */
            "/adm/daemons/languaged"
          }),
        "program" : "/adm/obj/master.lpc",
        "line" : 97,
        "object" : /adm/obj/master,
      ]),
      ([ /* sizeof() == 5 */
        "function" : "CATCH",
        "file" : "/adm/obj/master.lpc",
        "program" : "/adm/obj/master.lpc",
        "line" : 97,
        "object" : /adm/obj/master,
      ]),
      ([ /* sizeof() == 7 */
        "locals" : ({ /* sizeof() == 2 */
            0,
            "/log/"
          }),
        "function" : "log_error",
        "file" : "/adm/obj/master.lpc",
        "arguments" : ({ /* sizeof() == 2 */
            "/adm/daemons/languaged.lpc",
            "/adm/daemons/languaged.lpc:12: warning: Unknown #pragma, ignored.
"
          }),
        "program" : "/adm/obj/master.lpc",
        "line" : 259,
        "object" : /adm/obj/master,
      ])
    }),
  "error" : "*Object cannot be loaded during compilation.
",
  "file" : "/adm/obj/master.lpc",
  "program" : "/adm/obj/master.lpc",
  "line" : 259,
  "object" : /adm/obj/master,
]), 0]
locals: [0]
--- frame 2 ----
Object: /adm/obj/master, Program: /adm/obj/master.lpc
   in log_error() at /adm/obj/master.lpc:259
arguments: ["/adm/daemons/languaged.lpc", "/adm/daemons/languaged.lpc:12: warning: Unknown #pragma, ignored.
"]
locals: [0, "/log/"]
--- frame 1 ----
Object: /adm/obj/master, Program: /adm/obj/master.lpc
   in <catch>() at /adm/obj/master.lpc:97
--- frame 0 ----
Object: /adm/obj/master, Program: /adm/obj/master.lpc
   in preload() at /adm/obj/master.lpc:97
arguments: ["/adm/daemons/languaged"]
locals: [1785472272, 0]
--- end trace ---
/adm/daemons/logind...
/adm/daemons/logind.lpc:294:1: warning: Unused local variable 'c_file'
  294 | }
      | ^
Error in mudlib error handler: *Object cannot be loaded during compilation.
program: /adm/obj/master.lpc, object: /adm/obj/master, file: /adm/obj/master.lpc:215
--- trace ---
--- frame 4 ----
Object: /adm/obj/master, Program: /adm/obj/master.lpc
   in standard_trace() at /adm/obj/master.lpc:215
arguments: [([ /* sizeof() == 6 */
  "trace" : ({ /* sizeof() == 3 */
      ([ /* sizeof() == 7 */
        "locals" : ({ /* sizeof() == 2 */
            1785472272,
            0
          }),
        "function" : "preload",
        "file" : "/adm/obj/master.lpc",
        "arguments" : ({ /* sizeof() == 1 */
            "/adm/daemons/logind"
          }),
        "program" : "/adm/obj/master.lpc",
        "line" : 97,
        "object" : /adm/obj/master,
      ]),
      ([ /* sizeof() == 5 */
        "function" : "CATCH",
        "file" : "/adm/obj/master.lpc",
        "program" : "/adm/obj/master.lpc",
        "line" : 97,
        "object" : /adm/obj/master,
      ]),
      ([ /* sizeof() == 7 */
        "locals" : ({ /* sizeof() == 2 */
            0,
            "/log/"
          }),
        "function" : "log_error",
        "file" : "/adm/obj/master.lpc",
        "arguments" : ({ /* sizeof() == 2 */
            "/adm/daemons/logind.lpc",
            "/adm/daemons/logind.lpc:294:1: warning: Unused local variable 'c_file'
  294 | }
      | ^
"
          }),
        "program" : "/adm/obj/master.lpc",
        "line" : 259,
        "object" : /adm/obj/master,
      ])
    }),
  "error" : "*Object cannot be loaded during compilation.
",
  "file" : "/adm/obj/master.lpc",
  "program" : "/adm/obj/master.lpc",
  "line" : 259,
  "object" : /adm/obj/master,
]), 0]
locals: [3, 3, "[1;37m
执行时段错误: [2;37;0m*Object cannot be loaded during compilation.
[1;37m
程式: [2;37;0m/adm/obj/master.lpc:259
[1;37m
物件: [2;37;0m/adm/obj/master
[1;37m 函数呼叫回溯:
[2;37;0m[1;32m---------------------------------------------------
[2;37;0mpreload()                 /adm/obj/master.lpc:97
CATCH()                   /adm/obj/master.lpc:97
log_error()               /adm/obj/master.lpc:259
[1;32m---------------------------------------------------
[2;37;0m
"]
--- frame 3 ----
Object: /adm/obj/master, Program: /adm/obj/master.lpc
   in error_handler() at /adm/obj/master.lpc:225
arguments: [([ /* sizeof() == 6 */
  "trace" : ({ /* sizeof() == 3 */
      ([ /* sizeof() == 7 */
        "locals" : ({ /* sizeof() == 2 */
            1785472272,
            0
          }),
        "function" : "preload",
        "file" : "/adm/obj/master.lpc",
        "arguments" : ({ /* sizeof() == 1 */
            "/adm/daemons/logind"
          }),
        "program" : "/adm/obj/master.lpc",
        "line" : 97,
        "object" : /adm/obj/master,
      ]),
      ([ /* sizeof() == 5 */
        "function" : "CATCH",
        "file" : "/adm/obj/master.lpc",
        "program" : "/adm/obj/master.lpc",
        "line" : 97,
        "object" : /adm/obj/master,
      ]),
      ([ /* sizeof() == 7 */
        "locals" : ({ /* sizeof() == 2 */
            0,
            "/log/"
          }),
        "function" : "log_error",
        "file" : "/adm/obj/master.lpc",
        "arguments" : ({ /* sizeof() == 2 */
            "/adm/daemons/logind.lpc",
            "/adm/daemons/logind.lpc:294:1: warning: Unused local variable 'c_file'
  294 | }
      | ^
"
          }),
        "program" : "/adm/obj/master.lpc",
        "line" : 259,
        "object" : /adm/obj/master,
      ])
    }),
  "error" : "*Object cannot be loaded during compilation.
",
  "file" : "/adm/obj/master.lpc",
  "program" : "/adm/obj/master.lpc",
  "line" : 259,
  "object" : /adm/obj/master,
]), 0]
locals: [0]
--- frame 2 ----
Object: /adm/obj/master, Program: /adm/obj/master.lpc
   in log_error() at /adm/obj/master.lpc:259
arguments: ["/adm/daemons/logind.lpc", "/adm/daemons/logind.lpc:294:1: warning: Unused local variable 'c_file'
  294 | }
      | ^
"]
locals: [0, "/log/"]
--- frame 1 ----
Object: /adm/obj/master, Program: /adm/obj/master.lpc
   in <catch>() at /adm/obj/master.lpc:97
--- frame 0 ----
Object: /adm/obj/master, Program: /adm/obj/master.lpc
   in preload() at /adm/obj/master.lpc:97
arguments: ["/adm/daemons/logind"]
locals: [1785472272, 0]
--- end trace ---
/adm/daemons/logind.lpc:294:1: warning: Unused local variable 'str'
  294 | }
      | ^
Error in mudlib error handler: *Object cannot be loaded during compilation.
program: /adm/obj/master.lpc, object: /adm/obj/master, file: /adm/obj/master.lpc:215
--- trace ---
--- frame 4 ----
Object: /adm/obj/master, Program: /adm/obj/master.lpc
   in standard_trace() at /adm/obj/master.lpc:215
arguments: [([ /* sizeof() == 6 */
  "trace" : ({ /* sizeof() == 3 */
      ([ /* sizeof() == 7 */
        "locals" : ({ /* sizeof() == 2 */
            1785472272,
            0
          }),
        "function" : "preload",
        "file" : "/adm/obj/master.lpc",
        "arguments" : ({ /* sizeof() == 1 */
            "/adm/daemons/logind"
          }),
        "program" : "/adm/obj/master.lpc",
        "line" : 97,
        "object" : /adm/obj/master,
      ]),
      ([ /* sizeof() == 5 */
        "function" : "CATCH",
        "file" : "/adm/obj/master.lpc",
        "program" : "/adm/obj/master.lpc",
        "line" : 97,
        "object" : /adm/obj/master,
      ]),
      ([ /* sizeof() == 7 */
        "locals" : ({ /* sizeof() == 2 */
            0,
            "/log/"
          }),
        "function" : "log_error",
        "file" : "/adm/obj/master.lpc",
        "arguments" : ({ /* sizeof() == 2 */
            "/adm/daemons/logind.lpc",
            "/adm/daemons/logind.lpc:294:1: warning: Unused local variable 'str'
  294 | }
      | ^
"
          }),
        "program" : "/adm/obj/master.lpc",
        "line" : 259,
        "object" : /adm/obj/master,
      ])
    }),
  "error" : "*Object cannot be loaded during compilation.
",
  "file" : "/adm/obj/master.lpc",
  "program" : "/adm/obj/master.lpc",
  "line" : 259,
  "object" : /adm/obj/master,
]), 0]
locals: [3, 3, "[1;37m
执行时段错误: [2;37;0m*Object cannot be loaded during compilation.
[1;37m
程式: [2;37;0m/adm/obj/master.lpc:259
[1;37m
物件: [2;37;0m/adm/obj/master
[1;37m 函数呼叫回溯:
[2;37;0m[1;32m---------------------------------------------------
[2;37;0mpreload()                 /adm/obj/master.lpc:97
CATCH()                   /adm/obj/master.lpc:97
log_error()               /adm/obj/master.lpc:259
[1;32m---------------------------------------------------
[2;37;0m
"]
--- frame 3 ----
Object: /adm/obj/master, Program: /adm/obj/master.lpc
   in error_handler() at /adm/obj/master.lpc:225
arguments: [([ /* sizeof() == 6 */
  "trace" : ({ /* sizeof() == 3 */
      ([ /* sizeof() == 7 */
        "locals" : ({ /* sizeof() == 2 */
            1785472272,
            0
          }),
        "function" : "preload",
        "file" : "/adm/obj/master.lpc",
        "arguments" : ({ /* sizeof() == 1 */
            "/adm/daemons/logind"
          }),
        "program" : "/adm/obj/master.lpc",
        "line" : 97,
        "object" : /adm/obj/master,
      ]),
      ([ /* sizeof() == 5 */
        "function" : "CATCH",
        "file" : "/adm/obj/master.lpc",
        "program" : "/adm/obj/master.lpc",
        "line" : 97,
        "object" : /adm/obj/master,
      ]),
      ([ /* sizeof() == 7 */
        "locals" : ({ /* sizeof() == 2 */
            0,
            "/log/"
          }),
        "function" : "log_error",
        "file" : "/adm/obj/master.lpc",
        "arguments" : ({ /* sizeof() == 2 */
            "/adm/daemons/logind.lpc",
            "/adm/daemons/logind.lpc:294:1: warning: Unused local variable 'str'
  294 | }
      | ^
"
          }),
        "program" : "/adm/obj/master.lpc",
        "line" : 259,
        "object" : /adm/obj/master,
      ])
    }),
  "error" : "*Object cannot be loaded during compilation.
",
  "file" : "/adm/obj/master.lpc",
  "program" : "/adm/obj/master.lpc",
  "line" : 259,
  "object" : /adm/obj/master,
]), 0]
locals: [0]
--- frame 2 ----
Object: /adm/obj/master, Program: /adm/obj/master.lpc
   in log_error() at /adm/obj/master.lpc:259
arguments: ["/adm/daemons/logind.lpc", "/adm/daemons/logind.lpc:294:1: warning: Unused local variable 'str'
  294 | }
      | ^
"]
locals: [0, "/log/"]
--- frame 1 ----
Object: /adm/obj/master, Program: /adm/obj/master.lpc
   in <catch>() at /adm/obj/master.lpc:97
--- frame 0 ----
Object: /adm/obj/master, Program: /adm/obj/master.lpc
   in preload() at /adm/obj/master.lpc:97
arguments: ["/adm/daemons/logind"]
locals: [1785472272, 0]
--- end trace ---
/adm/daemons/logind.lpc:294:1: warning: Unused local variable 'str1'
  294 | }
      | ^
Error in mudlib error handler: *Object cannot be loaded during compilation.
program: /adm/obj/master.lpc, object: /adm/obj/master, file: /adm/obj/master.lpc:215
--- trace ---
--- frame 4 ----
Object: /adm/obj/master, Program: /adm/obj/master.lpc
   in standard_trace() at /adm/obj/master.lpc:215
arguments: [([ /* sizeof() == 6 */
  "trace" : ({ /* sizeof() == 3 */
      ([ /* sizeof() == 7 */
        "locals" : ({ /* sizeof() == 2 */
            1785472272,
            0
          }),
        "function" : "preload",
        "file" : "/adm/obj/master.lpc",
        "arguments" : ({ /* sizeof() == 1 */
            "/adm/daemons/logind"
          }),
        "program" : "/adm/obj/master.lpc",
        "line" : 97,
        "object" : /adm/obj/master,
      ]),
      ([ /* sizeof() == 5 */
        "function" : "CATCH",
        "file" : "/adm/obj/master.lpc",
        "program" : "/adm/obj/master.lpc",
        "line" : 97,
        "object" : /adm/obj/master,
      ]),
      ([ /* sizeof() == 7 */
        "locals" : ({ /* sizeof() == 2 */
            0,
            "/log/"
          }),
        "function" : "log_error",
        "file" : "/adm/obj/master.lpc",
        "arguments" : ({ /* sizeof() == 2 */
            "/adm/daemons/logind.lpc",
            "/adm/daemons/logind.lpc:294:1: warning: Unused local variable 'str1'
  294 | }
      | ^
"
          }),
        "program" : "/adm/obj/master.lpc",
        "line" : 259,
        "object" : /adm/obj/master,
      ])
    }),
  "error" : "*Object cannot be loaded during compilation.
",
  "file" : "/adm/obj/master.lpc",
  "program" : "/adm/obj/master.lpc",
  "line" : 259,
  "object" : /adm/obj/master,
]), 0]
locals: [3, 3, "[1;37m
执行时段错误: [2;37;0m*Object cannot be loaded during compilation.
[1;37m
程式: [2;37;0m/adm/obj/master.lpc:259
[1;37m
物件: [2;37;0m/adm/obj/master
[1;37m 函数呼叫回溯:
[2;37;0m[1;32m---------------------------------------------------
[2;37;0mpreload()                 /adm/obj/master.lpc:97
CATCH()                   /adm/obj/master.lpc:97
log_error()               /adm/obj/master.lpc:259
[1;32m---------------------------------------------------
[2;37;0m
"]
--- frame 3 ----
Object: /adm/obj/master, Program: /adm/obj/master.lpc
   in error_handler() at /adm/obj/master.lpc:225
arguments: [([ /* sizeof() == 6 */
  "trace" : ({ /* sizeof() == 3 */
      ([ /* sizeof() == 7 */
        "locals" : ({ /* sizeof() == 2 */
            1785472272,
            0
          }),
        "function" : "preload",
        "file" : "/adm/obj/master.lpc",
        "arguments" : ({ /* sizeof() == 1 */
            "/adm/daemons/logind"
          }),
        "program" : "/adm/obj/master.lpc",
        "line" : 97,
        "object" : /adm/obj/master,
      ]),
      ([ /* sizeof() == 5 */
        "function" : "CATCH",
        "file" : "/adm/obj/master.lpc",
        "program" : "/adm/obj/master.lpc",
        "line" : 97,
        "object" : /adm/obj/master,
      ]),
      ([ /* sizeof() == 7 */
        "locals" : ({ /* sizeof() == 2 */
            0,
            "/log/"
          }),
        "function" : "log_error",
        "file" : "/adm/obj/master.lpc",
        "arguments" : ({ /* sizeof() == 2 */
            "/adm/daemons/logind.lpc",
            "/adm/daemons/logind.lpc:294:1: warning: Unused local variable 'str1'
  294 | }
      | ^
"
          }),
        "program" : "/adm/obj/master.lpc",
        "line" : 259,
        "object" : /adm/obj/master,
      ])
    }),
  "error" : "*Object cannot be loaded during compilation.
",
  "file" : "/adm/obj/master.lpc",
  "program" : "/adm/obj/master.lpc",
  "line" : 259,
  "object" : /adm/obj/master,
]), 0]
locals: [0]
--- frame 2 ----
Object: /adm/obj/master, Program: /adm/obj/master.lpc
   in log_error() at /adm/obj/master.lpc:259
arguments: ["/adm/daemons/logind.lpc", "/adm/daemons/logind.lpc:294:1: warning: Unused local variable 'str1'
  294 | }
      | ^
"]
locals: [0, "/log/"]
--- frame 1 ----
Object: /adm/obj/master, Program: /adm/obj/master.lpc
   in <catch>() at /adm/obj/master.lpc:97
--- frame 0 ----
Object: /adm/obj/master, Program: /adm/obj/master.lpc
   in preload() at /adm/obj/master.lpc:97
arguments: ["/adm/daemons/logind"]
locals: [1785472272, 0]
--- end trace ---
/adm/daemons/logind.lpc:294:1: warning: Unused local variable 'encode'
  294 | }
      | ^
Error in mudlib error handler: *Object cannot be loaded during compilation.
program: /adm/obj/master.lpc, object: /adm/obj/master, file: /adm/obj/master.lpc:215
--- trace ---
--- frame 4 ----
Object: /adm/obj/master, Program: /adm/obj/master.lpc
   in standard_trace() at /adm/obj/master.lpc:215
arguments: [([ /* sizeof() == 6 */
  "trace" : ({ /* sizeof() == 3 */
      ([ /* sizeof() == 7 */
        "locals" : ({ /* sizeof() == 2 */
            1785472272,
            0
          }),
        "function" : "preload",
        "file" : "/adm/obj/master.lpc",
        "arguments" : ({ /* sizeof() == 1 */
            "/adm/daemons/logind"
          }),
        "program" : "/adm/obj/master.lpc",
        "line" : 97,
        "object" : /adm/obj/master,
      ]),
      ([ /* sizeof() == 5 */
        "function" : "CATCH",
        "file" : "/adm/obj/master.lpc",
        "program" : "/adm/obj/master.lpc",
        "line" : 97,
        "object" : /adm/obj/master,
      ]),
      ([ /* sizeof() == 7 */
        "locals" : ({ /* sizeof() == 2 */
            0,
            "/log/"
          }),
        "function" : "log_error",
        "file" : "/adm/obj/master.lpc",
        "arguments" : ({ /* sizeof() == 2 */
            "/adm/daemons/logind.lpc",
            "/adm/daemons/logind.lpc:294:1: warning: Unused local variable 'encode'
  294 | }
      | ^
"
          }),
        "program" : "/adm/obj/master.lpc",
        "line" : 259,
        "object" : /adm/obj/master,
      ])
    }),
  "error" : "*Object cannot be loaded during compilation.
",
  "file" : "/adm/obj/master.lpc",
  "program" : "/adm/obj/master.lpc",
  "line" : 259,
  "object" : /adm/obj/master,
]), 0]
locals: [3, 3, "[1;37m
执行时段错误: [2;37;0m*Object cannot be loaded during compilation.
[1;37m
程式: [2;37;0m/adm/obj/master.lpc:259
[1;37m
物件: [2;37;0m/adm/obj/master
[1;37m 函数呼叫回溯:
[2;37;0m[1;32m---------------------------------------------------
[2;37;0mpreload()                 /adm/obj/master.lpc:97
CATCH()                   /adm/obj/master.lpc:97
log_error()               /adm/obj/master.lpc:259
[1;32m---------------------------------------------------
[2;37;0m
"]
--- frame 3 ----
Object: /adm/obj/master, Program: /adm/obj/master.lpc
   in error_handler() at /adm/obj/master.lpc:225
arguments: [([ /* sizeof() == 6 */
  "trace" : ({ /* sizeof() == 3 */
      ([ /* sizeof() == 7 */
        "locals" : ({ /* sizeof() == 2 */
            1785472272,
            0
          }),
        "function" : "preload",
        "file" : "/adm/obj/master.lpc",
        "arguments" : ({ /* sizeof() == 1 */
            "/adm/daemons/logind"
          }),
        "program" : "/adm/obj/master.lpc",
        "line" : 97,
        "object" : /adm/obj/master,
      ]),
      ([ /* sizeof() == 5 */
        "function" : "CATCH",
        "file" : "/adm/obj/master.lpc",
        "program" : "/adm/obj/master.lpc",
        "line" : 97,
        "object" : /adm/obj/master,
      ]),
      ([ /* sizeof() == 7 */
        "locals" : ({ /* sizeof() == 2 */
            0,
            "/log/"
          }),
        "function" : "log_error",
        "file" : "/adm/obj/master.lpc",
        "arguments" : ({ /* sizeof() == 2 */
            "/adm/daemons/logind.lpc",
            "/adm/daemons/logind.lpc:294:1: warning: Unused local variable 'encode'
  294 | }
      | ^
"
          }),
        "program" : "/adm/obj/master.lpc",
        "line" : 259,
        "object" : /adm/obj/master,
      ])
    }),
  "error" : "*Object cannot be loaded during compilation.
",
  "file" : "/adm/obj/master.lpc",
  "program" : "/adm/obj/master.lpc",
  "line" : 259,
  "object" : /adm/obj/master,
]), 0]
locals: [0]
--- frame 2 ----
Object: /adm/obj/master, Program: /adm/obj/master.lpc
   in log_error() at /adm/obj/master.lpc:259
arguments: ["/adm/daemons/logind.lpc", "/adm/daemons/logind.lpc:294:1: warning: Unused local variable 'encode'
  294 | }
      | ^
"]
locals: [0, "/log/"]
--- frame 1 ----
Object: /adm/obj/master, Program: /adm/obj/master.lpc
   in <catch>() at /adm/obj/master.lpc:97
--- frame 0 ----
Object: /adm/obj/master, Program: /adm/obj/master.lpc
   in preload() at /adm/obj/master.lpc:97
arguments: ["/adm/daemons/logind"]
locals: [1785472272, 0]
--- end trace ---
/adm/daemons/logind.lpc:294:1: warning: Unused local variable 'p_count'
  294 | }
      | ^
Error in mudlib error handler: *Object cannot be loaded during compilation.
program: /adm/obj/master.lpc, object: /adm/obj/master, file: /adm/obj/master.lpc:215
--- trace ---
--- frame 4 ----
Object: /adm/obj/master, Program: /adm/obj/master.lpc
   in standard_trace() at /adm/obj/master.lpc:215
arguments: [([ /* sizeof() == 6 */
  "trace" : ({ /* sizeof() == 3 */
      ([ /* sizeof() == 7 */
        "locals" : ({ /* sizeof() == 2 */
            1785472272,
            0
          }),
        "function" : "preload",
        "file" : "/adm/obj/master.lpc",
        "arguments" : ({ /* sizeof() == 1 */
            "/adm/daemons/logind"
          }),
        "program" : "/adm/obj/master.lpc",
        "line" : 97,
        "object" : /adm/obj/master,
      ]),
      ([ /* sizeof() == 5 */
        "function" : "CATCH",
        "file" : "/adm/obj/master.lpc",
        "program" : "/adm/obj/master.lpc",
        "line" : 97,
        "object" : /adm/obj/master,
      ]),
      ([ /* sizeof() == 7 */
        "locals" : ({ /* sizeof() == 2 */
            0,
            "/log/"
          }),
        "function" : "log_error",
        "file" : "/adm/obj/master.lpc",
        "arguments" : ({ /* sizeof() == 2 */
            "/adm/daemons/logind.lpc",
            "/adm/daemons/logind.lpc:294:1: warning: Unused local variable 'p_count'
  294 | }
      | ^
"
          }),
        "program" : "/adm/obj/master.lpc",
        "line" : 259,
        "object" : /adm/obj/master,
      ])
    }),
  "error" : "*Object cannot be loaded during compilation.
",
  "file" : "/adm/obj/master.lpc",
  "program" : "/adm/obj/master.lpc",
  "line" : 259,
  "object" : /adm/obj/master,
]), 0]
locals: [3, 3, "[1;37m
执行时段错误: [2;37;0m*Object cannot be loaded during compilation.
[1;37m
程式: [2;37;0m/adm/obj/master.lpc:259
[1;37m
物件: [2;37;0m/adm/obj/master
[1;37m 函数呼叫回溯:
[2;37;0m[1;32m---------------------------------------------------
[2;37;0mpreload()                 /adm/obj/master.lpc:97
CATCH()                   /adm/obj/master.lpc:97
log_error()               /adm/obj/master.lpc:259
[1;32m---------------------------------------------------
[2;37;0m
"]
--- frame 3 ----
Object: /adm/obj/master, Program: /adm/obj/master.lpc
   in error_handler() at /adm/obj/master.lpc:225
arguments: [([ /* sizeof() == 6 */
  "trace" : ({ /* sizeof() == 3 */
      ([ /* sizeof() == 7 */
        "locals" : ({ /* sizeof() == 2 */
            1785472272,
            0
          }),
        "function" : "preload",
        "file" : "/adm/obj/master.lpc",
        "arguments" : ({ /* sizeof() == 1 */
            "/adm/daemons/logind"
          }),
        "program" : "/adm/obj/master.lpc",
        "line" : 97,
        "object" : /adm/obj/master,
      ]),
      ([ /* sizeof() == 5 */
        "function" : "CATCH",
        "file" : "/adm/obj/master.lpc",
        "program" : "/adm/obj/master.lpc",
        "line" : 97,
        "object" : /adm/obj/master,
      ]),
      ([ /* sizeof() == 7 */
        "locals" : ({ /* sizeof() == 2 */
            0,
            "/log/"
          }),
        "function" : "log_error",
        "file" : "/adm/obj/master.lpc",
        "arguments" : ({ /* sizeof() == 2 */
            "/adm/daemons/logind.lpc",
            "/adm/daemons/logind.lpc:294:1: warning: Unused local variable 'p_count'
  294 | }
      | ^
"
          }),
        "program" : "/adm/obj/master.lpc",
        "line" : 259,
        "object" : /adm/obj/master,
      ])
    }),
  "error" : "*Object cannot be loaded during compilation.
",
  "file" : "/adm/obj/master.lpc",
  "program" : "/adm/obj/master.lpc",
  "line" : 259,
  "object" : /adm/obj/master,
]), 0]
locals: [0]
--- frame 2 ----
Object: /adm/obj/master, Program: /adm/obj/master.lpc
   in log_error() at /adm/obj/master.lpc:259
arguments: ["/adm/daemons/logind.lpc", "/adm/daemons/logind.lpc:294:1: warning: Unused local variable 'p_count'
  294 | }
      | ^
"]
locals: [0, "/log/"]
--- frame 1 ----
Object: /adm/obj/master, Program: /adm/obj/master.lpc
   in <catch>() at /adm/obj/master.lpc:97
--- frame 0 ----
Object: /adm/obj/master, Program: /adm/obj/master.lpc
   in preload() at /adm/obj/master.lpc:97
arguments: ["/adm/daemons/logind"]
locals: [1785472272, 0]
--- end trace ---
/adm/daemons/logind.lpc:327:1: warning: Unused local variable 'j'
  327 | }
      | ^
Error in mudlib error handler: *Object cannot be loaded during compilation.
program: /adm/obj/master.lpc, object: /adm/obj/master, file: /adm/obj/master.lpc:215
--- trace ---
--- frame 4 ----
Object: /adm/obj/master, Program: /adm/obj/master.lpc
   in standard_trace() at /adm/obj/master.lpc:215
arguments: [([ /* sizeof() == 6 */
  "trace" : ({ /* sizeof() == 3 */
      ([ /* sizeof() == 7 */
        "locals" : ({ /* sizeof() == 2 */
            1785472272,
            0
          }),
        "function" : "preload",
        "file" : "/adm/obj/master.lpc",
        "arguments" : ({ /* sizeof() == 1 */
            "/adm/daemons/logind"
          }),
        "program" : "/adm/obj/master.lpc",
        "line" : 97,
        "object" : /adm/obj/master,
      ]),
      ([ /* sizeof() == 5 */
        "function" : "CATCH",
        "file" : "/adm/obj/master.lpc",
        "program" : "/adm/obj/master.lpc",
        "line" : 97,
        "object" : /adm/obj/master,
      ]),
      ([ /* sizeof() == 7 */
        "locals" : ({ /* sizeof() == 2 */
            0,
            "/log/"
          }),
        "function" : "log_error",
        "file" : "/adm/obj/master.lpc",
        "arguments" : ({ /* sizeof() == 2 */
            "/adm/daemons/logind.lpc",
            "/adm/daemons/logind.lpc:327:1: warning: Unused local variable 'j'
  327 | }
      | ^
"
          }),
        "program" : "/adm/obj/master.lpc",
        "line" : 259,
        "object" : /adm/obj/master,
      ])
    }),
  "error" : "*Object cannot be loaded during compilation.
",
  "file" : "/adm/obj/master.lpc",
  "program" : "/adm/obj/master.lpc",
  "line" : 259,
  "object" : /adm/obj/master,
]), 0]
locals: [3, 3, "[1;37m
执行时段错误: [2;37;0m*Object cannot be loaded during compilation.
[1;37m
程式: [2;37;0m/adm/obj/master.lpc:259
[1;37m
物件: [2;37;0m/adm/obj/master
[1;37m 函数呼叫回溯:
[2;37;0m[1;32m---------------------------------------------------
[2;37;0mpreload()                 /adm/obj/master.lpc:97
CATCH()                   /adm/obj/master.lpc:97
log_error()               /adm/obj/master.lpc:259
[1;32m---------------------------------------------------
[2;37;0m
"]
--- frame 3 ----
Object: /adm/obj/master, Program: /adm/obj/master.lpc
   in error_handler() at /adm/obj/master.lpc:225
arguments: [([ /* sizeof() == 6 */
  "trace" : ({ /* sizeof() == 3 */
      ([ /* sizeof() == 7 */
        "locals" : ({ /* sizeof() == 2 */
            1785472272,
            0
          }),
        "function" : "preload",
        "file" : "/adm/obj/master.lpc",
        "arguments" : ({ /* sizeof() == 1 */
            "/adm/daemons/logind"
          }),
        "program" : "/adm/obj/master.lpc",
        "line" : 97,
        "object" : /adm/obj/master,
      ]),
      ([ /* sizeof() == 5 */
        "function" : "CATCH",
        "file" : "/adm/obj/master.lpc",
        "program" : "/adm/obj/master.lpc",
        "line" : 97,
        "object" : /adm/obj/master,
      ]),
      ([ /* sizeof() == 7 */
        "locals" : ({ /* sizeof() == 2 */
            0,
            "/log/"
          }),
        "function" : "log_error",
        "file" : "/adm/obj/master.lpc",
        "arguments" : ({ /* sizeof() == 2 */
            "/adm/daemons/logind.lpc",
            "/adm/daemons/logind.lpc:327:1: warning: Unused local variable 'j'
  327 | }
      | ^
"
          }),
        "program" : "/adm/obj/master.lpc",
        "line" : 259,
        "object" : /adm/obj/master,
      ])
    }),
  "error" : "*Object cannot be loaded during compilation.
",
  "file" : "/adm/obj/master.lpc",
  "program" : "/adm/obj/master.lpc",
  "line" : 259,
  "object" : /adm/obj/master,
]), 0]
locals: [0]
--- frame 2 ----
Object: /adm/obj/master, Program: /adm/obj/master.lpc
   in log_error() at /adm/obj/master.lpc:259
arguments: ["/adm/daemons/logind.lpc", "/adm/daemons/logind.lpc:327:1: warning: Unused local variable 'j'
  327 | }
      | ^
"]
locals: [0, "/log/"]
--- frame 1 ----
Object: /adm/obj/master, Program: /adm/obj/master.lpc
   in <catch>() at /adm/obj/master.lpc:97
--- frame 0 ----
Object: /adm/obj/master, Program: /adm/obj/master.lpc
   in preload() at /adm/obj/master.lpc:97
arguments: ["/adm/daemons/logind"]
locals: [1785472272, 0]
--- end trace ---
/adm/daemons/logind.lpc:327:1: warning: Unused local variable 'name'
  327 | }
      | ^
Error in mudlib error handler: *Object cannot be loaded during compilation.
program: /adm/obj/master.lpc, object: /adm/obj/master, file: /adm/obj/master.lpc:215
--- trace ---
--- frame 4 ----
Object: /adm/obj/master, Program: /adm/obj/master.lpc
   in standard_trace() at /adm/obj/master.lpc:215
arguments: [([ /* sizeof() == 6 */
  "trace" : ({ /* sizeof() == 3 */
      ([ /* sizeof() == 7 */
        "locals" : ({ /* sizeof() == 2 */
            1785472272,
            0
          }),
        "function" : "preload",
        "file" : "/adm/obj/master.lpc",
        "arguments" : ({ /* sizeof() == 1 */
            "/adm/daemons/logind"
          }),
        "program" : "/adm/obj/master.lpc",
        "line" : 97,
        "object" : /adm/obj/master,
      ]),
      ([ /* sizeof() == 5 */
        "function" : "CATCH",
        "file" : "/adm/obj/master.lpc",
        "program" : "/adm/obj/master.lpc",
        "line" : 97,
        "object" : /adm/obj/master,
      ]),
      ([ /* sizeof() == 7 */
        "locals" : ({ /* sizeof() == 2 */
            0,
            "/log/"
          }),
        "function" : "log_error",
        "file" : "/adm/obj/master.lpc",
        "arguments" : ({ /* sizeof() == 2 */
            "/adm/daemons/logind.lpc",
            "/adm/daemons/logind.lpc:327:1: warning: Unused local variable 'name'
  327 | }
      | ^
"
          }),
        "program" : "/adm/obj/master.lpc",
        "line" : 259,
        "object" : /adm/obj/master,
      ])
    }),
  "error" : "*Object cannot be loaded during compilation.
",
  "file" : "/adm/obj/master.lpc",
  "program" : "/adm/obj/master.lpc",
  "line" : 259,
  "object" : /adm/obj/master,
]), 0]
locals: [3, 3, "[1;37m
执行时段错误: [2;37;0m*Object cannot be loaded during compilation.
[1;37m
程式: [2;37;0m/adm/obj/master.lpc:259
[1;37m
物件: [2;37;0m/adm/obj/master
[1;37m 函数呼叫回溯:
[2;37;0m[1;32m---------------------------------------------------
[2;37;0mpreload()                 /adm/obj/master.lpc:97
CATCH()                   /adm/obj/master.lpc:97
log_error()               /adm/obj/master.lpc:259
[1;32m---------------------------------------------------
[2;37;0m
"]
--- frame 3 ----
Object: /adm/obj/master, Program: /adm/obj/master.lpc
   in error_handler() at /adm/obj/master.lpc:225
arguments: [([ /* sizeof() == 6 */
  "trace" : ({ /* sizeof() == 3 */
      ([ /* sizeof() == 7 */
        "locals" : ({ /* sizeof() == 2 */
            1785472272,
            0
          }),
        "function" : "preload",
        "file" : "/adm/obj/master.lpc",
        "arguments" : ({ /* sizeof() == 1 */
            "/adm/daemons/logind"
          }),
        "program" : "/adm/obj/master.lpc",
        "line" : 97,
        "object" : /adm/obj/master,
      ]),
      ([ /* sizeof() == 5 */
        "function" : "CATCH",
        "file" : "/adm/obj/master.lpc",
        "program" : "/adm/obj/master.lpc",
        "line" : 97,
        "object" : /adm/obj/master,
      ]),
      ([ /* sizeof() == 7 */
        "locals" : ({ /* sizeof() == 2 */
            0,
            "/log/"
          }),
        "function" : "log_error",
        "file" : "/adm/obj/master.lpc",
        "arguments" : ({ /* sizeof() == 2 */
            "/adm/daemons/logind.lpc",
            "/adm/daemons/logind.lpc:327:1: warning: Unused local variable 'name'
  327 | }
      | ^
"
          }),
        "program" : "/adm/obj/master.lpc",
        "line" : 259,
        "object" : /adm/obj/master,
      ])
    }),
  "error" : "*Object cannot be loaded during compilation.
",
  "file" : "/adm/obj/master.lpc",
  "program" : "/adm/obj/master.lpc",
  "line" : 259,
  "object" : /adm/obj/master,
]), 0]
locals: [0]
--- frame 2 ----
Object: /adm/obj/master, Program: /adm/obj/master.lpc
   in log_error() at /adm/obj/master.lpc:259
arguments: ["/adm/daemons/logind.lpc", "/adm/daemons/logind.lpc:327:1: warning: Unused local variable 'name'
  327 | }
      | ^
"]
locals: [0, "/log/"]
--- frame 1 ----
Object: /adm/obj/master, Program: /adm/obj/master.lpc
   in <catch>() at /adm/obj/master.lpc:97
--- frame 0 ----
Object: /adm/obj/master, Program: /adm/obj/master.lpc
   in preload() at /adm/obj/master.lpc:97
arguments: ["/adm/daemons/logind"]
locals: [1785472272, 0]
--- end trace ---
/adm/daemons/logind.lpc:327:1: warning: Unused local variable 'info'
  327 | }
      | ^
Error in mudlib error handler: *Object cannot be loaded during compilation.
program: /adm/obj/master.lpc, object: /adm/obj/master, file: /adm/obj/master.lpc:215
--- trace ---
--- frame 4 ----
Object: /adm/obj/master, Program: /adm/obj/master.lpc
   in standard_trace() at /adm/obj/master.lpc:215
arguments: [([ /* sizeof() == 6 */
  "trace" : ({ /* sizeof() == 3 */
      ([ /* sizeof() == 7 */
        "locals" : ({ /* sizeof() == 2 */
            1785472272,
            0
          }),
        "function" : "preload",
        "file" : "/adm/obj/master.lpc",
        "arguments" : ({ /* sizeof() == 1 */
            "/adm/daemons/logind"
          }),
        "program" : "/adm/obj/master.lpc",
        "line" : 97,
        "object" : /adm/obj/master,
      ]),
      ([ /* sizeof() == 5 */
        "function" : "CATCH",
        "file" : "/adm/obj/master.lpc",
        "program" : "/adm/obj/master.lpc",
        "line" : 97,
        "object" : /adm/obj/master,
      ]),
      ([ /* sizeof() == 7 */
        "locals" : ({ /* sizeof() == 2 */
            0,
            "/log/"
          }),
        "function" : "log_error",
        "file" : "/adm/obj/master.lpc",
        "arguments" : ({ /* sizeof() == 2 */
            "/adm/daemons/logind.lpc",
            "/adm/daemons/logind.lpc:327:1: warning: Unused local variable 'info'
  327 | }
      | ^
"
          }),
        "program" : "/adm/obj/master.lpc",
        "line" : 259,
        "object" : /adm/obj/master,
      ])
    }),
  "error" : "*Object cannot be loaded during compilation.
",
  "file" : "/adm/obj/master.lpc",
  "program" : "/adm/obj/master.lpc",
  "line" : 259,
  "object" : /adm/obj/master,
]), 0]
locals: [3, 3, "[1;37m
执行时段错误: [2;37;0m*Object cannot be loaded during compilation.
[1;37m
程式: [2;37;0m/adm/obj/master.lpc:259
[1;37m
物件: [2;37;0m/adm/obj/master
[1;37m 函数呼叫回溯:
[2;37;0m[1;32m---------------------------------------------------
[2;37;0mpreload()                 /adm/obj/master.lpc:97
CATCH()                   /adm/obj/master.lpc:97
log_error()               /adm/obj/master.lpc:259
[1;32m---------------------------------------------------
[2;37;0m
"]
--- frame 3 ----
Object: /adm/obj/master, Program: /adm/obj/master.lpc
   in error_handler() at /adm/obj/master.lpc:225
arguments: [([ /* sizeof() == 6 */
  "trace" : ({ /* sizeof() == 3 */
      ([ /* sizeof() == 7 */
        "locals" : ({ /* sizeof() == 2 */
            1785472272,
            0
          }),
        "function" : "preload",
        "file" : "/adm/obj/master.lpc",
        "arguments" : ({ /* sizeof() == 1 */
            "/adm/daemons/logind"
          }),
        "program" : "/adm/obj/master.lpc",
        "line" : 97,
        "object" : /adm/obj/master,
      ]),
      ([ /* sizeof() == 5 */
        "function" : "CATCH",
        "file" : "/adm/obj/master.lpc",
        "program" : "/adm/obj/master.lpc",
        "line" : 97,
        "object" : /adm/obj/master,
      ]),
      ([ /* sizeof() == 7 */
        "locals" : ({ /* sizeof() == 2 */
            0,
            "/log/"
          }),
        "function" : "log_error",
        "file" : "/adm/obj/master.lpc",
        "arguments" : ({ /* sizeof() == 2 */
            "/adm/daemons/logind.lpc",
            "/adm/daemons/logind.lpc:327:1: warning: Unused local variable 'info'
  327 | }
      | ^
"
          }),
        "program" : "/adm/obj/master.lpc",
        "line" : 259,
        "object" : /adm/obj/master,
      ])
    }),
  "error" : "*Object cannot be loaded during compilation.
",
  "file" : "/adm/obj/master.lpc",
  "program" : "/adm/obj/master.lpc",
  "line" : 259,
  "object" : /adm/obj/master,
]), 0]
locals: [0]
--- frame 2 ----
Object: /adm/obj/master, Program: /adm/obj/master.lpc
   in log_error() at /adm/obj/master.lpc:259
arguments: ["/adm/daemons/logind.lpc", "/adm/daemons/logind.lpc:327:1: warning: Unused local variable 'info'
  327 | }
      | ^
"]
locals: [0, "/log/"]
--- frame 1 ----
Object: /adm/obj/master, Program: /adm/obj/master.lpc
   in <catch>() at /adm/obj/master.lpc:97
--- frame 0 ----
Object: /adm/obj/master, Program: /adm/obj/master.lpc
   in preload() at /adm/obj/master.lpc:97
arguments: ["/adm/daemons/logind"]
locals: [1785472272, 0]
--- end trace ---
/adm/daemons/logind.lpc:411:1: warning: Unused local variable 'iplimit'
  411 | }
      | ^
Error in mudlib error handler: *Object cannot be loaded during compilation.
program: /adm/obj/master.lpc, object: /adm/obj/master, file: /adm/obj/master.lpc:215
--- trace ---
--- frame 4 ----
Object: /adm/obj/master, Program: /adm/obj/master.lpc
   in standard_trace() at /adm/obj/master.lpc:215
arguments: [([ /* sizeof() == 6 */
  "trace" : ({ /* sizeof() == 3 */
      ([ /* sizeof() == 7 */
        "locals" : ({ /* sizeof() == 2 */
            1785472272,
            0
          }),
        "function" : "preload",
        "file" : "/adm/obj/master.lpc",
        "arguments" : ({ /* sizeof() == 1 */
            "/adm/daemons/logind"
          }),
        "program" : "/adm/obj/master.lpc",
        "line" : 97,
        "object" : /adm/obj/master,
      ]),
      ([ /* sizeof() == 5 */
        "function" : "CATCH",
        "file" : "/adm/obj/master.lpc",
        "program" : "/adm/obj/master.lpc",
        "line" : 97,
        "object" : /adm/obj/master,
      ]),
      ([ /* sizeof() == 7 */
        "locals" : ({ /* sizeof() == 2 */
            0,
            "/log/"
          }),
        "function" : "log_error",
        "file" : "/adm/obj/master.lpc",
        "arguments" : ({ /* sizeof() == 2 */
            "/adm/daemons/logind.lpc",
            "/adm/daemons/logind.lpc:411:1: warning: Unused local variable 'iplimit'
  411 | }
      | ^
"
          }),
        "program" : "/adm/obj/master.lpc",
        "line" : 259,
        "object" : /adm/obj/master,
      ])
    }),
  "error" : "*Object cannot be loaded during compilation.
",
  "file" : "/adm/obj/master.lpc",
  "program" : "/adm/obj/master.lpc",
  "line" : 259,
  "object" : /adm/obj/master,
]), 0]
locals: [3, 3, "[1;37m
执行时段错误: [2;37;0m*Object cannot be loaded during compilation.
[1;37m
程式: [2;37;0m/adm/obj/master.lpc:259
[1;37m
物件: [2;37;0m/adm/obj/master
[1;37m 函数呼叫回溯:
[2;37;0m[1;32m---------------------------------------------------
[2;37;0mpreload()                 /adm/obj/master.lpc:97
CATCH()                   /adm/obj/master.lpc:97
log_error()               /adm/obj/master.lpc:259
[1;32m---------------------------------------------------
[2;37;0m
"]
--- frame 3 ----
Object: /adm/obj/master, Program: /adm/obj/master.lpc
   in error_handler() at /adm/obj/master.lpc:225
arguments: [([ /* sizeof() == 6 */
  "trace" : ({ /* sizeof() == 3 */
      ([ /* sizeof() == 7 */
        "locals" : ({ /* sizeof() == 2 */
            1785472272,
            0
          }),
        "function" : "preload",
        "file" : "/adm/obj/master.lpc",
        "arguments" : ({ /* sizeof() == 1 */
            "/adm/daemons/logind"
          }),
        "program" : "/adm/obj/master.lpc",
        "line" : 97,
        "object" : /adm/obj/master,
      ]),
      ([ /* sizeof() == 5 */
        "function" : "CATCH",
        "file" : "/adm/obj/master.lpc",
        "program" : "/adm/obj/master.lpc",
        "line" : 97,
        "object" : /adm/obj/master,
      ]),
      ([ /* sizeof() == 7 */
        "locals" : ({ /* sizeof() == 2 */
            0,
            "/log/"
          }),
        "function" : "log_error",
        "file" : "/adm/obj/master.lpc",
        "arguments" : ({ /* sizeof() == 2 */
            "/adm/daemons/logind.lpc",
            "/adm/daemons/logind.lpc:411:1: warning: Unused local variable 'iplimit'
  411 | }
      | ^
"
          }),
        "program" : "/adm/obj/master.lpc",
        "line" : 259,
        "object" : /adm/obj/master,
      ])
    }),
  "error" : "*Object cannot be loaded during compilation.
",
  "file" : "/adm/obj/master.lpc",
  "program" : "/adm/obj/master.lpc",
  "line" : 259,
  "object" : /adm/obj/master,
]), 0]
locals: [0]
--- frame 2 ----
Object: /adm/obj/master, Program: /adm/obj/master.lpc
   in log_error() at /adm/obj/master.lpc:259
arguments: ["/adm/daemons/logind.lpc", "/adm/daemons/logind.lpc:411:1: warning: Unused local variable 'iplimit'
  411 | }
      | ^
"]
locals: [0, "/log/"]
--- frame 1 ----
Object: /adm/obj/master, Program: /adm/obj/master.lpc
   in <catch>() at /adm/obj/master.lpc:97
--- frame 0 ----
Object: /adm/obj/master, Program: /adm/obj/master.lpc
   in preload() at /adm/obj/master.lpc:97
arguments: ["/adm/daemons/logind"]
locals: [1785472272, 0]
--- end trace ---
/adm/daemons/logind.lpc:430:1: warning: Unused local variable 'user'
  430 | }
      | ^
Error in mudlib error handler: *Object cannot be loaded during compilation.
program: /adm/obj/master.lpc, object: /adm/obj/master, file: /adm/obj/master.lpc:215
--- trace ---
--- frame 4 ----
Object: /adm/obj/master, Program: /adm/obj/master.lpc
   in standard_trace() at /adm/obj/master.lpc:215
arguments: [([ /* sizeof() == 6 */
  "trace" : ({ /* sizeof() == 3 */
      ([ /* sizeof() == 7 */
        "locals" : ({ /* sizeof() == 2 */
            1785472272,
            0
          }),
        "function" : "preload",
        "file" : "/adm/obj/master.lpc",
        "arguments" : ({ /* sizeof() == 1 */
            "/adm/daemons/logind"
          }),
        "program" : "/adm/obj/master.lpc",
        "line" : 97,
        "object" : /adm/obj/master,
      ]),
      ([ /* sizeof() == 5 */
        "function" : "CATCH",
        "file" : "/adm/obj/master.lpc",
        "program" : "/adm/obj/master.lpc",
        "line" : 97,
        "object" : /adm/obj/master,
      ]),
      ([ /* sizeof() == 7 */
        "locals" : ({ /* sizeof() == 2 */
            0,
            "/log/"
          }),
        "function" : "log_error",
        "file" : "/adm/obj/master.lpc",
        "arguments" : ({ /* sizeof() == 2 */
            "/adm/daemons/logind.lpc",
            "/adm/daemons/logind.lpc:430:1: warning: Unused local variable 'user'
  430 | }
      | ^
"
          }),
        "program" : "/adm/obj/master.lpc",
        "line" : 259,
        "object" : /adm/obj/master,
      ])
    }),
  "error" : "*Object cannot be loaded during compilation.
",
  "file" : "/adm/obj/master.lpc",
  "program" : "/adm/obj/master.lpc",
  "line" : 259,
  "object" : /adm/obj/master,
]), 0]
locals: [3, 3, "[1;37m
执行时段错误: [2;37;0m*Object cannot be loaded during compilation.
[1;37m
程式: [2;37;0m/adm/obj/master.lpc:259
[1;37m
物件: [2;37;0m/adm/obj/master
[1;37m 函数呼叫回溯:
[2;37;0m[1;32m---------------------------------------------------
[2;37;0mpreload()                 /adm/obj/master.lpc:97
CATCH()                   /adm/obj/master.lpc:97
log_error()               /adm/obj/master.lpc:259
[1;32m---------------------------------------------------
[2;37;0m
"]
--- frame 3 ----
Object: /adm/obj/master, Program: /adm/obj/master.lpc
   in error_handler() at /adm/obj/master.lpc:225
arguments: [([ /* sizeof() == 6 */
  "trace" : ({ /* sizeof() == 3 */
      ([ /* sizeof() == 7 */
        "locals" : ({ /* sizeof() == 2 */
            1785472272,
            0
          }),
        "function" : "preload",
        "file" : "/adm/obj/master.lpc",
        "arguments" : ({ /* sizeof() == 1 */
            "/adm/daemons/logind"
          }),
        "program" : "/adm/obj/master.lpc",
        "line" : 97,
        "object" : /adm/obj/master,
      ]),
      ([ /* sizeof() == 5 */
        "function" : "CATCH",
        "file" : "/adm/obj/master.lpc",
        "program" : "/adm/obj/master.lpc",
        "line" : 97,
        "object" : /adm/obj/master,
      ]),
      ([ /* sizeof() == 7 */
        "locals" : ({ /* sizeof() == 2 */
            0,
            "/log/"
          }),
        "function" : "log_error",
        "file" : "/adm/obj/master.lpc",
        "arguments" : ({ /* sizeof() == 2 */
            "/adm/daemons/logind.lpc",
            "/adm/daemons/logind.lpc:430:1: warning: Unused local variable 'user'
  430 | }
      | ^
"
          }),
        "program" : "/adm/obj/master.lpc",
        "line" : 259,
        "object" : /adm/obj/master,
      ])
    }),
  "error" : "*Object cannot be loaded during compilation.
",
  "file" : "/adm/obj/master.lpc",
  "program" : "/adm/obj/master.lpc",
  "line" : 259,
  "object" : /adm/obj/master,
]), 0]
locals: [0]
--- frame 2 ----
Object: /adm/obj/master, Program: /adm/obj/master.lpc
   in log_error() at /adm/obj/master.lpc:259
arguments: ["/adm/daemons/logind.lpc", "/adm/daemons/logind.lpc:430:1: warning: Unused local variable 'user'
  430 | }
      | ^
"]
locals: [0, "/log/"]
--- frame 1 ----
Object: /adm/obj/master, Program: /adm/obj/master.lpc
   in <catch>() at /adm/obj/master.lpc:97
--- frame 0 ----
Object: /adm/obj/master, Program: /adm/obj/master.lpc
   in preload() at /adm/obj/master.lpc:97
arguments: ["/adm/daemons/logind"]
locals: [1785472272, 0]
--- end trace ---
/adm/daemons/logind.lpc:447:1: warning: Unused local variable 'user'
  447 | }
      | ^
Error in mudlib error handler: *Object cannot be loaded during compilation.
program: /adm/obj/master.lpc, object: /adm/obj/master, file: /adm/obj/master.lpc:215
--- trace ---
--- frame 4 ----
Object: /adm/obj/master, Program: /adm/obj/master.lpc
   in standard_trace() at /adm/obj/master.lpc:215
arguments: [([ /* sizeof() == 6 */
  "trace" : ({ /* sizeof() == 3 */
      ([ /* sizeof() == 7 */
        "locals" : ({ /* sizeof() == 2 */
            1785472272,
            0
          }),
        "function" : "preload",
        "file" : "/adm/obj/master.lpc",
        "arguments" : ({ /* sizeof() == 1 */
            "/adm/daemons/logind"
          }),
        "program" : "/adm/obj/master.lpc",
        "line" : 97,
        "object" : /adm/obj/master,
      ]),
      ([ /* sizeof() == 5 */
        "function" : "CATCH",
        "file" : "/adm/obj/master.lpc",
        "program" : "/adm/obj/master.lpc",
        "line" : 97,
        "object" : /adm/obj/master,
      ]),
      ([ /* sizeof() == 7 */
        "locals" : ({ /* sizeof() == 2 */
            0,
            "/log/"
          }),
        "function" : "log_error",
        "file" : "/adm/obj/master.lpc",
        "arguments" : ({ /* sizeof() == 2 */
            "/adm/daemons/logind.lpc",
            "/adm/daemons/logind.lpc:447:1: warning: Unused local variable 'user'
  447 | }
      | ^
"
          }),
        "program" : "/adm/obj/master.lpc",
        "line" : 259,
        "object" : /adm/obj/master,
      ])
    }),
  "error" : "*Object cannot be loaded during compilation.
",
  "file" : "/adm/obj/master.lpc",
  "program" : "/adm/obj/master.lpc",
  "line" : 259,
  "object" : /adm/obj/master,
]), 0]
locals: [3, 3, "[1;37m
执行时段错误: [2;37;0m*Object cannot be loaded during compilation.
[1;37m
程式: [2;37;0m/adm/obj/master.lpc:259
[1;37m
物件: [2;37;0m/adm/obj/master
[1;37m 函数呼叫回溯:
[2;37;0m[1;32m---------------------------------------------------
[2;37;0mpreload()                 /adm/obj/master.lpc:97
CATCH()                   /adm/obj/master.lpc:97
log_error()               /adm/obj/master.lpc:259
[1;32m---------------------------------------------------
[2;37;0m
"]
--- frame 3 ----
Object: /adm/obj/master, Program: /adm/obj/master.lpc
   in error_handler() at /adm/obj/master.lpc:225
arguments: [([ /* sizeof() == 6 */
  "trace" : ({ /* sizeof() == 3 */
      ([ /* sizeof() == 7 */
        "locals" : ({ /* sizeof() == 2 */
            1785472272,
            0
          }),
        "function" : "preload",
        "file" : "/adm/obj/master.lpc",
        "arguments" : ({ /* sizeof() == 1 */
            "/adm/daemons/logind"
          }),
        "program" : "/adm/obj/master.lpc",
        "line" : 97,
        "object" : /adm/obj/master,
      ]),
      ([ /* sizeof() == 5 */
        "function" : "CATCH",
        "file" : "/adm/obj/master.lpc",
        "program" : "/adm/obj/master.lpc",
        "line" : 97,
        "object" : /adm/obj/master,
      ]),
      ([ /* sizeof() == 7 */
        "locals" : ({ /* sizeof() == 2 */
            0,
            "/log/"
          }),
        "function" : "log_error",
        "file" : "/adm/obj/master.lpc",
        "arguments" : ({ /* sizeof() == 2 */
            "/adm/daemons/logind.lpc",
            "/adm/daemons/logind.lpc:447:1: warning: Unused local variable 'user'
  447 | }
      | ^
"
          }),
        "program" : "/adm/obj/master.lpc",
        "line" : 259,
        "object" : /adm/obj/master,
      ])
    }),
  "error" : "*Object cannot be loaded during compilation.
",
  "file" : "/adm/obj/master.lpc",
  "program" : "/adm/obj/master.lpc",
  "line" : 259,
  "object" : /adm/obj/master,
]), 0]
locals: [0]
--- frame 2 ----
Object: /adm/obj/master, Program: /adm/obj/master.lpc
   in log_error() at /adm/obj/master.lpc:259
arguments: ["/adm/daemons/logind.lpc", "/adm/daemons/logind.lpc:447:1: warning: Unused local variable 'user'
  447 | }
      | ^
"]
locals: [0, "/log/"]
--- frame 1 ----
Object: /adm/obj/master, Program: /adm/obj/master.lpc
   in <catch>() at /adm/obj/master.lpc:97
--- frame 0 ----
Object: /adm/obj/master, Program: /adm/obj/master.lpc
   in preload() at /adm/obj/master.lpc:97
arguments: ["/adm/daemons/logind"]
locals: [1785472272, 0]
--- end trace ---
/adm/daemons/logind.lpc:470:1: warning: Unused local variable 'user'
  470 | }
      | ^
Error in mudlib error handler: *Object cannot be loaded during compilation.
program: /adm/obj/master.lpc, object: /adm/obj/master, file: /adm/obj/master.lpc:215
--- trace ---
--- frame 4 ----
Object: /adm/obj/master, Program: /adm/obj/master.lpc
   in standard_trace() at /adm/obj/master.lpc:215
arguments: [([ /* sizeof() == 6 */
  "trace" : ({ /* sizeof() == 3 */
      ([ /* sizeof() == 7 */
        "locals" : ({ /* sizeof() == 2 */
            1785472272,
            0
          }),
        "function" : "preload",
        "file" : "/adm/obj/master.lpc",
        "arguments" : ({ /* sizeof() == 1 */
            "/adm/daemons/logind"
          }),
        "program" : "/adm/obj/master.lpc",
        "line" : 97,
        "object" : /adm/obj/master,
      ]),
      ([ /* sizeof() == 5 */
        "function" : "CATCH",
        "file" : "/adm/obj/master.lpc",
        "program" : "/adm/obj/master.lpc",
        "line" : 97,
        "object" : /adm/obj/master,
      ]),
      ([ /* sizeof() == 7 */
        "locals" : ({ /* sizeof() == 2 */
            0,
            "/log/"
          }),
        "function" : "log_error",
        "file" : "/adm/obj/master.lpc",
        "arguments" : ({ /* sizeof() == 2 */
            "/adm/daemons/logind.lpc",
            "/adm/daemons/logind.lpc:470:1: warning: Unused local variable 'user'
  470 | }
      | ^
"
          }),
        "program" : "/adm/obj/master.lpc",
        "line" : 259,
        "object" : /adm/obj/master,
      ])
    }),
  "error" : "*Object cannot be loaded during compilation.
",
  "file" : "/adm/obj/master.lpc",
  "program" : "/adm/obj/master.lpc",
  "line" : 259,
  "object" : /adm/obj/master,
]), 0]
locals: [3, 3, "[1;37m
执行时段错误: [2;37;0m*Object cannot be loaded during compilation.
[1;37m
程式: [2;37;0m/adm/obj/master.lpc:259
[1;37m
物件: [2;37;0m/adm/obj/master
[1;37m 函数呼叫回溯:
[2;37;0m[1;32m---------------------------------------------------
[2;37;0mpreload()                 /adm/obj/master.lpc:97
CATCH()                   /adm/obj/master.lpc:97
log_error()               /adm/obj/master.lpc:259
[1;32m---------------------------------------------------
[2;37;0m
"]
--- frame 3 ----
Object: /adm/obj/master, Program: /adm/obj/master.lpc
   in error_handler() at /adm/obj/master.lpc:225
arguments: [([ /* sizeof() == 6 */
  "trace" : ({ /* sizeof() == 3 */
      ([ /* sizeof() == 7 */
        "locals" : ({ /* sizeof() == 2 */
            1785472272,
            0
          }),
        "function" : "preload",
        "file" : "/adm/obj/master.lpc",
        "arguments" : ({ /* sizeof() == 1 */
            "/adm/daemons/logind"
          }),
        "program" : "/adm/obj/master.lpc",
        "line" : 97,
        "object" : /adm/obj/master,
      ]),
      ([ /* sizeof() == 5 */
        "function" : "CATCH",
        "file" : "/adm/obj/master.lpc",
        "program" : "/adm/obj/master.lpc",
        "line" : 97,
        "object" : /adm/obj/master,
      ]),
      ([ /* sizeof() == 7 */
        "locals" : ({ /* sizeof() == 2 */
            0,
            "/log/"
          }),
        "function" : "log_error",
        "file" : "/adm/obj/master.lpc",
        "arguments" : ({ /* sizeof() == 2 */
            "/adm/daemons/logind.lpc",
            "/adm/daemons/logind.lpc:470:1: warning: Unused local variable 'user'
  470 | }
      | ^
"
          }),
        "program" : "/adm/obj/master.lpc",
        "line" : 259,
        "object" : /adm/obj/master,
      ])
    }),
  "error" : "*Object cannot be loaded during compilation.
",
  "file" : "/adm/obj/master.lpc",
  "program" : "/adm/obj/master.lpc",
  "line" : 259,
  "object" : /adm/obj/master,
]), 0]
locals: [0]
--- frame 2 ----
Object: /adm/obj/master, Program: /adm/obj/master.lpc
   in log_error() at /adm/obj/master.lpc:259
arguments: ["/adm/daemons/logind.lpc", "/adm/daemons/logind.lpc:470:1: warning: Unused local variable 'user'
  470 | }
      | ^
"]
locals: [0, "/log/"]
--- frame 1 ----
Object: /adm/obj/master, Program: /adm/obj/master.lpc
   in <catch>() at /adm/obj/master.lpc:97
--- frame 0 ----
Object: /adm/obj/master, Program: /adm/obj/master.lpc
   in preload() at /adm/obj/master.lpc:97
arguments: ["/adm/daemons/logind"]
locals: [1785472272, 0]
--- end trace ---
/adm/daemons/logind.lpc:806:1: warning: Unused local variable 'n'
  806 | }
      | ^
Error in mudlib error handler: *Object cannot be loaded during compilation.
program: /adm/obj/master.lpc, object: /adm/obj/master, file: /adm/obj/master.lpc:215
--- trace ---
--- frame 4 ----
Object: /adm/obj/master, Program: /adm/obj/master.lpc
   in standard_trace() at /adm/obj/master.lpc:215
arguments: [([ /* sizeof() == 6 */
  "trace" : ({ /* sizeof() == 3 */
      ([ /* sizeof() == 7 */
        "locals" : ({ /* sizeof() == 2 */
            1785472272,
            0
          }),
        "function" : "preload",
        "file" : "/adm/obj/master.lpc",
        "arguments" : ({ /* sizeof() == 1 */
            "/adm/daemons/logind"
          }),
        "program" : "/adm/obj/master.lpc",
        "line" : 97,
        "object" : /adm/obj/master,
      ]),
      ([ /* sizeof() == 5 */
        "function" : "CATCH",
        "file" : "/adm/obj/master.lpc",
        "program" : "/adm/obj/master.lpc",
        "line" : 97,
        "object" : /adm/obj/master,
      ]),
      ([ /* sizeof() == 7 */
        "locals" : ({ /* sizeof() == 2 */
            0,
            "/log/"
          }),
        "function" : "log_error",
        "file" : "/adm/obj/master.lpc",
        "arguments" : ({ /* sizeof() == 2 */
            "/adm/daemons/logind.lpc",
            "/adm/daemons/logind.lpc:806:1: warning: Unused local variable 'n'
  806 | }
      | ^
"
          }),
        "program" : "/adm/obj/master.lpc",
        "line" : 259,
        "object" : /adm/obj/master,
      ])
    }),
  "error" : "*Object cannot be loaded during compilation.
",
  "file" : "/adm/obj/master.lpc",
  "program" : "/adm/obj/master.lpc",
  "line" : 259,
  "object" : /adm/obj/master,
]), 0]
locals: [3, 3, "[1;37m
执行时段错误: [2;37;0m*Object cannot be loaded during compilation.
[1;37m
程式: [2;37;0m/adm/obj/master.lpc:259
[1;37m
物件: [2;37;0m/adm/obj/master
[1;37m 函数呼叫回溯:
[2;37;0m[1;32m---------------------------------------------------
[2;37;0mpreload()                 /adm/obj/master.lpc:97
CATCH()                   /adm/obj/master.lpc:97
log_error()               /adm/obj/master.lpc:259
[1;32m---------------------------------------------------
[2;37;0m
"]
--- frame 3 ----
Object: /adm/obj/master, Program: /adm/obj/master.lpc
   in error_handler() at /adm/obj/master.lpc:225
arguments: [([ /* sizeof() == 6 */
  "trace" : ({ /* sizeof() == 3 */
      ([ /* sizeof() == 7 */
        "locals" : ({ /* sizeof() == 2 */
            1785472272,
            0
          }),
        "function" : "preload",
        "file" : "/adm/obj/master.lpc",
        "arguments" : ({ /* sizeof() == 1 */
            "/adm/daemons/logind"
          }),
        "program" : "/adm/obj/master.lpc",
        "line" : 97,
        "object" : /adm/obj/master,
      ]),
      ([ /* sizeof() == 5 */
        "function" : "CATCH",
        "file" : "/adm/obj/master.lpc",
        "program" : "/adm/obj/master.lpc",
        "line" : 97,
        "object" : /adm/obj/master,
      ]),
      ([ /* sizeof() == 7 */
        "locals" : ({ /* sizeof() == 2 */
            0,
            "/log/"
          }),
        "function" : "log_error",
        "file" : "/adm/obj/master.lpc",
        "arguments" : ({ /* sizeof() == 2 */
            "/adm/daemons/logind.lpc",
            "/adm/daemons/logind.lpc:806:1: warning: Unused local variable 'n'
  806 | }
      | ^
"
          }),
        "program" : "/adm/obj/master.lpc",
        "line" : 259,
        "object" : /adm/obj/master,
      ])
    }),
  "error" : "*Object cannot be loaded during compilation.
",
  "file" : "/adm/obj/master.lpc",
  "program" : "/adm/obj/master.lpc",
  "line" : 259,
  "object" : /adm/obj/master,
]), 0]
locals: [0]
--- frame 2 ----
Object: /adm/obj/master, Program: /adm/obj/master.lpc
   in log_error() at /adm/obj/master.lpc:259
arguments: ["/adm/daemons/logind.lpc", "/adm/daemons/logind.lpc:806:1: warning: Unused local variable 'n'
  806 | }
      | ^
"]
locals: [0, "/log/"]
--- frame 1 ----
Object: /adm/obj/master, Program: /adm/obj/master.lpc
   in <catch>() at /adm/obj/master.lpc:97
--- frame 0 ----
Object: /adm/obj/master, Program: /adm/obj/master.lpc
   in preload() at /adm/obj/master.lpc:97
arguments: ["/adm/daemons/logind"]
locals: [1785472272, 0]
--- end trace ---
/adm/daemons/logind.lpc:947:1: warning: Unused local variable 'room'
  947 | }
      | ^
Error in mudlib error handler: *Object cannot be loaded during compilation.
program: /adm/obj/master.lpc, object: /adm/obj/master, file: /adm/obj/master.lpc:215
--- trace ---
--- frame 4 ----
Object: /adm/obj/master, Program: /adm/obj/master.lpc
   in standard_trace() at /adm/obj/master.lpc:215
arguments: [([ /* sizeof() == 6 */
  "trace" : ({ /* sizeof() == 3 */
      ([ /* sizeof() == 7 */
        "locals" : ({ /* sizeof() == 2 */
            1785472272,
            0
          }),
        "function" : "preload",
        "file" : "/adm/obj/master.lpc",
        "arguments" : ({ /* sizeof() == 1 */
            "/adm/daemons/logind"
          }),
        "program" : "/adm/obj/master.lpc",
        "line" : 97,
        "object" : /adm/obj/master,
      ]),
      ([ /* sizeof() == 5 */
        "function" : "CATCH",
        "file" : "/adm/obj/master.lpc",
        "program" : "/adm/obj/master.lpc",
        "line" : 97,
        "object" : /adm/obj/master,
      ]),
      ([ /* sizeof() == 7 */
        "locals" : ({ /* sizeof() == 2 */
            0,
            "/log/"
          }),
        "function" : "log_error",
        "file" : "/adm/obj/master.lpc",
        "arguments" : ({ /* sizeof() == 2 */
            "/adm/daemons/logind.lpc",
            "/adm/daemons/logind.lpc:947:1: warning: Unused local variable 'room'
  947 | }
      | ^
"
          }),
        "program" : "/adm/obj/master.lpc",
        "line" : 259,
        "object" : /adm/obj/master,
      ])
    }),
  "error" : "*Object cannot be loaded during compilation.
",
  "file" : "/adm/obj/master.lpc",
  "program" : "/adm/obj/master.lpc",
  "line" : 259,
  "object" : /adm/obj/master,
]), 0]
locals: [3, 3, "[1;37m
执行时段错误: [2;37;0m*Object cannot be loaded during compilation.
[1;37m
程式: [2;37;0m/adm/obj/master.lpc:259
[1;37m
物件: [2;37;0m/adm/obj/master
[1;37m 函数呼叫回溯:
[2;37;0m[1;32m---------------------------------------------------
[2;37;0mpreload()                 /adm/obj/master.lpc:97
CATCH()                   /adm/obj/master.lpc:97
log_error()               /adm/obj/master.lpc:259
[1;32m---------------------------------------------------
[2;37;0m
"]
--- frame 3 ----
Object: /adm/obj/master, Program: /adm/obj/master.lpc
   in error_handler() at /adm/obj/master.lpc:225
arguments: [([ /* sizeof() == 6 */
  "trace" : ({ /* sizeof() == 3 */
      ([ /* sizeof() == 7 */
        "locals" : ({ /* sizeof() == 2 */
            1785472272,
            0
          }),
        "function" : "preload",
        "file" : "/adm/obj/master.lpc",
        "arguments" : ({ /* sizeof() == 1 */
            "/adm/daemons/logind"
          }),
        "program" : "/adm/obj/master.lpc",
        "line" : 97,
        "object" : /adm/obj/master,
      ]),
      ([ /* sizeof() == 5 */
        "function" : "CATCH",
        "file" : "/adm/obj/master.lpc",
        "program" : "/adm/obj/master.lpc",
        "line" : 97,
        "object" : /adm/obj/master,
      ]),
      ([ /* sizeof() == 7 */
        "locals" : ({ /* sizeof() == 2 */
            0,
            "/log/"
          }),
        "function" : "log_error",
        "file" : "/adm/obj/master.lpc",
        "arguments" : ({ /* sizeof() == 2 */
            "/adm/daemons/logind.lpc",
            "/adm/daemons/logind.lpc:947:1: warning: Unused local variable 'room'
  947 | }
      | ^
"
          }),
        "program" : "/adm/obj/master.lpc",
        "line" : 259,
        "object" : /adm/obj/master,
      ])
    }),
  "error" : "*Object cannot be loaded during compilation.
",
  "file" : "/adm/obj/master.lpc",
  "program" : "/adm/obj/master.lpc",
  "line" : 259,
  "object" : /adm/obj/master,
]), 0]
locals: [0]
--- frame 2 ----
Object: /adm/obj/master, Program: /adm/obj/master.lpc
   in log_error() at /adm/obj/master.lpc:259
arguments: ["/adm/daemons/logind.lpc", "/adm/daemons/logind.lpc:947:1: warning: Unused local variable 'room'
  947 | }
      | ^
"]
locals: [0, "/log/"]
--- frame 1 ----
Object: /adm/obj/master, Program: /adm/obj/master.lpc
   in <catch>() at /adm/obj/master.lpc:97
--- frame 0 ----
Object: /adm/obj/master, Program: /adm/obj/master.lpc
   in preload() at /adm/obj/master.lpc:97
arguments: ["/adm/daemons/logind"]
locals: [1785472272, 0]
--- end trace ---
/adm/daemons/logind.lpc:947:1: warning: Unused local variable 'gift'
  947 | }
      | ^
Error in mudlib error handler: *Object cannot be loaded during compilation.
program: /adm/obj/master.lpc, object: /adm/obj/master, file: /adm/obj/master.lpc:215
--- trace ---
--- frame 4 ----
Object: /adm/obj/master, Program: /adm/obj/master.lpc
   in standard_trace() at /adm/obj/master.lpc:215
arguments: [([ /* sizeof() == 6 */
  "trace" : ({ /* sizeof() == 3 */
      ([ /* sizeof() == 7 */
        "locals" : ({ /* sizeof() == 2 */
            1785472272,
            0
          }),
        "function" : "preload",
        "file" : "/adm/obj/master.lpc",
        "arguments" : ({ /* sizeof() == 1 */
            "/adm/daemons/logind"
          }),
        "program" : "/adm/obj/master.lpc",
        "line" : 97,
        "object" : /adm/obj/master,
      ]),
      ([ /* sizeof() == 5 */
        "function" : "CATCH",
        "file" : "/adm/obj/master.lpc",
        "program" : "/adm/obj/master.lpc",
        "line" : 97,
        "object" : /adm/obj/master,
      ]),
      ([ /* sizeof() == 7 */
        "locals" : ({ /* sizeof() == 2 */
            0,
            "/log/"
          }),
        "function" : "log_error",
        "file" : "/adm/obj/master.lpc",
        "arguments" : ({ /* sizeof() == 2 */
            "/adm/daemons/logind.lpc",
            "/adm/daemons/logind.lpc:947:1: warning: Unused local variable 'gift'
  947 | }
      | ^
"
          }),
        "program" : "/adm/obj/master.lpc",
        "line" : 259,
        "object" : /adm/obj/master,
      ])
    }),
  "error" : "*Object cannot be loaded during compilation.
",
  "file" : "/adm/obj/master.lpc",
  "program" : "/adm/obj/master.lpc",
  "line" : 259,
  "object" : /adm/obj/master,
]), 0]
locals: [3, 3, "[1;37m
执行时段错误: [2;37;0m*Object cannot be loaded during compilation.
[1;37m
程式: [2;37;0m/adm/obj/master.lpc:259
[1;37m
物件: [2;37;0m/adm/obj/master
[1;37m 函数呼叫回溯:
[2;37;0m[1;32m---------------------------------------------------
[2;37;0mpreload()                 /adm/obj/master.lpc:97
CATCH()                   /adm/obj/master.lpc:97
log_error()               /adm/obj/master.lpc:259
[1;32m---------------------------------------------------
[2;37;0m
"]
--- frame 3 ----
Object: /adm/obj/master, Program: /adm/obj/master.lpc
   in error_handler() at /adm/obj/master.lpc:225
arguments: [([ /* sizeof() == 6 */
  "trace" : ({ /* sizeof() == 3 */
      ([ /* sizeof() == 7 */
        "locals" : ({ /* sizeof() == 2 */
            1785472272,
            0
          }),
        "function" : "preload",
        "file" : "/adm/obj/master.lpc",
        "arguments" : ({ /* sizeof() == 1 */
            "/adm/daemons/logind"
          }),
        "program" : "/adm/obj/master.lpc",
        "line" : 97,
        "object" : /adm/obj/master,
      ]),
      ([ /* sizeof() == 5 */
        "function" : "CATCH",
        "file" : "/adm/obj/master.lpc",
        "program" : "/adm/obj/master.lpc",
        "line" : 97,
        "object" : /adm/obj/master,
      ]),
      ([ /* sizeof() == 7 */
        "locals" : ({ /* sizeof() == 2 */
            0,
            "/log/"
          }),
        "function" : "log_error",
        "file" : "/adm/obj/master.lpc",
        "arguments" : ({ /* sizeof() == 2 */
            "/adm/daemons/logind.lpc",
            "/adm/daemons/logind.lpc:947:1: warning: Unused local variable 'gift'
  947 | }
      | ^
"
          }),
        "program" : "/adm/obj/master.lpc",
        "line" : 259,
        "object" : /adm/obj/master,
      ])
    }),
  "error" : "*Object cannot be loaded during compilation.
",
  "file" : "/adm/obj/master.lpc",
  "program" : "/adm/obj/master.lpc",
  "line" : 259,
  "object" : /adm/obj/master,
]), 0]
locals: [0]
--- frame 2 ----
Object: /adm/obj/master, Program: /adm/obj/master.lpc
   in log_error() at /adm/obj/master.lpc:259
arguments: ["/adm/daemons/logind.lpc", "/adm/daemons/logind.lpc:947:1: warning: Unused local variable 'gift'
  947 | }
      | ^
"]
locals: [0, "/log/"]
--- frame 1 ----
Object: /adm/obj/master, Program: /adm/obj/master.lpc
   in <catch>() at /adm/obj/master.lpc:97
--- frame 0 ----
Object: /adm/obj/master, Program: /adm/obj/master.lpc
   in preload() at /adm/obj/master.lpc:97
arguments: ["/adm/daemons/logind"]
locals: [1785472272, 0]
--- end trace ---
/adm/daemons/logind.lpc:947:1: warning: Unused local variable 'mailbox'
  947 | }
      | ^
Error in mudlib error handler: *Object cannot be loaded during compilation.
program: /adm/obj/master.lpc, object: /adm/obj/master, file: /adm/obj/master.lpc:215
--- trace ---
--- frame 4 ----
Object: /adm/obj/master, Program: /adm/obj/master.lpc
   in standard_trace() at /adm/obj/master.lpc:215
arguments: [([ /* sizeof() == 6 */
  "trace" : ({ /* sizeof() == 3 */
      ([ /* sizeof() == 7 */
        "locals" : ({ /* sizeof() == 2 */
            1785472272,
            0
          }),
        "function" : "preload",
        "file" : "/adm/obj/master.lpc",
        "arguments" : ({ /* sizeof() == 1 */
            "/adm/daemons/logind"
          }),
        "program" : "/adm/obj/master.lpc",
        "line" : 97,
        "object" : /adm/obj/master,
      ]),
      ([ /* sizeof() == 5 */
        "function" : "CATCH",
        "file" : "/adm/obj/master.lpc",
        "program" : "/adm/obj/master.lpc",
        "line" : 97,
        "object" : /adm/obj/master,
      ]),
      ([ /* sizeof() == 7 */
        "locals" : ({ /* sizeof() == 2 */
            0,
            "/log/"
          }),
        "function" : "log_error",
        "file" : "/adm/obj/master.lpc",
        "arguments" : ({ /* sizeof() == 2 */
            "/adm/daemons/logind.lpc",
            "/adm/daemons/logind.lpc:947:1: warning: Unused local variable 'mailbox'
  947 | }
      | ^
"
          }),
        "program" : "/adm/obj/master.lpc",
        "line" : 259,
        "object" : /adm/obj/master,
      ])
    }),
  "error" : "*Object cannot be loaded during compilation.
",
  "file" : "/adm/obj/master.lpc",
  "program" : "/adm/obj/master.lpc",
  "line" : 259,
  "object" : /adm/obj/master,
]), 0]
locals: [3, 3, "[1;37m
执行时段错误: [2;37;0m*Object cannot be loaded during compilation.
[1;37m
程式: [2;37;0m/adm/obj/master.lpc:259
[1;37m
物件: [2;37;0m/adm/obj/master
[1;37m 函数呼叫回溯:
[2;37;0m[1;32m---------------------------------------------------
[2;37;0mpreload()                 /adm/obj/master.lpc:97
CATCH()                   /adm/obj/master.lpc:97
log_error()               /adm/obj/master.lpc:259
[1;32m---------------------------------------------------
[2;37;0m
"]
--- frame 3 ----
Object: /adm/obj/master, Program: /adm/obj/master.lpc
   in error_handler() at /adm/obj/master.lpc:225
arguments: [([ /* sizeof() == 6 */
  "trace" : ({ /* sizeof() == 3 */
      ([ /* sizeof() == 7 */
        "locals" : ({ /* sizeof() == 2 */
            1785472272,
            0
          }),
        "function" : "preload",
        "file" : "/adm/obj/master.lpc",
        "arguments" : ({ /* sizeof() == 1 */
            "/adm/daemons/logind"
          }),
        "program" : "/adm/obj/master.lpc",
        "line" : 97,
        "object" : /adm/obj/master,
      ]),
      ([ /* sizeof() == 5 */
        "function" : "CATCH",
        "file" : "/adm/obj/master.lpc",
        "program" : "/adm/obj/master.lpc",
        "line" : 97,
        "object" : /adm/obj/master,
      ]),
      ([ /* sizeof() == 7 */
        "locals" : ({ /* sizeof() == 2 */
            0,
            "/log/"
          }),
        "function" : "log_error",
        "file" : "/adm/obj/master.lpc",
        "arguments" : ({ /* sizeof() == 2 */
            "/adm/daemons/logind.lpc",
            "/adm/daemons/logind.lpc:947:1: warning: Unused local variable 'mailbox'
  947 | }
      | ^
"
          }),
        "program" : "/adm/obj/master.lpc",
        "line" : 259,
        "object" : /adm/obj/master,
      ])
    }),
  "error" : "*Object cannot be loaded during compilation.
",
  "file" : "/adm/obj/master.lpc",
  "program" : "/adm/obj/master.lpc",
  "line" : 259,
  "object" : /adm/obj/master,
]), 0]
locals: [0]
--- frame 2 ----
Object: /adm/obj/master, Program: /adm/obj/master.lpc
   in log_error() at /adm/obj/master.lpc:259
arguments: ["/adm/daemons/logind.lpc", "/adm/daemons/logind.lpc:947:1: warning: Unused local variable 'mailbox'
  947 | }
      | ^
"]
locals: [0, "/log/"]
--- frame 1 ----
Object: /adm/obj/master, Program: /adm/obj/master.lpc
   in <catch>() at /adm/obj/master.lpc:97
--- frame 0 ----
Object: /adm/obj/master, Program: /adm/obj/master.lpc
   in preload() at /adm/obj/master.lpc:97
arguments: ["/adm/daemons/logind"]
locals: [1785472272, 0]
--- end trace ---
/adm/daemons/logind.lpc:947:1: warning: Unused local variable 'bm'
  947 | }
      | ^
Error in mudlib error handler: *Object cannot be loaded during compilation.
program: /adm/obj/master.lpc, object: /adm/obj/master, file: /adm/obj/master.lpc:215
--- trace ---
--- frame 4 ----
Object: /adm/obj/master, Program: /adm/obj/master.lpc
   in standard_trace() at /adm/obj/master.lpc:215
arguments: [([ /* sizeof() == 6 */
  "trace" : ({ /* sizeof() == 3 */
      ([ /* sizeof() == 7 */
        "locals" : ({ /* sizeof() == 2 */
            1785472272,
            0
          }),
        "function" : "preload",
        "file" : "/adm/obj/master.lpc",
        "arguments" : ({ /* sizeof() == 1 */
            "/adm/daemons/logind"
          }),
        "program" : "/adm/obj/master.lpc",
        "line" : 97,
        "object" : /adm/obj/master,
      ]),
      ([ /* sizeof() == 5 */
        "function" : "CATCH",
        "file" : "/adm/obj/master.lpc",
        "program" : "/adm/obj/master.lpc",
        "line" : 97,
        "object" : /adm/obj/master,
      ]),
      ([ /* sizeof() == 7 */
        "locals" : ({ /* sizeof() == 2 */
            0,
            "/log/"
          }),
        "function" : "log_error",
        "file" : "/adm/obj/master.lpc",
        "arguments" : ({ /* sizeof() == 2 */
            "/adm/daemons/logind.lpc",
            "/adm/daemons/logind.lpc:947:1: warning: Unused local variable 'bm'
  947 | }
      | ^
"
          }),
        "program" : "/adm/obj/master.lpc",
        "line" : 259,
        "object" : /adm/obj/master,
      ])
    }),
  "error" : "*Object cannot be loaded during compilation.
",
  "file" : "/adm/obj/master.lpc",
  "program" : "/adm/obj/master.lpc",
  "line" : 259,
  "object" : /adm/obj/master,
]), 0]
locals: [3, 3, "[1;37m
执行时段错误: [2;37;0m*Object cannot be loaded during compilation.
[1;37m
程式: [2;37;0m/adm/obj/master.lpc:259
[1;37m
物件: [2;37;0m/adm/obj/master
[1;37m 函数呼叫回溯:
[2;37;0m[1;32m---------------------------------------------------
[2;37;0mpreload()                 /adm/obj/master.lpc:97
CATCH()                   /adm/obj/master.lpc:97
log_error()               /adm/obj/master.lpc:259
[1;32m---------------------------------------------------
[2;37;0m
"]
--- frame 3 ----
Object: /adm/obj/master, Program: /adm/obj/master.lpc
   in error_handler() at /adm/obj/master.lpc:225
arguments: [([ /* sizeof() == 6 */
  "trace" : ({ /* sizeof() == 3 */
      ([ /* sizeof() == 7 */
        "locals" : ({ /* sizeof() == 2 */
            1785472272,
            0
          }),
        "function" : "preload",
        "file" : "/adm/obj/master.lpc",
        "arguments" : ({ /* sizeof() == 1 */
            "/adm/daemons/logind"
          }),
        "program" : "/adm/obj/master.lpc",
        "line" : 97,
        "object" : /adm/obj/master,
      ]),
      ([ /* sizeof() == 5 */
        "function" : "CATCH",
        "file" : "/adm/obj/master.lpc",
        "program" : "/adm/obj/master.lpc",
        "line" : 97,
        "object" : /adm/obj/master,
      ]),
      ([ /* sizeof() == 7 */
        "locals" : ({ /* sizeof() == 2 */
            0,
            "/log/"
          }),
        "function" : "log_error",
        "file" : "/adm/obj/master.lpc",
        "arguments" : ({ /* sizeof() == 2 */
            "/adm/daemons/logind.lpc",
            "/adm/daemons/logind.lpc:947:1: warning: Unused local variable 'bm'
  947 | }
      | ^
"
          }),
        "program" : "/adm/obj/master.lpc",
        "line" : 259,
        "object" : /adm/obj/master,
      ])
    }),
  "error" : "*Object cannot be loaded during compilation.
",
  "file" : "/adm/obj/master.lpc",
  "program" : "/adm/obj/master.lpc",
  "line" : 259,
  "object" : /adm/obj/master,
]), 0]
locals: [0]
--- frame 2 ----
Object: /adm/obj/master, Program: /adm/obj/master.lpc
   in log_error() at /adm/obj/master.lpc:259
arguments: ["/adm/daemons/logind.lpc", "/adm/daemons/logind.lpc:947:1: warning: Unused local variable 'bm'
  947 | }
      | ^
"]
locals: [0, "/log/"]
--- frame 1 ----
Object: /adm/obj/master, Program: /adm/obj/master.lpc
   in <catch>() at /adm/obj/master.lpc:97
--- frame 0 ----
Object: /adm/obj/master, Program: /adm/obj/master.lpc
   in preload() at /adm/obj/master.lpc:97
arguments: ["/adm/daemons/logind"]
locals: [1785472272, 0]
--- end trace ---
/adm/daemons/logind.lpc:947:1: warning: Unused local variable 'telnet'
  947 | }
      | ^
Error in mudlib error handler: *Object cannot be loaded during compilation.
program: /adm/obj/master.lpc, object: /adm/obj/master, file: /adm/obj/master.lpc:215
--- trace ---
--- frame 4 ----
Object: /adm/obj/master, Program: /adm/obj/master.lpc
   in standard_trace() at /adm/obj/master.lpc:215
arguments: [([ /* sizeof() == 6 */
  "trace" : ({ /* sizeof() == 3 */
      ([ /* sizeof() == 7 */
        "locals" : ({ /* sizeof() == 2 */
            1785472272,
            0
          }),
        "function" : "preload",
        "file" : "/adm/obj/master.lpc",
        "arguments" : ({ /* sizeof() == 1 */
            "/adm/daemons/logind"
          }),
        "program" : "/adm/obj/master.lpc",
        "line" : 97,
        "object" : /adm/obj/master,
      ]),
      ([ /* sizeof() == 5 */
        "function" : "CATCH",
        "file" : "/adm/obj/master.lpc",
        "program" : "/adm/obj/master.lpc",
        "line" : 97,
        "object" : /adm/obj/master,
      ]),
      ([ /* sizeof() == 7 */
        "locals" : ({ /* sizeof() == 2 */
            0,
            "/log/"
          }),
        "function" : "log_error",
        "file" : "/adm/obj/master.lpc",
        "arguments" : ({ /* sizeof() == 2 */
            "/adm/daemons/logind.lpc",
            "/adm/daemons/logind.lpc:947:1: warning: Unused local variable 'telnet'
  947 | }
      | ^
"
          }),
        "program" : "/adm/obj/master.lpc",
        "line" : 259,
        "object" : /adm/obj/master,
      ])
    }),
  "error" : "*Object cannot be loaded during compilation.
",
  "file" : "/adm/obj/master.lpc",
  "program" : "/adm/obj/master.lpc",
  "line" : 259,
  "object" : /adm/obj/master,
]), 0]
locals: [3, 3, "[1;37m
执行时段错误: [2;37;0m*Object cannot be loaded during compilation.
[1;37m
程式: [2;37;0m/adm/obj/master.lpc:259
[1;37m
物件: [2;37;0m/adm/obj/master
[1;37m 函数呼叫回溯:
[2;37;0m[1;32m---------------------------------------------------
[2;37;0mpreload()                 /adm/obj/master.lpc:97
CATCH()                   /adm/obj/master.lpc:97
log_error()               /adm/obj/master.lpc:259
[1;32m---------------------------------------------------
[2;37;0m
"]
--- frame 3 ----
Object: /adm/obj/master, Program: /adm/obj/master.lpc
   in error_handler() at /adm/obj/master.lpc:225
arguments: [([ /* sizeof() == 6 */
  "trace" : ({ /* sizeof() == 3 */
      ([ /* sizeof() == 7 */
        "locals" : ({ /* sizeof() == 2 */
            1785472272,
            0
          }),
        "function" : "preload",
        "file" : "/adm/obj/master.lpc",
        "arguments" : ({ /* sizeof() == 1 */
            "/adm/daemons/logind"
          }),
        "program" : "/adm/obj/master.lpc",
        "line" : 97,
        "object" : /adm/obj/master,
      ]),
      ([ /* sizeof() == 5 */
        "function" : "CATCH",
        "file" : "/adm/obj/master.lpc",
        "program" : "/adm/obj/master.lpc",
        "line" : 97,
        "object" : /adm/obj/master,
      ]),
      ([ /* sizeof() == 7 */
        "locals" : ({ /* sizeof() == 2 */
            0,
            "/log/"
          }),
        "function" : "log_error",
        "file" : "/adm/obj/master.lpc",
        "arguments" : ({ /* sizeof() == 2 */
            "/adm/daemons/logind.lpc",
            "/adm/daemons/logind.lpc:947:1: warning: Unused local variable 'telnet'
  947 | }
      | ^
"
          }),
        "program" : "/adm/obj/master.lpc",
        "line" : 259,
        "object" : /adm/obj/master,
      ])
    }),
  "error" : "*Object cannot be loaded during compilation.
",
  "file" : "/adm/obj/master.lpc",
  "program" : "/adm/obj/master.lpc",
  "line" : 259,
  "object" : /adm/obj/master,
]), 0]
locals: [0]
--- frame 2 ----
Object: /adm/obj/master, Program: /adm/obj/master.lpc
   in log_error() at /adm/obj/master.lpc:259
arguments: ["/adm/daemons/logind.lpc", "/adm/daemons/logind.lpc:947:1: warning: Unused local variable 'telnet'
  947 | }
      | ^
"]
locals: [0, "/log/"]
--- frame 1 ----
Object: /adm/obj/master, Program: /adm/obj/master.lpc
   in <catch>() at /adm/obj/master.lpc:97
--- frame 0 ----
Object: /adm/obj/master, Program: /adm/obj/master.lpc
   in preload() at /adm/obj/master.lpc:97
arguments: ["/adm/daemons/logind"]
locals: [1785472272, 0]
--- end trace ---
/adm/daemons/logind.lpc:947:1: warning: Unused local variable 'card_num'
  947 | }
      | ^
Error in mudlib error handler: *Object cannot be loaded during compilation.
program: /adm/obj/master.lpc, object: /adm/obj/master, file: /adm/obj/master.lpc:215
--- trace ---
--- frame 4 ----
Object: /adm/obj/master, Program: /adm/obj/master.lpc
   in standard_trace() at /adm/obj/master.lpc:215
arguments: [([ /* sizeof() == 6 */
  "trace" : ({ /* sizeof() == 3 */
      ([ /* sizeof() == 7 */
        "locals" : ({ /* sizeof() == 2 */
            1785472272,
            0
          }),
        "function" : "preload",
        "file" : "/adm/obj/master.lpc",
        "arguments" : ({ /* sizeof() == 1 */
            "/adm/daemons/logind"
          }),
        "program" : "/adm/obj/master.lpc",
        "line" : 97,
        "object" : /adm/obj/master,
      ]),
      ([ /* sizeof() == 5 */
        "function" : "CATCH",
        "file" : "/adm/obj/master.lpc",
        "program" : "/adm/obj/master.lpc",
        "line" : 97,
        "object" : /adm/obj/master,
      ]),
      ([ /* sizeof() == 7 */
        "locals" : ({ /* sizeof() == 2 */
            0,
            "/log/"
          }),
        "function" : "log_error",
        "file" : "/adm/obj/master.lpc",
        "arguments" : ({ /* sizeof() == 2 */
            "/adm/daemons/logind.lpc",
            "/adm/daemons/logind.lpc:947:1: warning: Unused local variable 'card_num'
  947 | }
      | ^
"
          }),
        "program" : "/adm/obj/master.lpc",
        "line" : 259,
        "object" : /adm/obj/master,
      ])
    }),
  "error" : "*Object cannot be loaded during compilation.
",
  "file" : "/adm/obj/master.lpc",
  "program" : "/adm/obj/master.lpc",
  "line" : 259,
  "object" : /adm/obj/master,
]), 0]
locals: [3, 3, "[1;37m
执行时段错误: [2;37;0m*Object cannot be loaded during compilation.
[1;37m
程式: [2;37;0m/adm/obj/master.lpc:259
[1;37m
物件: [2;37;0m/adm/obj/master
[1;37m 函数呼叫回溯:
[2;37;0m[1;32m---------------------------------------------------
[2;37;0mpreload()                 /adm/obj/master.lpc:97
CATCH()                   /adm/obj/master.lpc:97
log_error()               /adm/obj/master.lpc:259
[1;32m---------------------------------------------------
[2;37;0m
"]
--- frame 3 ----
Object: /adm/obj/master, Program: /adm/obj/master.lpc
   in error_handler() at /adm/obj/master.lpc:225
arguments: [([ /* sizeof() == 6 */
  "trace" : ({ /* sizeof() == 3 */
      ([ /* sizeof() == 7 */
        "locals" : ({ /* sizeof() == 2 */
            1785472272,
            0
          }),
        "function" : "preload",
        "file" : "/adm/obj/master.lpc",
        "arguments" : ({ /* sizeof() == 1 */
            "/adm/daemons/logind"
          }),
        "program" : "/adm/obj/master.lpc",
        "line" : 97,
        "object" : /adm/obj/master,
      ]),
      ([ /* sizeof() == 5 */
        "function" : "CATCH",
        "file" : "/adm/obj/master.lpc",
        "program" : "/adm/obj/master.lpc",
        "line" : 97,
        "object" : /adm/obj/master,
      ]),
      ([ /* sizeof() == 7 */
        "locals" : ({ /* sizeof() == 2 */
            0,
            "/log/"
          }),
        "function" : "log_error",
        "file" : "/adm/obj/master.lpc",
        "arguments" : ({ /* sizeof() == 2 */
            "/adm/daemons/logind.lpc",
            "/adm/daemons/logind.lpc:947:1: warning: Unused local variable 'card_num'
  947 | }
      | ^
"
          }),
        "program" : "/adm/obj/master.lpc",
        "line" : 259,
        "object" : /adm/obj/master,
      ])
    }),
  "error" : "*Object cannot be loaded during compilation.
",
  "file" : "/adm/obj/master.lpc",
  "program" : "/adm/obj/master.lpc",
  "line" : 259,
  "object" : /adm/obj/master,
]), 0]
locals: [0]
--- frame 2 ----
Object: /adm/obj/master, Program: /adm/obj/master.lpc
   in log_error() at /adm/obj/master.lpc:259
arguments: ["/adm/daemons/logind.lpc", "/adm/daemons/logind.lpc:947:1: warning: Unused local variable 'card_num'
  947 | }
      | ^
"]
locals: [0, "/log/"]
--- frame 1 ----
Object: /adm/obj/master, Program: /adm/obj/master.lpc
   in <catch>() at /adm/obj/master.lpc:97
--- frame 0 ----
Object: /adm/obj/master, Program: /adm/obj/master.lpc
   in preload() at /adm/obj/master.lpc:97
arguments: ["/adm/daemons/logind"]
locals: [1785472272, 0]
--- end trace ---
/adm/daemons/rankd...
/adm/daemons/rankd.lpc:145:1: warning: Unused local variable 'budd'
  145 | }
      | ^
Error in mudlib error handler: *Object cannot be loaded during compilation.
program: /adm/obj/master.lpc, object: /adm/obj/master, file: /adm/obj/master.lpc:215
--- trace ---
--- frame 4 ----
Object: /adm/obj/master, Program: /adm/obj/master.lpc
   in standard_trace() at /adm/obj/master.lpc:215
arguments: [([ /* sizeof() == 6 */
  "trace" : ({ /* sizeof() == 3 */
      ([ /* sizeof() == 7 */
        "locals" : ({ /* sizeof() == 2 */
            1785472273,
            0
          }),
        "function" : "preload",
        "file" : "/adm/obj/master.lpc",
        "arguments" : ({ /* sizeof() == 1 */
            "/adm/daemons/rankd"
          }),
        "program" : "/adm/obj/master.lpc",
        "line" : 97,
        "object" : /adm/obj/master,
      ]),
      ([ /* sizeof() == 5 */
        "function" : "CATCH",
        "file" : "/adm/obj/master.lpc",
        "program" : "/adm/obj/master.lpc",
        "line" : 97,
        "object" : /adm/obj/master,
      ]),
      ([ /* sizeof() == 7 */
        "locals" : ({ /* sizeof() == 2 */
            0,
            "/log/"
          }),
        "function" : "log_error",
        "file" : "/adm/obj/master.lpc",
        "arguments" : ({ /* sizeof() == 2 */
            "/adm/daemons/rankd.lpc",
            "/adm/daemons/rankd.lpc:145:1: warning: Unused local variable 'budd'
  145 | }
      | ^
"
          }),
        "program" : "/adm/obj/master.lpc",
        "line" : 259,
        "object" : /adm/obj/master,
      ])
    }),
  "error" : "*Object cannot be loaded during compilation.
",
  "file" : "/adm/obj/master.lpc",
  "program" : "/adm/obj/master.lpc",
  "line" : 259,
  "object" : /adm/obj/master,
]), 0]
locals: [3, 3, "[1;37m
执行时段错误: [2;37;0m*Object cannot be loaded during compilation.
[1;37m
程式: [2;37;0m/adm/obj/master.lpc:259
[1;37m
物件: [2;37;0m/adm/obj/master
[1;37m 函数呼叫回溯:
[2;37;0m[1;32m---------------------------------------------------
[2;37;0mpreload()                 /adm/obj/master.lpc:97
CATCH()                   /adm/obj/master.lpc:97
log_error()               /adm/obj/master.lpc:259
[1;32m---------------------------------------------------
[2;37;0m
"]
--- frame 3 ----
Object: /adm/obj/master, Program: /adm/obj/master.lpc
   in error_handler() at /adm/obj/master.lpc:225
arguments: [([ /* sizeof() == 6 */
  "trace" : ({ /* sizeof() == 3 */
      ([ /* sizeof() == 7 */
        "locals" : ({ /* sizeof() == 2 */
            1785472273,
            0
          }),
        "function" : "preload",
        "file" : "/adm/obj/master.lpc",
        "arguments" : ({ /* sizeof() == 1 */
            "/adm/daemons/rankd"
          }),
        "program" : "/adm/obj/master.lpc",
        "line" : 97,
        "object" : /adm/obj/master,
      ]),
      ([ /* sizeof() == 5 */
        "function" : "CATCH",
        "file" : "/adm/obj/master.lpc",
        "program" : "/adm/obj/master.lpc",
        "line" : 97,
        "object" : /adm/obj/master,
      ]),
      ([ /* sizeof() == 7 */
        "locals" : ({ /* sizeof() == 2 */
            0,
            "/log/"
          }),
        "function" : "log_error",
        "file" : "/adm/obj/master.lpc",
        "arguments" : ({ /* sizeof() == 2 */
            "/adm/daemons/rankd.lpc",
            "/adm/daemons/rankd.lpc:145:1: warning: Unused local variable 'budd'
  145 | }
      | ^
"
          }),
        "program" : "/adm/obj/master.lpc",
        "line" : 259,
        "object" : /adm/obj/master,
      ])
    }),
  "error" : "*Object cannot be loaded during compilation.
",
  "file" : "/adm/obj/master.lpc",
  "program" : "/adm/obj/master.lpc",
  "line" : 259,
  "object" : /adm/obj/master,
]), 0]
locals: [0]
--- frame 2 ----
Object: /adm/obj/master, Program: /adm/obj/master.lpc
   in log_error() at /adm/obj/master.lpc:259
arguments: ["/adm/daemons/rankd.lpc", "/adm/daemons/rankd.lpc:145:1: warning: Unused local variable 'budd'
  145 | }
      | ^
"]
locals: [0, "/log/"]
--- frame 1 ----
Object: /adm/obj/master, Program: /adm/obj/master.lpc
   in <catch>() at /adm/obj/master.lpc:97
--- frame 0 ----
Object: /adm/obj/master, Program: /adm/obj/master.lpc
   in preload() at /adm/obj/master.lpc:97
arguments: ["/adm/daemons/rankd"]
locals: [1785472273, 0]
--- end trace ---
/adm/daemons/commandd...
/adm/daemons/chinesed...
/adm/daemons/emoted...
/adm/daemons/aliasd...
/adm/daemons/fingerd...
/adm/daemons/fingerd.lpc:84:1: warning: Unused local variable 'fip'
   84 | }
      | ^
Error in mudlib error handler: *Object cannot be loaded during compilation.
program: /adm/obj/master.lpc, object: /adm/obj/master, file: /adm/obj/master.lpc:215
--- trace ---
--- frame 4 ----
Object: /adm/obj/master, Program: /adm/obj/master.lpc
   in standard_trace() at /adm/obj/master.lpc:215
arguments: [([ /* sizeof() == 6 */
  "trace" : ({ /* sizeof() == 3 */
      ([ /* sizeof() == 7 */
        "locals" : ({ /* sizeof() == 2 */
            1785472273,
            0
          }),
        "function" : "preload",
        "file" : "/adm/obj/master.lpc",
        "arguments" : ({ /* sizeof() == 1 */
            "/adm/daemons/fingerd"
          }),
        "program" : "/adm/obj/master.lpc",
        "line" : 97,
        "object" : /adm/obj/master,
      ]),
      ([ /* sizeof() == 5 */
        "function" : "CATCH",
        "file" : "/adm/obj/master.lpc",
        "program" : "/adm/obj/master.lpc",
        "line" : 97,
        "object" : /adm/obj/master,
      ]),
      ([ /* sizeof() == 7 */
        "locals" : ({ /* sizeof() == 2 */
            0,
            "/log/"
          }),
        "function" : "log_error",
        "file" : "/adm/obj/master.lpc",
        "arguments" : ({ /* sizeof() == 2 */
            "/adm/daemons/fingerd.lpc",
            "/adm/daemons/fingerd.lpc:84:1: warning: Unused local variable 'fip'
   84 | }
      | ^
"
          }),
        "program" : "/adm/obj/master.lpc",
        "line" : 259,
        "object" : /adm/obj/master,
      ])
    }),
  "error" : "*Object cannot be loaded during compilation.
",
  "file" : "/adm/obj/master.lpc",
  "program" : "/adm/obj/master.lpc",
  "line" : 259,
  "object" : /adm/obj/master,
]), 0]
locals: [3, 3, "[1;37m
执行时段错误: [2;37;0m*Object cannot be loaded during compilation.
[1;37m
程式: [2;37;0m/adm/obj/master.lpc:259
[1;37m
物件: [2;37;0m/adm/obj/master
[1;37m 函数呼叫回溯:
[2;37;0m[1;32m---------------------------------------------------
[2;37;0mpreload()                 /adm/obj/master.lpc:97
CATCH()                   /adm/obj/master.lpc:97
log_error()               /adm/obj/master.lpc:259
[1;32m---------------------------------------------------
[2;37;0m
"]
--- frame 3 ----
Object: /adm/obj/master, Program: /adm/obj/master.lpc
   in error_handler() at /adm/obj/master.lpc:225
arguments: [([ /* sizeof() == 6 */
  "trace" : ({ /* sizeof() == 3 */
      ([ /* sizeof() == 7 */
        "locals" : ({ /* sizeof() == 2 */
            1785472273,
            0
          }),
        "function" : "preload",
        "file" : "/adm/obj/master.lpc",
        "arguments" : ({ /* sizeof() == 1 */
            "/adm/daemons/fingerd"
          }),
        "program" : "/adm/obj/master.lpc",
        "line" : 97,
        "object" : /adm/obj/master,
      ]),
      ([ /* sizeof() == 5 */
        "function" : "CATCH",
        "file" : "/adm/obj/master.lpc",
        "program" : "/adm/obj/master.lpc",
        "line" : 97,
        "object" : /adm/obj/master,
      ]),
      ([ /* sizeof() == 7 */
        "locals" : ({ /* sizeof() == 2 */
            0,
            "/log/"
          }),
        "function" : "log_error",
        "file" : "/adm/obj/master.lpc",
        "arguments" : ({ /* sizeof() == 2 */
            "/adm/daemons/fingerd.lpc",
            "/adm/daemons/fingerd.lpc:84:1: warning: Unused local variable 'fip'
   84 | }
      | ^
"
          }),
        "program" : "/adm/obj/master.lpc",
        "line" : 259,
        "object" : /adm/obj/master,
      ])
    }),
  "error" : "*Object cannot be loaded during compilation.
",
  "file" : "/adm/obj/master.lpc",
  "program" : "/adm/obj/master.lpc",
  "line" : 259,
  "object" : /adm/obj/master,
]), 0]
locals: [0]
--- frame 2 ----
Object: /adm/obj/master, Program: /adm/obj/master.lpc
   in log_error() at /adm/obj/master.lpc:259
arguments: ["/adm/daemons/fingerd.lpc", "/adm/daemons/fingerd.lpc:84:1: warning: Unused local variable 'fip'
   84 | }
      | ^
"]
locals: [0, "/log/"]
--- frame 1 ----
Object: /adm/obj/master, Program: /adm/obj/master.lpc
   in <catch>() at /adm/obj/master.lpc:97
--- frame 0 ----
Object: /adm/obj/master, Program: /adm/obj/master.lpc
   in preload() at /adm/obj/master.lpc:97
arguments: ["/adm/daemons/fingerd"]
locals: [1785472273, 0]
--- end trace ---
/adm/daemons/channeld...
/adm/daemons/natured...
/adm/daemons/autosaved...
/adm/daemons/backupd...
/adm/daemons/toptend...
/adm/daemons/toptend.lpc:124:1: warning: Unused local variable 'msg'
  124 | }
      | ^
/adm/daemons/toptend.lpc:124:1: warning: Unused local variable 'msg_a'
  124 | }
      | ^
/adm/daemons/toptend.lpc:124:1: warning: Unused local variable 'msg_b'
  124 | }
      | ^
/adm/daemons/toptend.lpc:124:1: warning: Unused local variable 'i'
  124 | }
      | ^
/adm/daemons/toptend.lpc:145:1: warning: Unused local variable 'id'
  145 | }
      | ^
/adm/daemons/toptend.lpc:276:1: warning: Unused local variable 'name'
  276 | }
      | ^
/adm/daemons/toptend.lpc:276:1: warning: Unused local variable 'id'
  276 | }
      | ^
/adm/daemons/toptend.lpc:276:1: warning: Unused local variable 'money'
  276 | }
      | ^
/adm/daemons/toptend.lpc:347:1: warning: Unused local variable 'str1'
  347 | }
      | ^
Accepting telnet connections on 0.0.0.0:40127.
Initializations complete.

Stack trace (most recent call last):
#14   Object "", at 0xffffffffffffffff, in 
#13   Object "/home/sunyc/src/fluffos/build-debug/src/driver", at 0x55c242e230f4, in _start
#12   Object "/usr/lib/x86_64-linux-gnu/libc.so.6", at 0x7f6c9c6e6e3f, in __libc_start_main@@GLIBC_2.34
      Source "../csu/libc-start.c", line 392, in __libc_start_main_impl [0x7f6c9c6e6e3f]
#11   Object "/usr/lib/x86_64-linux-gnu/libc.so.6", at 0x7f6c9c6e6d8f, in __libc_start_call_main
      Source "../sysdeps/nptl/libc_start_call_main.h", line 58, in __libc_start_call_main [0x7f6c9c6e6d8f]
#10   Object "/home/sunyc/src/fluffos/build-debug/src/driver", at 0x55c242e231eb, in main
      Source "/home/sunyc/src/fluffos/src/main.cc", line 5, in main [0x55c242e231eb]
          2: extern "C" {
          3: int driver_main(int argc, char** argv);
          4: }
      >   5: int main(int argc, char** argv) { driver_main(argc, argv); }
#9    Object "/home/sunyc/src/fluffos/build-debug/src/driver", at 0x55c242e3b1fc, in driver_main
      Source "/home/sunyc/src/fluffos/src/mainlib.cc", line 430, in driver_main [0x55c242e3b1fc]
        428:   debug_message("Initializations complete.\n\n");
        429:   setup_signal_handlers();
      > 430:   backend(base);
        431: 
        432:   return 0;
        433: }
#8    Object "/home/sunyc/src/fluffos/build-debug/src/driver", at 0x55c242f18407, in backend(event_base*)
      Source "/home/sunyc/src/fluffos/src/backend_libevent.cc", line 127, in backend [0x55c242f18407]
        124:   event_add(g_ev_tick, &t);
        125: 
        126:   try {
      > 127:     event_base_loop(base, 0);
        128:   } catch (...) {  // catch everything
        129:     fatal("BUG: jumped out of event loop!");
        130:   }
#7    Object "/home/sunyc/src/fluffos/build-debug/src/driver", at 0x55c24314862a, in event_base_loop
      Source "/home/sunyc/src/fluffos/src/thirdparty/libevent/event.c", line 2046, in event_base_loop [0x55c24314862a]
       2044: 		clear_time_cache(base);
       2045: 
      >2046: 		res = evsel->dispatch(base, tv_p);
       2047: 
       2048: 		if (res == -1) {
       2049: 			event_debug(("%s: dispatch returned unsuccessfully.",
#6    Object "/home/sunyc/src/fluffos/build-debug/src/driver", at 0x55c24315d3cc, in epoll_dispatch
      Source "/home/sunyc/src/fluffos/src/thirdparty/libevent/epoll.c", line 517, in epoll_dispatch [0x55c24315d3cc]
        514: 	EVBASE_RELEASE_LOCK(base, th_base_lock);
        515: 
        516: #if defined(EVENT__HAVE_EPOLL_PWAIT2)
      > 517: 	res = epoll_pwait2(epollop->epfd, events, epollop->nevents, tv ? &ts : NULL, NULL);
        518: #else /* no epoll_pwait2() */
        519: 	res = epoll_wait(epollop->epfd, events, epollop->nevents, timeout);
        520: #endif /* EVENT__HAVE_EPOLL_PWAIT2 */
#5    Object "/usr/lib/x86_64-linux-gnu/libc.so.6", at 0x7f6c9c7e2c60, in epoll_pwait2
      Source "../sysdeps/unix/sysv/linux/epoll_pwait2.c", line 27, in epoll_pwait2 [0x7f6c9c7e2c60]
#4    Object "/usr/lib/x86_64-linux-gnu/libc.so.6", at 0x7f6c9c6ff51f, in 
#3    Object "/home/sunyc/src/fluffos/build-debug/src/driver", at 0x55c242e3a3e4, in (anonymous namespace)::attempt_shutdown(int)
      Source "/home/sunyc/src/fluffos/src/mainlib.cc", line 169, in attempt_shutdown [0x55c242e3a3e4]
        166:   signal(SIGINT, SIG_DFL);
        167: 
        168:   // Print backtrace
      > 169:   print_native_stacktrace();
        170: 
        171:   // Attempt to call crash()
        172:   fatal(msg);
#2    Object "/home/sunyc/src/fluffos/build-debug/src/driver", at 0x55c242f1f9a8, in print_native_stacktrace()
      Source "/home/sunyc/src/fluffos/src/base/internal/crash_handler.cc", line 37, in print_native_stacktrace [0x55c242f1f9a8]
         34:   static StackTrace st;
         35:   static Printer p;
         36: 
      >  37:   st.load_here(64);
         38:   p.object = true;
         39:   p.color_mode = ColorMode::automatic;
         40:   p.address = true;
#1    Object "/home/sunyc/src/fluffos/build-debug/src/driver", at 0x55c242e24769, in backward::StackTraceImpl<backward::system_tag::linux_tag>::load_here(unsigned long, void*, void*)
      Source "/home/sunyc/src/fluffos/src/thirdparty/backward-cpp/backward.hpp", line 882, in load_here [0x55c242e24769]
        879:       return 0;
        880:     }
        881:     _stacktrace.resize(depth);
      > 882:     size_t trace_cnt = details::unwind(callback(*this), depth);
        883:     _stacktrace.resize(trace_cnt);
        884:     skip_n_firsts(0);
        885:     return size();
#0    Object "/home/sunyc/src/fluffos/build-debug/src/driver", at 0x55c242e29308, in unsigned long backward::details::unwind<backward::StackTraceImpl<backward::system_tag::linux_tag>::callback>(backward::StackTraceImpl<backward::system_tag::linux_tag>::callback, unsigned long)
      Source "/home/sunyc/src/fluffos/src/thirdparty/backward-cpp/backward.hpp", line 864, in unwind<backward::StackTraceImpl<backward::system_tag::linux_tag>::callback> [0x55c242e29308]
        862: template <typename F> size_t unwind(F f, size_t depth) {
        863:   Unwinder<F> unwinder;
      > 864:   return unwinder(f, depth);
        865: }
        866: 
        867: } // namespace details
******** FATAL ERROR: SIGTERM: Process terminated
