Can't find "mudos", ignoring old binaries.
Try invoking the driver using the full pathname.
System Error: init_addr_server: connect: 由于目标机器积极拒绝，无法连接。


Loading preloaded files ...
Initializations complete.

Accepting connections on port 6666.
Accepting connections on port 8888.

执行时段错误：*No program in object '/doc/mudlib/efuns'!

程式：0 第 0 行
物件: /adm/obj/master

执行时段错误：*No program in object '/doc/mudlib/efuns/shiwu'!

程式：0 第 0 行
物件: /adm/obj/master

执行时段错误：*No program in object '/feature/vendor_sale'!

程式：0 第 0 行
物件: /adm/obj/master

执行时段错误：*No program in object '/feature/vendor_sale'!

程式：0 第 0 行
物件: /adm/obj/master

执行时段错误：*Bad argument 1 to EFUN call_other()
Expected: object, string, array,  Got: int(0).

程式：/kungfu/class/gumu/limochou.lpc 第 74 行
物件: /kungfu/class/gumu/limochou
呼叫来自：/kungfu/class/gumu/limochou.lpc 的 create() 第 74 行，物件： /kungfu/class/gumu/limochou ("李莫愁")，地方:<none>

执行时段错误：*Bad argument 1 to EFUN call_other()
Expected: object, string, array,  Got: int(0).

程式：/kungfu/class/gumu/long.lpc 第 75 行
物件: /kungfu/class/gumu/long
呼叫来自：/kungfu/class/gumu/long.lpc 的 create() 第 75 行，物件： /kungfu/class/gumu/long ("小龙女")，地方:<none>

执行时段错误：*Bad argument 1 to EFUN call_other()
Expected: object, string, array,  Got: int(0).

程式：/kungfu/skill/swsb-shou.lpc 第 9 行
物件: /kungfu/skill/swsb-shou
呼叫来自：/kungfu/skill/swsb-shou.lpc 的 #global_init#() 第 9 行，物件： /kungfu/skill/swsb-shou，地方:<none>

执行时段错误：*Bad argument 1 to EFUN call_other()
Expected: object, string, array,  Got: int(0).

程式：/kungfu/skill/wudu-shenzhang.lpc 第 10 行
物件: /kungfu/skill/wudu-shenzhang
呼叫来自：/kungfu/skill/wudu-shenzhang.lpc 的 #global_init#() 第 10 行，物件： /kungfu/skill/wudu-shenzhang，地方:<none>

执行时段错误：*No program in object '/kungfu/skill/iceforce/chillgaze'!

程式：0 第 0 行
物件: /adm/obj/master

执行时段错误：*No program in object '/kungfu/skill/hanbing-mianzhang2'!

程式：0 第 0 行
物件: /adm/obj/master

执行时段错误：*No program in object '/kungfu/skill/qingyi-jian'!

程式：0 第 0 行
物件: /adm/obj/master

执行时段错误：*No program in object '/kungfu/skill/huang'!

程式：0 第 0 行
物件: /adm/obj/master

执行时段错误：*No program in object '/kungfu/skill/xixi-unarmed'!

程式：0 第 0 行
物件: /adm/obj/master

执行时段错误：*Bad argument 1 to EFUN call_other()
Expected: object, string, array,  Got: int(0).

程式：/kungfu/skill/xuantie-jianfa.lpc 第 7 行
物件: /kungfu/skill/xuantie-jianfa
呼叫来自：/kungfu/skill/xuantie-jianfa.lpc 的 #global_init#() 第 7 行，物件： /kungfu/skill/xuantie-jianfa，地方:<none>

执行时段错误：*Bad argument 1 to EFUN call_other()
Expected: object, string, array,  Got: int(0).

程式：/kungfu/skill/duanyun-bian.lpc 第 9 行
物件: /kungfu/skill/duanyun-bian
呼叫来自：/kungfu/skill/duanyun-bian.lpc 的 #global_init#() 第 9 行，物件： /kungfu/skill/duanyun-bian，地方:<none>

执行时段错误：*Bad argument 1 to EFUN call_other()
Expected: object, string, array,  Got: int(0).

程式：/kungfu/skill/anranxiaohun-zhang.lpc 第 9 行
物件: /kungfu/skill/anranxiaohun-zhang
呼叫来自：/kungfu/skill/anranxiaohun-zhang.lpc 的 #global_init#() 第 9 行，物件： /kungfu/skill/anranxiaohun-zhang，地方:<none>

执行时段错误：*No program in object '/kungfu/skill/yunv-xinfa/roar'!

程式：0 第 0 行
物件: /adm/obj/master

执行时段错误：*No program in object '/kungfu/skill/quanzhen-xinfa'!

程式：0 第 0 行
物件: /adm/obj/master

执行时段错误：*No program in object '/kungfu/skill/kunlun-zhang'!

程式：0 第 0 行
物件: /adm/obj/master

执行时段错误：*Bad argument 1 to EFUN call_other()
Expected: object, string, array,  Got: int(0).

程式：/kungfu/skill/adai-quanfa.lpc 第 9 行
物件: /kungfu/skill/adai-quanfa
呼叫来自：/kungfu/skill/adai-quanfa.lpc 的 #global_init#() 第 9 行，物件： /kungfu/skill/adai-quanfa，地方:<none>

执行时段错误：*No program in object '/quest/murong/qlist3'!

程式：0 第 0 行
物件: /adm/obj/master

执行时段错误：*Bad argument 1 to EFUN call_other()
Expected: object, string, array,  Got: int(0).

程式：/quest/weiguo/jinbing/japan4.lpc 第 73 行
物件: /quest/weiguo/jinbing/japan4
呼叫来自：/quest/weiguo/jinbing/japan4.lpc 的 create() 第 73 行，物件： /quest/weiguo/jinbing/japan4 ("伯佐渝吉")，地方:<none>

执行时段错误：*No program in object '/clone/book/lbook5'!

程式：0 第 0 行
物件: /adm/obj/master

执行时段错误：*No program in object '/clone/book/pixie_book'!

程式：0 第 0 行
物件: /adm/obj/master

执行时段错误：*No program in object '/clone/weapon/panguanbi'!

程式：0 第 0 行
物件: /adm/obj/master

执行时段错误：*Bad argument 1 to EFUN call_other()
Expected: object, string, array,  Got: int(0).

程式：/inherit/gems/ring.lpc 第 10 行
物件: /clone/gem/ring4
呼叫来自：/clone/gem/ring4.lpc 的 create() 第 24 行，物件： /clone/gem/ring4 ("[31m辟邪宝戒[2;37;0m")，地方:<none>
呼叫来自：/inherit/gems/ring.lpc 的 setup() 第 25 行，物件： /clone/gem/ring4 ("[31m辟邪宝戒[2;37;0m")，地方:<none>
呼叫来自：/inherit/gems/ring.lpc 的 init_sockets() 第 10 行，物件： /clone/gem/ring4 ("[31m辟邪宝戒[2;37;0m")，地方:<none>

执行时段错误：*Bad argument 1 to EFUN call_other()
Expected: object, string, array,  Got: int(0).

程式：/inherit/gems/ring.lpc 第 10 行
物件: /clone/gem/ring6
呼叫来自：/clone/gem/ring6.lpc 的 create() 第 25 行，物件： /clone/gem/ring6 ("[1;36m三清神戒[2;37;0m")，地方:<none>
呼叫来自：/inherit/gems/ring.lpc 的 setup() 第 25 行，物件： /clone/gem/ring6 ("[1;36m三清神戒[2;37;0m")，地方:<none>
呼叫来自：/inherit/gems/ring.lpc 的 init_sockets() 第 10 行，物件： /clone/gem/ring6 ("[1;36m三清神戒[2;37;0m")，地方:<none>

执行时段错误：*Bad argument 1 to EFUN call_other()
Expected: object, string, array,  Got: int(0).

程式：/inherit/gems/ring.lpc 第 10 行
物件: /clone/gem/ring0
呼叫来自：/clone/gem/ring0.lpc 的 create() 第 25 行，物件： /clone/gem/ring0 ("[1;37m天地神戒[2;37;0m")，地方:<none>
呼叫来自：/inherit/gems/ring.lpc 的 setup() 第 25 行，物件： /clone/gem/ring0 ("[1;37m天地神戒[2;37;0m")，地方:<none>
呼叫来自：/inherit/gems/ring.lpc 的 init_sockets() 第 10 行，物件： /clone/gem/ring0 ("[1;37m天地神戒[2;37;0m")，地方:<none>

执行时段错误：*Bad argument 1 to EFUN call_other()
Expected: object, string, array,  Got: int(0).

程式：/inherit/gems/ring.lpc 第 10 行
物件: /clone/gem/ring2
呼叫来自：/clone/gem/ring2.lpc 的 create() 第 24 行，物件： /clone/gem/ring2 ("[32m九幽宝戒[2;37;0m")，地方:<none>
呼叫来自：/inherit/gems/ring.lpc 的 setup() 第 25 行，物件： /clone/gem/ring2 ("[32m九幽宝戒[2;37;0m")，地方:<none>
呼叫来自：/inherit/gems/ring.lpc 的 init_sockets() 第 10 行，物件： /clone/gem/ring2 ("[32m九幽宝戒[2;37;0m")，地方:<none>

执行时段错误：*Bad argument 1 to EFUN call_other()
Expected: object, string, array,  Got: int(0).

程式：/inherit/gems/ring.lpc 第 10 行
物件: /clone/gem/ring8
呼叫来自：/clone/gem/ring8.lpc 的 create() 第 25 行，物件： /clone/gem/ring8 ("[1;32m乾坤神戒[2;37;0m")，地方:<none>
呼叫来自：/inherit/gems/ring.lpc 的 setup() 第 25 行，物件： /clone/gem/ring8 ("[1;32m乾坤神戒[2;37;0m")，地方:<none>
呼叫来自：/inherit/gems/ring.lpc 的 init_sockets() 第 10 行，物件： /clone/gem/ring8 ("[1;32m乾坤神戒[2;37;0m")，地方:<none>

执行时段错误：*Bad argument 1 to EFUN call_other()
Expected: object, string, array,  Got: int(0).

程式：/inherit/gems/ring.lpc 第 10 行
物件: /clone/gem/ring1
呼叫来自：/clone/gem/ring1.lpc 的 create() 第 25 行，物件： /clone/gem/ring1 ("[1;34m无极神戒[2;37;0m")，地方:<none>
呼叫来自：/inherit/gems/ring.lpc 的 setup() 第 25 行，物件： /clone/gem/ring1 ("[1;34m无极神戒[2;37;0m")，地方:<none>
呼叫来自：/inherit/gems/ring.lpc 的 init_sockets() 第 10 行，物件： /clone/gem/ring1 ("[1;34m无极神戒[2;37;0m")，地方:<none>

执行时段错误：*Bad argument 1 to EFUN call_other()
Expected: object, string, array,  Got: int(0).

程式：/inherit/gems/ring.lpc 第 10 行
物件: /clone/gem/ring7
呼叫来自：/clone/gem/ring7.lpc 的 create() 第 25 行，物件： /clone/gem/ring7 ("[1;31m轩辕神戒[2;37;0m")，地方:<none>
呼叫来自：/inherit/gems/ring.lpc 的 setup() 第 25 行，物件： /clone/gem/ring7 ("[1;31m轩辕神戒[2;37;0m")，地方:<none>
呼叫来自：/inherit/gems/ring.lpc 的 init_sockets() 第 10 行，物件： /clone/gem/ring7 ("[1;31m轩辕神戒[2;37;0m")，地方:<none>

执行时段错误：*Bad argument 1 to EFUN call_other()
Expected: object, string, array,  Got: int(0).

程式：/inherit/gems/ring.lpc 第 10 行
物件: /clone/gem/ring9
呼叫来自：/clone/gem/ring9.lpc 的 create() 第 25 行，物件： /clone/gem/ring9 ("[1;35m浩气神戒[2;37;0m")，地方:<none>
呼叫来自：/inherit/gems/ring.lpc 的 setup() 第 25 行，物件： /clone/gem/ring9 ("[1;35m浩气神戒[2;37;0m")，地方:<none>
呼叫来自：/inherit/gems/ring.lpc 的 init_sockets() 第 10 行，物件： /clone/gem/ring9 ("[1;35m浩气神戒[2;37;0m")，地方:<none>

执行时段错误：*Bad argument 1 to EFUN call_other()
Expected: object, string, array,  Got: int(0).

程式：/inherit/gems/ring.lpc 第 10 行
物件: /clone/gem/ring3
呼叫来自：/clone/gem/ring3.lpc 的 create() 第 24 行，物件： /clone/gem/ring3 ("[1;33m瑶池神戒[2;37;0m")，地方:<none>
呼叫来自：/inherit/gems/ring.lpc 的 setup() 第 25 行，物件： /clone/gem/ring3 ("[1;33m瑶池神戒[2;37;0m")，地方:<none>
呼叫来自：/inherit/gems/ring.lpc 的 init_sockets() 第 10 行，物件： /clone/gem/ring3 ("[1;33m瑶池神戒[2;37;0m")，地方:<none>

执行时段错误：*Bad argument 1 to EFUN call_other()
Expected: object, string, array,  Got: int(0).

程式：/inherit/gems/ring.lpc 第 10 行
物件: /clone/gem/ring
呼叫来自：/clone/gem/ring.lpc 的 create() 第 24 行，物件： /clone/gem/ring ("[1;36m魔法戒指[2;37;0m")，地方:<none>
呼叫来自：/inherit/gems/ring.lpc 的 setup() 第 25 行，物件： /clone/gem/ring ("[1;36m魔法戒指[2;37;0m")，地方:<none>
呼叫来自：/inherit/gems/ring.lpc 的 init_sockets() 第 10 行，物件： /clone/gem/ring ("[1;36m魔法戒指[2;37;0m")，地方:<none>

执行时段错误：*Bad argument 1 to EFUN call_other()
Expected: object, string, array,  Got: int(0).

程式：/inherit/gems/ring.lpc 第 10 行
物件: /clone/gem/ring5
呼叫来自：/clone/gem/ring5.lpc 的 create() 第 24 行，物件： /clone/gem/ring5 ("[36m凝霜神戒[2;37;0m")，地方:<none>
呼叫来自：/inherit/gems/ring.lpc 的 setup() 第 25 行，物件： /clone/gem/ring5 ("[36m凝霜神戒[2;37;0m")，地方:<none>
呼叫来自：/inherit/gems/ring.lpc 的 init_sockets() 第 10 行，物件： /clone/gem/ring5 ("[36m凝霜神戒[2;37;0m")，地方:<none>

执行时段错误：*No program in object '/clone/misc/objmaker'!

程式：0 第 0 行
物件: /adm/obj/master

执行时段错误：*Bad argument 1 to EFUN call_other()
Expected: object, string, array,  Got: int(0).

程式：/inherit/room/room.lpc 第 23 行
物件: /clone/misc/biwu
呼叫来自：/clone/misc/biwu.lpc 的 create() 第 32 行，物件： /clone/misc/biwu，地方:<none>
呼叫来自：/inherit/room/room.lpc 的 setup() 第 189 行，物件： /clone/misc/biwu，地方:<none>
呼叫来自：/inherit/room/room.lpc 的 reset() 第 71 行，物件： /clone/misc/biwu，地方:<none>
呼叫来自：/inherit/room/room.lpc 的 make_inventory() 第 23 行，物件： /clone/misc/biwu，地方:<none>

执行时段错误：*No program in object '/clone/topten/gaoshou'!

程式：0 第 0 行
物件: /adm/obj/master

执行时段错误：*Bad argument 1 to EFUN new()
Expected: string,  Got: mapping(([ /* sizeof() == 8 */
  "time" : "甲寅年一月一日辰时三刻",
  "make" : 1,
  "lv" : 73,
  "name" : "[31m何[1;32m处[36m惹[1;33m尘[32m埃[2;37;0m",
  "or" : "千年神木",
  "type" : "剑",
  "id" : "my sword",
  "value" : 2517,
])).

程式：/inherit/char/npc.lpc 第 14 行
物件: /clone/npc/shang-shan
呼叫来自：/clone/npc/shang-shan.lpc 的 create() 第 67 行，物件： /clone/npc/shang-shan ("天鹰")，地方:<none>
呼叫来自：/inherit/char/npc.lpc 的 carry_object() 第 14 行，物件： /clone/npc/shang-shan ("天鹰")，地方:<none>

执行时段错误：*Bad argument 1 to EFUN call_other()
Expected: object, string, array,  Got: int(0).

程式：/clone/npc/robber.lpc 第 40 行
物件: /clone/npc/robber
呼叫来自：/clone/npc/robber.lpc 的 create() 第 40 行，物件： /clone/npc/robber ("蒙面强盗")，地方:<none>

执行时段错误：*Bad argument 1 to EFUN new()
Expected: string,  Got: mapping(([ /* sizeof() == 8 */
  "lv" : 163,
  "time" : "甲寅年一月一日辰时三刻",
  "make" : 1,
  "name" : "[35m莫邪剑[2;37;0m",
  "or" : "千年神木",
  "type" : "剑",
  "id" : "my sword",
  "value" : 23902,
])).

程式：/inherit/char/npc.lpc 第 14 行
物件: /clone/npc/meng-zhu
呼叫来自：/clone/npc/meng-zhu.lpc 的 create() 第 65 行，物件： /clone/npc/meng-zhu ("独孤云霄")，地方:<none>
呼叫来自：/inherit/char/npc.lpc 的 carry_object() 第 14 行，物件： /clone/npc/meng-zhu ("独孤云霄")，地方:<none>

执行时段错误：*Bad argument 1 to EFUN new()
Expected: string,  Got: mapping(([ /* sizeof() == 8 */
  "lv" : 81,
  "make" : 1,
  "time" : "甲寅年一月一日辰时三刻",
  "name" : "o︻$▅▆▇◤[2;37;0m",
  "or" : "寒丝羽竹",
  "type" : "刀",
  "id" : "my blade",
  "value" : 1836,
])).

程式：/inherit/char/npc.lpc 第 14 行
物件: /clone/npc/fa-e
呼叫来自：/clone/npc/fa-e.lpc 的 create() 第 67 行，物件： /clone/npc/fa-e ("天生就是拽")，地方:<none>
呼叫来自：/inherit/char/npc.lpc 的 carry_object() 第 14 行，物件： /clone/npc/fa-e ("天生就是拽")，地方:<none>

执行时段错误：*No program in object '/clone/box/item/26'!

程式：0 第 0 行
物件: /adm/obj/master

执行时段错误：*F_SKILL: No such skill (leg)

程式：/feature/skill.lpc 第 21 行
物件: /d/migong/lev7/npc/lev6
呼叫来自：/d/migong/lev7/dong47.lpc 的 create() 第 20 行，物件： /d/migong/lev7/dong47，地方:<none>
呼叫来自：/inherit/room/room.lpc 的 setup() 第 189 行，物件： /d/migong/lev7/dong47，地方:<none>
呼叫来自：/inherit/room/room.lpc 的 reset() 第 71 行，物件： /d/migong/lev7/dong47，地方:<none>
呼叫来自：/inherit/room/room.lpc 的 make_inventory() 第 22 行，物件： /d/migong/lev7/dong47，地方:<none>
呼叫来自：/d/migong/lev7/npc/lev6.lpc 的 create() 第 80 行，物件： /d/migong/lev7/npc/lev6 ("喻叔飞")，地方:<none>
呼叫来自：/feature/skill.lpc 的 set_skill() 第 21 行，物件： /d/migong/lev7/npc/lev6 ("喻叔飞")，地方:<none>

执行时段错误：*F_SKILL: No such skill (leg)

程式：/feature/skill.lpc 第 21 行
物件: /d/migong/lev7/npc/lev6#6623
呼叫来自：/d/migong/lev7/dong22.lpc 的 create() 第 20 行，物件： /d/migong/lev7/dong22，地方:<none>
呼叫来自：/inherit/room/room.lpc 的 setup() 第 189 行，物件： /d/migong/lev7/dong22，地方:<none>
呼叫来自：/inherit/room/room.lpc 的 reset() 第 71 行，物件： /d/migong/lev7/dong22，地方:<none>
呼叫来自：/inherit/room/room.lpc 的 make_inventory() 第 22 行，物件： /d/migong/lev7/dong22，地方:<none>
呼叫来自：/d/migong/lev7/npc/lev6.lpc 的 create() 第 80 行，物件： /d/migong/lev7/npc/lev6#6623 ("邹自良")，地方:<none>
呼叫来自：/feature/skill.lpc 的 set_skill() 第 21 行，物件： /d/migong/lev7/npc/lev6#6623 ("邹自良")，地方:<none>

执行时段错误：*F_SKILL: No such skill (leg)

程式：/feature/skill.lpc 第 21 行
物件: /d/migong/lev7/npc/lev6#6637
呼叫来自：/d/migong/lev7/dong41.lpc 的 create() 第 20 行，物件： /d/migong/lev7/dong41，地方:<none>
呼叫来自：/inherit/room/room.lpc 的 setup() 第 189 行，物件： /d/migong/lev7/dong41，地方:<none>
呼叫来自：/inherit/room/room.lpc 的 reset() 第 71 行，物件： /d/migong/lev7/dong41，地方:<none>
呼叫来自：/inherit/room/room.lpc 的 make_inventory() 第 22 行，物件： /d/migong/lev7/dong41，地方:<none>
呼叫来自：/d/migong/lev7/npc/lev6.lpc 的 create() 第 80 行，物件： /d/migong/lev7/npc/lev6#6637 ("邵鼎")，地方:<none>
呼叫来自：/feature/skill.lpc 的 set_skill() 第 21 行，物件： /d/migong/lev7/npc/lev6#6637 ("邵鼎")，地方:<none>

执行时段错误：*F_SKILL: No such skill (leg)

程式：/feature/skill.lpc 第 21 行
物件: /d/migong/lev7/npc/lev6#6655
呼叫来自：/d/migong/lev7/dong33.lpc 的 create() 第 20 行，物件： /d/migong/lev7/dong33，地方:<none>
呼叫来自：/inherit/room/room.lpc 的 setup() 第 189 行，物件： /d/migong/lev7/dong33，地方:<none>
呼叫来自：/inherit/room/room.lpc 的 reset() 第 71 行，物件： /d/migong/lev7/dong33，地方:<none>
呼叫来自：/inherit/room/room.lpc 的 make_inventory() 第 22 行，物件： /d/migong/lev7/dong33，地方:<none>
呼叫来自：/d/migong/lev7/npc/lev6.lpc 的 create() 第 80 行，物件： /d/migong/lev7/npc/lev6#6655 ("端木公宁")，地方:<none>
呼叫来自：/feature/skill.lpc 的 set_skill() 第 21 行，物件： /d/migong/lev7/npc/lev6#6655 ("端木公宁")，地方:<none>

执行时段错误：*F_SKILL: No such skill (leg)

程式：/feature/skill.lpc 第 21 行
物件: /d/migong/lev7/npc/lev6#6688
呼叫来自：/d/migong/lev7/dong93.lpc 的 create() 第 20 行，物件： /d/migong/lev7/dong93，地方:<none>
呼叫来自：/inherit/room/room.lpc 的 setup() 第 189 行，物件： /d/migong/lev7/dong93，地方:<none>
呼叫来自：/inherit/room/room.lpc 的 reset() 第 71 行，物件： /d/migong/lev7/dong93，地方:<none>
呼叫来自：/inherit/room/room.lpc 的 make_inventory() 第 22 行，物件： /d/migong/lev7/dong93，地方:<none>
呼叫来自：/d/migong/lev7/npc/lev6.lpc 的 create() 第 80 行，物件： /d/migong/lev7/npc/lev6#6688 ("太叔文斗")，地方:<none>
呼叫来自：/feature/skill.lpc 的 set_skill() 第 21 行，物件： /d/migong/lev7/npc/lev6#6688 ("太叔文斗")，地方:<none>

执行时段错误：*F_SKILL: No such skill (leg)

程式：/feature/skill.lpc 第 21 行
物件: /d/migong/lev7/npc/lev6#6696
呼叫来自：/d/migong/lev7/dong60.lpc 的 create() 第 20 行，物件： /d/migong/lev7/dong60，地方:<none>
呼叫来自：/inherit/room/room.lpc 的 setup() 第 189 行，物件： /d/migong/lev7/dong60，地方:<none>
呼叫来自：/inherit/room/room.lpc 的 reset() 第 71 行，物件： /d/migong/lev7/dong60，地方:<none>
呼叫来自：/inherit/room/room.lpc 的 make_inventory() 第 22 行，物件： /d/migong/lev7/dong60，地方:<none>
呼叫来自：/d/migong/lev7/npc/lev6.lpc 的 create() 第 80 行，物件： /d/migong/lev7/npc/lev6#6696 ("赫连康")，地方:<none>
呼叫来自：/feature/skill.lpc 的 set_skill() 第 21 行，物件： /d/migong/lev7/npc/lev6#6696 ("赫连康")，地方:<none>

执行时段错误：*F_SKILL: No such skill (leg)

程式：/feature/skill.lpc 第 21 行
物件: /d/migong/lev7/npc/lev6#6804
呼叫来自：/d/migong/lev7/dong50.lpc 的 create() 第 20 行，物件： /d/migong/lev7/dong50，地方:<none>
呼叫来自：/inherit/room/room.lpc 的 setup() 第 189 行，物件： /d/migong/lev7/dong50，地方:<none>
呼叫来自：/inherit/room/room.lpc 的 reset() 第 71 行，物件： /d/migong/lev7/dong50，地方:<none>
呼叫来自：/inherit/room/room.lpc 的 make_inventory() 第 22 行，物件： /d/migong/lev7/dong50，地方:<none>
呼叫来自：/d/migong/lev7/npc/lev6.lpc 的 create() 第 80 行，物件： /d/migong/lev7/npc/lev6#6804 ("蒋礼宁")，地方:<none>
呼叫来自：/feature/skill.lpc 的 set_skill() 第 21 行，物件： /d/migong/lev7/npc/lev6#6804 ("蒋礼宁")，地方:<none>

执行时段错误：*F_SKILL: No such skill (leg)

程式：/feature/skill.lpc 第 21 行
物件: /d/migong/lev7/npc/lev6#6824
呼叫来自：/d/migong/lev7/dong81.lpc 的 create() 第 20 行，物件： /d/migong/lev7/dong81，地方:<none>
呼叫来自：/inherit/room/room.lpc 的 setup() 第 189 行，物件： /d/migong/lev7/dong81，地方:<none>
呼叫来自：/inherit/room/room.lpc 的 reset() 第 71 行，物件： /d/migong/lev7/dong81，地方:<none>
呼叫来自：/inherit/room/room.lpc 的 make_inventory() 第 22 行，物件： /d/migong/lev7/dong81，地方:<none>
呼叫来自：/d/migong/lev7/npc/lev6.lpc 的 create() 第 80 行，物件： /d/migong/lev7/npc/lev6#6824 ("钟仁华")，地方:<none>
呼叫来自：/feature/skill.lpc 的 set_skill() 第 21 行，物件： /d/migong/lev7/npc/lev6#6824 ("钟仁华")，地方:<none>

执行时段错误：*F_SKILL: No such skill (leg)

程式：/feature/skill.lpc 第 21 行
物件: /d/migong/lev7/npc/lev6#6854
呼叫来自：/d/migong/lev7/dong78.lpc 的 create() 第 20 行，物件： /d/migong/lev7/dong78，地方:<none>
呼叫来自：/inherit/room/room.lpc 的 setup() 第 189 行，物件： /d/migong/lev7/dong78，地方:<none>
呼叫来自：/inherit/room/room.lpc 的 reset() 第 71 行，物件： /d/migong/lev7/dong78，地方:<none>
呼叫来自：/inherit/room/room.lpc 的 make_inventory() 第 22 行，物件： /d/migong/lev7/dong78，地方:<none>
呼叫来自：/d/migong/lev7/npc/lev6.lpc 的 create() 第 80 行，物件： /d/migong/lev7/npc/lev6#6854 ("宇文毅")，地方:<none>
呼叫来自：/feature/skill.lpc 的 set_skill() 第 21 行，物件： /d/migong/lev7/npc/lev6#6854 ("宇文毅")，地方:<none>

执行时段错误：*F_SKILL: No such skill (leg)

程式：/feature/skill.lpc 第 21 行
物件: /d/migong/lev7/npc/lev6#6915
呼叫来自：/d/migong/lev7/dong77.lpc 的 create() 第 20 行，物件： /d/migong/lev7/dong77，地方:<none>
呼叫来自：/inherit/room/room.lpc 的 setup() 第 189 行，物件： /d/migong/lev7/dong77，地方:<none>
呼叫来自：/inherit/room/room.lpc 的 reset() 第 71 行，物件： /d/migong/lev7/dong77，地方:<none>
呼叫来自：/inherit/room/room.lpc 的 make_inventory() 第 22 行，物件： /d/migong/lev7/dong77，地方:<none>
呼叫来自：/d/migong/lev7/npc/lev6.lpc 的 create() 第 80 行，物件： /d/migong/lev7/npc/lev6#6915 ("史鸣")，地方:<none>
呼叫来自：/feature/skill.lpc 的 set_skill() 第 21 行，物件： /d/migong/lev7/npc/lev6#6915 ("史鸣")，地方:<none>

执行时段错误：*F_SKILL: No such skill (leg)

程式：/feature/skill.lpc 第 21 行
物件: /d/migong/lev7/npc/lev6#6942
呼叫来自：/d/migong/lev7/dong71.lpc 的 create() 第 20 行，物件： /d/migong/lev7/dong71，地方:<none>
呼叫来自：/inherit/room/room.lpc 的 setup() 第 189 行，物件： /d/migong/lev7/dong71，地方:<none>
呼叫来自：/inherit/room/room.lpc 的 reset() 第 71 行，物件： /d/migong/lev7/dong71，地方:<none>
呼叫来自：/inherit/room/room.lpc 的 make_inventory() 第 22 行，物件： /d/migong/lev7/dong71，地方:<none>
呼叫来自：/d/migong/lev7/npc/lev6.lpc 的 create() 第 80 行，物件： /d/migong/lev7/npc/lev6#6942 ("岑雄")，地方:<none>
呼叫来自：/feature/skill.lpc 的 set_skill() 第 21 行，物件： /d/migong/lev7/npc/lev6#6942 ("岑雄")，地方:<none>

执行时段错误：*F_SKILL: No such skill (leg)

程式：/feature/skill.lpc 第 21 行
物件: /d/migong/lev7/npc/lev6#6964
呼叫来自：/d/migong/lev7/dong35.lpc 的 create() 第 20 行，物件： /d/migong/lev7/dong35，地方:<none>
呼叫来自：/inherit/room/room.lpc 的 setup() 第 189 行，物件： /d/migong/lev7/dong35，地方:<none>
呼叫来自：/inherit/room/room.lpc 的 reset() 第 71 行，物件： /d/migong/lev7/dong35，地方:<none>
呼叫来自：/inherit/room/room.lpc 的 make_inventory() 第 22 行，物件： /d/migong/lev7/dong35，地方:<none>
呼叫来自：/d/migong/lev7/npc/lev6.lpc 的 create() 第 80 行，物件： /d/migong/lev7/npc/lev6#6964 ("公羊时涛")，地方:<none>
呼叫来自：/feature/skill.lpc 的 set_skill() 第 21 行，物件： /d/migong/lev7/npc/lev6#6964 ("公羊时涛")，地方:<none>

执行时段错误：*F_SKILL: No such skill (leg)

程式：/feature/skill.lpc 第 21 行
物件: /d/migong/obj/npc1
呼叫来自：/d/migong/obj/npc1.lpc 的 create() 第 323 行，物件： /d/migong/obj/npc1 ("天野源五郎[2;37;0m")，地方:<none>
呼叫来自：/feature/skill.lpc 的 set_skill() 第 21 行，物件： /d/migong/obj/npc1 ("天野源五郎[2;37;0m")，地方:<none>

执行时段错误：*F_SKILL: No such skill (yangsheshu)

程式：/feature/skill.lpc 第 21 行
物件: /d/migong/lev6/npc/lev9
呼叫来自：/d/migong/lev6/dong44.lpc 的 create() 第 21 行，物件： /d/migong/lev6/dong44，地方:<none>
呼叫来自：/inherit/room/room.lpc 的 setup() 第 189 行，物件： /d/migong/lev6/dong44，地方:<none>
呼叫来自：/inherit/room/room.lpc 的 reset() 第 71 行，物件： /d/migong/lev6/dong44，地方:<none>
呼叫来自：/inherit/room/room.lpc 的 make_inventory() 第 22 行，物件： /d/migong/lev6/dong44，地方:<none>
呼叫来自：/d/migong/lev6/npc/lev9.lpc 的 create() 第 84 行，物件： /d/migong/lev6/npc/lev9 ("傻昌")，地方:<none>
呼叫来自：/feature/skill.lpc 的 set_skill() 第 21 行，物件： /d/migong/lev6/npc/lev9 ("傻昌")，地方:<none>

执行时段错误：*F_SKILL: No such skill (chuanyun-tui)

程式：/feature/skill.lpc 第 21 行
物件: /d/migong/lev6/npc/lev7
呼叫来自：/d/migong/lev6/dong88.lpc 的 create() 第 20 行，物件： /d/migong/lev6/dong88，地方:<none>
呼叫来自：/inherit/room/room.lpc 的 setup() 第 189 行，物件： /d/migong/lev6/dong88，地方:<none>
呼叫来自：/inherit/room/room.lpc 的 reset() 第 71 行，物件： /d/migong/lev6/dong88，地方:<none>
呼叫来自：/inherit/room/room.lpc 的 make_inventory() 第 22 行，物件： /d/migong/lev6/dong88，地方:<none>
呼叫来自：/d/migong/lev6/npc/lev7.lpc 的 create() 第 96 行，物件： /d/migong/lev6/npc/lev7 ("凌熙")，地方:<none>
呼叫来自：/feature/skill.lpc 的 set_skill() 第 21 行，物件： /d/migong/lev6/npc/lev7 ("凌熙")，地方:<none>

执行时段错误：*F_SKILL: No such skill (yangsheshu)

程式：/feature/skill.lpc 第 21 行
物件: /d/migong/lev6/npc/lev9#7467
呼叫来自：/d/migong/lev6/dong40.lpc 的 create() 第 20 行，物件： /d/migong/lev6/dong40，地方:<none>
呼叫来自：/inherit/room/room.lpc 的 setup() 第 189 行，物件： /d/migong/lev6/dong40，地方:<none>
呼叫来自：/inherit/room/room.lpc 的 reset() 第 71 行，物件： /d/migong/lev6/dong40，地方:<none>
呼叫来自：/inherit/room/room.lpc 的 make_inventory() 第 22 行，物件： /d/migong/lev6/dong40，地方:<none>
呼叫来自：/d/migong/lev6/npc/lev9.lpc 的 create() 第 84 行，物件： /d/migong/lev6/npc/lev9#7467 ("管铁飞")，地方:<none>
呼叫来自：/feature/skill.lpc 的 set_skill() 第 21 行，物件： /d/migong/lev6/npc/lev9#7467 ("管铁飞")，地方:<none>

执行时段错误：*F_SKILL: No such skill (yangsheshu)

程式：/feature/skill.lpc 第 21 行
物件: /d/migong/lev6/npc/lev9#7513
呼叫来自：/d/migong/lev6/dong31.lpc 的 create() 第 20 行，物件： /d/migong/lev6/dong31，地方:<none>
呼叫来自：/inherit/room/room.lpc 的 setup() 第 189 行，物件： /d/migong/lev6/dong31，地方:<none>
呼叫来自：/inherit/room/room.lpc 的 reset() 第 71 行，物件： /d/migong/lev6/dong31，地方:<none>
呼叫来自：/inherit/room/room.lpc 的 make_inventory() 第 22 行，物件： /d/migong/lev6/dong31，地方:<none>
呼叫来自：/d/migong/lev6/npc/lev9.lpc 的 create() 第 84 行，物件： /d/migong/lev6/npc/lev9#7513 ("水令法")，地方:<none>
呼叫来自：/feature/skill.lpc 的 set_skill() 第 21 行，物件： /d/migong/lev6/npc/lev9#7513 ("水令法")，地方:<none>

执行时段错误：*F_SKILL: No such skill (yangsheshu)

程式：/feature/skill.lpc 第 21 行
物件: /d/migong/lev6/npc/lev9#7519
呼叫来自：/d/migong/lev6/dong57.lpc 的 create() 第 20 行，物件： /d/migong/lev6/dong57，地方:<none>
呼叫来自：/inherit/room/room.lpc 的 setup() 第 189 行，物件： /d/migong/lev6/dong57，地方:<none>
呼叫来自：/inherit/room/room.lpc 的 reset() 第 71 行，物件： /d/migong/lev6/dong57，地方:<none>
呼叫来自：/inherit/room/room.lpc 的 make_inventory() 第 22 行，物件： /d/migong/lev6/dong57，地方:<none>
呼叫来自：/d/migong/lev6/npc/lev9.lpc 的 create() 第 84 行，物件： /d/migong/lev6/npc/lev9#7519 ("韦铁斌")，地方:<none>
呼叫来自：/feature/skill.lpc 的 set_skill() 第 21 行，物件： /d/migong/lev6/npc/lev9#7519 ("韦铁斌")，地方:<none>

执行时段错误：*F_SKILL: No such skill (yangsheshu)

程式：/feature/skill.lpc 第 21 行
物件: /d/migong/lev6/npc/lev9#7520
呼叫来自：/d/migong/lev6/dong25.lpc 的 create() 第 20 行，物件： /d/migong/lev6/dong25，地方:<none>
呼叫来自：/inherit/room/room.lpc 的 setup() 第 189 行，物件： /d/migong/lev6/dong25，地方:<none>
呼叫来自：/inherit/room/room.lpc 的 reset() 第 71 行，物件： /d/migong/lev6/dong25，地方:<none>
呼叫来自：/inherit/room/room.lpc 的 make_inventory() 第 22 行，物件： /d/migong/lev6/dong25，地方:<none>
呼叫来自：/d/migong/lev6/npc/lev9.lpc 的 create() 第 84 行，物件： /d/migong/lev6/npc/lev9#7520 ("漆雕鼎")，地方:<none>
呼叫来自：/feature/skill.lpc 的 set_skill() 第 21 行，物件： /d/migong/lev6/npc/lev9#7520 ("漆雕鼎")，地方:<none>

执行时段错误：*F_SKILL: No such skill (yangsheshu)

程式：/feature/skill.lpc 第 21 行
物件: /d/migong/lev6/npc/lev9#7540
呼叫来自：/d/migong/lev6/dong63.lpc 的 create() 第 20 行，物件： /d/migong/lev6/dong63，地方:<none>
呼叫来自：/inherit/room/room.lpc 的 setup() 第 189 行，物件： /d/migong/lev6/dong63，地方:<none>
呼叫来自：/inherit/room/room.lpc 的 reset() 第 71 行，物件： /d/migong/lev6/dong63，地方:<none>
呼叫来自：/inherit/room/room.lpc 的 make_inventory() 第 22 行，物件： /d/migong/lev6/dong63，地方:<none>
呼叫来自：/d/migong/lev6/npc/lev9.lpc 的 create() 第 84 行，物件： /d/migong/lev6/npc/lev9#7540 ("柯江")，地方:<none>
呼叫来自：/feature/skill.lpc 的 set_skill() 第 21 行，物件： /d/migong/lev6/npc/lev9#7540 ("柯江")，地方:<none>

执行时段错误：*F_SKILL: No such skill (chuanyun-tui)

程式：/feature/skill.lpc 第 21 行
物件: /d/migong/lev6/npc/lev7#7556
呼叫来自：/d/migong/lev6/dong41.lpc 的 create() 第 20 行，物件： /d/migong/lev6/dong41，地方:<none>
呼叫来自：/inherit/room/room.lpc 的 setup() 第 189 行，物件： /d/migong/lev6/dong41，地方:<none>
呼叫来自：/inherit/room/room.lpc 的 reset() 第 71 行，物件： /d/migong/lev6/dong41，地方:<none>
呼叫来自：/inherit/room/room.lpc 的 make_inventory() 第 22 行，物件： /d/migong/lev6/dong41，地方:<none>
呼叫来自：/d/migong/lev6/npc/lev7.lpc 的 create() 第 96 行，物件： /d/migong/lev6/npc/lev7#7556 ("楚晋孝浩")，地方:<none>
呼叫来自：/feature/skill.lpc 的 set_skill() 第 21 行，物件： /d/migong/lev6/npc/lev7#7556 ("楚晋孝浩")，地方:<none>

执行时段错误：*F_SKILL: No such skill (chuanyun-tui)

程式：/feature/skill.lpc 第 21 行
物件: /d/migong/lev6/npc/lev7#7580
呼叫来自：/d/migong/lev6/dong54.lpc 的 create() 第 21 行，物件： /d/migong/lev6/dong54，地方:<none>
呼叫来自：/inherit/room/room.lpc 的 setup() 第 189 行，物件： /d/migong/lev6/dong54，地方:<none>
呼叫来自：/inherit/room/room.lpc 的 reset() 第 71 行，物件： /d/migong/lev6/dong54，地方:<none>
呼叫来自：/inherit/room/room.lpc 的 make_inventory() 第 22 行，物件： /d/migong/lev6/dong54，地方:<none>
呼叫来自：/d/migong/lev6/npc/lev7.lpc 的 create() 第 96 行，物件： /d/migong/lev6/npc/lev7#7580 ("长孙罡")，地方:<none>
呼叫来自：/feature/skill.lpc 的 set_skill() 第 21 行，物件： /d/migong/lev6/npc/lev7#7580 ("长孙罡")，地方:<none>

执行时段错误：*F_SKILL: No such skill (yangsheshu)

程式：/feature/skill.lpc 第 21 行
物件: /d/migong/lev6/npc/lev9#7645
呼叫来自：/d/migong/lev6/dong43.lpc 的 create() 第 20 行，物件： /d/migong/lev6/dong43，地方:<none>
呼叫来自：/inherit/room/room.lpc 的 setup() 第 189 行，物件： /d/migong/lev6/dong43，地方:<none>
呼叫来自：/inherit/room/room.lpc 的 reset() 第 71 行，物件： /d/migong/lev6/dong43，地方:<none>
呼叫来自：/inherit/room/room.lpc 的 make_inventory() 第 22 行，物件： /d/migong/lev6/dong43，地方:<none>
呼叫来自：/d/migong/lev6/npc/lev9.lpc 的 create() 第 84 行，物件： /d/migong/lev6/npc/lev9#7645 ("柏福斌")，地方:<none>
呼叫来自：/feature/skill.lpc 的 set_skill() 第 21 行，物件： /d/migong/lev6/npc/lev9#7645 ("柏福斌")，地方:<none>

执行时段错误：*F_SKILL: No such skill (yangsheshu)

程式：/feature/skill.lpc 第 21 行
物件: /d/migong/lev6/npc/lev9#7689
呼叫来自：/d/migong/lev6/dong74.lpc 的 create() 第 20 行，物件： /d/migong/lev6/dong74，地方:<none>
呼叫来自：/inherit/room/room.lpc 的 setup() 第 189 行，物件： /d/migong/lev6/dong74，地方:<none>
呼叫来自：/inherit/room/room.lpc 的 reset() 第 71 行，物件： /d/migong/lev6/dong74，地方:<none>
呼叫来自：/inherit/room/room.lpc 的 make_inventory() 第 22 行，物件： /d/migong/lev6/dong74，地方:<none>
呼叫来自：/d/migong/lev6/npc/lev9.lpc 的 create() 第 84 行，物件： /d/migong/lev6/npc/lev9#7689 ("宇文阿旭")，地方:<none>
呼叫来自：/feature/skill.lpc 的 set_skill() 第 21 行，物件： /d/migong/lev6/npc/lev9#7689 ("宇文阿旭")，地方:<none>

执行时段错误：*F_SKILL: No such skill (chuanyun-tui)

程式：/feature/skill.lpc 第 21 行
物件: /d/migong/lev6/npc/lev7#7691
呼叫来自：/d/migong/lev6/dong75.lpc 的 create() 第 20 行，物件： /d/migong/lev6/dong75，地方:<none>
呼叫来自：/inherit/room/room.lpc 的 setup() 第 189 行，物件： /d/migong/lev6/dong75，地方:<none>
呼叫来自：/inherit/room/room.lpc 的 reset() 第 71 行，物件： /d/migong/lev6/dong75，地方:<none>
呼叫来自：/inherit/room/room.lpc 的 make_inventory() 第 22 行，物件： /d/migong/lev6/dong75，地方:<none>
呼叫来自：/d/migong/lev6/npc/lev7.lpc 的 create() 第 96 行，物件： /d/migong/lev6/npc/lev7#7691 ("管江")，地方:<none>
呼叫来自：/feature/skill.lpc 的 set_skill() 第 21 行，物件： /d/migong/lev6/npc/lev7#7691 ("管江")，地方:<none>

执行时段错误：*F_SKILL: No such skill (chuanyun-tui)

程式：/feature/skill.lpc 第 21 行
物件: /d/migong/lev6/npc/lev7#7709
呼叫来自：/d/migong/lev6/dong81.lpc 的 create() 第 20 行，物件： /d/migong/lev6/dong81，地方:<none>
呼叫来自：/inherit/room/room.lpc 的 setup() 第 189 行，物件： /d/migong/lev6/dong81，地方:<none>
呼叫来自：/inherit/room/room.lpc 的 reset() 第 71 行，物件： /d/migong/lev6/dong81，地方:<none>
呼叫来自：/inherit/room/room.lpc 的 make_inventory() 第 22 行，物件： /d/migong/lev6/dong81，地方:<none>
呼叫来自：/d/migong/lev6/npc/lev7.lpc 的 create() 第 96 行，物件： /d/migong/lev6/npc/lev7#7709 ("陈仁贯")，地方:<none>
呼叫来自：/feature/skill.lpc 的 set_skill() 第 21 行，物件： /d/migong/lev6/npc/lev7#7709 ("陈仁贯")，地方:<none>

执行时段错误：*F_SKILL: No such skill (yangsheshu)

程式：/feature/skill.lpc 第 21 行
物件: /d/migong/lev6/npc/lev9#7732
呼叫来自：/d/migong/lev6/dong91.lpc 的 create() 第 20 行，物件： /d/migong/lev6/dong91，地方:<none>
呼叫来自：/inherit/room/room.lpc 的 setup() 第 189 行，物件： /d/migong/lev6/dong91，地方:<none>
呼叫来自：/inherit/room/room.lpc 的 reset() 第 71 行，物件： /d/migong/lev6/dong91，地方:<none>
呼叫来自：/inherit/room/room.lpc 的 make_inventory() 第 22 行，物件： /d/migong/lev6/dong91，地方:<none>
呼叫来自：/d/migong/lev6/npc/lev9.lpc 的 create() 第 84 行，物件： /d/migong/lev6/npc/lev9#7732 ("葛雄")，地方:<none>
呼叫来自：/feature/skill.lpc 的 set_skill() 第 21 行，物件： /d/migong/lev6/npc/lev9#7732 ("葛雄")，地方:<none>

执行时段错误：*F_SKILL: No such skill (yangsheshu)

程式：/feature/skill.lpc 第 21 行
物件: /d/migong/lev6/npc/lev9#7733
呼叫来自：/d/migong/lev6/dong61.lpc 的 create() 第 20 行，物件： /d/migong/lev6/dong61，地方:<none>
呼叫来自：/inherit/room/room.lpc 的 setup() 第 189 行，物件： /d/migong/lev6/dong61，地方:<none>
呼叫来自：/inherit/room/room.lpc 的 reset() 第 71 行，物件： /d/migong/lev6/dong61，地方:<none>
呼叫来自：/inherit/room/room.lpc 的 make_inventory() 第 22 行，物件： /d/migong/lev6/dong61，地方:<none>
呼叫来自：/d/migong/lev6/npc/lev9.lpc 的 create() 第 84 行，物件： /d/migong/lev6/npc/lev9#7733 ("薛匡海")，地方:<none>
呼叫来自：/feature/skill.lpc 的 set_skill() 第 21 行，物件： /d/migong/lev6/npc/lev9#7733 ("薛匡海")，地方:<none>

执行时段错误：*F_SKILL: No such skill (yangsheshu)

程式：/feature/skill.lpc 第 21 行
物件: /d/migong/lev6/npc/lev9#7741
呼叫来自：/d/migong/lev6/dong98.lpc 的 create() 第 20 行，物件： /d/migong/lev6/dong98，地方:<none>
呼叫来自：/inherit/room/room.lpc 的 setup() 第 189 行，物件： /d/migong/lev6/dong98，地方:<none>
呼叫来自：/inherit/room/room.lpc 的 reset() 第 71 行，物件： /d/migong/lev6/dong98，地方:<none>
呼叫来自：/inherit/room/room.lpc 的 make_inventory() 第 22 行，物件： /d/migong/lev6/dong98，地方:<none>
呼叫来自：/d/migong/lev6/npc/lev9.lpc 的 create() 第 84 行，物件： /d/migong/lev6/npc/lev9#7741 ("汝鄢飞")，地方:<none>
呼叫来自：/feature/skill.lpc 的 set_skill() 第 21 行，物件： /d/migong/lev6/npc/lev9#7741 ("汝鄢飞")，地方:<none>

执行时段错误：*F_SKILL: No such skill (chuanyun-tui)

程式：/feature/skill.lpc 第 21 行
物件: /d/migong/lev6/npc/lev7#7759
呼叫来自：/d/migong/lev6/dong29.lpc 的 create() 第 20 行，物件： /d/migong/lev6/dong29，地方:<none>
呼叫来自：/inherit/room/room.lpc 的 setup() 第 189 行，物件： /d/migong/lev6/dong29，地方:<none>
呼叫来自：/inherit/room/room.lpc 的 reset() 第 71 行，物件： /d/migong/lev6/dong29，地方:<none>
呼叫来自：/inherit/room/room.lpc 的 make_inventory() 第 22 行，物件： /d/migong/lev6/dong29，地方:<none>
呼叫来自：/d/migong/lev6/npc/lev7.lpc 的 create() 第 96 行，物件： /d/migong/lev6/npc/lev7#7759 ("谯岳")，地方:<none>
呼叫来自：/feature/skill.lpc 的 set_skill() 第 21 行，物件： /d/migong/lev6/npc/lev7#7759 ("谯岳")，地方:<none>

执行时段错误：*F_SKILL: No such skill (yangsheshu)

程式：/feature/skill.lpc 第 21 行
物件: /d/migong/lev6/npc/lev9#7760
呼叫来自：/d/migong/lev6/dong30.lpc 的 create() 第 20 行，物件： /d/migong/lev6/dong30，地方:<none>
呼叫来自：/inherit/room/room.lpc 的 setup() 第 189 行，物件： /d/migong/lev6/dong30，地方:<none>
呼叫来自：/inherit/room/room.lpc 的 reset() 第 71 行，物件： /d/migong/lev6/dong30，地方:<none>
呼叫来自：/inherit/room/room.lpc 的 make_inventory() 第 22 行，物件： /d/migong/lev6/dong30，地方:<none>
呼叫来自：/d/migong/lev6/npc/lev9.lpc 的 create() 第 84 行，物件： /d/migong/lev6/npc/lev9#7760 ("谯晓雄")，地方:<none>
呼叫来自：/feature/skill.lpc 的 set_skill() 第 21 行，物件： /d/migong/lev6/npc/lev9#7760 ("谯晓雄")，地方:<none>

执行时段错误：*F_SKILL: No such skill (chuanyun-tui)

程式：/feature/skill.lpc 第 21 行
物件: /d/migong/lev6/npc/lev7#7780
呼叫来自：/d/migong/lev6/dong38.lpc 的 create() 第 20 行，物件： /d/migong/lev6/dong38，地方:<none>
呼叫来自：/inherit/room/room.lpc 的 setup() 第 189 行，物件： /d/migong/lev6/dong38，地方:<none>
呼叫来自：/inherit/room/room.lpc 的 reset() 第 71 行，物件： /d/migong/lev6/dong38，地方:<none>
呼叫来自：/inherit/room/room.lpc 的 make_inventory() 第 22 行，物件： /d/migong/lev6/dong38，地方:<none>
呼叫来自：/d/migong/lev6/npc/lev7.lpc 的 create() 第 96 行，物件： /d/migong/lev6/npc/lev7#7780 ("夏候忠宏")，地方:<none>
呼叫来自：/feature/skill.lpc 的 set_skill() 第 21 行，物件： /d/migong/lev6/npc/lev7#7780 ("夏候忠宏")，地方:<none>

执行时段错误：*F_SKILL: No such skill (yangsheshu)

程式：/feature/skill.lpc 第 21 行
物件: /d/migong/lev6/npc/lev9#7794
呼叫来自：/d/migong/lev6/dong77.lpc 的 create() 第 20 行，物件： /d/migong/lev6/dong77，地方:<none>
呼叫来自：/inherit/room/room.lpc 的 setup() 第 189 行，物件： /d/migong/lev6/dong77，地方:<none>
呼叫来自：/inherit/room/room.lpc 的 reset() 第 71 行，物件： /d/migong/lev6/dong77，地方:<none>
呼叫来自：/inherit/room/room.lpc 的 make_inventory() 第 22 行，物件： /d/migong/lev6/dong77，地方:<none>
呼叫来自：/d/migong/lev6/npc/lev9.lpc 的 create() 第 84 行，物件： /d/migong/lev6/npc/lev9#7794 ("管健")，地方:<none>
呼叫来自：/feature/skill.lpc 的 set_skill() 第 21 行，物件： /d/migong/lev6/npc/lev9#7794 ("管健")，地方:<none>

执行时段错误：*F_SKILL: No such skill (chuanyun-tui)

程式：/feature/skill.lpc 第 21 行
物件: /d/migong/lev6/npc/lev7#7802
呼叫来自：/d/migong/lev6/dong53.lpc 的 create() 第 20 行，物件： /d/migong/lev6/dong53，地方:<none>
呼叫来自：/inherit/room/room.lpc 的 setup() 第 189 行，物件： /d/migong/lev6/dong53，地方:<none>
呼叫来自：/inherit/room/room.lpc 的 reset() 第 71 行，物件： /d/migong/lev6/dong53，地方:<none>
呼叫来自：/inherit/room/room.lpc 的 make_inventory() 第 22 行，物件： /d/migong/lev6/dong53，地方:<none>
呼叫来自：/d/migong/lev6/npc/lev7.lpc 的 create() 第 96 行，物件： /d/migong/lev6/npc/lev7#7802 ("淳于康")，地方:<none>
呼叫来自：/feature/skill.lpc 的 set_skill() 第 21 行，物件： /d/migong/lev6/npc/lev7#7802 ("淳于康")，地方:<none>

执行时段错误：*F_SKILL: No such skill (chuanyun-tui)

程式：/feature/skill.lpc 第 21 行
物件: /d/migong/lev6/npc/lev7#7832
呼叫来自：/d/migong/lev6/dong28.lpc 的 create() 第 20 行，物件： /d/migong/lev6/dong28，地方:<none>
呼叫来自：/inherit/room/room.lpc 的 setup() 第 189 行，物件： /d/migong/lev6/dong28，地方:<none>
呼叫来自：/inherit/room/room.lpc 的 reset() 第 71 行，物件： /d/migong/lev6/dong28，地方:<none>
呼叫来自：/inherit/room/room.lpc 的 make_inventory() 第 22 行，物件： /d/migong/lev6/dong28，地方:<none>
呼叫来自：/d/migong/lev6/npc/lev7.lpc 的 create() 第 96 行，物件： /d/migong/lev6/npc/lev7#7832 ("谢礼法")，地方:<none>
呼叫来自：/feature/skill.lpc 的 set_skill() 第 21 行，物件： /d/migong/lev6/npc/lev7#7832 ("谢礼法")，地方:<none>

执行时段错误：*F_SKILL: No such skill (yangsheshu)

程式：/feature/skill.lpc 第 21 行
物件: /d/migong/lev6/npc/lev9#7878
呼叫来自：/d/migong/lev6/dong55.lpc 的 create() 第 20 行，物件： /d/migong/lev6/dong55，地方:<none>
呼叫来自：/inherit/room/room.lpc 的 setup() 第 189 行，物件： /d/migong/lev6/dong55，地方:<none>
呼叫来自：/inherit/room/room.lpc 的 reset() 第 71 行，物件： /d/migong/lev6/dong55，地方:<none>
呼叫来自：/inherit/room/room.lpc 的 make_inventory() 第 22 行，物件： /d/migong/lev6/dong55，地方:<none>
呼叫来自：/d/migong/lev6/npc/lev9.lpc 的 create() 第 84 行，物件： /d/migong/lev6/npc/lev9#7878 ("杨虎")，地方:<none>
呼叫来自：/feature/skill.lpc 的 set_skill() 第 21 行，物件： /d/migong/lev6/npc/lev9#7878 ("杨虎")，地方:<none>

执行时段错误：*No program in object '/d/heimuya/shenggu'!

程式：0 第 0 行
物件: /adm/obj/master

执行时段错误：*No program in object '/d/heimuya/tang'!

程式：0 第 0 行
物件: /adm/obj/master

执行时段错误：*No program in object '/d/heimuya/npc/tang'!

程式：0 第 0 行
物件: /adm/obj/master

执行时段错误：*Bad argument 1 to EFUN call_other()
Expected: object, string, array,  Got: int(0).

程式：/inherit/room/room.lpc 第 23 行
物件: /d/city/zisharoom
呼叫来自：/d/city/zisharoom.lpc 的 create() 第 20 行，物件： /d/city/zisharoom，地方:<none>
呼叫来自：/inherit/room/room.lpc 的 setup() 第 189 行，物件： /d/city/zisharoom，地方:<none>
呼叫来自：/inherit/room/room.lpc 的 reset() 第 71 行，物件： /d/city/zisharoom，地方:<none>
呼叫来自：/inherit/room/room.lpc 的 make_inventory() 第 23 行，物件： /d/city/zisharoom，地方:<none>

执行时段错误：*No program in object '/d/city3/jiulou2/obj/food'!

程式：0 第 0 行
物件: /adm/obj/master

执行时段错误：*No program in object '/d/quanzhou/npc/tang3'!

程式：0 第 0 行
物件: /adm/obj/master

执行时段错误：*No program in object '/d/obj/quest/chai1'!

程式：0 第 0 行
物件: /adm/obj/master

执行时段错误：*No program in object '/d/obj/quest/chai'!

程式：0 第 0 行
物件: /adm/obj/master

执行时段错误：*No program in object '/d/obj/quest/chai3'!

程式：0 第 0 行
物件: /adm/obj/master

执行时段错误：*No program in object '/d/npc/master'!

程式：0 第 0 行
物件: /adm/obj/master

执行时段错误：*Bad argument 1 to EFUN call_other()
Expected: object, string, array,  Got: int(0).

程式：/inherit/gems/weapon.lpc 第 10 行
物件: /d/npc/m_weapon/weapon/m_club
呼叫来自：/d/npc/m_weapon/weapon/m_club.lpc 的 create() 第 60 行，物件： /d/npc/m_weapon/weapon/m_club ("/d/npc/m_weapon/weapon/m_club")，地方:<none>
呼叫来自：/inherit/gems/weapon.lpc 的 setup() 第 23 行，物件： /d/npc/m_weapon/weapon/m_club ("/d/npc/m_weapon/weapon/m_club")，地方:<none>
呼叫来自：/inherit/gems/weapon.lpc 的 init_sockets() 第 10 行，物件： /d/npc/m_weapon/weapon/m_club ("/d/npc/m_weapon/weapon/m_club")，地方:<none>

执行时段错误：*Bad argument 1 to EFUN call_other()
Expected: object, string, array,  Got: int(0).

程式：/d/npc/m_weapon/weapon/m_whip.lpc 第 27 行
物件: /d/npc/m_weapon/weapon/m_whip
呼叫来自：/d/npc/m_weapon/weapon/m_whip.lpc 的 create() 第 27 行，物件： /d/npc/m_weapon/weapon/m_whip ("/d/npc/m_weapon/weapon/m_whip")，地方:<none>

执行时段错误：*Bad argument 1 to EFUN call_other()
Expected: object, string, array,  Got: int(0).

程式：/d/npc/m_weapon/weapon/m_hammer.lpc 第 29 行
物件: /d/npc/m_weapon/weapon/m_hammer
呼叫来自：/d/npc/m_weapon/weapon/m_hammer.lpc 的 create() 第 29 行，物件： /d/npc/m_weapon/weapon/m_hammer ("/d/npc/m_weapon/weapon/m_hammer")，地方:<none>

执行时段错误：*No program in object '/d/npc/m_weapon/weapon/m_bian'!

程式：0 第 0 行
物件: /adm/obj/master

执行时段错误：*Bad argument 1 to EFUN call_other()
Expected: object, string, array,  Got: int(0).

程式：/d/npc/m_weapon/weapon/m_staff.lpc 第 26 行
物件: /d/npc/m_weapon/weapon/m_staff
呼叫来自：/d/npc/m_weapon/weapon/m_staff.lpc 的 create() 第 26 行，物件： /d/npc/m_weapon/weapon/m_staff ("/d/npc/m_weapon/weapon/m_staff")，地方:<none>

执行时段错误：*Bad argument 1 to EFUN call_other()
Expected: object, string, array,  Got: int(0).

程式：/d/quanzhen/obj/m_sword.lpc 第 57 行
物件: /d/quanzhen/obj/m_sword
呼叫来自：/d/quanzhen/obj/m_sword.lpc 的 create() 第 57 行，物件： /d/quanzhen/obj/m_sword ("/d/quanzhen/obj/m_sword")，地方:<none>

执行时段错误：*Bad argument 1 to EFUN call_other()
Expected: object, string, array,  Got: int(0).

程式：/d/quanzhen/npc/obj/m_sword.lpc 第 29 行
物件: /d/quanzhen/npc/obj/m_sword
呼叫来自：/d/quanzhen/npc/obj/m_sword.lpc 的 create() 第 29 行，物件： /d/quanzhen/npc/obj/m_sword ("/d/quanzhen/npc/obj/m_sword")，地方:<none>

执行时段错误：*Bad argument 1 to EFUN call_other()
Expected: object, string, array,  Got: int(0).

程式：/inherit/room/room.lpc 第 23 行
物件: /d/mr/biaoju
呼叫来自：/d/mr/biaoju.lpc 的 create() 第 18 行，物件： /d/mr/biaoju，地方:<none>
呼叫来自：/inherit/room/room.lpc 的 setup() 第 189 行，物件： /d/mr/biaoju，地方:<none>
呼叫来自：/inherit/room/room.lpc 的 reset() 第 71 行，物件： /d/mr/biaoju，地方:<none>
呼叫来自：/inherit/room/room.lpc 的 make_inventory() 第 23 行，物件： /d/mr/biaoju，地方:<none>

执行时段错误：*No program in object '/d/baituo/obj/bowl'!

程式：0 第 0 行
物件: /adm/obj/master

执行时段错误：*No program in object '/d/baituo/npc/obj/bowl'!

程式：0 第 0 行
物件: /adm/obj/master

执行时段错误：*No program in object '/d/taishan/xingtang'!

程式：0 第 0 行
物件: /adm/obj/master

执行时段错误：*No program in object '/d/taishan/tang2'!

程式：0 第 0 行
物件: /adm/obj/master

执行时段错误：*No program in object '/d/taishan/tang3'!

程式：0 第 0 行
物件: /adm/obj/master

执行时段错误：*No program in object '/d/huashan/map'!

程式：0 第 0 行
物件: /adm/obj/master

执行时段错误：*No program in object '/d/player/ltsh/npc/saveme'!

程式：/inherit/room/room.lpc 第 22 行
物件: /d/shaolin/hantan3
呼叫来自：/d/shaolin/hantan3.lpc 的 create() 第 17 行，物件： /d/shaolin/hantan3，地方:<none>
呼叫来自：/inherit/room/room.lpc 的 setup() 第 189 行，物件： /d/shaolin/hantan3，地方:<none>
呼叫来自：/inherit/room/room.lpc 的 reset() 第 71 行，物件： /d/shaolin/hantan3，地方:<none>
呼叫来自：/inherit/room/room.lpc 的 make_inventory() 第 22 行，物件： /d/shaolin/hantan3，地方:<none>

执行时段错误：*Bad argument 1 to EFUN call_other()
Expected: object, string, array,  Got: int(0).

程式：/inherit/room/room.lpc 第 23 行
物件: /d/shaolin/npc/obj/houdian
呼叫来自：/d/shaolin/npc/obj/houdian.lpc 的 create() 第 27 行，物件： /d/shaolin/npc/obj/houdian，地方:<none>
呼叫来自：/inherit/room/room.lpc 的 setup() 第 189 行，物件： /d/shaolin/npc/obj/houdian，地方:<none>
呼叫来自：/inherit/room/room.lpc 的 reset() 第 80 行，物件： /d/shaolin/npc/obj/houdian，地方:<none>
呼叫来自：/inherit/room/room.lpc 的 make_inventory() 第 23 行，物件： /d/shaolin/npc/obj/houdian，地方:<none>

执行时段错误：*No program in object '/d/shaolin/npc/obj/shuitan'!

程式：0 第 0 行
物件: /adm/obj/master

执行时段错误：*No program in object '/d/player/fyue_room'!

程式：0 第 0 行
物件: /adm/obj/master

执行时段错误：*No program in object '/d/player/ltsh/npc/saveme'!

程式：0 第 0 行
物件: /adm/obj/master

执行时段错误：*No program in object '/d/player/ltsh/npc/saveme'!

程式：/inherit/room/room.lpc 第 22 行
物件: /d/player/ltsh/tst
呼叫来自：/d/player/ltsh/tst.lpc 的 create() 第 22 行，物件： /d/player/ltsh/tst，地方:<none>
呼叫来自：/inherit/room/room.lpc 的 setup() 第 189 行，物件： /d/player/ltsh/tst，地方:<none>
呼叫来自：/inherit/room/room.lpc 的 reset() 第 71 行，物件： /d/player/ltsh/tst，地方:<none>
呼叫来自：/inherit/room/room.lpc 的 make_inventory() 第 22 行，物件： /d/player/ltsh/tst，地方:<none>

执行时段错误：*Bad argument 1 to EFUN call_other()
Expected: object, string, array,  Got: int(0).

程式：/inherit/room/room.lpc 第 23 行
物件: /d/quanzhen_old/nanyang
呼叫来自：/d/quanzhen_old/nanyang.lpc 的 create() 第 30 行，物件： /d/quanzhen_old/nanyang，地方:<none>
呼叫来自：/inherit/room/room.lpc 的 setup() 第 189 行，物件： /d/quanzhen_old/nanyang，地方:<none>
呼叫来自：/inherit/room/room.lpc 的 reset() 第 71 行，物件： /d/quanzhen_old/nanyang，地方:<none>
呼叫来自：/inherit/room/room.lpc 的 make_inventory() 第 23 行，物件： /d/quanzhen_old/nanyang，地方:<none>

执行时段错误：*No program in object '/d/quanzhen_old/hudi4'!

程式：0 第 0 行
物件: /adm/obj/master

执行时段错误：*No program in object '/d/quanzhen_old/hudi6'!

程式：0 第 0 行
物件: /adm/obj/master

执行时段错误：*No program in object '/d/quanzhen_old/manglin2'!

程式：0 第 0 行
物件: /adm/obj/master

执行时段错误：*No program in object '/d/quanzhen_old/manglin1'!

程式：0 第 0 行
物件: /adm/obj/master

执行时段错误：*F_SKILL: No such skill (kongmingquan)

程式：/feature/skill.lpc 第 21 行
物件: /d/quanzhen_old/obj/liuchuxuan
呼叫来自：/d/quanzhen_old/obj/liuchuxuan.lpc 的 create() 第 49 行，物件： /d/quanzhen_old/obj/liuchuxuan ("刘处玄")，地方:<none>
呼叫来自：/feature/skill.lpc 的 set_skill() 第 21 行，物件： /d/quanzhen_old/obj/liuchuxuan ("刘处玄")，地方:<none>

执行时段错误：*F_SKILL: No such skill (kongmingquan)

程式：/feature/skill.lpc 第 21 行
物件: /d/quanzhen_old/obj/mayu
呼叫来自：/d/quanzhen_old/obj/mayu.lpc 的 create() 第 59 行，物件： /d/quanzhen_old/obj/mayu ("马钰")，地方:<none>
呼叫来自：/feature/skill.lpc 的 set_skill() 第 21 行，物件： /d/quanzhen_old/obj/mayu ("马钰")，地方:<none>

执行时段错误：*F_SKILL: No such skill (kongmingquan)

程式：/feature/skill.lpc 第 21 行
物件: /d/quanzhen_old/obj/daotong
呼叫来自：/d/quanzhen_old/obj/daotong.lpc 的 create() 第 38 行，物件： /d/quanzhen_old/obj/daotong ("道童")，地方:<none>
呼叫来自：/feature/skill.lpc 的 set_skill() 第 21 行，物件： /d/quanzhen_old/obj/daotong ("道童")，地方:<none>

执行时段错误：*F_SKILL: No such skill (kongmingquan)

程式：/feature/skill.lpc 第 21 行
物件: /d/quanzhen_old/obj/haodatong
呼叫来自：/d/quanzhen_old/obj/haodatong.lpc 的 create() 第 43 行，物件： /d/quanzhen_old/obj/haodatong ("郝大通")，地方:<none>
呼叫来自：/feature/skill.lpc 的 set_skill() 第 21 行，物件： /d/quanzhen_old/obj/haodatong ("郝大通")，地方:<none>

执行时段错误：*Bad argument 1 to EFUN call_other()
Expected: object, string, array,  Got: int(0).

程式：/d/quanzhen_old/obj/m_sword.lpc 第 57 行
物件: /d/quanzhen_old/obj/m_sword
呼叫来自：/d/quanzhen_old/obj/m_sword.lpc 的 create() 第 57 行，物件： /d/quanzhen_old/obj/m_sword ("/d/quanzhen_old/obj/m_sword")，地方:<none>

执行时段错误：*No program in object '/d/quanzhen_old/obj/cloth'!

程式：0 第 0 行
物件: /adm/obj/master

执行时段错误：*No program in object '/d/quanzhen_old/npc/haodatong'!

程式：0 第 0 行
物件: /adm/obj/master

执行时段错误：*Bad argument 1 to EFUN call_other()
Expected: object, string, array,  Got: int(0).

程式：/d/quanzhen_old/npc/obj/m_sword.lpc 第 29 行
物件: /d/quanzhen_old/npc/obj/m_sword
呼叫来自：/d/quanzhen_old/npc/obj/m_sword.lpc 的 create() 第 29 行，物件： /d/quanzhen_old/npc/obj/m_sword ("/d/quanzhen_old/npc/obj/m_sword")，地方:<none>

执行时段错误：*No program in object '/d/quanzhen_old/hudi5'!

程式：0 第 0 行
物件: /adm/obj/master

执行时段错误：*Bad argument 1 to EFUN call_other()
Expected: object, string, array,  Got: int(0).

程式：/inherit/room/room.lpc 第 23 行
物件: /d/quanzhen_old/yadi
呼叫来自：/d/quanzhen_old/yadi.lpc 的 create() 第 25 行，物件： /d/quanzhen_old/yadi，地方:<none>
呼叫来自：/inherit/room/room.lpc 的 setup() 第 189 行，物件： /d/quanzhen_old/yadi，地方:<none>
呼叫来自：/inherit/room/room.lpc 的 reset() 第 71 行，物件： /d/quanzhen_old/yadi，地方:<none>
呼叫来自：/inherit/room/room.lpc 的 make_inventory() 第 23 行，物件： /d/quanzhen_old/yadi，地方:<none>

执行时段错误：*Bad argument 1 to EFUN call_other()
Expected: object, string, array,  Got: int(0).

程式：/inherit/room/room.lpc 第 23 行
物件: /d/gumu/shulin8
呼叫来自：/d/gumu/shulin8.lpc 的 create() 第 24 行，物件： /d/gumu/shulin8，地方:<none>
呼叫来自：/inherit/room/room.lpc 的 setup() 第 189 行，物件： /d/gumu/shulin8，地方:<none>
呼叫来自：/inherit/room/room.lpc 的 reset() 第 71 行，物件： /d/gumu/shulin8，地方:<none>
呼叫来自：/inherit/room/room.lpc 的 make_inventory() 第 23 行，物件： /d/gumu/shulin8，地方:<none>

执行时段错误：*Bad argument 1 to EFUN call_other()
Expected: object, string, array,  Got: int(0).

程式：/inherit/room/room.lpc 第 23 行
物件: /d/gumu/baoziyan
呼叫来自：/d/gumu/baoziyan.lpc 的 create() 第 25 行，物件： /d/gumu/baoziyan，地方:<none>
呼叫来自：/inherit/room/room.lpc 的 setup() 第 189 行，物件： /d/gumu/baoziyan，地方:<none>
呼叫来自：/inherit/room/room.lpc 的 reset() 第 71 行，物件： /d/gumu/baoziyan，地方:<none>
呼叫来自：/inherit/room/room.lpc 的 make_inventory() 第 23 行，物件： /d/gumu/baoziyan，地方:<none>

执行时段错误：*Bad argument 1 to EFUN call_other()
Expected: object, string, array,  Got: int(0).

程式：/inherit/room/room.lpc 第 23 行
物件: /d/gumu/shenheyuan
呼叫来自：/d/gumu/shenheyuan.lpc 的 create() 第 26 行，物件： /d/gumu/shenheyuan，地方:<none>
呼叫来自：/inherit/room/room.lpc 的 setup() 第 189 行，物件： /d/gumu/shenheyuan，地方:<none>
呼叫来自：/inherit/room/room.lpc 的 reset() 第 71 行，物件： /d/gumu/shenheyuan，地方:<none>
呼叫来自：/inherit/room/room.lpc 的 make_inventory() 第 23 行，物件： /d/gumu/shenheyuan，地方:<none>

执行时段错误：*No program in object '/u/party/npc/ji'!

程式：/inherit/room/room.lpc 第 22 行
物件: /u/party/guanchang
呼叫来自：/u/party/guanchang.lpc 的 create() 第 21 行，物件： /u/party/guanchang，地方:<none>
呼叫来自：/inherit/room/room.lpc 的 setup() 第 189 行，物件： /u/party/guanchang，地方:<none>
呼叫来自：/inherit/room/room.lpc 的 reset() 第 71 行，物件： /u/party/guanchang，地方:<none>
呼叫来自：/inherit/room/room.lpc 的 make_inventory() 第 22 行，物件： /u/party/guanchang，地方:<none>

执行时段错误：*No program in object '/u/isle/log'!

程式：0 第 0 行
物件: /adm/obj/master

执行时段错误：*No program in object '/u/isle/ToMud/who'!

程式：0 第 0 行
物件: /adm/obj/master

执行时段错误：*No program in object '/u/isle/ToMud/move'!

程式：0 第 0 行
物件: /adm/obj/master

执行时段错误：*No program in object '/u/isle/ToMud/look'!

程式：0 第 0 行
物件: /adm/obj/master

执行时段错误：*No program in object '/u/isle/ToMud/move2'!

程式：0 第 0 行
物件: /adm/obj/master

执行时段错误：*No program in object '/u/isle/ToMud/ctell'!

程式：0 第 0 行
物件: /adm/obj/master

执行时段错误：*Wrong permissions for opening file /u/snow/log for append.
"Is a directory"

程式：/adm/obj/master.lpc 第 140 行
物件: /adm/obj/master
呼叫来自：/adm/obj/master.lpc 的 log_error() 第 140 行，物件： /adm/obj/master，地方:<none>

执行时段错误：*Bad argument 1 to explode()
Expected: string Got: 0.

程式：/u/snow/natured.lpc 第 286 行
物件: /u/snow/natured
呼叫来自：/u/snow/natured.lpc 的 create() 第 22 行，物件： /u/snow/natured，地方:<none>
呼叫来自：/u/snow/natured.lpc 的 read_table() 第 286 行，物件： /u/snow/natured，地方:<none>

执行时段错误：*Wrong permissions for opening file /u/snow/log for append.
"Is a directory"

程式：/adm/obj/master.lpc 第 140 行
物件: /adm/obj/master
呼叫来自：/adm/obj/master.lpc 的 log_error() 第 140 行，物件： /adm/obj/master，地方:<none>

执行时段错误：*Wrong permissions for opening file /u/snow/log for append.
"Is a directory"

程式：/adm/obj/master.lpc 第 140 行
物件: /adm/obj/master
呼叫来自：/adm/obj/master.lpc 的 log_error() 第 140 行，物件： /adm/obj/master，地方:<none>

执行时段错误：*Wrong permissions for opening file /u/snow/log for append.
"Is a directory"

程式：/adm/obj/master.lpc 第 140 行
物件: /adm/obj/master
呼叫来自：/adm/obj/master.lpc 的 log_error() 第 140 行，物件： /adm/obj/master，地方:<none>

执行时段错误：*Wrong permissions for opening file /u/snow/log for append.
"Is a directory"

程式：/adm/obj/master.lpc 第 140 行
物件: /adm/obj/master
呼叫来自：/adm/obj/master.lpc 的 log_error() 第 140 行，物件： /adm/obj/master，地方:<none>

执行时段错误：*Wrong permissions for opening file /u/snow/log for append.
"Is a directory"

程式：/adm/obj/master.lpc 第 140 行
物件: /adm/obj/master
呼叫来自：/adm/obj/master.lpc 的 log_error() 第 140 行，物件： /adm/obj/master，地方:<none>

执行时段错误：*Wrong permissions for opening file /u/snow/log for append.
"Is a directory"

程式：/adm/obj/master.lpc 第 140 行
物件: /adm/obj/master
呼叫来自：/adm/obj/master.lpc 的 log_error() 第 140 行，物件： /adm/obj/master，地方:<none>

执行时段错误：*Wrong permissions for opening file /u/snow/log for append.
"Is a directory"

程式：/adm/obj/master.lpc 第 140 行
物件: /adm/obj/master
呼叫来自：/adm/obj/master.lpc 的 log_error() 第 140 行，物件： /adm/obj/master，地方:<none>

执行时段错误：*Wrong permissions for opening file /u/snow/log for append.
"Is a directory"

程式：/adm/obj/master.lpc 第 140 行
物件: /adm/obj/master
呼叫来自：/adm/obj/master.lpc 的 log_error() 第 140 行，物件： /adm/obj/master，地方:<none>

执行时段错误：*No program in object '/u/snow/who'!

程式：0 第 0 行
物件: /adm/obj/master

执行时段错误：*Wrong permissions for opening file /u/snow/log for append.
"Is a directory"

程式：/adm/obj/master.lpc 第 140 行
物件: /adm/obj/master
呼叫来自：/u/snow/wudujiao/bianzhai2.lpc 的 create() 第 28 行，物件： /u/snow/wudujiao/bianzhai2，地方:<none>
呼叫来自：/inherit/room/room.lpc 的 setup() 第 189 行，物件： /u/snow/wudujiao/bianzhai2，地方:<none>
呼叫来自：/inherit/room/room.lpc 的 reset() 第 71 行，物件： /u/snow/wudujiao/bianzhai2，地方:<none>
呼叫来自：/inherit/room/room.lpc 的 make_inventory() 第 22 行，物件： /u/snow/wudujiao/bianzhai2，地方:<none>
呼叫来自：/adm/obj/master.lpc 的 log_error() 第 140 行，物件： /adm/obj/master，地方:<none>

执行时段错误：*Wrong permissions for opening file /u/snow/log for append.
"Is a directory"

程式：/adm/obj/master.lpc 第 140 行
物件: /adm/obj/master
呼叫来自：/u/snow/wudujiao/bianzhai2.lpc 的 create() 第 28 行，物件： /u/snow/wudujiao/bianzhai2，地方:<none>
呼叫来自：/inherit/room/room.lpc 的 setup() 第 189 行，物件： /u/snow/wudujiao/bianzhai2，地方:<none>
呼叫来自：/inherit/room/room.lpc 的 reset() 第 71 行，物件： /u/snow/wudujiao/bianzhai2，地方:<none>
呼叫来自：/inherit/room/room.lpc 的 make_inventory() 第 22 行，物件： /u/snow/wudujiao/bianzhai2，地方:<none>
呼叫来自：/adm/obj/master.lpc 的 log_error() 第 140 行，物件： /adm/obj/master，地方:<none>

执行时段错误：*No program in object '/u/snow/wudujiao/npc/youngboy'!

程式：/inherit/room/room.lpc 第 22 行
物件: /u/snow/wudujiao/bianzhai2
呼叫来自：/u/snow/wudujiao/bianzhai2.lpc 的 create() 第 28 行，物件： /u/snow/wudujiao/bianzhai2，地方:<none>
呼叫来自：/inherit/room/room.lpc 的 setup() 第 189 行，物件： /u/snow/wudujiao/bianzhai2，地方:<none>
呼叫来自：/inherit/room/room.lpc 的 reset() 第 71 行，物件： /u/snow/wudujiao/bianzhai2，地方:<none>
呼叫来自：/inherit/room/room.lpc 的 make_inventory() 第 22 行，物件： /u/snow/wudujiao/bianzhai2，地方:<none>

执行时段错误：*Wrong permissions for opening file /u/snow/log for append.
"Is a directory"

程式：/adm/obj/master.lpc 第 140 行
物件: /adm/obj/master
呼叫来自：/u/snow/wudujiao/chufang.lpc 的 create() 第 30 行，物件： /u/snow/wudujiao/chufang，地方:<none>
呼叫来自：/inherit/room/room.lpc 的 setup() 第 189 行，物件： /u/snow/wudujiao/chufang，地方:<none>
呼叫来自：/inherit/room/room.lpc 的 reset() 第 71 行，物件： /u/snow/wudujiao/chufang，地方:<none>
呼叫来自：/inherit/room/room.lpc 的 make_inventory() 第 22 行，物件： /u/snow/wudujiao/chufang，地方:<none>
呼叫来自：/adm/obj/master.lpc 的 log_error() 第 140 行，物件： /adm/obj/master，地方:<none>

执行时段错误：*Wrong permissions for opening file /u/snow/log for append.
"Is a directory"

程式：/adm/obj/master.lpc 第 140 行
物件: /adm/obj/master
呼叫来自：/u/snow/wudujiao/chufang.lpc 的 create() 第 30 行，物件： /u/snow/wudujiao/chufang，地方:<none>
呼叫来自：/inherit/room/room.lpc 的 setup() 第 189 行，物件： /u/snow/wudujiao/chufang，地方:<none>
呼叫来自：/inherit/room/room.lpc 的 reset() 第 71 行，物件： /u/snow/wudujiao/chufang，地方:<none>
呼叫来自：/inherit/room/room.lpc 的 make_inventory() 第 22 行，物件： /u/snow/wudujiao/chufang，地方:<none>
呼叫来自：/adm/obj/master.lpc 的 log_error() 第 140 行，物件： /adm/obj/master，地方:<none>

执行时段错误：*No program in object '/u/snow/wudujiao/npc/tian'!

程式：/inherit/room/room.lpc 第 22 行
物件: /u/snow/wudujiao/chufang
呼叫来自：/u/snow/wudujiao/chufang.lpc 的 create() 第 30 行，物件： /u/snow/wudujiao/chufang，地方:<none>
呼叫来自：/inherit/room/room.lpc 的 setup() 第 189 行，物件： /u/snow/wudujiao/chufang，地方:<none>
呼叫来自：/inherit/room/room.lpc 的 reset() 第 71 行，物件： /u/snow/wudujiao/chufang，地方:<none>
呼叫来自：/inherit/room/room.lpc 的 make_inventory() 第 22 行，物件： /u/snow/wudujiao/chufang，地方:<none>

执行时段错误：*Wrong permissions for opening file /u/snow/log for append.
"Is a directory"

程式：/adm/obj/master.lpc 第 140 行
物件: /adm/obj/master
呼叫来自：/u/snow/wudujiao/damen.lpc 的 create() 第 26 行，物件： /u/snow/wudujiao/damen，地方:<none>
呼叫来自：/inherit/room/room.lpc 的 setup() 第 189 行，物件： /u/snow/wudujiao/damen，地方:<none>
呼叫来自：/inherit/room/room.lpc 的 reset() 第 80 行，物件： /u/snow/wudujiao/damen，地方:<none>
呼叫来自：/inherit/room/room.lpc 的 make_inventory() 第 22 行，物件： /u/snow/wudujiao/damen，地方:<none>
呼叫来自：/adm/obj/master.lpc 的 log_error() 第 140 行，物件： /adm/obj/master，地方:<none>

执行时段错误：*Wrong permissions for opening file /u/snow/log for append.
"Is a directory"

程式：/adm/obj/master.lpc 第 140 行
物件: /adm/obj/master
呼叫来自：/u/snow/wudujiao/damen.lpc 的 create() 第 26 行，物件： /u/snow/wudujiao/damen，地方:<none>
呼叫来自：/inherit/room/room.lpc 的 setup() 第 189 行，物件： /u/snow/wudujiao/damen，地方:<none>
呼叫来自：/inherit/room/room.lpc 的 reset() 第 80 行，物件： /u/snow/wudujiao/damen，地方:<none>
呼叫来自：/inherit/room/room.lpc 的 make_inventory() 第 22 行，物件： /u/snow/wudujiao/damen，地方:<none>
呼叫来自：/adm/obj/master.lpc 的 log_error() 第 140 行，物件： /adm/obj/master，地方:<none>

执行时段错误：*No program in object '/u/snow/wudujiao/npc/jiaotu'!

程式：/inherit/room/room.lpc 第 22 行
物件: /u/snow/wudujiao/damen
呼叫来自：/u/snow/wudujiao/damen.lpc 的 create() 第 26 行，物件： /u/snow/wudujiao/damen，地方:<none>
呼叫来自：/inherit/room/room.lpc 的 setup() 第 189 行，物件： /u/snow/wudujiao/damen，地方:<none>
呼叫来自：/inherit/room/room.lpc 的 reset() 第 80 行，物件： /u/snow/wudujiao/damen，地方:<none>
呼叫来自：/inherit/room/room.lpc 的 make_inventory() 第 22 行，物件： /u/snow/wudujiao/damen，地方:<none>

执行时段错误：*Wrong permissions for opening file /u/snow/log for append.
"Is a directory"

程式：/adm/obj/master.lpc 第 140 行
物件: /adm/obj/master
呼叫来自：/u/snow/wudujiao/bingqi.lpc 的 create() 第 28 行，物件： /u/snow/wudujiao/bingqi，地方:<none>
呼叫来自：/inherit/room/room.lpc 的 setup() 第 189 行，物件： /u/snow/wudujiao/bingqi，地方:<none>
呼叫来自：/inherit/room/room.lpc 的 reset() 第 80 行，物件： /u/snow/wudujiao/bingqi，地方:<none>
呼叫来自：/inherit/room/room.lpc 的 make_inventory() 第 22 行，物件： /u/snow/wudujiao/bingqi，地方:<none>
呼叫来自：/adm/obj/master.lpc 的 log_error() 第 140 行，物件： /adm/obj/master，地方:<none>

执行时段错误：*Wrong permissions for opening file /u/snow/log for append.
"Is a directory"

程式：/adm/obj/master.lpc 第 140 行
物件: /adm/obj/master
呼叫来自：/u/snow/wudujiao/bingqi.lpc 的 create() 第 28 行，物件： /u/snow/wudujiao/bingqi，地方:<none>
呼叫来自：/inherit/room/room.lpc 的 setup() 第 189 行，物件： /u/snow/wudujiao/bingqi，地方:<none>
呼叫来自：/inherit/room/room.lpc 的 reset() 第 80 行，物件： /u/snow/wudujiao/bingqi，地方:<none>
呼叫来自：/inherit/room/room.lpc 的 make_inventory() 第 22 行，物件： /u/snow/wudujiao/bingqi，地方:<none>
呼叫来自：/adm/obj/master.lpc 的 log_error() 第 140 行，物件： /adm/obj/master，地方:<none>

执行时段错误：*Wrong permissions for opening file /u/snow/log for append.
"Is a directory"

程式：/adm/obj/master.lpc 第 140 行
物件: /adm/obj/master
呼叫来自：/u/snow/wudujiao/bingqi.lpc 的 create() 第 28 行，物件： /u/snow/wudujiao/bingqi，地方:<none>
呼叫来自：/inherit/room/room.lpc 的 setup() 第 189 行，物件： /u/snow/wudujiao/bingqi，地方:<none>
呼叫来自：/inherit/room/room.lpc 的 reset() 第 80 行，物件： /u/snow/wudujiao/bingqi，地方:<none>
呼叫来自：/inherit/room/room.lpc 的 make_inventory() 第 22 行，物件： /u/snow/wudujiao/bingqi，地方:<none>
呼叫来自：/adm/obj/master.lpc 的 log_error() 第 140 行，物件： /adm/obj/master，地方:<none>

执行时段错误：*No program in object '/u/snow/wudujiao/obj/woodjian'!

程式：/inherit/room/room.lpc 第 22 行
物件: /u/snow/wudujiao/bingqi
呼叫来自：/u/snow/wudujiao/bingqi.lpc 的 create() 第 28 行，物件： /u/snow/wudujiao/bingqi，地方:<none>
呼叫来自：/inherit/room/room.lpc 的 setup() 第 189 行，物件： /u/snow/wudujiao/bingqi，地方:<none>
呼叫来自：/inherit/room/room.lpc 的 reset() 第 80 行，物件： /u/snow/wudujiao/bingqi，地方:<none>
呼叫来自：/inherit/room/room.lpc 的 make_inventory() 第 22 行，物件： /u/snow/wudujiao/bingqi，地方:<none>

执行时段错误：*Wrong permissions for opening file /u/snow/log for append.
"Is a directory"

程式：/adm/obj/master.lpc 第 140 行
物件: /adm/obj/master
呼叫来自：/adm/obj/master.lpc 的 log_error() 第 140 行，物件： /adm/obj/master，地方:<none>

执行时段错误：*Wrong permissions for opening file /u/snow/log for append.
"Is a directory"

程式：/adm/obj/master.lpc 第 140 行
物件: /adm/obj/master
呼叫来自：/adm/obj/master.lpc 的 log_error() 第 140 行，物件： /adm/obj/master，地方:<none>

执行时段错误：*Wrong permissions for opening file /u/snow/log for append.
"Is a directory"

程式：/adm/obj/master.lpc 第 140 行
物件: /adm/obj/master
呼叫来自：/adm/obj/master.lpc 的 log_error() 第 140 行，物件： /adm/obj/master，地方:<none>

执行时段错误：*Wrong permissions for opening file /u/snow/log for append.
"Is a directory"

程式：/adm/obj/master.lpc 第 140 行
物件: /adm/obj/master
呼叫来自：/adm/obj/master.lpc 的 log_error() 第 140 行，物件： /adm/obj/master，地方:<none>

执行时段错误：*Wrong permissions for opening file /u/snow/log for append.
"Is a directory"

程式：/adm/obj/master.lpc 第 140 行
物件: /adm/obj/master
呼叫来自：/adm/obj/master.lpc 的 log_error() 第 140 行，物件： /adm/obj/master，地方:<none>

执行时段错误：*Wrong permissions for opening file /u/snow/log for append.
"Is a directory"

程式：/adm/obj/master.lpc 第 140 行
物件: /adm/obj/master
呼叫来自：/adm/obj/master.lpc 的 log_error() 第 140 行，物件： /adm/obj/master，地方:<none>

执行时段错误：*Wrong permissions for opening file /u/snow/log for append.
"Is a directory"

程式：/adm/obj/master.lpc 第 140 行
物件: /adm/obj/master
呼叫来自：/adm/obj/master.lpc 的 log_error() 第 140 行，物件： /adm/obj/master，地方:<none>

执行时段错误：*Wrong permissions for opening file /u/snow/log for append.
"Is a directory"

程式：/adm/obj/master.lpc 第 140 行
物件: /adm/obj/master
呼叫来自：/adm/obj/master.lpc 的 log_error() 第 140 行，物件： /adm/obj/master，地方:<none>

执行时段错误：*Wrong permissions for opening file /u/snow/log for append.
"Is a directory"

程式：/adm/obj/master.lpc 第 140 行
物件: /adm/obj/master
呼叫来自：/adm/obj/master.lpc 的 log_error() 第 140 行，物件： /adm/obj/master，地方:<none>

执行时段错误：*Wrong permissions for opening file /u/snow/log for append.
"Is a directory"

程式：/adm/obj/master.lpc 第 140 行
物件: /adm/obj/master
呼叫来自：/adm/obj/master.lpc 的 log_error() 第 140 行，物件： /adm/obj/master，地方:<none>

执行时段错误：*Wrong permissions for opening file /u/snow/log for append.
"Is a directory"

程式：/adm/obj/master.lpc 第 140 行
物件: /adm/obj/master
呼叫来自：/u/snow/wudujiao/xiangfang.lpc 的 create() 第 24 行，物件： /u/snow/wudujiao/xiangfang，地方:<none>
呼叫来自：/inherit/room/room.lpc 的 setup() 第 189 行，物件： /u/snow/wudujiao/xiangfang，地方:<none>
呼叫来自：/inherit/room/room.lpc 的 reset() 第 80 行，物件： /u/snow/wudujiao/xiangfang，地方:<none>
呼叫来自：/inherit/room/room.lpc 的 make_inventory() 第 22 行，物件： /u/snow/wudujiao/xiangfang，地方:<none>
呼叫来自：/adm/obj/master.lpc 的 log_error() 第 140 行，物件： /adm/obj/master，地方:<none>

执行时段错误：*Wrong permissions for opening file /u/snow/log for append.
"Is a directory"

程式：/adm/obj/master.lpc 第 140 行
物件: /adm/obj/master
呼叫来自：/u/snow/wudujiao/xiangfang.lpc 的 create() 第 24 行，物件： /u/snow/wudujiao/xiangfang，地方:<none>
呼叫来自：/inherit/room/room.lpc 的 setup() 第 189 行，物件： /u/snow/wudujiao/xiangfang，地方:<none>
呼叫来自：/inherit/room/room.lpc 的 reset() 第 80 行，物件： /u/snow/wudujiao/xiangfang，地方:<none>
呼叫来自：/inherit/room/room.lpc 的 make_inventory() 第 22 行，物件： /u/snow/wudujiao/xiangfang，地方:<none>
呼叫来自：/adm/obj/master.lpc 的 log_error() 第 140 行，物件： /adm/obj/master，地方:<none>

执行时段错误：*Wrong permissions for opening file /u/snow/log for append.
"Is a directory"

程式：/adm/obj/master.lpc 第 140 行
物件: /adm/obj/master
呼叫来自：/u/snow/wudujiao/xiangfang.lpc 的 create() 第 24 行，物件： /u/snow/wudujiao/xiangfang，地方:<none>
呼叫来自：/inherit/room/room.lpc 的 setup() 第 189 行，物件： /u/snow/wudujiao/xiangfang，地方:<none>
呼叫来自：/inherit/room/room.lpc 的 reset() 第 80 行，物件： /u/snow/wudujiao/xiangfang，地方:<none>
呼叫来自：/inherit/room/room.lpc 的 make_inventory() 第 22 行，物件： /u/snow/wudujiao/xiangfang，地方:<none>
呼叫来自：/adm/obj/master.lpc 的 log_error() 第 140 行，物件： /adm/obj/master，地方:<none>

执行时段错误：*No program in object '/u/snow/wudujiao/obj/zhulou'!

程式：/inherit/room/room.lpc 第 22 行
物件: /u/snow/wudujiao/xiangfang
呼叫来自：/u/snow/wudujiao/xiangfang.lpc 的 create() 第 24 行，物件： /u/snow/wudujiao/xiangfang，地方:<none>
呼叫来自：/inherit/room/room.lpc 的 setup() 第 189 行，物件： /u/snow/wudujiao/xiangfang，地方:<none>
呼叫来自：/inherit/room/room.lpc 的 reset() 第 80 行，物件： /u/snow/wudujiao/xiangfang，地方:<none>
呼叫来自：/inherit/room/room.lpc 的 make_inventory() 第 22 行，物件： /u/snow/wudujiao/xiangfang，地方:<none>

执行时段错误：*Wrong permissions for opening file /u/snow/log for append.
"Is a directory"

程式：/adm/obj/master.lpc 第 140 行
物件: /adm/obj/master
呼叫来自：/u/snow/wudujiao/minju8.lpc 的 create() 第 34 行，物件： /u/snow/wudujiao/minju8，地方:<none>
呼叫来自：/inherit/room/room.lpc 的 setup() 第 189 行，物件： /u/snow/wudujiao/minju8，地方:<none>
呼叫来自：/inherit/room/room.lpc 的 reset() 第 80 行，物件： /u/snow/wudujiao/minju8，地方:<none>
呼叫来自：/inherit/room/room.lpc 的 make_inventory() 第 22 行，物件： /u/snow/wudujiao/minju8，地方:<none>
呼叫来自：/adm/obj/master.lpc 的 log_error() 第 140 行，物件： /adm/obj/master，地方:<none>

执行时段错误：*Wrong permissions for opening file /u/snow/log for append.
"Is a directory"

程式：/adm/obj/master.lpc 第 140 行
物件: /adm/obj/master
呼叫来自：/u/snow/wudujiao/minju8.lpc 的 create() 第 34 行，物件： /u/snow/wudujiao/minju8，地方:<none>
呼叫来自：/inherit/room/room.lpc 的 setup() 第 189 行，物件： /u/snow/wudujiao/minju8，地方:<none>
呼叫来自：/inherit/room/room.lpc 的 reset() 第 80 行，物件： /u/snow/wudujiao/minju8，地方:<none>
呼叫来自：/inherit/room/room.lpc 的 make_inventory() 第 22 行，物件： /u/snow/wudujiao/minju8，地方:<none>
呼叫来自：/adm/obj/master.lpc 的 log_error() 第 140 行，物件： /adm/obj/master，地方:<none>

执行时段错误：*No program in object '/u/snow/wudujiao/obj/qhcwan'!

程式：/inherit/room/room.lpc 第 22 行
物件: /u/snow/wudujiao/minju8
呼叫来自：/u/snow/wudujiao/minju8.lpc 的 create() 第 34 行，物件： /u/snow/wudujiao/minju8，地方:<none>
呼叫来自：/inherit/room/room.lpc 的 setup() 第 189 行，物件： /u/snow/wudujiao/minju8，地方:<none>
呼叫来自：/inherit/room/room.lpc 的 reset() 第 80 行，物件： /u/snow/wudujiao/minju8，地方:<none>
呼叫来自：/inherit/room/room.lpc 的 make_inventory() 第 22 行，物件： /u/snow/wudujiao/minju8，地方:<none>

执行时段错误：*Wrong permissions for opening file /u/snow/log for append.
"Is a directory"

程式：/adm/obj/master.lpc 第 140 行
物件: /adm/obj/master
呼叫来自：/adm/obj/master.lpc 的 log_error() 第 140 行，物件： /adm/obj/master，地方:<none>

执行时段错误：*Wrong permissions for opening file /u/snow/log for append.
"Is a directory"

程式：/adm/obj/master.lpc 第 140 行
物件: /adm/obj/master
呼叫来自：/adm/obj/master.lpc 的 log_error() 第 140 行，物件： /adm/obj/master，地方:<none>

执行时段错误：*Wrong permissions for opening file /u/snow/log for append.
"Is a directory"

程式：/adm/obj/master.lpc 第 140 行
物件: /adm/obj/master
呼叫来自：/u/snow/wudujiao/wandu1.lpc 的 create() 第 27 行，物件： /u/snow/wudujiao/wandu1，地方:<none>
呼叫来自：/inherit/room/room.lpc 的 setup() 第 189 行，物件： /u/snow/wudujiao/wandu1，地方:<none>
呼叫来自：/inherit/room/room.lpc 的 reset() 第 71 行，物件： /u/snow/wudujiao/wandu1，地方:<none>
呼叫来自：/inherit/room/room.lpc 的 make_inventory() 第 22 行，物件： /u/snow/wudujiao/wandu1，地方:<none>
呼叫来自：/adm/obj/master.lpc 的 log_error() 第 140 行，物件： /adm/obj/master，地方:<none>

执行时段错误：*Wrong permissions for opening file /u/snow/log for append.
"Is a directory"

程式：/adm/obj/master.lpc 第 140 行
物件: /adm/obj/master
呼叫来自：/u/snow/wudujiao/wandu1.lpc 的 create() 第 27 行，物件： /u/snow/wudujiao/wandu1，地方:<none>
呼叫来自：/inherit/room/room.lpc 的 setup() 第 189 行，物件： /u/snow/wudujiao/wandu1，地方:<none>
呼叫来自：/inherit/room/room.lpc 的 reset() 第 71 行，物件： /u/snow/wudujiao/wandu1，地方:<none>
呼叫来自：/inherit/room/room.lpc 的 make_inventory() 第 22 行，物件： /u/snow/wudujiao/wandu1，地方:<none>
呼叫来自：/adm/obj/master.lpc 的 log_error() 第 140 行，物件： /adm/obj/master，地方:<none>

执行时段错误：*Wrong permissions for opening file /u/snow/log for append.
"Is a directory"

程式：/adm/obj/master.lpc 第 140 行
物件: /adm/obj/master
呼叫来自：/u/snow/wudujiao/wandu1.lpc 的 create() 第 27 行，物件： /u/snow/wudujiao/wandu1，地方:<none>
呼叫来自：/inherit/room/room.lpc 的 setup() 第 189 行，物件： /u/snow/wudujiao/wandu1，地方:<none>
呼叫来自：/inherit/room/room.lpc 的 reset() 第 71 行，物件： /u/snow/wudujiao/wandu1，地方:<none>
呼叫来自：/inherit/room/room.lpc 的 make_inventory() 第 22 行，物件： /u/snow/wudujiao/wandu1，地方:<none>
呼叫来自：/adm/obj/master.lpc 的 log_error() 第 140 行，物件： /adm/obj/master，地方:<none>

执行时段错误：*No program in object '/u/snow/wudujiao/npc/hehongyao'!

程式：/inherit/room/room.lpc 第 22 行
物件: /u/snow/wudujiao/wandu1
呼叫来自：/u/snow/wudujiao/wandu1.lpc 的 create() 第 27 行，物件： /u/snow/wudujiao/wandu1，地方:<none>
呼叫来自：/inherit/room/room.lpc 的 setup() 第 189 行，物件： /u/snow/wudujiao/wandu1，地方:<none>
呼叫来自：/inherit/room/room.lpc 的 reset() 第 71 行，物件： /u/snow/wudujiao/wandu1，地方:<none>
呼叫来自：/inherit/room/room.lpc 的 make_inventory() 第 22 行，物件： /u/snow/wudujiao/wandu1，地方:<none>

执行时段错误：*Wrong permissions for opening file /u/snow/log for append.
"Is a directory"

程式：/adm/obj/master.lpc 第 140 行
物件: /adm/obj/master
呼叫来自：/adm/obj/master.lpc 的 log_error() 第 140 行，物件： /adm/obj/master，地方:<none>

执行时段错误：*Wrong permissions for opening file /u/snow/log for append.
"Is a directory"

程式：/adm/obj/master.lpc 第 140 行
物件: /adm/obj/master
呼叫来自：/adm/obj/master.lpc 的 log_error() 第 140 行，物件： /adm/obj/master，地方:<none>

执行时段错误：*Wrong permissions for opening file /u/snow/log for append.
"Is a directory"

程式：/adm/obj/master.lpc 第 140 行
物件: /adm/obj/master
呼叫来自：/adm/obj/master.lpc 的 log_error() 第 140 行，物件： /adm/obj/master，地方:<none>

执行时段错误：*Wrong permissions for opening file /u/snow/log for append.
"Is a directory"

程式：/adm/obj/master.lpc 第 140 行
物件: /adm/obj/master
呼叫来自：/adm/obj/master.lpc 的 log_error() 第 140 行，物件： /adm/obj/master，地方:<none>

执行时段错误：*Wrong permissions for opening file /u/snow/log for append.
"Is a directory"

程式：/adm/obj/master.lpc 第 140 行
物件: /adm/obj/master
呼叫来自：/u/snow/wudujiao/huating1.lpc 的 create() 第 28 行，物件： /u/snow/wudujiao/huating1，地方:<none>
呼叫来自：/inherit/room/room.lpc 的 setup() 第 189 行，物件： /u/snow/wudujiao/huating1，地方:<none>
呼叫来自：/inherit/room/room.lpc 的 reset() 第 71 行，物件： /u/snow/wudujiao/huating1，地方:<none>
呼叫来自：/inherit/room/room.lpc 的 make_inventory() 第 22 行，物件： /u/snow/wudujiao/huating1，地方:<none>
呼叫来自：/adm/obj/master.lpc 的 log_error() 第 140 行，物件： /adm/obj/master，地方:<none>

执行时段错误：*Wrong permissions for opening file /u/snow/log for append.
"Is a directory"

程式：/adm/obj/master.lpc 第 140 行
物件: /adm/obj/master
呼叫来自：/u/snow/wudujiao/huating1.lpc 的 create() 第 28 行，物件： /u/snow/wudujiao/huating1，地方:<none>
呼叫来自：/inherit/room/room.lpc 的 setup() 第 189 行，物件： /u/snow/wudujiao/huating1，地方:<none>
呼叫来自：/inherit/room/room.lpc 的 reset() 第 71 行，物件： /u/snow/wudujiao/huating1，地方:<none>
呼叫来自：/inherit/room/room.lpc 的 make_inventory() 第 22 行，物件： /u/snow/wudujiao/huating1，地方:<none>
呼叫来自：/adm/obj/master.lpc 的 log_error() 第 140 行，物件： /adm/obj/master，地方:<none>

执行时段错误：*Wrong permissions for opening file /u/snow/log for append.
"Is a directory"

程式：/adm/obj/master.lpc 第 140 行
物件: /adm/obj/master
呼叫来自：/u/snow/wudujiao/huating1.lpc 的 create() 第 28 行，物件： /u/snow/wudujiao/huating1，地方:<none>
呼叫来自：/inherit/room/room.lpc 的 setup() 第 189 行，物件： /u/snow/wudujiao/huating1，地方:<none>
呼叫来自：/inherit/room/room.lpc 的 reset() 第 71 行，物件： /u/snow/wudujiao/huating1，地方:<none>
呼叫来自：/inherit/room/room.lpc 的 make_inventory() 第 22 行，物件： /u/snow/wudujiao/huating1，地方:<none>
呼叫来自：/adm/obj/master.lpc 的 log_error() 第 140 行，物件： /adm/obj/master，地方:<none>

执行时段错误：*No program in object '/u/snow/wudujiao/npc/hetieshou'!

程式：/inherit/room/room.lpc 第 22 行
物件: /u/snow/wudujiao/huating1
呼叫来自：/u/snow/wudujiao/huating1.lpc 的 create() 第 28 行，物件： /u/snow/wudujiao/huating1，地方:<none>
呼叫来自：/inherit/room/room.lpc 的 setup() 第 189 行，物件： /u/snow/wudujiao/huating1，地方:<none>
呼叫来自：/inherit/room/room.lpc 的 reset() 第 71 行，物件： /u/snow/wudujiao/huating1，地方:<none>
呼叫来自：/inherit/room/room.lpc 的 make_inventory() 第 22 行，物件： /u/snow/wudujiao/huating1，地方:<none>

执行时段错误：*Wrong permissions for opening file /u/snow/log for append.
"Is a directory"

程式：/adm/obj/master.lpc 第 140 行
物件: /adm/obj/master
呼叫来自：/u/snow/wudujiao/wandu3.lpc 的 create() 第 36 行，物件： /u/snow/wudujiao/wandu3，地方:<none>
呼叫来自：/inherit/room/room.lpc 的 setup() 第 189 行，物件： /u/snow/wudujiao/wandu3，地方:<none>
呼叫来自：/inherit/room/room.lpc 的 reset() 第 71 行，物件： /u/snow/wudujiao/wandu3，地方:<none>
呼叫来自：/inherit/room/room.lpc 的 make_inventory() 第 22 行，物件： /u/snow/wudujiao/wandu3，地方:<none>
呼叫来自：/adm/obj/master.lpc 的 log_error() 第 140 行，物件： /adm/obj/master，地方:<none>

执行时段错误：*Wrong permissions for opening file /u/snow/log for append.
"Is a directory"

程式：/adm/obj/master.lpc 第 140 行
物件: /adm/obj/master
呼叫来自：/u/snow/wudujiao/wandu3.lpc 的 create() 第 36 行，物件： /u/snow/wudujiao/wandu3，地方:<none>
呼叫来自：/inherit/room/room.lpc 的 setup() 第 189 行，物件： /u/snow/wudujiao/wandu3，地方:<none>
呼叫来自：/inherit/room/room.lpc 的 reset() 第 71 行，物件： /u/snow/wudujiao/wandu3，地方:<none>
呼叫来自：/inherit/room/room.lpc 的 make_inventory() 第 22 行，物件： /u/snow/wudujiao/wandu3，地方:<none>
呼叫来自：/adm/obj/master.lpc 的 log_error() 第 140 行，物件： /adm/obj/master，地方:<none>

执行时段错误：*No program in object '/u/snow/wudujiao/npc/wandu5'!

程式：/inherit/room/room.lpc 第 22 行
物件: /u/snow/wudujiao/wandu3
呼叫来自：/u/snow/wudujiao/wandu3.lpc 的 create() 第 36 行，物件： /u/snow/wudujiao/wandu3，地方:<none>
呼叫来自：/inherit/room/room.lpc 的 setup() 第 189 行，物件： /u/snow/wudujiao/wandu3，地方:<none>
呼叫来自：/inherit/room/room.lpc 的 reset() 第 71 行，物件： /u/snow/wudujiao/wandu3，地方:<none>
呼叫来自：/inherit/room/room.lpc 的 make_inventory() 第 22 行，物件： /u/snow/wudujiao/wandu3，地方:<none>

执行时段错误：*Wrong permissions for opening file /u/snow/log for append.
"Is a directory"

程式：/adm/obj/master.lpc 第 140 行
物件: /adm/obj/master
呼叫来自：/u/snow/wudujiao/minju9.lpc 的 create() 第 27 行，物件： /u/snow/wudujiao/minju9，地方:<none>
呼叫来自：/inherit/room/room.lpc 的 setup() 第 189 行，物件： /u/snow/wudujiao/minju9，地方:<none>
呼叫来自：/inherit/room/room.lpc 的 reset() 第 71 行，物件： /u/snow/wudujiao/minju9，地方:<none>
呼叫来自：/inherit/room/room.lpc 的 make_inventory() 第 22 行，物件： /u/snow/wudujiao/minju9，地方:<none>
呼叫来自：/adm/obj/master.lpc 的 log_error() 第 140 行，物件： /adm/obj/master，地方:<none>

执行时段错误：*Wrong permissions for opening file /u/snow/log for append.
"Is a directory"

程式：/adm/obj/master.lpc 第 140 行
物件: /adm/obj/master
呼叫来自：/u/snow/wudujiao/minju9.lpc 的 create() 第 27 行，物件： /u/snow/wudujiao/minju9，地方:<none>
呼叫来自：/inherit/room/room.lpc 的 setup() 第 189 行，物件： /u/snow/wudujiao/minju9，地方:<none>
呼叫来自：/inherit/room/room.lpc 的 reset() 第 71 行，物件： /u/snow/wudujiao/minju9，地方:<none>
呼叫来自：/inherit/room/room.lpc 的 make_inventory() 第 22 行，物件： /u/snow/wudujiao/minju9，地方:<none>
呼叫来自：/adm/obj/master.lpc 的 log_error() 第 140 行，物件： /adm/obj/master，地方:<none>

执行时段错误：*No program in object '/u/snow/wudujiao/npc/zhanglang'!

程式：/inherit/room/room.lpc 第 22 行
物件: /u/snow/wudujiao/minju9
呼叫来自：/u/snow/wudujiao/minju9.lpc 的 create() 第 27 行，物件： /u/snow/wudujiao/minju9，地方:<none>
呼叫来自：/inherit/room/room.lpc 的 setup() 第 189 行，物件： /u/snow/wudujiao/minju9，地方:<none>
呼叫来自：/inherit/room/room.lpc 的 reset() 第 71 行，物件： /u/snow/wudujiao/minju9，地方:<none>
呼叫来自：/inherit/room/room.lpc 的 make_inventory() 第 22 行，物件： /u/snow/wudujiao/minju9，地方:<none>

执行时段错误：*Wrong permissions for opening file /u/snow/log for append.
"Is a directory"

程式：/adm/obj/master.lpc 第 140 行
物件: /adm/obj/master
呼叫来自：/adm/obj/master.lpc 的 log_error() 第 140 行，物件： /adm/obj/master，地方:<none>

执行时段错误：*Wrong permissions for opening file /u/snow/log for append.
"Is a directory"

程式：/adm/obj/master.lpc 第 140 行
物件: /adm/obj/master
呼叫来自：/adm/obj/master.lpc 的 log_error() 第 140 行，物件： /adm/obj/master，地方:<none>

执行时段错误：*Wrong permissions for opening file /u/snow/log for append.
"Is a directory"

程式：/adm/obj/master.lpc 第 140 行
物件: /adm/obj/master
呼叫来自：/u/snow/wudujiao/qiandu1.lpc 的 create() 第 27 行，物件： /u/snow/wudujiao/qiandu1，地方:<none>
呼叫来自：/inherit/room/room.lpc 的 setup() 第 189 行，物件： /u/snow/wudujiao/qiandu1，地方:<none>
呼叫来自：/inherit/room/room.lpc 的 reset() 第 80 行，物件： /u/snow/wudujiao/qiandu1，地方:<none>
呼叫来自：/inherit/room/room.lpc 的 make_inventory() 第 22 行，物件： /u/snow/wudujiao/qiandu1，地方:<none>
呼叫来自：/adm/obj/master.lpc 的 log_error() 第 140 行，物件： /adm/obj/master，地方:<none>

执行时段错误：*Wrong permissions for opening file /u/snow/log for append.
"Is a directory"

程式：/adm/obj/master.lpc 第 140 行
物件: /adm/obj/master
呼叫来自：/u/snow/wudujiao/qiandu1.lpc 的 create() 第 27 行，物件： /u/snow/wudujiao/qiandu1，地方:<none>
呼叫来自：/inherit/room/room.lpc 的 setup() 第 189 行，物件： /u/snow/wudujiao/qiandu1，地方:<none>
呼叫来自：/inherit/room/room.lpc 的 reset() 第 80 行，物件： /u/snow/wudujiao/qiandu1，地方:<none>
呼叫来自：/inherit/room/room.lpc 的 make_inventory() 第 22 行，物件： /u/snow/wudujiao/qiandu1，地方:<none>
呼叫来自：/adm/obj/master.lpc 的 log_error() 第 140 行，物件： /adm/obj/master，地方:<none>

执行时段错误：*No program in object '/u/snow/wudujiao/npc/dizi'!

程式：/inherit/room/room.lpc 第 22 行
物件: /u/snow/wudujiao/qiandu1
呼叫来自：/u/snow/wudujiao/qiandu1.lpc 的 create() 第 27 行，物件： /u/snow/wudujiao/qiandu1，地方:<none>
呼叫来自：/inherit/room/room.lpc 的 setup() 第 189 行，物件： /u/snow/wudujiao/qiandu1，地方:<none>
呼叫来自：/inherit/room/room.lpc 的 reset() 第 80 行，物件： /u/snow/wudujiao/qiandu1，地方:<none>
呼叫来自：/inherit/room/room.lpc 的 make_inventory() 第 22 行，物件： /u/snow/wudujiao/qiandu1，地方:<none>

执行时段错误：*Wrong permissions for opening file /u/snow/log for append.
"Is a directory"

程式：/adm/obj/master.lpc 第 140 行
物件: /adm/obj/master
呼叫来自：/u/snow/wudujiao/huxue1.lpc 的 create() 第 26 行，物件： /u/snow/wudujiao/huxue1，地方:<none>
呼叫来自：/inherit/room/room.lpc 的 setup() 第 189 行，物件： /u/snow/wudujiao/huxue1，地方:<none>
呼叫来自：/inherit/room/room.lpc 的 reset() 第 80 行，物件： /u/snow/wudujiao/huxue1，地方:<none>
呼叫来自：/inherit/room/room.lpc 的 make_inventory() 第 22 行，物件： /u/snow/wudujiao/huxue1，地方:<none>
呼叫来自：/adm/obj/master.lpc 的 log_error() 第 140 行，物件： /adm/obj/master，地方:<none>

执行时段错误：*Wrong permissions for opening file /u/snow/log for append.
"Is a directory"

程式：/adm/obj/master.lpc 第 140 行
物件: /adm/obj/master
呼叫来自：/u/snow/wudujiao/huxue1.lpc 的 create() 第 26 行，物件： /u/snow/wudujiao/huxue1，地方:<none>
呼叫来自：/inherit/room/room.lpc 的 setup() 第 189 行，物件： /u/snow/wudujiao/huxue1，地方:<none>
呼叫来自：/inherit/room/room.lpc 的 reset() 第 80 行，物件： /u/snow/wudujiao/huxue1，地方:<none>
呼叫来自：/inherit/room/room.lpc 的 make_inventory() 第 22 行，物件： /u/snow/wudujiao/huxue1，地方:<none>
呼叫来自：/adm/obj/master.lpc 的 log_error() 第 140 行，物件： /adm/obj/master，地方:<none>

执行时段错误：*No program in object '/u/snow/wudujiao/npc/laohu'!

程式：/inherit/room/room.lpc 第 22 行
物件: /u/snow/wudujiao/huxue1
呼叫来自：/u/snow/wudujiao/huxue1.lpc 的 create() 第 26 行，物件： /u/snow/wudujiao/huxue1，地方:<none>
呼叫来自：/inherit/room/room.lpc 的 setup() 第 189 行，物件： /u/snow/wudujiao/huxue1，地方:<none>
呼叫来自：/inherit/room/room.lpc 的 reset() 第 80 行，物件： /u/snow/wudujiao/huxue1，地方:<none>
呼叫来自：/inherit/room/room.lpc 的 make_inventory() 第 22 行，物件： /u/snow/wudujiao/huxue1，地方:<none>

执行时段错误：*Wrong permissions for opening file /u/snow/log for append.
"Is a directory"

程式：/adm/obj/master.lpc 第 140 行
物件: /adm/obj/master
呼叫来自：/u/snow/wudujiao/minju2.lpc 的 create() 第 28 行，物件： /u/snow/wudujiao/minju2，地方:<none>
呼叫来自：/inherit/room/room.lpc 的 setup() 第 189 行，物件： /u/snow/wudujiao/minju2，地方:<none>
呼叫来自：/inherit/room/room.lpc 的 reset() 第 80 行，物件： /u/snow/wudujiao/minju2，地方:<none>
呼叫来自：/inherit/room/room.lpc 的 make_inventory() 第 22 行，物件： /u/snow/wudujiao/minju2，地方:<none>
呼叫来自：/adm/obj/master.lpc 的 log_error() 第 140 行，物件： /adm/obj/master，地方:<none>

执行时段错误：*Wrong permissions for opening file /u/snow/log for append.
"Is a directory"

程式：/adm/obj/master.lpc 第 140 行
物件: /adm/obj/master
呼叫来自：/u/snow/wudujiao/minju2.lpc 的 create() 第 28 行，物件： /u/snow/wudujiao/minju2，地方:<none>
呼叫来自：/inherit/room/room.lpc 的 setup() 第 189 行，物件： /u/snow/wudujiao/minju2，地方:<none>
呼叫来自：/inherit/room/room.lpc 的 reset() 第 80 行，物件： /u/snow/wudujiao/minju2，地方:<none>
呼叫来自：/inherit/room/room.lpc 的 make_inventory() 第 22 行，物件： /u/snow/wudujiao/minju2，地方:<none>
呼叫来自：/adm/obj/master.lpc 的 log_error() 第 140 行，物件： /adm/obj/master，地方:<none>

执行时段错误：*No program in object '/u/snow/wudujiao/npc/cunfu'!

程式：/inherit/room/room.lpc 第 22 行
物件: /u/snow/wudujiao/minju2
呼叫来自：/u/snow/wudujiao/minju2.lpc 的 create() 第 28 行，物件： /u/snow/wudujiao/minju2，地方:<none>
呼叫来自：/inherit/room/room.lpc 的 setup() 第 189 行，物件： /u/snow/wudujiao/minju2，地方:<none>
呼叫来自：/inherit/room/room.lpc 的 reset() 第 80 行，物件： /u/snow/wudujiao/minju2，地方:<none>
呼叫来自：/inherit/room/room.lpc 的 make_inventory() 第 22 行，物件： /u/snow/wudujiao/minju2，地方:<none>

执行时段错误：*Wrong permissions for opening file /u/snow/log for append.
"Is a directory"

程式：/adm/obj/master.lpc 第 140 行
物件: /adm/obj/master
呼叫来自：/u/snow/wudujiao/wandu2.lpc 的 create() 第 34 行，物件： /u/snow/wudujiao/wandu2，地方:<none>
呼叫来自：/inherit/room/room.lpc 的 setup() 第 189 行，物件： /u/snow/wudujiao/wandu2，地方:<none>
呼叫来自：/inherit/room/room.lpc 的 reset() 第 71 行，物件： /u/snow/wudujiao/wandu2，地方:<none>
呼叫来自：/inherit/room/room.lpc 的 make_inventory() 第 22 行，物件： /u/snow/wudujiao/wandu2，地方:<none>
呼叫来自：/adm/obj/master.lpc 的 log_error() 第 140 行，物件： /adm/obj/master，地方:<none>

执行时段错误：*Wrong permissions for opening file /u/snow/log for append.
"Is a directory"

程式：/adm/obj/master.lpc 第 140 行
物件: /adm/obj/master
呼叫来自：/u/snow/wudujiao/wandu2.lpc 的 create() 第 34 行，物件： /u/snow/wudujiao/wandu2，地方:<none>
呼叫来自：/inherit/room/room.lpc 的 setup() 第 189 行，物件： /u/snow/wudujiao/wandu2，地方:<none>
呼叫来自：/inherit/room/room.lpc 的 reset() 第 71 行，物件： /u/snow/wudujiao/wandu2，地方:<none>
呼叫来自：/inherit/room/room.lpc 的 make_inventory() 第 22 行，物件： /u/snow/wudujiao/wandu2，地方:<none>
呼叫来自：/adm/obj/master.lpc 的 log_error() 第 140 行，物件： /adm/obj/master，地方:<none>

执行时段错误：*No program in object '/u/snow/wudujiao/npc/wandu5'!

程式：/inherit/room/room.lpc 第 22 行
物件: /u/snow/wudujiao/wandu2
呼叫来自：/u/snow/wudujiao/wandu2.lpc 的 create() 第 34 行，物件： /u/snow/wudujiao/wandu2，地方:<none>
呼叫来自：/inherit/room/room.lpc 的 setup() 第 189 行，物件： /u/snow/wudujiao/wandu2，地方:<none>
呼叫来自：/inherit/room/room.lpc 的 reset() 第 71 行，物件： /u/snow/wudujiao/wandu2，地方:<none>
呼叫来自：/inherit/room/room.lpc 的 make_inventory() 第 22 行，物件： /u/snow/wudujiao/wandu2，地方:<none>

执行时段错误：*Wrong permissions for opening file /u/snow/log for append.
"Is a directory"

程式：/adm/obj/master.lpc 第 140 行
物件: /adm/obj/master
呼叫来自：/u/snow/wudujiao/shanlu3.lpc 的 create() 第 25 行，物件： /u/snow/wudujiao/shanlu3，地方:<none>
呼叫来自：/inherit/room/room.lpc 的 setup() 第 189 行，物件： /u/snow/wudujiao/shanlu3，地方:<none>
呼叫来自：/inherit/room/room.lpc 的 reset() 第 80 行，物件： /u/snow/wudujiao/shanlu3，地方:<none>
呼叫来自：/inherit/room/room.lpc 的 make_inventory() 第 22 行，物件： /u/snow/wudujiao/shanlu3，地方:<none>
呼叫来自：/adm/obj/master.lpc 的 log_error() 第 140 行，物件： /adm/obj/master，地方:<none>

执行时段错误：*Wrong permissions for opening file /u/snow/log for append.
"Is a directory"

程式：/adm/obj/master.lpc 第 140 行
物件: /adm/obj/master
呼叫来自：/u/snow/wudujiao/shanlu3.lpc 的 create() 第 25 行，物件： /u/snow/wudujiao/shanlu3，地方:<none>
呼叫来自：/inherit/room/room.lpc 的 setup() 第 189 行，物件： /u/snow/wudujiao/shanlu3，地方:<none>
呼叫来自：/inherit/room/room.lpc 的 reset() 第 80 行，物件： /u/snow/wudujiao/shanlu3，地方:<none>
呼叫来自：/inherit/room/room.lpc 的 make_inventory() 第 22 行，物件： /u/snow/wudujiao/shanlu3，地方:<none>
呼叫来自：/adm/obj/master.lpc 的 log_error() 第 140 行，物件： /adm/obj/master，地方:<none>

执行时段错误：*Wrong permissions for opening file /u/snow/log for append.
"Is a directory"

程式：/adm/obj/master.lpc 第 140 行
物件: /adm/obj/master
呼叫来自：/u/snow/wudujiao/shanlu3.lpc 的 create() 第 25 行，物件： /u/snow/wudujiao/shanlu3，地方:<none>
呼叫来自：/inherit/room/room.lpc 的 setup() 第 189 行，物件： /u/snow/wudujiao/shanlu3，地方:<none>
呼叫来自：/inherit/room/room.lpc 的 reset() 第 80 行，物件： /u/snow/wudujiao/shanlu3，地方:<none>
呼叫来自：/inherit/room/room.lpc 的 make_inventory() 第 22 行，物件： /u/snow/wudujiao/shanlu3，地方:<none>
呼叫来自：/adm/obj/master.lpc 的 log_error() 第 140 行，物件： /adm/obj/master，地方:<none>

执行时段错误：*No program in object '/u/snow/wudujiao/npc/qiaofu'!

程式：/inherit/room/room.lpc 第 22 行
物件: /u/snow/wudujiao/shanlu3
呼叫来自：/u/snow/wudujiao/shanlu3.lpc 的 create() 第 25 行，物件： /u/snow/wudujiao/shanlu3，地方:<none>
呼叫来自：/inherit/room/room.lpc 的 setup() 第 189 行，物件： /u/snow/wudujiao/shanlu3，地方:<none>
呼叫来自：/inherit/room/room.lpc 的 reset() 第 80 行，物件： /u/snow/wudujiao/shanlu3，地方:<none>
呼叫来自：/inherit/room/room.lpc 的 make_inventory() 第 22 行，物件： /u/snow/wudujiao/shanlu3，地方:<none>

执行时段错误：*Wrong permissions for opening file /u/snow/log for append.
"Is a directory"

程式：/adm/obj/master.lpc 第 140 行
物件: /adm/obj/master
呼叫来自：/u/snow/wudujiao/tree.lpc 的 create() 第 28 行，物件： /u/snow/wudujiao/tree，地方:<none>
呼叫来自：/inherit/room/room.lpc 的 setup() 第 189 行，物件： /u/snow/wudujiao/tree，地方:<none>
呼叫来自：/inherit/room/room.lpc 的 reset() 第 71 行，物件： /u/snow/wudujiao/tree，地方:<none>
呼叫来自：/inherit/room/room.lpc 的 make_inventory() 第 22 行，物件： /u/snow/wudujiao/tree，地方:<none>
呼叫来自：/adm/obj/master.lpc 的 log_error() 第 140 行，物件： /adm/obj/master，地方:<none>

执行时段错误：*Wrong permissions for opening file /u/snow/log for append.
"Is a directory"

程式：/adm/obj/master.lpc 第 140 行
物件: /adm/obj/master
呼叫来自：/u/snow/wudujiao/tree.lpc 的 create() 第 28 行，物件： /u/snow/wudujiao/tree，地方:<none>
呼叫来自：/inherit/room/room.lpc 的 setup() 第 189 行，物件： /u/snow/wudujiao/tree，地方:<none>
呼叫来自：/inherit/room/room.lpc 的 reset() 第 71 行，物件： /u/snow/wudujiao/tree，地方:<none>
呼叫来自：/inherit/room/room.lpc 的 make_inventory() 第 22 行，物件： /u/snow/wudujiao/tree，地方:<none>
呼叫来自：/adm/obj/master.lpc 的 log_error() 第 140 行，物件： /adm/obj/master，地方:<none>

执行时段错误：*Wrong permissions for opening file /u/snow/log for append.
"Is a directory"

程式：/adm/obj/master.lpc 第 140 行
物件: /adm/obj/master
呼叫来自：/u/snow/wudujiao/tree.lpc 的 create() 第 28 行，物件： /u/snow/wudujiao/tree，地方:<none>
呼叫来自：/inherit/room/room.lpc 的 setup() 第 189 行，物件： /u/snow/wudujiao/tree，地方:<none>
呼叫来自：/inherit/room/room.lpc 的 reset() 第 71 行，物件： /u/snow/wudujiao/tree，地方:<none>
呼叫来自：/inherit/room/room.lpc 的 make_inventory() 第 22 行，物件： /u/snow/wudujiao/tree，地方:<none>
呼叫来自：/adm/obj/master.lpc 的 log_error() 第 140 行，物件： /adm/obj/master，地方:<none>

执行时段错误：*No program in object '/u/snow/wudujiao/obj/xiang'!

程式：/inherit/room/room.lpc 第 22 行
物件: /u/snow/wudujiao/tree
呼叫来自：/u/snow/wudujiao/tree.lpc 的 create() 第 28 行，物件： /u/snow/wudujiao/tree，地方:<none>
呼叫来自：/inherit/room/room.lpc 的 setup() 第 189 行，物件： /u/snow/wudujiao/tree，地方:<none>
呼叫来自：/inherit/room/room.lpc 的 reset() 第 71 行，物件： /u/snow/wudujiao/tree，地方:<none>
呼叫来自：/inherit/room/room.lpc 的 make_inventory() 第 22 行，物件： /u/snow/wudujiao/tree，地方:<none>

执行时段错误：*Wrong permissions for opening file /u/snow/log for append.
"Is a directory"

程式：/adm/obj/master.lpc 第 140 行
物件: /adm/obj/master
呼叫来自：/u/snow/wudujiao/minju3.lpc 的 create() 第 27 行，物件： /u/snow/wudujiao/minju3，地方:<none>
呼叫来自：/inherit/room/room.lpc 的 setup() 第 189 行，物件： /u/snow/wudujiao/minju3，地方:<none>
呼叫来自：/inherit/room/room.lpc 的 reset() 第 71 行，物件： /u/snow/wudujiao/minju3，地方:<none>
呼叫来自：/inherit/room/room.lpc 的 make_inventory() 第 22 行，物件： /u/snow/wudujiao/minju3，地方:<none>
呼叫来自：/adm/obj/master.lpc 的 log_error() 第 140 行，物件： /adm/obj/master，地方:<none>

执行时段错误：*Wrong permissions for opening file /u/snow/log for append.
"Is a directory"

程式：/adm/obj/master.lpc 第 140 行
物件: /adm/obj/master
呼叫来自：/u/snow/wudujiao/minju3.lpc 的 create() 第 27 行，物件： /u/snow/wudujiao/minju3，地方:<none>
呼叫来自：/inherit/room/room.lpc 的 setup() 第 189 行，物件： /u/snow/wudujiao/minju3，地方:<none>
呼叫来自：/inherit/room/room.lpc 的 reset() 第 71 行，物件： /u/snow/wudujiao/minju3，地方:<none>
呼叫来自：/inherit/room/room.lpc 的 make_inventory() 第 22 行，物件： /u/snow/wudujiao/minju3，地方:<none>
呼叫来自：/adm/obj/master.lpc 的 log_error() 第 140 行，物件： /adm/obj/master，地方:<none>

执行时段错误：*No program in object '/u/snow/wudujiao/npc/cuilan'!

程式：/inherit/room/room.lpc 第 22 行
物件: /u/snow/wudujiao/minju3
呼叫来自：/u/snow/wudujiao/minju3.lpc 的 create() 第 27 行，物件： /u/snow/wudujiao/minju3，地方:<none>
呼叫来自：/inherit/room/room.lpc 的 setup() 第 189 行，物件： /u/snow/wudujiao/minju3，地方:<none>
呼叫来自：/inherit/room/room.lpc 的 reset() 第 71 行，物件： /u/snow/wudujiao/minju3，地方:<none>
呼叫来自：/inherit/room/room.lpc 的 make_inventory() 第 22 行，物件： /u/snow/wudujiao/minju3，地方:<none>

执行时段错误：*Wrong permissions for opening file /u/snow/log for append.
"Is a directory"

程式：/adm/obj/master.lpc 第 140 行
物件: /adm/obj/master
呼叫来自：/u/snow/wudujiao/yaoshi.lpc 的 create() 第 43 行，物件： /u/snow/wudujiao/yaoshi，地方:<none>
呼叫来自：/inherit/room/room.lpc 的 setup() 第 189 行，物件： /u/snow/wudujiao/yaoshi，地方:<none>
呼叫来自：/inherit/room/room.lpc 的 reset() 第 80 行，物件： /u/snow/wudujiao/yaoshi，地方:<none>
呼叫来自：/inherit/room/room.lpc 的 make_inventory() 第 22 行，物件： /u/snow/wudujiao/yaoshi，地方:<none>
呼叫来自：/adm/obj/master.lpc 的 log_error() 第 140 行，物件： /adm/obj/master，地方:<none>

执行时段错误：*Wrong permissions for opening file /u/snow/log for append.
"Is a directory"

程式：/adm/obj/master.lpc 第 140 行
物件: /adm/obj/master
呼叫来自：/u/snow/wudujiao/yaoshi.lpc 的 create() 第 43 行，物件： /u/snow/wudujiao/yaoshi，地方:<none>
呼叫来自：/inherit/room/room.lpc 的 setup() 第 189 行，物件： /u/snow/wudujiao/yaoshi，地方:<none>
呼叫来自：/inherit/room/room.lpc 的 reset() 第 80 行，物件： /u/snow/wudujiao/yaoshi，地方:<none>
呼叫来自：/inherit/room/room.lpc 的 make_inventory() 第 22 行，物件： /u/snow/wudujiao/yaoshi，地方:<none>
呼叫来自：/adm/obj/master.lpc 的 log_error() 第 140 行，物件： /adm/obj/master，地方:<none>

执行时段错误：*Wrong permissions for opening file /u/snow/log for append.
"Is a directory"

程式：/adm/obj/master.lpc 第 140 行
物件: /adm/obj/master
呼叫来自：/u/snow/wudujiao/yaoshi.lpc 的 create() 第 43 行，物件： /u/snow/wudujiao/yaoshi，地方:<none>
呼叫来自：/inherit/room/room.lpc 的 setup() 第 189 行，物件： /u/snow/wudujiao/yaoshi，地方:<none>
呼叫来自：/inherit/room/room.lpc 的 reset() 第 80 行，物件： /u/snow/wudujiao/yaoshi，地方:<none>
呼叫来自：/inherit/room/room.lpc 的 make_inventory() 第 22 行，物件： /u/snow/wudujiao/yaoshi，地方:<none>
呼叫来自：/adm/obj/master.lpc 的 log_error() 第 140 行，物件： /adm/obj/master，地方:<none>

执行时段错误：*No program in object '/u/snow/wudujiao/obj/zhulou'!

程式：/inherit/room/room.lpc 第 22 行
物件: /u/snow/wudujiao/yaoshi
呼叫来自：/u/snow/wudujiao/yaoshi.lpc 的 create() 第 43 行，物件： /u/snow/wudujiao/yaoshi，地方:<none>
呼叫来自：/inherit/room/room.lpc 的 setup() 第 189 行，物件： /u/snow/wudujiao/yaoshi，地方:<none>
呼叫来自：/inherit/room/room.lpc 的 reset() 第 80 行，物件： /u/snow/wudujiao/yaoshi，地方:<none>
呼叫来自：/inherit/room/room.lpc 的 make_inventory() 第 22 行，物件： /u/snow/wudujiao/yaoshi，地方:<none>

执行时段错误：*Wrong permissions for opening file /u/snow/log for append.
"Is a directory"

程式：/adm/obj/master.lpc 第 140 行
物件: /adm/obj/master
呼叫来自：/u/snow/wudujiao/minju6.lpc 的 create() 第 27 行，物件： /u/snow/wudujiao/minju6，地方:<none>
呼叫来自：/inherit/room/room.lpc 的 setup() 第 189 行，物件： /u/snow/wudujiao/minju6，地方:<none>
呼叫来自：/inherit/room/room.lpc 的 reset() 第 71 行，物件： /u/snow/wudujiao/minju6，地方:<none>
呼叫来自：/inherit/room/room.lpc 的 make_inventory() 第 22 行，物件： /u/snow/wudujiao/minju6，地方:<none>
呼叫来自：/adm/obj/master.lpc 的 log_error() 第 140 行，物件： /adm/obj/master，地方:<none>

执行时段错误：*Wrong permissions for opening file /u/snow/log for append.
"Is a directory"

程式：/adm/obj/master.lpc 第 140 行
物件: /adm/obj/master
呼叫来自：/u/snow/wudujiao/minju6.lpc 的 create() 第 27 行，物件： /u/snow/wudujiao/minju6，地方:<none>
呼叫来自：/inherit/room/room.lpc 的 setup() 第 189 行，物件： /u/snow/wudujiao/minju6，地方:<none>
呼叫来自：/inherit/room/room.lpc 的 reset() 第 71 行，物件： /u/snow/wudujiao/minju6，地方:<none>
呼叫来自：/inherit/room/room.lpc 的 make_inventory() 第 22 行，物件： /u/snow/wudujiao/minju6，地方:<none>
呼叫来自：/adm/obj/master.lpc 的 log_error() 第 140 行，物件： /adm/obj/master，地方:<none>

执行时段错误：*No program in object '/u/snow/wudujiao/npc/girl'!

程式：/inherit/room/room.lpc 第 22 行
物件: /u/snow/wudujiao/minju6
呼叫来自：/u/snow/wudujiao/minju6.lpc 的 create() 第 27 行，物件： /u/snow/wudujiao/minju6，地方:<none>
呼叫来自：/inherit/room/room.lpc 的 setup() 第 189 行，物件： /u/snow/wudujiao/minju6，地方:<none>
呼叫来自：/inherit/room/room.lpc 的 reset() 第 71 行，物件： /u/snow/wudujiao/minju6，地方:<none>
呼叫来自：/inherit/room/room.lpc 的 make_inventory() 第 22 行，物件： /u/snow/wudujiao/minju6，地方:<none>

执行时段错误：*Wrong permissions for opening file /u/snow/log for append.
"Is a directory"

程式：/adm/obj/master.lpc 第 140 行
物件: /adm/obj/master
呼叫来自：/u/snow/wudujiao/lianwu.lpc 的 create() 第 27 行，物件： /u/snow/wudujiao/lianwu，地方:<none>
呼叫来自：/inherit/room/room.lpc 的 setup() 第 189 行，物件： /u/snow/wudujiao/lianwu，地方:<none>
呼叫来自：/inherit/room/room.lpc 的 reset() 第 71 行，物件： /u/snow/wudujiao/lianwu，地方:<none>
呼叫来自：/inherit/room/room.lpc 的 make_inventory() 第 22 行，物件： /u/snow/wudujiao/lianwu，地方:<none>
呼叫来自：/adm/obj/master.lpc 的 log_error() 第 140 行，物件： /adm/obj/master，地方:<none>

执行时段错误：*Wrong permissions for opening file /u/snow/log for append.
"Is a directory"

程式：/adm/obj/master.lpc 第 140 行
物件: /adm/obj/master
呼叫来自：/u/snow/wudujiao/lianwu.lpc 的 create() 第 27 行，物件： /u/snow/wudujiao/lianwu，地方:<none>
呼叫来自：/inherit/room/room.lpc 的 setup() 第 189 行，物件： /u/snow/wudujiao/lianwu，地方:<none>
呼叫来自：/inherit/room/room.lpc 的 reset() 第 71 行，物件： /u/snow/wudujiao/lianwu，地方:<none>
呼叫来自：/inherit/room/room.lpc 的 make_inventory() 第 22 行，物件： /u/snow/wudujiao/lianwu，地方:<none>
呼叫来自：/adm/obj/master.lpc 的 log_error() 第 140 行，物件： /adm/obj/master，地方:<none>

执行时段错误：*Wrong permissions for opening file /u/snow/log for append.
"Is a directory"

程式：/adm/obj/master.lpc 第 140 行
物件: /adm/obj/master
呼叫来自：/u/snow/wudujiao/lianwu.lpc 的 create() 第 27 行，物件： /u/snow/wudujiao/lianwu，地方:<none>
呼叫来自：/inherit/room/room.lpc 的 setup() 第 189 行，物件： /u/snow/wudujiao/lianwu，地方:<none>
呼叫来自：/inherit/room/room.lpc 的 reset() 第 71 行，物件： /u/snow/wudujiao/lianwu，地方:<none>
呼叫来自：/inherit/room/room.lpc 的 make_inventory() 第 22 行，物件： /u/snow/wudujiao/lianwu，地方:<none>
呼叫来自：/adm/obj/master.lpc 的 log_error() 第 140 行，物件： /adm/obj/master，地方:<none>

执行时段错误：*No program in object '/u/snow/wudujiao/npc/jiaotou'!

程式：/inherit/room/room.lpc 第 22 行
物件: /u/snow/wudujiao/lianwu
呼叫来自：/u/snow/wudujiao/lianwu.lpc 的 create() 第 27 行，物件： /u/snow/wudujiao/lianwu，地方:<none>
呼叫来自：/inherit/room/room.lpc 的 setup() 第 189 行，物件： /u/snow/wudujiao/lianwu，地方:<none>
呼叫来自：/inherit/room/room.lpc 的 reset() 第 71 行，物件： /u/snow/wudujiao/lianwu，地方:<none>
呼叫来自：/inherit/room/room.lpc 的 make_inventory() 第 22 行，物件： /u/snow/wudujiao/lianwu，地方:<none>

执行时段错误：*Wrong permissions for opening file /u/snow/log for append.
"Is a directory"

程式：/adm/obj/master.lpc 第 140 行
物件: /adm/obj/master
呼叫来自：/adm/obj/master.lpc 的 log_error() 第 140 行，物件： /adm/obj/master，地方:<none>

执行时段错误：*Wrong permissions for opening file /u/snow/log for append.
"Is a directory"

程式：/adm/obj/master.lpc 第 140 行
物件: /adm/obj/master
呼叫来自：/adm/obj/master.lpc 的 log_error() 第 140 行，物件： /adm/obj/master，地方:<none>

执行时段错误：*Wrong permissions for opening file /u/snow/log for append.
"Is a directory"

程式：/adm/obj/master.lpc 第 140 行
物件: /adm/obj/master
呼叫来自：/u/snow/wudujiao/dating.lpc 的 create() 第 33 行，物件： /u/snow/wudujiao/dating，地方:<none>
呼叫来自：/inherit/room/room.lpc 的 setup() 第 189 行，物件： /u/snow/wudujiao/dating，地方:<none>
呼叫来自：/inherit/room/room.lpc 的 reset() 第 71 行，物件： /u/snow/wudujiao/dating，地方:<none>
呼叫来自：/inherit/room/room.lpc 的 make_inventory() 第 22 行，物件： /u/snow/wudujiao/dating，地方:<none>
呼叫来自：/adm/obj/master.lpc 的 log_error() 第 140 行，物件： /adm/obj/master，地方:<none>

执行时段错误：*Wrong permissions for opening file /u/snow/log for append.
"Is a directory"

程式：/adm/obj/master.lpc 第 140 行
物件: /adm/obj/master
呼叫来自：/u/snow/wudujiao/dating.lpc 的 create() 第 33 行，物件： /u/snow/wudujiao/dating，地方:<none>
呼叫来自：/inherit/room/room.lpc 的 setup() 第 189 行，物件： /u/snow/wudujiao/dating，地方:<none>
呼叫来自：/inherit/room/room.lpc 的 reset() 第 71 行，物件： /u/snow/wudujiao/dating，地方:<none>
呼叫来自：/inherit/room/room.lpc 的 make_inventory() 第 22 行，物件： /u/snow/wudujiao/dating，地方:<none>
呼叫来自：/adm/obj/master.lpc 的 log_error() 第 140 行，物件： /adm/obj/master，地方:<none>

执行时段错误：*Wrong permissions for opening file /u/snow/log for append.
"Is a directory"

程式：/adm/obj/master.lpc 第 140 行
物件: /adm/obj/master
呼叫来自：/u/snow/wudujiao/dating.lpc 的 create() 第 33 行，物件： /u/snow/wudujiao/dating，地方:<none>
呼叫来自：/inherit/room/room.lpc 的 setup() 第 189 行，物件： /u/snow/wudujiao/dating，地方:<none>
呼叫来自：/inherit/room/room.lpc 的 reset() 第 71 行，物件： /u/snow/wudujiao/dating，地方:<none>
呼叫来自：/inherit/room/room.lpc 的 make_inventory() 第 22 行，物件： /u/snow/wudujiao/dating，地方:<none>
呼叫来自：/adm/obj/master.lpc 的 log_error() 第 140 行，物件： /adm/obj/master，地方:<none>

执行时段错误：*No program in object '/u/snow/wudujiao/npc/cenqisi'!

程式：/inherit/room/room.lpc 第 22 行
物件: /u/snow/wudujiao/dating
呼叫来自：/u/snow/wudujiao/dating.lpc 的 create() 第 33 行，物件： /u/snow/wudujiao/dating，地方:<none>
呼叫来自：/inherit/room/room.lpc 的 setup() 第 189 行，物件： /u/snow/wudujiao/dating，地方:<none>
呼叫来自：/inherit/room/room.lpc 的 reset() 第 71 行，物件： /u/snow/wudujiao/dating，地方:<none>
呼叫来自：/inherit/room/room.lpc 的 make_inventory() 第 22 行，物件： /u/snow/wudujiao/dating，地方:<none>

执行时段错误：*Wrong permissions for opening file /u/snow/log for append.
"Is a directory"

程式：/adm/obj/master.lpc 第 140 行
物件: /adm/obj/master
呼叫来自：/adm/obj/master.lpc 的 log_error() 第 140 行，物件： /adm/obj/master，地方:<none>

执行时段错误：*Wrong permissions for opening file /u/snow/log for append.
"Is a directory"

程式：/adm/obj/master.lpc 第 140 行
物件: /adm/obj/master
呼叫来自：/u/snow/wudujiao/nanyuan.lpc 的 create() 第 26 行，物件： /u/snow/wudujiao/nanyuan，地方:<none>
呼叫来自：/inherit/room/room.lpc 的 setup() 第 189 行，物件： /u/snow/wudujiao/nanyuan，地方:<none>
呼叫来自：/inherit/room/room.lpc 的 reset() 第 80 行，物件： /u/snow/wudujiao/nanyuan，地方:<none>
呼叫来自：/inherit/room/room.lpc 的 make_inventory() 第 22 行，物件： /u/snow/wudujiao/nanyuan，地方:<none>
呼叫来自：/adm/obj/master.lpc 的 log_error() 第 140 行，物件： /adm/obj/master，地方:<none>

执行时段错误：*Wrong permissions for opening file /u/snow/log for append.
"Is a directory"

程式：/adm/obj/master.lpc 第 140 行
物件: /adm/obj/master
呼叫来自：/u/snow/wudujiao/nanyuan.lpc 的 create() 第 26 行，物件： /u/snow/wudujiao/nanyuan，地方:<none>
呼叫来自：/inherit/room/room.lpc 的 setup() 第 189 行，物件： /u/snow/wudujiao/nanyuan，地方:<none>
呼叫来自：/inherit/room/room.lpc 的 reset() 第 80 行，物件： /u/snow/wudujiao/nanyuan，地方:<none>
呼叫来自：/inherit/room/room.lpc 的 make_inventory() 第 22 行，物件： /u/snow/wudujiao/nanyuan，地方:<none>
呼叫来自：/adm/obj/master.lpc 的 log_error() 第 140 行，物件： /adm/obj/master，地方:<none>

执行时段错误：*No program in object '/u/snow/wudujiao/npc/zangao'!

程式：/inherit/room/room.lpc 第 22 行
物件: /u/snow/wudujiao/nanyuan
呼叫来自：/u/snow/wudujiao/nanyuan.lpc 的 create() 第 26 行，物件： /u/snow/wudujiao/nanyuan，地方:<none>
呼叫来自：/inherit/room/room.lpc 的 setup() 第 189 行，物件： /u/snow/wudujiao/nanyuan，地方:<none>
呼叫来自：/inherit/room/room.lpc 的 reset() 第 80 行，物件： /u/snow/wudujiao/nanyuan，地方:<none>
呼叫来自：/inherit/room/room.lpc 的 make_inventory() 第 22 行，物件： /u/snow/wudujiao/nanyuan，地方:<none>

执行时段错误：*Wrong permissions for opening file /u/snow/log for append.
"Is a directory"

程式：/adm/obj/master.lpc 第 140 行
物件: /adm/obj/master
呼叫来自：/adm/obj/master.lpc 的 log_error() 第 140 行，物件： /adm/obj/master，地方:<none>

执行时段错误：*Wrong permissions for opening file /u/snow/log for append.
"Is a directory"

程式：/adm/obj/master.lpc 第 140 行
物件: /adm/obj/master
呼叫来自：/adm/obj/master.lpc 的 log_error() 第 140 行，物件： /adm/obj/master，地方:<none>

执行时段错误：*Wrong permissions for opening file /u/snow/log for append.
"Is a directory"

程式：/adm/obj/master.lpc 第 140 行
物件: /adm/obj/master
呼叫来自：/adm/obj/master.lpc 的 log_error() 第 140 行，物件： /adm/obj/master，地方:<none>

执行时段错误：*Wrong permissions for opening file /u/snow/log for append.
"Is a directory"

程式：/adm/obj/master.lpc 第 140 行
物件: /adm/obj/master
呼叫来自：/adm/obj/master.lpc 的 log_error() 第 140 行，物件： /adm/obj/master，地方:<none>

执行时段错误：*Wrong permissions for opening file /u/snow/log for append.
"Is a directory"

程式：/adm/obj/master.lpc 第 140 行
物件: /adm/obj/master
呼叫来自：/adm/obj/master.lpc 的 log_error() 第 140 行，物件： /adm/obj/master，地方:<none>

执行时段错误：*Wrong permissions for opening file /u/snow/log for append.
"Is a directory"

程式：/adm/obj/master.lpc 第 140 行
物件: /adm/obj/master
呼叫来自：/adm/obj/master.lpc 的 log_error() 第 140 行，物件： /adm/obj/master，地方:<none>

执行时段错误：*Wrong permissions for opening file /u/snow/log for append.
"Is a directory"

程式：/adm/obj/master.lpc 第 140 行
物件: /adm/obj/master
呼叫来自：/adm/obj/master.lpc 的 log_error() 第 140 行，物件： /adm/obj/master，地方:<none>

执行时段错误：*Wrong permissions for opening file /u/snow/log for append.
"Is a directory"

程式：/adm/obj/master.lpc 第 140 行
物件: /adm/obj/master
呼叫来自：/adm/obj/master.lpc 的 log_error() 第 140 行，物件： /adm/obj/master，地方:<none>

执行时段错误：*Wrong permissions for opening file /u/snow/log for append.
"Is a directory"

程式：/adm/obj/master.lpc 第 140 行
物件: /adm/obj/master
呼叫来自：/adm/obj/master.lpc 的 log_error() 第 140 行，物件： /adm/obj/master，地方:<none>

执行时段错误：*Wrong permissions for opening file /u/snow/log for append.
"Is a directory"

程式：/adm/obj/master.lpc 第 140 行
物件: /adm/obj/master
呼叫来自：/adm/obj/master.lpc 的 log_error() 第 140 行，物件： /adm/obj/master，地方:<none>

执行时段错误：*Wrong permissions for opening file /u/snow/log for append.
"Is a directory"

程式：/adm/obj/master.lpc 第 140 行
物件: /adm/obj/master
呼叫来自：/adm/obj/master.lpc 的 log_error() 第 140 行，物件： /adm/obj/master，地方:<none>

执行时段错误：*Wrong permissions for opening file /u/snow/log for append.
"Is a directory"

程式：/adm/obj/master.lpc 第 140 行
物件: /adm/obj/master
呼叫来自：/adm/obj/master.lpc 的 log_error() 第 140 行，物件： /adm/obj/master，地方:<none>

执行时段错误：*Wrong permissions for opening file /u/snow/log for append.
"Is a directory"

程式：/adm/obj/master.lpc 第 140 行
物件: /adm/obj/master
呼叫来自：/adm/obj/master.lpc 的 log_error() 第 140 行，物件： /adm/obj/master，地方:<none>

执行时段错误：*Wrong permissions for opening file /u/snow/log for append.
"Is a directory"

程式：/adm/obj/master.lpc 第 140 行
物件: /adm/obj/master
呼叫来自：/adm/obj/master.lpc 的 log_error() 第 140 行，物件： /adm/obj/master，地方:<none>

执行时段错误：*Wrong permissions for opening file /u/snow/log for append.
"Is a directory"

程式：/adm/obj/master.lpc 第 140 行
物件: /adm/obj/master
呼叫来自：/adm/obj/master.lpc 的 log_error() 第 140 行，物件： /adm/obj/master，地方:<none>

执行时段错误：*Wrong permissions for opening file /u/snow/log for append.
"Is a directory"

程式：/adm/obj/master.lpc 第 140 行
物件: /adm/obj/master
呼叫来自：/adm/obj/master.lpc 的 log_error() 第 140 行，物件： /adm/obj/master，地方:<none>

执行时段错误：*Wrong permissions for opening file /u/snow/log for append.
"Is a directory"

程式：/adm/obj/master.lpc 第 140 行
物件: /adm/obj/master
呼叫来自：/adm/obj/master.lpc 的 log_error() 第 140 行，物件： /adm/obj/master，地方:<none>

执行时段错误：*Wrong permissions for opening file /u/snow/log for append.
"Is a directory"

程式：/adm/obj/master.lpc 第 140 行
物件: /adm/obj/master
呼叫来自：/adm/obj/master.lpc 的 log_error() 第 140 行，物件： /adm/obj/master，地方:<none>

执行时段错误：*Wrong permissions for opening file /u/snow/log for append.
"Is a directory"

程式：/adm/obj/master.lpc 第 140 行
物件: /adm/obj/master
呼叫来自：/adm/obj/master.lpc 的 log_error() 第 140 行，物件： /adm/obj/master，地方:<none>

执行时段错误：*Wrong permissions for opening file /u/snow/log for append.
"Is a directory"

程式：/adm/obj/master.lpc 第 140 行
物件: /adm/obj/master
呼叫来自：/adm/obj/master.lpc 的 log_error() 第 140 行，物件： /adm/obj/master，地方:<none>

执行时段错误：*Wrong permissions for opening file /u/snow/log for append.
"Is a directory"

程式：/adm/obj/master.lpc 第 140 行
物件: /adm/obj/master
呼叫来自：/adm/obj/master.lpc 的 log_error() 第 140 行，物件： /adm/obj/master，地方:<none>

执行时段错误：*Wrong permissions for opening file /u/snow/log for append.
"Is a directory"

程式：/adm/obj/master.lpc 第 140 行
物件: /adm/obj/master
呼叫来自：/adm/obj/master.lpc 的 log_error() 第 140 行，物件： /adm/obj/master，地方:<none>

执行时段错误：*Wrong permissions for opening file /u/snow/log for append.
"Is a directory"

程式：/adm/obj/master.lpc 第 140 行
物件: /adm/obj/master
呼叫来自：/adm/obj/master.lpc 的 log_error() 第 140 行，物件： /adm/obj/master，地方:<none>

执行时段错误：*Wrong permissions for opening file /u/snow/log for append.
"Is a directory"

程式：/adm/obj/master.lpc 第 140 行
物件: /adm/obj/master
呼叫来自：/adm/obj/master.lpc 的 log_error() 第 140 行，物件： /adm/obj/master，地方:<none>

执行时段错误：*Wrong permissions for opening file /u/snow/log for append.
"Is a directory"

程式：/adm/obj/master.lpc 第 140 行
物件: /adm/obj/master
呼叫来自：/adm/obj/master.lpc 的 log_error() 第 140 行，物件： /adm/obj/master，地方:<none>

执行时段错误：*Wrong permissions for opening file /u/snow/log for append.
"Is a directory"

程式：/adm/obj/master.lpc 第 140 行
物件: /adm/obj/master
呼叫来自：/u/snow/wudujiao/langwo.lpc 的 create() 第 26 行，物件： /u/snow/wudujiao/langwo，地方:<none>
呼叫来自：/inherit/room/room.lpc 的 setup() 第 189 行，物件： /u/snow/wudujiao/langwo，地方:<none>
呼叫来自：/inherit/room/room.lpc 的 reset() 第 71 行，物件： /u/snow/wudujiao/langwo，地方:<none>
呼叫来自：/inherit/room/room.lpc 的 make_inventory() 第 22 行，物件： /u/snow/wudujiao/langwo，地方:<none>
呼叫来自：/adm/obj/master.lpc 的 log_error() 第 140 行，物件： /adm/obj/master，地方:<none>

执行时段错误：*Wrong permissions for opening file /u/snow/log for append.
"Is a directory"

程式：/adm/obj/master.lpc 第 140 行
物件: /adm/obj/master
呼叫来自：/u/snow/wudujiao/langwo.lpc 的 create() 第 26 行，物件： /u/snow/wudujiao/langwo，地方:<none>
呼叫来自：/inherit/room/room.lpc 的 setup() 第 189 行，物件： /u/snow/wudujiao/langwo，地方:<none>
呼叫来自：/inherit/room/room.lpc 的 reset() 第 71 行，物件： /u/snow/wudujiao/langwo，地方:<none>
呼叫来自：/inherit/room/room.lpc 的 make_inventory() 第 22 行，物件： /u/snow/wudujiao/langwo，地方:<none>
呼叫来自：/adm/obj/master.lpc 的 log_error() 第 140 行，物件： /adm/obj/master，地方:<none>

执行时段错误：*No program in object '/u/snow/wudujiao/npc/wolf2'!

程式：/inherit/room/room.lpc 第 22 行
物件: /u/snow/wudujiao/langwo
呼叫来自：/u/snow/wudujiao/langwo.lpc 的 create() 第 26 行，物件： /u/snow/wudujiao/langwo，地方:<none>
呼叫来自：/inherit/room/room.lpc 的 setup() 第 189 行，物件： /u/snow/wudujiao/langwo，地方:<none>
呼叫来自：/inherit/room/room.lpc 的 reset() 第 71 行，物件： /u/snow/wudujiao/langwo，地方:<none>
呼叫来自：/inherit/room/room.lpc 的 make_inventory() 第 22 行，物件： /u/snow/wudujiao/langwo，地方:<none>

执行时段错误：*Wrong permissions for opening file /u/snow/log for append.
"Is a directory"

程式：/adm/obj/master.lpc 第 140 行
物件: /adm/obj/master
呼叫来自：/u/snow/wudujiao/npc/cenqisi.lpc 的 create() 第 63 行，物件： /u/snow/wudujiao/npc/cenqisi ("岑其斯")，地方:<none>
呼叫来自：/inherit/char/npc.lpc 的 carry_object() 第 14 行，物件： /u/snow/wudujiao/npc/cenqisi ("岑其斯")，地方:<none>
呼叫来自：/adm/obj/master.lpc 的 log_error() 第 140 行，物件： /adm/obj/master，地方:<none>

执行时段错误：*Wrong permissions for opening file /u/snow/log for append.
"Is a directory"

程式：/adm/obj/master.lpc 第 140 行
物件: /adm/obj/master
呼叫来自：/u/snow/wudujiao/npc/cenqisi.lpc 的 create() 第 63 行，物件： /u/snow/wudujiao/npc/cenqisi ("岑其斯")，地方:<none>
呼叫来自：/inherit/char/npc.lpc 的 carry_object() 第 14 行，物件： /u/snow/wudujiao/npc/cenqisi ("岑其斯")，地方:<none>
呼叫来自：/adm/obj/master.lpc 的 log_error() 第 140 行，物件： /adm/obj/master，地方:<none>

执行时段错误：*Wrong permissions for opening file /u/snow/log for append.
"Is a directory"

程式：/adm/obj/master.lpc 第 140 行
物件: /adm/obj/master
呼叫来自：/u/snow/wudujiao/npc/cenqisi.lpc 的 create() 第 63 行，物件： /u/snow/wudujiao/npc/cenqisi ("岑其斯")，地方:<none>
呼叫来自：/inherit/char/npc.lpc 的 carry_object() 第 14 行，物件： /u/snow/wudujiao/npc/cenqisi ("岑其斯")，地方:<none>
呼叫来自：/adm/obj/master.lpc 的 log_error() 第 140 行，物件： /adm/obj/master，地方:<none>

执行时段错误：*No program in object '/u/snow/wudujiao/npc/obj/ganggou'!

程式：/inherit/char/npc.lpc 第 14 行
物件: /u/snow/wudujiao/npc/cenqisi
呼叫来自：/u/snow/wudujiao/npc/cenqisi.lpc 的 create() 第 63 行，物件： /u/snow/wudujiao/npc/cenqisi ("岑其斯")，地方:<none>
呼叫来自：/inherit/char/npc.lpc 的 carry_object() 第 14 行，物件： /u/snow/wudujiao/npc/cenqisi ("岑其斯")，地方:<none>

执行时段错误：*Wrong permissions for opening file /u/snow/log for append.
"Is a directory"

程式：/adm/obj/master.lpc 第 140 行
物件: /adm/obj/master
呼叫来自：/u/snow/wudujiao/npc/hehongyao.lpc 的 create() 第 66 行，物件： /u/snow/wudujiao/npc/hehongyao ("何红药")，地方:<none>
呼叫来自：/inherit/char/npc.lpc 的 carry_object() 第 14 行，物件： /u/snow/wudujiao/npc/hehongyao ("何红药")，地方:<none>
呼叫来自：/adm/obj/master.lpc 的 log_error() 第 140 行，物件： /adm/obj/master，地方:<none>

执行时段错误：*Wrong permissions for opening file /u/snow/log for append.
"Is a directory"

程式：/adm/obj/master.lpc 第 140 行
物件: /adm/obj/master
呼叫来自：/u/snow/wudujiao/npc/hehongyao.lpc 的 create() 第 66 行，物件： /u/snow/wudujiao/npc/hehongyao ("何红药")，地方:<none>
呼叫来自：/inherit/char/npc.lpc 的 carry_object() 第 14 行，物件： /u/snow/wudujiao/npc/hehongyao ("何红药")，地方:<none>
呼叫来自：/adm/obj/master.lpc 的 log_error() 第 140 行，物件： /adm/obj/master，地方:<none>

执行时段错误：*Wrong permissions for opening file /u/snow/log for append.
"Is a directory"

程式：/adm/obj/master.lpc 第 140 行
物件: /adm/obj/master
呼叫来自：/u/snow/wudujiao/npc/hehongyao.lpc 的 create() 第 66 行，物件： /u/snow/wudujiao/npc/hehongyao ("何红药")，地方:<none>
呼叫来自：/inherit/char/npc.lpc 的 carry_object() 第 14 行，物件： /u/snow/wudujiao/npc/hehongyao ("何红药")，地方:<none>
呼叫来自：/adm/obj/master.lpc 的 log_error() 第 140 行，物件： /adm/obj/master，地方:<none>

执行时段错误：*No program in object '/u/snow/wudujiao/npc/obj/jiandao'!

程式：/inherit/char/npc.lpc 第 14 行
物件: /u/snow/wudujiao/npc/hehongyao
呼叫来自：/u/snow/wudujiao/npc/hehongyao.lpc 的 create() 第 66 行，物件： /u/snow/wudujiao/npc/hehongyao ("何红药")，地方:<none>
呼叫来自：/inherit/char/npc.lpc 的 carry_object() 第 14 行，物件： /u/snow/wudujiao/npc/hehongyao ("何红药")，地方:<none>

执行时段错误：*Wrong permissions for opening file /u/snow/log for append.
"Is a directory"

程式：/adm/obj/master.lpc 第 140 行
物件: /adm/obj/master
呼叫来自：/adm/obj/master.lpc 的 log_error() 第 140 行，物件： /adm/obj/master，地方:<none>

执行时段错误：*Wrong permissions for opening file /u/snow/log for append.
"Is a directory"

程式：/adm/obj/master.lpc 第 140 行
物件: /adm/obj/master
呼叫来自：/adm/obj/master.lpc 的 log_error() 第 140 行，物件： /adm/obj/master，地方:<none>

执行时段错误：*Wrong permissions for opening file /u/snow/log for append.
"Is a directory"

程式：/adm/obj/master.lpc 第 140 行
物件: /adm/obj/master
呼叫来自：/adm/obj/master.lpc 的 log_error() 第 140 行，物件： /adm/obj/master，地方:<none>

执行时段错误：*Wrong permissions for opening file /u/snow/log for append.
"Is a directory"

程式：/adm/obj/master.lpc 第 140 行
物件: /adm/obj/master
呼叫来自：/adm/obj/master.lpc 的 log_error() 第 140 行，物件： /adm/obj/master，地方:<none>

执行时段错误：*Wrong permissions for opening file /u/snow/log for append.
"Is a directory"

程式：/adm/obj/master.lpc 第 140 行
物件: /adm/obj/master
呼叫来自：/adm/obj/master.lpc 的 log_error() 第 140 行，物件： /adm/obj/master，地方:<none>

执行时段错误：*Wrong permissions for opening file /u/snow/log for append.
"Is a directory"

程式：/adm/obj/master.lpc 第 140 行
物件: /adm/obj/master
呼叫来自：/adm/obj/master.lpc 的 log_error() 第 140 行，物件： /adm/obj/master，地方:<none>

执行时段错误：*Wrong permissions for opening file /u/snow/log for append.
"Is a directory"

程式：/adm/obj/master.lpc 第 140 行
物件: /adm/obj/master
呼叫来自：/adm/obj/master.lpc 的 log_error() 第 140 行，物件： /adm/obj/master，地方:<none>

执行时段错误：*Wrong permissions for opening file /u/snow/log for append.
"Is a directory"

程式：/adm/obj/master.lpc 第 140 行
物件: /adm/obj/master
呼叫来自：/adm/obj/master.lpc 的 log_error() 第 140 行，物件： /adm/obj/master，地方:<none>

执行时段错误：*Wrong permissions for opening file /u/snow/log for append.
"Is a directory"

程式：/adm/obj/master.lpc 第 140 行
物件: /adm/obj/master
呼叫来自：/adm/obj/master.lpc 的 log_error() 第 140 行，物件： /adm/obj/master，地方:<none>

执行时段错误：*Wrong permissions for opening file /u/snow/log for append.
"Is a directory"

程式：/adm/obj/master.lpc 第 140 行
物件: /adm/obj/master
呼叫来自：/adm/obj/master.lpc 的 log_error() 第 140 行，物件： /adm/obj/master，地方:<none>

执行时段错误：*Wrong permissions for opening file /u/snow/log for append.
"Is a directory"

程式：/adm/obj/master.lpc 第 140 行
物件: /adm/obj/master
呼叫来自：/adm/obj/master.lpc 的 log_error() 第 140 行，物件： /adm/obj/master，地方:<none>

执行时段错误：*Wrong permissions for opening file /u/snow/log for append.
"Is a directory"

程式：/adm/obj/master.lpc 第 140 行
物件: /adm/obj/master
呼叫来自：/adm/obj/master.lpc 的 log_error() 第 140 行，物件： /adm/obj/master，地方:<none>

执行时段错误：*Wrong permissions for opening file /u/snow/log for append.
"Is a directory"

程式：/adm/obj/master.lpc 第 140 行
物件: /adm/obj/master
呼叫来自：/adm/obj/master.lpc 的 log_error() 第 140 行，物件： /adm/obj/master，地方:<none>

执行时段错误：*Wrong permissions for opening file /u/snow/log for append.
"Is a directory"

程式：/adm/obj/master.lpc 第 140 行
物件: /adm/obj/master
呼叫来自：/adm/obj/master.lpc 的 log_error() 第 140 行，物件： /adm/obj/master，地方:<none>

执行时段错误：*Wrong permissions for opening file /u/snow/log for append.
"Is a directory"

程式：/adm/obj/master.lpc 第 140 行
物件: /adm/obj/master
呼叫来自：/adm/obj/master.lpc 的 log_error() 第 140 行，物件： /adm/obj/master，地方:<none>

执行时段错误：*Wrong permissions for opening file /u/snow/log for append.
"Is a directory"

程式：/adm/obj/master.lpc 第 140 行
物件: /adm/obj/master
呼叫来自：/adm/obj/master.lpc 的 log_error() 第 140 行，物件： /adm/obj/master，地方:<none>

执行时段错误：*Wrong permissions for opening file /u/snow/log for append.
"Is a directory"

程式：/adm/obj/master.lpc 第 140 行
物件: /adm/obj/master
呼叫来自：/adm/obj/master.lpc 的 log_error() 第 140 行，物件： /adm/obj/master，地方:<none>

执行时段错误：*Wrong permissions for opening file /u/snow/log for append.
"Is a directory"

程式：/adm/obj/master.lpc 第 140 行
物件: /adm/obj/master
呼叫来自：/adm/obj/master.lpc 的 log_error() 第 140 行，物件： /adm/obj/master，地方:<none>

执行时段错误：*Wrong permissions for opening file /u/snow/log for append.
"Is a directory"

程式：/adm/obj/master.lpc 第 140 行
物件: /adm/obj/master
呼叫来自：/u/snow/wudujiao/npc/cunzhang.lpc 的 create() 第 30 行，物件： /u/snow/wudujiao/npc/cunzhang ("苗三斤")，地方:<none>
呼叫来自：/inherit/char/npc.lpc 的 carry_object() 第 14 行，物件： /u/snow/wudujiao/npc/cunzhang ("苗三斤")，地方:<none>
呼叫来自：/adm/obj/master.lpc 的 log_error() 第 140 行，物件： /adm/obj/master，地方:<none>

执行时段错误：*Wrong permissions for opening file /u/snow/log for append.
"Is a directory"

程式：/adm/obj/master.lpc 第 140 行
物件: /adm/obj/master
呼叫来自：/u/snow/wudujiao/npc/cunzhang.lpc 的 create() 第 30 行，物件： /u/snow/wudujiao/npc/cunzhang ("苗三斤")，地方:<none>
呼叫来自：/inherit/char/npc.lpc 的 carry_object() 第 14 行，物件： /u/snow/wudujiao/npc/cunzhang ("苗三斤")，地方:<none>
呼叫来自：/adm/obj/master.lpc 的 log_error() 第 140 行，物件： /adm/obj/master，地方:<none>

执行时段错误：*Wrong permissions for opening file /u/snow/log for append.
"Is a directory"

程式：/adm/obj/master.lpc 第 140 行
物件: /adm/obj/master
呼叫来自：/u/snow/wudujiao/npc/cunzhang.lpc 的 create() 第 30 行，物件： /u/snow/wudujiao/npc/cunzhang ("苗三斤")，地方:<none>
呼叫来自：/inherit/char/npc.lpc 的 carry_object() 第 14 行，物件： /u/snow/wudujiao/npc/cunzhang ("苗三斤")，地方:<none>
呼叫来自：/adm/obj/master.lpc 的 log_error() 第 140 行，物件： /adm/obj/master，地方:<none>

执行时段错误：*No program in object '/u/snow/wudujiao/npc/obj/hanyan'!

程式：/inherit/char/npc.lpc 第 14 行
物件: /u/snow/wudujiao/npc/cunzhang
呼叫来自：/u/snow/wudujiao/npc/cunzhang.lpc 的 create() 第 30 行，物件： /u/snow/wudujiao/npc/cunzhang ("苗三斤")，地方:<none>
呼叫来自：/inherit/char/npc.lpc 的 carry_object() 第 14 行，物件： /u/snow/wudujiao/npc/cunzhang ("苗三斤")，地方:<none>

执行时段错误：*Wrong permissions for opening file /u/snow/log for append.
"Is a directory"

程式：/adm/obj/master.lpc 第 140 行
物件: /adm/obj/master
呼叫来自：/adm/obj/master.lpc 的 log_error() 第 140 行，物件： /adm/obj/master，地方:<none>

执行时段错误：*Wrong permissions for opening file /u/snow/log for append.
"Is a directory"

程式：/adm/obj/master.lpc 第 140 行
物件: /adm/obj/master
呼叫来自：/adm/obj/master.lpc 的 log_error() 第 140 行，物件： /adm/obj/master，地方:<none>

执行时段错误：*Wrong permissions for opening file /u/snow/log for append.
"Is a directory"

程式：/adm/obj/master.lpc 第 140 行
物件: /adm/obj/master
呼叫来自：/adm/obj/master.lpc 的 log_error() 第 140 行，物件： /adm/obj/master，地方:<none>

执行时段错误：*Wrong permissions for opening file /u/snow/log for append.
"Is a directory"

程式：/adm/obj/master.lpc 第 140 行
物件: /adm/obj/master
呼叫来自：/adm/obj/master.lpc 的 log_error() 第 140 行，物件： /adm/obj/master，地方:<none>

执行时段错误：*Wrong permissions for opening file /u/snow/log for append.
"Is a directory"

程式：/adm/obj/master.lpc 第 140 行
物件: /adm/obj/master
呼叫来自：/adm/obj/master.lpc 的 log_error() 第 140 行，物件： /adm/obj/master，地方:<none>

执行时段错误：*Wrong permissions for opening file /u/snow/log for append.
"Is a directory"

程式：/adm/obj/master.lpc 第 140 行
物件: /adm/obj/master
呼叫来自：/adm/obj/master.lpc 的 log_error() 第 140 行，物件： /adm/obj/master，地方:<none>

执行时段错误：*Wrong permissions for opening file /u/snow/log for append.
"Is a directory"

程式：/adm/obj/master.lpc 第 140 行
物件: /adm/obj/master
呼叫来自：/adm/obj/master.lpc 的 log_error() 第 140 行，物件： /adm/obj/master，地方:<none>

执行时段错误：*Wrong permissions for opening file /u/snow/log for append.
"Is a directory"

程式：/adm/obj/master.lpc 第 140 行
物件: /adm/obj/master
呼叫来自：/adm/obj/master.lpc 的 log_error() 第 140 行，物件： /adm/obj/master，地方:<none>

执行时段错误：*Wrong permissions for opening file /u/snow/log for append.
"Is a directory"

程式：/adm/obj/master.lpc 第 140 行
物件: /adm/obj/master
呼叫来自：/adm/obj/master.lpc 的 log_error() 第 140 行，物件： /adm/obj/master，地方:<none>

执行时段错误：*Wrong permissions for opening file /u/snow/log for append.
"Is a directory"

程式：/adm/obj/master.lpc 第 140 行
物件: /adm/obj/master
呼叫来自：/adm/obj/master.lpc 的 log_error() 第 140 行，物件： /adm/obj/master，地方:<none>

执行时段错误：*Wrong permissions for opening file /u/snow/log for append.
"Is a directory"

程式：/adm/obj/master.lpc 第 140 行
物件: /adm/obj/master
呼叫来自：/adm/obj/master.lpc 的 log_error() 第 140 行，物件： /adm/obj/master，地方:<none>

执行时段错误：*Wrong permissions for opening file /u/snow/log for append.
"Is a directory"

程式：/adm/obj/master.lpc 第 140 行
物件: /adm/obj/master
呼叫来自：/adm/obj/master.lpc 的 log_error() 第 140 行，物件： /adm/obj/master，地方:<none>

执行时段错误：*Wrong permissions for opening file /u/snow/log for append.
"Is a directory"

程式：/adm/obj/master.lpc 第 140 行
物件: /adm/obj/master
呼叫来自：/adm/obj/master.lpc 的 log_error() 第 140 行，物件： /adm/obj/master，地方:<none>

执行时段错误：*Wrong permissions for opening file /u/snow/log for append.
"Is a directory"

程式：/adm/obj/master.lpc 第 140 行
物件: /adm/obj/master
呼叫来自：/u/snow/wudujiao/npc/hetieshou.lpc 的 create() 第 83 行，物件： /u/snow/wudujiao/npc/hetieshou ("何铁手")，地方:<none>
呼叫来自：/inherit/char/npc.lpc 的 carry_object() 第 14 行，物件： /u/snow/wudujiao/npc/hetieshou ("何铁手")，地方:<none>
呼叫来自：/adm/obj/master.lpc 的 log_error() 第 140 行，物件： /adm/obj/master，地方:<none>

执行时段错误：*Wrong permissions for opening file /u/snow/log for append.
"Is a directory"

程式：/adm/obj/master.lpc 第 140 行
物件: /adm/obj/master
呼叫来自：/u/snow/wudujiao/npc/hetieshou.lpc 的 create() 第 83 行，物件： /u/snow/wudujiao/npc/hetieshou ("何铁手")，地方:<none>
呼叫来自：/inherit/char/npc.lpc 的 carry_object() 第 14 行，物件： /u/snow/wudujiao/npc/hetieshou ("何铁手")，地方:<none>
呼叫来自：/adm/obj/master.lpc 的 log_error() 第 140 行，物件： /adm/obj/master，地方:<none>

执行时段错误：*Wrong permissions for opening file /u/snow/log for append.
"Is a directory"

程式：/adm/obj/master.lpc 第 140 行
物件: /adm/obj/master
呼叫来自：/u/snow/wudujiao/npc/hetieshou.lpc 的 create() 第 83 行，物件： /u/snow/wudujiao/npc/hetieshou ("何铁手")，地方:<none>
呼叫来自：/inherit/char/npc.lpc 的 carry_object() 第 14 行，物件： /u/snow/wudujiao/npc/hetieshou ("何铁手")，地方:<none>
呼叫来自：/adm/obj/master.lpc 的 log_error() 第 140 行，物件： /adm/obj/master，地方:<none>

执行时段错误：*No program in object '/u/snow/wudujiao/npc/obj/jingou'!

程式：/inherit/char/npc.lpc 第 14 行
物件: /u/snow/wudujiao/npc/hetieshou
呼叫来自：/u/snow/wudujiao/npc/hetieshou.lpc 的 create() 第 83 行，物件： /u/snow/wudujiao/npc/hetieshou ("何铁手")，地方:<none>
呼叫来自：/inherit/char/npc.lpc 的 carry_object() 第 14 行，物件： /u/snow/wudujiao/npc/hetieshou ("何铁手")，地方:<none>

执行时段错误：*Wrong permissions for opening file /u/snow/log for append.
"Is a directory"

程式：/adm/obj/master.lpc 第 140 行
物件: /adm/obj/master
呼叫来自：/adm/obj/master.lpc 的 log_error() 第 140 行，物件： /adm/obj/master，地方:<none>

执行时段错误：*Wrong permissions for opening file /u/snow/log for append.
"Is a directory"

程式：/adm/obj/master.lpc 第 140 行
物件: /adm/obj/master
呼叫来自：/adm/obj/master.lpc 的 log_error() 第 140 行，物件： /adm/obj/master，地方:<none>

执行时段错误：*Wrong permissions for opening file /u/snow/log for append.
"Is a directory"

程式：/adm/obj/master.lpc 第 140 行
物件: /adm/obj/master
呼叫来自：/adm/obj/master.lpc 的 log_error() 第 140 行，物件： /adm/obj/master，地方:<none>

执行时段错误：*Wrong permissions for opening file /u/snow/log for append.
"Is a directory"

程式：/adm/obj/master.lpc 第 140 行
物件: /adm/obj/master
呼叫来自：/adm/obj/master.lpc 的 log_error() 第 140 行，物件： /adm/obj/master，地方:<none>

执行时段错误：*Wrong permissions for opening file /u/snow/log for append.
"Is a directory"

程式：/adm/obj/master.lpc 第 140 行
物件: /adm/obj/master
呼叫来自：/adm/obj/master.lpc 的 log_error() 第 140 行，物件： /adm/obj/master，地方:<none>

执行时段错误：*Wrong permissions for opening file /u/snow/log for append.
"Is a directory"

程式：/adm/obj/master.lpc 第 140 行
物件: /adm/obj/master
呼叫来自：/adm/obj/master.lpc 的 log_error() 第 140 行，物件： /adm/obj/master，地方:<none>

执行时段错误：*Wrong permissions for opening file /u/snow/log for append.
"Is a directory"

程式：/adm/obj/master.lpc 第 140 行
物件: /adm/obj/master
呼叫来自：/adm/obj/master.lpc 的 log_error() 第 140 行，物件： /adm/obj/master，地方:<none>

执行时段错误：*Wrong permissions for opening file /u/snow/log for append.
"Is a directory"

程式：/adm/obj/master.lpc 第 140 行
物件: /adm/obj/master
呼叫来自：/adm/obj/master.lpc 的 log_error() 第 140 行，物件： /adm/obj/master，地方:<none>

执行时段错误：*Wrong permissions for opening file /u/snow/log for append.
"Is a directory"

程式：/adm/obj/master.lpc 第 140 行
物件: /adm/obj/master
呼叫来自：/adm/obj/master.lpc 的 log_error() 第 140 行，物件： /adm/obj/master，地方:<none>

执行时段错误：*Wrong permissions for opening file /u/snow/log for append.
"Is a directory"

程式：/adm/obj/master.lpc 第 140 行
物件: /adm/obj/master
呼叫来自：/adm/obj/master.lpc 的 log_error() 第 140 行，物件： /adm/obj/master，地方:<none>

执行时段错误：*Wrong permissions for opening file /u/snow/log for append.
"Is a directory"

程式：/adm/obj/master.lpc 第 140 行
物件: /adm/obj/master
呼叫来自：/adm/obj/master.lpc 的 log_error() 第 140 行，物件： /adm/obj/master，地方:<none>

执行时段错误：*Wrong permissions for opening file /u/snow/log for append.
"Is a directory"

程式：/adm/obj/master.lpc 第 140 行
物件: /adm/obj/master
呼叫来自：/adm/obj/master.lpc 的 log_error() 第 140 行，物件： /adm/obj/master，地方:<none>

执行时段错误：*Wrong permissions for opening file /u/snow/log for append.
"Is a directory"

程式：/adm/obj/master.lpc 第 140 行
物件: /adm/obj/master
呼叫来自：/adm/obj/master.lpc 的 log_error() 第 140 行，物件： /adm/obj/master，地方:<none>

执行时段错误：*Wrong permissions for opening file /u/snow/log for append.
"Is a directory"

程式：/adm/obj/master.lpc 第 140 行
物件: /adm/obj/master
呼叫来自：/adm/obj/master.lpc 的 log_error() 第 140 行，物件： /adm/obj/master，地方:<none>

执行时段错误：*Wrong permissions for opening file /u/snow/log for append.
"Is a directory"

程式：/adm/obj/master.lpc 第 140 行
物件: /adm/obj/master
呼叫来自：/adm/obj/master.lpc 的 log_error() 第 140 行，物件： /adm/obj/master，地方:<none>

执行时段错误：*Wrong permissions for opening file /u/snow/log for append.
"Is a directory"

程式：/adm/obj/master.lpc 第 140 行
物件: /adm/obj/master
呼叫来自：/adm/obj/master.lpc 的 log_error() 第 140 行，物件： /adm/obj/master，地方:<none>

执行时段错误：*Wrong permissions for opening file /u/snow/log for append.
"Is a directory"

程式：/adm/obj/master.lpc 第 140 行
物件: /adm/obj/master
呼叫来自：/adm/obj/master.lpc 的 log_error() 第 140 行，物件： /adm/obj/master，地方:<none>

执行时段错误：*Wrong permissions for opening file /u/snow/log for append.
"Is a directory"

程式：/adm/obj/master.lpc 第 140 行
物件: /adm/obj/master
呼叫来自：/adm/obj/master.lpc 的 log_error() 第 140 行，物件： /adm/obj/master，地方:<none>

执行时段错误：*Wrong permissions for opening file /u/snow/log for append.
"Is a directory"

程式：/adm/obj/master.lpc 第 140 行
物件: /adm/obj/master
呼叫来自：/adm/obj/master.lpc 的 log_error() 第 140 行，物件： /adm/obj/master，地方:<none>

执行时段错误：*Wrong permissions for opening file /u/snow/log for append.
"Is a directory"

程式：/adm/obj/master.lpc 第 140 行
物件: /adm/obj/master
呼叫来自：/u/snow/wudujiao/npc/tongzi.lpc 的 create() 第 30 行，物件： /u/snow/wudujiao/npc/tongzi ("锦衣童子")，地方:<none>
呼叫来自：/inherit/char/npc.lpc 的 carry_object() 第 14 行，物件： /u/snow/wudujiao/npc/tongzi ("锦衣童子")，地方:<none>
呼叫来自：/adm/obj/master.lpc 的 log_error() 第 140 行，物件： /adm/obj/master，地方:<none>

执行时段错误：*Wrong permissions for opening file /u/snow/log for append.
"Is a directory"

程式：/adm/obj/master.lpc 第 140 行
物件: /adm/obj/master
呼叫来自：/u/snow/wudujiao/npc/tongzi.lpc 的 create() 第 30 行，物件： /u/snow/wudujiao/npc/tongzi ("锦衣童子")，地方:<none>
呼叫来自：/inherit/char/npc.lpc 的 carry_object() 第 14 行，物件： /u/snow/wudujiao/npc/tongzi ("锦衣童子")，地方:<none>
呼叫来自：/adm/obj/master.lpc 的 log_error() 第 140 行，物件： /adm/obj/master，地方:<none>

执行时段错误：*Wrong permissions for opening file /u/snow/log for append.
"Is a directory"

程式：/adm/obj/master.lpc 第 140 行
物件: /adm/obj/master
呼叫来自：/u/snow/wudujiao/npc/tongzi.lpc 的 create() 第 30 行，物件： /u/snow/wudujiao/npc/tongzi ("锦衣童子")，地方:<none>
呼叫来自：/inherit/char/npc.lpc 的 carry_object() 第 14 行，物件： /u/snow/wudujiao/npc/tongzi ("锦衣童子")，地方:<none>
呼叫来自：/adm/obj/master.lpc 的 log_error() 第 140 行，物件： /adm/obj/master，地方:<none>

执行时段错误：*No program in object '/u/snow/wudujiao/npc/obj/jinyi'!

程式：/inherit/char/npc.lpc 第 14 行
物件: /u/snow/wudujiao/npc/tongzi
呼叫来自：/u/snow/wudujiao/npc/tongzi.lpc 的 create() 第 30 行，物件： /u/snow/wudujiao/npc/tongzi ("锦衣童子")，地方:<none>
呼叫来自：/inherit/char/npc.lpc 的 carry_object() 第 14 行，物件： /u/snow/wudujiao/npc/tongzi ("锦衣童子")，地方:<none>

执行时段错误：*Wrong permissions for opening file /u/snow/log for append.
"Is a directory"

程式：/adm/obj/master.lpc 第 140 行
物件: /adm/obj/master
呼叫来自：/adm/obj/master.lpc 的 log_error() 第 140 行，物件： /adm/obj/master，地方:<none>

执行时段错误：*Wrong permissions for opening file /u/snow/log for append.
"Is a directory"

程式：/adm/obj/master.lpc 第 140 行
物件: /adm/obj/master
呼叫来自：/adm/obj/master.lpc 的 log_error() 第 140 行，物件： /adm/obj/master，地方:<none>

执行时段错误：*Wrong permissions for opening file /u/snow/log for append.
"Is a directory"

程式：/adm/obj/master.lpc 第 140 行
物件: /adm/obj/master
呼叫来自：/adm/obj/master.lpc 的 log_error() 第 140 行，物件： /adm/obj/master，地方:<none>

执行时段错误：*Wrong permissions for opening file /u/snow/log for append.
"Is a directory"

程式：/adm/obj/master.lpc 第 140 行
物件: /adm/obj/master
呼叫来自：/adm/obj/master.lpc 的 log_error() 第 140 行，物件： /adm/obj/master，地方:<none>

执行时段错误：*Wrong permissions for opening file /u/snow/log for append.
"Is a directory"

程式：/adm/obj/master.lpc 第 140 行
物件: /adm/obj/master
呼叫来自：/adm/obj/master.lpc 的 log_error() 第 140 行，物件： /adm/obj/master，地方:<none>

执行时段错误：*Wrong permissions for opening file /u/snow/log for append.
"Is a directory"

程式：/adm/obj/master.lpc 第 140 行
物件: /adm/obj/master
呼叫来自：/adm/obj/master.lpc 的 log_error() 第 140 行，物件： /adm/obj/master，地方:<none>

执行时段错误：*Wrong permissions for opening file /u/snow/log for append.
"Is a directory"

程式：/adm/obj/master.lpc 第 140 行
物件: /adm/obj/master
呼叫来自：/adm/obj/master.lpc 的 log_error() 第 140 行，物件： /adm/obj/master，地方:<none>

执行时段错误：*Wrong permissions for opening file /u/snow/log for append.
"Is a directory"

程式：/adm/obj/master.lpc 第 140 行
物件: /adm/obj/master
呼叫来自：/adm/obj/master.lpc 的 log_error() 第 140 行，物件： /adm/obj/master，地方:<none>

执行时段错误：*Wrong permissions for opening file /u/snow/log for append.
"Is a directory"

程式：/adm/obj/master.lpc 第 140 行
物件: /adm/obj/master
呼叫来自：/adm/obj/master.lpc 的 log_error() 第 140 行，物件： /adm/obj/master，地方:<none>

执行时段错误：*Wrong permissions for opening file /u/snow/log for append.
"Is a directory"

程式：/adm/obj/master.lpc 第 140 行
物件: /adm/obj/master
呼叫来自：/adm/obj/master.lpc 的 log_error() 第 140 行，物件： /adm/obj/master，地方:<none>

执行时段错误：*Wrong permissions for opening file /u/snow/log for append.
"Is a directory"

程式：/adm/obj/master.lpc 第 140 行
物件: /adm/obj/master
呼叫来自：/adm/obj/master.lpc 的 log_error() 第 140 行，物件： /adm/obj/master，地方:<none>

执行时段错误：*Wrong permissions for opening file /u/snow/log for append.
"Is a directory"

程式：/adm/obj/master.lpc 第 140 行
物件: /adm/obj/master
呼叫来自：/adm/obj/master.lpc 的 log_error() 第 140 行，物件： /adm/obj/master，地方:<none>

执行时段错误：*Wrong permissions for opening file /u/snow/log for append.
"Is a directory"

程式：/adm/obj/master.lpc 第 140 行
物件: /adm/obj/master
呼叫来自：/adm/obj/master.lpc 的 log_error() 第 140 行，物件： /adm/obj/master，地方:<none>

执行时段错误：*Wrong permissions for opening file /u/snow/log for append.
"Is a directory"

程式：/adm/obj/master.lpc 第 140 行
物件: /adm/obj/master
呼叫来自：/adm/obj/master.lpc 的 log_error() 第 140 行，物件： /adm/obj/master，地方:<none>

执行时段错误：*Wrong permissions for opening file /u/snow/log for append.
"Is a directory"

程式：/adm/obj/master.lpc 第 140 行
物件: /adm/obj/master
呼叫来自：/adm/obj/master.lpc 的 log_error() 第 140 行，物件： /adm/obj/master，地方:<none>

执行时段错误：*Wrong permissions for opening file /u/snow/log for append.
"Is a directory"

程式：/adm/obj/master.lpc 第 140 行
物件: /adm/obj/master
呼叫来自：/adm/obj/master.lpc 的 log_error() 第 140 行，物件： /adm/obj/master，地方:<none>

执行时段错误：*Wrong permissions for opening file /u/snow/log for append.
"Is a directory"

程式：/adm/obj/master.lpc 第 140 行
物件: /adm/obj/master
呼叫来自：/adm/obj/master.lpc 的 log_error() 第 140 行，物件： /adm/obj/master，地方:<none>

执行时段错误：*Wrong permissions for opening file /u/snow/log for append.
"Is a directory"

程式：/adm/obj/master.lpc 第 140 行
物件: /adm/obj/master
呼叫来自：/adm/obj/master.lpc 的 log_error() 第 140 行，物件： /adm/obj/master，地方:<none>

执行时段错误：*Wrong permissions for opening file /u/snow/log for append.
"Is a directory"

程式：/adm/obj/master.lpc 第 140 行
物件: /adm/obj/master
呼叫来自：/adm/obj/master.lpc 的 log_error() 第 140 行，物件： /adm/obj/master，地方:<none>

执行时段错误：*Wrong permissions for opening file /u/snow/log for append.
"Is a directory"

程式：/adm/obj/master.lpc 第 140 行
物件: /adm/obj/master
呼叫来自：/adm/obj/master.lpc 的 log_error() 第 140 行，物件： /adm/obj/master，地方:<none>

执行时段错误：*Wrong permissions for opening file /u/snow/log for append.
"Is a directory"

程式：/adm/obj/master.lpc 第 140 行
物件: /adm/obj/master
呼叫来自：/adm/obj/master.lpc 的 log_error() 第 140 行，物件： /adm/obj/master，地方:<none>

执行时段错误：*Wrong permissions for opening file /u/snow/log for append.
"Is a directory"

程式：/adm/obj/master.lpc 第 140 行
物件: /adm/obj/master
呼叫来自：/adm/obj/master.lpc 的 log_error() 第 140 行，物件： /adm/obj/master，地方:<none>

执行时段错误：*Wrong permissions for opening file /u/snow/log for append.
"Is a directory"

程式：/adm/obj/master.lpc 第 140 行
物件: /adm/obj/master
呼叫来自：/adm/obj/master.lpc 的 log_error() 第 140 行，物件： /adm/obj/master，地方:<none>

执行时段错误：*Wrong permissions for opening file /u/snow/log for append.
"Is a directory"

程式：/adm/obj/master.lpc 第 140 行
物件: /adm/obj/master
呼叫来自：/adm/obj/master.lpc 的 log_error() 第 140 行，物件： /adm/obj/master，地方:<none>

执行时段错误：*Wrong permissions for opening file /u/snow/log for append.
"Is a directory"

程式：/adm/obj/master.lpc 第 140 行
物件: /adm/obj/master
呼叫来自：/adm/obj/master.lpc 的 log_error() 第 140 行，物件： /adm/obj/master，地方:<none>

执行时段错误：*Wrong permissions for opening file /u/snow/log for append.
"Is a directory"

程式：/adm/obj/master.lpc 第 140 行
物件: /adm/obj/master
呼叫来自：/adm/obj/master.lpc 的 log_error() 第 140 行，物件： /adm/obj/master，地方:<none>

执行时段错误：*Wrong permissions for opening file /u/snow/log for append.
"Is a directory"

程式：/adm/obj/master.lpc 第 140 行
物件: /adm/obj/master
呼叫来自：/adm/obj/master.lpc 的 log_error() 第 140 行，物件： /adm/obj/master，地方:<none>

执行时段错误：*Wrong permissions for opening file /u/snow/log for append.
"Is a directory"

程式：/adm/obj/master.lpc 第 140 行
物件: /adm/obj/master
呼叫来自：/adm/obj/master.lpc 的 log_error() 第 140 行，物件： /adm/obj/master，地方:<none>

执行时段错误：*Wrong permissions for opening file /u/snow/log for append.
"Is a directory"

程式：/adm/obj/master.lpc 第 140 行
物件: /adm/obj/master
呼叫来自：/adm/obj/master.lpc 的 log_error() 第 140 行，物件： /adm/obj/master，地方:<none>

执行时段错误：*Wrong permissions for opening file /u/snow/log for append.
"Is a directory"

程式：/adm/obj/master.lpc 第 140 行
物件: /adm/obj/master
呼叫来自：/adm/obj/master.lpc 的 log_error() 第 140 行，物件： /adm/obj/master，地方:<none>

执行时段错误：*Wrong permissions for opening file /u/snow/log for append.
"Is a directory"

程式：/adm/obj/master.lpc 第 140 行
物件: /adm/obj/master
呼叫来自：/adm/obj/master.lpc 的 log_error() 第 140 行，物件： /adm/obj/master，地方:<none>

执行时段错误：*Wrong permissions for opening file /u/snow/log for append.
"Is a directory"

程式：/adm/obj/master.lpc 第 140 行
物件: /adm/obj/master
呼叫来自：/adm/obj/master.lpc 的 log_error() 第 140 行，物件： /adm/obj/master，地方:<none>

执行时段错误：*Wrong permissions for opening file /u/snow/log for append.
"Is a directory"

程式：/adm/obj/master.lpc 第 140 行
物件: /adm/obj/master
呼叫来自：/adm/obj/master.lpc 的 log_error() 第 140 行，物件： /adm/obj/master，地方:<none>

执行时段错误：*Wrong permissions for opening file /u/snow/log for append.
"Is a directory"

程式：/adm/obj/master.lpc 第 140 行
物件: /adm/obj/master
呼叫来自：/adm/obj/master.lpc 的 log_error() 第 140 行，物件： /adm/obj/master，地方:<none>

执行时段错误：*Wrong permissions for opening file /u/snow/log for append.
"Is a directory"

程式：/adm/obj/master.lpc 第 140 行
物件: /adm/obj/master
呼叫来自：/adm/obj/master.lpc 的 log_error() 第 140 行，物件： /adm/obj/master，地方:<none>

执行时段错误：*Wrong permissions for opening file /u/snow/log for append.
"Is a directory"

程式：/adm/obj/master.lpc 第 140 行
物件: /adm/obj/master
呼叫来自：/adm/obj/master.lpc 的 log_error() 第 140 行，物件： /adm/obj/master，地方:<none>

执行时段错误：*Wrong permissions for opening file /u/snow/log for append.
"Is a directory"

程式：/adm/obj/master.lpc 第 140 行
物件: /adm/obj/master
呼叫来自：/adm/obj/master.lpc 的 log_error() 第 140 行，物件： /adm/obj/master，地方:<none>

执行时段错误：*Wrong permissions for opening file /u/snow/log for append.
"Is a directory"

程式：/adm/obj/master.lpc 第 140 行
物件: /adm/obj/master
呼叫来自：/adm/obj/master.lpc 的 log_error() 第 140 行，物件： /adm/obj/master，地方:<none>

执行时段错误：*Wrong permissions for opening file /u/snow/log for append.
"Is a directory"

程式：/adm/obj/master.lpc 第 140 行
物件: /adm/obj/master
呼叫来自：/u/snow/wudujiao/npc/dizi.lpc 的 create() 第 30 行，物件： /u/snow/wudujiao/npc/dizi ("五毒教弟子")，地方:<none>
呼叫来自：/inherit/char/npc.lpc 的 carry_object() 第 14 行，物件： /u/snow/wudujiao/npc/dizi ("五毒教弟子")，地方:<none>
呼叫来自：/adm/obj/master.lpc 的 log_error() 第 140 行，物件： /adm/obj/master，地方:<none>

执行时段错误：*Wrong permissions for opening file /u/snow/log for append.
"Is a directory"

程式：/adm/obj/master.lpc 第 140 行
物件: /adm/obj/master
呼叫来自：/u/snow/wudujiao/npc/dizi.lpc 的 create() 第 30 行，物件： /u/snow/wudujiao/npc/dizi ("五毒教弟子")，地方:<none>
呼叫来自：/inherit/char/npc.lpc 的 carry_object() 第 14 行，物件： /u/snow/wudujiao/npc/dizi ("五毒教弟子")，地方:<none>
呼叫来自：/adm/obj/master.lpc 的 log_error() 第 140 行，物件： /adm/obj/master，地方:<none>

执行时段错误：*Wrong permissions for opening file /u/snow/log for append.
"Is a directory"

程式：/adm/obj/master.lpc 第 140 行
物件: /adm/obj/master
呼叫来自：/u/snow/wudujiao/npc/dizi.lpc 的 create() 第 30 行，物件： /u/snow/wudujiao/npc/dizi ("五毒教弟子")，地方:<none>
呼叫来自：/inherit/char/npc.lpc 的 carry_object() 第 14 行，物件： /u/snow/wudujiao/npc/dizi ("五毒教弟子")，地方:<none>
呼叫来自：/adm/obj/master.lpc 的 log_error() 第 140 行，物件： /adm/obj/master，地方:<none>

执行时段错误：*No program in object '/u/snow/wudujiao/npc/obj/ganggou'!

程式：/inherit/char/npc.lpc 第 14 行
物件: /u/snow/wudujiao/npc/dizi
呼叫来自：/u/snow/wudujiao/npc/dizi.lpc 的 create() 第 30 行，物件： /u/snow/wudujiao/npc/dizi ("五毒教弟子")，地方:<none>
呼叫来自：/inherit/char/npc.lpc 的 carry_object() 第 14 行，物件： /u/snow/wudujiao/npc/dizi ("五毒教弟子")，地方:<none>

执行时段错误：*Wrong permissions for opening file /u/snow/log for append.
"Is a directory"

程式：/adm/obj/master.lpc 第 140 行
物件: /adm/obj/master
呼叫来自：/adm/obj/master.lpc 的 log_error() 第 140 行，物件： /adm/obj/master，地方:<none>

执行时段错误：*Wrong permissions for opening file /u/snow/log for append.
"Is a directory"

程式：/adm/obj/master.lpc 第 140 行
物件: /adm/obj/master
呼叫来自：/adm/obj/master.lpc 的 log_error() 第 140 行，物件： /adm/obj/master，地方:<none>

执行时段错误：*Wrong permissions for opening file /u/snow/log for append.
"Is a directory"

程式：/adm/obj/master.lpc 第 140 行
物件: /adm/obj/master
呼叫来自：/adm/obj/master.lpc 的 log_error() 第 140 行，物件： /adm/obj/master，地方:<none>

执行时段错误：*Wrong permissions for opening file /u/snow/log for append.
"Is a directory"

程式：/adm/obj/master.lpc 第 140 行
物件: /adm/obj/master
呼叫来自：/adm/obj/master.lpc 的 log_error() 第 140 行，物件： /adm/obj/master，地方:<none>

执行时段错误：*Wrong permissions for opening file /u/snow/log for append.
"Is a directory"

程式：/adm/obj/master.lpc 第 140 行
物件: /adm/obj/master
呼叫来自：/adm/obj/master.lpc 的 log_error() 第 140 行，物件： /adm/obj/master，地方:<none>

执行时段错误：*Wrong permissions for opening file /u/snow/log for append.
"Is a directory"

程式：/adm/obj/master.lpc 第 140 行
物件: /adm/obj/master
呼叫来自：/adm/obj/master.lpc 的 log_error() 第 140 行，物件： /adm/obj/master，地方:<none>

执行时段错误：*Wrong permissions for opening file /u/snow/log for append.
"Is a directory"

程式：/adm/obj/master.lpc 第 140 行
物件: /adm/obj/master
呼叫来自：/adm/obj/master.lpc 的 log_error() 第 140 行，物件： /adm/obj/master，地方:<none>

执行时段错误：*Wrong permissions for opening file /u/snow/log for append.
"Is a directory"

程式：/adm/obj/master.lpc 第 140 行
物件: /adm/obj/master
呼叫来自：/adm/obj/master.lpc 的 log_error() 第 140 行，物件： /adm/obj/master，地方:<none>

执行时段错误：*Wrong permissions for opening file /u/snow/log for append.
"Is a directory"

程式：/adm/obj/master.lpc 第 140 行
物件: /adm/obj/master
呼叫来自：/adm/obj/master.lpc 的 log_error() 第 140 行，物件： /adm/obj/master，地方:<none>

执行时段错误：*Wrong permissions for opening file /u/snow/log for append.
"Is a directory"

程式：/adm/obj/master.lpc 第 140 行
物件: /adm/obj/master
呼叫来自：/adm/obj/master.lpc 的 log_error() 第 140 行，物件： /adm/obj/master，地方:<none>

执行时段错误：*Wrong permissions for opening file /u/snow/log for append.
"Is a directory"

程式：/adm/obj/master.lpc 第 140 行
物件: /adm/obj/master
呼叫来自：/adm/obj/master.lpc 的 log_error() 第 140 行，物件： /adm/obj/master，地方:<none>

执行时段错误：*Wrong permissions for opening file /u/snow/log for append.
"Is a directory"

程式：/adm/obj/master.lpc 第 140 行
物件: /adm/obj/master
呼叫来自：/adm/obj/master.lpc 的 log_error() 第 140 行，物件： /adm/obj/master，地方:<none>

执行时段错误：*Wrong permissions for opening file /u/snow/log for append.
"Is a directory"

程式：/adm/obj/master.lpc 第 140 行
物件: /adm/obj/master
呼叫来自：/adm/obj/master.lpc 的 log_error() 第 140 行，物件： /adm/obj/master，地方:<none>

执行时段错误：*Wrong permissions for opening file /u/snow/log for append.
"Is a directory"

程式：/adm/obj/master.lpc 第 140 行
物件: /adm/obj/master
呼叫来自：/adm/obj/master.lpc 的 log_error() 第 140 行，物件： /adm/obj/master，地方:<none>

执行时段错误：*Wrong permissions for opening file /u/snow/log for append.
"Is a directory"

程式：/adm/obj/master.lpc 第 140 行
物件: /adm/obj/master
呼叫来自：/adm/obj/master.lpc 的 log_error() 第 140 行，物件： /adm/obj/master，地方:<none>

执行时段错误：*Wrong permissions for opening file /u/snow/log for append.
"Is a directory"

程式：/adm/obj/master.lpc 第 140 行
物件: /adm/obj/master
呼叫来自：/adm/obj/master.lpc 的 log_error() 第 140 行，物件： /adm/obj/master，地方:<none>

执行时段错误：*Wrong permissions for opening file /u/snow/log for append.
"Is a directory"

程式：/adm/obj/master.lpc 第 140 行
物件: /adm/obj/master
呼叫来自：/adm/obj/master.lpc 的 log_error() 第 140 行，物件： /adm/obj/master，地方:<none>

执行时段错误：*Wrong permissions for opening file /u/snow/log for append.
"Is a directory"

程式：/adm/obj/master.lpc 第 140 行
物件: /adm/obj/master
呼叫来自：/adm/obj/master.lpc 的 log_error() 第 140 行，物件： /adm/obj/master，地方:<none>

执行时段错误：*Wrong permissions for opening file /u/snow/log for append.
"Is a directory"

程式：/adm/obj/master.lpc 第 140 行
物件: /adm/obj/master
呼叫来自：/adm/obj/master.lpc 的 log_error() 第 140 行，物件： /adm/obj/master，地方:<none>

执行时段错误：*Wrong permissions for opening file /u/snow/log for append.
"Is a directory"

程式：/adm/obj/master.lpc 第 140 行
物件: /adm/obj/master
呼叫来自：/adm/obj/master.lpc 的 log_error() 第 140 行，物件： /adm/obj/master，地方:<none>

执行时段错误：*Wrong permissions for opening file /u/snow/log for append.
"Is a directory"

程式：/adm/obj/master.lpc 第 140 行
物件: /adm/obj/master
呼叫来自：/adm/obj/master.lpc 的 log_error() 第 140 行，物件： /adm/obj/master，地方:<none>

执行时段错误：*Wrong permissions for opening file /u/snow/log for append.
"Is a directory"

程式：/adm/obj/master.lpc 第 140 行
物件: /adm/obj/master
呼叫来自：/adm/obj/master.lpc 的 log_error() 第 140 行，物件： /adm/obj/master，地方:<none>

执行时段错误：*Wrong permissions for opening file /u/snow/log for append.
"Is a directory"

程式：/adm/obj/master.lpc 第 140 行
物件: /adm/obj/master
呼叫来自：/adm/obj/master.lpc 的 log_error() 第 140 行，物件： /adm/obj/master，地方:<none>

执行时段错误：*Wrong permissions for opening file /u/snow/log for append.
"Is a directory"

程式：/adm/obj/master.lpc 第 140 行
物件: /adm/obj/master
呼叫来自：/adm/obj/master.lpc 的 log_error() 第 140 行，物件： /adm/obj/master，地方:<none>

执行时段错误：*Wrong permissions for opening file /u/snow/log for append.
"Is a directory"

程式：/adm/obj/master.lpc 第 140 行
物件: /adm/obj/master
呼叫来自：/adm/obj/master.lpc 的 log_error() 第 140 行，物件： /adm/obj/master，地方:<none>

执行时段错误：*Wrong permissions for opening file /u/snow/log for append.
"Is a directory"

程式：/adm/obj/master.lpc 第 140 行
物件: /adm/obj/master
呼叫来自：/adm/obj/master.lpc 的 log_error() 第 140 行，物件： /adm/obj/master，地方:<none>

执行时段错误：*Wrong permissions for opening file /u/snow/log for append.
"Is a directory"

程式：/adm/obj/master.lpc 第 140 行
物件: /adm/obj/master
呼叫来自：/adm/obj/master.lpc 的 log_error() 第 140 行，物件： /adm/obj/master，地方:<none>

执行时段错误：*Wrong permissions for opening file /u/snow/log for append.
"Is a directory"

程式：/adm/obj/master.lpc 第 140 行
物件: /adm/obj/master
呼叫来自：/adm/obj/master.lpc 的 log_error() 第 140 行，物件： /adm/obj/master，地方:<none>

执行时段错误：*Wrong permissions for opening file /u/snow/log for append.
"Is a directory"

程式：/adm/obj/master.lpc 第 140 行
物件: /adm/obj/master
呼叫来自：/adm/obj/master.lpc 的 log_error() 第 140 行，物件： /adm/obj/master，地方:<none>

执行时段错误：*Wrong permissions for opening file /u/snow/log for append.
"Is a directory"

程式：/adm/obj/master.lpc 第 140 行
物件: /adm/obj/master
呼叫来自：/adm/obj/master.lpc 的 log_error() 第 140 行，物件： /adm/obj/master，地方:<none>

执行时段错误：*Wrong permissions for opening file /u/snow/log for append.
"Is a directory"

程式：/adm/obj/master.lpc 第 140 行
物件: /adm/obj/master
呼叫来自：/adm/obj/master.lpc 的 log_error() 第 140 行，物件： /adm/obj/master，地方:<none>

执行时段错误：*Wrong permissions for opening file /u/snow/log for append.
"Is a directory"

程式：/adm/obj/master.lpc 第 140 行
物件: /adm/obj/master
呼叫来自：/adm/obj/master.lpc 的 log_error() 第 140 行，物件： /adm/obj/master，地方:<none>

执行时段错误：*Wrong permissions for opening file /u/snow/log for append.
"Is a directory"

程式：/adm/obj/master.lpc 第 140 行
物件: /adm/obj/master
呼叫来自：/adm/obj/master.lpc 的 log_error() 第 140 行，物件： /adm/obj/master，地方:<none>

执行时段错误：*Wrong permissions for opening file /u/snow/log for append.
"Is a directory"

程式：/adm/obj/master.lpc 第 140 行
物件: /adm/obj/master
呼叫来自：/adm/obj/master.lpc 的 log_error() 第 140 行，物件： /adm/obj/master，地方:<none>

执行时段错误：*Bad argument 1 to explode()
Expected: string Got: 0.

程式：/u/fyue/questd.lpc 第 26 行
物件: /u/fyue/questd
呼叫来自：/u/fyue/questd.lpc 的 create() 第 26 行，物件： /u/fyue/questd，地方:<none>

执行时段错误：*No program in object '/u/fyue/user'!

程式：0 第 0 行
物件: /adm/obj/master

执行时段错误：*Bad argument 1 to EFUN call_other()
Expected: object, string, array,  Got: int(0).

程式：/inherit/room/room.lpc 第 23 行
物件: /u/fyue/huashan/liangong3
呼叫来自：/u/fyue/huashan/liangong3.lpc 的 create() 第 21 行，物件： /u/fyue/huashan/liangong3，地方:<none>
呼叫来自：/inherit/room/room.lpc 的 setup() 第 189 行，物件： /u/fyue/huashan/liangong3，地方:<none>
呼叫来自：/inherit/room/room.lpc 的 reset() 第 80 行，物件： /u/fyue/huashan/liangong3，地方:<none>
呼叫来自：/inherit/room/room.lpc 的 make_inventory() 第 23 行，物件： /u/fyue/huashan/liangong3，地方:<none>

执行时段错误：*Bad argument 1 to EFUN call_other()
Expected: object, string, array,  Got: int(0).

程式：/inherit/room/room.lpc 第 23 行
物件: /u/fyue/huashan/siguoya
呼叫来自：/u/fyue/huashan/siguoya.lpc 的 create() 第 23 行，物件： /u/fyue/huashan/siguoya，地方:<none>
呼叫来自：/inherit/room/room.lpc 的 setup() 第 189 行，物件： /u/fyue/huashan/siguoya，地方:<none>
呼叫来自：/inherit/room/room.lpc 的 reset() 第 71 行，物件： /u/fyue/huashan/siguoya，地方:<none>
呼叫来自：/inherit/room/room.lpc 的 make_inventory() 第 23 行，物件： /u/fyue/huashan/siguoya，地方:<none>

执行时段错误：*Bad argument 1 to EFUN call_other()
Expected: object, string, array,  Got: int(0).

程式：/inherit/room/room.lpc 第 23 行
物件: /u/fyue/huashan/qianchi
呼叫来自：/u/fyue/huashan/qianchi.lpc 的 create() 第 22 行，物件： /u/fyue/huashan/qianchi，地方:<none>
呼叫来自：/inherit/room/room.lpc 的 setup() 第 189 行，物件： /u/fyue/huashan/qianchi，地方:<none>
呼叫来自：/inherit/room/room.lpc 的 reset() 第 80 行，物件： /u/fyue/huashan/qianchi，地方:<none>
呼叫来自：/inherit/room/room.lpc 的 make_inventory() 第 23 行，物件： /u/fyue/huashan/qianchi，地方:<none>

执行时段错误：*Bad argument 1 to EFUN call_other()
Expected: object, string, array,  Got: int(0).

程式：/inherit/room/room.lpc 第 23 行
物件: /u/fyue/huashan/canglong
呼叫来自：/u/fyue/huashan/canglong.lpc 的 create() 第 29 行，物件： /u/fyue/huashan/canglong，地方:<none>
呼叫来自：/inherit/room/room.lpc 的 setup() 第 189 行，物件： /u/fyue/huashan/canglong，地方:<none>
呼叫来自：/inherit/room/room.lpc 的 reset() 第 71 行，物件： /u/fyue/huashan/canglong，地方:<none>
呼叫来自：/inherit/room/room.lpc 的 make_inventory() 第 23 行，物件： /u/fyue/huashan/canglong，地方:<none>

执行时段错误：*Bad argument 1 to EFUN call_other()
Expected: object, string, array,  Got: int(0).

程式：/inherit/room/room.lpc 第 23 行
物件: /u/fyue/huashan/laojun
呼叫来自：/u/fyue/huashan/laojun.lpc 的 create() 第 21 行，物件： /u/fyue/huashan/laojun，地方:<none>
呼叫来自：/inherit/room/room.lpc 的 setup() 第 189 行，物件： /u/fyue/huashan/laojun，地方:<none>
呼叫来自：/inherit/room/room.lpc 的 reset() 第 71 行，物件： /u/fyue/huashan/laojun，地方:<none>
呼叫来自：/inherit/room/room.lpc 的 make_inventory() 第 23 行，物件： /u/fyue/huashan/laojun，地方:<none>

执行时段错误：*Bad argument 1 to EFUN call_other()
Expected: object, string, array,  Got: int(0).

程式：/inherit/room/room.lpc 第 23 行
物件: /u/fyue/huashan/shaluo
呼叫来自：/u/fyue/huashan/shaluo.lpc 的 create() 第 22 行，物件： /u/fyue/huashan/shaluo，地方:<none>
呼叫来自：/inherit/room/room.lpc 的 setup() 第 189 行，物件： /u/fyue/huashan/shaluo，地方:<none>
呼叫来自：/inherit/room/room.lpc 的 reset() 第 80 行，物件： /u/fyue/huashan/shaluo，地方:<none>
呼叫来自：/inherit/room/room.lpc 的 make_inventory() 第 23 行，物件： /u/fyue/huashan/shaluo，地方:<none>

执行时段错误：*Bad argument 1 to EFUN call_other()
Expected: object, string, array,  Got: int(0).

程式：/inherit/room/room.lpc 第 23 行
物件: /u/fyue/huashan/buwei1
呼叫来自：/u/fyue/huashan/buwei1.lpc 的 create() 第 22 行，物件： /u/fyue/huashan/buwei1，地方:<none>
呼叫来自：/inherit/room/room.lpc 的 setup() 第 189 行，物件： /u/fyue/huashan/buwei1，地方:<none>
呼叫来自：/inherit/room/room.lpc 的 reset() 第 71 行，物件： /u/fyue/huashan/buwei1，地方:<none>
呼叫来自：/inherit/room/room.lpc 的 make_inventory() 第 23 行，物件： /u/fyue/huashan/buwei1，地方:<none>

执行时段错误：*Bad argument 1 to EFUN call_other()
Expected: object, string, array,  Got: int(0).

程式：/inherit/room/room.lpc 第 23 行
物件: /u/fyue/huashan/zhenyue
呼叫来自：/u/fyue/huashan/zhenyue.lpc 的 create() 第 22 行，物件： /u/fyue/huashan/zhenyue，地方:<none>
呼叫来自：/inherit/room/room.lpc 的 setup() 第 189 行，物件： /u/fyue/huashan/zhenyue，地方:<none>
呼叫来自：/inherit/room/room.lpc 的 reset() 第 71 行，物件： /u/fyue/huashan/zhenyue，地方:<none>
呼叫来自：/inherit/room/room.lpc 的 make_inventory() 第 23 行，物件： /u/fyue/huashan/zhenyue，地方:<none>

执行时段错误：*Bad argument 1 to EFUN call_other()
Expected: object, string, array,  Got: int(0).

程式：/inherit/room/room.lpc 第 23 行
物件: /u/fyue/huashan/liangong2
呼叫来自：/u/fyue/huashan/liangong2.lpc 的 create() 第 23 行，物件： /u/fyue/huashan/liangong2，地方:<none>
呼叫来自：/inherit/room/room.lpc 的 setup() 第 189 行，物件： /u/fyue/huashan/liangong2，地方:<none>
呼叫来自：/inherit/room/room.lpc 的 reset() 第 80 行，物件： /u/fyue/huashan/liangong2，地方:<none>
呼叫来自：/inherit/room/room.lpc 的 make_inventory() 第 23 行，物件： /u/fyue/huashan/liangong2，地方:<none>

执行时段错误：*Bad argument 1 to EFUN call_other()
Expected: object, string, array,  Got: int(0).

程式：/inherit/room/room.lpc 第 23 行
物件: /u/fyue/huashan/yunu
呼叫来自：/u/fyue/huashan/yunu.lpc 的 create() 第 25 行，物件： /u/fyue/huashan/yunu，地方:<none>
呼叫来自：/inherit/room/room.lpc 的 setup() 第 189 行，物件： /u/fyue/huashan/yunu，地方:<none>
呼叫来自：/inherit/room/room.lpc 的 reset() 第 71 行，物件： /u/fyue/huashan/yunu，地方:<none>
呼叫来自：/inherit/room/room.lpc 的 make_inventory() 第 23 行，物件： /u/fyue/huashan/yunu，地方:<none>

执行时段错误：*Bad argument 1 to EFUN call_other()
Expected: object, string, array,  Got: int(0).

程式：/inherit/room/room.lpc 第 23 行
物件: /u/fyue/huashan/yuquan
呼叫来自：/u/fyue/huashan/yuquan.lpc 的 create() 第 18 行，物件： /u/fyue/huashan/yuquan，地方:<none>
呼叫来自：/inherit/room/room.lpc 的 setup() 第 189 行，物件： /u/fyue/huashan/yuquan，地方:<none>
呼叫来自：/inherit/room/room.lpc 的 reset() 第 71 行，物件： /u/fyue/huashan/yuquan，地方:<none>
呼叫来自：/inherit/room/room.lpc 的 make_inventory() 第 23 行，物件： /u/fyue/huashan/yuquan，地方:<none>

执行时段错误：*Bad argument 1 to EFUN call_other()
Expected: object, string, array,  Got: int(0).

程式：/inherit/room/room.lpc 第 23 行
物件: /u/fyue/huashan/square
呼叫来自：/u/fyue/huashan/square.lpc 的 create() 第 24 行，物件： /u/fyue/huashan/square，地方:<none>
呼叫来自：/inherit/room/room.lpc 的 setup() 第 189 行，物件： /u/fyue/huashan/square，地方:<none>
呼叫来自：/inherit/room/room.lpc 的 reset() 第 71 行，物件： /u/fyue/huashan/square，地方:<none>
呼叫来自：/inherit/room/room.lpc 的 make_inventory() 第 23 行，物件： /u/fyue/huashan/square，地方:<none>

执行时段错误：*Bad argument 1 to EFUN call_other()
Expected: object, string, array,  Got: int(0).

程式：/inherit/room/room.lpc 第 23 行
物件: /u/fyue/huashan/xiaodian
呼叫来自：/u/fyue/huashan/xiaodian.lpc 的 create() 第 19 行，物件： /u/fyue/huashan/xiaodian，地方:<none>
呼叫来自：/inherit/room/room.lpc 的 setup() 第 189 行，物件： /u/fyue/huashan/xiaodian，地方:<none>
呼叫来自：/inherit/room/room.lpc 的 reset() 第 71 行，物件： /u/fyue/huashan/xiaodian，地方:<none>
呼叫来自：/inherit/room/room.lpc 的 make_inventory() 第 23 行，物件： /u/fyue/huashan/xiaodian，地方:<none>

执行时段错误：*No program in object '/u/fyue/huashan/map'!

程式：0 第 0 行
物件: /adm/obj/master

执行时段错误：*No program in object '/u/fyue/mjlady3'!

程式：/inherit/room/room.lpc 第 22 行
物件: /u/fyue/mjroom
呼叫来自：/u/fyue/mjroom.lpc 的 create() 第 40 行，物件： /u/fyue/mjroom，地方:<none>
呼叫来自：/inherit/room/room.lpc 的 setup() 第 189 行，物件： /u/fyue/mjroom，地方:<none>
呼叫来自：/inherit/room/room.lpc 的 reset() 第 71 行，物件： /u/fyue/mjroom，地方:<none>
呼叫来自：/inherit/room/room.lpc 的 make_inventory() 第 22 行，物件： /u/fyue/mjroom，地方:<none>

执行时段错误：*No program in object '/adm/daemons/network/ms'!

程式：0 第 0 行
物件: /adm/obj/master

执行时段错误：*No program in object '/adm/daemons/network/userid'!

程式：0 第 0 行
物件: /adm/obj/master

执行时段错误：*No program in object '/adm/daemons/network/pingtcp'!

程式：0 第 0 行
物件: /adm/obj/master

执行时段错误：*No program in object '/adm/daemons/network/mail_serv'!

程式：0 第 0 行
物件: /adm/obj/master

执行时段错误：*No program in object '/adm/daemons/network/netmail'!

程式：0 第 0 行
物件: /adm/obj/master

执行时段错误：*No program in object '/adm/daemons/network/telnetd'!

程式：0 第 0 行
物件: /adm/obj/master

执行时段错误：*No program in object '/adm/daemons/network/pingd'!

程式：0 第 0 行
物件: /adm/obj/master

执行时段错误：*No program in object '/adm/daemons/network/inetd'!

程式：0 第 0 行
物件: /adm/obj/master

执行时段错误：*No program in object '/adm/obj/simul_efun_bak'!

程式：0 第 0 行
物件: /adm/obj/master

执行时段错误：*No program in object '/adm/simul_efun/override'!

程式：0 第 0 行
物件: /adm/obj/master

执行时段错误：*No program in object '/adm/simul_efun/user'!

程式：0 第 0 行
物件: /adm/obj/master

执行时段错误：*No program in object '/meskill/skill_model_unarmed'!

程式：0 第 0 行
物件: /adm/obj/master

执行时段错误：*No program in object '/meskill/skill_model_default'!

程式：0 第 0 行
物件: /adm/obj/master

执行时段错误：*No program in object '/meskill/skill_model_weapon'!

程式：0 第 0 行
物件: /adm/obj/master

执行时段错误：*No program in object '/cmds/usr/whotest'!

程式：0 第 0 行
物件: /adm/obj/master

执行时段错误：*No program in object '/cmds/arch/recover1'!

程式：0 第 0 行
物件: /adm/obj/master

执行时段错误：*No program in object '/cmds/arch/blockade'!

程式：0 第 0 行
物件: /adm/obj/master

执行时段错误：*No program in object '/cmds/adm/recover1'!

程式：0 第 0 行
物件: /adm/obj/master

执行时段错误：*No program in object '/cmds/wiz/tail'!

程式：0 第 0 行
物件: /adm/obj/master

执行时段错误：*No program in object '/cmds/wiz/to'!

程式：0 第 0 行
物件: /adm/obj/master

执行时段错误：*No program in object '/cmds/bos/socket'!

程式：0 第 0 行
物件: /adm/obj/master

执行时段错误：*Bad argument 1 to EFUN call_other()
Expected: object, string, array,  Got: int(0).

程式：/inherit/gems/ring.lpc 第 10 行
物件: /clone/gem/ring4
呼叫来自：/clone/gem/ring4.lpc 的 create() 第 24 行，物件： /clone/gem/ring4 ("[31m辟邪宝戒[2;37;0m")，地方:<none>
呼叫来自：/inherit/gems/ring.lpc 的 setup() 第 25 行，物件： /clone/gem/ring4 ("[31m辟邪宝戒[2;37;0m")，地方:<none>
呼叫来自：/inherit/gems/ring.lpc 的 init_sockets() 第 10 行，物件： /clone/gem/ring4 ("[31m辟邪宝戒[2;37;0m")，地方:<none>

执行时段错误：*Nesting call_out(0) level limit exceeded: 1000. 

程式：/d/npc/xiaofeng.lpc 第 149 行
物件: /d/npc/xiaofeng#131
呼叫来自：/d/npc/xiaofeng.lpc 的 waiting() 第 149 行，物件： /d/npc/xiaofeng#131 ("萧峰")，地方:/d/city/guangchang

执行时段错误：*Bad argument 1 to EFUN call_other()
Expected: object, string, array,  Got: int(0).

程式：/kungfu/skill/huang.lpc 第 135 行
物件: /kungfu/skill/huang
呼叫来自：/kungfu/skill/huang.lpc 的 create() 第 135 行，物件： /kungfu/skill/huang ("黄药师")，地方:<none>

执行时段错误：*No program in object '/kungfu/skill/iceforce/chillgaze'!

程式：0 第 0 行
物件: /adm/obj/master

执行时段错误：*No program in object '/clone/misc/objmaker'!

程式：0 第 0 行
物件: /adm/obj/master

执行时段错误：*Nesting call_out(0) level limit exceeded: 1000. 

程式：/d/npc/xiaofeng.lpc 第 149 行
物件: /d/npc/xiaofeng#131
呼叫来自：/d/npc/xiaofeng.lpc 的 waiting() 第 149 行，物件： /d/npc/xiaofeng#131 ("萧峰")，地方:/d/city/guangchang

执行时段错误：*Bad argument 1 to EFUN call_other()
Expected: object, string, array,  Got: int(0).

程式：/inherit/room/room.lpc 第 23 行
物件: /doc/mudlib/efuns/shiwu
呼叫来自：/doc/mudlib/efuns/shiwu.lpc 的 create() 第 22 行，物件： /doc/mudlib/efuns/shiwu，地方:<none>
呼叫来自：/inherit/room/room.lpc 的 setup() 第 189 行，物件： /doc/mudlib/efuns/shiwu，地方:<none>
呼叫来自：/inherit/room/room.lpc 的 reset() 第 71 行，物件： /doc/mudlib/efuns/shiwu，地方:<none>
呼叫来自：/inherit/room/room.lpc 的 make_inventory() 第 23 行，物件： /doc/mudlib/efuns/shiwu，地方:<none>

执行时段错误：*Nesting call_out(0) level limit exceeded: 1000. 

程式：/d/npc/xiaofeng.lpc 第 149 行
物件: /d/npc/xiaofeng#131
呼叫来自：/d/npc/xiaofeng.lpc 的 waiting() 第 149 行，物件： /d/npc/xiaofeng#131 ("萧峰")，地方:/d/city/kedian

执行时段错误：*Bad argument 1 to EFUN call_other()
Expected: object, string, array,  Got: int(0).

程式：/inherit/room/room.lpc 第 23 行
物件: /doc/mudlib/efuns/shiwu
呼叫来自：/doc/mudlib/efuns/shiwu.lpc 的 create() 第 22 行，物件： /doc/mudlib/efuns/shiwu，地方:<none>
呼叫来自：/inherit/room/room.lpc 的 setup() 第 189 行，物件： /doc/mudlib/efuns/shiwu，地方:<none>
呼叫来自：/inherit/room/room.lpc 的 reset() 第 71 行，物件： /doc/mudlib/efuns/shiwu，地方:<none>
呼叫来自：/inherit/room/room.lpc 的 make_inventory() 第 23 行，物件： /doc/mudlib/efuns/shiwu，地方:<none>

执行时段错误：*No program in object '/feature/vendor_sale'!

程式：0 第 0 行
物件: /adm/obj/master

执行时段错误：*No program in object '/feature/vendor_sale'!

程式：0 第 0 行
物件: /adm/obj/master

执行时段错误：*Bad argument 1 to EFUN call_other()
Expected: object, string, array,  Got: int(0).

程式：/kungfu/class/gumu/limochou.lpc 第 74 行
物件: /kungfu/class/gumu/limochou
呼叫来自：/kungfu/class/gumu/limochou.lpc 的 create() 第 74 行，物件： /kungfu/class/gumu/limochou ("李莫愁")，地方:<none>

执行时段错误：*Bad argument 1 to EFUN call_other()
Expected: object, string, array,  Got: int(0).

程式：/kungfu/class/gumu/long.lpc 第 75 行
物件: /kungfu/class/gumu/long
呼叫来自：/kungfu/class/gumu/long.lpc 的 create() 第 75 行，物件： /kungfu/class/gumu/long ("小龙女")，地方:<none>

执行时段错误：*Bad argument 1 to EFUN call_other()
Expected: object, string, array,  Got: int(0).

程式：/kungfu/skill/swsb-shou.lpc 第 9 行
物件: /kungfu/skill/swsb-shou
呼叫来自：/kungfu/skill/swsb-shou.lpc 的 #global_init#() 第 9 行，物件： /kungfu/skill/swsb-shou，地方:<none>

执行时段错误：*Bad argument 1 to EFUN call_other()
Expected: object, string, array,  Got: int(0).

程式：/kungfu/skill/wudu-shenzhang.lpc 第 10 行
物件: /kungfu/skill/wudu-shenzhang
呼叫来自：/kungfu/skill/wudu-shenzhang.lpc 的 #global_init#() 第 10 行，物件： /kungfu/skill/wudu-shenzhang，地方:<none>

执行时段错误：*Bad argument 1 to EFUN call_other()
Expected: object, string, array,  Got: int(0).

程式：/kungfu/skill/huang.lpc 第 135 行
物件: /kungfu/skill/huang
呼叫来自：/kungfu/skill/huang.lpc 的 create() 第 135 行，物件： /kungfu/skill/huang ("黄药师")，地方:<none>

执行时段错误：*Bad argument 1 to EFUN call_other()
Expected: object, string, array,  Got: int(0).

程式：/kungfu/skill/xuantie-jianfa.lpc 第 7 行
物件: /kungfu/skill/xuantie-jianfa
呼叫来自：/kungfu/skill/xuantie-jianfa.lpc 的 #global_init#() 第 7 行，物件： /kungfu/skill/xuantie-jianfa，地方:<none>

执行时段错误：*Bad argument 1 to EFUN call_other()
Expected: object, string, array,  Got: int(0).

程式：/kungfu/skill/duanyun-bian.lpc 第 9 行
物件: /kungfu/skill/duanyun-bian
呼叫来自：/kungfu/skill/duanyun-bian.lpc 的 #global_init#() 第 9 行，物件： /kungfu/skill/duanyun-bian，地方:<none>

执行时段错误：*Bad argument 1 to EFUN call_other()
Expected: object, string, array,  Got: int(0).

程式：/kungfu/skill/anranxiaohun-zhang.lpc 第 9 行
物件: /kungfu/skill/anranxiaohun-zhang
呼叫来自：/kungfu/skill/anranxiaohun-zhang.lpc 的 #global_init#() 第 9 行，物件： /kungfu/skill/anranxiaohun-zhang，地方:<none>

执行时段错误：*No program in object '/kungfu/skill/quanzhen-xinfa'!

程式：0 第 0 行
物件: /adm/obj/master

执行时段错误：*Bad argument 1 to EFUN call_other()
Expected: object, string, array,  Got: int(0).

程式：/kungfu/skill/adai-quanfa.lpc 第 9 行
物件: /kungfu/skill/adai-quanfa
呼叫来自：/kungfu/skill/adai-quanfa.lpc 的 #global_init#() 第 9 行，物件： /kungfu/skill/adai-quanfa，地方:<none>

执行时段错误：*Bad argument 1 to EFUN call_other()
Expected: object, string, array,  Got: int(0).

程式：/quest/weiguo/jinbing/japan4.lpc 第 73 行
物件: /quest/weiguo/jinbing/japan4
呼叫来自：/quest/weiguo/jinbing/japan4.lpc 的 create() 第 73 行，物件： /quest/weiguo/jinbing/japan4 ("富冈俊树")，地方:<none>

执行时段错误：*No program in object '/clone/weapon/panguanbi'!

程式：0 第 0 行
物件: /adm/obj/master

执行时段错误：*Bad argument 1 to EFUN call_other()
Expected: object, string, array,  Got: int(0).

程式：/inherit/gems/ring.lpc 第 10 行
物件: /clone/gem/ring4
呼叫来自：/clone/gem/ring4.lpc 的 create() 第 24 行，物件： /clone/gem/ring4 ("[31m辟邪宝戒[2;37;0m")，地方:<none>
呼叫来自：/inherit/gems/ring.lpc 的 setup() 第 25 行，物件： /clone/gem/ring4 ("[31m辟邪宝戒[2;37;0m")，地方:<none>
呼叫来自：/inherit/gems/ring.lpc 的 init_sockets() 第 10 行，物件： /clone/gem/ring4 ("[31m辟邪宝戒[2;37;0m")，地方:<none>

执行时段错误：*Bad argument 1 to EFUN call_other()
Expected: object, string, array,  Got: int(0).

程式：/inherit/gems/ring.lpc 第 10 行
物件: /clone/gem/ring6
呼叫来自：/clone/gem/ring6.lpc 的 create() 第 25 行，物件： /clone/gem/ring6 ("[1;36m三清神戒[2;37;0m")，地方:<none>
呼叫来自：/inherit/gems/ring.lpc 的 setup() 第 25 行，物件： /clone/gem/ring6 ("[1;36m三清神戒[2;37;0m")，地方:<none>
呼叫来自：/inherit/gems/ring.lpc 的 init_sockets() 第 10 行，物件： /clone/gem/ring6 ("[1;36m三清神戒[2;37;0m")，地方:<none>

执行时段错误：*Bad argument 1 to EFUN call_other()
Expected: object, string, array,  Got: int(0).

程式：/inherit/gems/ring.lpc 第 10 行
物件: /clone/gem/ring0
呼叫来自：/clone/gem/ring0.lpc 的 create() 第 25 行，物件： /clone/gem/ring0 ("[1;37m天地神戒[2;37;0m")，地方:<none>
呼叫来自：/inherit/gems/ring.lpc 的 setup() 第 25 行，物件： /clone/gem/ring0 ("[1;37m天地神戒[2;37;0m")，地方:<none>
呼叫来自：/inherit/gems/ring.lpc 的 init_sockets() 第 10 行，物件： /clone/gem/ring0 ("[1;37m天地神戒[2;37;0m")，地方:<none>

执行时段错误：*Bad argument 1 to EFUN call_other()
Expected: object, string, array,  Got: int(0).

程式：/inherit/gems/ring.lpc 第 10 行
物件: /clone/gem/ring2
呼叫来自：/clone/gem/ring2.lpc 的 create() 第 24 行，物件： /clone/gem/ring2 ("[32m九幽宝戒[2;37;0m")，地方:<none>
呼叫来自：/inherit/gems/ring.lpc 的 setup() 第 25 行，物件： /clone/gem/ring2 ("[32m九幽宝戒[2;37;0m")，地方:<none>
呼叫来自：/inherit/gems/ring.lpc 的 init_sockets() 第 10 行，物件： /clone/gem/ring2 ("[32m九幽宝戒[2;37;0m")，地方:<none>

执行时段错误：*Bad argument 1 to EFUN call_other()
Expected: object, string, array,  Got: int(0).

程式：/inherit/gems/ring.lpc 第 10 行
物件: /clone/gem/ring8
呼叫来自：/clone/gem/ring8.lpc 的 create() 第 25 行，物件： /clone/gem/ring8 ("[1;32m乾坤神戒[2;37;0m")，地方:<none>
呼叫来自：/inherit/gems/ring.lpc 的 setup() 第 25 行，物件： /clone/gem/ring8 ("[1;32m乾坤神戒[2;37;0m")，地方:<none>
呼叫来自：/inherit/gems/ring.lpc 的 init_sockets() 第 10 行，物件： /clone/gem/ring8 ("[1;32m乾坤神戒[2;37;0m")，地方:<none>

执行时段错误：*Bad argument 1 to EFUN call_other()
Expected: object, string, array,  Got: int(0).

程式：/inherit/gems/ring.lpc 第 10 行
物件: /clone/gem/ring1
呼叫来自：/clone/gem/ring1.lpc 的 create() 第 25 行，物件： /clone/gem/ring1 ("[1;34m无极神戒[2;37;0m")，地方:<none>
呼叫来自：/inherit/gems/ring.lpc 的 setup() 第 25 行，物件： /clone/gem/ring1 ("[1;34m无极神戒[2;37;0m")，地方:<none>
呼叫来自：/inherit/gems/ring.lpc 的 init_sockets() 第 10 行，物件： /clone/gem/ring1 ("[1;34m无极神戒[2;37;0m")，地方:<none>

执行时段错误：*Bad argument 1 to EFUN call_other()
Expected: object, string, array,  Got: int(0).

程式：/inherit/gems/ring.lpc 第 10 行
物件: /clone/gem/ring7
呼叫来自：/clone/gem/ring7.lpc 的 create() 第 25 行，物件： /clone/gem/ring7 ("[1;31m轩辕神戒[2;37;0m")，地方:<none>
呼叫来自：/inherit/gems/ring.lpc 的 setup() 第 25 行，物件： /clone/gem/ring7 ("[1;31m轩辕神戒[2;37;0m")，地方:<none>
呼叫来自：/inherit/gems/ring.lpc 的 init_sockets() 第 10 行，物件： /clone/gem/ring7 ("[1;31m轩辕神戒[2;37;0m")，地方:<none>

执行时段错误：*Bad argument 1 to EFUN call_other()
Expected: object, string, array,  Got: int(0).

程式：/inherit/gems/ring.lpc 第 10 行
物件: /clone/gem/ring9
呼叫来自：/clone/gem/ring9.lpc 的 create() 第 25 行，物件： /clone/gem/ring9 ("[1;35m浩气神戒[2;37;0m")，地方:<none>
呼叫来自：/inherit/gems/ring.lpc 的 setup() 第 25 行，物件： /clone/gem/ring9 ("[1;35m浩气神戒[2;37;0m")，地方:<none>
呼叫来自：/inherit/gems/ring.lpc 的 init_sockets() 第 10 行，物件： /clone/gem/ring9 ("[1;35m浩气神戒[2;37;0m")，地方:<none>

执行时段错误：*Bad argument 1 to EFUN call_other()
Expected: object, string, array,  Got: int(0).

程式：/inherit/gems/ring.lpc 第 10 行
物件: /clone/gem/ring3
呼叫来自：/clone/gem/ring3.lpc 的 create() 第 24 行，物件： /clone/gem/ring3 ("[1;33m瑶池神戒[2;37;0m")，地方:<none>
呼叫来自：/inherit/gems/ring.lpc 的 setup() 第 25 行，物件： /clone/gem/ring3 ("[1;33m瑶池神戒[2;37;0m")，地方:<none>
呼叫来自：/inherit/gems/ring.lpc 的 init_sockets() 第 10 行，物件： /clone/gem/ring3 ("[1;33m瑶池神戒[2;37;0m")，地方:<none>

执行时段错误：*Bad argument 1 to EFUN call_other()
Expected: object, string, array,  Got: int(0).

程式：/inherit/gems/ring.lpc 第 10 行
物件: /clone/gem/ring
呼叫来自：/clone/gem/ring.lpc 的 create() 第 24 行，物件： /clone/gem/ring ("[1;36m魔法戒指[2;37;0m")，地方:<none>
呼叫来自：/inherit/gems/ring.lpc 的 setup() 第 25 行，物件： /clone/gem/ring ("[1;36m魔法戒指[2;37;0m")，地方:<none>
呼叫来自：/inherit/gems/ring.lpc 的 init_sockets() 第 10 行，物件： /clone/gem/ring ("[1;36m魔法戒指[2;37;0m")，地方:<none>

执行时段错误：*Bad argument 1 to EFUN call_other()
Expected: object, string, array,  Got: int(0).

程式：/inherit/gems/ring.lpc 第 10 行
物件: /clone/gem/ring5
呼叫来自：/clone/gem/ring5.lpc 的 create() 第 24 行，物件： /clone/gem/ring5 ("[36m凝霜神戒[2;37;0m")，地方:<none>
呼叫来自：/inherit/gems/ring.lpc 的 setup() 第 25 行，物件： /clone/gem/ring5 ("[36m凝霜神戒[2;37;0m")，地方:<none>
呼叫来自：/inherit/gems/ring.lpc 的 init_sockets() 第 10 行，物件： /clone/gem/ring5 ("[36m凝霜神戒[2;37;0m")，地方:<none>

执行时段错误：*Bad argument 1 to EFUN call_other()
Expected: object, string, array,  Got: int(0).

程式：/inherit/room/room.lpc 第 23 行
物件: /clone/misc/biwu
呼叫来自：/clone/misc/biwu.lpc 的 create() 第 32 行，物件： /clone/misc/biwu，地方:<none>
呼叫来自：/inherit/room/room.lpc 的 setup() 第 189 行，物件： /clone/misc/biwu，地方:<none>
呼叫来自：/inherit/room/room.lpc 的 reset() 第 71 行，物件： /clone/misc/biwu，地方:<none>
呼叫来自：/inherit/room/room.lpc 的 make_inventory() 第 23 行，物件： /clone/misc/biwu，地方:<none>

执行时段错误：*No program in object '/clone/topten/gaoshou'!

程式：0 第 0 行
物件: /adm/obj/master

执行时段错误：*Bad argument 1 to EFUN new()
Expected: string,  Got: mapping(([ /* sizeof() == 8 */
  "time" : "甲寅年一月一日辰时三刻",
  "make" : 1,
  "lv" : 73,
  "name" : "[31m何[1;32m处[36m惹[1;33m尘[32m埃[2;37;0m",
  "or" : "千年神木",
  "type" : "剑",
  "id" : "my sword",
  "value" : 2517,
])).

程式：/inherit/char/npc.lpc 第 14 行
物件: /clone/npc/shang-shan
呼叫来自：/clone/npc/shang-shan.lpc 的 create() 第 67 行，物件： /clone/npc/shang-shan ("天鹰")，地方:<none>
呼叫来自：/inherit/char/npc.lpc 的 carry_object() 第 14 行，物件： /clone/npc/shang-shan ("天鹰")，地方:<none>

执行时段错误：*Bad argument 1 to EFUN call_other()
Expected: object, string, array,  Got: int(0).

程式：/clone/npc/robber.lpc 第 40 行
物件: /clone/npc/robber
呼叫来自：/clone/npc/robber.lpc 的 create() 第 40 行，物件： /clone/npc/robber ("蒙面强盗")，地方:<none>

执行时段错误：*Bad argument 1 to EFUN new()
Expected: string,  Got: mapping(([ /* sizeof() == 8 */
  "lv" : 163,
  "time" : "甲寅年一月一日辰时三刻",
  "make" : 1,
  "name" : "[35m莫邪剑[2;37;0m",
  "or" : "千年神木",
  "type" : "剑",
  "id" : "my sword",
  "value" : 23902,
])).

程式：/inherit/char/npc.lpc 第 14 行
物件: /clone/npc/meng-zhu
呼叫来自：/clone/npc/meng-zhu.lpc 的 create() 第 65 行，物件： /clone/npc/meng-zhu ("独孤云霄")，地方:<none>
呼叫来自：/inherit/char/npc.lpc 的 carry_object() 第 14 行，物件： /clone/npc/meng-zhu ("独孤云霄")，地方:<none>

执行时段错误：*Bad argument 1 to EFUN new()
Expected: string,  Got: mapping(([ /* sizeof() == 8 */
  "lv" : 81,
  "make" : 1,
  "time" : "甲寅年一月一日辰时三刻",
  "name" : "o︻$▅▆▇◤[2;37;0m",
  "or" : "寒丝羽竹",
  "type" : "刀",
  "id" : "my blade",
  "value" : 1836,
])).

程式：/inherit/char/npc.lpc 第 14 行
物件: /clone/npc/fa-e
呼叫来自：/clone/npc/fa-e.lpc 的 create() 第 67 行，物件： /clone/npc/fa-e ("天生就是拽")，地方:<none>
呼叫来自：/inherit/char/npc.lpc 的 carry_object() 第 14 行，物件： /clone/npc/fa-e ("天生就是拽")，地方:<none>

执行时段错误：*No program in object '/clone/box/item/26'!

程式：0 第 0 行
物件: /adm/obj/master

执行时段错误：*F_SKILL: No such skill (leg)

程式：/feature/skill.lpc 第 21 行
物件: /d/migong/lev7/npc/lev6
呼叫来自：/d/migong/lev7/dong44.lpc 的 create() 第 21 行，物件： /d/migong/lev7/dong44，地方:<none>
呼叫来自：/inherit/room/room.lpc 的 setup() 第 189 行，物件： /d/migong/lev7/dong44，地方:<none>
呼叫来自：/inherit/room/room.lpc 的 reset() 第 71 行，物件： /d/migong/lev7/dong44，地方:<none>
呼叫来自：/inherit/room/room.lpc 的 make_inventory() 第 22 行，物件： /d/migong/lev7/dong44，地方:<none>
呼叫来自：/d/migong/lev7/npc/lev6.lpc 的 create() 第 80 行，物件： /d/migong/lev7/npc/lev6 ("陶匡良")，地方:<none>
呼叫来自：/feature/skill.lpc 的 set_skill() 第 21 行，物件： /d/migong/lev7/npc/lev6 ("陶匡良")，地方:<none>

执行时段错误：*F_SKILL: No such skill (leg)

程式：/feature/skill.lpc 第 21 行
物件: /d/migong/lev7/npc/lev6#6610
呼叫来自：/d/migong/lev7/dong64.lpc 的 create() 第 20 行，物件： /d/migong/lev7/dong64，地方:<none>
呼叫来自：/inherit/room/room.lpc 的 setup() 第 189 行，物件： /d/migong/lev7/dong64，地方:<none>
呼叫来自：/inherit/room/room.lpc 的 reset() 第 71 行，物件： /d/migong/lev7/dong64，地方:<none>
呼叫来自：/inherit/room/room.lpc 的 make_inventory() 第 22 行，物件： /d/migong/lev7/dong64，地方:<none>
呼叫来自：/d/migong/lev7/npc/lev6.lpc 的 create() 第 80 行，物件： /d/migong/lev7/npc/lev6#6610 ("言俊")，地方:<none>
呼叫来自：/feature/skill.lpc 的 set_skill() 第 21 行，物件： /d/migong/lev7/npc/lev6#6610 ("言俊")，地方:<none>

执行时段错误：*F_SKILL: No such skill (leg)

程式：/feature/skill.lpc 第 21 行
物件: /d/migong/lev7/npc/lev6#6625
呼叫来自：/d/migong/lev7/dong66.lpc 的 create() 第 20 行，物件： /d/migong/lev7/dong66，地方:<none>
呼叫来自：/inherit/room/room.lpc 的 setup() 第 189 行，物件： /d/migong/lev7/dong66，地方:<none>
呼叫来自：/inherit/room/room.lpc 的 reset() 第 71 行，物件： /d/migong/lev7/dong66，地方:<none>
呼叫来自：/inherit/room/room.lpc 的 make_inventory() 第 22 行，物件： /d/migong/lev7/dong66，地方:<none>
呼叫来自：/d/migong/lev7/npc/lev6.lpc 的 create() 第 80 行，物件： /d/migong/lev7/npc/lev6#6625 ("支礼华")，地方:<none>
呼叫来自：/feature/skill.lpc 的 set_skill() 第 21 行，物件： /d/migong/lev7/npc/lev6#6625 ("支礼华")，地方:<none>

执行时段错误：*F_SKILL: No such skill (leg)

程式：/feature/skill.lpc 第 21 行
物件: /d/migong/lev7/npc/lev6#6799
呼叫来自：/d/migong/lev7/dong84.lpc 的 create() 第 20 行，物件： /d/migong/lev7/dong84，地方:<none>
呼叫来自：/inherit/room/room.lpc 的 setup() 第 189 行，物件： /d/migong/lev7/dong84，地方:<none>
呼叫来自：/inherit/room/room.lpc 的 reset() 第 71 行，物件： /d/migong/lev7/dong84，地方:<none>
呼叫来自：/inherit/room/room.lpc 的 make_inventory() 第 22 行，物件： /d/migong/lev7/dong84，地方:<none>
呼叫来自：/d/migong/lev7/npc/lev6.lpc 的 create() 第 80 行，物件： /d/migong/lev7/npc/lev6#6799 ("卞虎")，地方:<none>
呼叫来自：/feature/skill.lpc 的 set_skill() 第 21 行，物件： /d/migong/lev7/npc/lev6#6799 ("卞虎")，地方:<none>

执行时段错误：*F_SKILL: No such skill (leg)

程式：/feature/skill.lpc 第 21 行
物件: /d/migong/lev7/npc/lev6#6916
呼叫来自：/d/migong/lev7/dong94.lpc 的 create() 第 20 行，物件： /d/migong/lev7/dong94，地方:<none>
呼叫来自：/inherit/room/room.lpc 的 setup() 第 189 行，物件： /d/migong/lev7/dong94，地方:<none>
呼叫来自：/inherit/room/room.lpc 的 reset() 第 71 行，物件： /d/migong/lev7/dong94，地方:<none>
呼叫来自：/inherit/room/room.lpc 的 make_inventory() 第 22 行，物件： /d/migong/lev7/dong94，地方:<none>
呼叫来自：/d/migong/lev7/npc/lev6.lpc 的 create() 第 80 行，物件： /d/migong/lev7/npc/lev6#6916 ("吕斌")，地方:<none>
呼叫来自：/feature/skill.lpc 的 set_skill() 第 21 行，物件： /d/migong/lev7/npc/lev6#6916 ("吕斌")，地方:<none>

执行时段错误：*F_SKILL: No such skill (leg)

程式：/feature/skill.lpc 第 21 行
物件: /d/migong/lev7/npc/lev6#6955
呼叫来自：/d/migong/lev7/dong78.lpc 的 create() 第 20 行，物件： /d/migong/lev7/dong78，地方:<none>
呼叫来自：/inherit/room/room.lpc 的 setup() 第 189 行，物件： /d/migong/lev7/dong78，地方:<none>
呼叫来自：/inherit/room/room.lpc 的 reset() 第 71 行，物件： /d/migong/lev7/dong78，地方:<none>
呼叫来自：/inherit/room/room.lpc 的 make_inventory() 第 22 行，物件： /d/migong/lev7/dong78，地方:<none>
呼叫来自：/d/migong/lev7/npc/lev6.lpc 的 create() 第 80 行，物件： /d/migong/lev7/npc/lev6#6955 ("顾诚")，地方:<none>
呼叫来自：/feature/skill.lpc 的 set_skill() 第 21 行，物件： /d/migong/lev7/npc/lev6#6955 ("顾诚")，地方:<none>

执行时段错误：*F_SKILL: No such skill (leg)

程式：/feature/skill.lpc 第 21 行
物件: /d/migong/lev7/npc/lev6#7026
呼叫来自：/d/migong/lev7/dong77.lpc 的 create() 第 20 行，物件： /d/migong/lev7/dong77，地方:<none>
呼叫来自：/inherit/room/room.lpc 的 setup() 第 189 行，物件： /d/migong/lev7/dong77，地方:<none>
呼叫来自：/inherit/room/room.lpc 的 reset() 第 71 行，物件： /d/migong/lev7/dong77，地方:<none>
呼叫来自：/inherit/room/room.lpc 的 make_inventory() 第 22 行，物件： /d/migong/lev7/dong77，地方:<none>
呼叫来自：/d/migong/lev7/npc/lev6.lpc 的 create() 第 80 行，物件： /d/migong/lev7/npc/lev6#7026 ("藏叔旭")，地方:<none>
呼叫来自：/feature/skill.lpc 的 set_skill() 第 21 行，物件： /d/migong/lev7/npc/lev6#7026 ("藏叔旭")，地方:<none>

执行时段错误：*F_SKILL: No such skill (leg)

程式：/feature/skill.lpc 第 21 行
物件: /d/migong/lev7/npc/lev6#7027
呼叫来自：/d/migong/lev7/dong53.lpc 的 create() 第 20 行，物件： /d/migong/lev7/dong53，地方:<none>
呼叫来自：/inherit/room/room.lpc 的 setup() 第 189 行，物件： /d/migong/lev7/dong53，地方:<none>
呼叫来自：/inherit/room/room.lpc 的 reset() 第 71 行，物件： /d/migong/lev7/dong53，地方:<none>
呼叫来自：/inherit/room/room.lpc 的 make_inventory() 第 22 行，物件： /d/migong/lev7/dong53，地方:<none>
呼叫来自：/d/migong/lev7/npc/lev6.lpc 的 create() 第 80 行，物件： /d/migong/lev7/npc/lev6#7027 ("戚强")，地方:<none>
呼叫来自：/feature/skill.lpc 的 set_skill() 第 21 行，物件： /d/migong/lev7/npc/lev6#7027 ("戚强")，地方:<none>

执行时段错误：*F_SKILL: No such skill (leg)

程式：/feature/skill.lpc 第 21 行
物件: /d/migong/lev7/npc/lev6#7047
呼叫来自：/d/migong/lev7/dong71.lpc 的 create() 第 20 行，物件： /d/migong/lev7/dong71，地方:<none>
呼叫来自：/inherit/room/room.lpc 的 setup() 第 189 行，物件： /d/migong/lev7/dong71，地方:<none>
呼叫来自：/inherit/room/room.lpc 的 reset() 第 71 行，物件： /d/migong/lev7/dong71，地方:<none>
呼叫来自：/inherit/room/room.lpc 的 make_inventory() 第 22 行，物件： /d/migong/lev7/dong71，地方:<none>
呼叫来自：/d/migong/lev7/npc/lev6.lpc 的 create() 第 80 行，物件： /d/migong/lev7/npc/lev6#7047 ("谷梁永羽")，地方:<none>
呼叫来自：/feature/skill.lpc 的 set_skill() 第 21 行，物件： /d/migong/lev7/npc/lev6#7047 ("谷梁永羽")，地方:<none>

执行时段错误：*F_SKILL: No such skill (leg)

程式：/feature/skill.lpc 第 21 行
物件: /d/migong/lev7/npc/lev6#7069
呼叫来自：/d/migong/lev7/dong35.lpc 的 create() 第 20 行，物件： /d/migong/lev7/dong35，地方:<none>
呼叫来自：/inherit/room/room.lpc 的 setup() 第 189 行，物件： /d/migong/lev7/dong35，地方:<none>
呼叫来自：/inherit/room/room.lpc 的 reset() 第 71 行，物件： /d/migong/lev7/dong35，地方:<none>
呼叫来自：/inherit/room/room.lpc 的 make_inventory() 第 22 行，物件： /d/migong/lev7/dong35，地方:<none>
呼叫来自：/d/migong/lev7/npc/lev6.lpc 的 create() 第 80 行，物件： /d/migong/lev7/npc/lev6#7069 ("唐舟")，地方:<none>
呼叫来自：/feature/skill.lpc 的 set_skill() 第 21 行，物件： /d/migong/lev7/npc/lev6#7069 ("唐舟")，地方:<none>

执行时段错误：*F_SKILL: No such skill (leg)

程式：/feature/skill.lpc 第 21 行
物件: /d/migong/lev7/npc/lev6#7102
呼叫来自：/d/migong/lev7/dong70.lpc 的 create() 第 20 行，物件： /d/migong/lev7/dong70，地方:<none>
呼叫来自：/inherit/room/room.lpc 的 setup() 第 189 行，物件： /d/migong/lev7/dong70，地方:<none>
呼叫来自：/inherit/room/room.lpc 的 reset() 第 71 行，物件： /d/migong/lev7/dong70，地方:<none>
呼叫来自：/inherit/room/room.lpc 的 make_inventory() 第 22 行，物件： /d/migong/lev7/dong70，地方:<none>
呼叫来自：/d/migong/lev7/npc/lev6.lpc 的 create() 第 80 行，物件： /d/migong/lev7/npc/lev6#7102 ("方勇斌")，地方:<none>
呼叫来自：/feature/skill.lpc 的 set_skill() 第 21 行，物件： /d/migong/lev7/npc/lev6#7102 ("方勇斌")，地方:<none>

执行时段错误：*F_SKILL: No such skill (leg)

程式：/feature/skill.lpc 第 21 行
物件: /d/migong/obj/npc1
呼叫来自：/d/migong/obj/npc1.lpc 的 create() 第 323 行，物件： /d/migong/obj/npc1 ("缀缀[2;37;0m")，地方:<none>
呼叫来自：/feature/skill.lpc 的 set_skill() 第 21 行，物件： /d/migong/obj/npc1 ("缀缀[2;37;0m")，地方:<none>

执行时段错误：*F_SKILL: No such skill (yangsheshu)

程式：/feature/skill.lpc 第 21 行
物件: /d/migong/lev6/npc/lev9
呼叫来自：/d/migong/lev6/dong82.lpc 的 create() 第 20 行，物件： /d/migong/lev6/dong82，地方:<none>
呼叫来自：/inherit/room/room.lpc 的 setup() 第 189 行，物件： /d/migong/lev6/dong82，地方:<none>
呼叫来自：/inherit/room/room.lpc 的 reset() 第 71 行，物件： /d/migong/lev6/dong82，地方:<none>
呼叫来自：/inherit/room/room.lpc 的 make_inventory() 第 22 行，物件： /d/migong/lev6/dong82，地方:<none>
呼叫来自：/d/migong/lev6/npc/lev9.lpc 的 create() 第 84 行，物件： /d/migong/lev6/npc/lev9 ("章班")，地方:<none>
呼叫来自：/feature/skill.lpc 的 set_skill() 第 21 行，物件： /d/migong/lev6/npc/lev9 ("章班")，地方:<none>

执行时段错误：*F_SKILL: No such skill (chuanyun-tui)

程式：/feature/skill.lpc 第 21 行
物件: /d/migong/lev6/npc/lev7
呼叫来自：/d/migong/lev6/dong47.lpc 的 create() 第 20 行，物件： /d/migong/lev6/dong47，地方:<none>
呼叫来自：/inherit/room/room.lpc 的 setup() 第 189 行，物件： /d/migong/lev6/dong47，地方:<none>
呼叫来自：/inherit/room/room.lpc 的 reset() 第 71 行，物件： /d/migong/lev6/dong47，地方:<none>
呼叫来自：/inherit/room/room.lpc 的 make_inventory() 第 22 行，物件： /d/migong/lev6/dong47，地方:<none>
呼叫来自：/d/migong/lev6/npc/lev7.lpc 的 create() 第 96 行，物件： /d/migong/lev6/npc/lev7 ("杨荣")，地方:<none>
呼叫来自：/feature/skill.lpc 的 set_skill() 第 21 行，物件： /d/migong/lev6/npc/lev7 ("杨荣")，地方:<none>

执行时段错误：*F_SKILL: No such skill (chuanyun-tui)

程式：/feature/skill.lpc 第 21 行
物件: /d/migong/lev6/npc/lev7#7560
呼叫来自：/d/migong/lev6/dong96.lpc 的 create() 第 20 行，物件： /d/migong/lev6/dong96，地方:<none>
呼叫来自：/inherit/room/room.lpc 的 setup() 第 189 行，物件： /d/migong/lev6/dong96，地方:<none>
呼叫来自：/inherit/room/room.lpc 的 reset() 第 71 行，物件： /d/migong/lev6/dong96，地方:<none>
呼叫来自：/inherit/room/room.lpc 的 make_inventory() 第 22 行，物件： /d/migong/lev6/dong96，地方:<none>
呼叫来自：/d/migong/lev6/npc/lev7.lpc 的 create() 第 96 行，物件： /d/migong/lev6/npc/lev7#7560 ("微生多光")，地方:<none>
呼叫来自：/feature/skill.lpc 的 set_skill() 第 21 行，物件： /d/migong/lev6/npc/lev7#7560 ("微生多光")，地方:<none>

执行时段错误：*F_SKILL: No such skill (chuanyun-tui)

程式：/feature/skill.lpc 第 21 行
物件: /d/migong/lev6/npc/lev7#7568
呼叫来自：/d/migong/lev6/dong90.lpc 的 create() 第 20 行，物件： /d/migong/lev6/dong90，地方:<none>
呼叫来自：/inherit/room/room.lpc 的 setup() 第 189 行，物件： /d/migong/lev6/dong90，地方:<none>
呼叫来自：/inherit/room/room.lpc 的 reset() 第 71 行，物件： /d/migong/lev6/dong90，地方:<none>
呼叫来自：/inherit/room/room.lpc 的 make_inventory() 第 22 行，物件： /d/migong/lev6/dong90，地方:<none>
呼叫来自：/d/migong/lev6/npc/lev7.lpc 的 create() 第 96 行，物件： /d/migong/lev6/npc/lev7#7568 ("金友明")，地方:<none>
呼叫来自：/feature/skill.lpc 的 set_skill() 第 21 行，物件： /d/migong/lev6/npc/lev7#7568 ("金友明")，地方:<none>

执行时段错误：*F_SKILL: No such skill (yangsheshu)

程式：/feature/skill.lpc 第 21 行
物件: /d/migong/lev6/npc/lev9#7569
呼叫来自：/d/migong/lev6/dong58.lpc 的 create() 第 20 行，物件： /d/migong/lev6/dong58，地方:<none>
呼叫来自：/inherit/room/room.lpc 的 setup() 第 189 行，物件： /d/migong/lev6/dong58，地方:<none>
呼叫来自：/inherit/room/room.lpc 的 reset() 第 71 行，物件： /d/migong/lev6/dong58，地方:<none>
呼叫来自：/inherit/room/room.lpc 的 make_inventory() 第 22 行，物件： /d/migong/lev6/dong58，地方:<none>
呼叫来自：/d/migong/lev6/npc/lev9.lpc 的 create() 第 84 行，物件： /d/migong/lev6/npc/lev9#7569 ("许人剑")，地方:<none>
呼叫来自：/feature/skill.lpc 的 set_skill() 第 21 行，物件： /d/migong/lev6/npc/lev9#7569 ("许人剑")，地方:<none>

执行时段错误：*F_SKILL: No such skill (yangsheshu)

程式：/feature/skill.lpc 第 21 行
物件: /d/migong/lev6/npc/lev9#7587
呼叫来自：/d/migong/lev6/dong31.lpc 的 create() 第 20 行，物件： /d/migong/lev6/dong31，地方:<none>
呼叫来自：/inherit/room/room.lpc 的 setup() 第 189 行，物件： /d/migong/lev6/dong31，地方:<none>
呼叫来自：/inherit/room/room.lpc 的 reset() 第 71 行，物件： /d/migong/lev6/dong31，地方:<none>
呼叫来自：/inherit/room/room.lpc 的 make_inventory() 第 22 行，物件： /d/migong/lev6/dong31，地方:<none>
呼叫来自：/d/migong/lev6/npc/lev9.lpc 的 create() 第 84 行，物件： /d/migong/lev6/npc/lev9#7587 ("哈仁法")，地方:<none>
呼叫来自：/feature/skill.lpc 的 set_skill() 第 21 行，物件： /d/migong/lev6/npc/lev9#7587 ("哈仁法")，地方:<none>

执行时段错误：*F_SKILL: No such skill (yangsheshu)

程式：/feature/skill.lpc 第 21 行
物件: /d/migong/lev6/npc/lev9#7610
呼叫来自：/d/migong/lev6/dong22.lpc 的 create() 第 20 行，物件： /d/migong/lev6/dong22，地方:<none>
呼叫来自：/inherit/room/room.lpc 的 setup() 第 189 行，物件： /d/migong/lev6/dong22，地方:<none>
呼叫来自：/inherit/room/room.lpc 的 reset() 第 71 行，物件： /d/migong/lev6/dong22，地方:<none>
呼叫来自：/inherit/room/room.lpc 的 make_inventory() 第 22 行，物件： /d/migong/lev6/dong22，地方:<none>
呼叫来自：/d/migong/lev6/npc/lev9.lpc 的 create() 第 84 行，物件： /d/migong/lev6/npc/lev9#7610 ("哈可钢")，地方:<none>
呼叫来自：/feature/skill.lpc 的 set_skill() 第 21 行，物件： /d/migong/lev6/npc/lev9#7610 ("哈可钢")，地方:<none>

执行时段错误：*F_SKILL: No such skill (yangsheshu)

程式：/feature/skill.lpc 第 21 行
物件: /d/migong/lev6/npc/lev9#7618
呼叫来自：/d/migong/lev6/dong63.lpc 的 create() 第 20 行，物件： /d/migong/lev6/dong63，地方:<none>
呼叫来自：/inherit/room/room.lpc 的 setup() 第 189 行，物件： /d/migong/lev6/dong63，地方:<none>
呼叫来自：/inherit/room/room.lpc 的 reset() 第 71 行，物件： /d/migong/lev6/dong63，地方:<none>
呼叫来自：/inherit/room/room.lpc 的 make_inventory() 第 22 行，物件： /d/migong/lev6/dong63，地方:<none>
呼叫来自：/d/migong/lev6/npc/lev9.lpc 的 create() 第 84 行，物件： /d/migong/lev6/npc/lev9#7618 ("林匡强")，地方:<none>
呼叫来自：/feature/skill.lpc 的 set_skill() 第 21 行，物件： /d/migong/lev6/npc/lev9#7618 ("林匡强")，地方:<none>

执行时段错误：*F_SKILL: No such skill (yangsheshu)

程式：/feature/skill.lpc 第 21 行
物件: /d/migong/lev6/npc/lev9#7645
呼叫来自：/d/migong/lev6/dong86.lpc 的 create() 第 20 行，物件： /d/migong/lev6/dong86，地方:<none>
呼叫来自：/inherit/room/room.lpc 的 setup() 第 189 行，物件： /d/migong/lev6/dong86，地方:<none>
呼叫来自：/inherit/room/room.lpc 的 reset() 第 71 行，物件： /d/migong/lev6/dong86，地方:<none>
呼叫来自：/inherit/room/room.lpc 的 make_inventory() 第 22 行，物件： /d/migong/lev6/dong86，地方:<none>
呼叫来自：/d/migong/lev6/npc/lev9.lpc 的 create() 第 84 行，物件： /d/migong/lev6/npc/lev9#7645 ("卜阿明")，地方:<none>
呼叫来自：/feature/skill.lpc 的 set_skill() 第 21 行，物件： /d/migong/lev6/npc/lev9#7645 ("卜阿明")，地方:<none>

执行时段错误：*F_SKILL: No such skill (yangsheshu)

程式：/feature/skill.lpc 第 21 行
物件: /d/migong/lev6/npc/lev9#7659
呼叫来自：/d/migong/lev6/dong54.lpc 的 create() 第 21 行，物件： /d/migong/lev6/dong54，地方:<none>
呼叫来自：/inherit/room/room.lpc 的 setup() 第 189 行，物件： /d/migong/lev6/dong54，地方:<none>
呼叫来自：/inherit/room/room.lpc 的 reset() 第 71 行，物件： /d/migong/lev6/dong54，地方:<none>
呼叫来自：/inherit/room/room.lpc 的 make_inventory() 第 22 行，物件： /d/migong/lev6/dong54，地方:<none>
呼叫来自：/d/migong/lev6/npc/lev9.lpc 的 create() 第 84 行，物件： /d/migong/lev6/npc/lev9#7659 ("壤驷培")，地方:<none>
呼叫来自：/feature/skill.lpc 的 set_skill() 第 21 行，物件： /d/migong/lev6/npc/lev9#7659 ("壤驷培")，地方:<none>

执行时段错误：*F_SKILL: No such skill (yangsheshu)

程式：/feature/skill.lpc 第 21 行
物件: /d/migong/lev6/npc/lev9#7660
呼叫来自：/d/migong/lev6/dong93.lpc 的 create() 第 21 行，物件： /d/migong/lev6/dong93，地方:<none>
呼叫来自：/inherit/room/room.lpc 的 setup() 第 189 行，物件： /d/migong/lev6/dong93，地方:<none>
呼叫来自：/inherit/room/room.lpc 的 reset() 第 71 行，物件： /d/migong/lev6/dong93，地方:<none>
呼叫来自：/inherit/room/room.lpc 的 make_inventory() 第 22 行，物件： /d/migong/lev6/dong93，地方:<none>
呼叫来自：/d/migong/lev6/npc/lev9.lpc 的 create() 第 84 行，物件： /d/migong/lev6/npc/lev9#7660 ("袁文涛")，地方:<none>
呼叫来自：/feature/skill.lpc 的 set_skill() 第 21 行，物件： /d/migong/lev6/npc/lev9#7660 ("袁文涛")，地方:<none>

执行时段错误：*F_SKILL: No such skill (chuanyun-tui)

程式：/feature/skill.lpc 第 21 行
物件: /d/migong/lev6/npc/lev7#7668
呼叫来自：/d/migong/lev6/dong60.lpc 的 create() 第 20 行，物件： /d/migong/lev6/dong60，地方:<none>
呼叫来自：/inherit/room/room.lpc 的 setup() 第 189 行，物件： /d/migong/lev6/dong60，地方:<none>
呼叫来自：/inherit/room/room.lpc 的 reset() 第 71 行，物件： /d/migong/lev6/dong60，地方:<none>
呼叫来自：/inherit/room/room.lpc 的 make_inventory() 第 22 行，物件： /d/migong/lev6/dong60，地方:<none>
呼叫来自：/d/migong/lev6/npc/lev7.lpc 的 create() 第 96 行，物件： /d/migong/lev6/npc/lev7#7668 ("花叔宁")，地方:<none>
呼叫来自：/feature/skill.lpc 的 set_skill() 第 21 行，物件： /d/migong/lev6/npc/lev7#7668 ("花叔宁")，地方:<none>

执行时段错误：*F_SKILL: No such skill (yangsheshu)

程式：/feature/skill.lpc 第 21 行
物件: /d/migong/lev6/npc/lev9#7669
呼叫来自：/d/migong/lev6/dong84.lpc 的 create() 第 20 行，物件： /d/migong/lev6/dong84，地方:<none>
呼叫来自：/inherit/room/room.lpc 的 setup() 第 189 行，物件： /d/migong/lev6/dong84，地方:<none>
呼叫来自：/inherit/room/room.lpc 的 reset() 第 71 行，物件： /d/migong/lev6/dong84，地方:<none>
呼叫来自：/inherit/room/room.lpc 的 make_inventory() 第 22 行，物件： /d/migong/lev6/dong84，地方:<none>
呼叫来自：/d/migong/lev6/npc/lev9.lpc 的 create() 第 84 行，物件： /d/migong/lev6/npc/lev9#7669 ("卢人贯")，地方:<none>
呼叫来自：/feature/skill.lpc 的 set_skill() 第 21 行，物件： /d/migong/lev6/npc/lev9#7669 ("卢人贯")，地方:<none>

执行时段错误：*F_SKILL: No such skill (chuanyun-tui)

程式：/feature/skill.lpc 第 21 行
物件: /d/migong/lev6/npc/lev7#7683
呼叫来自：/d/migong/lev6/dong51.lpc 的 create() 第 20 行，物件： /d/migong/lev6/dong51，地方:<none>
呼叫来自：/inherit/room/room.lpc 的 setup() 第 189 行，物件： /d/migong/lev6/dong51，地方:<none>
呼叫来自：/inherit/room/room.lpc 的 reset() 第 71 行，物件： /d/migong/lev6/dong51，地方:<none>
呼叫来自：/inherit/room/room.lpc 的 make_inventory() 第 22 行，物件： /d/migong/lev6/dong51，地方:<none>
呼叫来自：/d/migong/lev6/npc/lev7.lpc 的 create() 第 96 行，物件： /d/migong/lev6/npc/lev7#7683 ("韦川")，地方:<none>
呼叫来自：/feature/skill.lpc 的 set_skill() 第 21 行，物件： /d/migong/lev6/npc/lev7#7683 ("韦川")，地方:<none>

执行时段错误：*F_SKILL: No such skill (yangsheshu)

程式：/feature/skill.lpc 第 21 行
物件: /d/migong/lev6/npc/lev9#7712
呼叫来自：/d/migong/lev6/dong36.lpc 的 create() 第 20 行，物件： /d/migong/lev6/dong36，地方:<none>
呼叫来自：/inherit/room/room.lpc 的 setup() 第 189 行，物件： /d/migong/lev6/dong36，地方:<none>
呼叫来自：/inherit/room/room.lpc 的 reset() 第 71 行，物件： /d/migong/lev6/dong36，地方:<none>
呼叫来自：/inherit/room/room.lpc 的 make_inventory() 第 22 行，物件： /d/migong/lev6/dong36，地方:<none>
呼叫来自：/d/migong/lev6/npc/lev9.lpc 的 create() 第 84 行，物件： /d/migong/lev6/npc/lev9#7712 ("唐之强")，地方:<none>
呼叫来自：/feature/skill.lpc 的 set_skill() 第 21 行，物件： /d/migong/lev6/npc/lev9#7712 ("唐之强")，地方:<none>

执行时段错误：*F_SKILL: No such skill (yangsheshu)

程式：/feature/skill.lpc 第 21 行
物件: /d/migong/lev6/npc/lev9#7733
呼叫来自：/d/migong/lev6/dong75.lpc 的 create() 第 20 行，物件： /d/migong/lev6/dong75，地方:<none>
呼叫来自：/inherit/room/room.lpc 的 setup() 第 189 行，物件： /d/migong/lev6/dong75，地方:<none>
呼叫来自：/inherit/room/room.lpc 的 reset() 第 71 行，物件： /d/migong/lev6/dong75，地方:<none>
呼叫来自：/inherit/room/room.lpc 的 make_inventory() 第 22 行，物件： /d/migong/lev6/dong75，地方:<none>
呼叫来自：/d/migong/lev6/npc/lev9.lpc 的 create() 第 84 行，物件： /d/migong/lev6/npc/lev9#7733 ("彭人宏")，地方:<none>
呼叫来自：/feature/skill.lpc 的 set_skill() 第 21 行，物件： /d/migong/lev6/npc/lev9#7733 ("彭人宏")，地方:<none>

执行时段错误：*F_SKILL: No such skill (yangsheshu)

程式：/feature/skill.lpc 第 21 行
物件: /d/migong/lev6/npc/lev9#7747
呼叫来自：/d/migong/lev6/dong81.lpc 的 create() 第 20 行，物件： /d/migong/lev6/dong81，地方:<none>
呼叫来自：/inherit/room/room.lpc 的 setup() 第 189 行，物件： /d/migong/lev6/dong81，地方:<none>
呼叫来自：/inherit/room/room.lpc 的 reset() 第 71 行，物件： /d/migong/lev6/dong81，地方:<none>
呼叫来自：/inherit/room/room.lpc 的 make_inventory() 第 22 行，物件： /d/migong/lev6/dong81，地方:<none>
呼叫来自：/d/migong/lev6/npc/lev9.lpc 的 create() 第 84 行，物件： /d/migong/lev6/npc/lev9#7747 ("施若健")，地方:<none>
呼叫来自：/feature/skill.lpc 的 set_skill() 第 21 行，物件： /d/migong/lev6/npc/lev9#7747 ("施若健")，地方:<none>

执行时段错误：*F_SKILL: No such skill (chuanyun-tui)

程式：/feature/skill.lpc 第 21 行
物件: /d/migong/lev6/npc/lev7#7807
呼叫来自：/d/migong/lev6/dong49.lpc 的 create() 第 20 行，物件： /d/migong/lev6/dong49，地方:<none>
呼叫来自：/inherit/room/room.lpc 的 setup() 第 189 行，物件： /d/migong/lev6/dong49，地方:<none>
呼叫来自：/inherit/room/room.lpc 的 reset() 第 71 行，物件： /d/migong/lev6/dong49，地方:<none>
呼叫来自：/inherit/room/room.lpc 的 make_inventory() 第 22 行，物件： /d/migong/lev6/dong49，地方:<none>
呼叫来自：/d/migong/lev6/npc/lev7.lpc 的 create() 第 96 行，物件： /d/migong/lev6/npc/lev7#7807 ("石浩")，地方:<none>
呼叫来自：/feature/skill.lpc 的 set_skill() 第 21 行，物件： /d/migong/lev6/npc/lev7#7807 ("石浩")，地方:<none>

执行时段错误：*F_SKILL: No such skill (yangsheshu)

程式：/feature/skill.lpc 第 21 行
物件: /d/migong/lev6/npc/lev9#7825
呼叫来自：/d/migong/lev6/dong30.lpc 的 create() 第 20 行，物件： /d/migong/lev6/dong30，地方:<none>
呼叫来自：/inherit/room/room.lpc 的 setup() 第 189 行，物件： /d/migong/lev6/dong30，地方:<none>
呼叫来自：/inherit/room/room.lpc 的 reset() 第 71 行，物件： /d/migong/lev6/dong30，地方:<none>
呼叫来自：/inherit/room/room.lpc 的 make_inventory() 第 22 行，物件： /d/migong/lev6/dong30，地方:<none>
呼叫来自：/d/migong/lev6/npc/lev9.lpc 的 create() 第 84 行，物件： /d/migong/lev6/npc/lev9#7825 ("哈铁飞")，地方:<none>
呼叫来自：/feature/skill.lpc 的 set_skill() 第 21 行，物件： /d/migong/lev6/npc/lev9#7825 ("哈铁飞")，地方:<none>

执行时段错误：*F_SKILL: No such skill (chuanyun-tui)

程式：/feature/skill.lpc 第 21 行
物件: /d/migong/lev6/npc/lev7#7872
呼叫来自：/d/migong/lev6/dong53.lpc 的 create() 第 20 行，物件： /d/migong/lev6/dong53，地方:<none>
呼叫来自：/inherit/room/room.lpc 的 setup() 第 189 行，物件： /d/migong/lev6/dong53，地方:<none>
呼叫来自：/inherit/room/room.lpc 的 reset() 第 71 行，物件： /d/migong/lev6/dong53，地方:<none>
呼叫来自：/inherit/room/room.lpc 的 make_inventory() 第 22 行，物件： /d/migong/lev6/dong53，地方:<none>
呼叫来自：/d/migong/lev6/npc/lev7.lpc 的 create() 第 96 行，物件： /d/migong/lev6/npc/lev7#7872 ("计智浩")，地方:<none>
呼叫来自：/feature/skill.lpc 的 set_skill() 第 21 行，物件： /d/migong/lev6/npc/lev7#7872 ("计智浩")，地方:<none>

执行时段错误：*F_SKILL: No such skill (chuanyun-tui)

程式：/feature/skill.lpc 第 21 行
物件: /d/migong/lev6/npc/lev7#7892
呼叫来自：/d/migong/lev6/dong65.lpc 的 create() 第 20 行，物件： /d/migong/lev6/dong65，地方:<none>
呼叫来自：/inherit/room/room.lpc 的 setup() 第 189 行，物件： /d/migong/lev6/dong65，地方:<none>
呼叫来自：/inherit/room/room.lpc 的 reset() 第 71 行，物件： /d/migong/lev6/dong65，地方:<none>
呼叫来自：/inherit/room/room.lpc 的 make_inventory() 第 22 行，物件： /d/migong/lev6/dong65，地方:<none>
呼叫来自：/d/migong/lev6/npc/lev7.lpc 的 create() 第 96 行，物件： /d/migong/lev6/npc/lev7#7892 ("华人贯")，地方:<none>
呼叫来自：/feature/skill.lpc 的 set_skill() 第 21 行，物件： /d/migong/lev6/npc/lev7#7892 ("华人贯")，地方:<none>

执行时段错误：*F_SKILL: No such skill (chuanyun-tui)

程式：/feature/skill.lpc 第 21 行
物件: /d/migong/lev6/npc/lev7#7919
呼叫来自：/d/migong/lev6/dong69.lpc 的 create() 第 20 行，物件： /d/migong/lev6/dong69，地方:<none>
呼叫来自：/inherit/room/room.lpc 的 setup() 第 189 行，物件： /d/migong/lev6/dong69，地方:<none>
呼叫来自：/inherit/room/room.lpc 的 reset() 第 71 行，物件： /d/migong/lev6/dong69，地方:<none>
呼叫来自：/inherit/room/room.lpc 的 make_inventory() 第 22 行，物件： /d/migong/lev6/dong69，地方:<none>
呼叫来自：/d/migong/lev6/npc/lev7.lpc 的 create() 第 96 行，物件： /d/migong/lev6/npc/lev7#7919 ("缑荣")，地方:<none>
呼叫来自：/feature/skill.lpc 的 set_skill() 第 21 行，物件： /d/migong/lev6/npc/lev7#7919 ("缑荣")，地方:<none>

执行时段错误：*F_SKILL: No such skill (chuanyun-tui)

程式：/feature/skill.lpc 第 21 行
物件: /d/migong/lev6/npc/lev7#7920
呼叫来自：/d/migong/lev6/dong67.lpc 的 create() 第 20 行，物件： /d/migong/lev6/dong67，地方:<none>
呼叫来自：/inherit/room/room.lpc 的 setup() 第 189 行，物件： /d/migong/lev6/dong67，地方:<none>
呼叫来自：/inherit/room/room.lpc 的 reset() 第 71 行，物件： /d/migong/lev6/dong67，地方:<none>
呼叫来自：/inherit/room/room.lpc 的 make_inventory() 第 22 行，物件： /d/migong/lev6/dong67，地方:<none>
呼叫来自：/d/migong/lev6/npc/lev7.lpc 的 create() 第 96 行，物件： /d/migong/lev6/npc/lev7#7920 ("司马义法")，地方:<none>
呼叫来自：/feature/skill.lpc 的 set_skill() 第 21 行，物件： /d/migong/lev6/npc/lev7#7920 ("司马义法")，地方:<none>

执行时段错误：*F_SKILL: No such skill (yangsheshu)

程式：/feature/skill.lpc 第 21 行
物件: /d/migong/lev6/npc/lev9#7921
呼叫来自：/d/migong/lev6/dong55.lpc 的 create() 第 20 行，物件： /d/migong/lev6/dong55，地方:<none>
呼叫来自：/inherit/room/room.lpc 的 setup() 第 189 行，物件： /d/migong/lev6/dong55，地方:<none>
呼叫来自：/inherit/room/room.lpc 的 reset() 第 71 行，物件： /d/migong/lev6/dong55，地方:<none>
呼叫来自：/inherit/room/room.lpc 的 make_inventory() 第 22 行，物件： /d/migong/lev6/dong55，地方:<none>
呼叫来自：/d/migong/lev6/npc/lev9.lpc 的 create() 第 84 行，物件： /d/migong/lev6/npc/lev9#7921 ("卢令风")，地方:<none>
呼叫来自：/feature/skill.lpc 的 set_skill() 第 21 行，物件： /d/migong/lev6/npc/lev9#7921 ("卢令风")，地方:<none>

执行时段错误：*No program in object '/d/heimuya/shenggu'!

程式：0 第 0 行
物件: /adm/obj/master

执行时段错误：*No program in object '/d/heimuya/tang'!

程式：0 第 0 行
物件: /adm/obj/master

执行时段错误：*No program in object '/d/heimuya/npc/tang'!

程式：0 第 0 行
物件: /adm/obj/master

执行时段错误：*Bad argument 1 to EFUN call_other()
Expected: object, string, array,  Got: int(0).

程式：/inherit/room/room.lpc 第 23 行
物件: /doc/mudlib/efuns/shiwu
呼叫来自：/doc/mudlib/efuns/shiwu.lpc 的 create() 第 22 行，物件： /doc/mudlib/efuns/shiwu，地方:<none>
呼叫来自：/inherit/room/room.lpc 的 setup() 第 189 行，物件： /doc/mudlib/efuns/shiwu，地方:<none>
呼叫来自：/inherit/room/room.lpc 的 reset() 第 71 行，物件： /doc/mudlib/efuns/shiwu，地方:<none>
呼叫来自：/inherit/room/room.lpc 的 make_inventory() 第 23 行，物件： /doc/mudlib/efuns/shiwu，地方:<none>

执行时段错误：*No program in object '/feature/vendor_sale'!

程式：0 第 0 行
物件: /adm/obj/master

执行时段错误：*No program in object '/feature/vendor_sale'!

程式：0 第 0 行
物件: /adm/obj/master

执行时段错误：*Bad argument 1 to EFUN call_other()
Expected: object, string, array,  Got: int(0).

程式：/kungfu/class/gumu/limochou.lpc 第 74 行
物件: /kungfu/class/gumu/limochou
呼叫来自：/kungfu/class/gumu/limochou.lpc 的 create() 第 74 行，物件： /kungfu/class/gumu/limochou ("李莫愁")，地方:<none>

执行时段错误：*Bad argument 1 to EFUN call_other()
Expected: object, string, array,  Got: int(0).

程式：/kungfu/class/gumu/long.lpc 第 75 行
物件: /kungfu/class/gumu/long
呼叫来自：/kungfu/class/gumu/long.lpc 的 create() 第 75 行，物件： /kungfu/class/gumu/long ("小龙女")，地方:<none>

执行时段错误：*Bad argument 1 to EFUN call_other()
Expected: object, string, array,  Got: int(0).

程式：/kungfu/skill/swsb-shou.lpc 第 9 行
物件: /kungfu/skill/swsb-shou
呼叫来自：/kungfu/skill/swsb-shou.lpc 的 #global_init#() 第 9 行，物件： /kungfu/skill/swsb-shou，地方:<none>

执行时段错误：*Bad argument 1 to EFUN call_other()
Expected: object, string, array,  Got: int(0).

程式：/kungfu/skill/wudu-shenzhang.lpc 第 10 行
物件: /kungfu/skill/wudu-shenzhang
呼叫来自：/kungfu/skill/wudu-shenzhang.lpc 的 #global_init#() 第 10 行，物件： /kungfu/skill/wudu-shenzhang，地方:<none>

执行时段错误：*Bad argument 1 to EFUN call_other()
Expected: object, string, array,  Got: int(0).

程式：/kungfu/skill/huang.lpc 第 135 行
物件: /kungfu/skill/huang
呼叫来自：/kungfu/skill/huang.lpc 的 create() 第 135 行，物件： /kungfu/skill/huang ("黄药师")，地方:<none>

执行时段错误：*Bad argument 1 to EFUN call_other()
Expected: object, string, array,  Got: int(0).

程式：/kungfu/skill/xuantie-jianfa.lpc 第 7 行
物件: /kungfu/skill/xuantie-jianfa
呼叫来自：/kungfu/skill/xuantie-jianfa.lpc 的 #global_init#() 第 7 行，物件： /kungfu/skill/xuantie-jianfa，地方:<none>

执行时段错误：*Bad argument 1 to EFUN call_other()
Expected: object, string, array,  Got: int(0).

程式：/kungfu/skill/duanyun-bian.lpc 第 9 行
物件: /kungfu/skill/duanyun-bian
呼叫来自：/kungfu/skill/duanyun-bian.lpc 的 #global_init#() 第 9 行，物件： /kungfu/skill/duanyun-bian，地方:<none>

执行时段错误：*Bad argument 1 to EFUN call_other()
Expected: object, string, array,  Got: int(0).

程式：/kungfu/skill/anranxiaohun-zhang.lpc 第 9 行
物件: /kungfu/skill/anranxiaohun-zhang
呼叫来自：/kungfu/skill/anranxiaohun-zhang.lpc 的 #global_init#() 第 9 行，物件： /kungfu/skill/anranxiaohun-zhang，地方:<none>

执行时段错误：*No program in object '/kungfu/skill/quanzhen-xinfa'!

程式：0 第 0 行
物件: /adm/obj/master

执行时段错误：*Bad argument 1 to EFUN call_other()
Expected: object, string, array,  Got: int(0).

程式：/kungfu/skill/adai-quanfa.lpc 第 9 行
物件: /kungfu/skill/adai-quanfa
呼叫来自：/kungfu/skill/adai-quanfa.lpc 的 #global_init#() 第 9 行，物件： /kungfu/skill/adai-quanfa，地方:<none>

执行时段错误：*Bad argument 1 to EFUN call_other()
Expected: object, string, array,  Got: int(0).

程式：/quest/weiguo/jinbing/japan4.lpc 第 73 行
物件: /quest/weiguo/jinbing/japan4
呼叫来自：/quest/weiguo/jinbing/japan4.lpc 的 create() 第 73 行，物件： /quest/weiguo/jinbing/japan4 ("伯佐光云")，地方:<none>

执行时段错误：*No program in object '/clone/weapon/panguanbi'!

程式：0 第 0 行
物件: /adm/obj/master

执行时段错误：*Bad argument 1 to EFUN call_other()
Expected: object, string, array,  Got: int(0).

程式：/inherit/gems/ring.lpc 第 10 行
物件: /clone/gem/ring4
呼叫来自：/clone/gem/ring4.lpc 的 create() 第 24 行，物件： /clone/gem/ring4 ("[31m辟邪宝戒[2;37;0m")，地方:<none>
呼叫来自：/inherit/gems/ring.lpc 的 setup() 第 25 行，物件： /clone/gem/ring4 ("[31m辟邪宝戒[2;37;0m")，地方:<none>
呼叫来自：/inherit/gems/ring.lpc 的 init_sockets() 第 10 行，物件： /clone/gem/ring4 ("[31m辟邪宝戒[2;37;0m")，地方:<none>

执行时段错误：*Bad argument 1 to EFUN call_other()
Expected: object, string, array,  Got: int(0).

程式：/inherit/gems/ring.lpc 第 10 行
物件: /clone/gem/ring6
呼叫来自：/clone/gem/ring6.lpc 的 create() 第 25 行，物件： /clone/gem/ring6 ("[1;36m三清神戒[2;37;0m")，地方:<none>
呼叫来自：/inherit/gems/ring.lpc 的 setup() 第 25 行，物件： /clone/gem/ring6 ("[1;36m三清神戒[2;37;0m")，地方:<none>
呼叫来自：/inherit/gems/ring.lpc 的 init_sockets() 第 10 行，物件： /clone/gem/ring6 ("[1;36m三清神戒[2;37;0m")，地方:<none>

执行时段错误：*Bad argument 1 to EFUN call_other()
Expected: object, string, array,  Got: int(0).

程式：/inherit/gems/ring.lpc 第 10 行
物件: /clone/gem/ring0
呼叫来自：/clone/gem/ring0.lpc 的 create() 第 25 行，物件： /clone/gem/ring0 ("[1;37m天地神戒[2;37;0m")，地方:<none>
呼叫来自：/inherit/gems/ring.lpc 的 setup() 第 25 行，物件： /clone/gem/ring0 ("[1;37m天地神戒[2;37;0m")，地方:<none>
呼叫来自：/inherit/gems/ring.lpc 的 init_sockets() 第 10 行，物件： /clone/gem/ring0 ("[1;37m天地神戒[2;37;0m")，地方:<none>

执行时段错误：*Bad argument 1 to EFUN call_other()
Expected: object, string, array,  Got: int(0).

程式：/inherit/gems/ring.lpc 第 10 行
物件: /clone/gem/ring2
呼叫来自：/clone/gem/ring2.lpc 的 create() 第 24 行，物件： /clone/gem/ring2 ("[32m九幽宝戒[2;37;0m")，地方:<none>
呼叫来自：/inherit/gems/ring.lpc 的 setup() 第 25 行，物件： /clone/gem/ring2 ("[32m九幽宝戒[2;37;0m")，地方:<none>
呼叫来自：/inherit/gems/ring.lpc 的 init_sockets() 第 10 行，物件： /clone/gem/ring2 ("[32m九幽宝戒[2;37;0m")，地方:<none>

执行时段错误：*Bad argument 1 to EFUN call_other()
Expected: object, string, array,  Got: int(0).

程式：/inherit/gems/ring.lpc 第 10 行
物件: /clone/gem/ring8
呼叫来自：/clone/gem/ring8.lpc 的 create() 第 25 行，物件： /clone/gem/ring8 ("[1;32m乾坤神戒[2;37;0m")，地方:<none>
呼叫来自：/inherit/gems/ring.lpc 的 setup() 第 25 行，物件： /clone/gem/ring8 ("[1;32m乾坤神戒[2;37;0m")，地方:<none>
呼叫来自：/inherit/gems/ring.lpc 的 init_sockets() 第 10 行，物件： /clone/gem/ring8 ("[1;32m乾坤神戒[2;37;0m")，地方:<none>

执行时段错误：*Bad argument 1 to EFUN call_other()
Expected: object, string, array,  Got: int(0).

程式：/inherit/gems/ring.lpc 第 10 行
物件: /clone/gem/ring1
呼叫来自：/clone/gem/ring1.lpc 的 create() 第 25 行，物件： /clone/gem/ring1 ("[1;34m无极神戒[2;37;0m")，地方:<none>
呼叫来自：/inherit/gems/ring.lpc 的 setup() 第 25 行，物件： /clone/gem/ring1 ("[1;34m无极神戒[2;37;0m")，地方:<none>
呼叫来自：/inherit/gems/ring.lpc 的 init_sockets() 第 10 行，物件： /clone/gem/ring1 ("[1;34m无极神戒[2;37;0m")，地方:<none>

执行时段错误：*Bad argument 1 to EFUN call_other()
Expected: object, string, array,  Got: int(0).

程式：/inherit/gems/ring.lpc 第 10 行
物件: /clone/gem/ring7
呼叫来自：/clone/gem/ring7.lpc 的 create() 第 25 行，物件： /clone/gem/ring7 ("[1;31m轩辕神戒[2;37;0m")，地方:<none>
呼叫来自：/inherit/gems/ring.lpc 的 setup() 第 25 行，物件： /clone/gem/ring7 ("[1;31m轩辕神戒[2;37;0m")，地方:<none>
呼叫来自：/inherit/gems/ring.lpc 的 init_sockets() 第 10 行，物件： /clone/gem/ring7 ("[1;31m轩辕神戒[2;37;0m")，地方:<none>

执行时段错误：*Bad argument 1 to EFUN call_other()
Expected: object, string, array,  Got: int(0).

程式：/inherit/gems/ring.lpc 第 10 行
物件: /clone/gem/ring9
呼叫来自：/clone/gem/ring9.lpc 的 create() 第 25 行，物件： /clone/gem/ring9 ("[1;35m浩气神戒[2;37;0m")，地方:<none>
呼叫来自：/inherit/gems/ring.lpc 的 setup() 第 25 行，物件： /clone/gem/ring9 ("[1;35m浩气神戒[2;37;0m")，地方:<none>
呼叫来自：/inherit/gems/ring.lpc 的 init_sockets() 第 10 行，物件： /clone/gem/ring9 ("[1;35m浩气神戒[2;37;0m")，地方:<none>

执行时段错误：*Bad argument 1 to EFUN call_other()
Expected: object, string, array,  Got: int(0).

程式：/inherit/gems/ring.lpc 第 10 行
物件: /clone/gem/ring3
呼叫来自：/clone/gem/ring3.lpc 的 create() 第 24 行，物件： /clone/gem/ring3 ("[1;33m瑶池神戒[2;37;0m")，地方:<none>
呼叫来自：/inherit/gems/ring.lpc 的 setup() 第 25 行，物件： /clone/gem/ring3 ("[1;33m瑶池神戒[2;37;0m")，地方:<none>
呼叫来自：/inherit/gems/ring.lpc 的 init_sockets() 第 10 行，物件： /clone/gem/ring3 ("[1;33m瑶池神戒[2;37;0m")，地方:<none>

执行时段错误：*Bad argument 1 to EFUN call_other()
Expected: object, string, array,  Got: int(0).

程式：/inherit/gems/ring.lpc 第 10 行
物件: /clone/gem/ring
呼叫来自：/clone/gem/ring.lpc 的 create() 第 24 行，物件： /clone/gem/ring ("[1;36m魔法戒指[2;37;0m")，地方:<none>
呼叫来自：/inherit/gems/ring.lpc 的 setup() 第 25 行，物件： /clone/gem/ring ("[1;36m魔法戒指[2;37;0m")，地方:<none>
呼叫来自：/inherit/gems/ring.lpc 的 init_sockets() 第 10 行，物件： /clone/gem/ring ("[1;36m魔法戒指[2;37;0m")，地方:<none>

执行时段错误：*Bad argument 1 to EFUN call_other()
Expected: object, string, array,  Got: int(0).

程式：/inherit/gems/ring.lpc 第 10 行
物件: /clone/gem/ring5
呼叫来自：/clone/gem/ring5.lpc 的 create() 第 24 行，物件： /clone/gem/ring5 ("[36m凝霜神戒[2;37;0m")，地方:<none>
呼叫来自：/inherit/gems/ring.lpc 的 setup() 第 25 行，物件： /clone/gem/ring5 ("[36m凝霜神戒[2;37;0m")，地方:<none>
呼叫来自：/inherit/gems/ring.lpc 的 init_sockets() 第 10 行，物件： /clone/gem/ring5 ("[36m凝霜神戒[2;37;0m")，地方:<none>

执行时段错误：*Bad argument 1 to EFUN call_other()
Expected: object, string, array,  Got: int(0).

程式：/inherit/room/room.lpc 第 23 行
物件: /clone/misc/biwu
呼叫来自：/clone/misc/biwu.lpc 的 create() 第 32 行，物件： /clone/misc/biwu，地方:<none>
呼叫来自：/inherit/room/room.lpc 的 setup() 第 189 行，物件： /clone/misc/biwu，地方:<none>
呼叫来自：/inherit/room/room.lpc 的 reset() 第 71 行，物件： /clone/misc/biwu，地方:<none>
呼叫来自：/inherit/room/room.lpc 的 make_inventory() 第 23 行，物件： /clone/misc/biwu，地方:<none>

执行时段错误：*No program in object '/clone/topten/gaoshou'!

程式：0 第 0 行
物件: /adm/obj/master

执行时段错误：*Bad argument 1 to EFUN new()
Expected: string,  Got: mapping(([ /* sizeof() == 8 */
  "time" : "甲寅年一月一日辰时三刻",
  "make" : 1,
  "lv" : 73,
  "name" : "[31m何[1;32m处[36m惹[1;33m尘[32m埃[2;37;0m",
  "or" : "千年神木",
  "type" : "剑",
  "id" : "my sword",
  "value" : 2517,
])).

程式：/inherit/char/npc.lpc 第 14 行
物件: /clone/npc/shang-shan
呼叫来自：/clone/npc/shang-shan.lpc 的 create() 第 67 行，物件： /clone/npc/shang-shan ("天鹰")，地方:<none>
呼叫来自：/inherit/char/npc.lpc 的 carry_object() 第 14 行，物件： /clone/npc/shang-shan ("天鹰")，地方:<none>

执行时段错误：*Bad argument 1 to EFUN call_other()
Expected: object, string, array,  Got: int(0).

程式：/clone/npc/robber.lpc 第 40 行
物件: /clone/npc/robber
呼叫来自：/clone/npc/robber.lpc 的 create() 第 40 行，物件： /clone/npc/robber ("蒙面强盗")，地方:<none>

执行时段错误：*Bad argument 1 to EFUN new()
Expected: string,  Got: mapping(([ /* sizeof() == 8 */
  "lv" : 163,
  "time" : "甲寅年一月一日辰时三刻",
  "make" : 1,
  "name" : "[35m莫邪剑[2;37;0m",
  "or" : "千年神木",
  "type" : "剑",
  "id" : "my sword",
  "value" : 23902,
])).

程式：/inherit/char/npc.lpc 第 14 行
物件: /clone/npc/meng-zhu
呼叫来自：/clone/npc/meng-zhu.lpc 的 create() 第 65 行，物件： /clone/npc/meng-zhu ("独孤云霄")，地方:<none>
呼叫来自：/inherit/char/npc.lpc 的 carry_object() 第 14 行，物件： /clone/npc/meng-zhu ("独孤云霄")，地方:<none>

执行时段错误：*Bad argument 1 to EFUN new()
Expected: string,  Got: mapping(([ /* sizeof() == 8 */
  "lv" : 81,
  "make" : 1,
  "time" : "甲寅年一月一日辰时三刻",
  "name" : "o︻$▅▆▇◤[2;37;0m",
  "or" : "寒丝羽竹",
  "type" : "刀",
  "id" : "my blade",
  "value" : 1836,
])).

程式：/inherit/char/npc.lpc 第 14 行
物件: /clone/npc/fa-e
呼叫来自：/clone/npc/fa-e.lpc 的 create() 第 67 行，物件： /clone/npc/fa-e ("天生就是拽")，地方:<none>
呼叫来自：/inherit/char/npc.lpc 的 carry_object() 第 14 行，物件： /clone/npc/fa-e ("天生就是拽")，地方:<none>

执行时段错误：*No program in object '/clone/box/item/26'!

程式：0 第 0 行
物件: /adm/obj/master

执行时段错误：*F_SKILL: No such skill (leg)

程式：/feature/skill.lpc 第 21 行
物件: /d/migong/lev7/npc/lev6
呼叫来自：/d/migong/lev7/dong64.lpc 的 create() 第 20 行，物件： /d/migong/lev7/dong64，地方:<none>
呼叫来自：/inherit/room/room.lpc 的 setup() 第 189 行，物件： /d/migong/lev7/dong64，地方:<none>
呼叫来自：/inherit/room/room.lpc 的 reset() 第 71 行，物件： /d/migong/lev7/dong64，地方:<none>
呼叫来自：/inherit/room/room.lpc 的 make_inventory() 第 22 行，物件： /d/migong/lev7/dong64，地方:<none>
呼叫来自：/d/migong/lev7/npc/lev6.lpc 的 create() 第 80 行，物件： /d/migong/lev7/npc/lev6 ("贝永麟")，地方:<none>
呼叫来自：/feature/skill.lpc 的 set_skill() 第 21 行，物件： /d/migong/lev7/npc/lev6 ("贝永麟")，地方:<none>

执行时段错误：*F_SKILL: No such skill (leg)

程式：/feature/skill.lpc 第 21 行
物件: /d/migong/lev7/npc/lev6#6649
呼叫来自：/d/migong/lev7/dong27.lpc 的 create() 第 20 行，物件： /d/migong/lev7/dong27，地方:<none>
呼叫来自：/inherit/room/room.lpc 的 setup() 第 189 行，物件： /d/migong/lev7/dong27，地方:<none>
呼叫来自：/inherit/room/room.lpc 的 reset() 第 71 行，物件： /d/migong/lev7/dong27，地方:<none>
呼叫来自：/inherit/room/room.lpc 的 make_inventory() 第 22 行，物件： /d/migong/lev7/dong27，地方:<none>
呼叫来自：/d/migong/lev7/npc/lev6.lpc 的 create() 第 80 行，物件： /d/migong/lev7/npc/lev6#6649 ("钱克霸")，地方:<none>
呼叫来自：/feature/skill.lpc 的 set_skill() 第 21 行，物件： /d/migong/lev7/npc/lev6#6649 ("钱克霸")，地方:<none>

执行时段错误：*F_SKILL: No such skill (leg)

程式：/feature/skill.lpc 第 21 行
物件: /d/migong/lev7/npc/lev6#6650
呼叫来自：/d/migong/lev7/dong31.lpc 的 create() 第 20 行，物件： /d/migong/lev7/dong31，地方:<none>
呼叫来自：/inherit/room/room.lpc 的 setup() 第 189 行，物件： /d/migong/lev7/dong31，地方:<none>
呼叫来自：/inherit/room/room.lpc 的 reset() 第 71 行，物件： /d/migong/lev7/dong31，地方:<none>
呼叫来自：/inherit/room/room.lpc 的 make_inventory() 第 22 行，物件： /d/migong/lev7/dong31，地方:<none>
呼叫来自：/d/migong/lev7/npc/lev6.lpc 的 create() 第 80 行，物件： /d/migong/lev7/npc/lev6#6650 ("廉强")，地方:<none>
呼叫来自：/feature/skill.lpc 的 set_skill() 第 21 行，物件： /d/migong/lev7/npc/lev6#6650 ("廉强")，地方:<none>

执行时段错误：*F_SKILL: No such skill (leg)

程式：/feature/skill.lpc 第 21 行
物件: /d/migong/lev7/npc/lev6#6725
呼叫来自：/d/migong/lev7/dong97.lpc 的 create() 第 20 行，物件： /d/migong/lev7/dong97，地方:<none>
呼叫来自：/inherit/room/room.lpc 的 setup() 第 189 行，物件： /d/migong/lev7/dong97，地方:<none>
呼叫来自：/inherit/room/room.lpc 的 reset() 第 71 行，物件： /d/migong/lev7/dong97，地方:<none>
呼叫来自：/inherit/room/room.lpc 的 make_inventory() 第 22 行，物件： /d/migong/lev7/dong97，地方:<none>
呼叫来自：/d/migong/lev7/npc/lev6.lpc 的 create() 第 80 行，物件： /d/migong/lev7/npc/lev6#6725 ("秦明")，地方:<none>
呼叫来自：/feature/skill.lpc 的 set_skill() 第 21 行，物件： /d/migong/lev7/npc/lev6#6725 ("秦明")，地方:<none>

执行时段错误：*F_SKILL: No such skill (leg)

程式：/feature/skill.lpc 第 21 行
物件: /d/migong/lev7/npc/lev6#6842
呼叫来自：/d/migong/lev7/dong56.lpc 的 create() 第 19 行，物件： /d/migong/lev7/dong56，地方:<none>
呼叫来自：/inherit/room/room.lpc 的 setup() 第 189 行，物件： /d/migong/lev7/dong56，地方:<none>
呼叫来自：/inherit/room/room.lpc 的 reset() 第 71 行，物件： /d/migong/lev7/dong56，地方:<none>
呼叫来自：/inherit/room/room.lpc 的 make_inventory() 第 22 行，物件： /d/migong/lev7/dong56，地方:<none>
呼叫来自：/d/migong/lev7/npc/lev6.lpc 的 create() 第 80 行，物件： /d/migong/lev7/npc/lev6#6842 ("贝锋")，地方:<none>
呼叫来自：/feature/skill.lpc 的 set_skill() 第 21 行，物件： /d/migong/lev7/npc/lev6#6842 ("贝锋")，地方:<none>

执行时段错误：*F_SKILL: No such skill (leg)

程式：/feature/skill.lpc 第 21 行
物件: /d/migong/lev7/npc/lev6#6863
呼叫来自：/d/migong/lev7/dong85.lpc 的 create() 第 20 行，物件： /d/migong/lev7/dong85，地方:<none>
呼叫来自：/inherit/room/room.lpc 的 setup() 第 189 行，物件： /d/migong/lev7/dong85，地方:<none>
呼叫来自：/inherit/room/room.lpc 的 reset() 第 71 行，物件： /d/migong/lev7/dong85，地方:<none>
呼叫来自：/inherit/room/room.lpc 的 make_inventory() 第 22 行，物件： /d/migong/lev7/dong85，地方:<none>
呼叫来自：/d/migong/lev7/npc/lev6.lpc 的 create() 第 80 行，物件： /d/migong/lev7/npc/lev6#6863 ("费庆舟")，地方:<none>
呼叫来自：/feature/skill.lpc 的 set_skill() 第 21 行，物件： /d/migong/lev7/npc/lev6#6863 ("费庆舟")，地方:<none>

执行时段错误：*F_SKILL: No such skill (leg)

程式：/feature/skill.lpc 第 21 行
物件: /d/migong/lev7/npc/lev6#6919
呼叫来自：/d/migong/lev7/dong94.lpc 的 create() 第 20 行，物件： /d/migong/lev7/dong94，地方:<none>
呼叫来自：/inherit/room/room.lpc 的 setup() 第 189 行，物件： /d/migong/lev7/dong94，地方:<none>
呼叫来自：/inherit/room/room.lpc 的 reset() 第 71 行，物件： /d/migong/lev7/dong94，地方:<none>
呼叫来自：/inherit/room/room.lpc 的 make_inventory() 第 22 行，物件： /d/migong/lev7/dong94，地方:<none>
呼叫来自：/d/migong/lev7/npc/lev6.lpc 的 create() 第 80 行，物件： /d/migong/lev7/npc/lev6#6919 ("项永锋")，地方:<none>
呼叫来自：/feature/skill.lpc 的 set_skill() 第 21 行，物件： /d/migong/lev7/npc/lev6#6919 ("项永锋")，地方:<none>

执行时段错误：*F_SKILL: No such skill (leg)

程式：/feature/skill.lpc 第 21 行
物件: /d/migong/lev7/npc/lev6#6986
呼叫来自：/d/migong/lev7/dong29.lpc 的 create() 第 20 行，物件： /d/migong/lev7/dong29，地方:<none>
呼叫来自：/inherit/room/room.lpc 的 setup() 第 189 行，物件： /d/migong/lev7/dong29，地方:<none>
呼叫来自：/inherit/room/room.lpc 的 reset() 第 71 行，物件： /d/migong/lev7/dong29，地方:<none>
呼叫来自：/inherit/room/room.lpc 的 make_inventory() 第 22 行，物件： /d/migong/lev7/dong29，地方:<none>
呼叫来自：/d/migong/lev7/npc/lev6.lpc 的 create() 第 80 行，物件： /d/migong/lev7/npc/lev6#6986 ("狄斌")，地方:<none>
呼叫来自：/feature/skill.lpc 的 set_skill() 第 21 行，物件： /d/migong/lev7/npc/lev6#6986 ("狄斌")，地方:<none>

执行时段错误：*F_SKILL: No such skill (leg)

程式：/feature/skill.lpc 第 21 行
物件: /d/migong/lev7/npc/lev6#6987
呼叫来自：/d/migong/lev7/dong30.lpc 的 create() 第 20 行，物件： /d/migong/lev7/dong30，地方:<none>
呼叫来自：/inherit/room/room.lpc 的 setup() 第 189 行，物件： /d/migong/lev7/dong30，地方:<none>
呼叫来自：/inherit/room/room.lpc 的 reset() 第 71 行，物件： /d/migong/lev7/dong30，地方:<none>
呼叫来自：/inherit/room/room.lpc 的 make_inventory() 第 22 行，物件： /d/migong/lev7/dong30，地方:<none>
呼叫来自：/d/migong/lev7/npc/lev6.lpc 的 create() 第 80 行，物件： /d/migong/lev7/npc/lev6#6987 ("太叔多法")，地方:<none>
呼叫来自：/feature/skill.lpc 的 set_skill() 第 21 行，物件： /d/migong/lev7/npc/lev6#6987 ("太叔多法")，地方:<none>

执行时段错误：*F_SKILL: No such skill (leg)

程式：/feature/skill.lpc 第 21 行
物件: /d/migong/lev7/npc/lev6#7020
呼叫来自：/d/migong/lev7/dong53.lpc 的 create() 第 20 行，物件： /d/migong/lev7/dong53，地方:<none>
呼叫来自：/inherit/room/room.lpc 的 setup() 第 189 行，物件： /d/migong/lev7/dong53，地方:<none>
呼叫来自：/inherit/room/room.lpc 的 reset() 第 71 行，物件： /d/migong/lev7/dong53，地方:<none>
呼叫来自：/inherit/room/room.lpc 的 make_inventory() 第 22 行，物件： /d/migong/lev7/dong53，地方:<none>
呼叫来自：/d/migong/lev7/npc/lev6.lpc 的 create() 第 80 行，物件： /d/migong/lev7/npc/lev6#7020 ("幕容济")，地方:<none>
呼叫来自：/feature/skill.lpc 的 set_skill() 第 21 行，物件： /d/migong/lev7/npc/lev6#7020 ("幕容济")，地方:<none>

执行时段错误：*F_SKILL: No such skill (leg)

程式：/feature/skill.lpc 第 21 行
物件: /d/migong/obj/npc1
呼叫来自：/d/migong/obj/npc1.lpc 的 create() 第 323 行，物件： /d/migong/obj/npc1 ("玄慕[2;37;0m")，地方:<none>
呼叫来自：/feature/skill.lpc 的 set_skill() 第 21 行，物件： /d/migong/obj/npc1 ("玄慕[2;37;0m")，地方:<none>

执行时段错误：*F_SKILL: No such skill (yangsheshu)

程式：/feature/skill.lpc 第 21 行
物件: /d/migong/lev6/npc/lev9
呼叫来自：/d/migong/lev6/dong82.lpc 的 create() 第 20 行，物件： /d/migong/lev6/dong82，地方:<none>
呼叫来自：/inherit/room/room.lpc 的 setup() 第 189 行，物件： /d/migong/lev6/dong82，地方:<none>
呼叫来自：/inherit/room/room.lpc 的 reset() 第 71 行，物件： /d/migong/lev6/dong82，地方:<none>
呼叫来自：/inherit/room/room.lpc 的 make_inventory() 第 22 行，物件： /d/migong/lev6/dong82，地方:<none>
呼叫来自：/d/migong/lev6/npc/lev9.lpc 的 create() 第 84 行，物件： /d/migong/lev6/npc/lev9 ("戴仁剑")，地方:<none>
呼叫来自：/feature/skill.lpc 的 set_skill() 第 21 行，物件： /d/migong/lev6/npc/lev9 ("戴仁剑")，地方:<none>

执行时段错误：*F_SKILL: No such skill (chuanyun-tui)

程式：/feature/skill.lpc 第 21 行
物件: /d/migong/lev6/npc/lev7
呼叫来自：/d/migong/lev6/dong47.lpc 的 create() 第 20 行，物件： /d/migong/lev6/dong47，地方:<none>
呼叫来自：/inherit/room/room.lpc 的 setup() 第 189 行，物件： /d/migong/lev6/dong47，地方:<none>
呼叫来自：/inherit/room/room.lpc 的 reset() 第 71 行，物件： /d/migong/lev6/dong47，地方:<none>
呼叫来自：/inherit/room/room.lpc 的 make_inventory() 第 22 行，物件： /d/migong/lev6/dong47，地方:<none>
呼叫来自：/d/migong/lev6/npc/lev7.lpc 的 create() 第 96 行，物件： /d/migong/lev6/npc/lev7 ("钟多山")，地方:<none>
呼叫来自：/feature/skill.lpc 的 set_skill() 第 21 行，物件： /d/migong/lev6/npc/lev7 ("钟多山")，地方:<none>

执行时段错误：*F_SKILL: No such skill (chuanyun-tui)

程式：/feature/skill.lpc 第 21 行
物件: /d/migong/lev6/npc/lev7#7560
呼叫来自：/d/migong/lev6/dong96.lpc 的 create() 第 20 行，物件： /d/migong/lev6/dong96，地方:<none>
呼叫来自：/inherit/room/room.lpc 的 setup() 第 189 行，物件： /d/migong/lev6/dong96，地方:<none>
呼叫来自：/inherit/room/room.lpc 的 reset() 第 71 行，物件： /d/migong/lev6/dong96，地方:<none>
呼叫来自：/inherit/room/room.lpc 的 make_inventory() 第 22 行，物件： /d/migong/lev6/dong96，地方:<none>
呼叫来自：/d/migong/lev6/npc/lev7.lpc 的 create() 第 96 行，物件： /d/migong/lev6/npc/lev7#7560 ("佘仁荣")，地方:<none>
呼叫来自：/feature/skill.lpc 的 set_skill() 第 21 行，物件： /d/migong/lev6/npc/lev7#7560 ("佘仁荣")，地方:<none>

执行时段错误：*F_SKILL: No such skill (yangsheshu)

程式：/feature/skill.lpc 第 21 行
物件: /d/migong/lev6/npc/lev9#7561
呼叫来自：/d/migong/lev6/dong40.lpc 的 create() 第 20 行，物件： /d/migong/lev6/dong40，地方:<none>
呼叫来自：/inherit/room/room.lpc 的 setup() 第 189 行，物件： /d/migong/lev6/dong40，地方:<none>
呼叫来自：/inherit/room/room.lpc 的 reset() 第 71 行，物件： /d/migong/lev6/dong40，地方:<none>
呼叫来自：/inherit/room/room.lpc 的 make_inventory() 第 22 行，物件： /d/migong/lev6/dong40，地方:<none>
呼叫来自：/d/migong/lev6/npc/lev9.lpc 的 create() 第 84 行，物件： /d/migong/lev6/npc/lev9#7561 ("公西智山")，地方:<none>
呼叫来自：/feature/skill.lpc 的 set_skill() 第 21 行，物件： /d/migong/lev6/npc/lev9#7561 ("公西智山")，地方:<none>

执行时段错误：*F_SKILL: No such skill (chuanyun-tui)

程式：/feature/skill.lpc 第 21 行
物件: /d/migong/lev6/npc/lev7#7597
呼叫来自：/d/migong/lev6/dong27.lpc 的 create() 第 20 行，物件： /d/migong/lev6/dong27，地方:<none>
呼叫来自：/inherit/room/room.lpc 的 setup() 第 189 行，物件： /d/migong/lev6/dong27，地方:<none>
呼叫来自：/inherit/room/room.lpc 的 reset() 第 71 行，物件： /d/migong/lev6/dong27，地方:<none>
呼叫来自：/inherit/room/room.lpc 的 make_inventory() 第 22 行，物件： /d/migong/lev6/dong27，地方:<none>
呼叫来自：/d/migong/lev6/npc/lev7.lpc 的 create() 第 96 行，物件： /d/migong/lev6/npc/lev7#7597 ("樊高霸")，地方:<none>
呼叫来自：/feature/skill.lpc 的 set_skill() 第 21 行，物件： /d/migong/lev6/npc/lev7#7597 ("樊高霸")，地方:<none>

执行时段错误：*F_SKILL: No such skill (chuanyun-tui)

程式：/feature/skill.lpc 第 21 行
物件: /d/migong/lev6/npc/lev7#7651
呼叫来自：/d/migong/lev6/dong63.lpc 的 create() 第 20 行，物件： /d/migong/lev6/dong63，地方:<none>
呼叫来自：/inherit/room/room.lpc 的 setup() 第 189 行，物件： /d/migong/lev6/dong63，地方:<none>
呼叫来自：/inherit/room/room.lpc 的 reset() 第 71 行，物件： /d/migong/lev6/dong63，地方:<none>
呼叫来自：/inherit/room/room.lpc 的 make_inventory() 第 22 行，物件： /d/migong/lev6/dong63，地方:<none>
呼叫来自：/d/migong/lev6/npc/lev7.lpc 的 create() 第 96 行，物件： /d/migong/lev6/npc/lev7#7651 ("曹健")，地方:<none>
呼叫来自：/feature/skill.lpc 的 set_skill() 第 21 行，物件： /d/migong/lev6/npc/lev7#7651 ("曹健")，地方:<none>

执行时段错误：*F_SKILL: No such skill (chuanyun-tui)

程式：/feature/skill.lpc 第 21 行
物件: /d/migong/lev6/npc/lev7#7715
呼叫来自：/d/migong/lev6/dong93.lpc 的 create() 第 21 行，物件： /d/migong/lev6/dong93，地方:<none>
呼叫来自：/inherit/room/room.lpc 的 setup() 第 189 行，物件： /d/migong/lev6/dong93，地方:<none>
呼叫来自：/inherit/room/room.lpc 的 reset() 第 71 行，物件： /d/migong/lev6/dong93，地方:<none>
呼叫来自：/inherit/room/room.lpc 的 make_inventory() 第 22 行，物件： /d/migong/lev6/dong93，地方:<none>
呼叫来自：/d/migong/lev6/npc/lev7.lpc 的 create() 第 96 行，物件： /d/migong/lev6/npc/lev7#7715 ("百里子江")，地方:<none>
呼叫来自：/feature/skill.lpc 的 set_skill() 第 21 行，物件： /d/migong/lev6/npc/lev7#7715 ("百里子江")，地方:<none>

执行时段错误：*F_SKILL: No such skill (chuanyun-tui)

程式：/feature/skill.lpc 第 21 行
物件: /d/migong/lev6/npc/lev7#7724
呼叫来自：/d/migong/lev6/dong60.lpc 的 create() 第 20 行，物件： /d/migong/lev6/dong60，地方:<none>
呼叫来自：/inherit/room/room.lpc 的 setup() 第 189 行，物件： /d/migong/lev6/dong60，地方:<none>
呼叫来自：/inherit/room/room.lpc 的 reset() 第 71 行，物件： /d/migong/lev6/dong60，地方:<none>
呼叫来自：/inherit/room/room.lpc 的 make_inventory() 第 22 行，物件： /d/migong/lev6/dong60，地方:<none>
呼叫来自：/d/migong/lev6/npc/lev7.lpc 的 create() 第 96 行，物件： /d/migong/lev6/npc/lev7#7724 ("孙诚")，地方:<none>
呼叫来自：/feature/skill.lpc 的 set_skill() 第 21 行，物件： /d/migong/lev6/npc/lev7#7724 ("孙诚")，地方:<none>

执行时段错误：*F_SKILL: No such skill (yangsheshu)

程式：/feature/skill.lpc 第 21 行
物件: /d/migong/lev6/npc/lev9#7756
呼叫来自：/d/migong/lev6/dong43.lpc 的 create() 第 20 行，物件： /d/migong/lev6/dong43，地方:<none>
呼叫来自：/inherit/room/room.lpc 的 setup() 第 189 行，物件： /d/migong/lev6/dong43，地方:<none>
呼叫来自：/inherit/room/room.lpc 的 reset() 第 71 行，物件： /d/migong/lev6/dong43，地方:<none>
呼叫来自：/inherit/room/room.lpc 的 make_inventory() 第 22 行，物件： /d/migong/lev6/dong43，地方:<none>
呼叫来自：/d/migong/lev6/npc/lev9.lpc 的 create() 第 84 行，物件： /d/migong/lev6/npc/lev9#7756 ("诸葛良")，地方:<none>
呼叫来自：/feature/skill.lpc 的 set_skill() 第 21 行，物件： /d/migong/lev6/npc/lev9#7756 ("诸葛良")，地方:<none>

执行时段错误：*F_SKILL: No such skill (chuanyun-tui)

程式：/feature/skill.lpc 第 21 行
物件: /d/migong/lev6/npc/lev7#7783
呼叫来自：/d/migong/lev6/dong46.lpc 的 create() 第 21 行，物件： /d/migong/lev6/dong46，地方:<none>
呼叫来自：/inherit/room/room.lpc 的 setup() 第 189 行，物件： /d/migong/lev6/dong46，地方:<none>
呼叫来自：/inherit/room/room.lpc 的 reset() 第 71 行，物件： /d/migong/lev6/dong46，地方:<none>
呼叫来自：/inherit/room/room.lpc 的 make_inventory() 第 22 行，物件： /d/migong/lev6/dong46，地方:<none>
呼叫来自：/d/migong/lev6/npc/lev7.lpc 的 create() 第 96 行，物件： /d/migong/lev6/npc/lev7#7783 ("邬礼光")，地方:<none>
呼叫来自：/feature/skill.lpc 的 set_skill() 第 21 行，物件： /d/migong/lev6/npc/lev7#7783 ("邬礼光")，地方:<none>

执行时段错误：*F_SKILL: No such skill (chuanyun-tui)

程式：/feature/skill.lpc 第 21 行
物件: /d/migong/lev6/npc/lev7#7790
呼叫来自：/d/migong/lev6/dong74.lpc 的 create() 第 20 行，物件： /d/migong/lev6/dong74，地方:<none>
呼叫来自：/inherit/room/room.lpc 的 setup() 第 189 行，物件： /d/migong/lev6/dong74，地方:<none>
呼叫来自：/inherit/room/room.lpc 的 reset() 第 71 行，物件： /d/migong/lev6/dong74，地方:<none>
呼叫来自：/inherit/room/room.lpc 的 make_inventory() 第 22 行，物件： /d/migong/lev6/dong74，地方:<none>
呼叫来自：/d/migong/lev6/npc/lev7.lpc 的 create() 第 96 行，物件： /d/migong/lev6/npc/lev7#7790 ("郎孝进")，地方:<none>
呼叫来自：/feature/skill.lpc 的 set_skill() 第 21 行，物件： /d/migong/lev6/npc/lev7#7790 ("郎孝进")，地方:<none>

执行时段错误：*F_SKILL: No such skill (chuanyun-tui)

程式：/feature/skill.lpc 第 21 行
物件: /d/migong/lev6/npc/lev7#7799
呼叫来自：/d/migong/lev6/dong75.lpc 的 create() 第 20 行，物件： /d/migong/lev6/dong75，地方:<none>
呼叫来自：/inherit/room/room.lpc 的 setup() 第 189 行，物件： /d/migong/lev6/dong75，地方:<none>
呼叫来自：/inherit/room/room.lpc 的 reset() 第 71 行，物件： /d/migong/lev6/dong75，地方:<none>
呼叫来自：/inherit/room/room.lpc 的 make_inventory() 第 22 行，物件： /d/migong/lev6/dong75，地方:<none>
呼叫来自：/d/migong/lev6/npc/lev7.lpc 的 create() 第 96 行，物件： /d/migong/lev6/npc/lev7#7799 ("汝鄢若海")，地方:<none>
呼叫来自：/feature/skill.lpc 的 set_skill() 第 21 行，物件： /d/migong/lev6/npc/lev7#7799 ("汝鄢若海")，地方:<none>

执行时段错误：*F_SKILL: No such skill (chuanyun-tui)

程式：/feature/skill.lpc 第 21 行
物件: /d/migong/lev6/npc/lev7#7806
呼叫来自：/d/migong/lev6/dong50.lpc 的 create() 第 20 行，物件： /d/migong/lev6/dong50，地方:<none>
呼叫来自：/inherit/room/room.lpc 的 setup() 第 189 行，物件： /d/migong/lev6/dong50，地方:<none>
呼叫来自：/inherit/room/room.lpc 的 reset() 第 71 行，物件： /d/migong/lev6/dong50，地方:<none>
呼叫来自：/inherit/room/room.lpc 的 make_inventory() 第 22 行，物件： /d/migong/lev6/dong50，地方:<none>
呼叫来自：/d/migong/lev6/npc/lev7.lpc 的 create() 第 96 行，物件： /d/migong/lev6/npc/lev7#7806 ("微生自伟")，地方:<none>
呼叫来自：/feature/skill.lpc 的 set_skill() 第 21 行，物件： /d/migong/lev6/npc/lev7#7806 ("微生自伟")，地方:<none>

执行时段错误：*F_SKILL: No such skill (yangsheshu)

程式：/feature/skill.lpc 第 21 行
物件: /d/migong/lev6/npc/lev9#7814
呼叫来自：/d/migong/lev6/dong81.lpc 的 create() 第 20 行，物件： /d/migong/lev6/dong81，地方:<none>
呼叫来自：/inherit/room/room.lpc 的 setup() 第 189 行，物件： /d/migong/lev6/dong81，地方:<none>
呼叫来自：/inherit/room/room.lpc 的 reset() 第 71 行，物件： /d/migong/lev6/dong81，地方:<none>
呼叫来自：/inherit/room/room.lpc 的 make_inventory() 第 22 行，物件： /d/migong/lev6/dong81，地方:<none>
呼叫来自：/d/migong/lev6/npc/lev9.lpc 的 create() 第 84 行，物件： /d/migong/lev6/npc/lev9#7814 ("申屠才罡")，地方:<none>
呼叫来自：/feature/skill.lpc 的 set_skill() 第 21 行，物件： /d/migong/lev6/npc/lev9#7814 ("申屠才罡")，地方:<none>

执行时段错误：*F_SKILL: No such skill (yangsheshu)

程式：/feature/skill.lpc 第 21 行
物件: /d/migong/lev6/npc/lev9#7855
呼叫来自：/d/migong/lev6/dong61.lpc 的 create() 第 20 行，物件： /d/migong/lev6/dong61，地方:<none>
呼叫来自：/inherit/room/room.lpc 的 setup() 第 189 行，物件： /d/migong/lev6/dong61，地方:<none>
呼叫来自：/inherit/room/room.lpc 的 reset() 第 71 行，物件： /d/migong/lev6/dong61，地方:<none>
呼叫来自：/inherit/room/room.lpc 的 make_inventory() 第 22 行，物件： /d/migong/lev6/dong61，地方:<none>
呼叫来自：/d/migong/lev6/npc/lev9.lpc 的 create() 第 84 行，物件： /d/migong/lev6/npc/lev9#7855 ("柯福良")，地方:<none>
呼叫来自：/feature/skill.lpc 的 set_skill() 第 21 行，物件： /d/migong/lev6/npc/lev9#7855 ("柯福良")，地方:<none>

执行时段错误：*F_SKILL: No such skill (chuanyun-tui)

程式：/feature/skill.lpc 第 21 行
物件: /d/migong/lev6/npc/lev7#7863
呼叫来自：/d/migong/lev6/dong98.lpc 的 create() 第 20 行，物件： /d/migong/lev6/dong98，地方:<none>
呼叫来自：/inherit/room/room.lpc 的 setup() 第 189 行，物件： /d/migong/lev6/dong98，地方:<none>
呼叫来自：/inherit/room/room.lpc 的 reset() 第 71 行，物件： /d/migong/lev6/dong98，地方:<none>
呼叫来自：/inherit/room/room.lpc 的 make_inventory() 第 22 行，物件： /d/migong/lev6/dong98，地方:<none>
呼叫来自：/d/migong/lev6/npc/lev7.lpc 的 create() 第 96 行，物件： /d/migong/lev6/npc/lev7#7863 ("阎法瑜")，地方:<none>
呼叫来自：/feature/skill.lpc 的 set_skill() 第 21 行，物件： /d/migong/lev6/npc/lev7#7863 ("阎法瑜")，地方:<none>

执行时段错误：*F_SKILL: No such skill (yangsheshu)

程式：/feature/skill.lpc 第 21 行
物件: /d/migong/lev6/npc/lev9#7898
呼叫来自：/d/migong/lev6/dong24.lpc 的 create() 第 21 行，物件： /d/migong/lev6/dong24，地方:<none>
呼叫来自：/inherit/room/room.lpc 的 setup() 第 189 行，物件： /d/migong/lev6/dong24，地方:<none>
呼叫来自：/inherit/room/room.lpc 的 reset() 第 71 行，物件： /d/migong/lev6/dong24，地方:<none>
呼叫来自：/inherit/room/room.lpc 的 make_inventory() 第 22 行，物件： /d/migong/lev6/dong24，地方:<none>
呼叫来自：/d/migong/lev6/npc/lev9.lpc 的 create() 第 84 行，物件： /d/migong/lev6/npc/lev9#7898 ("柳禄斌")，地方:<none>
呼叫来自：/feature/skill.lpc 的 set_skill() 第 21 行，物件： /d/migong/lev6/npc/lev9#7898 ("柳禄斌")，地方:<none>

执行时段错误：*F_SKILL: No such skill (chuanyun-tui)

程式：/feature/skill.lpc 第 21 行
物件: /d/migong/lev6/npc/lev7#7923
呼叫来自：/d/migong/lev6/dong77.lpc 的 create() 第 20 行，物件： /d/migong/lev6/dong77，地方:<none>
呼叫来自：/inherit/room/room.lpc 的 setup() 第 189 行，物件： /d/migong/lev6/dong77，地方:<none>
呼叫来自：/inherit/room/room.lpc 的 reset() 第 71 行，物件： /d/migong/lev6/dong77，地方:<none>
呼叫来自：/inherit/room/room.lpc 的 make_inventory() 第 22 行，物件： /d/migong/lev6/dong77，地方:<none>
呼叫来自：/d/migong/lev6/npc/lev7.lpc 的 create() 第 96 行，物件： /d/migong/lev6/npc/lev7#7923 ("柳永宏")，地方:<none>
呼叫来自：/feature/skill.lpc 的 set_skill() 第 21 行，物件： /d/migong/lev6/npc/lev7#7923 ("柳永宏")，地方:<none>

执行时段错误：*F_SKILL: No such skill (chuanyun-tui)

程式：/feature/skill.lpc 第 21 行
物件: /d/migong/lev6/npc/lev7#7955
呼叫来自：/d/migong/lev6/dong65.lpc 的 create() 第 20 行，物件： /d/migong/lev6/dong65，地方:<none>
呼叫来自：/inherit/room/room.lpc 的 setup() 第 189 行，物件： /d/migong/lev6/dong65，地方:<none>
呼叫来自：/inherit/room/room.lpc 的 reset() 第 71 行，物件： /d/migong/lev6/dong65，地方:<none>
呼叫来自：/inherit/room/room.lpc 的 make_inventory() 第 22 行，物件： /d/migong/lev6/dong65，地方:<none>
呼叫来自：/d/migong/lev6/npc/lev7.lpc 的 create() 第 96 行，物件： /d/migong/lev6/npc/lev7#7955 ("长孙宏")，地方:<none>
呼叫来自：/feature/skill.lpc 的 set_skill() 第 21 行，物件： /d/migong/lev6/npc/lev7#7955 ("长孙宏")，地方:<none>

执行时段错误：*F_SKILL: No such skill (yangsheshu)

程式：/feature/skill.lpc 第 21 行
物件: /d/migong/lev6/npc/lev9#7956
呼叫来自：/d/migong/lev6/dong28.lpc 的 create() 第 20 行，物件： /d/migong/lev6/dong28，地方:<none>
呼叫来自：/inherit/room/room.lpc 的 setup() 第 189 行，物件： /d/migong/lev6/dong28，地方:<none>
呼叫来自：/inherit/room/room.lpc 的 reset() 第 71 行，物件： /d/migong/lev6/dong28，地方:<none>
呼叫来自：/inherit/room/room.lpc 的 make_inventory() 第 22 行，物件： /d/migong/lev6/dong28，地方:<none>
呼叫来自：/d/migong/lev6/npc/lev9.lpc 的 create() 第 84 行，物件： /d/migong/lev6/npc/lev9#7956 ("柏孝钢")，地方:<none>
呼叫来自：/feature/skill.lpc 的 set_skill() 第 21 行，物件： /d/migong/lev6/npc/lev9#7956 ("柏孝钢")，地方:<none>

执行时段错误：*F_SKILL: No such skill (chuanyun-tui)

程式：/feature/skill.lpc 第 21 行
物件: /d/migong/lev6/npc/lev7#7962
呼叫来自：/d/migong/lev6/dong35.lpc 的 create() 第 20 行，物件： /d/migong/lev6/dong35，地方:<none>
呼叫来自：/inherit/room/room.lpc 的 setup() 第 189 行，物件： /d/migong/lev6/dong35，地方:<none>
呼叫来自：/inherit/room/room.lpc 的 reset() 第 71 行，物件： /d/migong/lev6/dong35，地方:<none>
呼叫来自：/inherit/room/room.lpc 的 make_inventory() 第 22 行，物件： /d/migong/lev6/dong35，地方:<none>
呼叫来自：/d/migong/lev6/npc/lev7.lpc 的 create() 第 96 行，物件： /d/migong/lev6/npc/lev7#7962 ("欧阳祥")，地方:<none>
呼叫来自：/feature/skill.lpc 的 set_skill() 第 21 行，物件： /d/migong/lev6/npc/lev7#7962 ("欧阳祥")，地方:<none>

执行时段错误：*F_SKILL: No such skill (chuanyun-tui)

程式：/feature/skill.lpc 第 21 行
物件: /d/migong/lev6/npc/lev7#7970
呼叫来自：/d/migong/lev6/dong69.lpc 的 create() 第 20 行，物件： /d/migong/lev6/dong69，地方:<none>
呼叫来自：/inherit/room/room.lpc 的 setup() 第 189 行，物件： /d/migong/lev6/dong69，地方:<none>
呼叫来自：/inherit/room/room.lpc 的 reset() 第 71 行，物件： /d/migong/lev6/dong69，地方:<none>
呼叫来自：/inherit/room/room.lpc 的 make_inventory() 第 22 行，物件： /d/migong/lev6/dong69，地方:<none>
呼叫来自：/d/migong/lev6/npc/lev7.lpc 的 create() 第 96 行，物件： /d/migong/lev6/npc/lev7#7970 ("申屠飞")，地方:<none>
呼叫来自：/feature/skill.lpc 的 set_skill() 第 21 行，物件： /d/migong/lev6/npc/lev7#7970 ("申屠飞")，地方:<none>

执行时段错误：*F_SKILL: No such skill (chuanyun-tui)

程式：/feature/skill.lpc 第 21 行
物件: /d/migong/lev6/npc/lev7#7991
呼叫来自：/d/migong/lev6/dong55.lpc 的 create() 第 20 行，物件： /d/migong/lev6/dong55，地方:<none>
呼叫来自：/inherit/room/room.lpc 的 setup() 第 189 行，物件： /d/migong/lev6/dong55，地方:<none>
呼叫来自：/inherit/room/room.lpc 的 reset() 第 71 行，物件： /d/migong/lev6/dong55，地方:<none>
呼叫来自：/inherit/room/room.lpc 的 make_inventory() 第 22 行，物件： /d/migong/lev6/dong55，地方:<none>
呼叫来自：/d/migong/lev6/npc/lev7.lpc 的 create() 第 96 行，物件： /d/migong/lev6/npc/lev7#7991 ("左丘麟")，地方:<none>
呼叫来自：/feature/skill.lpc 的 set_skill() 第 21 行，物件： /d/migong/lev6/npc/lev7#7991 ("左丘麟")，地方:<none>

执行时段错误：*No program in object '/d/heimuya/shenggu'!

程式：0 第 0 行
物件: /adm/obj/master

执行时段错误：*No program in object '/d/heimuya/tang'!

程式：0 第 0 行
物件: /adm/obj/master

执行时段错误：*No program in object '/d/heimuya/npc/tang'!

程式：0 第 0 行
物件: /adm/obj/master

执行时段错误：*Bad argument 1 to EFUN call_other()
Expected: object, string, array,  Got: int(0).

程式：/inherit/room/room.lpc 第 23 行
物件: /d/city/zisharoom
呼叫来自：/d/city/zisharoom.lpc 的 create() 第 20 行，物件： /d/city/zisharoom，地方:<none>
呼叫来自：/inherit/room/room.lpc 的 setup() 第 189 行，物件： /d/city/zisharoom，地方:<none>
呼叫来自：/inherit/room/room.lpc 的 reset() 第 71 行，物件： /d/city/zisharoom，地方:<none>
呼叫来自：/inherit/room/room.lpc 的 make_inventory() 第 23 行，物件： /d/city/zisharoom，地方:<none>

执行时段错误：*No program in object '/d/city3/jiulou2/obj/food'!

程式：0 第 0 行
物件: /adm/obj/master

执行时段错误：*No program in object '/d/quanzhou/npc/tang3'!

程式：0 第 0 行
物件: /adm/obj/master

执行时段错误：*No program in object '/d/obj/quest/chai'!

程式：0 第 0 行
物件: /adm/obj/master

执行时段错误：*No program in object '/d/npc/master'!

程式：0 第 0 行
物件: /adm/obj/master

执行时段错误：*Bad argument 1 to EFUN call_other()
Expected: object, string, array,  Got: int(0).

程式：/inherit/gems/weapon.lpc 第 10 行
物件: /d/npc/m_weapon/weapon/m_club
呼叫来自：/d/npc/m_weapon/weapon/m_club.lpc 的 create() 第 60 行，物件： /d/npc/m_weapon/weapon/m_club ("/d/npc/m_weapon/weapon/m_club")，地方:<none>
呼叫来自：/inherit/gems/weapon.lpc 的 setup() 第 23 行，物件： /d/npc/m_weapon/weapon/m_club ("/d/npc/m_weapon/weapon/m_club")，地方:<none>
呼叫来自：/inherit/gems/weapon.lpc 的 init_sockets() 第 10 行，物件： /d/npc/m_weapon/weapon/m_club ("/d/npc/m_weapon/weapon/m_club")，地方:<none>

执行时段错误：*Bad argument 1 to EFUN call_other()
Expected: object, string, array,  Got: int(0).

程式：/d/npc/m_weapon/weapon/m_whip.lpc 第 27 行
物件: /d/npc/m_weapon/weapon/m_whip
呼叫来自：/d/npc/m_weapon/weapon/m_whip.lpc 的 create() 第 27 行，物件： /d/npc/m_weapon/weapon/m_whip ("/d/npc/m_weapon/weapon/m_whip")，地方:<none>

执行时段错误：*Bad argument 1 to EFUN call_other()
Expected: object, string, array,  Got: int(0).

程式：/d/npc/m_weapon/weapon/m_hammer.lpc 第 29 行
物件: /d/npc/m_weapon/weapon/m_hammer
呼叫来自：/d/npc/m_weapon/weapon/m_hammer.lpc 的 create() 第 29 行，物件： /d/npc/m_weapon/weapon/m_hammer ("/d/npc/m_weapon/weapon/m_hammer")，地方:<none>

执行时段错误：*No program in object '/d/npc/m_weapon/weapon/m_bian'!

程式：0 第 0 行
物件: /adm/obj/master

执行时段错误：*Bad argument 1 to EFUN call_other()
Expected: object, string, array,  Got: int(0).

程式：/d/npc/m_weapon/weapon/m_staff.lpc 第 26 行
物件: /d/npc/m_weapon/weapon/m_staff
呼叫来自：/d/npc/m_weapon/weapon/m_staff.lpc 的 create() 第 26 行，物件： /d/npc/m_weapon/weapon/m_staff ("/d/npc/m_weapon/weapon/m_staff")，地方:<none>

执行时段错误：*Bad argument 1 to EFUN call_other()
Expected: object, string, array,  Got: int(0).

程式：/d/quanzhen/obj/m_sword.lpc 第 57 行
物件: /d/quanzhen/obj/m_sword
呼叫来自：/d/quanzhen/obj/m_sword.lpc 的 create() 第 57 行，物件： /d/quanzhen/obj/m_sword ("/d/quanzhen/obj/m_sword")，地方:<none>

执行时段错误：*Bad argument 1 to EFUN call_other()
Expected: object, string, array,  Got: int(0).

程式：/d/quanzhen/npc/obj/m_sword.lpc 第 29 行
物件: /d/quanzhen/npc/obj/m_sword
呼叫来自：/d/quanzhen/npc/obj/m_sword.lpc 的 create() 第 29 行，物件： /d/quanzhen/npc/obj/m_sword ("/d/quanzhen/npc/obj/m_sword")，地方:<none>

执行时段错误：*Bad argument 1 to EFUN call_other()
Expected: object, string, array,  Got: int(0).

程式：/inherit/room/room.lpc 第 23 行
物件: /d/mr/biaoju
呼叫来自：/d/mr/biaoju.lpc 的 create() 第 18 行，物件： /d/mr/biaoju，地方:<none>
呼叫来自：/inherit/room/room.lpc 的 setup() 第 189 行，物件： /d/mr/biaoju，地方:<none>
呼叫来自：/inherit/room/room.lpc 的 reset() 第 71 行，物件： /d/mr/biaoju，地方:<none>
呼叫来自：/inherit/room/room.lpc 的 make_inventory() 第 23 行，物件： /d/mr/biaoju，地方:<none>

执行时段错误：*No program in object '/d/baituo/obj/bowl'!

程式：0 第 0 行
物件: /adm/obj/master

执行时段错误：*No program in object '/d/baituo/npc/obj/bowl'!

程式：0 第 0 行
物件: /adm/obj/master

执行时段错误：*No program in object '/d/taishan/xingtang'!

程式：0 第 0 行
物件: /adm/obj/master

执行时段错误：*No program in object '/d/taishan/tang2'!

程式：0 第 0 行
物件: /adm/obj/master

执行时段错误：*No program in object '/d/taishan/tang3'!

程式：0 第 0 行
物件: /adm/obj/master

执行时段错误：*No program in object '/d/huashan/map'!

程式：0 第 0 行
物件: /adm/obj/master

执行时段错误：*No program in object '/d/player/ltsh/npc/saveme'!

程式：/inherit/room/room.lpc 第 22 行
物件: /d/shaolin/hantan3
呼叫来自：/d/shaolin/hantan3.lpc 的 create() 第 17 行，物件： /d/shaolin/hantan3，地方:<none>
呼叫来自：/inherit/room/room.lpc 的 setup() 第 189 行，物件： /d/shaolin/hantan3，地方:<none>
呼叫来自：/inherit/room/room.lpc 的 reset() 第 71 行，物件： /d/shaolin/hantan3，地方:<none>
呼叫来自：/inherit/room/room.lpc 的 make_inventory() 第 22 行，物件： /d/shaolin/hantan3，地方:<none>

执行时段错误：*Bad argument 1 to EFUN call_other()
Expected: object, string, array,  Got: int(0).

程式：/inherit/room/room.lpc 第 23 行
物件: /d/shaolin/npc/obj/houdian
呼叫来自：/d/shaolin/npc/obj/houdian.lpc 的 create() 第 27 行，物件： /d/shaolin/npc/obj/houdian，地方:<none>
呼叫来自：/inherit/room/room.lpc 的 setup() 第 189 行，物件： /d/shaolin/npc/obj/houdian，地方:<none>
呼叫来自：/inherit/room/room.lpc 的 reset() 第 80 行，物件： /d/shaolin/npc/obj/houdian，地方:<none>
呼叫来自：/inherit/room/room.lpc 的 make_inventory() 第 23 行，物件： /d/shaolin/npc/obj/houdian，地方:<none>

执行时段错误：*No program in object '/d/shaolin/npc/obj/shuitan'!

程式：0 第 0 行
物件: /adm/obj/master

执行时段错误：*No program in object '/d/player/fyue_room'!

程式：0 第 0 行
物件: /adm/obj/master

执行时段错误：*No program in object '/d/player/ltsh/npc/saveme'!

程式：0 第 0 行
物件: /adm/obj/master

执行时段错误：*No program in object '/d/player/ltsh/npc/saveme'!

程式：/inherit/room/room.lpc 第 22 行
物件: /d/player/ltsh/tst
呼叫来自：/d/player/ltsh/tst.lpc 的 create() 第 22 行，物件： /d/player/ltsh/tst，地方:<none>
呼叫来自：/inherit/room/room.lpc 的 setup() 第 189 行，物件： /d/player/ltsh/tst，地方:<none>
呼叫来自：/inherit/room/room.lpc 的 reset() 第 71 行，物件： /d/player/ltsh/tst，地方:<none>
呼叫来自：/inherit/room/room.lpc 的 make_inventory() 第 22 行，物件： /d/player/ltsh/tst，地方:<none>

执行时段错误：*Bad argument 1 to EFUN call_other()
Expected: object, string, array,  Got: int(0).

程式：/inherit/room/room.lpc 第 23 行
物件: /d/quanzhen_old/nanyang
呼叫来自：/d/quanzhen_old/nanyang.lpc 的 create() 第 30 行，物件： /d/quanzhen_old/nanyang，地方:<none>
呼叫来自：/inherit/room/room.lpc 的 setup() 第 189 行，物件： /d/quanzhen_old/nanyang，地方:<none>
呼叫来自：/inherit/room/room.lpc 的 reset() 第 71 行，物件： /d/quanzhen_old/nanyang，地方:<none>
呼叫来自：/inherit/room/room.lpc 的 make_inventory() 第 23 行，物件： /d/quanzhen_old/nanyang，地方:<none>

执行时段错误：*F_SKILL: No such skill (kongmingquan)

程式：/feature/skill.lpc 第 21 行
物件: /d/quanzhen_old/obj/liuchuxuan
呼叫来自：/d/quanzhen_old/obj/liuchuxuan.lpc 的 create() 第 49 行，物件： /d/quanzhen_old/obj/liuchuxuan ("刘处玄")，地方:<none>
呼叫来自：/feature/skill.lpc 的 set_skill() 第 21 行，物件： /d/quanzhen_old/obj/liuchuxuan ("刘处玄")，地方:<none>

执行时段错误：*F_SKILL: No such skill (kongmingquan)

程式：/feature/skill.lpc 第 21 行
物件: /d/quanzhen_old/obj/mayu
呼叫来自：/d/quanzhen_old/obj/mayu.lpc 的 create() 第 59 行，物件： /d/quanzhen_old/obj/mayu ("马钰")，地方:<none>
呼叫来自：/feature/skill.lpc 的 set_skill() 第 21 行，物件： /d/quanzhen_old/obj/mayu ("马钰")，地方:<none>

执行时段错误：*F_SKILL: No such skill (kongmingquan)

程式：/feature/skill.lpc 第 21 行
物件: /d/quanzhen_old/obj/daotong
呼叫来自：/d/quanzhen_old/obj/daotong.lpc 的 create() 第 38 行，物件： /d/quanzhen_old/obj/daotong ("道童")，地方:<none>
呼叫来自：/feature/skill.lpc 的 set_skill() 第 21 行，物件： /d/quanzhen_old/obj/daotong ("道童")，地方:<none>

执行时段错误：*F_SKILL: No such skill (kongmingquan)

程式：/feature/skill.lpc 第 21 行
物件: /d/quanzhen_old/obj/haodatong
呼叫来自：/d/quanzhen_old/obj/haodatong.lpc 的 create() 第 43 行，物件： /d/quanzhen_old/obj/haodatong ("郝大通")，地方:<none>
呼叫来自：/feature/skill.lpc 的 set_skill() 第 21 行，物件： /d/quanzhen_old/obj/haodatong ("郝大通")，地方:<none>

执行时段错误：*Bad argument 1 to EFUN call_other()
Expected: object, string, array,  Got: int(0).

程式：/d/quanzhen_old/obj/m_sword.lpc 第 57 行
物件: /d/quanzhen_old/obj/m_sword
呼叫来自：/d/quanzhen_old/obj/m_sword.lpc 的 create() 第 57 行，物件： /d/quanzhen_old/obj/m_sword ("/d/quanzhen_old/obj/m_sword")，地方:<none>

执行时段错误：*No program in object '/d/quanzhen_old/obj/cloth'!

程式：0 第 0 行
物件: /adm/obj/master

执行时段错误：*No program in object '/d/quanzhen_old/npc/haodatong'!

程式：0 第 0 行
物件: /adm/obj/master

执行时段错误：*Bad argument 1 to EFUN call_other()
Expected: object, string, array,  Got: int(0).

程式：/d/quanzhen_old/npc/obj/m_sword.lpc 第 29 行
物件: /d/quanzhen_old/npc/obj/m_sword
呼叫来自：/d/quanzhen_old/npc/obj/m_sword.lpc 的 create() 第 29 行，物件： /d/quanzhen_old/npc/obj/m_sword ("/d/quanzhen_old/npc/obj/m_sword")，地方:<none>

执行时段错误：*Bad argument 1 to EFUN call_other()
Expected: object, string, array,  Got: int(0).

程式：/inherit/room/room.lpc 第 23 行
物件: /d/quanzhen_old/yadi
呼叫来自：/d/quanzhen_old/yadi.lpc 的 create() 第 25 行，物件： /d/quanzhen_old/yadi，地方:<none>
呼叫来自：/inherit/room/room.lpc 的 setup() 第 189 行，物件： /d/quanzhen_old/yadi，地方:<none>
呼叫来自：/inherit/room/room.lpc 的 reset() 第 71 行，物件： /d/quanzhen_old/yadi，地方:<none>
呼叫来自：/inherit/room/room.lpc 的 make_inventory() 第 23 行，物件： /d/quanzhen_old/yadi，地方:<none>

执行时段错误：*Bad argument 1 to EFUN call_other()
Expected: object, string, array,  Got: int(0).

程式：/inherit/room/room.lpc 第 23 行
物件: /d/gumu/shulin8
呼叫来自：/d/gumu/shulin8.lpc 的 create() 第 24 行，物件： /d/gumu/shulin8，地方:<none>
呼叫来自：/inherit/room/room.lpc 的 setup() 第 189 行，物件： /d/gumu/shulin8，地方:<none>
呼叫来自：/inherit/room/room.lpc 的 reset() 第 71 行，物件： /d/gumu/shulin8，地方:<none>
呼叫来自：/inherit/room/room.lpc 的 make_inventory() 第 23 行，物件： /d/gumu/shulin8，地方:<none>

执行时段错误：*Bad argument 1 to EFUN call_other()
Expected: object, string, array,  Got: int(0).

程式：/inherit/room/room.lpc 第 23 行
物件: /d/gumu/baoziyan
呼叫来自：/d/gumu/baoziyan.lpc 的 create() 第 25 行，物件： /d/gumu/baoziyan，地方:<none>
呼叫来自：/inherit/room/room.lpc 的 setup() 第 189 行，物件： /d/gumu/baoziyan，地方:<none>
呼叫来自：/inherit/room/room.lpc 的 reset() 第 71 行，物件： /d/gumu/baoziyan，地方:<none>
呼叫来自：/inherit/room/room.lpc 的 make_inventory() 第 23 行，物件： /d/gumu/baoziyan，地方:<none>

执行时段错误：*Bad argument 1 to EFUN call_other()
Expected: object, string, array,  Got: int(0).

程式：/inherit/room/room.lpc 第 23 行
物件: /d/gumu/shenheyuan
呼叫来自：/d/gumu/shenheyuan.lpc 的 create() 第 26 行，物件： /d/gumu/shenheyuan，地方:<none>
呼叫来自：/inherit/room/room.lpc 的 setup() 第 189 行，物件： /d/gumu/shenheyuan，地方:<none>
呼叫来自：/inherit/room/room.lpc 的 reset() 第 71 行，物件： /d/gumu/shenheyuan，地方:<none>
呼叫来自：/inherit/room/room.lpc 的 make_inventory() 第 23 行，物件： /d/gumu/shenheyuan，地方:<none>

执行时段错误：*No program in object '/u/party/npc/ji'!

程式：/inherit/room/room.lpc 第 22 行
物件: /u/party/guanchang
呼叫来自：/u/party/guanchang.lpc 的 create() 第 21 行，物件： /u/party/guanchang，地方:<none>
呼叫来自：/inherit/room/room.lpc 的 setup() 第 189 行，物件： /u/party/guanchang，地方:<none>
呼叫来自：/inherit/room/room.lpc 的 reset() 第 71 行，物件： /u/party/guanchang，地方:<none>
呼叫来自：/inherit/room/room.lpc 的 make_inventory() 第 22 行，物件： /u/party/guanchang，地方:<none>

执行时段错误：*No program in object '/u/isle/log'!

程式：0 第 0 行
物件: /adm/obj/master

执行时段错误：*No program in object '/u/isle/ToMud/who'!

程式：0 第 0 行
物件: /adm/obj/master

执行时段错误：*No program in object '/u/isle/ToMud/move'!

程式：0 第 0 行
物件: /adm/obj/master

执行时段错误：*No program in object '/u/isle/ToMud/look'!

程式：0 第 0 行
物件: /adm/obj/master

执行时段错误：*No program in object '/u/isle/ToMud/move2'!

程式：0 第 0 行
物件: /adm/obj/master

执行时段错误：*No program in object '/u/isle/ToMud/ctell'!

程式：0 第 0 行
物件: /adm/obj/master

执行时段错误：*Wrong permissions for opening file /u/snow/log for append.
"Is a directory"

程式：/adm/obj/master.lpc 第 140 行
物件: /adm/obj/master
呼叫来自：/adm/obj/master.lpc 的 log_error() 第 140 行，物件： /adm/obj/master，地方:<none>

执行时段错误：*Bad argument 1 to explode()
Expected: string Got: 0.

程式：/u/snow/natured.lpc 第 286 行
物件: /u/snow/natured
呼叫来自：/u/snow/natured.lpc 的 create() 第 22 行，物件： /u/snow/natured，地方:<none>
呼叫来自：/u/snow/natured.lpc 的 read_table() 第 286 行，物件： /u/snow/natured，地方:<none>

执行时段错误：*Wrong permissions for opening file /u/snow/log for append.
"Is a directory"

程式：/adm/obj/master.lpc 第 140 行
物件: /adm/obj/master
呼叫来自：/adm/obj/master.lpc 的 log_error() 第 140 行，物件： /adm/obj/master，地方:<none>

执行时段错误：*Wrong permissions for opening file /u/snow/log for append.
"Is a directory"

程式：/adm/obj/master.lpc 第 140 行
物件: /adm/obj/master
呼叫来自：/adm/obj/master.lpc 的 log_error() 第 140 行，物件： /adm/obj/master，地方:<none>

执行时段错误：*Wrong permissions for opening file /u/snow/log for append.
"Is a directory"

程式：/adm/obj/master.lpc 第 140 行
物件: /adm/obj/master
呼叫来自：/adm/obj/master.lpc 的 log_error() 第 140 行，物件： /adm/obj/master，地方:<none>

执行时段错误：*Wrong permissions for opening file /u/snow/log for append.
"Is a directory"

程式：/adm/obj/master.lpc 第 140 行
物件: /adm/obj/master
呼叫来自：/adm/obj/master.lpc 的 log_error() 第 140 行，物件： /adm/obj/master，地方:<none>

执行时段错误：*Wrong permissions for opening file /u/snow/log for append.
"Is a directory"

程式：/adm/obj/master.lpc 第 140 行
物件: /adm/obj/master
呼叫来自：/adm/obj/master.lpc 的 log_error() 第 140 行，物件： /adm/obj/master，地方:<none>

执行时段错误：*Wrong permissions for opening file /u/snow/log for append.
"Is a directory"

程式：/adm/obj/master.lpc 第 140 行
物件: /adm/obj/master
呼叫来自：/adm/obj/master.lpc 的 log_error() 第 140 行，物件： /adm/obj/master，地方:<none>

执行时段错误：*Wrong permissions for opening file /u/snow/log for append.
"Is a directory"

程式：/adm/obj/master.lpc 第 140 行
物件: /adm/obj/master
呼叫来自：/adm/obj/master.lpc 的 log_error() 第 140 行，物件： /adm/obj/master，地方:<none>

执行时段错误：*Wrong permissions for opening file /u/snow/log for append.
"Is a directory"

程式：/adm/obj/master.lpc 第 140 行
物件: /adm/obj/master
呼叫来自：/adm/obj/master.lpc 的 log_error() 第 140 行，物件： /adm/obj/master，地方:<none>

执行时段错误：*No program in object '/u/snow/who'!

程式：0 第 0 行
物件: /adm/obj/master

执行时段错误：*Wrong permissions for opening file /u/snow/log for append.
"Is a directory"

程式：/adm/obj/master.lpc 第 140 行
物件: /adm/obj/master
呼叫来自：/u/snow/wudujiao/bianzhai2.lpc 的 create() 第 28 行，物件： /u/snow/wudujiao/bianzhai2，地方:<none>
呼叫来自：/inherit/room/room.lpc 的 setup() 第 189 行，物件： /u/snow/wudujiao/bianzhai2，地方:<none>
呼叫来自：/inherit/room/room.lpc 的 reset() 第 71 行，物件： /u/snow/wudujiao/bianzhai2，地方:<none>
呼叫来自：/inherit/room/room.lpc 的 make_inventory() 第 22 行，物件： /u/snow/wudujiao/bianzhai2，地方:<none>
呼叫来自：/adm/obj/master.lpc 的 log_error() 第 140 行，物件： /adm/obj/master，地方:<none>

执行时段错误：*Wrong permissions for opening file /u/snow/log for append.
"Is a directory"

程式：/adm/obj/master.lpc 第 140 行
物件: /adm/obj/master
呼叫来自：/u/snow/wudujiao/bianzhai2.lpc 的 create() 第 28 行，物件： /u/snow/wudujiao/bianzhai2，地方:<none>
呼叫来自：/inherit/room/room.lpc 的 setup() 第 189 行，物件： /u/snow/wudujiao/bianzhai2，地方:<none>
呼叫来自：/inherit/room/room.lpc 的 reset() 第 71 行，物件： /u/snow/wudujiao/bianzhai2，地方:<none>
呼叫来自：/inherit/room/room.lpc 的 make_inventory() 第 22 行，物件： /u/snow/wudujiao/bianzhai2，地方:<none>
呼叫来自：/adm/obj/master.lpc 的 log_error() 第 140 行，物件： /adm/obj/master，地方:<none>

执行时段错误：*No program in object '/u/snow/wudujiao/npc/youngboy'!

程式：/inherit/room/room.lpc 第 22 行
物件: /u/snow/wudujiao/bianzhai2
呼叫来自：/u/snow/wudujiao/bianzhai2.lpc 的 create() 第 28 行，物件： /u/snow/wudujiao/bianzhai2，地方:<none>
呼叫来自：/inherit/room/room.lpc 的 setup() 第 189 行，物件： /u/snow/wudujiao/bianzhai2，地方:<none>
呼叫来自：/inherit/room/room.lpc 的 reset() 第 71 行，物件： /u/snow/wudujiao/bianzhai2，地方:<none>
呼叫来自：/inherit/room/room.lpc 的 make_inventory() 第 22 行，物件： /u/snow/wudujiao/bianzhai2，地方:<none>

执行时段错误：*Wrong permissions for opening file /u/snow/log for append.
"Is a directory"

程式：/adm/obj/master.lpc 第 140 行
物件: /adm/obj/master
呼叫来自：/u/snow/wudujiao/chufang.lpc 的 create() 第 30 行，物件： /u/snow/wudujiao/chufang，地方:<none>
呼叫来自：/inherit/room/room.lpc 的 setup() 第 189 行，物件： /u/snow/wudujiao/chufang，地方:<none>
呼叫来自：/inherit/room/room.lpc 的 reset() 第 71 行，物件： /u/snow/wudujiao/chufang，地方:<none>
呼叫来自：/inherit/room/room.lpc 的 make_inventory() 第 22 行，物件： /u/snow/wudujiao/chufang，地方:<none>
呼叫来自：/adm/obj/master.lpc 的 log_error() 第 140 行，物件： /adm/obj/master，地方:<none>

执行时段错误：*Wrong permissions for opening file /u/snow/log for append.
"Is a directory"

程式：/adm/obj/master.lpc 第 140 行
物件: /adm/obj/master
呼叫来自：/u/snow/wudujiao/chufang.lpc 的 create() 第 30 行，物件： /u/snow/wudujiao/chufang，地方:<none>
呼叫来自：/inherit/room/room.lpc 的 setup() 第 189 行，物件： /u/snow/wudujiao/chufang，地方:<none>
呼叫来自：/inherit/room/room.lpc 的 reset() 第 71 行，物件： /u/snow/wudujiao/chufang，地方:<none>
呼叫来自：/inherit/room/room.lpc 的 make_inventory() 第 22 行，物件： /u/snow/wudujiao/chufang，地方:<none>
呼叫来自：/adm/obj/master.lpc 的 log_error() 第 140 行，物件： /adm/obj/master，地方:<none>

执行时段错误：*No program in object '/u/snow/wudujiao/npc/tian'!

程式：/inherit/room/room.lpc 第 22 行
物件: /u/snow/wudujiao/chufang
呼叫来自：/u/snow/wudujiao/chufang.lpc 的 create() 第 30 行，物件： /u/snow/wudujiao/chufang，地方:<none>
呼叫来自：/inherit/room/room.lpc 的 setup() 第 189 行，物件： /u/snow/wudujiao/chufang，地方:<none>
呼叫来自：/inherit/room/room.lpc 的 reset() 第 71 行，物件： /u/snow/wudujiao/chufang，地方:<none>
呼叫来自：/inherit/room/room.lpc 的 make_inventory() 第 22 行，物件： /u/snow/wudujiao/chufang，地方:<none>

执行时段错误：*Wrong permissions for opening file /u/snow/log for append.
"Is a directory"

程式：/adm/obj/master.lpc 第 140 行
物件: /adm/obj/master
呼叫来自：/u/snow/wudujiao/damen.lpc 的 create() 第 26 行，物件： /u/snow/wudujiao/damen，地方:<none>
呼叫来自：/inherit/room/room.lpc 的 setup() 第 189 行，物件： /u/snow/wudujiao/damen，地方:<none>
呼叫来自：/inherit/room/room.lpc 的 reset() 第 80 行，物件： /u/snow/wudujiao/damen，地方:<none>
呼叫来自：/inherit/room/room.lpc 的 make_inventory() 第 22 行，物件： /u/snow/wudujiao/damen，地方:<none>
呼叫来自：/adm/obj/master.lpc 的 log_error() 第 140 行，物件： /adm/obj/master，地方:<none>

执行时段错误：*Wrong permissions for opening file /u/snow/log for append.
"Is a directory"

程式：/adm/obj/master.lpc 第 140 行
物件: /adm/obj/master
呼叫来自：/u/snow/wudujiao/damen.lpc 的 create() 第 26 行，物件： /u/snow/wudujiao/damen，地方:<none>
呼叫来自：/inherit/room/room.lpc 的 setup() 第 189 行，物件： /u/snow/wudujiao/damen，地方:<none>
呼叫来自：/inherit/room/room.lpc 的 reset() 第 80 行，物件： /u/snow/wudujiao/damen，地方:<none>
呼叫来自：/inherit/room/room.lpc 的 make_inventory() 第 22 行，物件： /u/snow/wudujiao/damen，地方:<none>
呼叫来自：/adm/obj/master.lpc 的 log_error() 第 140 行，物件： /adm/obj/master，地方:<none>

执行时段错误：*No program in object '/u/snow/wudujiao/npc/jiaotu'!

程式：/inherit/room/room.lpc 第 22 行
物件: /u/snow/wudujiao/damen
呼叫来自：/u/snow/wudujiao/damen.lpc 的 create() 第 26 行，物件： /u/snow/wudujiao/damen，地方:<none>
呼叫来自：/inherit/room/room.lpc 的 setup() 第 189 行，物件： /u/snow/wudujiao/damen，地方:<none>
呼叫来自：/inherit/room/room.lpc 的 reset() 第 80 行，物件： /u/snow/wudujiao/damen，地方:<none>
呼叫来自：/inherit/room/room.lpc 的 make_inventory() 第 22 行，物件： /u/snow/wudujiao/damen，地方:<none>

执行时段错误：*Wrong permissions for opening file /u/snow/log for append.
"Is a directory"

程式：/adm/obj/master.lpc 第 140 行
物件: /adm/obj/master
呼叫来自：/u/snow/wudujiao/bingqi.lpc 的 create() 第 28 行，物件： /u/snow/wudujiao/bingqi，地方:<none>
呼叫来自：/inherit/room/room.lpc 的 setup() 第 189 行，物件： /u/snow/wudujiao/bingqi，地方:<none>
呼叫来自：/inherit/room/room.lpc 的 reset() 第 80 行，物件： /u/snow/wudujiao/bingqi，地方:<none>
呼叫来自：/inherit/room/room.lpc 的 make_inventory() 第 22 行，物件： /u/snow/wudujiao/bingqi，地方:<none>
呼叫来自：/adm/obj/master.lpc 的 log_error() 第 140 行，物件： /adm/obj/master，地方:<none>

执行时段错误：*Wrong permissions for opening file /u/snow/log for append.
"Is a directory"

程式：/adm/obj/master.lpc 第 140 行
物件: /adm/obj/master
呼叫来自：/u/snow/wudujiao/bingqi.lpc 的 create() 第 28 行，物件： /u/snow/wudujiao/bingqi，地方:<none>
呼叫来自：/inherit/room/room.lpc 的 setup() 第 189 行，物件： /u/snow/wudujiao/bingqi，地方:<none>
呼叫来自：/inherit/room/room.lpc 的 reset() 第 80 行，物件： /u/snow/wudujiao/bingqi，地方:<none>
呼叫来自：/inherit/room/room.lpc 的 make_inventory() 第 22 行，物件： /u/snow/wudujiao/bingqi，地方:<none>
呼叫来自：/adm/obj/master.lpc 的 log_error() 第 140 行，物件： /adm/obj/master，地方:<none>

执行时段错误：*Wrong permissions for opening file /u/snow/log for append.
"Is a directory"

程式：/adm/obj/master.lpc 第 140 行
物件: /adm/obj/master
呼叫来自：/u/snow/wudujiao/bingqi.lpc 的 create() 第 28 行，物件： /u/snow/wudujiao/bingqi，地方:<none>
呼叫来自：/inherit/room/room.lpc 的 setup() 第 189 行，物件： /u/snow/wudujiao/bingqi，地方:<none>
呼叫来自：/inherit/room/room.lpc 的 reset() 第 80 行，物件： /u/snow/wudujiao/bingqi，地方:<none>
呼叫来自：/inherit/room/room.lpc 的 make_inventory() 第 22 行，物件： /u/snow/wudujiao/bingqi，地方:<none>
呼叫来自：/adm/obj/master.lpc 的 log_error() 第 140 行，物件： /adm/obj/master，地方:<none>

执行时段错误：*No program in object '/u/snow/wudujiao/obj/woodjian'!

程式：/inherit/room/room.lpc 第 22 行
物件: /u/snow/wudujiao/bingqi
呼叫来自：/u/snow/wudujiao/bingqi.lpc 的 create() 第 28 行，物件： /u/snow/wudujiao/bingqi，地方:<none>
呼叫来自：/inherit/room/room.lpc 的 setup() 第 189 行，物件： /u/snow/wudujiao/bingqi，地方:<none>
呼叫来自：/inherit/room/room.lpc 的 reset() 第 80 行，物件： /u/snow/wudujiao/bingqi，地方:<none>
呼叫来自：/inherit/room/room.lpc 的 make_inventory() 第 22 行，物件： /u/snow/wudujiao/bingqi，地方:<none>

执行时段错误：*Wrong permissions for opening file /u/snow/log for append.
"Is a directory"

程式：/adm/obj/master.lpc 第 140 行
物件: /adm/obj/master
呼叫来自：/adm/obj/master.lpc 的 log_error() 第 140 行，物件： /adm/obj/master，地方:<none>

执行时段错误：*Wrong permissions for opening file /u/snow/log for append.
"Is a directory"

程式：/adm/obj/master.lpc 第 140 行
物件: /adm/obj/master
呼叫来自：/adm/obj/master.lpc 的 log_error() 第 140 行，物件： /adm/obj/master，地方:<none>

执行时段错误：*Wrong permissions for opening file /u/snow/log for append.
"Is a directory"

程式：/adm/obj/master.lpc 第 140 行
物件: /adm/obj/master
呼叫来自：/adm/obj/master.lpc 的 log_error() 第 140 行，物件： /adm/obj/master，地方:<none>

执行时段错误：*Wrong permissions for opening file /u/snow/log for append.
"Is a directory"

程式：/adm/obj/master.lpc 第 140 行
物件: /adm/obj/master
呼叫来自：/adm/obj/master.lpc 的 log_error() 第 140 行，物件： /adm/obj/master，地方:<none>

执行时段错误：*Wrong permissions for opening file /u/snow/log for append.
"Is a directory"

程式：/adm/obj/master.lpc 第 140 行
物件: /adm/obj/master
呼叫来自：/adm/obj/master.lpc 的 log_error() 第 140 行，物件： /adm/obj/master，地方:<none>

执行时段错误：*Wrong permissions for opening file /u/snow/log for append.
"Is a directory"

程式：/adm/obj/master.lpc 第 140 行
物件: /adm/obj/master
呼叫来自：/adm/obj/master.lpc 的 log_error() 第 140 行，物件： /adm/obj/master，地方:<none>

执行时段错误：*Wrong permissions for opening file /u/snow/log for append.
"Is a directory"

程式：/adm/obj/master.lpc 第 140 行
物件: /adm/obj/master
呼叫来自：/adm/obj/master.lpc 的 log_error() 第 140 行，物件： /adm/obj/master，地方:<none>

执行时段错误：*Wrong permissions for opening file /u/snow/log for append.
"Is a directory"

程式：/adm/obj/master.lpc 第 140 行
物件: /adm/obj/master
呼叫来自：/adm/obj/master.lpc 的 log_error() 第 140 行，物件： /adm/obj/master，地方:<none>

执行时段错误：*Wrong permissions for opening file /u/snow/log for append.
"Is a directory"

程式：/adm/obj/master.lpc 第 140 行
物件: /adm/obj/master
呼叫来自：/adm/obj/master.lpc 的 log_error() 第 140 行，物件： /adm/obj/master，地方:<none>

执行时段错误：*Wrong permissions for opening file /u/snow/log for append.
"Is a directory"

程式：/adm/obj/master.lpc 第 140 行
物件: /adm/obj/master
呼叫来自：/adm/obj/master.lpc 的 log_error() 第 140 行，物件： /adm/obj/master，地方:<none>

执行时段错误：*Wrong permissions for opening file /u/snow/log for append.
"Is a directory"

程式：/adm/obj/master.lpc 第 140 行
物件: /adm/obj/master
呼叫来自：/u/snow/wudujiao/xiangfang.lpc 的 create() 第 24 行，物件： /u/snow/wudujiao/xiangfang，地方:<none>
呼叫来自：/inherit/room/room.lpc 的 setup() 第 189 行，物件： /u/snow/wudujiao/xiangfang，地方:<none>
呼叫来自：/inherit/room/room.lpc 的 reset() 第 80 行，物件： /u/snow/wudujiao/xiangfang，地方:<none>
呼叫来自：/inherit/room/room.lpc 的 make_inventory() 第 22 行，物件： /u/snow/wudujiao/xiangfang，地方:<none>
呼叫来自：/adm/obj/master.lpc 的 log_error() 第 140 行，物件： /adm/obj/master，地方:<none>

执行时段错误：*Wrong permissions for opening file /u/snow/log for append.
"Is a directory"

程式：/adm/obj/master.lpc 第 140 行
物件: /adm/obj/master
呼叫来自：/u/snow/wudujiao/xiangfang.lpc 的 create() 第 24 行，物件： /u/snow/wudujiao/xiangfang，地方:<none>
呼叫来自：/inherit/room/room.lpc 的 setup() 第 189 行，物件： /u/snow/wudujiao/xiangfang，地方:<none>
呼叫来自：/inherit/room/room.lpc 的 reset() 第 80 行，物件： /u/snow/wudujiao/xiangfang，地方:<none>
呼叫来自：/inherit/room/room.lpc 的 make_inventory() 第 22 行，物件： /u/snow/wudujiao/xiangfang，地方:<none>
呼叫来自：/adm/obj/master.lpc 的 log_error() 第 140 行，物件： /adm/obj/master，地方:<none>

执行时段错误：*Wrong permissions for opening file /u/snow/log for append.
"Is a directory"

程式：/adm/obj/master.lpc 第 140 行
物件: /adm/obj/master
呼叫来自：/u/snow/wudujiao/xiangfang.lpc 的 create() 第 24 行，物件： /u/snow/wudujiao/xiangfang，地方:<none>
呼叫来自：/inherit/room/room.lpc 的 setup() 第 189 行，物件： /u/snow/wudujiao/xiangfang，地方:<none>
呼叫来自：/inherit/room/room.lpc 的 reset() 第 80 行，物件： /u/snow/wudujiao/xiangfang，地方:<none>
呼叫来自：/inherit/room/room.lpc 的 make_inventory() 第 22 行，物件： /u/snow/wudujiao/xiangfang，地方:<none>
呼叫来自：/adm/obj/master.lpc 的 log_error() 第 140 行，物件： /adm/obj/master，地方:<none>

执行时段错误：*No program in object '/u/snow/wudujiao/obj/zhulou'!

程式：/inherit/room/room.lpc 第 22 行
物件: /u/snow/wudujiao/xiangfang
呼叫来自：/u/snow/wudujiao/xiangfang.lpc 的 create() 第 24 行，物件： /u/snow/wudujiao/xiangfang，地方:<none>
呼叫来自：/inherit/room/room.lpc 的 setup() 第 189 行，物件： /u/snow/wudujiao/xiangfang，地方:<none>
呼叫来自：/inherit/room/room.lpc 的 reset() 第 80 行，物件： /u/snow/wudujiao/xiangfang，地方:<none>
呼叫来自：/inherit/room/room.lpc 的 make_inventory() 第 22 行，物件： /u/snow/wudujiao/xiangfang，地方:<none>

执行时段错误：*Wrong permissions for opening file /u/snow/log for append.
"Is a directory"

程式：/adm/obj/master.lpc 第 140 行
物件: /adm/obj/master
呼叫来自：/u/snow/wudujiao/minju8.lpc 的 create() 第 34 行，物件： /u/snow/wudujiao/minju8，地方:<none>
呼叫来自：/inherit/room/room.lpc 的 setup() 第 189 行，物件： /u/snow/wudujiao/minju8，地方:<none>
呼叫来自：/inherit/room/room.lpc 的 reset() 第 80 行，物件： /u/snow/wudujiao/minju8，地方:<none>
呼叫来自：/inherit/room/room.lpc 的 make_inventory() 第 22 行，物件： /u/snow/wudujiao/minju8，地方:<none>
呼叫来自：/adm/obj/master.lpc 的 log_error() 第 140 行，物件： /adm/obj/master，地方:<none>

执行时段错误：*Wrong permissions for opening file /u/snow/log for append.
"Is a directory"

程式：/adm/obj/master.lpc 第 140 行
物件: /adm/obj/master
呼叫来自：/u/snow/wudujiao/minju8.lpc 的 create() 第 34 行，物件： /u/snow/wudujiao/minju8，地方:<none>
呼叫来自：/inherit/room/room.lpc 的 setup() 第 189 行，物件： /u/snow/wudujiao/minju8，地方:<none>
呼叫来自：/inherit/room/room.lpc 的 reset() 第 80 行，物件： /u/snow/wudujiao/minju8，地方:<none>
呼叫来自：/inherit/room/room.lpc 的 make_inventory() 第 22 行，物件： /u/snow/wudujiao/minju8，地方:<none>
呼叫来自：/adm/obj/master.lpc 的 log_error() 第 140 行，物件： /adm/obj/master，地方:<none>

执行时段错误：*No program in object '/u/snow/wudujiao/obj/qhcwan'!

程式：/inherit/room/room.lpc 第 22 行
物件: /u/snow/wudujiao/minju8
呼叫来自：/u/snow/wudujiao/minju8.lpc 的 create() 第 34 行，物件： /u/snow/wudujiao/minju8，地方:<none>
呼叫来自：/inherit/room/room.lpc 的 setup() 第 189 行，物件： /u/snow/wudujiao/minju8，地方:<none>
呼叫来自：/inherit/room/room.lpc 的 reset() 第 80 行，物件： /u/snow/wudujiao/minju8，地方:<none>
呼叫来自：/inherit/room/room.lpc 的 make_inventory() 第 22 行，物件： /u/snow/wudujiao/minju8，地方:<none>

执行时段错误：*Wrong permissions for opening file /u/snow/log for append.
"Is a directory"

程式：/adm/obj/master.lpc 第 140 行
物件: /adm/obj/master
呼叫来自：/adm/obj/master.lpc 的 log_error() 第 140 行，物件： /adm/obj/master，地方:<none>

执行时段错误：*Wrong permissions for opening file /u/snow/log for append.
"Is a directory"

程式：/adm/obj/master.lpc 第 140 行
物件: /adm/obj/master
呼叫来自：/adm/obj/master.lpc 的 log_error() 第 140 行，物件： /adm/obj/master，地方:<none>

执行时段错误：*Wrong permissions for opening file /u/snow/log for append.
"Is a directory"

程式：/adm/obj/master.lpc 第 140 行
物件: /adm/obj/master
呼叫来自：/u/snow/wudujiao/wandu1.lpc 的 create() 第 27 行，物件： /u/snow/wudujiao/wandu1，地方:<none>
呼叫来自：/inherit/room/room.lpc 的 setup() 第 189 行，物件： /u/snow/wudujiao/wandu1，地方:<none>
呼叫来自：/inherit/room/room.lpc 的 reset() 第 71 行，物件： /u/snow/wudujiao/wandu1，地方:<none>
呼叫来自：/inherit/room/room.lpc 的 make_inventory() 第 22 行，物件： /u/snow/wudujiao/wandu1，地方:<none>
呼叫来自：/adm/obj/master.lpc 的 log_error() 第 140 行，物件： /adm/obj/master，地方:<none>

执行时段错误：*Wrong permissions for opening file /u/snow/log for append.
"Is a directory"

程式：/adm/obj/master.lpc 第 140 行
物件: /adm/obj/master
呼叫来自：/u/snow/wudujiao/wandu1.lpc 的 create() 第 27 行，物件： /u/snow/wudujiao/wandu1，地方:<none>
呼叫来自：/inherit/room/room.lpc 的 setup() 第 189 行，物件： /u/snow/wudujiao/wandu1，地方:<none>
呼叫来自：/inherit/room/room.lpc 的 reset() 第 71 行，物件： /u/snow/wudujiao/wandu1，地方:<none>
呼叫来自：/inherit/room/room.lpc 的 make_inventory() 第 22 行，物件： /u/snow/wudujiao/wandu1，地方:<none>
呼叫来自：/adm/obj/master.lpc 的 log_error() 第 140 行，物件： /adm/obj/master，地方:<none>

执行时段错误：*Wrong permissions for opening file /u/snow/log for append.
"Is a directory"

程式：/adm/obj/master.lpc 第 140 行
物件: /adm/obj/master
呼叫来自：/u/snow/wudujiao/wandu1.lpc 的 create() 第 27 行，物件： /u/snow/wudujiao/wandu1，地方:<none>
呼叫来自：/inherit/room/room.lpc 的 setup() 第 189 行，物件： /u/snow/wudujiao/wandu1，地方:<none>
呼叫来自：/inherit/room/room.lpc 的 reset() 第 71 行，物件： /u/snow/wudujiao/wandu1，地方:<none>
呼叫来自：/inherit/room/room.lpc 的 make_inventory() 第 22 行，物件： /u/snow/wudujiao/wandu1，地方:<none>
呼叫来自：/adm/obj/master.lpc 的 log_error() 第 140 行，物件： /adm/obj/master，地方:<none>

执行时段错误：*No program in object '/u/snow/wudujiao/npc/hehongyao'!

程式：/inherit/room/room.lpc 第 22 行
物件: /u/snow/wudujiao/wandu1
呼叫来自：/u/snow/wudujiao/wandu1.lpc 的 create() 第 27 行，物件： /u/snow/wudujiao/wandu1，地方:<none>
呼叫来自：/inherit/room/room.lpc 的 setup() 第 189 行，物件： /u/snow/wudujiao/wandu1，地方:<none>
呼叫来自：/inherit/room/room.lpc 的 reset() 第 71 行，物件： /u/snow/wudujiao/wandu1，地方:<none>
呼叫来自：/inherit/room/room.lpc 的 make_inventory() 第 22 行，物件： /u/snow/wudujiao/wandu1，地方:<none>

执行时段错误：*Wrong permissions for opening file /u/snow/log for append.
"Is a directory"

程式：/adm/obj/master.lpc 第 140 行
物件: /adm/obj/master
呼叫来自：/adm/obj/master.lpc 的 log_error() 第 140 行，物件： /adm/obj/master，地方:<none>

执行时段错误：*Wrong permissions for opening file /u/snow/log for append.
"Is a directory"

程式：/adm/obj/master.lpc 第 140 行
物件: /adm/obj/master
呼叫来自：/adm/obj/master.lpc 的 log_error() 第 140 行，物件： /adm/obj/master，地方:<none>

执行时段错误：*Wrong permissions for opening file /u/snow/log for append.
"Is a directory"

程式：/adm/obj/master.lpc 第 140 行
物件: /adm/obj/master
呼叫来自：/adm/obj/master.lpc 的 log_error() 第 140 行，物件： /adm/obj/master，地方:<none>

执行时段错误：*Wrong permissions for opening file /u/snow/log for append.
"Is a directory"

程式：/adm/obj/master.lpc 第 140 行
物件: /adm/obj/master
呼叫来自：/adm/obj/master.lpc 的 log_error() 第 140 行，物件： /adm/obj/master，地方:<none>

执行时段错误：*Wrong permissions for opening file /u/snow/log for append.
"Is a directory"

程式：/adm/obj/master.lpc 第 140 行
物件: /adm/obj/master
呼叫来自：/u/snow/wudujiao/huating1.lpc 的 create() 第 28 行，物件： /u/snow/wudujiao/huating1，地方:<none>
呼叫来自：/inherit/room/room.lpc 的 setup() 第 189 行，物件： /u/snow/wudujiao/huating1，地方:<none>
呼叫来自：/inherit/room/room.lpc 的 reset() 第 71 行，物件： /u/snow/wudujiao/huating1，地方:<none>
呼叫来自：/inherit/room/room.lpc 的 make_inventory() 第 22 行，物件： /u/snow/wudujiao/huating1，地方:<none>
呼叫来自：/adm/obj/master.lpc 的 log_error() 第 140 行，物件： /adm/obj/master，地方:<none>

执行时段错误：*Wrong permissions for opening file /u/snow/log for append.
"Is a directory"

程式：/adm/obj/master.lpc 第 140 行
物件: /adm/obj/master
呼叫来自：/u/snow/wudujiao/huating1.lpc 的 create() 第 28 行，物件： /u/snow/wudujiao/huating1，地方:<none>
呼叫来自：/inherit/room/room.lpc 的 setup() 第 189 行，物件： /u/snow/wudujiao/huating1，地方:<none>
呼叫来自：/inherit/room/room.lpc 的 reset() 第 71 行，物件： /u/snow/wudujiao/huating1，地方:<none>
呼叫来自：/inherit/room/room.lpc 的 make_inventory() 第 22 行，物件： /u/snow/wudujiao/huating1，地方:<none>
呼叫来自：/adm/obj/master.lpc 的 log_error() 第 140 行，物件： /adm/obj/master，地方:<none>

执行时段错误：*Wrong permissions for opening file /u/snow/log for append.
"Is a directory"

程式：/adm/obj/master.lpc 第 140 行
物件: /adm/obj/master
呼叫来自：/u/snow/wudujiao/huating1.lpc 的 create() 第 28 行，物件： /u/snow/wudujiao/huating1，地方:<none>
呼叫来自：/inherit/room/room.lpc 的 setup() 第 189 行，物件： /u/snow/wudujiao/huating1，地方:<none>
呼叫来自：/inherit/room/room.lpc 的 reset() 第 71 行，物件： /u/snow/wudujiao/huating1，地方:<none>
呼叫来自：/inherit/room/room.lpc 的 make_inventory() 第 22 行，物件： /u/snow/wudujiao/huating1，地方:<none>
呼叫来自：/adm/obj/master.lpc 的 log_error() 第 140 行，物件： /adm/obj/master，地方:<none>

执行时段错误：*No program in object '/u/snow/wudujiao/npc/hetieshou'!

程式：/inherit/room/room.lpc 第 22 行
物件: /u/snow/wudujiao/huating1
呼叫来自：/u/snow/wudujiao/huating1.lpc 的 create() 第 28 行，物件： /u/snow/wudujiao/huating1，地方:<none>
呼叫来自：/inherit/room/room.lpc 的 setup() 第 189 行，物件： /u/snow/wudujiao/huating1，地方:<none>
呼叫来自：/inherit/room/room.lpc 的 reset() 第 71 行，物件： /u/snow/wudujiao/huating1，地方:<none>
呼叫来自：/inherit/room/room.lpc 的 make_inventory() 第 22 行，物件： /u/snow/wudujiao/huating1，地方:<none>

执行时段错误：*Wrong permissions for opening file /u/snow/log for append.
"Is a directory"

程式：/adm/obj/master.lpc 第 140 行
物件: /adm/obj/master
呼叫来自：/u/snow/wudujiao/wandu3.lpc 的 create() 第 36 行，物件： /u/snow/wudujiao/wandu3，地方:<none>
呼叫来自：/inherit/room/room.lpc 的 setup() 第 189 行，物件： /u/snow/wudujiao/wandu3，地方:<none>
呼叫来自：/inherit/room/room.lpc 的 reset() 第 71 行，物件： /u/snow/wudujiao/wandu3，地方:<none>
呼叫来自：/inherit/room/room.lpc 的 make_inventory() 第 22 行，物件： /u/snow/wudujiao/wandu3，地方:<none>
呼叫来自：/adm/obj/master.lpc 的 log_error() 第 140 行，物件： /adm/obj/master，地方:<none>

执行时段错误：*Wrong permissions for opening file /u/snow/log for append.
"Is a directory"

程式：/adm/obj/master.lpc 第 140 行
物件: /adm/obj/master
呼叫来自：/u/snow/wudujiao/wandu3.lpc 的 create() 第 36 行，物件： /u/snow/wudujiao/wandu3，地方:<none>
呼叫来自：/inherit/room/room.lpc 的 setup() 第 189 行，物件： /u/snow/wudujiao/wandu3，地方:<none>
呼叫来自：/inherit/room/room.lpc 的 reset() 第 71 行，物件： /u/snow/wudujiao/wandu3，地方:<none>
呼叫来自：/inherit/room/room.lpc 的 make_inventory() 第 22 行，物件： /u/snow/wudujiao/wandu3，地方:<none>
呼叫来自：/adm/obj/master.lpc 的 log_error() 第 140 行，物件： /adm/obj/master，地方:<none>

执行时段错误：*No program in object '/u/snow/wudujiao/npc/wandu3'!

程式：/inherit/room/room.lpc 第 22 行
物件: /u/snow/wudujiao/wandu3
呼叫来自：/u/snow/wudujiao/wandu3.lpc 的 create() 第 36 行，物件： /u/snow/wudujiao/wandu3，地方:<none>
呼叫来自：/inherit/room/room.lpc 的 setup() 第 189 行，物件： /u/snow/wudujiao/wandu3，地方:<none>
呼叫来自：/inherit/room/room.lpc 的 reset() 第 71 行，物件： /u/snow/wudujiao/wandu3，地方:<none>
呼叫来自：/inherit/room/room.lpc 的 make_inventory() 第 22 行，物件： /u/snow/wudujiao/wandu3，地方:<none>

执行时段错误：*Wrong permissions for opening file /u/snow/log for append.
"Is a directory"

程式：/adm/obj/master.lpc 第 140 行
物件: /adm/obj/master
呼叫来自：/u/snow/wudujiao/minju9.lpc 的 create() 第 27 行，物件： /u/snow/wudujiao/minju9，地方:<none>
呼叫来自：/inherit/room/room.lpc 的 setup() 第 189 行，物件： /u/snow/wudujiao/minju9，地方:<none>
呼叫来自：/inherit/room/room.lpc 的 reset() 第 71 行，物件： /u/snow/wudujiao/minju9，地方:<none>
呼叫来自：/inherit/room/room.lpc 的 make_inventory() 第 22 行，物件： /u/snow/wudujiao/minju9，地方:<none>
呼叫来自：/adm/obj/master.lpc 的 log_error() 第 140 行，物件： /adm/obj/master，地方:<none>

执行时段错误：*Wrong permissions for opening file /u/snow/log for append.
"Is a directory"

程式：/adm/obj/master.lpc 第 140 行
物件: /adm/obj/master
呼叫来自：/u/snow/wudujiao/minju9.lpc 的 create() 第 27 行，物件： /u/snow/wudujiao/minju9，地方:<none>
呼叫来自：/inherit/room/room.lpc 的 setup() 第 189 行，物件： /u/snow/wudujiao/minju9，地方:<none>
呼叫来自：/inherit/room/room.lpc 的 reset() 第 71 行，物件： /u/snow/wudujiao/minju9，地方:<none>
呼叫来自：/inherit/room/room.lpc 的 make_inventory() 第 22 行，物件： /u/snow/wudujiao/minju9，地方:<none>
呼叫来自：/adm/obj/master.lpc 的 log_error() 第 140 行，物件： /adm/obj/master，地方:<none>

执行时段错误：*No program in object '/u/snow/wudujiao/npc/zhanglang'!

程式：/inherit/room/room.lpc 第 22 行
物件: /u/snow/wudujiao/minju9
呼叫来自：/u/snow/wudujiao/minju9.lpc 的 create() 第 27 行，物件： /u/snow/wudujiao/minju9，地方:<none>
呼叫来自：/inherit/room/room.lpc 的 setup() 第 189 行，物件： /u/snow/wudujiao/minju9，地方:<none>
呼叫来自：/inherit/room/room.lpc 的 reset() 第 71 行，物件： /u/snow/wudujiao/minju9，地方:<none>
呼叫来自：/inherit/room/room.lpc 的 make_inventory() 第 22 行，物件： /u/snow/wudujiao/minju9，地方:<none>

执行时段错误：*Wrong permissions for opening file /u/snow/log for append.
"Is a directory"

程式：/adm/obj/master.lpc 第 140 行
物件: /adm/obj/master
呼叫来自：/adm/obj/master.lpc 的 log_error() 第 140 行，物件： /adm/obj/master，地方:<none>

执行时段错误：*Wrong permissions for opening file /u/snow/log for append.
"Is a directory"

程式：/adm/obj/master.lpc 第 140 行
物件: /adm/obj/master
呼叫来自：/adm/obj/master.lpc 的 log_error() 第 140 行，物件： /adm/obj/master，地方:<none>

执行时段错误：*Wrong permissions for opening file /u/snow/log for append.
"Is a directory"

程式：/adm/obj/master.lpc 第 140 行
物件: /adm/obj/master
呼叫来自：/u/snow/wudujiao/qiandu1.lpc 的 create() 第 27 行，物件： /u/snow/wudujiao/qiandu1，地方:<none>
呼叫来自：/inherit/room/room.lpc 的 setup() 第 189 行，物件： /u/snow/wudujiao/qiandu1，地方:<none>
呼叫来自：/inherit/room/room.lpc 的 reset() 第 80 行，物件： /u/snow/wudujiao/qiandu1，地方:<none>
呼叫来自：/inherit/room/room.lpc 的 make_inventory() 第 22 行，物件： /u/snow/wudujiao/qiandu1，地方:<none>
呼叫来自：/adm/obj/master.lpc 的 log_error() 第 140 行，物件： /adm/obj/master，地方:<none>

执行时段错误：*Wrong permissions for opening file /u/snow/log for append.
"Is a directory"

程式：/adm/obj/master.lpc 第 140 行
物件: /adm/obj/master
呼叫来自：/u/snow/wudujiao/qiandu1.lpc 的 create() 第 27 行，物件： /u/snow/wudujiao/qiandu1，地方:<none>
呼叫来自：/inherit/room/room.lpc 的 setup() 第 189 行，物件： /u/snow/wudujiao/qiandu1，地方:<none>
呼叫来自：/inherit/room/room.lpc 的 reset() 第 80 行，物件： /u/snow/wudujiao/qiandu1，地方:<none>
呼叫来自：/inherit/room/room.lpc 的 make_inventory() 第 22 行，物件： /u/snow/wudujiao/qiandu1，地方:<none>
呼叫来自：/adm/obj/master.lpc 的 log_error() 第 140 行，物件： /adm/obj/master，地方:<none>

执行时段错误：*No program in object '/u/snow/wudujiao/npc/dizi'!

程式：/inherit/room/room.lpc 第 22 行
物件: /u/snow/wudujiao/qiandu1
呼叫来自：/u/snow/wudujiao/qiandu1.lpc 的 create() 第 27 行，物件： /u/snow/wudujiao/qiandu1，地方:<none>
呼叫来自：/inherit/room/room.lpc 的 setup() 第 189 行，物件： /u/snow/wudujiao/qiandu1，地方:<none>
呼叫来自：/inherit/room/room.lpc 的 reset() 第 80 行，物件： /u/snow/wudujiao/qiandu1，地方:<none>
呼叫来自：/inherit/room/room.lpc 的 make_inventory() 第 22 行，物件： /u/snow/wudujiao/qiandu1，地方:<none>

执行时段错误：*Wrong permissions for opening file /u/snow/log for append.
"Is a directory"

程式：/adm/obj/master.lpc 第 140 行
物件: /adm/obj/master
呼叫来自：/u/snow/wudujiao/huxue1.lpc 的 create() 第 26 行，物件： /u/snow/wudujiao/huxue1，地方:<none>
呼叫来自：/inherit/room/room.lpc 的 setup() 第 189 行，物件： /u/snow/wudujiao/huxue1，地方:<none>
呼叫来自：/inherit/room/room.lpc 的 reset() 第 80 行，物件： /u/snow/wudujiao/huxue1，地方:<none>
呼叫来自：/inherit/room/room.lpc 的 make_inventory() 第 22 行，物件： /u/snow/wudujiao/huxue1，地方:<none>
呼叫来自：/adm/obj/master.lpc 的 log_error() 第 140 行，物件： /adm/obj/master，地方:<none>

执行时段错误：*Wrong permissions for opening file /u/snow/log for append.
"Is a directory"

程式：/adm/obj/master.lpc 第 140 行
物件: /adm/obj/master
呼叫来自：/u/snow/wudujiao/huxue1.lpc 的 create() 第 26 行，物件： /u/snow/wudujiao/huxue1，地方:<none>
呼叫来自：/inherit/room/room.lpc 的 setup() 第 189 行，物件： /u/snow/wudujiao/huxue1，地方:<none>
呼叫来自：/inherit/room/room.lpc 的 reset() 第 80 行，物件： /u/snow/wudujiao/huxue1，地方:<none>
呼叫来自：/inherit/room/room.lpc 的 make_inventory() 第 22 行，物件： /u/snow/wudujiao/huxue1，地方:<none>
呼叫来自：/adm/obj/master.lpc 的 log_error() 第 140 行，物件： /adm/obj/master，地方:<none>

执行时段错误：*No program in object '/u/snow/wudujiao/npc/laohu'!

程式：/inherit/room/room.lpc 第 22 行
物件: /u/snow/wudujiao/huxue1
呼叫来自：/u/snow/wudujiao/huxue1.lpc 的 create() 第 26 行，物件： /u/snow/wudujiao/huxue1，地方:<none>
呼叫来自：/inherit/room/room.lpc 的 setup() 第 189 行，物件： /u/snow/wudujiao/huxue1，地方:<none>
呼叫来自：/inherit/room/room.lpc 的 reset() 第 80 行，物件： /u/snow/wudujiao/huxue1，地方:<none>
呼叫来自：/inherit/room/room.lpc 的 make_inventory() 第 22 行，物件： /u/snow/wudujiao/huxue1，地方:<none>

执行时段错误：*Wrong permissions for opening file /u/snow/log for append.
"Is a directory"

程式：/adm/obj/master.lpc 第 140 行
物件: /adm/obj/master
呼叫来自：/u/snow/wudujiao/minju2.lpc 的 create() 第 28 行，物件： /u/snow/wudujiao/minju2，地方:<none>
呼叫来自：/inherit/room/room.lpc 的 setup() 第 189 行，物件： /u/snow/wudujiao/minju2，地方:<none>
呼叫来自：/inherit/room/room.lpc 的 reset() 第 80 行，物件： /u/snow/wudujiao/minju2，地方:<none>
呼叫来自：/inherit/room/room.lpc 的 make_inventory() 第 22 行，物件： /u/snow/wudujiao/minju2，地方:<none>
呼叫来自：/adm/obj/master.lpc 的 log_error() 第 140 行，物件： /adm/obj/master，地方:<none>

执行时段错误：*Wrong permissions for opening file /u/snow/log for append.
"Is a directory"

程式：/adm/obj/master.lpc 第 140 行
物件: /adm/obj/master
呼叫来自：/u/snow/wudujiao/minju2.lpc 的 create() 第 28 行，物件： /u/snow/wudujiao/minju2，地方:<none>
呼叫来自：/inherit/room/room.lpc 的 setup() 第 189 行，物件： /u/snow/wudujiao/minju2，地方:<none>
呼叫来自：/inherit/room/room.lpc 的 reset() 第 80 行，物件： /u/snow/wudujiao/minju2，地方:<none>
呼叫来自：/inherit/room/room.lpc 的 make_inventory() 第 22 行，物件： /u/snow/wudujiao/minju2，地方:<none>
呼叫来自：/adm/obj/master.lpc 的 log_error() 第 140 行，物件： /adm/obj/master，地方:<none>

执行时段错误：*No program in object '/u/snow/wudujiao/npc/cunfu'!

程式：/inherit/room/room.lpc 第 22 行
物件: /u/snow/wudujiao/minju2
呼叫来自：/u/snow/wudujiao/minju2.lpc 的 create() 第 28 行，物件： /u/snow/wudujiao/minju2，地方:<none>
呼叫来自：/inherit/room/room.lpc 的 setup() 第 189 行，物件： /u/snow/wudujiao/minju2，地方:<none>
呼叫来自：/inherit/room/room.lpc 的 reset() 第 80 行，物件： /u/snow/wudujiao/minju2，地方:<none>
呼叫来自：/inherit/room/room.lpc 的 make_inventory() 第 22 行，物件： /u/snow/wudujiao/minju2，地方:<none>

执行时段错误：*Wrong permissions for opening file /u/snow/log for append.
"Is a directory"

程式：/adm/obj/master.lpc 第 140 行
物件: /adm/obj/master
呼叫来自：/u/snow/wudujiao/wandu2.lpc 的 create() 第 34 行，物件： /u/snow/wudujiao/wandu2，地方:<none>
呼叫来自：/inherit/room/room.lpc 的 setup() 第 189 行，物件： /u/snow/wudujiao/wandu2，地方:<none>
呼叫来自：/inherit/room/room.lpc 的 reset() 第 71 行，物件： /u/snow/wudujiao/wandu2，地方:<none>
呼叫来自：/inherit/room/room.lpc 的 make_inventory() 第 22 行，物件： /u/snow/wudujiao/wandu2，地方:<none>
呼叫来自：/adm/obj/master.lpc 的 log_error() 第 140 行，物件： /adm/obj/master，地方:<none>

执行时段错误：*Wrong permissions for opening file /u/snow/log for append.
"Is a directory"

程式：/adm/obj/master.lpc 第 140 行
物件: /adm/obj/master
呼叫来自：/u/snow/wudujiao/wandu2.lpc 的 create() 第 34 行，物件： /u/snow/wudujiao/wandu2，地方:<none>
呼叫来自：/inherit/room/room.lpc 的 setup() 第 189 行，物件： /u/snow/wudujiao/wandu2，地方:<none>
呼叫来自：/inherit/room/room.lpc 的 reset() 第 71 行，物件： /u/snow/wudujiao/wandu2，地方:<none>
呼叫来自：/inherit/room/room.lpc 的 make_inventory() 第 22 行，物件： /u/snow/wudujiao/wandu2，地方:<none>
呼叫来自：/adm/obj/master.lpc 的 log_error() 第 140 行，物件： /adm/obj/master，地方:<none>

执行时段错误：*No program in object '/u/snow/wudujiao/npc/wandu5'!

程式：/inherit/room/room.lpc 第 22 行
物件: /u/snow/wudujiao/wandu2
呼叫来自：/u/snow/wudujiao/wandu2.lpc 的 create() 第 34 行，物件： /u/snow/wudujiao/wandu2，地方:<none>
呼叫来自：/inherit/room/room.lpc 的 setup() 第 189 行，物件： /u/snow/wudujiao/wandu2，地方:<none>
呼叫来自：/inherit/room/room.lpc 的 reset() 第 71 行，物件： /u/snow/wudujiao/wandu2，地方:<none>
呼叫来自：/inherit/room/room.lpc 的 make_inventory() 第 22 行，物件： /u/snow/wudujiao/wandu2，地方:<none>

执行时段错误：*Wrong permissions for opening file /u/snow/log for append.
"Is a directory"

程式：/adm/obj/master.lpc 第 140 行
物件: /adm/obj/master
呼叫来自：/u/snow/wudujiao/shanlu3.lpc 的 create() 第 25 行，物件： /u/snow/wudujiao/shanlu3，地方:<none>
呼叫来自：/inherit/room/room.lpc 的 setup() 第 189 行，物件： /u/snow/wudujiao/shanlu3，地方:<none>
呼叫来自：/inherit/room/room.lpc 的 reset() 第 80 行，物件： /u/snow/wudujiao/shanlu3，地方:<none>
呼叫来自：/inherit/room/room.lpc 的 make_inventory() 第 22 行，物件： /u/snow/wudujiao/shanlu3，地方:<none>
呼叫来自：/adm/obj/master.lpc 的 log_error() 第 140 行，物件： /adm/obj/master，地方:<none>

执行时段错误：*Wrong permissions for opening file /u/snow/log for append.
"Is a directory"

程式：/adm/obj/master.lpc 第 140 行
物件: /adm/obj/master
呼叫来自：/u/snow/wudujiao/shanlu3.lpc 的 create() 第 25 行，物件： /u/snow/wudujiao/shanlu3，地方:<none>
呼叫来自：/inherit/room/room.lpc 的 setup() 第 189 行，物件： /u/snow/wudujiao/shanlu3，地方:<none>
呼叫来自：/inherit/room/room.lpc 的 reset() 第 80 行，物件： /u/snow/wudujiao/shanlu3，地方:<none>
呼叫来自：/inherit/room/room.lpc 的 make_inventory() 第 22 行，物件： /u/snow/wudujiao/shanlu3，地方:<none>
呼叫来自：/adm/obj/master.lpc 的 log_error() 第 140 行，物件： /adm/obj/master，地方:<none>

执行时段错误：*Wrong permissions for opening file /u/snow/log for append.
"Is a directory"

程式：/adm/obj/master.lpc 第 140 行
物件: /adm/obj/master
呼叫来自：/u/snow/wudujiao/shanlu3.lpc 的 create() 第 25 行，物件： /u/snow/wudujiao/shanlu3，地方:<none>
呼叫来自：/inherit/room/room.lpc 的 setup() 第 189 行，物件： /u/snow/wudujiao/shanlu3，地方:<none>
呼叫来自：/inherit/room/room.lpc 的 reset() 第 80 行，物件： /u/snow/wudujiao/shanlu3，地方:<none>
呼叫来自：/inherit/room/room.lpc 的 make_inventory() 第 22 行，物件： /u/snow/wudujiao/shanlu3，地方:<none>
呼叫来自：/adm/obj/master.lpc 的 log_error() 第 140 行，物件： /adm/obj/master，地方:<none>

执行时段错误：*No program in object '/u/snow/wudujiao/npc/qiaofu'!

程式：/inherit/room/room.lpc 第 22 行
物件: /u/snow/wudujiao/shanlu3
呼叫来自：/u/snow/wudujiao/shanlu3.lpc 的 create() 第 25 行，物件： /u/snow/wudujiao/shanlu3，地方:<none>
呼叫来自：/inherit/room/room.lpc 的 setup() 第 189 行，物件： /u/snow/wudujiao/shanlu3，地方:<none>
呼叫来自：/inherit/room/room.lpc 的 reset() 第 80 行，物件： /u/snow/wudujiao/shanlu3，地方:<none>
呼叫来自：/inherit/room/room.lpc 的 make_inventory() 第 22 行，物件： /u/snow/wudujiao/shanlu3，地方:<none>

执行时段错误：*Wrong permissions for opening file /u/snow/log for append.
"Is a directory"

程式：/adm/obj/master.lpc 第 140 行
物件: /adm/obj/master
呼叫来自：/u/snow/wudujiao/tree.lpc 的 create() 第 28 行，物件： /u/snow/wudujiao/tree，地方:<none>
呼叫来自：/inherit/room/room.lpc 的 setup() 第 189 行，物件： /u/snow/wudujiao/tree，地方:<none>
呼叫来自：/inherit/room/room.lpc 的 reset() 第 71 行，物件： /u/snow/wudujiao/tree，地方:<none>
呼叫来自：/inherit/room/room.lpc 的 make_inventory() 第 22 行，物件： /u/snow/wudujiao/tree，地方:<none>
呼叫来自：/adm/obj/master.lpc 的 log_error() 第 140 行，物件： /adm/obj/master，地方:<none>

执行时段错误：*Wrong permissions for opening file /u/snow/log for append.
"Is a directory"

程式：/adm/obj/master.lpc 第 140 行
物件: /adm/obj/master
呼叫来自：/u/snow/wudujiao/tree.lpc 的 create() 第 28 行，物件： /u/snow/wudujiao/tree，地方:<none>
呼叫来自：/inherit/room/room.lpc 的 setup() 第 189 行，物件： /u/snow/wudujiao/tree，地方:<none>
呼叫来自：/inherit/room/room.lpc 的 reset() 第 71 行，物件： /u/snow/wudujiao/tree，地方:<none>
呼叫来自：/inherit/room/room.lpc 的 make_inventory() 第 22 行，物件： /u/snow/wudujiao/tree，地方:<none>
呼叫来自：/adm/obj/master.lpc 的 log_error() 第 140 行，物件： /adm/obj/master，地方:<none>

执行时段错误：*Wrong permissions for opening file /u/snow/log for append.
"Is a directory"

程式：/adm/obj/master.lpc 第 140 行
物件: /adm/obj/master
呼叫来自：/u/snow/wudujiao/tree.lpc 的 create() 第 28 行，物件： /u/snow/wudujiao/tree，地方:<none>
呼叫来自：/inherit/room/room.lpc 的 setup() 第 189 行，物件： /u/snow/wudujiao/tree，地方:<none>
呼叫来自：/inherit/room/room.lpc 的 reset() 第 71 行，物件： /u/snow/wudujiao/tree，地方:<none>
呼叫来自：/inherit/room/room.lpc 的 make_inventory() 第 22 行，物件： /u/snow/wudujiao/tree，地方:<none>
呼叫来自：/adm/obj/master.lpc 的 log_error() 第 140 行，物件： /adm/obj/master，地方:<none>

执行时段错误：*No program in object '/u/snow/wudujiao/obj/xiang'!

程式：/inherit/room/room.lpc 第 22 行
物件: /u/snow/wudujiao/tree
呼叫来自：/u/snow/wudujiao/tree.lpc 的 create() 第 28 行，物件： /u/snow/wudujiao/tree，地方:<none>
呼叫来自：/inherit/room/room.lpc 的 setup() 第 189 行，物件： /u/snow/wudujiao/tree，地方:<none>
呼叫来自：/inherit/room/room.lpc 的 reset() 第 71 行，物件： /u/snow/wudujiao/tree，地方:<none>
呼叫来自：/inherit/room/room.lpc 的 make_inventory() 第 22 行，物件： /u/snow/wudujiao/tree，地方:<none>

执行时段错误：*Wrong permissions for opening file /u/snow/log for append.
"Is a directory"

程式：/adm/obj/master.lpc 第 140 行
物件: /adm/obj/master
呼叫来自：/u/snow/wudujiao/minju3.lpc 的 create() 第 27 行，物件： /u/snow/wudujiao/minju3，地方:<none>
呼叫来自：/inherit/room/room.lpc 的 setup() 第 189 行，物件： /u/snow/wudujiao/minju3，地方:<none>
呼叫来自：/inherit/room/room.lpc 的 reset() 第 71 行，物件： /u/snow/wudujiao/minju3，地方:<none>
呼叫来自：/inherit/room/room.lpc 的 make_inventory() 第 22 行，物件： /u/snow/wudujiao/minju3，地方:<none>
呼叫来自：/adm/obj/master.lpc 的 log_error() 第 140 行，物件： /adm/obj/master，地方:<none>

执行时段错误：*Wrong permissions for opening file /u/snow/log for append.
"Is a directory"

程式：/adm/obj/master.lpc 第 140 行
物件: /adm/obj/master
呼叫来自：/u/snow/wudujiao/minju3.lpc 的 create() 第 27 行，物件： /u/snow/wudujiao/minju3，地方:<none>
呼叫来自：/inherit/room/room.lpc 的 setup() 第 189 行，物件： /u/snow/wudujiao/minju3，地方:<none>
呼叫来自：/inherit/room/room.lpc 的 reset() 第 71 行，物件： /u/snow/wudujiao/minju3，地方:<none>
呼叫来自：/inherit/room/room.lpc 的 make_inventory() 第 22 行，物件： /u/snow/wudujiao/minju3，地方:<none>
呼叫来自：/adm/obj/master.lpc 的 log_error() 第 140 行，物件： /adm/obj/master，地方:<none>

执行时段错误：*No program in object '/u/snow/wudujiao/npc/cuilan'!

程式：/inherit/room/room.lpc 第 22 行
物件: /u/snow/wudujiao/minju3
呼叫来自：/u/snow/wudujiao/minju3.lpc 的 create() 第 27 行，物件： /u/snow/wudujiao/minju3，地方:<none>
呼叫来自：/inherit/room/room.lpc 的 setup() 第 189 行，物件： /u/snow/wudujiao/minju3，地方:<none>
呼叫来自：/inherit/room/room.lpc 的 reset() 第 71 行，物件： /u/snow/wudujiao/minju3，地方:<none>
呼叫来自：/inherit/room/room.lpc 的 make_inventory() 第 22 行，物件： /u/snow/wudujiao/minju3，地方:<none>

执行时段错误：*Wrong permissions for opening file /u/snow/log for append.
"Is a directory"

程式：/adm/obj/master.lpc 第 140 行
物件: /adm/obj/master
呼叫来自：/u/snow/wudujiao/yaoshi.lpc 的 create() 第 43 行，物件： /u/snow/wudujiao/yaoshi，地方:<none>
呼叫来自：/inherit/room/room.lpc 的 setup() 第 189 行，物件： /u/snow/wudujiao/yaoshi，地方:<none>
呼叫来自：/inherit/room/room.lpc 的 reset() 第 71 行，物件： /u/snow/wudujiao/yaoshi，地方:<none>
呼叫来自：/inherit/room/room.lpc 的 make_inventory() 第 22 行，物件： /u/snow/wudujiao/yaoshi，地方:<none>
呼叫来自：/adm/obj/master.lpc 的 log_error() 第 140 行，物件： /adm/obj/master，地方:<none>

执行时段错误：*Wrong permissions for opening file /u/snow/log for append.
"Is a directory"

程式：/adm/obj/master.lpc 第 140 行
物件: /adm/obj/master
呼叫来自：/u/snow/wudujiao/yaoshi.lpc 的 create() 第 43 行，物件： /u/snow/wudujiao/yaoshi，地方:<none>
呼叫来自：/inherit/room/room.lpc 的 setup() 第 189 行，物件： /u/snow/wudujiao/yaoshi，地方:<none>
呼叫来自：/inherit/room/room.lpc 的 reset() 第 71 行，物件： /u/snow/wudujiao/yaoshi，地方:<none>
呼叫来自：/inherit/room/room.lpc 的 make_inventory() 第 22 行，物件： /u/snow/wudujiao/yaoshi，地方:<none>
呼叫来自：/adm/obj/master.lpc 的 log_error() 第 140 行，物件： /adm/obj/master，地方:<none>

执行时段错误：*Wrong permissions for opening file /u/snow/log for append.
"Is a directory"

程式：/adm/obj/master.lpc 第 140 行
物件: /adm/obj/master
呼叫来自：/u/snow/wudujiao/yaoshi.lpc 的 create() 第 43 行，物件： /u/snow/wudujiao/yaoshi，地方:<none>
呼叫来自：/inherit/room/room.lpc 的 setup() 第 189 行，物件： /u/snow/wudujiao/yaoshi，地方:<none>
呼叫来自：/inherit/room/room.lpc 的 reset() 第 71 行，物件： /u/snow/wudujiao/yaoshi，地方:<none>
呼叫来自：/inherit/room/room.lpc 的 make_inventory() 第 22 行，物件： /u/snow/wudujiao/yaoshi，地方:<none>
呼叫来自：/adm/obj/master.lpc 的 log_error() 第 140 行，物件： /adm/obj/master，地方:<none>

执行时段错误：*No program in object '/u/snow/wudujiao/obj/qianrizui'!

程式：/inherit/room/room.lpc 第 22 行
物件: /u/snow/wudujiao/yaoshi
呼叫来自：/u/snow/wudujiao/yaoshi.lpc 的 create() 第 43 行，物件： /u/snow/wudujiao/yaoshi，地方:<none>
呼叫来自：/inherit/room/room.lpc 的 setup() 第 189 行，物件： /u/snow/wudujiao/yaoshi，地方:<none>
呼叫来自：/inherit/room/room.lpc 的 reset() 第 71 行，物件： /u/snow/wudujiao/yaoshi，地方:<none>
呼叫来自：/inherit/room/room.lpc 的 make_inventory() 第 22 行，物件： /u/snow/wudujiao/yaoshi，地方:<none>

执行时段错误：*Wrong permissions for opening file /u/snow/log for append.
"Is a directory"

程式：/adm/obj/master.lpc 第 140 行
物件: /adm/obj/master
呼叫来自：/u/snow/wudujiao/minju6.lpc 的 create() 第 27 行，物件： /u/snow/wudujiao/minju6，地方:<none>
呼叫来自：/inherit/room/room.lpc 的 setup() 第 189 行，物件： /u/snow/wudujiao/minju6，地方:<none>
呼叫来自：/inherit/room/room.lpc 的 reset() 第 71 行，物件： /u/snow/wudujiao/minju6，地方:<none>
呼叫来自：/inherit/room/room.lpc 的 make_inventory() 第 22 行，物件： /u/snow/wudujiao/minju6，地方:<none>
呼叫来自：/adm/obj/master.lpc 的 log_error() 第 140 行，物件： /adm/obj/master，地方:<none>

执行时段错误：*Wrong permissions for opening file /u/snow/log for append.
"Is a directory"

程式：/adm/obj/master.lpc 第 140 行
物件: /adm/obj/master
呼叫来自：/u/snow/wudujiao/minju6.lpc 的 create() 第 27 行，物件： /u/snow/wudujiao/minju6，地方:<none>
呼叫来自：/inherit/room/room.lpc 的 setup() 第 189 行，物件： /u/snow/wudujiao/minju6，地方:<none>
呼叫来自：/inherit/room/room.lpc 的 reset() 第 71 行，物件： /u/snow/wudujiao/minju6，地方:<none>
呼叫来自：/inherit/room/room.lpc 的 make_inventory() 第 22 行，物件： /u/snow/wudujiao/minju6，地方:<none>
呼叫来自：/adm/obj/master.lpc 的 log_error() 第 140 行，物件： /adm/obj/master，地方:<none>

执行时段错误：*No program in object '/u/snow/wudujiao/npc/girl'!

程式：/inherit/room/room.lpc 第 22 行
物件: /u/snow/wudujiao/minju6
呼叫来自：/u/snow/wudujiao/minju6.lpc 的 create() 第 27 行，物件： /u/snow/wudujiao/minju6，地方:<none>
呼叫来自：/inherit/room/room.lpc 的 setup() 第 189 行，物件： /u/snow/wudujiao/minju6，地方:<none>
呼叫来自：/inherit/room/room.lpc 的 reset() 第 71 行，物件： /u/snow/wudujiao/minju6，地方:<none>
呼叫来自：/inherit/room/room.lpc 的 make_inventory() 第 22 行，物件： /u/snow/wudujiao/minju6，地方:<none>

执行时段错误：*Wrong permissions for opening file /u/snow/log for append.
"Is a directory"

程式：/adm/obj/master.lpc 第 140 行
物件: /adm/obj/master
呼叫来自：/u/snow/wudujiao/lianwu.lpc 的 create() 第 27 行，物件： /u/snow/wudujiao/lianwu，地方:<none>
呼叫来自：/inherit/room/room.lpc 的 setup() 第 189 行，物件： /u/snow/wudujiao/lianwu，地方:<none>
呼叫来自：/inherit/room/room.lpc 的 reset() 第 71 行，物件： /u/snow/wudujiao/lianwu，地方:<none>
呼叫来自：/inherit/room/room.lpc 的 make_inventory() 第 22 行，物件： /u/snow/wudujiao/lianwu，地方:<none>
呼叫来自：/adm/obj/master.lpc 的 log_error() 第 140 行，物件： /adm/obj/master，地方:<none>

执行时段错误：*Wrong permissions for opening file /u/snow/log for append.
"Is a directory"

程式：/adm/obj/master.lpc 第 140 行
物件: /adm/obj/master
呼叫来自：/u/snow/wudujiao/lianwu.lpc 的 create() 第 27 行，物件： /u/snow/wudujiao/lianwu，地方:<none>
呼叫来自：/inherit/room/room.lpc 的 setup() 第 189 行，物件： /u/snow/wudujiao/lianwu，地方:<none>
呼叫来自：/inherit/room/room.lpc 的 reset() 第 71 行，物件： /u/snow/wudujiao/lianwu，地方:<none>
呼叫来自：/inherit/room/room.lpc 的 make_inventory() 第 22 行，物件： /u/snow/wudujiao/lianwu，地方:<none>
呼叫来自：/adm/obj/master.lpc 的 log_error() 第 140 行，物件： /adm/obj/master，地方:<none>

执行时段错误：*Wrong permissions for opening file /u/snow/log for append.
"Is a directory"

程式：/adm/obj/master.lpc 第 140 行
物件: /adm/obj/master
呼叫来自：/u/snow/wudujiao/lianwu.lpc 的 create() 第 27 行，物件： /u/snow/wudujiao/lianwu，地方:<none>
呼叫来自：/inherit/room/room.lpc 的 setup() 第 189 行，物件： /u/snow/wudujiao/lianwu，地方:<none>
呼叫来自：/inherit/room/room.lpc 的 reset() 第 71 行，物件： /u/snow/wudujiao/lianwu，地方:<none>
呼叫来自：/inherit/room/room.lpc 的 make_inventory() 第 22 行，物件： /u/snow/wudujiao/lianwu，地方:<none>
呼叫来自：/adm/obj/master.lpc 的 log_error() 第 140 行，物件： /adm/obj/master，地方:<none>

执行时段错误：*No program in object '/u/snow/wudujiao/npc/jiaotou'!

程式：/inherit/room/room.lpc 第 22 行
物件: /u/snow/wudujiao/lianwu
呼叫来自：/u/snow/wudujiao/lianwu.lpc 的 create() 第 27 行，物件： /u/snow/wudujiao/lianwu，地方:<none>
呼叫来自：/inherit/room/room.lpc 的 setup() 第 189 行，物件： /u/snow/wudujiao/lianwu，地方:<none>
呼叫来自：/inherit/room/room.lpc 的 reset() 第 71 行，物件： /u/snow/wudujiao/lianwu，地方:<none>
呼叫来自：/inherit/room/room.lpc 的 make_inventory() 第 22 行，物件： /u/snow/wudujiao/lianwu，地方:<none>

执行时段错误：*Wrong permissions for opening file /u/snow/log for append.
"Is a directory"

程式：/adm/obj/master.lpc 第 140 行
物件: /adm/obj/master
呼叫来自：/adm/obj/master.lpc 的 log_error() 第 140 行，物件： /adm/obj/master，地方:<none>

执行时段错误：*Wrong permissions for opening file /u/snow/log for append.
"Is a directory"

程式：/adm/obj/master.lpc 第 140 行
物件: /adm/obj/master
呼叫来自：/adm/obj/master.lpc 的 log_error() 第 140 行，物件： /adm/obj/master，地方:<none>

执行时段错误：*Wrong permissions for opening file /u/snow/log for append.
"Is a directory"

程式：/adm/obj/master.lpc 第 140 行
物件: /adm/obj/master
呼叫来自：/u/snow/wudujiao/dating.lpc 的 create() 第 33 行，物件： /u/snow/wudujiao/dating，地方:<none>
呼叫来自：/inherit/room/room.lpc 的 setup() 第 189 行，物件： /u/snow/wudujiao/dating，地方:<none>
呼叫来自：/inherit/room/room.lpc 的 reset() 第 71 行，物件： /u/snow/wudujiao/dating，地方:<none>
呼叫来自：/inherit/room/room.lpc 的 make_inventory() 第 22 行，物件： /u/snow/wudujiao/dating，地方:<none>
呼叫来自：/adm/obj/master.lpc 的 log_error() 第 140 行，物件： /adm/obj/master，地方:<none>

执行时段错误：*Wrong permissions for opening file /u/snow/log for append.
"Is a directory"

程式：/adm/obj/master.lpc 第 140 行
物件: /adm/obj/master
呼叫来自：/u/snow/wudujiao/dating.lpc 的 create() 第 33 行，物件： /u/snow/wudujiao/dating，地方:<none>
呼叫来自：/inherit/room/room.lpc 的 setup() 第 189 行，物件： /u/snow/wudujiao/dating，地方:<none>
呼叫来自：/inherit/room/room.lpc 的 reset() 第 71 行，物件： /u/snow/wudujiao/dating，地方:<none>
呼叫来自：/inherit/room/room.lpc 的 make_inventory() 第 22 行，物件： /u/snow/wudujiao/dating，地方:<none>
呼叫来自：/adm/obj/master.lpc 的 log_error() 第 140 行，物件： /adm/obj/master，地方:<none>

执行时段错误：*Wrong permissions for opening file /u/snow/log for append.
"Is a directory"

程式：/adm/obj/master.lpc 第 140 行
物件: /adm/obj/master
呼叫来自：/u/snow/wudujiao/dating.lpc 的 create() 第 33 行，物件： /u/snow/wudujiao/dating，地方:<none>
呼叫来自：/inherit/room/room.lpc 的 setup() 第 189 行，物件： /u/snow/wudujiao/dating，地方:<none>
呼叫来自：/inherit/room/room.lpc 的 reset() 第 71 行，物件： /u/snow/wudujiao/dating，地方:<none>
呼叫来自：/inherit/room/room.lpc 的 make_inventory() 第 22 行，物件： /u/snow/wudujiao/dating，地方:<none>
呼叫来自：/adm/obj/master.lpc 的 log_error() 第 140 行，物件： /adm/obj/master，地方:<none>

执行时段错误：*No program in object '/u/snow/wudujiao/npc/cenqisi'!

程式：/inherit/room/room.lpc 第 22 行
物件: /u/snow/wudujiao/dating
呼叫来自：/u/snow/wudujiao/dating.lpc 的 create() 第 33 行，物件： /u/snow/wudujiao/dating，地方:<none>
呼叫来自：/inherit/room/room.lpc 的 setup() 第 189 行，物件： /u/snow/wudujiao/dating，地方:<none>
呼叫来自：/inherit/room/room.lpc 的 reset() 第 71 行，物件： /u/snow/wudujiao/dating，地方:<none>
呼叫来自：/inherit/room/room.lpc 的 make_inventory() 第 22 行，物件： /u/snow/wudujiao/dating，地方:<none>

执行时段错误：*Wrong permissions for opening file /u/snow/log for append.
"Is a directory"

程式：/adm/obj/master.lpc 第 140 行
物件: /adm/obj/master
呼叫来自：/adm/obj/master.lpc 的 log_error() 第 140 行，物件： /adm/obj/master，地方:<none>

执行时段错误：*Wrong permissions for opening file /u/snow/log for append.
"Is a directory"

程式：/adm/obj/master.lpc 第 140 行
物件: /adm/obj/master
呼叫来自：/u/snow/wudujiao/nanyuan.lpc 的 create() 第 26 行，物件： /u/snow/wudujiao/nanyuan，地方:<none>
呼叫来自：/inherit/room/room.lpc 的 setup() 第 189 行，物件： /u/snow/wudujiao/nanyuan，地方:<none>
呼叫来自：/inherit/room/room.lpc 的 reset() 第 80 行，物件： /u/snow/wudujiao/nanyuan，地方:<none>
呼叫来自：/inherit/room/room.lpc 的 make_inventory() 第 22 行，物件： /u/snow/wudujiao/nanyuan，地方:<none>
呼叫来自：/adm/obj/master.lpc 的 log_error() 第 140 行，物件： /adm/obj/master，地方:<none>

执行时段错误：*Wrong permissions for opening file /u/snow/log for append.
"Is a directory"

程式：/adm/obj/master.lpc 第 140 行
物件: /adm/obj/master
呼叫来自：/u/snow/wudujiao/nanyuan.lpc 的 create() 第 26 行，物件： /u/snow/wudujiao/nanyuan，地方:<none>
呼叫来自：/inherit/room/room.lpc 的 setup() 第 189 行，物件： /u/snow/wudujiao/nanyuan，地方:<none>
呼叫来自：/inherit/room/room.lpc 的 reset() 第 80 行，物件： /u/snow/wudujiao/nanyuan，地方:<none>
呼叫来自：/inherit/room/room.lpc 的 make_inventory() 第 22 行，物件： /u/snow/wudujiao/nanyuan，地方:<none>
呼叫来自：/adm/obj/master.lpc 的 log_error() 第 140 行，物件： /adm/obj/master，地方:<none>

执行时段错误：*No program in object '/u/snow/wudujiao/npc/zangao'!

程式：/inherit/room/room.lpc 第 22 行
物件: /u/snow/wudujiao/nanyuan
呼叫来自：/u/snow/wudujiao/nanyuan.lpc 的 create() 第 26 行，物件： /u/snow/wudujiao/nanyuan，地方:<none>
呼叫来自：/inherit/room/room.lpc 的 setup() 第 189 行，物件： /u/snow/wudujiao/nanyuan，地方:<none>
呼叫来自：/inherit/room/room.lpc 的 reset() 第 80 行，物件： /u/snow/wudujiao/nanyuan，地方:<none>
呼叫来自：/inherit/room/room.lpc 的 make_inventory() 第 22 行，物件： /u/snow/wudujiao/nanyuan，地方:<none>

执行时段错误：*Wrong permissions for opening file /u/snow/log for append.
"Is a directory"

程式：/adm/obj/master.lpc 第 140 行
物件: /adm/obj/master
呼叫来自：/adm/obj/master.lpc 的 log_error() 第 140 行，物件： /adm/obj/master，地方:<none>

执行时段错误：*Wrong permissions for opening file /u/snow/log for append.
"Is a directory"

程式：/adm/obj/master.lpc 第 140 行
物件: /adm/obj/master
呼叫来自：/adm/obj/master.lpc 的 log_error() 第 140 行，物件： /adm/obj/master，地方:<none>

执行时段错误：*Wrong permissions for opening file /u/snow/log for append.
"Is a directory"

程式：/adm/obj/master.lpc 第 140 行
物件: /adm/obj/master
呼叫来自：/adm/obj/master.lpc 的 log_error() 第 140 行，物件： /adm/obj/master，地方:<none>

执行时段错误：*Wrong permissions for opening file /u/snow/log for append.
"Is a directory"

程式：/adm/obj/master.lpc 第 140 行
物件: /adm/obj/master
呼叫来自：/adm/obj/master.lpc 的 log_error() 第 140 行，物件： /adm/obj/master，地方:<none>

执行时段错误：*Wrong permissions for opening file /u/snow/log for append.
"Is a directory"

程式：/adm/obj/master.lpc 第 140 行
物件: /adm/obj/master
呼叫来自：/adm/obj/master.lpc 的 log_error() 第 140 行，物件： /adm/obj/master，地方:<none>

执行时段错误：*Wrong permissions for opening file /u/snow/log for append.
"Is a directory"

程式：/adm/obj/master.lpc 第 140 行
物件: /adm/obj/master
呼叫来自：/adm/obj/master.lpc 的 log_error() 第 140 行，物件： /adm/obj/master，地方:<none>

执行时段错误：*Wrong permissions for opening file /u/snow/log for append.
"Is a directory"

程式：/adm/obj/master.lpc 第 140 行
物件: /adm/obj/master
呼叫来自：/adm/obj/master.lpc 的 log_error() 第 140 行，物件： /adm/obj/master，地方:<none>

执行时段错误：*Wrong permissions for opening file /u/snow/log for append.
"Is a directory"

程式：/adm/obj/master.lpc 第 140 行
物件: /adm/obj/master
呼叫来自：/adm/obj/master.lpc 的 log_error() 第 140 行，物件： /adm/obj/master，地方:<none>

执行时段错误：*Wrong permissions for opening file /u/snow/log for append.
"Is a directory"

程式：/adm/obj/master.lpc 第 140 行
物件: /adm/obj/master
呼叫来自：/adm/obj/master.lpc 的 log_error() 第 140 行，物件： /adm/obj/master，地方:<none>

执行时段错误：*Wrong permissions for opening file /u/snow/log for append.
"Is a directory"

程式：/adm/obj/master.lpc 第 140 行
物件: /adm/obj/master
呼叫来自：/adm/obj/master.lpc 的 log_error() 第 140 行，物件： /adm/obj/master，地方:<none>

执行时段错误：*Wrong permissions for opening file /u/snow/log for append.
"Is a directory"

程式：/adm/obj/master.lpc 第 140 行
物件: /adm/obj/master
呼叫来自：/adm/obj/master.lpc 的 log_error() 第 140 行，物件： /adm/obj/master，地方:<none>

执行时段错误：*Wrong permissions for opening file /u/snow/log for append.
"Is a directory"

程式：/adm/obj/master.lpc 第 140 行
物件: /adm/obj/master
呼叫来自：/adm/obj/master.lpc 的 log_error() 第 140 行，物件： /adm/obj/master，地方:<none>

执行时段错误：*Wrong permissions for opening file /u/snow/log for append.
"Is a directory"

程式：/adm/obj/master.lpc 第 140 行
物件: /adm/obj/master
呼叫来自：/adm/obj/master.lpc 的 log_error() 第 140 行，物件： /adm/obj/master，地方:<none>

执行时段错误：*Wrong permissions for opening file /u/snow/log for append.
"Is a directory"

程式：/adm/obj/master.lpc 第 140 行
物件: /adm/obj/master
呼叫来自：/adm/obj/master.lpc 的 log_error() 第 140 行，物件： /adm/obj/master，地方:<none>

执行时段错误：*Wrong permissions for opening file /u/snow/log for append.
"Is a directory"

程式：/adm/obj/master.lpc 第 140 行
物件: /adm/obj/master
呼叫来自：/adm/obj/master.lpc 的 log_error() 第 140 行，物件： /adm/obj/master，地方:<none>

执行时段错误：*Wrong permissions for opening file /u/snow/log for append.
"Is a directory"

程式：/adm/obj/master.lpc 第 140 行
物件: /adm/obj/master
呼叫来自：/adm/obj/master.lpc 的 log_error() 第 140 行，物件： /adm/obj/master，地方:<none>

执行时段错误：*Wrong permissions for opening file /u/snow/log for append.
"Is a directory"

程式：/adm/obj/master.lpc 第 140 行
物件: /adm/obj/master
呼叫来自：/adm/obj/master.lpc 的 log_error() 第 140 行，物件： /adm/obj/master，地方:<none>

执行时段错误：*Wrong permissions for opening file /u/snow/log for append.
"Is a directory"

程式：/adm/obj/master.lpc 第 140 行
物件: /adm/obj/master
呼叫来自：/adm/obj/master.lpc 的 log_error() 第 140 行，物件： /adm/obj/master，地方:<none>

执行时段错误：*Wrong permissions for opening file /u/snow/log for append.
"Is a directory"

程式：/adm/obj/master.lpc 第 140 行
物件: /adm/obj/master
呼叫来自：/adm/obj/master.lpc 的 log_error() 第 140 行，物件： /adm/obj/master，地方:<none>

执行时段错误：*Wrong permissions for opening file /u/snow/log for append.
"Is a directory"

程式：/adm/obj/master.lpc 第 140 行
物件: /adm/obj/master
呼叫来自：/adm/obj/master.lpc 的 log_error() 第 140 行，物件： /adm/obj/master，地方:<none>

执行时段错误：*Wrong permissions for opening file /u/snow/log for append.
"Is a directory"

程式：/adm/obj/master.lpc 第 140 行
物件: /adm/obj/master
呼叫来自：/adm/obj/master.lpc 的 log_error() 第 140 行，物件： /adm/obj/master，地方:<none>

执行时段错误：*Wrong permissions for opening file /u/snow/log for append.
"Is a directory"

程式：/adm/obj/master.lpc 第 140 行
物件: /adm/obj/master
呼叫来自：/adm/obj/master.lpc 的 log_error() 第 140 行，物件： /adm/obj/master，地方:<none>

执行时段错误：*Wrong permissions for opening file /u/snow/log for append.
"Is a directory"

程式：/adm/obj/master.lpc 第 140 行
物件: /adm/obj/master
呼叫来自：/adm/obj/master.lpc 的 log_error() 第 140 行，物件： /adm/obj/master，地方:<none>

执行时段错误：*Wrong permissions for opening file /u/snow/log for append.
"Is a directory"

程式：/adm/obj/master.lpc 第 140 行
物件: /adm/obj/master
呼叫来自：/adm/obj/master.lpc 的 log_error() 第 140 行，物件： /adm/obj/master，地方:<none>

执行时段错误：*Wrong permissions for opening file /u/snow/log for append.
"Is a directory"

程式：/adm/obj/master.lpc 第 140 行
物件: /adm/obj/master
呼叫来自：/adm/obj/master.lpc 的 log_error() 第 140 行，物件： /adm/obj/master，地方:<none>

执行时段错误：*Wrong permissions for opening file /u/snow/log for append.
"Is a directory"

程式：/adm/obj/master.lpc 第 140 行
物件: /adm/obj/master
呼叫来自：/u/snow/wudujiao/langwo.lpc 的 create() 第 26 行，物件： /u/snow/wudujiao/langwo，地方:<none>
呼叫来自：/inherit/room/room.lpc 的 setup() 第 189 行，物件： /u/snow/wudujiao/langwo，地方:<none>
呼叫来自：/inherit/room/room.lpc 的 reset() 第 71 行，物件： /u/snow/wudujiao/langwo，地方:<none>
呼叫来自：/inherit/room/room.lpc 的 make_inventory() 第 22 行，物件： /u/snow/wudujiao/langwo，地方:<none>
呼叫来自：/adm/obj/master.lpc 的 log_error() 第 140 行，物件： /adm/obj/master，地方:<none>

执行时段错误：*Wrong permissions for opening file /u/snow/log for append.
"Is a directory"

程式：/adm/obj/master.lpc 第 140 行
物件: /adm/obj/master
呼叫来自：/u/snow/wudujiao/langwo.lpc 的 create() 第 26 行，物件： /u/snow/wudujiao/langwo，地方:<none>
呼叫来自：/inherit/room/room.lpc 的 setup() 第 189 行，物件： /u/snow/wudujiao/langwo，地方:<none>
呼叫来自：/inherit/room/room.lpc 的 reset() 第 71 行，物件： /u/snow/wudujiao/langwo，地方:<none>
呼叫来自：/inherit/room/room.lpc 的 make_inventory() 第 22 行，物件： /u/snow/wudujiao/langwo，地方:<none>
呼叫来自：/adm/obj/master.lpc 的 log_error() 第 140 行，物件： /adm/obj/master，地方:<none>

执行时段错误：*No program in object '/u/snow/wudujiao/npc/wolf2'!

程式：/inherit/room/room.lpc 第 22 行
物件: /u/snow/wudujiao/langwo
呼叫来自：/u/snow/wudujiao/langwo.lpc 的 create() 第 26 行，物件： /u/snow/wudujiao/langwo，地方:<none>
呼叫来自：/inherit/room/room.lpc 的 setup() 第 189 行，物件： /u/snow/wudujiao/langwo，地方:<none>
呼叫来自：/inherit/room/room.lpc 的 reset() 第 71 行，物件： /u/snow/wudujiao/langwo，地方:<none>
呼叫来自：/inherit/room/room.lpc 的 make_inventory() 第 22 行，物件： /u/snow/wudujiao/langwo，地方:<none>

执行时段错误：*Wrong permissions for opening file /u/snow/log for append.
"Is a directory"

程式：/adm/obj/master.lpc 第 140 行
物件: /adm/obj/master
呼叫来自：/u/snow/wudujiao/npc/cenqisi.lpc 的 create() 第 63 行，物件： /u/snow/wudujiao/npc/cenqisi ("岑其斯")，地方:<none>
呼叫来自：/inherit/char/npc.lpc 的 carry_object() 第 14 行，物件： /u/snow/wudujiao/npc/cenqisi ("岑其斯")，地方:<none>
呼叫来自：/adm/obj/master.lpc 的 log_error() 第 140 行，物件： /adm/obj/master，地方:<none>

执行时段错误：*Wrong permissions for opening file /u/snow/log for append.
"Is a directory"

程式：/adm/obj/master.lpc 第 140 行
物件: /adm/obj/master
呼叫来自：/u/snow/wudujiao/npc/cenqisi.lpc 的 create() 第 63 行，物件： /u/snow/wudujiao/npc/cenqisi ("岑其斯")，地方:<none>
呼叫来自：/inherit/char/npc.lpc 的 carry_object() 第 14 行，物件： /u/snow/wudujiao/npc/cenqisi ("岑其斯")，地方:<none>
呼叫来自：/adm/obj/master.lpc 的 log_error() 第 140 行，物件： /adm/obj/master，地方:<none>

执行时段错误：*Wrong permissions for opening file /u/snow/log for append.
"Is a directory"

程式：/adm/obj/master.lpc 第 140 行
物件: /adm/obj/master
呼叫来自：/u/snow/wudujiao/npc/cenqisi.lpc 的 create() 第 63 行，物件： /u/snow/wudujiao/npc/cenqisi ("岑其斯")，地方:<none>
呼叫来自：/inherit/char/npc.lpc 的 carry_object() 第 14 行，物件： /u/snow/wudujiao/npc/cenqisi ("岑其斯")，地方:<none>
呼叫来自：/adm/obj/master.lpc 的 log_error() 第 140 行，物件： /adm/obj/master，地方:<none>

执行时段错误：*No program in object '/u/snow/wudujiao/npc/obj/ganggou'!

程式：/inherit/char/npc.lpc 第 14 行
物件: /u/snow/wudujiao/npc/cenqisi
呼叫来自：/u/snow/wudujiao/npc/cenqisi.lpc 的 create() 第 63 行，物件： /u/snow/wudujiao/npc/cenqisi ("岑其斯")，地方:<none>
呼叫来自：/inherit/char/npc.lpc 的 carry_object() 第 14 行，物件： /u/snow/wudujiao/npc/cenqisi ("岑其斯")，地方:<none>

执行时段错误：*Wrong permissions for opening file /u/snow/log for append.
"Is a directory"

程式：/adm/obj/master.lpc 第 140 行
物件: /adm/obj/master
呼叫来自：/u/snow/wudujiao/npc/hehongyao.lpc 的 create() 第 66 行，物件： /u/snow/wudujiao/npc/hehongyao ("何红药")，地方:<none>
呼叫来自：/inherit/char/npc.lpc 的 carry_object() 第 14 行，物件： /u/snow/wudujiao/npc/hehongyao ("何红药")，地方:<none>
呼叫来自：/adm/obj/master.lpc 的 log_error() 第 140 行，物件： /adm/obj/master，地方:<none>

执行时段错误：*Wrong permissions for opening file /u/snow/log for append.
"Is a directory"

程式：/adm/obj/master.lpc 第 140 行
物件: /adm/obj/master
呼叫来自：/u/snow/wudujiao/npc/hehongyao.lpc 的 create() 第 66 行，物件： /u/snow/wudujiao/npc/hehongyao ("何红药")，地方:<none>
呼叫来自：/inherit/char/npc.lpc 的 carry_object() 第 14 行，物件： /u/snow/wudujiao/npc/hehongyao ("何红药")，地方:<none>
呼叫来自：/adm/obj/master.lpc 的 log_error() 第 140 行，物件： /adm/obj/master，地方:<none>

执行时段错误：*Wrong permissions for opening file /u/snow/log for append.
"Is a directory"

程式：/adm/obj/master.lpc 第 140 行
物件: /adm/obj/master
呼叫来自：/u/snow/wudujiao/npc/hehongyao.lpc 的 create() 第 66 行，物件： /u/snow/wudujiao/npc/hehongyao ("何红药")，地方:<none>
呼叫来自：/inherit/char/npc.lpc 的 carry_object() 第 14 行，物件： /u/snow/wudujiao/npc/hehongyao ("何红药")，地方:<none>
呼叫来自：/adm/obj/master.lpc 的 log_error() 第 140 行，物件： /adm/obj/master，地方:<none>

执行时段错误：*No program in object '/u/snow/wudujiao/npc/obj/jiandao'!

程式：/inherit/char/npc.lpc 第 14 行
物件: /u/snow/wudujiao/npc/hehongyao
呼叫来自：/u/snow/wudujiao/npc/hehongyao.lpc 的 create() 第 66 行，物件： /u/snow/wudujiao/npc/hehongyao ("何红药")，地方:<none>
呼叫来自：/inherit/char/npc.lpc 的 carry_object() 第 14 行，物件： /u/snow/wudujiao/npc/hehongyao ("何红药")，地方:<none>

执行时段错误：*Wrong permissions for opening file /u/snow/log for append.
"Is a directory"

程式：/adm/obj/master.lpc 第 140 行
物件: /adm/obj/master
呼叫来自：/adm/obj/master.lpc 的 log_error() 第 140 行，物件： /adm/obj/master，地方:<none>

执行时段错误：*Wrong permissions for opening file /u/snow/log for append.
"Is a directory"

程式：/adm/obj/master.lpc 第 140 行
物件: /adm/obj/master
呼叫来自：/adm/obj/master.lpc 的 log_error() 第 140 行，物件： /adm/obj/master，地方:<none>

执行时段错误：*Wrong permissions for opening file /u/snow/log for append.
"Is a directory"

程式：/adm/obj/master.lpc 第 140 行
物件: /adm/obj/master
呼叫来自：/adm/obj/master.lpc 的 log_error() 第 140 行，物件： /adm/obj/master，地方:<none>

执行时段错误：*Wrong permissions for opening file /u/snow/log for append.
"Is a directory"

程式：/adm/obj/master.lpc 第 140 行
物件: /adm/obj/master
呼叫来自：/adm/obj/master.lpc 的 log_error() 第 140 行，物件： /adm/obj/master，地方:<none>

执行时段错误：*Wrong permissions for opening file /u/snow/log for append.
"Is a directory"

程式：/adm/obj/master.lpc 第 140 行
物件: /adm/obj/master
呼叫来自：/adm/obj/master.lpc 的 log_error() 第 140 行，物件： /adm/obj/master，地方:<none>

执行时段错误：*Wrong permissions for opening file /u/snow/log for append.
"Is a directory"

程式：/adm/obj/master.lpc 第 140 行
物件: /adm/obj/master
呼叫来自：/adm/obj/master.lpc 的 log_error() 第 140 行，物件： /adm/obj/master，地方:<none>

执行时段错误：*Wrong permissions for opening file /u/snow/log for append.
"Is a directory"

程式：/adm/obj/master.lpc 第 140 行
物件: /adm/obj/master
呼叫来自：/adm/obj/master.lpc 的 log_error() 第 140 行，物件： /adm/obj/master，地方:<none>

执行时段错误：*Wrong permissions for opening file /u/snow/log for append.
"Is a directory"

程式：/adm/obj/master.lpc 第 140 行
物件: /adm/obj/master
呼叫来自：/adm/obj/master.lpc 的 log_error() 第 140 行，物件： /adm/obj/master，地方:<none>

执行时段错误：*Wrong permissions for opening file /u/snow/log for append.
"Is a directory"

程式：/adm/obj/master.lpc 第 140 行
物件: /adm/obj/master
呼叫来自：/adm/obj/master.lpc 的 log_error() 第 140 行，物件： /adm/obj/master，地方:<none>

执行时段错误：*Wrong permissions for opening file /u/snow/log for append.
"Is a directory"

程式：/adm/obj/master.lpc 第 140 行
物件: /adm/obj/master
呼叫来自：/adm/obj/master.lpc 的 log_error() 第 140 行，物件： /adm/obj/master，地方:<none>

执行时段错误：*Wrong permissions for opening file /u/snow/log for append.
"Is a directory"

程式：/adm/obj/master.lpc 第 140 行
物件: /adm/obj/master
呼叫来自：/adm/obj/master.lpc 的 log_error() 第 140 行，物件： /adm/obj/master，地方:<none>

执行时段错误：*Wrong permissions for opening file /u/snow/log for append.
"Is a directory"

程式：/adm/obj/master.lpc 第 140 行
物件: /adm/obj/master
呼叫来自：/adm/obj/master.lpc 的 log_error() 第 140 行，物件： /adm/obj/master，地方:<none>

执行时段错误：*Wrong permissions for opening file /u/snow/log for append.
"Is a directory"

程式：/adm/obj/master.lpc 第 140 行
物件: /adm/obj/master
呼叫来自：/adm/obj/master.lpc 的 log_error() 第 140 行，物件： /adm/obj/master，地方:<none>

执行时段错误：*Wrong permissions for opening file /u/snow/log for append.
"Is a directory"

程式：/adm/obj/master.lpc 第 140 行
物件: /adm/obj/master
呼叫来自：/adm/obj/master.lpc 的 log_error() 第 140 行，物件： /adm/obj/master，地方:<none>

执行时段错误：*Wrong permissions for opening file /u/snow/log for append.
"Is a directory"

程式：/adm/obj/master.lpc 第 140 行
物件: /adm/obj/master
呼叫来自：/adm/obj/master.lpc 的 log_error() 第 140 行，物件： /adm/obj/master，地方:<none>

执行时段错误：*Wrong permissions for opening file /u/snow/log for append.
"Is a directory"

程式：/adm/obj/master.lpc 第 140 行
物件: /adm/obj/master
呼叫来自：/adm/obj/master.lpc 的 log_error() 第 140 行，物件： /adm/obj/master，地方:<none>

执行时段错误：*Wrong permissions for opening file /u/snow/log for append.
"Is a directory"

程式：/adm/obj/master.lpc 第 140 行
物件: /adm/obj/master
呼叫来自：/adm/obj/master.lpc 的 log_error() 第 140 行，物件： /adm/obj/master，地方:<none>

执行时段错误：*Wrong permissions for opening file /u/snow/log for append.
"Is a directory"

程式：/adm/obj/master.lpc 第 140 行
物件: /adm/obj/master
呼叫来自：/adm/obj/master.lpc 的 log_error() 第 140 行，物件： /adm/obj/master，地方:<none>

执行时段错误：*Wrong permissions for opening file /u/snow/log for append.
"Is a directory"

程式：/adm/obj/master.lpc 第 140 行
物件: /adm/obj/master
呼叫来自：/u/snow/wudujiao/npc/cunzhang.lpc 的 create() 第 30 行，物件： /u/snow/wudujiao/npc/cunzhang ("苗三斤")，地方:<none>
呼叫来自：/inherit/char/npc.lpc 的 carry_object() 第 14 行，物件： /u/snow/wudujiao/npc/cunzhang ("苗三斤")，地方:<none>
呼叫来自：/adm/obj/master.lpc 的 log_error() 第 140 行，物件： /adm/obj/master，地方:<none>

执行时段错误：*Wrong permissions for opening file /u/snow/log for append.
"Is a directory"

程式：/adm/obj/master.lpc 第 140 行
物件: /adm/obj/master
呼叫来自：/u/snow/wudujiao/npc/cunzhang.lpc 的 create() 第 30 行，物件： /u/snow/wudujiao/npc/cunzhang ("苗三斤")，地方:<none>
呼叫来自：/inherit/char/npc.lpc 的 carry_object() 第 14 行，物件： /u/snow/wudujiao/npc/cunzhang ("苗三斤")，地方:<none>
呼叫来自：/adm/obj/master.lpc 的 log_error() 第 140 行，物件： /adm/obj/master，地方:<none>

执行时段错误：*Wrong permissions for opening file /u/snow/log for append.
"Is a directory"

程式：/adm/obj/master.lpc 第 140 行
物件: /adm/obj/master
呼叫来自：/u/snow/wudujiao/npc/cunzhang.lpc 的 create() 第 30 行，物件： /u/snow/wudujiao/npc/cunzhang ("苗三斤")，地方:<none>
呼叫来自：/inherit/char/npc.lpc 的 carry_object() 第 14 行，物件： /u/snow/wudujiao/npc/cunzhang ("苗三斤")，地方:<none>
呼叫来自：/adm/obj/master.lpc 的 log_error() 第 140 行，物件： /adm/obj/master，地方:<none>

执行时段错误：*No program in object '/u/snow/wudujiao/npc/obj/hanyan'!

程式：/inherit/char/npc.lpc 第 14 行
物件: /u/snow/wudujiao/npc/cunzhang
呼叫来自：/u/snow/wudujiao/npc/cunzhang.lpc 的 create() 第 30 行，物件： /u/snow/wudujiao/npc/cunzhang ("苗三斤")，地方:<none>
呼叫来自：/inherit/char/npc.lpc 的 carry_object() 第 14 行，物件： /u/snow/wudujiao/npc/cunzhang ("苗三斤")，地方:<none>

执行时段错误：*Wrong permissions for opening file /u/snow/log for append.
"Is a directory"

程式：/adm/obj/master.lpc 第 140 行
物件: /adm/obj/master
呼叫来自：/adm/obj/master.lpc 的 log_error() 第 140 行，物件： /adm/obj/master，地方:<none>

执行时段错误：*Wrong permissions for opening file /u/snow/log for append.
"Is a directory"

程式：/adm/obj/master.lpc 第 140 行
物件: /adm/obj/master
呼叫来自：/adm/obj/master.lpc 的 log_error() 第 140 行，物件： /adm/obj/master，地方:<none>

执行时段错误：*Wrong permissions for opening file /u/snow/log for append.
"Is a directory"

程式：/adm/obj/master.lpc 第 140 行
物件: /adm/obj/master
呼叫来自：/adm/obj/master.lpc 的 log_error() 第 140 行，物件： /adm/obj/master，地方:<none>

执行时段错误：*Wrong permissions for opening file /u/snow/log for append.
"Is a directory"

程式：/adm/obj/master.lpc 第 140 行
物件: /adm/obj/master
呼叫来自：/adm/obj/master.lpc 的 log_error() 第 140 行，物件： /adm/obj/master，地方:<none>

执行时段错误：*Wrong permissions for opening file /u/snow/log for append.
"Is a directory"

程式：/adm/obj/master.lpc 第 140 行
物件: /adm/obj/master
呼叫来自：/adm/obj/master.lpc 的 log_error() 第 140 行，物件： /adm/obj/master，地方:<none>

执行时段错误：*Wrong permissions for opening file /u/snow/log for append.
"Is a directory"

程式：/adm/obj/master.lpc 第 140 行
物件: /adm/obj/master
呼叫来自：/adm/obj/master.lpc 的 log_error() 第 140 行，物件： /adm/obj/master，地方:<none>

执行时段错误：*Wrong permissions for opening file /u/snow/log for append.
"Is a directory"

程式：/adm/obj/master.lpc 第 140 行
物件: /adm/obj/master
呼叫来自：/adm/obj/master.lpc 的 log_error() 第 140 行，物件： /adm/obj/master，地方:<none>

执行时段错误：*Wrong permissions for opening file /u/snow/log for append.
"Is a directory"

程式：/adm/obj/master.lpc 第 140 行
物件: /adm/obj/master
呼叫来自：/adm/obj/master.lpc 的 log_error() 第 140 行，物件： /adm/obj/master，地方:<none>

执行时段错误：*Wrong permissions for opening file /u/snow/log for append.
"Is a directory"

程式：/adm/obj/master.lpc 第 140 行
物件: /adm/obj/master
呼叫来自：/adm/obj/master.lpc 的 log_error() 第 140 行，物件： /adm/obj/master，地方:<none>

执行时段错误：*Wrong permissions for opening file /u/snow/log for append.
"Is a directory"

程式：/adm/obj/master.lpc 第 140 行
物件: /adm/obj/master
呼叫来自：/adm/obj/master.lpc 的 log_error() 第 140 行，物件： /adm/obj/master，地方:<none>

执行时段错误：*Wrong permissions for opening file /u/snow/log for append.
"Is a directory"

程式：/adm/obj/master.lpc 第 140 行
物件: /adm/obj/master
呼叫来自：/adm/obj/master.lpc 的 log_error() 第 140 行，物件： /adm/obj/master，地方:<none>

执行时段错误：*Wrong permissions for opening file /u/snow/log for append.
"Is a directory"

程式：/adm/obj/master.lpc 第 140 行
物件: /adm/obj/master
呼叫来自：/adm/obj/master.lpc 的 log_error() 第 140 行，物件： /adm/obj/master，地方:<none>

执行时段错误：*Wrong permissions for opening file /u/snow/log for append.
"Is a directory"

程式：/adm/obj/master.lpc 第 140 行
物件: /adm/obj/master
呼叫来自：/adm/obj/master.lpc 的 log_error() 第 140 行，物件： /adm/obj/master，地方:<none>

执行时段错误：*Wrong permissions for opening file /u/snow/log for append.
"Is a directory"

程式：/adm/obj/master.lpc 第 140 行
物件: /adm/obj/master
呼叫来自：/u/snow/wudujiao/npc/hetieshou.lpc 的 create() 第 83 行，物件： /u/snow/wudujiao/npc/hetieshou ("何铁手")，地方:<none>
呼叫来自：/inherit/char/npc.lpc 的 carry_object() 第 14 行，物件： /u/snow/wudujiao/npc/hetieshou ("何铁手")，地方:<none>
呼叫来自：/adm/obj/master.lpc 的 log_error() 第 140 行，物件： /adm/obj/master，地方:<none>

执行时段错误：*Wrong permissions for opening file /u/snow/log for append.
"Is a directory"

程式：/adm/obj/master.lpc 第 140 行
物件: /adm/obj/master
呼叫来自：/u/snow/wudujiao/npc/hetieshou.lpc 的 create() 第 83 行，物件： /u/snow/wudujiao/npc/hetieshou ("何铁手")，地方:<none>
呼叫来自：/inherit/char/npc.lpc 的 carry_object() 第 14 行，物件： /u/snow/wudujiao/npc/hetieshou ("何铁手")，地方:<none>
呼叫来自：/adm/obj/master.lpc 的 log_error() 第 140 行，物件： /adm/obj/master，地方:<none>

执行时段错误：*Wrong permissions for opening file /u/snow/log for append.
"Is a directory"

程式：/adm/obj/master.lpc 第 140 行
物件: /adm/obj/master
呼叫来自：/u/snow/wudujiao/npc/hetieshou.lpc 的 create() 第 83 行，物件： /u/snow/wudujiao/npc/hetieshou ("何铁手")，地方:<none>
呼叫来自：/inherit/char/npc.lpc 的 carry_object() 第 14 行，物件： /u/snow/wudujiao/npc/hetieshou ("何铁手")，地方:<none>
呼叫来自：/adm/obj/master.lpc 的 log_error() 第 140 行，物件： /adm/obj/master，地方:<none>

执行时段错误：*No program in object '/u/snow/wudujiao/npc/obj/jingou'!

程式：/inherit/char/npc.lpc 第 14 行
物件: /u/snow/wudujiao/npc/hetieshou
呼叫来自：/u/snow/wudujiao/npc/hetieshou.lpc 的 create() 第 83 行，物件： /u/snow/wudujiao/npc/hetieshou ("何铁手")，地方:<none>
呼叫来自：/inherit/char/npc.lpc 的 carry_object() 第 14 行，物件： /u/snow/wudujiao/npc/hetieshou ("何铁手")，地方:<none>

执行时段错误：*Wrong permissions for opening file /u/snow/log for append.
"Is a directory"

程式：/adm/obj/master.lpc 第 140 行
物件: /adm/obj/master
呼叫来自：/adm/obj/master.lpc 的 log_error() 第 140 行，物件： /adm/obj/master，地方:<none>

执行时段错误：*Wrong permissions for opening file /u/snow/log for append.
"Is a directory"

程式：/adm/obj/master.lpc 第 140 行
物件: /adm/obj/master
呼叫来自：/adm/obj/master.lpc 的 log_error() 第 140 行，物件： /adm/obj/master，地方:<none>

执行时段错误：*Wrong permissions for opening file /u/snow/log for append.
"Is a directory"

程式：/adm/obj/master.lpc 第 140 行
物件: /adm/obj/master
呼叫来自：/adm/obj/master.lpc 的 log_error() 第 140 行，物件： /adm/obj/master，地方:<none>

执行时段错误：*Wrong permissions for opening file /u/snow/log for append.
"Is a directory"

程式：/adm/obj/master.lpc 第 140 行
物件: /adm/obj/master
呼叫来自：/adm/obj/master.lpc 的 log_error() 第 140 行，物件： /adm/obj/master，地方:<none>

执行时段错误：*Wrong permissions for opening file /u/snow/log for append.
"Is a directory"

程式：/adm/obj/master.lpc 第 140 行
物件: /adm/obj/master
呼叫来自：/adm/obj/master.lpc 的 log_error() 第 140 行，物件： /adm/obj/master，地方:<none>

执行时段错误：*Wrong permissions for opening file /u/snow/log for append.
"Is a directory"

程式：/adm/obj/master.lpc 第 140 行
物件: /adm/obj/master
呼叫来自：/adm/obj/master.lpc 的 log_error() 第 140 行，物件： /adm/obj/master，地方:<none>

执行时段错误：*Wrong permissions for opening file /u/snow/log for append.
"Is a directory"

程式：/adm/obj/master.lpc 第 140 行
物件: /adm/obj/master
呼叫来自：/adm/obj/master.lpc 的 log_error() 第 140 行，物件： /adm/obj/master，地方:<none>

执行时段错误：*Wrong permissions for opening file /u/snow/log for append.
"Is a directory"

程式：/adm/obj/master.lpc 第 140 行
物件: /adm/obj/master
呼叫来自：/adm/obj/master.lpc 的 log_error() 第 140 行，物件： /adm/obj/master，地方:<none>

执行时段错误：*Wrong permissions for opening file /u/snow/log for append.
"Is a directory"

程式：/adm/obj/master.lpc 第 140 行
物件: /adm/obj/master
呼叫来自：/adm/obj/master.lpc 的 log_error() 第 140 行，物件： /adm/obj/master，地方:<none>

执行时段错误：*Wrong permissions for opening file /u/snow/log for append.
"Is a directory"

程式：/adm/obj/master.lpc 第 140 行
物件: /adm/obj/master
呼叫来自：/adm/obj/master.lpc 的 log_error() 第 140 行，物件： /adm/obj/master，地方:<none>

执行时段错误：*Wrong permissions for opening file /u/snow/log for append.
"Is a directory"

程式：/adm/obj/master.lpc 第 140 行
物件: /adm/obj/master
呼叫来自：/adm/obj/master.lpc 的 log_error() 第 140 行，物件： /adm/obj/master，地方:<none>

执行时段错误：*Wrong permissions for opening file /u/snow/log for append.
"Is a directory"

程式：/adm/obj/master.lpc 第 140 行
物件: /adm/obj/master
呼叫来自：/adm/obj/master.lpc 的 log_error() 第 140 行，物件： /adm/obj/master，地方:<none>

执行时段错误：*Wrong permissions for opening file /u/snow/log for append.
"Is a directory"

程式：/adm/obj/master.lpc 第 140 行
物件: /adm/obj/master
呼叫来自：/adm/obj/master.lpc 的 log_error() 第 140 行，物件： /adm/obj/master，地方:<none>

执行时段错误：*Wrong permissions for opening file /u/snow/log for append.
"Is a directory"

程式：/adm/obj/master.lpc 第 140 行
物件: /adm/obj/master
呼叫来自：/adm/obj/master.lpc 的 log_error() 第 140 行，物件： /adm/obj/master，地方:<none>

执行时段错误：*Wrong permissions for opening file /u/snow/log for append.
"Is a directory"

程式：/adm/obj/master.lpc 第 140 行
物件: /adm/obj/master
呼叫来自：/adm/obj/master.lpc 的 log_error() 第 140 行，物件： /adm/obj/master，地方:<none>

执行时段错误：*Wrong permissions for opening file /u/snow/log for append.
"Is a directory"

程式：/adm/obj/master.lpc 第 140 行
物件: /adm/obj/master
呼叫来自：/adm/obj/master.lpc 的 log_error() 第 140 行，物件： /adm/obj/master，地方:<none>

执行时段错误：*Wrong permissions for opening file /u/snow/log for append.
"Is a directory"

程式：/adm/obj/master.lpc 第 140 行
物件: /adm/obj/master
呼叫来自：/adm/obj/master.lpc 的 log_error() 第 140 行，物件： /adm/obj/master，地方:<none>

执行时段错误：*Wrong permissions for opening file /u/snow/log for append.
"Is a directory"

程式：/adm/obj/master.lpc 第 140 行
物件: /adm/obj/master
呼叫来自：/adm/obj/master.lpc 的 log_error() 第 140 行，物件： /adm/obj/master，地方:<none>

执行时段错误：*Wrong permissions for opening file /u/snow/log for append.
"Is a directory"

程式：/adm/obj/master.lpc 第 140 行
物件: /adm/obj/master
呼叫来自：/adm/obj/master.lpc 的 log_error() 第 140 行，物件： /adm/obj/master，地方:<none>

执行时段错误：*Wrong permissions for opening file /u/snow/log for append.
"Is a directory"

程式：/adm/obj/master.lpc 第 140 行
物件: /adm/obj/master
呼叫来自：/u/snow/wudujiao/npc/tongzi.lpc 的 create() 第 30 行，物件： /u/snow/wudujiao/npc/tongzi ("锦衣童子")，地方:<none>
呼叫来自：/inherit/char/npc.lpc 的 carry_object() 第 14 行，物件： /u/snow/wudujiao/npc/tongzi ("锦衣童子")，地方:<none>
呼叫来自：/adm/obj/master.lpc 的 log_error() 第 140 行，物件： /adm/obj/master，地方:<none>

执行时段错误：*Wrong permissions for opening file /u/snow/log for append.
"Is a directory"

程式：/adm/obj/master.lpc 第 140 行
物件: /adm/obj/master
呼叫来自：/u/snow/wudujiao/npc/tongzi.lpc 的 create() 第 30 行，物件： /u/snow/wudujiao/npc/tongzi ("锦衣童子")，地方:<none>
呼叫来自：/inherit/char/npc.lpc 的 carry_object() 第 14 行，物件： /u/snow/wudujiao/npc/tongzi ("锦衣童子")，地方:<none>
呼叫来自：/adm/obj/master.lpc 的 log_error() 第 140 行，物件： /adm/obj/master，地方:<none>

执行时段错误：*Wrong permissions for opening file /u/snow/log for append.
"Is a directory"

程式：/adm/obj/master.lpc 第 140 行
物件: /adm/obj/master
呼叫来自：/u/snow/wudujiao/npc/tongzi.lpc 的 create() 第 30 行，物件： /u/snow/wudujiao/npc/tongzi ("锦衣童子")，地方:<none>
呼叫来自：/inherit/char/npc.lpc 的 carry_object() 第 14 行，物件： /u/snow/wudujiao/npc/tongzi ("锦衣童子")，地方:<none>
呼叫来自：/adm/obj/master.lpc 的 log_error() 第 140 行，物件： /adm/obj/master，地方:<none>

执行时段错误：*No program in object '/u/snow/wudujiao/npc/obj/jinyi'!

程式：/inherit/char/npc.lpc 第 14 行
物件: /u/snow/wudujiao/npc/tongzi
呼叫来自：/u/snow/wudujiao/npc/tongzi.lpc 的 create() 第 30 行，物件： /u/snow/wudujiao/npc/tongzi ("锦衣童子")，地方:<none>
呼叫来自：/inherit/char/npc.lpc 的 carry_object() 第 14 行，物件： /u/snow/wudujiao/npc/tongzi ("锦衣童子")，地方:<none>

执行时段错误：*Wrong permissions for opening file /u/snow/log for append.
"Is a directory"

程式：/adm/obj/master.lpc 第 140 行
物件: /adm/obj/master
呼叫来自：/adm/obj/master.lpc 的 log_error() 第 140 行，物件： /adm/obj/master，地方:<none>

执行时段错误：*Wrong permissions for opening file /u/snow/log for append.
"Is a directory"

程式：/adm/obj/master.lpc 第 140 行
物件: /adm/obj/master
呼叫来自：/adm/obj/master.lpc 的 log_error() 第 140 行，物件： /adm/obj/master，地方:<none>

执行时段错误：*Wrong permissions for opening file /u/snow/log for append.
"Is a directory"

程式：/adm/obj/master.lpc 第 140 行
物件: /adm/obj/master
呼叫来自：/adm/obj/master.lpc 的 log_error() 第 140 行，物件： /adm/obj/master，地方:<none>

执行时段错误：*Wrong permissions for opening file /u/snow/log for append.
"Is a directory"

程式：/adm/obj/master.lpc 第 140 行
物件: /adm/obj/master
呼叫来自：/adm/obj/master.lpc 的 log_error() 第 140 行，物件： /adm/obj/master，地方:<none>

执行时段错误：*Wrong permissions for opening file /u/snow/log for append.
"Is a directory"

程式：/adm/obj/master.lpc 第 140 行
物件: /adm/obj/master
呼叫来自：/adm/obj/master.lpc 的 log_error() 第 140 行，物件： /adm/obj/master，地方:<none>

执行时段错误：*Wrong permissions for opening file /u/snow/log for append.
"Is a directory"

程式：/adm/obj/master.lpc 第 140 行
物件: /adm/obj/master
呼叫来自：/adm/obj/master.lpc 的 log_error() 第 140 行，物件： /adm/obj/master，地方:<none>

执行时段错误：*Wrong permissions for opening file /u/snow/log for append.
"Is a directory"

程式：/adm/obj/master.lpc 第 140 行
物件: /adm/obj/master
呼叫来自：/adm/obj/master.lpc 的 log_error() 第 140 行，物件： /adm/obj/master，地方:<none>

执行时段错误：*Wrong permissions for opening file /u/snow/log for append.
"Is a directory"

程式：/adm/obj/master.lpc 第 140 行
物件: /adm/obj/master
呼叫来自：/adm/obj/master.lpc 的 log_error() 第 140 行，物件： /adm/obj/master，地方:<none>

执行时段错误：*Wrong permissions for opening file /u/snow/log for append.
"Is a directory"

程式：/adm/obj/master.lpc 第 140 行
物件: /adm/obj/master
呼叫来自：/adm/obj/master.lpc 的 log_error() 第 140 行，物件： /adm/obj/master，地方:<none>

执行时段错误：*Wrong permissions for opening file /u/snow/log for append.
"Is a directory"

程式：/adm/obj/master.lpc 第 140 行
物件: /adm/obj/master
呼叫来自：/adm/obj/master.lpc 的 log_error() 第 140 行，物件： /adm/obj/master，地方:<none>

执行时段错误：*Wrong permissions for opening file /u/snow/log for append.
"Is a directory"

程式：/adm/obj/master.lpc 第 140 行
物件: /adm/obj/master
呼叫来自：/adm/obj/master.lpc 的 log_error() 第 140 行，物件： /adm/obj/master，地方:<none>

执行时段错误：*Wrong permissions for opening file /u/snow/log for append.
"Is a directory"

程式：/adm/obj/master.lpc 第 140 行
物件: /adm/obj/master
呼叫来自：/adm/obj/master.lpc 的 log_error() 第 140 行，物件： /adm/obj/master，地方:<none>

执行时段错误：*Wrong permissions for opening file /u/snow/log for append.
"Is a directory"

程式：/adm/obj/master.lpc 第 140 行
物件: /adm/obj/master
呼叫来自：/adm/obj/master.lpc 的 log_error() 第 140 行，物件： /adm/obj/master，地方:<none>

执行时段错误：*Wrong permissions for opening file /u/snow/log for append.
"Is a directory"

程式：/adm/obj/master.lpc 第 140 行
物件: /adm/obj/master
呼叫来自：/adm/obj/master.lpc 的 log_error() 第 140 行，物件： /adm/obj/master，地方:<none>

执行时段错误：*Wrong permissions for opening file /u/snow/log for append.
"Is a directory"

程式：/adm/obj/master.lpc 第 140 行
物件: /adm/obj/master
呼叫来自：/adm/obj/master.lpc 的 log_error() 第 140 行，物件： /adm/obj/master，地方:<none>

执行时段错误：*Wrong permissions for opening file /u/snow/log for append.
"Is a directory"

程式：/adm/obj/master.lpc 第 140 行
物件: /adm/obj/master
呼叫来自：/adm/obj/master.lpc 的 log_error() 第 140 行，物件： /adm/obj/master，地方:<none>

执行时段错误：*Wrong permissions for opening file /u/snow/log for append.
"Is a directory"

程式：/adm/obj/master.lpc 第 140 行
物件: /adm/obj/master
呼叫来自：/adm/obj/master.lpc 的 log_error() 第 140 行，物件： /adm/obj/master，地方:<none>

执行时段错误：*Wrong permissions for opening file /u/snow/log for append.
"Is a directory"

程式：/adm/obj/master.lpc 第 140 行
物件: /adm/obj/master
呼叫来自：/adm/obj/master.lpc 的 log_error() 第 140 行，物件： /adm/obj/master，地方:<none>

执行时段错误：*Wrong permissions for opening file /u/snow/log for append.
"Is a directory"

程式：/adm/obj/master.lpc 第 140 行
物件: /adm/obj/master
呼叫来自：/adm/obj/master.lpc 的 log_error() 第 140 行，物件： /adm/obj/master，地方:<none>

执行时段错误：*Wrong permissions for opening file /u/snow/log for append.
"Is a directory"

程式：/adm/obj/master.lpc 第 140 行
物件: /adm/obj/master
呼叫来自：/adm/obj/master.lpc 的 log_error() 第 140 行，物件： /adm/obj/master，地方:<none>

执行时段错误：*Wrong permissions for opening file /u/snow/log for append.
"Is a directory"

程式：/adm/obj/master.lpc 第 140 行
物件: /adm/obj/master
呼叫来自：/adm/obj/master.lpc 的 log_error() 第 140 行，物件： /adm/obj/master，地方:<none>

执行时段错误：*Wrong permissions for opening file /u/snow/log for append.
"Is a directory"

程式：/adm/obj/master.lpc 第 140 行
物件: /adm/obj/master
呼叫来自：/adm/obj/master.lpc 的 log_error() 第 140 行，物件： /adm/obj/master，地方:<none>

执行时段错误：*Wrong permissions for opening file /u/snow/log for append.
"Is a directory"

程式：/adm/obj/master.lpc 第 140 行
物件: /adm/obj/master
呼叫来自：/adm/obj/master.lpc 的 log_error() 第 140 行，物件： /adm/obj/master，地方:<none>

执行时段错误：*Wrong permissions for opening file /u/snow/log for append.
"Is a directory"

程式：/adm/obj/master.lpc 第 140 行
物件: /adm/obj/master
呼叫来自：/adm/obj/master.lpc 的 log_error() 第 140 行，物件： /adm/obj/master，地方:<none>

执行时段错误：*Wrong permissions for opening file /u/snow/log for append.
"Is a directory"

程式：/adm/obj/master.lpc 第 140 行
物件: /adm/obj/master
呼叫来自：/adm/obj/master.lpc 的 log_error() 第 140 行，物件： /adm/obj/master，地方:<none>

执行时段错误：*Wrong permissions for opening file /u/snow/log for append.
"Is a directory"

程式：/adm/obj/master.lpc 第 140 行
物件: /adm/obj/master
呼叫来自：/adm/obj/master.lpc 的 log_error() 第 140 行，物件： /adm/obj/master，地方:<none>

执行时段错误：*Wrong permissions for opening file /u/snow/log for append.
"Is a directory"

程式：/adm/obj/master.lpc 第 140 行
物件: /adm/obj/master
呼叫来自：/adm/obj/master.lpc 的 log_error() 第 140 行，物件： /adm/obj/master，地方:<none>

执行时段错误：*Wrong permissions for opening file /u/snow/log for append.
"Is a directory"

程式：/adm/obj/master.lpc 第 140 行
物件: /adm/obj/master
呼叫来自：/adm/obj/master.lpc 的 log_error() 第 140 行，物件： /adm/obj/master，地方:<none>

执行时段错误：*Wrong permissions for opening file /u/snow/log for append.
"Is a directory"

程式：/adm/obj/master.lpc 第 140 行
物件: /adm/obj/master
呼叫来自：/adm/obj/master.lpc 的 log_error() 第 140 行，物件： /adm/obj/master，地方:<none>

执行时段错误：*Wrong permissions for opening file /u/snow/log for append.
"Is a directory"

程式：/adm/obj/master.lpc 第 140 行
物件: /adm/obj/master
呼叫来自：/adm/obj/master.lpc 的 log_error() 第 140 行，物件： /adm/obj/master，地方:<none>

执行时段错误：*Wrong permissions for opening file /u/snow/log for append.
"Is a directory"

程式：/adm/obj/master.lpc 第 140 行
物件: /adm/obj/master
呼叫来自：/adm/obj/master.lpc 的 log_error() 第 140 行，物件： /adm/obj/master，地方:<none>

执行时段错误：*Wrong permissions for opening file /u/snow/log for append.
"Is a directory"

程式：/adm/obj/master.lpc 第 140 行
物件: /adm/obj/master
呼叫来自：/adm/obj/master.lpc 的 log_error() 第 140 行，物件： /adm/obj/master，地方:<none>

执行时段错误：*Wrong permissions for opening file /u/snow/log for append.
"Is a directory"

程式：/adm/obj/master.lpc 第 140 行
物件: /adm/obj/master
呼叫来自：/adm/obj/master.lpc 的 log_error() 第 140 行，物件： /adm/obj/master，地方:<none>

执行时段错误：*Wrong permissions for opening file /u/snow/log for append.
"Is a directory"

程式：/adm/obj/master.lpc 第 140 行
物件: /adm/obj/master
呼叫来自：/adm/obj/master.lpc 的 log_error() 第 140 行，物件： /adm/obj/master，地方:<none>

执行时段错误：*Wrong permissions for opening file /u/snow/log for append.
"Is a directory"

程式：/adm/obj/master.lpc 第 140 行
物件: /adm/obj/master
呼叫来自：/adm/obj/master.lpc 的 log_error() 第 140 行，物件： /adm/obj/master，地方:<none>

执行时段错误：*Wrong permissions for opening file /u/snow/log for append.
"Is a directory"

程式：/adm/obj/master.lpc 第 140 行
物件: /adm/obj/master
呼叫来自：/adm/obj/master.lpc 的 log_error() 第 140 行，物件： /adm/obj/master，地方:<none>

执行时段错误：*Wrong permissions for opening file /u/snow/log for append.
"Is a directory"

程式：/adm/obj/master.lpc 第 140 行
物件: /adm/obj/master
呼叫来自：/adm/obj/master.lpc 的 log_error() 第 140 行，物件： /adm/obj/master，地方:<none>

执行时段错误：*Wrong permissions for opening file /u/snow/log for append.
"Is a directory"

程式：/adm/obj/master.lpc 第 140 行
物件: /adm/obj/master
呼叫来自：/adm/obj/master.lpc 的 log_error() 第 140 行，物件： /adm/obj/master，地方:<none>

执行时段错误：*Wrong permissions for opening file /u/snow/log for append.
"Is a directory"

程式：/adm/obj/master.lpc 第 140 行
物件: /adm/obj/master
呼叫来自：/u/snow/wudujiao/npc/dizi.lpc 的 create() 第 30 行，物件： /u/snow/wudujiao/npc/dizi ("五毒教弟子")，地方:<none>
呼叫来自：/inherit/char/npc.lpc 的 carry_object() 第 14 行，物件： /u/snow/wudujiao/npc/dizi ("五毒教弟子")，地方:<none>
呼叫来自：/adm/obj/master.lpc 的 log_error() 第 140 行，物件： /adm/obj/master，地方:<none>

执行时段错误：*Wrong permissions for opening file /u/snow/log for append.
"Is a directory"

程式：/adm/obj/master.lpc 第 140 行
物件: /adm/obj/master
呼叫来自：/u/snow/wudujiao/npc/dizi.lpc 的 create() 第 30 行，物件： /u/snow/wudujiao/npc/dizi ("五毒教弟子")，地方:<none>
呼叫来自：/inherit/char/npc.lpc 的 carry_object() 第 14 行，物件： /u/snow/wudujiao/npc/dizi ("五毒教弟子")，地方:<none>
呼叫来自：/adm/obj/master.lpc 的 log_error() 第 140 行，物件： /adm/obj/master，地方:<none>

执行时段错误：*Wrong permissions for opening file /u/snow/log for append.
"Is a directory"

程式：/adm/obj/master.lpc 第 140 行
物件: /adm/obj/master
呼叫来自：/u/snow/wudujiao/npc/dizi.lpc 的 create() 第 30 行，物件： /u/snow/wudujiao/npc/dizi ("五毒教弟子")，地方:<none>
呼叫来自：/inherit/char/npc.lpc 的 carry_object() 第 14 行，物件： /u/snow/wudujiao/npc/dizi ("五毒教弟子")，地方:<none>
呼叫来自：/adm/obj/master.lpc 的 log_error() 第 140 行，物件： /adm/obj/master，地方:<none>

执行时段错误：*No program in object '/u/snow/wudujiao/npc/obj/ganggou'!

程式：/inherit/char/npc.lpc 第 14 行
物件: /u/snow/wudujiao/npc/dizi
呼叫来自：/u/snow/wudujiao/npc/dizi.lpc 的 create() 第 30 行，物件： /u/snow/wudujiao/npc/dizi ("五毒教弟子")，地方:<none>
呼叫来自：/inherit/char/npc.lpc 的 carry_object() 第 14 行，物件： /u/snow/wudujiao/npc/dizi ("五毒教弟子")，地方:<none>

执行时段错误：*Wrong permissions for opening file /u/snow/log for append.
"Is a directory"

程式：/adm/obj/master.lpc 第 140 行
物件: /adm/obj/master
呼叫来自：/adm/obj/master.lpc 的 log_error() 第 140 行，物件： /adm/obj/master，地方:<none>

执行时段错误：*Wrong permissions for opening file /u/snow/log for append.
"Is a directory"

程式：/adm/obj/master.lpc 第 140 行
物件: /adm/obj/master
呼叫来自：/adm/obj/master.lpc 的 log_error() 第 140 行，物件： /adm/obj/master，地方:<none>

执行时段错误：*Wrong permissions for opening file /u/snow/log for append.
"Is a directory"

程式：/adm/obj/master.lpc 第 140 行
物件: /adm/obj/master
呼叫来自：/adm/obj/master.lpc 的 log_error() 第 140 行，物件： /adm/obj/master，地方:<none>

执行时段错误：*Wrong permissions for opening file /u/snow/log for append.
"Is a directory"

程式：/adm/obj/master.lpc 第 140 行
物件: /adm/obj/master
呼叫来自：/adm/obj/master.lpc 的 log_error() 第 140 行，物件： /adm/obj/master，地方:<none>

执行时段错误：*Wrong permissions for opening file /u/snow/log for append.
"Is a directory"

程式：/adm/obj/master.lpc 第 140 行
物件: /adm/obj/master
呼叫来自：/adm/obj/master.lpc 的 log_error() 第 140 行，物件： /adm/obj/master，地方:<none>

执行时段错误：*Wrong permissions for opening file /u/snow/log for append.
"Is a directory"

程式：/adm/obj/master.lpc 第 140 行
物件: /adm/obj/master
呼叫来自：/adm/obj/master.lpc 的 log_error() 第 140 行，物件： /adm/obj/master，地方:<none>

执行时段错误：*Wrong permissions for opening file /u/snow/log for append.
"Is a directory"

程式：/adm/obj/master.lpc 第 140 行
物件: /adm/obj/master
呼叫来自：/adm/obj/master.lpc 的 log_error() 第 140 行，物件： /adm/obj/master，地方:<none>

执行时段错误：*Wrong permissions for opening file /u/snow/log for append.
"Is a directory"

程式：/adm/obj/master.lpc 第 140 行
物件: /adm/obj/master
呼叫来自：/adm/obj/master.lpc 的 log_error() 第 140 行，物件： /adm/obj/master，地方:<none>

执行时段错误：*Wrong permissions for opening file /u/snow/log for append.
"Is a directory"

程式：/adm/obj/master.lpc 第 140 行
物件: /adm/obj/master
呼叫来自：/adm/obj/master.lpc 的 log_error() 第 140 行，物件： /adm/obj/master，地方:<none>

执行时段错误：*Wrong permissions for opening file /u/snow/log for append.
"Is a directory"

程式：/adm/obj/master.lpc 第 140 行
物件: /adm/obj/master
呼叫来自：/adm/obj/master.lpc 的 log_error() 第 140 行，物件： /adm/obj/master，地方:<none>

执行时段错误：*Wrong permissions for opening file /u/snow/log for append.
"Is a directory"

程式：/adm/obj/master.lpc 第 140 行
物件: /adm/obj/master
呼叫来自：/adm/obj/master.lpc 的 log_error() 第 140 行，物件： /adm/obj/master，地方:<none>

执行时段错误：*Wrong permissions for opening file /u/snow/log for append.
"Is a directory"

程式：/adm/obj/master.lpc 第 140 行
物件: /adm/obj/master
呼叫来自：/adm/obj/master.lpc 的 log_error() 第 140 行，物件： /adm/obj/master，地方:<none>

执行时段错误：*Wrong permissions for opening file /u/snow/log for append.
"Is a directory"

程式：/adm/obj/master.lpc 第 140 行
物件: /adm/obj/master
呼叫来自：/adm/obj/master.lpc 的 log_error() 第 140 行，物件： /adm/obj/master，地方:<none>

执行时段错误：*Wrong permissions for opening file /u/snow/log for append.
"Is a directory"

程式：/adm/obj/master.lpc 第 140 行
物件: /adm/obj/master
呼叫来自：/adm/obj/master.lpc 的 log_error() 第 140 行，物件： /adm/obj/master，地方:<none>

执行时段错误：*Wrong permissions for opening file /u/snow/log for append.
"Is a directory"

程式：/adm/obj/master.lpc 第 140 行
物件: /adm/obj/master
呼叫来自：/adm/obj/master.lpc 的 log_error() 第 140 行，物件： /adm/obj/master，地方:<none>

执行时段错误：*Wrong permissions for opening file /u/snow/log for append.
"Is a directory"

程式：/adm/obj/master.lpc 第 140 行
物件: /adm/obj/master
呼叫来自：/adm/obj/master.lpc 的 log_error() 第 140 行，物件： /adm/obj/master，地方:<none>

执行时段错误：*Wrong permissions for opening file /u/snow/log for append.
"Is a directory"

程式：/adm/obj/master.lpc 第 140 行
物件: /adm/obj/master
呼叫来自：/adm/obj/master.lpc 的 log_error() 第 140 行，物件： /adm/obj/master，地方:<none>

执行时段错误：*Wrong permissions for opening file /u/snow/log for append.
"Is a directory"

程式：/adm/obj/master.lpc 第 140 行
物件: /adm/obj/master
呼叫来自：/adm/obj/master.lpc 的 log_error() 第 140 行，物件： /adm/obj/master，地方:<none>

执行时段错误：*Wrong permissions for opening file /u/snow/log for append.
"Is a directory"

程式：/adm/obj/master.lpc 第 140 行
物件: /adm/obj/master
呼叫来自：/adm/obj/master.lpc 的 log_error() 第 140 行，物件： /adm/obj/master，地方:<none>

执行时段错误：*Wrong permissions for opening file /u/snow/log for append.
"Is a directory"

程式：/adm/obj/master.lpc 第 140 行
物件: /adm/obj/master
呼叫来自：/adm/obj/master.lpc 的 log_error() 第 140 行，物件： /adm/obj/master，地方:<none>

执行时段错误：*Wrong permissions for opening file /u/snow/log for append.
"Is a directory"

程式：/adm/obj/master.lpc 第 140 行
物件: /adm/obj/master
呼叫来自：/adm/obj/master.lpc 的 log_error() 第 140 行，物件： /adm/obj/master，地方:<none>

执行时段错误：*Wrong permissions for opening file /u/snow/log for append.
"Is a directory"

程式：/adm/obj/master.lpc 第 140 行
物件: /adm/obj/master
呼叫来自：/adm/obj/master.lpc 的 log_error() 第 140 行，物件： /adm/obj/master，地方:<none>

执行时段错误：*Wrong permissions for opening file /u/snow/log for append.
"Is a directory"

程式：/adm/obj/master.lpc 第 140 行
物件: /adm/obj/master
呼叫来自：/adm/obj/master.lpc 的 log_error() 第 140 行，物件： /adm/obj/master，地方:<none>

执行时段错误：*Wrong permissions for opening file /u/snow/log for append.
"Is a directory"

程式：/adm/obj/master.lpc 第 140 行
物件: /adm/obj/master
呼叫来自：/adm/obj/master.lpc 的 log_error() 第 140 行，物件： /adm/obj/master，地方:<none>

执行时段错误：*Wrong permissions for opening file /u/snow/log for append.
"Is a directory"

程式：/adm/obj/master.lpc 第 140 行
物件: /adm/obj/master
呼叫来自：/adm/obj/master.lpc 的 log_error() 第 140 行，物件： /adm/obj/master，地方:<none>

执行时段错误：*Wrong permissions for opening file /u/snow/log for append.
"Is a directory"

程式：/adm/obj/master.lpc 第 140 行
物件: /adm/obj/master
呼叫来自：/adm/obj/master.lpc 的 log_error() 第 140 行，物件： /adm/obj/master，地方:<none>

执行时段错误：*Wrong permissions for opening file /u/snow/log for append.
"Is a directory"

程式：/adm/obj/master.lpc 第 140 行
物件: /adm/obj/master
呼叫来自：/adm/obj/master.lpc 的 log_error() 第 140 行，物件： /adm/obj/master，地方:<none>

执行时段错误：*Wrong permissions for opening file /u/snow/log for append.
"Is a directory"

程式：/adm/obj/master.lpc 第 140 行
物件: /adm/obj/master
呼叫来自：/adm/obj/master.lpc 的 log_error() 第 140 行，物件： /adm/obj/master，地方:<none>

执行时段错误：*Wrong permissions for opening file /u/snow/log for append.
"Is a directory"

程式：/adm/obj/master.lpc 第 140 行
物件: /adm/obj/master
呼叫来自：/adm/obj/master.lpc 的 log_error() 第 140 行，物件： /adm/obj/master，地方:<none>

执行时段错误：*Wrong permissions for opening file /u/snow/log for append.
"Is a directory"

程式：/adm/obj/master.lpc 第 140 行
物件: /adm/obj/master
呼叫来自：/adm/obj/master.lpc 的 log_error() 第 140 行，物件： /adm/obj/master，地方:<none>

执行时段错误：*Wrong permissions for opening file /u/snow/log for append.
"Is a directory"

程式：/adm/obj/master.lpc 第 140 行
物件: /adm/obj/master
呼叫来自：/adm/obj/master.lpc 的 log_error() 第 140 行，物件： /adm/obj/master，地方:<none>

执行时段错误：*Wrong permissions for opening file /u/snow/log for append.
"Is a directory"

程式：/adm/obj/master.lpc 第 140 行
物件: /adm/obj/master
呼叫来自：/adm/obj/master.lpc 的 log_error() 第 140 行，物件： /adm/obj/master，地方:<none>

执行时段错误：*Wrong permissions for opening file /u/snow/log for append.
"Is a directory"

程式：/adm/obj/master.lpc 第 140 行
物件: /adm/obj/master
呼叫来自：/adm/obj/master.lpc 的 log_error() 第 140 行，物件： /adm/obj/master，地方:<none>

执行时段错误：*Wrong permissions for opening file /u/snow/log for append.
"Is a directory"

程式：/adm/obj/master.lpc 第 140 行
物件: /adm/obj/master
呼叫来自：/adm/obj/master.lpc 的 log_error() 第 140 行，物件： /adm/obj/master，地方:<none>

执行时段错误：*Bad argument 1 to explode()
Expected: string Got: 0.

程式：/u/fyue/questd.lpc 第 26 行
物件: /u/fyue/questd
呼叫来自：/u/fyue/questd.lpc 的 create() 第 26 行，物件： /u/fyue/questd，地方:<none>

执行时段错误：*No program in object '/u/fyue/user'!

程式：0 第 0 行
物件: /adm/obj/master

执行时段错误：*Bad argument 1 to EFUN call_other()
Expected: object, string, array,  Got: int(0).

程式：/inherit/room/room.lpc 第 23 行
物件: /u/fyue/huashan/liangong3
呼叫来自：/u/fyue/huashan/liangong3.lpc 的 create() 第 21 行，物件： /u/fyue/huashan/liangong3，地方:<none>
呼叫来自：/inherit/room/room.lpc 的 setup() 第 189 行，物件： /u/fyue/huashan/liangong3，地方:<none>
呼叫来自：/inherit/room/room.lpc 的 reset() 第 80 行，物件： /u/fyue/huashan/liangong3，地方:<none>
呼叫来自：/inherit/room/room.lpc 的 make_inventory() 第 23 行，物件： /u/fyue/huashan/liangong3，地方:<none>

执行时段错误：*Bad argument 1 to EFUN call_other()
Expected: object, string, array,  Got: int(0).

程式：/inherit/room/room.lpc 第 23 行
物件: /u/fyue/huashan/siguoya
呼叫来自：/u/fyue/huashan/siguoya.lpc 的 create() 第 23 行，物件： /u/fyue/huashan/siguoya，地方:<none>
呼叫来自：/inherit/room/room.lpc 的 setup() 第 189 行，物件： /u/fyue/huashan/siguoya，地方:<none>
呼叫来自：/inherit/room/room.lpc 的 reset() 第 71 行，物件： /u/fyue/huashan/siguoya，地方:<none>
呼叫来自：/inherit/room/room.lpc 的 make_inventory() 第 23 行，物件： /u/fyue/huashan/siguoya，地方:<none>

执行时段错误：*Bad argument 1 to EFUN call_other()
Expected: object, string, array,  Got: int(0).

程式：/inherit/room/room.lpc 第 23 行
物件: /u/fyue/huashan/qianchi
呼叫来自：/u/fyue/huashan/qianchi.lpc 的 create() 第 22 行，物件： /u/fyue/huashan/qianchi，地方:<none>
呼叫来自：/inherit/room/room.lpc 的 setup() 第 189 行，物件： /u/fyue/huashan/qianchi，地方:<none>
呼叫来自：/inherit/room/room.lpc 的 reset() 第 80 行，物件： /u/fyue/huashan/qianchi，地方:<none>
呼叫来自：/inherit/room/room.lpc 的 make_inventory() 第 23 行，物件： /u/fyue/huashan/qianchi，地方:<none>

执行时段错误：*Bad argument 1 to EFUN call_other()
Expected: object, string, array,  Got: int(0).

程式：/inherit/room/room.lpc 第 23 行
物件: /u/fyue/huashan/canglong
呼叫来自：/u/fyue/huashan/canglong.lpc 的 create() 第 29 行，物件： /u/fyue/huashan/canglong，地方:<none>
呼叫来自：/inherit/room/room.lpc 的 setup() 第 189 行，物件： /u/fyue/huashan/canglong，地方:<none>
呼叫来自：/inherit/room/room.lpc 的 reset() 第 71 行，物件： /u/fyue/huashan/canglong，地方:<none>
呼叫来自：/inherit/room/room.lpc 的 make_inventory() 第 23 行，物件： /u/fyue/huashan/canglong，地方:<none>

执行时段错误：*Bad argument 1 to EFUN call_other()
Expected: object, string, array,  Got: int(0).

程式：/inherit/room/room.lpc 第 23 行
物件: /u/fyue/huashan/laojun
呼叫来自：/u/fyue/huashan/laojun.lpc 的 create() 第 21 行，物件： /u/fyue/huashan/laojun，地方:<none>
呼叫来自：/inherit/room/room.lpc 的 setup() 第 189 行，物件： /u/fyue/huashan/laojun，地方:<none>
呼叫来自：/inherit/room/room.lpc 的 reset() 第 71 行，物件： /u/fyue/huashan/laojun，地方:<none>
呼叫来自：/inherit/room/room.lpc 的 make_inventory() 第 23 行，物件： /u/fyue/huashan/laojun，地方:<none>

执行时段错误：*Bad argument 1 to EFUN call_other()
Expected: object, string, array,  Got: int(0).

程式：/inherit/room/room.lpc 第 23 行
物件: /u/fyue/huashan/shaluo
呼叫来自：/u/fyue/huashan/shaluo.lpc 的 create() 第 22 行，物件： /u/fyue/huashan/shaluo，地方:<none>
呼叫来自：/inherit/room/room.lpc 的 setup() 第 189 行，物件： /u/fyue/huashan/shaluo，地方:<none>
呼叫来自：/inherit/room/room.lpc 的 reset() 第 80 行，物件： /u/fyue/huashan/shaluo，地方:<none>
呼叫来自：/inherit/room/room.lpc 的 make_inventory() 第 23 行，物件： /u/fyue/huashan/shaluo，地方:<none>

执行时段错误：*Bad argument 1 to EFUN call_other()
Expected: object, string, array,  Got: int(0).

程式：/inherit/room/room.lpc 第 23 行
物件: /u/fyue/huashan/buwei1
呼叫来自：/u/fyue/huashan/buwei1.lpc 的 create() 第 22 行，物件： /u/fyue/huashan/buwei1，地方:<none>
呼叫来自：/inherit/room/room.lpc 的 setup() 第 189 行，物件： /u/fyue/huashan/buwei1，地方:<none>
呼叫来自：/inherit/room/room.lpc 的 reset() 第 71 行，物件： /u/fyue/huashan/buwei1，地方:<none>
呼叫来自：/inherit/room/room.lpc 的 make_inventory() 第 23 行，物件： /u/fyue/huashan/buwei1，地方:<none>

执行时段错误：*Bad argument 1 to EFUN call_other()
Expected: object, string, array,  Got: int(0).

程式：/inherit/room/room.lpc 第 23 行
物件: /u/fyue/huashan/zhenyue
呼叫来自：/u/fyue/huashan/zhenyue.lpc 的 create() 第 22 行，物件： /u/fyue/huashan/zhenyue，地方:<none>
呼叫来自：/inherit/room/room.lpc 的 setup() 第 189 行，物件： /u/fyue/huashan/zhenyue，地方:<none>
呼叫来自：/inherit/room/room.lpc 的 reset() 第 71 行，物件： /u/fyue/huashan/zhenyue，地方:<none>
呼叫来自：/inherit/room/room.lpc 的 make_inventory() 第 23 行，物件： /u/fyue/huashan/zhenyue，地方:<none>

执行时段错误：*Bad argument 1 to EFUN call_other()
Expected: object, string, array,  Got: int(0).

程式：/inherit/room/room.lpc 第 23 行
物件: /u/fyue/huashan/liangong2
呼叫来自：/u/fyue/huashan/liangong2.lpc 的 create() 第 23 行，物件： /u/fyue/huashan/liangong2，地方:<none>
呼叫来自：/inherit/room/room.lpc 的 setup() 第 189 行，物件： /u/fyue/huashan/liangong2，地方:<none>
呼叫来自：/inherit/room/room.lpc 的 reset() 第 80 行，物件： /u/fyue/huashan/liangong2，地方:<none>
呼叫来自：/inherit/room/room.lpc 的 make_inventory() 第 23 行，物件： /u/fyue/huashan/liangong2，地方:<none>

执行时段错误：*Bad argument 1 to EFUN call_other()
Expected: object, string, array,  Got: int(0).

程式：/inherit/room/room.lpc 第 23 行
物件: /u/fyue/huashan/yunu
呼叫来自：/u/fyue/huashan/yunu.lpc 的 create() 第 25 行，物件： /u/fyue/huashan/yunu，地方:<none>
呼叫来自：/inherit/room/room.lpc 的 setup() 第 189 行，物件： /u/fyue/huashan/yunu，地方:<none>
呼叫来自：/inherit/room/room.lpc 的 reset() 第 71 行，物件： /u/fyue/huashan/yunu，地方:<none>
呼叫来自：/inherit/room/room.lpc 的 make_inventory() 第 23 行，物件： /u/fyue/huashan/yunu，地方:<none>

执行时段错误：*Bad argument 1 to EFUN call_other()
Expected: object, string, array,  Got: int(0).

程式：/inherit/room/room.lpc 第 23 行
物件: /u/fyue/huashan/yuquan
呼叫来自：/u/fyue/huashan/yuquan.lpc 的 create() 第 18 行，物件： /u/fyue/huashan/yuquan，地方:<none>
呼叫来自：/inherit/room/room.lpc 的 setup() 第 189 行，物件： /u/fyue/huashan/yuquan，地方:<none>
呼叫来自：/inherit/room/room.lpc 的 reset() 第 71 行，物件： /u/fyue/huashan/yuquan，地方:<none>
呼叫来自：/inherit/room/room.lpc 的 make_inventory() 第 23 行，物件： /u/fyue/huashan/yuquan，地方:<none>

执行时段错误：*Bad argument 1 to EFUN call_other()
Expected: object, string, array,  Got: int(0).

程式：/inherit/room/room.lpc 第 23 行
物件: /u/fyue/huashan/square
呼叫来自：/u/fyue/huashan/square.lpc 的 create() 第 24 行，物件： /u/fyue/huashan/square，地方:<none>
呼叫来自：/inherit/room/room.lpc 的 setup() 第 189 行，物件： /u/fyue/huashan/square，地方:<none>
呼叫来自：/inherit/room/room.lpc 的 reset() 第 71 行，物件： /u/fyue/huashan/square，地方:<none>
呼叫来自：/inherit/room/room.lpc 的 make_inventory() 第 23 行，物件： /u/fyue/huashan/square，地方:<none>

执行时段错误：*Bad argument 1 to EFUN call_other()
Expected: object, string, array,  Got: int(0).

程式：/inherit/room/room.lpc 第 23 行
物件: /u/fyue/huashan/xiaodian
呼叫来自：/u/fyue/huashan/xiaodian.lpc 的 create() 第 19 行，物件： /u/fyue/huashan/xiaodian，地方:<none>
呼叫来自：/inherit/room/room.lpc 的 setup() 第 189 行，物件： /u/fyue/huashan/xiaodian，地方:<none>
呼叫来自：/inherit/room/room.lpc 的 reset() 第 71 行，物件： /u/fyue/huashan/xiaodian，地方:<none>
呼叫来自：/inherit/room/room.lpc 的 make_inventory() 第 23 行，物件： /u/fyue/huashan/xiaodian，地方:<none>

执行时段错误：*No program in object '/u/fyue/huashan/map'!

程式：0 第 0 行
物件: /adm/obj/master

执行时段错误：*No program in object '/u/fyue/mjlady3'!

程式：/inherit/room/room.lpc 第 22 行
物件: /u/fyue/mjroom
呼叫来自：/u/fyue/mjroom.lpc 的 create() 第 40 行，物件： /u/fyue/mjroom，地方:<none>
呼叫来自：/inherit/room/room.lpc 的 setup() 第 189 行，物件： /u/fyue/mjroom，地方:<none>
呼叫来自：/inherit/room/room.lpc 的 reset() 第 71 行，物件： /u/fyue/mjroom，地方:<none>
呼叫来自：/inherit/room/room.lpc 的 make_inventory() 第 22 行，物件： /u/fyue/mjroom，地方:<none>

执行时段错误：*No program in object '/adm/daemons/network/ms'!

程式：0 第 0 行
物件: /adm/obj/master

执行时段错误：*No program in object '/adm/daemons/network/userid'!

程式：0 第 0 行
物件: /adm/obj/master

执行时段错误：*No program in object '/adm/daemons/network/pingtcp'!

程式：0 第 0 行
物件: /adm/obj/master

执行时段错误：*No program in object '/adm/daemons/network/mail_serv'!

程式：0 第 0 行
物件: /adm/obj/master

执行时段错误：*No program in object '/adm/daemons/network/netmail'!

程式：0 第 0 行
物件: /adm/obj/master

执行时段错误：*No program in object '/adm/daemons/network/telnetd'!

程式：0 第 0 行
物件: /adm/obj/master

执行时段错误：*No program in object '/adm/daemons/network/pingd'!

程式：0 第 0 行
物件: /adm/obj/master

执行时段错误：*No program in object '/adm/daemons/network/inetd'!

程式：0 第 0 行
物件: /adm/obj/master

执行时段错误：*No program in object '/adm/obj/simul_efun_bak'!

程式：0 第 0 行
物件: /adm/obj/master

执行时段错误：*No program in object '/adm/simul_efun/override'!

程式：0 第 0 行
物件: /adm/obj/master

执行时段错误：*No program in object '/adm/simul_efun/user'!

程式：0 第 0 行
物件: /adm/obj/master

执行时段错误：*No program in object '/meskill/skill_model_unarmed'!

程式：0 第 0 行
物件: /adm/obj/master

执行时段错误：*No program in object '/meskill/skill_model_default'!

程式：0 第 0 行
物件: /adm/obj/master

执行时段错误：*No program in object '/meskill/skill_model_weapon'!

程式：0 第 0 行
物件: /adm/obj/master

执行时段错误：*No program in object '/cmds/usr/whotest'!

程式：0 第 0 行
物件: /adm/obj/master

执行时段错误：*No program in object '/cmds/arch/recover1'!

程式：0 第 0 行
物件: /adm/obj/master

执行时段错误：*No program in object '/cmds/arch/blockade'!

程式：0 第 0 行
物件: /adm/obj/master

执行时段错误：*No program in object '/cmds/adm/recover1'!

程式：0 第 0 行
物件: /adm/obj/master

执行时段错误：*No program in object '/cmds/wiz/tail'!

程式：0 第 0 行
物件: /adm/obj/master

执行时段错误：*No program in object '/cmds/wiz/to'!

程式：0 第 0 行
物件: /adm/obj/master

执行时段错误：*No program in object '/cmds/bos/socket'!

程式：0 第 0 行
物件: /adm/obj/master

执行时段错误：*Bad argument 1 to EFUN call_other()
Expected: object, string, array,  Got: int(0).

程式：/d/npc/m_weapon/weapon/m_bian.lpc 第 26 行
物件: /d/npc/m_weapon/weapon/m_bian
呼叫来自：/d/npc/m_weapon/weapon/m_bian.lpc 的 create() 第 26 行，物件： /d/npc/m_weapon/weapon/m_bian ("[1;31m火[2;37;0m[1;33m龙[2;37;0m[1;34m鞭[2;37;0m")，地方:<none>
