

<---海洋贰: MudOs v22pre11 (by wwj,Jan  1 1999) startup on Microsoft Windows NT at Sun Dec 24 17:35:07 2000

using config file: C:\temp2\hy\config.cfg
Can't find "mudos", ignoring old binaries.
Try invoking the driver using the full pathname.
Connected to address server on localhost port 3990
]simul_efun loaded successfully.

Loading preloaded files ...
错误讯息被拦截: 
执行时段错误：*Error in loading object '/adm/daemons/securityd'

程式：adm/single/master.c 第 99 行
物件: /adm/single/master
呼叫来自：adm/single/master.c 的 preload() 第 99 行，物件： adm/single/master
呼叫来自：adm/single/master.c 的 CATCH() 第 99 行，物件： adm/single/master
错误讯息被拦截: 
执行时段错误：*Bad argument 1 to switch
Expected: int Got: "/d/npc/m_weapon/weapon/m_sword".

程式：inherit/weapon/weapon.c 第 168 行
物件: /d/npc/m_weapon/weapon/m_sword
呼叫来自：adm/single/master.c 的 preload() 第 99 行，物件： adm/single/master
呼叫来自：adm/single/master.c 的 CATCH() 第 99 行，物件： adm/single/master
呼叫来自：adm/daemons/questd.c 的 create() 第 47 行，物件： adm/daemons/questd
呼叫来自：adm/daemons/questd.c 的 init_dynamic_quest() 第 155 行，物件： adm/daemons/questd
呼叫来自：adm/daemons/questd.c 的 spread_quest() 第 193 行，物件： adm/daemons/questd
呼叫来自：d/taishan/huima.c 的 create() 第 24 行，物件： d/taishan/huima
呼叫来自：inherit/room/room.c 的 setup() 第 215 行，物件： d/taishan/huima
呼叫来自：inherit/room/room.c 的 reset() 第 66 行，物件： d/taishan/huima
呼叫来自：inherit/room/room.c 的 make_inventory() 第 20 行，物件： d/taishan/huima
呼叫来自：feature/move.c 的 move() 第 85 行，物件： d/taishan/npc/jian-ke#103 ("剑客")
呼叫来自：d/taishan/npc/jian-ke.c 的 init() 第 39 行，物件： d/taishan/npc/jian-ke#103 ("剑客")
呼叫来自：d/taishan/fengchan.c 的 create() 第 27 行，物件： d/taishan/fengchan
呼叫来自：inherit/room/room.c 的 setup() 第 215 行，物件： d/taishan/fengchan
呼叫来自：inherit/room/room.c 的 reset() 第 66 行，物件： d/taishan/fengchan
呼叫来自：inherit/room/room.c 的 make_inventory() 第 19 行，物件： d/taishan/fengchan
呼叫来自：clone/npc/meng-zhu.c 的 create() 第 73 行，物件： clone/npc/meng-zhu ("翱天鸣")
呼叫来自：inherit/char/npc.c 的 carry_object() 第 12 行，物件： clone/npc/meng-zhu ("翱天鸣")
呼叫来自：d/npc/m_weapon/weapon/m_sword.c 的 create() 第 41 行，物件： d/npc/m_weapon/weapon/m_sword ("/d/npc/m_weapon/weapon/m_sword")
呼叫来自：inherit/weapon/weapon.c 的 set_desc() 第 168 行，物件： d/npc/m_weapon/weapon/m_sword ("/d/npc/m_weapon/weapon/m_sword")
Initializations complete.

Accepting connections on port 5555.
Initializing internal tables....

<---海洋贰: MudOs v22pre11 (by wwj,Jan  1 1999) startup on Microsoft Windows NT at Wed Dec 29 22:40:08 2004

using config file: F:\hy\config.cfg
Can't find "mudos", ignoring old binaries.
Try invoking the driver using the full pathname.
Connected to address server on localhost port 3990
]simul_efun loaded successfully.

Loading preloaded files ...
错误讯息被拦截: 
执行时段错误：*Error in loading object '/adm/daemons/securityd'

程式：adm/single/master.c 第 99 行
物件: /adm/single/master
呼叫来自：adm/single/master.c 的 preload() 第 99 行，物件： adm/single/master
呼叫来自：adm/single/master.c 的 CATCH() 第 99 行，物件： adm/single/master
Initializations complete.

Accepting connections on port 5555.
Initializing internal tables....
][1;31m【系统】千堆雪(Lywin)：断线了。
[2;37;0m
<---海洋贰: MudOs v22pre11 (by wwj,Jan  1 1999) startup on Microsoft Windows NT at Thu Dec 30 09:04:12 2004

using config file: F:\hy\config.cfg
Can't find "mudos", ignoring old binaries.
Try invoking the driver using the full pathname.
Connected to address server on localhost port 3990
]simul_efun loaded successfully.

Loading preloaded files ...
错误讯息被拦截: 
执行时段错误：*Error in loading object '/adm/daemons/securityd'

程式：adm/single/master.c 第 99 行
物件: /adm/single/master
呼叫来自：adm/single/master.c 的 preload() 第 99 行，物件： adm/single/master
呼叫来自：adm/single/master.c 的 CATCH() 第 99 行，物件： adm/single/master
错误讯息被拦截: 
执行时段错误：*Bad argument 1 to switch
Expected: int Got: "/d/npc/m_weapon/weapon/m_sword".

程式：inherit/weapon/weapon.c 第 168 行
物件: /d/npc/m_weapon/weapon/m_sword
呼叫来自：adm/single/master.c 的 preload() 第 99 行，物件： adm/single/master
呼叫来自：adm/single/master.c 的 CATCH() 第 99 行，物件： adm/single/master
呼叫来自：adm/daemons/questd.c 的 create() 第 47 行，物件： adm/daemons/questd
呼叫来自：adm/daemons/questd.c 的 init_dynamic_quest() 第 155 行，物件： adm/daemons/questd
呼叫来自：adm/daemons/questd.c 的 spread_quest() 第 193 行，物件： adm/daemons/questd
呼叫来自：d/taishan/fengchan.c 的 create() 第 27 行，物件： d/taishan/fengchan
呼叫来自：inherit/room/room.c 的 setup() 第 215 行，物件： d/taishan/fengchan
呼叫来自：inherit/room/room.c 的 reset() 第 66 行，物件： d/taishan/fengchan
呼叫来自：inherit/room/room.c 的 make_inventory() 第 19 行，物件： d/taishan/fengchan
呼叫来自：clone/npc/meng-zhu.c 的 create() 第 73 行，物件： clone/npc/meng-zhu ("翱天鸣")
呼叫来自：inherit/char/npc.c 的 carry_object() 第 12 行，物件： clone/npc/meng-zhu ("翱天鸣")
呼叫来自：d/npc/m_weapon/weapon/m_sword.c 的 create() 第 41 行，物件： d/npc/m_weapon/weapon/m_sword ("/d/npc/m_weapon/weapon/m_sword")
呼叫来自：inherit/weapon/weapon.c 的 set_desc() 第 168 行，物件： d/npc/m_weapon/weapon/m_sword ("/d/npc/m_weapon/weapon/m_sword")
Initializations complete.

Accepting connections on port 5555.

执行时段错误：*Bad argument 1 to call_other()
Expected: string or array or object Got: 0.

程式：feature/damage.c 第 283 行
物件: /clone/npc/meng-zhu
呼叫来自：inherit/char/char.c 的 heart_beat() 第 112 行，物件： clone/npc/meng-zhu ("翱天鸣")
呼叫来自：feature/damage.c 的 heal_up() 第 283 行，物件： clone/npc/meng-zhu ("翱天鸣")
Heart beat in clone/npc/meng-zhu turned off.

执行时段错误：*Bad argument 1 to switch
Expected: int Got: "/d/npc/m_weapon/weapon/m_sword".

程式：inherit/weapon/weapon.c 第 168 行
物件: /d/npc/m_weapon/weapon/m_sword#327
呼叫来自：inherit/room/room.c 的 reset() 第 66 行，物件： d/taishan/fengchan
呼叫来自：inherit/room/room.c 的 make_inventory() 第 19 行，物件： d/taishan/fengchan
呼叫来自：clone/npc/meng-zhu.c 的 create() 第 73 行，物件： clone/npc/meng-zhu#326 ("翱天鸣")
呼叫来自：inherit/char/npc.c 的 carry_object() 第 12 行，物件： clone/npc/meng-zhu#326 ("翱天鸣")
呼叫来自：d/npc/m_weapon/weapon/m_sword.c 的 create() 第 41 行，物件： d/npc/m_weapon/weapon/m_sword#327 ("/d/npc/m_weapon/weapon/m_sword")
呼叫来自：inherit/weapon/weapon.c 的 set_desc() 第 168 行，物件： d/npc/m_weapon/weapon/m_sword#327 ("/d/npc/m_weapon/weapon/m_sword")
Initializing internal tables....
][1;31m【系统】千堆雪(Lywin)：断线了。
[2;37;0m
<---海洋贰: MudOs v22pre11 (by wwj,Jan  1 1999) startup on Microsoft Windows NT at Thu Dec 30 09:37:15 2004

using config file: F:\hy\config.cfg
Can't find "mudos", ignoring old binaries.
Try invoking the driver using the full pathname.
Connected to address server on localhost port 3990
]simul_efun loaded successfully.

Loading preloaded files ...
错误讯息被拦截: 
执行时段错误：*Error in loading object '/adm/daemons/securityd'

程式：adm/single/master.c 第 99 行
物件: /adm/single/master
呼叫来自：adm/single/master.c 的 preload() 第 99 行，物件： adm/single/master
呼叫来自：adm/single/master.c 的 CATCH() 第 99 行，物件： adm/single/master
Initializations complete.

Accepting connections on port 5555.
Initializing internal tables....

<---海洋贰: MudOs v22pre11 (by wwj,Jan  1 1999) startup on Microsoft Windows NT at Thu Dec 30 09:56:59 2004

using config file: F:\hy\config.cfg
Can't find "mudos", ignoring old binaries.
Try invoking the driver using the full pathname.
Connected to address server on localhost port 3990
]simul_efun loaded successfully.

Loading preloaded files ...
错误讯息被拦截: 
执行时段错误：*Error in loading object '/adm/daemons/securityd'

程式：adm/single/master.c 第 99 行
物件: /adm/single/master
呼叫来自：adm/single/master.c 的 preload() 第 99 行，物件： adm/single/master
呼叫来自：adm/single/master.c 的 CATCH() 第 99 行，物件： adm/single/master
Initializations complete.

Accepting connections on port 5555.

执行时段错误：*Error in loading object '/cmds/adm/full'

程式：feature/command.c 第 63 行
物件: /clone/user/user#169
呼叫来自：feature/command.c 的 command_hook() 第 63 行，物件： clone/user/user#169 ("千堆雪")
Initializing internal tables....
][1;31m【系统】千堆雪(Lywin)：断线了。
[2;37;0m
<---海洋贰: MudOs v22pre11 (by wwj,Jan  1 1999) startup on Microsoft Windows NT at Thu Dec 30 10:46:19 2004

using config file: F:\hy\config.cfg
Can't find "mudos", ignoring old binaries.
Try invoking the driver using the full pathname.
Connected to address server on localhost port 3990
]simul_efun loaded successfully.

Loading preloaded files ...
错误讯息被拦截: 
执行时段错误：*Error in loading object '/adm/daemons/securityd'

程式：adm/single/master.c 第 99 行
物件: /adm/single/master
呼叫来自：adm/single/master.c 的 preload() 第 99 行，物件： adm/single/master
呼叫来自：adm/single/master.c 的 CATCH() 第 99 行，物件： adm/single/master
错误讯息被拦截: 
执行时段错误：*Bad argument 1 to switch
Expected: int Got: "/d/npc/m_weapon/weapon/m_sword".

程式：inherit/weapon/weapon.c 第 168 行
物件: /d/npc/m_weapon/weapon/m_sword
呼叫来自：adm/single/master.c 的 preload() 第 99 行，物件： adm/single/master
呼叫来自：adm/single/master.c 的 CATCH() 第 99 行，物件： adm/single/master
呼叫来自：adm/daemons/questd.c 的 create() 第 47 行，物件： adm/daemons/questd
呼叫来自：adm/daemons/questd.c 的 init_dynamic_quest() 第 155 行，物件： adm/daemons/questd
呼叫来自：adm/daemons/questd.c 的 spread_quest() 第 193 行，物件： adm/daemons/questd
呼叫来自：d/taishan/zhangren.c 的 create() 第 23 行，物件： d/taishan/zhangren
呼叫来自：inherit/room/room.c 的 setup() 第 215 行，物件： d/taishan/zhangren
呼叫来自：inherit/room/room.c 的 reset() 第 77 行，物件： d/taishan/zhangren
呼叫来自：inherit/room/room.c 的 make_inventory() 第 20 行，物件： d/taishan/zhangren
呼叫来自：feature/move.c 的 move() 第 85 行，物件： d/taishan/npc/wei-shi1#184 ("白衣武士")
呼叫来自：d/taishan/npc/wei-shi1.c 的 init() 第 53 行，物件： d/taishan/npc/wei-shi1#184 ("白衣武士")
呼叫来自：clone/npc/meng-zhu.c 的 create() 第 73 行，物件： clone/npc/meng-zhu ("翱天鸣")
呼叫来自：inherit/char/npc.c 的 carry_object() 第 12 行，物件： clone/npc/meng-zhu ("翱天鸣")
呼叫来自：d/npc/m_weapon/weapon/m_sword.c 的 create() 第 41 行，物件： d/npc/m_weapon/weapon/m_sword ("/d/npc/m_weapon/weapon/m_sword")
呼叫来自：inherit/weapon/weapon.c 的 set_desc() 第 168 行，物件： d/npc/m_weapon/weapon/m_sword ("/d/npc/m_weapon/weapon/m_sword")
Initializations complete.

Accepting connections on port 5555.

执行时段错误：*Error in loading object '/cmds/adm/full'

程式：feature/command.c 第 63 行
物件: /clone/user/user#188
呼叫来自：feature/command.c 的 command_hook() 第 63 行，物件： clone/user/user#188 ("千堆雪")
][1;31m【系统】千堆雪(Lywin)：断线了。
[2;37;0m
执行时段错误：*Bad argument 1 to call_other()
Expected: string or array or object Got: 0.

程式：feature/damage.c 第 283 行
物件: /clone/npc/meng-zhu
呼叫来自：inherit/char/char.c 的 heart_beat() 第 112 行，物件： clone/npc/meng-zhu ("翱天鸣")
呼叫来自：feature/damage.c 的 heal_up() 第 283 行，物件： clone/npc/meng-zhu ("翱天鸣")
Heart beat in clone/npc/meng-zhu turned off.

执行时段错误：*Bad argument 1 to call_other()
Expected: string or array or object Got: 0.

程式：inherit/room/room.c 第 20 行
物件: /d/city/leitai
呼叫来自：inherit/char/char.c 的 heart_beat() 第 99 行，物件： d/city/npc/xunbu#395 ("紫云巡捕")
呼叫来自：inherit/char/npc.c 的 chat() 第 104 行，物件： d/city/npc/xunbu#395 ("紫云巡捕")
呼叫来自：<function> 的 <function>() 第 0 行，物件： d/city/npc/xunbu#395 ("紫云巡捕")
呼叫来自：inherit/char/npc.c 的 random_move() 第 118 行，物件： d/city/npc/xunbu#395 ("紫云巡捕")
呼叫来自：feature/command.c 的 command_hook() 第 63 行，物件： d/city/npc/xunbu#395 ("紫云巡捕")
呼叫来自：cmds/std/go.c 的 main() 第 108 行，物件： cmds/std/go
呼叫来自：d/city/leitai.c 的 create() 第 33 行，物件： d/city/leitai
呼叫来自：inherit/room/room.c 的 setup() 第 215 行，物件： d/city/leitai
呼叫来自：inherit/room/room.c 的 reset() 第 66 行，物件： d/city/leitai
呼叫来自：inherit/room/room.c 的 make_inventory() 第 20 行，物件： d/city/leitai
Heart beat in d/city/npc/xunbu#395 turned off.

执行时段错误：*Bad argument 1 to call_other()
Expected: string or array or object Got: 0.

程式：feature/damage.c 第 283 行
物件: /clone/npc/shang-shan
呼叫来自：inherit/char/char.c 的 heart_beat() 第 112 行，物件： clone/npc/shang-shan ("琪琪")
呼叫来自：feature/damage.c 的 heal_up() 第 283 行，物件： clone/npc/shang-shan ("琪琪")
Heart beat in clone/npc/shang-shan turned off.

执行时段错误：*Bad argument 1 to call_other()
Expected: string or array or object Got: 0.

程式：feature/damage.c 第 283 行
物件: /clone/npc/fa-e
呼叫来自：inherit/char/char.c 的 heart_beat() 第 112 行，物件： clone/npc/fa-e ("银票")
呼叫来自：feature/damage.c 的 heal_up() 第 283 行，物件： clone/npc/fa-e ("银票")
Heart beat in clone/npc/fa-e turned off.

执行时段错误：*Bad argument 1 to switch
Expected: int Got: "/d/npc/m_weapon/weapon/m_sword".

程式：inherit/weapon/weapon.c 第 168 行
物件: /d/npc/m_weapon/weapon/m_sword#911
呼叫来自：adm/daemons/cron.c 的 countdown() 第 98 行，物件： adm/daemons/cron
呼叫来自：adm/daemons/questd.c 的 init_dynamic_quest() 第 155 行，物件： adm/daemons/questd
呼叫来自：adm/daemons/questd.c 的 spread_quest() 第 193 行，物件： adm/daemons/questd
呼叫来自：d/city3/northroad3.c 的 create() 第 24 行，物件： d/city3/northroad3
呼叫来自：inherit/room/room.c 的 setup() 第 215 行，物件： d/city3/northroad3
呼叫来自：inherit/room/room.c 的 reset() 第 77 行，物件： d/city3/northroad3
呼叫来自：inherit/room/room.c 的 make_inventory() 第 20 行，物件： d/city3/northroad3
呼叫来自：feature/move.c 的 move() 第 85 行，物件： d/huashan/npc/haoke#896 ("江湖豪客")
呼叫来自：d/taishan/npc/jian-ke.c 的 init() 第 39 行，物件： d/taishan/npc/jian-ke#891 ("剑客")
呼叫来自：d/taishan/fengchan.c 的 create() 第 27 行，物件： d/taishan/fengchan
呼叫来自：inherit/room/room.c 的 setup() 第 215 行，物件： d/taishan/fengchan
呼叫来自：inherit/room/room.c 的 reset() 第 66 行，物件： d/taishan/fengchan
呼叫来自：inherit/room/room.c 的 make_inventory() 第 19 行，物件： d/taishan/fengchan
呼叫来自：clone/npc/meng-zhu.c 的 create() 第 73 行，物件： clone/npc/meng-zhu#910 ("翱天鸣")
呼叫来自：inherit/char/npc.c 的 carry_object() 第 12 行，物件： clone/npc/meng-zhu#910 ("翱天鸣")
呼叫来自：d/npc/m_weapon/weapon/m_sword.c 的 create() 第 41 行，物件： d/npc/m_weapon/weapon/m_sword#911 ("/d/npc/m_weapon/weapon/m_sword")
呼叫来自：inherit/weapon/weapon.c 的 set_desc() 第 168 行，物件： d/npc/m_weapon/weapon/m_sword#911 ("/d/npc/m_weapon/weapon/m_sword")

执行时段错误：*Bad argument 1 to call_other()
Expected: string or array or object Got: 0.

程式：feature/damage.c 第 283 行
物件: /clone/npc/meng-zhu#910
呼叫来自：inherit/char/char.c 的 heart_beat() 第 112 行，物件： clone/npc/meng-zhu#910 ("翱天鸣")
呼叫来自：feature/damage.c 的 heal_up() 第 283 行，物件： clone/npc/meng-zhu#910 ("翱天鸣")
Heart beat in clone/npc/meng-zhu#910 turned off.

执行时段错误：*Bad argument 1 to call_other()
Expected: string or array or object Got: 0.

程式：inherit/room/room.c 第 20 行
物件: /d/city/leitai
呼叫来自：inherit/room/room.c 的 reset() 第 66 行，物件： d/city/leitai
呼叫来自：inherit/room/room.c 的 make_inventory() 第 20 行，物件： d/city/leitai
Initializing internal tables....

<---海洋贰: MudOs v22pre11 (by wwj,Jan  1 1999) startup on Microsoft Windows NT at Fri Dec 31 21:05:39 2004

using config file: F:\hy\config.cfg
Can't find "mudos", ignoring old binaries.
Try invoking the driver using the full pathname.
Connected to address server on localhost port 3990
]simul_efun loaded successfully.

Loading preloaded files ...
错误讯息被拦截: 
执行时段错误：*Error in loading object '/adm/daemons/securityd'

程式：adm/single/master.c 第 99 行
物件: /adm/single/master
呼叫来自：adm/single/master.c 的 preload() 第 99 行，物件： adm/single/master
呼叫来自：adm/single/master.c 的 CATCH() 第 99 行，物件： adm/single/master
Initializations complete.

Accepting connections on port 5555.

执行时段错误：*Bad argument 1 to switch
Expected: int Got: "/d/npc/m_weapon/weapon/m_sword".

程式：inherit/weapon/weapon.c 第 168 行
物件: /d/npc/m_weapon/weapon/m_sword
呼叫来自：inherit/char/char.c 的 heart_beat() 第 99 行，物件： d/city3/npc/xiaozei#87 ("小贼")
呼叫来自：inherit/char/npc.c 的 chat() 第 104 行，物件： d/city3/npc/xiaozei#87 ("小贼")
呼叫来自：<function> 的 <function>() 第 0 行，物件： d/city3/npc/xiaozei#87 ("小贼")
呼叫来自：inherit/char/npc.c 的 random_move() 第 118 行，物件： d/city3/npc/xiaozei#87 ("小贼")
呼叫来自：feature/command.c 的 command_hook() 第 63 行，物件： d/city3/npc/xiaozei#87 ("小贼")
呼叫来自：cmds/std/go.c 的 main() 第 108 行，物件： cmds/std/go
呼叫来自：d/city3/northroad3.c 的 create() 第 24 行，物件： d/city3/northroad3
呼叫来自：inherit/room/room.c 的 setup() 第 215 行，物件： d/city3/northroad3
呼叫来自：inherit/room/room.c 的 reset() 第 66 行，物件： d/city3/northroad3
呼叫来自：inherit/room/room.c 的 make_inventory() 第 20 行，物件： d/city3/northroad3
呼叫来自：feature/move.c 的 move() 第 85 行，物件： d/taishan/npc/jian-ke#228 ("剑客")
呼叫来自：d/taishan/npc/jian-ke.c 的 init() 第 39 行，物件： d/taishan/npc/jian-ke#228 ("剑客")
呼叫来自：d/taishan/fengchan.c 的 create() 第 27 行，物件： d/taishan/fengchan
呼叫来自：inherit/room/room.c 的 setup() 第 215 行，物件： d/taishan/fengchan
呼叫来自：inherit/room/room.c 的 reset() 第 77 行，物件： d/taishan/fengchan
呼叫来自：inherit/room/room.c 的 make_inventory() 第 20 行，物件： d/taishan/fengchan
呼叫来自：feature/move.c 的 move() 第 85 行，物件： d/taishan/npc/wei-shi1#237 ("白衣武士")
呼叫来自：d/taishan/npc/wei-shi1.c 的 init() 第 53 行，物件： d/taishan/npc/wei-shi1#237 ("白衣武士")
呼叫来自：clone/npc/meng-zhu.c 的 create() 第 73 行，物件： clone/npc/meng-zhu ("翱天鸣")
呼叫来自：inherit/char/npc.c 的 carry_object() 第 12 行，物件： clone/npc/meng-zhu ("翱天鸣")
呼叫来自：d/npc/m_weapon/weapon/m_sword.c 的 create() 第 41 行，物件： d/npc/m_weapon/weapon/m_sword ("/d/npc/m_weapon/weapon/m_sword")
呼叫来自：inherit/weapon/weapon.c 的 set_desc() 第 168 行，物件： d/npc/m_weapon/weapon/m_sword ("/d/npc/m_weapon/weapon/m_sword")
Heart beat in d/city3/npc/xiaozei#87 turned off.

执行时段错误：*Bad argument 1 to call_other()
Expected: string or array or object Got: 0.

程式：feature/damage.c 第 283 行
物件: /clone/npc/meng-zhu
呼叫来自：inherit/char/char.c 的 heart_beat() 第 112 行，物件： clone/npc/meng-zhu ("翱天鸣")
呼叫来自：feature/damage.c 的 heal_up() 第 283 行，物件： clone/npc/meng-zhu ("翱天鸣")
Heart beat in clone/npc/meng-zhu turned off.

执行时段错误：*Bad argument 1 to call_other()
Expected: string or array or object Got: 0.

程式：inherit/room/room.c 第 20 行
物件: /d/city/zxlpath
呼叫来自：inherit/char/char.c 的 heart_beat() 第 99 行，物件： d/city/npc/xunbu#302 ("慕容巡捕")
呼叫来自：inherit/char/npc.c 的 chat() 第 104 行，物件： d/city/npc/xunbu#302 ("慕容巡捕")
呼叫来自：<function> 的 <function>() 第 0 行，物件： d/city/npc/xunbu#302 ("慕容巡捕")
呼叫来自：inherit/char/npc.c 的 random_move() 第 118 行，物件： d/city/npc/xunbu#302 ("慕容巡捕")
呼叫来自：feature/command.c 的 command_hook() 第 63 行，物件： d/city/npc/xunbu#302 ("慕容巡捕")
呼叫来自：cmds/std/go.c 的 main() 第 108 行，物件： cmds/std/go
呼叫来自：d/city/zxlpath.c 的 create() 第 26 行，物件： d/city/zxlpath
呼叫来自：inherit/room/room.c 的 setup() 第 215 行，物件： d/city/zxlpath
呼叫来自：inherit/room/room.c 的 reset() 第 66 行，物件： d/city/zxlpath
呼叫来自：inherit/room/room.c 的 make_inventory() 第 20 行，物件： d/city/zxlpath
Heart beat in d/city/npc/xunbu#302 turned off.
Initializing internal tables....

<---海洋贰: MudOs v22pre11 (by wwj,Jan  1 1999) startup on Microsoft Windows NT at Fri Dec 31 22:02:33 2004

using config file: F:\hy\config.cfg
Can't find "mudos", ignoring old binaries.
Try invoking the driver using the full pathname.
Connected to address server on localhost port 3990
]simul_efun loaded successfully.

Loading preloaded files ...
错误讯息被拦截: 
执行时段错误：*Error in loading object '/adm/daemons/securityd'

程式：adm/single/master.c 第 99 行
物件: /adm/single/master
呼叫来自：adm/single/master.c 的 preload() 第 99 行，物件： adm/single/master
呼叫来自：adm/single/master.c 的 CATCH() 第 99 行，物件： adm/single/master
错误讯息被拦截: 
执行时段错误：*Bad argument 1 to switch
Expected: int Got: "/d/npc/m_weapon/weapon/m_sword".

程式：inherit/weapon/weapon.c 第 168 行
物件: /d/npc/m_weapon/weapon/m_sword
呼叫来自：adm/single/master.c 的 preload() 第 99 行，物件： adm/single/master
呼叫来自：adm/single/master.c 的 CATCH() 第 99 行，物件： adm/single/master
呼叫来自：adm/daemons/questd.c 的 create() 第 47 行，物件： adm/daemons/questd
呼叫来自：adm/daemons/questd.c 的 init_dynamic_quest() 第 155 行，物件： adm/daemons/questd
呼叫来自：adm/daemons/questd.c 的 spread_quest() 第 193 行，物件： adm/daemons/questd
呼叫来自：d/taishan/fengchan.c 的 create() 第 27 行，物件： d/taishan/fengchan
呼叫来自：inherit/room/room.c 的 setup() 第 215 行，物件： d/taishan/fengchan
呼叫来自：inherit/room/room.c 的 reset() 第 77 行，物件： d/taishan/fengchan
呼叫来自：inherit/room/room.c 的 make_inventory() 第 20 行，物件： d/taishan/fengchan
呼叫来自：feature/move.c 的 move() 第 85 行，物件： d/taishan/npc/wei-shi1#40 ("白衣武士")
呼叫来自：d/taishan/npc/wei-shi1.c 的 init() 第 53 行，物件： d/taishan/npc/wei-shi1#40 ("白衣武士")
呼叫来自：clone/npc/meng-zhu.c 的 create() 第 73 行，物件： clone/npc/meng-zhu ("翱天鸣")
呼叫来自：inherit/char/npc.c 的 carry_object() 第 12 行，物件： clone/npc/meng-zhu ("翱天鸣")
呼叫来自：d/npc/m_weapon/weapon/m_sword.c 的 create() 第 41 行，物件： d/npc/m_weapon/weapon/m_sword ("/d/npc/m_weapon/weapon/m_sword")
呼叫来自：inherit/weapon/weapon.c 的 set_desc() 第 168 行，物件： d/npc/m_weapon/weapon/m_sword ("/d/npc/m_weapon/weapon/m_sword")
Initializations complete.

Accepting connections on port 5555.

执行时段错误：*Bad argument 1 to call_other()
Expected: string or array or object Got: 0.

程式：feature/damage.c 第 283 行
物件: /clone/npc/meng-zhu
呼叫来自：inherit/char/char.c 的 heart_beat() 第 112 行，物件： clone/npc/meng-zhu ("翱天鸣")
呼叫来自：feature/damage.c 的 heal_up() 第 283 行，物件： clone/npc/meng-zhu ("翱天鸣")
Heart beat in clone/npc/meng-zhu turned off.
Initializing internal tables....
][1;31m【系统】千堆雪(Lywin)：断线了。
[2;37;0m
<---海洋贰: MudOs v22pre11 (by wwj,Jan  1 1999) startup on Microsoft Windows NT at Sat Jan 01 09:26:57 2005

using config file: F:\hy\config.cfg
Can't find "mudos", ignoring old binaries.
Try invoking the driver using the full pathname.
Connected to address server on localhost port 3990
]simul_efun loaded successfully.

Loading preloaded files ...
错误讯息被拦截: 
执行时段错误：*Error in loading object '/adm/daemons/securityd'

程式：adm/single/master.c 第 99 行
物件: /adm/single/master
呼叫来自：adm/single/master.c 的 preload() 第 99 行，物件： adm/single/master
呼叫来自：adm/single/master.c 的 CATCH() 第 99 行，物件： adm/single/master
错误讯息被拦截: 
执行时段错误：*Bad argument 1 to switch
Expected: int Got: "/d/npc/m_weapon/weapon/m_sword".

程式：inherit/weapon/weapon.c 第 168 行
物件: /d/npc/m_weapon/weapon/m_sword
呼叫来自：adm/single/master.c 的 preload() 第 99 行，物件： adm/single/master
呼叫来自：adm/single/master.c 的 CATCH() 第 99 行，物件： adm/single/master
呼叫来自：adm/daemons/questd.c 的 create() 第 47 行，物件： adm/daemons/questd
呼叫来自：adm/daemons/questd.c 的 init_dynamic_quest() 第 155 行，物件： adm/daemons/questd
呼叫来自：adm/daemons/questd.c 的 spread_quest() 第 193 行，物件： adm/daemons/questd
呼叫来自：d/taishan/yuhuang.c 的 create() 第 26 行，物件： d/taishan/yuhuang
呼叫来自：inherit/room/room.c 的 setup() 第 215 行，物件： d/taishan/yuhuang
呼叫来自：inherit/room/room.c 的 reset() 第 77 行，物件： d/taishan/yuhuang
呼叫来自：inherit/room/room.c 的 make_inventory() 第 20 行，物件： d/taishan/yuhuang
呼叫来自：feature/move.c 的 move() 第 85 行，物件： d/taishan/npc/wei-shi2#24 ("红衣武士")
呼叫来自：d/taishan/npc/wei-shi2.c 的 init() 第 53 行，物件： d/taishan/npc/wei-shi2#24 ("红衣武士")
呼叫来自：clone/npc/meng-zhu.c 的 create() 第 73 行，物件： clone/npc/meng-zhu ("翱天鸣")
呼叫来自：inherit/char/npc.c 的 carry_object() 第 12 行，物件： clone/npc/meng-zhu ("翱天鸣")
呼叫来自：d/npc/m_weapon/weapon/m_sword.c 的 create() 第 41 行，物件： d/npc/m_weapon/weapon/m_sword ("/d/npc/m_weapon/weapon/m_sword")
呼叫来自：inherit/weapon/weapon.c 的 set_desc() 第 168 行，物件： d/npc/m_weapon/weapon/m_sword ("/d/npc/m_weapon/weapon/m_sword")
Initializations complete.

Accepting connections on port 5555.

执行时段错误：*Bad argument 1 to call_other()
Expected: string or array or object Got: 0.

程式：feature/damage.c 第 283 行
物件: /clone/npc/meng-zhu
呼叫来自：inherit/char/char.c 的 heart_beat() 第 112 行，物件： clone/npc/meng-zhu ("翱天鸣")
呼叫来自：feature/damage.c 的 heal_up() 第 283 行，物件： clone/npc/meng-zhu ("翱天鸣")
Heart beat in clone/npc/meng-zhu turned off.

执行时段错误：*Bad argument 1 to switch
Expected: int Got: "/d/npc/m_weapon/weapon/m_sword".

程式：inherit/weapon/weapon.c 第 168 行
物件: /d/npc/m_weapon/weapon/m_sword#297
呼叫来自：adm/daemons/cron.c 的 init_cron() 第 55 行，物件： adm/daemons/cron
呼叫来自：adm/daemons/questd.c 的 init_dynamic_quest() 第 155 行，物件： adm/daemons/questd
呼叫来自：adm/daemons/questd.c 的 spread_quest() 第 193 行，物件： adm/daemons/questd
呼叫来自：d/city3/southroad3.c 的 create() 第 26 行，物件： d/city3/southroad3
呼叫来自：inherit/room/room.c 的 setup() 第 215 行，物件： d/city3/southroad3
呼叫来自：inherit/room/room.c 的 reset() 第 77 行，物件： d/city3/southroad3
呼叫来自：inherit/room/room.c 的 make_inventory() 第 20 行，物件： d/city3/southroad3
呼叫来自：feature/move.c 的 move() 第 85 行，物件： d/taishan/npc/jian-ke#276 ("剑客")
呼叫来自：d/taishan/npc/jian-ke.c 的 init() 第 39 行，物件： d/taishan/npc/jian-ke#276 ("剑客")
呼叫来自：d/taishan/fengchan.c 的 create() 第 27 行，物件： d/taishan/fengchan
呼叫来自：inherit/room/room.c 的 setup() 第 215 行，物件： d/taishan/fengchan
呼叫来自：inherit/room/room.c 的 reset() 第 66 行，物件： d/taishan/fengchan
呼叫来自：inherit/room/room.c 的 make_inventory() 第 19 行，物件： d/taishan/fengchan
呼叫来自：clone/npc/meng-zhu.c 的 create() 第 73 行，物件： clone/npc/meng-zhu#296 ("翱天鸣")
呼叫来自：inherit/char/npc.c 的 carry_object() 第 12 行，物件： clone/npc/meng-zhu#296 ("翱天鸣")
呼叫来自：d/npc/m_weapon/weapon/m_sword.c 的 create() 第 41 行，物件： d/npc/m_weapon/weapon/m_sword#297 ("/d/npc/m_weapon/weapon/m_sword")
呼叫来自：inherit/weapon/weapon.c 的 set_desc() 第 168 行，物件： d/npc/m_weapon/weapon/m_sword#297 ("/d/npc/m_weapon/weapon/m_sword")

执行时段错误：*Bad argument 1 to call_other()
Expected: string or array or object Got: 0.

程式：feature/damage.c 第 283 行
物件: /clone/npc/meng-zhu#296
呼叫来自：inherit/char/char.c 的 heart_beat() 第 112 行，物件： clone/npc/meng-zhu#296 ("翱天鸣")
呼叫来自：feature/damage.c 的 heal_up() 第 283 行，物件： clone/npc/meng-zhu#296 ("翱天鸣")
Heart beat in clone/npc/meng-zhu#296 turned off.

执行时段错误：*Bad argument 1 to call_other()
Expected: string or array or object Got: 0.

程式：feature/damage.c 第 283 行
物件: /clone/npc/fa-e
呼叫来自：inherit/char/char.c 的 heart_beat() 第 112 行，物件： clone/npc/fa-e ("银票")
呼叫来自：feature/damage.c 的 heal_up() 第 283 行，物件： clone/npc/fa-e ("银票")
Heart beat in clone/npc/fa-e turned off.

执行时段错误：*Bad argument 1 to call_other()
Expected: string or array or object Got: 0.

程式：feature/damage.c 第 283 行
物件: /clone/npc/shang-shan
呼叫来自：inherit/char/char.c 的 heart_beat() 第 112 行，物件： clone/npc/shang-shan ("琪琪")
呼叫来自：feature/damage.c 的 heal_up() 第 283 行，物件： clone/npc/shang-shan ("琪琪")
Heart beat in clone/npc/shang-shan turned off.

执行时段错误：*Bad argument 1 to switch
Expected: int Got: "/d/npc/m_weapon/weapon/m_sword".

程式：inherit/weapon/weapon.c 第 168 行
物件: /d/npc/m_weapon/weapon/m_sword#741
呼叫来自：inherit/room/room.c 的 reset() 第 66 行，物件： d/taishan/fengchan
呼叫来自：inherit/room/room.c 的 make_inventory() 第 19 行，物件： d/taishan/fengchan
呼叫来自：clone/npc/meng-zhu.c 的 create() 第 73 行，物件： clone/npc/meng-zhu#740 ("翱天鸣")
呼叫来自：inherit/char/npc.c 的 carry_object() 第 12 行，物件： clone/npc/meng-zhu#740 ("翱天鸣")
呼叫来自：d/npc/m_weapon/weapon/m_sword.c 的 create() 第 41 行，物件： d/npc/m_weapon/weapon/m_sword#741 ("/d/npc/m_weapon/weapon/m_sword")
呼叫来自：inherit/weapon/weapon.c 的 set_desc() 第 168 行，物件： d/npc/m_weapon/weapon/m_sword#741 ("/d/npc/m_weapon/weapon/m_sword")

执行时段错误：*Bad argument 1 to call_other()
Expected: string or array or object Got: 0.

程式：feature/damage.c 第 283 行
物件: /clone/npc/meng-zhu#740
呼叫来自：inherit/char/char.c 的 heart_beat() 第 112 行，物件： clone/npc/meng-zhu#740 ("翱天鸣")
呼叫来自：feature/damage.c 的 heal_up() 第 283 行，物件： clone/npc/meng-zhu#740 ("翱天鸣")
Heart beat in clone/npc/meng-zhu#740 turned off.

执行时段错误：*Bad argument 1 to call_other()
Expected: string or array or object Got: 0.

程式：inherit/room/room.c 第 20 行
物件: /d/city/leitai
呼叫来自：inherit/char/char.c 的 heart_beat() 第 99 行，物件： d/city/npc/xunbu#921 ("紫云巡捕")
呼叫来自：inherit/char/npc.c 的 chat() 第 104 行，物件： d/city/npc/xunbu#921 ("紫云巡捕")
呼叫来自：<function> 的 <function>() 第 0 行，物件： d/city/npc/xunbu#921 ("紫云巡捕")
呼叫来自：inherit/char/npc.c 的 random_move() 第 118 行，物件： d/city/npc/xunbu#921 ("紫云巡捕")
呼叫来自：feature/command.c 的 command_hook() 第 63 行，物件： d/city/npc/xunbu#921 ("紫云巡捕")
呼叫来自：cmds/std/go.c 的 main() 第 108 行，物件： cmds/std/go
呼叫来自：d/city/leitai.c 的 create() 第 33 行，物件： d/city/leitai
呼叫来自：inherit/room/room.c 的 setup() 第 215 行，物件： d/city/leitai
呼叫来自：inherit/room/room.c 的 reset() 第 66 行，物件： d/city/leitai
呼叫来自：inherit/room/room.c 的 make_inventory() 第 20 行，物件： d/city/leitai
Heart beat in d/city/npc/xunbu#921 turned off.

执行时段错误：*Bad argument 1 to switch
Expected: int Got: "/d/npc/m_weapon/weapon/m_sword".

程式：inherit/weapon/weapon.c 第 168 行
物件: /d/npc/m_weapon/weapon/m_sword#1464
呼叫来自：inherit/room/room.c 的 reset() 第 66 行，物件： d/taishan/fengchan
呼叫来自：inherit/room/room.c 的 make_inventory() 第 19 行，物件： d/taishan/fengchan
呼叫来自：clone/npc/meng-zhu.c 的 create() 第 73 行，物件： clone/npc/meng-zhu#1463 ("翱天鸣")
呼叫来自：inherit/char/npc.c 的 carry_object() 第 12 行，物件： clone/npc/meng-zhu#1463 ("翱天鸣")
呼叫来自：d/npc/m_weapon/weapon/m_sword.c 的 create() 第 41 行，物件： d/npc/m_weapon/weapon/m_sword#1464 ("/d/npc/m_weapon/weapon/m_sword")
呼叫来自：inherit/weapon/weapon.c 的 set_desc() 第 168 行，物件： d/npc/m_weapon/weapon/m_sword#1464 ("/d/npc/m_weapon/weapon/m_sword")

执行时段错误：*Bad argument 1 to call_other()
Expected: string or array or object Got: 0.

程式：feature/damage.c 第 283 行
物件: /clone/npc/meng-zhu#1463
呼叫来自：inherit/char/char.c 的 heart_beat() 第 112 行，物件： clone/npc/meng-zhu#1463 ("翱天鸣")
呼叫来自：feature/damage.c 的 heal_up() 第 283 行，物件： clone/npc/meng-zhu#1463 ("翱天鸣")
Heart beat in clone/npc/meng-zhu#1463 turned off.

执行时段错误：*Bad argument 1 to call_other()
Expected: string or array or object Got: 0.

程式：inherit/room/room.c 第 20 行
物件: /d/city/leitai
呼叫来自：inherit/room/room.c 的 reset() 第 66 行，物件： d/city/leitai
呼叫来自：inherit/room/room.c 的 make_inventory() 第 20 行，物件： d/city/leitai

执行时段错误：*Bad argument 1 to call_other()
Expected: string or array or object Got: 0.

程式：inherit/room/room.c 第 20 行
物件: /d/city/zxlpath
呼叫来自：inherit/char/char.c 的 heart_beat() 第 99 行，物件： d/city/npc/xunbu#853 ("欧阳巡捕")
呼叫来自：inherit/char/npc.c 的 chat() 第 104 行，物件： d/city/npc/xunbu#853 ("欧阳巡捕")
呼叫来自：<function> 的 <function>() 第 0 行，物件： d/city/npc/xunbu#853 ("欧阳巡捕")
呼叫来自：inherit/char/npc.c 的 random_move() 第 118 行，物件： d/city/npc/xunbu#853 ("欧阳巡捕")
呼叫来自：feature/command.c 的 command_hook() 第 63 行，物件： d/city/npc/xunbu#853 ("欧阳巡捕")
呼叫来自：cmds/std/go.c 的 main() 第 108 行，物件： cmds/std/go
呼叫来自：d/city/zxlpath.c 的 create() 第 26 行，物件： d/city/zxlpath
呼叫来自：inherit/room/room.c 的 setup() 第 215 行，物件： d/city/zxlpath
呼叫来自：inherit/room/room.c 的 reset() 第 66 行，物件： d/city/zxlpath
呼叫来自：inherit/room/room.c 的 make_inventory() 第 20 行，物件： d/city/zxlpath
Heart beat in d/city/npc/xunbu#853 turned off.

执行时段错误：*Bad argument 1 to switch
Expected: int Got: "/d/npc/m_weapon/weapon/m_sword".

程式：inherit/weapon/weapon.c 第 168 行
物件: /d/npc/m_weapon/weapon/m_sword#2670
呼叫来自：inherit/room/room.c 的 reset() 第 66 行，物件： d/taishan/fengchan
呼叫来自：inherit/room/room.c 的 make_inventory() 第 19 行，物件： d/taishan/fengchan
呼叫来自：clone/npc/meng-zhu.c 的 create() 第 73 行，物件： clone/npc/meng-zhu#2669 ("翱天鸣")
呼叫来自：inherit/char/npc.c 的 carry_object() 第 12 行，物件： clone/npc/meng-zhu#2669 ("翱天鸣")
呼叫来自：d/npc/m_weapon/weapon/m_sword.c 的 create() 第 41 行，物件： d/npc/m_weapon/weapon/m_sword#2670 ("/d/npc/m_weapon/weapon/m_sword")
呼叫来自：inherit/weapon/weapon.c 的 set_desc() 第 168 行，物件： d/npc/m_weapon/weapon/m_sword#2670 ("/d/npc/m_weapon/weapon/m_sword")

执行时段错误：*Bad argument 1 to call_other()
Expected: string or array or object Got: 0.

程式：feature/damage.c 第 283 行
物件: /clone/npc/meng-zhu#2669
呼叫来自：inherit/char/char.c 的 heart_beat() 第 112 行，物件： clone/npc/meng-zhu#2669 ("翱天鸣")
呼叫来自：feature/damage.c 的 heal_up() 第 283 行，物件： clone/npc/meng-zhu#2669 ("翱天鸣")
Heart beat in clone/npc/meng-zhu#2669 turned off.

执行时段错误：*Bad argument 1 to call_other()
Expected: string or array or object Got: 0.

程式：inherit/room/room.c 第 20 行
物件: /d/city/zxlpath
呼叫来自：inherit/room/room.c 的 reset() 第 66 行，物件： d/city/zxlpath
呼叫来自：inherit/room/room.c 的 make_inventory() 第 20 行，物件： d/city/zxlpath

执行时段错误：*Bad argument 1 to call_other()
Expected: string or array or object Got: 0.

程式：inherit/room/room.c 第 20 行
物件: /d/city/leitai
呼叫来自：inherit/room/room.c 的 reset() 第 66 行，物件： d/city/leitai
呼叫来自：inherit/room/room.c 的 make_inventory() 第 20 行，物件： d/city/leitai

执行时段错误：*Bad argument 1 to switch
Expected: int Got: "/d/npc/m_weapon/weapon/m_sword".

程式：inherit/weapon/weapon.c 第 168 行
物件: /d/npc/m_weapon/weapon/m_sword#3042
呼叫来自：inherit/room/room.c 的 reset() 第 66 行，物件： d/taishan/fengchan
呼叫来自：inherit/room/room.c 的 make_inventory() 第 19 行，物件： d/taishan/fengchan
呼叫来自：clone/npc/meng-zhu.c 的 create() 第 73 行，物件： clone/npc/meng-zhu#3041 ("翱天鸣")
呼叫来自：inherit/char/npc.c 的 carry_object() 第 12 行，物件： clone/npc/meng-zhu#3041 ("翱天鸣")
呼叫来自：d/npc/m_weapon/weapon/m_sword.c 的 create() 第 41 行，物件： d/npc/m_weapon/weapon/m_sword#3042 ("/d/npc/m_weapon/weapon/m_sword")
呼叫来自：inherit/weapon/weapon.c 的 set_desc() 第 168 行，物件： d/npc/m_weapon/weapon/m_sword#3042 ("/d/npc/m_weapon/weapon/m_sword")

执行时段错误：*Bad argument 1 to call_other()
Expected: string or array or object Got: 0.

程式：feature/damage.c 第 283 行
物件: /clone/npc/meng-zhu#3041
呼叫来自：inherit/char/char.c 的 heart_beat() 第 112 行，物件： clone/npc/meng-zhu#3041 ("翱天鸣")
呼叫来自：feature/damage.c 的 heal_up() 第 283 行，物件： clone/npc/meng-zhu#3041 ("翱天鸣")
Heart beat in clone/npc/meng-zhu#3041 turned off.

执行时段错误：*Bad argument 1 to call_other()
Expected: string or array or object Got: 0.

程式：inherit/room/room.c 第 20 行
物件: /d/city/zxlpath
呼叫来自：inherit/room/room.c 的 reset() 第 66 行，物件： d/city/zxlpath
呼叫来自：inherit/room/room.c 的 make_inventory() 第 20 行，物件： d/city/zxlpath

执行时段错误：*Bad argument 1 to call_other()
Expected: string or array or object Got: 0.

程式：inherit/room/room.c 第 20 行
物件: /d/city/leitai
呼叫来自：inherit/room/room.c 的 reset() 第 66 行，物件： d/city/leitai
呼叫来自：inherit/room/room.c 的 make_inventory() 第 20 行，物件： d/city/leitai
Initializing internal tables....

<---海洋贰: MudOs v22pre11 (by wwj,Jan  1 1999) startup on Microsoft Windows NT at Sun Jan 02 19:40:11 2005

using config file: F:\hy\config.cfg
Can't find "mudos", ignoring old binaries.
Try invoking the driver using the full pathname.
Connected to address server on localhost port 3990
]simul_efun loaded successfully.

Loading preloaded files ...
错误讯息被拦截: 
执行时段错误：*Error in loading object '/adm/daemons/securityd'

程式：adm/single/master.c 第 99 行
物件: /adm/single/master
呼叫来自：adm/single/master.c 的 preload() 第 99 行，物件： adm/single/master
呼叫来自：adm/single/master.c 的 CATCH() 第 99 行，物件： adm/single/master
错误讯息被拦截: 
执行时段错误：*Bad argument 1 to switch
Expected: int Got: "/d/npc/m_weapon/weapon/m_sword".

程式：inherit/weapon/weapon.c 第 168 行
物件: /d/npc/m_weapon/weapon/m_sword
呼叫来自：adm/single/master.c 的 preload() 第 99 行，物件： adm/single/master
呼叫来自：adm/single/master.c 的 CATCH() 第 99 行，物件： adm/single/master
呼叫来自：adm/daemons/questd.c 的 create() 第 47 行，物件： adm/daemons/questd
呼叫来自：adm/daemons/questd.c 的 init_dynamic_quest() 第 155 行，物件： adm/daemons/questd
呼叫来自：adm/daemons/questd.c 的 spread_quest() 第 193 行，物件： adm/daemons/questd
呼叫来自：d/taishan/huima.c 的 create() 第 24 行，物件： d/taishan/huima
呼叫来自：inherit/room/room.c 的 setup() 第 215 行，物件： d/taishan/huima
呼叫来自：inherit/room/room.c 的 reset() 第 66 行，物件： d/taishan/huima
呼叫来自：inherit/room/room.c 的 make_inventory() 第 20 行，物件： d/taishan/huima
呼叫来自：feature/move.c 的 move() 第 85 行，物件： d/taishan/npc/jian-ke#62 ("剑客")
呼叫来自：d/taishan/npc/jian-ke.c 的 init() 第 39 行，物件： d/taishan/npc/jian-ke#62 ("剑客")
呼叫来自：d/taishan/fengchan.c 的 create() 第 27 行，物件： d/taishan/fengchan
呼叫来自：inherit/room/room.c 的 setup() 第 215 行，物件： d/taishan/fengchan
呼叫来自：inherit/room/room.c 的 reset() 第 66 行，物件： d/taishan/fengchan
呼叫来自：inherit/room/room.c 的 make_inventory() 第 19 行，物件： d/taishan/fengchan
呼叫来自：clone/npc/meng-zhu.c 的 create() 第 73 行，物件： clone/npc/meng-zhu ("翱天鸣")
呼叫来自：inherit/char/npc.c 的 carry_object() 第 12 行，物件： clone/npc/meng-zhu ("翱天鸣")
呼叫来自：d/npc/m_weapon/weapon/m_sword.c 的 create() 第 41 行，物件： d/npc/m_weapon/weapon/m_sword ("/d/npc/m_weapon/weapon/m_sword")
呼叫来自：inherit/weapon/weapon.c 的 set_desc() 第 168 行，物件： d/npc/m_weapon/weapon/m_sword ("/d/npc/m_weapon/weapon/m_sword")
Initializations complete.

Accepting connections on port 5555.

执行时段错误：*Bad argument 1 to call_other()
Expected: string or array or object Got: 0.

程式：feature/damage.c 第 283 行
物件: /clone/npc/meng-zhu
呼叫来自：inherit/char/char.c 的 heart_beat() 第 112 行，物件： clone/npc/meng-zhu ("翱天鸣")
呼叫来自：feature/damage.c 的 heal_up() 第 283 行，物件： clone/npc/meng-zhu ("翱天鸣")
Heart beat in clone/npc/meng-zhu turned off.

执行时段错误：*Bad argument 1 to call_other()
Expected: string or array or object Got: 0.

程式：inherit/room/room.c 第 20 行
物件: /d/city/leitai
呼叫来自：inherit/char/char.c 的 heart_beat() 第 99 行，物件： d/quanzhen/npc/youfang#138 ("游方道人")
呼叫来自：inherit/char/npc.c 的 chat() 第 104 行，物件： d/quanzhen/npc/youfang#138 ("游方道人")
呼叫来自：<function> 的 <function>() 第 0 行，物件： d/quanzhen/npc/youfang#138 ("游方道人")
呼叫来自：inherit/char/npc.c 的 random_move() 第 118 行，物件： d/quanzhen/npc/youfang#138 ("游方道人")
呼叫来自：feature/command.c 的 command_hook() 第 63 行，物件： d/quanzhen/npc/youfang#138 ("游方道人")
呼叫来自：cmds/std/go.c 的 main() 第 108 行，物件： cmds/std/go
呼叫来自：d/city/leitai.c 的 create() 第 33 行，物件： d/city/leitai
呼叫来自：inherit/room/room.c 的 setup() 第 215 行，物件： d/city/leitai
呼叫来自：inherit/room/room.c 的 reset() 第 66 行，物件： d/city/leitai
呼叫来自：inherit/room/room.c 的 make_inventory() 第 20 行，物件： d/city/leitai
Heart beat in d/quanzhen/npc/youfang#138 turned off.

执行时段错误：*Bad argument 1 to call_other()
Expected: string or array or object Got: 0.

程式：inherit/room/room.c 第 20 行
物件: /d/city/leitai
呼叫来自：inherit/room/room.c 的 reset() 第 66 行，物件： d/city/leitai
呼叫来自：inherit/room/room.c 的 make_inventory() 第 20 行，物件： d/city/leitai

执行时段错误：*Bad argument 1 to switch
Expected: int Got: "/d/npc/m_weapon/weapon/m_sword".

程式：inherit/weapon/weapon.c 第 168 行
物件: /d/npc/m_weapon/weapon/m_sword#918
呼叫来自：inherit/room/room.c 的 reset() 第 66 行，物件： d/taishan/fengchan
呼叫来自：inherit/room/room.c 的 make_inventory() 第 19 行，物件： d/taishan/fengchan
呼叫来自：clone/npc/meng-zhu.c 的 create() 第 73 行，物件： clone/npc/meng-zhu#917 ("翱天鸣")
呼叫来自：inherit/char/npc.c 的 carry_object() 第 12 行，物件： clone/npc/meng-zhu#917 ("翱天鸣")
呼叫来自：d/npc/m_weapon/weapon/m_sword.c 的 create() 第 41 行，物件： d/npc/m_weapon/weapon/m_sword#918 ("/d/npc/m_weapon/weapon/m_sword")
呼叫来自：inherit/weapon/weapon.c 的 set_desc() 第 168 行，物件： d/npc/m_weapon/weapon/m_sword#918 ("/d/npc/m_weapon/weapon/m_sword")

执行时段错误：*Bad argument 1 to call_other()
Expected: string or array or object Got: 0.

程式：feature/damage.c 第 283 行
物件: /clone/npc/meng-zhu#917
呼叫来自：inherit/char/char.c 的 heart_beat() 第 112 行，物件： clone/npc/meng-zhu#917 ("翱天鸣")
呼叫来自：feature/damage.c 的 heal_up() 第 283 行，物件： clone/npc/meng-zhu#917 ("翱天鸣")
Heart beat in clone/npc/meng-zhu#917 turned off.
Initializing internal tables....

<---海洋贰: MudOs v22pre11 (by wwj,Jan  1 1999) startup on Microsoft Windows NT at Sun Jan 02 21:03:13 2005

using config file: F:\hy\config.cfg
Can't find "mudos", ignoring old binaries.
Try invoking the driver using the full pathname.
Connected to address server on localhost port 3990
]simul_efun loaded successfully.

Loading preloaded files ...
错误讯息被拦截: 
执行时段错误：*Error in loading object '/adm/daemons/securityd'

程式：adm/single/master.c 第 99 行
物件: /adm/single/master
呼叫来自：adm/single/master.c 的 preload() 第 99 行，物件： adm/single/master
呼叫来自：adm/single/master.c 的 CATCH() 第 99 行，物件： adm/single/master
错误讯息被拦截: 
执行时段错误：*Bad argument 1 to switch
Expected: int Got: "/d/npc/m_weapon/weapon/m_sword".

程式：inherit/weapon/weapon.c 第 168 行
物件: /d/npc/m_weapon/weapon/m_sword
呼叫来自：adm/single/master.c 的 preload() 第 99 行，物件： adm/single/master
呼叫来自：adm/single/master.c 的 CATCH() 第 99 行，物件： adm/single/master
呼叫来自：adm/daemons/questd.c 的 create() 第 47 行，物件： adm/daemons/questd
呼叫来自：adm/daemons/questd.c 的 init_dynamic_quest() 第 155 行，物件： adm/daemons/questd
呼叫来自：adm/daemons/questd.c 的 spread_quest() 第 193 行，物件： adm/daemons/questd
呼叫来自：d/taishan/zhangren.c 的 create() 第 23 行，物件： d/taishan/zhangren
呼叫来自：inherit/room/room.c 的 setup() 第 215 行，物件： d/taishan/zhangren
呼叫来自：inherit/room/room.c 的 reset() 第 77 行，物件： d/taishan/zhangren
呼叫来自：inherit/room/room.c 的 make_inventory() 第 20 行，物件： d/taishan/zhangren
呼叫来自：feature/move.c 的 move() 第 85 行，物件： d/taishan/npc/wei-shi1#131 ("白衣武士")
呼叫来自：d/taishan/npc/wei-shi1.c 的 init() 第 53 行，物件： d/taishan/npc/wei-shi1#131 ("白衣武士")
呼叫来自：clone/npc/meng-zhu.c 的 create() 第 73 行，物件： clone/npc/meng-zhu ("翱天鸣")
呼叫来自：inherit/char/npc.c 的 carry_object() 第 12 行，物件： clone/npc/meng-zhu ("翱天鸣")
呼叫来自：d/npc/m_weapon/weapon/m_sword.c 的 create() 第 41 行，物件： d/npc/m_weapon/weapon/m_sword ("/d/npc/m_weapon/weapon/m_sword")
呼叫来自：inherit/weapon/weapon.c 的 set_desc() 第 168 行，物件： d/npc/m_weapon/weapon/m_sword ("/d/npc/m_weapon/weapon/m_sword")
Initializations complete.

Accepting connections on port 5555.

执行时段错误：*Bad argument 1 to call_other()
Expected: string or array or object Got: 0.

程式：feature/damage.c 第 283 行
物件: /clone/npc/meng-zhu
呼叫来自：inherit/char/char.c 的 heart_beat() 第 112 行，物件： clone/npc/meng-zhu ("翱天鸣")
呼叫来自：feature/damage.c 的 heal_up() 第 283 行，物件： clone/npc/meng-zhu ("翱天鸣")
Heart beat in clone/npc/meng-zhu turned off.

执行时段错误：*Bad argument 1 to switch
Expected: int Got: "/d/npc/m_weapon/weapon/m_sword".

程式：inherit/weapon/weapon.c 第 168 行
物件: /d/npc/m_weapon/weapon/m_sword#585
呼叫来自：inherit/char/char.c 的 heart_beat() 第 99 行，物件： d/city/npc/xunbu#306 ("欧阳巡捕")
呼叫来自：inherit/char/npc.c 的 chat() 第 104 行，物件： d/city/npc/xunbu#306 ("欧阳巡捕")
呼叫来自：<function> 的 <function>() 第 0 行，物件： d/city/npc/xunbu#306 ("欧阳巡捕")
呼叫来自：inherit/char/npc.c 的 random_move() 第 118 行，物件： d/city/npc/xunbu#306 ("欧阳巡捕")
呼叫来自：feature/command.c 的 command_hook() 第 63 行，物件： d/city/npc/xunbu#306 ("欧阳巡捕")
呼叫来自：cmds/std/go.c 的 main() 第 208 行，物件： cmds/std/go
呼叫来自：feature/move.c 的 move() 第 85 行，物件： d/city/npc/xunbu#306 ("欧阳巡捕")
呼叫来自：d/taishan/npc/dao-ke.c 的 init() 第 37 行，物件： d/taishan/npc/dao-ke#580 ("刀客")
呼叫来自：d/taishan/fengchan.c 的 create() 第 27 行，物件： d/taishan/fengchan
呼叫来自：inherit/room/room.c 的 setup() 第 215 行，物件： d/taishan/fengchan
呼叫来自：inherit/room/room.c 的 reset() 第 66 行，物件： d/taishan/fengchan
呼叫来自：inherit/room/room.c 的 make_inventory() 第 19 行，物件： d/taishan/fengchan
呼叫来自：clone/npc/meng-zhu.c 的 create() 第 73 行，物件： clone/npc/meng-zhu#584 ("翱天鸣")
呼叫来自：inherit/char/npc.c 的 carry_object() 第 12 行，物件： clone/npc/meng-zhu#584 ("翱天鸣")
呼叫来自：d/npc/m_weapon/weapon/m_sword.c 的 create() 第 41 行，物件： d/npc/m_weapon/weapon/m_sword#585 ("/d/npc/m_weapon/weapon/m_sword")
呼叫来自：inherit/weapon/weapon.c 的 set_desc() 第 168 行，物件： d/npc/m_weapon/weapon/m_sword#585 ("/d/npc/m_weapon/weapon/m_sword")
Heart beat in d/city/npc/xunbu#306 turned off.

执行时段错误：*Bad argument 1 to call_other()
Expected: string or array or object Got: 0.

程式：inherit/room/room.c 第 20 行
物件: /d/city/leitai
呼叫来自：inherit/char/char.c 的 heart_beat() 第 99 行，物件： d/city/npc/xunbu#310 ("上官巡捕")
呼叫来自：inherit/char/npc.c 的 chat() 第 104 行，物件： d/city/npc/xunbu#310 ("上官巡捕")
呼叫来自：<function> 的 <function>() 第 0 行，物件： d/city/npc/xunbu#310 ("上官巡捕")
呼叫来自：inherit/char/npc.c 的 random_move() 第 118 行，物件： d/city/npc/xunbu#310 ("上官巡捕")
呼叫来自：feature/command.c 的 command_hook() 第 63 行，物件： d/city/npc/xunbu#310 ("上官巡捕")
呼叫来自：cmds/std/go.c 的 main() 第 108 行，物件： cmds/std/go
呼叫来自：d/city/leitai.c 的 create() 第 33 行，物件： d/city/leitai
呼叫来自：inherit/room/room.c 的 setup() 第 215 行，物件： d/city/leitai
呼叫来自：inherit/room/room.c 的 reset() 第 66 行，物件： d/city/leitai
呼叫来自：inherit/room/room.c 的 make_inventory() 第 20 行，物件： d/city/leitai
Heart beat in d/city/npc/xunbu#310 turned off.

执行时段错误：*Bad argument 1 to call_other()
Expected: string or array or object Got: 0.

程式：inherit/room/room.c 第 20 行
物件: /d/city/zxlpath
呼叫来自：inherit/char/char.c 的 heart_beat() 第 99 行，物件： d/city/npc/xunbu#314 ("南宫巡捕")
呼叫来自：inherit/char/npc.c 的 chat() 第 104 行，物件： d/city/npc/xunbu#314 ("南宫巡捕")
呼叫来自：<function> 的 <function>() 第 0 行，物件： d/city/npc/xunbu#314 ("南宫巡捕")
呼叫来自：inherit/char/npc.c 的 random_move() 第 118 行，物件： d/city/npc/xunbu#314 ("南宫巡捕")
呼叫来自：feature/command.c 的 command_hook() 第 63 行，物件： d/city/npc/xunbu#314 ("南宫巡捕")
呼叫来自：cmds/std/go.c 的 main() 第 108 行，物件： cmds/std/go
呼叫来自：d/city/zxlpath.c 的 create() 第 26 行，物件： d/city/zxlpath
呼叫来自：inherit/room/room.c 的 setup() 第 215 行，物件： d/city/zxlpath
呼叫来自：inherit/room/room.c 的 reset() 第 66 行，物件： d/city/zxlpath
呼叫来自：inherit/room/room.c 的 make_inventory() 第 20 行，物件： d/city/zxlpath
Heart beat in d/city/npc/xunbu#314 turned off.

执行时段错误：*Bad argument 1 to call_other()
Expected: string or array or object Got: 0.

程式：feature/damage.c 第 283 行
物件: /clone/npc/meng-zhu#584
呼叫来自：inherit/char/char.c 的 heart_beat() 第 112 行，物件： clone/npc/meng-zhu#584 ("翱天鸣")
呼叫来自：feature/damage.c 的 heal_up() 第 283 行，物件： clone/npc/meng-zhu#584 ("翱天鸣")
Heart beat in clone/npc/meng-zhu#584 turned off.

执行时段错误：*Bad argument 1 to call_other()
Expected: string or array or object Got: 0.

程式：feature/damage.c 第 283 行
物件: /clone/npc/shang-shan
呼叫来自：inherit/char/char.c 的 heart_beat() 第 112 行，物件： clone/npc/shang-shan ("琪琪")
呼叫来自：feature/damage.c 的 heal_up() 第 283 行，物件： clone/npc/shang-shan ("琪琪")
Heart beat in clone/npc/shang-shan turned off.

执行时段错误：*Bad argument 1 to call_other()
Expected: string or array or object Got: 0.

程式：feature/damage.c 第 283 行
物件: /clone/npc/fa-e
呼叫来自：inherit/char/char.c 的 heart_beat() 第 112 行，物件： clone/npc/fa-e ("银票")
呼叫来自：feature/damage.c 的 heal_up() 第 283 行，物件： clone/npc/fa-e ("银票")
Heart beat in clone/npc/fa-e turned off.

执行时段错误：*Bad argument 1 to call_other()
Expected: string or array or object Got: 0.

程式：inherit/room/room.c 第 20 行
物件: /d/city/zxlpath
呼叫来自：inherit/room/room.c 的 reset() 第 66 行，物件： d/city/zxlpath
呼叫来自：inherit/room/room.c 的 make_inventory() 第 20 行，物件： d/city/zxlpath

执行时段错误：*Bad argument 1 to call_other()
Expected: string or array or object Got: 0.

程式：inherit/room/room.c 第 20 行
物件: /d/city/leitai
呼叫来自：inherit/room/room.c 的 reset() 第 66 行，物件： d/city/leitai
呼叫来自：inherit/room/room.c 的 make_inventory() 第 20 行，物件： d/city/leitai

执行时段错误：*Bad argument 1 to switch
Expected: int Got: "/d/npc/m_weapon/weapon/m_sword".

程式：inherit/weapon/weapon.c 第 168 行
物件: /d/npc/m_weapon/weapon/m_sword#1025
呼叫来自：inherit/room/room.c 的 reset() 第 66 行，物件： d/taishan/fengchan
呼叫来自：inherit/room/room.c 的 make_inventory() 第 19 行，物件： d/taishan/fengchan
呼叫来自：clone/npc/meng-zhu.c 的 create() 第 73 行，物件： clone/npc/meng-zhu#1024 ("翱天鸣")
呼叫来自：inherit/char/npc.c 的 carry_object() 第 12 行，物件： clone/npc/meng-zhu#1024 ("翱天鸣")
呼叫来自：d/npc/m_weapon/weapon/m_sword.c 的 create() 第 41 行，物件： d/npc/m_weapon/weapon/m_sword#1025 ("/d/npc/m_weapon/weapon/m_sword")
呼叫来自：inherit/weapon/weapon.c 的 set_desc() 第 168 行，物件： d/npc/m_weapon/weapon/m_sword#1025 ("/d/npc/m_weapon/weapon/m_sword")

执行时段错误：*Bad argument 1 to call_other()
Expected: string or array or object Got: 0.

程式：feature/damage.c 第 283 行
物件: /clone/npc/meng-zhu#1024
呼叫来自：inherit/char/char.c 的 heart_beat() 第 112 行，物件： clone/npc/meng-zhu#1024 ("翱天鸣")
呼叫来自：feature/damage.c 的 heal_up() 第 283 行，物件： clone/npc/meng-zhu#1024 ("翱天鸣")
Heart beat in clone/npc/meng-zhu#1024 turned off.
Initializing internal tables....

<---海洋贰: MudOs v22pre11 (by wwj,Jan  1 1999) startup on Microsoft Windows NT at Mon Jan 03 08:11:25 2005

using config file: F:\hy\config.cfg
Can't find "mudos", ignoring old binaries.
Try invoking the driver using the full pathname.
Connected to address server on localhost port 3990
]simul_efun loaded successfully.

Loading preloaded files ...
错误讯息被拦截: 
执行时段错误：*Error in loading object '/adm/daemons/securityd'

程式：adm/single/master.c 第 99 行
物件: /adm/single/master
呼叫来自：adm/single/master.c 的 preload() 第 99 行，物件： adm/single/master
呼叫来自：adm/single/master.c 的 CATCH() 第 99 行，物件： adm/single/master
Initializations complete.

Accepting connections on port 5555.

执行时段错误：*Bad argument 1 to switch
Expected: int Got: "/d/npc/m_weapon/weapon/m_sword".

程式：inherit/weapon/weapon.c 第 168 行
物件: /d/npc/m_weapon/weapon/m_sword
呼叫来自：inherit/char/char.c 的 heart_beat() 第 99 行，物件： d/city/npc/xunbu#256 ("上官巡捕")
呼叫来自：inherit/char/npc.c 的 chat() 第 104 行，物件： d/city/npc/xunbu#256 ("上官巡捕")
呼叫来自：<function> 的 <function>() 第 0 行，物件： d/city/npc/xunbu#256 ("上官巡捕")
呼叫来自：inherit/char/npc.c 的 random_move() 第 118 行，物件： d/city/npc/xunbu#256 ("上官巡捕")
呼叫来自：feature/command.c 的 command_hook() 第 63 行，物件： d/city/npc/xunbu#256 ("上官巡捕")
呼叫来自：cmds/std/go.c 的 main() 第 208 行，物件： cmds/std/go
呼叫来自：feature/move.c 的 move() 第 85 行，物件： d/city/npc/xunbu#256 ("上官巡捕")
呼叫来自：d/taishan/npc/jian-ke.c 的 init() 第 39 行，物件： d/taishan/npc/jian-ke#769 ("剑客")
呼叫来自：d/taishan/fengchan.c 的 create() 第 27 行，物件： d/taishan/fengchan
呼叫来自：inherit/room/room.c 的 setup() 第 215 行，物件： d/taishan/fengchan
呼叫来自：inherit/room/room.c 的 reset() 第 66 行，物件： d/taishan/fengchan
呼叫来自：inherit/room/room.c 的 make_inventory() 第 19 行，物件： d/taishan/fengchan
呼叫来自：clone/npc/meng-zhu.c 的 create() 第 73 行，物件： clone/npc/meng-zhu ("翱天鸣")
呼叫来自：inherit/char/npc.c 的 carry_object() 第 12 行，物件： clone/npc/meng-zhu ("翱天鸣")
呼叫来自：d/npc/m_weapon/weapon/m_sword.c 的 create() 第 41 行，物件： d/npc/m_weapon/weapon/m_sword ("/d/npc/m_weapon/weapon/m_sword")
呼叫来自：inherit/weapon/weapon.c 的 set_desc() 第 168 行，物件： d/npc/m_weapon/weapon/m_sword ("/d/npc/m_weapon/weapon/m_sword")
Heart beat in d/city/npc/xunbu#256 turned off.

执行时段错误：*Bad argument 1 to call_other()
Expected: string or array or object Got: 0.

程式：feature/damage.c 第 283 行
物件: /clone/npc/meng-zhu
呼叫来自：inherit/char/char.c 的 heart_beat() 第 112 行，物件： clone/npc/meng-zhu ("翱天鸣")
呼叫来自：feature/damage.c 的 heal_up() 第 283 行，物件： clone/npc/meng-zhu ("翱天鸣")
Heart beat in clone/npc/meng-zhu turned off.

执行时段错误：*Bad argument 1 to call_other()
Expected: string or array or object Got: 0.

程式：inherit/room/room.c 第 20 行
物件: /d/city/leitai
呼叫来自：inherit/char/char.c 的 heart_beat() 第 99 行，物件： kungfu/class/btshan/ouyangke#306 ("欧阳克")
呼叫来自：inherit/char/npc.c 的 chat() 第 104 行，物件： kungfu/class/btshan/ouyangke#306 ("欧阳克")
呼叫来自：<function> 的 <function>() 第 0 行，物件： kungfu/class/btshan/ouyangke#306 ("欧阳克")
呼叫来自：inherit/char/npc.c 的 random_move() 第 118 行，物件： kungfu/class/btshan/ouyangke#306 ("欧阳克")
呼叫来自：feature/command.c 的 command_hook() 第 63 行，物件： kungfu/class/btshan/ouyangke#306 ("欧阳克")
呼叫来自：cmds/std/go.c 的 main() 第 108 行，物件： cmds/std/go
呼叫来自：d/city/leitai.c 的 create() 第 33 行，物件： d/city/leitai
呼叫来自：inherit/room/room.c 的 setup() 第 215 行，物件： d/city/leitai
呼叫来自：inherit/room/room.c 的 reset() 第 66 行，物件： d/city/leitai
呼叫来自：inherit/room/room.c 的 make_inventory() 第 20 行，物件： d/city/leitai
Heart beat in kungfu/class/btshan/ouyangke#306 turned off.
Initializing internal tables....

<---海洋贰: MudOs v22pre11 (by wwj,Jan  1 1999) startup on Microsoft Windows NT at Mon Jan 03 08:50:41 2005

using config file: F:\hy\config.cfg
Can't find "mudos", ignoring old binaries.
Try invoking the driver using the full pathname.
Connected to address server on localhost port 3990
]simul_efun loaded successfully.

Loading preloaded files ...
错误讯息被拦截: 
执行时段错误：*Error in loading object '/adm/daemons/securityd'

程式：adm/single/master.c 第 99 行
物件: /adm/single/master
呼叫来自：adm/single/master.c 的 preload() 第 99 行，物件： adm/single/master
呼叫来自：adm/single/master.c 的 CATCH() 第 99 行，物件： adm/single/master
Initializations complete.

Accepting connections on port 5555.

执行时段错误：*Bad argument 1 to call_other()
Expected: string or array or object Got: 0.

程式：inherit/room/room.c 第 20 行
物件: /d/city/leitai
呼叫来自：inherit/char/char.c 的 heart_beat() 第 99 行，物件： d/city/npc/xunbu#405 ("南宫巡捕")
呼叫来自：inherit/char/npc.c 的 chat() 第 104 行，物件： d/city/npc/xunbu#405 ("南宫巡捕")
呼叫来自：<function> 的 <function>() 第 0 行，物件： d/city/npc/xunbu#405 ("南宫巡捕")
呼叫来自：inherit/char/npc.c 的 random_move() 第 118 行，物件： d/city/npc/xunbu#405 ("南宫巡捕")
呼叫来自：feature/command.c 的 command_hook() 第 63 行，物件： d/city/npc/xunbu#405 ("南宫巡捕")
呼叫来自：cmds/std/go.c 的 main() 第 108 行，物件： cmds/std/go
呼叫来自：d/city/leitai.c 的 create() 第 33 行，物件： d/city/leitai
呼叫来自：inherit/room/room.c 的 setup() 第 215 行，物件： d/city/leitai
呼叫来自：inherit/room/room.c 的 reset() 第 66 行，物件： d/city/leitai
呼叫来自：inherit/room/room.c 的 make_inventory() 第 20 行，物件： d/city/leitai
Heart beat in d/city/npc/xunbu#405 turned off.

执行时段错误：*Bad argument 1 to call_other()
Expected: string or array or object Got: 0.

程式：inherit/room/room.c 第 20 行
物件: /d/city/zxlpath
呼叫来自：inherit/char/char.c 的 heart_beat() 第 99 行，物件： d/city/npc/xunbu#401 ("司徒巡捕")
呼叫来自：inherit/char/npc.c 的 chat() 第 104 行，物件： d/city/npc/xunbu#401 ("司徒巡捕")
呼叫来自：<function> 的 <function>() 第 0 行，物件： d/city/npc/xunbu#401 ("司徒巡捕")
呼叫来自：inherit/char/npc.c 的 random_move() 第 118 行，物件： d/city/npc/xunbu#401 ("司徒巡捕")
呼叫来自：feature/command.c 的 command_hook() 第 63 行，物件： d/city/npc/xunbu#401 ("司徒巡捕")
呼叫来自：cmds/std/go.c 的 main() 第 108 行，物件： cmds/std/go
呼叫来自：d/city/zxlpath.c 的 create() 第 26 行，物件： d/city/zxlpath
呼叫来自：inherit/room/room.c 的 setup() 第 215 行，物件： d/city/zxlpath
呼叫来自：inherit/room/room.c 的 reset() 第 66 行，物件： d/city/zxlpath
呼叫来自：inherit/room/room.c 的 make_inventory() 第 20 行，物件： d/city/zxlpath
Heart beat in d/city/npc/xunbu#401 turned off.
Initializing internal tables....
][1;31m【系统】千堆雪(Lywin)：断线了。
[2;37;0m
<---海洋贰: MudOs v22pre11 (by wwj,Jan  1 1999) startup on Microsoft Windows NT at Mon Jan 03 09:20:28 2005

using config file: F:\hy\config.cfg
Can't find "mudos", ignoring old binaries.
Try invoking the driver using the full pathname.
Connected to address server on localhost port 3990
]simul_efun loaded successfully.

Loading preloaded files ...
错误讯息被拦截: 
执行时段错误：*Error in loading object '/adm/daemons/securityd'

程式：adm/single/master.c 第 99 行
物件: /adm/single/master
呼叫来自：adm/single/master.c 的 preload() 第 99 行，物件： adm/single/master
呼叫来自：adm/single/master.c 的 CATCH() 第 99 行，物件： adm/single/master
Initializations complete.

Accepting connections on port 5555.

执行时段错误：*Bad argument 1 to call_other()
Expected: string or array or object Got: 0.

程式：inherit/room/room.c 第 20 行
物件: /d/city/leitai
呼叫来自：inherit/char/char.c 的 heart_beat() 第 99 行，物件： d/quanzhen/npc/youfang#210 ("游方道人")
呼叫来自：inherit/char/npc.c 的 chat() 第 104 行，物件： d/quanzhen/npc/youfang#210 ("游方道人")
呼叫来自：<function> 的 <function>() 第 0 行，物件： d/quanzhen/npc/youfang#210 ("游方道人")
呼叫来自：inherit/char/npc.c 的 random_move() 第 118 行，物件： d/quanzhen/npc/youfang#210 ("游方道人")
呼叫来自：feature/command.c 的 command_hook() 第 63 行，物件： d/quanzhen/npc/youfang#210 ("游方道人")
呼叫来自：cmds/std/go.c 的 main() 第 108 行，物件： cmds/std/go
呼叫来自：d/city/leitai.c 的 create() 第 33 行，物件： d/city/leitai
呼叫来自：inherit/room/room.c 的 setup() 第 215 行，物件： d/city/leitai
呼叫来自：inherit/room/room.c 的 reset() 第 66 行，物件： d/city/leitai
呼叫来自：inherit/room/room.c 的 make_inventory() 第 20 行，物件： d/city/leitai
Heart beat in d/quanzhen/npc/youfang#210 turned off.

执行时段错误：*Bad argument 1 to call_other()
Expected: string or array or object Got: 0.

程式：inherit/room/room.c 第 20 行
物件: /d/city/zxlpath
呼叫来自：inherit/char/char.c 的 heart_beat() 第 99 行，物件： d/city/npc/xunbu#493 ("公孙巡捕")
呼叫来自：inherit/char/npc.c 的 chat() 第 104 行，物件： d/city/npc/xunbu#493 ("公孙巡捕")
呼叫来自：<function> 的 <function>() 第 0 行，物件： d/city/npc/xunbu#493 ("公孙巡捕")
呼叫来自：inherit/char/npc.c 的 random_move() 第 118 行，物件： d/city/npc/xunbu#493 ("公孙巡捕")
呼叫来自：feature/command.c 的 command_hook() 第 63 行，物件： d/city/npc/xunbu#493 ("公孙巡捕")
呼叫来自：cmds/std/go.c 的 main() 第 108 行，物件： cmds/std/go
呼叫来自：d/city/zxlpath.c 的 create() 第 26 行，物件： d/city/zxlpath
呼叫来自：inherit/room/room.c 的 setup() 第 215 行，物件： d/city/zxlpath
呼叫来自：inherit/room/room.c 的 reset() 第 66 行，物件： d/city/zxlpath
呼叫来自：inherit/room/room.c 的 make_inventory() 第 20 行，物件： d/city/zxlpath
Heart beat in d/city/npc/xunbu#493 turned off.

执行时段错误：*set_leader: Cannot set this_object() as leader.

程式：feature/team.c 第 12 行
物件: /d/city/npc/xunbu#1091
呼叫来自：inherit/char/char.c 的 heart_beat() 第 99 行，物件： d/city/npc/xunbu#1091 ("慕容巡捕")
呼叫来自：inherit/char/npc.c 的 chat() 第 104 行，物件： d/city/npc/xunbu#1091 ("慕容巡捕")
呼叫来自：<function> 的 <function>() 第 0 行，物件： d/city/npc/xunbu#1091 ("慕容巡捕")
呼叫来自：inherit/char/npc.c 的 random_move() 第 118 行，物件： d/city/npc/xunbu#1091 ("慕容巡捕")
呼叫来自：feature/command.c 的 command_hook() 第 63 行，物件： d/city/npc/xunbu#1091 ("慕容巡捕")
呼叫来自：cmds/std/go.c 的 main() 第 70 行，物件： cmds/std/go
呼叫来自：d/city2/xiyuan.c 的 valid_leave() 第 76 行，物件： d/city2/xiyuan
呼叫来自：feature/team.c 的 set_leader() 第 12 行，物件： d/city/npc/xunbu#1091 ("慕容巡捕")
Heart beat in d/city/npc/xunbu#1091 turned off.

执行时段错误：*Bad argument 1 to call_other()
Expected: string or array or object Got: 0.

程式：inherit/room/room.c 第 20 行
物件: /d/city/zxlpath
呼叫来自：inherit/room/room.c 的 reset() 第 66 行，物件： d/city/zxlpath
呼叫来自：inherit/room/room.c 的 make_inventory() 第 20 行，物件： d/city/zxlpath

执行时段错误：*Bad argument 1 to call_other()
Expected: string or array or object Got: 0.

程式：inherit/room/room.c 第 20 行
物件: /d/city/leitai
呼叫来自：inherit/room/room.c 的 reset() 第 66 行，物件： d/city/leitai
呼叫来自：inherit/room/room.c 的 make_inventory() 第 20 行，物件： d/city/leitai

执行时段错误：*Bad argument 1 to call_other()
Expected: string or array or object Got: 0.

程式：inherit/room/room.c 第 20 行
物件: /d/city/zxlpath
呼叫来自：inherit/room/room.c 的 reset() 第 66 行，物件： d/city/zxlpath
呼叫来自：inherit/room/room.c 的 make_inventory() 第 20 行，物件： d/city/zxlpath

执行时段错误：*Bad argument 1 to call_other()
Expected: string or array or object Got: 0.

程式：inherit/room/room.c 第 20 行
物件: /d/city/leitai
呼叫来自：inherit/room/room.c 的 reset() 第 66 行，物件： d/city/leitai
呼叫来自：inherit/room/room.c 的 make_inventory() 第 20 行，物件： d/city/leitai

执行时段错误：*set_leader: Cannot set this_object() as leader.

程式：feature/team.c 第 12 行
物件: /d/city/npc/xunbu#1087
呼叫来自：inherit/char/char.c 的 heart_beat() 第 99 行，物件： d/city/npc/xunbu#1087 ("流星巡捕")
呼叫来自：inherit/char/npc.c 的 chat() 第 104 行，物件： d/city/npc/xunbu#1087 ("流星巡捕")
呼叫来自：<function> 的 <function>() 第 0 行，物件： d/city/npc/xunbu#1087 ("流星巡捕")
呼叫来自：inherit/char/npc.c 的 random_move() 第 118 行，物件： d/city/npc/xunbu#1087 ("流星巡捕")
呼叫来自：feature/command.c 的 command_hook() 第 63 行，物件： d/city/npc/xunbu#1087 ("流星巡捕")
呼叫来自：cmds/std/go.c 的 main() 第 70 行，物件： cmds/std/go
呼叫来自：d/city2/xiyuan.c 的 valid_leave() 第 76 行，物件： d/city2/xiyuan
呼叫来自：feature/team.c 的 set_leader() 第 12 行，物件： d/city/npc/xunbu#1087 ("流星巡捕")
Heart beat in d/city/npc/xunbu#1087 turned off.

执行时段错误：*Bad argument 1 to switch
Expected: int Got: "/d/npc/m_weapon/weapon/m_sword".

程式：inherit/weapon/weapon.c 第 168 行
物件: /d/npc/m_weapon/weapon/m_sword
呼叫来自：inherit/char/char.c 的 heart_beat() 第 99 行，物件： quest/feizei/feizei#2160 ("飞贼")
呼叫来自：inherit/char/npc.c 的 chat() 第 104 行，物件： quest/feizei/feizei#2160 ("飞贼")
呼叫来自：<function> 的 <function>() 第 0 行，物件： quest/feizei/feizei#2160 ("飞贼")
呼叫来自：inherit/char/npc.c 的 random_move() 第 118 行，物件： quest/feizei/feizei#2160 ("飞贼")
呼叫来自：feature/command.c 的 command_hook() 第 63 行，物件： quest/feizei/feizei#2160 ("飞贼")
呼叫来自：cmds/std/go.c 的 main() 第 208 行，物件： cmds/std/go
呼叫来自：feature/move.c 的 move() 第 85 行，物件： quest/feizei/feizei#2160 ("飞贼")
呼叫来自：d/taishan/npc/jian-ke.c 的 init() 第 39 行，物件： d/taishan/npc/jian-ke#2176 ("剑客")
呼叫来自：d/taishan/fengchan.c 的 create() 第 27 行，物件： d/taishan/fengchan
呼叫来自：inherit/room/room.c 的 setup() 第 215 行，物件： d/taishan/fengchan
呼叫来自：inherit/room/room.c 的 reset() 第 66 行，物件： d/taishan/fengchan
呼叫来自：inherit/room/room.c 的 make_inventory() 第 19 行，物件： d/taishan/fengchan
呼叫来自：clone/npc/meng-zhu.c 的 create() 第 73 行，物件： clone/npc/meng-zhu ("翱天鸣")
呼叫来自：inherit/char/npc.c 的 carry_object() 第 12 行，物件： clone/npc/meng-zhu ("翱天鸣")
呼叫来自：d/npc/m_weapon/weapon/m_sword.c 的 create() 第 41 行，物件： d/npc/m_weapon/weapon/m_sword ("/d/npc/m_weapon/weapon/m_sword")
呼叫来自：inherit/weapon/weapon.c 的 set_desc() 第 168 行，物件： d/npc/m_weapon/weapon/m_sword ("/d/npc/m_weapon/weapon/m_sword")
Heart beat in quest/feizei/feizei#2160 turned off.

执行时段错误：*Bad argument 1 to call_other()
Expected: string or array or object Got: 0.

程式：feature/damage.c 第 283 行
物件: /clone/npc/meng-zhu
呼叫来自：inherit/char/char.c 的 heart_beat() 第 112 行，物件： clone/npc/meng-zhu ("翱天鸣")
呼叫来自：feature/damage.c 的 heal_up() 第 283 行，物件： clone/npc/meng-zhu ("翱天鸣")
Heart beat in clone/npc/meng-zhu turned off.

执行时段错误：*Bad argument 1 to call_other()
Expected: string or array or object Got: 0.

程式：inherit/room/room.c 第 20 行
物件: /d/city/leitai
呼叫来自：inherit/room/room.c 的 reset() 第 66 行，物件： d/city/leitai
呼叫来自：inherit/room/room.c 的 make_inventory() 第 20 行，物件： d/city/leitai

执行时段错误：*Bad argument 1 to switch
Expected: int Got: "/d/npc/m_weapon/weapon/m_sword".

程式：inherit/weapon/weapon.c 第 168 行
物件: /d/npc/m_weapon/weapon/m_sword#2873
呼叫来自：inherit/room/room.c 的 reset() 第 66 行，物件： d/taishan/fengchan
呼叫来自：inherit/room/room.c 的 make_inventory() 第 19 行，物件： d/taishan/fengchan
呼叫来自：clone/npc/meng-zhu.c 的 create() 第 73 行，物件： clone/npc/meng-zhu#2872 ("翱天鸣")
呼叫来自：inherit/char/npc.c 的 carry_object() 第 12 行，物件： clone/npc/meng-zhu#2872 ("翱天鸣")
呼叫来自：d/npc/m_weapon/weapon/m_sword.c 的 create() 第 41 行，物件： d/npc/m_weapon/weapon/m_sword#2873 ("/d/npc/m_weapon/weapon/m_sword")
呼叫来自：inherit/weapon/weapon.c 的 set_desc() 第 168 行，物件： d/npc/m_weapon/weapon/m_sword#2873 ("/d/npc/m_weapon/weapon/m_sword")

执行时段错误：*Bad argument 1 to call_other()
Expected: string or array or object Got: 0.

程式：inherit/room/room.c 第 20 行
物件: /d/city/zxlpath
呼叫来自：inherit/room/room.c 的 reset() 第 66 行，物件： d/city/zxlpath
呼叫来自：inherit/room/room.c 的 make_inventory() 第 20 行，物件： d/city/zxlpath

执行时段错误：*Bad argument 1 to call_other()
Expected: string or array or object Got: 0.

程式：inherit/room/room.c 第 20 行
物件: /d/city/leitai
呼叫来自：inherit/room/room.c 的 reset() 第 66 行，物件： d/city/leitai
呼叫来自：inherit/room/room.c 的 make_inventory() 第 20 行，物件： d/city/leitai

执行时段错误：*Bad argument 1 to call_other()
Expected: string or array or object Got: 0.

程式：feature/damage.c 第 283 行
物件: /clone/npc/meng-zhu#2872
呼叫来自：inherit/char/char.c 的 heart_beat() 第 112 行，物件： clone/npc/meng-zhu#2872 ("翱天鸣")
呼叫来自：feature/damage.c 的 heal_up() 第 283 行，物件： clone/npc/meng-zhu#2872 ("翱天鸣")
Heart beat in clone/npc/meng-zhu#2872 turned off.

执行时段错误：*Bad argument 1 to switch
Expected: int Got: "/d/npc/m_weapon/weapon/m_sword".

程式：inherit/weapon/weapon.c 第 168 行
物件: /d/npc/m_weapon/weapon/m_sword#3128
呼叫来自：inherit/room/room.c 的 reset() 第 66 行，物件： d/taishan/fengchan
呼叫来自：inherit/room/room.c 的 make_inventory() 第 19 行，物件： d/taishan/fengchan
呼叫来自：clone/npc/meng-zhu.c 的 create() 第 73 行，物件： clone/npc/meng-zhu#3127 ("翱天鸣")
呼叫来自：inherit/char/npc.c 的 carry_object() 第 12 行，物件： clone/npc/meng-zhu#3127 ("翱天鸣")
呼叫来自：d/npc/m_weapon/weapon/m_sword.c 的 create() 第 41 行，物件： d/npc/m_weapon/weapon/m_sword#3128 ("/d/npc/m_weapon/weapon/m_sword")
呼叫来自：inherit/weapon/weapon.c 的 set_desc() 第 168 行，物件： d/npc/m_weapon/weapon/m_sword#3128 ("/d/npc/m_weapon/weapon/m_sword")

执行时段错误：*Bad argument 1 to call_other()
Expected: string or array or object Got: 0.

程式：inherit/room/room.c 第 20 行
物件: /d/city/zxlpath
呼叫来自：inherit/room/room.c 的 reset() 第 66 行，物件： d/city/zxlpath
呼叫来自：inherit/room/room.c 的 make_inventory() 第 20 行，物件： d/city/zxlpath

执行时段错误：*Bad argument 1 to call_other()
Expected: string or array or object Got: 0.

程式：feature/damage.c 第 283 行
物件: /clone/npc/meng-zhu#3127
呼叫来自：inherit/char/char.c 的 heart_beat() 第 112 行，物件： clone/npc/meng-zhu#3127 ("翱天鸣")
呼叫来自：feature/damage.c 的 heal_up() 第 283 行，物件： clone/npc/meng-zhu#3127 ("翱天鸣")
Heart beat in clone/npc/meng-zhu#3127 turned off.

执行时段错误：*Bad argument 1 to switch
Expected: int Got: "/d/npc/m_weapon/weapon/m_sword".

程式：inherit/weapon/weapon.c 第 168 行
物件: /d/npc/m_weapon/weapon/m_sword#3414
呼叫来自：inherit/room/room.c 的 reset() 第 66 行，物件： d/taishan/fengchan
呼叫来自：inherit/room/room.c 的 make_inventory() 第 19 行，物件： d/taishan/fengchan
呼叫来自：clone/npc/meng-zhu.c 的 create() 第 73 行，物件： clone/npc/meng-zhu#3413 ("翱天鸣")
呼叫来自：inherit/char/npc.c 的 carry_object() 第 12 行，物件： clone/npc/meng-zhu#3413 ("翱天鸣")
呼叫来自：d/npc/m_weapon/weapon/m_sword.c 的 create() 第 41 行，物件： d/npc/m_weapon/weapon/m_sword#3414 ("/d/npc/m_weapon/weapon/m_sword")
呼叫来自：inherit/weapon/weapon.c 的 set_desc() 第 168 行，物件： d/npc/m_weapon/weapon/m_sword#3414 ("/d/npc/m_weapon/weapon/m_sword")

执行时段错误：*Bad argument 1 to call_other()
Expected: string or array or object Got: 0.

程式：inherit/room/room.c 第 20 行
物件: /d/city/leitai
呼叫来自：inherit/room/room.c 的 reset() 第 66 行，物件： d/city/leitai
呼叫来自：inherit/room/room.c 的 make_inventory() 第 20 行，物件： d/city/leitai

执行时段错误：*Bad argument 1 to call_other()
Expected: string or array or object Got: 0.

程式：feature/damage.c 第 283 行
物件: /clone/npc/meng-zhu#3413
呼叫来自：inherit/char/char.c 的 heart_beat() 第 112 行，物件： clone/npc/meng-zhu#3413 ("翱天鸣")
呼叫来自：feature/damage.c 的 heal_up() 第 283 行，物件： clone/npc/meng-zhu#3413 ("翱天鸣")
Heart beat in clone/npc/meng-zhu#3413 turned off.

执行时段错误：*Bad argument 1 to switch
Expected: int Got: "/d/npc/m_weapon/weapon/m_sword".

程式：inherit/weapon/weapon.c 第 168 行
物件: /d/npc/m_weapon/weapon/m_sword#3595
呼叫来自：inherit/room/room.c 的 reset() 第 66 行，物件： d/taishan/fengchan
呼叫来自：inherit/room/room.c 的 make_inventory() 第 19 行，物件： d/taishan/fengchan
呼叫来自：clone/npc/meng-zhu.c 的 create() 第 73 行，物件： clone/npc/meng-zhu#3594 ("翱天鸣")
呼叫来自：inherit/char/npc.c 的 carry_object() 第 12 行，物件： clone/npc/meng-zhu#3594 ("翱天鸣")
呼叫来自：d/npc/m_weapon/weapon/m_sword.c 的 create() 第 41 行，物件： d/npc/m_weapon/weapon/m_sword#3595 ("/d/npc/m_weapon/weapon/m_sword")
呼叫来自：inherit/weapon/weapon.c 的 set_desc() 第 168 行，物件： d/npc/m_weapon/weapon/m_sword#3595 ("/d/npc/m_weapon/weapon/m_sword")

执行时段错误：*Bad argument 1 to call_other()
Expected: string or array or object Got: 0.

程式：inherit/room/room.c 第 20 行
物件: /d/city/zxlpath
呼叫来自：inherit/room/room.c 的 reset() 第 66 行，物件： d/city/zxlpath
呼叫来自：inherit/room/room.c 的 make_inventory() 第 20 行，物件： d/city/zxlpath

执行时段错误：*Bad argument 1 to call_other()
Expected: string or array or object Got: 0.

程式：feature/damage.c 第 283 行
物件: /clone/npc/meng-zhu#3594
呼叫来自：inherit/char/char.c 的 heart_beat() 第 112 行，物件： clone/npc/meng-zhu#3594 ("翱天鸣")
呼叫来自：feature/damage.c 的 heal_up() 第 283 行，物件： clone/npc/meng-zhu#3594 ("翱天鸣")
Heart beat in clone/npc/meng-zhu#3594 turned off.

执行时段错误：*Bad argument 1 to switch
Expected: int Got: "/d/npc/m_weapon/weapon/m_sword".

程式：inherit/weapon/weapon.c 第 168 行
物件: /d/npc/m_weapon/weapon/m_sword#3814
呼叫来自：inherit/room/room.c 的 reset() 第 66 行，物件： d/taishan/fengchan
呼叫来自：inherit/room/room.c 的 make_inventory() 第 19 行，物件： d/taishan/fengchan
呼叫来自：clone/npc/meng-zhu.c 的 create() 第 73 行，物件： clone/npc/meng-zhu#3813 ("翱天鸣")
呼叫来自：inherit/char/npc.c 的 carry_object() 第 12 行，物件： clone/npc/meng-zhu#3813 ("翱天鸣")
呼叫来自：d/npc/m_weapon/weapon/m_sword.c 的 create() 第 41 行，物件： d/npc/m_weapon/weapon/m_sword#3814 ("/d/npc/m_weapon/weapon/m_sword")
呼叫来自：inherit/weapon/weapon.c 的 set_desc() 第 168 行，物件： d/npc/m_weapon/weapon/m_sword#3814 ("/d/npc/m_weapon/weapon/m_sword")

执行时段错误：*Bad argument 1 to call_other()
Expected: string or array or object Got: 0.

程式：inherit/room/room.c 第 20 行
物件: /d/city/zxlpath
呼叫来自：inherit/room/room.c 的 reset() 第 66 行，物件： d/city/zxlpath
呼叫来自：inherit/room/room.c 的 make_inventory() 第 20 行，物件： d/city/zxlpath

执行时段错误：*Bad argument 1 to call_other()
Expected: string or array or object Got: 0.

程式：inherit/room/room.c 第 20 行
物件: /d/city/leitai
呼叫来自：inherit/room/room.c 的 reset() 第 66 行，物件： d/city/leitai
呼叫来自：inherit/room/room.c 的 make_inventory() 第 20 行，物件： d/city/leitai

执行时段错误：*Bad argument 1 to call_other()
Expected: string or array or object Got: 0.

程式：feature/damage.c 第 283 行
物件: /clone/npc/meng-zhu#3813
呼叫来自：inherit/char/char.c 的 heart_beat() 第 112 行，物件： clone/npc/meng-zhu#3813 ("翱天鸣")
呼叫来自：feature/damage.c 的 heal_up() 第 283 行，物件： clone/npc/meng-zhu#3813 ("翱天鸣")
Heart beat in clone/npc/meng-zhu#3813 turned off.

执行时段错误：*Bad argument 1 to switch
Expected: int Got: "/d/npc/m_weapon/weapon/m_sword".

程式：inherit/weapon/weapon.c 第 168 行
物件: /d/npc/m_weapon/weapon/m_sword#4086
呼叫来自：inherit/room/room.c 的 reset() 第 66 行，物件： d/taishan/fengchan
呼叫来自：inherit/room/room.c 的 make_inventory() 第 19 行，物件： d/taishan/fengchan
呼叫来自：clone/npc/meng-zhu.c 的 create() 第 73 行，物件： clone/npc/meng-zhu#4085 ("翱天鸣")
呼叫来自：inherit/char/npc.c 的 carry_object() 第 12 行，物件： clone/npc/meng-zhu#4085 ("翱天鸣")
呼叫来自：d/npc/m_weapon/weapon/m_sword.c 的 create() 第 41 行，物件： d/npc/m_weapon/weapon/m_sword#4086 ("/d/npc/m_weapon/weapon/m_sword")
呼叫来自：inherit/weapon/weapon.c 的 set_desc() 第 168 行，物件： d/npc/m_weapon/weapon/m_sword#4086 ("/d/npc/m_weapon/weapon/m_sword")

执行时段错误：*Bad argument 1 to call_other()
Expected: string or array or object Got: 0.

程式：feature/damage.c 第 283 行
物件: /clone/npc/meng-zhu#4085
呼叫来自：inherit/char/char.c 的 heart_beat() 第 112 行，物件： clone/npc/meng-zhu#4085 ("翱天鸣")
呼叫来自：feature/damage.c 的 heal_up() 第 283 行，物件： clone/npc/meng-zhu#4085 ("翱天鸣")
Heart beat in clone/npc/meng-zhu#4085 turned off.

执行时段错误：*Bad argument 1 to call_other()
Expected: string or array or object Got: 0.

程式：inherit/room/room.c 第 20 行
物件: /d/city/zxlpath
呼叫来自：inherit/room/room.c 的 reset() 第 66 行，物件： d/city/zxlpath
呼叫来自：inherit/room/room.c 的 make_inventory() 第 20 行，物件： d/city/zxlpath

执行时段错误：*Bad argument 1 to call_other()
Expected: string or array or object Got: 0.

程式：inherit/room/room.c 第 20 行
物件: /d/city/leitai
呼叫来自：inherit/room/room.c 的 reset() 第 66 行，物件： d/city/leitai
呼叫来自：inherit/room/room.c 的 make_inventory() 第 20 行，物件： d/city/leitai

执行时段错误：*Bad argument 1 to switch
Expected: int Got: "/d/npc/m_weapon/weapon/m_sword".

程式：inherit/weapon/weapon.c 第 168 行
物件: /d/npc/m_weapon/weapon/m_sword#4747
呼叫来自：inherit/room/room.c 的 reset() 第 66 行，物件： d/taishan/fengchan
呼叫来自：inherit/room/room.c 的 make_inventory() 第 19 行，物件： d/taishan/fengchan
呼叫来自：clone/npc/meng-zhu.c 的 create() 第 73 行，物件： clone/npc/meng-zhu#4746 ("翱天鸣")
呼叫来自：inherit/char/npc.c 的 carry_object() 第 12 行，物件： clone/npc/meng-zhu#4746 ("翱天鸣")
呼叫来自：d/npc/m_weapon/weapon/m_sword.c 的 create() 第 41 行，物件： d/npc/m_weapon/weapon/m_sword#4747 ("/d/npc/m_weapon/weapon/m_sword")
呼叫来自：inherit/weapon/weapon.c 的 set_desc() 第 168 行，物件： d/npc/m_weapon/weapon/m_sword#4747 ("/d/npc/m_weapon/weapon/m_sword")

执行时段错误：*Bad argument 1 to call_other()
Expected: string or array or object Got: 0.

程式：inherit/room/room.c 第 20 行
物件: /d/city/zxlpath
呼叫来自：inherit/room/room.c 的 reset() 第 66 行，物件： d/city/zxlpath
呼叫来自：inherit/room/room.c 的 make_inventory() 第 20 行，物件： d/city/zxlpath

执行时段错误：*Bad argument 1 to call_other()
Expected: string or array or object Got: 0.

程式：inherit/room/room.c 第 20 行
物件: /d/city/leitai
呼叫来自：inherit/room/room.c 的 reset() 第 66 行，物件： d/city/leitai
呼叫来自：inherit/room/room.c 的 make_inventory() 第 20 行，物件： d/city/leitai

执行时段错误：*Bad argument 1 to call_other()
Expected: string or array or object Got: 0.

程式：feature/damage.c 第 283 行
物件: /clone/npc/meng-zhu#4746
呼叫来自：inherit/char/char.c 的 heart_beat() 第 112 行，物件： clone/npc/meng-zhu#4746 ("翱天鸣")
呼叫来自：feature/damage.c 的 heal_up() 第 283 行，物件： clone/npc/meng-zhu#4746 ("翱天鸣")
Heart beat in clone/npc/meng-zhu#4746 turned off.

执行时段错误：*Bad argument 1 to switch
Expected: int Got: "/d/npc/m_weapon/weapon/m_sword".

程式：inherit/weapon/weapon.c 第 168 行
物件: /d/npc/m_weapon/weapon/m_sword#5227
呼叫来自：inherit/room/room.c 的 reset() 第 66 行，物件： d/taishan/fengchan
呼叫来自：inherit/room/room.c 的 make_inventory() 第 19 行，物件： d/taishan/fengchan
呼叫来自：clone/npc/meng-zhu.c 的 create() 第 73 行，物件： clone/npc/meng-zhu#5226 ("翱天鸣")
呼叫来自：inherit/char/npc.c 的 carry_object() 第 12 行，物件： clone/npc/meng-zhu#5226 ("翱天鸣")
呼叫来自：d/npc/m_weapon/weapon/m_sword.c 的 create() 第 41 行，物件： d/npc/m_weapon/weapon/m_sword#5227 ("/d/npc/m_weapon/weapon/m_sword")
呼叫来自：inherit/weapon/weapon.c 的 set_desc() 第 168 行，物件： d/npc/m_weapon/weapon/m_sword#5227 ("/d/npc/m_weapon/weapon/m_sword")

执行时段错误：*Bad argument 1 to call_other()
Expected: string or array or object Got: 0.

程式：inherit/room/room.c 第 20 行
物件: /d/city/zxlpath
呼叫来自：inherit/room/room.c 的 reset() 第 66 行，物件： d/city/zxlpath
呼叫来自：inherit/room/room.c 的 make_inventory() 第 20 行，物件： d/city/zxlpath

执行时段错误：*Bad argument 1 to call_other()
Expected: string or array or object Got: 0.

程式：inherit/room/room.c 第 20 行
物件: /d/city/leitai
呼叫来自：inherit/room/room.c 的 reset() 第 66 行，物件： d/city/leitai
呼叫来自：inherit/room/room.c 的 make_inventory() 第 20 行，物件： d/city/leitai

执行时段错误：*Bad argument 1 to call_other()
Expected: string or array or object Got: 0.

程式：feature/damage.c 第 283 行
物件: /clone/npc/meng-zhu#5226
呼叫来自：inherit/char/char.c 的 heart_beat() 第 112 行，物件： clone/npc/meng-zhu#5226 ("翱天鸣")
呼叫来自：feature/damage.c 的 heal_up() 第 283 行，物件： clone/npc/meng-zhu#5226 ("翱天鸣")
Heart beat in clone/npc/meng-zhu#5226 turned off.
Initializing internal tables....

<---海洋贰: MudOs v22pre11 (by wwj,Jan  1 1999) startup on Microsoft Windows NT at Fri Jan 07 21:48:46 2005

using config file: F:\hy\config.cfg
Can't find "mudos", ignoring old binaries.
Try invoking the driver using the full pathname.
Connected to address server on localhost port 3990
]simul_efun loaded successfully.

Loading preloaded files ...
错误讯息被拦截: 
执行时段错误：*Error in loading object '/adm/daemons/securityd'

程式：adm/single/master.c 第 99 行
物件: /adm/single/master
呼叫来自：adm/single/master.c 的 preload() 第 99 行，物件： adm/single/master
呼叫来自：adm/single/master.c 的 CATCH() 第 99 行，物件： adm/single/master
Initializations complete.

Accepting connections on port 5555.
Initializing internal tables....

<---海洋贰: MudOs v22pre11 (by wwj,Jan  1 1999) startup on Microsoft Windows NT at Thu Jan 13 11:08:18 2005

using config file: F:\hy\config.cfg
Can't find "mudos", ignoring old binaries.
Try invoking the driver using the full pathname.
Connected to address server on localhost port 3990
]simul_efun loaded successfully.

Loading preloaded files ...
错误讯息被拦截: 
执行时段错误：*Error in loading object '/adm/daemons/securityd'

程式：adm/single/master.c 第 99 行
物件: /adm/single/master
呼叫来自：adm/single/master.c 的 preload() 第 99 行，物件： adm/single/master
呼叫来自：adm/single/master.c 的 CATCH() 第 99 行，物件： adm/single/master
错误讯息被拦截: 
执行时段错误：*Bad argument 1 to switch
Expected: int Got: "/d/npc/m_weapon/weapon/m_sword".

程式：inherit/weapon/weapon.c 第 168 行
物件: /d/npc/m_weapon/weapon/m_sword
呼叫来自：adm/single/master.c 的 preload() 第 99 行，物件： adm/single/master
呼叫来自：adm/single/master.c 的 CATCH() 第 99 行，物件： adm/single/master
呼叫来自：adm/daemons/questd.c 的 create() 第 47 行，物件： adm/daemons/questd
呼叫来自：adm/daemons/questd.c 的 init_dynamic_quest() 第 155 行，物件： adm/daemons/questd
呼叫来自：adm/daemons/questd.c 的 spread_quest() 第 193 行，物件： adm/daemons/questd
呼叫来自：d/city3/southroad3.c 的 create() 第 26 行，物件： d/city3/southroad3
呼叫来自：inherit/room/room.c 的 setup() 第 215 行，物件： d/city3/southroad3
呼叫来自：inherit/room/room.c 的 reset() 第 77 行，物件： d/city3/southroad3
呼叫来自：inherit/room/room.c 的 make_inventory() 第 20 行，物件： d/city3/southroad3
呼叫来自：feature/move.c 的 move() 第 85 行，物件： d/taishan/npc/jian-ke#164 ("剑客")
呼叫来自：d/taishan/npc/jian-ke.c 的 init() 第 39 行，物件： d/taishan/npc/jian-ke#164 ("剑客")
呼叫来自：d/taishan/fengchan.c 的 create() 第 27 行，物件： d/taishan/fengchan
呼叫来自：inherit/room/room.c 的 setup() 第 215 行，物件： d/taishan/fengchan
呼叫来自：inherit/room/room.c 的 reset() 第 66 行，物件： d/taishan/fengchan
呼叫来自：inherit/room/room.c 的 make_inventory() 第 19 行，物件： d/taishan/fengchan
呼叫来自：clone/npc/meng-zhu.c 的 create() 第 73 行，物件： clone/npc/meng-zhu ("翱天鸣")
呼叫来自：inherit/char/npc.c 的 carry_object() 第 12 行，物件： clone/npc/meng-zhu ("翱天鸣")
呼叫来自：d/npc/m_weapon/weapon/m_sword.c 的 create() 第 41 行，物件： d/npc/m_weapon/weapon/m_sword ("/d/npc/m_weapon/weapon/m_sword")
呼叫来自：inherit/weapon/weapon.c 的 set_desc() 第 168 行，物件： d/npc/m_weapon/weapon/m_sword ("/d/npc/m_weapon/weapon/m_sword")
Initializations complete.

Accepting connections on port 5555.

执行时段错误：*Bad argument 1 to call_other()
Expected: string or array or object Got: 0.

程式：feature/damage.c 第 283 行
物件: /clone/npc/meng-zhu
呼叫来自：inherit/char/char.c 的 heart_beat() 第 112 行，物件： clone/npc/meng-zhu ("翱天鸣")
呼叫来自：feature/damage.c 的 heal_up() 第 283 行，物件： clone/npc/meng-zhu ("翱天鸣")
Heart beat in clone/npc/meng-zhu turned off.

执行时段错误：*Bad argument 1 to call_other()
Expected: string or array or object Got: 0.

程式：feature/damage.c 第 283 行
物件: /quest/weiguo/jinbing/jin2#359
呼叫来自：inherit/char/char.c 的 heart_beat() 第 112 行，物件： quest/weiguo/jinbing/jin2#359 ("金兵校尉")
呼叫来自：feature/damage.c 的 heal_up() 第 283 行，物件： quest/weiguo/jinbing/jin2#359 ("金兵校尉")
Heart beat in quest/weiguo/jinbing/jin2#359 turned off.

执行时段错误：*Bad argument 1 to call_other()
Expected: string or array or object Got: 0.

程式：feature/damage.c 第 283 行
物件: /quest/weiguo/jinbing/jin1#378
呼叫来自：inherit/char/char.c 的 heart_beat() 第 112 行，物件： quest/weiguo/jinbing/jin1#378 ("金兵")
呼叫来自：feature/damage.c 的 heal_up() 第 283 行，物件： quest/weiguo/jinbing/jin1#378 ("金兵")
Heart beat in quest/weiguo/jinbing/jin1#378 turned off.

执行时段错误：*Bad argument 1 to call_other()
Expected: string or array or object Got: 0.

程式：feature/damage.c 第 283 行
物件: /quest/weiguo/jinbing/jin1#370
呼叫来自：inherit/char/char.c 的 heart_beat() 第 112 行，物件： quest/weiguo/jinbing/jin1#370 ("金兵")
呼叫来自：feature/damage.c 的 heal_up() 第 283 行，物件： quest/weiguo/jinbing/jin1#370 ("金兵")
Heart beat in quest/weiguo/jinbing/jin1#370 turned off.

执行时段错误：*Bad argument 1 to call_other()
Expected: string or array or object Got: 0.

程式：feature/damage.c 第 283 行
物件: /quest/weiguo/jinbing/jin2#363
呼叫来自：inherit/char/char.c 的 heart_beat() 第 112 行，物件： quest/weiguo/jinbing/jin2#363 ("金兵校尉")
呼叫来自：feature/damage.c 的 heal_up() 第 283 行，物件： quest/weiguo/jinbing/jin2#363 ("金兵校尉")
Heart beat in quest/weiguo/jinbing/jin2#363 turned off.

执行时段错误：*Bad argument 1 to call_other()
Expected: string or array or object Got: 0.

程式：feature/damage.c 第 283 行
物件: /quest/weiguo/jinbing/jin1#374
呼叫来自：inherit/char/char.c 的 heart_beat() 第 112 行，物件： quest/weiguo/jinbing/jin1#374 ("金兵")
呼叫来自：feature/damage.c 的 heal_up() 第 283 行，物件： quest/weiguo/jinbing/jin1#374 ("金兵")
Heart beat in quest/weiguo/jinbing/jin1#374 turned off.

执行时段错误：*Bad argument 1 to call_other()
Expected: string or array or object Got: 0.

程式：feature/damage.c 第 283 行
物件: /quest/weiguo/jinbing/jin1#382
呼叫来自：inherit/char/char.c 的 heart_beat() 第 112 行，物件： quest/weiguo/jinbing/jin1#382 ("金兵")
呼叫来自：feature/damage.c 的 heal_up() 第 283 行，物件： quest/weiguo/jinbing/jin1#382 ("金兵")
Heart beat in quest/weiguo/jinbing/jin1#382 turned off.

执行时段错误：*Bad argument 1 to call_other()
Expected: string or array or object Got: 0.

程式：inherit/room/room.c 第 20 行
物件: /d/city/zxlpath
呼叫来自：inherit/char/char.c 的 heart_beat() 第 99 行，物件： d/city/npc/xunbu#735 ("上官巡捕")
呼叫来自：inherit/char/npc.c 的 chat() 第 104 行，物件： d/city/npc/xunbu#735 ("上官巡捕")
呼叫来自：<function> 的 <function>() 第 0 行，物件： d/city/npc/xunbu#735 ("上官巡捕")
呼叫来自：inherit/char/npc.c 的 random_move() 第 118 行，物件： d/city/npc/xunbu#735 ("上官巡捕")
呼叫来自：feature/command.c 的 command_hook() 第 63 行，物件： d/city/npc/xunbu#735 ("上官巡捕")
呼叫来自：cmds/std/go.c 的 main() 第 108 行，物件： cmds/std/go
呼叫来自：d/city/zxlpath.c 的 create() 第 26 行，物件： d/city/zxlpath
呼叫来自：inherit/room/room.c 的 setup() 第 215 行，物件： d/city/zxlpath
呼叫来自：inherit/room/room.c 的 reset() 第 66 行，物件： d/city/zxlpath
呼叫来自：inherit/room/room.c 的 make_inventory() 第 20 行，物件： d/city/zxlpath
Heart beat in d/city/npc/xunbu#735 turned off.

执行时段错误：*Bad argument 1 to call_other()
Expected: string or array or object Got: 0.

程式：inherit/room/room.c 第 20 行
物件: /d/city/leitai
呼叫来自：inherit/char/char.c 的 heart_beat() 第 99 行，物件： d/quanzhen/npc/youfang#406 ("游方道人")
呼叫来自：inherit/char/npc.c 的 chat() 第 104 行，物件： d/quanzhen/npc/youfang#406 ("游方道人")
呼叫来自：<function> 的 <function>() 第 0 行，物件： d/quanzhen/npc/youfang#406 ("游方道人")
呼叫来自：inherit/char/npc.c 的 random_move() 第 118 行，物件： d/quanzhen/npc/youfang#406 ("游方道人")
呼叫来自：feature/command.c 的 command_hook() 第 63 行，物件： d/quanzhen/npc/youfang#406 ("游方道人")
呼叫来自：cmds/std/go.c 的 main() 第 108 行，物件： cmds/std/go
呼叫来自：d/city/leitai.c 的 create() 第 33 行，物件： d/city/leitai
呼叫来自：inherit/room/room.c 的 setup() 第 215 行，物件： d/city/leitai
呼叫来自：inherit/room/room.c 的 reset() 第 66 行，物件： d/city/leitai
呼叫来自：inherit/room/room.c 的 make_inventory() 第 20 行，物件： d/city/leitai
Heart beat in d/quanzhen/npc/youfang#406 turned off.

执行时段错误：*Bad argument 1 to switch
Expected: int Got: "/d/npc/m_weapon/weapon/m_sword".

程式：inherit/weapon/weapon.c 第 168 行
物件: /d/npc/m_weapon/weapon/m_sword#930
呼叫来自：inherit/room/room.c 的 reset() 第 66 行，物件： d/taishan/fengchan
呼叫来自：inherit/room/room.c 的 make_inventory() 第 19 行，物件： d/taishan/fengchan
呼叫来自：clone/npc/meng-zhu.c 的 create() 第 73 行，物件： clone/npc/meng-zhu#929 ("翱天鸣")
呼叫来自：inherit/char/npc.c 的 carry_object() 第 12 行，物件： clone/npc/meng-zhu#929 ("翱天鸣")
呼叫来自：d/npc/m_weapon/weapon/m_sword.c 的 create() 第 41 行，物件： d/npc/m_weapon/weapon/m_sword#930 ("/d/npc/m_weapon/weapon/m_sword")
呼叫来自：inherit/weapon/weapon.c 的 set_desc() 第 168 行，物件： d/npc/m_weapon/weapon/m_sword#930 ("/d/npc/m_weapon/weapon/m_sword")

执行时段错误：*Bad argument 1 to call_other()
Expected: string or array or object Got: 0.

程式：feature/damage.c 第 283 行
物件: /clone/npc/meng-zhu#929
呼叫来自：inherit/char/char.c 的 heart_beat() 第 112 行，物件： clone/npc/meng-zhu#929 ("翱天鸣")
呼叫来自：feature/damage.c 的 heal_up() 第 283 行，物件： clone/npc/meng-zhu#929 ("翱天鸣")
Heart beat in clone/npc/meng-zhu#929 turned off.
Initializing internal tables....

<---海洋贰: MudOs v22pre11 (by wwj,Jan  1 1999) startup on Microsoft Windows NT at Thu Jan 13 11:34:08 2005

using config file: F:\hy\config.cfg
Can't find "mudos", ignoring old binaries.
Try invoking the driver using the full pathname.
Connected to address server on localhost port 3990
]simul_efun loaded successfully.

Loading preloaded files ...
错误讯息被拦截: 
执行时段错误：*Error in loading object '/adm/daemons/securityd'

程式：adm/single/master.c 第 99 行
物件: /adm/single/master
呼叫来自：adm/single/master.c 的 preload() 第 99 行，物件： adm/single/master
呼叫来自：adm/single/master.c 的 CATCH() 第 99 行，物件： adm/single/master
错误讯息被拦截: 
执行时段错误：*Bad argument 1 to switch
Expected: int Got: "/d/npc/m_weapon/weapon/m_sword".

程式：inherit/weapon/weapon.c 第 168 行
物件: /d/npc/m_weapon/weapon/m_sword
呼叫来自：adm/single/master.c 的 preload() 第 99 行，物件： adm/single/master
呼叫来自：adm/single/master.c 的 CATCH() 第 99 行，物件： adm/single/master
呼叫来自：adm/daemons/questd.c 的 create() 第 47 行，物件： adm/daemons/questd
呼叫来自：adm/daemons/questd.c 的 init_dynamic_quest() 第 155 行，物件： adm/daemons/questd
呼叫来自：adm/daemons/questd.c 的 spread_quest() 第 193 行，物件： adm/daemons/questd
呼叫来自：d/city3/southroad3.c 的 create() 第 26 行，物件： d/city3/southroad3
呼叫来自：inherit/room/room.c 的 setup() 第 215 行，物件： d/city3/southroad3
呼叫来自：inherit/room/room.c 的 reset() 第 77 行，物件： d/city3/southroad3
呼叫来自：inherit/room/room.c 的 make_inventory() 第 20 行，物件： d/city3/southroad3
呼叫来自：feature/move.c 的 move() 第 85 行，物件： d/taishan/npc/jian-ke#88 ("剑客")
呼叫来自：d/taishan/npc/jian-ke.c 的 init() 第 39 行，物件： d/taishan/npc/jian-ke#88 ("剑客")
呼叫来自：d/taishan/fengchan.c 的 create() 第 27 行，物件： d/taishan/fengchan
呼叫来自：inherit/room/room.c 的 setup() 第 215 行，物件： d/taishan/fengchan
呼叫来自：inherit/room/room.c 的 reset() 第 66 行，物件： d/taishan/fengchan
呼叫来自：inherit/room/room.c 的 make_inventory() 第 19 行，物件： d/taishan/fengchan
呼叫来自：clone/npc/meng-zhu.c 的 create() 第 73 行，物件： clone/npc/meng-zhu ("翱天鸣")
呼叫来自：inherit/char/npc.c 的 carry_object() 第 12 行，物件： clone/npc/meng-zhu ("翱天鸣")
呼叫来自：d/npc/m_weapon/weapon/m_sword.c 的 create() 第 41 行，物件： d/npc/m_weapon/weapon/m_sword ("/d/npc/m_weapon/weapon/m_sword")
呼叫来自：inherit/weapon/weapon.c 的 set_desc() 第 168 行，物件： d/npc/m_weapon/weapon/m_sword ("/d/npc/m_weapon/weapon/m_sword")
Initializations complete.

Accepting connections on port 5555.

执行时段错误：*Bad argument 1 to call_other()
Expected: string or array or object Got: 0.

程式：feature/damage.c 第 283 行
物件: /clone/npc/meng-zhu
呼叫来自：inherit/char/char.c 的 heart_beat() 第 112 行，物件： clone/npc/meng-zhu ("翱天鸣")
呼叫来自：feature/damage.c 的 heal_up() 第 283 行，物件： clone/npc/meng-zhu ("翱天鸣")
Heart beat in clone/npc/meng-zhu turned off.
Initializing internal tables....

<---海洋贰: MudOs v22pre11 (by wwj,Jan  1 1999) startup on Microsoft Windows NT at Thu Jan 13 13:06:39 2005

using config file: F:\hy\config.cfg
Can't find "mudos", ignoring old binaries.
Try invoking the driver using the full pathname.
Connected to address server on localhost port 3990
]simul_efun loaded successfully.

Loading preloaded files ...
错误讯息被拦截: 
执行时段错误：*Error in loading object '/adm/daemons/securityd'

程式：adm/single/master.c 第 99 行
物件: /adm/single/master
呼叫来自：adm/single/master.c 的 preload() 第 99 行，物件： adm/single/master
呼叫来自：adm/single/master.c 的 CATCH() 第 99 行，物件： adm/single/master
Initializations complete.

Accepting connections on port 5555.

执行时段错误：*Bad argument 1 to call_other()
Expected: string or array or object Got: 0.

程式：inherit/room/room.c 第 20 行
物件: /d/city/leitai
呼叫来自：inherit/char/char.c 的 heart_beat() 第 99 行，物件： d/mingjiao/yuan/zhaomin#556 ("赵敏")
呼叫来自：inherit/char/npc.c 的 chat() 第 104 行，物件： d/mingjiao/yuan/zhaomin#556 ("赵敏")
呼叫来自：<function> 的 <function>() 第 0 行，物件： d/mingjiao/yuan/zhaomin#556 ("赵敏")
呼叫来自：inherit/char/npc.c 的 random_move() 第 118 行，物件： d/mingjiao/yuan/zhaomin#556 ("赵敏")
呼叫来自：feature/command.c 的 command_hook() 第 63 行，物件： d/mingjiao/yuan/zhaomin#556 ("赵敏")
呼叫来自：cmds/std/go.c 的 main() 第 108 行，物件： cmds/std/go
呼叫来自：d/city/leitai.c 的 create() 第 33 行，物件： d/city/leitai
呼叫来自：inherit/room/room.c 的 setup() 第 215 行，物件： d/city/leitai
呼叫来自：inherit/room/room.c 的 reset() 第 66 行，物件： d/city/leitai
呼叫来自：inherit/room/room.c 的 make_inventory() 第 20 行，物件： d/city/leitai
Heart beat in d/mingjiao/yuan/zhaomin#556 turned off.
Initializing internal tables....
][1;31m【系统】千堆雪(Lywin)：断线了。
[2;37;0m
<---海洋贰: MudOs v22pre11 (by wwj,Jan  1 1999) startup on Microsoft Windows NT at Mon Jan 24 17:46:54 2005

using config file: F:\hy\config.cfg
Can't find "mudos", ignoring old binaries.
Try invoking the driver using the full pathname.
Connected to address server on localhost port 3990
]simul_efun loaded successfully.

Loading preloaded files ...
错误讯息被拦截: 
执行时段错误：*Error in loading object '/adm/daemons/securityd'

程式：adm/single/master.c 第 99 行
物件: /adm/single/master
呼叫来自：adm/single/master.c 的 preload() 第 99 行，物件： adm/single/master
呼叫来自：adm/single/master.c 的 CATCH() 第 99 行，物件： adm/single/master
错误讯息被拦截: 
执行时段错误：*Bad argument 1 to switch
Expected: int Got: "/d/npc/m_weapon/weapon/m_sword".

程式：inherit/weapon/weapon.c 第 168 行
物件: /d/npc/m_weapon/weapon/m_sword
呼叫来自：adm/single/master.c 的 preload() 第 99 行，物件： adm/single/master
呼叫来自：adm/single/master.c 的 CATCH() 第 99 行，物件： adm/single/master
呼叫来自：adm/daemons/questd.c 的 create() 第 47 行，物件： adm/daemons/questd
呼叫来自：adm/daemons/questd.c 的 init_dynamic_quest() 第 155 行，物件： adm/daemons/questd
呼叫来自：adm/daemons/questd.c 的 spread_quest() 第 193 行，物件： adm/daemons/questd
呼叫来自：d/city3/southroad3.c 的 create() 第 26 行，物件： d/city3/southroad3
呼叫来自：inherit/room/room.c 的 setup() 第 215 行，物件： d/city3/southroad3
呼叫来自：inherit/room/room.c 的 reset() 第 77 行，物件： d/city3/southroad3
呼叫来自：inherit/room/room.c 的 make_inventory() 第 20 行，物件： d/city3/southroad3
呼叫来自：feature/move.c 的 move() 第 85 行，物件： d/taishan/npc/jian-ke#185 ("剑客")
呼叫来自：d/taishan/npc/jian-ke.c 的 init() 第 39 行，物件： d/taishan/npc/jian-ke#185 ("剑客")
呼叫来自：d/taishan/fengchan.c 的 create() 第 27 行，物件： d/taishan/fengchan
呼叫来自：inherit/room/room.c 的 setup() 第 215 行，物件： d/taishan/fengchan
呼叫来自：inherit/room/room.c 的 reset() 第 66 行，物件： d/taishan/fengchan
呼叫来自：inherit/room/room.c 的 make_inventory() 第 19 行，物件： d/taishan/fengchan
呼叫来自：clone/npc/meng-zhu.c 的 create() 第 73 行，物件： clone/npc/meng-zhu ("翱天鸣")
呼叫来自：inherit/char/npc.c 的 carry_object() 第 12 行，物件： clone/npc/meng-zhu ("翱天鸣")
呼叫来自：d/npc/m_weapon/weapon/m_sword.c 的 create() 第 41 行，物件： d/npc/m_weapon/weapon/m_sword ("/d/npc/m_weapon/weapon/m_sword")
呼叫来自：inherit/weapon/weapon.c 的 set_desc() 第 168 行，物件： d/npc/m_weapon/weapon/m_sword ("/d/npc/m_weapon/weapon/m_sword")
Initializations complete.

Accepting connections on port 5555.

执行时段错误：*Bad argument 1 to call_other()
Expected: string or array or object Got: 0.

程式：feature/damage.c 第 283 行
物件: /clone/npc/meng-zhu
呼叫来自：inherit/char/char.c 的 heart_beat() 第 112 行，物件： clone/npc/meng-zhu ("翱天鸣")
呼叫来自：feature/damage.c 的 heal_up() 第 283 行，物件： clone/npc/meng-zhu ("翱天鸣")
Heart beat in clone/npc/meng-zhu turned off.

执行时段错误：*Bad argument 1 to call_other()
Expected: string or array or object Got: 0.

程式：feature/damage.c 第 283 行
物件: /clone/npc/fa-e
呼叫来自：inherit/char/char.c 的 heart_beat() 第 112 行，物件： clone/npc/fa-e ("银票")
呼叫来自：feature/damage.c 的 heal_up() 第 283 行，物件： clone/npc/fa-e ("银票")
Heart beat in clone/npc/fa-e turned off.

执行时段错误：*Bad argument 1 to switch
Expected: int Got: "/d/npc/m_weapon/weapon/m_sword".

程式：inherit/weapon/weapon.c 第 168 行
物件: /d/npc/m_weapon/weapon/m_sword#1215
呼叫来自：inherit/room/room.c 的 reset() 第 66 行，物件： d/taishan/fengchan
呼叫来自：inherit/room/room.c 的 make_inventory() 第 19 行，物件： d/taishan/fengchan
呼叫来自：clone/npc/meng-zhu.c 的 create() 第 73 行，物件： clone/npc/meng-zhu#1214 ("翱天鸣")
呼叫来自：inherit/char/npc.c 的 carry_object() 第 12 行，物件： clone/npc/meng-zhu#1214 ("翱天鸣")
呼叫来自：d/npc/m_weapon/weapon/m_sword.c 的 create() 第 41 行，物件： d/npc/m_weapon/weapon/m_sword#1215 ("/d/npc/m_weapon/weapon/m_sword")
呼叫来自：inherit/weapon/weapon.c 的 set_desc() 第 168 行，物件： d/npc/m_weapon/weapon/m_sword#1215 ("/d/npc/m_weapon/weapon/m_sword")

执行时段错误：*Bad argument 1 to call_other()
Expected: string or array or object Got: 0.

程式：inherit/room/room.c 第 20 行
物件: /d/city/leitai
呼叫来自：inherit/char/char.c 的 heart_beat() 第 99 行，物件： d/city/npc/xunbu#49 ("慕容巡捕")
呼叫来自：inherit/char/npc.c 的 chat() 第 104 行，物件： d/city/npc/xunbu#49 ("慕容巡捕")
呼叫来自：<function> 的 <function>() 第 0 行，物件： d/city/npc/xunbu#49 ("慕容巡捕")
呼叫来自：inherit/char/npc.c 的 random_move() 第 118 行，物件： d/city/npc/xunbu#49 ("慕容巡捕")
呼叫来自：feature/command.c 的 command_hook() 第 63 行，物件： d/city/npc/xunbu#49 ("慕容巡捕")
呼叫来自：cmds/std/go.c 的 main() 第 108 行，物件： cmds/std/go
呼叫来自：d/city/leitai.c 的 create() 第 33 行，物件： d/city/leitai
呼叫来自：inherit/room/room.c 的 setup() 第 215 行，物件： d/city/leitai
呼叫来自：inherit/room/room.c 的 reset() 第 66 行，物件： d/city/leitai
呼叫来自：inherit/room/room.c 的 make_inventory() 第 20 行，物件： d/city/leitai
Heart beat in d/city/npc/xunbu#49 turned off.

执行时段错误：*Bad argument 1 to call_other()
Expected: string or array or object Got: 0.

程式：feature/damage.c 第 283 行
物件: /clone/npc/meng-zhu#1214
呼叫来自：inherit/char/char.c 的 heart_beat() 第 112 行，物件： clone/npc/meng-zhu#1214 ("翱天鸣")
呼叫来自：feature/damage.c 的 heal_up() 第 283 行，物件： clone/npc/meng-zhu#1214 ("翱天鸣")
Heart beat in clone/npc/meng-zhu#1214 turned off.

执行时段错误：*Bad argument 1 to switch
Expected: int Got: "/d/npc/m_weapon/weapon/m_sword".

程式：inherit/weapon/weapon.c 第 168 行
物件: /d/npc/m_weapon/weapon/m_sword#1610
呼叫来自：inherit/room/room.c 的 reset() 第 66 行，物件： d/taishan/fengchan
呼叫来自：inherit/room/room.c 的 make_inventory() 第 19 行，物件： d/taishan/fengchan
呼叫来自：clone/npc/meng-zhu.c 的 create() 第 73 行，物件： clone/npc/meng-zhu#1609 ("翱天鸣")
呼叫来自：inherit/char/npc.c 的 carry_object() 第 12 行，物件： clone/npc/meng-zhu#1609 ("翱天鸣")
呼叫来自：d/npc/m_weapon/weapon/m_sword.c 的 create() 第 41 行，物件： d/npc/m_weapon/weapon/m_sword#1610 ("/d/npc/m_weapon/weapon/m_sword")
呼叫来自：inherit/weapon/weapon.c 的 set_desc() 第 168 行，物件： d/npc/m_weapon/weapon/m_sword#1610 ("/d/npc/m_weapon/weapon/m_sword")

执行时段错误：*Bad argument 1 to call_other()
Expected: string or array or object Got: 0.

程式：feature/damage.c 第 283 行
物件: /clone/npc/meng-zhu#1609
呼叫来自：inherit/char/char.c 的 heart_beat() 第 112 行，物件： clone/npc/meng-zhu#1609 ("翱天鸣")
呼叫来自：feature/damage.c 的 heal_up() 第 283 行，物件： clone/npc/meng-zhu#1609 ("翱天鸣")
Heart beat in clone/npc/meng-zhu#1609 turned off.
Initializing internal tables....

<---海洋贰: MudOs v22pre11 (by wwj,Jan  1 1999) startup on Microsoft Windows NT at Tue Jan 25 11:19:49 2005

using config file: F:\hy\config.cfg
Can't find "mudos", ignoring old binaries.
Try invoking the driver using the full pathname.
Connected to address server on localhost port 3990
]simul_efun loaded successfully.

Loading preloaded files ...
错误讯息被拦截: 
执行时段错误：*Error in loading object '/adm/daemons/securityd'

程式：adm/single/master.c 第 99 行
物件: /adm/single/master
呼叫来自：adm/single/master.c 的 preload() 第 99 行，物件： adm/single/master
呼叫来自：adm/single/master.c 的 CATCH() 第 99 行，物件： adm/single/master
Initializations complete.

Accepting connections on port 5555.

执行时段错误：*set_leader: Cannot set this_object() as leader.

程式：feature/team.c 第 12 行
物件: /d/city/npc/xunbu#803
呼叫来自：inherit/char/char.c 的 heart_beat() 第 99 行，物件： d/city/npc/xunbu#803 ("流星巡捕")
呼叫来自：inherit/char/npc.c 的 chat() 第 104 行，物件： d/city/npc/xunbu#803 ("流星巡捕")
呼叫来自：<function> 的 <function>() 第 0 行，物件： d/city/npc/xunbu#803 ("流星巡捕")
呼叫来自：inherit/char/npc.c 的 random_move() 第 118 行，物件： d/city/npc/xunbu#803 ("流星巡捕")
呼叫来自：feature/command.c 的 command_hook() 第 63 行，物件： d/city/npc/xunbu#803 ("流星巡捕")
呼叫来自：cmds/std/go.c 的 main() 第 70 行，物件： cmds/std/go
呼叫来自：d/city2/xiyuan.c 的 valid_leave() 第 76 行，物件： d/city2/xiyuan
呼叫来自：feature/team.c 的 set_leader() 第 12 行，物件： d/city/npc/xunbu#803 ("流星巡捕")
Heart beat in d/city/npc/xunbu#803 turned off.

执行时段错误：*Bad argument 1 to call_other()
Expected: string or array or object Got: 0.

程式：inherit/room/room.c 第 20 行
物件: /d/city/leitai
呼叫来自：inherit/char/char.c 的 heart_beat() 第 99 行，物件： d/quanzhen/npc/youfang#1021 ("游方道人")
呼叫来自：inherit/char/npc.c 的 chat() 第 104 行，物件： d/quanzhen/npc/youfang#1021 ("游方道人")
呼叫来自：<function> 的 <function>() 第 0 行，物件： d/quanzhen/npc/youfang#1021 ("游方道人")
呼叫来自：inherit/char/npc.c 的 random_move() 第 118 行，物件： d/quanzhen/npc/youfang#1021 ("游方道人")
呼叫来自：feature/command.c 的 command_hook() 第 63 行，物件： d/quanzhen/npc/youfang#1021 ("游方道人")
呼叫来自：cmds/std/go.c 的 main() 第 108 行，物件： cmds/std/go
呼叫来自：d/city/leitai.c 的 create() 第 33 行，物件： d/city/leitai
呼叫来自：inherit/room/room.c 的 setup() 第 215 行，物件： d/city/leitai
呼叫来自：inherit/room/room.c 的 reset() 第 66 行，物件： d/city/leitai
呼叫来自：inherit/room/room.c 的 make_inventory() 第 20 行，物件： d/city/leitai
Heart beat in d/quanzhen/npc/youfang#1021 turned off.

执行时段错误：*F_DAMAGE: 伤害值为负值。

程式：feature/damage.c 第 17 行
物件: /clone/user/user#171
呼叫来自：feature/command.c 的 command_hook() 第 63 行，物件： clone/user/user#171 ("千堆雪")
呼叫来自：cmds/std/train.c 的 main() 第 57 行，物件： cmds/std/train
呼叫来自：feature/damage.c 的 receive_damage() 第 17 行，物件： clone/user/user#171 ("千堆雪")

执行时段错误：*F_DAMAGE: 伤害值为负值。

程式：feature/damage.c 第 17 行
物件: /clone/user/user#171
呼叫来自：feature/command.c 的 command_hook() 第 63 行，物件： clone/user/user#171 ("千堆雪")
呼叫来自：cmds/std/train.c 的 main() 第 57 行，物件： cmds/std/train
呼叫来自：feature/damage.c 的 receive_damage() 第 17 行，物件： clone/user/user#171 ("千堆雪")
][1;31m【系统】千堆雪(Lywin)：断线了。
[2;37;0m
执行时段错误：*Bad argument 1 to switch
Expected: int Got: "/d/npc/m_weapon/weapon/m_sword".

程式：inherit/weapon/weapon.c 第 168 行
物件: /d/npc/m_weapon/weapon/m_sword
呼叫来自：adm/daemons/cron.c 的 countdown() 第 98 行，物件： adm/daemons/cron
呼叫来自：adm/daemons/questd.c 的 init_dynamic_quest() 第 155 行，物件： adm/daemons/questd
呼叫来自：adm/daemons/questd.c 的 spread_quest() 第 193 行，物件： adm/daemons/questd
呼叫来自：d/taishan/nantian.c 的 create() 第 28 行，物件： d/taishan/nantian
呼叫来自：inherit/room/room.c 的 setup() 第 215 行，物件： d/taishan/nantian
呼叫来自：inherit/room/room.c 的 reset() 第 77 行，物件： d/taishan/nantian
呼叫来自：inherit/room/room.c 的 make_inventory() 第 20 行，物件： d/taishan/nantian
呼叫来自：feature/move.c 的 move() 第 85 行，物件： d/taishan/npc/wei-shi3#1327 ("青衣武士")
呼叫来自：d/taishan/npc/wei-shi3.c 的 init() 第 53 行，物件： d/taishan/npc/wei-shi3#1327 ("青衣武士")
呼叫来自：clone/npc/meng-zhu.c 的 create() 第 73 行，物件： clone/npc/meng-zhu ("翱天鸣")
呼叫来自：inherit/char/npc.c 的 carry_object() 第 12 行，物件： clone/npc/meng-zhu ("翱天鸣")
呼叫来自：d/npc/m_weapon/weapon/m_sword.c 的 create() 第 41 行，物件： d/npc/m_weapon/weapon/m_sword ("/d/npc/m_weapon/weapon/m_sword")
呼叫来自：inherit/weapon/weapon.c 的 set_desc() 第 168 行，物件： d/npc/m_weapon/weapon/m_sword ("/d/npc/m_weapon/weapon/m_sword")

执行时段错误：*Bad argument 1 to call_other()
Expected: string or array or object Got: 0.

程式：feature/damage.c 第 283 行
物件: /clone/npc/meng-zhu
呼叫来自：inherit/char/char.c 的 heart_beat() 第 112 行，物件： clone/npc/meng-zhu ("翱天鸣")
呼叫来自：feature/damage.c 的 heal_up() 第 283 行，物件： clone/npc/meng-zhu ("翱天鸣")
Heart beat in clone/npc/meng-zhu turned off.

执行时段错误：*Bad argument 1 to call_other()
Expected: string or array or object Got: 0.

程式：inherit/room/room.c 第 20 行
物件: /d/city/zxlpath
呼叫来自：inherit/char/char.c 的 heart_beat() 第 99 行，物件： kungfu/class/btshan/ouyangke#1145 ("欧阳克")
呼叫来自：inherit/char/npc.c 的 chat() 第 104 行，物件： kungfu/class/btshan/ouyangke#1145 ("欧阳克")
呼叫来自：<function> 的 <function>() 第 0 行，物件： kungfu/class/btshan/ouyangke#1145 ("欧阳克")
呼叫来自：inherit/char/npc.c 的 random_move() 第 118 行，物件： kungfu/class/btshan/ouyangke#1145 ("欧阳克")
呼叫来自：feature/command.c 的 command_hook() 第 63 行，物件： kungfu/class/btshan/ouyangke#1145 ("欧阳克")
呼叫来自：cmds/std/go.c 的 main() 第 108 行，物件： cmds/std/go
呼叫来自：d/city/zxlpath.c 的 create() 第 26 行，物件： d/city/zxlpath
呼叫来自：inherit/room/room.c 的 setup() 第 215 行，物件： d/city/zxlpath
呼叫来自：inherit/room/room.c 的 reset() 第 66 行，物件： d/city/zxlpath
呼叫来自：inherit/room/room.c 的 make_inventory() 第 20 行，物件： d/city/zxlpath
Heart beat in kungfu/class/btshan/ouyangke#1145 turned off.

执行时段错误：*Bad argument 1 to switch
Expected: int Got: "/d/npc/m_weapon/weapon/m_sword".

程式：inherit/weapon/weapon.c 第 168 行
物件: /d/npc/m_weapon/weapon/m_sword#1535
呼叫来自：inherit/char/char.c 的 heart_beat() 第 99 行，物件： d/village/npc/poorman#671 ("穷汉")
呼叫来自：inherit/char/npc.c 的 chat() 第 104 行，物件： d/village/npc/poorman#671 ("穷汉")
呼叫来自：<function> 的 <function>() 第 0 行，物件： d/village/npc/poorman#671 ("穷汉")
呼叫来自：inherit/char/npc.c 的 random_move() 第 118 行，物件： d/village/npc/poorman#671 ("穷汉")
呼叫来自：feature/command.c 的 command_hook() 第 63 行，物件： d/village/npc/poorman#671 ("穷汉")
呼叫来自：cmds/std/go.c 的 main() 第 208 行，物件： cmds/std/go
呼叫来自：feature/move.c 的 move() 第 85 行，物件： d/village/npc/poorman#671 ("穷汉")
呼叫来自：d/taishan/npc/dao-ke.c 的 init() 第 37 行，物件： d/taishan/npc/dao-ke#1514 ("刀客")
呼叫来自：d/taishan/fengchan.c 的 create() 第 27 行，物件： d/taishan/fengchan
呼叫来自：inherit/room/room.c 的 setup() 第 215 行，物件： d/taishan/fengchan
呼叫来自：inherit/room/room.c 的 reset() 第 66 行，物件： d/taishan/fengchan
呼叫来自：inherit/room/room.c 的 make_inventory() 第 19 行，物件： d/taishan/fengchan
呼叫来自：clone/npc/meng-zhu.c 的 create() 第 73 行，物件： clone/npc/meng-zhu#1534 ("翱天鸣")
呼叫来自：inherit/char/npc.c 的 carry_object() 第 12 行，物件： clone/npc/meng-zhu#1534 ("翱天鸣")
呼叫来自：d/npc/m_weapon/weapon/m_sword.c 的 create() 第 41 行，物件： d/npc/m_weapon/weapon/m_sword#1535 ("/d/npc/m_weapon/weapon/m_sword")
呼叫来自：inherit/weapon/weapon.c 的 set_desc() 第 168 行，物件： d/npc/m_weapon/weapon/m_sword#1535 ("/d/npc/m_weapon/weapon/m_sword")
Heart beat in d/village/npc/poorman#671 turned off.

执行时段错误：*Bad argument 1 to call_other()
Expected: string or array or object Got: 0.

程式：feature/damage.c 第 283 行
物件: /clone/npc/fa-e
呼叫来自：inherit/char/char.c 的 heart_beat() 第 112 行，物件： clone/npc/fa-e ("银票")
呼叫来自：feature/damage.c 的 heal_up() 第 283 行，物件： clone/npc/fa-e ("银票")
Heart beat in clone/npc/fa-e turned off.

执行时段错误：*Bad argument 1 to call_other()
Expected: string or array or object Got: 0.

程式：inherit/room/room.c 第 20 行
物件: /d/city/leitai
呼叫来自：inherit/room/room.c 的 reset() 第 66 行，物件： d/city/leitai
呼叫来自：inherit/room/room.c 的 make_inventory() 第 20 行，物件： d/city/leitai

执行时段错误：*Bad argument 1 to call_other()
Expected: string or array or object Got: 0.

程式：feature/damage.c 第 283 行
物件: /clone/npc/shang-shan
呼叫来自：inherit/char/char.c 的 heart_beat() 第 112 行，物件： clone/npc/shang-shan ("琪琪")
呼叫来自：feature/damage.c 的 heal_up() 第 283 行，物件： clone/npc/shang-shan ("琪琪")
Heart beat in clone/npc/shang-shan turned off.

执行时段错误：*Bad argument 1 to call_other()
Expected: string or array or object Got: 0.

程式：feature/damage.c 第 283 行
物件: /clone/npc/meng-zhu#1534
呼叫来自：inherit/char/char.c 的 heart_beat() 第 112 行，物件： clone/npc/meng-zhu#1534 ("翱天鸣")
呼叫来自：feature/damage.c 的 heal_up() 第 283 行，物件： clone/npc/meng-zhu#1534 ("翱天鸣")
Heart beat in clone/npc/meng-zhu#1534 turned off.

执行时段错误：*set_leader: Cannot set this_object() as leader.

程式：feature/team.c 第 12 行
物件: /d/city/npc/xunbu#807
呼叫来自：inherit/char/char.c 的 heart_beat() 第 99 行，物件： d/city/npc/xunbu#807 ("欧阳巡捕")
呼叫来自：inherit/char/npc.c 的 chat() 第 104 行，物件： d/city/npc/xunbu#807 ("欧阳巡捕")
呼叫来自：<function> 的 <function>() 第 0 行，物件： d/city/npc/xunbu#807 ("欧阳巡捕")
呼叫来自：inherit/char/npc.c 的 random_move() 第 118 行，物件： d/city/npc/xunbu#807 ("欧阳巡捕")
呼叫来自：feature/command.c 的 command_hook() 第 63 行，物件： d/city/npc/xunbu#807 ("欧阳巡捕")
呼叫来自：cmds/std/go.c 的 main() 第 70 行，物件： cmds/std/go
呼叫来自：d/city2/xiyuan.c 的 valid_leave() 第 76 行，物件： d/city2/xiyuan
呼叫来自：feature/team.c 的 set_leader() 第 12 行，物件： d/city/npc/xunbu#807 ("欧阳巡捕")
Heart beat in d/city/npc/xunbu#807 turned off.
Initializing internal tables....
][1;31m【系统】千堆雪(Lywin)：断线了。
[2;37;0m
<---海洋贰: MudOs v22pre11 (by wwj,Jan  1 1999) startup on Microsoft Windows NT at Tue Jan 25 12:31:32 2005

using config file: F:\hy\config.cfg
Can't find "mudos", ignoring old binaries.
Try invoking the driver using the full pathname.
Connected to address server on localhost port 3990
]simul_efun loaded successfully.

Loading preloaded files ...
错误讯息被拦截: 
执行时段错误：*Error in loading object '/adm/daemons/securityd'

程式：adm/single/master.c 第 99 行
物件: /adm/single/master
呼叫来自：adm/single/master.c 的 preload() 第 99 行，物件： adm/single/master
呼叫来自：adm/single/master.c 的 CATCH() 第 99 行，物件： adm/single/master
错误讯息被拦截: 
执行时段错误：*Bad argument 1 to switch
Expected: int Got: "/d/npc/m_weapon/weapon/m_sword".

程式：inherit/weapon/weapon.c 第 168 行
物件: /d/npc/m_weapon/weapon/m_sword
呼叫来自：adm/single/master.c 的 preload() 第 99 行，物件： adm/single/master
呼叫来自：adm/single/master.c 的 CATCH() 第 99 行，物件： adm/single/master
呼叫来自：adm/daemons/questd.c 的 create() 第 47 行，物件： adm/daemons/questd
呼叫来自：adm/daemons/questd.c 的 init_dynamic_quest() 第 155 行，物件： adm/daemons/questd
呼叫来自：adm/daemons/questd.c 的 spread_quest() 第 193 行，物件： adm/daemons/questd
呼叫来自：d/taishan/nantian.c 的 create() 第 28 行，物件： d/taishan/nantian
呼叫来自：inherit/room/room.c 的 setup() 第 215 行，物件： d/taishan/nantian
呼叫来自：inherit/room/room.c 的 reset() 第 77 行，物件： d/taishan/nantian
呼叫来自：inherit/room/room.c 的 make_inventory() 第 20 行，物件： d/taishan/nantian
呼叫来自：feature/move.c 的 move() 第 85 行，物件： d/taishan/npc/wei-shi3#80 ("青衣武士")
呼叫来自：d/taishan/npc/wei-shi3.c 的 init() 第 53 行，物件： d/taishan/npc/wei-shi3#80 ("青衣武士")
呼叫来自：clone/npc/meng-zhu.c 的 create() 第 73 行，物件： clone/npc/meng-zhu ("翱天鸣")
呼叫来自：inherit/char/npc.c 的 carry_object() 第 12 行，物件： clone/npc/meng-zhu ("翱天鸣")
呼叫来自：d/npc/m_weapon/weapon/m_sword.c 的 create() 第 41 行，物件： d/npc/m_weapon/weapon/m_sword ("/d/npc/m_weapon/weapon/m_sword")
呼叫来自：inherit/weapon/weapon.c 的 set_desc() 第 168 行，物件： d/npc/m_weapon/weapon/m_sword ("/d/npc/m_weapon/weapon/m_sword")
Initializations complete.

Accepting connections on port 5555.

执行时段错误：*Bad argument 1 to call_other()
Expected: string or array or object Got: 0.

程式：feature/damage.c 第 283 行
物件: /clone/npc/meng-zhu
呼叫来自：inherit/char/char.c 的 heart_beat() 第 112 行，物件： clone/npc/meng-zhu ("翱天鸣")
呼叫来自：feature/damage.c 的 heal_up() 第 283 行，物件： clone/npc/meng-zhu ("翱天鸣")
Heart beat in clone/npc/meng-zhu turned off.

执行时段错误：*Bad argument 1 to call_other()
Expected: string or array or object Got: 0.

程式：inherit/room/room.c 第 20 行
物件: /d/city/zxlpath
呼叫来自：inherit/char/char.c 的 heart_beat() 第 99 行，物件： d/city/npc/xunbu#118 ("司徒巡捕")
呼叫来自：inherit/char/npc.c 的 chat() 第 104 行，物件： d/city/npc/xunbu#118 ("司徒巡捕")
呼叫来自：<function> 的 <function>() 第 0 行，物件： d/city/npc/xunbu#118 ("司徒巡捕")
呼叫来自：inherit/char/npc.c 的 random_move() 第 118 行，物件： d/city/npc/xunbu#118 ("司徒巡捕")
呼叫来自：feature/command.c 的 command_hook() 第 63 行，物件： d/city/npc/xunbu#118 ("司徒巡捕")
呼叫来自：cmds/std/go.c 的 main() 第 108 行，物件： cmds/std/go
呼叫来自：d/city/zxlpath.c 的 create() 第 26 行，物件： d/city/zxlpath
呼叫来自：inherit/room/room.c 的 setup() 第 215 行，物件： d/city/zxlpath
呼叫来自：inherit/room/room.c 的 reset() 第 66 行，物件： d/city/zxlpath
呼叫来自：inherit/room/room.c 的 make_inventory() 第 20 行，物件： d/city/zxlpath
Heart beat in d/city/npc/xunbu#118 turned off.
Initializing internal tables....

<---海洋贰: MudOs v22pre11 (by wwj,Jan  1 1999) startup on Microsoft Windows NT at Wed Jan 26 16:44:30 2005

using config file: F:\hy\config.cfg
Can't find "mudos", ignoring old binaries.
Try invoking the driver using the full pathname.
Connected to address server on localhost port 3990
]simul_efun loaded successfully.

Loading preloaded files ...
错误讯息被拦截: 
执行时段错误：*Error in loading object '/adm/daemons/securityd'

程式：adm/single/master.c 第 99 行
物件: /adm/single/master
呼叫来自：adm/single/master.c 的 preload() 第 99 行，物件： adm/single/master
呼叫来自：adm/single/master.c 的 CATCH() 第 99 行，物件： adm/single/master
错误讯息被拦截: 
执行时段错误：*Bad argument 1 to switch
Expected: int Got: "/d/npc/m_weapon/weapon/m_sword".

程式：inherit/weapon/weapon.c 第 168 行
物件: /d/npc/m_weapon/weapon/m_sword
呼叫来自：adm/single/master.c 的 preload() 第 99 行，物件： adm/single/master
呼叫来自：adm/single/master.c 的 CATCH() 第 99 行，物件： adm/single/master
呼叫来自：adm/daemons/questd.c 的 create() 第 47 行，物件： adm/daemons/questd
呼叫来自：adm/daemons/questd.c 的 init_dynamic_quest() 第 155 行，物件： adm/daemons/questd
呼叫来自：adm/daemons/questd.c 的 spread_quest() 第 193 行，物件： adm/daemons/questd
呼叫来自：d/taishan/nantian.c 的 create() 第 28 行，物件： d/taishan/nantian
呼叫来自：inherit/room/room.c 的 setup() 第 215 行，物件： d/taishan/nantian
呼叫来自：inherit/room/room.c 的 reset() 第 77 行，物件： d/taishan/nantian
呼叫来自：inherit/room/room.c 的 make_inventory() 第 20 行，物件： d/taishan/nantian
呼叫来自：feature/move.c 的 move() 第 85 行，物件： d/taishan/npc/wei-shi3#155 ("青衣武士")
呼叫来自：d/taishan/npc/wei-shi3.c 的 init() 第 53 行，物件： d/taishan/npc/wei-shi3#155 ("青衣武士")
呼叫来自：clone/npc/meng-zhu.c 的 create() 第 73 行，物件： clone/npc/meng-zhu ("翱天鸣")
呼叫来自：inherit/char/npc.c 的 carry_object() 第 12 行，物件： clone/npc/meng-zhu ("翱天鸣")
呼叫来自：d/npc/m_weapon/weapon/m_sword.c 的 create() 第 41 行，物件： d/npc/m_weapon/weapon/m_sword ("/d/npc/m_weapon/weapon/m_sword")
呼叫来自：inherit/weapon/weapon.c 的 set_desc() 第 168 行，物件： d/npc/m_weapon/weapon/m_sword ("/d/npc/m_weapon/weapon/m_sword")
Initializations complete.

Accepting connections on port 5555.

执行时段错误：*Bad argument 1 to call_other()
Expected: string or array or object Got: 0.

程式：feature/damage.c 第 283 行
物件: /clone/npc/meng-zhu
呼叫来自：inherit/char/char.c 的 heart_beat() 第 112 行，物件： clone/npc/meng-zhu ("翱天鸣")
呼叫来自：feature/damage.c 的 heal_up() 第 283 行，物件： clone/npc/meng-zhu ("翱天鸣")
Heart beat in clone/npc/meng-zhu turned off.
Initializing internal tables....
][1;31m【系统】千堆雪(Lywin)：断线了。
[2;37;0m
<---海洋贰: MudOs v22pre11 (by wwj,Jan  1 1999) startup on Microsoft Windows NT at Wed Jan 26 16:54:49 2005

using config file: F:\hy\config.cfg
Can't find "mudos", ignoring old binaries.
Try invoking the driver using the full pathname.
Connected to address server on localhost port 3990
]simul_efun loaded successfully.

Loading preloaded files ...
错误讯息被拦截: 
执行时段错误：*Error in loading object '/adm/daemons/securityd'

程式：adm/single/master.c 第 99 行
物件: /adm/single/master
呼叫来自：adm/single/master.c 的 preload() 第 99 行，物件： adm/single/master
呼叫来自：adm/single/master.c 的 CATCH() 第 99 行，物件： adm/single/master
Initializations complete.

Accepting connections on port 5555.

执行时段错误：*Bad argument 1 to switch
Expected: int Got: "/d/npc/m_weapon/weapon/m_sword".

程式：inherit/weapon/weapon.c 第 168 行
物件: /d/npc/m_weapon/weapon/m_sword
呼叫来自：inherit/char/char.c 的 heart_beat() 第 99 行，物件： d/city3/npc/xiaozei#55 ("小贼")
呼叫来自：inherit/char/npc.c 的 chat() 第 104 行，物件： d/city3/npc/xiaozei#55 ("小贼")
呼叫来自：<function> 的 <function>() 第 0 行，物件： d/city3/npc/xiaozei#55 ("小贼")
呼叫来自：inherit/char/npc.c 的 random_move() 第 118 行，物件： d/city3/npc/xiaozei#55 ("小贼")
呼叫来自：feature/command.c 的 command_hook() 第 63 行，物件： d/city3/npc/xiaozei#55 ("小贼")
呼叫来自：cmds/std/go.c 的 main() 第 108 行，物件： cmds/std/go
呼叫来自：d/city3/northroad3.c 的 create() 第 24 行，物件： d/city3/northroad3
呼叫来自：inherit/room/room.c 的 setup() 第 215 行，物件： d/city3/northroad3
呼叫来自：inherit/room/room.c 的 reset() 第 66 行，物件： d/city3/northroad3
呼叫来自：inherit/room/room.c 的 make_inventory() 第 20 行，物件： d/city3/northroad3
呼叫来自：feature/move.c 的 move() 第 85 行，物件： d/taishan/npc/jian-ke#182 ("剑客")
呼叫来自：d/taishan/npc/jian-ke.c 的 init() 第 39 行，物件： d/taishan/npc/jian-ke#182 ("剑客")
呼叫来自：d/taishan/fengchan.c 的 create() 第 27 行，物件： d/taishan/fengchan
呼叫来自：inherit/room/room.c 的 setup() 第 215 行，物件： d/taishan/fengchan
呼叫来自：inherit/room/room.c 的 reset() 第 77 行，物件： d/taishan/fengchan
呼叫来自：inherit/room/room.c 的 make_inventory() 第 20 行，物件： d/taishan/fengchan
呼叫来自：feature/move.c 的 move() 第 85 行，物件： d/taishan/npc/wei-shi1#191 ("白衣武士")
呼叫来自：d/taishan/npc/wei-shi1.c 的 init() 第 53 行，物件： d/taishan/npc/wei-shi1#191 ("白衣武士")
呼叫来自：clone/npc/meng-zhu.c 的 create() 第 73 行，物件： clone/npc/meng-zhu ("翱天鸣")
呼叫来自：inherit/char/npc.c 的 carry_object() 第 12 行，物件： clone/npc/meng-zhu ("翱天鸣")
呼叫来自：d/npc/m_weapon/weapon/m_sword.c 的 create() 第 41 行，物件： d/npc/m_weapon/weapon/m_sword ("/d/npc/m_weapon/weapon/m_sword")
呼叫来自：inherit/weapon/weapon.c 的 set_desc() 第 168 行，物件： d/npc/m_weapon/weapon/m_sword ("/d/npc/m_weapon/weapon/m_sword")
Heart beat in d/city3/npc/xiaozei#55 turned off.

执行时段错误：*Bad argument 1 to call_other()
Expected: string or array or object Got: 0.

程式：feature/damage.c 第 283 行
物件: /clone/npc/meng-zhu
呼叫来自：inherit/char/char.c 的 heart_beat() 第 112 行，物件： clone/npc/meng-zhu ("翱天鸣")
呼叫来自：feature/damage.c 的 heal_up() 第 283 行，物件： clone/npc/meng-zhu ("翱天鸣")
Heart beat in clone/npc/meng-zhu turned off.
Initializing internal tables....
][1;31m【系统】千堆雪(Lywin)：断线了。
[2;37;0m
<---海洋贰: MudOs v22pre11 (by wwj,Jan  1 1999) startup on Microsoft Windows NT at Wed Jan 26 17:29:26 2005

using config file: F:\hy\config.cfg
Can't find "mudos", ignoring old binaries.
Try invoking the driver using the full pathname.
Connected to address server on localhost port 3990
]simul_efun loaded successfully.

Loading preloaded files ...
错误讯息被拦截: 
执行时段错误：*Error in loading object '/adm/daemons/securityd'

程式：adm/single/master.c 第 99 行
物件: /adm/single/master
呼叫来自：adm/single/master.c 的 preload() 第 99 行，物件： adm/single/master
呼叫来自：adm/single/master.c 的 CATCH() 第 99 行，物件： adm/single/master
Initializations complete.

Accepting connections on port 5555.

执行时段错误：*Bad argument 1 to switch
Expected: int Got: "/d/npc/m_weapon/weapon/m_sword".

程式：inherit/weapon/weapon.c 第 168 行
物件: /d/npc/m_weapon/weapon/m_sword
呼叫来自：inherit/char/char.c 的 heart_beat() 第 99 行，物件： quest/weiguo/japan/japan4#175 ("横田大观")
呼叫来自：inherit/char/npc.c 的 chat() 第 104 行，物件： quest/weiguo/japan/japan4#175 ("横田大观")
呼叫来自：<function> 的 <function>() 第 0 行，物件： quest/weiguo/japan/japan4#175 ("横田大观")
呼叫来自：inherit/char/npc.c 的 random_move() 第 118 行，物件： quest/weiguo/japan/japan4#175 ("横田大观")
呼叫来自：feature/command.c 的 command_hook() 第 63 行，物件： quest/weiguo/japan/japan4#175 ("横田大观")
呼叫来自：cmds/std/go.c 的 main() 第 108 行，物件： cmds/std/go
呼叫来自：d/city3/southroad3.c 的 create() 第 26 行，物件： d/city3/southroad3
呼叫来自：inherit/room/room.c 的 setup() 第 215 行，物件： d/city3/southroad3
呼叫来自：inherit/room/room.c 的 reset() 第 77 行，物件： d/city3/southroad3
呼叫来自：inherit/room/room.c 的 make_inventory() 第 20 行，物件： d/city3/southroad3
呼叫来自：feature/move.c 的 move() 第 85 行，物件： d/taishan/npc/jian-ke#280 ("剑客")
呼叫来自：d/taishan/npc/jian-ke.c 的 init() 第 39 行，物件： d/taishan/npc/jian-ke#280 ("剑客")
呼叫来自：d/taishan/fengchan.c 的 create() 第 27 行，物件： d/taishan/fengchan
呼叫来自：inherit/room/room.c 的 setup() 第 215 行，物件： d/taishan/fengchan
呼叫来自：inherit/room/room.c 的 reset() 第 66 行，物件： d/taishan/fengchan
呼叫来自：inherit/room/room.c 的 make_inventory() 第 19 行，物件： d/taishan/fengchan
呼叫来自：clone/npc/meng-zhu.c 的 create() 第 73 行，物件： clone/npc/meng-zhu ("翱天鸣")
呼叫来自：inherit/char/npc.c 的 carry_object() 第 12 行，物件： clone/npc/meng-zhu ("翱天鸣")
呼叫来自：d/npc/m_weapon/weapon/m_sword.c 的 create() 第 41 行，物件： d/npc/m_weapon/weapon/m_sword ("/d/npc/m_weapon/weapon/m_sword")
呼叫来自：inherit/weapon/weapon.c 的 set_desc() 第 168 行，物件： d/npc/m_weapon/weapon/m_sword ("/d/npc/m_weapon/weapon/m_sword")
Heart beat in quest/weiguo/japan/japan4#175 turned off.
][1;31m【系统】千堆雪(Lywin)：断线了。
[2;37;0m
执行时段错误：*Bad argument 1 to call_other()
Expected: string or array or object Got: 0.

程式：feature/damage.c 第 283 行
物件: /clone/npc/meng-zhu
呼叫来自：inherit/char/char.c 的 heart_beat() 第 112 行，物件： clone/npc/meng-zhu ("翱天鸣")
呼叫来自：feature/damage.c 的 heal_up() 第 283 行，物件： clone/npc/meng-zhu ("翱天鸣")
Heart beat in clone/npc/meng-zhu turned off.

执行时段错误：*Illegal to move or destruct an object defining actions from a verb function which returns zero.

程式：inherit/char/npc.c 第 118 行
物件: /d/city/npc/xunbu#402
呼叫来自：inherit/char/char.c 的 heart_beat() 第 99 行，物件： d/city/npc/xunbu#402 ("紫云巡捕")
呼叫来自：inherit/char/npc.c 的 chat() 第 104 行，物件： d/city/npc/xunbu#402 ("紫云巡捕")
呼叫来自：<function> 的 <function>() 第 0 行，物件： d/city/npc/xunbu#402 ("紫云巡捕")
呼叫来自：inherit/char/npc.c 的 random_move() 第 118 行，物件： d/city/npc/xunbu#402 ("紫云巡捕")
Heart beat in d/city/npc/xunbu#402 turned off.

执行时段错误：*Bad argument 1 to switch
Expected: int Got: "/d/npc/m_weapon/weapon/m_sword".

程式：inherit/weapon/weapon.c 第 168 行
物件: /d/npc/m_weapon/weapon/m_sword#715
呼叫来自：inherit/room/room.c 的 reset() 第 66 行，物件： d/taishan/fengchan
呼叫来自：inherit/room/room.c 的 make_inventory() 第 19 行，物件： d/taishan/fengchan
呼叫来自：clone/npc/meng-zhu.c 的 create() 第 73 行，物件： clone/npc/meng-zhu#714 ("翱天鸣")
呼叫来自：inherit/char/npc.c 的 carry_object() 第 12 行，物件： clone/npc/meng-zhu#714 ("翱天鸣")
呼叫来自：d/npc/m_weapon/weapon/m_sword.c 的 create() 第 41 行，物件： d/npc/m_weapon/weapon/m_sword#715 ("/d/npc/m_weapon/weapon/m_sword")
呼叫来自：inherit/weapon/weapon.c 的 set_desc() 第 168 行，物件： d/npc/m_weapon/weapon/m_sword#715 ("/d/npc/m_weapon/weapon/m_sword")

执行时段错误：*Bad argument 1 to call_other()
Expected: string or array or object Got: 0.

程式：feature/damage.c 第 283 行
物件: /clone/npc/meng-zhu#714
呼叫来自：inherit/char/char.c 的 heart_beat() 第 112 行，物件： clone/npc/meng-zhu#714 ("翱天鸣")
呼叫来自：feature/damage.c 的 heal_up() 第 283 行，物件： clone/npc/meng-zhu#714 ("翱天鸣")
Heart beat in clone/npc/meng-zhu#714 turned off.
Initializing internal tables....

<---海洋贰: MudOs v22pre11 (by wwj,Jan  1 1999) startup on Microsoft Windows NT at Fri Jan 28 13:57:42 2005

using config file: F:\hy\config.cfg
Can't find "mudos", ignoring old binaries.
Try invoking the driver using the full pathname.
Connected to address server on localhost port 3990
]simul_efun loaded successfully.

Loading preloaded files ...
错误讯息被拦截: 
执行时段错误：*Error in loading object '/adm/daemons/securityd'

程式：adm/single/master.c 第 99 行
物件: /adm/single/master
呼叫来自：adm/single/master.c 的 preload() 第 99 行，物件： adm/single/master
呼叫来自：adm/single/master.c 的 CATCH() 第 99 行，物件： adm/single/master
Initializations complete.

Accepting connections on port 5555.
Initializing internal tables....

<---海洋贰: MudOs v22pre11 (by wwj,Jan  1 1999) startup on Microsoft Windows NT at Fri Feb 04 08:04:06 2005

using config file: F:\hy\config.cfg
Can't find "mudos", ignoring old binaries.
Try invoking the driver using the full pathname.
Connected to address server on localhost port 3990
]simul_efun loaded successfully.

Loading preloaded files ...
错误讯息被拦截: 
执行时段错误：*Error in loading object '/adm/daemons/securityd'

程式：adm/single/master.c 第 99 行
物件: /adm/single/master
呼叫来自：adm/single/master.c 的 preload() 第 99 行，物件： adm/single/master
呼叫来自：adm/single/master.c 的 CATCH() 第 99 行，物件： adm/single/master
错误讯息被拦截: 
执行时段错误：*Bad argument 1 to switch
Expected: int Got: "/d/npc/m_weapon/weapon/m_sword".

程式：inherit/weapon/weapon.c 第 168 行
物件: /d/npc/m_weapon/weapon/m_sword
呼叫来自：adm/single/master.c 的 preload() 第 99 行，物件： adm/single/master
呼叫来自：adm/single/master.c 的 CATCH() 第 99 行，物件： adm/single/master
呼叫来自：adm/daemons/questd.c 的 create() 第 47 行，物件： adm/daemons/questd
呼叫来自：adm/daemons/questd.c 的 init_dynamic_quest() 第 155 行，物件： adm/daemons/questd
呼叫来自：adm/daemons/questd.c 的 spread_quest() 第 193 行，物件： adm/daemons/questd
呼叫来自：d/taishan/nantian.c 的 create() 第 28 行，物件： d/taishan/nantian
呼叫来自：inherit/room/room.c 的 setup() 第 215 行，物件： d/taishan/nantian
呼叫来自：inherit/room/room.c 的 reset() 第 77 行，物件： d/taishan/nantian
呼叫来自：inherit/room/room.c 的 make_inventory() 第 20 行，物件： d/taishan/nantian
呼叫来自：feature/move.c 的 move() 第 85 行，物件： d/taishan/npc/wei-shi3#79 ("青衣武士")
呼叫来自：d/taishan/npc/wei-shi3.c 的 init() 第 53 行，物件： d/taishan/npc/wei-shi3#79 ("青衣武士")
呼叫来自：clone/npc/meng-zhu.c 的 create() 第 73 行，物件： clone/npc/meng-zhu ("翱天鸣")
呼叫来自：inherit/char/npc.c 的 carry_object() 第 12 行，物件： clone/npc/meng-zhu ("翱天鸣")
呼叫来自：d/npc/m_weapon/weapon/m_sword.c 的 create() 第 41 行，物件： d/npc/m_weapon/weapon/m_sword ("/d/npc/m_weapon/weapon/m_sword")
呼叫来自：inherit/weapon/weapon.c 的 set_desc() 第 168 行，物件： d/npc/m_weapon/weapon/m_sword ("/d/npc/m_weapon/weapon/m_sword")
Initializations complete.

Accepting connections on port 5555.

执行时段错误：*Bad argument 1 to call_other()
Expected: string or array or object Got: 0.

程式：feature/damage.c 第 283 行
物件: /clone/npc/meng-zhu
呼叫来自：inherit/char/char.c 的 heart_beat() 第 112 行，物件： clone/npc/meng-zhu ("翱天鸣")
呼叫来自：feature/damage.c 的 heal_up() 第 283 行，物件： clone/npc/meng-zhu ("翱天鸣")
Heart beat in clone/npc/meng-zhu turned off.

执行时段错误：*Bad argument 1 to call_other()
Expected: string or array or object Got: 0.

程式：inherit/room/room.c 第 20 行
物件: /d/city/leitai
呼叫来自：inherit/char/char.c 的 heart_beat() 第 99 行，物件： d/city/npc/xunbu#315 ("慕容巡捕")
呼叫来自：inherit/char/npc.c 的 chat() 第 104 行，物件： d/city/npc/xunbu#315 ("慕容巡捕")
呼叫来自：<function> 的 <function>() 第 0 行，物件： d/city/npc/xunbu#315 ("慕容巡捕")
呼叫来自：inherit/char/npc.c 的 random_move() 第 118 行，物件： d/city/npc/xunbu#315 ("慕容巡捕")
呼叫来自：feature/command.c 的 command_hook() 第 63 行，物件： d/city/npc/xunbu#315 ("慕容巡捕")
呼叫来自：cmds/std/go.c 的 main() 第 108 行，物件： cmds/std/go
呼叫来自：d/city/leitai.c 的 create() 第 33 行，物件： d/city/leitai
呼叫来自：inherit/room/room.c 的 setup() 第 215 行，物件： d/city/leitai
呼叫来自：inherit/room/room.c 的 reset() 第 66 行，物件： d/city/leitai
呼叫来自：inherit/room/room.c 的 make_inventory() 第 20 行，物件： d/city/leitai
Heart beat in d/city/npc/xunbu#315 turned off.
Initializing internal tables....
][1;31m【系统】千堆雪(Lywin)：断线了。
[2;37;0m