Failed to load condition daemon /kungfu/condition/0, removed from clone/user/user#3121 ("夏奇拉")
Error: *call_other() couldn't find object

Failed to load condition daemon /kungfu/condition/0, removed from clone/user/user#3121 ("夏奇拉")
Error: *call_other() couldn't find object

Failed to load condition daemon /kungfu/condition/0, removed from clone/user/user#191550 ("小金鱼")
Error: *call_other() couldn't find object

Failed to load condition daemon /kungfu/condition/0, removed from clone/user/user#5321 ("静鸟")
Error: *call_other() couldn't find object

Failed to load condition daemon /kungfu/condition/0, removed from clone/user/user#203818 ("后")
Error: *call_other() couldn't find object

Failed to load condition daemon /kungfu/condition/0, removed from clone/user/user#63359 ("文菁")
Error: *call_other() couldn't find object

Failed to load condition daemon /kungfu/condition/0, removed from clone/user/user#13819 ("醉书生")
Error: *call_other() couldn't find object

Failed to load condition daemon /kungfu/condition/0, removed from clone/user/user#148963 ("首")
Error: *call_other() couldn't find object

Failed to load condition daemon /kungfu/condition/0, removed from clone/user/user#445513 ("魔剑纵横")
Error: *call_other() couldn't find object

Failed to load condition daemon /kungfu/condition/0, removed from clone/user/user#5321 ("静鸟")
Error: *call_other() couldn't find object

Failed to load condition daemon /kungfu/condition/0, removed from clone/user/user#146743 ("苍")
Error: *call_other() couldn't find object

Failed to load condition daemon /kungfu/condition/0, removed from clone/user/user#636328 ("黑糊糊")
Error: *call_other() couldn't find object

Failed to load condition daemon /kungfu/condition/0, removed from clone/user/user#669508 ("生")
Error: *call_other() couldn't find object

Failed to load condition daemon /kungfu/condition/0, removed from clone/user/user#426976 ("芬太尼")
Error: *call_other() couldn't find object

Failed to load condition daemon /kungfu/condition/0, removed from clone/user/user#148736 ("白")
Error: *call_other() couldn't find object

Failed to load condition daemon /kungfu/condition/0, removed from clone/user/user#148963 ("首")
Error: *call_other() couldn't find object

Failed to load condition daemon /kungfu/condition/0, removed from clone/user/user#402878 ("王重羊")
Error: *call_other() couldn't find object

Failed to load condition daemon /kungfu/condition/0, removed from clone/user/user#336035 ("太")
Error: *call_other() couldn't find object

Failed to load condition daemon /kungfu/condition/0, removed from clone/user/user#793121 ("文菁")
Error: *call_other() couldn't find object

Failed to load condition daemon /kungfu/condition/0, removed from clone/user/user#925221 ("风中行")
Error: *call_other() couldn't find object

Failed to load condition daemon /kungfu/condition/0, removed from clone/user/user#980943 ("徐子陵")
Error: *call_other() couldn't find object

Failed to load condition daemon /kungfu/condition/0, removed from clone/user/user#946408 ("降")
Error: *call_other() couldn't find object

Failed to load condition daemon /kungfu/condition/0, removed from clone/user/user#1024866 ("夏奇拉")
Error: *call_other() couldn't find object

Failed to load condition daemon /kungfu/condition/0, removed from clone/user/user#5321 ("静鸟")
Error: *call_other() couldn't find object

Failed to load condition daemon /kungfu/condition/0, removed from clone/user/user#907064 ("小猪")
Error: *call_other() couldn't find object

Failed to load condition daemon /kungfu/condition/0, removed from clone/user/user#669508 ("生")
Error: *call_other() couldn't find object

Failed to load condition daemon /kungfu/condition/0, removed from clone/user/user#888051 ("小猪")
Error: *call_other() couldn't find object

Failed to load condition daemon /kungfu/condition/0, removed from clone/user/user#907064 ("小猪")
Error: *call_other() couldn't find object

Failed to load condition daemon /kungfu/condition/0, removed from clone/user/user#796591 ("古到乐")
Error: *call_other() couldn't find object

Failed to load condition daemon /kungfu/condition/0, removed from clone/user/user#980943 ("徐子陵")
Error: *call_other() couldn't find object

Failed to load condition daemon /kungfu/condition/0, removed from clone/user/user#145966 ("祥")
Error: *call_other() couldn't find object

Failed to load condition daemon /kungfu/condition/0, removed from clone/user/user#1273811 ("降")
Error: *call_other() couldn't find object

Failed to load condition daemon /kungfu/condition/0, removed from clone/user/user#1080160 ("首")
Error: *call_other() couldn't find object

Failed to load condition daemon /kungfu/condition/0, removed from clone/user/user#1409295 ("文菁")
Error: *call_other() couldn't find object

Failed to load condition daemon /kungfu/condition/0, removed from clone/user/user#203818 ("后")
Error: *call_other() couldn't find object

Failed to load condition daemon /kungfu/condition/0, removed from clone/user/user#907064 ("小猪")
Error: *call_other() couldn't find object

Failed to load condition daemon /kungfu/condition/0, removed from clone/user/user#796591 ("古到乐")
Error: *call_other() couldn't find object

Failed to load condition daemon /kungfu/condition/0, removed from clone/user/user#1094231 ("夏奇拉")
Error: *call_other() couldn't find object

Failed to load condition daemon /kungfu/condition/0, removed from clone/user/user#1211648 ("瑞")
Error: *call_other() couldn't find object

Failed to load condition daemon /kungfu/condition/0, removed from clone/user/user#5321 ("静鸟")
Error: *call_other() couldn't find object

Failed to load condition daemon /kungfu/condition/0, removed from clone/user/user#203818 ("后")
Error: *call_other() couldn't find object

Failed to load condition daemon /kungfu/condition/0, removed from clone/user/user#889511 ("小猪")
Error: *call_other() couldn't find object

Failed to load condition daemon /kungfu/condition/0, removed from clone/user/user#907064 ("小猪")
Error: *call_other() couldn't find object

Failed to load condition daemon /kungfu/condition/0, removed from clone/user/user#796591 ("古到乐")
Error: *call_other() couldn't find object

Failed to load condition daemon /kungfu/condition/0, removed from clone/user/user#148736 ("白")
Error: *call_other() couldn't find object

Failed to load condition daemon /kungfu/condition/0, removed from clone/user/user#1094231 ("夏奇拉")
Error: *call_other() couldn't find object

Failed to load condition daemon /kungfu/condition/0, removed from clone/user/user#907064 ("小猪")
Error: *call_other() couldn't find object

Failed to load condition daemon /kungfu/condition/0, removed from clone/user/user#1080160 ("首")
Error: *call_other() couldn't find object

Failed to load condition daemon /kungfu/condition/0, removed from clone/user/user#1723553 ("魔剑纵横")
Error: *call_other() couldn't find object

Failed to load condition daemon /kungfu/condition/0, removed from clone/user/user#1877907 ("步逍遥")
Error: *call_other() couldn't find object

Failed to load condition daemon /kungfu/condition/0, removed from clone/user/user#5321 ("静鸟")
Error: *call_other() couldn't find object

Failed to load condition daemon /kungfu/condition/0, removed from clone/user/user#1984031 ("文菁")
Error: *call_other() couldn't find object

Failed to load condition daemon /kungfu/condition/0, removed from clone/user/user#976677 ("天")
Error: *call_other() couldn't find object

Failed to load condition daemon /kungfu/condition/0, removed from clone/user/user#980943 ("徐子陵")
Error: *call_other() couldn't find object

Failed to load condition daemon /kungfu/condition/0, removed from clone/user/user#1723553 ("魔剑纵横")
Error: *call_other() couldn't find object

Failed to load condition daemon /kungfu/condition/0, removed from clone/user/user#2053321 ("龙象")
Error: *call_other() couldn't find object

Failed to load condition daemon /kungfu/condition/0, removed from clone/user/user#2057050 ("寥寥")
Error: *call_other() couldn't find object

Failed to load condition daemon /kungfu/condition/0, removed from clone/user/user#2053321 ("龙象")
Error: *call_other() couldn't find object

Failed to load condition daemon /kungfu/condition/0, removed from clone/user/user#336035 ("太")
Error: *call_other() couldn't find object

Failed to load condition daemon /kungfu/condition/0, removed from clone/user/user#1094231 ("夏奇拉")
Error: *call_other() couldn't find object

Failed to load condition daemon /kungfu/condition/0, removed from clone/user/user#2025591 ("石器")
Error: *call_other() couldn't find object

Failed to load condition daemon /kungfu/condition/0, removed from clone/user/user#2086392 ("小猪")
Error: *call_other() couldn't find object

Failed to load condition daemon /kungfu/condition/0, removed from clone/user/user#2053321 ("龙象")
Error: *call_other() couldn't find object

Failed to load condition daemon /kungfu/condition/0, removed from clone/user/user#2057628 ("芬太尼")
Error: *call_other() couldn't find object

Failed to load condition daemon /kungfu/condition/0, removed from clone/user/user#2014461 ("小猪")
Error: *call_other() couldn't find object

Failed to load condition daemon /kungfu/condition/0, removed from clone/user/user#2308430 ("文菁")
Error: *call_other() couldn't find object

Failed to load condition daemon /kungfu/condition/0, removed from clone/user/user#19011 ("小蛋")
Error: *call_other() couldn't find object

Failed to load condition daemon /kungfu/condition/0, removed from clone/user/user#50338 ("瑞")
Error: *call_other() couldn't find object

Failed to load condition daemon /kungfu/condition/0, removed from clone/user/user#27 ("魔剑纵横")
Error: *call_other() couldn't find object

Failed to load condition daemon /kungfu/condition/0, removed from clone/user/user#138 ("祥")
Error: *call_other() couldn't find object

Failed to load condition daemon /kungfu/condition/0, removed from clone/user/user#69386 ("古到乐")
Error: *call_other() couldn't find object

Failed to load condition daemon /kungfu/condition/0, removed from clone/user/user#31071 ("小猪")
Error: *call_other() couldn't find object

Failed to load condition daemon /kungfu/condition/0, removed from clone/user/user#30181 ("小猪")
Error: *call_other() couldn't find object

Failed to load condition daemon /kungfu/condition/0, removed from clone/user/user#30181 ("小猪")
Error: *call_other() couldn't find object

Failed to load condition daemon /kungfu/condition/0, removed from clone/user/user#31071 ("小猪")
Error: *call_other() couldn't find object

Failed to load condition daemon /kungfu/condition/0, removed from clone/user/user#249946 ("苏樱")
Error: *call_other() couldn't find object

Failed to load condition daemon /kungfu/condition/0, removed from clone/user/user#15379 ("太")
Error: *call_other() couldn't find object

Failed to load condition daemon /kungfu/condition/0, removed from clone/user/user#112143 ("降")
Error: *call_other() couldn't find object

Failed to load condition daemon /kungfu/condition/0, removed from clone/user/user#630 ("寂寞高手")
Error: *call_other() couldn't find object

Failed to load condition daemon /kungfu/condition/0, removed from clone/user/user#1859 ("首")
Error: *call_other() couldn't find object

Failed to load condition daemon /kungfu/condition/0, removed from clone/user/user#1173 ("王重羊")
Error: *call_other() couldn't find object

Failed to load condition daemon /kungfu/condition/0, removed from clone/user/user#551 ("寥寥")
Error: *call_other() couldn't find object

Failed to load condition daemon /kungfu/condition/0, removed from clone/user/user#291 ("生")
Error: *call_other() couldn't find object

Failed to load condition daemon /kungfu/condition/0, removed from clone/user/user#281 ("静鸟")
Error: *call_other() couldn't find object

Failed to load condition daemon /kungfu/condition/0, removed from clone/user/user#766 ("王重羊")
Error: *call_other() couldn't find object

Failed to load condition daemon /kungfu/condition/0, removed from clone/user/user#281 ("静鸟")
Error: *call_other() couldn't find object

Failed to load condition daemon /kungfu/condition/0, removed from clone/user/user#482 ("玄")
Error: *call_other() couldn't find object

Failed to load condition daemon /kungfu/condition/0, removed from clone/user/user#13286 ("苍")
Error: *call_other() couldn't find object

Failed to load condition daemon /kungfu/condition/0, removed from clone/user/user#26811 ("首")
Error: *call_other() couldn't find object

Failed to load condition daemon /kungfu/condition/0, removed from clone/user/user#236 ("瑞")
Error: *call_other() couldn't find object

Failed to load condition daemon /kungfu/condition/0, removed from clone/user/user#3760 ("小猪")
Error: *call_other() couldn't find object

Failed to load condition daemon /kungfu/condition/0, removed from clone/user/user#270769 ("芬太尼")
Error: *call_other() couldn't find object

Failed to load condition daemon /kungfu/condition/0, removed from clone/user/user#236 ("瑞")
Error: *call_other() couldn't find object

Failed to load condition daemon /kungfu/condition/0, removed from clone/user/user#13103 ("天")
Error: *call_other() couldn't find object

Failed to load condition daemon /kungfu/condition/0, removed from clone/user/user#482 ("玄")
Error: *call_other() couldn't find object

Failed to load condition daemon /kungfu/condition/0, removed from clone/user/user#128985 ("刑捕头")
Error: *call_other() couldn't find object

Failed to load condition daemon /kungfu/condition/0, removed from clone/user/user#26811 ("首")
Error: *call_other() couldn't find object

Failed to load condition daemon /kungfu/condition/0, removed from clone/user/user#4255 ("小猪")
Error: *call_other() couldn't find object

Failed to load condition daemon /kungfu/condition/0, removed from clone/user/user#13064 ("祥")
Error: *call_other() couldn't find object

Failed to load condition daemon /kungfu/condition/0, removed from clone/user/user#298641 ("寥寥")
Error: *call_other() couldn't find object

Failed to load condition daemon /kungfu/condition/0, removed from clone/user/user#80 ("寂寞高手")
Error: *call_other() couldn't find object

Failed to load condition daemon /kungfu/condition/0, removed from clone/user/user#13286 ("苍")
Error: *call_other() couldn't find object

Failed to load condition daemon /kungfu/condition/0, removed from clone/user/user#531637 ("寥寥")
Error: *call_other() couldn't find object

Failed to load condition daemon /kungfu/condition/0, removed from clone/user/user#508114 ("芬太尼")
Error: *call_other() couldn't find object

Failed to load condition daemon /kungfu/condition/0, removed from clone/user/user#766 ("王重羊")
Error: *call_other() couldn't find object

Failed to load condition daemon /kungfu/condition/0, removed from clone/user/user#531637 ("寥寥")
Error: *call_other() couldn't find object

Failed to load condition daemon /kungfu/condition/0, removed from clone/user/user#567662 ("玄")
Error: *call_other() couldn't find object

Failed to load condition daemon /kungfu/condition/0, removed from clone/user/user#13286 ("苍")
Error: *call_other() couldn't find object

Failed to load condition daemon /kungfu/condition/0, removed from clone/user/user#49376 ("夏奇拉")
Error: *call_other() couldn't find object

Failed to load condition daemon /kungfu/condition/0, removed from clone/user/user#2366 ("石之轩")
Error: *call_other() couldn't find object

Failed to load condition daemon /kungfu/condition/0, removed from clone/user/user#80 ("寂寞高手")
Error: *call_other() couldn't find object

Failed to load condition daemon /kungfu/condition/0, removed from clone/user/user#766 ("王重羊")
Error: *call_other() couldn't find object

Failed to load condition daemon /kungfu/condition/0, removed from clone/user/user#667455 ("云随风")
Error: *call_other() couldn't find object

Failed to load condition daemon /kungfu/condition/0, removed from clone/user/user#400299 ("魔剑纵横")
Error: *call_other() couldn't find object

Failed to load condition daemon /kungfu/condition/0, removed from clone/user/user#628071 ("刑捕头")
Error: *call_other() couldn't find object

Failed to load condition daemon /kungfu/condition/0, removed from clone/user/user#766 ("王重羊")
Error: *call_other() couldn't find object

Failed to load condition daemon /kungfu/condition/questbusytime, removed from clone/user/user#874581 ("风羽")
Error: *call_other() couldn't find object

Failed to load condition daemon /kungfu/condition/questbusytime, removed from clone/user/user#874581 ("风羽")
Error: *call_other() couldn't find object

Failed to load condition daemon /kungfu/condition/0, removed from clone/user/user#780911 ("牛牛啊")
Error: *call_other() couldn't find object

Failed to load condition daemon /kungfu/condition/0, removed from clone/user/user#705276 ("降")
Error: *call_other() couldn't find object

Failed to load condition daemon /kungfu/condition/0, removed from clone/user/user#978094 ("魔剑纵横")
Error: *call_other() couldn't find object

Failed to load condition daemon /kungfu/condition/0, removed from clone/user/user#589870 ("白")
Error: *call_other() couldn't find object

Failed to load condition daemon /kungfu/condition/0, removed from clone/user/user#631016 ("徐子陵")
Error: *call_other() couldn't find object

Failed to load condition daemon /kungfu/condition/0, removed from clone/user/user#695321 ("瑞")
Error: *call_other() couldn't find object

Failed to load condition daemon /kungfu/condition/0, removed from clone/user/user#49376 ("夏奇拉")
Error: *call_other() couldn't find object

Failed to load condition daemon /kungfu/condition/questbusytime, removed from clone/user/user#874581 ("风羽")
Error: *call_other() couldn't find object

Failed to load condition daemon /kungfu/condition/questbusytime, removed from clone/user/user#874581 ("风羽")
Error: *call_other() couldn't find object

Failed to load condition daemon /kungfu/condition/questbusytime, removed from clone/user/user#874581 ("风羽")
Error: *call_other() couldn't find object

Failed to load condition daemon /kungfu/condition/questbusytime, removed from clone/user/user#1010578 ("醉书生")
Error: *call_other() couldn't find object

Failed to load condition daemon /kungfu/condition/questbusytime, removed from clone/user/user#1010578 ("醉书生")
Error: *call_other() couldn't find object

Failed to load condition daemon /kungfu/condition/questbusytime, removed from clone/user/user#1010578 ("醉书生")
Error: *call_other() couldn't find object

Failed to load condition daemon /kungfu/condition/questbusytime, removed from clone/user/user#1010578 ("醉书生")
Error: *call_other() couldn't find object

Failed to load condition daemon /kungfu/condition/questbusytime, removed from clone/user/user#1010578 ("醉书生")
Error: *call_other() couldn't find object

Failed to load condition daemon /kungfu/condition/questbusytime, removed from clone/user/user#1010578 ("醉书生")
Error: *call_other() couldn't find object

Failed to load condition daemon /kungfu/condition/questbusytime, removed from clone/user/user#1010578 ("醉书生")
Error: *call_other() couldn't find object

Failed to load condition daemon /kungfu/condition/questbusytime, removed from clone/user/user#1251637 ("断水流")
Error: *call_other() couldn't find object

Failed to load condition daemon /kungfu/condition/questbusytime, removed from clone/user/user#1251637 ("断水流")
Error: *call_other() couldn't find object

Failed to load condition daemon /kungfu/condition/questbusytime, removed from clone/user/user#1251637 ("断水流")
Error: *call_other() couldn't find object

Failed to load condition daemon /kungfu/condition/questbusytime, removed from clone/user/user#1251637 ("断水流")
Error: *call_other() couldn't find object

Failed to load condition daemon /kungfu/condition/questbusytime, removed from clone/user/user#1251637 ("断水流")
Error: *call_other() couldn't find object

Failed to load condition daemon /kungfu/condition/0, removed from clone/user/user#1269788 ("断水流")
Error: *call_other() couldn't find object

Failed to load condition daemon /kungfu/condition/0, removed from clone/user/user#631016 ("徐子陵")
Error: *call_other() couldn't find object

Failed to load condition daemon /kungfu/condition/0, removed from clone/user/user#766 ("王重羊")
Error: *call_other() couldn't find object

Failed to load condition daemon /kungfu/condition/0, removed from clone/user/user#631843 ("静鸟")
Error: *call_other() couldn't find object

Failed to load condition daemon /kungfu/condition/questbusytime, removed from clone/user/user#2366 ("石之轩")
Error: *call_other() couldn't find object

Failed to load condition daemon /kungfu/condition/questbusytime, removed from clone/user/user#2366 ("石之轩")
Error: *call_other() couldn't find object

Failed to load condition daemon /kungfu/condition/questbusytime, removed from clone/user/user#2366 ("石之轩")
Error: *call_other() couldn't find object

Failed to load condition daemon /kungfu/condition/questbusytime, removed from clone/user/user#2366 ("石之轩")
Error: *call_other() couldn't find object

Failed to load condition daemon /kungfu/condition/questbusytime, removed from clone/user/user#2366 ("石之轩")
Error: *call_other() couldn't find object

Failed to load condition daemon /kungfu/condition/0, removed from clone/user/user#631016 ("徐子陵")
Error: *call_other() couldn't find object

Failed to load condition daemon /kungfu/condition/0, removed from clone/user/user#589870 ("白")
Error: *call_other() couldn't find object

Failed to load condition daemon /kungfu/condition/0, removed from clone/user/user#1776251 ("刑捕头")
Error: *call_other() couldn't find object

Failed to load condition daemon /kungfu/condition/0, removed from clone/user/user#567109 ("天")
Error: *call_other() couldn't find object

Failed to load condition daemon /kungfu/condition/0, removed from clone/user/user#1704430 ("文菁")
Error: *call_other() couldn't find object

Failed to load condition daemon /kungfu/condition/0, removed from clone/user/user#1820489 ("玄")
Error: *call_other() couldn't find object

Failed to load condition daemon /kungfu/condition/0, removed from clone/user/user#1814651 ("夏奇拉")
Error: *call_other() couldn't find object

Failed to load condition daemon /kungfu/condition/0, removed from clone/user/user#1698980 ("步逍遥")
Error: *call_other() couldn't find object

Failed to load condition daemon /kungfu/condition/0, removed from clone/user/user#13064 ("祥")
Error: *call_other() couldn't find object

Failed to load condition daemon /kungfu/condition/0, removed from clone/user/user#631016 ("徐子陵")
Error: *call_other() couldn't find object

Failed to load condition daemon /kungfu/condition/0, removed from clone/user/user#1712774 ("古到乐")
Error: *call_other() couldn't find object

Failed to load condition daemon /kungfu/condition/0, removed from clone/user/user#13064 ("祥")
Error: *call_other() couldn't find object

Failed to load condition daemon /kungfu/condition/0, removed from clone/user/user#2055751 ("步逍遥")
Error: *call_other() couldn't find object

Failed to load condition daemon /kungfu/condition/0, removed from clone/user/user#1974664 ("苏樱")
Error: *call_other() couldn't find object

Failed to load condition daemon /kungfu/condition/0, removed from clone/user/user#589870 ("白")
Error: *call_other() couldn't find object

Failed to load condition daemon /kungfu/condition/0, removed from clone/user/user#631016 ("徐子陵")
Error: *call_other() couldn't find object

Failed to load condition daemon /kungfu/condition/0, removed from clone/user/user#1023282 ("生")
Error: *call_other() couldn't find object

Failed to load condition daemon /kungfu/condition/0, removed from clone/user/user#13286 ("苍")
Error: *call_other() couldn't find object

Failed to load condition daemon /kungfu/condition/0, removed from clone/user/user#2061618 ("醉书生")
Error: *call_other() couldn't find object

Failed to load condition daemon /kungfu/condition/0, removed from clone/user/user#1704430 ("文菁")
Error: *call_other() couldn't find object

Failed to load condition daemon /kungfu/condition/questbusytime, removed from clone/user/user#520 ("醉书生")
Error: *call_other() couldn't find object

Failed to load condition daemon /kungfu/condition/questbusytime, removed from clone/user/user#520 ("醉书生")
Error: *call_other() couldn't find object

Failed to load condition daemon /kungfu/condition/0, removed from clone/user/user#82443 ("夏奇拉")
Error: *call_other() couldn't find object

Failed to load condition daemon /kungfu/condition/0, removed from clone/user/user#369 ("玄")
Error: *call_other() couldn't find object

Failed to load condition daemon /kungfu/condition/0, removed from clone/user/user#90181 ("风花雪月")
Error: *call_other() couldn't find object

Failed to load condition daemon /kungfu/condition/0, removed from clone/user/user#97299 ("瑞")
Error: *call_other() couldn't find object

Failed to load condition daemon /kungfu/condition/0, removed from clone/user/user#82443 ("夏奇拉")
Error: *call_other() couldn't find object

Failed to load condition daemon /kungfu/condition/0, removed from clone/user/user#194172 ("剑灵")
Error: *call_other() couldn't find object

Failed to load condition daemon /kungfu/condition/0, removed from clone/user/user#82443 ("夏奇拉")
Error: *call_other() couldn't find object

Failed to load condition daemon /kungfu/condition/0, removed from clone/user/user#6305 ("生")
Error: *call_other() couldn't find object

Failed to load condition daemon /kungfu/condition/0, removed from clone/user/user#345421 ("小猪")
Error: *call_other() couldn't find object

Failed to load condition daemon /kungfu/condition/0, removed from clone/user/user#169981 ("王重羊")
Error: *call_other() couldn't find object

Failed to load condition daemon /kungfu/condition/0, removed from clone/user/user#235785 ("小蛋")
Error: *call_other() couldn't find object

Failed to load condition daemon /kungfu/condition/0, removed from clone/user/user#345003 ("小猪")
Error: *call_other() couldn't find object

Failed to load condition daemon /kungfu/condition/0, removed from clone/user/user#457079 ("祥")
Error: *call_other() couldn't find object

Failed to load condition daemon /kungfu/condition/0, removed from clone/user/user#5 ("文菁")
Error: *call_other() couldn't find object

Failed to load condition daemon /kungfu/condition/0, removed from clone/user/user#732337 ("寥寥")
Error: *call_other() couldn't find object

Failed to load condition daemon /kungfu/condition/0, removed from clone/user/user#173721 ("静鸟")
Error: *call_other() couldn't find object

Failed to load condition daemon /kungfu/condition/0, removed from clone/user/user#457105 ("瑞")
Error: *call_other() couldn't find object

Failed to load condition daemon /kungfu/condition/0, removed from clone/user/user#456977 ("太")
Error: *call_other() couldn't find object

Failed to load condition daemon /kungfu/condition/0, removed from clone/user/user#456714 ("首")
Error: *call_other() couldn't find object

Failed to load condition daemon /kungfu/condition/0, removed from clone/user/user#235785 ("小蛋")
Error: *call_other() couldn't find object

Failed to load condition daemon /kungfu/condition/0, removed from clone/user/user#410402 ("小金鱼")
Error: *call_other() couldn't find object

Failed to load condition daemon /kungfu/condition/0, removed from clone/user/user#457022 ("天")
Error: *call_other() couldn't find object

Failed to load condition daemon /kungfu/condition/0, removed from clone/user/user#343483 ("石之轩")
Error: *call_other() couldn't find object

Failed to load condition daemon /kungfu/condition/0, removed from clone/user/user#456637 ("白")
Error: *call_other() couldn't find object

Failed to load condition daemon /kungfu/condition/0, removed from clone/user/user#456769 ("降")
Error: *call_other() couldn't find object

Failed to load condition daemon /kungfu/condition/0, removed from clone/user/user#964128 ("芬太尼")
Error: *call_other() couldn't find object

Failed to load condition daemon /kungfu/condition/0, removed from clone/user/user#410402 ("小金鱼")
Error: *call_other() couldn't find object

Failed to load condition daemon /kungfu/condition/0, removed from clone/user/user#969165 ("剑灵")
Error: *call_other() couldn't find object

Failed to load condition daemon /kungfu/condition/0, removed from clone/user/user#1031982 ("铃铛")
Error: *call_other() couldn't find object

Failed to load condition daemon /kungfu/condition/0, removed from clone/user/user#961227 ("夏奇拉")
Error: *call_other() couldn't find object

Failed to load condition daemon /kungfu/condition/0, removed from clone/user/user#103818 ("小蛋")
Error: *call_other() couldn't find object

Failed to load condition daemon /kungfu/condition/0, removed from clone/user/user#456714 ("首")
Error: *call_other() couldn't find object

Failed to load condition daemon /kungfu/condition/0, removed from clone/user/user#515713 ("后")
Error: *call_other() couldn't find object

Failed to load condition daemon /kungfu/condition/0, removed from clone/user/user#410402 ("小金鱼")
Error: *call_other() couldn't find object

Failed to load condition daemon /kungfu/condition/0, removed from clone/user/user#6305 ("生")
Error: *call_other() couldn't find object

Failed to load condition daemon /kungfu/condition/0, removed from clone/user/user#457022 ("天")
Error: *call_other() couldn't find object

Failed to load condition daemon /kungfu/condition/0, removed from clone/user/user#6305 ("生")
Error: *call_other() couldn't find object

Failed to load condition daemon /kungfu/condition/0, removed from clone/user/user#991269 ("王重羊")
Error: *call_other() couldn't find object

Failed to load condition daemon /kungfu/condition/0, removed from clone/user/user#969710 ("瑞")
Error: *call_other() couldn't find object

Failed to load condition daemon /kungfu/condition/0, removed from clone/user/user#1072768 ("牛牛二")
Error: *call_other() couldn't find object

Failed to load condition daemon /kungfu/condition/0, removed from clone/user/user#738877 ("玄")
Error: *call_other() couldn't find object

Failed to load condition daemon /kungfu/condition/0, removed from clone/user/user#961227 ("夏奇拉")
Error: *call_other() couldn't find object

Failed to load condition daemon /kungfu/condition/0, removed from clone/user/user#1031982 ("铃铛")
Error: *call_other() couldn't find object

Failed to load condition daemon /kungfu/condition/0, removed from clone/user/user#456769 ("降")
Error: *call_other() couldn't find object

Failed to load condition daemon /kungfu/condition/0, removed from clone/user/user#944453 ("徐子陵")
Error: *call_other() couldn't find object

Failed to load condition daemon /kungfu/condition/0, removed from clone/user/user#1223234 ("挣钱二号")
Error: *call_other() couldn't find object

Failed to load condition daemon /kungfu/condition/0, removed from clone/user/user#515713 ("后")
Error: *call_other() couldn't find object

Failed to load condition daemon /kungfu/condition/0, removed from clone/user/user#855579 ("龙象")
Error: *call_other() couldn't find object

Failed to load condition daemon /kungfu/condition/0, removed from clone/user/user#456977 ("太")
Error: *call_other() couldn't find object

Failed to load condition daemon /kungfu/condition/0, removed from clone/user/user#410402 ("小金鱼")
Error: *call_other() couldn't find object

Failed to load condition daemon /kungfu/condition/0, removed from clone/user/user#348809 ("瞳瞳")
Error: *call_other() couldn't find object

Failed to load condition daemon /kungfu/condition/0, removed from clone/user/user#457118 ("苍")
Error: *call_other() couldn't find object

Failed to load condition daemon /kungfu/condition/0, removed from clone/user/user#1193454 ("白")
Error: *call_other() couldn't find object

Failed to load condition daemon /kungfu/condition/0, removed from clone/user/user#732337 ("寥寥")
Error: *call_other() couldn't find object

Failed to load condition daemon /kungfu/condition/0, removed from clone/user/user#345421 ("小猪")
Error: *call_other() couldn't find object

Failed to load condition daemon /kungfu/condition/0, removed from clone/user/user#456769 ("降")
Error: *call_other() couldn't find object

Failed to load condition daemon /kungfu/condition/0, removed from clone/user/user#456714 ("首")
Error: *call_other() couldn't find object

Failed to load condition daemon /kungfu/condition/0, removed from clone/user/user#1306599 ("小蛋")
Error: *call_other() couldn't find object

Failed to load condition daemon /kungfu/condition/0, removed from clone/user/user#1306599 ("小蛋")
Error: *call_other() couldn't find object

Failed to load condition daemon /kungfu/condition/0, removed from clone/user/user#456977 ("太")
Error: *call_other() couldn't find object

Failed to load condition daemon /kungfu/condition/0, removed from clone/user/user#456769 ("降")
Error: *call_other() couldn't find object

Failed to load condition daemon /kungfu/condition/0, removed from clone/user/user#456977 ("太")
Error: *call_other() couldn't find object

Failed to load condition daemon /kungfu/condition/0, removed from clone/user/user#1193454 ("白")
Error: *call_other() couldn't find object

Failed to load condition daemon /kungfu/condition/0, removed from clone/user/user#1448268 ("降")
Error: *call_other() couldn't find object

Failed to load condition daemon /kungfu/condition/0, removed from clone/user/user#969165 ("剑灵")
Error: *call_other() couldn't find object

Failed to load condition daemon /kungfu/condition/0, removed from clone/user/user#855579 ("龙象")
Error: *call_other() couldn't find object

Failed to load condition daemon /kungfu/condition/0, removed from clone/user/user#348299 ("瞳瞳")
Error: *call_other() couldn't find object

Failed to load condition daemon /kungfu/condition/0, removed from clone/user/user#738877 ("玄")
Error: *call_other() couldn't find object

Failed to load condition daemon /kungfu/condition/0, removed from clone/user/user#348809 ("瞳瞳")
Error: *call_other() couldn't find object

Failed to load condition daemon /kungfu/condition/0, removed from clone/user/user#855579 ("龙象")
Error: *call_other() couldn't find object

Failed to load condition daemon /kungfu/condition/0, removed from clone/user/user#456714 ("首")
Error: *call_other() couldn't find object

Failed to load condition daemon /kungfu/condition/0, removed from clone/user/user#855579 ("龙象")
Error: *call_other() couldn't find object

Failed to load condition daemon /kungfu/condition/0, removed from clone/user/user#738877 ("玄")
Error: *call_other() couldn't find object

Failed to load condition daemon /kungfu/condition/0, removed from clone/user/user#969710 ("瑞")
Error: *call_other() couldn't find object

Failed to load condition daemon /kungfu/condition/0, removed from clone/user/user#410402 ("小金鱼")
Error: *call_other() couldn't find object

Failed to load condition daemon /kungfu/condition/0, removed from clone/user/user#1406452 ("刑捕头")
Error: *call_other() couldn't find object

Failed to load condition daemon /kungfu/condition/0, removed from clone/user/user#969710 ("瑞")
Error: *call_other() couldn't find object

Failed to load condition daemon /kungfu/condition/0, removed from clone/user/user#343483 ("石之轩")
Error: *call_other() couldn't find object

Failed to load condition daemon /kungfu/condition/0, removed from clone/user/user#456714 ("首")
Error: *call_other() couldn't find object

Failed to load condition daemon /kungfu/condition/0, removed from clone/user/user#1719154 ("芬太尼")
Error: *call_other() couldn't find object

Failed to load condition daemon /kungfu/condition/0, removed from clone/user/user#103818 ("小蛋")
Error: *call_other() couldn't find object

Failed to load condition daemon /kungfu/condition/0, removed from clone/user/user#1715029 ("牛牛啊")
Error: *call_other() couldn't find object

Failed to load condition daemon /kungfu/condition/0, removed from clone/user/user#2002560 ("小蛋")
Error: *call_other() couldn't find object

Failed to load condition daemon /kungfu/condition/0, removed from clone/user/user#515713 ("后")
Error: *call_other() couldn't find object

Failed to load condition daemon /kungfu/condition/0, removed from clone/user/user#2083668 ("慕容飞雪")
Error: *call_other() couldn't find object

Failed to load condition daemon /kungfu/condition/0, removed from clone/user/user#1732063 ("瑞")
Error: *call_other() couldn't find object

Failed to load condition daemon /kungfu/condition/0, removed from clone/user/user#456714 ("首")
Error: *call_other() couldn't find object

Failed to load condition daemon /kungfu/condition/0, removed from clone/user/user#2083668 ("慕容飞雪")
Error: *call_other() couldn't find object

Failed to load condition daemon /kungfu/condition/0, removed from clone/user/user#1767968 ("生")
Error: *call_other() couldn't find object

Failed to load condition daemon /kungfu/condition/0, removed from clone/user/user#456714 ("首")
Error: *call_other() couldn't find object

Failed to load condition daemon /kungfu/condition/0, removed from clone/user/user#456977 ("太")
Error: *call_other() couldn't find object

Failed to load condition daemon /kungfu/condition/0, removed from clone/user/user#2144374 ("小金鱼")
Error: *call_other() couldn't find object

Failed to load condition daemon /kungfu/condition/0, removed from clone/user/user#2031005 ("烨烨")
Error: *call_other() couldn't find object

Failed to load condition daemon /kungfu/condition/0, removed from clone/user/user#2083668 ("慕容飞雪")
Error: *call_other() couldn't find object

Failed to load condition daemon /kungfu/condition/0, removed from clone/user/user#457118 ("苍")
Error: *call_other() couldn't find object

Failed to load condition daemon /kungfu/condition/0, removed from clone/user/user#456714 ("首")
Error: *call_other() couldn't find object

Failed to load condition daemon /kungfu/condition/0, removed from clone/user/user#2002560 ("小蛋")
Error: *call_other() couldn't find object

Failed to load condition daemon /kungfu/condition/0, removed from clone/user/user#345421 ("小猪")
Error: *call_other() couldn't find object

Failed to load condition daemon /kungfu/condition/0, removed from clone/user/user#2083668 ("慕容飞雪")
Error: *call_other() couldn't find object

Failed to load condition daemon /kungfu/condition/0, removed from clone/user/user#2160727 ("降")
Error: *call_other() couldn't find object

Failed to load condition daemon /kungfu/condition/0, removed from clone/user/user#855579 ("龙象")
Error: *call_other() couldn't find object

Failed to load condition daemon /kungfu/condition/0, removed from clone/user/user#2225419 ("牛牛啊")
Error: *call_other() couldn't find object

Failed to load condition daemon /kungfu/condition/0, removed from clone/user/user#457118 ("苍")
Error: *call_other() couldn't find object

Failed to load condition daemon /kungfu/condition/0, removed from clone/user/user#1193454 ("白")
Error: *call_other() couldn't find object

Failed to load condition daemon /kungfu/condition/0, removed from clone/user/user#1828812 ("玄")
Error: *call_other() couldn't find object

Failed to load condition daemon /kungfu/condition/0, removed from clone/user/user#457118 ("苍")
Error: *call_other() couldn't find object

Failed to load condition daemon /kungfu/condition/0, removed from clone/user/user#2088400 ("空慕")
Error: *call_other() couldn't find object

Failed to load condition daemon /kungfu/condition/0, removed from clone/user/user#2144374 ("小金鱼")
Error: *call_other() couldn't find object

Failed to load condition daemon /kungfu/condition/0, removed from clone/user/user#2083668 ("慕容飞雪")
Error: *call_other() couldn't find object

Failed to load condition daemon /kungfu/condition/0, removed from clone/user/user#2194601 ("牛牛二")
Error: *call_other() couldn't find object

Failed to load condition daemon /kungfu/condition/0, removed from clone/user/user#1193454 ("白")
Error: *call_other() couldn't find object

Failed to load condition daemon /kungfu/condition/0, removed from clone/user/user#457118 ("苍")
Error: *call_other() couldn't find object

Failed to load condition daemon /kungfu/condition/0, removed from clone/user/user#2364438 ("夏奇拉")
Error: *call_other() couldn't find object

Failed to load condition daemon /kungfu/condition/0, removed from clone/user/user#2364438 ("夏奇拉")
Error: *call_other() couldn't find object

Failed to load condition daemon /kungfu/condition/0, removed from clone/user/user#456714 ("首")
Error: *call_other() couldn't find object

Failed to load condition daemon /kungfu/condition/0, removed from clone/user/user#457079 ("祥")
Error: *call_other() couldn't find object

Failed to load condition daemon /kungfu/condition/0, removed from clone/user/user#1767968 ("生")
Error: *call_other() couldn't find object

Failed to load condition daemon /kungfu/condition/0, removed from clone/user/user#457079 ("祥")
Error: *call_other() couldn't find object

Failed to load condition daemon /kungfu/condition/0, removed from clone/user/user#2725877 ("壤驷十三")
Error: *call_other() couldn't find object

Failed to load condition daemon /kungfu/condition/0, removed from clone/user/user#2563645 ("清源")
Error: *call_other() couldn't find object

Failed to load condition daemon /kungfu/condition/0, removed from clone/user/user#2473952 ("小蛋")
Error: *call_other() couldn't find object

Failed to load condition daemon /kungfu/condition/0, removed from clone/user/user#2592679 ("小猪")
Error: *call_other() couldn't find object

Failed to load condition daemon /kungfu/condition/0, removed from clone/user/user#2592538 ("小猪")
Error: *call_other() couldn't find object

Failed to load condition daemon /kungfu/condition/0, removed from clone/user/user#457079 ("祥")
Error: *call_other() couldn't find object

Failed to load condition daemon /kungfu/condition/0, removed from clone/user/user#2160727 ("降")
Error: *call_other() couldn't find object

Failed to load condition daemon /kungfu/condition/questbusytime, removed from clone/user/user#2734932 ("石之轩")
Error: *call_other() couldn't find object

Failed to load condition daemon /kungfu/condition/questbusytime, removed from clone/user/user#2734932 ("石之轩")
Error: *call_other() couldn't find object

Failed to load condition daemon /kungfu/condition/questbusytime, removed from clone/user/user#2734932 ("石之轩")
Error: *call_other() couldn't find object

Failed to load condition daemon /kungfu/condition/questbusytime, removed from clone/user/user#2734932 ("石之轩")
Error: *call_other() couldn't find object

Failed to load condition daemon /kungfu/condition/0, removed from clone/user/user#456977 ("太")
Error: *call_other() couldn't find object

Failed to load condition daemon /kungfu/condition/0, removed from clone/user/user#2722173 ("龙象")
Error: *call_other() couldn't find object

Failed to load condition daemon /kungfu/condition/0, removed from clone/user/user#2718644 ("姚三")
Error: *call_other() couldn't find object

Failed to load condition daemon /kungfu/condition/0, removed from clone/user/user#2721256 ("古到乐")
Error: *call_other() couldn't find object

Failed to load condition daemon /kungfu/condition/0, removed from clone/user/user#2832628 ("挣钱二号")
Error: *call_other() couldn't find object

Failed to load condition daemon /kungfu/condition/0, removed from clone/user/user#2478153 ("步逍遥")
Error: *call_other() couldn't find object

Failed to load condition daemon /kungfu/condition/questbusytime, removed from clone/user/user#2734932 ("石之轩")
Error: *call_other() couldn't find object

Failed to load condition daemon /kungfu/condition/questbusytime, removed from clone/user/user#2734932 ("石之轩")
Error: *call_other() couldn't find object

Failed to load condition daemon /kungfu/condition/questbusytime, removed from clone/user/user#2734932 ("石之轩")
Error: *call_other() couldn't find object

Failed to load condition daemon /kungfu/condition/questbusytime, removed from clone/user/user#2734932 ("石之轩")
Error: *call_other() couldn't find object

Failed to load condition daemon /kungfu/condition/questbusytime, removed from clone/user/user#2734932 ("石之轩")
Error: *call_other() couldn't find object

Failed to load condition daemon /kungfu/condition/0, removed from clone/user/user#2729036 ("文菁")
Error: *call_other() couldn't find object

Failed to load condition daemon /kungfu/condition/0, removed from clone/user/user#2722173 ("龙象")
Error: *call_other() couldn't find object

Failed to load condition daemon /kungfu/condition/questbusytime, removed from clone/user/user#2734932 ("石之轩")
Error: *call_other() couldn't find object

Failed to load condition daemon /kungfu/condition/questbusytime, removed from clone/user/user#2734932 ("石之轩")
Error: *call_other() couldn't find object

Failed to load condition daemon /kungfu/condition/0, removed from clone/user/user#457079 ("祥")
Error: *call_other() couldn't find object

Failed to load condition daemon /kungfu/condition/0, removed from clone/user/user#2880073 ("寥寥")
Error: *call_other() couldn't find object

Failed to load condition daemon /kungfu/condition/0, removed from clone/user/user#2752881 ("小断水流")
Error: *call_other() couldn't find object

Failed to load condition daemon /kungfu/condition/0, removed from clone/user/user#1193454 ("白")
Error: *call_other() couldn't find object

Failed to load condition daemon /kungfu/condition/0, removed from clone/user/user#2775366 ("苍")
Error: *call_other() couldn't find object

Failed to load condition daemon /kungfu/condition/0, removed from clone/user/user#1767968 ("生")
Error: *call_other() couldn't find object

Failed to load condition daemon /kungfu/condition/0, removed from clone/user/user#2860973 ("夏奇拉")
Error: *call_other() couldn't find object

Failed to load condition daemon /kungfu/condition/0, removed from clone/user/user#2729036 ("文菁")
Error: *call_other() couldn't find object

Failed to load condition daemon /kungfu/condition/0, removed from clone/user/user#2880565 ("石之轩")
Error: *call_other() couldn't find object

Failed to load condition daemon /kungfu/condition/0, removed from clone/user/user#2496990 ("后")
Error: *call_other() couldn't find object

Failed to load condition daemon /kungfu/condition/0, removed from clone/user/user#2972574 ("步逍遥")
Error: *call_other() couldn't find object

Failed to load condition daemon /kungfu/condition/0, removed from clone/user/user#2860973 ("夏奇拉")
Error: *call_other() couldn't find object

Failed to load condition daemon /kungfu/condition/0, removed from clone/user/user#3051596 ("剑灵")
Error: *call_other() couldn't find object

Failed to load condition daemon /kungfu/condition/0, removed from clone/user/user#2775366 ("苍")
Error: *call_other() couldn't find object

Failed to load condition daemon /kungfu/condition/0, removed from clone/user/user#3138052 ("死亡记忆")
Error: *call_other() couldn't find object

Failed to load condition daemon /kungfu/condition/0, removed from clone/user/user#456714 ("首")
Error: *call_other() couldn't find object

Failed to load condition daemon /kungfu/condition/0, removed from clone/user/user#2763868 ("小金鱼")
Error: *call_other() couldn't find object

Failed to load condition daemon /kungfu/condition/0, removed from clone/user/user#456977 ("太")
Error: *call_other() couldn't find object

Failed to load condition daemon /kungfu/condition/0, removed from clone/user/user#2721256 ("古到乐")
Error: *call_other() couldn't find object

Failed to load condition daemon /kungfu/condition/0, removed from clone/user/user#2860973 ("夏奇拉")
Error: *call_other() couldn't find object

Failed to load condition daemon /kungfu/condition/0, removed from clone/user/user#2722173 ("龙象")
Error: *call_other() couldn't find object

Failed to load condition daemon /kungfu/condition/0, removed from clone/user/user#456714 ("首")
Error: *call_other() couldn't find object

Failed to load condition daemon /kungfu/condition/0, removed from clone/user/user#3138052 ("死亡记忆")
Error: *call_other() couldn't find object

Failed to load condition daemon /kungfu/condition/0, removed from clone/user/user#457079 ("祥")
Error: *call_other() couldn't find object

Failed to load condition daemon /kungfu/condition/0, removed from clone/user/user#944453 ("徐子陵")
Error: *call_other() couldn't find object

Failed to load condition daemon /kungfu/condition/0, removed from clone/user/user#3533821 ("奚十八")
Error: *call_other() couldn't find object

Failed to load condition daemon /kungfu/condition/0, removed from clone/user/user#2592538 ("小猪")
Error: *call_other() couldn't find object

Failed to load condition daemon /kungfu/condition/0, removed from clone/user/user#2194601 ("牛牛二")
Error: *call_other() couldn't find object

Failed to load condition daemon /kungfu/condition/0, removed from clone/user/user#1767968 ("生")
Error: *call_other() couldn't find object

Failed to load condition daemon /kungfu/condition/0, removed from clone/user/user#2721256 ("古到乐")
Error: *call_other() couldn't find object

Failed to load condition daemon /kungfu/condition/0, removed from clone/user/user#456714 ("首")
Error: *call_other() couldn't find object

Failed to load condition daemon /kungfu/condition/0, removed from clone/user/user#2880565 ("石之轩")
Error: *call_other() couldn't find object

Failed to load condition daemon /kungfu/condition/0, removed from clone/user/user#456714 ("首")
Error: *call_other() couldn't find object

Failed to load condition daemon /kungfu/condition/0, removed from clone/user/user#2729036 ("文菁")
Error: *call_other() couldn't find object

Failed to load condition daemon /kungfu/condition/0, removed from clone/user/user#3531585 ("壤驷十三")
Error: *call_other() couldn't find object

Failed to load condition daemon /kungfu/condition/0, removed from clone/user/user#2729036 ("文菁")
Error: *call_other() couldn't find object

Failed to load condition daemon /kungfu/condition/0, removed from clone/user/user#3623016 ("觉远")
Error: *call_other() couldn't find object

Failed to load condition daemon /kungfu/condition/0, removed from clone/user/user#2496990 ("后")
Error: *call_other() couldn't find object

Failed to load condition daemon /kungfu/condition/0, removed from clone/user/user#3625787 ("寥寥")
Error: *call_other() couldn't find object

Failed to load condition daemon /kungfu/condition/0, removed from clone/user/user#2722173 ("龙象")
Error: *call_other() couldn't find object

Failed to load condition daemon /kungfu/condition/0, removed from clone/user/user#3412163 ("芬太尼")
Error: *call_other() couldn't find object

Failed to load condition daemon /kungfu/condition/0, removed from clone/user/user#2775366 ("苍")
Error: *call_other() couldn't find object

Failed to load condition daemon /kungfu/condition/0, removed from clone/user/user#3969613 ("慕容飞雪")
Error: *call_other() couldn't find object

Failed to load condition daemon /kungfu/condition/0, removed from clone/user/user#3044366 ("宋兵")
Error: *call_other() couldn't find object

Failed to load condition daemon /kungfu/condition/0, removed from clone/user/user#2763868 ("小金鱼")
Error: *call_other() couldn't find object

Failed to load condition daemon /kungfu/condition/0, removed from clone/user/user#2729036 ("文菁")
Error: *call_other() couldn't find object

Failed to load condition daemon /kungfu/condition/0, removed from clone/user/user#2722173 ("龙象")
Error: *call_other() couldn't find object

Failed to load condition daemon /kungfu/condition/0, removed from clone/user/user#3993404 ("伤心")
Error: *call_other() couldn't find object

Failed to load condition daemon /kungfu/condition/0, removed from clone/user/user#2194601 ("牛牛二")
Error: *call_other() couldn't find object

Failed to load condition daemon /kungfu/condition/0, removed from clone/user/user#3838616 ("巫师助手")
Error: *call_other() couldn't find object

Failed to load condition daemon /kungfu/condition/0, removed from clone/user/user#3917210 ("降")
Error: *call_other() couldn't find object

Failed to load condition daemon /kungfu/condition/0, removed from clone/user/user#4286667 ("风花雪月")
Error: *call_other() couldn't find object

Failed to load condition daemon /kungfu/condition/0, removed from clone/user/user#4335999 ("小蛋")
Error: *call_other() couldn't find object

Failed to load condition daemon /kungfu/condition/0, removed from clone/user/user#4249134 ("壤驷十三")
Error: *call_other() couldn't find object

Failed to load condition daemon /kungfu/condition/0, removed from clone/user/user#4358296 ("慕容飞雪")
Error: *call_other() couldn't find object

Failed to load condition daemon /kungfu/condition/0, removed from clone/user/user#1767968 ("生")
Error: *call_other() couldn't find object

Failed to load condition daemon /kungfu/condition/0, removed from clone/user/user#4358296 ("慕容飞雪")
Error: *call_other() couldn't find object

Failed to load condition daemon /kungfu/condition/0, removed from clone/user/user#2769425 ("寂寞高手")
Error: *call_other() couldn't find object

Failed to load condition daemon /kungfu/condition/0, removed from clone/user/user#4364197 ("空慕")
Error: *call_other() couldn't find object

Failed to load condition daemon /kungfu/condition/0, removed from clone/user/user#2775366 ("苍")
Error: *call_other() couldn't find object

Failed to load condition daemon /kungfu/condition/0, removed from clone/user/user#3917210 ("降")
Error: *call_other() couldn't find object

Failed to load condition daemon /kungfu/condition/0, removed from clone/user/user#4333384 ("瓶儿")
Error: *call_other() couldn't find object

Failed to load condition daemon /kungfu/condition/0, removed from clone/user/user#4445775 ("奚十八")
Error: *call_other() couldn't find object

Failed to load condition daemon /kungfu/condition/0, removed from clone/user/user#4406047 ("断水流")
Error: *call_other() couldn't find object

Failed to load condition daemon /kungfu/condition/0, removed from clone/user/user#4445775 ("奚十八")
Error: *call_other() couldn't find object

Failed to load condition daemon /kungfu/condition/0, removed from clone/user/user#4514546 ("龙象")
Error: *call_other() couldn't find object

Failed to load condition daemon /kungfu/condition/0, removed from clone/user/user#4445775 ("奚十八")
Error: *call_other() couldn't find object

Failed to load condition daemon /kungfu/condition/0, removed from clone/user/user#4444592 ("觉远")
Error: *call_other() couldn't find object

Failed to load condition daemon /kungfu/condition/0, removed from clone/user/user#4814666 ("太")
Error: *call_other() couldn't find object

Failed to load condition daemon /kungfu/condition/0, removed from clone/user/user#4558585 ("寂寞高手")
Error: *call_other() couldn't find object

Failed to load condition daemon /kungfu/condition/0, removed from clone/user/user#4810961 ("降")
Error: *call_other() couldn't find object

Failed to load condition daemon /kungfu/condition/0, removed from clone/user/user#4446451 ("浩大的老虎")
Error: *call_other() couldn't find object

Failed to load condition daemon /kungfu/condition/0, removed from clone/user/user#4446127 ("成十五")
Error: *call_other() couldn't find object

Failed to load condition daemon /kungfu/condition/0, removed from clone/user/user#5175666 ("文菁")
Error: *call_other() couldn't find object

Failed to load condition daemon /kungfu/condition/0, removed from clone/user/user#5242627 ("王重羊")
Error: *call_other() couldn't find object

Failed to load condition daemon /kungfu/condition/0, removed from clone/user/user#5194653 ("小金鱼")
Error: *call_other() couldn't find object

Failed to load condition daemon /kungfu/condition/0, removed from clone/user/user#5238102 ("牛牛二")
Error: *call_other() couldn't find object

Failed to load condition daemon /kungfu/condition/0, removed from clone/user/user#5194653 ("小金鱼")
Error: *call_other() couldn't find object

Failed to load condition daemon /kungfu/condition/0, removed from clone/user/user#5175666 ("文菁")
Error: *call_other() couldn't find object

Failed to load condition daemon /kungfu/condition/0, removed from clone/user/user#661 ("壤驷十三")
Error: *call_other() couldn't find object

Failed to load condition daemon /kungfu/condition/0, removed from clone/user/user#465 ("牛牛二")
Error: *call_other() couldn't find object

Failed to load condition daemon /kungfu/condition/0, removed from clone/user/user#8 ("成十五")
Error: *call_other() couldn't find object

Failed to load condition daemon /kungfu/condition/0, removed from clone/user/user#55694 ("降")
Error: *call_other() couldn't find object

Failed to load condition daemon /kungfu/condition/0, removed from clone/user/user#55677 ("苍")
Error: *call_other() couldn't find object

Failed to load condition daemon /kungfu/condition/0, removed from clone/user/user#314 ("古到乐")
Error: *call_other() couldn't find object

Failed to load condition daemon /kungfu/condition/0, removed from clone/user/user#661 ("壤驷十三")
Error: *call_other() couldn't find object

Failed to load condition daemon /kungfu/condition/0, removed from clone/user/user#188133 ("静鸟")
Error: *call_other() couldn't find object

Failed to load condition daemon /kungfu/condition/0, removed from clone/user/user#112834 ("小金鱼")
Error: *call_other() couldn't find object

Failed to load condition daemon /kungfu/condition/0, removed from clone/user/user#8 ("成十五")
Error: *call_other() couldn't find object

Failed to load condition daemon /kungfu/condition/0, removed from clone/user/user#314 ("古到乐")
Error: *call_other() couldn't find object

Failed to load condition daemon /kungfu/condition/0, removed from clone/user/user#401 ("醉书生")
Error: *call_other() couldn't find object

Failed to load condition daemon /kungfu/condition/0, removed from clone/user/user#54865 ("后")
Error: *call_other() couldn't find object

Failed to load condition daemon /kungfu/condition/0, removed from clone/user/user#54755 ("生")
Error: *call_other() couldn't find object

Failed to load condition daemon /kungfu/condition/0, removed from clone/user/user#311615 ("色空")
Error: *call_other() couldn't find object

Failed to load condition daemon /kungfu/condition/0, removed from clone/user/user#311615 ("色空")
Error: *call_other() couldn't find object

Failed to load condition daemon /kungfu/condition/0, removed from clone/user/user#54743 ("天")
Error: *call_other() couldn't find object

Failed to load condition daemon /kungfu/condition/0, removed from clone/user/user#55668 ("白")
Error: *call_other() couldn't find object

Failed to load condition daemon /kungfu/condition/0, removed from clone/user/user#54645 ("龙象")
Error: *call_other() couldn't find object

Failed to load condition daemon /kungfu/condition/0, removed from clone/user/user#317741 ("黑糊糊")
Error: *call_other() couldn't find object

Failed to load condition daemon /kungfu/condition/0, removed from clone/user/user#112834 ("小金鱼")
Error: *call_other() couldn't find object

Failed to load condition daemon /kungfu/condition/0, removed from clone/user/user#55271 ("小猪")
Error: *call_other() couldn't find object

Failed to load condition daemon /kungfu/condition/0, removed from clone/user/user#411 ("文菁")
Error: *call_other() couldn't find object

Failed to load condition daemon /kungfu/condition/0, removed from clone/user/user#112834 ("小金鱼")
Error: *call_other() couldn't find object

Failed to load condition daemon /kungfu/condition/0, removed from clone/user/user#597 ("小猪")
Error: *call_other() couldn't find object

Failed to load condition daemon /kungfu/condition/0, removed from clone/user/user#54865 ("后")
Error: *call_other() couldn't find object

Failed to load condition daemon /kungfu/condition/0, removed from clone/user/user#552386 ("苏樱")
Error: *call_other() couldn't find object

Failed to load condition daemon /kungfu/condition/0, removed from clone/user/user#55657 ("首")
Error: *call_other() couldn't find object

Failed to load condition daemon /kungfu/condition/0, removed from clone/user/user#757141 ("瓶儿")
Error: *call_other() couldn't find object

Failed to load condition daemon /kungfu/condition/0, removed from clone/user/user#579 ("石之轩")
Error: *call_other() couldn't find object

Failed to load condition daemon /kungfu/condition/0, removed from clone/user/user#55003 ("祥")
Error: *call_other() couldn't find object

Failed to load condition daemon /kungfu/condition/0, removed from clone/user/user#385311 ("巫师助手")
Error: *call_other() couldn't find object

Failed to load condition daemon /kungfu/condition/0, removed from clone/user/user#597 ("小猪")
Error: *call_other() couldn't find object

Failed to load condition daemon /kungfu/condition/0, removed from clone/user/user#54865 ("后")
Error: *call_other() couldn't find object

Failed to load condition daemon /kungfu/condition/0, removed from clone/user/user#54947 ("玄")
Error: *call_other() couldn't find object

Failed to load condition daemon /kungfu/condition/0, removed from clone/user/user#579 ("石之轩")
Error: *call_other() couldn't find object

Failed to load condition daemon /kungfu/condition/0, removed from clone/user/user#578696 ("步逍遥")
Error: *call_other() couldn't find object

Failed to load condition daemon /kungfu/condition/0, removed from clone/user/user#54755 ("生")
Error: *call_other() couldn't find object

Failed to load condition daemon /kungfu/condition/0, removed from clone/user/user#564155 ("小蛋")
Error: *call_other() couldn't find object

Failed to load condition daemon /kungfu/condition/0, removed from clone/user/user#55657 ("首")
Error: *call_other() couldn't find object

Failed to load condition daemon /kungfu/condition/0, removed from clone/user/user#577884 ("小蛋")
Error: *call_other() couldn't find object

Failed to load condition daemon /kungfu/condition/0, removed from clone/user/user#711645 ("色空")
Error: *call_other() couldn't find object

Failed to load condition daemon /kungfu/condition/0, removed from clone/user/user#751419 ("静鸟")
Error: *call_other() couldn't find object

Failed to load condition daemon /kungfu/condition/0, removed from clone/user/user#54947 ("玄")
Error: *call_other() couldn't find object

Failed to load condition daemon /kungfu/condition/0, removed from clone/user/user#953340 ("步逍遥")
Error: *call_other() couldn't find object

Failed to load condition daemon /kungfu/condition/0, removed from clone/user/user#750644 ("老鼠")
Error: *call_other() couldn't find object

Failed to load condition daemon /kungfu/condition/0, removed from clone/user/user#55685 ("经")
Error: *call_other() couldn't find object

Failed to load condition daemon /kungfu/condition/0, removed from clone/user/user#54865 ("后")
Error: *call_other() couldn't find object

Failed to load condition daemon /kungfu/condition/0, removed from clone/user/user#757141 ("瓶儿")
Error: *call_other() couldn't find object

Failed to load condition daemon /kungfu/condition/0, removed from clone/user/user#1349479 ("瑞")
Error: *call_other() couldn't find object

Failed to load condition daemon /kungfu/condition/0, removed from clone/user/user#54755 ("生")
Error: *call_other() couldn't find object

Failed to load condition daemon /kungfu/condition/0, removed from clone/user/user#54645 ("龙象")
Error: *call_other() couldn't find object

Failed to load condition daemon /kungfu/condition/0, removed from clone/user/user#55003 ("祥")
Error: *call_other() couldn't find object

Failed to load condition daemon /kungfu/condition/0, removed from clone/user/user#757141 ("瓶儿")
Error: *call_other() couldn't find object

Failed to load condition daemon /kungfu/condition/0, removed from clone/user/user#55668 ("白")
Error: *call_other() couldn't find object

Failed to load condition daemon /kungfu/condition/0, removed from clone/user/user#1409885 ("觉远")
Error: *call_other() couldn't find object

Failed to load condition daemon /kungfu/condition/0, removed from clone/user/user#1447946 ("文菁")
Error: *call_other() couldn't find object

Failed to load condition daemon /kungfu/condition/0, removed from clone/user/user#562434 ("剑灵")
Error: *call_other() couldn't find object

Failed to load condition daemon /kungfu/condition/0, removed from clone/user/user#420812 ("刑捕头")
Error: *call_other() couldn't find object

Failed to load condition daemon /kungfu/condition/0, removed from clone/user/user#112834 ("小金鱼")
Error: *call_other() couldn't find object

Failed to load condition daemon /kungfu/condition/0, removed from clone/user/user#1495906 ("寂寞高手")
Error: *call_other() couldn't find object

Failed to load condition daemon /kungfu/condition/0, removed from clone/user/user#562434 ("剑灵")
Error: *call_other() couldn't find object

Failed to load condition daemon /kungfu/condition/0, removed from clone/user/user#1677981 ("王重羊")
Error: *call_other() couldn't find object

Failed to load condition daemon /kungfu/condition/0, removed from clone/user/user#1645069 ("清源")
Error: *call_other() couldn't find object

Failed to load condition daemon /kungfu/condition/0, removed from clone/user/user#562434 ("剑灵")
Error: *call_other() couldn't find object

Failed to load condition daemon /kungfu/condition/0, removed from clone/user/user#54865 ("后")
Error: *call_other() couldn't find object

Failed to load condition daemon /kungfu/condition/0, removed from clone/user/user#54947 ("玄")
Error: *call_other() couldn't find object

Failed to load condition daemon /kungfu/condition/0, removed from clone/user/user#54755 ("生")
Error: *call_other() couldn't find object

Failed to load condition daemon /kungfu/condition/0, removed from clone/user/user#1447946 ("文菁")
Error: *call_other() couldn't find object

Failed to load condition daemon /kungfu/condition/0, removed from clone/user/user#1857411 ("老鼠")
Error: *call_other() couldn't find object

Failed to load condition daemon /kungfu/condition/0, removed from clone/user/user#1427454 ("瑞")
Error: *call_other() couldn't find object

Failed to load condition daemon /kungfu/condition/0, removed from clone/user/user#1923773 ("黑糊糊")
Error: *call_other() couldn't find object

Failed to load condition daemon /kungfu/condition/0, removed from clone/user/user#1376046 ("风中行")
Error: *call_other() couldn't find object

Failed to load condition daemon /kungfu/condition/0, removed from clone/user/user#54755 ("生")
Error: *call_other() couldn't find object

Failed to load condition daemon /kungfu/condition/0, removed from clone/user/user#1991239 ("石之轩")
Error: *call_other() couldn't find object

Failed to load condition daemon /kungfu/condition/0, removed from clone/user/user#1999118 ("清源")
Error: *call_other() couldn't find object

Failed to load condition daemon /kungfu/condition/0, removed from clone/user/user#1891375 ("林")
Error: *call_other() couldn't find object

Failed to load condition daemon /kungfu/condition/0, removed from clone/user/user#54865 ("后")
Error: *call_other() couldn't find object

Failed to load condition daemon /kungfu/condition/0, removed from clone/user/user#2481534 ("天天向上")
Error: *call_other() couldn't find object

Failed to load condition daemon /kungfu/condition/0, removed from clone/user/user#2193893 ("王重羊")
Error: *call_other() couldn't find object

Failed to load condition daemon /kungfu/condition/0, removed from clone/user/user#420812 ("刑捕头")
Error: *call_other() couldn't find object

Failed to load condition daemon /kungfu/condition/0, removed from clone/user/user#2497459 ("魔剑纵横")
Error: *call_other() couldn't find object

Failed to load condition daemon /kungfu/condition/0, removed from clone/user/user#2249868 ("小猪")
Error: *call_other() couldn't find object

Failed to load condition daemon /kungfu/condition/0, removed from clone/user/user#2424542 ("首")
Error: *call_other() couldn't find object

Failed to load condition daemon /kungfu/condition/0, removed from clone/user/user#2424511 ("白")
Error: *call_other() couldn't find object

Failed to load condition daemon /kungfu/condition/0, removed from clone/user/user#2321221 ("觉远")
Error: *call_other() couldn't find object

Failed to load condition daemon /kungfu/condition/0, removed from clone/user/user#2028549 ("小金鱼")
Error: *call_other() couldn't find object

Failed to load condition daemon /kungfu/condition/0, removed from clone/user/user#2424688 ("太")
Error: *call_other() couldn't find object

Failed to load condition daemon /kungfu/condition/0, removed from clone/user/user#2424542 ("首")
Error: *call_other() couldn't find object

Failed to load condition daemon /kungfu/condition/0, removed from clone/user/user#2249620 ("石之轩")
Error: *call_other() couldn't find object

Failed to load condition daemon /kungfu/condition/0, removed from clone/user/user#2649928 ("白")
Error: *call_other() couldn't find object

Failed to load condition daemon /kungfu/condition/0, removed from clone/user/user#2510866 ("成十五")
Error: *call_other() couldn't find object

Failed to load condition daemon /kungfu/condition/0, removed from clone/user/user#2680773 ("苏樱")
Error: *call_other() couldn't find object

Failed to load condition daemon /kungfu/condition/0, removed from clone/user/user#2423734 ("天")
Error: *call_other() couldn't find object

Failed to load condition daemon /kungfu/condition/0, removed from clone/user/user#1884749 ("渡牛")
Error: *call_other() couldn't find object

Failed to load condition daemon /kungfu/condition/0, removed from clone/user/user#2602193 ("瓶儿")
Error: *call_other() couldn't find object

Failed to load condition daemon /kungfu/condition/0, removed from clone/user/user#2680773 ("苏樱")
Error: *call_other() couldn't find object

Failed to load condition daemon /kungfu/condition/0, removed from clone/user/user#2322849 ("芬太尼")
Error: *call_other() couldn't find object

Failed to load condition daemon /kungfu/condition/0, removed from clone/user/user#2769048 ("断水流")
Error: *call_other() couldn't find object

Failed to load condition daemon /kungfu/condition/0, removed from clone/user/user#54645 ("龙象")
Error: *call_other() couldn't find object

Failed to load condition daemon /kungfu/condition/0, removed from clone/user/user#2769048 ("断水流")
Error: *call_other() couldn't find object

Failed to load condition daemon /kungfu/condition/0, removed from clone/user/user#2717389 ("王重羊")
Error: *call_other() couldn't find object

Failed to load condition daemon /kungfu/condition/0, removed from clone/user/user#2032 ("白")
Error: *call_other() couldn't find object

Failed to load condition daemon /kungfu/condition/0, removed from clone/user/user#8681 ("太")
Error: *call_other() couldn't find object

Failed to load condition daemon /kungfu/condition/0, removed from clone/user/user#301 ("麻醉师")
Error: *call_other() couldn't find object

Failed to load condition daemon /kungfu/condition/0, removed from clone/user/user#1011 ("小金鱼")
Error: *call_other() couldn't find object

Failed to load condition daemon /kungfu/condition/0, removed from clone/user/user#388844 ("小蛋")
Error: *call_other() couldn't find object

Failed to load condition daemon /kungfu/condition/0, removed from clone/user/user#1444 ("小猪")
Error: *call_other() couldn't find object

Failed to load condition daemon /kungfu/condition/0, removed from clone/user/user#77 ("成十五")
Error: *call_other() couldn't find object

Failed to load condition daemon /kungfu/condition/0, removed from clone/user/user#5512 ("经")
Error: *call_other() couldn't find object

Failed to load condition daemon /kungfu/condition/0, removed from clone/user/user#1444 ("小猪")
Error: *call_other() couldn't find object

Failed to load condition daemon /kungfu/condition/0, removed from clone/user/user#36479 ("步逍遥")
Error: *call_other() couldn't find object

Failed to load condition daemon /kungfu/condition/0, removed from clone/user/user#1234 ("龙象")
Error: *call_other() couldn't find object

Failed to load condition daemon /kungfu/condition/0, removed from clone/user/user#291368 ("小蛋")
Error: *call_other() couldn't find object

Failed to load condition daemon /kungfu/condition/0, removed from clone/user/user#664967 ("清源")
Error: *call_other() couldn't find object

Failed to load condition daemon /kungfu/condition/0, removed from clone/user/user#305182 ("姚三")
Error: *call_other() couldn't find object

Failed to load condition daemon /kungfu/condition/0, removed from clone/user/user#4017 ("后")
Error: *call_other() couldn't find object

Failed to load condition daemon /kungfu/condition/0, removed from clone/user/user#4017 ("后")
Error: *call_other() couldn't find object

Failed to load condition daemon /kungfu/condition/0, removed from clone/user/user#664967 ("清源")
Error: *call_other() couldn't find object

Failed to load condition daemon /kungfu/condition/0, removed from clone/user/user#388844 ("小蛋")
Error: *call_other() couldn't find object

Failed to load condition daemon /kungfu/condition/0, removed from clone/user/user#772590 ("瓶儿")
Error: *call_other() couldn't find object

Failed to load condition daemon /kungfu/condition/0, removed from clone/user/user#18092 ("瑞")
Error: *call_other() couldn't find object

Failed to load condition daemon /kungfu/condition/0, removed from clone/user/user#4670 ("玄")
Error: *call_other() couldn't find object

Failed to load condition daemon /kungfu/condition/0, removed from clone/user/user#809470 ("麻醉师")
Error: *call_other() couldn't find object

Failed to load condition daemon /kungfu/condition/0, removed from clone/user/user#1249 ("石之轩")
Error: *call_other() couldn't find object

Failed to load condition daemon /kungfu/condition/questbusytime, removed from clone/user/user#961706 ("剑灵")
Error: *call_other() couldn't find object

Failed to load condition daemon /kungfu/condition/questbusytime, removed from clone/user/user#961706 ("剑灵")
Error: *call_other() couldn't find object

Failed to load condition daemon /kungfu/condition/questbusytime, removed from clone/user/user#961706 ("剑灵")
Error: *call_other() couldn't find object

Failed to load condition daemon /kungfu/condition/questbusytime, removed from clone/user/user#961706 ("剑灵")
Error: *call_other() couldn't find object

Failed to load condition daemon /kungfu/condition/questbusytime, removed from clone/user/user#961706 ("剑灵")
Error: *call_other() couldn't find object

Failed to load condition daemon /kungfu/condition/questbusytime, removed from clone/user/user#961706 ("剑灵")
Error: *call_other() couldn't find object

Failed to load condition daemon /kungfu/condition/questbusytime, removed from clone/user/user#961706 ("剑灵")
Error: *call_other() couldn't find object

Failed to load condition daemon /kungfu/condition/questbusytime, removed from clone/user/user#961706 ("剑灵")
Error: *call_other() couldn't find object

Failed to load condition daemon /kungfu/condition/questbusytime, removed from clone/user/user#961706 ("剑灵")
Error: *call_other() couldn't find object

Failed to load condition daemon /kungfu/condition/questbusytime, removed from clone/user/user#961706 ("剑灵")
Error: *call_other() couldn't find object

Failed to load condition daemon /kungfu/condition/questbusytime, removed from clone/user/user#961706 ("剑灵")
Error: *call_other() couldn't find object

Failed to load condition daemon /kungfu/condition/questbusytime, removed from clone/user/user#961706 ("剑灵")
Error: *call_other() couldn't find object

Failed to load condition daemon /kungfu/condition/questbusytime, removed from clone/user/user#961706 ("剑灵")
Error: *call_other() couldn't find object

Failed to load condition daemon /kungfu/condition/0, removed from clone/user/user#349383 ("风中行")
Error: *call_other() couldn't find object

Failed to load condition daemon /kungfu/condition/0, removed from clone/user/user#388844 ("小蛋")
Error: *call_other() couldn't find object

Failed to load condition daemon /kungfu/condition/0, removed from clone/user/user#772590 ("瓶儿")
Error: *call_other() couldn't find object

Failed to load condition daemon /kungfu/condition/questbusytime, removed from clone/user/user#961706 ("剑灵")
Error: *call_other() couldn't find object

Failed to load condition daemon /kungfu/condition/0, removed from clone/user/user#388844 ("小蛋")
Error: *call_other() couldn't find object

Failed to load condition daemon /kungfu/condition/0, removed from clone/user/user#779452 ("老鼠")
Error: *call_other() couldn't find object

Failed to load condition daemon /kungfu/condition/0, removed from clone/user/user#664967 ("清源")
Error: *call_other() couldn't find object

Failed to load condition daemon /kungfu/condition/0, removed from clone/user/user#349383 ("风中行")
Error: *call_other() couldn't find object

Failed to load condition daemon /kungfu/condition/0, removed from clone/user/user#490 ("寥寥")
Error: *call_other() couldn't find object

Failed to load condition daemon /kungfu/condition/0, removed from clone/user/user#664967 ("清源")
Error: *call_other() couldn't find object

Failed to load condition daemon /kungfu/condition/0, removed from clone/user/user#411923 ("芬太尼")
Error: *call_other() couldn't find object

Failed to load condition daemon /kungfu/condition/0, removed from clone/user/user#4017 ("后")
Error: *call_other() couldn't find object

Failed to load condition daemon /kungfu/condition/0, removed from clone/user/user#5512 ("经")
Error: *call_other() couldn't find object

Failed to load condition daemon /kungfu/condition/0, removed from clone/user/user#1120405 ("林")
Error: *call_other() couldn't find object

Failed to load condition daemon /kungfu/condition/0, removed from clone/user/user#1024058 ("麻醉师")
Error: *call_other() couldn't find object

Failed to load condition daemon /kungfu/condition/0, removed from clone/user/user#1199118 ("清源")
Error: *call_other() couldn't find object

Failed to load condition daemon /kungfu/condition/0, removed from clone/user/user#388844 ("小蛋")
Error: *call_other() couldn't find object

Failed to load condition daemon /kungfu/condition/0, removed from clone/user/user#5512 ("经")
Error: *call_other() couldn't find object

Failed to load condition daemon /kungfu/condition/0, removed from clone/user/user#1254186 ("绝对不亮")
Error: *call_other() couldn't find object

Failed to load condition daemon /kungfu/condition/0, removed from clone/user/user#1846 ("首")
Error: *call_other() couldn't find object

Failed to load condition daemon /kungfu/condition/0, removed from clone/user/user#5512 ("经")
Error: *call_other() couldn't find object

Failed to load condition daemon /kungfu/condition/0, removed from clone/user/user#77 ("成十五")
Error: *call_other() couldn't find object

Failed to load condition daemon /kungfu/condition/0, removed from clone/user/user#855499 ("天下无雪")
Error: *call_other() couldn't find object

Failed to load condition daemon /kungfu/condition/0, removed from clone/user/user#20 ("刑捕头")
Error: *call_other() couldn't find object

Failed to load condition daemon /kungfu/condition/0, removed from clone/user/user#1938 ("降")
Error: *call_other() couldn't find object

Failed to load condition daemon /kungfu/condition/0, removed from clone/user/user#779452 ("老鼠")
Error: *call_other() couldn't find object

Failed to load condition daemon /kungfu/condition/0, removed from clone/user/user#1422050 ("魔剑纵横")
Error: *call_other() couldn't find object

Failed to load condition daemon /kungfu/condition/0, removed from clone/user/user#1422050 ("魔剑纵横")
Error: *call_other() couldn't find object

Failed to load condition daemon /kungfu/condition/0, removed from clone/user/user#1557899 ("首")
Error: *call_other() couldn't find object

Failed to load condition daemon /kungfu/condition/0, removed from clone/user/user#1559381 ("祥")
Error: *call_other() couldn't find object

Failed to load condition daemon /kungfu/condition/0, removed from clone/user/user#1596352 ("王重羊")
Error: *call_other() couldn't find object

Failed to load condition daemon /kungfu/condition/0, removed from clone/user/user#1584557 ("黑糊糊")
Error: *call_other() couldn't find object

Failed to load condition daemon /kungfu/condition/0, removed from clone/user/user#1888 ("小猪")
Error: *call_other() couldn't find object

Failed to load condition daemon /kungfu/condition/0, removed from clone/user/user#1596352 ("王重羊")
Error: *call_other() couldn't find object

Failed to load condition daemon /kungfu/condition/0, removed from clone/user/user#779452 ("老鼠")
Error: *call_other() couldn't find object

Failed to load condition daemon /kungfu/condition/0, removed from clone/user/user#1249 ("石之轩")
Error: *call_other() couldn't find object

Failed to load condition daemon /kungfu/condition/0, removed from clone/user/user#36479 ("步逍遥")
Error: *call_other() couldn't find object

Failed to load condition daemon /kungfu/condition/0, removed from clone/user/user#1532193 ("降")
Error: *call_other() couldn't find object

Failed to load condition daemon /kungfu/condition/0, removed from clone/user/user#1596352 ("王重羊")
Error: *call_other() couldn't find object

Failed to load condition daemon /kungfu/condition/0, removed from clone/user/user#1557837 ("后")
Error: *call_other() couldn't find object

Failed to load condition daemon /kungfu/condition/0, removed from clone/user/user#1714430 ("风中行")
Error: *call_other() couldn't find object

Failed to load condition daemon /kungfu/condition/0, removed from clone/user/user#779452 ("老鼠")
Error: *call_other() couldn't find object

Failed to load condition daemon /kungfu/condition/0, removed from clone/user/user#1565608 ("寥寥")
Error: *call_other() couldn't find object

Failed to load condition daemon /kungfu/condition/0, removed from clone/user/user#1249 ("石之轩")
Error: *call_other() couldn't find object

Failed to load condition daemon /kungfu/condition/0, removed from clone/user/user#1558057 ("白")
Error: *call_other() couldn't find object

Failed to load condition daemon /kungfu/condition/questbusytime, removed from clone/user/user#1971093 ("苏樱")
Error: *call_other() couldn't find object

Failed to load condition daemon /kungfu/condition/questbusytime, removed from clone/user/user#1971093 ("苏樱")
Error: *call_other() couldn't find object

Failed to load condition daemon /kungfu/condition/0, removed from clone/user/user#1971783 ("渡小")
Error: *call_other() couldn't find object

Failed to load condition daemon /kungfu/condition/questbusytime, removed from clone/user/user#1971093 ("苏樱")
Error: *call_other() couldn't find object

Failed to load condition daemon /kungfu/condition/questbusytime, removed from clone/user/user#1971093 ("苏樱")
Error: *call_other() couldn't find object

Failed to load condition daemon /kungfu/condition/questbusytime, removed from clone/user/user#1971093 ("苏樱")
Error: *call_other() couldn't find object

Failed to load condition daemon /kungfu/condition/questbusytime, removed from clone/user/user#1971093 ("苏樱")
Error: *call_other() couldn't find object

Failed to load condition daemon /kungfu/condition/questbusytime, removed from clone/user/user#1971093 ("苏樱")
Error: *call_other() couldn't find object

Failed to load condition daemon /kungfu/condition/0, removed from clone/user/user#1921939 ("步逍遥")
Error: *call_other() couldn't find object

Failed to load condition daemon /kungfu/condition/0, removed from clone/user/user#1896604 ("成十五")
Error: *call_other() couldn't find object

Failed to load condition daemon /kungfu/condition/0, removed from clone/user/user#1980929 ("首")
Error: *call_other() couldn't find object

Failed to load condition daemon /kungfu/condition/0, removed from clone/user/user#2037244 ("瓶儿")
Error: *call_other() couldn't find object

Failed to load condition daemon /kungfu/condition/0, removed from clone/user/user#2015424 ("老鼠")
Error: *call_other() couldn't find object

Failed to load condition daemon /kungfu/condition/0, removed from clone/user/user#2105463 ("剑灵")
Error: *call_other() couldn't find object

Failed to load condition daemon /kungfu/condition/0, removed from clone/user/user#2093830 ("渡牛")
Error: *call_other() couldn't find object

Failed to load condition daemon /kungfu/condition/0, removed from clone/user/user#1534324 ("经")
Error: *call_other() couldn't find object

Failed to load condition daemon /kungfu/condition/0, removed from clone/user/user#2185624 ("古到乐")
Error: *call_other() couldn't find object

Failed to load condition daemon /kungfu/condition/0, removed from clone/user/user#2067200 ("绝对不亮")
Error: *call_other() couldn't find object

Failed to load condition daemon /kungfu/condition/0, removed from clone/user/user#2185893 ("文菁")
Error: *call_other() couldn't find object

Failed to load condition daemon /kungfu/condition/0, removed from clone/user/user#2238643 ("芬太尼")
Error: *call_other() couldn't find object

Failed to load condition daemon /kungfu/condition/0, removed from clone/user/user#2298081 ("风花雪月")
Error: *call_other() couldn't find object

Failed to load condition daemon /kungfu/condition/0, removed from clone/user/user#2268502 ("老鼠")
Error: *call_other() couldn't find object

Failed to load condition daemon /kungfu/condition/0, removed from clone/user/user#2346937 ("林")
Error: *call_other() couldn't find object

Failed to load condition daemon /kungfu/condition/0, removed from clone/user/user#20 ("刑捕头")
Error: *call_other() couldn't find object

Failed to load condition daemon /kungfu/condition/0, removed from clone/user/user#1717169 ("苍")
Error: *call_other() couldn't find object

Failed to load condition daemon /kungfu/condition/0, removed from clone/user/user#2038169 ("玄")
Error: *call_other() couldn't find object

Failed to load condition daemon /kungfu/condition/0, removed from clone/user/user#2593308 ("醉书生")
Error: *call_other() couldn't find object

Failed to load condition daemon /kungfu/condition/0, removed from clone/user/user#2416286 ("徐子陵")
Error: *call_other() couldn't find object

Failed to load condition daemon /kungfu/condition/0, removed from clone/user/user#2403220 ("天天向上")
Error: *call_other() couldn't find object

Failed to load condition daemon /kungfu/condition/0, removed from clone/user/user#2653780 ("清源")
Error: *call_other() couldn't find object

Failed to load condition daemon /kungfu/condition/0, removed from clone/user/user#20 ("刑捕头")
Error: *call_other() couldn't find object

Failed to load condition daemon /kungfu/condition/0, removed from clone/user/user#1949192 ("太")
Error: *call_other() couldn't find object

Failed to load condition daemon /kungfu/condition/0, removed from clone/user/user#2030803 ("生")
Error: *call_other() couldn't find object

Failed to load condition daemon /kungfu/condition/0, removed from clone/user/user#2346937 ("林")
Error: *call_other() couldn't find object

Failed to load condition daemon /kungfu/condition/0, removed from clone/user/user#2780732 ("林")
Error: *call_other() couldn't find object

Failed to load condition daemon /kungfu/condition/0, removed from clone/user/user#2781950 ("奚十八")
Error: *call_other() couldn't find object

Failed to load condition daemon /kungfu/condition/0, removed from clone/user/user#2803526 ("风花雪月")
Error: *call_other() couldn't find object

Failed to load condition daemon /kungfu/condition/0, removed from clone/user/user#2416286 ("徐子陵")
Error: *call_other() couldn't find object

Failed to load condition daemon /kungfu/condition/0, removed from clone/user/user#2185624 ("古到乐")
Error: *call_other() couldn't find object

Failed to load condition daemon /kungfu/condition/0, removed from clone/user/user#2723131 ("苏樱")
Error: *call_other() couldn't find object

Failed to load condition daemon /kungfu/condition/0, removed from clone/user/user#2030803 ("生")
Error: *call_other() couldn't find object

Failed to load condition daemon /kungfu/condition/0, removed from clone/user/user#1561683 ("瑞")
Error: *call_other() couldn't find object

Failed to load condition daemon /kungfu/condition/0, removed from clone/user/user#2743177 ("瓶儿")
Error: *call_other() couldn't find object

Failed to load condition daemon /kungfu/condition/0, removed from clone/user/user#1717169 ("苍")
Error: *call_other() couldn't find object

Failed to load condition daemon /kungfu/condition/questbusytime, removed from clone/user/user#2956187 ("风羽")
Error: *call_other() couldn't find object

Failed to load condition daemon /kungfu/condition/questbusytime, removed from clone/user/user#2956187 ("风羽")
Error: *call_other() couldn't find object

Failed to load condition daemon /kungfu/condition/questbusytime, removed from clone/user/user#2989360 ("石之轩")
Error: *call_other() couldn't find object

Failed to load condition daemon /kungfu/condition/questbusytime, removed from clone/user/user#2989360 ("石之轩")
Error: *call_other() couldn't find object

Failed to load condition daemon /kungfu/condition/questbusytime, removed from clone/user/user#2989360 ("石之轩")
Error: *call_other() couldn't find object

Failed to load condition daemon /kungfu/condition/questbusytime, removed from clone/user/user#3024046 ("石之轩")
Error: *call_other() couldn't find object

Failed to load condition daemon /kungfu/condition/questbusytime, removed from clone/user/user#3024046 ("石之轩")
Error: *call_other() couldn't find object

Failed to load condition daemon /kungfu/condition/0, removed from clone/user/user#2887791 ("缘起")
Error: *call_other() couldn't find object

Failed to load condition daemon /kungfu/condition/0, removed from clone/user/user#2886414 ("梦蝶")
Error: *call_other() couldn't find object

Failed to load condition daemon /kungfu/condition/0, removed from clone/user/user#3028441 ("浩大的老虎")
Error: *call_other() couldn't find object

Failed to load condition daemon /kungfu/condition/questbusytime, removed from clone/user/user#3024046 ("石之轩")
Error: *call_other() couldn't find object

Failed to load condition daemon /kungfu/condition/questbusytime, removed from clone/user/user#3024046 ("石之轩")
Error: *call_other() couldn't find object

Failed to load condition daemon /kungfu/condition/questbusytime, removed from clone/user/user#3024046 ("石之轩")
Error: *call_other() couldn't find object

Failed to load condition daemon /kungfu/condition/questbusytime, removed from clone/user/user#3024046 ("石之轩")
Error: *call_other() couldn't find object

Failed to load condition daemon /kungfu/condition/questbusytime, removed from clone/user/user#3024046 ("石之轩")
Error: *call_other() couldn't find object

Failed to load condition daemon /kungfu/condition/questbusytime, removed from clone/user/user#3024046 ("石之轩")
Error: *call_other() couldn't find object

Failed to load condition daemon /kungfu/condition/questbusytime, removed from clone/user/user#3024046 ("石之轩")
Error: *call_other() couldn't find object

Failed to load condition daemon /kungfu/condition/questbusytime, removed from clone/user/user#3024046 ("石之轩")
Error: *call_other() couldn't find object

Failed to load condition daemon /kungfu/condition/questbusytime, removed from clone/user/user#3024046 ("石之轩")
Error: *call_other() couldn't find object

Failed to load condition daemon /kungfu/condition/questbusytime, removed from clone/user/user#3024046 ("石之轩")
Error: *call_other() couldn't find object

Failed to load condition daemon /kungfu/condition/questbusytime, removed from clone/user/user#3024046 ("石之轩")
Error: *call_other() couldn't find object

Failed to load condition daemon /kungfu/condition/questbusytime, removed from clone/user/user#3024046 ("石之轩")
Error: *call_other() couldn't find object

Failed to load condition daemon /kungfu/condition/questbusytime, removed from clone/user/user#3024046 ("石之轩")
Error: *call_other() couldn't find object

Failed to load condition daemon /kungfu/condition/questbusytime, removed from clone/user/user#3024046 ("石之轩")
Error: *call_other() couldn't find object

Failed to load condition daemon /kungfu/condition/questbusytime, removed from clone/user/user#3024046 ("石之轩")
Error: *call_other() couldn't find object

Failed to load condition daemon /kungfu/condition/questbusytime, removed from clone/user/user#3024046 ("石之轩")
Error: *call_other() couldn't find object

Failed to load condition daemon /kungfu/condition/questbusytime, removed from clone/user/user#3024046 ("石之轩")
Error: *call_other() couldn't find object

Failed to load condition daemon /kungfu/condition/questbusytime, removed from clone/user/user#3024046 ("石之轩")
Error: *call_other() couldn't find object

Failed to load condition daemon /kungfu/condition/questbusytime, removed from clone/user/user#3024046 ("石之轩")
Error: *call_other() couldn't find object

Failed to load condition daemon /kungfu/condition/questbusytime, removed from clone/user/user#3024046 ("石之轩")
Error: *call_other() couldn't find object

Failed to load condition daemon /kungfu/condition/questbusytime, removed from clone/user/user#3024046 ("石之轩")
Error: *call_other() couldn't find object

Failed to load condition daemon /kungfu/condition/questbusytime, removed from clone/user/user#3024046 ("石之轩")
Error: *call_other() couldn't find object

Failed to load condition daemon /kungfu/condition/questbusytime, removed from clone/user/user#3024046 ("石之轩")
Error: *call_other() couldn't find object

Failed to load condition daemon /kungfu/condition/questbusytime, removed from clone/user/user#3024046 ("石之轩")
Error: *call_other() couldn't find object

Failed to load condition daemon /kungfu/condition/questbusytime, removed from clone/user/user#3024046 ("石之轩")
Error: *call_other() couldn't find object

Failed to load condition daemon /kungfu/condition/questbusytime, removed from clone/user/user#3024046 ("石之轩")
Error: *call_other() couldn't find object

Failed to load condition daemon /kungfu/condition/questbusytime, removed from clone/user/user#3024046 ("石之轩")
Error: *call_other() couldn't find object

Failed to load condition daemon /kungfu/condition/questbusytime, removed from clone/user/user#3024046 ("石之轩")
Error: *call_other() couldn't find object

Failed to load condition daemon /kungfu/condition/questbusytime, removed from clone/user/user#2971634 ("风羽")
Error: *call_other() couldn't find object

Failed to load condition daemon /kungfu/condition/0, removed from clone/user/user#3062708 ("经")
Error: *call_other() couldn't find object

Failed to load condition daemon /kungfu/condition/0, removed from clone/user/user#3117641 ("老鼠")
Error: *call_other() couldn't find object

Failed to load condition daemon /kungfu/condition/0, removed from clone/user/user#3104507 ("当当")
Error: *call_other() couldn't find object

Failed to load condition daemon /kungfu/condition/0, removed from clone/user/user#3108827 ("壤驷十三")
Error: *call_other() couldn't find object

Failed to load condition daemon /kungfu/condition/0, removed from clone/user/user#3086212 ("渡小")
Error: *call_other() couldn't find object

Failed to load condition daemon /kungfu/condition/0, removed from clone/user/user#2753623 ("唐方")
Error: *call_other() couldn't find object

Failed to load condition daemon /kungfu/condition/0, removed from clone/user/user#3059796 ("生")
Error: *call_other() couldn't find object

Failed to load condition daemon /kungfu/condition/0, removed from clone/user/user#2905712 ("风花雪月")
Error: *call_other() couldn't find object

Failed to load condition daemon /kungfu/condition/0, removed from clone/user/user#2957695 ("小蛋")
Error: *call_other() couldn't find object

Failed to load condition daemon /kungfu/condition/0, removed from clone/user/user#2803000 ("绝对不亮")
Error: *call_other() couldn't find object

Failed to load condition daemon /kungfu/condition/0, removed from clone/user/user#3000722 ("褚八")
Error: *call_other() couldn't find object

Failed to load condition daemon /kungfu/condition/0, removed from clone/user/user#3117641 ("老鼠")
Error: *call_other() couldn't find object

Failed to load condition daemon /kungfu/condition/0, removed from clone/user/user#3062708 ("经")
Error: *call_other() couldn't find object

Failed to load condition daemon /kungfu/condition/0, removed from clone/user/user#3079695 ("夏奇拉")
Error: *call_other() couldn't find object

Failed to load condition daemon /kungfu/condition/0, removed from clone/user/user#1147 ("林")
Error: *call_other() couldn't find object

Failed to load condition daemon /kungfu/condition/0, removed from clone/user/user#1203 ("褚八")
Error: *call_other() couldn't find object

Failed to load condition daemon /kungfu/condition/0, removed from clone/user/user#1623 ("逍遥天地")
Error: *call_other() couldn't find object

Failed to load condition daemon /kungfu/condition/0, removed from clone/user/user#1651 ("经")
Error: *call_other() couldn't find object

Failed to load condition daemon /kungfu/condition/0, removed from clone/user/user#263 ("梦蝶")
Error: *call_other() couldn't find object

Failed to load condition daemon /kungfu/condition/questbusytime, removed from clone/user/user#94887 ("石之轩")
Error: *call_other() couldn't find object

Failed to load condition daemon /kungfu/condition/questbusytime, removed from clone/user/user#94887 ("石之轩")
Error: *call_other() couldn't find object

Failed to load condition daemon /kungfu/condition/questbusytime, removed from clone/user/user#94887 ("石之轩")
Error: *call_other() couldn't find object

Failed to load condition daemon /kungfu/condition/questbusytime, removed from clone/user/user#94887 ("石之轩")
Error: *call_other() couldn't find object

Failed to load condition daemon /kungfu/condition/questbusytime, removed from clone/user/user#94887 ("石之轩")
Error: *call_other() couldn't find object

Failed to load condition daemon /kungfu/condition/questbusytime, removed from clone/user/user#94887 ("石之轩")
Error: *call_other() couldn't find object

Failed to load condition daemon /kungfu/condition/questbusytime, removed from clone/user/user#94887 ("石之轩")
Error: *call_other() couldn't find object

Failed to load condition daemon /kungfu/condition/questbusytime, removed from clone/user/user#94887 ("石之轩")
Error: *call_other() couldn't find object

Failed to load condition daemon /kungfu/condition/questbusytime, removed from clone/user/user#94887 ("石之轩")
Error: *call_other() couldn't find object

Failed to load condition daemon /kungfu/condition/questbusytime, removed from clone/user/user#94887 ("石之轩")
Error: *call_other() couldn't find object

Failed to load condition daemon /kungfu/condition/questbusytime, removed from clone/user/user#94887 ("石之轩")
Error: *call_other() couldn't find object

Failed to load condition daemon /kungfu/condition/questbusytime, removed from clone/user/user#94887 ("石之轩")
Error: *call_other() couldn't find object

Failed to load condition daemon /kungfu/condition/questbusytime, removed from clone/user/user#94887 ("石之轩")
Error: *call_other() couldn't find object

Failed to load condition daemon /kungfu/condition/questbusytime, removed from clone/user/user#94887 ("石之轩")
Error: *call_other() couldn't find object

Failed to load condition daemon /kungfu/condition/questbusytime, removed from clone/user/user#94887 ("石之轩")
Error: *call_other() couldn't find object

Failed to load condition daemon /kungfu/condition/0, removed from clone/user/user#18148 ("剑灵")
Error: *call_other() couldn't find object

Failed to load condition daemon /kungfu/condition/0, removed from clone/user/user#91921 ("小猪")
Error: *call_other() couldn't find object

Failed to load condition daemon /kungfu/condition/0, removed from clone/user/user#624 ("小蛋")
Error: *call_other() couldn't find object

Failed to load condition daemon /kungfu/condition/0, removed from clone/user/user#20743 ("渡小")
Error: *call_other() couldn't find object

Failed to load condition daemon /kungfu/condition/questbusytime, removed from clone/user/user#94887 ("石之轩")
Error: *call_other() couldn't find object

Failed to load condition daemon /kungfu/condition/questbusytime, removed from clone/user/user#94887 ("石之轩")
Error: *call_other() couldn't find object

Failed to load condition daemon /kungfu/condition/questbusytime, removed from clone/user/user#94887 ("石之轩")
Error: *call_other() couldn't find object

Failed to load condition daemon /kungfu/condition/questbusytime, removed from clone/user/user#94887 ("石之轩")
Error: *call_other() couldn't find object

Failed to load condition daemon /kungfu/condition/questbusytime, removed from clone/user/user#94887 ("石之轩")
Error: *call_other() couldn't find object

Failed to load condition daemon /kungfu/condition/questbusytime, removed from clone/user/user#94887 ("石之轩")
Error: *call_other() couldn't find object

Failed to load condition daemon /kungfu/condition/questbusytime, removed from clone/user/user#94887 ("石之轩")
Error: *call_other() couldn't find object

Failed to load condition daemon /kungfu/condition/questbusytime, removed from clone/user/user#94887 ("石之轩")
Error: *call_other() couldn't find object

Failed to load condition daemon /kungfu/condition/questbusytime, removed from clone/user/user#94887 ("石之轩")
Error: *call_other() couldn't find object

Failed to load condition daemon /kungfu/condition/questbusytime, removed from clone/user/user#94887 ("石之轩")
Error: *call_other() couldn't find object

Failed to load condition daemon /kungfu/condition/questbusytime, removed from clone/user/user#94887 ("石之轩")
Error: *call_other() couldn't find object

Failed to load condition daemon /kungfu/condition/questbusytime, removed from clone/user/user#94887 ("石之轩")
Error: *call_other() couldn't find object

Failed to load condition daemon /kungfu/condition/questbusytime, removed from clone/user/user#94887 ("石之轩")
Error: *call_other() couldn't find object

Failed to load condition daemon /kungfu/condition/questbusytime, removed from clone/user/user#94887 ("石之轩")
Error: *call_other() couldn't find object

Failed to load condition daemon /kungfu/condition/0, removed from clone/user/user#544 ("静鸟")
Error: *call_other() couldn't find object

Failed to load condition daemon /kungfu/condition/0, removed from clone/user/user#1073 ("成十五")
Error: *call_other() couldn't find object

Failed to load condition daemon /kungfu/condition/0, removed from clone/user/user#125568 ("魔剑纵横")
Error: *call_other() couldn't find object

Failed to load condition daemon /kungfu/condition/questbusytime, removed from clone/user/user#94887 ("石之轩")
Error: *call_other() couldn't find object

Failed to load condition daemon /kungfu/condition/questbusytime, removed from clone/user/user#94887 ("石之轩")
Error: *call_other() couldn't find object

Failed to load condition daemon /kungfu/condition/questbusytime, removed from clone/user/user#94887 ("石之轩")
Error: *call_other() couldn't find object

Failed to load condition daemon /kungfu/condition/questbusytime, removed from clone/user/user#94887 ("石之轩")
Error: *call_other() couldn't find object

Failed to load condition daemon /kungfu/condition/questbusytime, removed from clone/user/user#94887 ("石之轩")
Error: *call_other() couldn't find object

Failed to load condition daemon /kungfu/condition/questbusytime, removed from clone/user/user#94887 ("石之轩")
Error: *call_other() couldn't find object

Failed to load condition daemon /kungfu/condition/questbusytime, removed from clone/user/user#94887 ("石之轩")
Error: *call_other() couldn't find object

Failed to load condition daemon /kungfu/condition/questbusytime, removed from clone/user/user#94887 ("石之轩")
Error: *call_other() couldn't find object

Failed to load condition daemon /kungfu/condition/questbusytime, removed from clone/user/user#94887 ("石之轩")
Error: *call_other() couldn't find object

Failed to load condition daemon /kungfu/condition/questbusytime, removed from clone/user/user#94887 ("石之轩")
Error: *call_other() couldn't find object

Failed to load condition daemon /kungfu/condition/questbusytime, removed from clone/user/user#94887 ("石之轩")
Error: *call_other() couldn't find object

Failed to load condition daemon /kungfu/condition/questbusytime, removed from clone/user/user#94887 ("石之轩")
Error: *call_other() couldn't find object

Failed to load condition daemon /kungfu/condition/questbusytime, removed from clone/user/user#94887 ("石之轩")
Error: *call_other() couldn't find object

Failed to load condition daemon /kungfu/condition/questbusytime, removed from clone/user/user#94887 ("石之轩")
Error: *call_other() couldn't find object

Failed to load condition daemon /kungfu/condition/questbusytime, removed from clone/user/user#94887 ("石之轩")
Error: *call_other() couldn't find object

Failed to load condition daemon /kungfu/condition/questbusytime, removed from clone/user/user#94887 ("石之轩")
Error: *call_other() couldn't find object

Failed to load condition daemon /kungfu/condition/0, removed from clone/user/user#125568 ("魔剑纵横")
Error: *call_other() couldn't find object

Failed to load condition daemon /kungfu/condition/0, removed from clone/user/user#1488 ("小蛋")
Error: *call_other() couldn't find object

Failed to load condition daemon /kungfu/condition/questbusytime, removed from clone/user/user#94887 ("石之轩")
Error: *call_other() couldn't find object

Failed to load condition daemon /kungfu/condition/questbusytime, removed from clone/user/user#94887 ("石之轩")
Error: *call_other() couldn't find object

Failed to load condition daemon /kungfu/condition/questbusytime, removed from clone/user/user#94887 ("石之轩")
Error: *call_other() couldn't find object

Failed to load condition daemon /kungfu/condition/questbusytime, removed from clone/user/user#94887 ("石之轩")
Error: *call_other() couldn't find object

Failed to load condition daemon /kungfu/condition/questbusytime, removed from clone/user/user#94887 ("石之轩")
Error: *call_other() couldn't find object

Failed to load condition daemon /kungfu/condition/questbusytime, removed from clone/user/user#94887 ("石之轩")
Error: *call_other() couldn't find object

Failed to load condition daemon /kungfu/condition/questbusytime, removed from clone/user/user#94887 ("石之轩")
Error: *call_other() couldn't find object

Failed to load condition daemon /kungfu/condition/questbusytime, removed from clone/user/user#94887 ("石之轩")
Error: *call_other() couldn't find object

Failed to load condition daemon /kungfu/condition/questbusytime, removed from clone/user/user#94887 ("石之轩")
Error: *call_other() couldn't find object

Failed to load condition daemon /kungfu/condition/questbusytime, removed from clone/user/user#94887 ("石之轩")
Error: *call_other() couldn't find object

Failed to load condition daemon /kungfu/condition/questbusytime, removed from clone/user/user#94887 ("石之轩")
Error: *call_other() couldn't find object

Failed to load condition daemon /kungfu/condition/0, removed from clone/user/user#1147 ("林")
Error: *call_other() couldn't find object

Failed to load condition daemon /kungfu/condition/0, removed from clone/user/user#101465 ("醉了不醒")
Error: *call_other() couldn't find object

Failed to load condition daemon /kungfu/condition/0, removed from clone/user/user#105435 ("太")
Error: *call_other() couldn't find object

Failed to load condition daemon /kungfu/condition/questbusytime, removed from clone/user/user#338921 ("苏樱")
Error: *call_other() couldn't find object

Failed to load condition daemon /kungfu/condition/questbusytime, removed from clone/user/user#338921 ("苏樱")
Error: *call_other() couldn't find object

Failed to load condition daemon /kungfu/condition/questbusytime, removed from clone/user/user#338921 ("苏樱")
Error: *call_other() couldn't find object

Failed to load condition daemon /kungfu/condition/questbusytime, removed from clone/user/user#338921 ("苏樱")
Error: *call_other() couldn't find object

Failed to load condition daemon /kungfu/condition/questbusytime, removed from clone/user/user#338921 ("苏樱")
Error: *call_other() couldn't find object

Failed to load condition daemon /kungfu/condition/questbusytime, removed from clone/user/user#338921 ("苏樱")
Error: *call_other() couldn't find object

Failed to load condition daemon /kungfu/condition/0, removed from clone/user/user#338921 ("苏樱")
Error: *call_other() couldn't find object

Failed to load condition daemon /kungfu/condition/0, removed from clone/user/user#125568 ("魔剑纵横")
Error: *call_other() couldn't find object

Failed to load condition daemon /kungfu/condition/0, removed from clone/user/user#127649 ("玄")
Error: *call_other() couldn't find object

Failed to load condition daemon /kungfu/condition/questbusytime, removed from clone/user/user#338921 ("苏樱")
Error: *call_other() couldn't find object

Failed to load condition daemon /kungfu/condition/0, removed from clone/user/user#463120 ("王重羊")
Error: *call_other() couldn't find object

Failed to load condition daemon /kungfu/condition/0, removed from clone/user/user#112040 ("风花雪月")
Error: *call_other() couldn't find object

Failed to load condition daemon /kungfu/condition/0, removed from clone/user/user#234336 ("小蛋")
Error: *call_other() couldn't find object

Failed to load condition daemon /kungfu/condition/0, removed from clone/user/user#125568 ("魔剑纵横")
Error: *call_other() couldn't find object

Failed to load condition daemon /kungfu/condition/0, removed from clone/user/user#125568 ("魔剑纵横")
Error: *call_other() couldn't find object

Failed to load condition daemon /kungfu/condition/0, removed from clone/user/user#537372 ("绝对不亮")
Error: *call_other() couldn't find object

Failed to load condition daemon /kungfu/condition/0, removed from clone/user/user#348232 ("渡小")
Error: *call_other() couldn't find object

Failed to load condition daemon /kungfu/condition/0, removed from clone/user/user#425250 ("小蛋")
Error: *call_other() couldn't find object

Failed to load condition daemon /kungfu/condition/0, removed from clone/user/user#127649 ("玄")
Error: *call_other() couldn't find object

Failed to load condition daemon /kungfu/condition/questbusytime, removed from clone/user/user#625086 ("石之轩")
Error: *call_other() couldn't find object

Failed to load condition daemon /kungfu/condition/questbusytime, removed from clone/user/user#625086 ("石之轩")
Error: *call_other() couldn't find object

Failed to load condition daemon /kungfu/condition/questbusytime, removed from clone/user/user#625086 ("石之轩")
Error: *call_other() couldn't find object

Failed to load condition daemon /kungfu/condition/questbusytime, removed from clone/user/user#625086 ("石之轩")
Error: *call_other() couldn't find object

Failed to load condition daemon /kungfu/condition/questbusytime, removed from clone/user/user#625086 ("石之轩")
Error: *call_other() couldn't find object

Failed to load condition daemon /kungfu/condition/questbusytime, removed from clone/user/user#625086 ("石之轩")
Error: *call_other() couldn't find object

Failed to load condition daemon /kungfu/condition/questbusytime, removed from clone/user/user#625086 ("石之轩")
Error: *call_other() couldn't find object

Failed to load condition daemon /kungfu/condition/questbusytime, removed from clone/user/user#625086 ("石之轩")
Error: *call_other() couldn't find object

Failed to load condition daemon /kungfu/condition/questbusytime, removed from clone/user/user#625086 ("石之轩")
Error: *call_other() couldn't find object

Failed to load condition daemon /kungfu/condition/questbusytime, removed from clone/user/user#625086 ("石之轩")
Error: *call_other() couldn't find object

Failed to load condition daemon /kungfu/condition/questbusytime, removed from clone/user/user#625086 ("石之轩")
Error: *call_other() couldn't find object

Failed to load condition daemon /kungfu/condition/questbusytime, removed from clone/user/user#625086 ("石之轩")
Error: *call_other() couldn't find object

Failed to load condition daemon /kungfu/condition/questbusytime, removed from clone/user/user#625086 ("石之轩")
Error: *call_other() couldn't find object

Failed to load condition daemon /kungfu/condition/questbusytime, removed from clone/user/user#625086 ("石之轩")
Error: *call_other() couldn't find object

Failed to load condition daemon /kungfu/condition/questbusytime, removed from clone/user/user#625086 ("石之轩")
Error: *call_other() couldn't find object

Failed to load condition daemon /kungfu/condition/questbusytime, removed from clone/user/user#625086 ("石之轩")
Error: *call_other() couldn't find object

Failed to load condition daemon /kungfu/condition/questbusytime, removed from clone/user/user#625086 ("石之轩")
Error: *call_other() couldn't find object

Failed to load condition daemon /kungfu/condition/questbusytime, removed from clone/user/user#625086 ("石之轩")
Error: *call_other() couldn't find object

Failed to load condition daemon /kungfu/condition/questbusytime, removed from clone/user/user#625086 ("石之轩")
Error: *call_other() couldn't find object

Failed to load condition daemon /kungfu/condition/questbusytime, removed from clone/user/user#625086 ("石之轩")
Error: *call_other() couldn't find object

Failed to load condition daemon /kungfu/condition/questbusytime, removed from clone/user/user#625086 ("石之轩")
Error: *call_other() couldn't find object

Failed to load condition daemon /kungfu/condition/questbusytime, removed from clone/user/user#625086 ("石之轩")
Error: *call_other() couldn't find object

Failed to load condition daemon /kungfu/condition/questbusytime, removed from clone/user/user#625086 ("石之轩")
Error: *call_other() couldn't find object

Failed to load condition daemon /kungfu/condition/questbusytime, removed from clone/user/user#625086 ("石之轩")
Error: *call_other() couldn't find object

Failed to load condition daemon /kungfu/condition/questbusytime, removed from clone/user/user#625086 ("石之轩")
Error: *call_other() couldn't find object

Failed to load condition daemon /kungfu/condition/questbusytime, removed from clone/user/user#587764 ("风羽")
Error: *call_other() couldn't find object

Failed to load condition daemon /kungfu/condition/questbusytime, removed from clone/user/user#625086 ("石之轩")
Error: *call_other() couldn't find object

Failed to load condition daemon /kungfu/condition/questbusytime, removed from clone/user/user#625086 ("石之轩")
Error: *call_other() couldn't find object

Failed to load condition daemon /kungfu/condition/questbusytime, removed from clone/user/user#625086 ("石之轩")
Error: *call_other() couldn't find object

Failed to load condition daemon /kungfu/condition/0, removed from clone/user/user#519269 ("逍遥天地")
Error: *call_other() couldn't find object

Failed to load condition daemon /kungfu/condition/0, removed from clone/user/user#575964 ("醉了不醒")
Error: *call_other() couldn't find object

Failed to load condition daemon /kungfu/condition/0, removed from clone/user/user#645234 ("王者归来")
Error: *call_other() couldn't find object

Failed to load condition daemon /kungfu/condition/0, removed from clone/user/user#112040 ("风花雪月")
Error: *call_other() couldn't find object

Failed to load condition daemon /kungfu/condition/questbusytime, removed from clone/user/user#625086 ("石之轩")
Error: *call_other() couldn't find object

Failed to load condition daemon /kungfu/condition/0, removed from clone/user/user#723853 ("剑灵")
Error: *call_other() couldn't find object

Failed to load condition daemon /kungfu/condition/0, removed from clone/user/user#1231 ("浩大的老虎")
Error: *call_other() couldn't find object

Failed to load condition daemon /kungfu/condition/0, removed from clone/user/user#348232 ("渡小")
Error: *call_other() couldn't find object

Failed to load condition daemon /kungfu/condition/0, removed from clone/user/user#890684 ("麻醉师")
Error: *call_other() couldn't find object

Failed to load condition daemon /kungfu/condition/0, removed from clone/user/user#723853 ("剑灵")
Error: *call_other() couldn't find object

Failed to load condition daemon /kungfu/condition/0, removed from clone/user/user#377028 ("静鸟")
Error: *call_other() couldn't find object

Failed to load condition daemon /kungfu/condition/0, removed from clone/user/user#624077 ("小猪")
Error: *call_other() couldn't find object

Failed to load condition daemon /kungfu/condition/questbusytime, removed from clone/user/user#1003783 ("风羽")
Error: *call_other() couldn't find object

Failed to load condition daemon /kungfu/condition/questbusytime, removed from clone/user/user#1003783 ("风羽")
Error: *call_other() couldn't find object

Failed to load condition daemon /kungfu/condition/0, removed from clone/user/user#736934 ("寥寥")
Error: *call_other() couldn't find object

Failed to load condition daemon /kungfu/condition/0, removed from clone/user/user#278 ("天")
Error: *call_other() couldn't find object

Failed to load condition daemon /kungfu/condition/0, removed from clone/user/user#670261 ("静音")
Error: *call_other() couldn't find object

Failed to load condition daemon /kungfu/condition/0, removed from clone/user/user#537372 ("绝对不亮")
Error: *call_other() couldn't find object

Failed to load condition daemon /kungfu/condition/0, removed from clone/user/user#732368 ("石之轩")
Error: *call_other() couldn't find object

Failed to load condition daemon /kungfu/condition/0, removed from clone/user/user#645234 ("王者归来")
Error: *call_other() couldn't find object

Failed to load condition daemon /kungfu/condition/questbusytime, removed from clone/user/user#1003783 ("风羽")
Error: *call_other() couldn't find object

Failed to load condition daemon /kungfu/condition/questbusytime, removed from clone/user/user#1003783 ("风羽")
Error: *call_other() couldn't find object

Failed to load condition daemon /kungfu/condition/questbusytime, removed from clone/user/user#1003783 ("风羽")
Error: *call_other() couldn't find object

Failed to load condition daemon /kungfu/condition/questbusytime, removed from clone/user/user#1003783 ("风羽")
Error: *call_other() couldn't find object

Failed to load condition daemon /kungfu/condition/questbusytime, removed from clone/user/user#1003783 ("风羽")
Error: *call_other() couldn't find object

Failed to load condition daemon /kungfu/condition/0, removed from clone/user/user#736000 ("芬太尼")
Error: *call_other() couldn't find object

Failed to load condition daemon /kungfu/condition/questbusytime, removed from clone/user/user#1003783 ("风羽")
Error: *call_other() couldn't find object

Failed to load condition daemon /kungfu/condition/0, removed from clone/user/user#645234 ("王者归来")
Error: *call_other() couldn't find object

Failed to load condition daemon /kungfu/condition/questbusytime, removed from clone/user/user#1003783 ("风羽")
Error: *call_other() couldn't find object

Failed to load condition daemon /kungfu/condition/questbusytime, removed from clone/user/user#1003783 ("风羽")
Error: *call_other() couldn't find object

Failed to load condition daemon /kungfu/condition/questbusytime, removed from clone/user/user#1003783 ("风羽")
Error: *call_other() couldn't find object

Failed to load condition daemon /kungfu/condition/questbusytime, removed from clone/user/user#1334935 ("王重羊")
Error: *call_other() couldn't find object

Failed to load condition daemon /kungfu/condition/questbusytime, removed from clone/user/user#1334935 ("王重羊")
Error: *call_other() couldn't find object

Failed to load condition daemon /kungfu/condition/questbusytime, removed from clone/user/user#1334935 ("王重羊")
Error: *call_other() couldn't find object

Failed to load condition daemon /kungfu/condition/questbusytime, removed from clone/user/user#1334935 ("王重羊")
Error: *call_other() couldn't find object

Failed to load condition daemon /kungfu/condition/questbusytime, removed from clone/user/user#1334935 ("王重羊")
Error: *call_other() couldn't find object

Failed to load condition daemon /kungfu/condition/questbusytime, removed from clone/user/user#1334935 ("王重羊")
Error: *call_other() couldn't find object

Failed to load condition daemon /kungfu/condition/questbusytime, removed from clone/user/user#1334935 ("王重羊")
Error: *call_other() couldn't find object

Failed to load condition daemon /kungfu/condition/questbusytime, removed from clone/user/user#1334935 ("王重羊")
Error: *call_other() couldn't find object

Failed to load condition daemon /kungfu/condition/questbusytime, removed from clone/user/user#1334935 ("王重羊")
Error: *call_other() couldn't find object

Failed to load condition daemon /kungfu/condition/0, removed from clone/user/user#645234 ("王者归来")
Error: *call_other() couldn't find object

Failed to load condition daemon /kungfu/condition/0, removed from clone/user/user#104 ("白")
Error: *call_other() couldn't find object

Failed to load condition daemon /kungfu/condition/questbusytime, removed from clone/user/user#1003783 ("风羽")
Error: *call_other() couldn't find object

Failed to load condition daemon /kungfu/condition/questbusytime, removed from clone/user/user#1003783 ("风羽")
Error: *call_other() couldn't find object

Failed to load condition daemon /kungfu/condition/0, removed from clone/user/user#645234 ("王者归来")
Error: *call_other() couldn't find object

Failed to load condition daemon /kungfu/condition/0, removed from clone/user/user#104 ("白")
Error: *call_other() couldn't find object

Failed to load condition daemon /kungfu/condition/questbusytime, removed from clone/user/user#1003783 ("风羽")
Error: *call_other() couldn't find object

Failed to load condition daemon /kungfu/condition/0, removed from clone/user/user#624077 ("小猪")
Error: *call_other() couldn't find object

Failed to load condition daemon /kungfu/condition/0, removed from clone/user/user#1459786 ("姚三")
Error: *call_other() couldn't find object

Failed to load condition daemon /kungfu/condition/0, removed from clone/user/user#795213 ("徐子陵")
Error: *call_other() couldn't find object

Failed to load condition daemon /kungfu/condition/0, removed from clone/user/user#1498632 ("文菁")
Error: *call_other() couldn't find object

Failed to load condition daemon /kungfu/condition/0, removed from clone/user/user#1362629 ("渡小")
Error: *call_other() couldn't find object

Failed to load condition daemon /kungfu/condition/0, removed from clone/user/user#1571724 ("麻醉师")
Error: *call_other() couldn't find object

Failed to load condition daemon /kungfu/condition/questbusytime, removed from clone/user/user#1003783 ("风羽")
Error: *call_other() couldn't find object

Failed to load condition daemon /kungfu/condition/questbusytime, removed from clone/user/user#1003783 ("风羽")
Error: *call_other() couldn't find object

Failed to load condition daemon /kungfu/condition/questbusytime, removed from clone/user/user#1003783 ("风羽")
Error: *call_other() couldn't find object

Failed to load condition daemon /kungfu/condition/0, removed from clone/user/user#645234 ("王者归来")
Error: *call_other() couldn't find object

Failed to load condition daemon /kungfu/condition/0, removed from clone/user/user#1579593 ("醉了不醒")
Error: *call_other() couldn't find object

Failed to load condition daemon /kungfu/condition/questbusytime, removed from clone/user/user#1003783 ("风羽")
Error: *call_other() couldn't find object

Failed to load condition daemon /kungfu/condition/questbusytime, removed from clone/user/user#1003783 ("风羽")
Error: *call_other() couldn't find object

Failed to load condition daemon /kungfu/condition/0, removed from clone/user/user#1685899 ("卷土重来")
Error: *call_other() couldn't find object

Failed to load condition daemon /kungfu/condition/0, removed from clone/user/user#624077 ("小猪")
Error: *call_other() couldn't find object

Failed to load condition daemon /kungfu/condition/0, removed from clone/user/user#1673776 ("清源")
Error: *call_other() couldn't find object

Failed to load condition daemon /kungfu/condition/questbusytime, removed from clone/user/user#1003783 ("风羽")
Error: *call_other() couldn't find object

Failed to load condition daemon /kungfu/condition/0, removed from clone/user/user#366607 ("古到乐")
Error: *call_other() couldn't find object

Failed to load condition daemon /kungfu/condition/0, removed from clone/user/user#1362629 ("渡小")
Error: *call_other() couldn't find object

Failed to load condition daemon /kungfu/condition/0, removed from clone/user/user#1789517 ("静鸟")
Error: *call_other() couldn't find object

Failed to load condition daemon /kungfu/condition/questbusytime, removed from clone/user/user#1003783 ("风羽")
Error: *call_other() couldn't find object

Failed to load condition daemon /kungfu/condition/questbusytime, removed from clone/user/user#1003783 ("风羽")
Error: *call_other() couldn't find object

Failed to load condition daemon /kungfu/condition/questbusytime, removed from clone/user/user#1003783 ("风羽")
Error: *call_other() couldn't find object

Failed to load condition daemon /kungfu/condition/questbusytime, removed from clone/user/user#1003783 ("风羽")
Error: *call_other() couldn't find object

Failed to load condition daemon /kungfu/condition/questbusytime, removed from clone/user/user#1003783 ("风羽")
Error: *call_other() couldn't find object

Failed to load condition daemon /kungfu/condition/questbusytime, removed from clone/user/user#1003783 ("风羽")
Error: *call_other() couldn't find object

Failed to load condition daemon /kungfu/condition/questbusytime, removed from clone/user/user#1003783 ("风羽")
Error: *call_other() couldn't find object

Failed to load condition daemon /kungfu/condition/questbusytime, removed from clone/user/user#1003783 ("风羽")
Error: *call_other() couldn't find object

Failed to load condition daemon /kungfu/condition/questbusytime, removed from clone/user/user#1003783 ("风羽")
Error: *call_other() couldn't find object

Failed to load condition daemon /kungfu/condition/questbusytime, removed from clone/user/user#1003783 ("风羽")
Error: *call_other() couldn't find object

Failed to load condition daemon /kungfu/condition/questbusytime, removed from clone/user/user#1003783 ("风羽")
Error: *call_other() couldn't find object

Failed to load condition daemon /kungfu/condition/questbusytime, removed from clone/user/user#1003783 ("风羽")
Error: *call_other() couldn't find object

Failed to load condition daemon /kungfu/condition/questbusytime, removed from clone/user/user#1003783 ("风羽")
Error: *call_other() couldn't find object

Failed to load condition daemon /kungfu/condition/questbusytime, removed from clone/user/user#1003783 ("风羽")
Error: *call_other() couldn't find object

Failed to load condition daemon /kungfu/condition/questbusytime, removed from clone/user/user#1003783 ("风羽")
Error: *call_other() couldn't find object

Failed to load condition daemon /kungfu/condition/questbusytime, removed from clone/user/user#1003783 ("风羽")
Error: *call_other() couldn't find object

Failed to load condition daemon /kungfu/condition/questbusytime, removed from clone/user/user#1003783 ("风羽")
Error: *call_other() couldn't find object

Failed to load condition daemon /kungfu/condition/questbusytime, removed from clone/user/user#1003783 ("风羽")
Error: *call_other() couldn't find object

Failed to load condition daemon /kungfu/condition/questbusytime, removed from clone/user/user#1003783 ("风羽")
Error: *call_other() couldn't find object

Failed to load condition daemon /kungfu/condition/questbusytime, removed from clone/user/user#1003783 ("风羽")
Error: *call_other() couldn't find object

Failed to load condition daemon /kungfu/condition/questbusytime, removed from clone/user/user#1003783 ("风羽")
Error: *call_other() couldn't find object

Failed to load condition daemon /kungfu/condition/questbusytime, removed from clone/user/user#1003783 ("风羽")
Error: *call_other() couldn't find object

Failed to load condition daemon /kungfu/condition/questbusytime, removed from clone/user/user#1003783 ("风羽")
Error: *call_other() couldn't find object

Failed to load condition daemon /kungfu/condition/0, removed from clone/user/user#1923981 ("慕容飞雪")
Error: *call_other() couldn't find object

Failed to load condition daemon /kungfu/condition/questbusytime, removed from clone/user/user#1003783 ("风羽")
Error: *call_other() couldn't find object

Failed to load condition daemon /kungfu/condition/questbusytime, removed from clone/user/user#1003783 ("风羽")
Error: *call_other() couldn't find object

Failed to load condition daemon /kungfu/condition/questbusytime, removed from clone/user/user#1003783 ("风羽")
Error: *call_other() couldn't find object

Failed to load condition daemon /kungfu/condition/questbusytime, removed from clone/user/user#1003783 ("风羽")
Error: *call_other() couldn't find object

Failed to load condition daemon /kungfu/condition/questbusytime, removed from clone/user/user#1003783 ("风羽")
Error: *call_other() couldn't find object

Failed to load condition daemon /kungfu/condition/questbusytime, removed from clone/user/user#1003783 ("风羽")
Error: *call_other() couldn't find object

Failed to load condition daemon /kungfu/condition/questbusytime, removed from clone/user/user#1003783 ("风羽")
Error: *call_other() couldn't find object

Failed to load condition daemon /kungfu/condition/questbusytime, removed from clone/user/user#1003783 ("风羽")
Error: *call_other() couldn't find object

Failed to load condition daemon /kungfu/condition/questbusytime, removed from clone/user/user#1003783 ("风羽")
Error: *call_other() couldn't find object

Failed to load condition daemon /kungfu/condition/questbusytime, removed from clone/user/user#1003783 ("风羽")
Error: *call_other() couldn't find object

Failed to load condition daemon /kungfu/condition/0, removed from clone/user/user#1362629 ("渡小")
Error: *call_other() couldn't find object

Failed to load condition daemon /kungfu/condition/0, removed from clone/user/user#1459045 ("成十五")
Error: *call_other() couldn't find object

Failed to load condition daemon /kungfu/condition/questbusytime, removed from clone/user/user#1003783 ("风羽")
Error: *call_other() couldn't find object

Failed to load condition daemon /kungfu/condition/questbusytime, removed from clone/user/user#1003783 ("风羽")
Error: *call_other() couldn't find object

Failed to load condition daemon /kungfu/condition/questbusytime, removed from clone/user/user#1003783 ("风羽")
Error: *call_other() couldn't find object

Failed to load condition daemon /kungfu/condition/questbusytime, removed from clone/user/user#1003783 ("风羽")
Error: *call_other() couldn't find object

Failed to load condition daemon /kungfu/condition/questbusytime, removed from clone/user/user#1003783 ("风羽")
Error: *call_other() couldn't find object

Failed to load condition daemon /kungfu/condition/questbusytime, removed from clone/user/user#1003783 ("风羽")
Error: *call_other() couldn't find object

Failed to load condition daemon /kungfu/condition/questbusytime, removed from clone/user/user#1003783 ("风羽")
Error: *call_other() couldn't find object

Failed to load condition daemon /kungfu/condition/questbusytime, removed from clone/user/user#1003783 ("风羽")
Error: *call_other() couldn't find object

Failed to load condition daemon /kungfu/condition/questbusytime, removed from clone/user/user#1003783 ("风羽")
Error: *call_other() couldn't find object

Failed to load condition daemon /kungfu/condition/0, removed from clone/user/user#1459786 ("姚三")
Error: *call_other() couldn't find object

Failed to load condition daemon /kungfu/condition/0, removed from clone/user/user#1362629 ("渡小")
Error: *call_other() couldn't find object

Failed to load condition daemon /kungfu/condition/0, removed from clone/user/user#732368 ("石之轩")
Error: *call_other() couldn't find object

Failed to load condition daemon /kungfu/condition/0, removed from clone/user/user#2074161 ("经")
Error: *call_other() couldn't find object

Failed to load condition daemon /kungfu/condition/0, removed from clone/user/user#2092218 ("剑灵")
Error: *call_other() couldn't find object

Failed to load condition daemon /kungfu/condition/questbusytime, removed from clone/user/user#1003783 ("风羽")
Error: *call_other() couldn't find object

Failed to load condition daemon /kungfu/condition/questbusytime, removed from clone/user/user#1003783 ("风羽")
Error: *call_other() couldn't find object

Failed to load condition daemon /kungfu/condition/questbusytime, removed from clone/user/user#1003783 ("风羽")
Error: *call_other() couldn't find object

Failed to load condition daemon /kungfu/condition/questbusytime, removed from clone/user/user#1003783 ("风羽")
Error: *call_other() couldn't find object

Failed to load condition daemon /kungfu/condition/questbusytime, removed from clone/user/user#1003783 ("风羽")
Error: *call_other() couldn't find object

Failed to load condition daemon /kungfu/condition/questbusytime, removed from clone/user/user#1003783 ("风羽")
Error: *call_other() couldn't find object

Failed to load condition daemon /kungfu/condition/questbusytime, removed from clone/user/user#2072373 ("天下无雪")
Error: *call_other() couldn't find object

Failed to load condition daemon /kungfu/condition/questbusytime, removed from clone/user/user#2072373 ("天下无雪")
Error: *call_other() couldn't find object

Failed to load condition daemon /kungfu/condition/questbusytime, removed from clone/user/user#2072373 ("天下无雪")
Error: *call_other() couldn't find object

Failed to load condition daemon /kungfu/condition/questbusytime, removed from clone/user/user#2072373 ("天下无雪")
Error: *call_other() couldn't find object

Failed to load condition daemon /kungfu/condition/questbusytime, removed from clone/user/user#2072373 ("天下无雪")
Error: *call_other() couldn't find object

Failed to load condition daemon /kungfu/condition/0, removed from clone/user/user#2084839 ("寥寥")
Error: *call_other() couldn't find object

Failed to load condition daemon /kungfu/condition/0, removed from clone/user/user#2092218 ("剑灵")
Error: *call_other() couldn't find object

Failed to load condition daemon /kungfu/condition/questbusytime, removed from clone/user/user#1003783 ("风羽")
Error: *call_other() couldn't find object

Failed to load condition daemon /kungfu/condition/questbusytime, removed from clone/user/user#1003783 ("风羽")
Error: *call_other() couldn't find object

Failed to load condition daemon /kungfu/condition/questbusytime, removed from clone/user/user#2072373 ("天下无雪")
Error: *call_other() couldn't find object

Failed to load condition daemon /kungfu/condition/questbusytime, removed from clone/user/user#1003783 ("风羽")
Error: *call_other() couldn't find object

Failed to load condition daemon /kungfu/condition/questbusytime, removed from clone/user/user#1003783 ("风羽")
Error: *call_other() couldn't find object

Failed to load condition daemon /kungfu/condition/questbusytime, removed from clone/user/user#1003783 ("风羽")
Error: *call_other() couldn't find object

Failed to load condition daemon /kungfu/condition/questbusytime, removed from clone/user/user#1003783 ("风羽")
Error: *call_other() couldn't find object

Failed to load condition daemon /kungfu/condition/questbusytime, removed from clone/user/user#1003783 ("风羽")
Error: *call_other() couldn't find object

Failed to load condition daemon /kungfu/condition/questbusytime, removed from clone/user/user#1003783 ("风羽")
Error: *call_other() couldn't find object

Failed to load condition daemon /kungfu/condition/questbusytime, removed from clone/user/user#1003783 ("风羽")
Error: *call_other() couldn't find object

Failed to load condition daemon /kungfu/condition/questbusytime, removed from clone/user/user#1003783 ("风羽")
Error: *call_other() couldn't find object

Failed to load condition daemon /kungfu/condition/questbusytime, removed from clone/user/user#1003783 ("风羽")
Error: *call_other() couldn't find object

Failed to load condition daemon /kungfu/condition/questbusytime, removed from clone/user/user#1003783 ("风羽")
Error: *call_other() couldn't find object

Failed to load condition daemon /kungfu/condition/questbusytime, removed from clone/user/user#1003783 ("风羽")
Error: *call_other() couldn't find object

Failed to load condition daemon /kungfu/condition/questbusytime, removed from clone/user/user#1003783 ("风羽")
Error: *call_other() couldn't find object

Failed to load condition daemon /kungfu/condition/0, removed from clone/user/user#624276 ("小猪")
Error: *call_other() couldn't find object

Failed to load condition daemon /kungfu/condition/0, removed from clone/user/user#1413834 ("酒袋")
Error: *call_other() couldn't find object

Failed to load condition daemon /kungfu/condition/0, removed from clone/user/user#1592158 ("王重羊")
Error: *call_other() couldn't find object

Failed to load condition daemon /kungfu/condition/0, removed from clone/user/user#104 ("白")
Error: *call_other() couldn't find object

Failed to load condition daemon /kungfu/condition/questbusytime, removed from clone/user/user#1003783 ("风羽")
Error: *call_other() couldn't find object

Failed to load condition daemon /kungfu/condition/questbusytime, removed from clone/user/user#1003783 ("风羽")
Error: *call_other() couldn't find object

Failed to load condition daemon /kungfu/condition/questbusytime, removed from clone/user/user#1003783 ("风羽")
Error: *call_other() couldn't find object

Failed to load condition daemon /kungfu/condition/questbusytime, removed from clone/user/user#1003783 ("风羽")
Error: *call_other() couldn't find object

Failed to load condition daemon /kungfu/condition/questbusytime, removed from clone/user/user#1003783 ("风羽")
Error: *call_other() couldn't find object

Failed to load condition daemon /kungfu/condition/questbusytime, removed from clone/user/user#1003783 ("风羽")
Error: *call_other() couldn't find object

Failed to load condition daemon /kungfu/condition/questbusytime, removed from clone/user/user#1003783 ("风羽")
Error: *call_other() couldn't find object

Failed to load condition daemon /kungfu/condition/0, removed from clone/user/user#645234 ("王者归来")
Error: *call_other() couldn't find object

Failed to load condition daemon /kungfu/condition/questbusytime, removed from clone/user/user#1003783 ("风羽")
Error: *call_other() couldn't find object

Failed to load condition daemon /kungfu/condition/questbusytime, removed from clone/user/user#1003783 ("风羽")
Error: *call_other() couldn't find object

Failed to load condition daemon /kungfu/condition/0, removed from clone/user/user#2078258 ("当当")
Error: *call_other() couldn't find object

Failed to load condition daemon /kungfu/condition/0, removed from clone/user/user#2279115 ("醉书生")
Error: *call_other() couldn't find object

Failed to load condition daemon /kungfu/condition/0, removed from clone/user/user#1728677 ("小金鱼")
Error: *call_other() couldn't find object

Failed to load condition daemon /kungfu/condition/0, removed from clone/user/user#537372 ("绝对不亮")
Error: *call_other() couldn't find object

Failed to load condition daemon /kungfu/condition/0, removed from clone/user/user#1832462 ("当当")
Error: *call_other() couldn't find object

Failed to load condition daemon /kungfu/condition/questbusytime, removed from clone/user/user#1003783 ("风羽")
Error: *call_other() couldn't find object

Failed to load condition daemon /kungfu/condition/questbusytime, removed from clone/user/user#2322576 ("风羽")
Error: *call_other() couldn't find object

Failed to load condition daemon /kungfu/condition/questbusytime, removed from clone/user/user#2322576 ("风羽")
Error: *call_other() couldn't find object

Failed to load condition daemon /kungfu/condition/questbusytime, removed from clone/user/user#2322576 ("风羽")
Error: *call_other() couldn't find object

Failed to load condition daemon /kungfu/condition/0, removed from clone/user/user#1789517 ("静鸟")
Error: *call_other() couldn't find object

Failed to load condition daemon /kungfu/condition/0, removed from clone/user/user#2372454 ("醉了不醒")
Error: *call_other() couldn't find object

Failed to load condition daemon /kungfu/condition/0, removed from clone/user/user#1592158 ("王重羊")
Error: *call_other() couldn't find object

Failed to load condition daemon /kungfu/condition/0, removed from clone/user/user#2205322 ("当当")
Error: *call_other() couldn't find object

Failed to load condition daemon /kungfu/condition/questbusytime, removed from clone/user/user#2322576 ("风羽")
Error: *call_other() couldn't find object

Failed to load condition daemon /kungfu/condition/questbusytime, removed from clone/user/user#2322576 ("风羽")
Error: *call_other() couldn't find object

Failed to load condition daemon /kungfu/condition/questbusytime, removed from clone/user/user#2322576 ("风羽")
Error: *call_other() couldn't find object

Failed to load condition daemon /kungfu/condition/questbusytime, removed from clone/user/user#2322576 ("风羽")
Error: *call_other() couldn't find object

Failed to load condition daemon /kungfu/condition/questbusytime, removed from clone/user/user#2322576 ("风羽")
Error: *call_other() couldn't find object

Failed to load condition daemon /kungfu/condition/questbusytime, removed from clone/user/user#2322576 ("风羽")
Error: *call_other() couldn't find object

Failed to load condition daemon /kungfu/condition/questbusytime, removed from clone/user/user#2322576 ("风羽")
Error: *call_other() couldn't find object

Failed to load condition daemon /kungfu/condition/questbusytime, removed from clone/user/user#2322576 ("风羽")
Error: *call_other() couldn't find object

Failed to load condition daemon /kungfu/condition/questbusytime, removed from clone/user/user#2322576 ("风羽")
Error: *call_other() couldn't find object

Failed to load condition daemon /kungfu/condition/0, removed from clone/user/user#537372 ("绝对不亮")
Error: *call_other() couldn't find object

Failed to load condition daemon /kungfu/condition/0, removed from clone/user/user#2419813 ("风花雪月")
Error: *call_other() couldn't find object

Failed to load condition daemon /kungfu/condition/0, removed from clone/user/user#1732125 ("后")
Error: *call_other() couldn't find object

Failed to load condition daemon /kungfu/condition/questbusytime, removed from clone/user/user#2322576 ("风羽")
Error: *call_other() couldn't find object

Failed to load condition daemon /kungfu/condition/questbusytime, removed from clone/user/user#2322576 ("风羽")
Error: *call_other() couldn't find object

Failed to load condition daemon /kungfu/condition/questbusytime, removed from clone/user/user#2322576 ("风羽")
Error: *call_other() couldn't find object

Failed to load condition daemon /kungfu/condition/questbusytime, removed from clone/user/user#2322576 ("风羽")
Error: *call_other() couldn't find object

Failed to load condition daemon /kungfu/condition/questbusytime, removed from clone/user/user#2322576 ("风羽")
Error: *call_other() couldn't find object

Failed to load condition daemon /kungfu/condition/questbusytime, removed from clone/user/user#2322576 ("风羽")
Error: *call_other() couldn't find object

Failed to load condition daemon /kungfu/condition/0, removed from clone/user/user#624276 ("小猪")
Error: *call_other() couldn't find object

Failed to load condition daemon /kungfu/condition/0, removed from clone/user/user#2513224 ("老鼠")
Error: *call_other() couldn't find object

Failed to load condition daemon /kungfu/condition/questbusytime, removed from clone/user/user#2322576 ("风羽")
Error: *call_other() couldn't find object

Failed to load condition daemon /kungfu/condition/questbusytime, removed from clone/user/user#2322576 ("风羽")
Error: *call_other() couldn't find object

Failed to load condition daemon /kungfu/condition/questbusytime, removed from clone/user/user#2322576 ("风羽")
Error: *call_other() couldn't find object

Failed to load condition daemon /kungfu/condition/questbusytime, removed from clone/user/user#2322576 ("风羽")
Error: *call_other() couldn't find object

Failed to load condition daemon /kungfu/condition/questbusytime, removed from clone/user/user#2322576 ("风羽")
Error: *call_other() couldn't find object

Failed to load condition daemon /kungfu/condition/questbusytime, removed from clone/user/user#2322576 ("风羽")
Error: *call_other() couldn't find object

Failed to load condition daemon /kungfu/condition/questbusytime, removed from clone/user/user#2322576 ("风羽")
Error: *call_other() couldn't find object

Failed to load condition daemon /kungfu/condition/questbusytime, removed from clone/user/user#2322576 ("风羽")
Error: *call_other() couldn't find object

Failed to load condition daemon /kungfu/condition/questbusytime, removed from clone/user/user#2322576 ("风羽")
Error: *call_other() couldn't find object

Failed to load condition daemon /kungfu/condition/questbusytime, removed from clone/user/user#2322576 ("风羽")
Error: *call_other() couldn't find object

Failed to load condition daemon /kungfu/condition/0, removed from clone/user/user#2372761 ("醉书生")
Error: *call_other() couldn't find object

Failed to load condition daemon /kungfu/condition/0, removed from clone/user/user#2457625 ("苏樱")
Error: *call_other() couldn't find object

Failed to load condition daemon /kungfu/condition/0, removed from clone/user/user#1458795 ("奚十八")
Error: *call_other() couldn't find object

Failed to load condition daemon /kungfu/condition/0, removed from clone/user/user#2322576 ("风羽")
Error: *call_other() couldn't find object

Failed to load condition daemon /kungfu/condition/questbusytime, removed from clone/user/user#2322576 ("风羽")
Error: *call_other() couldn't find object

Failed to load condition daemon /kungfu/condition/questbusytime, removed from clone/user/user#2322576 ("风羽")
Error: *call_other() couldn't find object

Failed to load condition daemon /kungfu/condition/questbusytime, removed from clone/user/user#2322576 ("风羽")
Error: *call_other() couldn't find object

Failed to load condition daemon /kungfu/condition/questbusytime, removed from clone/user/user#2322576 ("风羽")
Error: *call_other() couldn't find object

Failed to load condition daemon /kungfu/condition/questbusytime, removed from clone/user/user#2322576 ("风羽")
Error: *call_other() couldn't find object

Failed to load condition daemon /kungfu/condition/questbusytime, removed from clone/user/user#2322576 ("风羽")
Error: *call_other() couldn't find object

Failed to load condition daemon /kungfu/condition/questbusytime, removed from clone/user/user#2322576 ("风羽")
Error: *call_other() couldn't find object

Failed to load condition daemon /kungfu/condition/questbusytime, removed from clone/user/user#2322576 ("风羽")
Error: *call_other() couldn't find object

Failed to load condition daemon /kungfu/condition/questbusytime, removed from clone/user/user#2322576 ("风羽")
Error: *call_other() couldn't find object

Failed to load condition daemon /kungfu/condition/questbusytime, removed from clone/user/user#2322576 ("风羽")
Error: *call_other() couldn't find object

Failed to load condition daemon /kungfu/condition/questbusytime, removed from clone/user/user#2322576 ("风羽")
Error: *call_other() couldn't find object

Failed to load condition daemon /kungfu/condition/questbusytime, removed from clone/user/user#2322576 ("风羽")
Error: *call_other() couldn't find object

Failed to load condition daemon /kungfu/condition/questbusytime, removed from clone/user/user#2322576 ("风羽")
Error: *call_other() couldn't find object

Failed to load condition daemon /kungfu/condition/questbusytime, removed from clone/user/user#2322576 ("风羽")
Error: *call_other() couldn't find object

Failed to load condition daemon /kungfu/condition/questbusytime, removed from clone/user/user#2322576 ("风羽")
Error: *call_other() couldn't find object

Failed to load condition daemon /kungfu/condition/questbusytime, removed from clone/user/user#2322576 ("风羽")
Error: *call_other() couldn't find object

Failed to load condition daemon /kungfu/condition/questbusytime, removed from clone/user/user#2322576 ("风羽")
Error: *call_other() couldn't find object

Failed to load condition daemon /kungfu/condition/0, removed from clone/user/user#2322576 ("风羽")
Error: *call_other() couldn't find object

Failed to load condition daemon /kungfu/condition/0, removed from clone/user/user#624077 ("小猪")
Error: *call_other() couldn't find object

Failed to load condition daemon /kungfu/condition/0, removed from clone/user/user#2372761 ("醉书生")
Error: *call_other() couldn't find object

Failed to load condition daemon /kungfu/condition/questbusytime, removed from clone/user/user#2322576 ("风羽")
Error: *call_other() couldn't find object

Failed to load condition daemon /kungfu/condition/questbusytime, removed from clone/user/user#2322576 ("风羽")
Error: *call_other() couldn't find object

Failed to load condition daemon /kungfu/condition/questbusytime, removed from clone/user/user#2322576 ("风羽")
Error: *call_other() couldn't find object

Failed to load condition daemon /kungfu/condition/questbusytime, removed from clone/user/user#2322576 ("风羽")
Error: *call_other() couldn't find object

Failed to load condition daemon /kungfu/condition/questbusytime, removed from clone/user/user#2322576 ("风羽")
Error: *call_other() couldn't find object

Failed to load condition daemon /kungfu/condition/questbusytime, removed from clone/user/user#2322576 ("风羽")
Error: *call_other() couldn't find object

Failed to load condition daemon /kungfu/condition/questbusytime, removed from clone/user/user#2322576 ("风羽")
Error: *call_other() couldn't find object

Failed to load condition daemon /kungfu/condition/0, removed from clone/user/user#104 ("白")
Error: *call_other() couldn't find object

Failed to load condition daemon /kungfu/condition/0, removed from clone/user/user#2677608 ("成十五")
Error: *call_other() couldn't find object

Failed to load condition daemon /kungfu/condition/0, removed from clone/user/user#2408874 ("天天向上")
Error: *call_other() couldn't find object

Failed to load condition daemon /kungfu/condition/0, removed from clone/user/user#2733123 ("唐方")
Error: *call_other() couldn't find object

Failed to load condition daemon /kungfu/condition/0, removed from clone/user/user#2809628 ("苏樱")
Error: *call_other() couldn't find object

Failed to load condition daemon /kungfu/condition/0, removed from clone/user/user#1460794 ("浩大的老虎")
Error: *call_other() couldn't find object

Failed to load condition daemon /kungfu/condition/0, removed from clone/user/user#624077 ("小猪")
Error: *call_other() couldn't find object

Failed to load condition daemon /kungfu/condition/0, removed from clone/user/user#2845063 ("烤鸭")
Error: *call_other() couldn't find object

Failed to load condition daemon /kungfu/condition/0, removed from clone/user/user#2855045 ("渡小")
Error: *call_other() couldn't find object

Failed to load condition daemon /kungfu/condition/0, removed from clone/user/user#624276 ("小猪")
Error: *call_other() couldn't find object

Failed to load condition daemon /kungfu/condition/0, removed from clone/user/user#795213 ("徐子陵")
Error: *call_other() couldn't find object

Failed to load condition daemon /kungfu/condition/0, removed from clone/user/user#1954499 ("渡牛")
Error: *call_other() couldn't find object

Failed to load condition daemon /kungfu/condition/0, removed from clone/user/user#2990912 ("醉了不醒")
Error: *call_other() couldn't find object

Failed to load condition daemon /kungfu/condition/0, removed from clone/user/user#2677608 ("成十五")
Error: *call_other() couldn't find object

Failed to load condition daemon /kungfu/condition/0, removed from clone/user/user#1498632 ("文菁")
Error: *call_other() couldn't find object

Failed to load condition daemon /kungfu/condition/0, removed from clone/user/user#2372761 ("醉书生")
Error: *call_other() couldn't find object

Failed to load condition daemon /kungfu/condition/0, removed from clone/user/user#2905902 ("苏樱")
Error: *call_other() couldn't find object

Failed to load condition daemon /kungfu/condition/0, removed from clone/user/user#2372761 ("醉书生")
Error: *call_other() couldn't find object

Failed to load condition daemon /kungfu/condition/0, removed from clone/user/user#2855045 ("渡小")
Error: *call_other() couldn't find object

Failed to load condition daemon /kungfu/condition/0, removed from clone/user/user#2678023 ("姚三")
Error: *call_other() couldn't find object

Failed to load condition daemon /kungfu/condition/0, removed from clone/user/user#2677608 ("成十五")
Error: *call_other() couldn't find object

Failed to load condition daemon /kungfu/condition/0, removed from clone/user/user#3136018 ("芬太尼")
Error: *call_other() couldn't find object

Failed to load condition daemon /kungfu/condition/0, removed from clone/user/user#3364550 ("魔剑纵横")
Error: *call_other() couldn't find object

Failed to load condition daemon /kungfu/condition/0, removed from clone/user/user#1498632 ("文菁")
Error: *call_other() couldn't find object

Failed to load condition daemon /kungfu/condition/0, removed from clone/user/user#3500973 ("伤心")
Error: *call_other() couldn't find object

Failed to load condition daemon /kungfu/condition/0, removed from clone/user/user#3363980 ("天天向上")
Error: *call_other() couldn't find object

Failed to load condition daemon /kungfu/condition/0, removed from clone/user/user#3469761 ("魔剑纵横")
Error: *call_other() couldn't find object

Failed to load condition daemon /kungfu/condition/0, removed from clone/user/user#3432906 ("天")
Error: *call_other() couldn't find object

Failed to load condition daemon /kungfu/condition/0, removed from clone/user/user#3431012 ("经")
Error: *call_other() couldn't find object

Failed to load condition daemon /kungfu/condition/0, removed from clone/user/user#3481980 ("玄")
Error: *call_other() couldn't find object

Failed to load condition daemon /kungfu/condition/0, removed from clone/user/user#3276615 ("静鸟")
Error: *call_other() couldn't find object

Failed to load condition daemon /kungfu/condition/0, removed from clone/user/user#3427902 ("姚三")
Error: *call_other() couldn't find object

Failed to load condition daemon /kungfu/condition/0, removed from clone/user/user#386139 ("刑捕头")
Error: *call_other() couldn't find object

Failed to load condition daemon /kungfu/condition/0, removed from clone/user/user#3662635 ("静音")
Error: *call_other() couldn't find object

Failed to load condition daemon /kungfu/condition/0, removed from clone/user/user#3639941 ("生")
Error: *call_other() couldn't find object

Failed to load condition daemon /kungfu/condition/0, removed from clone/user/user#3624114 ("当当")
Error: *call_other() couldn't find object

Failed to load condition daemon /kungfu/condition/0, removed from clone/user/user#3547671 ("醉了不醒")
Error: *call_other() couldn't find object

Failed to load condition daemon /kungfu/condition/0, removed from clone/user/user#3599254 ("小金鱼")
Error: *call_other() couldn't find object

Failed to load condition daemon /kungfu/condition/0, removed from clone/user/user#3182801 ("小猪")
Error: *call_other() couldn't find object

Failed to load condition daemon /kungfu/condition/0, removed from clone/user/user#3562215 ("苍")
Error: *call_other() couldn't find object

Failed to load condition daemon /kungfu/condition/0, removed from clone/user/user#3800241 ("小金鱼")
Error: *call_other() couldn't find object

Failed to load condition daemon /kungfu/condition/0, removed from clone/user/user#3514786 ("寥寥")
Error: *call_other() couldn't find object

Failed to load condition daemon /kungfu/condition/0, removed from clone/user/user#3647391 ("王者归来")
Error: *call_other() couldn't find object

Failed to load condition daemon /kungfu/condition/0, removed from clone/user/user#3878313 ("天天向上")
Error: *call_other() couldn't find object

Failed to load condition daemon /kungfu/condition/0, removed from clone/user/user#3639941 ("生")
Error: *call_other() couldn't find object

Failed to load condition daemon /kungfu/condition/0, removed from clone/user/user#3901782 ("夏奇拉")
Error: *call_other() couldn't find object

Failed to load condition daemon /kungfu/condition/0, removed from clone/user/user#3185275 ("石之轩")
Error: *call_other() couldn't find object

Failed to load condition daemon /kungfu/condition/0, removed from clone/user/user#3185479 ("小猪")
Error: *call_other() couldn't find object

Failed to load condition daemon /kungfu/condition/0, removed from clone/user/user#3943831 ("当当")
Error: *call_other() couldn't find object

Failed to load condition daemon /kungfu/condition/0, removed from clone/user/user#3951571 ("醉书生")
Error: *call_other() couldn't find object

Failed to load condition daemon /kungfu/condition/0, removed from clone/user/user#3943566 ("玄")
Error: *call_other() couldn't find object

Failed to load condition daemon /kungfu/condition/0, removed from clone/user/user#3936924 ("当当")
Error: *call_other() couldn't find object

Failed to load condition daemon /kungfu/condition/0, removed from clone/user/user#3903373 ("闲愁")
Error: *call_other() couldn't find object

Failed to load condition daemon /kungfu/condition/0, removed from clone/user/user#3912080 ("文菁")
Error: *call_other() couldn't find object

Failed to load condition daemon /kungfu/condition/0, removed from clone/user/user#386139 ("刑捕头")
Error: *call_other() couldn't find object

Failed to load condition daemon /kungfu/condition/questbusytime, removed from clone/user/user#3958342 ("风羽")
Error: *call_other() couldn't find object

Failed to load condition daemon /kungfu/condition/questbusytime, removed from clone/user/user#3958342 ("风羽")
Error: *call_other() couldn't find object

Failed to load condition daemon /kungfu/condition/questbusytime, removed from clone/user/user#3958342 ("风羽")
Error: *call_other() couldn't find object

Failed to load condition daemon /kungfu/condition/0, removed from clone/user/user#3903373 ("闲愁")
Error: *call_other() couldn't find object

Failed to load condition daemon /kungfu/condition/0, removed from clone/user/user#4461 ("当当")
Error: *call_other() couldn't find object

Failed to load condition daemon /kungfu/condition/questbusytime, removed from clone/user/user#2434 ("风羽")
Error: *call_other() couldn't find object

Failed to load condition daemon /kungfu/condition/questbusytime, removed from clone/user/user#2434 ("风羽")
Error: *call_other() couldn't find object

Failed to load condition daemon /kungfu/condition/questbusytime, removed from clone/user/user#2434 ("风羽")
Error: *call_other() couldn't find object

Failed to load condition daemon /kungfu/condition/questbusytime, removed from clone/user/user#2434 ("风羽")
Error: *call_other() couldn't find object

Failed to load condition daemon /kungfu/condition/questbusytime, removed from clone/user/user#2434 ("风羽")
Error: *call_other() couldn't find object

Failed to load condition daemon /kungfu/condition/0, removed from clone/user/user#1629 ("王者归来")
Error: *call_other() couldn't find object

Failed to load condition daemon /kungfu/condition/0, removed from clone/user/user#267 ("小金鱼")
Error: *call_other() couldn't find object

Failed to load condition daemon /kungfu/condition/0, removed from clone/user/user#557 ("王重羊")
Error: *call_other() couldn't find object

Failed to load condition daemon /kungfu/condition/0, removed from clone/user/user#1531 ("尘风起")
Error: *call_other() couldn't find object

Failed to load condition daemon /kungfu/condition/0, removed from clone/user/user#2 ("芬太尼")
Error: *call_other() couldn't find object

Failed to load condition daemon /kungfu/condition/0, removed from clone/user/user#1814 ("▄︻┻┳→")
Error: *call_other() couldn't find object

Failed to load condition daemon /kungfu/condition/questbusytime, removed from clone/user/user#2434 ("风羽")
Error: *call_other() couldn't find object

Failed to load condition daemon /kungfu/condition/questbusytime, removed from clone/user/user#2434 ("风羽")
Error: *call_other() couldn't find object

Failed to load condition daemon /kungfu/condition/questbusytime, removed from clone/user/user#2434 ("风羽")
Error: *call_other() couldn't find object

Failed to load condition daemon /kungfu/condition/questbusytime, removed from clone/user/user#2434 ("风羽")
Error: *call_other() couldn't find object

Failed to load condition daemon /kungfu/condition/questbusytime, removed from clone/user/user#2434 ("风羽")
Error: *call_other() couldn't find object

Failed to load condition daemon /kungfu/condition/questbusytime, removed from clone/user/user#2434 ("风羽")
Error: *call_other() couldn't find object

Failed to load condition daemon /kungfu/condition/questbusytime, removed from clone/user/user#2434 ("风羽")
Error: *call_other() couldn't find object

Failed to load condition daemon /kungfu/condition/questbusytime, removed from clone/user/user#2434 ("风羽")
Error: *call_other() couldn't find object

Failed to load condition daemon /kungfu/condition/0, removed from clone/user/user#74610 ("当当")
Error: *call_other() couldn't find object

Failed to load condition daemon /kungfu/condition/0, removed from clone/user/user#1303 ("风花雪月")
Error: *call_other() couldn't find object

Failed to load condition daemon /kungfu/condition/0, removed from clone/user/user#26838 ("逍遥天地")
Error: *call_other() couldn't find object

Failed to load condition daemon /kungfu/condition/0, removed from clone/user/user#1629 ("王者归来")
Error: *call_other() couldn't find object

Failed to load condition daemon /kungfu/condition/0, removed from clone/user/user#221 ("小蛋")
Error: *call_other() couldn't find object

Failed to load condition daemon /kungfu/condition/0, removed from clone/user/user#289 ("天天向上")
Error: *call_other() couldn't find object

Failed to load condition daemon /kungfu/condition/questbusytime, removed from clone/user/user#2434 ("风羽")
Error: *call_other() couldn't find object

Failed to load condition daemon /kungfu/condition/questbusytime, removed from clone/user/user#2434 ("风羽")
Error: *call_other() couldn't find object

Failed to load condition daemon /kungfu/condition/questbusytime, removed from clone/user/user#2434 ("风羽")
Error: *call_other() couldn't find object

Failed to load condition daemon /kungfu/condition/questbusytime, removed from clone/user/user#2434 ("风羽")
Error: *call_other() couldn't find object

Failed to load condition daemon /kungfu/condition/questbusytime, removed from clone/user/user#2434 ("风羽")
Error: *call_other() couldn't find object

Failed to load condition daemon /kungfu/condition/questbusytime, removed from clone/user/user#2434 ("风羽")
Error: *call_other() couldn't find object

Failed to load condition daemon /kungfu/condition/0, removed from clone/user/user#4299 ("玄")
Error: *call_other() couldn't find object

Failed to load condition daemon /kungfu/condition/0, removed from clone/user/user#118714 ("清源")
Error: *call_other() couldn't find object

Failed to load condition daemon /kungfu/condition/0, removed from clone/user/user#55825 ("唐方")
Error: *call_other() couldn't find object

Failed to load condition daemon /kungfu/condition/0, removed from clone/user/user#113651 ("浩大的老虎")
Error: *call_other() couldn't find object

Failed to load condition daemon /kungfu/condition/questbusytime, removed from clone/user/user#2434 ("风羽")
Error: *call_other() couldn't find object

Failed to load condition daemon /kungfu/condition/questbusytime, removed from clone/user/user#2434 ("风羽")
Error: *call_other() couldn't find object

Failed to load condition daemon /kungfu/condition/questbusytime, removed from clone/user/user#2434 ("风羽")
Error: *call_other() couldn't find object

Failed to load condition daemon /kungfu/condition/questbusytime, removed from clone/user/user#2434 ("风羽")
Error: *call_other() couldn't find object

Failed to load condition daemon /kungfu/condition/questbusytime, removed from clone/user/user#2434 ("风羽")
Error: *call_other() couldn't find object

Failed to load condition daemon /kungfu/condition/questbusytime, removed from clone/user/user#2434 ("风羽")
Error: *call_other() couldn't find object

Failed to load condition daemon /kungfu/condition/questbusytime, removed from clone/user/user#2434 ("风羽")
Error: *call_other() couldn't find object

Failed to load condition daemon /kungfu/condition/0, removed from clone/user/user#110602 ("夏奇拉")
Error: *call_other() couldn't find object

Failed to load condition daemon /kungfu/condition/0, removed from clone/user/user#168914 ("清源")
Error: *call_other() couldn't find object

Failed to load condition daemon /kungfu/condition/questbusytime, removed from clone/user/user#2434 ("风羽")
Error: *call_other() couldn't find object

Failed to load condition daemon /kungfu/condition/questbusytime, removed from clone/user/user#2434 ("风羽")
Error: *call_other() couldn't find object

Failed to load condition daemon /kungfu/condition/questbusytime, removed from clone/user/user#2434 ("风羽")
Error: *call_other() couldn't find object

Failed to load condition daemon /kungfu/condition/questbusytime, removed from clone/user/user#2434 ("风羽")
Error: *call_other() couldn't find object

Failed to load condition daemon /kungfu/condition/questbusytime, removed from clone/user/user#2434 ("风羽")
Error: *call_other() couldn't find object

Failed to load condition daemon /kungfu/condition/0, removed from clone/user/user#2 ("芬太尼")
Error: *call_other() couldn't find object

Failed to load condition daemon /kungfu/condition/0, removed from clone/user/user#918 ("苏樱")
Error: *call_other() couldn't find object

Failed to load condition daemon /kungfu/condition/0, removed from clone/user/user#513 ("渡小")
Error: *call_other() couldn't find object

Failed to load condition daemon /kungfu/condition/questbusytime, removed from clone/user/user#2434 ("风羽")
Error: *call_other() couldn't find object

Failed to load condition daemon /kungfu/condition/questbusytime, removed from clone/user/user#2434 ("风羽")
Error: *call_other() couldn't find object

Failed to load condition daemon /kungfu/condition/questbusytime, removed from clone/user/user#2434 ("风羽")
Error: *call_other() couldn't find object

Failed to load condition daemon /kungfu/condition/questbusytime, removed from clone/user/user#2434 ("风羽")
Error: *call_other() couldn't find object

Failed to load condition daemon /kungfu/condition/0, removed from clone/user/user#128021 ("▄︻┻┳→")
Error: *call_other() couldn't find object

Failed to load condition daemon /kungfu/condition/0, removed from clone/user/user#2 ("芬太尼")
Error: *call_other() couldn't find object

Failed to load condition daemon /kungfu/condition/0, removed from clone/user/user#4823 ("徐子陵")
Error: *call_other() couldn't find object

Failed to load condition daemon /kungfu/condition/0, removed from clone/user/user#259870 ("唐方")
Error: *call_other() couldn't find object

Failed to load condition daemon /kungfu/condition/0, removed from clone/user/user#513 ("渡小")
Error: *call_other() couldn't find object

Failed to load condition daemon /kungfu/condition/questbusytime, removed from clone/user/user#2434 ("风羽")
Error: *call_other() couldn't find object

Failed to load condition daemon /kungfu/condition/questbusytime, removed from clone/user/user#2434 ("风羽")
Error: *call_other() couldn't find object

Failed to load condition daemon /kungfu/condition/questbusytime, removed from clone/user/user#2434 ("风羽")
Error: *call_other() couldn't find object

Failed to load condition daemon /kungfu/condition/questbusytime, removed from clone/user/user#2434 ("风羽")
Error: *call_other() couldn't find object

Failed to load condition daemon /kungfu/condition/questbusytime, removed from clone/user/user#2434 ("风羽")
Error: *call_other() couldn't find object

Failed to load condition daemon /kungfu/condition/questbusytime, removed from clone/user/user#2434 ("风羽")
Error: *call_other() couldn't find object

Failed to load condition daemon /kungfu/condition/questbusytime, removed from clone/user/user#2434 ("风羽")
Error: *call_other() couldn't find object

Failed to load condition daemon /kungfu/condition/questbusytime, removed from clone/user/user#2434 ("风羽")
Error: *call_other() couldn't find object

Failed to load condition daemon /kungfu/condition/0, removed from clone/user/user#4299 ("玄")
Error: *call_other() couldn't find object

Failed to load condition daemon /kungfu/condition/0, removed from clone/user/user#282239 ("唐方")
Error: *call_other() couldn't find object

Failed to load condition daemon /kungfu/condition/0, removed from clone/user/user#130082 ("好好学习")
Error: *call_other() couldn't find object

Failed to load condition daemon /kungfu/condition/0, removed from clone/user/user#4823 ("徐子陵")
Error: *call_other() couldn't find object

Failed to load condition daemon /kungfu/condition/questbusytime, removed from clone/user/user#2434 ("风羽")
Error: *call_other() couldn't find object

Failed to load condition daemon /kungfu/condition/questbusytime, removed from clone/user/user#2434 ("风羽")
Error: *call_other() couldn't find object

Failed to load condition daemon /kungfu/condition/questbusytime, removed from clone/user/user#2434 ("风羽")
Error: *call_other() couldn't find object

Failed to load condition daemon /kungfu/condition/questbusytime, removed from clone/user/user#2434 ("风羽")
Error: *call_other() couldn't find object

Failed to load condition daemon /kungfu/condition/0, removed from clone/user/user#1350 ("瑞")
Error: *call_other() couldn't find object

Failed to load condition daemon /kungfu/condition/questbusytime, removed from clone/user/user#2434 ("风羽")
Error: *call_other() couldn't find object

Failed to load condition daemon /kungfu/condition/questbusytime, removed from clone/user/user#2434 ("风羽")
Error: *call_other() couldn't find object

Failed to load condition daemon /kungfu/condition/questbusytime, removed from clone/user/user#2434 ("风羽")
Error: *call_other() couldn't find object

Failed to load condition daemon /kungfu/condition/questbusytime, removed from clone/user/user#2434 ("风羽")
Error: *call_other() couldn't find object

Failed to load condition daemon /kungfu/condition/questbusytime, removed from clone/user/user#2434 ("风羽")
Error: *call_other() couldn't find object

Failed to load condition daemon /kungfu/condition/questbusytime, removed from clone/user/user#2434 ("风羽")
Error: *call_other() couldn't find object

Failed to load condition daemon /kungfu/condition/questbusytime, removed from clone/user/user#2434 ("风羽")
Error: *call_other() couldn't find object

Failed to load condition daemon /kungfu/condition/questbusytime, removed from clone/user/user#2434 ("风羽")
Error: *call_other() couldn't find object

Failed to load condition daemon /kungfu/condition/questbusytime, removed from clone/user/user#2434 ("风羽")
Error: *call_other() couldn't find object

Failed to load condition daemon /kungfu/condition/questbusytime, removed from clone/user/user#2434 ("风羽")
Error: *call_other() couldn't find object

Failed to load condition daemon /kungfu/condition/questbusytime, removed from clone/user/user#2434 ("风羽")
Error: *call_other() couldn't find object

Failed to load condition daemon /kungfu/condition/questbusytime, removed from clone/user/user#2434 ("风羽")
Error: *call_other() couldn't find object

Failed to load condition daemon /kungfu/condition/questbusytime, removed from clone/user/user#2434 ("风羽")
Error: *call_other() couldn't find object

Failed to load condition daemon /kungfu/condition/questbusytime, removed from clone/user/user#2434 ("风羽")
Error: *call_other() couldn't find object

Failed to load condition daemon /kungfu/condition/questbusytime, removed from clone/user/user#2434 ("风羽")
Error: *call_other() couldn't find object

Failed to load condition daemon /kungfu/condition/0, removed from clone/user/user#1363 ("绝对不亮")
Error: *call_other() couldn't find object

Failed to load condition daemon /kungfu/condition/0, removed from clone/user/user#113885 ("炎黄")
Error: *call_other() couldn't find object

Failed to load condition daemon /kungfu/condition/0, removed from clone/user/user#410488 ("首")
Error: *call_other() couldn't find object

Failed to load condition daemon /kungfu/condition/0, removed from clone/user/user#289 ("天天向上")
Error: *call_other() couldn't find object

Failed to load condition daemon /kungfu/condition/0, removed from clone/user/user#577369 ("唐方")
Error: *call_other() couldn't find object

Failed to load condition daemon /kungfu/condition/0, removed from clone/user/user#483770 ("文菁")
Error: *call_other() couldn't find object

Failed to load condition daemon /kungfu/condition/0, removed from clone/user/user#1363 ("绝对不亮")
Error: *call_other() couldn't find object

Failed to load condition daemon /kungfu/condition/0, removed from clone/user/user#348 ("林凯霞")
Error: *call_other() couldn't find object

Failed to load condition daemon /kungfu/condition/0, removed from clone/user/user#28138 ("魔鹰天下")
Error: *call_other() couldn't find object

Failed to load condition daemon /kungfu/condition/0, removed from clone/user/user#557 ("王重羊")
Error: *call_other() couldn't find object

Failed to load condition daemon /kungfu/condition/0, removed from clone/user/user#672187 ("渡小")
Error: *call_other() couldn't find object

Failed to load condition daemon /kungfu/condition/0, removed from clone/user/user#963457 ("魔魔")
Error: *call_other() couldn't find object

Failed to load condition daemon /kungfu/condition/0, removed from clone/user/user#959515 ("静音")
Error: *call_other() couldn't find object

Failed to load condition daemon /kungfu/condition/0, removed from clone/user/user#1363 ("绝对不亮")
Error: *call_other() couldn't find object

Failed to load condition daemon /kungfu/condition/0, removed from clone/user/user#645610 ("天天向上")
Error: *call_other() couldn't find object

Failed to load condition daemon /kungfu/condition/0, removed from clone/user/user#2156 ("刑捕头")
Error: *call_other() couldn't find object

Failed to load condition daemon /kungfu/condition/0, removed from clone/user/user#864562 ("静燕")
Error: *call_other() couldn't find object

Failed to load condition daemon /kungfu/condition/0, removed from clone/user/user#177620 ("太")
Error: *call_other() couldn't find object

Failed to load condition daemon /kungfu/condition/0, removed from clone/user/user#896568 ("好好学习")
Error: *call_other() couldn't find object

Failed to load condition daemon /kungfu/condition/0, removed from clone/user/user#348 ("天使")
Error: *call_other() couldn't find object

Failed to load condition daemon /kungfu/condition/0, removed from clone/user/user#889543 ("静法")
Error: *call_other() couldn't find object

Failed to load condition daemon /kungfu/condition/0, removed from clone/user/user#655 ("静鸟")
Error: *call_other() couldn't find object

Failed to load condition daemon /kungfu/condition/0, removed from clone/user/user#926993 ("卷土重来")
Error: *call_other() couldn't find object

Failed to load condition daemon /kungfu/condition/0, removed from clone/user/user#483770 ("文菁")
Error: *call_other() couldn't find object

Failed to load condition daemon /kungfu/condition/0, removed from clone/user/user#963457 ("魔魔")
Error: *call_other() couldn't find object

Failed to load condition daemon /kungfu/condition/0, removed from clone/user/user#1026983 ("夏奇拉")
Error: *call_other() couldn't find object

Failed to load condition daemon /kungfu/condition/0, removed from clone/user/user#529678 ("王者归来")
Error: *call_other() couldn't find object

Failed to load condition daemon /kungfu/condition/0, removed from clone/user/user#529678 ("王者归来")
Error: *call_other() couldn't find object

Failed to load condition daemon /kungfu/condition/0, removed from clone/user/user#1100405 ("紫月")
Error: *call_other() couldn't find object

Failed to load condition daemon /kungfu/condition/0, removed from clone/user/user#1211578 ("夏奇拉")
Error: *call_other() couldn't find object

Failed to load condition daemon /kungfu/condition/0, removed from clone/user/user#1202739 ("逍遥天地")
Error: *call_other() couldn't find object

Failed to load condition daemon /kungfu/condition/0, removed from clone/user/user#926993 ("卷土重来")
Error: *call_other() couldn't find object

Failed to load condition daemon /kungfu/condition/0, removed from clone/user/user#113885 ("炎黄")
Error: *call_other() couldn't find object

Failed to load condition daemon /kungfu/condition/0, removed from clone/user/user#1072113 ("首")
Error: *call_other() couldn't find object

Failed to load condition daemon /kungfu/condition/0, removed from clone/user/user#858462 ("海风")
Error: *call_other() couldn't find object

Failed to load condition daemon /kungfu/condition/0, removed from clone/user/user#1100326 ("魔剑纵横")
Error: *call_other() couldn't find object

Failed to load condition daemon /kungfu/condition/0, removed from clone/user/user#1072113 ("首")
Error: *call_other() couldn't find object

Failed to load condition daemon /kungfu/condition/0, removed from clone/user/user#1056508 ("唐方")
Error: *call_other() couldn't find object

Failed to load condition daemon /kungfu/condition/0, removed from clone/user/user#1283760 ("奚十八")
Error: *call_other() couldn't find object

Failed to load condition daemon /kungfu/condition/0, removed from clone/user/user#912044 ("壤驷十三")
Error: *call_other() couldn't find object

Failed to load condition daemon /kungfu/condition/0, removed from clone/user/user#773249 ("小猪")
Error: *call_other() couldn't find object

Failed to load condition daemon /kungfu/condition/0, removed from clone/user/user#1437435 ("渡小")
Error: *call_other() couldn't find object

Failed to load condition daemon /kungfu/condition/0, removed from clone/user/user#1071635 ("降")
Error: *call_other() couldn't find object

Failed to load condition daemon /kungfu/condition/0, removed from clone/user/user#1602345 ("静音")
Error: *call_other() couldn't find object

Failed to load condition daemon /kungfu/condition/0, removed from clone/user/user#1581670 ("天天向上")
Error: *call_other() couldn't find object

Failed to load condition daemon /kungfu/condition/0, removed from clone/user/user#681105 ("醉书生")
Error: *call_other() couldn't find object

Failed to load condition daemon /kungfu/condition/0, removed from clone/user/user#529678 ("王者归来")
Error: *call_other() couldn't find object

Failed to load condition daemon /kungfu/condition/0, removed from clone/user/user#912044 ("壤驷十三")
Error: *call_other() couldn't find object

Failed to load condition daemon /kungfu/condition/0, removed from clone/user/user#1283760 ("奚十八")
Error: *call_other() couldn't find object

Failed to load condition daemon /kungfu/condition/questbusytime, removed from clone/user/user#1665125 ("风羽")
Error: *call_other() couldn't find object

Failed to load condition daemon /kungfu/condition/questbusytime, removed from clone/user/user#1665125 ("风羽")
Error: *call_other() couldn't find object

Failed to load condition daemon /kungfu/condition/0, removed from clone/user/user#1656098 ("西风古道")
Error: *call_other() couldn't find object

Failed to load condition daemon /kungfu/condition/0, removed from clone/user/user#1681099 ("好好学习")
Error: *call_other() couldn't find object

Failed to load condition daemon /kungfu/condition/0, removed from clone/user/user#1072239 ("小金鱼")
Error: *call_other() couldn't find object

Failed to load condition daemon /kungfu/condition/questbusytime, removed from clone/user/user#1665125 ("风羽")
Error: *call_other() couldn't find object

Failed to load condition daemon /kungfu/condition/questbusytime, removed from clone/user/user#1665125 ("风羽")
Error: *call_other() couldn't find object

Failed to load condition daemon /kungfu/condition/questbusytime, removed from clone/user/user#1665125 ("风羽")
Error: *call_other() couldn't find object

Failed to load condition daemon /kungfu/condition/questbusytime, removed from clone/user/user#1665125 ("风羽")
Error: *call_other() couldn't find object

Failed to load condition daemon /kungfu/condition/questbusytime, removed from clone/user/user#1665125 ("风羽")
Error: *call_other() couldn't find object

Failed to load condition daemon /kungfu/condition/questbusytime, removed from clone/user/user#1665125 ("风羽")
Error: *call_other() couldn't find object

Failed to load condition daemon /kungfu/condition/questbusytime, removed from clone/user/user#1665125 ("风羽")
Error: *call_other() couldn't find object

Failed to load condition daemon /kungfu/condition/questbusytime, removed from clone/user/user#1665125 ("风羽")
Error: *call_other() couldn't find object

Failed to load condition daemon /kungfu/condition/questbusytime, removed from clone/user/user#1665125 ("风羽")
Error: *call_other() couldn't find object

Failed to load condition daemon /kungfu/condition/questbusytime, removed from clone/user/user#1665125 ("风羽")
Error: *call_other() couldn't find object

Failed to load condition daemon /kungfu/condition/questbusytime, removed from clone/user/user#1665125 ("风羽")
Error: *call_other() couldn't find object

Failed to load condition daemon /kungfu/condition/questbusytime, removed from clone/user/user#1665125 ("风羽")
Error: *call_other() couldn't find object

Failed to load condition daemon /kungfu/condition/questbusytime, removed from clone/user/user#1665125 ("风羽")
Error: *call_other() couldn't find object

Failed to load condition daemon /kungfu/condition/0, removed from clone/user/user#1725433 ("无名")
Error: *call_other() couldn't find object

Failed to load condition daemon /kungfu/condition/0, removed from clone/user/user#1693569 ("清源")
Error: *call_other() couldn't find object

Failed to load condition daemon /kungfu/condition/0, removed from clone/user/user#529678 ("王者归来")
Error: *call_other() couldn't find object

Failed to load condition daemon /kungfu/condition/0, removed from clone/user/user#1704183 ("经")
Error: *call_other() couldn't find object

Failed to load condition daemon /kungfu/condition/questbusytime, removed from clone/user/user#1665125 ("风羽")
Error: *call_other() couldn't find object

Failed to load condition daemon /kungfu/condition/questbusytime, removed from clone/user/user#1665125 ("风羽")
Error: *call_other() couldn't find object

Failed to load condition daemon /kungfu/condition/questbusytime, removed from clone/user/user#1665125 ("风羽")
Error: *call_other() couldn't find object

Failed to load condition daemon /kungfu/condition/0, removed from clone/user/user#1016 ("好好学习")
Error: *call_other() couldn't find object

Failed to load condition daemon /kungfu/condition/questbusytime, removed from clone/user/user#1773 ("风羽")
Error: *call_other() couldn't find object

Failed to load condition daemon /kungfu/condition/questbusytime, removed from clone/user/user#1773 ("风羽")
Error: *call_other() couldn't find object

Failed to load condition daemon /kungfu/condition/0, removed from clone/user/user#692 ("王者归来")
Error: *call_other() couldn't find object

Failed to load condition daemon /kungfu/condition/0, removed from clone/user/user#404 ("芬太尼")
Error: *call_other() couldn't find object

Failed to load condition daemon /kungfu/condition/0, removed from clone/user/user#94 ("降")
Error: *call_other() couldn't find object

Failed to load condition daemon /kungfu/condition/0, removed from clone/user/user#350 ("夏奇拉")
Error: *call_other() couldn't find object

Failed to load condition daemon /kungfu/condition/questbusytime, removed from clone/user/user#351 ("风羽")
Error: *call_other() couldn't find object

Failed to load condition daemon /kungfu/condition/questbusytime, removed from clone/user/user#351 ("风羽")
Error: *call_other() couldn't find object

Failed to load condition daemon /kungfu/condition/0, removed from clone/user/user#10787 ("古到乐")
Error: *call_other() couldn't find object

Failed to load condition daemon /kungfu/condition/0, removed from clone/user/user#381 ("天天向上")
Error: *call_other() couldn't find object

Failed to load condition daemon /kungfu/condition/questbusytime, removed from clone/user/user#351 ("风羽")
Error: *call_other() couldn't find object

Failed to load condition daemon /kungfu/condition/questbusytime, removed from clone/user/user#351 ("风羽")
Error: *call_other() couldn't find object

Failed to load condition daemon /kungfu/condition/questbusytime, removed from clone/user/user#351 ("风羽")
Error: *call_other() couldn't find object

Failed to load condition daemon /kungfu/condition/0, removed from clone/user/user#669 ("渡小")
Error: *call_other() couldn't find object

Failed to load condition daemon /kungfu/condition/questbusytime, removed from clone/user/user#351 ("风羽")
Error: *call_other() couldn't find object

Failed to load condition daemon /kungfu/condition/questbusytime, removed from clone/user/user#351 ("风羽")
Error: *call_other() couldn't find object

Failed to load condition daemon /kungfu/condition/questbusytime, removed from clone/user/user#351 ("风羽")
Error: *call_other() couldn't find object

Failed to load condition daemon /kungfu/condition/questbusytime, removed from clone/user/user#351 ("风羽")
Error: *call_other() couldn't find object

Failed to load condition daemon /kungfu/condition/huang_mission, removed from clone/user/user#441 ("天下无雪")
Error: *call_other() couldn't find object

Failed to load condition daemon /kungfu/condition/questbusytime, removed from clone/user/user#351 ("风羽")
Error: *call_other() couldn't find object

Failed to load condition daemon /kungfu/condition/0, removed from clone/user/user#339 ("寥寥")
Error: *call_other() couldn't find object

Failed to load condition daemon /kungfu/condition/0, removed from clone/user/user#406 ("好好学习")
Error: *call_other() couldn't find object

Failed to load condition daemon /kungfu/condition/0, removed from clone/user/user#3127 ("龙象")
Error: *call_other() couldn't find object

Failed to load condition daemon /kungfu/condition/questbusytime, removed from clone/user/user#135007 ("风羽")
Error: *call_other() couldn't find object

Failed to load condition daemon /kungfu/condition/questbusytime, removed from clone/user/user#135007 ("风羽")
Error: *call_other() couldn't find object

Failed to load condition daemon /kungfu/condition/questbusytime, removed from clone/user/user#163069 ("石之轩")
Error: *call_other() couldn't find object

Failed to load condition daemon /kungfu/condition/questbusytime, removed from clone/user/user#163069 ("石之轩")
Error: *call_other() couldn't find object

Failed to load condition daemon /kungfu/condition/questbusytime, removed from clone/user/user#135007 ("风羽")
Error: *call_other() couldn't find object

Failed to load condition daemon /kungfu/condition/questbusytime, removed from clone/user/user#135007 ("风羽")
Error: *call_other() couldn't find object

Failed to load condition daemon /kungfu/condition/questbusytime, removed from clone/user/user#135007 ("风羽")
Error: *call_other() couldn't find object

Failed to load condition daemon /kungfu/condition/questbusytime, removed from clone/user/user#135007 ("风羽")
Error: *call_other() couldn't find object

Failed to load condition daemon /kungfu/condition/questbusytime, removed from clone/user/user#135007 ("风羽")
Error: *call_other() couldn't find object

Failed to load condition daemon /kungfu/condition/0, removed from clone/user/user#771 ("渡小")
Error: *call_other() couldn't find object

Failed to load condition daemon /kungfu/condition/0, removed from clone/user/user#549 ("后")
Error: *call_other() couldn't find object

Failed to load condition daemon /kungfu/condition/0, removed from clone/user/user#185 ("芬太尼")
Error: *call_other() couldn't find object

Failed to load condition daemon /kungfu/condition/questbusytime, removed from clone/user/user#42257 ("风羽")
Error: *call_other() couldn't find object

Failed to load condition daemon /kungfu/condition/questbusytime, removed from clone/user/user#42257 ("风羽")
Error: *call_other() couldn't find object

Failed to load condition daemon /kungfu/condition/questbusytime, removed from clone/user/user#42257 ("风羽")
Error: *call_other() couldn't find object

